"gene","baseMean","log2FoldChange","lfcSE","stat","pvalue","padj"
"LAMB1",3317.71477589226,6.06534518301289,0.163286470971902,37.1454239099612,5.19701269069833e-302,8.60209540564387e-298
"LTBP1",2275.17900267439,4.47420152085993,0.143092970606135,31.2677939517742,1.27933497189817e-214,1.05877762274292e-210
"FSTL1",5403.46740837396,3.72170413347642,0.12148133363739,30.6360164318359,4.05823212387398e-206,2.2390619371454e-202
"TPM1",16553.1437270175,3.10822706988483,0.116220970895164,26.7441155063879,1.44556956463047e-157,5.9817668584409e-154
"COL17A1",917.009014976229,5.33825499202187,0.209311202087873,25.503914452609,1.78369536637779e-143,5.90474514085703e-140
"HEG1",1466.72838460864,3.86366488642574,0.15313026446756,25.2312297628418,1.82029177363683e-140,5.02157823953946e-137
"PMEL",2243.83095402551,3.83804396767622,0.157059539316166,24.4368726941833,6.94003336067174e-132,1.64102045979769e-128
"FILIP1L",987.04159441961,6.90988919149147,0.286031375896487,24.1578014643824,6.18227453870723e-129,1.27911260205853e-125
"EXT1",2041.32348973039,3.24398486668291,0.13557852368374,23.9269817854784,1.60473038064202e-126,2.95127747337631e-123
"KHDC1L",1889.31196002447,-3.27791312664689,0.137949577812935,-23.7616756688584,8.32191687444398e-125,1.37744368105797e-121
"TINAGL1",1077.45712539936,4.26039532456941,0.180822714393772,23.5611733783162,9.64400135218437e-123,1.45115918528505e-119
"SPARC",17928.6907153228,2.71717321825825,0.115833945058367,23.4574866364874,1.1086758616719e-121,1.52923357186611e-118
"PROCR",17689.2343839543,-2.75511185066758,0.120429790481085,-22.8773282728604,7.81431220009129e-116,9.94942273353162e-113
"RFTN1",970.55750055469,4.03585694022939,0.177199505038223,22.7757799851576,7.97092962672052e-115,9.42391622724844e-112
"IL32",1391.88201124164,4.87925680050697,0.215507668213327,22.6407572452461,1.72062351956813e-113,1.89865069972611e-110
"ANXA1",861.799104509409,6.51727242210115,0.288508097761642,22.5895649815887,5.48854332080439e-113,5.67789806537214e-110
"PKDCC",1814.31920242048,3.60902703912203,0.161218633070757,22.3859176224256,5.39829062481139e-111,5.25602978952224e-108
"JUN",849.611015479301,3.97838553191232,0.17928494194879,22.1902937785411,4.26200282273888e-109,3.919148373443e-106
"MATN2",806.950981581007,6.18386543858666,0.278940773113955,22.1690983700701,6.8264084769017e-109,5.94687963735142e-106
"ZSCAN4",1453.16111448885,-3.2213028559346,0.145884798522894,-22.0811413426949,4.79816106781524e-108,3.97095809972389e-105
"L1CAM",2642.4133512211,2.84993406026825,0.129324103984792,22.0371452223894,1.26890041489195e-107,1.00013522225198e-104
"FHL1",988.775650642102,4.78125142346216,0.221165403418013,21.6184418971957,1.20476326550916e-103,9.06420071395799e-101
"PRSS23",6524.95488504321,2.8217841109789,0.13057101834249,21.6111059467831,1.41225251033595e-103,1.01633058917742e-100
"EPAS1",870.184275526488,4.41145971155238,0.208558058399081,21.1521901642896,2.63423368788919e-99,1.81674316674758e-96
"PIM1",4060.97893928416,-2.62003441770331,0.124434336198321,-21.055558278766,2.03373280861588e-98,1.3464938179284e-95
"TRIM49D2",1962.96693164051,-2.97262002768872,0.141378437876778,-21.0259787300775,3.79486525193654e-98,2.41586960192514e-95
"TAC3",617.354350871277,-4.56841973760219,0.217557663962326,-20.9986614785186,6.74594762757918e-98,4.13551574561817e-95
"SGK223",639.726060797804,4.54259321423062,0.219154847898684,20.7277788184301,1.94565017462324e-95,1.11329328950527e-92
"WFDC21P",676.195620324307,6.79133977579542,0.327646271322714,20.727657752303,1.95055010848556e-95,1.11329328950527e-92
"TRIM49D1",1899.676002864,-2.95081275173425,0.142550195815121,-20.7001662457291,3.45177700492027e-95,1.90446043284801e-92
"LIMA1",3158.90812391863,3.03311179722433,0.147756264618036,20.5278050650862,1.21542330054772e-93,6.48957628085997e-91
"FBN1",3056.30044584113,2.76078471881014,0.13520955399395,20.4185624259486,1.14380758288527e-92,5.91634472247404e-90
"MFGE8",11318.940073843,2.31703304958847,0.113535507242318,20.4080036797937,1.41965821854178e-92,7.12066146463744e-90
"CDK18",1287.97809203564,3.09599665817103,0.153076496978742,20.225160094962,5.87992740026618e-91,2.86248700968252e-88
"LHX6",902.058125170337,-3.35220794278869,0.166085097111262,-20.1836769288397,1.36226098320785e-90,6.4423267983018e-88
"GPNMB",599.379797951422,4.39551081131367,0.218306296159076,20.1346039424843,3.67237090331941e-90,1.68847453310397e-87
"KRT80",635.794321166218,4.1482418401829,0.207735545880554,19.9688590731992,1.02774204089745e-88,4.59761790836069e-86
"PPP1R3C",1131.27493988684,3.45533532123983,0.173445173535865,19.9217726893123,2.63495487280215e-88,1.14773086985845e-85
"PLA2G16",1020.8345564748,3.11609405965112,0.157224060938667,19.8194477425864,2.02316660054014e-87,8.58652655695908e-85
"AMOTL1",626.053089056095,3.93754575085151,0.199707248339834,19.7165890751804,1.55358917013421e-86,6.42875198601537e-84
"TRIM64B",2167.9703775205,-3.06043055611786,0.15567993807611,-19.6584774758945,4.8918891193695e-86,1.9748914318001e-83
"IL23A",696.676275104082,-4.51099352736435,0.233154623414868,-19.3476477596485,2.13359805511889e-83,8.40840833531617e-81
"RIN1",2047.3170222123,-2.5352536951631,0.131350135138357,-19.3014928571836,5.2179740986479e-83,2.00855598327488e-80
"CSRP2",864.424272819722,3.42824184463157,0.179746535611735,19.0726448939011,4.26193836209244e-81,1.60326372203077e-78
"LAMA5",4671.89764755168,2.50632621581591,0.131477106583271,19.0628336822162,5.14133848231294e-81,1.89109854576097e-78
"SCARA3",578.703456514308,3.99138478074732,0.209817688464,19.0231091094693,1.09776573095955e-80,3.95004747366141e-78
"GALNT10",2397.8103934736,2.57214844804321,0.135891717313712,18.9279265792579,6.71539974915261e-80,2.36496375846753e-77
"VASH1",2660.31584684816,2.47747656187358,0.130900163262426,18.9264589143925,6.90509296664529e-80,2.38110622466485e-77
"SH3BP5",1380.27100963497,2.88954578912209,0.153030003726255,18.8822173349156,1.5973712440839e-79,5.39585486368913e-77
"C1orf226",415.674170224977,4.84665735511754,0.257342005384393,18.8335260226097,4.01140486519963e-79,1.32793546657569e-76
"CACNG4",640.954914582249,3.95379505740109,0.210490435118456,18.78372789327,1.02616004879952e-78,3.33039237798619e-76
"TMEM59L",1165.72228488936,2.84170087631646,0.151774730931004,18.7231488330444,3.20624855402996e-78,1.02057357819815e-75
"PDLIM3",1598.99127326398,3.36544524482572,0.180994617598104,18.5941730725863,3.5819406236353e-77,1.11864681513984e-74
"RBPMS",1055.15112978503,2.78071442712736,0.150903802074153,18.4270667067815,7.96883066639698e-76,2.44259417018894e-73
"LYPD6B",635.834366542902,3.29325451745439,0.180074958831675,18.2882425120128,1.02672302596076e-74,3.08987627740046e-72
"TRIM64",1481.13342231742,-3.04332495528266,0.166502589652806,-18.2779436742014,1.2401431173315e-74,3.66550872822697e-72
"ZNF296",1677.40180432167,-2.59128634802961,0.14208924555747,-18.237033618294,2.62313233872722e-74,7.61720815273913e-72
"RGS2",1422.46683929153,-2.74761789503395,0.15118510947742,-18.1738658293218,8.31296423968271e-74,2.37234800164187e-71
"GBX2",1865.89875285,-2.77736995244885,0.153258822384964,-18.1220885638316,2.13340604946122e-73,5.9851079543529e-71
"PRAMEF15",616.711014918271,-3.48655634671353,0.192710179678297,-18.0922271596334,3.66953219397148e-73,1.01230161457693e-70
"GDPD5",567.791819514379,3.4860216302015,0.193566002813617,18.0094726322275,1.64185296051701e-72,4.45507380368484e-70
"RFPL4A",575.362563867344,-3.65595946367013,0.204913795588095,-17.8414510998523,3.36833949776681e-71,8.99237989790906e-69
"COL2A1",490.257716473468,6.44051334490915,0.364072755240826,17.6901821193648,4.99138439434471e-70,1.31138721420942e-67
"ADAM19",403.989651897374,6.21901685883933,0.351624001384976,17.6865539165241,5.32330376692289e-70,1.37673943672043e-67
"CPE",819.13547577499,3.25966821926599,0.186116675585106,17.5141115594203,1.11817991548893e-68,2.84740214787272e-66
"LBH",434.184591365431,5.44174936830936,0.310794184837309,17.509173703356,1.21951400718496e-68,3.05839331014022e-66
"LMCD1",653.143628436211,3.116700852444,0.178588152596622,17.451890324907,3.33026617765196e-68,8.2272486227605e-66
"UNC5B",2083.26101626637,2.35827012261582,0.135194531070723,17.4435319530948,3.85496777157597e-68,9.38344508163611e-66
"ABCG1",453.804138647601,3.64896870345223,0.209264655850572,17.4370998705955,4.3141771748267e-68,1.03490232750335e-65
"SLC7A8",2975.21637186697,2.34565357297344,0.134588479982367,17.4283383933064,5.02860355987507e-68,1.18904923032932e-65
"EBNA1BP2",9437.08450251725,-2.0001830759479,0.115119857974842,-17.3747875573735,1.28079737976102e-67,2.98588144081753e-65
"FARP1",770.247537973307,2.87649093209914,0.166335415277415,17.2933162026963,5.28240154748659e-67,1.21436542241664e-64
"SH3BP5-AS1",1273.37187677973,2.57136161950749,0.148761138782278,17.2851703109832,6.08413880588972e-67,1.37951596596009e-64
"TPD52L1",569.071247171245,3.51522975708799,0.204762786357454,17.1673272259123,4.6640770762808e-66,1.04324059144054e-63
"RFPL4AL1",518.969322688295,-3.67110174368716,0.214411954599878,-17.1217213636149,1.02207817515953e-65,2.25565839403207e-63
"TRIM53AP",823.978017428217,-2.83528990081068,0.165685455241811,-17.1124852007842,1.19778054586789e-65,2.60863994673754e-63
"ALYREF",7606.82779454669,-1.96373905850966,0.115447658121042,-17.0097782013972,6.95003872090137e-65,1.49398754426441e-62
"MBD3L2",2152.83050399437,-2.33192188895065,0.138032987896038,-16.8939463275763,4.98540365071354e-64,1.05792822085398e-61
"PODXL",532.892378696286,3.95189023317934,0.234628537712565,16.8431780366831,1.17739715614724e-63,2.46687059855052e-61
"SPHK1",1410.89141980563,2.3916634340767,0.142404210211303,16.7948927249265,2.65984937697932e-63,5.50322836097022e-61
"CDH1",458.723829820761,3.94942144432162,0.237083678428192,16.6583438830768,2.63212374638486e-62,5.37863114199533e-60
"S100A16",3237.56869763599,2.13750818744994,0.12835881513893,16.6526014215416,2.89729277950876e-62,5.84829147395476e-60
"NCOA7",704.690189832173,3.43853963047531,0.206875440053794,16.6213042475278,4.88580575027489e-62,9.74335623837951e-60
"ANKMY2",579.864350495011,3.26599049064986,0.196908233927997,16.5863581501835,8.74658221070021e-62,1.72349319942274e-59
"LGMN",2848.4720552813,2.20831838389858,0.133727424565565,16.5135789541498,2.92980931965458e-61,5.70520045399089e-59
"CCDC81",548.855158010828,3.05057563035075,0.184859918696837,16.5020933248033,3.54391122371874e-61,6.82079285755727e-59
"TMSB10",28860.4899548745,1.95620111128315,0.11855795077665,16.4999571810111,3.67152852315761e-61,6.98518851900054e-59
"RFPL4B",1066.31982923554,-2.86010600173176,0.173963606857295,-16.4408295125655,9.75741951691554e-61,1.83528190731802e-58
"TNNC1",1368.39994702539,2.8235515444513,0.171768306373705,16.4381404466333,1.02000968528189e-60,1.89698879896471e-58
"PXDN",1082.2434726499,2.50114141434619,0.152599262418547,16.390258869575,2.24486572827233e-60,4.12855750381818e-58
"MBD3L3",2037.41615029342,-2.26797846891898,0.138438935522366,-16.3825188366359,2.54962372754007e-60,4.63751339980695e-58
"MBD3L4",2112.58548843199,-2.23394587242647,0.136682712113279,-16.3440265260103,4.7977212951759e-60,8.6317263997556e-58
"HMGCS1",6440.61428740961,1.96644068054092,0.120828741490156,16.2746102979243,1.49468004768064e-59,2.66020904830214e-57
"MAP9",4401.12591168936,-1.98635877846336,0.122501031202117,-16.2150372039401,3.94838450455324e-59,6.95251705525162e-57
"MBD3L5",1839.16385905807,-2.30997634099201,0.142575451875592,-16.2017816573897,4.89869842960551e-59,8.53507962177162e-57
"RHOBTB3",1429.72698714718,2.44036205428567,0.152071736494405,16.0474399158022,5.9571048033583e-58,1.02710415317903e-55
"TIPARP",961.025639029184,2.5362641102261,0.158646431081496,15.9868967296417,1.5769315329815e-57,2.69086296225874e-55
"NRROS",1956.82031549905,-2.1544872777168,0.135199677961562,-15.9355947454944,3.58770914374329e-57,6.05956752522846e-55
"HSPB8",398.322004712364,7.03023324700823,0.441685703669215,15.9168231812938,4.8435274844667e-57,8.09798655786796e-55
"DTX3L",354.073689077689,3.75294276579016,0.236693998343687,15.855673536516,1.28443114510775e-56,2.12599043138235e-54
"CA12",1061.45899264917,2.5126540739879,0.15874622162475,15.8281189200673,1.99084478644178e-56,3.26262008962221e-54
"PTPRJ",523.273122559468,2.95974347755521,0.187972839888809,15.7455911146843,7.36397647485351e-56,1.19498567266446e-53
"GPX3",376.006547790452,4.02041419784637,0.256049764250606,15.701690683501,1.47264404025998e-55,2.36652467518284e-53
"LHFPL2",573.098936643153,2.8178525469214,0.180273231705137,15.6310092201065,4.47656332160876e-55,7.12462270185272e-53
"LMOD1",285.77571199375,5.58874420303635,0.359216324360512,15.5581576449389,1.40073130509345e-54,2.20808614875303e-52
"LYPD6",497.371238558903,2.96996792106569,0.190919059014108,15.5561625769706,1.44507215632646e-54,2.25649380485996e-52
"F2RL1",5422.96019527525,-1.92272976118181,0.123754250012045,-15.536676607023,1.95881473353915e-54,3.03012163266729e-52
"MRVI1",404.375094185923,3.23344681225937,0.210227308638379,15.3807173444881,2.20491196228092e-53,3.37923174071053e-51
"ERMP1",1331.75247968913,2.17968747138099,0.141923605946948,15.3581742574647,3.12244678205658e-53,4.74153570060555e-51
"COL11A1",28210.9838074284,1.66986355921589,0.109191181737398,15.2930257979246,8.51025294093658e-53,1.28056096980348e-50
"PRAMEF7",331.031143307098,-3.68312718288201,0.242344433406792,-15.1979029644127,3.65123406201453e-52,5.39600233879148e-50
"PRAMEF8",331.031143307098,-3.68312718288201,0.242344433406792,-15.1979029644127,3.65123406201453e-52,5.39600233879148e-50
"SEMA6A",350.696217410983,4.46719136296847,0.294891471548975,15.1485946321326,7.74041155217165e-52,1.13379904434996e-49
"COLEC12",1736.28479735259,7.5788597294341,0.500833022535751,15.1325080184646,9.88549439218976e-52,1.43530441385548e-49
"UNC13A",1769.5749822288,-2.25331358959728,0.149514017763851,-15.0709185887591,2.51590503641578e-51,3.62115305763078e-49
"CLSTN2",1130.83502560231,2.26829441137749,0.151763187025943,14.9462755482971,1.64706899877368e-50,2.3501970748019e-48
"TM4SF1",27933.7244680255,-1.75036450241349,0.117520004513086,-14.8941834172461,3.59550547998303e-50,5.0865646756136e-48
"HTR6",1034.33582288957,-2.57119953857862,0.172841215311053,-14.876078798401,4.71325976295035e-50,6.61134538952154e-48
"NEDD9",3282.89310382657,1.78816538933802,0.12052043168197,14.8370310691936,8.44098932812003e-50,1.17407777612641e-47
"KLK6",599.849129389737,8.521151892056,0.574761738107062,14.8255378308929,1.00174347351917e-49,1.38173816447411e-47
"SERPING1",2011.53799342423,2.11653482929239,0.144073868441822,14.6906226103526,7.40304474977419e-49,1.0126875760187e-46
"LGR4",468.403447826872,3.31321836098767,0.22632868631389,14.6389678433986,1.58455435354973e-48,2.14979866065206e-46
"GABARAPL1",2668.1610471574,2.0252293035938,0.138731969896975,14.5981442136068,2.88594605894905e-48,3.88359180225404e-46
"DHRS3",481.379568024677,2.77983943435255,0.190495213966053,14.5926996089672,3.12579510293525e-48,4.17243230191808e-46
"TRIM43B",2244.50704535351,-1.89873285864435,0.130244647484387,-14.5782026003945,3.8656076865234e-48,5.11868307418683e-46
"SORT1",1107.69364417263,2.18337728797432,0.149816327468642,14.5736938347479,4.12945284786042e-48,5.42465901093537e-46
"RGS1",611.579678160445,-2.53455266315593,0.174632799427549,-14.5136118270123,9.93485979361803e-48,1.29481731735406e-45
"NTN4",403.609645237378,2.98850172884268,0.206145152114089,14.4970749891257,1.26423430529896e-47,1.63481298603971e-45
"EMP1",38314.708522083,-1.61546702353571,0.111484285963021,-14.4905356802622,1.39054130475534e-47,1.78420462607058e-45
"LMO7",285.279736850562,4.11557911094457,0.284736895510057,14.4539719855139,2.36636511666712e-47,3.01292887777494e-45
"ARRB1",914.611812862747,2.34322587599754,0.162570786861435,14.4135728271695,4.25136461152501e-47,5.37164786640931e-45
"TMEM178A",764.236459537625,2.37160800536771,0.165728401234144,14.3102086770092,1.88945522395166e-46,2.36926233839757e-44
"RAB31",2468.09265286772,2.03014794823667,0.142200675119333,14.2766407158967,3.06000244246172e-46,3.80820755094935e-44
"LDLRAD2",1937.90845274428,1.9193817705244,0.134569450252122,14.2631315423252,3.71406771845292e-46,4.58770513998752e-44
"DKK3",928.227343426268,2.40906580493328,0.169354056321753,14.2250257080133,6.40807977883838e-46,7.85678048143206e-44
"DENND2A",459.247738352094,2.95214207423796,0.207627593842635,14.2184476523648,7.03972499080829e-46,8.50522102539116e-44
"RGL1",840.773105688616,2.26049706651899,0.158979422611104,14.2188028449986,7.00408825555065e-46,8.50522102539116e-44
"PRAMEF26",310.404205668357,-3.54697514979421,0.249803656277058,-14.1990521782445,9.28598602736499e-46,1.11378000525323e-43
"MEST",584.81350412584,3.17780819616083,0.224532634351026,14.1529903007006,1.78981662182376e-45,2.13129818161344e-43
"TMEM130",388.503277404015,3.14399869053343,0.222388511333737,14.1374150655438,2.23338502437362e-45,2.64049920881658e-43
"SYNPO",754.783960539621,2.36285245998399,0.167171158101853,14.1343308667179,2.33341363984479e-45,2.73919592671708e-43
"CPAMD8",850.288968136938,2.49260112749806,0.176806383828064,14.0979136246686,3.91164141567529e-45,4.54469142773738e-43
"TRIM49",1967.82449361707,-2.03538775481274,0.144377819120955,-14.0976485668312,3.9263585921124e-45,4.54469142773738e-43
"S100A14",215.80097764709,5.43241884757569,0.385923770171953,14.0764038586045,5.30410190734718e-45,6.09677047016739e-43
"PRAMEF12",539.050609836819,-2.81526076469098,0.200501817961887,-14.0410735089999,8.73789106192998e-45,9.97445330048724e-43
"IGFBP6",678.528152800873,2.44868201476343,0.174950405162442,13.9964352325439,1.63887393144891e-44,1.85798913105085e-42
"DUSP5",2224.42714686339,1.84527713757318,0.132206632105341,13.9575232209447,2.83102253678337e-44,3.18769285910465e-42
"ABCC4",1926.88571134066,1.86001844427399,0.133342605579736,13.9491682811143,3.18295531373675e-44,3.55974840222774e-42
"SEMA3B",1688.65170940184,1.86574674990785,0.134093251044776,13.913800548283,5.22287652775384e-44,5.80194981794507e-42
"PARP14",826.17972971354,2.2105505112361,0.159066005540101,13.8970643270401,6.59930366692629e-44,7.28211161966426e-42
"ANO9",785.227332436695,2.58862898637924,0.186342816404662,13.8917562604494,7.10710340506255e-44,7.78545358076308e-42
"PRAMEF5",298.315558091626,-3.70161261320691,0.266469272138516,-13.8913300715691,7.14952237962777e-44,7.78545358076308e-42
"SLC34A2",2007.0361060135,-2.46524669775909,0.177491458950224,-13.88938212768,7.34663223186825e-44,7.94780762757407e-42
"ABAT",637.451064196124,2.55402575759569,0.18461440490993,13.834379602403,1.58094537440708e-43,1.69920830111597e-41
"TRIM43",2017.82095922046,-1.91565419857013,0.138500681592038,-13.831370189302,1.64850230163967e-43,1.76038774817676e-41
"PKIG",906.604422115174,2.1748422135292,0.157268445064952,13.8288530329843,1.70720901623551e-43,1.81139254081603e-41
"PROS1",757.327958040591,2.47021429248168,0.179131948799944,13.7899146915464,2.93106331839883e-43,3.09012484370302e-41
"SERINC2",852.143383924495,2.48513014589946,0.180937908745625,13.7347124388026,6.29053309124376e-43,6.5899306155865e-41
"PRAMEF6",295.732249046913,-3.66863442695528,0.267242456514063,-13.7277380054401,6.92623246423594e-43,7.21025155648008e-41
"LOC100506603",1098.26266094844,2.14280619079161,0.156531527174677,13.6892946070883,1.17645788800258e-42,1.21704568513867e-40
"COL3A1",10359.1515275349,1.60973149599217,0.117758778324177,13.6697367185719,1.53951188737781e-42,1.58273296645201e-40
"ARVCF",896.455529376503,2.23791009221012,0.163910150654987,13.6532733529157,1.93010088520516e-42,1.97203887974789e-40
"SLC1A1",444.749440852082,2.7927273006232,0.204952551171462,13.6262138951704,2.79720144514166e-42,2.84044652269845e-40
"AIG1",777.845539256626,2.32452166413102,0.170602827107104,13.6253408196553,2.8308560837432e-42,2.85709328647058e-40
"MICAL1",2196.84858000434,2.31238055872291,0.169861938505123,13.6132942969632,3.33849402453036e-42,3.34901533903191e-40
"LOC101929983",273.589891860703,-3.70977732853107,0.273004712178272,-13.5886933926202,4.6734907399341e-42,4.63207297768798e-40
"PRAMEF9",273.589891860703,-3.70977732853107,0.273004712178272,-13.5886933926202,4.6734907399341e-42,4.63207297768798e-40
"PARP9",242.419879465219,4.03522192227222,0.297605342148883,13.5589700545547,7.0113654497514e-42,6.90786434073126e-40
"SSC4D",327.703519483923,3.38567290764395,0.250258591031008,13.528698030688,1.05882312023348e-41,1.03702013527246e-39
"HSPG2",4116.24829175821,1.74834648122121,0.129301713485105,13.5214486652771,1.16851827511789e-41,1.13772438175008e-39
"A1CF",243.862260171619,-3.73856010317707,0.276513379442013,-13.5203588004358,1.18595958060487e-41,1.14795339053636e-39
"TRIM49C",1630.89704304814,-2.00434261344875,0.148353855099968,-13.5105529418034,1.3549989288552e-41,1.30395013200065e-39
"EXPH5",205.939038935348,4.5569603231364,0.338546896286216,13.4603517950548,2.67638926856997e-41,2.56067024123527e-39
"MYRF",426.34120559845,2.88797662808154,0.21488773293382,13.439467151766,3.54983534626576e-41,3.37683187651672e-39
"TAGLN2",1662.81542726609,2.10727708847907,0.156895340614595,13.4311005044788,3.97460559905628e-41,3.7592955357474e-39
"TNNI1",558.313070798714,3.07056811788158,0.228905419221805,13.4141346601596,4.99732055909845e-41,4.69975283489758e-39
"CRYGC",332.333459803909,-3.03560200679021,0.226456103983481,-13.4048142372512,5.66649857462097e-41,5.29897652017662e-39
"CDKN2B",240.716011642978,4.42934810811194,0.332327429248043,13.32826519356,1.58541575185649e-40,1.47425851262521e-38
"UBE2J1",3940.2364341193,1.67740038253128,0.126129983165226,13.2989820535688,2.3464105237757e-40,2.16970877036511e-38
"ALPPL2",1446.51382874714,-1.85810855981669,0.1399733949498,-13.2747266756163,3.244527714426e-40,2.9835234849544e-38
"PRAMEF11",230.946654932452,-3.78009935853657,0.284775998185973,-13.27393945633,3.27880247651828e-40,2.99838334758732e-38
"PRSS8",278.671441012911,3.18110434430198,0.240361871096357,13.2346462847542,5.53567326661627e-40,5.03442109390288e-38
"PBXIP1",1337.00771132787,1.8473804539331,0.139818260054605,13.2127266725507,7.40911086353455e-40,6.70139907176086e-38
"TRIM48",276.834313053545,-3.26797340676246,0.247469208998034,-13.2055758370668,8.14742745905254e-40,7.32914235338248e-38
"GCNT4",697.281515919931,-2.32169667937501,0.175871381420081,-13.2011056069974,8.64567321732447e-40,7.73530719422458e-38
"PRAMEF4",275.73147902872,-3.39538084713837,0.257842737518347,-13.1684176169467,1.33363559515573e-39,1.1867922780117e-37
"TMEM151B",554.568228943234,-2.33608217818376,0.178838554175468,-13.06251993008,5.39131641145564e-39,4.77203578836437e-37
"RASSF2",272.257815697886,3.26835012527124,0.250379043443664,13.0536089615129,6.0606934311209e-39,5.33598923786772e-37
"DST",2715.83650332667,1.61749014898983,0.124133963888252,13.0301981691806,8.2393384023086e-39,7.21574228756677e-37
"TLN2",829.990275962052,2.11221395788104,0.162488049195926,12.9991957459847,1.23636655210875e-38,1.07707048265811e-36
"TXNL4B",1010.845810844,-1.99787605939962,0.153734285098015,-12.9956441279565,1.29512713172884e-38,1.12235310389402e-36
"TSPAN15",722.290945436543,2.25965543505694,0.17493762672014,12.916920604347,3.6131459331196e-38,3.11483288984352e-36
"APLP2",12471.8214400902,1.49190440848788,0.115639682783687,12.9013187564567,4.42459817923028e-38,3.79460875972122e-36
"CHI3L1",368.698019559495,3.14498167079356,0.243881774633372,12.8955174101116,4.77050504459139e-38,4.07017523185962e-36
"TRIM22",211.489958893135,4.82295327025313,0.375350050786011,12.8492143804257,8.68881570553544e-38,7.37524500297552e-36
"SLC39A8",1437.16576014819,1.98148006954432,0.154334722286798,12.838848187786,9.93414618256735e-38,8.38928508233953e-36
"SYNE2",795.436416449172,2.06307659469602,0.161950682080304,12.7389188374831,3.59339957172673e-37,3.01918526452898e-35
"SFXN3",1235.63535391984,1.95854039521825,0.153881325712057,12.7276028209107,4.15397854075149e-37,3.47255822255145e-35
"PLCE1",251.546364494193,3.76521514312306,0.296765729997175,12.6874998105708,6.93648759725478e-37,5.76948455827945e-35
"THSD4",372.78356567391,3.075265049317,0.242483619949097,12.682362008463,7.40657669807445e-37,6.12968287532642e-35
"JUP",4638.29094269746,1.48059568360861,0.116805959012992,12.6756862074471,8.06497940653484e-37,6.64137010631665e-35
"ITGA3",957.090830272536,1.92419092813976,0.152214374134784,12.6413220766911,1.24935371919101e-36,1.0237278594084e-34
"ACTN4",10194.694497361,1.40802421330378,0.111462306147181,12.6322903407771,1.40139017035877e-36,1.14265074383145e-34
"SIRT2",2192.48394292651,-1.60029969745956,0.126925967620432,-12.6081347060926,1.90447179334194e-36,1.5452361334998e-34
"TMEM2",204.17982413894,3.79209382877803,0.301314153383813,12.585183225521,2.5475100365366e-36,2.05689688413433e-34
"ELF3",201.356787810516,3.69749469819495,0.293874778761715,12.5818714820472,2.65660714039379e-36,2.13457094115524e-34
"PLEKHB1",284.217299806619,3.65528586858568,0.29061569207288,12.5777305503139,2.7995733576901e-36,2.23857672543413e-34
"C1orf198",1568.17686657914,1.97417560423013,0.157049137693624,12.5704326252425,3.07039130086009e-36,2.44332292364597e-34
"TENM4",725.686827154216,2.23688753591236,0.178310928073485,12.544870693458,4.24106060554951e-36,3.35875766234715e-34
"TMEM229B",180.514607543656,4.12706827907099,0.329131525218647,12.5392676266101,4.55182689179531e-36,3.58770660538076e-34
"PNP",11597.3739023378,-1.52389370995226,0.121804573849188,-12.5109727967939,6.50229984396401e-36,5.10076147001385e-34
"HSD17B3",167.255060118911,4.47118847797491,0.35783979125491,12.4949449089909,7.95513781661689e-36,6.21101137455862e-34
"KRT17",337.113181543792,2.68596984009076,0.21510618767735,12.4867158359926,8.82207024076027e-36,6.85553552230347e-34
"CDKN2A",576.122591657311,2.18759862568186,0.175709618365304,12.4500789770871,1.39706851832182e-35,1.08057374370387e-33
"SLC45A1",392.188356893071,-2.59153793195147,0.208346162170184,-12.438616123078,1.61273817645073e-35,1.24158336263314e-33
"MYC",3784.00331390644,-1.57929475219263,0.126976566562581,-12.4376866924832,1.6316106431042e-35,1.25029719280837e-33
"MYO1E",670.973327359585,2.03087246930102,0.164330307386838,12.3584778827212,4.38378831672271e-35,3.34380019439605e-33
"PRPS2",1084.83504469312,-1.94044740838987,0.157073507417372,-12.353753604252,4.64905738372802e-35,3.52905167390511e-33
"ZNF114",2468.21744098242,-1.8974140586015,0.153594428618462,-12.3534041935518,4.66929867439113e-35,3.52905167390511e-33
"ME3",1042.11352720865,1.872226865008,0.151741169210114,12.3382920716496,5.6338291934023e-35,4.23868821859977e-33
"PYGO1",2473.18779063025,-1.94998198696648,0.158127756391554,-12.3316869312808,6.11529096986646e-35,4.5801038974312e-33
"FREM1",158.044768235689,4.96929208690141,0.403745948599464,12.3079676815066,8.20636547808516e-35,6.11854781050746e-33
"FDXR",2727.30732595944,-1.58586656723892,0.129354438505176,-12.259854285367,1.4876716192535e-34,1.10421258483785e-32
"GLDC",1009.35300868858,1.83192682941485,0.149438430588052,12.2587397512546,1.50827312825605e-34,1.11450610798635e-32
"OSGIN1",1031.8792710161,-2.12526078223728,0.174088746110329,-12.2079159608076,2.82020690201312e-34,2.07466953964983e-32
"ARHGAP40",244.607678043467,7.22152037864545,0.592075601973417,12.1969565281457,3.22659850358554e-34,2.36312647926318e-32
"LOC645354",222.008635014002,-3.45393429809536,0.283569817184882,-12.1801901640451,3.96356630545139e-34,2.87741006525577e-32
"LOC649324",222.008635014002,-3.45393429809536,0.283569817184882,-12.1801901640451,3.96356630545139e-34,2.87741006525577e-32
"POPDC3",431.779680192933,2.36449201658488,0.194344686995586,12.1664865303912,4.68831937434934e-34,3.38869267616726e-32
"ERAP2",173.34622967635,5.18077692618527,0.426047346354106,12.1600966900033,5.06986471045674e-34,3.64853916032521e-32
"AGRN",8981.52165254821,1.48666417649062,0.122322634051698,12.1536311576017,5.4873179771445e-34,3.9318652449219e-32
"LAMB3",191.039244897758,5.84636553052201,0.48143411324228,12.1436461806765,6.20003295267046e-34,4.42340282037075e-32
"GPC6",202.296282836399,3.55965839805194,0.293362191082926,12.1340053566948,6.97523955644476e-34,4.9551143836169e-32
"TMCC3",429.849254752029,2.32086745619322,0.191762633253863,12.1028138632242,1.02052056158226e-33,7.21865655355108e-32
"FBN2",801.546558064559,1.98507503272612,0.164838865761747,12.0425181497868,2.12372362571828e-33,1.49582440225059e-31
"CREM",1424.43496028725,-1.81877114646827,0.151209422757431,-12.02816010604,2.52730106493594e-33,1.77253759435677e-31
"GGT1",1327.48610648326,1.65912219145076,0.138020866720423,12.020806932125,2.76260317811258e-33,1.92939273435103e-31
"TJP2",281.606948371145,3.14119212915445,0.261617264852655,12.0068227566082,3.27175036459212e-33,2.27537865692138e-31
"PEA15",3164.74852655113,1.60109716999271,0.133503114890471,11.9929574025766,3.86842630425955e-33,2.67908753925122e-31
"SPTBN1",3864.2215933065,1.42938693269948,0.119428625593572,11.9685454437349,5.19310375450031e-33,3.58151055602038e-31
"NUDT9",1072.68899919406,1.85792823624776,0.155397168378907,11.9559980122517,6.04035070198336e-33,4.1485429385572e-31
"CCDC120",331.949817821973,2.53437068419708,0.212073790332146,11.9504191452786,6.45986128024749e-33,4.41833156655606e-31
"LRRN2",335.706068726661,3.00998980751034,0.252211580263891,11.9343838390012,7.83368032963189e-33,5.33592908708095e-31
"TRABD2A",713.475362340158,1.96452335136109,0.164740902933133,11.9249276675294,8.77602167789512e-33,5.95330782018525e-31
"ATP2B4",1116.37597347495,1.71049882181134,0.143728912411503,11.9008680516144,1.17122471563226e-32,7.91269856863065e-31
"SYT7",599.369778509938,2.12053916599433,0.178417204912651,11.8852840847523,1.41154338458874e-32,9.49750654541175e-31
"CREG1",7886.35093199299,-1.4026464397101,0.118165828603999,-11.8701527868153,1.69158417805154e-32,1.13356685486272e-30
"FRMD3",208.044558097364,3.82153007881211,0.321990573486017,11.8684532824625,1.72629695547088e-32,1.1521640002804e-30
"CENPV",1391.68429241902,-1.64918501137163,0.13908573252649,-11.8573269983499,1.97169492326816e-32,1.31066242449537e-30
"LAMA3",182.146931438874,3.67172664535019,0.310210329320615,11.8362488231503,2.53541402354694e-32,1.67864691670996e-30
"ARHGEF3",1144.25932190978,1.70830338058495,0.144409922806104,11.8295429246829,2.74633155553744e-32,1.8110470082572e-30
"GLI2",158.964066193992,5.68571175853194,0.481050228730453,11.8193723211341,3.0999195494483e-32,2.03610588819318e-30
"CYR61",7534.61696514708,1.32792169103557,0.113053067549715,11.7460031807772,7.40386435769295e-32,4.84382461851912e-30
"UBD",291.681621028593,7.96513811996242,0.680729340567608,11.7008885107272,1.26125916021042e-31,8.21904000779643e-30
"CSF1",1123.13250246519,1.74369612365206,0.149110648500016,11.6939745161921,1.36830023171203e-31,8.88160997462648e-30
"ZSCAN5B",183.820276107372,-3.59295538499132,0.307313719506517,-11.6914903466102,1.40892280899315e-31,9.10956653689631e-30
"CPLX1",299.431842284618,-2.63787324044625,0.226134743536801,-11.6650506648792,1.92288596539266e-31,1.23842834627157e-29
"CDON",330.156459278282,2.75161308945467,0.23607105105075,11.655868337974,2.14185786149604e-31,1.37410974122025e-29
"GNS",4008.44923078695,1.42333558389942,0.122222701048136,11.6454273362758,2.42105035373767e-31,1.54722878204888e-29
"VASN",689.44897285891,1.97991118147447,0.170301927325449,11.6258882830541,3.04410373021482e-31,1.93792326701984e-29
"PTX3",177.055994269511,6.38527278919673,0.54930027638745,11.6243757079286,3.09850165147502e-31,1.96499614311167e-29
"RBMS1",472.272768612253,2.18357338627026,0.188210651639024,11.601752436723,4.0372524313946e-31,2.55055733757418e-29
"TMEM164",686.976012658697,1.8708520480195,0.161736573965803,11.5672788296793,6.03669975463054e-31,3.79921879614619e-29
"BMP1",601.287680300359,2.05287399597683,0.177486638429021,11.5663579757177,6.10182116771797e-31,3.82565696848742e-29
"AXL",1072.66336017572,1.66178246889968,0.143703450381312,11.5639705552664,6.27392178459522e-31,3.91871522183472e-29
"ARRDC4",1368.41582564581,-2.06882203680995,0.179106736705183,-11.5507773457752,7.31557439020939e-31,4.55215741754683e-29
"FOXC2",427.102130046249,2.35781477537796,0.204413444990576,11.5345386184684,8.83596307638799e-31,5.47763523746719e-29
"CALD1",161.353450524332,4.15172571098342,0.360204925231624,11.5260103906511,9.75609114130594e-31,6.02547837951104e-29
"DEGS1",3963.47699130368,-1.40205765395096,0.121725717914123,-11.5181711636329,1.06854883179948e-30,6.57495177098328e-29
"TRIM49B",443.507905678979,-2.23376705834985,0.194478265300255,-11.4859470537807,1.55225059237373e-30,9.51587103887778e-29
"SOX15",1666.4998935803,-1.7313315682801,0.150832785223683,-11.4784830480493,1.69223431296936e-30,1.03357425639368e-28
"LINC01356",321.755199314465,2.77124802182575,0.241498038535921,11.4752402902583,1.75688934657109e-30,1.06911884060458e-28
"RAB3B",830.813909463798,1.82352245027271,0.15915336322479,11.4576432022812,2.15293702821816e-30,1.30532650883029e-28
"SVIL",2417.82045150639,1.44606795571551,0.126254717380066,11.4535756423452,2.25641936000443e-30,1.36307493601435e-28
"STRA6",964.325212821392,1.84277314675573,0.161260149694131,11.4273312424117,3.05349627536782e-30,1.83787164908684e-28
"ELOVL2",523.967157815026,2.06478368340434,0.180836006612989,11.4179898244669,3.40007270946591e-30,2.03905809735796e-28
"HS3ST3B1",135.566081548394,4.60617247509498,0.40431413965174,11.3925584671923,4.55417854376355e-30,2.72132719337091e-28
"PLAC8",3890.38305280126,1.54258782363037,0.135575168748279,11.378099971201,5.37581911065329e-30,3.20073949350839e-28
"PTGES",779.759742031852,1.81266249760919,0.159707078595383,11.3499195749586,7.42309473880084e-30,4.40383742353518e-28
"GAB2",633.475761008964,1.98427750074401,0.174977547598787,11.3401835148235,8.29702890201972e-30,4.9047293709368e-28
"COL5A1",156.627999147916,3.77074570679429,0.332862136312615,11.3282506342293,9.50848329155153e-30,5.60086887693099e-28
"WDR3",1303.56185593201,-1.70450678369129,0.150482142641798,-11.326970454884,9.64844795516085e-30,5.6631599487171e-28
"SH3KBP1",814.557468764806,1.7722164437135,0.156544726184447,11.3208313490255,1.0348583893648e-29,6.05264171758523e-28
"MRC2",1060.31009795156,1.63905197805188,0.145517640509567,11.2635964431002,1.98489374739855e-29,1.15682962348383e-27
"ANKRD1",212.379189589068,2.91296554994204,0.26046042330637,11.1839085299943,4.88883614340914e-29,2.83929880160379e-27
"RGS5",313.388175400724,2.8510446310592,0.255044727539089,11.1786064294242,5.18985270127653e-29,3.0035818850185e-27
"NUDT4",2758.38682248164,1.51742608350423,0.136410615232379,11.1239589449784,9.5919058611855e-29,5.5318894011966e-27
"KREMEN1",559.869522179839,1.9241492631721,0.173080264404121,11.1170922334591,1.03593440629861e-28,5.95374524064394e-27
"FOSL1",3307.09598406326,-1.43609821090117,0.129421782184015,-11.0962636015882,1.30798373488147e-28,7.49126186150802e-27
"AKAP12",6459.63471894199,1.4477791106993,0.130779512719996,11.0703815956177,1.74655294859557e-28,9.96860151901856e-27
"DDX21",5497.65867804475,-1.27327175525395,0.115041805034444,-11.0679048792109,1.79549269908948e-28,1.02127131117969e-26
"ITGA6",896.48997657456,1.91861978377329,0.173601460693126,11.0518642879671,2.14709141828046e-28,1.21707729984172e-26
"ANXA2",19093.0254701719,1.23381395083502,0.111748662894212,11.0409728302791,2.42394440887605e-28,1.36932176981967e-26
"TIMP2",3457.5097397443,1.36830144415213,0.124350126219877,11.0036192623776,3.67096110213856e-28,2.0667261279795e-26
"METTL7A",162.788414905331,4.43192050056235,0.403167278758838,10.9927584257486,4.14074142890874e-28,2.32330685190839e-26
"MYL6",15010.3775896021,1.52563481287854,0.139176675139073,10.9618570162999,5.82908053754247e-28,3.25955881950686e-26
"JARID2",638.666563651383,1.80757993439727,0.164993680448696,10.9554495025604,6.25669656628352e-28,3.48689702239478e-26
"COL16A1",1336.72713443155,1.5290698342172,0.139600555183724,10.9531787477839,6.4155894229463e-28,3.5634508767989e-26
"GPD1L",801.010596952249,1.77148464936247,0.161847811209498,10.9453729162234,6.99293645523807e-28,3.87113994003681e-26
"FBXO45",1437.18436114674,-1.55583684432448,0.142256193856529,-10.9368653985893,7.68098212027917e-28,4.23785386849536e-26
"PKP2",325.774380009726,2.29515038778659,0.210216816479555,10.9180151532254,9.45392155704831e-28,5.19871460505859e-26
"TGM2",3780.91086429213,1.68821204044989,0.155081058670436,10.8859976513155,1.34418642183604e-27,7.3672098192815e-26
"DUSP8",222.85043843937,2.78807044626665,0.256173069528762,10.8835423309538,1.3809013720138e-27,7.54345858401732e-26
"SLC40A1",130.790826220984,4.20296635883619,0.386350183152968,10.8786446651485,1.45713360354447e-27,7.93370901508817e-26
"KAZN",383.226132833439,2.14912960528977,0.197605167292025,10.8758775630283,1.50203368101231e-27,8.15136442233304e-26
"MYO7A",144.101409818039,6.25438804499501,0.575666284924513,10.8646071670067,1.69953022725675e-27,9.19301448416788e-26
"NUDT4P2",2655.8448291193,1.5042928592274,0.138767513793799,10.8403820036922,2.2154402912283e-27,1.19446148861273e-25
"NUDT4P1",2656.31030104158,1.50332301869221,0.138764273712501,10.8336459988748,2.38467000551676e-27,1.28152785491277e-25
"TRIM64C",199.301272943432,-3.18871620201581,0.294509989108677,-10.8271920136439,2.55882015824196e-27,1.37066638379356e-25
"CP",1106.83742181376,-1.6570600765455,0.153108952726238,-10.8227510347377,2.68591990749483e-27,1.43410794544692e-25
"GABRA5",2069.42419491756,-1.38068757945541,0.127697661787476,-10.812160223836,3.01485547655821e-27,1.60456231022481e-25
"MYH9",19821.0579155122,1.2002819971937,0.111024601101707,10.8109552773277,3.05472283266873e-27,1.620569625844e-25
"OCLN",530.327061093663,2.12096793792556,0.196214954665326,10.8094102284058,3.10660876403862e-27,1.64283029592228e-25
"CCDC50",826.303316237715,1.88639970392921,0.174535823389057,10.8080946782154,3.15147585952741e-27,1.66124931295853e-25
"PER3",942.313973165945,-1.72290967376543,0.159433020448703,-10.8064795417946,3.20743998281567e-27,1.68538243160524e-25
"S100A4",9428.37856326194,1.35827919313169,0.126014441838487,10.7787581591054,4.33701209580957e-27,2.27171595600759e-25
"HSD17B11",1131.47655099293,1.74649596120832,0.162106728491554,10.7737413336259,4.58003238857466e-27,2.39144151721412e-25
"SUCLG1",3348.39134903186,1.55256599261485,0.144352569094887,10.7553748599674,5.59062444471017e-27,2.90993760405166e-25
"RNASET2",1001.11571031095,1.56781799972349,0.146132444328841,10.7287468359555,7.46009752395395e-27,3.87083179362025e-25
"ALDH4A1",1376.83721059286,1.55448793489319,0.14489666340174,10.7282521101485,7.50013857704144e-27,3.87944667897468e-25
"MAP1B",1697.06156311956,1.72267410771439,0.160587954226581,10.7272934387332,7.57833698442797e-27,3.90768329489881e-25
"RIPK2",472.99282863626,2.09606399424783,0.195404178268156,10.7268125626842,7.61786574334946e-27,3.91586688769939e-25
"ANXA2P2",14247.5619055091,1.2340299300322,0.115148858684229,10.7168229380047,8.48686218898578e-27,4.34905705734033e-25
"ITM2B",3933.56579130595,1.65637094234266,0.15471081058612,10.7062391830766,9.51490119345976e-27,4.86082236278228e-25
"DOPEY2",633.180326136543,1.7640197972581,0.164838101460421,10.7015294499837,1.00111972472491e-26,5.09862574881435e-25
"ENDOD1",274.865090265672,2.56455451649803,0.240534413080191,10.6619027342381,1.53425949598048e-26,7.78989668020516e-25
"PEAK1",951.725705108369,1.714720332253,0.1608334842605,10.6614635636177,1.54152262624714e-26,7.80283868796411e-25
"BCL2L11",515.492137081021,1.90490360421656,0.178823116095529,10.6524460920306,1.69842492628992e-26,8.57083212803374e-25
"CALCOCO2",2482.13329828149,1.50602760608689,0.141551568896186,10.6394271559887,1.95326492347453e-26,9.82688176697579e-25
"ADAMTSL4",2648.90280105762,1.30922141809519,0.123206862000103,10.6262053658512,2.25085369213079e-26,1.12897364582269e-24
"PLXNA2",129.693501666284,5.63429838952805,0.531362407419774,10.6034945469467,2.87049542704091e-26,1.43197636368895e-24
"SLC7A7",1058.00611517191,1.77012316051211,0.166938619471108,10.6034371562446,2.87225805186522e-26,1.43197636368895e-24
"COL18A1",6620.89199728071,1.21795887049287,0.114910288758603,10.5992151238214,3.00491446961851e-26,1.49361394297674e-24
"SSBP2",317.370665472674,2.42125277609045,0.228461753320451,10.5980661572456,3.04205461179675e-26,1.5075475429479e-24
"SDC4",1915.90200006208,1.50912110447157,0.14245093765863,10.5939710139925,3.17816899489218e-26,1.57030009562553e-24
"CLIC3",141.719108516277,3.79345192038906,0.358288687959115,10.5876965918107,3.3985161954468e-26,1.67417381151891e-24
"LACTB",725.663669111608,1.87247366735678,0.176883268792573,10.5859286756657,3.46329226214628e-26,1.70102117279066e-24
"PAPSS2",194.824219447493,3.80376312370797,0.359372767901928,10.5844500848378,3.51840625091984e-26,1.72297811435578e-24
"NPAS1",977.063242161731,1.65383134141922,0.156541503374159,10.5648106461984,4.33843342825424e-26,2.118281713996e-24
"TSPAN9",656.503809278398,1.87946379897617,0.178212288615142,10.5462076357426,5.28889671906698e-26,2.57475936747049e-24
"FNDC4",396.534101765097,2.14203843526178,0.203413998109422,10.5304377042406,6.25429806298931e-26,3.03581060230496e-24
"MYLK3",144.744024750825,3.54824909002299,0.337195711868869,10.5228179515013,6.78144741492229e-26,3.2820619184735e-24
"PFKFB2",1240.89007975289,-1.54607987684541,0.147089687597539,-10.5111371306718,7.67623294360997e-26,3.70428593826916e-24
"NES",12465.5242325521,1.34896864243485,0.128373286764647,10.5081725056085,7.92136314888013e-26,3.81146519884488e-24
"CASQ1",118.397272569395,4.33917510476535,0.413122448983754,10.503363144364,8.33563066972163e-26,3.99916982160094e-24
"LRRC1",533.023661547966,1.92476956697505,0.183266746108525,10.502557653505,8.4070831076692e-26,4.02179305196938e-24
"CD74",2841.20623447849,1.43431298509722,0.136647227219073,10.496466077557,8.96746700300039e-26,4.27750760327557e-24
"ZNF703",5686.39173929777,-1.25722610455794,0.119815951267496,-10.4929776983627,9.30488410721559e-26,4.42570234892622e-24
"CASP3",2403.58896894683,1.32753827081748,0.126724396919756,10.4757907955016,1.11600926759007e-25,5.29288979861056e-24
"RASL11B",163.258802102251,3.19856689759994,0.305480736838681,10.470600963913,1.17892166400877e-25,5.57528896647804e-24
"FBLIM1",1526.86602846133,1.46097034947672,0.139542916753712,10.4696847641165,1.19038751519052e-25,5.61347411721753e-24
"ZNF217",4447.73155876681,-1.28678769133927,0.12299995335822,-10.4616925145629,1.29521098837951e-25,6.0904353067209e-24
"LIMS2",445.282350113025,1.94670906858335,0.186086571745961,10.4613086818588,1.30046919891757e-25,6.0978374448962e-24
"NRGN",267.739863432944,2.50618476820594,0.24016884404233,10.435095268911,1.71441695809495e-25,8.01611002553322e-24
"LAMC1",6178.74478913583,1.5711384540865,0.150894948837571,10.4121341780481,2.1827261408228e-25,1.01770374881405e-23
"CCDC86",2646.63838115007,-1.36313388951415,0.1314086097398,-10.3732464121892,3.28182176724451e-25,1.5258627497593e-23
"INA",4010.92761764257,-1.2350495840025,0.11951096639047,-10.3341946040944,4.93540465206435e-25,2.28825820170782e-23
"SHROOM3",2567.22229224928,1.29113646944425,0.125014955974591,10.3278560503326,5.27258617757111e-25,2.43776107293735e-23
"HES1",305.741627256317,2.23556915459621,0.216811240218167,10.3111312510673,6.2758192708734e-25,2.8935197930779e-23
"LEPROT",1169.96679342859,1.44777478745042,0.140508851059054,10.3037977788455,6.77332572707714e-25,3.11422465096058e-23
"HIC1",915.062491539767,-1.6328731940795,0.158663404874696,-10.2914291759279,7.70245233119142e-25,3.52185057972045e-23
"TRAM2",1402.90320076949,1.39519958237442,0.135568584713222,10.291466753347,7.69944656229063e-25,3.52185057972045e-23
"ERCC1",4124.95263719438,-1.38773147543443,0.134915887313536,-10.2859011126646,8.15754077790968e-25,3.7196588142138e-23
"NPPB",115.220464711928,5.60163924016298,0.545527914076939,10.2682907613284,9.79241945581851e-25,4.4528606272722e-23
"TGM1",183.755118577925,2.92158580113994,0.284963916753481,10.252476293928,1.15349827412477e-24,5.23087765296251e-23
"C10orf10",114.192487454288,5.58927782867461,0.545676097432335,10.2428489262675,1.27427793451651e-24,5.76280010167138e-23
"SMARCB1",34284.3316503092,17.1703384999783,1.67662456311508,10.2410157155736,1.29865750488318e-24,5.85705150431235e-23
"LRRC8C",514.093552293272,2.12670409223953,0.207674435141686,10.2405676018263,1.3046868395732e-24,5.8682545023412e-23
"KDM4E",412.231958243762,-2.13052549669881,0.208488201712753,-10.2189259593412,1.63138361759147e-24,7.31779448194416e-23
"KLHDC7A",172.78139900487,2.91283499703659,0.285194596754091,10.2134999407025,1.72526947992485e-24,7.71801633289627e-23
"HMOX1",1498.43125397016,-1.51430280905171,0.149182035491423,-10.1507048356286,3.28978778659148e-24,1.46772418985612e-22
"OLFML2A",410.121312147903,2.17332659396924,0.214170803243115,10.1476324553081,3.39499496269211e-24,1.51059023178709e-22
"NATD1",657.794168092816,1.65932980077795,0.163748577663773,10.1333997794171,3.92751316722526e-24,1.74284712986361e-22
"COL1A1",8980.49054474956,1.26706572207062,0.125287411365197,10.1132724210997,4.82453153031422e-24,2.13517769758719e-22
"BACE1",840.574549406202,1.59516519927781,0.157763598897046,10.1111106137912,4.93219459104449e-24,2.17700492989249e-22
"GPC3",21658.5277904979,1.21222469642916,0.119894826606464,10.1107339719344,4.95119415722214e-24,2.17957887474311e-22
"VGF",8977.23637361001,-1.4375388225999,0.142279523410153,-10.1036241065825,5.32375977157163e-24,2.33737060315792e-22
"ITPR2",733.731019756334,1.62303515607514,0.160787588585159,10.0942813456992,5.85584137503175e-24,2.56417688993454e-22
"TP53BP2",4101.61995010701,-1.20747424736271,0.119833258148369,-10.0762865503307,7.03342016971643e-24,3.07169315696956e-22
"SULF2",6593.55702739518,1.13927490349714,0.113395716866399,10.0468953764754,9.48072836689907e-24,4.12960568233983e-22
"L3MBTL3",708.382222467482,-1.60784502054889,0.160150364956206,-10.0395963567649,1.02091054164548e-23,4.43519981241888e-22
"LIPG",1199.29511777009,1.80349460969394,0.179723410847858,10.0348340885911,1.07139368014104e-23,4.64233198787816e-22
"NAMPT",4029.39725296019,-1.26733356881955,0.126399476897207,-10.0264146650717,1.16676602526363e-23,5.04237891649178e-22
"SORD",1930.46442206814,-1.34132365874699,0.133901887585204,-10.0172124750182,1.28063910539568e-23,5.52008814388264e-22
"FURIN",1827.84894184421,1.32438445711479,0.132216779647922,10.0167653503698,1.28644408038946e-23,5.53070712171592e-22
"NOLC1",7878.97831484684,-1.16655693458336,0.116502648467698,-10.0131366104248,1.33452974801223e-23,5.72257419406696e-22
"CLU",2352.98309758735,1.43849758996811,0.143873617021704,9.99834173732564,1.549702687588e-23,6.62808239921357e-22
"TNNT2",340.727983468738,2.15367395900817,0.215503477738765,9.99368539944803,1.62428033240376e-23,6.92914640771832e-22
"RHOU",167.631952739206,2.86480458649625,0.286782691143386,9.98946127144019,1.69500421058174e-23,7.2122647027118e-22
"ANXA6",8559.6443970959,1.24488991615154,0.124684106643149,9.98435125107374,1.78464659661676e-23,7.57422319671812e-22
"GTF2F1",7909.0232318676,-1.14276218736823,0.114459385135615,-9.9839972581912,1.79102756618775e-23,7.58186400908944e-22
"TDRD7",147.670131205971,3.21034369469555,0.321765130852265,9.97728898153833,1.91631044676321e-23,8.0915230905165e-22
"HS6ST1",1500.34583477294,1.34831999296828,0.135628474958978,9.94127518853321,2.75280346917085e-23,1.15939956798259e-21
"CBR3",330.050009132877,-2.08450197290504,0.209706429274944,-9.94009568572678,2.78559436713155e-23,1.17023243565384e-21
"HMGCR",5636.97758806313,-1.1754783248118,0.118336563526907,-9.93334849160562,2.98074172880153e-23,1.24904397709172e-21
"PACS1",2381.05170850139,1.25696549812138,0.126559293768556,9.93183084934119,3.02646760543143e-23,1.26500231831063e-21
"CBLB",279.356254832551,2.21210062139625,0.222774000058762,9.9297971074396,3.08883401802809e-23,1.28781815280607e-21
"CRLF1",1770.01006490501,1.36530866131685,0.137772356328844,9.90988829470296,3.77067518197739e-23,1.56814612090678e-21
"SCD5",851.743889584758,1.50833250999105,0.152518756465716,9.88948864351711,4.6238368717689e-23,1.91813904515085e-21
"LOC400736",445.893749685291,-1.95383651509614,0.19760677264638,-9.887497725559,4.71670020321097e-23,1.94690328587402e-21
"PRAMEF14",445.893749685291,-1.95383651509614,0.19760677264638,-9.887497725559,4.71670020321097e-23,1.94690328587402e-21
"ATOH8",305.808048362653,2.16889553578714,0.219648913404648,9.87437407346287,5.37675847882069e-23,2.2138334910806e-21
"FGD6",408.961733663923,1.90586933854454,0.193115030582488,9.86908855719779,5.66772516316398e-23,2.32784582880125e-21
"RRS1",2867.6948894808,-1.44312282320122,0.146237859068742,-9.86832570164234,5.71098788529345e-23,2.33980869993508e-21
"IL13RA1",1274.59478319229,1.46175445355429,0.148297996937068,9.85687253870738,6.40121944540521e-23,2.61612306815672e-21
"CKMT1B",1309.29681272062,-1.37666106582246,0.13993262117211,-9.83802814734132,7.72092192004014e-23,3.14770196109617e-21
"EFNA1",130.172048350435,3.34952746005875,0.341818461853395,9.79914145624865,1.13546615979321e-22,4.61774837270203e-21
"SAMD4A",844.912939970847,1.63900113639752,0.167457239345611,9.78758005806385,1.27306239609246e-22,5.16463940689275e-21
"PLAU",8093.77439731737,-1.48921681815063,0.152437896224217,-9.76933462765836,1.52449963232298e-22,6.16956428220293e-21
"SLCO2A1",655.085611095817,7.13623999177971,0.730883079747364,9.76385989705276,1.60911624319485e-22,6.49612001399052e-21
"CKMT1A",1199.65618514353,-1.3896541633932,0.14245645338426,-9.75494005627645,1.75704447790175e-22,7.07605844239166e-21
"ART5",373.320356339682,1.98988185810991,0.204022974854125,9.75322440785243,1.78700328205781e-22,7.17924231180118e-21
"SRM",4234.21765316049,-1.16758863788924,0.119911143354742,-9.73711537746813,2.09414473473366e-22,8.39280475770254e-21
"PARVA",1461.5292869122,1.34657425094504,0.138422996326848,9.72796635441611,2.29127776767257e-22,9.16068348080106e-21
"EMILIN2",130.818623712135,3.48825924872546,0.35876595931869,9.72293819444239,2.40732791610614e-22,9.60146787165996e-21
"EVA1A",1174.27388697991,-1.44755567216789,0.148914585287489,-9.72071116723249,2.46056898455695e-22,9.79022544047754e-21
"HAPLN3",1335.65896443119,1.44262484995734,0.148459938110696,9.71726694969846,2.5452125824762e-22,1.01027239005146e-20
"STOM",2743.41160041198,1.20171592228573,0.123773793346255,9.70896899737048,2.76115825864416e-22,1.09336582528895e-20
"MRPS12",2030.79510165913,-1.2467513163372,0.128431711328825,-9.70750372659234,2.8011311881277e-22,1.10654709846992e-20
"SPTAN1",4106.06678581586,1.13776737355577,0.117334664133728,9.69677104337251,3.11191151519352e-22,1.2263895095115e-20
"LRRC32",106.557235845604,3.94097446427703,0.406781006314243,9.68819685064789,3.3845099280202e-22,1.33065102918267e-20
"UBASH3B",458.598195085474,1.91891637559692,0.198111193661038,9.68605731022007,3.45613705835077e-22,1.35559195710479e-20
"MYO5B",126.271855127147,3.53477343765255,0.365257375832247,9.67748681213759,3.75841146322673e-22,1.47066729407397e-20
"LOC100506990",469.099498078172,1.78949483960938,0.18501557721626,9.67213067426042,3.96045282605639e-22,1.54607111266239e-20
"NEU1",8446.55550365259,1.29904558245115,0.134365036194322,9.6680328398263,4.12225322547305e-22,1.60544789148306e-20
"FOXRED2",2392.96114756614,-1.27746701478734,0.132143984685262,-9.66723546160642,4.15448916448047e-22,1.61420433451833e-20
"PTPRU",427.486956561568,1.8188690052217,0.18829101696368,9.65988199836717,4.46377830176662e-22,1.73031518620237e-20
"AGPAT9",192.776847626387,2.60681473146105,0.270850715786956,9.62454436897817,6.29854404453473e-22,2.43582946320418e-20
"ERRFI1",17701.5857177095,-1.26566062935714,0.131573778588631,-9.61939865931993,6.62171359591463e-22,2.55483924101583e-20
"FGD5",93.7345919701035,4.90787279425586,0.5106205113146,9.61158567958907,7.14402025635385e-22,2.74994937867835e-20
"EOMES",144.58846316767,-3.18615092992109,0.331999850114366,-9.59684448298255,8.24293576364756e-22,3.16559333549639e-20
"CNTNAP3B",445.066337032538,1.92474059356943,0.200648055386597,9.59262022181553,8.58759227875557e-22,3.29032007865653e-20
"RIMS2",2518.9159605726,-1.40404863291184,0.146477876872018,-9.58539721420588,9.21025545717411e-22,3.52074245559228e-20
"PLEKHO1",873.00376287685,1.52667785972861,0.159671824359422,9.56134788246708,1.16232901703453e-21,4.43291932948285e-20
"ERAP1",1054.09701740474,1.42524141396823,0.149203459810291,9.5523348840596,1.26805604097596e-21,4.8250261126975e-20
"MDGA1",870.402598380037,1.79484121876953,0.188217674132631,9.53598660189989,1.48467055243803e-21,5.636299766962e-20
"RHOC",8827.85144624909,1.21542586058887,0.127607658227578,9.52470939025662,1.6550433739844e-21,6.26871348425395e-20
"MYBBP1A",4104.97954953398,-1.12727578910434,0.118411375929543,-9.51999569513568,1.73186235609475e-21,6.54469993563475e-20
"BTG3",2184.18403286631,1.22494217704845,0.128792726348784,9.51095773631797,1.88915139700853e-21,7.12283232876657e-20
"KIAA1522",1552.33049594857,1.26902480745502,0.133460163047368,9.50864121906263,1.93169108262067e-21,7.26667063625849e-20
"COL6A1",2706.57935296634,1.28306478115016,0.134994640574832,9.50456088987407,2.008937726079e-21,7.54012182359627e-20
"ALDH7A1",5053.89646184069,-1.24332569055836,0.130896931090516,-9.49850909566848,2.12916729849844e-21,7.97329799202403e-20
"PLK2",303.658044602327,2.15948098540555,0.227657125963572,9.48567270304156,2.40824680994666e-21,8.99803638786392e-20
"COMMD7",919.790870708278,1.50376012262931,0.158646446659834,9.47868770016414,2.57500937943808e-21,9.59944938028357e-20
"CDH24",1272.68769947861,1.46095974651212,0.154140165276016,9.47812495137785,2.58893153613924e-21,9.62966174970263e-20
"ARHGEF10L",310.359493163344,2.01299524636376,0.212437258651236,9.47571654400112,2.64936054840517e-21,9.83233538053866e-20
"SGCA",161.579907822183,2.76766898800052,0.292414562849698,9.4648808220373,2.93896010377794e-21,1.08826996952421e-19
"BCAR3",619.656370465759,1.79134002223777,0.18939905055526,9.45802007447295,3.13829041798369e-21,1.15948622764433e-19
"F11R",2864.84833681596,1.184399157399,0.12528308005656,9.45378383788375,3.26798678569294e-21,1.20471530683273e-19
"ITGB5",1750.96200502792,1.27864703858505,0.135255880133548,9.45354122366098,3.27557309743137e-21,1.20482857574854e-19
"RRP9",1864.45088484091,-1.27437234586024,0.134904497512891,-9.44647783694879,3.50423939772202e-21,1.28607916876042e-19
"SPINT2",4548.33321297232,1.19687377128407,0.12671984876955,9.44503787611585,3.55275805421617e-21,1.3010011352519e-19
"DCBLD2",168.152334470551,3.06288091743129,0.324654465142999,9.43427935322619,3.93691122925641e-21,1.43849348050005e-19
"VANGL2",607.497234593736,1.6033249476573,0.170057044994008,9.42815951972934,4.17347497283475e-21,1.52157175661588e-19
"TP53INP2",955.214688793007,1.40492448482238,0.149034700262503,9.42682799608285,4.22677872361151e-21,1.53761849303775e-19
"ERI1",4299.69056134046,-1.35531041103346,0.143849923119507,-9.42169715243781,4.43854845016592e-21,1.61111521813917e-19
"PINK1",1633.47002228939,1.27212113819192,0.135128262814673,9.41417518211292,4.76811214000183e-21,1.72695387617747e-19
"APBB2",1561.27669258385,1.53871474819123,0.163557512751744,9.40779009354812,5.06677417079106e-21,1.83111890993305e-19
"FLNA",34226.2059732446,1.03433514971781,0.11006896849611,9.397154927952,5.60583523345776e-21,2.02152036566869e-19
"CD46",1961.816231924,1.56019949296059,0.166396272035377,9.3764089415951,6.82579422118904e-21,2.45609882498089e-19
"IQCH",230.156200708207,-2.37860176640635,0.25381674384637,-9.37133512297385,7.16207419018211e-21,2.57151088928187e-19
"C10orf2",1537.3902019021,-1.27213366638103,0.13576261401655,-9.37027970178853,7.23405674277314e-21,2.59173392221604e-19
"EFEMP2",2394.55957890553,1.24136252650556,0.132626231275921,9.3598567535481,7.98448685438694e-21,2.85441093766334e-19
"HACE1",863.987411028978,-1.41488082575984,0.151518865052376,-9.33798458212284,9.81852144582535e-21,3.50250359851942e-19
"LAMB2",5021.30416607166,1.1048829990036,0.118401429373847,9.33166943040008,1.0421627402465e-20,3.70965111323872e-19
"PLA2G6",192.042780782937,2.44495152968217,0.262174818993253,9.32565354319972,1.10301698000929e-20,3.91784056933773e-19
"DGCR2",2981.7546516791,1.17907572608677,0.126439560719264,9.32521213597608,1.10761798594969e-20,3.92575865170005e-19
"NDRG4",480.210357914171,1.68377722403407,0.180885610207703,9.30851946763846,1.29626581048021e-20,4.58457087501462e-19
"P4HA2",810.318481597801,1.42789949054612,0.153534951617272,9.30015918528796,1.40235569988129e-20,4.94920928452774e-19
"SUN2",806.744055822999,1.48319954623419,0.159498321117308,9.29915459826895,1.41566790749711e-20,4.98556068189196e-19
"PDE4C",293.086987275299,-2.16548249683839,0.233185297119652,-9.28653102741394,1.59398781780861e-20,5.60163192364503e-19
"ST5",897.364083908922,1.39685069713474,0.150474556209532,9.28296937583031,1.64819897585788e-20,5.77987064584739e-19
"PLEKHH1",535.616106217751,1.82177518494846,0.196331469974264,9.27907882107372,1.7095009349676e-20,5.98216902232213e-19
"SUSD5",808.985864933311,1.47052057298642,0.15868596755155,9.2668595445197,1.917072298024e-20,6.69438410904921e-19
"CD3EAP",1284.19035416848,-1.27998417167218,0.138149039813067,-9.26524117289669,1.94636960546709e-20,6.78238099151395e-19
"GEMIN5",1700.81164902971,-1.23108755340114,0.132879576053854,-9.26468604100754,1.95652075265142e-20,6.8034309869509e-19
"TBX2",837.03497721518,-1.43164128463875,0.15464403463842,-9.25765606145842,2.08969044983473e-20,7.25126966995063e-19
"IGFBP4",1611.71269640924,1.27540821934351,0.13791223659537,9.24796994689832,2.28796652631788e-20,7.9226824149819e-19
"GGTLC2",423.453418771522,1.72368212213474,0.186561725793507,9.23920549514305,2.48334288756049e-20,8.58127170665996e-19
"B2M",5250.70646668346,1.11139027486179,0.120546319374738,9.21961185232747,2.98177612416545e-20,1.02821580014972e-18
"TYRO3",787.389060758414,1.43848790786123,0.156131745890441,9.21329547464763,3.16262954487551e-20,1.08831276978751e-18
"SOX4",117.78034154873,3.39414224725777,0.368600221565408,9.2081937250151,3.31658709740377e-20,1.13892426631177e-18
"LGALS3BP",1228.68149694465,1.59837831769109,0.173652663814674,9.20445608249875,3.43405970887242e-20,1.17682311182725e-18
"SYP",151.261583436959,-2.88560874310733,0.313604885419641,-9.20141514774567,3.53266212240145e-20,1.20811205475183e-18
"MMP19",459.837957366211,1.72684581407154,0.187912901253353,9.18960753920417,3.94277217135871e-20,1.34558278309957e-18
"NIP7",1911.56096864596,-1.22401025647348,0.133336381781539,-9.17986704093205,4.31624033086021e-20,1.47000843531684e-18
"PRCP",2239.74688584885,1.25277946524046,0.136497703809787,9.17802593211555,4.39066302857687e-20,1.49228448560584e-18
"KIF13B",159.746660134276,2.71322048717021,0.296311286744418,9.15665588368388,5.35304435241413e-20,1.81564733854833e-18
"ABCA3",1620.04789820706,1.22308331669095,0.133615464057679,9.15375570722091,5.49878294238349e-20,1.86126493379001e-18
"KTN1",2521.89349616738,1.18467936141702,0.129448678154027,9.15173007798043,5.60289354469233e-20,1.89263457044383e-18
"HIST1H2BK",2753.99849860268,-1.17513649790828,0.128508328349068,-9.1444384422794,5.99404653450679e-20,2.02064069733516e-18
"MYL7",86.4175982053507,5.33120578062944,0.583286670780749,9.13994104047233,6.24863880404368e-20,2.10218433911648e-18
"KIAA1211L",175.680461703937,2.52196682168478,0.276141068230608,9.13289297330689,6.66927855229609e-20,2.2391460161786e-18
"ACTN1",12579.8932757749,1.07672186305712,0.117968589551607,9.12719112053213,7.0299543002957e-20,2.3554616109007e-18
"OSBP",6367.0652662996,-1.06872867171328,0.117197712338846,-9.11902331867481,7.5804373838098e-20,2.52966531404879e-18
"VLDLR",172.608486688619,2.75487819207837,0.302100551378369,9.11907700766821,7.57668337113402e-20,2.52966531404879e-18
"CCDC71L",3989.65791710652,-1.14852459971588,0.126198556680208,-9.10093292608953,8.95591812343069e-20,2.98266311426609e-18
"ABHD2",3767.51331763419,1.24871314984149,0.137788037836902,9.06256573099313,1.27417464592251e-19,4.23496761833523e-18
"CD68",4372.95751221468,-1.40338626107483,0.155303279001773,-9.03642389327024,1.6188098679164e-19,5.36964748171387e-18
"RAB11FIP4",777.162162316134,1.58969243595053,0.175955111148987,9.03464767559086,1.64531580538676e-19,5.44665344215232e-18
"AVPI1",1156.45078183014,-1.37222471956836,0.151927302934241,-9.0321139983792,1.68386880821728e-19,5.56315299672901e-18
"OTUD3",2126.60131547511,-1.21180565221083,0.134303344611877,-9.02290003061965,1.83174705238362e-19,6.03965681495094e-18
"SPECC1",136.702905290762,2.81817844989156,0.312518771301719,9.01762936719976,1.92203347191021e-19,6.32475109881864e-18
"QSOX1",1767.5601020377,1.39598542447368,0.154994504364631,9.00667691539289,2.12394660025732e-19,6.97112110341856e-18
"ZNF770",3928.72394058225,-1.34107813304923,0.148900722406597,-9.00652536384076,2.12688264694682e-19,6.97112110341856e-18
"DAB2IP",1132.749831414,1.28551413177319,0.142909695794027,8.99528982012513,2.35609750606995e-19,7.70713950997426e-18
"HCLS1",90.8085116109884,4.36675522938866,0.485819493581377,8.98843147934987,2.50783749884033e-19,8.18732273783139e-18
"PHF6",1843.6260632464,-1.54126865399821,0.171560524525749,-8.98381873253652,2.61528446894154e-19,8.52129695470873e-18
"AQP3",81.1554532736771,5.08129451416129,0.565760168108182,8.98135782720864,2.67445530112381e-19,8.6969713446368e-18
"DAP",1884.01595620733,1.25134118732022,0.139754597944404,8.95384628288236,3.43306776501021e-19,1.11419877738135e-17
"MEGF8",2152.86665347524,1.13273247427103,0.126637089442247,8.94471342684807,3.72916081654696e-19,1.20792700265137e-17
"STK39",276.277697384361,2.1604861175191,0.241631913196049,8.94122837063407,3.84868100617132e-19,1.24420640652632e-17
"MYOC",667.879544443085,-1.47382382451603,0.164840838258425,-8.94089013430934,3.86048036354597e-19,1.24558812821468e-17
"IFNGR1",664.651907424109,1.49467670743094,0.167272224513509,8.93559412973686,4.04996047886098e-19,1.30418182579975e-17
"B3GNT2",664.983488590622,1.62634717749564,0.182077215006427,8.93218394975026,4.17680244982442e-19,1.34241619707755e-17
"KDELC1",751.76562830688,1.45987895221123,0.163459484383943,8.93113640798095,4.21654802378174e-19,1.35256400948906e-17
"FBLN1",2288.14070495584,1.24765819465784,0.13984011526838,8.92203351136649,4.57803651848258e-19,1.46568008614939e-17
"OLFML1",379.010457304654,1.77778593112947,0.19931305426485,8.91956594457242,4.68119268487686e-19,1.49581276679695e-17
"NABP1",325.179885745261,2.02869558926505,0.227488310402257,8.91780147154728,4.75636087496788e-19,1.5169033757701e-17
"IL4R",888.788371132787,1.43381277604975,0.160831788893906,8.91498369762945,4.87888037556074e-19,1.55298515339003e-17
"PLEKHG3",179.654099286186,2.38628667399295,0.267801894220288,8.91064150588139,5.07381261925548e-19,1.61193371351088e-17
"SIPA1L1",1245.80857873024,1.23141562379618,0.138353457370623,8.90050488942574,5.55932166768583e-19,1.76279487056582e-17
"ZFP64",1609.51666735655,-1.20028035179824,0.134874706292588,-8.89922495322759,5.62380089889784e-19,1.77983083132996e-17
"PFKFB3",1127.9374828736,1.30145847248665,0.146580700224401,8.87878465919626,6.75948225547369e-19,2.1351708071107e-17
"NEFH",3672.54399988787,-1.20148933042721,0.135355650207374,-8.8765362109852,6.89746859607548e-19,2.17460762289984e-17
"PLTP",5373.19035292205,-1.05629129425981,0.119098880964624,-8.8690278674706,7.37872120008942e-19,2.32191242022586e-17
"LOC286297",438.83724626998,-1.99252745320688,0.225005222731873,-8.8554720153375,8.33304246429657e-19,2.61263016970294e-17
"PTP4A1",7049.18652155656,-1.32819051655575,0.149985538908535,-8.85545717421276,8.33415133883006e-19,2.61263016970294e-17
"GRHL3",689.881994347601,-1.65657282869729,0.187230486374279,-8.84777292831336,8.92830825476929e-19,2.79359845430891e-17
"ATG4A",387.525374214967,1.73447594638143,0.196173276461982,8.84155058050209,9.43992536822394e-19,2.94810650367628e-17
"CD276",2852.30567088866,1.09644202392449,0.124111116129288,8.83435793762675,1.00674811501368e-18,3.1381722786641e-17
"ACP2",1090.79792415929,1.27831066281116,0.144974367593715,8.8174943200551,1.17049531767799e-18,3.64173655981318e-17
"DPH6",258.511621887279,-2.02393112052461,0.229624684339768,-8.81408340895035,1.20668196893701e-18,3.74727954030869e-17
"THY1",1313.36422575416,1.33083789810663,0.15104369221704,8.81094654515131,1.24093534571286e-18,3.84643480191746e-17
"ACBD7",609.461500924013,1.55714536010801,0.177017458758497,8.79656374590943,1.41069443773462e-18,4.36445127726794e-17
"MUC19",105.270353310899,3.21441757264337,0.365438003569613,8.79606811892802,1.41693594949741e-18,4.375582805239e-17
"ALPK3",84.5466674430621,4.74982499633624,0.540120422812799,8.79401110515402,1.44313303595439e-18,4.44818212497523e-17
"IMP4",778.858315889871,-1.38903049140266,0.158104891846334,-8.78549977285135,1.55670863033824e-18,4.78933852218561e-17
"IBTK",3241.72290923939,-1.11856109400598,0.12744518797405,-8.77680131974641,1.68189743041689e-18,5.16489170097595e-17
"PIK3AP1",77.3366176871063,4.73770287305404,0.539834256088696,8.77621755125452,1.6906463627368e-18,5.18214418444806e-17
"DAG1",5609.14303876991,1.04558496642029,0.119259401226411,8.76731692150009,1.82974214797432e-18,5.59813161428299e-17
"ADGRD1",79.0710555956106,4.43934521140566,0.507365712552028,8.74979349525994,2.1374352260135e-18,6.52745901494013e-17
"RRP12",2510.11608615686,-1.13335296994584,0.129545703767356,-8.74867276170859,2.15876678319933e-18,6.58046184079473e-17
"POLR3G",232.367685630663,-2.31601064786151,0.264740295238449,-8.74823625083403,2.16713190425378e-18,6.59381751456039e-17
"CSDC2",823.93681794109,1.40152125939708,0.160318381884262,8.74211205804754,2.28792386495588e-18,6.94857170876141e-17
"CNTNAP3",700.183482273244,1.82904686800037,0.209279448000593,8.73973476839056,2.33658341344887e-18,7.08335689732706e-17
"CNTNAP3P2",391.81206154134,1.85939959959406,0.212781233340173,8.73855071899802,2.36119893076063e-18,7.14489299852833e-17
"PAX6",98.8896652092032,3.47929941752477,0.398495860780191,8.73108044513403,2.52251174569262e-18,7.61909022166136e-17
"PVRL2",3912.37440902779,1.10098495215334,0.12610904952428,8.73041987316985,2.53728906182639e-18,7.64976476345181e-17
"MAP3K14",2426.32187275176,-1.08939873027004,0.12497148095666,-8.71717868693456,2.85219819341018e-18,8.58356081769551e-17
"TMEFF1",1410.53335768909,-1.43458256035822,0.164597340086847,-8.71570925509053,2.88943974597134e-18,8.67985602092878e-17
"SYTL2",431.901125953921,1.75244140167196,0.201242488952124,8.70810836616552,3.08987840326605e-18,9.26515712515574e-17
"POLR3A",2488.26769175649,-1.09912673443161,0.126482529920267,-8.68994900026499,3.62602227885059e-18,1.0853150227764e-16
"FZD4",463.580200960795,1.5624605116887,0.180030852573608,8.67884859374238,3.99795495645082e-18,1.19447924980458e-16
"PERP",502.851838653652,1.75517779954953,0.20232078898204,8.67522219728659,4.12743785880438e-18,1.23094326916991e-16
"GNGT2",89.1353994130198,5.07860817900657,0.586187071155536,8.66380107803339,4.5628928947347e-18,1.35836336679224e-16
"SHC2",1052.51206536434,1.25683830584616,0.145143655762185,8.65927139044546,4.74789211436886e-18,1.41089964590724e-16
"SLC37A1",82.5106720810957,4.22244085302392,0.487881949726783,8.65463634264092,4.94485747905527e-18,1.46679715041797e-16
"CNKSR3",359.678747818722,1.8424754327184,0.212912157766101,8.65368822546288,4.98613027094254e-18,1.4763940651993e-16
"FAM210A",803.449233686353,-1.41248493238843,0.163415477644259,-8.64351989634224,5.45072247122179e-18,1.60820603108134e-16
"ITGAX",77.8146601573724,5.54830818569571,0.642575117812438,8.63448962136004,5.89898169926751e-18,1.73736557093017e-16
"NGFR",110.559085662149,-3.19640178029118,0.370217150087803,-8.63385658804055,5.9317360803796e-18,1.74390933574499e-16
"AHCYL2",1344.78740602126,-1.26320363823763,0.146399528795111,-8.62846792359223,6.21792320297643e-18,1.82480611446216e-16
"ACSL5",192.274265283153,2.55954634134473,0.297134531241226,8.61409924539126,7.04936093857761e-18,2.06515083637764e-16
"LOC90246",253.908940325007,2.14801514819631,0.249422376555175,8.61195846925604,7.18228655421758e-18,2.10037468278108e-16
"LRRC20",4276.43891672185,-1.14143431224272,0.132858815944315,-8.59133286812619,8.59661867082864e-18,2.50954554214384e-16
"ATP7B",523.182279532421,1.51064503705183,0.175947701293717,8.5857617118285,9.02365315525688e-18,2.6295687856657e-16
"BOP1",3524.87817022311,-1.02582317458186,0.119538662303399,-8.58151793583099,9.36292849342078e-18,2.72364134311249e-16
"RNF19A",664.451628930849,1.58151809007207,0.184373617676233,8.57778954497318,9.67136930299662e-18,2.80842990707369e-16
"FRMPD2",82.0949482995599,4.39197534887837,0.512298496955711,8.5730787323744,1.00754572234348e-17,2.92064742490882e-16
"VDR",96.9479603182605,3.35760401485437,0.391993196772585,8.56546501954288,1.07640540650981e-17,3.11480109939692e-16
"DLGAP1-AS3",99.066358440882,-3.86792452769361,0.45170324558193,-8.5629770552358,1.09989829428314e-17,3.17722802215961e-16
"ELAVL3",120.639888459854,-2.94906779631997,0.344895480530676,-8.55061304886445,1.22436446275969e-17,3.53060637414606e-16
"ADCK3",916.606045039478,-1.27196612431386,0.149021616097052,-8.53544712255352,1.39614447857472e-17,4.01895363641196e-16
"PDGFRB",1585.99949320095,1.3720501035347,0.160829934805948,8.53106174040407,1.45010614698582e-17,4.16704113626898e-16
"BMP7",2469.86371556547,1.15514600727291,0.135635356151865,8.51655527029056,1.64369226738024e-17,4.7151463448315e-16
"SH3BP4",1723.75332924129,1.14874103288579,0.134920043104284,8.51423559061491,1.6769278377258e-17,4.8021642854736e-16
"CERCAM",502.473432225397,1.50024296498409,0.176640555840609,8.49319658129829,2.01029843355508e-17,5.73697580555237e-16
"COL6A2",2531.1551324776,1.10395364159614,0.130151781302883,8.48204788705177,2.21264459352837e-17,6.30356167161474e-16
"RNF141",1275.02406362743,1.55588458604784,0.183466645150743,8.48047657256426,2.24273392107436e-17,6.37830444357781e-16
"SLC9A7",484.764280317747,1.55644039981743,0.1835713478537,8.4786673847264,2.27787857325296e-17,6.46714342100908e-16
"CLSTN3",553.345784457991,1.51707147460337,0.179085644136438,8.47120651082214,2.42864230309575e-17,6.88337113028098e-16
"TBL1X",901.120184508853,1.25811824882262,0.14870479535393,8.46050892863404,2.66213165338739e-17,7.53223985074669e-16
"FLVCR2",90.6056271197475,3.38617962205296,0.401938329856086,8.42462480068865,3.61908070884336e-17,1.02223590260709e-15
"CD151",2360.56143742239,1.06153900679581,0.126049332446377,8.42161545954556,3.71328129695949e-17,1.04705676366735e-15
"HIBADH",1583.87066832461,1.15334555961702,0.136969138373746,8.42047758576023,3.74952654020942e-17,1.05547896757732e-15
"LINC00294",403.410478660497,1.72796593962944,0.205350488421261,8.41471550866071,3.93849574538006e-17,1.10556918039231e-15
"SRGAP2",1516.88491313164,1.14926579482087,0.136579219007799,8.41464611651676,3.94082779381018e-17,1.10556918039231e-15
"PLCD3",2314.89648520388,1.04807415172831,0.124699996836842,8.40476486218053,4.28719694505639e-17,1.19867709180022e-15
"TIMP1",3235.05446468874,-1.07644806674432,0.128073784923693,-8.40490555803963,4.282060439039e-17,1.19867709180022e-15
"VAMP8",1169.36653302687,1.2670743271205,0.150917582293786,8.39580324480633,4.62719932955469e-17,1.29155823444839e-15
"AAK1",1245.37952098045,1.21006357887111,0.144242085517309,8.38911594027044,4.89811469828154e-17,1.3648753280464e-15
"SMOC2",113.480510959807,2.91909494957675,0.348122721295996,8.38524684257754,5.06194218446812e-17,1.40815574852632e-15
"HERC5",660.332239461675,-1.36523113410828,0.162879245909431,-8.38186060161045,5.20975138722617e-17,1.44684236512362e-15
"PLEKHG4B",357.022953774457,2.12264192020859,0.253280528079649,8.38059655158757,5.26601142540643e-17,1.46001710407583e-15
"DUSP16",1177.13942316381,1.31891193114475,0.157618045501151,8.36777240163859,5.87176675167501e-17,1.62443193779082e-15
"PDLIM1",70.7432449742532,4.37149778425625,0.522722147218243,8.36294732779152,6.11705286720547e-17,1.68749098429975e-15
"CCDC80",106.234052264782,3.30513106442923,0.396044979423414,8.34534266597961,7.10076944732017e-17,1.95560625444332e-15
"MGST3",353.065414562563,1.67006270614239,0.200427810656399,8.3324898908637,7.91596198665432e-17,2.17288561862525e-15
"VEGFA",1158.42479220246,1.20829173352801,0.145131923020903,8.32547180783917,8.39935240740862e-17,2.30175630873224e-15
"DPYSL2",732.092212481336,1.65342703866306,0.198680081082211,8.32205739828991,8.64494263199201e-17,2.36514199082201e-15
"MBNL2",189.978538197319,2.59375872793085,0.311684071428251,8.32175579600618,8.66697350328442e-17,2.36725652518752e-15
"CDC42EP3",79.8200251053253,5.80981928836458,0.698440573557345,8.31827289009517,8.92543257554741e-17,2.43383459621846e-15
"IGSF3",314.053020442984,1.77247476357803,0.213149270075325,8.31565016831469,9.12506201672822e-17,2.48417806744878e-15
"ANKRD6",915.822173510765,1.24545863189438,0.150030190398529,8.30138673147074,1.02903130648307e-16,2.79680232921311e-15
"ADORA1",189.58661064755,2.15821421481096,0.260099913014069,8.29763528100152,1.06204132232913e-16,2.88178819134291e-15
"RFPL2",126.919420517682,-2.77294800181203,0.334236298760098,-8.29636999960422,1.07340864491994e-16,2.90786577589441e-15
"EPHB3",169.746737131791,2.37058635758283,0.285789501077397,8.29486859610293,1.08705301619434e-16,2.94001658889684e-15
"SHROOM2",68.4401576072991,4.55509184750047,0.549338801853922,8.29195358516063,1.11403404406642e-16,3.00807365373367e-15
"CDK6",761.072258249448,1.41670066741864,0.170921288981295,8.2886144602717,1.14575272384296e-16,3.08868063274409e-15
"SCNN1A",1472.59508848191,-1.1334879253344,0.136772883372701,-8.28737317941666,1.15776942561158e-16,3.11599992401999e-15
"SLITRK5",267.14856388701,1.84401847085019,0.222916803153625,8.27222732769663,1.31479305674421e-16,3.53286601870619e-15
"C12orf75",1099.51172839023,1.26608445755197,0.15314762270687,8.26708528133868,1.37273768104446e-16,3.68258575310338e-15
"FRG2C",85.3104512929622,-3.56599050734107,0.431678483083844,-8.2607557408611,1.44753028448505e-16,3.87068194972481e-15
"FRG2EP",85.3104512929622,-3.56599050734107,0.431678483083844,-8.2607557408611,1.44753028448505e-16,3.87068194972481e-15
"NOP16",1716.85007970244,-1.20687316639892,0.146119009935539,-8.25952192621163,1.46257066075445e-16,3.90459186722705e-15
"LGI1",1482.91913905937,1.33926453886935,0.162160806088777,8.2588670540781,1.4706161311148e-16,3.91974850277168e-15
"WDR61",3266.08973856435,-1.03078463469389,0.124815742899178,-8.25845050272644,1.47575638607006e-16,3.92712535405655e-15
"PSTPIP2",3040.46344630393,1.15983446054328,0.14055304038449,8.25193434002204,1.55851049212698e-16,4.14068469754185e-15
"PXDC1",292.476816636661,1.75703260582274,0.213005647941104,8.24876064464054,1.60045628147119e-16,4.2453128799537e-15
"SOCS3",1055.40921968207,-1.22945712766192,0.149195036267366,-8.24060343038937,1.71344269596519e-16,4.53774456057854e-15
"CGN",721.125656943013,1.34261950998292,0.163027029116735,8.23556386482111,1.78713878133843e-16,4.72535480969868e-15
"HDAC5",1503.20190242456,1.16987378152469,0.142319429424787,8.22005671504574,2.03406965338032e-16,5.36968435450574e-15
"NEXN",535.000535265518,1.495022642198,0.181897976136984,8.21901746214112,2.05177169979079e-16,5.40779063295179e-15
"PIEZO1",2802.70050698355,1.02334149429495,0.124558211245032,8.21576902932415,2.10808868481059e-16,5.54739012893241e-15
"CSTB",9336.08556468569,-1.03565077410325,0.126142750389888,-8.21014898519505,2.20914210364612e-16,5.80408255548421e-15
"ITGA5",2887.19769120009,1.02703980100447,0.125252715803026,8.19974077543844,2.40905947238079e-16,6.30929626374157e-15
"STON1",99.7409045560031,3.02146525642241,0.368481347441364,8.19977802785042,2.40831307382802e-16,6.30929626374157e-15
"PREX1",371.789936499312,1.62754714556132,0.19857365189241,8.19618881986997,2.48128473215416e-16,6.48818718587926e-15
"SLC6A20",246.113774519518,-1.94357607915869,0.237247167055508,-8.19219931382342,2.56495412411106e-16,6.696391271654e-15
"RFC3",1455.39391495402,-1.44058997515052,0.175890375760587,-8.1902717469396,2.60637020101027e-16,6.79380150663338e-15
"PPAT",1336.31563432001,-1.13163621730947,0.138423753628354,-8.17515915908289,2.95475570920001e-16,7.68979819161613e-15
"NLE1",929.40137056407,-1.21075159128675,0.14813415480765,-8.17334525490686,2.99954016508518e-16,7.79409557495918e-15
"ARHGAP29",75.4110244087639,4.17493259664151,0.511606667906666,8.16043429168745,3.33822125481284e-16,8.66053890433575e-15
"RRAGD",446.779367168744,1.4826649197877,0.181740115639251,8.15815987886102,3.40167059067391e-16,8.81133828119477e-15
"FGFR2",7075.48401303644,-1.03156471169104,0.126610490108598,-8.14754536378645,3.71385589550513e-16,9.58997547307347e-15
"RRP1",1747.76382551773,-1.12473355037398,0.138067861341292,-8.14623721586974,3.75423321727687e-16,9.67913835083594e-15
"ZFYVE26",3641.35995173155,-1.10809363427954,0.136155360668375,-8.13845028825896,4.00369371995576e-16,1.0290238890172e-14
"PADI2",93.691422705179,3.26679160520582,0.402118589652494,8.12395071819222,4.51249049004295e-16,1.15799600916575e-14
"COLGALT2",183.682092908398,2.17900463481883,0.268358201052793,8.11976167029888,4.67100039608114e-16,1.19681731510735e-14
"TOX2",522.284134968316,-1.76338037286026,0.217303540380605,-8.11482578595687,4.86482218568018e-16,1.24455234648189e-14
"ERBB2",2303.11539907482,1.05045624040825,0.129601568236528,8.10527414676901,5.26267172994787e-16,1.34425528509409e-14
"TERF1",1330.40511832233,1.21103875916572,0.149464481036012,8.10251874406159,5.38328452821752e-16,1.37294492312876e-14
"RBPJ",7448.23580975522,-1.22939546437547,0.151770315333019,-8.10036838678167,5.47930127973429e-16,1.39528299664865e-14
"MCM10",739.942769047879,-1.27415646267071,0.15732386552776,-8.09893946094198,5.54403626522234e-16,1.40959889803318e-14
"ARHGEF17",1038.99846231485,1.20321445087209,0.148589208460769,8.09758974649743,5.6058745884336e-16,1.42313552435204e-14
"SYBU",914.868413133905,1.29895956707923,0.160540450006885,8.09116684937362,5.90958367783594e-16,1.49793918890567e-14
"HOGA1",101.026247555107,2.97573192932394,0.368116067822158,8.08367846296119,6.28418838209206e-16,1.59045697401205e-14
"FGFBP3",4894.36123295158,-3.37540837865277,0.417575861864445,-8.08334170366511,6.30157352432886e-16,1.59242206068231e-14
"HLA-C",1049.43221226885,1.29328820282182,0.160108321127696,8.07758268722549,6.60632330240135e-16,1.66688816008151e-14
"DNAJC22",72.0056182495302,4.01964569239847,0.497688128878974,8.07663566630088,6.65780838558389e-16,1.67732183254466e-14
"FAM129A",539.722939145526,1.46001203742691,0.180820150526781,8.07438791071393,6.78159639878011e-16,1.70591160475089e-14
"DCTPP1",1399.00239679819,-1.12616640031519,0.139512529017071,-8.07215243139487,6.90695689252032e-16,1.73480956729888e-14
"ACSF2",576.147669031022,1.38176518794652,0.171328765301028,8.06499238769821,7.32404303554733e-16,1.83678121703605e-14
"ST6GALNAC2",194.014609216296,2.0754835360558,0.25752616557594,8.05931129916106,7.67254814186441e-16,1.91547536718159e-14
"C10orf55",1221.36353754525,-1.46118012394922,0.181409036035483,-8.05461599863977,7.97287137685658e-16,1.9874543227369e-14
"THSD1",193.959594998445,2.05068331029923,0.254963679715299,8.04304092484504,8.76360437252587e-16,2.18128089585035e-14
"TPRX1",83.6203630261697,-3.47286433802645,0.432083640516241,-8.03748166414533,9.17036154594647e-16,2.27909646108868e-14
"PVRL4",159.396415834748,2.35554609128477,0.293278251457861,8.03177896613727,9.6069336289152e-16,2.38401747265074e-14
"NOL6",2243.67631760055,-1.0145764444797,0.126384678791803,-8.02768542974291,9.93287714736661e-16,2.46121231352114e-14
"BCL6",89.8056047204269,3.23652987088053,0.403285244252746,8.02541108806881,1.01186520918686e-15,2.50349670290895e-14
"TM7SF2",454.703285310578,1.49972670185042,0.187008245858742,8.01957525970941,1.06111439364607e-15,2.62142767815368e-14
"DGKA",410.805699019361,1.57163873069529,0.196341532483758,8.0046168063056,1.19839256206612e-15,2.95615405176133e-14
"MAGED4",1379.31126667802,1.22072468394817,0.152533310007207,8.0030039595318,1.21420034412965e-15,2.98624726538395e-14
"MAGED4B",1379.31126667802,1.22072468394817,0.152533310007207,8.0030039595318,1.21420034412965e-15,2.98624726538395e-14
"PRAMEF1",233.162357230167,-1.91668313040114,0.239804170839403,-7.99270139335795,1.32013609522578e-15,3.24197220299364e-14
"WFS1",910.397690576362,1.24916417322735,0.156394615882961,7.98725816854315,1.37972955606256e-15,3.38330127584406e-14
"KIAA1549",593.790693556842,1.33292352616951,0.166903540302396,7.98619084864541,1.39172173368278e-15,3.40765948756175e-14
"CDRT4",508.344006183247,1.50739488730935,0.188820798969933,7.98320362763306,1.42583399574404e-15,3.48602722268174e-14
"IGDCC3",769.582462451504,1.32495742035077,0.166048019321655,7.97936299248574,1.47090412462453e-15,3.59091520218072e-14
"FAM129B",1779.31933479023,1.04979896948244,0.131719320952088,7.96996949190388,1.58713544569327e-15,3.86327439663457e-14
"NEURL1",980.167090065771,1.55481622833962,0.195192692481028,7.96554527004508,1.64496798457507e-15,3.99816594430052e-14
"HPS3",1535.5179380922,-1.11307203952481,0.139772238854138,-7.96347006136452,1.67280500442574e-15,4.05986340663562e-14
"SLC48A1",1291.72543673961,1.50363141385603,0.188949358677298,7.95785402174372,1.750487011369e-15,4.24217584365734e-14
"ITM2C",3196.28894986812,1.01551609715756,0.127647077332826,7.95565490708189,1.78186421553885e-15,4.31190299643262e-14
"ABHD12",2107.16669708927,1.05073743211826,0.132128445160254,7.95239383044171,1.82941594701423e-15,4.42050989123789e-14
"LZTS3",542.440648818255,1.4784763421716,0.186017290462062,7.9480586912061,1.89456896866129e-15,4.571269033423e-14
"CD99",1655.07261610942,1.11844197365719,0.141234774470299,7.91902686751124,2.39376625013775e-15,5.75895624597093e-14
"IFI27",75.6920317028565,3.58307445619721,0.453239724423141,7.9054731152649,2.66917875560358e-15,6.40293431344208e-14
"TNFRSF9",72.3494474857713,4.40981717382996,0.558147870338264,7.90080444301866,2.77109122410488e-15,6.6377860986084e-14
"POLR1A",1706.15452417767,-1.03447213885057,0.130961860021701,-7.89903364749981,2.8107400563499e-15,6.72303026195137e-14
"LOXL1",1759.47256382036,1.02115316557364,0.129382848872626,7.89249250941241,2.96210114148398e-15,7.07484820978973e-14
"SPTLC2",1447.91324975809,1.1321266874355,0.143458995298665,7.89163959414705,2.98241977847819e-15,7.11311414601887e-14
"KIF26B",156.522855189109,2.36640480123588,0.300022574420174,7.88742249082163,3.08491630039187e-15,7.3469833962714e-14
"PRAMEF2",244.462619099311,-1.83162721404408,0.23251193706947,-7.87756206038071,3.33830388646296e-15,7.92763356222882e-14
"HMCN1",1822.43456874374,-1.31190213703907,0.166541850487402,-7.87731211824328,3.3449861168022e-15,7.93212180591833e-14
"RASL10B",1317.36722122957,1.16234765990332,0.147583818764465,7.87584756671976,3.38440656054096e-15,8.01411979829385e-14
"MANBA",1074.71965656368,1.22540748942529,0.155645688333522,7.87305772839307,3.46076863949425e-15,8.18323464584411e-14
"POLR1B",1063.58449739951,-1.13409346112694,0.144090276689258,-7.87071471569662,3.52620906664123e-15,8.32607881184673e-14
"PLXNB1",1901.71429781531,1.06769274187497,0.13571544767421,7.86714231999588,3.62833797902138e-15,8.55502140010852e-14
"SEPT8",1485.77267200548,1.05517652644685,0.134135360261431,7.86650533006583,3.64685195847146e-15,8.58644290421331e-14
"PLEK2",90.9732253470632,3.01552326456321,0.383379376814561,7.86563766058236,3.6722203038232e-15,8.63389069160251e-14
"LOC730101",553.428001011032,1.44342977240066,0.18358439528978,7.86248618855798,3.76583102289147e-15,8.84142341714888e-14
"NFAM1",65.7194004946959,4.05726047869502,0.516307742270723,7.85822126325509,3.89626607651082e-15,9.13470199694151e-14
"ALG9",1189.17160590287,-1.13276860959135,0.144212261975404,-7.85487027299075,4.00186135451831e-15,9.3654524971086e-14
"GLMN",878.956177689502,-1.21225479001924,0.154334160814188,-7.85474054236604,4.00600553887922e-15,9.3654524971086e-14
"RASSF4",69.5871597580727,3.96891517318882,0.505465992633871,7.85199248026101,4.09479050435787e-15,9.55951656250091e-14
"NIN",333.376534349382,1.67337980749381,0.213326574001835,7.8442163866533,4.35665317422148e-15,1.014223956958e-13
"TMEM173",327.577502335699,1.83733960941922,0.234306606796353,7.84160393315811,4.44827524389294e-15,1.03409904265331e-13
"FBXO28",2521.3828579437,-1.11393555478595,0.14216888122876,-7.83529802836072,4.67731938875912e-15,1.08582034393746e-13
"LHX1",88.621457650014,-3.13884483596257,0.400744958055701,-7.83252483372803,4.78168708298315e-15,1.10849418203833e-13
"UBA7",82.9240013106791,3.33730868134698,0.42627964671528,7.82891866187557,4.92083854044974e-15,1.13915691638495e-13
"CDCA7",1259.19127859352,-1.29293060780809,0.165169665950646,-7.82789382279451,4.96110630005936e-15,1.14687474132098e-13
"EPB41L2",935.773478523575,1.16049791423078,0.148394676187499,7.8203473604705,5.26777723390299e-15,1.21607041527981e-13
"PROSER2",347.638560105857,1.63726421994388,0.209381523630605,7.81952577072831,5.30227065742917e-15,1.22232846687699e-13
"KIAA0020",2717.65245622364,-1.06555904771114,0.136397023845702,-7.81218693537289,5.62041168725463e-15,1.29207019788109e-13
"GADD45B",734.77826460322,-1.2639725244295,0.16188477569441,-7.80785295595368,5.81703944290015e-15,1.33541798694706e-13
"RASAL2",613.292411364359,1.33717410145812,0.171327645264137,7.80477721150366,5.96067482859315e-15,1.36649708812845e-13
"WFIKKN1",1232.91134553643,1.12792299322124,0.144521659305562,7.80452562364008,5.97257711281487e-15,1.36733190001814e-13
"DPH2",1218.89188368433,-1.13683726335721,0.145731189312076,-7.80091941007037,6.14577529524346e-15,1.40503967799544e-13
"ABCA4",88.6411359378589,6.97879064893885,0.894796014721278,7.79930904264553,6.22470541519157e-15,1.42112171078967e-13
"ZDHHC23",382.700949589536,1.5872513776213,0.203703552335956,7.79196709836235,6.59739151864051e-15,1.50206360958099e-13
"TMEM52B",63.4279875835656,5.2474483898831,0.673465712860947,7.79170830774952,6.61092114497948e-15,1.50307646691896e-13
"SNX2",1558.51558571757,1.03853965761413,0.133319625007748,7.7898483254343,6.70896817266357e-15,1.52327628523906e-13
"COL7A1",308.479315866036,1.83238111759084,0.235247525314278,7.78916213950766,6.74549999303538e-15,1.52738051825885e-13
"MKRN1",2397.18305025298,1.00894472325366,0.129561536460705,7.78737849839919,6.84137760581308e-15,1.54697379960954e-13
"GALNT6",253.228876429731,1.75293629235241,0.225260639414617,7.7818135334595,7.14921911370709e-15,1.6143775548442e-13
"ESAM",80.2376241220996,3.23881742617339,0.416436889747081,7.77745081167152,7.40005277169679e-15,1.66874214546492e-13
"ALPP",382.01004487463,-1.53629564851885,0.197582980173366,-7.77544526948046,7.51824795919508e-15,1.69308898259316e-13
"BCAS3",411.967969745511,1.54744803077076,0.199086250928148,7.77275187792476,7.67990869111474e-15,1.72480120292173e-13
"OLFML2B",64.8445332461814,4.13979403626152,0.532594647217622,7.77287953960599,7.6721696218393e-15,1.72480120292173e-13
"LIF",2704.50073703917,-1.0279996725151,0.13236393474816,-7.76646353457992,8.07078007223585e-15,1.8101294275833e-13
"MEIOB",1197.33261793281,-1.18527711733719,0.15263669244094,-7.76534854354114,8.14210074162425e-15,1.82365428248125e-13
"CCNYL1",1256.47356549378,1.15544481862719,0.148948646169326,7.75733682945781,8.67313580476129e-15,1.93996951135688e-13
"URB1",1734.24447006006,-1.01606215474969,0.131033356227847,-7.75422521409673,8.88844632721868e-15,1.98544620253878e-13
"LAPTM4A",3894.39105551549,1.01132522874501,0.130710270582832,7.73715197922509,1.01668501641549e-14,2.26489507290837e-13
"DHRS1",466.059100248031,1.38733019965971,0.179556741524507,7.72641666294858,1.10616157649001e-14,2.46091215242778e-13
"NRARP",197.415707511744,-1.9842030083515,0.257006060389163,-7.72045221558972,1.15917703390449e-14,2.57539574029357e-13
"NFE2",254.297363341548,-1.7722424952711,0.229762963348407,-7.71335148817574,1.22555950867143e-14,2.71600322914903e-13
"SH2D3C",306.65101725574,1.67869345622289,0.217635314317984,7.71333210092078,1.22574577825902e-14,2.71600322914903e-13
"LVCAT8",69.0136939550259,3.71590642599475,0.48199611245411,7.70941161138212,1.26399128062137e-14,2.7970031653536e-13
"DPCD",1170.4964557309,-1.16044478181558,0.150620605792436,-7.70442248396438,1.31436332531374e-14,2.90458501476541e-13
"TMEM198B",500.254467444458,1.41103966001662,0.183310295651542,7.69754723814804,1.38702821091452e-14,3.05700278922198e-13
"ABCE1",2962.81559778691,-1.05557264933678,0.137150099424624,-7.69647746348815,1.39868456201517e-14,3.07859399873338e-13
"IFI6",558.449995578926,1.41646432362098,0.184074440440088,7.69506249881557,1.41425028993892e-14,3.1087212216559e-13
"DAAM1",119.67915508129,2.48444063898385,0.322883323552395,7.69454616500407,1.41997271078991e-14,3.11716025318231e-13
"TRIM62",337.42496103172,1.56005988166289,0.203198681334645,7.6775098707144,1.62210751664625e-14,3.55617531331506e-13
"LRRC58",1091.37150936018,-1.23993284158405,0.161520933285936,-7.67660770872981,1.63356708325001e-14,3.57656115898865e-13
"EXTL3",1591.30376262229,1.0525448267531,0.137141536468682,7.67487993685607,1.65573659899862e-14,3.62031072478536e-13
"YRDC",1046.12379188286,-1.10848878920292,0.144623117485769,-7.6646722078301,1.79288501525974e-14,3.90985939032663e-13
"INPP5D",1302.12947727141,1.08752929665018,0.141918333585863,7.66306416635174,1.8154858160892e-14,3.95393700367217e-13
"GLB1",1773.67119501132,1.10580542612378,0.144557531416876,7.64958709024194,2.01625684160695e-14,4.37392965167474e-13
"DIEXF",1063.48898337459,-1.21435019100675,0.158766526231978,-7.64865378003188,2.03094237188504e-14,4.40002069887974e-13
"DTX4",678.752045596214,1.23944227875737,0.162055569660835,7.64825473972533,2.03725329020334e-14,4.40792372018898e-13
"OPTN",1411.88418356707,1.03324505823361,0.135180606343693,7.64344151265762,2.11491220857487e-14,4.56997739899886e-13
"PPIC",402.20087942379,1.47388989178117,0.193069781960152,7.63397501575557,2.27624044589971e-14,4.90577237767345e-13
"INADL",276.772494542286,1.65285708581796,0.217041443912568,7.61539849727403,2.62879155549842e-14,5.65087763981946e-13
"PAK1IP1",676.553548361368,-1.37295088709274,0.180297855449758,-7.61490414662934,2.63887228362632e-14,5.66518988827275e-13
"MMP15",255.472542974462,1.73931403329353,0.228584148052916,7.60907546787051,2.76063527811581e-14,5.91891646675816e-13
"FGF1",84.2905745080537,3.18003514176404,0.418459005812475,7.59939467807537,2.97519106816261e-14,6.37068079692465e-13
"KIAA1217",86.5332038712714,4.4729632167579,0.589287904285802,7.59045482560683,3.18784514460438e-14,6.81721096039945e-13
"FAM178A",1384.02680213169,-1.0960495063172,0.144492794312943,-7.58549595174534,3.31217663882796e-14,7.06483862446913e-13
"SLC25A29",1598.62338668161,1.08040819694855,0.142489700649975,7.58235993212286,3.39325336584504e-14,7.22845942232524e-13
"EXOSC4",1177.52007752786,-1.05909892875839,0.139794500444184,-7.57611297578375,3.560617766438e-14,7.57523718124445e-13
"UGP2",1243.45507276286,1.04984006890062,0.138645832529515,7.57209971440816,3.67239395265028e-14,7.80301215715886e-13
"PLAT",89.788106207372,3.1086021655273,0.410902292531377,7.56530742716634,3.86948366384783e-14,8.21124276974478e-13
"HTRA1",210.010368333019,1.97763791878702,0.261503880232052,7.56255668953026,3.9522277617307e-14,8.37609141000852e-13
"NCBP2-AS2",1099.96022139546,-1.07314362168252,0.141954571625785,-7.55976795528289,4.03789051695409e-14,8.54669614279081e-13
"RBBP6",6985.1627593225,-1.10170965047694,0.145751254477179,-7.55883477249547,4.06696117199825e-14,8.5972338849189e-13
"LRRC4B",928.687404128356,1.14955107259682,0.152086073877181,7.55855577891474,4.07569231675483e-14,8.60470143200586e-13
"NXPH3",1259.06888573786,-1.38889043610118,0.183790198989673,-7.55693417677412,4.12680671171128e-14,8.70151652130512e-13
"SESN3",97.639177962654,2.95675167229842,0.391310255061736,7.55602909469351,4.15560928881543e-14,8.75109986621793e-13
"RGS9",151.032673247514,2.15470056896158,0.285243323339257,7.55390360670726,4.22402849939565e-14,8.88387798246466e-13
"ALCAM",58.3327541014547,5.35108837621332,0.709238160022785,7.54483991109758,4.52843426468851e-14,9.51201065344215e-13
"PHC2",2444.61914363262,1.04372514806196,0.138404890028807,7.5411002302355,4.6602274682101e-14,9.77643663546434e-13
"CCDC69",266.363523304913,1.68396090628625,0.223436478899047,7.53664269408354,4.82225250865321e-14,1.01035346231934e-12
"DIMT1",1062.23349000253,-1.12174603359615,0.148934292122755,-7.53181834490866,5.00385407772251e-14,1.04707702521445e-12
"RAB3IP",95.3606282404815,2.78398223131141,0.369799607336375,7.5283536706924,5.13840581298937e-14,1.07387491182576e-12
"PLD6",538.972290548287,-1.29056693923664,0.171750481668176,-7.51419691346214,5.72613424018515e-14,1.19218835149113e-12
"BIRC7",1981.59296268231,-1.04737289720291,0.139688869426885,-7.49789801793132,6.48493215965279e-14,1.34847483802227e-12
"C5",325.574879062064,1.52467559556978,0.203490996270281,7.49259487404873,6.75250846896258e-14,1.40235282532332e-12
"RBMS2",722.510303105541,1.17351124414635,0.156661109815415,7.49076299490681,6.84743690681378e-14,1.41850783080828e-12
"EPHB2",146.524876606659,2.28980301143249,0.305728857091809,7.48965286827627,6.90560107160825e-14,1.42876886171575e-12
"NR1D1",169.9919146965,-2.1418732463416,0.286039402475111,-7.48803566154832,6.99120337219356e-14,1.44287279571755e-12
"SETD7",761.630371040009,1.16661429964834,0.155795306663407,7.48812223316062,6.98659463687085e-14,1.44287279571755e-12
"STX1B",821.149836422812,-1.43289940969347,0.191443708698129,-7.48470356867607,7.17088040983594e-14,1.47811223591039e-12
"CREB3L2",1024.67911313343,1.07998539055185,0.144307106411412,7.48393767575701,7.21281708701938e-14,1.4830627133459e-12
"UTP15",674.396952069696,-1.20014425575652,0.160417197836612,-7.48139396487213,7.35383612164928e-14,1.51018232612331e-12
"ZSCAN10",122.530623757455,-2.41214366528381,0.322787799868961,-7.47284645288031,7.84784032528374e-14,1.60963386696526e-12
"PCDHGC5",159.945540892614,2.10232634756263,0.281469512631407,7.46910856493252,8.07399069327899e-14,1.65192452354949e-12
"TMEM57",1283.11978220547,-1.02583426380374,0.137520754111901,-7.45948690020281,8.68600641761315e-14,1.77494787931275e-12
"CCR1",1633.06489032739,-1.0191427104471,0.136762108651173,-7.45193767848767,9.19791761800805e-14,1.87261909487416e-12
"SEMA4F",537.206478252928,1.28525755122888,0.172628479205852,7.44522315866705,9.67806806444212e-14,1.96795310322661e-12
"PSMG4",613.253992318975,-1.22691861465125,0.165105466280876,-7.4311204970284,1.07681559254847e-13,2.18157303401007e-12
"GCFC2",730.40244425848,-1.18803410204702,0.160000708946157,-7.42518023746265,1.12626442276531e-13,2.27340705496503e-12
"PNMA2",149.56634889174,2.41820431249241,0.325676179736549,7.42518017267513,1.12626497406436e-13,2.27340705496503e-12
"MTERF3",713.28075144928,-1.24494956846325,0.167670053354822,-7.42499655456481,1.12782850887618e-13,2.27379019231652e-12
"LYAR",1964.83958518881,-1.09056960187235,0.146889719696759,-7.42441066756568,1.13283169749077e-13,2.28109857139505e-12
"RALGPS2",1241.94301734368,1.09036155062675,0.146881775125975,7.42339578679237,1.1415499494659e-13,2.29586084611902e-12
"RAB13",3107.60762305258,1.09461572800109,0.147581498419138,7.41702543832647,1.19779947848336e-13,2.406065166002e-12
"SLC35D2",512.882509854421,1.36196392272798,0.1837492411095,7.41207917107183,1.24334490171722e-13,2.48849393146596e-12
"ABCG2",5153.01714310838,1.0018070786198,0.135204427352188,7.40957303129019,1.26706685337585e-13,2.5329094875697e-12
"SCUBE3",338.968103809883,1.86922349855939,0.252468984577587,7.40377477133219,1.32366855376387e-13,2.64286633316038e-12
"SLC25A19",426.503519640052,-1.38930315475062,0.187677607592935,-7.40260477831728,1.33538749313681e-13,2.66305226342175e-12
"APP",14687.7738835696,1.17837829348631,0.159363672166671,7.39427171491068,1.42185400816542e-13,2.83207310988617e-12
"CHORDC1",1425.80539930905,-1.03131481374986,0.139574142907753,-7.38901054496517,1.47925438360396e-13,2.93932995887309e-12
"PRAMEF20",65.296101097041,-3.8470730530253,0.520785577791887,-7.38705758584321,1.50113596862786e-13,2.97923291999141e-12
"CHRNA4",99.3664798070728,-2.66426066166693,0.360860546195921,-7.38307551144823,1.5467424186301e-13,3.06606952253478e-12
"AGPAT3",904.24482091987,1.10766003748727,0.15015578533936,7.37673899799402,1.62213564548735e-13,3.20783622510234e-12
"HTR7P1",1122.13431071678,-1.06061986171133,0.143785404436867,-7.37640837653328,1.62616704760946e-13,3.21197099904915e-12
"GGT3P",295.256266748251,1.59965848383786,0.216939547382328,7.37375228786051,1.65891302787197e-13,3.27274474819271e-12
"KIF5C",771.810696174974,1.50392931302074,0.204073606912252,7.36954344942512,1.71213358749644e-13,3.36970691322724e-12
"WWC3",722.419823555803,1.1673496963288,0.158791051060788,7.35148289862959,1.9601984917513e-13,3.84421865349141e-12
"FNBP1",924.722758547165,1.1294148426709,0.153655389413958,7.35031063328458,1.97746751495505e-13,3.87349613106935e-12
"DIRAS1",1047.90883517666,-1.10737294502902,0.150679092454015,-7.34921432691116,1.99375276742338e-13,3.89617423924342e-12
"OLFML3",55.8237433485289,4.12501032226431,0.561274971537034,7.34935732296791,1.99162116158837e-13,3.89617423924342e-12
"GLIPR2",484.752414379163,1.4816513367794,0.20168496702646,7.34636477187221,2.03670076429556e-13,3.97540932200709e-12
"FTH1P3",4057.75757930347,1.12377305141981,0.153096562008408,7.34028927023252,2.13132701632758e-13,4.15032056167695e-12
"A2M",57.0857660055338,4.55568251480717,0.621115036854227,7.33468398685115,2.22245260314787e-13,4.32268337101099e-12
"VEZT",1258.81789641043,1.01001401600355,0.137851110984658,7.32684712360398,2.35630352545596e-13,4.57227854083788e-12
"C9orf3",280.272292208491,1.63930968209795,0.223888171146929,7.32200220181413,2.44298144114525e-13,4.71944100261744e-12
"CTSB",8478.30073117064,1.08103102792683,0.14770288522343,7.31895674408501,2.49906128923301e-13,4.82103292067422e-12
"NPC2",4392.05604209387,1.01143379625183,0.138246529440213,7.31616048769777,2.55166472545996e-13,4.91678166889561e-12
"MAN1A2",509.819904944456,1.35516772034022,0.185269177519176,7.31458809547507,2.58172089417518e-13,4.96891212097529e-12
"DHX37",1347.66893595994,-1.00278603568284,0.137199813680574,-7.30894604578328,2.69245844683192e-13,5.17602464715005e-12
"ADAMTSL5",430.88395718283,1.41365009676102,0.193645082761844,7.30021168933894,2.8731532298871e-13,5.51698750128668e-12
"GALNT1",3156.74026675818,1.11410963443685,0.152895499381811,7.28673923654675,3.1754667008249e-13,6.0904200268892e-12
"KLHL3",146.103720461965,2.36581926056711,0.324914816934348,7.28135233378768,3.30490274488619e-13,6.33133683256437e-12
"PRAP1",138.413630917763,2.2596824943297,0.310606994989657,7.27505346235022,3.4628328465542e-13,6.61856920048095e-12
"SHTN1",521.130630156039,1.28213545516783,0.176308868973988,7.27209846350381,3.5394543956683e-13,6.75721443565187e-12
"TRIB2",717.58907573748,-1.15602354509136,0.1589785119964,-7.27157104802655,3.55330402460707e-13,6.77583965614012e-12
"DUSP10",58.6076025380089,5.95178086376751,0.819373902961618,7.26381550871324,3.76321200902288e-13,7.15961898544216e-12
"RARRES3",68.1642878683329,6.59684711672829,0.91033108375536,7.24664601093761,4.27218592774747e-13,8.11862473892953e-12
"ADAM15",1217.24072665138,1.00675469370976,0.138995979892851,7.24304900390531,4.38708303751116e-13,8.3274080776244e-12
"WNT11",158.779736624595,2.15361686341191,0.297476989268526,7.23960824232992,4.49982626954156e-13,8.53162937152943e-12
"CPXM1",1464.0062555983,1.04521700759612,0.144661138161603,7.22527847408814,5.00076029497986e-13,9.44892516010349e-12
"MMP24",2295.78087064214,-1.03870004989042,0.143833674681609,-7.22153593162167,5.14036349306919e-13,9.69058047121654e-12
"AHI1",531.211507632438,-1.30155858414941,0.180351219445901,-7.21679946577699,5.32253758178265e-13,1.00225986409177e-11
"SBSPON",93.109247484647,2.64900488012772,0.367370291359005,7.2107215592429,5.56561582112877e-13,1.04684173944686e-11
"SUMF1",576.998660778353,1.26112439232391,0.174904422831056,7.21036307665049,5.58028839008321e-13,1.04841014111983e-11
"CARHSP1",1274.03158660682,1.00391148328883,0.139255694467039,7.20912338365056,5.63132193534425e-13,1.05679864709544e-11
"TERT",68.4631899026686,-3.35284650821558,0.465147749347954,-7.208132282518,5.67245122968809e-13,1.06331158271571e-11
"CSPG4",2322.37318883543,1.14385922575721,0.158826272001941,7.20195224215319,5.93564846036118e-13,1.11138974339251e-11
"SPATS1",159.454651413706,-2.01653794875904,0.280005616337707,-7.20177678981607,5.94329307026589e-13,1.11156369377448e-11
"RBP2",57.2701326641635,3.94919852999948,0.548814435135989,7.19587218769295,6.20627458473294e-13,1.15682721764076e-11
"PUS7",1142.61317257165,-1.03172522382615,0.143466764422458,-7.19138838865909,6.41357513859623e-13,1.19412256123785e-11
"FHDC1",89.7044972751138,2.71114470985272,0.377073295161127,7.18996742713966,6.48067812189183e-13,1.20526049745566e-11
"KCNJ2",1390.02683139039,-1.02208225177046,0.142177962979703,-7.18875295685854,6.53857572491923e-13,1.2146633602566e-11
"PTPN21",468.054147987541,1.29944899292706,0.180804810846467,7.18702664405596,6.62174924773962e-13,1.2287353536837e-11
"YDJC",1214.45628843325,-1.02188752114062,0.142444053603056,-7.17395703992165,7.28604825842372e-13,1.34596730773917e-11
"TM4SF18",1145.64778910307,1.12647399519173,0.157175639003987,7.16697576246632,7.66725999015787e-13,1.41166281821016e-11
"C1QL1",300.487821415486,-1.60806099192779,0.224406238911781,-7.16584797163308,7.73065268967855e-13,1.42175292577288e-11
"GJA5",96.0700838280891,7.68342053824509,1.07295701732319,7.1609770141712,8.01040814462754e-13,1.46993653669484e-11
"SGK1",158.388509713254,-2.07755583784056,0.290288032394474,-7.15687732871248,8.25354906077e-13,1.51287645685343e-11
"VEPH1",84.176492314438,2.89000735825381,0.403874406015855,7.15570809936483,8.32421048985673e-13,1.5241408410189e-11
"ADD3",1094.3708955872,1.1630502267799,0.162542127063059,7.155377180026,8.34431691109137e-13,1.52613407196005e-11
"CCNA1",189.808811865007,-2.00667976192734,0.280568850305038,-7.15218300159,8.54085992495706e-13,1.56035666090386e-11
"SULT1A1",736.151813472739,1.12328945579445,0.157383845712881,7.13726018516347,9.52095266998611e-13,1.73367226175589e-11
"EFR3B",192.23396091995,1.85247299353566,0.259743734004969,7.13192562905183,9.89743523171204e-13,1.79629767494844e-11
"CDH13",752.630189647407,1.40319950055741,0.197317264297047,7.11138736671817,1.14882195975697e-12,2.07601475518921e-11
"PPAN",1106.35494405256,-1.00754465955193,0.141727693318295,-7.10901755304212,1.1687188446864e-12,2.1095566321973e-11
"C2orf91",64.8912993859701,6.52330087920767,0.918836738056705,7.09952117609504,1.25189863334922e-12,2.25232893252134e-11
"LEMD3",985.315487049828,-1.18667671533919,0.167434671775104,-7.08740132947566,1.3665366679188e-12,2.45058666602297e-11
"SOX13",93.6078673549746,2.62867905304433,0.37108489274822,7.08376736540412,1.40287336424277e-12,2.51302596590329e-11
"LOC100130417",581.167201906992,1.24798188810867,0.176339226038441,7.0771655073308,1.4713277516034e-12,2.6309314477139e-11
"LRP5",931.801577969391,1.06088232135901,0.149934764115364,7.07562604055415,1.48775566857811e-12,2.65645435019471e-11
"CPA4",269.779515589643,8.59881792684015,1.21570037524159,7.07313915662104,1.51467455993102e-12,2.69869680473393e-11
"RPIA",784.926576823689,-1.29465447550473,0.183043562223453,-7.07293094484397,1.51694987350843e-12,2.69984454906576e-11
"SPSB4",89.7688906952597,7.58457416949579,1.07293170275814,7.06901860574953,1.56033229417756e-12,2.7740730540523e-11
"AMIGO2",3197.62515551899,-1.14523892386423,0.162100623739606,-7.06498776774546,1.60630142818725e-12,2.85273618448019e-11
"EHD4",749.743703321825,1.15446607396702,0.163465469646004,7.06244613291783,1.63596743545735e-12,2.9023079305134e-11
"INMT",53.1132043912764,4.78228188918868,0.67772447657828,7.05638065978321,1.70895276254488e-12,3.02530332894576e-11
"PLEKHA2",208.755131913704,1.71103252197047,0.242589835679703,7.05319131436977,1.74860167296889e-12,3.09218535160054e-11
"TMEM106C",2071.19408190291,1.09621785249559,0.155425100496992,7.053029716502,1.75063444728325e-12,3.09247613355736e-11
"TULP4",751.01244690067,1.20588896199587,0.171182824410395,7.04445066933154,1.86194596757131e-12,3.28560017646485e-11
"PDZK1P1",82.868794465406,2.82541463985776,0.401346732842849,7.03983465828803,1.92468082144118e-12,3.39268551187375e-11
"PPP1R26",516.821886099481,1.21684168342034,0.173173160730683,7.02673369410146,2.11424336687094e-12,3.7149635040815e-11
"CEL",362.59258327209,1.56089702448778,0.222259811346564,7.02284868789847,2.17389604889251e-12,3.81572931084505e-11
"DLG2",373.121662954477,1.35769259015533,0.193530812291958,7.01538206798377,2.29321425772881e-12,4.01664363956903e-11
"PSG6",1071.40092680386,-1.07454800972138,0.153283718016349,-7.01019014691943,2.37994454504701e-12,4.15964866368951e-11
"CHST2",407.279963468075,1.587483977835,0.226759085957541,7.00075135305602,2.54593432352305e-12,4.44049577691819e-11
"CATSPERG",296.09914868583,1.57931164004467,0.225627533162268,6.99964059310461,2.56619951730055e-12,4.4711299379325e-11
"PTPRH",246.844446555398,-1.60309508671421,0.229218235333138,-6.99375023276104,2.67633848509288e-12,4.65812351264536e-11
"HOXB13",979.882542204411,-1.08898563746423,0.155774963509152,-6.99076162775186,2.73397940991056e-12,4.75344823454197e-11
"PVRL1",511.137425758859,1.21295642330415,0.173583781920354,6.98772897954654,2.7937138879405e-12,4.84712287978943e-11
"RND2",700.321356654738,1.18917939701492,0.170189685267452,6.98737643909582,2.80074042274391e-12,4.85422570442484e-11
"KCP",291.813687979739,1.60987924672589,0.230405843558646,6.98714590680996,2.80534456395631e-12,4.85711958395449e-11
"TCP11L1",355.946642803605,1.59406825805171,0.228255843061924,6.98369091747305,2.87524261104659e-12,4.97293789948204e-11
"GPR87",52.9323093972517,5.47204697487661,0.7843232729323,6.97677496476499,3.02032904265779e-12,5.21842237098869e-11
"MAD2L1",1160.19600846433,-1.1078049377658,0.158964154609665,-6.96889773978296,3.19433771940051e-12,5.5133136529215e-11
"TANC1",511.133171074497,1.5198316707403,0.218139879571649,6.96723438980859,3.23231911799939e-12,5.57305687928396e-11
"MARCH2",560.301923828461,1.34054487536442,0.192489009627063,6.96426709224413,3.30117785609072e-12,5.6858580514062e-11
"SCRG1",51.9130540633495,5.77724261033332,0.83020896789143,6.95878126323592,3.43228935031667e-12,5.90553568881929e-11
"INPP5F",391.425294146822,1.36159507661368,0.195677451422127,6.95836473092836,3.44245048154198e-12,5.91686815892864e-11
"GJB2",49.9262477784779,4.20726094754815,0.605468886972176,6.94876489622412,3.68498053953987e-12,6.32060081766466e-11
"LRP1",2424.04826033735,1.07192682892447,0.154344770365575,6.94501554141128,3.78418662558682e-12,6.48404317046719e-11
"SUGCT",458.189763677233,1.57494668042905,0.22695232362241,6.93954860338577,3.93354775077054e-12,6.71910034785903e-11
"B4GALNT3",140.993636812118,2.10997031465998,0.304166054919406,6.93690265739566,4.00789782851853e-12,6.83904379975656e-11
"INPP5J",243.07556180045,1.58789124462931,0.229320088641039,6.92434428243607,4.37999526497233e-12,7.45094364088612e-11
"LOC100132735",250.784777426302,-1.65473246189381,0.239156185438944,-6.91904522083232,4.54697714084647e-12,7.72706012682657e-11
"AKAP5",104.009238168775,2.47418388763334,0.35761720909869,6.91852579988831,4.56367688107117e-12,7.74748510107591e-11
"NEDD4L",53.6755970226207,4.79240103039599,0.692826254207973,6.91717584500978,4.60736055722698e-12,7.81363032205133e-11
"SPTBN5",135.582536971648,2.23118112675386,0.322798711279757,6.91198895407045,4.77905078081101e-12,8.09650445486017e-11
"C12orf45",662.938613873997,-1.14178239420409,0.165205017299822,-6.91130579970178,4.80212605152529e-12,8.12727918249965e-11
"IRS1",1397.49566618355,1.09416591801801,0.158446706721495,6.90557690126839,4.99998135671854e-12,8.44486647106176e-11
"FNDC3B",598.295181630499,1.43107168672652,0.207410668840427,6.89970142195303,5.21119513809169e-12,8.79263016571801e-11
"ROR2",63.1157497971359,3.42856636510729,0.496988033410894,6.89868997765719,5.24842683264891e-12,8.8464318670066e-11
"KBTBD6",593.854218027641,-1.21276885005333,0.175833370183368,-6.89726215671454,5.30142971384141e-12,8.92668002273683e-11
"APH1B",231.895654769991,1.77267529529536,0.257568829066726,6.88233627383586,5.88788197880293e-12,9.87398404388512e-11
"STBD1",235.003393298075,1.64165302712676,0.238561041190184,6.88147997232295,5.92339035941865e-12,9.9234774523378e-11
"ADAMTS14",57.1341830560734,3.57221855930349,0.519797041017287,6.8723333867241,6.31601303385284e-12,1.05492076424149e-10
"HPSE",157.56262050591,1.97782904283322,0.287872118641925,6.87051268515996,6.39715747405499e-12,1.06688442190154e-10
"SEMA4G",630.27426814039,-1.16572950450492,0.169950920076564,-6.85921267139803,6.92410939320714e-12,1.14837533743852e-10
"ARHGAP10",374.082199786225,1.32397937738674,0.193258204866326,6.85083139576154,7.34220116490577e-12,1.2152811368152e-10
"ITGB3",56.7171589820588,6.32397863815768,0.923161811299713,6.85034688475057,7.36711265899103e-12,1.21818630101518e-10
"POLR1E",751.760647106206,-1.08103162979259,0.157924203722404,-6.84525616917344,7.63391413516908e-12,1.2610433808914e-10
"ZCCHC24",276.319128516838,1.4753843669215,0.215720660066951,6.83932807577913,7.95654819791722e-12,1.31302877140504e-10
"PTRH2",1317.13785456899,-1.1162441709614,0.16348303559656,-6.82788992073802,8.61726650946567e-12,1.41923378372812e-10
"RABEPK",737.961285640874,-1.17518186652347,0.172169916578528,-6.82570968190867,8.74917065092498e-12,1.43666937117173e-10
"FRY",47.9939365789383,4.63055717042808,0.678943376980404,6.82024057885718,9.08881748251782e-12,1.48948620763005e-10
"WDR36",844.740022010772,-1.16302882866214,0.170536122912155,-6.81983857027893,9.11428689747306e-12,1.49218275694336e-10
"B3GLCT",278.702184637198,1.56707673010603,0.229836919717503,6.81821150419243,9.21808648519867e-12,1.50768544963447e-10
"ALDH2",1335.05957645818,1.02092620076309,0.149925082730955,6.80957570385456,9.78870123804282e-12,1.59785584706198e-10
"ANXA2P1",1107.2340267108,1.05850907115712,0.15549738509192,6.80724676194004,9.94842124179527e-12,1.6223277674305e-10
"YOD1",773.135620986681,-1.1517811599288,0.169340015397729,-6.80158884610711,1.03471554126565e-11,1.68569012195168e-10
"FAM90A1",270.636215510326,-1.51397901185729,0.222765549803156,-6.79628880316144,1.07348481257143e-11,1.74713083753021e-10
"TMCO4",677.565836866605,-1.09372946057864,0.16093732638801,-6.79599621247423,1.07566603991405e-11,1.74896112894473e-10
"BMF",313.623323210857,1.45154238796342,0.213693252479684,6.79264492968216,1.10096119778538e-11,1.78833265414559e-10
"GSTM4",1031.71613380409,-1.07399670845027,0.158208730600476,-6.78847939917062,1.13321557210693e-11,1.83892001465823e-10
"PEG3",721.48178440058,-1.29339468859691,0.190555527845417,-6.78749497965833,1.14097228237233e-11,1.84969375297031e-10
"TVP23C-CDRT4",722.967849059627,1.10910116598136,0.163512029816487,6.78299429849977,1.17710284189443e-11,1.90639982769439e-10
"ALDOC",814.367167657997,-1.07710823278454,0.158987011228144,-6.77481905260111,1.24562058876929e-11,2.01539706601264e-10
"RNMTL1",805.236045322071,-1.07700648744812,0.159026183378711,-6.77251044177608,1.26566666735527e-11,2.04583151152973e-10
"BEGAIN",120.2610910587,2.19142142685147,0.323695082147816,6.77001767314694,1.28766665312595e-11,2.07936179927227e-10
"COA6",815.880303379267,-1.0920662110248,0.161370710990199,-6.76743756239088,1.31083188771966e-11,2.11264745915636e-10
"CORO6",390.917865990111,1.41319338071347,0.209012533621725,6.76128534603144,1.36772843805643e-11,2.20006230385908e-10
"FAM208B",1105.27976352188,-1.11796276947684,0.165415093263336,-6.75852939064682,1.3939937509063e-11,2.24013442378651e-10
"CAB39L",814.592135220784,-1.02884662847468,0.152242378965301,-6.75795159972621,1.39956263555628e-11,2.24690210899395e-10
"NANOS1",463.58861987889,1.22324358397557,0.181237459292319,6.74939711002347,1.48460744650995e-11,2.37422439175195e-10
"MANSC1",196.448883183466,1.68824495297964,0.250227580337281,6.74683802122873,1.51101797505073e-11,2.41412833233974e-10
"GAREML",660.358906748782,-1.19292587436066,0.176899392141647,-6.74352726664803,1.54586949241459e-11,2.46742833543358e-10
"CYCS",6469.4565369692,-1.01428227142947,0.150469753098456,-6.74077181987403,1.57547463553425e-11,2.50984178704166e-10
"PTGDR2",440.058828785245,-1.27964422163841,0.189938632560845,-6.73714559479357,1.61528307588996e-11,2.56908380438163e-10
"AFAP1",394.471277383935,1.41165265302292,0.209550741449984,6.73656720684934,1.62172300643196e-11,2.57608053766429e-10
"GSG1",2299.84733420481,-2.6657668514975,0.395882101036957,-6.73373927367492,1.6535737582077e-11,2.62164299289788e-10
"STAP2",216.527937425529,1.59860224744543,0.237446738538745,6.73246664613413,1.66810634685794e-11,2.64215275150169e-10
"MAP6",112.603261665593,2.31455896851841,0.343818820134418,6.73191469743721,1.67444806311524e-11,2.64966198285693e-10
"TMC6",1169.37870768073,1.01740913809363,0.151202017815652,6.72880661774022,1.7106021604386e-11,2.70170677095226e-10
"PCGF1",629.28828646005,-1.12078695765208,0.166924426028661,-6.71433764558604,1.88922393118253e-11,2.97247476320658e-10
"FAM47E-STBD1",227.207126170596,1.61669287539203,0.241028200007789,6.70748433311865,1.98008210863358e-11,3.11247094606866e-10
"RAB30",166.809152813955,1.79827610391298,0.268162078105211,6.70592992349739,2.00127751874896e-11,3.14280317745093e-10
"TRIM47",204.11208924651,-1.70659896299577,0.254677202335363,-6.70102760414533,2.06958937403563e-11,3.24699936673343e-10
"GGTA1P",46.9196692553717,5.29714848476789,0.791357941903788,6.69374527539891,2.17529939621639e-11,3.40961700816039e-10
"ZMIZ1",720.928632453574,1.04946311794402,0.156785917038078,6.69360576364226,2.17737529108202e-11,3.40964198845692e-10
"VSTM2L",419.859178407815,1.24779586456913,0.186477079146405,6.69141682334842,2.21020117173245e-11,3.45777408265742e-10
"MN1",96.2171314361922,2.39877435721179,0.358587809173085,6.68950336806887,2.23929231738786e-11,3.49338043707859e-10
"NCCRP1",51.1787798580379,3.6709748740575,0.549253949873919,6.68356572565418,2.33197196614864e-11,3.63111947165496e-10
"EFNA5",362.147097804943,1.38116256625864,0.206746823924951,6.68045361006369,2.38203778082548e-11,3.70211167588952e-10
"FAM111A",161.297484873892,1.84671086437394,0.276564517615444,6.67732390364603,2.43344734138774e-11,3.77492224879567e-10
"KLHL25",381.885414699288,1.3628480896259,0.204195652502815,6.67422676693431,2.48539060103539e-11,3.85189000265334e-10
"ZNF526",686.871184562846,-1.06082508719946,0.159121209099297,-6.66677367023696,2.61487862096806e-11,4.04878119123137e-10
"S100A3",257.648086741102,1.60898482867796,0.242108303627142,6.64572344100959,3.01731342636313e-11,4.65448013356594e-10
"CECR2",406.571695219006,1.31962118964328,0.19905926792489,6.62928786687393,3.373102020975e-11,5.1839911468132e-10
"UNC5B-AS1",234.91863869134,1.53684407371238,0.231848435978421,6.62865836134181,3.38751576889989e-11,5.20131363699731e-10
"NMRK2",1269.19274638046,-1.02126335295907,0.154145498427352,-6.62532064431573,3.46495214954378e-11,5.31528155507401e-10
"GPR161",319.308078359511,1.43323890310416,0.216530958520614,6.61909462229493,3.61405472924141e-11,5.53887350725961e-10
"IRAK2",170.478870272049,1.82930441258065,0.276445227993342,6.61723997140114,3.65967162189634e-11,5.60359710320336e-10
"AFF1",319.566417888356,1.44317476306233,0.218251061831823,6.61245242497097,3.7800462093554e-11,5.78256237128009e-10
"ABCC6P1",124.881528327137,2.04097940648537,0.308743299507189,6.61060307946165,3.82757487163702e-11,5.84986327565428e-10
"PTPRN",191.391837173816,1.6786120398674,0.25405103113793,6.60738132944653,3.9117752019177e-11,5.96203528012354e-10
"NPPC",73.0342171423713,-2.77694579123175,0.420402023076283,-6.60545296835516,3.96303711142977e-11,6.03460812036666e-10
"PCDHGA10",145.295301560478,1.90064807656786,0.287948692276336,6.60064840559812,4.09363362191165e-11,6.216314101824e-10
"GUCY1B3",321.231343454565,-1.35969486743929,0.206057957594181,-6.59860402051119,4.15047224384954e-11,6.2910821044137e-10
"SMAD7",538.425315581713,1.13026873735398,0.171328708924179,6.59707730508946,4.19342138877553e-11,6.35036695581085e-10
"TPPP",295.161373970717,1.43818299288913,0.218056451134326,6.59546179628128,4.23934196310038e-11,6.41403913832153e-10
"SYNGR3",738.631856206266,1.02304177187604,0.155117953164012,6.59525058839801,4.24538176187327e-11,6.4173113171257e-10
"KIAA1462",139.929135683215,2.2219635563548,0.337388395504135,6.58577350603502,4.52523223816588e-11,6.83409160639796e-10
"MTCL1",440.864271559028,1.24092237100896,0.188462056482934,6.58446795162364,4.5651718240381e-11,6.88812434197617e-10
"CYBRD1",821.113297934055,1.05633922688167,0.160552656810292,6.57939424901474,4.72368732847219e-11,7.12080807476062e-10
"PCDHGA2",139.690657338116,1.94371734034881,0.295738961316926,6.57240876106898,4.95077248838534e-11,7.41585395726282e-10
"PCDHGA7",139.690657338116,1.94371734034881,0.295738961316926,6.57240876106898,4.95077248838534e-11,7.41585395726282e-10
"PCDHGA8",139.690657338116,1.94371734034881,0.295738961316926,6.57240876106898,4.95077248838534e-11,7.41585395726282e-10
"PCDHGB3",139.690657338116,1.94371734034881,0.295738961316926,6.57240876106898,4.95077248838534e-11,7.41585395726282e-10
"PCDHGB4",139.690657338116,1.94371734034881,0.295738961316926,6.57240876106898,4.95077248838534e-11,7.41585395726282e-10
"PCDHGC3",139.690657338116,1.94371734034881,0.295738961316926,6.57240876106898,4.95077248838534e-11,7.41585395726282e-10
"PCDHGC4",139.690657338116,1.94371734034881,0.295738961316926,6.57240876106898,4.95077248838534e-11,7.41585395726282e-10
"PTCH1",647.349502226574,1.11420711980139,0.169827158308399,6.56083002801025,5.35090864076042e-11,7.98631558357678e-10
"PAMR1",44.0133839916971,4.93547578620484,0.752832071075642,6.55587876211631,5.53151587156499e-11,8.24101266481942e-10
"PCDHGB5",139.927165605927,1.93199560038878,0.29487099102,6.55200294103446,5.67704235974441e-11,8.44262400166123e-10
"DDAH1",1559.06793115665,1.00452607264165,0.153325152266693,6.55160655503135,5.69213497290424e-11,8.44988502883507e-10
"GPR3",548.730742181398,-1.13143682222375,0.172695095853275,-6.55164419483595,5.69070013197789e-11,8.44988502883507e-10
"KCNK15",530.613381947735,-1.17132937640962,0.178934976720704,-6.5461174661113,5.90521391742094e-11,8.75834236211034e-10
"FBLN5",60.1116477322534,3.16003645725128,0.482959029184584,6.54307356586046,6.0267164681262e-11,8.92255912168379e-10
"LOC102724279",506.827158893563,-1.16160103357342,0.177566961677579,-6.54176330213177,6.07976762194168e-11,8.97701281698293e-10
"C10orf54",93.2393444659576,2.34361455663209,0.358737402062587,6.53295291530046,6.44854217210766e-11,9.49610943351655e-10
"PCDHGA12",140.163673873737,1.9203681943771,0.294064514214038,6.53043159427031,6.55804351715595e-11,9.64877655964136e-10
"PCDHGA1",141.429447185414,1.90767217886926,0.292276733103208,6.52693821576155,6.71277200086589e-11,9.86765560908812e-10
"PCDHGB6",140.417567950596,1.92401977691251,0.294945108237033,6.52331475647419,6.87703335125536e-11,1.01001469414356e-09
"ABCA5",718.555715300855,-1.07323943678811,0.164837832402306,-6.51088054936771,7.47115389008091e-11,1.0895377902081e-09
"PCDHGA5",140.654076218407,1.91248296885842,0.294097559203867,6.50288623283913,7.87933863261374e-11,1.14704321061585e-09
"ZNF668",668.586083954697,-1.04133579455408,0.160161207624846,-6.50179784478931,7.93657093472548e-11,1.15233440448751e-09
"IP6K3",766.400408459352,1.01720018654533,0.156513108927422,6.49913731518185,8.0781902617714e-11,1.1718685820582e-09
"OAS3",90.9224398406018,2.35056078028636,0.361777048703674,6.49726340769525,8.17941797336931e-11,1.18551424076365e-09
"NDUFAF4",629.619483520983,-1.14400491917937,0.17608600962204,-6.49685299607233,8.20175325704384e-11,1.18771146028512e-09
"MYLK",87.2721804494535,2.47752861951382,0.381403416833448,6.49582177339463,8.2581376247499e-11,1.19483124095158e-09
"HIVEP2",185.997762000725,1.66300599701498,0.256050576030973,6.49483403940404,8.31249945082953e-11,1.2016462088221e-09
"ALPK2",44.1284738979469,5.2048806658941,0.801529906042614,6.49368242738703,8.37632251671908e-11,1.20981579665562e-09
"GREB1L",111.506819367937,2.09241096659017,0.322468723877888,6.488725298465,8.6565634529462e-11,1.24888490203643e-09
"IFT46",334.128809952777,1.31456800269795,0.202595548900464,6.48863220259496,8.66191316782152e-11,1.24888490203643e-09
"EML2-AS1",266.853054257429,-1.43067833788708,0.220559726928216,-6.48658011057799,8.78066012599715e-11,1.26490414626201e-09
"PCDHGA9",140.646531605075,1.91272994819799,0.295015264223237,6.48349485655982,8.96219347278348e-11,1.28993240314358e-09
"KRT75",251.499799010848,1.5299501060029,0.23616613923372,6.47827885473793,9.27747787827714e-11,1.33299317570524e-09
"ZNF473",649.061594345342,-1.14307042503932,0.17647438743756,-6.47725962751258,9.34034001299029e-11,1.3408613000435e-09
"PCDHGA3",140.385092914885,1.90932602001518,0.294971710800748,6.4729123170219,9.61317443546313e-11,1.37883243722518e-09
"NOL4L",526.106744741161,1.10943156961075,0.171656816310556,6.46307902858691,1.02593676682622e-10,1.46643396930117e-09
"PCDHGA6",141.407709437572,1.90874747574791,0.295429670717467,6.46092002577944,1.04068310806557e-10,1.4862283696895e-09
"PCDHGA11",141.905656395573,1.90076476526194,0.294431402473213,6.4557134507243,1.07710245978672e-10,1.53426849521427e-09
"METRNL",624.056186671718,1.091512031781,0.169206303310824,6.45077642158488,1.11278564279453e-10,1.58237353604253e-09
"MATK",654.648923487531,-1.04779850137951,0.162625817781648,-6.44300219775897,1.17132998538407e-10,1.66276620223646e-09
"MR1",239.82610433376,1.62226387907111,0.251875855346102,6.44072801992856,1.18901776277064e-10,1.68498476107702e-09
"MAGI1",417.867982108992,1.30000037456467,0.201845994225813,6.44055572938597,1.19036836788164e-10,1.68545570788511e-09
"DNM3",552.183039261154,-1.32277032327981,0.205418140960378,-6.43940363346467,1.19943839714865e-10,1.69422392806303e-09
"PSG7",1187.08580630812,-1.08801596667294,0.168962867106556,-6.4393791683636,1.19963173253375e-10,1.69422392806303e-09
"PCDHGA4",141.626831896334,1.88248128475782,0.292413220178067,6.43774342217315,1.21262754771936e-10,1.71111774679035e-09
"TNRC6C",276.001474185215,1.38695854305531,0.215487979341508,6.43636154227073,1.22371357249052e-10,1.72529020884694e-09
"TRIM38",52.0179952142672,3.34686884026348,0.520130368449946,6.43467300368863,1.23739427828098e-10,1.74309362503037e-09
"RCL1",612.535892655192,-1.13849668078336,0.176946409086113,-6.43413272223737,1.24180317683852e-10,1.74781685229857e-09
"PCDHGB1",140.614056569363,1.89812471363419,0.295080452448964,6.43256677248888,1.25466883657541e-10,1.76143160161121e-09
"MYL4",158.105955146187,9.40668339621857,1.46280894253156,6.43056186130446,1.27133126382553e-10,1.78331144735934e-09
"CHST11",759.287193234001,1.11952923444993,0.17428760745505,6.42345861990595,1.33212369000338e-10,1.86227291528176e-09
"C1QTNF1",63.4963102665015,3.24216557949381,0.504951823408825,6.42074239401024,1.35611346904215e-10,1.89261299659239e-09
"TANC2",477.327926184697,1.19605129652823,0.186409718726391,6.41624967142285,1.39672315496206e-10,1.94600687381582e-09
"LINC01123",261.957625296028,-1.41510883167025,0.220596787489828,-6.41491133108861,1.40904848232176e-10,1.96152821525566e-09
"ASTN2",528.061251546227,-1.14003323148488,0.177793763357577,-6.41211035727982,1.43518880801961e-10,1.99623908826391e-09
"AGPAT4",505.568347127274,1.22657850344107,0.1914400974584,6.4071138686482,1.48300063064861e-10,2.06100977653197e-09
"PSME1",672.427692933185,1.06904107825632,0.16685584627008,6.40697405667122,1.4843606469141e-10,2.06116924729213e-09
"GYG2",140.89080989423,1.96049107264509,0.306194566782458,6.40276244365224,1.52590519168904e-10,2.1170815367005e-09
"TRIM54",52.2547130721258,3.69728151997134,0.57783814413533,6.39847257834442,1.56938920231301e-10,2.17558878364196e-09
"EPS8",40.2497699848388,5.07100970303733,0.792875155607252,6.39572279087685,1.59789667881062e-10,2.21325404415677e-09
"ACE2",60.125030237925,7.00181440070249,1.09509041314893,6.3938231187403,1.61788576263181e-10,2.23906731965566e-09
"C1orf115",117.243957351749,2.12846936318818,0.332959305034025,6.3925811082849,1.63108655571272e-10,2.2554506825528e-09
"OVOL2",41.6486919241405,5.12046430796035,0.801091019389556,6.3918633264198,1.63876347574945e-10,2.26417471207052e-09
"DPYSL5",483.207495516453,1.14616466077318,0.179320794562414,6.39169965519111,1.64051893190751e-10,2.26470970483178e-09
"HAUS7",536.046252839161,-1.09664642278368,0.171911060279835,-6.37914989878236,1.78073674685503e-10,2.44806932175619e-09
"TNF",491.082203779729,1.1773583558236,0.184570733305507,6.37890056965207,1.7836378665488e-10,2.45002273586023e-09
"ST3GAL5",535.299364613582,1.11314470765027,0.174852253350762,6.36620167208969,1.93766626577915e-10,2.65498775092521e-09
"ANXA3",62.2992673339934,9.50685247770763,1.49481697070293,6.35987727195597,2.01915012181612e-10,2.76206386911574e-09
"SERPINE2",417.137120042266,1.46977974019362,0.231568130008988,6.34707263100746,2.19450542126139e-10,2.98467162963998e-09
"PRR5L",41.3759146619588,4.07043495864496,0.641626624529612,6.34393088290104,2.23975343704604e-10,3.04121401886678e-09
"ASUN",828.547393568009,-1.04650715498514,0.165134658896546,-6.33729564694689,2.33833038429371e-10,3.17246266564176e-09
"VWF",110.008582351823,2.78263818691313,0.439119930639211,6.33685240126209,2.34506442412005e-10,3.17899314889722e-09
"TMEM37",277.454264667891,1.39462142313337,0.220145760992149,6.33499103888311,2.37355068475723e-10,3.21497634485284e-09
"ARL6IP5",1378.94866777858,1.07254003246375,0.169352175276221,6.33319312677494,2.40138667067845e-10,3.25002061922075e-09
"LOC440040",58.0710822754446,-3.08757031378144,0.4876878828369,-6.3310375804724,2.43518018555303e-10,3.29306392412367e-09
"BDH2",825.911617422491,1.13701215535692,0.179941032821413,6.31880420785054,2.63594984976762e-10,3.5529512958757e-09
"DLL3",239.003783911102,-1.4977759568159,0.237477341612166,-6.30702679526359,2.84446601299635e-10,3.82155855901912e-09
"LOC100288911",310.173737845878,1.30137865179767,0.206417791037998,6.30458569125035,2.88965816368825e-10,3.8759823278256e-09
"SMIM15",1357.47224222571,-1.00036273614371,0.158710315711469,-6.30307319129995,2.91801007186054e-10,3.91084232465066e-09
"PCDHGB7",161.58095503643,1.70610734699269,0.270726139550559,6.30196755224692,2.93890702838683e-10,3.93566255128307e-09
"FUT8",440.063823912588,1.16452690330287,0.184891196692143,6.29844429663077,3.00647727165611e-10,4.02289505258302e-09
"CNIH2",390.522409732803,-1.19438366341735,0.189810313252952,-6.29251194494181,3.12369282210695e-10,4.17299141174449e-09
"CEBPA",482.774928658607,-1.18672225499965,0.188641383101164,-6.29089034171915,3.15650262928278e-10,4.21002671393139e-09
"COL13A1",38.5962263907723,4.73366537479766,0.752783485882912,6.28821628472059,3.2113430441543e-10,4.27627916869203e-09
"PLK3",826.983379293073,-1.07148543190456,0.17049846427453,-6.28442863965799,3.29061639543748e-10,4.37129073653941e-09
"XIRP1",41.1277172038851,4.59806847376734,0.731986992234708,6.28162593399337,3.35050231947206e-10,4.44371108909467e-09
"C16orf45",489.762493362854,1.12615842871229,0.17932708242174,6.27991273545509,3.38763118355647e-10,4.48935719377315e-09
"MAGI3",115.827800071495,2.0078405758639,0.31978088692003,6.27880107282964,3.41193799814428e-10,4.51458998375958e-09
"PARP10",136.941216920274,1.84730857771869,0.294214018983306,6.27879182678752,3.41214087775021e-10,4.51458998375958e-09
"MARVELD3",52.4035247245122,3.27734930333156,0.522502529029081,6.27240849804414,3.55505383457297e-10,4.69618923143271e-09
"TTC39C",193.664087909557,1.59775008844721,0.255008767914764,6.26547118952888,3.71699723132212e-10,4.9022898942505e-09
"CIART",189.706236941825,-1.58084079144707,0.252469629803878,-6.26150873146637,3.81270465821486e-10,5.01254070713045e-09
"GPRC5C",164.849870570067,1.72210655643737,0.275093298960148,6.26008180841528,3.84775567158971e-10,5.05059887994868e-09
"HLA-B",1267.79158001688,1.00731827058059,0.161053666056403,6.25455039457351,3.98662720296301e-10,5.22459647374852e-09
"EXOSC5",688.692657847108,-1.1015760286063,0.176142434232363,-6.25389352319912,4.00344011307225e-10,5.24247948983954e-09
"LOC102724776",135.724412464794,-1.91326004732684,0.306043701862057,-6.25159098418305,4.06292293605731e-10,5.30777430446887e-09
"PAM",51.2609619587018,3.24857483454402,0.519797380499323,6.24969450870147,4.1125628419479e-10,5.36838644794335e-09
"FBXO32",57.8187932550894,3.229411150471,0.517042328294604,6.24593185846658,4.21280820230198e-10,5.49058278460649e-09
"LOC100507351",254.935036132653,1.38729463114263,0.222278843602242,6.24123559696547,4.34127781064303e-10,5.64468423580231e-09
"PGBD5",44.9882666542377,3.57050265839393,0.572311845438804,6.23873625340805,4.41120016470546e-10,5.73109773361105e-09
"ABCB9",387.196865751129,-1.21064093813323,0.194236240055685,-6.23282729209624,4.58091126798168e-10,5.9469210437359e-09
"IQGAP3",933.100392157995,1.002497395704,0.160953043505268,6.22850847595926,4.70896617750272e-10,6.09881128090963e-09
"LOC100133920",127.899649676,-2.09592863818105,0.337093468594873,-6.21764831848458,5.04661062631275e-10,6.51316967779794e-09
"HSD17B6",53.6768584674851,3.10941875001886,0.500319686418631,6.21486388488244,5.13691593558641e-10,6.61682743702928e-09
"KBTBD8",318.899206346135,-1.3481703569684,0.217034851143797,-6.21176898485839,5.23914127932571e-10,6.73801604160056e-09
"LINC01483",579.051374320318,-1.08890977120093,0.175320599802785,-6.21096307237044,5.26608489854052e-10,6.76740972365239e-09
"SLN",56.2857310999605,9.36147941930203,1.50980755268177,6.2004454823887,5.63035614255034e-10,7.21871842536741e-09
"APOC1",1380.0101394996,-1.02214302455074,0.164986156303057,-6.19532600464491,5.81645146342122e-10,7.44577761968662e-09
"AMDHD1",51.0767774040971,3.16849587966436,0.511586896603483,6.1934656667334,5.88555135942012e-10,7.52259815452679e-09
"FZD7",1098.07138929144,1.04254567631615,0.168396251885322,6.19102660922716,5.97736165227851e-10,7.62228737045561e-09
"MYBL1",383.973272062832,1.40373104176491,0.226911822286666,6.18624022150564,6.16160904944449e-10,7.84515022972347e-09
"SLFN5",104.875372970154,2.08426276541224,0.337090610550607,6.1830935071368,6.28574553935848e-10,7.99091091915987e-09
"AP1S2",96.7231968056229,2.20968407237199,0.357406495176588,6.18255152660342,6.30737135351388e-10,8.01224947378064e-09
"PCDHGB2",143.752454858067,1.81435214242269,0.293652375278764,6.17857131480829,6.46842691810564e-10,8.21053698991445e-09
"WNT9A",80.2063309299094,-2.47250766156774,0.400385381370279,-6.17531952117189,6.60297953564636e-10,8.36849290000142e-09
"ANK1",693.834372230595,1.09467668406291,0.177347296273801,6.17250280699443,6.72173344184713e-10,8.51248140240655e-09
"ACP5",39.3750690223847,4.15251239532007,0.67280196030597,6.17196833587053,6.74450099624461e-10,8.53478444111932e-09
"SIGIRR",495.005616073404,-1.11189731586635,0.180263183108127,-6.16818862673359,6.90767130093012e-10,8.72792178419812e-09
"PRR20A",58.2217133528288,-9.21855797203048,1.49471824353564,-6.1674218615441,6.94123936208213e-10,8.73698813088847e-09
"PRR20B",58.2217133528288,-9.21855797203048,1.49471824353564,-6.1674218615441,6.94123936208213e-10,8.73698813088847e-09
"PRR20C",58.2217133528288,-9.21855797203048,1.49471824353564,-6.1674218615441,6.94123936208213e-10,8.73698813088847e-09
"PRR20D",58.2217133528288,-9.21855797203048,1.49471824353564,-6.1674218615441,6.94123936208213e-10,8.73698813088847e-09
"PRR20E",58.2217133528288,-9.21855797203048,1.49471824353564,-6.1674218615441,6.94123936208213e-10,8.73698813088847e-09
"DOCK11",57.501518111287,3.09486608292425,0.501832961188411,6.16712396809322,6.95432365775525e-10,8.74016440267007e-09
"FAM43B",271.51911313584,-1.38301306767986,0.224339201536871,-6.16483012422848,7.05588471637527e-10,8.86107768023091e-09
"SLC4A8",243.749837828397,1.39258971173536,0.22603009519581,6.16108094158415,7.22500473653354e-10,9.06658668681601e-09
"NXPE3",603.154751807559,1.08169286310468,0.17559947171778,6.16000066812933,7.27446373823465e-10,9.12173665115605e-09
"KCNJ13",37.1895366583129,4.68259345938349,0.760341698798249,6.15853828191261,7.34194379724841e-10,9.19938332566659e-09
"SERTAD4",287.428739101719,-1.34703799343974,0.218792036715455,-6.156704849325,7.42740846227321e-10,9.29240097260364e-09
"NLRP4",59.3070688278684,-2.98354427502928,0.484979739756518,-6.15189466786211,7.65627228772398e-10,9.55706024935198e-09
"CDC42BPG",302.36174965521,1.3078668737774,0.212609628176322,6.15149410210511,7.67563812564329e-10,9.57401373441204e-09
"RENBP",213.63374778063,1.46734831386359,0.238878297717128,6.14266062629589,8.11505461644745e-10,1.00992769933412e-08
"JPH2",54.1841422231233,3.05920458926399,0.498178359863116,6.14078176760742,8.2116334748175e-10,1.02117924323951e-08
"CRYL1",304.077476204351,1.3381269559149,0.217979662864932,6.13876972891755,8.31630123339071e-10,1.03264379606214e-08
"TRIM55",6453.6154615926,-1.08702309790862,0.177252695606221,-6.13261814829333,8.64444649001821e-10,1.07178185994593e-08
"ECSCR",44.0309360868058,4.16076448408728,0.678756910384346,6.12997734598568,8.78915869163763e-10,1.08809390175008e-08
"DYSF",40.1960047055993,4.02864655337462,0.658350075286053,6.11930750007763,9.39828885781821e-10,1.15916898043671e-08
"GAD1",520.914657640196,-1.31804985400361,0.215815146285189,-6.10730931860489,1.01324752787136e-09,1.24508337649048e-08
"LINC01411",161.159926330183,1.67799735885771,0.27498940142603,6.10204375207194,1.04720698326317e-09,1.27882487194467e-08
"FAM126A",731.629267143696,1.05209119296161,0.172472509674324,6.10005150935794,1.06034290210871e-09,1.29240027361586e-08
"FCHO1",611.028315525126,-1.01246326799818,0.166044214215302,-6.09755222597138,1.07704936826807e-09,1.31179699364041e-08
"EPPK1",349.805643542071,1.34445619549732,0.22053716266383,6.09627955333184,1.08565489269765e-09,1.32130586646555e-08
"A4GALT",180.776147739599,1.87694607328155,0.307896788344915,6.09602355182394,1.08739399795797e-09,1.32245007011024e-08
"PHOSPHO1",171.193056556745,1.64897030948393,0.270505308283658,6.09588891229735,1.08830973967237e-09,1.32259198319068e-08
"ZNF850",198.006230697023,-1.59282136355662,0.261352670022026,-6.09452875848708,1.09760300227818e-09,1.33290718222366e-08
"NCK2",333.744411137239,1.21448383140777,0.199315253510703,6.09328092063238,1.10619688870049e-09,1.34235857051103e-08
"MFSD6",58.7333031930131,2.78472676771127,0.457642879586614,6.08493410894254,1.16539227939093e-09,1.41315553175668e-08
"SGCE",381.117123694478,1.20885525377336,0.198800618409196,6.08074191844384,1.19627710817482e-09,1.44848417662836e-08
"FAM71E1",366.850572746796,1.38133921269012,0.227311970009838,6.07684325920159,1.22571463532122e-09,1.48087800319977e-08
"DCSTAMP",161.720555893316,-1.66279626885927,0.27366340510105,-6.07606365288513,1.23168534552902e-09,1.48660217372809e-08
"HTR2B",243.796449350183,1.59693068110425,0.262826405075317,6.07599027444227,1.23224878102642e-09,1.48660217372809e-08
"CEP41",48.2884735142287,-3.37027365083125,0.55556862539098,-6.0663498563466,1.30849934698107e-09,1.5762941187213e-08
"C1orf233",179.698840738991,-1.58635114408578,0.261734107135431,-6.06092634027609,1.35339806102607e-09,1.62682968090802e-08
"CTSV",867.803021856422,1.02088127497521,0.168540672668653,6.05718049424329,1.38528124452514e-09,1.66273931540103e-08
"GATS",505.166778225497,1.04761102474958,0.173039067292158,6.05418788452435,1.41127816575629e-09,1.69148994928299e-08
"PRMT3",638.352305582774,-1.03845305811457,0.171546674846988,-6.0534723802768,1.41756386986142e-09,1.69732933635826e-08
"CDS1",52.5336069713833,3.13758215396989,0.518679430361933,6.04917405685529,1.45590298280385e-09,1.73617479620817e-08
"TMEM92",71.664165273759,2.50915254833789,0.414884703593868,6.04783094339895,1.46808884332244e-09,1.74944611480728e-08
"CCNDBP1",467.346696096007,1.08767810454269,0.180020659495809,6.04196267022349,1.52250696349648e-09,1.81038328015759e-08
"LOC100419583",341.935014916684,1.19970898974221,0.198681820047961,6.03834306255402,1.55704758862579e-09,1.84879854282167e-08
"NAF1",473.941869854343,-1.08391670078544,0.179543875182182,-6.0370575141346,1.56949795378517e-09,1.86224588753062e-08
"ZNF641",378.241630674503,1.15025764887757,0.190551789264793,6.0364568252842,1.57534875291805e-09,1.86784903712748e-08
"RPRM",967.26939843768,-1.18178280807851,0.195931027730248,-6.03162664825885,1.62317440661336e-09,1.92317700631814e-08
"FAM107B",693.478668822482,1.16858928744281,0.194038557260901,6.02245916450278,1.7178672033613e-09,2.03100985357401e-08
"KCNE1",201.282877042038,1.62630333609639,0.270062966651549,6.02194131339281,1.72337387019e-09,2.03606597426016e-08
"AASS",89.4315093393586,2.18940251356211,0.363846600119203,6.0173779632538,1.7726485822972e-09,2.09129574726895e-08
"ITPKB",668.446550234617,1.01124582269537,0.168146335026181,6.01408185636586,1.80909084924307e-09,2.13276864221305e-08
"BBS4",441.539313740269,-1.18835819944572,0.197636908059941,-6.01283541172029,1.82306109275116e-09,2.1461811669429e-08
"ETNK2",260.136821929488,1.40843674567392,0.234444406965863,6.00755106040554,1.88346500365733e-09,2.21257010223819e-08
"NCR3",296.393706509179,1.28939575751464,0.214750667008384,6.00415251545785,1.92333846192046e-09,2.254610355645e-08
"GSTM5",1236.77522348798,-2.6473075565139,0.441047464856435,-6.00231895080867,1.94519110167273e-09,2.27861310084126e-08
"RIMKLA",61.479228642262,2.66680821532973,0.445600628630339,5.9847496704096,2.16722915448148e-09,2.53512204699487e-08
"DBP",482.395217661092,-1.13597158764716,0.189848066878095,-5.9835825896325,2.18282274386261e-09,2.54975879014918e-08
"KRT19",66.0333586530313,2.56489486167619,0.429443375685478,5.97260315770875,2.33497404872289e-09,2.71980932121473e-08
"ZNF705E",64.431110825477,-2.61677895993662,0.438349167103643,-5.9696222927188,2.37803459805464e-09,2.76607369409701e-08
"C6orf223",43.818476883662,3.33351145357999,0.558973182741716,5.96363395687321,2.46689033706783e-09,2.86575745312189e-08
"MAP2K6",131.912006614813,-1.82867120385067,0.306643998193326,-5.96349908892645,2.46892830362e-09,2.86575745312189e-08
"IGDCC4",339.107924458141,1.28845990755584,0.216123253172633,5.96169032550447,2.49641919679845e-09,2.8936085816112e-08
"SLC16A12",36.8937749378645,5.27653274490386,0.886344389850859,5.95314056852293,2.6304517879228e-09,3.04044958056552e-08
"LLGL2",322.807073262562,1.20919426250502,0.203183632195841,5.95123853942883,2.66120888267691e-09,3.07385411207734e-08
"EPS8L2",943.082365160024,-1.00753523707464,0.169376932391221,-5.94847965924588,2.70644512603951e-09,3.12174771611192e-08
"ADGRB1",183.983847006275,-1.59659776602171,0.268567181106491,-5.94487293437628,2.7667138769448e-09,3.18904234618317e-08
"C1S",130.559760164871,1.78995915232046,0.301109434571952,5.94454688829332,2.77222611169986e-09,3.19317234522311e-08
"HIPK2",150.939809423889,1.71952173975337,0.289342925722584,5.94285046181502,2.80107944708796e-09,3.2219226551911e-08
"GPER1",82.8289716548274,2.30575974691584,0.388065428577526,5.94167781285677,2.82119493714312e-09,3.24131090712e-08
"HLA-DOA",149.517601798482,-1.71818555429614,0.289267957472912,-5.93977144688428,2.85419712673753e-09,3.2739203632543e-08
"KLF5",63.1868165056347,2.85330642354373,0.480414093421594,5.93926461070694,2.86303432771314e-09,3.28178283880248e-08
"NOS1AP",49.5339559595226,3.26290055562833,0.550244910666383,5.92990592439418,3.03108291375665e-09,3.46481245776934e-08
"BTBD11",132.574166018905,1.77007681695967,0.298518928374132,5.9295295832673,3.03803776245872e-09,3.47036584156085e-08
"LINC00113",43.8968241951961,9.00279211604749,1.52002754394722,5.92278222318849,3.16539915301256e-09,3.60589723197962e-08
"SNX25",245.079790329603,1.32789288175575,0.224194313261348,5.92295523663794,3.16206938849557e-09,3.60589723197962e-08
"CDH23",188.146688403068,1.50143543441173,0.253660866962452,5.91906608374863,3.23774861449358e-09,3.68324502179365e-08
"ITGA7",91.7835203831187,2.08973845726215,0.353106265072857,5.91815740462995,3.25568318052533e-09,3.6985633496263e-08
"LOC101927746",262.442437597759,-1.38488765699839,0.23416400026462,-5.91417833413069,3.3353636125083e-09,3.78648412306155e-08
"MPP1",154.481251553858,1.66928186133616,0.282571238930081,5.90747263471214,3.47396012720598e-09,3.94112323684122e-08
"RTP1",37.5766720169387,-5.10085428837328,0.863660263910955,-5.90608888878924,3.50325000425219e-09,3.9716297308481e-08
"DDAH2",2630.54275297692,1.04674877733968,0.177260604157155,5.90514052638372,3.52346277563102e-09,3.99181080508177e-08
"CX3CL1",34.3879979352782,5.17022319965607,0.876372955407869,5.89956954713398,3.64451131268648e-09,4.12330493831761e-08
"PAQR9",34.1273426332342,4.5507819063174,0.771614249180644,5.89774218289741,3.68509163593423e-09,4.1663686310098e-08
"TIMM8A",408.900860516505,-1.10634938228077,0.187646751350958,-5.89591545985012,3.72609720067187e-09,4.20985398399459e-08
"GRK5",132.121520605009,1.81330965829799,0.307973259787581,5.88788019956243,3.91180501667963e-09,4.40164491067853e-08
"MC1R",645.200763610998,-1.03935040976016,0.17661986061011,-5.88467461229935,3.98837869160021e-09,4.48171378841593e-08
"SGK3",244.575082146417,1.31702653263396,0.22423458865543,5.87343166159688,4.26865044587183e-09,4.77719419743546e-08
"ALKBH2",775.820936353448,-1.087979041895,0.185329740541951,-5.87050431686504,4.34471468101195e-09,4.85903495946688e-08
"TRIM16",542.668538339866,1.062332464433,0.181008435852211,5.8689666005421,4.38519755464259e-09,4.89769162783024e-08
"MS4A4A",34.2977257474019,4.56338477334064,0.777769402370268,5.86727217531782,4.43023118226307e-09,4.94131984695541e-08
"TRIM51",39.9538050269755,-3.81314010723014,0.650073631379048,-5.8657049342873,4.47228502177309e-09,4.98151155318898e-08
"MUC4",67.3724680149001,3.11858734678437,0.531981116033536,5.86221437715051,4.56734816846092e-09,5.08049194410106e-08
"ZC3HAV1",509.40824844869,1.13327661838316,0.193467625346759,5.85770676800291,4.6930233486832e-09,5.20985395488963e-08
"DUXA",48.6464001435997,-3.4951944379115,0.597452228947509,-5.85016553385154,4.91084027782105e-09,5.44071139748956e-08
"MUT",456.213539203177,1.04562399944217,0.178797685069412,5.8480846608067,4.97265464481192e-09,5.5055103465503e-08
"CCNJL",133.904345011649,1.80525129319604,0.309060186367803,5.84109947778154,5.18574256764928e-09,5.73376158849238e-08
"SDC2",232.642942387025,1.47943546929953,0.253335695083698,5.83982240959273,5.22564956538058e-09,5.77402881216151e-08
"TPST1",402.115050091324,1.09079132695773,0.186837639754939,5.83817761982243,5.27748791449127e-09,5.82741694200531e-08
"MCHR1",64.8322655963941,-2.62380686434208,0.449499752082952,-5.83717088203838,5.30946343857812e-09,5.85491264725816e-08
"SPAG1",295.315666028416,1.26205916380655,0.21626464262132,5.83571659476681,5.35598684617552e-09,5.90228324087198e-08
"BVES",500.072867477253,1.05878235299218,0.181629674685347,5.82934674538397,5.56447730697605e-09,6.11981583953938e-08
"UNC5A",57.8608271847391,2.80845486962528,0.481770609213342,5.82944417097395,5.56122981687486e-09,6.11981583953938e-08
"HLA-DPB1",64.3236268424193,2.88047076161136,0.4944571550103,5.82552144796319,5.69345464635786e-09,6.25750739087087e-08
"WDR86",186.510042037935,1.4674052016246,0.252060754713979,5.82163297610417,5.82754122361267e-09,6.37524536240826e-08
"MOB3B",47.853705576735,2.9886722485105,0.514243744138919,5.81178144133753,6.18115070264231e-09,6.73981597036465e-08
"USP26",35.6111276513776,-4.41562734484654,0.762180017770428,-5.79341788277707,6.89682147526505e-09,7.46606861076436e-08
"CNN1",292.39598101465,1.36397064484795,0.235460039093805,5.79279036093492,6.92264976867422e-09,7.4891306517056e-08
"KIAA0922",283.463653074416,1.30402953746991,0.225289416945387,5.7882414325127,7.11271304499767e-09,7.68470145697137e-08
"ITGA11",34.7795746825804,3.96500300734018,0.685052211206935,5.78788440132844,7.12784345069674e-09,7.6960251008436e-08
"SPATS2L",33.0034376447337,4.77086212579938,0.824635904752027,5.78541644658804,7.23329071159977e-09,7.80478669220335e-08
"SYT5",140.120714091407,-1.67108879230883,0.289411996613934,-5.7740826636776,7.73734469087676e-09,8.337794877825e-08
"DLX4",663.50421327161,1.00948776463387,0.174970692676511,5.76946772737665,7.95223050081196e-09,8.55821321517812e-08
"ANXA2P3",177.955310612254,1.49629045555093,0.259594743559874,5.76394743218602,8.2169017850559e-09,8.81439781894007e-08
"PRSS33",542.998383995183,1.30779503750102,0.22778440880248,5.74137204726359,9.39125050360571e-09,1.00416006676797e-07
"FAM95C",714.015458390876,1.13960575624156,0.198546830633731,5.73973280058972,9.4826046605212e-09,1.0126198215545e-07
"C8orf44-SGK3",257.703343672522,1.26164295091242,0.219825912315641,5.7392822239303,9.50786598278336e-09,1.0146627836688e-07
"BLOC1S3",391.503092523594,-1.09668155461283,0.191430442847416,-5.72887748834687,1.01097371594024e-08,1.07731853073098e-07
"PPARA",161.220408447094,1.55267394661556,0.271198585050124,5.72522878881756,1.03294439985043e-08,1.0995045470305e-07
"C14orf37",70.5970644592286,2.44958024795384,0.428023324686659,5.72300645005058,1.0465529027084e-08,1.11327401321526e-07
"PYROXD2",35.5154303986243,3.83805370823066,0.670719477360558,5.72229350388678,1.05095543244675e-08,1.11723919832104e-07
"SLCO4A1",309.573532161014,-1.17358197986811,0.205547456232453,-5.70954270794238,1.1328012933658e-08,1.20193121844812e-07
"LOC647859",66.528912142605,2.38319104880135,0.41776976638893,5.70455605105392,1.16646706068765e-08,1.2344861117968e-07
"BRDT",35.3099105381217,-4.16842162452099,0.731552733143415,-5.69804668299121,1.21187871400521e-08,1.28086404039398e-07
"AQP1",61.4403124472333,2.65964111060682,0.466942378849915,5.69586576647326,1.22747426563224e-08,1.29408624488821e-07
"AMER1",369.355289139118,-1.11312439680057,0.195496727047038,-5.69382625281876,1.24223500155027e-08,1.30881436955188e-07
"ANOS1",47.4627995135728,3.04377312955471,0.534631271690189,5.69321940321989,1.24666019714791e-08,1.31138695077282e-07
"PDGFC",444.064852557476,1.11559191908726,0.195949055307689,5.69327531248112,1.24625186264528e-08,1.31138695077282e-07
"ZBTB11",621.398666617762,-1.21469021741889,0.213402538104695,-5.6920139198296,1.25549615667999e-08,1.31858961836086e-07
"BOC",52.6639135427421,2.76386381016855,0.486604374344595,5.67989922797381,1.34774122416509e-08,1.41099384834791e-07
"GSTM1",600.251235034333,-1.00300317052302,0.176717798606951,-5.67573373157429,1.38095442585734e-08,1.44393920763049e-07
"SLC30A3",101.040439360761,1.93476368190256,0.340967588844712,5.67433311904526,1.39229967881146e-08,1.45488284619238e-07
"WIF1",172.545633166425,-1.56215494194897,0.275350262601003,-5.67333739649493,1.40042025239144e-08,1.460602143515e-07
"C14orf132",72.8156878775728,2.26014971143212,0.398528212870187,5.67124142894326,1.41766446855078e-08,1.47765631507888e-07
"SLC2A12",176.56348578197,1.52058448868115,0.268432101908041,5.66468942377861,1.47291070187244e-08,1.53138303626838e-07
"RAPGEF2",408.424001638575,1.04937145796729,0.185460115317721,5.65820557250035,1.52963851169449e-08,1.58936451007954e-07
"LOC103908605",180.804310880074,-1.53903845083531,0.27227519954679,-5.6525105973555,1.58121046367526e-08,1.64191942250646e-07
"CAPG",119.236542161677,1.9598595343788,0.346775718278935,5.65166310982118,1.58902799070981e-08,1.64900258948143e-07
"IGFBP3",88.6391954061909,-2.04954184250381,0.362898079112829,-5.64770650622976,1.62602460202244e-08,1.68528235520823e-07
"FN1",88.3452463494388,2.09689737055328,0.371608649054009,5.64275717449331,1.67348293836601e-08,1.73013676426197e-07
"FOLR3",31.4094833871377,4.69663329479462,0.832464313834469,5.64184340006258,1.68239087527364e-08,1.73717615517962e-07
"BSPRY",39.8503127403724,6.40387139519846,1.13553966179554,5.63949601291121,1.70548600952711e-08,1.7599254631978e-07
"TMEM56",107.044878939609,1.94333341088883,0.344639585078676,5.63874115170257,1.71297803776503e-08,1.76655529477177e-07
"MAP1LC3C",33.1947193083561,8.59899709966979,1.52989798238834,5.62063431592073,1.90257606550282e-08,1.95114244338306e-07
"RHBDL3",67.8957507402684,2.34472295945934,0.417598556962217,5.61477744682793,1.96815395307358e-08,2.0171445344442e-07
"SEC24D",426.645814938306,1.0401866662014,0.185280789708833,5.61410963239117,1.97576923414143e-08,2.02369630962307e-07
"SRFBP1",248.42981096827,-1.25666924206685,0.224169853187186,-5.60587975679988,2.07199777985487e-08,2.11701896618258e-07
"LOC401010",413.951089490728,-1.06300115006706,0.189703510008341,-5.60348698882967,2.10081893392826e-08,2.14514219582853e-07
"TNRC6C-AS1",187.330846970992,1.41822309443444,0.253431582845797,5.596078746418,2.19254145533642e-08,2.23191550853189e-07
"ADAMTS3",212.91775469421,-1.51613484709589,0.271065792119423,-5.59323563198978,2.22876484904387e-08,2.2646111590776e-07
"MAP3K8",77.5715167739664,2.3121815679068,0.413430199151179,5.59267700485833,2.23595014377446e-08,2.27051820734692e-07
"ZNF239",282.583395309565,-1.34084099084326,0.239763017399859,-5.59235951142169,2.24004389267484e-08,2.27328059543556e-07
"TAF1A",224.41496543802,-1.34509493911513,0.240620722538232,-5.59010431406801,2.26933242761639e-08,2.29807513442904e-07
"CXorf23",241.421399775441,1.25812901267306,0.225078757787232,5.5897279025432,2.27425699420136e-08,2.30094754083258e-07
"PDCD2L",431.674912839539,-1.06608857215415,0.191023460109014,-5.58093006767731,2.39235826582384e-08,2.41090995810285e-07
"PPP1R12B",322.008572413827,1.20099293742318,0.215237138487677,5.57985924669754,2.40713293528368e-08,2.4235318944535e-07
"RPS6KL1",302.489195040626,1.17298613460481,0.210505850667368,5.57222581171063,2.51505132015203e-08,2.52450754706831e-07
"SNTB1",31.8482895965072,5.48068723687477,0.983643293046408,5.57182392806311,2.52086123754051e-08,2.52880576992549e-07
"PIR",268.668590775852,-1.3056682791915,0.234821592316431,-5.56025647518847,2.6937848827334e-08,2.69248353737942e-07
"ATP1A3",208.485059108297,-1.34246717102503,0.24145813904711,-5.55983399989308,2.70031362153602e-08,2.69738026938227e-07
"FAM155B",266.593431026525,-1.21755732521704,0.219026740256589,-5.55894373349425,2.71412169641045e-08,2.70953813745391e-07
"PDE6B",38.9585765871419,3.45641884302821,0.621900146676851,5.55783570963559,2.73140292558104e-08,2.72350489302514e-07
"TCF7L2",521.289014946141,1.01869313491436,0.183479618202446,5.55207790867738,2.82293721797995e-08,2.81138729434441e-07
"DUSP13",35.9767577439819,3.85107535137247,0.694039296481172,5.54878574008373,2.87660445093922e-08,2.85779327668464e-07
"HES7",248.434738933349,-1.28164972897529,0.230996978643049,-5.54833979433027,2.88394972619317e-08,2.86181869711927e-07
"NUFIP1",686.527869164556,-1.05277286663502,0.190109084603125,-5.53773045003507,3.06416367741555e-08,3.02794251872133e-07
"ZNF469",340.207349656092,1.11397348323785,0.20149470339522,5.52854970610742,3.22888944455288e-08,3.18311960013337e-07
"LINC00312",33.6151456469572,3.74739987848736,0.678463502980785,5.52336251253517,3.32572554440406e-08,3.27273538709727e-07
"SH2D3A",306.461538708489,1.16824789045609,0.211640545674443,5.51996257018327,3.39071879713438e-08,3.33471048901772e-07
"KLF9",282.621864067454,1.23742114038491,0.2241916647936,5.51947879741261,3.40006613423304e-08,3.34191773478772e-07
"FOSB",233.355621967992,-1.32040159183848,0.239396733094156,-5.51553722046474,3.47716141119421e-08,3.41364031305377e-07
"SLC4A11",321.992002988135,-1.255579554444,0.227955416320016,-5.50800491917837,3.62923268093184e-08,3.55660505238507e-07
"SRD5A1",392.75886661828,1.08346548049974,0.196910019263473,5.50233799454372,3.74787565902724e-08,3.66203293436947e-07
"SUSD6",422.352042109837,1.01374439020193,0.184358924844463,5.49875408015744,3.82484116146631e-08,3.73282847314802e-07
"CASZ1",96.5887182324453,1.87458009335492,0.341052747200055,5.49645211406354,3.87508256800847e-08,3.77963268507226e-07
"CTSS",98.5279580267556,1.95219760050579,0.355246486817327,5.49533260130348,3.89974714459065e-08,3.7992121681733e-07
"MOCS1",87.2365022158067,2.00297552099895,0.36462661316411,5.49322361200623,3.94662557531939e-08,3.84036134760062e-07
"FOXN2",321.210365999481,-1.14062463983455,0.207910207846169,-5.48614063566558,4.10809884116389e-08,3.99044906214464e-07
"CILP",31.5711445775676,4.43031873445331,0.807860323262158,5.48401574738018,4.15777736427574e-08,4.02924654177354e-07
"IL17RC",204.882067480284,1.37631627657768,0.250967608305768,5.48403949764241,4.15721889283509e-08,4.02924654177354e-07
"KIAA1161",194.681897282188,1.35478633077697,0.247626204822311,5.4710943526721,4.47265085200048e-08,4.31921335486068e-07
"SPNS3",116.764430011461,1.73690836950215,0.317592188442629,5.46898958069276,4.52608351945783e-08,4.36826439732163e-07
"CD24",49.1567133749544,2.77057311214597,0.506699898088346,5.46787777656689,4.55455752160807e-08,4.39318392177487e-07
"AMHR2",35.9058320637069,3.57389382841015,0.654065145829682,5.46412517345907,4.65195205013479e-08,4.48451428851666e-07
"SORCS2",41.6162293946817,3.06895078999381,0.562059390125576,5.46018951717566,4.75626590790334e-08,4.57973899404398e-07
"TRIM2",96.0198697073444,2.07614009314581,0.380336603305959,5.45869126215989,4.79656981882602e-08,4.61317975835028e-07
"REEP1",64.175067838738,2.32014159364993,0.425237347015515,5.45610965248846,4.86679455502878e-08,4.67528229357929e-07
"LIX1",93.0629413554248,1.90967865076598,0.350027624458293,5.45579410688347,4.87544604878643e-08,4.67816713040655e-07
"SDE2",588.836579700781,-1.02779029025366,0.188921353072037,-5.44030769175022,5.31886271133245e-08,5.07422568288039e-07
"ITGAE",534.82250474829,1.05292237009299,0.193655941028383,5.43707755363243,5.41615677639863e-08,5.16390759287949e-07
"TNKS2",1889.76888840458,-1.01842917467113,0.187377001114253,-5.43518771575464,5.47387746567532e-08,5.20710458688839e-07
"FAM155A",38.2701882474308,3.3225466653086,0.61175828067475,5.43114293711551,5.59942606439405e-08,5.31431767304188e-07
"CCRL2",103.916863558408,-1.82761859402815,0.336621175124479,-5.42930370720829,5.6574338767695e-08,5.3662948726813e-07
"PRKG1-AS1",885.007502919764,-1.04164232361921,0.192219194795129,-5.41903385210519,5.99219718132542e-08,5.67407595796901e-07
"FAIM",401.46437652306,1.03958546642132,0.191848750076394,5.41877633295684,6.00083337612947e-08,5.67900480512836e-07
"PRX",354.356295018044,-1.10005071695943,0.203110803141839,-5.4160128360638,6.09427278919683e-08,5.75427285834489e-07
"PRTG",809.610953535092,1.03407327416291,0.191013223145897,5.41362140867642,6.17626828579465e-08,5.82504801518365e-07
"KITLG",37.4599182238807,4.07306500618865,0.75315380976264,5.40801221927338,6.37280777644139e-08,6.00356939759009e-07
"LPPR5",201.152763460452,-1.3666094429612,0.25325262432893,-5.39623013416917,6.80556459874462e-08,6.3894330821566e-07
"TRAF1",228.824404920197,1.49566435050761,0.277265993098828,5.39433031000847,6.87795911947793e-08,6.45374032571421e-07
"RFPL1",70.2597338434741,-2.2111440974985,0.410022829744919,-5.39273410427922,6.93936016925811e-08,6.5076651287003e-07
"KCNH2",335.771611618406,1.07201460075823,0.199040250206133,5.38591867548408,7.20755486228201e-08,6.7362760068036e-07
"MALT1",259.312080680691,1.2258145996592,0.227639676625929,5.38488991826115,7.24889989968455e-08,6.76727530398075e-07
"TTC30A",141.647791443144,-1.58656702799227,0.29472345651577,-5.38323975549389,7.31569898668947e-08,6.82578633752447e-07
"AIF1L",640.676466463949,1.01641012810732,0.188818536749043,5.38299970758817,7.32546573579413e-08,6.8310483864149e-07
"BTN3A2",62.942555179106,2.48844109299133,0.462528859022351,5.38007746857387,7.44537923714458e-08,6.93505442505443e-07
"FOXO1",54.9961305745871,2.72727210129033,0.507037796063869,5.37883393005832,7.49698226438913e-08,6.97919293814223e-07
"SP140L",33.484055687452,6.15115413856545,1.14533695498209,5.37060653793506,7.84722566308531e-08,7.28884843857396e-07
"FAM160A1",148.466199897399,1.50748084565786,0.280937035430981,5.36590287337964,8.05452786484999e-08,7.47301262438324e-07
"KCNQ1OT1",249.332018642129,1.51132368696863,0.282187637399469,5.35574024750481,8.52068450429968e-08,7.88341922387749e-07
"TNS1",29.8452190027529,4.11784296469711,0.769132985629247,5.35387643182173,8.60896622287561e-08,7.95176389068287e-07
"APOBR",62.9547465392622,2.28976256152615,0.427821651618428,5.35214277459799,8.69187742057874e-08,8.01939548859639e-07
"PRAME",43.8669194165115,-2.94691353343029,0.550601827132265,-5.3521680971872,8.69066083642267e-08,8.01939548859639e-07
"FOXO6",58.6417021431096,2.45448606521442,0.458700123037998,5.35096011956181,8.74888028378722e-08,8.0674911675346e-07
"NEO1",413.564341809183,1.03028992829961,0.192607201707474,5.34917655812467,8.83553137506969e-08,8.12958864004583e-07
"PLCB4",156.077314749916,1.57881740734768,0.295151866844047,5.34916964689877,8.83586875510056e-08,8.12958864004583e-07
"TCEAL3",143.236782895473,1.62010327120628,0.302888225951493,5.34884862598039,8.85155354030656e-08,8.13949523328635e-07
"MYO1D",71.1179981036829,2.3259072525894,0.435114364902716,5.34550784851572,9.01638907640778e-08,8.2772752075819e-07
"ZSCAN5A",338.419009277525,-1.14807001246369,0.215335881065869,-5.33153140471053,9.73879747706008e-08,8.91573981417579e-07
"CORO2A",450.649760206338,1.00495831322789,0.188533824462826,5.3303873514009,9.8003508365481e-08,8.96713140113567e-07
"SPTLC3",26.3382284250134,8.2648855768886,1.55235727039338,5.32408726684045,1.01461191901411e-07,9.2681327171752e-07
"EPHA7",45.1162030112926,-2.82737456750449,0.531702808239913,-5.31758441687359,1.05153902749214e-07,9.58429184088651e-07
"LOC100287042",244.582241806119,-1.21852281747721,0.229604116254972,-5.30705998373327,1.11407524457732e-07,1.01152898783564e-06
"THBS1",78.2006641672922,2.00608337663334,0.378219896980359,5.30401333364415,1.13284032719575e-07,1.02800291095088e-06
"BOLA3-AS1",283.919813328594,-1.13954834818702,0.214973817725949,-5.30087040478448,1.15251880799655e-07,1.04357173468046e-06
"LINC01138",276.39737959633,1.14645933160726,0.216313959107353,5.29997849578578,1.15816321051168e-07,1.04810921051883e-06
"NUCB2",329.59031223017,1.10784901194274,0.209139578059772,5.29717532291337,1.17607763946704e-07,1.06257844369315e-06
"PPP2R5B",319.322981679775,1.06905861029399,0.201865926613877,5.29588439330257,1.1844175667334e-07,1.06894654114347e-06
"DFNA5",310.003745096927,1.08498905670792,0.204930814647702,5.29441635496903,1.19397123341552e-07,1.07698157250647e-06
"ABTB1",129.082292992046,1.62037883600271,0.306083304862996,5.29391446791911,1.19725447326986e-07,1.07935490422455e-06
"MRM1",233.41924036094,-1.21878933416172,0.230348063185124,-5.29107697850367,1.21598168281232e-07,1.09504509324861e-06
"GALNT7",686.69678174655,1.23473840817148,0.233408582346067,5.29003002272117,1.22296283559314e-07,1.10073305354745e-06
"LRRC15",56.2763371632264,2.42552333202556,0.458757577705472,5.28715698639158,1.2423201890465e-07,1.11572890771012e-06
"C6orf7",41.7822121959741,-2.95348573400846,0.55880701252805,-5.28534121403891,1.25470665152872e-07,1.12380435584975e-06
"RASSF8",339.009763232559,1.06318974343298,0.201156920857244,5.2853749147786,1.25447567429475e-07,1.12380435584975e-06
"MMP2",31.890101429856,6.07987606524837,1.15122480106156,5.28122401432114,1.28323673150776e-07,1.14749510426345e-06
"FOLR1",55.3341118857533,7.88843208149406,1.49456834681529,5.27806714112684,1.30553633252887e-07,1.16554678403548e-06
"ZNF280C",257.708072687969,-1.24699293434176,0.236643080471165,-5.2695093888186,1.36788874464344e-07,1.21792869829684e-06
"FAM214A",421.852221899453,1.00166874664362,0.190096355875249,5.26926853506318,1.36968464949993e-07,1.21823853717187e-06
"LYRM7",336.691309008156,-1.24454198584997,0.236210936712442,-5.26877376285525,1.37338103270293e-07,1.22019338987111e-06
"PDZK1",47.4241234609964,2.70710943312052,0.514290993153021,5.26376986795694,1.41131091911494e-07,1.25187665236819e-06
"IVL",25.6129972928328,8.22416764662117,1.56443871908698,5.25694458100659,1.4646842600018e-07,1.29574846988508e-06
"LINC00494",41.7558169534372,2.83926070865352,0.540093272473164,5.25698217948936,1.46438496311685e-07,1.29574846988508e-06
"LZTS1",25.3262364861892,8.20803320133716,1.56225507654652,5.25396481314794,1.48859332098467e-07,1.31619640218687e-06
"KLHDC8B",392.506441348147,1.02329037977678,0.194769124221646,5.25386343377647,1.48941337247764e-07,1.31621837379872e-06
"TMEM62",160.717410296612,1.40978272212628,0.268448878127686,5.25158731136783,1.50794022960064e-07,1.33187975882336e-06
"ISG20",181.601225234579,-1.37577175622126,0.262407010864084,-5.24289252673152,1.58078624762286e-07,1.39250526719817e-06
"SLC4A3",422.245665521045,1.0282638190306,0.196184913370693,5.24129914662546,1.5944997418986e-07,1.40160168496578e-06
"LRRN4",28.4081664847556,4.54707569343093,0.867794621333735,5.23980626480771,1.60745263000298e-07,1.41073997517547e-06
"TMEM63A",372.496445662136,1.00698386525506,0.192252476091049,5.23782000486777,1.6248441122067e-07,1.42524746927638e-06
"DUSP27",43.4761586134731,2.90610259077981,0.55500580873877,5.23616608154754,1.63946439034016e-07,1.43731009475161e-06
"TMEM145",55.5302432419671,-2.41689305625195,0.461911471677708,-5.2323728775853,1.67347738563907e-07,1.46557659720095e-06
"ASAP2",294.899300970483,1.26110996197625,0.241089442966881,5.23088006864527,1.68704938106106e-07,1.47590070588386e-06
"PRRT3",333.888353701169,1.09957975714837,0.21032071673903,5.22810959470412,1.71251993483138e-07,1.49660137071431e-06
"TGM3",24.4912761827113,8.15988999514225,1.561305076817,5.22632643440683,1.72910978276431e-07,1.51030211737809e-06
"SPARCL1",40.7065905280703,2.95105161426802,0.564915334226859,5.22388300594959,1.75209504714046e-07,1.52795981139457e-06
"ANXA9",66.4482579706195,2.3478481486874,0.449506066212163,5.2231734456265,1.75882502277283e-07,1.53302115728994e-06
"NUDT18",129.417265715554,1.54646684641807,0.2960979783757,5.22282136102887,1.76217371435948e-07,1.53513154316201e-06
"OLAH",27.4656608883595,4.22515759288388,0.809002379029591,5.2226763510288,1.76355470202366e-07,1.53552642966311e-06
"BTBD9",343.660363136358,1.04100351237759,0.199376184100398,5.22130322171972,1.77668352446726e-07,1.54614435841126e-06
"MAFG-AS1",152.101109010516,-1.45373686242702,0.278453429833622,-5.22075401727191,1.78196101232045e-07,1.54992215848282e-06
"SERAC1",345.91263246159,1.12336913879573,0.215264012042058,5.21856453449473,1.80315152154826e-07,1.56506365939521e-06
"ITGBL1",69.5413924584498,-2.18789775695623,0.419709064254105,-5.21289136522343,1.85919783252729e-07,1.61117500125611e-06
"COL4A6",30.184625816657,5.9940557702217,1.15109083232437,5.2072830413548,1.91625685013334e-07,1.65715169192304e-06
"SNAPC1",317.184928231783,-1.06782150561206,0.205248159903126,-5.20258747321318,1.96532802864821e-07,1.69781364980089e-06
"SCUBE1",458.063359597776,1.02103161579257,0.19655405937541,5.19466053785459,2.05093726347968e-07,1.76715843753855e-06
"PPP3CA",54.1549134440039,2.65028476915187,0.510315778915229,5.19342116911522,2.06464386988468e-07,1.77755535145706e-06
"DSCC1",313.050827570974,-1.06614716405836,0.205516784204257,-5.18764035835997,2.12975396164392e-07,1.82745917952982e-06
"MEGF9",189.483990661997,1.2929272568097,0.249268190834673,5.18689228850398,2.13832321008523e-07,1.83386143903268e-06
"CASC18",43.1900126807288,2.8203153170558,0.543987604258998,5.18452129235103,2.16570403887743e-07,1.85446110975164e-06
"TIE1",41.8487216075315,3.26663170698892,0.630156363752242,5.18384308227547,2.1735982847659e-07,1.86025846998165e-06
"OPN3",220.705663804786,1.24885019176328,0.241087157606823,5.18007762902063,2.21793580374219e-07,1.89624346195975e-06
"PDGFRL",326.862433834238,1.05940075228473,0.204699179628412,5.17540301923949,2.27419536784711e-07,1.94033410972193e-06
"RASGRP3",33.5617162515504,3.34010737604227,0.645407051144916,5.17519504956927,2.27673008301487e-07,1.94149594714385e-06
"KBTBD7",111.35417613068,-1.67208883665955,0.323167610997088,-5.17406070336243,2.29060351032386e-07,1.95131597029751e-06
"PIWIL1",55.7774887976474,-2.37283520484132,0.458681950253643,-5.17316018982038,2.3016752132373e-07,1.95873152336781e-06
"CCDC160",318.157755537916,-1.0867768878275,0.210564561582061,-5.16125258525028,2.45302936053774e-07,2.08004825694778e-06
"GPRC5B",218.261964264953,1.25285800977603,0.242956773506012,5.15671158987064,2.51324453880777e-07,2.1279076848032e-06
"RSC1A1",308.191288416123,-1.07827833992919,0.209102179300779,-5.15670541328105,2.51332740683316e-07,2.1279076848032e-06
"TENM2",115.896193237974,1.68590384241022,0.327120198714197,5.15377481744314,2.55294482551761e-07,2.15483644834102e-06
"HOXC13-AS",199.525914440502,1.26680866892918,0.245890773500988,5.15191623863061,2.5783819976623e-07,2.17519769751816e-06
"ACADS",157.636150982185,1.38103221735969,0.268293744021237,5.14746336109266,2.64032554163128e-07,2.22179300280025e-06
"SDHAF3",376.988877923661,-1.04373147006941,0.203138368540235,-5.13803215793125,2.77630380270131e-07,2.33029313094889e-06
"LOC645382",30.9863237097079,-3.75901778837413,0.732629948338761,-5.13085466530232,2.88429549177301e-07,2.41603537347302e-06
"PRAMEF10",30.9863237097079,-3.75901778837413,0.732629948338761,-5.13085466530232,2.88429549177301e-07,2.41603537347302e-06
"VANGL1",250.565073529668,1.13382511619261,0.221252128243229,5.12458399923803,2.98195387881911e-07,2.4953134783728e-06
"SORL1",29.5321272834967,3.70765382812243,0.724454772122572,5.11785410324431,3.09031499399616e-07,2.5794701856089e-06
"LOC100506860",94.3752154066014,2.11549936688772,0.413799278798383,5.11238050735815,3.1812421745143e-07,2.64469716085187e-06
"DHODH",339.807946764699,-1.09934620122179,0.215376272962086,-5.10430506620994,3.32012310780604e-07,2.75186167653508e-06
"HOTS",122.953408212776,-1.54808396657512,0.303307204593044,-5.10401316926259,3.325251179901e-07,2.75473260909516e-06
"PIR-FIGF",158.828648341694,-1.43221258477867,0.280638228344209,-5.10341229428668,3.33583148705992e-07,2.76211519628894e-06
"KRT15",27.0771072178233,3.96470415983059,0.777950669283993,5.09634391532771,3.46275811500945e-07,2.86291570028154e-06
"BTG4",77.1659939801028,-2.00279773696453,0.393008928063947,-5.0960616768448,3.4679218493669e-07,2.8657534922976e-06
"TRIM63",28.622992814965,3.66436448486948,0.71922893423553,5.09485131985735,3.49015051511507e-07,2.88268319990941e-06
"C1QTNF5",89.6262796302123,2.14902841827382,0.422035777669768,5.09205269311405,3.54207625481986e-07,2.92119811508612e-06
"MFRP",89.6262796302123,2.14902841827382,0.422035777669768,5.09205269311405,3.54207625481986e-07,2.92119811508612e-06
"DZANK1",170.995808478811,1.3391027069479,0.262993735911147,5.09176654838776,3.54742720971595e-07,2.92415414219215e-06
"DNAJC15",339.919572841604,1.08780459434655,0.213923616397521,5.08501404690705,3.67598862158196e-07,3.02260127493416e-06
"BATF3",342.465659777717,-1.0098557992816,0.198600938697501,-5.08484907425215,3.67918514661287e-07,3.02372753459465e-06
"TREM2",22.7034088788002,8.05004945944647,1.5836262991192,5.08330119544229,3.70930794403131e-07,3.04697097218889e-06
"FOXC2-AS1",74.5518768945818,2.03550797869679,0.400483390307656,5.08262771430567,3.72248853875738e-07,3.0550023220831e-06
"MAPRE3",365.447502428188,1.04199949106722,0.205012556695343,5.08261302558002,3.72277651259159e-07,3.0550023220831e-06
"SH3TC1",25.7507926672826,5.16650357578994,1.01786661049975,5.07581594925619,3.85836638666028e-07,3.15844116874387e-06
"GRIN2C",255.348404076938,-1.2472020822765,0.246639619889492,-5.0567791291412,4.26396594700776e-07,3.47157719404193e-06
"LRIG3",25.043899246544,4.36095846411805,0.862582997672943,5.05569722088535,4.28821214062332e-07,3.48788635634384e-06
"PACRGL",200.71237574035,-1.28781628630333,0.254815668354635,-5.05391326451336,4.32848239581118e-07,3.51891162158481e-06
"RBM20",113.859528336529,1.57368164546798,0.311440347062453,5.05291514189202,4.35117249384023e-07,3.53388651217093e-06
"PRELID2",142.173911875858,1.4623250495473,0.289544782661722,5.05042790308451,4.40821468646606e-07,3.57495195935258e-06
"TMEM218",339.365519506154,-1.04877313306323,0.207786993597386,-5.04734735753174,4.47986428416046e-07,3.6259517668178e-06
"ENHO",148.728091524349,-1.42726782502871,0.282794220643953,-5.0470190719551,4.48756569715422e-07,3.63040994229212e-06
"CASP7",352.316243144289,1.07258683320769,0.212523831130524,5.04690145807199,4.49032796536369e-07,3.63086997961406e-06
"PPAP2B",83.0013257456139,1.8378711093465,0.364255025656859,5.04556143331798,4.52191568146037e-07,3.65462638474277e-06
"GLCE",232.886204173071,1.25382884870907,0.248511737088883,5.04535062768733,4.52690436629047e-07,3.65687267305221e-06
"NLRC5",26.3349946746739,3.9215887861941,0.778919013535354,5.03465535960511,4.78709300938726e-07,3.85014399860923e-06
"PCOLCE2",220.610741558373,1.1809993709963,0.234911502445976,5.02742249187179,4.97116308957014e-07,3.98849691994983e-06
"GRHL1",38.1539768410152,2.84877254907103,0.567010290944138,5.02419902172762,5.0553792122179e-07,4.05410061630962e-06
"CDSN",29.2213321466259,3.52806725883007,0.705048728214047,5.00400485476654,5.61513418249909e-07,4.47480505482546e-06
"KDELR3",246.081701829588,1.12075221293366,0.224238341373219,4.99804005894023,5.79159553939756e-07,4.60655883556504e-06
"MBOAT1",68.5307632666265,2.05493464193462,0.41135667431158,4.99550577457781,5.86817678534774e-07,4.6652287296386e-06
"MAN1C1",255.885604146044,1.0931410000695,0.21883010195952,4.99538678765369,5.87179623094959e-07,4.6658651567296e-06
"KANK4",26.1073188064211,3.90791395538544,0.78308398946163,4.99041483158419,6.02497612918281e-07,4.78299304029899e-06
"SOST",209.989763017408,1.26323219495355,0.253262577500722,4.98783597410854,6.10593742718138e-07,4.84261985120777e-06
"EGFL6",27.1638354380323,-4.00681611685056,0.80616420840112,-4.97022328093348,6.68758435247156e-07,5.26607498582822e-06
"H19",203.10518369314,-1.24600873951277,0.250755485593573,-4.96901886937105,6.72925221017262e-07,5.29384898207116e-06
"LOC100507065",145.433581262286,-1.59101627614003,0.320288038348709,-4.96745455853658,6.78374476348188e-07,5.32659123933359e-06
"KCNJ12",158.190387330557,-1.33652848923015,0.269298924458121,-4.96299230277095,6.94153341350463e-07,5.44532042939946e-06
"ZNF566",191.152273656331,-1.2418827477441,0.250964475747404,-4.94844038800957,7.48104944050014e-07,5.84500332668226e-06
"SULT1C2",24.3271088198479,4.31640443712685,0.873217934099286,4.94310099297167,7.6889626359204e-07,5.99471076541471e-06
"GCNT1",77.655319232977,1.86093160854003,0.377004028259661,4.93610537036044,7.96980592632733e-07,6.19034386168794e-06
"SULT1A2",300.08993457153,1.03182208551161,0.209149964716976,4.93340788705314,8.08071593234115e-07,6.27060525607645e-06
"IGFBPL1",115.581452590823,1.52790182642545,0.309886317700269,4.93052367643829,8.20094759358258e-07,6.35496650603834e-06
"BRSK2",318.61457078658,-1.07429334507435,0.217922591861632,-4.92970157842313,8.23553203959784e-07,6.3787798932814e-06
"HNMT",19.4142118977953,7.82489871063931,1.58751745501997,4.92901585799626,8.26448668902376e-07,6.39522130325952e-06
"ARHGEF28",25.5684561072242,3.87846233854742,0.787037771602616,4.92792401900845,8.31079219655511e-07,6.42504588684635e-06
"SP110",147.677321214461,1.36000623651,0.276011908504902,4.92734622892495,8.33539759852448e-07,6.44105980629212e-06
"OSR2",285.165289257917,1.14021219758117,0.231470704028264,4.92594603869154,8.39531657418094e-07,6.48130969850014e-06
"CORO2B",323.648952720938,1.20289477676796,0.244313168591335,4.92357732374245,8.49762770970361e-07,6.55418144692517e-06
"RIMS3",389.236756016142,1.00126550510467,0.203387241933134,4.92295138863159,8.52486345149592e-07,6.56906610098512e-06
"CGA",35.5730737709815,3.00424498355509,0.610606590913944,4.92009917393522,8.65003715507708e-07,6.6531326668604e-06
"FGD2",21.3287176786642,-7.77047679818044,1.58001034131633,-4.9179911010625,8.74368863775635e-07,6.71891988542911e-06
"MCIDAS",83.1310749042427,-1.84785572119494,0.375730847408513,-4.91803037717012,8.74193489786016e-07,6.71891988542911e-06
"TUBE1",267.600529947913,-1.11349881804459,0.226485866357801,-4.91641635723749,8.81428319471107e-07,6.77002391827645e-06
"ZDHHC22",64.2587062398751,2.07612005804896,0.422934183704676,4.90884903145747,9.1612465743883e-07,7.01698071722698e-06
"ATP1A4",23.2716255673756,4.58485786244589,0.93433009750801,4.90710710772815,9.24295629267044e-07,7.07301953565793e-06
"RASD2",119.940146021836,1.9372030842553,0.395076869372791,4.90335738290812,9.42123508507667e-07,7.19945905485638e-06
"PRICKLE2",29.489419357995,3.53772695735616,0.721678496517689,4.90208170872034,9.48263762502096e-07,7.23969640080014e-06
"SOGA3",244.792902446864,-1.11795741966456,0.228085901887799,-4.90147532316359,9.51195994729969e-07,7.25450724238696e-06
"LOC100130705",183.872523026116,1.38581795265005,0.283443694228692,4.88921779128352,1.01237442016914e-06,7.70074512988949e-06
"PALM2-AKAP2",25.5751046284029,3.87348450165994,0.792552223780386,4.88735554003477,1.02199433446306e-06,7.76321717486576e-06
"SLC27A2",33.4278400460195,2.99799148939345,0.613592744887356,4.88596306650241,1.02924492679159e-06,7.81112426788373e-06
"TMEM209",421.223137378885,-1.21660726974076,0.249038985805341,-4.88520809626052,1.03319672045051e-06,7.83752159344496e-06
"PLA2G4C",139.974409557102,1.46952157858979,0.300971535663429,4.88259321716433,1.04699716444798e-06,7.93714003738766e-06
"SMPDL3B",25.9638268131862,3.9004436707134,0.798855702287926,4.88253843534259,1.04728817313042e-06,7.93714003738766e-06
"LEUTX",112.027403615522,-1.55774663760799,0.319315312854608,-4.87839629011864,1.0695187461085e-06,8.08341291579355e-06
"TLR4",19.7938204647675,7.85201371972285,1.61044006085835,4.87569448287184,1.08426311418408e-06,8.1873736614849e-06
"LIMS3",286.348800601398,-1.07780141251786,0.221111593562111,-4.87446811428772,1.09102004813777e-06,8.23088597847601e-06
"LIMS3L",286.348800601398,-1.07780141251786,0.221111593562111,-4.87446811428772,1.09102004813777e-06,8.23088597847601e-06
"AXIN2",289.946496919199,1.01753479302676,0.209011598685254,4.86831735380888,1.12552480450494e-06,8.47960244158663e-06
"GKN2",38.4998511555982,7.36072758251687,1.51235396303644,4.86706668043394,1.13266821272252e-06,8.52624230116123e-06
"KCNK1",30.1984966571125,3.74123922382686,0.769232020810294,4.86360307763307,1.15267953274266e-06,8.66840146567764e-06
"RAB20",43.7373877136154,2.580957101242,0.531280573426227,4.85799261320136,1.18581832400352e-06,8.89336878065527e-06
"PKNOX2",29.661481952462,3.26400322470966,0.672318807822049,4.85484443798809,1.20481285454758e-06,9.0317311451411e-06
"MMP7",43.9576432794654,7.55387190336188,1.55705349717243,4.8513888039682,1.22599939099083e-06,9.18223616275126e-06
"CPM",75.6177593229046,1.89415857362192,0.390804490680666,4.84681885390534,1.25456881633789e-06,9.37923353569323e-06
"ANKRD18A",270.937830824059,1.04428025271116,0.215514024349974,4.84553270192452,1.26272409755719e-06,9.43594097641833e-06
"MYO5C",124.286756217267,1.43841324219595,0.297785784534741,4.83036235071906,1.36284804132248e-06,1.0138364395492e-05
"MARCH3",67.3471162453732,2.02728145249168,0.420168468987187,4.82492524338731,1.4005578992662e-06,1.04095349567373e-05
"ELMO1",58.6577410439794,2.1610899037564,0.447918358554545,4.82474063070411,1.40185576029757e-06,1.04145047326954e-05
"FGD4",95.9557324929466,1.624440813653,0.336866722085159,4.82220625295943,1.41979024328517e-06,1.05335580936155e-05
"EPHA10",41.6441987117924,2.62840409251687,0.54600175073259,4.8139114737091,1.48004391984678e-06,1.09413519255489e-05
"S100A10",169.133410263414,1.43376615860994,0.297975614587113,4.81168957599644,1.496596814243e-06,1.10390688366088e-05
"GYG2P1",71.371848876554,2.01541345813422,0.419459223130083,4.80478994619508,1.54914055800168e-06,1.13860455222219e-05
"PALLD",65.0294998600763,1.96618853029348,0.409554924292836,4.80079328477964,1.58038337855502e-06,1.15950823057814e-05
"TRIM16L",208.732185873526,1.14723801474761,0.239468809120969,4.79076176542088,1.66149307237558e-06,1.21672308190922e-05
"AKAP2",24.7739071468627,3.82432453675758,0.798577730465364,4.78891958899102,1.6768165044724e-06,1.22699676313117e-05
"LIPA",385.842957668025,1.01759520051319,0.212536508825298,4.78786071220187,1.68568574194882e-06,1.23240185530623e-05
"ZNF503",136.18146350699,1.40689949032117,0.293992138540117,4.78550037870889,1.70561864706096e-06,1.24367400203317e-05
"NAB1",201.875148616972,1.31181634242318,0.274231669141815,4.78360630822983,1.72177761741388e-06,1.25490370424634e-05
"ADGRG1",208.126095650197,1.20544714824656,0.252057394759332,4.78243119745619,1.73187674141613e-06,1.26170879506689e-05
"POPDC2",22.6656289183767,4.20962354597477,0.880530866271754,4.78077908137245,1.7461716692649e-06,1.27044542723836e-05
"LINC01164",25.9816857930533,-4.20668370198585,0.88016626113448,-4.77941939806201,1.75802131925305e-06,1.27850478366768e-05
"MYOZ1",22.1739387874812,4.94173141778999,1.03402279214917,4.77913200299851,1.76053584367175e-06,1.27864805987077e-05
"NDRG2",219.324495255431,1.15909835029516,0.242542464872945,4.77895015581022,1.76212867612221e-06,1.27924358978837e-05
"DDI2",187.887224793085,-1.23098301868699,0.257716888478576,-4.7764934069865,1.78378398944918e-06,1.29439686950297e-05
"TRIM45",256.44157035251,1.04850217445574,0.219786406719811,4.77055060003051,1.83723025030271e-06,1.33026400275636e-05
"ADAMTS6",109.54530662997,1.59488994221816,0.334449961116212,4.76869525382897,1.85422904093873e-06,1.34198509338075e-05
"PLS1",181.520997500692,1.28791748537322,0.270435463072058,4.76238386320677,1.91319307304507e-06,1.38103670933458e-05
"FAM171B",185.591566023744,-1.40280957691782,0.294822574219693,-4.75814845803662,1.95376788303097e-06,1.40786965607003e-05
"FAM131B",92.1574037617573,1.62432638374005,0.341850131809567,4.7515745427441,2.0183872239702e-06,1.45190549027183e-05
"ARID5B",218.262608607731,1.11576337305606,0.234852131855265,4.75091864928728,2.02494591186781e-06,1.45599064870704e-05
"SFRP1",193.840835914269,1.16537399030052,0.245304563897604,4.7507228230249,2.02690806611809e-06,1.45656552281719e-05
"TTC9",50.2858811288404,2.22749474590089,0.469464678770673,4.74475471026648,2.08759146902577e-06,1.49648393223537e-05
"PARP12",26.0311839428144,4.13993201519483,0.873314276017947,4.74048361383909,2.13208695976079e-06,1.52573728309384e-05
"PLEKHA6",59.4084228145843,2.23141353502429,0.472049616686486,4.7270741382813,2.27778116816952e-06,1.625779814383e-05
"TNFRSF21",69.0756732028806,1.94786208080731,0.412370950099865,4.72356765270588,2.3174281817138e-06,1.65122992956207e-05
"GSTM2P1",170.010564608125,-1.38289803859467,0.292783732214416,-4.72327484910233,2.3207686531144e-06,1.65289856912004e-05
"C11orf71",200.356172978792,-1.1445205383267,0.242571483793235,-4.71828147492503,2.37845266015391e-06,1.69147309470834e-05
"AQP8",26.0004720923343,-3.69772536107121,0.785489694991232,-4.70754153065303,2.50722211465882e-06,1.77652142302366e-05
"EID3",148.018053716558,-1.38620188928721,0.295018062080447,-4.69870176595905,2.61820451186903e-06,1.85198808036137e-05
"CLDN4",352.308798422244,1.04861043894322,0.223662301462496,4.68836470020431,2.75396901348579e-06,1.94386759536106e-05
"KMO",171.690610491816,1.2456257251207,0.26617241776695,4.6797701113093,2.87196761004232e-06,2.01940560243927e-05
"WDR17",67.3164428129816,-1.98378994785025,0.424049445506869,-4.67820431996795,2.89398102422637e-06,2.03315678747856e-05
"NRL",64.1909551879869,1.940022528047,0.415494190077344,4.66919291383081,3.02385329978934e-06,2.11810494363576e-05
"UTF1",65.4127432904753,-1.9688400826217,0.422924219542938,-4.65530227791035,3.23505730735818e-06,2.25744808395415e-05
"FANK1",82.7899699964844,1.6916435560998,0.363759329337811,4.65044720414255,3.31216030070029e-06,2.3102771722373e-05
"FGD3",21.137016426277,4.4365185509274,0.955387444850055,4.64368521361896,3.42248894320036e-06,2.38522261001484e-05
"C1R",75.466874267959,1.99547902167967,0.430094400732987,4.63963031901573,3.49032979626498e-06,2.42841272752325e-05
"FAM114A1",164.242246693966,1.22059155658299,0.263262262875358,4.63640912013615,3.54513955332327e-06,2.46551049943726e-05
"GUCY2C",15.7203074131913,7.52009767046386,1.62326071787909,4.63271093031157,3.60908312648666e-06,2.50262874922644e-05
"HAGLR",73.2981822390549,1.86406406046886,0.40299457346029,4.62553141711854,3.7363916220729e-06,2.58116669985603e-05
"PTPRK",25.2251859346419,3.46878386519747,0.750294542035872,4.62322950635516,3.77811309452706e-06,2.6078118407261e-05
"PPTC7",260.852606493493,-1.22624177534189,0.265287381503057,-4.62231474559509,3.7948165587915e-06,2.61824942397319e-05
"HEPN1",15.4335466065476,7.49375777624809,1.62285227916299,4.61764627160834,3.88117097780999e-06,2.67141648452095e-05
"TIAM2",95.0006257961696,1.63877959879203,0.354896600830163,4.61762551390643,3.88155911386714e-06,2.67141648452095e-05
"DRP2",59.924002935771,2.19206164959156,0.474804176529383,4.61676994000896,3.89758939637269e-06,2.68133415165257e-05
"ZSWIM6",104.798648245154,1.62736655492861,0.352972836133185,4.61045833655758,4.01782160252839e-06,2.75717177301202e-05
"GABRD",23.1559875295323,-4.04065915887319,0.877174109568636,-4.60645054932167,4.09600410359248e-06,2.80384863203734e-05
"MIR198",25.6523587639886,3.67192134657805,0.797968459650898,4.60158707047704,4.19283813562601e-06,2.86657814212647e-05
"SP140",21.794161706262,5.51759861725046,1.19973395757855,4.59901845938142,4.24486172756304e-06,2.89855409713793e-05
"F5",161.450871460703,1.28481079226428,0.279379927541171,4.59879420677043,4.24943288930204e-06,2.9004336782914e-05
"CYP27C1",168.249803106147,1.27090164307614,0.277233865722154,4.5842222044757,4.55679455251552e-06,3.09495541375613e-05
"CELP",104.567907140809,1.48764178424194,0.324841202899692,4.5795969567977,4.65872791045186e-06,3.15991762268833e-05
"FAM63A",197.955295259445,1.13934838442663,0.248791205662424,4.57953640842342,4.66007667773213e-06,3.15991762268833e-05
"FAM90A27P",44.2935500836895,-2.4331330164914,0.531886203984781,-4.57453680554764,4.77274704095903e-06,3.22942795013489e-05
"APOL6",20.0664439471416,4.7962968559389,1.04996436007305,4.56805682014312,4.92266601852692e-06,3.32029209203984e-05
"GPR137C",246.546821988944,1.18125054442369,0.258704789460261,4.56601730060022,4.97077761089104e-06,3.35137723077265e-05
"CYS1",188.082466808881,1.16874703161591,0.256859552559937,4.55014041707946,5.36101281626855e-06,3.59981680060353e-05
"RNF217",153.111048455697,1.5303944867262,0.336705701975846,4.54519919842637,5.48833246950831e-06,3.67636094841366e-05
"UBE2QL1",20.6639998906561,5.43960129271009,1.19871951134017,4.53784329132058,5.68324668104181e-06,3.80230796542457e-05
"CPVL",21.5664858380092,5.50184610305211,1.21270276457258,4.53684634337522,5.71016788693136e-06,3.81877571169648e-05
"LOC729867",93.9683682279415,1.56673518140285,0.345659942736109,4.53259110384961,5.82645335124778e-06,3.88712034944995e-05
"XRCC2",187.230963099001,-1.15252555609417,0.254324836844664,-4.53170665670416,5.85090604985049e-06,3.9002898484545e-05
"KCNN4",280.907656957733,-1.12140289571978,0.247634518033975,-4.52845954038573,5.94152548060946e-06,3.95432769421181e-05
"KCTD21",248.20505876134,1.02886466882856,0.227362626983933,4.52521455472655,6.03342647601454e-06,4.00655210774439e-05
"CYP2U1",139.261631873655,1.27423497689143,0.281862667255019,4.52076534044344,6.16164598845305e-06,4.08276879106785e-05
"POU2F2",104.203202118574,-1.61907480889147,0.358541937578815,-4.51571947154874,6.31021542714905e-06,4.17119352037424e-05
"IGFBP2",53.8208662815271,2.08508862355165,0.461848539149714,4.51465891261753,6.34187528157831e-06,4.1872666643161e-05
"AGER",230.984817950245,1.03728580153349,0.230042568033034,4.50910372981288,6.51020739565715e-06,4.28627497266974e-05
"ACAN",99.7421126641447,4.15011565989286,0.922313515950945,4.4996799766226,6.80558396083182e-06,4.47185493130958e-05
"PCDH18",33.8368026023702,2.6518053472686,0.59069538266959,4.48929418625895,7.14595523171037e-06,4.67509292471423e-05
"LRG1",49.0329162794061,2.18669500776291,0.487159277763928,4.48866542745503,7.16707568903433e-06,4.68520682483792e-05
"LEFTY2",25.2015285640485,5.7307957655854,1.28011124400622,4.47679511637626,7.57719018462588e-06,4.93575961967444e-05
"ELOVL3",55.8327514531611,-2.00420650081575,0.44862448054167,-4.46744791634167,7.91582753775002e-06,5.14218121683039e-05
"LOC101929723",27.6458135700389,6.87895181912604,1.54100033549409,4.46395218786271,8.04615264598651e-06,5.21864884782009e-05
"ARHGDIB",27.9503518798042,6.89657026768922,1.54500721281196,4.46377868692098,8.05267411497613e-06,5.22083282221249e-05
"PPFIBP2",230.828646016739,1.05728298080246,0.236923107479534,4.46255746030933,8.09872014401176e-06,5.2445233107857e-05
"TM4SF1-AS1",46.830344737989,-2.22604594549925,0.498991159278749,-4.46109295546802,8.15427083723141e-06,5.27430601398415e-05
"TMEM190",83.8828720677111,1.61218861076489,0.361878521791306,4.45505470395016,8.38718063150084e-06,5.41437651375202e-05
"ZC3H12A",222.357473007643,1.04701078777666,0.235303696977437,4.44961469465164,8.6024480470423e-06,5.54685313886421e-05
"MID1",33.0174359236351,2.69624046567403,0.606732488774678,4.443870264998,8.83548949033753e-06,5.67721358866719e-05
"PMEPA1",213.769810639273,-1.05094499483306,0.236576676867167,-4.44230178879023,8.90016088525023e-06,5.7121156639264e-05
"CACNA2D4",13.5697129532768,7.30809226798495,1.64541804681206,4.44148055999757,8.93420195046749e-06,5.73174072419139e-05
"LINC00963",165.472282895374,1.27350154923519,0.286808493930013,4.44025046742845,8.98542381877278e-06,5.76236865743228e-05
"ANKRD29",76.568927721086,1.73279416909067,0.390365274774001,4.43890448527693,9.04179288315346e-06,5.79402848633202e-05
"DENND6B",224.132137927052,1.05573425387053,0.237893641604859,4.43784140991924,9.0865526136893e-06,5.820457386292e-05
"ARL14",22.8269542249739,3.49080776214791,0.786662820544831,4.43748918975252,9.10142912906127e-06,5.82773133246507e-05
"HCAR1",24.7497005611507,-3.41196105445279,0.768977673032406,-4.43700925801652,9.12173718487373e-06,5.83847617494316e-05
"ANK3",152.75166865337,1.22182476203498,0.275460744035521,4.43556763891345,9.18299920536262e-06,5.87541564929115e-05
"MYO1A",107.429242562175,1.53686299629505,0.346748929738998,4.43220689232369,9.32734517617305e-06,5.95166605073309e-05
"FBXO3",227.233117397002,1.04979172106385,0.23699922504544,4.4295154166119,9.44450619044946e-06,6.02410275392368e-05
"HBA1",25.8298099880998,-3.29269857431569,0.743634537450301,-4.42784514232672,9.51791946090295e-06,6.06391851104179e-05
"DES",36.7799853240935,2.87477623262408,0.649264488263728,4.42774290691894,9.52243065572506e-06,6.06445833834403e-05
"SAMD14",80.8947669897031,1.73852366018472,0.392695759485277,4.42715160067802,9.54856247398079e-06,6.07642468547982e-05
"STON2",28.8941452624265,6.94220025644126,1.57167830918437,4.41706182230379,1.00051620913255e-05,6.34990195305288e-05
"RLBP1",53.8779516737507,2.05331551981795,0.464994344820466,4.41578600404428,1.00643612964496e-05,6.38502522724544e-05
"KIAA0408",177.465890614929,-1.13696677430178,0.257510147685901,-4.41523095116471,1.00902205884188e-05,6.39897820611143e-05
"EBF4",199.527126203286,1.12668245364566,0.255331713440618,4.41262246065524,1.02125994515015e-05,6.47410747304683e-05
"TPPP3",230.746996638372,1.00441452646473,0.227847610356456,4.4082732528701,1.04198031395729e-05,6.60293191294834e-05
"ATP10D",63.1499598780562,1.8171071839887,0.412863948540984,4.40122512612243,1.07641369115955e-05,6.81330761608904e-05
"SLC6A12",34.7276551697006,2.60585418102719,0.592446344561048,4.39846444315207,1.09019483101032e-05,6.89262981011567e-05
"ITIH3",20.2508516815725,5.40882938212745,1.23034898871336,4.39617493227166,1.10175153966945e-05,6.96037842923997e-05
"LTB",117.670417092298,1.44819246758198,0.329646845882069,4.39316342829523,1.11713083344028e-05,7.05484530908182e-05
"AJUBA",440.040353879451,1.15367186862759,0.262683015631224,4.39187842371661,1.12375535140883e-05,7.09126899600417e-05
"GEMIN8",116.623540831371,1.37061093660384,0.312194465091519,4.39024739340605,1.13221773864259e-05,7.1337906395174e-05
"GLI1",236.928381198274,-1.00366568093578,0.228617522086196,-4.39015203986579,1.13271434556064e-05,7.13420389943673e-05
"PITPNM3",77.1407287782729,1.65254353265825,0.376480032588728,4.38945864218917,1.13633186088554e-05,7.154265865872e-05
"ZMYM1",249.027515151694,-1.29553283770594,0.295209881171462,-4.38851447846178,1.14127538069483e-05,7.17719988649727e-05
"NCF2",19.3812324640041,5.34008167262762,1.21906267266361,4.38048165395772,1.18417262857654e-05,7.42159233176784e-05
"AQP7P1",171.952252286508,-1.23197341191153,0.281432320842807,-4.37751217849511,1.20041655563287e-05,7.51486188685145e-05
"CHRD",101.8101009574,1.50808871483754,0.344855670685391,4.37310110586339,1.22493958382013e-05,7.65679757983033e-05
"LOC103091866",133.51211098579,1.26199214408358,0.288867692388857,4.36875489137343,1.24956915524846e-05,7.79309293808308e-05
"STYK1",22.2805469124455,3.45835462723762,0.791639439824183,4.36859819415477,1.25046590977394e-05,7.79574830078276e-05
"C1orf105",41.0692726217036,-2.43722020674017,0.558861315503444,-4.36104654075872,1.29441827274337e-05,8.0576198760618e-05
"MIR17HG",78.2227405945568,-1.84046425170262,0.422385858684336,-4.35730556282204,1.31673382268552e-05,8.1811479853944e-05
"TUBA3FP",115.734862186426,-1.34507660477749,0.309143415192449,-4.35097931469816,1.35530839139114e-05,8.40504477119005e-05
"PPARGC1B",211.268730899184,-1.04363593966386,0.239978508395355,-4.34887251630262,1.36839224784782e-05,8.47348615277855e-05
"AQP7P3",103.498687431823,-1.47211690804406,0.33905772147566,-4.34178847671439,1.41327561342913e-05,8.72855893786528e-05
"SHISA4",32.5691244023813,2.58265410238534,0.595565477716293,4.33647382029021,1.44786662610626e-05,8.92887049005619e-05
"PTPN13",26.391350260805,2.95041701769985,0.681598261410499,4.32867450629093,1.50009445611011e-05,9.2131960807178e-05
"IRX3",26.8560387949479,2.98149337299163,0.688858496960358,4.32816519814694,1.50356677639608e-05,9.23109691502517e-05
"IFI16",25.2175286173039,3.14639386137563,0.7273553210829,4.3258002934401,1.51979068719248e-05,9.32134816733443e-05
"ALOXE3",175.97028919255,-1.16416554635048,0.269136343670787,-4.32556053363984,1.52144479362922e-05,9.32702008301886e-05
"APOL1",25.0323227602872,6.73610045525702,1.55807708666572,4.32334222286283,1.53683057622948e-05,9.40740373437512e-05
"KAT2B",128.261944757843,1.29925440400838,0.30082083003102,4.31903071298091,1.56715973904174e-05,9.58242630240818e-05
"GPR62",51.5934251980648,1.97572036289939,0.457780425569221,4.31586903359336,1.58976218420966e-05,9.7077557594485e-05
"LOC729950",116.716562967918,-1.32965283279991,0.30813276793,-4.31519452388126,1.59462422358911e-05,9.73238206078425e-05
"GBP3",24.4579050548469,6.70043044585097,1.55367716042255,4.31262724105994,1.61325981872839e-05,9.83886386130889e-05
"HBA2",24.898866143521,-3.2342168265358,0.751590360012846,-4.30316432807962,1.68375869979342e-05,0.000102424013226684
"IFIT3",17.9158494872271,4.62698910013835,1.07553261190192,4.30204444657073,1.69229353164158e-05,0.000102905373018852
"CNRIP1",66.167948601359,1.75731254501305,0.408548579664726,4.30135516920702,1.69756712673609e-05,0.000103150260946166
"RIN2",29.161310040281,2.7764703543325,0.646429070575975,4.29508894434256,1.74623311316908e-05,0.000105951797980845
"SRPX2",123.116813750409,1.39528482228549,0.324899478391417,4.29451234946134,1.75077736310913e-05,0.000106071987240784
"ZHX2",33.8366898983638,2.48754254408815,0.579326155851825,4.29385505722686,1.75597134709063e-05,0.000106329839169362
"RNF125",170.187313042362,-1.11804032585982,0.260899173325834,-4.28533487326735,1.82464133131768e-05,0.000109983478936527
"GINM1",212.829177258052,1.03071692009332,0.240878163307012,4.2789969250123,1.87737456266295e-05,0.000113038573158229
"ACE",90.9866210129869,1.50537975249822,0.352022165531395,4.27637773952607,1.89958801323267e-05,0.000114234342359096
"IRF1",192.630760010836,1.04832656440544,0.245439889745268,4.27121510482037,1.94410774083862e-05,0.000116632371606962
"BDKRB1",13.1396833332243,7.2605840587409,1.70021323946856,4.27039614219824,1.95126070917585e-05,0.000116938669918691
"MOGAT3",11.958877284712,7.12599497539855,1.66896926358722,4.26969814895345,1.9573768865862e-05,0.000117258422825822
"ERP27",11.9419958737432,7.12420807201438,1.66941027106113,4.26749984441273,1.97675908975414e-05,0.000118291093469308
"CRH",18.9546024508256,-4.50808256057246,1.0577193110937,-4.26207833523531,2.02534416525151e-05,0.000121110898205357
"LPAR2",205.320673355283,1.06593325293729,0.250439054611856,4.25625809276964,2.07876726807259e-05,0.000123991912868964
"MMP23A",115.295264498752,1.30193675366487,0.306124913377191,4.25295915742962,2.10964064989587e-05,0.000125697523531593
"AMPD3",29.6662414032932,2.90868892914898,0.685041896561516,4.2460015128254,2.17619160906899e-05,0.000129383345952981
"GRAMD1C",134.788644614986,1.30047677115731,0.306621973066184,4.24130325088152,2.22225643334289e-05,0.000131979865391789
"IL18",18.0505090809044,5.24400147258786,1.23748700966323,4.23762143088272,2.25900247184673e-05,0.000133969935198879
"HEPACAM",23.1431669905631,6.62197705319555,1.56282328711336,4.23718862381861,2.26335984911355e-05,0.000134124773761558
"LNPEP",184.673246600844,1.4072926392122,0.332514888425361,4.23226955603851,2.31344902771326e-05,0.000136757886809678
"SEMA3C",43.1195322765808,2.20168586527304,0.520950615815109,4.22628517643301,2.37580867984254e-05,0.000140093998107423
"SOWAHA",36.8787129518936,2.35296418166746,0.557427870026664,4.22110968645128,2.43102601393367e-05,0.000142993399369687
"MAOA",25.5447007670639,3.16181544360439,0.749538517285865,4.21834951865257,2.46097130130827e-05,0.000144498038237866
"C3orf14",204.09309824308,-1.05543180040486,0.250369059895222,-4.2155041076024,2.49220855587019e-05,0.000146124817629342
"PDE1B",18.9520989361046,5.31065045364708,1.26262892103844,4.20602630365807,2.59899997317051e-05,0.000152063087861146
"TRIM71",209.937986158221,-1.18983097874179,0.283179463238595,-4.2016852674775,2.6493529903394e-05,0.000154790295432749
"FAM183A",41.6064558406011,-2.2035925971979,0.525151138215154,-4.19611124654003,2.7153691160318e-05,0.000158423650365027
"RGS9BP",95.6523090390655,-1.46494438958501,0.349317670573348,-4.19373113069414,2.74403206470837e-05,0.000159814281263381
"CCDC148",74.7335519650409,1.58976258807889,0.379447517306471,4.1896771373388,2.79351639674112e-05,0.000162296537026532
"WDR66",68.528776226712,1.65347758884016,0.395324438863812,4.18258378761596,2.88214745275644e-05,0.000167093886648072
"OSTF1",75.647072236482,1.64544926356864,0.393429055181881,4.18232777141474,2.88539581658782e-05,0.000167165108702001
"ABCA12",25.4793590015676,3.02130825276899,0.72342692116897,4.17638349411565,2.96180329388138e-05,0.000171351863405539
"ABLIM3",17.2306380040896,5.16576839111564,1.23734705748875,4.17487426817808,2.98150675459251e-05,0.000172311102660668
"IL15RA",35.264797312797,2.34049742178324,0.560975561285685,4.17219141671541,3.01684023791001e-05,0.000173988639783577
"C1orf189",18.9653397386954,-4.07101861013042,0.976120663265914,-4.1706100109689,3.03785358954919e-05,0.000175078525815523
"SLC1A6",79.8056566280918,-1.53539638441906,0.368471740964536,-4.16693117469443,3.08727657917395e-05,0.000177679422595575
"GRM4",161.912255837704,-1.11961139789028,0.268825355756782,-4.16482810833975,3.11587229702323e-05,0.000179076105070585
"MYPN",45.0998152505329,2.08322940080812,0.500531217096837,4.16203691128635,3.1542134894296e-05,0.000180902777813717
"TNNI3",93.4181888820204,-1.43173427388378,0.344092961630789,-4.16089380933061,3.17004470419591e-05,0.00018174776565241
"RBPMS-AS1",49.3058187518469,1.93252852430782,0.464913539594746,4.15674821170483,3.22809423588695e-05,0.000184819840167419
"SERPINB8",20.8381336594956,3.56383362735528,0.857469012289029,4.15622439561,3.235500532128e-05,0.0001851798229868
"ROBO1",57.766621992835,1.81428567617921,0.437045317603445,4.15125297790151,3.30660024964293e-05,0.00018898773250031
"HDAC9",96.9545536831979,1.59239779116615,0.384541910237422,4.14102533110885,3.45756770057274e-05,0.000196936202958982
"MGC12916",21.4797411249785,3.21178395342586,0.776832648957914,4.13446056590736,3.55789335587602e-05,0.000202094203247975
"KCNG3",71.7904460794947,-1.63289264816934,0.396105160313069,-4.12237156132668,3.74991700478289e-05,0.000212344264199904
"TMEM139",22.7855340856983,3.13090445033794,0.759505326072489,4.12229426556927,3.75117586104712e-05,0.000212344264199904
"SCX",212.669140571273,1.12701136934245,0.2735901913386,4.11934128130945,3.79957038328638e-05,0.00021486330366982
"ANKRD2",24.0539956738336,2.92848477875433,0.711401160223963,4.11650267457026,3.84664868025376e-05,0.000217377019308844
"KCNMB4",86.2079350967725,1.43671636605268,0.350145284153157,4.10320067433565,4.07473525955538e-05,0.000229482878585099
"PDLIM5",27.0694088246841,2.76140485902994,0.673178387091801,4.10204027933738,4.09522958571184e-05,0.00023055863980511
"ARNT2",21.0248937865525,3.36927066249165,0.821902148365256,4.09935741035967,4.14298823003592e-05,0.000232930506737617
"LIM2",20.6763597650594,3.3347261188092,0.813833028436723,4.09755564383375,4.1753581917066e-05,0.000234431915838289
"ATP2A1-AS1",195.768478313406,-1.0055171256511,0.245562901945858,-4.09474361836952,4.22635807989077e-05,0.000236890434013379
"PHYHIP",67.2641474448508,1.86317926743197,0.455938585330417,4.08646981716129,4.37986434320176e-05,0.000244504265122008
"DHRS2",68.5163594585429,1.67793621529521,0.410755707201335,4.08499793399768,4.40772087635619e-05,0.000245893481447414
"KRT7",222.949650170054,1.0298145344376,0.252101938353989,4.08491319488226,4.4093297352447e-05,0.000245900356394105
"HIVEP3",51.5049451944942,1.89612075174056,0.464638593797693,4.080850745184,4.48711627945651e-05,0.000249649575319543
"SLC12A8",29.025977534277,2.66392081783951,0.652904109124571,4.08011035711103,4.50143249570752e-05,0.00025036193101126
"TNFAIP8L3",20.1567161350179,6.41860644787719,1.57363717639622,4.07883503526296,4.52619387145337e-05,0.000251570050236052
"LINC00929",35.9062450290477,-2.36712844203066,0.580420883725542,-4.07829647141018,4.53668925800926e-05,0.000252068749911276
"MYO1B",26.6357948360202,2.72582687063589,0.668850745125049,4.07538885245058,4.59375198230741e-05,0.000255068040292359
"SOWAHB",28.8668919162993,2.56055973793836,0.629035063730852,4.07061527341814,4.68891318806677e-05,0.000259655038771767
"DGKK",10.3733637326004,6.92064304340814,1.70172026290848,4.06685117069699,4.76526546019796e-05,0.000263178758415738
"P4HA2-AS1",111.180836789505,1.33231558611709,0.327795248877532,4.064474975398,4.81407033731349e-05,0.000265696873035055
"NKX3-1",91.9447349685652,1.39525567177924,0.343376718282421,4.06333801184409,4.83758979612877e-05,0.000266905954351745
"RUNX1",138.137293353827,-1.29594095450137,0.318961993307957,-4.06299490751595,4.8447086919669e-05,0.000267209657678894
"RFPL1S",101.821417067145,-1.32981980288151,0.32767555853754,-4.05834298052829,4.94221464976128e-05,0.000272315369117339
"SLC22A31",90.1822999861362,-1.53453805791178,0.378634091028583,-4.0528259189317,5.06026562072031e-05,0.000277894879078177
"VSIG2",16.5815417355158,4.50128800433099,1.11460483606619,4.03846085956127,5.38030685534307e-05,0.000293813391849682
"RIPK4",38.4465987941222,-2.546367590774,0.630762935448216,-4.03696451974396,5.41472540531014e-05,0.000295595431756904
"LRCH2",33.8055026488783,2.33801470548396,0.580252825322894,4.02930344058716,5.59423693719921e-05,0.000304570499917613
"RTN1",15.941222056259,5.05464024994454,1.25689415427982,4.02153214949174,5.7820814335041e-05,0.000313992821152755
"UNC80",29.9429318649691,-2.59324901510108,0.645353486331935,-4.01833889492193,5.86098610153273e-05,0.000317964739274237
"SAA1",112.575053943555,1.41558150726688,0.352520648976834,4.01559883477891,5.92950429355057e-05,0.000321050556319428
"RAB39A",43.9245197302119,-2.00429796537927,0.499200887852609,-4.01501282179419,5.94425632133071e-05,0.000321744050459993
"STK17B",21.007507977504,3.1756239079171,0.791225979266723,4.01354858299792,5.98126846988936e-05,0.000323641568204017
"ZNF649",97.2658960060146,-1.37334857154946,0.342291265804673,-4.01222207151835,6.01498753620403e-05,0.000325359717971402
"ERICH2",118.927145102657,1.215519583608,0.302984209516045,4.01182485895731,6.02511939043877e-05,0.000325801294186679
"HTR1D",42.7744699196927,2.08244348502443,0.519927515850618,4.00525731287271,6.19500080527437e-05,0.000333896624320747
"KCNN3",78.081848618876,1.46902254148622,0.366821488741527,4.00473414609942,6.20872669622441e-05,0.0003345274878773
"NEURL2",157.59372549634,-1.07535429504405,0.268737736750934,-4.00150089840449,6.29419561773579e-05,0.000339022212381265
"NTNG2",37.8260583923411,-2.29520413332776,0.574066923723156,-3.99814732129493,6.38402141923739e-05,0.000343636821239731
"DOCK9",187.977980128631,1.02289001090192,0.255936620342129,3.99665358374486,6.42442068933846e-05,0.000345497460036985
"LINC01480",93.7217386296859,1.69815963292212,0.425272756841252,3.99310702508983,6.52131156666404e-05,0.000349775596407722
"RELN",24.5461902028087,2.83614256212164,0.711274687262046,3.98740825859976,6.67990216468376e-05,0.000357702169620982
"F3",47.7034237887665,1.87216352524405,0.470077933223622,3.98266626217793,6.81464193678544e-05,0.000364445729685534
"SMCO4",68.8540593061244,1.58424069878968,0.398294408205578,3.97756198970281,6.96254749131114e-05,0.000371809099353401
"UTRN",22.1545512040788,3.26002522411121,0.819610992726376,3.97752745270897,6.96355853066423e-05,0.000371809099353401
"C9orf41",147.175082661023,-1.17061912524889,0.294523818989223,-3.97461614230841,7.04928564498787e-05,0.000376022481456137
"SH3GL2",16.8455559981584,3.75050836918066,0.944103093172424,3.97256231475528,7.11036269514931e-05,0.000379036145990697
"CAMK2B",53.4726986962707,1.7770086951799,0.447868573954258,3.96770123764342,7.25692278702304e-05,0.000385730847690447
"MAP3K1",145.076692449006,1.22234332970657,0.308142722158709,3.96680902000014,7.28413137862543e-05,0.00038692857053597
"CDKN1C",134.742454501482,1.12608585432823,0.284228121265115,3.96190865744024,7.43529873294393e-05,0.000393821006808601
"COL4A2",15.9740887860438,5.05185755457738,1.2764895150751,3.95761774375417,7.57009746095926e-05,0.000400448236413543
"ZNF341",167.375328773108,-1.03265266794041,0.261132368357628,-3.95451806467044,7.66890776890842e-05,0.000404898760417774
"GNG11",22.1728331052801,3.45651000460929,0.874118301715899,3.9542817005709,7.676492317232e-05,0.000405169964396761
"SNCB",79.4601056910887,-1.6484308361598,0.416999900476803,-3.95307249300291,7.71540495022429e-05,0.000407093983857547
"CLDN6",176.694814555071,1.02722744454155,0.260133390496409,3.94884886781088,7.85279083344676e-05,0.000413420463979678
"IGFBP7",228.353336919806,1.20120812778313,0.304342455229775,3.9468963568564,7.91708079890019e-05,0.000416407757811872
"PDE2A",33.4760339167329,2.24815669653766,0.571794874752048,3.93175384356592,8.43283893613986e-05,0.000440455506692922
"LRRC37A11P",20.0549616892139,-3.28869156418242,0.837215076119386,-3.92813227805928,8.56081230265633e-05,0.000446294693649032
"TGFBI",9.52152201815379,6.79800424832539,1.73053409288316,3.92826947257627,8.55593107119277e-05,0.000446294693649032
"STON1-GTF2A1L",22.1087633080452,3.24526011517533,0.826663435427626,3.92573322599733,8.64659444350798e-05,0.000450624783466449
"FLJ23867",64.3043781201902,1.63865019318322,0.417708198623674,3.92295434607816,8.7469731010131e-05,0.000454853593364652
"FRG2",32.0514102436316,-2.33156794108096,0.595185241293969,-3.91738198348466,8.95158450892827e-05,0.000464763572119764
"LRRC10B",40.2877827894337,-2.08488138171635,0.532276408515557,-3.91691487423007,8.96894012656479e-05,0.00046551864840044
"GSX2",47.9043770503336,1.83643981835062,0.469837659470725,3.90866883769893,9.28060773594192e-05,0.000480339647421234
"CFB",170.704704477531,-1.01322788026621,0.259681703232455,-3.90180697235806,9.54772822956734e-05,0.000492471167515733
"KISS1",36.1489455487081,2.52405310220212,0.647006954102909,3.90112206089312,9.57478550700732e-05,0.000493712927451667
"CXCL14",77.211090079464,-1.47621313207223,0.378727776745179,-3.89782113358291,9.70620633806321e-05,0.000499555744115741
"IL12A",60.6535354910719,1.71742970401262,0.440679569466142,3.89723014863881,9.72991443233011e-05,0.000500464710018421
"HCP5",41.10544540489,2.01269047296701,0.51673366408829,3.89502487034234,9.81886545516566e-05,0.000504726276440689
"OLFM1",81.1639987100302,-1.42091144566523,0.364937941511909,-3.89357006777235,9.8779653516839e-05,0.000506977000003324
"LAMC3",57.813579900994,-1.67055841871314,0.429378126666681,-3.89064629742997,9.99775773385709e-05,0.00051248958194736
"FRMPD2B",33.4915559132704,2.61808021348396,0.673706210333272,3.8860859130107,0.000101873465849267,0.000521227831936861
"LINC00880",14.5833843724003,4.92243189215828,1.26670388633733,3.88601625466822,0.000101902686330817,0.000521227831936861
"IGFN1",10247.7278550332,1.5999538954958,0.412008579776663,3.88330237288526,0.000103047290943166,0.000526431715954098
"RNF223",36.1554425182659,2.25627712739411,0.581191870962973,3.88215534339064,0.00010353470005531,0.000528269529998611
"RALGPS1",142.961636093845,1.11185964363623,0.286423900199229,3.88186754968021,0.000103657333708249,0.00052873226118303
"CD247",79.5236016902254,-1.45964583772631,0.37618763313346,-3.88010053804314,0.000104413296561824,0.000531932559153991
"SLC41A2",155.394809344057,1.26049744324424,0.325006235364172,3.87837926196045,0.000105154693204986,0.000535544763670441
"CXCR2",23.5230692820415,2.75875662187411,0.711473516200595,3.87752538788288,0.000105524318940624,0.000537096718052034
"C3",208.009042817208,1.17298414741823,0.30261388124586,3.87617429375368,0.000106111687597698,0.000539754349452089
"MMP10",23.3063534519588,-3.11923521719041,0.806338037354916,-3.86839646982628,0.000109553433113382,0.000556065141028121
"GOLGA2P5",78.92939420477,1.44865300421863,0.374507686285373,3.86815293055096,0.00010966288308966,0.000556450043194377
"BRCA2",216.66293849422,-1.01766036802626,0.263272251441327,-3.86542965487214,0.000110893808479993,0.000561880790383256
"C15orf27",25.0351920572455,2.62646439840202,0.679482187383709,3.86539109805807,0.00011091132944355,0.000561880790383256
"PELI1",162.898503030389,1.13501271211658,0.293638899371529,3.86533498983218,0.000110936830774074,0.000561880790383256
"FGF20",45.9416296786687,-1.87668174047601,0.485950380437176,-3.86187935234804,0.000112518131291275,0.000568671789048302
"ISM2",58.2418782170754,1.6341141631192,0.423367108991183,3.85980424179156,0.000113477894351611,0.000572997592223267
"ANKRD31",53.8492949343474,-1.7280088116577,0.44774936048051,-3.85932167452626,0.00011370219139685,0.000573955069228627
"MCOLN3",48.195113919662,1.80976280537587,0.469898014620129,3.85139487520265,0.000117446945095629,0.000590337635961998
"ARL15",23.2808085852052,2.88215285693096,0.74853975669435,3.8503671062963,0.000117940911720552,0.000592460689164969
"ARC",113.469301047665,-1.20632146619985,0.313334517095969,-3.84994758119921,0.000118143106521174,0.00059329632862211
"LEPR",85.2742629834593,1.54032856717368,0.400440941931292,3.84658112066365,0.00011977748581598,0.0006007748318867
"TIFA",46.4877903119166,1.86606304070991,0.485444056683395,3.84403313835801,0.000121028651906429,0.00060613199587147
"ZNF121",131.940476364292,-1.1375286568173,0.295957576415973,-3.84355308822535,0.000121265751872789,0.000606554324976814
"NFIL3",59.9872607753111,1.65740684264277,0.431512097565673,3.84092787199442,0.000122570128428139,0.000611815671213075
"GABRR1",17.0456700613385,6.17562011854181,1.60953129020748,3.83690590926365,0.000124594181077733,0.000621124191696474
"FAM172BP",14.0351848755661,4.86550114655528,1.27145765660662,3.82671111481664,0.000129866773618207,0.000645124500878922
"ITGB2-AS1",27.6245358327637,2.47988403852901,0.648099594914244,3.82639344012729,0.00013003440052004,0.000645763395561865
"KLK5",8.78785018048886,6.68113508760123,1.7465737688879,3.82528079066212,0.000130623119625255,0.000648298013804266
"LINC01336",63.3319996263699,-1.5746256648521,0.412054544173292,-3.82140104294028,0.000132695659226111,0.000656419172597308
"MPZ",15.0319748837208,3.92087031708349,1.02611069461445,3.82109877390636,0.000132858423992652,0.000657027975478452
"MAMSTR",112.894228476049,-1.18301076716675,0.309629508483739,-3.82073004914802,0.000133057228305152,0.000657609347071027
"RTKN2",168.07836458012,1.03971497168192,0.272186247703456,3.81986592068635,0.000133524236797669,0.000659532428372135
"MISP",84.8676283746327,-1.45715051475613,0.382537507429838,-3.80917030736754,0.000139433894905519,0.000685653543813471
"ANK2",151.553169236194,1.03192642806269,0.271001807640895,3.80782119885378,0.000140196579288416,0.000689199221972636
"LDLRAD4",53.9306101872639,1.75145323952942,0.460143571983124,3.80631904077463,0.000141050409039306,0.000692368437253439
"ADGRE4P",15.6148332946455,3.98334586545092,1.04691639614518,3.80483664227429,0.000141897807032673,0.000695290853168976
"PADI3",18.8489772101848,3.19621735985235,0.840783861542784,3.80147325138651,0.000143838269161902,0.000704590420588281
"GPHA2",33.7968486121079,-2.18230082374111,0.574344203299243,-3.79963932987427,0.000144906825294279,0.000708985448498643
"CST4",9.95177481803239,6.85942492046714,1.80853637966721,3.79280450069207,0.000148955425097777,0.000726860317281367
"ALOX5AP",8.82161300242649,6.68605917424935,1.76318917729743,3.79202598356325,0.000149423275491505,0.000728928398448391
"BMP8B",85.7086592767444,1.34920789358849,0.355992864880965,3.78998577412396,0.000150655912677289,0.000733860113782959
"PGPEP1L",72.3975925528768,-1.81153238207055,0.478715111361693,-3.78415541744169,0.000154231427433975,0.000749512209890533
"ZNF705A",77.7724897326137,-1.50512506244717,0.397759618250623,-3.78400670502155,0.000154323662794278,0.000749520324698033
"ADCY4",8.5264114902984,6.63746620415541,1.7566186284376,3.77854708853851,0.000157746026666921,0.0007643478434985
"AIM1L",112.111852262289,1.23529459123274,0.327140330186632,3.77603883485722,0.000159342158522078,0.000771178774227321
"FBN3",80.7152439163625,1.4044995708205,0.372087525241487,3.77464837045792,0.000160233518539188,0.00077526606222176
"SHISA8",47.4788333443484,-1.88503638638774,0.499494843371858,-3.77388557940406,0.000160724498244739,0.000776506682704881
"LINC00595",8.54329290126721,6.63999863489394,1.76438474183457,3.76335074627194,0.000167651802604997,0.000806111571185899
"MFAP5",17.6231108435447,3.29312299064197,0.875293197581288,3.76230844674894,0.00016835224061428,0.00080910751644819
"ATP8B1",81.8741437027861,1.45479309776361,0.387242858275259,3.75679774765404,0.000172101477389257,0.000824970649796403
"C2orf88",71.2059418279134,1.46984636687329,0.391485335096997,3.75453748863699,0.000173661852897929,0.000831968448383942
"APOBEC3G",106.889432171627,1.19221193823326,0.317610741150971,3.7536889776236,0.000174251052082113,0.000833825791865607
"LIMS3-LOC440895",113.170418280884,-1.26135924414906,0.336365967155949,-3.74996095715074,0.000176862105097393,0.000844610953136772
"CLIP4",279.722180709259,1.08533033033396,0.289518997146048,3.74873614869032,0.000177727942564641,0.000848256316415785
"FAM27B",75.2155335466371,-1.49339188825983,0.398496036129238,-3.74757024628345,0.000178555839881974,0.00085196202413561
"PLCE1-AS1",14.6945698441707,3.88693682587158,1.03803762426852,3.74450476071194,0.000180749949936082,0.000861410914479375
"CYP4F22",43.127539537334,-2.01930455961132,0.539481906637088,-3.7430440850164,0.000181804317110844,0.000865714918532422
"WNT7B",20.1813800735838,2.93900486829272,0.785523280030528,3.74146119282232,0.000182953431504829,0.000870209989439612
"CD58",88.7440338090956,1.3455626069161,0.359832136569228,3.73941755104253,0.000184447131472862,0.00087653428657445
"MIR5047",115.495377478407,1.24751059877861,0.333933884658152,3.73580117530058,0.000187118474803742,0.00088820906078335
"PARD3B",17.4973963534315,3.28671822571624,0.880427242764965,3.73309464549775,0.000189141480914423,0.000896013105923163
"POSTN",25.4429795313766,2.55093296041989,0.684155357577815,3.72858727504702,0.000192556221961381,0.000911667787730198
"LHX3",22.4829390823337,-2.74408204018521,0.73640836994167,-3.72630479526267,0.000194307423646295,0.000919432954886642
"LINC00616",120.238507038664,-1.3373444539524,0.359141844925668,-3.72372218065872,0.00019630694346298,0.000927833388977509
"NXF3",13.6821862112733,4.22021832883463,1.13412169490216,3.72113358540301,0.000198330482951194,0.000936328052997192
"STARD8",38.586707243779,2.0099400115562,0.54092938892944,3.71571604851068,0.000202629039657414,0.000954443899945791
"CSMD3",69.0847582511433,1.43806553229532,0.387083385233964,3.71513112459247,0.000203098347849944,0.0009563823196621
"PEG3-AS1",83.2541455054104,-1.44267154761853,0.388446794202573,-3.71394890921969,0.000204050006390772,0.000959771442392741
"PTGER2",32.5780284301443,2.20864049641176,0.595427800389968,3.70933385200563,0.000207805270660157,0.00097466501557578
"C4orf33",46.0079967331459,1.88270312068735,0.507617541273944,3.7089008310517,0.000208160930375756,0.000976056577784565
"GGTLC1",74.2710062334757,1.4162819326103,0.382569058402123,3.70202948070522,0.000213881758684519,0.0010008964856506
"KANK3",145.365377656847,-1.03819709647727,0.280619948398178,-3.69965536093732,0.000215892445455755,0.00100973488476509
"TFR2",70.8485428507452,-1.43434067143268,0.388065030821418,-3.69613481636468,0.000218906758970174,0.00102152373117404
"NEURL3",44.998934296758,1.99359636138687,0.540518577526582,3.688303130134,0.000225754601056915,0.00105110834224868
"MIR6821",119.14344743042,-1.11006288177547,0.301286708644027,-3.68440707780116,0.00022923563280946,0.00106641601862344
"OGFRL1",20.6473563939529,2.82450954423807,0.767167290299477,3.68173875496631,0.00023164871470056,0.00107673393027904
"IL1A",21.1332224676173,3.18129223667426,0.865147448464095,3.67716768086416,0.000235838020590761,0.00109405575022934
"KIF17",103.703244212536,1.18771560128241,0.323212391608398,3.67472173752991,0.000238108777379825,0.00110366185471601
"CADM1",12.9894301148043,4.7495202466754,1.29297315746168,3.67333244256941,0.000239407685232548,0.00110906129470169
"CALHM3",15.1987178190365,6.00772175434486,1.63570940214553,3.6728539595509,0.000239856575262201,0.00111042006979941
"CCDC153",53.3410063691188,1.63247195466689,0.444699436021106,3.67095575670893,0.000241645170847614,0.00111692568217529
"TCTEX1D4",77.3526394202975,-1.37316618127792,0.375092614732713,-3.6608723481704,0.000251357975252589,0.00115697363914929
"TMEM79",131.571254466917,-1.055343381071,0.289085205903319,-3.65063088501301,0.000261596960492864,0.00120142976972194
"CRIM1",1969.6235261392,1.50608705312251,0.41279255606097,3.64853249170524,0.00026374255118823,0.00120994088338902
"DAAM2",12.711110013645,4.7172730447398,1.29466728108178,3.64361802732684,0.000268832290786121,0.0012313353045891
"KCNE3",8.31561703301438,6.6004154240816,1.8121248678183,3.64236236768173,0.000270147422720698,0.00123624001682969
"LY96",8.0288562263707,6.55004649670851,1.7985364725806,3.64187582324105,0.000270658630714244,0.00123789490344907
"MRVI1-AS1",18.9066616583431,3.00248474500339,0.825534000530202,3.63702130145461,0.000275809129848993,0.00125797539742643
"USP2-AS1",41.6607096999555,-1.85275447499532,0.509485651496006,-3.63651943789793,0.000276346798767208,0.00126008049950271
"RD3",7.73365471424262,6.49653409538646,1.78830875194664,3.63278102190952,0.000280382951236949,0.00127602381327302
"PCNXL2",108.520436583554,1.22051814255979,0.336016846431917,3.63231235433634,0.000280892823400803,0.00127764166334985
"SH3GL3",22.9686129581019,2.59858654853674,0.715741302439958,3.63062260020229,0.000282738360586349,0.00128497675574554
"ZNF462",31.3525537575774,2.13577374704705,0.589093313251301,3.62552705828448,0.000288372698387252,0.00130878664757494
"ADAMTS5",7.74209541972703,6.49793242387849,1.79305113348973,3.62395265952727,0.0002901347329018,0.00131534102957836
"ZNF551",120.109801941306,-1.13097467174445,0.312367743759859,-3.62065128150337,0.000293862366515349,0.00133005465971071
"DISP2",128.956125252668,-1.05173931431784,0.290666593629634,-3.6183701098378,0.000296464227393589,0.00134073111798325
"AMOT",14.0685560034306,5.8951134434345,1.62970378206891,3.61729138037015,0.000297702105602491,0.00134559400653534
"PRRG2",26.9838802696743,2.34688939040759,0.649024023480336,3.6160285374686,0.000299157410674761,0.00135069652522876
"DEPDC7",88.483137281074,1.24083938924016,0.343832131069462,3.60885233552963,0.000307554600400273,0.00138634088938598
"EGF",14.0085749728868,5.88619194824233,1.63170307599383,3.60739158664465,0.000309290702088987,0.0013918922514891
"OTX2-AS1",48.1687665142278,-1.68628698454693,0.467436664405517,-3.60751971968553,0.000309138049466953,0.0013918922514891
"SH3TC2",14.0938781198838,5.89746846447745,1.63481193100764,3.60742930279599,0.000309245761234122,0.0013918922514891
"ICAM4",51.3080608950847,-1.63644714163279,0.454109980617532,-3.60363614868677,0.000313796255667972,0.00141063433563723
"PTGDS",20.7826888999569,2.99757624579796,0.832959715579448,3.5987049430268,0.000319805775896258,0.00143276646822017
"MAP7D2",14.2278101356553,5.90939034808463,1.64365062692914,3.59528372469595,0.000324038231537461,0.00145017624068369
"MIR210HG",85.9528320735778,1.4396793473942,0.400573874629859,3.59404204461537,0.000325587262316155,0.00145573213556375
"GDNF-AS1",14.7549425687877,3.5476175434482,0.987231130283208,3.59350250881017,0.000326262505995597,0.00145717674021563
"LRRC4",37.8372186015451,1.92213842133421,0.535186981257174,3.59152686565551,0.000328746279472243,0.0014670823450592
"MYL10",20.2766929305448,2.95725965719387,0.825975165574708,3.58032514831875,0.000343166917298001,0.00152608780631825
"CCDC96",107.712439029214,1.15050320716365,0.322074814174518,3.57216136291938,0.000354047140019093,0.00156838990340163
"LINC00482",27.5071493441284,2.29036737444693,0.641766037334978,3.5688510161086,0.000358550235417376,0.00158640029313777
"BEND7",121.332206354004,1.06161733462147,0.297611075090869,3.56712979951211,0.000360912732070199,0.00159557359541291
"ABLIM1",124.475389351375,1.05128298231406,0.29472188907129,3.56703394385397,0.000361044727973966,0.00159573093122165
"HLA-DRA",23.1038327600995,2.49176452933726,0.698716657827771,3.56620169480983,0.000362192656893236,0.00159867009517249
"SORBS1",19.1187439018532,2.85042730727597,0.799719025060965,3.56428597788914,0.000364848005198464,0.00160867452904767
"COL4A1",12.6533128614803,4.10073422429449,1.1514016012858,3.56151513052881,0.000368720855187982,0.00162488487621711
"SMPDL3A",36.7873192638515,1.9760345276974,0.55606703340053,3.55359050079503,0.000380010421969462,0.00167196504636856
"SLC16A6",51.031141284158,-1.62901335936389,0.458461649330991,-3.55321619974324,0.000380551566682201,0.00167390101826303
"RND1",50.5789828970475,1.59744889926569,0.451784451321945,3.53586515558797,0.000406442099036503,0.00178021424272353
"MAFB",89.2147737047423,-1.21796813428179,0.344468966088069,-3.5357847997558,0.000406565742170804,0.00178028469957967
"LGALS12",7.19389592289289,6.39230535832871,1.80804011367057,3.53548868191396,0.000407021680645376,0.00178180980112199
"CCL2",11.8845904156516,4.61692016945786,1.3073921875216,3.53139648035535,0.000413371629806277,0.00180769543369974
"GMPR",7.2023366283773,6.39380120751473,1.81200593032589,3.52857631451836,0.00041780146079562,0.00182562032182922
"CD44",13.3521572708077,4.78973817244676,1.35761722447992,3.52804758666908,0.000418636889729481,0.00182842995879933
"PMP22",95.8942813268208,1.16761835183312,0.330998402787394,3.52756491270171,0.00041940091203138,0.00183019348693472
"CNTN6",12.0953848729356,4.64417569140529,1.31702066940468,3.5262739600773,0.000421450758259482,0.00183768518195757
"LINC00961",17.2852014059149,3.0435775780174,0.86434395896391,3.52125741893972,0.000429505446083028,0.00186886807138966
"MBNL1-AS1",21.0857140154833,2.57652424753111,0.732648892589953,3.51672441409549,0.000436907149592658,0.00189758256102274
"APOA1",23.1020405757937,2.48729569480806,0.707428743237069,3.51596640451254,0.000438156423400352,0.00190250921304371
"NRIP3",13.8024406680107,-4.0370278445083,1.14864641353933,-3.51459578589463,0.000440423806642996,0.00191025104738725
"DDN",52.0748626346365,-1.63014363020556,0.464001693386733,-3.51322776067302,0.000442697817322963,0.00191870496787894
"SHISA7",40.7315580396826,-1.80875548856551,0.51492816368782,-3.51263655033264,0.000443683948895979,0.00192197244755986
"HOXC5",81.8012720583977,1.25287845334864,0.356701212208742,3.51240312751013,0.000444073859557787,0.00192315816938788
"CAMK1D",28.9783563781365,2.13983295572969,0.610017703026581,3.50782107652448,0.000451792799618669,0.00195249984837812
"AKR1C3",14.8887060703121,3.90487287094687,1.11487667610402,3.50251552897546,0.000460886916689329,0.00198853049976852
"COL4A4",21.3498409821324,2.60472221991903,0.743805025022298,3.50188844158581,0.000461973008075656,0.00199129615355944
"HLA-DMB",80.5523801576898,1.26160172113855,0.360440493119618,3.50016644972202,0.000464967727095377,0.00200264007777327
"TMEM119",17.1866012165607,3.04559613713225,0.870960222702226,3.49682575362975,0.000470829258270923,0.00202367330119458
"LTBR",74.0338505356486,-1.31322010220129,0.375966829902327,-3.49291479395259,0.000477778932212294,0.00205034920559447
"PTN",6.90713511624921,6.33413343802969,1.81665378905725,3.48670367253454,0.000489012867292561,0.00209096899494355
"IL15",17.8271440756436,2.90682563423777,0.834163393649273,3.48471972801525,0.000492652780257642,0.00210544508619274
"MGAT4A",139.798633826722,1.0917077978583,0.313642649892777,3.48073770653167,0.000500034902921714,0.00213258894953883
"LSAMP-AS1",16.4797189732185,-3.23124102815378,0.929894493585396,-3.4748469320375,0.00051114492668378,0.00217381059261817
"NKAIN1",133.072944202155,-1.0003915800568,0.288076752896511,-3.47265640145624,0.000515334649620747,0.00218937862436412
"LINC00649",31.241421438335,-2.04111136106575,0.588122463734296,-3.47055500669991,0.000519383950207194,0.00220544975470228
"TSPAN5",16.6111189047205,3.19805192123726,0.922030064141023,3.46848985256963,0.000523392292673687,0.00221735071111719
"SRPX",16.9984405992712,3.01669084293038,0.869941219628005,3.46769502911972,0.000524942666938437,0.00222131745203236
"ZBTB8B",98.2263825674208,-1.14655495146962,0.330876627151886,-3.46520381732284,0.000529829772559214,0.00223832118310365
"CDHR4",12.4652649481973,5.71390621203913,1.64970349429344,3.46359587150318,0.000533006620356766,0.0022511675376742
"SEPT7P9",45.6144986047099,-1.67291552506387,0.483140872328391,-3.46258331861187,0.000535016237808051,0.00225907876739767
"SECTM1",58.1752446787842,-1.47618124386939,0.426723060403091,-3.45934255925836,0.000541495743133904,0.00228352548798787
"USH1G",49.9391353050841,-1.5871940485315,0.458833158002207,-3.45919648754736,0.000541789510678707,0.00228418236901527
"TMEM52",114.609976971315,-1.14183003321754,0.330463685736515,-3.4552360289534,0.000549811278155205,0.00231387650038773
"FYN",46.0115400259563,1.64167088092417,0.475411529257133,3.45315748545141,0.000554065431164336,0.00232881945572171
"ZNF624",80.8308362169788,-1.25448259668451,0.363771539964204,-3.44854519627335,0.000563615137545747,0.00236295789175715
"LHFP",12.5083645677722,5.7222307441772,1.66175932169194,3.44347744554911,0.000574284492684103,0.00240099947534915
"RPSAP52",37.9628482823435,-1.85051428305971,0.537452491181416,-3.44312160316152,0.000575040685262987,0.00240294708974324
"LY6K",120.084978094773,-1.05488358939783,0.30680803856036,-3.43825277312706,0.00058548088941662,0.00244225798428021
"TCHH",21.6004555922824,-2.52986137494939,0.735787339521383,-3.43830511761051,0.000585367715080426,0.00244225798428021
"DOCK4",37.1518944144012,1.83019141472952,0.53242830249654,3.4374420107793,0.000587236447097999,0.00244834702074713
"FAM27C",57.0212558948126,-1.60037105887479,0.465564412868328,-3.43748580140597,0.000587141501443896,0.00244834702074713
"SEPP1",31.9879043959548,1.9698152751019,0.573981424236323,3.43184498997111,0.000599490104910566,0.00249440930529907
"MYBPH",6.63725572057434,6.27674568216827,1.83036433728187,3.42923294249132,0.000605289783944566,0.00251159601500387
"MIR612",19.8287731033642,2.60848548574315,0.760980532818339,3.42779528943068,0.000608504124738294,0.00252366832189132
"UPB1",16.7370019090808,2.99144065549435,0.873711868928597,3.42382971077484,0.000617452993272885,0.00255757806422743
"CAMKMT",102.961203297592,1.11450933270829,0.326190385584998,3.41674488875416,0.000633746366049451,0.00261916850208502
"KCNQ1",14.6287236805948,3.24520017170836,0.950242265640023,3.41512926655877,0.000637517486542014,0.00263278179571942
"GNG3",34.1348707537441,-1.91276214477308,0.56017376129081,-3.41458718160147,0.000638787469103859,0.00263605340030094
"LINC00173",44.427035270004,1.65921152344128,0.48604942705716,3.4136683042446,0.000640945567712814,0.00264232404403051
"C7orf69",13.8282671825435,-3.59200219433663,1.05273607319477,-3.4120633706755,0.000644731229902425,0.0026546247058072
"ZBTB20",29.7585994999814,2.04282215439392,0.600560843282846,3.40152405412787,0.000670112309823492,0.00275228261841152
"LGI2",25.3180484294098,2.34164440738468,0.691092474899789,3.38832282571767,0.000703214440759247,0.00287114095299631
"MCF2L",58.8184387250935,1.44691034819006,0.42709636615425,3.38778426334702,0.000704596616216913,0.00287536567840787
"PLB1",55.9685365335731,1.46545741313105,0.433072921578442,3.38385832988547,0.00071474872928105,0.00290962148722576
"MUC12",49.1821185423403,1.613470883685,0.477507491615167,3.37894360196831,0.000727649339004033,0.00295849959695278
"ASB9",11.6471860556883,5.61424581294702,1.66312154136084,3.3757279148421,0.000736206864386175,0.00298595834827738
"LAMB4",11.6471860556883,5.61424581294702,1.66312154136084,3.3757279148421,0.000736206864386175,0.00298595834827738
"STMN4",12.8138547799311,3.67537461572479,1.08875191506921,3.37576868049977,0.000736097797029178,0.00298595834827738
"SLC31A2",110.35272184567,1.10210630684677,0.326515660770328,3.37535511848539,0.000737204966940792,0.00298885789113053
"P4HA3",41.1098847898532,1.73218737946576,0.513324934553467,3.37444620914931,0.000739643696200874,0.00299549362846021
"SHANK1",90.3082590139391,-1.23616860239606,0.36638874191637,-3.37392627276256,0.000741042124329967,0.00300042300438102
"COMMD3-BMI1",2565.0905201355,-1.51971244941134,0.450570368613215,-3.37286371957565,0.000743907622434055,0.00301128857092895
"LINC01239",6.38425773586829,6.22033030945146,1.84520818112071,3.37107236630258,0.00074876186182456,0.00302762246986107
"AMT",81.0972742759792,1.2122657321679,0.360598617972373,3.36181469298026,0.000774320684364165,0.00311838344710356
"NOXO1",94.3003966937169,-1.19921679505019,0.356963925603753,-3.35949015862566,0.000780864324601465,0.00314244257252698
"LINC00426",11.9271856371469,4.0034798574534,1.19270885192255,3.35662794067481,0.000788992073323843,0.00317360797026883
"BEND6",42.2288049195096,1.68694946691585,0.502682686854916,3.35589331208205,0.000791090800884523,0.00318127670948509
"TMEM45A",107.777834376765,1.06176803419819,0.316696472066989,3.35263612906176,0.00080045866637349,0.00321504291332541
"COL9A1",29.754119039217,2.03496105742209,0.607790356139624,3.34812988864635,0.00081358870486318,0.00326144835139146
"CUX2",16.4418003969527,2.96276383925767,0.885324308807778,3.34652941276116,0.000818299977797164,0.00327795286362504
"DAPK1",16.163816179626,3.40119489894404,1.01751598081072,3.34264518994001,0.000829839307091753,0.00332015958689453
"HNRNPCL2",47.3413918998827,-1.56611767408253,0.468636048951405,-3.34186343023928,0.000832179947041868,0.00332871978816747
"PIK3CG",29.2624447262863,2.08988341345202,0.626257415507585,3.33709966812633,0.000846575836809409,0.0033797692356173
"SAA2",67.7526501957756,1.35460173440028,0.406206470199722,3.33476158992312,0.000853725598053871,0.00340584866208428
"TRIM29",11.6488655359876,3.96742750490285,1.19115747151367,3.33073300531897,0.000866176381964343,0.00345136048971445
"FAM9C",11.7554565141309,-4.40032634564401,1.32188630580798,-3.32882361085842,0.000872136199248664,0.00347093012021252
"AIFM3",93.7418946826005,1.11933500290796,0.336446821360809,3.32692993912277,0.000878084473755353,0.0034912453061731
"STEAP1B",119.779719418787,-1.03799391160921,0.312017362895029,-3.32671842995616,0.000878751182113525,0.0034930570524359
"RBP7",15.3602228172771,-3.10621712744572,0.934108676325133,-3.32532734806174,0.000883147785979513,0.00350632337575747
"BMI1",2539.76624344853,-1.55074666030313,0.466497358360384,-3.32423460178553,0.000886615772624555,0.00351924802601478
"LOC100506474",11.6791142886627,-4.39813589394437,1.32482920649576,-3.31977576609868,0.000900897782489669,0.00357079983136231
"S100A11",122.47987916806,-1.10391252843491,0.332571209149153,-3.31932680300002,0.00090234760198815,0.00357569009052139
"SLC2A1-AS1",73.8942522290225,1.29287537459128,0.389716687310604,3.31747501887405,0.000908350381540846,0.00359603336887445
"ANXA8L1",14.8905540648584,3.02366922182196,0.911474864691731,3.31733692167648,0.000908799519687148,0.00359695113578711
"ASB2",550.472867943389,-1.82747733831334,0.550996859688197,-3.31667468912162,0.000910956182125349,0.00360376355796816
"HS3ST3A1",11.1420861784291,5.55260656158068,1.67482558565156,3.31533421100714,0.000915336180137231,0.00361936083459901
"TRABD2B",10.5858376701837,4.44216403282469,1.3410585952278,3.31243097701493,0.000924889452903933,0.00365277266152849
"SCN5A",44.075421277979,1.6813094993445,0.507820497242725,3.31083425831249,0.000930182850992375,0.00367017557797993
"HRASLS2",6.11437834019343,6.15812876415853,1.86029573038339,3.31029559632941,0.000931974930988715,0.0036746186416687
"LINC01488",6.11437834019343,6.15812876415853,1.86029573038339,3.31029559632941,0.000931974930988715,0.0036746186416687
"SP8",6.5241515253827,-6.06077252837705,1.83380316209269,-3.3050289440338,0.000949665921351091,0.00373636090568178
"ANGPTL7",6.09749692922461,6.15463004198296,1.86246788394966,3.30455633357343,0.000951268562594124,0.0037400949784363
"FAM71F1",23.861257709738,2.53985299362198,0.768592889939681,3.30454916623196,0.000951292886612907,0.0037400949784363
"B3GAT2",138.979155588642,1.02388135240298,0.31004920846027,3.30231887218052,0.000958889946075547,0.00376798037455303
"CCKBR",16.7325372662811,2.80954512437185,0.852586739284155,3.29531881616031,0.000983100759553191,0.00384687559624691
"FAM89A",37.3666491164053,1.83513109879515,0.558314583027295,3.28691235117789,0.00101292355452586,0.00395235989498161
"MMP17",34.9053853838785,-1.81827680700059,0.55334380751438,-3.28598022117261,0.00101628145762598,0.00396359346998709
"FAM90A25P",93.7845351043434,-1.16495706495948,0.35486848797921,-3.28278532589157,0.00102786907776411,0.00400501152899046
"LYVE1",6.14814116213106,6.16515268293135,1.87810769974939,3.2826406514142,0.00102839668275843,0.00400612423935456
"PTAFR",89.6132022106381,1.21543187855165,0.370370896651155,3.28166140898603,0.00103197442014449,0.00401911543581918
"DPPA3",16.7989548155737,-2.78750946082706,0.852050737939785,-3.27152989453083,0.00106967278961226,0.00415225703885136
"FKBP7",44.3247380080318,1.57072972514936,0.480362487416714,3.26988423595774,0.00107591505600111,0.00417355191163122
"SYNE3",35.2631872325162,1.9613379213721,0.599950497717971,3.26916625427003,0.00107864902734103,0.00418317682768247
"MED12L",19.9751218873048,2.49303674858861,0.762751047989469,3.2684802664775,0.00108126717198535,0.00419234814492891
"ANXA8",15.4231599369498,2.86459943644187,0.877917115564432,3.26294975420334,0.00110259066505574,0.00426693193617607
"CBLN2",13.861638310408,-3.24100704745849,0.994046026267785,-3.26041949951461,0.00111247541500295,0.00430226473577777
"GALNT16",69.5870160721362,1.26019922680967,0.386904659632639,3.25713117026352,0.00112544412493883,0.00434835461157504
"ST6GALNAC3",10.6023273870793,5.47960777906592,1.68436955210526,3.25320994565419,0.00114109155044264,0.00440572599555087
"CTSE",5.85293965000297,6.09495131126332,1.87779150168382,3.2458083369735,0.00117117659780475,0.00450821280159631
"C4orf19",11.7934221356225,3.54524912005587,1.09250544810653,3.24506310352987,0.00117424599097379,0.00451687651466375
"ATP6V0A4",5.86138035548738,6.09677998120666,1.88056265671435,3.24199779222392,0.00118694941928431,0.00456044261559746
"MMAA",81.21987846763,-1.17549554370095,0.363841744865702,-3.23078800134612,0.00123449465656252,0.0047277546403107
"CEP85L",74.1384821440953,-1.38166265807645,0.429497878046162,-3.21692545807631,0.00129572258939463,0.00492916577790391
"RNASE4",106.093216237219,1.0144274759885,0.315581686338562,3.21446877275447,0.00130686128701432,0.00496811392344075
"LOC100126784",10.9566138375983,5.52707361736025,1.72586161910588,3.20250103262838,0.00136239811753576,0.00515555867431455
"TMEM132E",5.80229541709653,6.08388915021976,1.90400102332197,3.19531821448552,0.00139676743353886,0.00527356171531369
"CST2",5.895143177425,6.10418558604065,1.91380546334992,3.18955385118187,0.00142492588238375,0.00536031209209449
"GATA3",13.8208776778759,3.16316262025011,0.991972974558213,3.18875886881784,0.00142885011050692,0.00537385299457181
"LOC100507487",100.367890671074,1.17303987595397,0.367985194675295,3.18773660714541,0.00143391088738432,0.0053916612921366
"LOC113230",95.5218792611608,1.05889819466942,0.332320295258319,3.18637835178354,0.00144066058695345,0.00541335165386005
"PRR35",24.4041371178949,-2.37066649016449,0.745282314018069,-3.18089728626917,0.00146819674555851,0.00551181504479121
"LINC01569",50.0588183761048,-1.46569762549508,0.461146507548219,-3.17837737357649,0.00148101850670451,0.00555113639560079
"SPOCK1",11.108210652485,3.88789292171366,1.22415838041754,3.17597214862637,0.00149335287850861,0.00559356796675143
"RPPH1",38.5613715375478,2.29451963138764,0.722617666705923,3.17528858911973,0.00149687551044139,0.00560549399294705
"VTCN1",5.56617884335929,6.02313424430107,1.89825420079694,3.17298612681715,0.0015087973391371,0.0056463064791764
"LOC100996286",5.90358388290941,6.10608150133311,1.93008503699763,3.16363340696714,0.00155812922638966,0.00580996385115902
"RECK",126.073110081608,1.00786410680975,0.31859661772782,3.16344885892914,0.00155911741886051,0.00580996385115902
"MYLIP",23.0534675172598,2.16694913937968,0.685323671514852,3.16193534449177,0.00156724357903713,0.0058354782386343
"DMRTA1",10.4942776960814,3.81445673970052,1.20812872931794,3.15732640664377,0.00159223007884128,0.00591573339281277
"SYTL5",10.7819345948779,3.86222302530585,1.22478941327106,3.15337721199839,0.0016139310908766,0.00597954527105147
"VWA5B2",18.6883783979681,2.50404589526727,0.794230096243591,3.15279653479572,0.00161714479874795,0.00598947878918686
"PI3",9.80112990553916,5.3637975281623,1.7019710294798,3.15152105133172,0.00162422453955542,0.00601166470901639
"C1RL",41.7269535270293,1.58155951586307,0.501866838348475,3.15135289884385,0.0016251600175909,0.00601243822332691
"TMEM178B",18.2455561336381,2.62549477192536,0.83371433943316,3.14915391009158,0.0016374393193958,0.00605110417830748
"SLC18A3",45.3614349612231,1.49425754346236,0.474722902523416,3.14764157263015,0.00164593380370785,0.00607978047734262
"SLC25A21-AS1",86.0259007809042,-1.09901558625245,0.349250060966656,-3.14678709922222,0.00165075111169029,0.00609485442799414
"LINC00886",12.3682315351359,3.2690699231694,1.04222640772212,3.13662165816181,0.00170906514384685,0.00629191420394865
"SEMA5B",13.2886634998577,3.09575994151012,0.987814442647403,3.13394885502311,0.00172470914484911,0.00634386350345388
"DUSP18",98.5433470852271,-1.02969165038866,0.328925399495133,-3.13047168740732,0.00174525821788786,0.00641232275748721
"MB",5.62526378175014,6.03661917112459,1.92867865632251,3.1299248069841,0.00174851053726865,0.00642142143618164
"BTN3A1",48.8152057336041,1.45596316714326,0.465615772610823,3.1269627293322,0.00176622316586178,0.0064821565058413
"LOC100129620",16.0752368776322,-2.71142541467265,0.868816546327518,-3.12082616995939,0.00180344455695105,0.00660704167920623
"HS3ST4",10.2572650301912,3.77229392446229,1.20995698233627,3.11770912481408,0.0018226258909134,0.00666993228971889
"C8orf46",29.0921174223591,1.85956199790567,0.597182598089697,3.11389180437297,0.00184637183326034,0.00675235231642182
"ALOX5",9.5481319208331,5.32494378151308,1.71059085724895,3.11292660015552,0.00185242081685892,0.00676946682261508
"HOXA13",9.5481319208331,5.32494378151308,1.71059085724895,3.11292660015552,0.00185242081685892,0.00676946682261508
"SYT3",101.207456870049,-1.0148450024892,0.32612933888448,-3.11178689399874,0.0018595868526104,0.00679017903913686
"ATP1A2",5.32162156413765,5.95763005880854,1.91621746069112,3.10905739093923,0.00187685257601701,0.00684416475836828
"RCAN2",5.32162156413765,5.95763005880854,1.91621746069112,3.10905739093923,0.00187685257601701,0.00684416475836828
"SDS",11.0406836797534,-3.68718301217034,1.18601190054363,-3.10889208656359,0.00187790293833514,0.00684648665976281
"FLG",5.33006226962205,5.95964190563439,1.91949944048357,3.10478960292534,0.00190414418655881,0.00692994603692202
"FRG2B",12.9608729191553,-3.13305410883523,1.00922501397528,-3.10441582942371,0.00190655166446685,0.00693718249071342
"HOXD-AS2",44.3962397145918,1.53650848401954,0.494975018835288,3.10421420385024,0.00190785149666973,0.00694015137463759
"KCNK3",31.478170932123,-1.83318152837131,0.591829336749815,-3.09748336984899,0.00195171346626878,0.0070766180270933
"LBX2-AS1",46.4544437670318,-1.52240350476121,0.491854531285095,-3.09523122778506,0.00196659518117697,0.00712433430484595
"PCAT7",72.6155166752959,1.16972441138603,0.378391582583929,3.09130663900691,0.00199277724668745,0.00720656521458831
"VAT1L",5.28785874220002,5.9495601271139,1.92701566846186,3.08744771746606,0.00201883280988772,0.00728964237985637
"MAP2",18.5310961416927,-2.41574254407693,0.782996194637629,-3.08525451416138,0.00203378035681646,0.00733775787779422
"UGT3A2",9.23644069180942,4.23609091768038,1.37496987214383,3.08086089993779,0.00206403048823099,0.0074317669439198
"PCGF5",30.3268161885568,1.80742967521553,0.586695888004753,3.08069259077692,0.00206519746740979,0.00743435156167178
"CASP4",5.64214519271895,6.0406046181009,1.96587185447154,3.07273569452711,0.00212106259263943,0.00761888629196352
"NCEH1",119.564899487528,1.01440602690931,0.330462623200185,3.0696543442216,0.00214306640550727,0.0076862481352018
"LOC80078",9.43879444360902,4.2703137313039,1.39127002936277,3.06936370451377,0.00214515261803503,0.0076920637204757
"PLAC9",11.7947099218485,3.19400979674771,1.04070253520368,3.06909005090737,0.00214711860611095,0.00769744578045236
"LOC728485",60.5562032834101,-1.26650799020425,0.413078669071918,-3.06602128124835,0.00216927874352342,0.00776847723124182
"INCA1",74.0049891129539,1.16479646627408,0.38008797491904,3.0645443769227,0.00218001829690448,0.0078035603050093
"SSTR3",10.021148456454,3.73550351148923,1.2207486121441,3.0600104512331,0.00221329267864567,0.00790386632512259
"C3orf52",13.1089435880527,3.05911988926576,1.00021287332492,3.05846882283827,0.00222471227014209,0.00793608566711033
"DRD5P2",11.8796213747723,3.56707055489118,1.16694040321858,3.05677183260835,0.00223734511456781,0.00797084294798242
"LOC101060524",11.8796213747723,3.56707055489118,1.16694040321858,3.05677183260835,0.00223734511456781,0.00797084294798242
"TMEM27",32.0890801577613,1.84536325130874,0.604652735918571,3.05193897536131,0.00227368320158901,0.00808637824510125
"FHOD3",21.6810450048176,2.16767824237827,0.712421070740582,3.04269249100803,0.00234471802767345,0.00831400445459531
"PTGER4",9.00837312948337,5.23908278157954,1.72340299338818,3.03996383996037,0.00236606554281085,0.00838610639499042
"CSF3",10.0555270516214,-4.15706854879346,1.367702612856,-3.0394535403517,0.00237007755254944,0.00839673023326162
"ZNF516",57.0798151638562,1.35570376199424,0.446694036408074,3.03497170657489,0.00240558252791332,0.00850431482315705
"LDB3",40.7242825678777,1.57021078374679,0.518227407734139,3.02996476124695,0.00244582273639479,0.00863550723822664
"SLC44A3",65.4077909877486,1.25314275218192,0.414306511741459,3.02467549185885,0.00248900025658458,0.00877111608409368
"DEGS2",23.3059611038862,2.08728900068363,0.691031895790391,3.02053930274264,0.00252324958127836,0.00887669013163004
"FCRLA",5.02642005200956,5.87630876942982,1.94630884117446,3.01920673899005,0.00253437522530353,0.00891204137013471
"NMNAT2",64.4690929397901,1.20129747357463,0.397971066084567,3.0185548044826,0.00253983458953708,0.00892934199787973
"SLC6A16",61.426461549189,-1.26506585580202,0.420217873109228,-3.01049987817436,0.00260818052616098,0.00913277005902614
"GPR1",11.8528987680865,3.19588907664269,1.06262651900942,3.0075374738642,0.00263373650719703,0.00920861991278521
"IL13RA2",42.7733789719311,1.4601699213853,0.485631255683102,3.00674617685261,0.00264060147441728,0.00922288153715022
"LINC01522",17.2561980348084,2.5216502125861,0.838883413834996,3.00596026932784,0.00264743587067838,0.00924285140929519
"TTYH2",27.6293517478348,-1.90256036552177,0.632916411625914,-3.00602153866455,0.00264690248072786,0.00924285140929519
"C3orf36",5.01797934652515,5.87416230166904,1.95485643023317,3.00490727135823,0.00265661827912681,0.00927099847271916
"SLC5A5",93.0777893352527,-1.01820848100331,0.339569622183132,-2.99852641251338,0.00271288640457868,0.00943949879516216
"TP53TG3D",64.3599463316059,-1.23669464795672,0.412889662594268,-2.99521823866046,0.00274248544755498,0.00953046800922317
"MIR6084",38.2233219098883,1.54319508624986,0.517205614096388,2.98371681240542,0.00284770200509242,0.00985060890037405
"KLHL30",17.8543141866432,2.42942050275539,0.815469592661291,2.97916749394292,0.00289032737041929,0.00998136837788026
"VAV3",21.2829860223971,2.12895247267183,0.714949499595659,2.97776622527306,0.00290357356318177,0.0100250207796797
"LOC102724094",14.8762482263418,2.61063906693423,0.877499836962116,2.97508780853134,0.00292904692404268,0.0101045403682273
"RHBDL2",19.7473333150455,2.21988111863702,0.746330504391333,2.97439419342432,0.00293567678610615,0.0101210835583481
"SGMS2",18.0306729096629,2.44105108591049,0.820681033326014,2.97442122674325,0.00293541813412561,0.0101210835583481
"CST1",29.0456862670726,8.40617528009493,2.82892077152099,2.97151315254944,0.00296336180714308,0.0101974146843726
"MMP23B",61.5965569082752,1.20720660469756,0.406284307688447,2.97133456019002,0.00296508578560271,0.0102012263403235
"KCNF1",41.6364023490862,1.62508769173665,0.547101658036673,2.97035782631045,0.00297453054131246,0.0102292026258338
"OLR1",23.5647273355827,2.02577987304183,0.682382363203133,2.96868732587509,0.00299074747383537,0.010270301283594
"SAA2-SAA4",56.4738185148573,1.30565076965228,0.439844218326671,2.9684390865008,0.00299316421114753,0.0102764683723115
"HFE2",9.61844139835245,-4.10381182947426,1.3827695258169,-2.9678205607329,0.00299919362800887,0.0102950337890508
"GPR4",15.8985811183943,-2.90122492566079,0.978452500896016,-2.96511575472902,0.00302569058327335,0.0103752290313529
"LOXL4",10.5368729175766,3.36644855672609,1.13638251260005,2.9624255208078,0.00305225642450661,0.0104499735039075
"AOAH",48.7355581295912,1.35093772078564,0.456206486310394,2.96124180897001,0.00306401273520907,0.0104827488204176
"NIPAL4",16.625383667436,2.46571477341271,0.832747654051158,2.96093872065262,0.00306702956076604,0.0104893485098398
"GRIK4",14.3876380659782,2.75716068919038,0.932800352494983,2.95578864417851,0.00311870725376833,0.0106390854213465
"ITGA10",37.4778477484278,-1.54435921111218,0.523523206876027,-2.9499345794577,0.00317841222837819,0.01082046055206
"TRIM6-TRIM34",4.7649813618191,5.79913636063707,1.96785147263073,2.94693803942656,0.00320937503721682,0.010910161350588
"C19orf33",12.2429087390959,2.96295446819185,1.00589491190207,2.94559047186066,0.00322338864917033,0.0109494654151569
"LOC100506178",11.5510487347798,3.16540881845719,1.07477351950007,2.94518683334288,0.00322759700175681,0.0109608505484363
"FLT1",4.80718488924114,5.81032945184795,1.97318703667851,2.94464201509684,0.00323328523959013,0.0109734134274545
"LINC01586",4.80718488924114,5.81032945184795,1.97318703667851,2.94464201509684,0.00323328523959013,0.0109734134274545
"KRT81",61.8814532275509,-1.24311787590444,0.422403871214232,-2.94296042394452,0.00325089974051849,0.0110286723724251
"TNNC2",106.634598698628,1.04004637257376,0.354099561232031,2.93715803813789,0.00331235255814516,0.0112187557893224
"NIPAL2",12.0227774841746,2.92799516113491,0.997034167439977,2.93670493625404,0.00331719559726848,0.011230562799343
"TMEM98",55.503806923629,1.271394284706,0.433141938585088,2.93528326732611,0.0033324331867619,0.0112729274692996
"SVILP1",30.0337985548077,1.72803842504544,0.588819066343075,2.93475283634684,0.00333813470843183,0.011289907170814
"LOC728730",35.173754243027,1.57373185071234,0.536431982652645,2.9337025039601,0.003349450790874,0.0113245798107565
"SLC28A3",4.81562559472554,5.81258716448833,1.98345182648366,2.93054113383389,0.00338372192494306,0.0114277423590405
"FAM26E",8.72110792476003,4.14016855404988,1.41386200738555,2.92826918922994,0.0034085479965435,0.0114962975544343
"LINC00925",45.1451294596261,-1.64460863280685,0.561778113904723,-2.92750570394377,0.00341692793218335,0.011518735465071
"MAML2",37.1980171107421,1.53230268478518,0.523407059931374,2.92755448309407,0.00341639197692918,0.011518735465071
"CIRBP-AS1",77.5457227080975,-1.10086472112399,0.376326013971389,-2.92529530315086,0.00344129492263246,0.011596155040597
"MAP3K5",8.43524321026923,4.09798188183367,1.40212321828368,2.92269739805746,0.00347013581076759,0.0116751570382993
"RAB17",28.5478939882097,1.76208353976225,0.602900899599772,2.92267525381366,0.00347038258992464,0.0116751570382993
"CHAD",16.4372230501466,2.43609258813234,0.834763837606095,2.91830153438184,0.00351943834319954,0.0118233698917473
"PPP2R3A",70.2679291985343,1.12139668159115,0.384312075164279,2.91793246702384,0.00352360654385215,0.0118348746048135
"LOC100129046",21.7884775937295,2.06583274127449,0.709020975161183,2.91364122310325,0.00357240213036701,0.0119787853934661
"SH3RF1",13.0791568287998,2.81903553137176,0.96760843340575,2.91340529293386,0.0035751026268698,0.0119836165816016
"PLSCR1",9.7615019505693,3.7084366626523,1.2744510686894,2.90983055666932,0.00361624752095924,0.0121117217658675
"DHDH",47.4340733741509,-1.3673748601742,0.471088619220211,-2.90258521302765,0.00370096458824511,0.012380429641195
"FAM41C",67.9161018121291,-1.15920522417089,0.399466128838737,-2.90188614374075,0.00370923325012869,0.0124005713504605
"MRO",10.9850717348239,3.08009341403834,1.06201955619887,2.90022287825138,0.00372897407807332,0.0124615342096244
"BCL2L14",9.19552495061347,3.60892864691398,1.24448642057135,2.89993413126766,0.00373241084719765,0.0124693678496029
"LOC101929705",68.3806783171225,1.11152447147527,0.383990769757123,2.89466455711505,0.00379563903998534,0.0126624953042094
"C11orf91",4.87613826404108,-5.64126786536637,1.94996716828148,-2.89300658858685,0.00381573292788759,0.0127206468121642
"TBX2-AS1",80.9051483438756,-1.08166512492784,0.373924541994853,-2.89273637712372,0.00381901692335324,0.0127290310341004
"TMEM74B",101.726022079439,1.01767857553014,0.352173014442273,2.88971197052622,0.00385594946410344,0.0128366201789703
"RUNDC3A",86.3089267508408,-1.00777750511018,0.348888658831024,-2.88853615502094,0.0038703953170265,0.0128795302146004
"NOG",14.5312985734601,2.57604096711654,0.892063035856458,2.88773423353801,0.00388027575752202,0.0129046261479816
"DHX58",52.7361437265384,1.28865330431496,0.44691867456512,2.88341789603869,0.00393385181302326,0.0130670510152842
"COL6A3",39.9906080725002,-1.464009490262,0.508416937136959,-2.87954508066993,0.00398249357366576,0.0132074200824115
"GBP2",4.51198337711305,5.71997113905079,1.9883732083221,2.87670901775911,0.00401845962600514,0.0133053698198914
"C1orf220",20.7161129302884,2.07698157855215,0.722092123219525,2.87633878249732,0.00402317652910407,0.0133156604498561
"PDZK1IP1",4.52886478808186,5.72470167322874,1.99065908663613,2.87578205211546,0.00403027889567177,0.0133338349552587
"HPN",8.63849305422171,4.14423548684843,1.44230237231337,2.87334720264054,0.00406147489186155,0.0134209487742249
"TNFAIP3",55.0473747627587,1.30552024838798,0.45462048869971,2.87167050504474,0.00408308448537254,0.0134789019549035
"TRIM34",4.50354267162864,5.71759933096934,1.99209761053957,2.87014014811287,0.00410289904362794,0.0135416121575533
"AFAP1-AS1",32.619573779679,1.64912246901127,0.574705012376918,2.86951119878123,0.00411106774355256,0.0135604609986612
"ST6GALNAC1",4.53730549356627,5.72707283096375,1.99659487639811,2.86842007793564,0.00412527407631833,0.013604609785061
"SLC16A4",21.9863667027294,1.99262137463841,0.695235891930518,2.86610832059509,0.00415552030572279,0.0136888307030247
"CDYL2",14.352474753808,2.54666165290747,0.888727085917466,2.86551596464336,0.00416330279976992,0.0137109009036593
"LINC01604",87.1933781511298,-1.01003816069813,0.352663138698721,-2.86403099690271,0.00418287077061457,0.0137726033410011
"C10orf105",22.9050064831455,1.97219994842187,0.688667998567399,2.86378915896272,0.00418606544775113,0.0137776407419321
"SLC4A7",1069.37374974656,-1.76738485571358,0.61741488768213,-2.86255626641692,0.004202386379864,0.0138203654598667
"SLC5A9",46.935150176108,5.00814289490027,1.74982097167518,2.86208873705848,0.00420859057567232,0.0138352713423095
"TFDP3",12.7492950737249,-2.81187733530786,0.982635017806858,-2.86156841996501,0.00421550504170152,0.013855250089405
"HOXD1",14.6467801737832,2.57691133823925,0.901921136368385,2.85713598931196,0.00427482645839295,0.0140307213046441
"MAP4K1",29.9664802727939,1.77337542689886,0.621141835230424,2.85502493362244,0.00430334503265034,0.0141208093870854
"EXOC3L4",11.7773241128001,2.88927536479238,1.01217600154459,2.8545187402026,0.00431020886853391,0.0141384417740732
"FAM65C",46.3180330648499,-1.35834065002496,0.476065677815716,-2.85326313851757,0.00432727733230268,0.0141859961188897
"RAPGEF3",229.336386122528,1.92914981609794,0.67803079038429,2.8452244993248,0.00443801319345615,0.0145145217107461
"DGCR11",73.0544503231112,1.0793208016168,0.379357369394014,2.84512939168918,0.0044393385771279,0.014514932689192
"KIAA0754",31.2481110353148,-1.67354876094807,0.588334892644549,-2.84455126131567,0.00444740290127584,0.0145308750141961
"ARHGDIG",66.0922884827582,1.10861352509484,0.389938427126578,2.8430476402752,0.00446843906758883,0.0145938444054322
"GABRA2",11.7942055237689,2.89125683895639,1.01717615567043,2.84243473742338,0.00447703962028572,0.0146132833356279
"PDGFRA",21.422686285159,2.04953728803274,0.722223223351225,2.83781692663188,0.00454232274475254,0.014797190724492
"SCARNA17",21.384443002457,2.03610642146922,0.718093007495306,2.83543552188472,0.00457632517387255,0.0148757530003807
"ABLIM2",39.3256576647942,1.5145172173348,0.534852157718352,2.83165580521474,0.00463076666939823,0.0150409046137911
"SYN1",53.3836261735936,-1.23234441414924,0.435700624911364,-2.82842012081103,0.00467783733592702,0.0151699771912743
"DDX43",4.66980844955675,-5.57802187611284,1.97309334377403,-2.82704408978619,0.0046979859062668,0.0152263682632716
"SDCBP2",29.7549740555688,1.64604133056704,0.58302326018671,2.82328586691362,0.00475341672106971,0.0153909533582054
"XCR1",4.63962999623063,-5.56968250284349,1.97462629426736,-2.82062611999704,0.00479300286429644,0.0155009346248212
"PHLDA2",75.8156147922619,-1.05272744926623,0.373237086746537,-2.82053281050587,0.00479439703006369,0.0155024144640778
"HRH1",7.64209474014023,4.99619618610397,1.77148389621768,2.82034524658757,0.00479720059047698,0.0155084500339014
"KIF12",24.4868387806038,1.8421359697803,0.653476205734846,2.81897941136018,0.00481766081576455,0.0155624359528757
"VAMP5",24.9754489409674,1.79730989489762,0.637636740137826,2.81870504279463,0.00482178037118893,0.0155696661537103
"GBGT1",24.7497038728626,-1.97674320284106,0.702990585535535,-2.81190565494584,0.00492489463699217,0.0158672902656636
"LOC100128288",24.2027504324541,1.89305992161673,0.674212029414934,2.80781095415857,0.00498794983769744,0.016052993527818
"ZCCHC12",59.7062260563315,1.22340416470511,0.435862725755458,2.80685659133768,0.00500275078768762,0.0160912419428304
"AWAT1",10.6245682041444,-3.16370480143599,1.12820429250309,-2.80419496934977,0.00504423920175865,0.0162026484120918
"DNAJC5B",24.2947438304302,-2.22056245373222,0.792237463655856,-2.8029000843828,0.00506453567015936,0.0162646865371513
"CLDN9",30.2560978701433,1.73360504179674,0.618599362111436,2.80246820151819,0.0050713215496169,0.0162799488458688
"CACNA1C",65.3148305234137,1.20002809689139,0.428727834102485,2.79904405881081,0.00512541434234023,0.0164378721554767
"PLD1",33.1405462717477,1.56414843482914,0.55916410860063,2.7972976283181,0.00515320385607724,0.0165182836362356
"PRAMEF22",4.62454076956757,-5.56546680796214,1.99031942136341,-2.79626815084268,0.00516964880428083,0.0165572807678902
"MYL3",20.6441226436134,1.97619012160064,0.706961295843287,2.79533000352357,0.0051846761208669,0.0165957762816842
"PHF24",20.1217496613122,2.03681840129147,0.728641139908276,2.79536563300265,0.00518410468481984,0.0165957762816842
"AK9",33.007287168303,1.56009859548001,0.559457449300016,2.78859205008706,0.0052937701133516,0.0168992252490252
"ST8SIA2",4.24210398143818,5.63117478320241,2.0195639275881,2.78831222239523,0.00529834531163685,0.0169105691473608
"LOC653653",24.1805082865327,1.81407448932143,0.6512136846147,2.78568238380118,0.00534151814179898,0.0170253819147038
"GHR",7.4144188718874,4.95024620967219,1.77762953367868,2.78474570538215,0.00535697171540379,0.0170713507572898
"HDC",19.1328959605622,2.05135568870342,0.73792694692895,2.77988992981026,0.00543773263387324,0.0172887976274076
"CLIC5",4.23366327595378,5.62864766727447,2.02549600334627,2.77889843177944,0.00545435767197875,0.01733830001663
"C12orf50",13.2490342160316,-2.61297445996703,0.941092570147001,-2.77653287556917,0.005494207836916,0.0174482210507739
"GLRX",24.7055695452926,1.77715097764633,0.640083527408465,2.77643604552918,0.0054958446202707,0.0174500710060849
"NCR3LG1",65.9853510107894,-1.12677363107625,0.405858268632402,-2.77627368507995,0.0054985900959367,0.0174554398289115
"BDKRB2",4.27586680337581,5.64124540503378,2.03206222883687,2.77611843032128,0.00550121657384621,0.0174604289032219
"USP29",8.42170692479001,-3.89316274324068,1.4028344967027,-2.77521172482668,0.00551657813346431,0.0174942488958236
"LOC105747689",16.3954112167977,2.28042343532488,0.821781568476131,2.77497515495946,0.0055205925035662,0.0175017902928611
"ACTL8",15.9027825890919,-2.32153531731959,0.837556522542824,-2.77179540106906,0.00557480641782387,0.0176398768548692
"NFASC",14.8606546015991,2.43165601056038,0.877580376969786,2.77086415600664,0.0055907745817529,0.017675150534384
"LPCAT2",7.44728560167215,4.94997401564305,1.7880558362845,2.76835539203792,0.00563399818487632,0.0177965530450521
"SLC45A2",22.6107010631703,1.95105557253712,0.705101882233801,2.76705483519073,0.00565652398027091,0.0178540779789176
"CD47",9.72813082270488,3.24587145606648,1.17317042410744,2.76675186261705,0.00566178315378207,0.0178574190803154
"CCR3",21.9163482920037,-1.95210582226428,0.705878983532861,-2.7654964488306,0.00568362238979669,0.0179122844242031
"FMO5",18.652726505683,2.12472449350197,0.768291964836563,2.76551700492398,0.00568326418402233,0.0179122844242031
"NR2E1",7.89638051107237,4.00590908041116,1.44872861166086,2.76512042915938,0.00569017841669821,0.017929532296438
"SPN",21.2461590478923,2.14027793897694,0.775690761626644,2.75918967307116,0.00579448923569895,0.0182304477911593
"TM6SF2",30.7339865606018,1.58710257663687,0.575386498215658,2.75832432905302,0.00580985229521095,0.018267380883442
"TMEM159",64.4733321745769,1.12317256310695,0.408976142450796,2.74630338184601,0.00602710005753564,0.0188725993477733
"MAGI2",37.0841591804778,1.57958082359871,0.575777138495628,2.74338926989319,0.0060808552726681,0.0190193341786097
"KLHL13",7.14364338405966,4.88888888199313,1.78636061546698,2.73678720839639,0.00620424105823568,0.0193723067338082
"FAIM2",9.65881299452387,3.22370695822649,1.17873182701848,2.73489430278696,0.00624003095293337,0.0194693670750147
"FGF5",46.7792815703171,-1.29246380856922,0.472707697342358,-2.73417127716698,0.0062537504594833,0.0195048195977704
"TJP3",81.9991420377209,1.0209812641072,0.373718328641871,2.73195394996426,0.00629599402871322,0.019614397358039
"XKR7",52.4611230344993,-1.19550862798036,0.439208560347521,-2.72196112715659,0.00648957756144011,0.0201454403220099
"SLIT1",18.7866585214545,2.13676387665822,0.789336158204061,2.70703914225835,0.00678862527614873,0.0209597697390065
"TMTC1",7.18674300363457,4.90301891507893,1.81252673219375,2.70507398759558,0.00682891775523824,0.0210723800679909
"KIAA1683",39.4645406752935,1.45974701628297,0.539680855494097,2.70483379468135,0.00683385725120856,0.0210836915604854
"SNORD86",49.7787313484762,-1.27277927087981,0.472084668081533,-2.6960826244414,0.00701602613095598,0.0215853651523389
"RASAL1",27.8905902878488,-1.67313424586295,0.620896999912191,-2.69470499309801,0.0070450975676783,0.0216587026263394
"LINC00622",7.66691245851379,3.94191525396902,1.46287705330558,2.69463195492861,0.00704664186921646,0.021659427338769
"FOXS1",42.3065781876145,1.32387881163739,0.49140090573159,2.69409111012204,0.00705808682469499,0.0216905780026646
"NCAM2",18.8282025421329,-2.02269195000252,0.750903523982976,-2.69367753033528,0.00706684995145289,0.0217094469926593
"RHCG",17.152066183873,-2.13115505842674,0.791424507558311,-2.69280902735973,0.00708528401395447,0.0217620376691361
"CACHD1",32.7462401721857,1.49035385177519,0.553764885789993,2.69131158370411,0.00711716881979477,0.021843756407425
"FXYD3",7.38948844950739,3.89454801569689,1.44898237218886,2.68778150131234,0.00719284459297613,0.0220392380049872
"RASSF8-AS1",58.8327570698628,1.13934967556743,0.423921993152571,2.68763992897479,0.00719589454241858,0.0220445023997987
"CRNN",6.8822046938692,4.83301099517404,1.79835774552832,2.68745804731649,0.00719981459520867,0.0220496817368604
"CBLC",11.8267919346306,-2.68280746923171,0.998901750509622,-2.68575710059872,0.00723656758350527,0.02213632723012
"LOC102723824",18.0786580896585,-2.08155873462496,0.775208788226654,-2.68515884525339,0.0072495342784074,0.0221718941936806
"LOC105274304",19.5633172746879,1.98205965196215,0.738682845816915,2.68323498127288,0.00729137390948284,0.0222957363661112
"HIST1H2BO",39.7267223318287,-1.35800043284087,0.506242336407752,-2.68251059853492,0.00730718363794111,0.0223358270683659
"BEST3",6.85688257741598,4.82819164436219,1.80305498906763,2.67778391321214,0.00741110133434252,0.0226200533442813
"SIGLEC10",48.0472229424081,-1.23608321612162,0.461839255262818,-2.67643601542316,0.00744097722127934,0.022690319632759
"MIR181A2HG",32.983445035972,-1.52030524289637,0.568177385461845,-2.67575810265765,0.00745604381031822,0.0227278889776035
"MYH6",7.32157111155893,4.93395298873307,1.84521595392429,2.67391628510465,0.00749711638737876,0.0228446742348846
"SBSN",31.7195766126075,-1.51136284112824,0.565790383200997,-2.67124165769238,0.00755712191371629,0.0229809814285931
"KIAA2012",6.9084229024753,4.84437052664115,1.81387967040103,2.67072320490262,0.00756880315345596,0.0229953799185028
"MGLL",6.9084229024753,4.84437052664115,1.81387967040103,2.67072320490262,0.00756880315345596,0.0229953799185028
"HSPB6",15.4994597577606,-2.26951110253111,0.852217977548266,-2.66306410134675,0.00774326619717369,0.0234479586709877
"CD274",8.45341240746413,3.47610931963553,1.3058694375123,2.66191184185882,0.00776982252221304,0.0235154694437137
"TNFRSF11A",30.2813231005547,1.56176414391441,0.587073294826856,2.66025410741092,0.00780817178113292,0.0236099487251209
"LOC257396",46.4039533139329,-1.23917730716141,0.465964932091686,-2.65937889703164,0.00782848681546483,0.0236627307833407
"CATSPER2",73.4031348127,1.00000095005484,0.377181762047412,2.65124417635319,0.00801958404147517,0.0241829395253228
"CD5",12.4553826766792,2.51310740192513,0.948107442505407,2.6506567602551,0.00803354371855676,0.0242118018262111
"LOC100506895",19.8748957997051,1.90242324559834,0.717956112533771,2.6497765147293,0.00805450308441514,0.0242484785473335
"POC1B-GALNT4",575.903099985855,-1.36499844880209,0.515918567325765,-2.64576337284677,0.00815068098124626,0.0244757023950632
"TDRD10",15.2427282652037,2.48804352936605,0.94116288771935,2.64358440162801,0.00820333107265211,0.0245981043323438
"RORA",30.1425189299457,1.60653000542297,0.608765951254775,2.638994513592,0.00831523266034281,0.0249110825328496
"CCDC144NL-AS1",50.5502705927346,-1.18706840425126,0.44984278425342,-2.63885171843175,0.00831873580908198,0.0249170675193494
"ST3GAL4-AS1",38.8847780528654,1.35435804866935,0.513270956982663,2.63868046739122,0.00832293879817636,0.0249247498619008
"KRTAP5-1",6.61322139034721,4.779931547074,1.81255600206674,2.6371221311914,0.00836127219938576,0.0250218364571023
"LOC283299",46.1610755150106,-1.33854460983445,0.508182146429537,-2.6339859029661,0.00843889915635888,0.0252176672388612
"C20orf141",6.60388459270993,4.77156549325631,1.81178023909024,2.63363369922408,0.00844765692774473,0.0252347261266975
"LOC391003",7.72727134802172,-3.7602074628791,1.42941499927009,-2.6305918608656,0.00852363307386426,0.0254295556306058
"IL12A-AS1",8.42629810670515,3.45652513578028,1.31435482626312,2.6298264872718,0.00854284579684175,0.0254776907440224
"WHAMMP2",61.7102052484913,1.05828660056179,0.402484894863824,2.62938215586909,0.00855401734204364,0.0254972258320739
"HIST1H2BJ",32.1886329035084,-1.53420657725614,0.583772709481601,-2.62808889887733,0.00858660725878152,0.0255897593351371
"LINC01137",7.33974030875383,3.89484419038822,1.48223429163965,2.62768457885274,0.00859681882515364,0.025615579692879
"FABP6",10.8944475998193,-2.84007722068291,1.08142036737372,-2.62624720817878,0.00863320922703069,0.0256962559118525
"LAMC2",71.7110858473547,1.14705291235659,0.437186573317804,2.62371486766307,0.00869765645743402,0.0258694716412305
"DACT1",7.12804975931693,3.83886915949689,1.46376115625757,2.62260625176843,0.00872600543208352,0.0259444659442871
"LOC101929412",15.7729817446691,2.72007500102403,1.0379440316296,2.62063745070478,0.00877655422518106,0.0260713434198128
"GPR149",29.1522748328343,-1.6139288538627,0.617232012546464,-2.61478475039596,0.00892837029516162,0.0264842984095905
"TH",10.7164801253752,2.74314332431393,1.04913277416138,2.61467699024716,0.00893118739463763,0.0264879078580975
"GABRR2",6.65452882561637,4.78140095496633,1.83068427663183,2.61181079446607,0.00900640834142009,0.0266918658669983
"LOC100128164",10.9921119500758,2.77021612216603,1.06098266946827,2.6109909255675,0.00902802892992387,0.0267415774602899
"C19orf45",9.66165372193381,-3.02302296365896,1.15812542175004,-2.61027252047613,0.00904701192115453,0.0267882184828175
"LRTM2",7.42235517929214,3.89105186132867,1.49227969438483,2.60745480620689,0.0091218111109717,0.0269855616637719
"EWSAT1",6.65542491776925,4.78844792894595,1.84140437482619,2.6004325798335,0.00931063121665293,0.0274950165741372
"TMOD2",21.9374019501223,1.80500462251725,0.694588069451472,2.59866919963468,0.00935859109496085,0.0276120142252749
"LINC00520",7.71755669142023,3.95014103760104,1.52047067979702,2.59797251606876,0.00937759994071409,0.0276631677452682
"GPR155",41.5315989146804,1.28720003413787,0.495513799558112,2.59770774352959,0.00938483322440477,0.0276795722612879
"C15orf48",7.33794812444807,3.87562478747999,1.4933969247276,2.59517394425257,0.00945430585017411,0.0278497366848339
"ROBO4",12.6238050922941,2.7602079470337,1.06362340333005,2.59509892165958,0.00945636982036251,0.0278508600118577
"POU3F1",20.3535096556879,-1.91407389425816,0.737946402939984,-2.59378443560735,0.00949259832686783,0.027938166317545
"VLDLR-AS1",17.083702670467,2.09316504610661,0.806994556368328,2.59377839613486,0.0094927650658454,0.027938166317545
"FGF18",35.4176792561972,-1.38230092840422,0.532984461939074,-2.5935107439628,0.00950015708450538,0.0279549511222636
"CNGA3",16.9098054870368,-2.10019931471322,0.810146831647752,-2.59236873202558,0.00953175488643571,0.0280379610592294
"ABI3",9.68542289720318,2.86932550864258,1.10696901976736,2.59205583661736,0.00954042858577786,0.0280584886197219
"KCNC1",56.7198261251275,-1.09886925258368,0.423989163141154,-2.59173900682421,0.00954921852017608,0.0280793506743568
"ACSM1",7.86300938320796,3.36334485773669,1.29829118208066,2.59059362349403,0.00958105561677005,0.028152961577983
"TMSB15A",38.7754405756414,1.30635569053957,0.504260875535626,2.59063463758111,0.00957991395664169,0.028152961577983
"LINC00341",24.1525137115855,1.7422620413172,0.6726752614211,2.59004922767113,0.0095962208083159,0.0281836161917537
"ADCY1",34.1644354166961,-1.4176762158752,0.547889695097403,-2.58752122655486,0.00966692394135089,0.0283499158535152
"CCDC110",57.4770874464184,1.0857116615595,0.419626033782473,2.58733151461788,0.00967224848945457,0.0283605061111518
"IL2RB",8.19197371727367,3.42661455673832,1.32492328577845,2.58627393262625,0.00970197904099551,0.0284376052924664
"ERBB3",62.5672101845691,-1.0408446250072,0.402570453993502,-2.58549681101038,0.00972387723286249,0.0284967450351168
"ACTC1",53.0779565151223,1.17521940494185,0.454751044319974,2.58431381218542,0.00975729705210239,0.0285643404326846
"ZNF141",34.7209470970435,-1.39644607883425,0.540505163170909,-2.58359433727129,0.0097776723055799,0.0286189269676319
"LOC101930010",11.4767618657194,2.60208173356296,1.00748323416663,2.5827543777593,0.00980150760436442,0.0286785493843804
"HSPA12A",41.0753352680572,1.29488085849479,0.502296483969505,2.57792140661969,0.00993966022703397,0.029036578905377
"KCNJ18",48.4658265442993,-1.2094538998086,0.469595320807883,-2.57552374612225,0.0100088400419832,0.0291768792488387
"COLQ",57.3754072865323,1.11002616762528,0.431014195718994,2.57538192164088,0.0100129455120564,0.0291837073631901
"CLIC4",1670.16332652063,1.28131884947425,0.497742511256456,2.5742604268215,0.0100454628895103,0.0292733277723899
"GPR143",7.90431681847712,3.36292719864689,1.30690031079874,2.5732086608745,0.0100760439243455,0.0293469433460789
"PECR",31.2007462691172,1.44727104737619,0.562782239676258,2.57163596386542,0.0101219261689481,0.0294546627898082
"PCSK6",42.3468768267243,1.24441590442639,0.484006960762371,2.57107026408522,0.0101384754691591,0.0294901980969822
"CHST7",65.9650766163707,1.01447573661254,0.395229190637632,2.56680366896955,0.0102640708801688,0.0298263520380187
"NFIA-AS2",6.31712378606625,4.70556019087544,1.83559143019504,2.56351174529915,0.0103619194923698,0.0300579199855773
"LINC01277",6.83284824718885,3.77439802874975,1.4733044490454,2.56185884132455,0.0104113624843834,0.0301960525392524
"C9orf171",9.42514545412336,-2.98297860437257,1.16680958127201,-2.55652563387475,0.010572328116774,0.0306039130795458
"CYP26A1",29.4090156065278,1.50036047839567,0.58730649536423,2.55464649248463,0.0106295690719698,0.0307375107098235
"ITGB2",10.7502429473128,2.74784464433177,1.07585456197474,2.55410418977829,0.0106461394453997,0.0307637744588436
"FRMD6",10.4710267540006,2.69925802252444,1.05832558843441,2.55049868586988,0.0107568929596457,0.031046965152187
"CCR4",9.44202686509217,-2.9731406346162,1.16611204824874,-2.54961831419309,0.0107840912421088,0.0311017671359569
"PTGIR",42.939407489593,-1.24383593745509,0.488110406370831,-2.54826760753409,0.0108259389548603,0.0311981603446523
"ST8SIA5",46.2176975849557,-1.18919045765044,0.466668870450855,-2.54825323253626,0.0108263850975254,0.0311981603446523
"GALNT4",563.007875062955,-1.40691889121829,0.553120594340023,-2.54360243609626,0.0109715881435514,0.0315445070265871
"RPE65",45.4194700276535,1.20466212759474,0.474410789441681,2.5392806285297,0.0111080683199991,0.0318815236401291
"ABHD17C",25.8678863307421,1.72457123293974,0.679745685981758,2.53708301281668,0.0111780444756147,0.032049019948099
"KCNE2",31.9991686820282,-1.47391627380636,0.581259473793226,-2.53572860359207,0.0112213661248479,0.0321509524144854
"KANK1",22.08285464191,1.73442658270261,0.684254077752175,2.53476981591447,0.0112521236359541,0.0321944944550237
"HAPLN2",36.7840450917103,-1.39836093739315,0.552094045852518,-2.53283104191763,0.0113145475401047,0.032345145230365
"PLEKHA7",18.5664145625267,1.88127355729389,0.743872145636621,2.52902809754203,0.0114378870187605,0.0326244883568023
"CCDC149",35.2541441593852,1.33549982861929,0.528627156796151,2.52635493929852,0.0115252973918539,0.0328511662527925
"ZNF385B",37.7847946905857,1.29265013055076,0.513478907838901,2.51743569369029,0.0118212546569258,0.033579098520926
"RNF152",7.16935719458609,3.83677422830695,1.5249216408422,2.51604680892844,0.0118679419573204,0.0337001501591297
"ZNF365",21.3816578399566,1.7595316377085,0.700218773528202,2.51283128106196,0.0119766597967311,0.0339564359293411
"TBX19",31.4835468310409,1.47136912248978,0.585578418707094,2.51267648445521,0.0119819157146043,0.0339655195937883
"TMEM35",56.5999963272491,1.17151001094362,0.466306549367226,2.51231729971055,0.0119941192442453,0.0339942913922514
"RBFOX3",38.3586928339809,-1.28923603622879,0.51358871664414,-2.5102499226479,0.0120645741498095,0.0341670045078761
"MAPT",32.7536720815108,1.38235852815036,0.550956615927153,2.50901520771126,0.0121068272014635,0.0342726532988925
"CLEC18B",47.2842555833178,1.18526079359824,0.474110188985354,2.49996903912744,0.0124204160765143,0.0350166456989378
"MAP1LC3A",6.5798502624828,3.71548589072606,1.48694819635171,2.49873257174807,0.0124638328330747,0.0351211033457698
"NT5C1B",30.075786768088,-1.54622189992566,0.61931798041579,-2.49665268702126,0.0125371682087554,0.0353037101380265
"GLMP",35.5604746534563,1.35590362112523,0.544126872643103,2.49188872907327,0.0127065837474376,0.0357382114167522
"LOC101927204",25.8584368290984,1.57655876375768,0.632859265482597,2.49116802067432,0.0127323892192295,0.035798625166755
"PPP1R26-AS1",47.058763593444,1.14266779605562,0.458778675548208,2.49067329620369,0.0127501300147593,0.035830246520254
"RP1L1",6.13165144523545,4.65815373782386,1.87421580470867,2.48538814266798,0.0129410249514152,0.0363358515684179
"PRKCH",8.68237606194305,3.06341108999349,1.23456381295266,2.48137119997616,0.0130878000088489,0.0366609012940373
"PRDM13",35.2220867295827,-1.31693523513147,0.53220128150406,-2.47450594521243,0.0133420600137924,0.0372659091036604
"NTRK3",9.93907773094021,-2.6994526483827,1.09153536270557,-2.47307850997297,0.0133954711711518,0.0373709487316542
"MAN2A1",649.308345200222,1.19928707305611,0.485231865147069,2.47157525957743,0.0134519233557288,0.0375094736159067
"UNCX",6.33610361209973,-4.51003839236806,1.82487022814115,-2.47142965171945,0.0134574025801486,0.0375184314479736
"STARD13",13.9905309859511,2.15366742894989,0.871700313696184,2.47065120329934,0.0134867290674958,0.0375875298072387
"LOC646626",36.5163331024503,1.30935957381125,0.530113162188993,2.46996239143454,0.0135127257540573,0.0376473046088463
"APOL3",5.81956852213855,4.58120313279734,1.85507500214729,2.46955143457514,0.0135282568984341,0.0376715525206731
"GPR37L1",5.81956852213855,4.58120313279734,1.85507500214729,2.46955143457514,0.0135282568984341,0.0376715525206731
"MAL",5.81956852213855,4.58120313279734,1.85507500214729,2.46955143457514,0.0135282568984341,0.0376715525206731
"LOC101929106",6.2974844532892,-4.50884212564827,1.826456339205,-2.46862847409252,0.013563195512803,0.0377542115975339
"SFMBT2",26.4239094309745,1.54881104308543,0.627399524169394,2.46862004738669,0.0135635148721617,0.0377542115975339
"THPO",14.753501002754,2.10465144892958,0.852633965198887,2.46841145770993,0.0135714222221044,0.0377663383692454
"LINC01605",51.788945421617,-1.16179097934126,0.470797616502914,-2.46770786133339,0.0135981246467999,0.0378279259082071
"PKD2L2",61.951065455095,1.01342052856096,0.410959267130443,2.46598777449954,0.0136635997685068,0.0379909127109566
"GAL3ST3",5.79514249783821,4.58299908371678,1.85861317375345,2.46581652838576,0.0136701334706533,0.0379963138885395
"C4orf26",6.88438857224817,3.79476448356107,1.53955086864179,2.4648516400818,0.0137069993011169,0.0380732090001823
"TMEM150C",43.4637974102135,1.18879736204479,0.482987715719423,2.46134078228894,0.0138418819926233,0.0383898845076912
"GPR176",21.6332553344301,1.68881114502703,0.686375323618344,2.46047765255339,0.0138752212874718,0.0384759026219188
"PRKD1",9.12034198940023,2.77111263610033,1.12707607164499,2.45867400241745,0.0139451181281228,0.0386308946036299
"SPATA31A5",10.2171326771417,2.65291287538052,1.07920330376846,2.45821419015013,0.0139629868766771,0.0386545172742532
"SPATA31A7",10.2171326771417,2.65291287538052,1.07920330376846,2.45821419015013,0.0139629868766771,0.0386545172742532
"KCNIP4",23.7858216702939,-1.61421894888195,0.658191116279216,-2.452507955451,0.0141864242428572,0.0392009505956213
"ABCC8",41.9261681863445,1.25456846353392,0.511773807623393,2.45141202000932,0.0142296967965303,0.0392842397538159
"SAP25",53.489015503682,1.18122259620138,0.481921274975733,2.45106961974414,0.0142432401825571,0.0393120079209079
"FLJ20021",6.57230564915127,3.72391156780333,1.51973527387536,2.45036858183022,0.0142710046947509,0.0393623845538273
"CCDC152",22.808869162237,1.62883582628791,0.665159577666158,2.44878955513652,0.0143337167865073,0.0394958681954834
"GDNF",15.530664154067,2.05433723800554,0.839888309818218,2.44596479554547,0.0144465105812629,0.039749256237598
"NFKBIZ",42.3499567972562,1.20877400081989,0.495155517148623,2.4412007116081,0.0146385163776473,0.040181877791512
"FAM57B",15.0438290311881,-2.0506069411989,0.841267398558804,-2.43752098882215,0.0147883556886583,0.0405461095508815
"NINJ2",24.2677833094788,-1.57041654979852,0.644728310644793,-2.43578034944355,0.0148597047232075,0.0407282385458735
"HOXA-AS2",19.5134564299279,1.7707439240738,0.727923280994114,2.43259691001436,0.0149909792897153,0.0410404712542784
"IL6ST",927.420964621559,1.24512290906377,0.512154511014466,2.43114701186064,0.0150511061732381,0.041184643640178
"LINC00920",10.6324647646043,2.46945988569966,1.01737985239038,2.42727421807848,0.0152127525415232,0.0415651172115041
"LOC284581",10.6324647646043,2.46945988569966,1.01737985239038,2.42727421807848,0.0152127525415232,0.0415651172115041
"MPP7",19.3195433836127,1.75097792939492,0.721523849061781,2.426777620271,0.0152335901978333,0.0416151815406067
"CCL28",6.32685227777675,3.65406623350318,1.50615562788353,2.42608809199745,0.0152625650487442,0.0416737012020479
"OSR1",28.6207392912364,1.45394919929934,0.599364964154622,2.42581613249628,0.0152740064675463,0.0416980628485613
"FOXL1",50.4007317919683,1.09275052714482,0.451076300531826,2.42254032379102,0.0154124151585376,0.0420057212270936
"GPR146",32.6949788371932,1.32764299697907,0.548084290985338,2.4223336060084,0.0154211862629186,0.0420057212270936
"PKD2L1",16.525661977916,1.90169876556536,0.785922235177507,2.4197034775786,0.0155331676437946,0.042287005072383
"SPON2",18.9251232511879,-1.785098929615,0.738630708206438,-2.4167678242753,0.0156590016785852,0.0426015443431857
"ASIC4",13.1080461670435,-2.35645647324328,0.97662133916189,-2.41286605028058,0.0158276352072339,0.0429896649081287
"PRSS12",22.1489797955527,1.64991967395732,0.686040449189602,2.40498891268921,0.0161729564513763,0.0438484480234531
"ZFP69B",43.024303124552,-1.16720002731953,0.485695849013577,-2.4031500983384,0.016254514131002,0.0440551363838782
"KRTAP5-AS1",5.53280771549487,4.50572870806044,1.8769521887122,2.40055593059718,0.0163701888448331,0.044325104819185
"ITGA1",5.57501124291691,4.51563277647718,1.88145988265456,2.4000685946628,0.0163919998115638,0.0443551447800807
"SSTR2",19.3053502491025,1.75638631150248,0.73205167788321,2.39926546795333,0.0164279998620649,0.0444452850142038
"ODF3L2",22.76869440453,-1.62104838519199,0.675699274255265,-2.39906782048665,0.0164368700264974,0.0444620154728853
"C10orf25",12.9217506911214,2.19448139903868,0.916099733448535,2.39546123518435,0.0165994693954109,0.0448562847830989
"NAT1",39.4738363971297,1.21448066288217,0.50722313719986,2.39437157694884,0.0166488726332957,0.0449693439664344
"LAPTM5",62.0528594025128,1.24782951334967,0.52127946849707,2.39378220083625,0.0166756477019918,0.0450343156735793
"SHOX2",47.5477654478808,1.09687239283472,0.458806243318466,2.39070938725949,0.0168158574401525,0.0453537676958455
"HRH3",6.99421661244291,-3.61600593267086,1.51603183143485,-2.38517810621989,0.0170708544179709,0.0459516640634664
"EDA",33.6664467288946,1.28844297244205,0.540374027761041,2.38435399602849,0.0171091356009374,0.0460322517013518
"IGFBP7-AS1",14.1140615976853,2.32409443323086,0.97602155550675,2.38119170639033,0.0172567286738214,0.0463841138371375
"ADAM21",8.83447727490943,2.72467642112748,1.14452243599375,2.38062298775449,0.0172833905486405,0.0464331570136499
"GGT8P",30.0869056561599,1.48828896919512,0.625276548786081,2.38020916038591,0.017302813729464,0.0464702535859301
"REPS2",7.09467863145252,3.19100199275548,1.340845883958,2.37984247923861,0.0173200400742217,0.0465014279494756
"TPTE2P1",39.032286101061,1.22902410397851,0.51719346768207,2.37633338542863,0.0174856562700788,0.0468700538594889
"CCDC146",39.6460116956032,1.22812907421983,0.516968080178428,2.37563811250387,0.0175186348767068,0.0469508491708631
"ARSD",9.85440552113838,2.59452148902617,1.09339363112634,2.3729070804569,0.0176487031853018,0.0472382495347858
"FAM90A2P",49.905175644682,-1.09751414481908,0.463337072716976,-2.36871644736592,0.0178499324575027,0.0476843256999007
"MEGF10",8.44536339605293,3.01119829071985,1.27120868000318,2.36876788059087,0.0178474505602431,0.0476843256999007
"CYP46A1",36.6724103781014,1.23306316952549,0.520748732003808,2.36786590872866,0.0178910188536998,0.0477632490429739
"MLLT3",18.281837634262,1.75003767943984,0.739724671564326,2.36579601399391,0.0179913542062779,0.0479692163051405
"MIR1307",52.8804722604477,-1.04080408222248,0.441482678007556,-2.35751963569602,0.018397482302974,0.0488866795759875
