"GeneSymbol","G401_Empty_Day3_A","G401_Empty_Day3_B","G401_BAF47_Day3_A","G401_BAF47_Day3_B"
"A1BG",374,313,297,261
"A1BG-AS1",296,286,206,214
"A1CF",494,481,31,33
"A2M",4,6,75,132
"A2M-AS1",0,0,5,5
"A2ML1",1,0,3,0
"A2MP1",0,0,0,0
"A3GALT2",0,0,0,0
"A4GALT",113,54,268,267
"A4GNT",1,1,1,2
"AA06",0,0,0,0
"AAAS",2046,1979,1431,1614
"AACS",768,648,855,1011
"AACSP1",0,0,1,0
"AADAC",0,0,0,0
"AADACL2",0,0,0,0
"AADACL2-AS1",0,0,0,0
"AADACL3",0,0,1,0
"AADACL4",0,0,2,1
"AADACP1",1,0,1,4
"AADAT",131,121,107,127
"AAED1",297,296,229,256
"AAGAB",4121,3677,2811,3520
"AAK1",845,771,1705,1566
"AAMDC",299,280,486,520
"AAMP",4760,4399,3310,3812
"AANAT",3,1,11,8
"AAR2",1652,1564,938,1138
"AARD",0,0,1,0
"AARS",3680,2564,2925,2326
"AARS2",1606,1739,1172,1157
"AARSD1",997,1010,683,798
"AASDH",289,288,303,359
"AASDHPPT",1663,1590,882,761
"AASS",30,39,140,136
"AATBC",7,12,8,4
"AATF",2880,2737,1194,1752
"AATK",143,109,134,165
"AATK-AS1",0,0,1,1
"ABALON",1432,1269,1650,1676
"ABAT",219,180,1103,945
"ABCA1",1286,1279,1375,515
"ABCA10",31,38,24,16
"ABCA11P",381,361,234,255
"ABCA12",6,6,55,30
"ABCA13",2,2,6,2
"ABCA17P",9,9,6,6
"ABCA2",1024,1064,1102,1043
"ABCA3",1092,997,2149,2120
"ABCA4",3,0,168,163
"ABCA5",990,1101,447,424
"ABCA6",14,12,2,3
"ABCA7",408,427,518,466
"ABCA8",1,2,3,0
"ABCA9",22,38,4,11
"ABCA9-AS1",0,0,0,0
"ABCB1",0,3,0,0
"ABCB10",453,391,466,300
"ABCB11",0,0,2,0
"ABCB4",1,1,0,1
"ABCB5",1,2,0,1
"ABCB6",325,335,245,247
"ABCB7",630,628,833,952
"ABCB8",1074,1119,831,783
"ABCB9",556,605,210,230
"ABCC1",2411,2266,2197,2222
"ABCC10",325,337,434,472
"ABCC11",6,6,5,3
"ABCC12",1,0,1,0
"ABCC13",0,0,0,1
"ABCC2",10,6,11,9
"ABCC3",1,1,15,4
"ABCC4",957,833,2776,2913
"ABCC5",1445,1642,1077,941
"ABCC5-AS1",0,0,0,0
"ABCC6",234,226,381,412
"ABCC6P1",57,48,196,182
"ABCC6P2",106,84,134,168
"ABCC8",19,34,61,50
"ABCC9",0,0,1,0
"ABCD1",284,257,220,226
"ABCD2",1,0,2,0
"ABCD3",474,434,661,498
"ABCD4",712,780,873,916
"ABCE1",4363,4234,1965,1653
"ABCF1",3351,3270,2106,2308
"ABCF2",5109,4750,2377,2768
"ABCF3",852,903,678,769
"ABCG1",73,71,763,820
"ABCG2",3996,3388,5813,7145
"ABCG4",46,57,64,53
"ABCG5",1,1,0,1
"ABCG8",1,2,1,0
"ABHD1",109,132,76,92
"ABHD10",479,454,313,378
"ABHD11",935,915,842,924
"ABHD11-AS1",3,2,14,8
"ABHD12",1583,1368,2570,2783
"ABHD12B",0,1,2,0
"ABHD13",407,371,363,264
"ABHD14A",147,138,151,179
"ABHD14A-ACY1",430,347,290,275
"ABHD14B",487,434,299,244
"ABHD15",310,274,230,252
"ABHD16A",2313,2023,2096,2213
"ABHD16B",339,330,304,199
"ABHD17A",1217,1223,1185,1247
"ABHD17B",586,546,573,471
"ABHD17C",20,6,31,44
"ABHD2",2535,2264,4413,5587
"ABHD3",473,524,780,814
"ABHD4",1515,1264,1632,1768
"ABHD5",252,206,272,301
"ABHD6",266,257,264,349
"ABHD8",1224,1027,1032,1005
"ABI1",1120,1002,1207,1081
"ABI2",1822,1796,1529,1596
"ABI3",2,3,18,14
"ABI3BP",2,0,1,3
"ABL1",2174,2233,2337,2639
"ABL2",1319,1272,911,955
"ABLIM1",84,90,159,157
"ABLIM2",29,15,45,65
"ABLIM3",0,2,34,29
"ABO",0,0,0,0
"ABR",2988,2813,3400,3830
"ABRA",1,0,0,0
"ABRACL",944,826,947,967
"ABT1",2294,2193,1199,1408
"ABTB1",64,72,203,163
"ABTB2",228,215,363,351
"ACAA1",952,806,957,1057
"ACAA2",2596,2226,2645,3102
"ACACA",4104,4260,2770,3682
"ACACB",136,150,159,161
"ACAD10",281,329,323,455
"ACAD11",1707,1542,1716,1385
"ACAD8",503,494,603,596
"ACAD9",1043,1085,907,965
"ACADL",0,3,0,0
"ACADM",956,872,993,798
"ACADS",97,91,207,222
"ACADSB",317,311,416,412
"ACADVL",4159,4628,3513,3952
"ACAN",17,6,99,259
"ACAP1",30,35,14,14
"ACAP2",1533,1429,1178,625
"ACAP3",971,1175,1146,1180
"ACAT1",1900,1738,1340,1672
"ACAT2",3104,2886,1785,1903
"ACBD3",1242,1220,978,576
"ACBD4",52,60,95,97
"ACBD5",790,685,514,491
"ACBD6",1907,1826,1352,1434
"ACBD7",359,306,773,942
"ACCS",0,0,0,0
"ACCSL",0,0,0,0
"ACD",937,856,504,549
"ACE",58,44,137,116
"ACE2",1,1,130,94
"ACER1",2,0,0,0
"ACER2",112,86,106,59
"ACER3",388,472,497,515
"ACHE",595,609,650,686
"ACIN1",5339,5866,5149,6858
"ACKR1",0,0,0,0
"ACKR2",3,5,11,9
"ACKR3",1,4,0,0
"ACKR4",8,6,4,4
"ACLY",6720,6544,5155,5052
"ACMSD",8,2,5,8
"ACO1",1120,1020,1433,1478
"ACO2",3491,3132,2113,2242
"ACOT1",511,432,282,339
"ACOT11",95,91,118,113
"ACOT12",1,2,1,0
"ACOT13",1459,1360,722,740
"ACOT2",1066,883,592,725
"ACOT4",0,0,0,0
"ACOT6",0,1,0,1
"ACOT7",3112,2797,2849,2707
"ACOT8",448,435,520,510
"ACOT9",1261,1162,1260,1417
"ACOX1",1233,1111,821,717
"ACOX2",308,296,240,255
"ACOX3",445,423,428,445
"ACOXL",1,1,5,10
"ACP1",3226,2928,2354,2600
"ACP2",709,660,1372,1538
"ACP5",4,5,80,60
"ACP6",451,360,529,552
"ACPP",1,0,7,8
"ACPT",1,0,0,0
"ACR",26,28,36,37
"ACRBP",5,4,1,3
"ACRC",74,106,57,50
"ACRV1",3,0,4,3
"ACSBG1",23,29,10,8
"ACSBG2",6,8,5,12
"ACSF2",358,329,731,838
"ACSF3",785,747,573,610
"ACSL1",398,387,531,520
"ACSL3",1335,1303,1646,1796
"ACSL4",84,82,142,105
"ACSL5",69,51,368,249
"ACSL6",0,1,2,1
"ACSM1",2,1,13,14
"ACSM2A",0,0,1,2
"ACSM2B",0,0,1,1
"ACSM3",66,77,59,48
"ACSM4",0,0,0,0
"ACSM5",0,0,3,2
"ACSM6",0,0,0,1
"ACSS1",3,2,1,0
"ACSS2",907,863,733,757
"ACSS3",0,1,0,0
"ACTA1",9,25,15,6
"ACTA2",3162,2634,2124,2435
"ACTA2-AS1",1330,1112,914,1032
"ACTB",114008,103427,150925,151223
"ACTBL2",1,0,0,0
"ACTC1",34,36,52,87
"ACTG1",107159,97010,127503,128726
"ACTG1P17",21,27,9,23
"ACTG1P20",359,320,447,384
"ACTG1P4",19,20,29,22
"ACTG2",14,12,4,7
"ACTL10",8,7,3,8
"ACTL6A",1012,849,618,797
"ACTL6B",8,6,0,0
"ACTL7A",0,0,0,0
"ACTL7B",0,4,0,0
"ACTL8",30,27,4,6
"ACTL9",0,0,0,0
"ACTN1",9030,8365,16704,15399
"ACTN1-AS1",0,3,1,0
"ACTN2",69,98,147,127
"ACTN3",536,664,520,785
"ACTN4",6065,5926,13847,14028
"ACTR10",746,715,966,926
"ACTR1A",4029,3823,4048,4435
"ACTR1B",1318,1292,1712,1641
"ACTR2",7106,6680,5841,4316
"ACTR3",5121,4706,5080,4466
"ACTR3B",879,856,430,533
"ACTR3BP2",4,3,0,0
"ACTR3BP5",3,8,3,7
"ACTR3C",368,321,263,360
"ACTR5",338,355,256,284
"ACTR6",435,362,244,241
"ACTR8",850,813,824,929
"ACTRT1",0,0,0,0
"ACTRT2",0,0,0,0
"ACTRT3",104,90,83,80
"ACVR1",297,277,382,441
"ACVR1B",543,571,586,563
"ACVR1C",1,3,1,0
"ACVR2A",80,104,92,107
"ACVR2B",776,743,443,434
"ACVR2B-AS1",25,30,18,35
"ACVRL1",32,18,60,18
"ACY1",402,315,257,229
"ACY3",0,0,0,0
"ACYP1",233,238,157,213
"ACYP2",153,128,120,131
"ADA",525,396,349,375
"ADAD1",0,0,0,0
"ADAD2",1,0,0,2
"ADAL",2,1,0,0
"ADAM10",1197,1217,2338,1508
"ADAM11",701,724,309,454
"ADAM12",2,1,8,8
"ADAM15",904,835,1513,1547
"ADAM17",753,763,678,555
"ADAM18",0,0,0,0
"ADAM19",12,11,768,732
"ADAM1A",80,91,74,93
"ADAM2",0,0,0,0
"ADAM20",0,1,1,1
"ADAM20P1",4,11,8,7
"ADAM21",3,2,11,18
"ADAM21P1",4,0,1,5
"ADAM22",203,234,243,255
"ADAM23",293,319,461,421
"ADAM28",3,1,1,1
"ADAM29",0,0,1,0
"ADAM30",0,0,0,0
"ADAM32",3,3,5,15
"ADAM33",2,2,3,3
"ADAM3A",0,0,0,0
"ADAM5",0,0,0,0
"ADAM6",0,0,0,0
"ADAM7",1,0,0,0
"ADAM8",115,145,104,132
"ADAM9",1986,1891,2709,1292
"ADAMDEC1",0,0,1,0
"ADAMTS1",2467,2511,2088,2604
"ADAMTS10",192,215,194,216
"ADAMTS12",1,0,3,6
"ADAMTS13",184,215,319,265
"ADAMTS14",7,12,110,88
"ADAMTS15",1,0,1,2
"ADAMTS16",0,0,0,0
"ADAMTS17",7,12,11,9
"ADAMTS18",1,1,3,1
"ADAMTS19",0,0,2,1
"ADAMTS19-AS1",0,0,0,0
"ADAMTS2",7,3,6,5
"ADAMTS20",1,0,0,0
"ADAMTS3",349,329,128,79
"ADAMTS4",13,14,11,1
"ADAMTS5",0,0,19,10
"ADAMTS6",57,60,180,129
"ADAMTS7",833,871,655,580
"ADAMTS7P1",86,94,92,74
"ADAMTS8",6,5,4,5
"ADAMTS9",0,2,1,2
"ADAMTS9-AS1",0,0,0,0
"ADAMTS9-AS2",0,0,0,0
"ADAMTSL1",1,0,1,0
"ADAMTSL2",1,1,0,0
"ADAMTSL3",26,32,30,22
"ADAMTSL4",1689,1585,3530,3575
"ADAMTSL4-AS1",10,20,32,35
"ADAMTSL5",240,265,533,648
"ADAP1",156,179,140,177
"ADAP2",76,65,57,73
"ADAR",6669,6242,5008,5177
"ADARB1",2630,3114,2010,2456
"ADARB2",0,0,1,0
"ADARB2-AS1",0,0,0,0
"ADAT1",168,197,123,100
"ADAT2",604,801,385,349
"ADAT3",483,450,323,273
"ADCK1",334,390,326,360
"ADCK2",489,373,446,525
"ADCK3",1419,1367,484,527
"ADCK4",517,471,360,472
"ADCK5",141,151,193,191
"ADCY1",60,47,19,16
"ADCY10",5,1,12,5
"ADCY10P1",36,38,23,34
"ADCY2",0,0,0,0
"ADCY3",1614,1678,1131,1221
"ADCY4",0,0,19,13
"ADCY5",21,21,25,26
"ADCY6",984,947,1301,1298
"ADCY7",128,145,239,235
"ADCY8",3,1,2,4
"ADCY9",379,391,385,367
"ADCYAP1",0,1,1,3
"ADCYAP1R1",3,2,1,0
"ADD1",3614,3345,4199,4636
"ADD2",142,119,73,66
"ADD3",708,743,1572,1271
"ADD3-AS1",11,9,23,22
"ADGB",0,0,1,0
"ADGRA1",1,1,0,4
"ADGRA1-AS1",0,0,0,0
"ADGRA2",2057,2164,1381,1781
"ADGRA3",1399,1390,766,824
"ADGRB1",263,330,89,83
"ADGRB2",1683,1665,1822,1705
"ADGRB3",0,0,1,0
"ADGRD1",10,5,129,156
"ADGRE1",3,3,3,3
"ADGRE2",89,67,91,96
"ADGRE3",2,0,1,1
"ADGRE4P",3,1,37,18
"ADGRE5",1012,918,1425,1306
"ADGRF1",0,0,0,0
"ADGRF2",0,0,0,2
"ADGRF3",32,33,38,33
"ADGRF4",0,0,5,4
"ADGRF5",0,1,0,0
"ADGRG1",155,116,291,255
"ADGRG2",4,2,10,8
"ADGRG3",0,0,4,0
"ADGRG4",0,0,0,1
"ADGRG5",3,3,5,2
"ADGRG6",1217,1116,1118,861
"ADGRG7",2,2,11,3
"ADGRL1",4442,4679,3128,3622
"ADGRL2",3,2,3,3
"ADGRL3",0,0,2,2
"ADGRL3-AS1",0,0,0,0
"ADGRL4",2,0,0,0
"ADGRV1",3,6,5,1
"ADH1A",1,0,1,0
"ADH1B",1,0,0,0
"ADH1C",0,0,0,0
"ADH4",0,1,0,0
"ADH5",4952,4530,3805,4519
"ADH6",2,2,5,6
"ADH7",0,0,0,0
"ADHFE1",93,116,98,117
"ADI1",3581,3303,1798,1992
"ADIG",0,0,0,1
"ADIPOQ",2,0,1,0
"ADIPOQ-AS1",2,0,0,0
"ADIPOR1",2487,2251,1575,1727
"ADIPOR2",2183,2204,1969,2289
"ADIRF",43,35,32,25
"ADK",825,780,827,916
"ADM",3085,3090,1906,1895
"ADM2",8,2,4,0
"ADM5",110,150,60,76
"ADNP",2441,2539,2211,2446
"ADNP-AS1",24,21,16,15
"ADNP2",1536,1511,1218,1140
"ADO",1297,1162,691,649
"ADORA1",70,79,291,292
"ADORA2A",25,33,43,35
"ADORA2A-AS1",3,2,11,11
"ADORA2B",291,252,466,419
"ADORA3",0,2,0,0
"ADPGK",1533,1405,1265,1377
"ADPGK-AS1",30,38,25,16
"ADPRH",0,0,0,0
"ADPRHL1",26,29,39,35
"ADPRHL2",890,903,964,900
"ADPRM",159,147,114,137
"ADRA1A",0,0,0,0
"ADRA1B",478,419,798,702
"ADRA1D",2,2,13,6
"ADRA2A",1,5,2,6
"ADRA2B",6,5,7,8
"ADRA2C",376,348,203,273
"ADRB1",26,29,35,24
"ADRB2",0,0,0,0
"ADRB3",0,0,1,0
"ADRBK1",1139,1158,729,709
"ADRBK2",527,480,662,499
"ADRM1",4870,4324,3314,3681
"ADSL",2788,2324,1458,1546
"ADSS",1258,1114,1047,1132
"ADSSL1",60,60,100,101
"ADTRP",998,847,1003,731
"AEBP1",14,21,12,16
"AEBP2",969,908,716,531
"AEN",4688,4473,3869,3769
"AES",7942,7070,6929,6690
"AFAP1",232,231,610,467
"AFAP1-AS1",22,12,51,42
"AFAP1L1",8,11,16,10
"AFAP1L2",1,0,9,2
"AFF1",179,190,486,392
"AFF2",3,4,3,1
"AFF3",10,11,30,23
"AFF4",3001,3070,2566,2148
"AFG3L1P",512,600,420,502
"AFG3L2",5679,5322,3558,4185
"AFM",0,0,0,0
"AFMID",350,345,215,268
"AFP",0,0,0,0
"AFTPH",435,458,443,304
"AGA",218,171,242,213
"AGAP1",824,776,896,858
"AGAP1-IT1",15,17,10,12
"AGAP11",158,213,156,148
"AGAP2",463,474,256,291
"AGAP2-AS1",114,121,72,65
"AGAP3",1698,1731,1729,1749
"AGAP4",503,755,729,735
"AGAP5",349,452,430,492
"AGAP6",520,745,750,757
"AGAP7P",442,674,659,644
"AGAP9",316,437,439,469
"AGBL1",0,0,1,1
"AGBL1-AS1",0,0,0,0
"AGBL2",10,17,6,7
"AGBL3",14,11,11,15
"AGBL4",0,0,0,0
"AGBL4-IT1",0,0,0,0
"AGBL5",2971,2581,3099,3074
"AGBL5-AS1",2,1,4,2
"AGER",156,169,279,306
"AGFG1",1961,1874,1646,1328
"AGFG2",1461,1280,776,698
"AGGF1",552,582,459,350
"AGK",899,929,581,593
"AGL",557,623,487,337
"AGMAT",23,25,19,26
"AGMO",0,0,0,0
"AGO1",791,861,669,696
"AGO2",590,561,427,191
"AGO3",312,268,198,178
"AGO4",340,352,549,543
"AGPAT1",3588,3038,2713,2662
"AGPAT2",1358,1134,1159,1212
"AGPAT3",631,601,1097,1230
"AGPAT4",309,341,579,757
"AGPAT4-IT1",2,1,7,2
"AGPAT5",3103,2847,1810,1365
"AGPAT6",1710,1772,1693,1932
"AGPAT9",67,50,293,331
"AGPS",2521,2445,3214,3008
"AGR2",0,0,2,2
"AGR3",0,0,0,0
"AGRN",5040,5108,13113,11783
"AGRP",0,0,0,0
"AGT",0,0,4,2
"AGTPBP1",2532,2464,2015,1823
"AGTR1",0,0,0,0
"AGTR2",0,0,0,0
"AGTRAP",1003,866,975,1008
"AGXT",3,5,0,0
"AGXT2",0,0,0,1
"AHCTF1",3460,3654,1723,2001
"AHCTF1P1",1727,1729,790,849
"AHCY",11527,10251,6157,6916
"AHCYL1",2787,2647,2602,2866
"AHCYL2",2069,2011,668,823
"AHDC1",1842,1907,1680,1574
"AHI1",757,865,291,286
"AHNAK",23720,22989,37104,43362
"AHNAK2",4848,4843,4809,4752
"AHR",2,3,0,1
"AHRR",58,59,41,54
"AHSA1",3500,3283,1813,2248
"AHSA2",800,1160,813,749
"AHSG",1,1,0,0
"AHSP",1,1,0,0
"AICDA",0,0,0,0
"AIDA",2623,2484,2408,2330
"AIF1",227,148,139,156
"AIF1L",497,415,678,940
"AIFM1",2399,2254,1932,2284
"AIFM2",62,52,49,80
"AIFM3",64,63,109,133
"AIG1",307,250,1122,1322
"AIM1",3,1,3,6
"AIM1L",87,57,157,139
"AIM2",0,0,0,0
"AIMP1",1631,1473,872,891
"AIMP2",1958,1805,1241,1611
"AIP",694,632,449,588
"AIPL1",0,0,0,0
"AIRE",7,12,0,5
"AIRN",0,0,1,1
"AJAP1",1,0,1,2
"AJUBA",353,235,725,413
"AK1",1155,1183,1172,1130
"AK2",5856,5414,3373,3948
"AK3",2388,2350,2176,2182
"AK4",1871,1748,2445,2335
"AK5",0,1,1,4
"AK6",1694,1614,1021,1194
"AK7",19,8,15,10
"AK8",52,46,35,35
"AK9",21,15,40,53
"AKAP1",675,698,379,328
"AKAP10",634,676,476,468
"AKAP11",849,883,768,360
"AKAP12",3747,3699,9608,8162
"AKAP13",1014,1030,1753,1688
"AKAP14",4,1,3,3
"AKAP17A",2034,2228,1539,1437
"AKAP2",2,5,46,41
"AKAP3",27,44,30,27
"AKAP4",0,0,5,0
"AKAP5",26,42,157,175
"AKAP6",10,16,32,25
"AKAP7",42,42,41,62
"AKAP8",1756,1746,1171,1297
"AKAP8L",3546,3203,2634,3244
"AKAP9",779,864,694,774
"AKIP1",1087,940,633,585
"AKIRIN1",3725,3346,3026,3091
"AKIRIN2",1530,1358,1356,1501
"AKNA",430,262,468,270
"AKNAD1",0,0,0,0
"AKR1A1",1259,1111,936,1086
"AKR1B1",3501,2909,3101,2969
"AKR1B10",2,3,1,1
"AKR1B15",0,1,1,0
"AKR1C1",6,9,18,8
"AKR1C2",9,11,20,7
"AKR1C3",2,2,43,9
"AKR1C4",1,0,2,0
"AKR1C6P",0,1,1,0
"AKR1C8P",0,0,4,3
"AKR1D1",11,16,22,20
"AKR1E2",55,51,31,49
"AKR7A2",1468,1261,1319,1385
"AKR7A2P1",25,18,22,16
"AKR7A3",120,88,81,131
"AKR7L",186,158,122,207
"AKT1",3777,3628,3768,3992
"AKT1S1",5114,4482,3011,3260
"AKT2",3381,3205,2851,2781
"AKT3",925,875,1185,1132
"AKTIP",408,385,603,424
"ALAD",366,376,460,502
"ALAS1",1557,1475,1141,1109
"ALAS2",0,0,0,2
"ALB",10,1,4,1
"ALCAM",4,2,118,96
"ALDH16A1",949,953,583,692
"ALDH18A1",3569,3242,2934,3202
"ALDH1A1",1,0,1,0
"ALDH1A2",0,0,0,1
"ALDH1A3",4,5,0,0
"ALDH1B1",2799,2559,3161,3501
"ALDH1L1",0,1,11,4
"ALDH1L1-AS1",0,1,1,0
"ALDH1L1-AS2",0,0,0,0
"ALDH1L2",40,24,33,12
"ALDH2",1058,839,1704,1662
"ALDH3A1",0,1,0,0
"ALDH3A2",1014,1063,1025,1106
"ALDH3B1",15,19,50,22
"ALDH3B2",1,0,3,1
"ALDH4A1",764,739,1758,2114
"ALDH5A1",441,422,563,551
"ALDH6A1",480,331,496,485
"ALDH7A1",7889,7386,2520,3139
"ALDH8A1",2,11,5,6
"ALDH9A1",2005,1901,1959,2068
"ALDOA",19704,17246,12855,11774
"ALDOB",0,4,1,1
"ALDOC",1249,1127,451,536
"ALG1",1288,1159,750,897
"ALG10",112,101,86,43
"ALG10B",228,226,160,87
"ALG11",388,393,274,313
"ALG12",837,848,637,637
"ALG13",509,455,363,243
"ALG14",177,182,201,238
"ALG1L",56,41,41,54
"ALG1L2",122,93,68,71
"ALG1L9P",30,32,15,22
"ALG2",1195,1072,1106,1097
"ALG3",2126,2138,990,997
"ALG5",975,791,615,768
"ALG6",294,271,170,135
"ALG8",1988,1884,1148,1328
"ALG9",1877,1636,704,698
"ALK",5,5,0,1
"ALKBH1",811,766,482,616
"ALKBH2",1156,1112,376,561
"ALKBH3",404,390,246,289
"ALKBH3-AS1",2,2,6,3
"ALKBH4",713,638,463,503
"ALKBH5",3675,3544,2791,2770
"ALKBH6",632,668,569,550
"ALKBH7",688,580,561,639
"ALKBH8",495,488,264,323
"ALLC",7,7,14,2
"ALMS1",730,790,566,713
"ALMS1-IT1",40,50,17,28
"ALMS1P",3,4,1,4
"ALOX12",46,47,40,33
"ALOX12-AS1",28,27,23,15
"ALOX12B",30,33,37,40
"ALOX12P2",1,3,10,6
"ALOX15",5,10,9,3
"ALOX15B",7,2,2,0
"ALOX15P1",0,0,1,0
"ALOX5",1,0,20,15
"ALOX5AP",0,0,23,10
"ALOXE3",271,252,117,87
"ALPI",0,1,0,0
"ALPK1",2,2,3,7
"ALPK2",2,3,103,58
"ALPK3",4,9,116,192
"ALPL",72,51,47,78
"ALPP",654,568,173,196
"ALPPL2",2575,2301,563,615
"ALS2",3077,3021,2340,2439
"ALS2CL",59,57,112,89
"ALS2CR11",5,11,8,5
"ALS2CR12",12,15,25,29
"ALX1",0,1,2,0
"ALX3",52,58,44,48
"ALX4",1303,1265,867,882
"ALYREF",13568,12465,2820,3026
"AMACR",535,450,454,503
"AMBN",2,2,0,0
"AMBP",0,0,2,0
"AMBRA1",1518,1467,1288,1580
"AMD1",4583,4211,3722,2658
"AMDHD1",13,9,88,85
"AMDHD2",963,902,603,636
"AMELX",0,0,0,0
"AMELY",0,0,0,0
"AMER1",563,523,204,236
"AMER2",0,0,0,0
"AMER3",0,0,0,0
"AMFR",1388,1061,1457,1445
"AMH",248,342,240,284
"AMHR2",9,3,54,71
"AMICA1",0,0,0,1
"AMIGO1",2,2,6,3
"AMIGO2",4755,4707,2180,1558
"AMIGO3",130,132,135,150
"AMMECR1",397,339,438,360
"AMMECR1L",1151,1076,844,858
"AMN",4,7,8,6
"AMN1",188,163,201,156
"AMOT",1,0,29,23
"AMOTL1",93,72,1148,1063
"AMOTL2",8456,7764,5754,6099
"AMPD1",2,5,0,1
"AMPD2",2996,3073,1836,2030
"AMPD3",9,6,67,31
"AMPH",0,0,2,4
"AMT",51,54,114,99
"AMTN",0,0,0,0
"AMY1A",14,54,6,28
"AMY1B",14,54,6,28
"AMY1C",14,54,6,28
"AMY2A",13,24,10,12
"AMY2B",95,141,60,75
"AMZ1",1,2,1,0
"AMZ2",1864,1564,927,1131
"AMZ2P1",323,274,203,307
"ANAPC1",3670,3546,2229,2426
"ANAPC10",585,528,291,373
"ANAPC11",1274,1187,776,720
"ANAPC13",2909,2477,1959,2037
"ANAPC15",842,745,981,1324
"ANAPC16",1667,1552,2182,2138
"ANAPC1P1",38,46,22,17
"ANAPC2",1245,1290,960,1027
"ANAPC4",423,489,330,458
"ANAPC5",4222,3959,2655,2839
"ANAPC7",2157,2184,1733,1944
"ANG",52,46,76,81
"ANGEL1",903,861,753,824
"ANGEL2",650,684,436,484
"ANGPT1",103,111,109,87
"ANGPT2",4600,4373,2459,1658
"ANGPT4",0,0,1,2
"ANGPTL1",4,0,2,6
"ANGPTL2",445,421,401,448
"ANGPTL3",6,4,0,3
"ANGPTL4",36,33,60,65
"ANGPTL5",0,0,2,1
"ANGPTL6",128,136,151,164
"ANGPTL7",0,0,10,13
"ANHX",0,0,0,0
"ANK1",452,498,977,799
"ANK2",112,102,196,187
"ANK3",101,96,216,186
"ANKAR",18,16,35,13
"ANKDD1A",55,62,36,44
"ANKDD1B",2,8,7,6
"ANKEF1",85,69,88,72
"ANKFN1",0,0,0,0
"ANKFY1",1399,1478,1479,1556
"ANKH",21,16,15,19
"ANKHD1",2422,2441,1568,1707
"ANKHD1-EIF4EBP3",2522,2528,1678,1858
"ANKIB1",820,857,941,747
"ANKK1",13,13,7,1
"ANKLE1",64,98,46,51
"ANKLE2",1957,2119,1680,1784
"ANKMY1",231,296,149,132
"ANKMY2",134,101,906,1074
"ANKRA2",319,260,270,230
"ANKRD1",55,52,345,361
"ANKRD10",6260,7608,5685,6810
"ANKRD11",4197,4037,3661,3379
"ANKRD12",440,553,377,374
"ANKRD13A",450,472,735,702
"ANKRD13B",958,976,446,430
"ANKRD13C",643,653,614,584
"ANKRD13D",477,453,417,401
"ANKRD16",325,319,147,208
"ANKRD17",2833,3010,2044,1984
"ANKRD18A",184,196,337,350
"ANKRD18B",71,67,105,122
"ANKRD18DP",12,9,1,6
"ANKRD19P",355,347,296,364
"ANKRD2",6,6,41,39
"ANKRD20A1",80,50,60,55
"ANKRD20A11P",0,2,0,0
"ANKRD20A12P",889,998,1135,955
"ANKRD20A19P",2,0,0,0
"ANKRD20A2",74,52,57,54
"ANKRD20A3",160,114,127,117
"ANKRD20A4",60,44,39,42
"ANKRD20A5P",6,8,21,19
"ANKRD20A8P",40,34,29,19
"ANKRD20A9P",26,26,25,23
"ANKRD22",0,0,0,0
"ANKRD23",59,59,53,37
"ANKRD24",341,414,257,302
"ANKRD26",413,489,352,358
"ANKRD26P1",12,13,8,10
"ANKRD26P3",0,0,0,0
"ANKRD27",1571,1576,1009,1293
"ANKRD28",1267,1170,948,828
"ANKRD29",35,41,128,93
"ANKRD30A",0,0,0,0
"ANKRD30B",0,0,0,0
"ANKRD30BL",0,0,0,0
"ANKRD30BP2",1,0,0,0
"ANKRD30BP3",0,0,0,0
"ANKRD31",98,80,24,23
"ANKRD32",405,372,246,218
"ANKRD33",6,12,1,0
"ANKRD33B",1391,1430,2529,2341
"ANKRD34A",114,99,110,126
"ANKRD34B",9,6,9,1
"ANKRD34C",0,0,0,0
"ANKRD34C-AS1",0,0,0,0
"ANKRD35",2,6,5,9
"ANKRD36",138,182,177,205
"ANKRD36B",188,263,233,273
"ANKRD36BP1",26,38,27,24
"ANKRD36BP2",2,3,2,3
"ANKRD37",49,44,51,50
"ANKRD39",309,261,211,167
"ANKRD40",1231,1234,985,988
"ANKRD42",561,559,359,323
"ANKRD44",2,1,2,0
"ANKRD44-IT1",0,0,0,0
"ANKRD45",11,11,10,8
"ANKRD46",567,533,457,278
"ANKRD49",186,193,196,210
"ANKRD50",633,657,776,562
"ANKRD52",2297,2578,2523,2507
"ANKRD53",6,3,2,2
"ANKRD54",1250,1170,559,614
"ANKRD55",0,0,4,0
"ANKRD6",607,561,1236,1188
"ANKRD60",1,0,0,0
"ANKRD61",8,5,3,8
"ANKRD62",1,1,0,1
"ANKRD62P1-PARP4P3",2,3,2,1
"ANKRD63",235,233,177,156
"ANKRD65",115,91,83,79
"ANKRD66",0,0,0,0
"ANKRD7",1,7,3,3
"ANKRD9",351,367,382,291
"ANKS1A",532,515,841,823
"ANKS1B",145,149,182,220
"ANKS3",427,455,430,437
"ANKS4B",0,0,0,0
"ANKS6",1417,1405,786,909
"ANKUB1",5,12,11,11
"ANKZF1",586,662,539,575
"ANLN",1126,1160,1163,1064
"ANO1",7,3,5,6
"ANO1-AS2",0,0,0,0
"ANO10",695,666,1053,1120
"ANO2",0,0,6,9
"ANO3",0,0,0,0
"ANO4",0,2,0,2
"ANO5",84,79,73,82
"ANO6",1098,955,1495,1166
"ANO7",113,102,84,79
"ANO8",329,369,231,223
"ANO9",244,237,1437,1092
"ANOS1",8,14,89,70
"ANP32A",5328,5032,3597,4720
"ANP32A-IT1",1,5,1,3
"ANP32AP1",502,467,342,445
"ANP32B",6204,5626,3619,4785
"ANP32C",259,280,187,254
"ANP32D",10,16,10,6
"ANP32E",3514,3454,2378,1818
"ANPEP",5,1,0,1
"ANTXR1",693,681,1034,1120
"ANTXR2",4,4,7,11
"ANTXRL",0,0,0,0
"ANTXRLP1",0,0,0,0
"ANXA1",21,19,1821,1381
"ANXA10",1,0,0,0
"ANXA11",2902,2718,4346,4935
"ANXA13",0,0,1,1
"ANXA2",12772,11720,24305,26153
"ANXA2P1",833,712,1503,1310
"ANXA2P2",9739,8542,18586,19054
"ANXA2P3",95,105,232,263
"ANXA2R",12,30,35,26
"ANXA3",0,0,133,101
"ANXA4",1252,1238,1132,903
"ANXA5",7086,6112,6638,7215
"ANXA6",5885,5042,10542,12143
"ANXA7",2932,2489,2667,2734
"ANXA8",4,4,27,24
"ANXA8L1",3,4,22,28
"ANXA9",28,19,76,134
"AOAH",30,29,59,73
"AOAH-IT1",0,0,0,0
"AOC1",1,3,5,4
"AOC2",69,68,53,56
"AOC3",62,54,26,37
"AOC4P",3,3,3,2
"AOX1",2,1,14,6
"AOX2P",0,0,0,0
"AP1AR",406,352,206,125
"AP1B1",3584,3248,3413,3139
"AP1B1P1",0,0,1,0
"AP1G1",2265,2285,1943,1962
"AP1G2",1174,1331,1398,1458
"AP1M1",3117,2776,1688,1474
"AP1M2",859,705,623,788
"AP1S1",1940,1808,2270,2235
"AP1S2",43,31,163,136
"AP1S3",924,887,619,747
"AP2A1",2348,2135,2882,2527
"AP2A2",2206,2001,2331,2593
"AP2B1",6927,6179,8093,9846
"AP2M1",5331,4542,7340,7328
"AP2S1",4889,4285,3779,3821
"AP3B1",2100,1964,1837,2122
"AP3B2",1689,1715,809,760
"AP3D1",9338,8803,6418,7054
"AP3M1",1448,1506,1573,1530
"AP3M2",774,751,447,517
"AP3S1",1595,1476,1370,1054
"AP3S2",1138,967,1136,1180
"AP4B1",581,623,377,419
"AP4B1-AS1",123,139,91,96
"AP4E1",358,336,545,468
"AP4M1",416,382,243,189
"AP4S1",233,222,142,241
"AP5B1",2065,1999,1258,1549
"AP5M1",1031,1030,714,512
"AP5S1",210,219,210,251
"AP5Z1",1444,1504,1234,1145
"APAF1",438,425,515,458
"APBA1",0,0,0,3
"APBA2",607,550,583,632
"APBA3",681,675,603,542
"APBB1",1393,1270,1323,1404
"APBB1IP",1,0,0,0
"APBB2",904,815,2474,1889
"APBB3",297,345,327,341
"APC",782,895,605,590
"APC2",741,613,371,362
"APCDD1",4,1,7,3
"APCDD1L",1,0,13,2
"APCDD1L-AS1",0,0,7,3
"APCS",0,0,0,0
"APEH",2133,1992,1936,2225
"APELA",0,0,0,0
"APEX1",5005,4604,3544,4105
"APEX2",1784,1710,856,917
"APH1A",5962,5167,3416,3866
"APH1B",130,96,381,293
"API5",5917,5592,3518,3613
"APIP",577,590,303,348
"APITD1",248,255,208,236
"APITD1-CORT",183,191,136,163
"APLF",46,35,45,47
"APLN",23,15,6,14
"APLNR",0,0,1,0
"APLP1",1834,1633,1432,1199
"APLP2",7395,6672,17636,16987
"APMAP",2352,2124,3373,3222
"APOA1",6,9,30,44
"APOA1-AS",1,1,5,7
"APOA1BP",1138,939,947,1083
"APOA2",18,10,8,21
"APOA4",0,0,0,0
"APOA5",0,0,1,0
"APOB",0,0,0,0
"APOBEC1",0,0,0,0
"APOBEC2",3,8,9,7
"APOBEC3A",82,71,94,99
"APOBEC3A_B",163,156,193,204
"APOBEC3B",367,360,453,466
"APOBEC3B-AS1",84,68,92,122
"APOBEC3C",1227,1125,694,610
"APOBEC3D",63,63,75,81
"APOBEC3F",329,287,358,395
"APOBEC3G",77,63,137,143
"APOBEC3H",141,112,129,127
"APOBEC4",0,1,2,1
"APOBR",26,20,91,106
"APOC1",2163,1816,724,994
"APOC1P1",60,54,17,26
"APOC2",0,1,0,1
"APOC3",0,0,0,1
"APOC4",1,4,0,1
"APOC4-APOC2",1,5,0,2
"APOD",21,20,56,26
"APOE",18325,16743,21742,20474
"APOF",2,1,1,0
"APOH",1,2,0,0
"APOL1",1,0,58,35
"APOL2",412,398,607,664
"APOL3",0,1,11,10
"APOL4",0,0,1,1
"APOL5",0,0,0,0
"APOL6",2,1,34,39
"APOLD1",200,155,187,131
"APOM",208,221,192,142
"APOO",1113,1038,489,464
"APOOL",482,469,364,265
"APOOP5",103,75,48,39
"APOPT1",427,384,417,548
"APP",10162,9193,22409,15832
"APPBP2",1033,934,1318,1226
"APPL1",1882,1778,1274,1061
"APPL2",474,478,545,607
"APRT",3339,2954,2297,2305
"APTR",294,298,276,302
"APTX",2022,1989,1036,1188
"AQP1",15,21,120,79
"AQP10",0,0,0,0
"AQP11",30,45,51,31
"AQP12A",1,0,0,1
"AQP12B",2,0,1,1
"AQP2",0,2,1,1
"AQP3",4,6,139,158
"AQP4",0,0,0,2
"AQP4-AS1",0,1,1,0
"AQP5",4,2,0,0
"AQP6",26,28,11,9
"AQP7",23,24,13,9
"AQP7P1",222,295,106,87
"AQP7P3",170,157,61,42
"AQP8",61,43,4,3
"AQP9",0,0,0,0
"AQR",5309,5199,2049,2632
"AR",0,2,0,2
"ARAF",837,788,876,930
"ARAP1",1169,1149,1361,1294
"ARAP2",1,4,7,7
"ARAP3",0,1,10,3
"ARC",167,173,70,59
"ARCN1",4198,4023,3699,4066
"AREG",6,2,0,0
"AREL1",2447,2391,1685,1684
"ARF1",10433,9370,7985,8205
"ARF3",8540,7743,6057,5464
"ARF4",5254,4520,5268,4440
"ARF5",3439,3071,3653,4224
"ARF6",2798,2588,2993,2830
"ARFGAP1",3694,3946,3239,3174
"ARFGAP2",2552,2317,1989,2390
"ARFGAP3",1431,1298,1116,1157
"ARFGEF1",1133,1076,1108,1078
"ARFGEF2",1294,1233,786,594
"ARFGEF3",3,8,10,5
"ARFIP1",677,706,543,406
"ARFIP2",2152,2082,1627,1885
"ARFRP1",1155,1071,1118,1138
"ARG1",4,3,1,4
"ARG2",1796,1562,1347,1429
"ARGFX",0,0,1,3
"ARGFXP2",0,0,0,0
"ARGLU1",1892,2156,1697,1745
"ARHGAP1",1743,1790,1665,1727
"ARHGAP10",238,221,511,495
"ARHGAP11A",1422,1498,1207,1112
"ARHGAP11B",92,105,74,87
"ARHGAP12",347,417,472,368
"ARHGAP15",0,2,0,0
"ARHGAP17",1853,1745,1699,1893
"ARHGAP18",367,280,203,189
"ARHGAP19",870,891,459,537
"ARHGAP19-SLIT1",80,93,44,43
"ARHGAP20",0,0,1,0
"ARHGAP21",527,511,921,876
"ARHGAP22",158,168,149,208
"ARHGAP23",196,200,203,163
"ARHGAP24",92,73,50,49
"ARHGAP25",0,0,6,3
"ARHGAP26",6,9,7,10
"ARHGAP26-AS1",0,0,0,0
"ARHGAP26-IT1",0,0,0,0
"ARHGAP27",1045,987,663,601
"ARHGAP28",0,0,0,1
"ARHGAP29",9,8,165,103
"ARHGAP30",30,31,52,54
"ARHGAP31",6,4,17,9
"ARHGAP31-AS1",0,1,0,0
"ARHGAP32",9,10,9,0
"ARHGAP33",270,289,295,294
"ARHGAP35",2668,2415,3044,2804
"ARHGAP36",0,0,1,0
"ARHGAP39",967,919,601,615
"ARHGAP4",406,439,462,448
"ARHGAP40",5,2,509,404
"ARHGAP42",1,3,1,3
"ARHGAP44",99,96,44,47
"ARHGAP5",812,836,1271,713
"ARHGAP5-AS1",48,44,86,62
"ARHGAP6",1,2,0,1
"ARHGAP8",421,481,451,461
"ARHGAP9",25,13,47,20
"ARHGDIA",8247,8084,8199,8341
"ARHGDIB",1,0,63,41
"ARHGDIG",46,44,84,86
"ARHGEF1",765,761,820,789
"ARHGEF10",799,878,1102,1008
"ARHGEF10L",140,125,447,490
"ARHGEF11",1028,1039,921,1067
"ARHGEF12",1490,1476,1727,1560
"ARHGEF15",10,13,11,19
"ARHGEF16",291,310,366,356
"ARHGEF17",649,702,1385,1341
"ARHGEF18",892,870,1078,1009
"ARHGEF19",107,116,44,79
"ARHGEF2",1801,1440,1472,1320
"ARHGEF25",68,84,79,88
"ARHGEF26",459,468,421,393
"ARHGEF26-AS1",12,9,3,8
"ARHGEF28",4,3,49,41
"ARHGEF3",609,544,1589,1711
"ARHGEF3-AS1",0,0,0,0
"ARHGEF33",2,4,4,6
"ARHGEF34P",1,1,1,1
"ARHGEF35",0,1,0,0
"ARHGEF37",3,4,9,3
"ARHGEF38",10,18,19,12
"ARHGEF38-IT1",0,0,0,0
"ARHGEF39",593,560,628,719
"ARHGEF4",20,12,4,8
"ARHGEF40",752,644,882,974
"ARHGEF5",0,1,1,2
"ARHGEF6",11,11,7,10
"ARHGEF7",1808,1846,1247,1339
"ARHGEF7-AS1",0,0,0,0
"ARHGEF7-AS2",12,9,5,7
"ARHGEF9",249,248,287,358
"ARHGEF9-IT1",0,0,0,0
"ARID1A",3294,3391,2431,2931
"ARID1B",1426,1530,1274,1409
"ARID2",752,817,420,373
"ARID3A",1400,1279,1242,977
"ARID3B",5687,5358,4654,5336
"ARID3C",3,4,2,5
"ARID4A",473,548,433,399
"ARID4B",681,625,723,636
"ARID5A",204,235,185,219
"ARID5B",144,152,286,276
"ARIH1",2043,1981,1501,1588
"ARIH2",2876,2890,1949,2395
"ARIH2OS",93,71,48,55
"ARL1",1811,1636,1685,1798
"ARL10",0,2,0,0
"ARL11",2,0,5,2
"ARL13A",2,2,1,2
"ARL13B",330,313,325,359
"ARL14",3,5,36,43
"ARL14EP",710,719,389,408
"ARL14EPL",0,0,1,0
"ARL15",9,3,45,32
"ARL16",1180,1056,968,1124
"ARL17A",2555,2974,2669,2759
"ARL17B",257,262,239,254
"ARL2",2476,2296,1370,1546
"ARL2-SNX15",1180,1103,833,1037
"ARL2BP",1865,1578,1738,1364
"ARL3",1370,1103,1359,1680
"ARL4A",298,293,283,331
"ARL4C",6094,5474,4565,4118
"ARL4D",378,374,547,551
"ARL5A",1062,1082,985,603
"ARL5B",358,347,201,151
"ARL5C",0,0,0,0
"ARL6",45,51,28,20
"ARL6IP1",5142,4601,5718,5280
"ARL6IP4",2748,2552,2693,2969
"ARL6IP5",1013,898,2011,1499
"ARL6IP6",414,357,251,219
"ARL8A",874,770,793,885
"ARL8B",2818,2448,2449,1603
"ARL9",0,4,2,2
"ARMC1",1267,1180,723,525
"ARMC10",1154,1033,719,705
"ARMC12",23,39,19,45
"ARMC2",67,68,52,52
"ARMC2-AS1",0,0,0,0
"ARMC3",2,1,0,0
"ARMC4",0,2,2,0
"ARMC5",659,668,410,516
"ARMC6",2113,1930,1058,1021
"ARMC7",499,425,566,588
"ARMC8",701,723,657,726
"ARMC9",3430,3247,1671,2012
"ARMCX1",0,0,0,0
"ARMCX2",1018,1019,959,1006
"ARMCX3",874,840,1189,1219
"ARMCX4",86,91,100,177
"ARMCX5",444,417,270,252
"ARMCX5-GPRASP2",394,341,464,425
"ARMCX6",933,891,807,1041
"ARMS2",1,0,2,1
"ARMT1",755,753,715,635
"ARNT",1330,1188,788,749
"ARNT2",6,2,42,30
"ARNTL",18,21,36,47
"ARNTL2",283,245,373,412
"ARNTL2-AS1",2,1,2,1
"ARPC1A",1863,1710,1781,1833
"ARPC1B",3319,3027,2732,2528
"ARPC2",5054,4654,4750,4129
"ARPC3",5777,4879,5012,6107
"ARPC4",3401,2905,2749,2959
"ARPC4-TTLL3",1363,1642,1710,1920
"ARPC5",3069,2688,3465,3246
"ARPC5L",1619,1533,1046,1058
"ARPIN",482,387,429,511
"ARPP19",4234,4192,3631,3592
"ARPP21",0,0,0,0
"ARR3",1,5,4,5
"ARRB1",362,286,1382,1496
"ARRB2",816,756,465,526
"ARRDC1",331,320,572,557
"ARRDC1-AS1",555,538,410,415
"ARRDC2",770,709,353,402
"ARRDC3",525,495,333,212
"ARRDC3-AS1",21,32,35,36
"ARRDC4",2574,2180,582,407
"ARRDC5",0,0,0,0
"ARSA",804,836,1331,1229
"ARSB",495,455,593,665
"ARSD",2,4,10,22
"ARSE",0,0,0,1
"ARSF",0,0,0,0
"ARSG",65,60,32,44
"ARSH",0,0,0,0
"ARSI",5923,5388,3321,3702
"ARSJ",6,1,4,2
"ARSK",196,183,248,170
"ART1",0,0,2,1
"ART3",2,5,4,2
"ART4",0,0,0,1
"ART5",177,146,584,538
"ARTN",13,13,22,18
"ARV1",326,322,181,233
"ARVCF",344,330,1243,1546
"ARX",12,13,12,14
"AS3MT",16,28,38,37
"ASAH1",673,577,1072,997
"ASAH2",44,40,45,20
"ASAH2B",35,26,23,13
"ASAP1",2606,2737,2616,2094
"ASAP1-IT1",0,0,0,0
"ASAP1-IT2",0,1,4,2
"ASAP2",188,185,464,317
"ASAP3",931,870,956,1124
"ASB1",1048,1018,965,1031
"ASB10",0,0,0,0
"ASB11",0,0,0,0
"ASB12",3,0,3,4
"ASB13",632,585,457,506
"ASB14",88,62,69,44
"ASB15",0,0,2,0
"ASB16",133,146,109,97
"ASB16-AS1",385,434,307,295
"ASB17",0,0,0,0
"ASB18",1,6,2,0
"ASB2",1041,808,307,146
"ASB3",833,782,583,587
"ASB4",0,0,0,0
"ASB5",1,0,1,0
"ASB6",4490,4517,2120,2138
"ASB7",560,502,386,392
"ASB8",238,201,286,299
"ASB9",0,1,20,23
"ASB9P1",5,1,1,3
"ASCC1",1098,947,834,902
"ASCC2",2673,2478,2149,2179
"ASCC3",3270,3414,2644,2520
"ASCL1",0,1,0,0
"ASCL2",2,1,0,0
"ASCL3",0,0,1,0
"ASCL4",0,0,0,0
"ASCL5",2,2,5,4
"ASF1A",908,816,603,650
"ASF1B",2338,1994,1653,1598
"ASGR1",131,125,128,140
"ASGR2",0,2,0,2
"ASH1L",716,751,603,590
"ASH1L-AS1",287,291,188,187
"ASH2L",825,664,764,770
"ASIC1",663,780,574,563
"ASIC2",0,0,0,0
"ASIC3",91,132,85,99
"ASIC4",21,26,7,1
"ASIC5",1,0,0,0
"ASIP",1,0,6,8
"ASL",463,419,373,360
"ASMT",51,61,46,57
"ASMTL",6862,6272,3162,3358
"ASMTL-AS1",708,741,592,580
"ASNA1",3076,2587,1969,2276
"ASNS",3536,2332,2415,1110
"ASNSD1",1036,892,839,941
"ASPA",0,0,0,0
"ASPDH",7,3,3,7
"ASPG",1,0,0,0
"ASPH",2103,2054,1506,902
"ASPHD1",985,912,857,1028
"ASPHD2",295,311,239,302
"ASPM",1186,1426,1632,1787
"ASPN",1,2,1,2
"ASPRV1",26,48,19,32
"ASPSCR1",518,454,456,434
"ASRGL1",236,214,351,379
"ASS1",3,0,1,3
"ASTE1",210,168,147,166
"ASTL",1,0,2,2
"ASTN1",0,0,0,0
"ASTN2",824,738,327,293
"ASTN2-AS1",0,1,1,2
"ASUN",1299,1103,456,563
"ASXL1",2101,2152,2120,2276
"ASXL2",426,499,225,183
"ASXL3",0,0,1,1
"ASZ1",0,0,0,0
"ATAD1",1295,1278,1165,1042
"ATAD2",2055,2059,1481,1564
"ATAD2B",395,460,365,405
"ATAD3A",3216,3372,1758,1744
"ATAD3B",3814,3962,1888,1776
"ATAD3C",294,322,154,159
"ATAD5",363,415,273,242
"ATAT1",344,376,298,328
"ATCAY",23,24,4,12
"ATE1",992,920,636,573
"ATE1-AS1",24,7,22,23
"ATF1",616,554,349,268
"ATF2",968,917,893,563
"ATF3",4858,3715,3939,4692
"ATF4",10480,8630,9261,9244
"ATF5",5376,4212,3090,2507
"ATF6",861,720,1014,1090
"ATF6B",1714,1485,1992,2099
"ATF7",561,595,467,563
"ATF7IP",1170,1198,1242,1200
"ATF7IP2",44,44,51,64
"ATG10",217,198,240,266
"ATG101",1693,1392,1188,1237
"ATG12",1266,1271,799,842
"ATG13",2233,1970,2263,2130
"ATG14",565,579,581,743
"ATG16L1",1194,1174,1294,1443
"ATG16L2",259,318,351,493
"ATG2A",2277,2284,1721,1462
"ATG2B",468,462,605,490
"ATG3",1564,1483,955,1077
"ATG4A",202,183,583,538
"ATG4B",1743,1680,1421,1607
"ATG4C",277,273,211,151
"ATG4D",881,860,823,826
"ATG5",1065,878,899,1007
"ATG7",1708,1576,1785,2150
"ATG9A",1715,1654,1625,1607
"ATG9B",847,948,618,563
"ATHL1",1133,1511,1279,1355
"ATIC",5041,4531,2396,2902
"ATL1",19,12,40,22
"ATL2",1885,1863,1290,1194
"ATL3",892,926,887,808
"ATM",1472,1604,1224,1205
"ATMIN",1757,1634,1854,1823
"ATN1",3841,3591,2525,2265
"ATOH1",0,0,0,0
"ATOH7",14,27,7,6
"ATOH8",116,123,429,514
"ATOX1",1172,1028,989,1170
"ATP10A",588,618,406,406
"ATP10B",0,0,0,0
"ATP10D",31,29,98,87
"ATP11A",1344,1329,991,826
"ATP11A-AS1",1,1,0,0
"ATP11AUN",0,2,0,2
"ATP11B",708,683,820,803
"ATP11C",5,6,7,11
"ATP12A",0,0,0,0
"ATP13A1",2802,2960,2403,2420
"ATP13A2",3772,3287,3408,3655
"ATP13A3",1710,1822,1850,980
"ATP13A4",0,0,3,2
"ATP13A4-AS1",1,0,0,0
"ATP13A5",0,0,0,0
"ATP13A5-AS1",0,0,0,0
"ATP1A1",4946,4354,4525,4879
"ATP1A1-AS1",1565,1324,1430,1470
"ATP1A2",0,0,11,9
"ATP1A3",339,304,110,112
"ATP1A4",2,2,45,39
"ATP1B1",1083,1028,1876,1482
"ATP1B2",38,39,42,49
"ATP1B3",3878,3438,4918,4778
"ATP1B4",0,0,0,0
"ATP2A1",505,503,245,254
"ATP2A1-AS1",298,264,124,121
"ATP2A2",5267,5223,3762,2813
"ATP2A3",66,67,118,108
"ATP2B1",982,965,1401,1025
"ATP2B2",1,3,3,0
"ATP2B2-IT2",0,0,0,0
"ATP2B3",0,1,1,2
"ATP2B4",572,551,1540,1681
"ATP2C1",916,889,959,881
"ATP2C2",12,19,31,22
"ATP4A",9,9,1,2
"ATP4B",1,0,0,0
"ATP5A1",20998,18421,15736,17241
"ATP5B",24124,21333,15089,15939
"ATP5C1",2732,2382,1731,2004
"ATP5D",2764,2597,1881,1978
"ATP5E",6325,5780,5931,7443
"ATP5EP2",1768,1610,1664,1984
"ATP5F1",5060,4563,3934,3813
"ATP5G1",1416,1159,655,640
"ATP5G2",5742,4959,3445,4124
"ATP5G3",7228,6282,4785,5174
"ATP5H",3692,3132,2564,3211
"ATP5I",3494,3106,2645,3578
"ATP5J",3586,3105,2772,3670
"ATP5J2",4957,4188,4013,5796
"ATP5J2-PTCD1",3417,3151,2137,2698
"ATP5L",4237,3687,4055,5216
"ATP5L2",50,63,64,62
"ATP5O",8509,7149,5924,7142
"ATP5S",189,169,160,99
"ATP5SL",1666,1485,1468,1663
"ATP6AP1",2012,1702,2644,2514
"ATP6AP1L",79,111,90,147
"ATP6AP2",1715,1473,1673,1217
"ATP6V0A1",3270,3367,2978,2969
"ATP6V0A2",512,536,413,467
"ATP6V0A4",0,0,13,9
"ATP6V0B",1917,1815,1536,1565
"ATP6V0C",5209,4331,4342,4325
"ATP6V0CP3",0,0,0,0
"ATP6V0D1",3310,2838,2959,3150
"ATP6V0D2",0,0,1,0
"ATP6V0E1",3260,2709,2803,2889
"ATP6V0E2",638,560,915,982
"ATP6V0E2-AS1",103,109,109,123
"ATP6V1A",1639,1579,3066,2065
"ATP6V1B1",19,33,32,52
"ATP6V1B1-AS1",0,3,7,4
"ATP6V1B2",2370,2151,2068,2216
"ATP6V1C1",2262,2347,1349,1502
"ATP6V1C2",4001,3558,4661,3880
"ATP6V1D",2011,1733,2585,2852
"ATP6V1E1",5967,5165,3007,3156
"ATP6V1E2",123,100,59,72
"ATP6V1F",3739,3201,2606,2931
"ATP6V1G1",5418,5029,3142,2826
"ATP6V1G2",197,213,234,219
"ATP6V1G2-DDX39B",10299,9868,7762,9359
"ATP6V1G3",0,1,0,0
"ATP6V1H",1535,1415,1474,1622
"ATP7A",96,111,69,71
"ATP7B",293,291,753,704
"ATP8A1",26,31,62,48
"ATP8A2",3,3,8,10
"ATP8B1",47,47,139,86
"ATP8B2",1842,1805,1502,1482
"ATP8B3",45,48,62,76
"ATP8B4",3,6,10,4
"ATP8B5P",309,242,262,55
"ATP9A",894,881,914,1037
"ATP9B",312,310,256,258
"ATPAF1",1149,986,1252,1394
"ATPAF2",1265,1211,699,693
"ATPIF1",5205,4742,4233,4690
"ATR",893,932,608,639
"ATRAID",1263,1042,1191,1400
"ATRIP",562,467,313,349
"ATRN",1037,941,1067,1029
"ATRNL1",5,1,9,10
"ATRX",1324,1494,1464,1276
"ATXN1",3,6,8,5
"ATXN10",4001,3608,3166,3258
"ATXN1L",893,940,734,798
"ATXN2",1104,1138,966,989
"ATXN2L",4700,4345,3034,2886
"ATXN3",617,589,552,476
"ATXN3L",4,3,3,1
"ATXN7",381,448,346,297
"ATXN7L1",179,145,120,122
"ATXN7L2",223,263,150,201
"ATXN7L3",1895,1923,1590,1723
"ATXN7L3B",3091,2975,2176,2424
"ATXN8OS",0,0,0,0
"AUH",177,148,167,171
"AUNIP",703,640,629,716
"AUP1",4728,4911,2997,3733
"AURKA",2501,2426,1796,2088
"AURKAIP1",4960,4493,3047,2868
"AURKAPS1",191,189,134,141
"AURKB",2551,2367,1796,1916
"AURKC",23,32,15,13
"AUTS2",279,312,339,381
"AVEN",757,669,780,742
"AVIL",41,35,35,40
"AVL9",1157,1208,816,742
"AVP",1,0,1,0
"AVPI1",1914,1674,644,568
"AVPR1A",2,4,5,3
"AVPR1B",0,0,0,0
"AVPR2",9,7,6,9
"AWAT1",19,22,3,1
"AWAT2",0,0,0,0
"AXDND1",1,4,2,5
"AXIN1",1797,1671,1394,1501
"AXIN2",208,204,351,380
"AXL",558,549,1505,1564
"AZGP1",0,0,1,0
"AZGP1P1",0,0,1,1
"AZI2",847,854,667,641
"AZIN1",3591,3306,3189,2899
"AZIN1-AS1",14,20,20,5
"AZIN2",109,97,103,107
"AZU1",31,31,33,16
"B2M",3817,3329,6736,6776
"B3GALNT1",0,1,0,0
"B3GALNT2",1270,1185,1090,1108
"B3GALT1",0,0,0,0
"B3GALT2",2,1,1,2
"B3GALT4",27,16,24,12
"B3GALT5",0,0,0,0
"B3GALT5-AS1",0,0,0,0
"B3GALT6",1494,1339,1130,1237
"B3GAT1",6,4,3,1
"B3GAT2",101,96,133,219
"B3GAT3",2153,1883,1671,1761
"B3GLCT",146,156,435,348
"B3GNT2",385,315,1035,853
"B3GNT3",1,0,0,0
"B3GNT4",54,65,36,40
"B3GNT5",4,10,5,4
"B3GNT6",0,1,0,0
"B3GNT7",6,8,13,13
"B3GNT8",12,16,24,35
"B3GNT9",176,186,116,111
"B3GNTL1",227,217,103,134
"B4GALNT1",485,478,304,280
"B4GALNT2",0,0,0,0
"B4GALNT3",58,56,181,251
"B4GALNT4",914,1056,599,663
"B4GALT1",1213,1160,1897,2091
"B4GALT1-AS1",4,21,24,14
"B4GALT2",1008,956,878,982
"B4GALT3",943,845,605,736
"B4GALT4",463,391,501,598
"B4GALT4-AS1",9,12,12,14
"B4GALT5",2018,1968,1890,2025
"B4GALT6",13,9,11,9
"B4GALT7",658,571,669,639
"B4GAT1",419,386,396,413
"B9D1",1014,830,743,722
"B9D2",226,191,136,160
"BAALC",3,2,14,5
"BAALC-AS1",0,0,1,0
"BAALC-AS2",0,0,0,0
"BAAT",17,15,6,5
"BABAM1",3350,2878,2266,2481
"BACE1",441,457,1101,1279
"BACE1-AS",30,28,38,49
"BACE2",0,0,0,1
"BACH1",704,671,818,532
"BACH1-IT2",0,0,0,1
"BACH2",37,33,27,15
"BAD",1854,1615,1445,1526
"BAG1",1358,1227,1072,1425
"BAG2",1511,1396,961,962
"BAG3",1246,1173,1863,2130
"BAG4",1189,1090,921,856
"BAG5",1521,1553,1016,1061
"BAG6",7065,6848,6181,6541
"BAGE",0,0,0,0
"BAGE2",4,4,3,0
"BAGE3",4,4,3,0
"BAGE4",4,4,3,0
"BAGE5",4,4,3,0
"BAHCC1",329,345,343,387
"BAHD1",1990,1813,1713,1927
"BAIAP2",1239,1245,1211,1344
"BAIAP2-AS1",678,678,742,805
"BAIAP2L1",1927,1891,1544,1646
"BAIAP2L2",93,77,96,88
"BAIAP3",481,484,329,380
"BAK1",2494,2231,1818,2025
"BAMBI",4446,4062,2707,2674
"BANCR",1,1,9,2
"BANF1",4816,4165,3406,4088
"BANF2",0,0,0,0
"BANK1",1,1,1,0
"BANP",416,419,330,323
"BAP1",2749,2736,2374,2754
"BARD1",263,283,260,255
"BARHL1",0,2,0,0
"BARHL2",0,0,0,0
"BARX1",2,3,4,1
"BARX2",0,0,0,1
"BASP1",4,6,0,0
"BASP1P1",0,0,0,0
"BATF",0,0,0,0
"BATF2",57,54,41,31
"BATF3",516,468,206,222
"BAX",4861,4394,5255,5431
"BAZ1A",697,669,596,624
"BAZ1B",5518,5584,3499,4047
"BAZ2A",2889,2857,2472,2367
"BAZ2B",247,297,448,398
"BBC3",1789,1514,1836,1919
"BBIP1",642,629,646,596
"BBOX1",0,0,0,0
"BBOX1-AS1",0,0,1,0
"BBS1",640,678,744,840
"BBS10",295,305,332,302
"BBS12",273,192,219,218
"BBS2",953,803,768,848
"BBS4",667,652,214,294
"BBS5",379,362,206,225
"BBS7",604,559,582,573
"BBS9",312,279,464,414
"BBX",4,11,22,13
"BCAM",818,737,1211,1268
"BCAN",216,167,286,231
"BCAP29",645,611,894,823
"BCAP31",4648,3832,3693,3525
"BCAR1",10853,9591,6847,6580
"BCAR3",308,289,1022,784
"BCAR4",0,2,1,0
"BCAS1",62,71,46,48
"BCAS2",1950,1803,1310,1425
"BCAS3",253,199,532,625
"BCAS4",671,593,499,586
"BCAT1",9,10,13,6
"BCAT2",975,1179,1392,1527
"BCCIP",4025,4067,2213,2694
"BCDIN3D",114,96,76,97
"BCDIN3D-AS1",60,51,40,36
"BCHE",0,0,0,0
"BCKDHA",1256,1025,775,739
"BCKDHB",466,435,513,535
"BCKDK",1907,1704,1644,1590
"BCL10",659,545,664,591
"BCL11A",0,0,0,0
"BCL11B",0,0,0,0
"BCL2",176,209,170,246
"BCL2A1",2,1,2,1
"BCL2L1",6008,5355,7267,6893
"BCL2L10",2,0,1,3
"BCL2L11",239,228,718,815
"BCL2L12",1603,1535,956,1048
"BCL2L13",2078,1837,1298,1464
"BCL2L14",2,1,16,16
"BCL2L15",2,9,3,2
"BCL2L2",1131,1139,836,869
"BCL2L2-PABPN1",5858,6065,4345,5678
"BCL3",314,289,239,234
"BCL6",18,19,172,133
"BCL6B",1,1,2,1
"BCL7A",423,391,227,257
"BCL7B",1274,1066,1002,1025
"BCL7C",1885,1721,1124,1226
"BCL9",1118,1133,1056,1104
"BCL9L",3028,2837,2332,2165
"BCLAF1",5612,5737,3559,3749
"BCO1",7,7,4,15
"BCO2",17,13,8,5
"BCOR",1136,962,878,888
"BCORL1",1007,976,1031,1023
"BCORP1",0,0,1,1
"BCR",1714,1697,1908,2120
"BCRP2",92,111,121,190
"BCRP3",158,160,201,267
"BCS1L",592,587,317,377
"BCYRN1",0,1,0,1
"BDH1",21,20,16,7
"BDH2",576,534,885,1258
"BDKRB1",0,0,39,10
"BDKRB2",0,0,11,5
"BDNF",3479,3288,3567,3262
"BDNF-AS",482,460,492,475
"BDP1",1136,1275,792,606
"BEAN1",3,2,12,14
"BEAN1-AS1",0,0,3,1
"BECN1",2065,1831,1776,1788
"BECN2",10,12,4,1
"BEGAIN",54,39,168,204
"BEND2",0,0,0,0
"BEND3",497,495,279,269
"BEND3P3",53,46,31,30
"BEND4",27,12,9,13
"BEND5",0,0,0,0
"BEND6",22,21,70,51
"BEND7",89,80,148,161
"BEST1",62,50,95,82
"BEST2",6,8,1,3
"BEST3",0,1,10,15
"BEST4",77,68,65,97
"BET1",535,476,455,328
"BET1L",1615,1521,1223,1262
"BEX1",4939,4563,2949,4411
"BEX2",2435,2154,1027,1264
"BEX4",1893,1724,1540,1325
"BEX5",0,0,7,2
"BFAR",1879,1606,1263,1375
"BFSP1",97,61,143,119
"BFSP2",7,8,4,4
"BGLAP",42,31,24,40
"BGLT3",0,0,0,0
"BGN",0,0,9,5
"BHLHA15",1,2,5,5
"BHLHA9",1,0,0,1
"BHLHB9",78,68,82,90
"BHLHE22",0,0,0,0
"BHLHE23",3,3,0,0
"BHLHE40",1483,1251,747,732
"BHLHE40-AS1",29,34,27,28
"BHLHE41",319,279,372,250
"BHMT",0,0,2,1
"BHMT2",1,1,1,0
"BICC1",2,0,5,9
"BICD1",201,158,341,275
"BICD2",1306,1352,1473,1460
"BID",739,790,563,561
"BIK",156,122,177,154
"BIN1",395,323,291,373
"BIN2",6,1,3,3
"BIN3",1029,973,1090,1225
"BIN3-IT1",0,2,0,0
"BIRC2",2655,2312,1956,1906
"BIRC3",22,13,29,10
"BIRC5",2553,2330,2103,2192
"BIRC6",1462,1514,1370,1182
"BIRC6-AS2",0,1,0,0
"BIRC7",2779,2956,1290,1140
"BIRC8",2,2,0,0
"BISPR",194,159,81,117
"BIVM",803,838,1200,1103
"BIVM-ERCC5",1020,1055,1208,1413
"BLACAT1",324,313,252,192
"BLACE",0,0,3,0
"BLCAP",1213,1140,2008,2032
"BLID",0,0,0,0
"BLK",1,0,0,0
"BLM",555,632,294,349
"BLMH",2500,2312,2011,2437
"BLNK",1,1,9,4
"BLOC1S1",385,333,416,490
"BLOC1S1-RDH5",204,202,211,313
"BLOC1S2",3873,3585,3726,3675
"BLOC1S3",596,551,219,251
"BLOC1S4",1071,1027,696,792
"BLOC1S5",691,571,384,430
"BLOC1S5-TXNDC5",6276,5647,4444,4795
"BLOC1S6",1821,1655,1105,920
"BLVRA",2322,2140,2381,2994
"BLVRB",2449,2071,1231,1366
"BLZF1",259,207,186,163
"BMF",186,175,384,482
"BMI1",4206,3934,1585,836
"BMP1",262,240,971,851
"BMP10",0,0,0,3
"BMP15",0,0,0,0
"BMP2",0,2,1,1
"BMP2K",150,132,206,152
"BMP3",1,1,1,0
"BMP4",7806,7083,8317,8459
"BMP5",0,0,0,0
"BMP6",2180,1958,1050,1125
"BMP7",1792,1501,3312,3101
"BMP7-AS1",1,1,0,0
"BMP8A",36,31,38,33
"BMP8B",59,45,107,125
"BMPER",0,0,3,2
"BMPR1A",979,976,996,787
"BMPR1B",0,0,0,0
"BMPR1B-AS1",0,0,0,0
"BMPR2",457,392,743,515
"BMS1",3553,3623,2284,2957
"BMS1P17",114,125,118,132
"BMS1P18",114,125,118,132
"BMS1P20",378,360,357,366
"BMS1P21",0,0,1,0
"BMS1P4",91,97,68,61
"BMS1P5",249,259,262,293
"BMS1P6",91,78,78,83
"BMX",0,0,0,0
"BNC1",4,1,2,1
"BNC2",312,315,444,301
"BNIP1",266,227,167,253
"BNIP2",1136,1162,926,585
"BNIP3",1970,1827,1183,1067
"BNIP3L",1161,1010,1618,1350
"BNIPL",8,11,2,10
"BOC",12,17,79,94
"BOD1",1939,1609,1282,1666
"BOD1L1",1385,1520,1042,1067
"BOD1L2",8,7,6,11
"BOK",1670,1483,1776,1950
"BOK-AS1",22,28,36,22
"BOLA1",4,5,3,2
"BOLA2",4958,4442,2553,2962
"BOLA2B",4958,4442,2553,2962
"BOLA3",1204,960,619,626
"BOLA3-AS1",415,424,154,180
"BOLL",2,0,0,0
"BOP1",5175,4985,2193,2177
"BORA",457,482,344,437
"BPESC1",0,1,0,0
"BPGM",320,304,312,396
"BPHL",492,462,452,541
"BPI",0,0,0,0
"BPIFA1",0,0,0,0
"BPIFA2",0,0,1,0
"BPIFA3",0,0,0,0
"BPIFA4P",0,0,0,0
"BPIFB1",0,0,0,1
"BPIFB2",1,0,0,0
"BPIFB3",1,0,0,2
"BPIFB4",20,4,5,12
"BPIFB6",0,0,0,0
"BPIFC",0,1,0,1
"BPNT1",733,615,485,765
"BPTF",1679,1673,1300,1503
"BPY2",4,0,0,0
"BPY2B",4,0,0,0
"BPY2C",4,0,0,0
"BRAF",223,201,184,132
"BRAP",1315,1229,997,984
"BRAT1",2233,2311,1342,1417
"BRCA1",1318,1463,651,744
"BRCA2",278,344,157,112
"BRCAT107",0,0,0,0
"BRCAT54",12,14,1,4
"BRCC3",795,726,651,846
"BRD1",1212,1216,931,874
"BRD2",4638,4580,3035,3934
"BRD3",1779,1643,999,1081
"BRD4",2712,2747,1867,1898
"BRD7",1715,1573,1194,1634
"BRD7P3",14,14,15,10
"BRD8",2135,2063,1597,1996
"BRD9",1496,1590,1388,1432
"BRDT",81,63,4,3
"BRDTP1",1,2,0,0
"BRE",583,585,548,726
"BRE-AS1",15,18,10,17
"BREA2",14,19,10,12
"BRF1",1017,1048,815,915
"BRF2",845,700,517,590
"BRI3",1695,1514,1970,1733
"BRI3BP",276,245,166,109
"BRICD5",228,199,166,154
"BRINP1",0,1,0,0
"BRINP2",1,1,1,1
"BRINP3",1,0,0,0
"BRIP1",399,422,458,326
"BRIX1",1555,1571,703,961
"BRK1",4463,3867,4259,4539
"BRMS1",2511,2338,1518,1618
"BRMS1L",524,453,331,250
"BROX",903,793,685,416
"BRPF1",832,838,522,602
"BRPF3",1349,1319,1025,1057
"BRS3",0,0,0,0
"BRSK1",395,352,358,306
"BRSK2",453,475,163,224
"BRWD1",1003,1037,864,727
"BRWD1-AS1",0,1,1,1
"BRWD1-IT2",24,16,15,14
"BRWD3",666,670,526,341
"BSCL2",2700,2484,1625,1686
"BSDC1",1395,1396,1504,1576
"BSG",17020,14843,16778,17146
"BSN",135,167,79,94
"BSN-AS2",20,8,4,14
"BSND",0,0,3,1
"BSPH1",0,0,0,0
"BSPRY",1,1,51,98
"BST1",22,14,11,9
"BST2",7271,6521,7649,9333
"BSX",0,0,0,0
"BTAF1",1699,2063,1086,818
"BTBD1",3050,2989,2784,2458
"BTBD10",705,647,796,816
"BTBD11",58,71,188,198
"BTBD16",3,0,1,5
"BTBD17",0,2,1,0
"BTBD18",2,1,3,2
"BTBD19",165,173,166,173
"BTBD2",3447,3273,2424,2855
"BTBD3",838,815,513,423
"BTBD6",724,690,736,755
"BTBD7",641,661,868,682
"BTBD8",2,5,4,1
"BTBD9",245,238,453,417
"BTC",0,0,0,0
"BTD",110,75,119,123
"BTF3",9497,8330,6168,7589
"BTF3L4",1170,1003,915,762
"BTF3P11",0,0,0,0
"BTG1",275,226,356,279
"BTG2",2097,1938,1845,2358
"BTG3",1441,1372,2952,2804
"BTG4",154,112,30,28
"BTK",2,2,2,10
"BTLA",0,2,1,0
"BTN1A1",5,3,1,1
"BTN2A1",421,398,429,534
"BTN2A2",378,366,592,596
"BTN2A3P",30,34,50,39
"BTN3A1",26,30,56,79
"BTN3A2",24,17,73,129
"BTN3A3",25,34,49,54
"BTNL10",0,0,1,0
"BTNL2",6,1,13,14
"BTNL3",0,0,2,1
"BTNL8",0,0,0,2
"BTNL9",171,187,78,84
"BTRC",988,993,935,1149
"BUB1",2090,2053,2776,2948
"BUB1B",1476,1469,1032,1102
"BUB3",3680,3545,2381,2060
"BUD13",701,691,516,742
"BUD31",1877,1708,1071,1172
"BVES",387,311,635,637
"BVES-AS1",3,3,5,6
"BYSL",1617,1435,731,848
"BZRAP1",0,1,0,0
"BZRAP1-AS1",169,130,132,136
"BZW1",10289,9993,8205,7502
"BZW2",1390,1277,1903,2372
"C10orf10",7,3,184,238
"C10orf105",10,10,25,44
"C10orf107",5,8,13,3
"C10orf11",0,1,3,2
"C10orf111",9,10,11,15
"C10orf113",5,6,5,3
"C10orf12",190,128,171,134
"C10orf120",0,0,0,0
"C10orf126",2,1,1,0
"C10orf128",0,0,1,0
"C10orf131",2,3,3,4
"C10orf142",0,0,0,0
"C10orf2",2379,2294,798,898
"C10orf25",7,3,18,22
"C10orf32",425,390,432,378
"C10orf32-ASMT",47,49,73,82
"C10orf35",552,508,413,466
"C10orf53",0,0,0,0
"C10orf54",36,30,154,139
"C10orf55",2134,1722,712,510
"C10orf62",0,0,3,2
"C10orf67",0,0,0,0
"C10orf71",0,2,0,0
"C10orf71-AS1",2,2,0,1
"C10orf76",868,836,823,851
"C10orf82",0,0,0,0
"C10orf88",443,424,283,299
"C10orf90",0,2,9,3
"C10orf91",6,8,7,3
"C10orf95",119,105,74,57
"C10orf99",0,1,0,0
"C11orf1",334,294,193,259
"C11orf16",4,6,14,9
"C11orf21",1,0,0,1
"C11orf24",1218,1201,942,1000
"C11orf30",418,435,408,398
"C11orf31",1121,1135,1341,1406
"C11orf39",9,9,9,2
"C11orf40",0,0,0,0
"C11orf42",1,0,0,0
"C11orf44",0,0,0,0
"C11orf45",1,0,0,0
"C11orf49",799,735,841,918
"C11orf52",198,168,146,151
"C11orf53",5,2,5,7
"C11orf54",170,163,123,118
"C11orf57",1255,1183,750,986
"C11orf58",4910,4584,2943,2620
"C11orf63",22,37,35,52
"C11orf65",18,19,12,17
"C11orf68",1721,1614,1176,1060
"C11orf70",1,0,0,1
"C11orf71",304,289,114,121
"C11orf72",0,0,1,1
"C11orf73",645,612,585,627
"C11orf74",262,255,237,276
"C11orf80",112,127,191,166
"C11orf84",3434,2881,1741,1961
"C11orf85",3,5,5,0
"C11orf86",0,3,2,1
"C11orf87",0,0,0,0
"C11orf88",1059,979,547,739
"C11orf91",12,9,0,0
"C11orf94",2,1,2,3
"C11orf95",1777,2008,1516,1565
"C11orf96",19,19,16,11
"C11orf97",0,0,0,0
"C11orf98",2864,2692,1804,2365
"C12orf10",1089,931,656,809
"C12orf29",473,522,316,323
"C12orf4",569,567,516,471
"C12orf40",0,0,0,0
"C12orf42",2,1,1,0
"C12orf43",940,881,523,597
"C12orf45",1037,925,364,415
"C12orf49",1665,1489,1911,1745
"C12orf50",27,22,4,3
"C12orf54",3,0,3,0
"C12orf56",1,4,0,1
"C12orf57",2189,1862,1440,1663
"C12orf60",60,77,46,45
"C12orf65",748,639,477,556
"C12orf66",135,85,53,58
"C12orf71",1,2,2,1
"C12orf73",333,301,195,205
"C12orf74",0,0,0,0
"C12orf75",749,640,1539,1382
"C12orf76",301,300,185,203
"C12orf77",0,0,0,0
"C12orf79",2,1,5,2
"C12orf80",0,0,3,9
"C14orf1",1736,1526,1295,1590
"C14orf105",0,0,2,0
"C14orf119",3043,2535,2683,3401
"C14orf132",25,29,105,122
"C14orf142",537,509,263,309
"C14orf159",644,665,897,959
"C14orf166",3131,2669,2147,2845
"C14orf169",6,2,3,0
"C14orf177",0,0,0,0
"C14orf178",2,3,2,7
"C14orf180",1,1,1,2
"C14orf2",3723,3136,2578,2948
"C14orf28",100,98,92,86
"C14orf37",27,20,133,91
"C14orf39",2,1,0,0
"C14orf79",415,417,253,314
"C14orf80",974,947,616,693
"C14orf93",130,134,138,158
"C15orf26",1,1,0,0
"C15orf27",8,7,44,37
"C15orf32",0,0,0,0
"C15orf38-AP3S2",1224,1020,1228,1255
"C15orf39",1328,1230,1053,1076
"C15orf40",649,569,479,505
"C15orf41",104,114,189,154
"C15orf43",0,1,0,0
"C15orf48",0,2,8,18
"C15orf52",326,364,469,512
"C15orf53",0,0,0,0
"C15orf54",0,0,0,0
"C15orf56",93,120,65,75
"C15orf57",669,546,497,514
"C15orf59",210,185,241,266
"C15orf59-AS1",2,6,5,1
"C15orf61",536,478,220,238
"C15orf62",59,61,56,63
"C15orf65",34,29,43,45
"C16orf13",1363,1297,780,774
"C16orf45",359,303,614,651
"C16orf46",78,85,80,82
"C16orf47",0,0,0,0
"C16orf52",286,289,305,205
"C16orf54",0,0,0,0
"C16orf58",1265,1089,1029,1213
"C16orf59",538,600,351,297
"C16orf62",799,674,657,784
"C16orf70",622,661,431,440
"C16orf71",12,13,13,19
"C16orf72",1566,1306,1138,851
"C16orf74",18,17,40,28
"C16orf78",0,0,0,0
"C16orf82",0,0,0,0
"C16orf86",7,2,4,5
"C16orf87",278,245,307,368
"C16orf89",1,1,0,1
"C16orf90",1,0,0,0
"C16orf91",1070,1020,441,489
"C16orf92",7,10,0,1
"C16orf93",177,186,135,131
"C16orf95",133,111,54,80
"C16orf96",19,21,27,19
"C16orf97",0,0,0,0
"C17orf100",54,51,49,51
"C17orf102",0,0,0,0
"C17orf104",50,66,33,27
"C17orf105",0,1,0,1
"C17orf107",24,16,20,16
"C17orf112",0,0,0,0
"C17orf47",1,0,0,0
"C17orf49",605,490,446,528
"C17orf50",3,8,5,8
"C17orf51",464,465,258,256
"C17orf53",410,429,279,323
"C17orf58",240,189,126,107
"C17orf59",717,637,510,447
"C17orf62",1044,1009,926,992
"C17orf64",3,1,0,3
"C17orf67",66,64,61,36
"C17orf74",6,6,10,4
"C17orf75",567,524,389,530
"C17orf77",0,0,0,0
"C17orf78",1,1,1,0
"C17orf80",876,860,780,931
"C17orf82",0,0,0,0
"C17orf85",1494,1577,1170,1310
"C17orf89",1705,1592,1116,944
"C17orf96",2122,1931,1745,1897
"C17orf97",171,151,63,115
"C17orf98",3,2,0,1
"C17orf99",0,0,0,0
"C18orf21",712,671,405,439
"C18orf25",2584,2532,1373,1179
"C18orf32",785,678,708,701
"C18orf42",0,2,0,2
"C18orf54",348,390,250,209
"C18orf61",1,1,3,4
"C18orf63",1,0,0,0
"C18orf65",0,3,2,1
"C18orf8",636,593,514,529
"C19orf12",586,598,605,519
"C19orf18",36,50,36,43
"C19orf24",1265,1185,546,604
"C19orf25",1419,1129,652,647
"C19orf26",392,403,299,274
"C19orf33",4,2,16,25
"C19orf35",2,2,2,3
"C19orf38",21,11,8,17
"C19orf43",4900,4594,3673,4498
"C19orf44",1708,1700,919,1105
"C19orf45",19,18,1,3
"C19orf47",1100,927,832,697
"C19orf48",5165,5041,2446,2987
"C19orf52",664,603,417,417
"C19orf53",3310,2873,1895,1927
"C19orf54",554,490,631,692
"C19orf57",54,44,31,35
"C19orf60",579,616,520,472
"C19orf66",433,447,521,596
"C19orf67",0,0,0,1
"C19orf68",883,768,700,1002
"C19orf70",903,866,837,891
"C19orf71",62,56,35,57
"C19orf73",48,38,48,59
"C19orf80",1,2,0,1
"C19orf81",272,247,183,237
"C19orf84",12,5,5,7
"C1D",351,309,196,165
"C1GALT1",698,694,621,408
"C1GALT1C1",280,244,286,315
"C1GALT1C1L",0,0,0,0
"C1QA",0,0,0,0
"C1QB",0,0,0,0
"C1QBP",9938,8235,3897,4307
"C1QC",0,0,0,0
"C1QL1",507,466,117,163
"C1QL2",0,2,0,1
"C1QL3",0,0,0,0
"C1QL4",32,24,8,24
"C1QTNF1",8,18,80,137
"C1QTNF1-AS1",0,0,1,0
"C1QTNF2",1,2,0,0
"C1QTNF3",16,29,44,45
"C1QTNF3-AMACR",487,400,415,477
"C1QTNF4",44,46,30,21
"C1QTNF5",40,31,85,192
"C1QTNF6",303,346,524,554
"C1QTNF7",0,0,0,0
"C1QTNF8",16,13,15,13
"C1QTNF9",39,45,37,35
"C1QTNF9B",78,82,74,61
"C1QTNF9B-AS1",73,72,73,60
"C1R",33,32,149,77
"C1RL",26,19,51,67
"C1RL-AS1",1,0,1,11
"C1S",70,56,199,182
"C1orf100",0,1,3,0
"C1orf101",6,10,22,11
"C1orf105",78,71,17,7
"C1orf106",817,765,1074,1185
"C1orf109",964,862,483,531
"C1orf110",0,0,3,1
"C1orf111",0,0,1,0
"C1orf112",329,292,205,243
"C1orf115",56,38,156,204
"C1orf116",3,6,7,4
"C1orf122",2310,2270,1462,1522
"C1orf123",812,700,598,805
"C1orf127",2,9,5,12
"C1orf131",510,470,297,388
"C1orf137",0,0,0,0
"C1orf140",0,0,0,0
"C1orf141",0,0,0,0
"C1orf145",28,31,49,55
"C1orf146",2,3,1,0
"C1orf158",0,0,2,2
"C1orf159",627,725,423,428
"C1orf162",7,12,7,6
"C1orf167",44,33,43,33
"C1orf168",0,0,0,0
"C1orf174",896,916,405,505
"C1orf177",0,1,0,0
"C1orf185",0,0,0,0
"C1orf186",0,1,0,1
"C1orf189",42,35,3,1
"C1orf194",1,2,5,2
"C1orf195",0,0,1,0
"C1orf198",714,654,2023,2693
"C1orf204",0,0,0,0
"C1orf21",0,1,2,1
"C1orf210",3,0,1,1
"C1orf216",1314,1344,798,881
"C1orf220",6,11,32,31
"C1orf226",30,30,729,784
"C1orf228",67,88,81,93
"C1orf229",11,15,17,10
"C1orf233",315,265,85,84
"C1orf234",1,1,0,0
"C1orf27",645,659,505,602
"C1orf35",970,1052,741,823
"C1orf43",3024,2468,2731,3209
"C1orf50",275,277,271,275
"C1orf52",623,623,567,475
"C1orf53",37,27,18,26
"C1orf54",30,19,34,31
"C1orf56",311,313,297,340
"C1orf61",8,8,0,2
"C1orf64",0,0,1,1
"C1orf68",0,0,0,0
"C1orf74",301,256,153,197
"C1orf87",1,1,0,1
"C1orf94",0,0,0,0
"C1orf95",3,1,7,6
"C2",3407,3286,2830,3316
"C2-AS1",7,11,11,15
"C20orf141",0,1,11,13
"C20orf144",1,3,1,6
"C20orf166-AS1",0,0,0,0
"C20orf173",0,0,0,0
"C20orf194",319,348,357,401
"C20orf195",31,26,24,24
"C20orf196",59,45,31,39
"C20orf197",0,0,3,2
"C20orf202",2,0,2,2
"C20orf203",0,0,0,0
"C20orf24",2322,2162,2019,2047
"C20orf27",3831,3557,1892,1929
"C20orf62",0,0,0,0
"C20orf78",0,0,0,0
"C20orf85",0,0,0,0
"C20orf96",527,520,347,388
"C21orf140",13,21,9,6
"C21orf2",312,322,358,400
"C21orf33",1939,1732,1533,2007
"C21orf58",144,180,166,167
"C21orf59",3242,3053,1624,1873
"C21orf62",3,2,4,0
"C21orf62-AS1",10,11,10,1
"C21orf91",608,577,668,426
"C21orf91-OT1",1,2,0,2
"C22orf15",0,0,0,0
"C22orf23",177,149,210,340
"C22orf24",14,12,14,11
"C22orf29",1711,1666,1442,1584
"C22orf31",1,1,9,6
"C22orf34",74,58,37,42
"C22orf39",824,706,555,640
"C22orf42",0,0,0,0
"C22orf46",749,718,667,802
"C2CD2",1762,1712,1380,1356
"C2CD2L",270,292,248,258
"C2CD3",2308,2078,1496,1398
"C2CD4A",16,14,6,5
"C2CD4B",6,2,0,0
"C2CD4C",168,160,143,145
"C2CD4D",0,0,0,1
"C2CD5",1111,1206,825,762
"C2orf15",8,10,16,18
"C2orf16",0,0,0,1
"C2orf27A",23,20,24,25
"C2orf27B",6,3,10,9
"C2orf40",1,0,0,0
"C2orf42",209,178,138,166
"C2orf44",842,880,488,524
"C2orf47",600,505,295,269
"C2orf48",11,16,5,7
"C2orf49",736,688,386,433
"C2orf50",3,0,2,1
"C2orf54",36,23,39,78
"C2orf57",0,0,0,0
"C2orf61",2,0,1,2
"C2orf66",6,4,27,8
"C2orf68",559,490,534,618
"C2orf69",457,477,298,151
"C2orf70",0,0,0,0
"C2orf71",0,0,1,1
"C2orf72",522,530,501,630
"C2orf73",0,1,1,0
"C2orf74",6,10,8,9
"C2orf76",174,171,81,115
"C2orf78",11,2,6,4
"C2orf80",9,17,2,11
"C2orf81",2068,1782,1080,887
"C2orf82",10,8,6,14
"C2orf83",1,0,0,0
"C2orf88",34,47,95,102
"C2orf91",2,1,141,100
"C3",154,121,350,190
"C3AR1",1,1,4,1
"C3P1",1,1,0,1
"C3orf14",324,269,110,140
"C3orf17",1159,1121,836,979
"C3orf18",176,178,224,224
"C3orf20",3,4,2,0
"C3orf22",0,2,0,0
"C3orf30",0,0,0,0
"C3orf33",162,150,126,133
"C3orf35",13,20,31,32
"C3orf36",0,0,6,13
"C3orf38",777,624,529,487
"C3orf49",1,1,1,4
"C3orf52",1,5,23,21
"C3orf56",1,0,1,0
"C3orf58",7,7,2,1
"C3orf62",233,254,243,342
"C3orf67",10,12,5,9
"C3orf67-AS1",0,0,0,0
"C3orf70",7,6,2,10
"C3orf79",1,0,0,0
"C3orf80",27,33,10,10
"C3orf84",0,0,0,0
"C4A",344,385,192,209
"C4B",636,745,355,413
"C4BPA",0,0,0,0
"C4BPB",0,0,3,0
"C4B_2",636,745,355,413
"C4orf17",0,0,0,0
"C4orf19",2,2,17,24
"C4orf22",2,1,0,0
"C4orf26",2,0,18,6
"C4orf27",760,770,525,670
"C4orf29",78,70,75,85
"C4orf3",2860,2495,2090,1955
"C4orf32",19,15,33,11
"C4orf33",14,28,74,62
"C4orf36",12,5,3,1
"C4orf45",0,0,0,0
"C4orf46",647,624,360,340
"C4orf47",15,16,6,10
"C4orf48",417,362,432,378
"C4orf51",0,0,0,0
"C5",187,174,438,472
"C5AR1",386,446,278,322
"C5AR2",0,1,0,0
"C5orf15",1615,1485,1779,1288
"C5orf17",0,0,0,0
"C5orf22",1078,1060,673,671
"C5orf24",955,955,983,559
"C5orf28",212,219,222,118
"C5orf30",162,168,125,122
"C5orf34",213,212,175,133
"C5orf38",0,0,0,0
"C5orf42",377,452,480,483
"C5orf45",1300,1285,1258,1014
"C5orf46",0,0,0,0
"C5orf47",0,0,3,2
"C5orf49",19,11,16,11
"C5orf51",1045,1021,825,766
"C5orf52",0,0,0,0
"C5orf56",2,1,11,3
"C5orf58",0,0,0,0
"C5orf60",2,0,0,3
"C5orf63",1,0,1,2
"C5orf64",0,1,0,0
"C5orf66",1078,1024,758,930
"C5orf66-AS1",3,0,2,2
"C5orf66-AS2",0,0,0,0
"C5orf67",0,0,3,0
"C6",0,0,0,0
"C6orf1",341,275,149,177
"C6orf10",3,1,3,5
"C6orf106",2478,2273,2816,3029
"C6orf118",0,0,0,0
"C6orf120",1705,1645,1233,1095
"C6orf132",23,17,5,3
"C6orf136",275,272,213,207
"C6orf141",7,6,16,24
"C6orf15",4,1,5,4
"C6orf163",22,33,39,56
"C6orf165",70,53,44,42
"C6orf201",152,162,190,209
"C6orf203",278,255,196,240
"C6orf222",4,2,5,5
"C6orf223",9,8,77,73
"C6orf226",34,44,35,46
"C6orf229",0,0,2,13
"C6orf25",147,178,146,148
"C6orf47",1021,952,945,1072
"C6orf48",1898,1695,1869,2117
"C6orf52",80,66,38,47
"C6orf58",0,3,0,2
"C6orf62",2518,2436,2632,2252
"C6orf7",79,80,8,10
"C6orf89",1340,1187,1369,1528
"C6orf99",7,6,4,4
"C7",1,0,0,0
"C7orf13",121,98,88,87
"C7orf25",416,390,239,269
"C7orf26",756,662,534,533
"C7orf31",339,295,341,393
"C7orf33",0,0,0,0
"C7orf34",0,0,0,0
"C7orf43",667,717,781,780
"C7orf49",1152,1021,763,819
"C7orf50",2807,2509,2531,2629
"C7orf55",252,237,186,234
"C7orf55-LUC7L2",3591,3408,2375,2597
"C7orf57",26,19,19,17
"C7orf60",211,199,288,188
"C7orf61",14,21,17,15
"C7orf62",0,0,0,0
"C7orf65",3,1,2,5
"C7orf66",0,0,0,0
"C7orf69",31,24,1,3
"C7orf71",0,0,0,0
"C7orf72",0,0,0,0
"C7orf73",1492,1368,1486,1283
"C7orf76",0,0,0,1
"C7orf77",1,0,0,0
"C8A",0,1,2,0
"C8B",0,0,0,0
"C8G",6,11,4,2
"C8orf22",0,0,0,0
"C8orf31",18,15,7,8
"C8orf33",3316,3128,1459,1733
"C8orf34",1,0,0,0
"C8orf34-AS1",0,0,0,0
"C8orf37",154,159,91,117
"C8orf37-AS1",2,0,1,0
"C8orf4",0,0,2,8
"C8orf44",64,83,71,108
"C8orf44-SGK3",166,160,328,357
"C8orf46",13,14,38,48
"C8orf48",8,6,6,6
"C8orf49",0,0,1,0
"C8orf58",608,537,415,376
"C8orf59",1641,1648,1174,1571
"C8orf74",0,0,0,0
"C8orf76",678,594,512,653
"C8orf82",502,531,384,361
"C8orf86",1,0,2,0
"C8orf87",0,0,0,0
"C8orf88",14,11,10,5
"C8orf89",0,3,0,1
"C9",0,0,0,0
"C9orf106",3,5,4,4
"C9orf114",2165,2109,1424,1734
"C9orf116",273,295,152,194
"C9orf117",91,91,53,43
"C9orf129",138,147,90,82
"C9orf131",1,1,6,1
"C9orf135",0,0,7,3
"C9orf135-AS1",0,0,0,0
"C9orf139",2,2,1,2
"C9orf142",614,597,331,391
"C9orf152",1,2,0,2
"C9orf153",2,4,4,2
"C9orf156",282,256,222,271
"C9orf16",1400,1300,1217,1300
"C9orf163",15,27,21,27
"C9orf170",0,0,0,0
"C9orf171",19,17,1,3
"C9orf172",58,67,72,81
"C9orf173",5,3,4,4
"C9orf173-AS1",6,4,9,5
"C9orf24",3,1,4,4
"C9orf3",161,132,422,376
"C9orf40",1046,918,506,462
"C9orf41",227,211,101,69
"C9orf41-AS1",14,18,8,2
"C9orf43",2,4,11,2
"C9orf47",1,1,4,1
"C9orf50",4,1,4,6
"C9orf57",0,0,0,0
"C9orf62",0,0,0,0
"C9orf64",0,2,0,0
"C9orf66",0,5,1,5
"C9orf69",1311,1124,1373,1409
"C9orf72",159,132,145,90
"C9orf78",2096,1848,1196,1298
"C9orf84",3,6,0,3
"C9orf85",244,289,243,291
"C9orf89",322,295,292,295
"C9orf9",175,138,93,88
"C9orf91",659,533,332,361
"C9orf92",1,0,1,0
"CA1",1,0,0,0
"CA10",0,0,0,0
"CA11",2894,2553,1962,2568
"CA12",339,341,1818,1578
"CA13",3,1,10,12
"CA14",1902,1703,679,931
"CA2",27,16,21,31
"CA3",1,0,1,0
"CA3-AS1",1,0,0,1
"CA4",7,6,3,2
"CA5A",0,1,0,0
"CA5B",90,70,65,83
"CA5BP1",176,187,126,175
"CA6",1,0,0,0
"CA7",7,1,0,0
"CA8",0,1,0,0
"CA9",1,1,1,2
"CAAP1",546,504,429,223
"CAB39",1487,1430,1573,1276
"CAB39L",1209,1141,489,520
"CABIN1",0,0,0,0
"CABLES1",6983,6187,3203,3808
"CABLES2",286,277,437,427
"CABP1",22,17,13,10
"CABP2",0,0,1,0
"CABP4",1,2,2,1
"CABP5",0,0,0,0
"CABP7",447,401,192,206
"CABS1",0,0,0,0
"CABYR",32,40,31,15
"CACFD1",301,252,428,470
"CACHD1",21,16,43,48
"CACNA1A",53,54,21,27
"CACNA1B",447,516,314,296
"CACNA1C",37,48,62,110
"CACNA1C-AS1",4,3,5,5
"CACNA1C-AS2",1,0,1,4
"CACNA1C-AS4",0,0,1,0
"CACNA1C-IT2",0,0,0,0
"CACNA1C-IT3",0,0,0,0
"CACNA1D",1,4,3,1
"CACNA1E",1,0,0,2
"CACNA1F",3,1,3,1
"CACNA1G",95,97,86,106
"CACNA1G-AS1",0,2,0,4
"CACNA1H",947,1077,638,675
"CACNA1I",14,30,19,11
"CACNA1S",2,0,2,5
"CACNA2D1",72,80,91,62
"CACNA2D2",174,199,233,283
"CACNA2D3",1,1,0,0
"CACNA2D3-AS1",0,0,0,0
"CACNA2D4",0,0,28,23
"CACNB1",527,594,424,448
"CACNB2",7,13,9,7
"CACNB3",255,261,323,397
"CACNB4",13,13,25,11
"CACNG1",0,0,0,0
"CACNG2",4,0,0,0
"CACNG3",0,0,0,0
"CACNG4",84,83,960,1312
"CACNG5",1,0,0,0
"CACNG6",4,5,3,3
"CACNG7",2132,1965,1161,1338
"CACNG8",877,1103,1014,1205
"CACTIN",1539,1544,1105,1211
"CACTIN-AS1",456,435,310,360
"CACUL1",1748,1666,1419,1488
"CACYBP",3033,2956,1472,1899
"CAD",3333,3553,2287,2442
"CADM1",1,1,28,19
"CADM2",0,2,0,0
"CADM2-AS2",0,0,0,0
"CADM3",0,0,0,0
"CADM3-AS1",0,0,0,0
"CADM4",2167,1909,2690,2588
"CADPS",2,0,0,1
"CADPS2",86,87,51,81
"CAGE1",10,5,16,18
"CAHM",30,33,28,19
"CALB1",3,0,8,0
"CALB2",10,8,7,6
"CALCA",0,0,0,0
"CALCB",0,0,1,0
"CALCOCO1",2305,2187,3819,3816
"CALCOCO2",1512,1269,3127,3794
"CALCR",1,0,0,0
"CALCRL",20,25,8,4
"CALD1",24,13,322,252
"CALHM1",2,2,4,4
"CALHM2",58,61,58,75
"CALHM3",1,0,39,17
"CALM1",4513,4171,6908,6201
"CALM2",11663,10826,15211,14326
"CALM3",6378,5812,7844,8283
"CALML3",0,0,4,0
"CALML3-AS1",0,1,2,0
"CALML4",346,401,298,343
"CALML5",0,1,0,0
"CALML6",37,42,50,36
"CALN1",0,0,0,0
"CALR",14732,13056,16766,16669
"CALR3",5,5,2,2
"CALU",4987,4681,7195,7346
"CALY",515,481,543,731
"CAMK1",37,28,28,25
"CAMK1D",10,13,41,48
"CAMK1G",710,628,626,702
"CAMK2A",246,260,202,215
"CAMK2B",30,22,73,83
"CAMK2D",2281,2221,1488,1267
"CAMK2G",579,606,502,491
"CAMK2N1",135,113,100,88
"CAMK2N2",256,252,211,198
"CAMK4",3,3,1,1
"CAMKK1",109,170,81,108
"CAMKK2",928,941,493,569
"CAMKMT",79,61,138,127
"CAMKV",109,96,43,50
"CAMLG",1123,894,822,724
"CAMP",0,0,0,0
"CAMSAP1",1716,1752,1311,1129
"CAMSAP2",931,928,856,606
"CAMSAP3",294,315,422,461
"CAMTA1",1148,1074,967,945
"CAMTA2",1550,1311,1173,1026
"CAND1",3176,3144,2477,2385
"CAND1.11",6,0,1,1
"CAND2",476,474,403,465
"CANT1",1613,1502,1718,1608
"CANX",12080,11849,10000,8551
"CAP1",11087,10295,8301,8881
"CAP2",476,387,588,380
"CAPG",63,42,214,142
"CAPN1",2591,2401,3167,2918
"CAPN10",604,614,559,564
"CAPN10-AS1",104,162,84,93
"CAPN11",6,6,27,12
"CAPN12",1006,994,1576,1682
"CAPN13",0,0,0,0
"CAPN14",0,4,2,1
"CAPN15",1918,2110,1270,1165
"CAPN2",5366,5149,5494,5915
"CAPN3",22,28,25,46
"CAPN5",273,248,374,337
"CAPN6",0,0,5,4
"CAPN7",678,685,566,478
"CAPN8",4,5,0,2
"CAPN9",0,0,0,1
"CAPNS1",6563,5938,6465,7108
"CAPNS2",0,0,0,0
"CAPRIN1",7584,7192,5214,5352
"CAPRIN2",595,758,623,669
"CAPS",75,77,89,103
"CAPS2",51,60,32,29
"CAPSL",0,0,0,0
"CAPZA1",4487,4307,4339,3855
"CAPZA2",1545,1399,1475,1016
"CAPZA3",0,0,0,0
"CAPZB",6302,5326,6561,7233
"CARD10",766,715,1167,1088
"CARD11",1,1,0,0
"CARD14",43,68,52,51
"CARD16",1,0,12,5
"CARD17",0,0,0,0
"CARD18",0,0,0,2
"CARD6",0,1,2,1
"CARD8",364,373,465,378
"CARD8-AS1",10,12,11,21
"CARD9",52,55,30,22
"CARF",64,64,72,50
"CARHSP1",963,860,1573,1628
"CARKD",1057,998,1023,1052
"CARM1",2462,2389,1833,1780
"CARNS1",17,24,16,7
"CARS",2498,2004,2094,1748
"CARS2",1788,1693,1269,1458
"CARTPT",0,1,4,6
"CASC1",9,9,19,14
"CASC10",1793,1648,1988,1706
"CASC11",10,5,7,2
"CASC15",1,1,0,0
"CASC16",0,0,0,1
"CASC17",0,0,0,0
"CASC18",11,12,84,58
"CASC19",0,0,0,0
"CASC2",28,30,22,22
"CASC20",0,0,0,0
"CASC21",0,1,3,3
"CASC23",0,0,0,0
"CASC3",2492,2269,1853,2007
"CASC4",783,712,895,667
"CASC5",296,317,240,261
"CASC6",0,0,0,0
"CASC8",1,0,5,3
"CASC9",0,0,0,0
"CASD1",392,406,358,190
"CASK",677,631,941,869
"CASKIN1",1207,1298,843,925
"CASKIN2",788,687,552,692
"CASP1",1,1,14,3
"CASP10",125,122,133,105
"CASP12",0,0,1,0
"CASP14",0,0,0,0
"CASP1P2",0,0,1,3
"CASP2",659,762,539,571
"CASP3",1517,1427,3073,3402
"CASP4",0,0,18,3
"CASP5",0,0,0,0
"CASP6",570,570,558,616
"CASP7",247,241,380,521
"CASP8",468,435,331,284
"CASP8AP2",674,751,354,488
"CASP9",316,267,323,343
"CASQ1",16,8,205,220
"CASQ2",0,0,0,0
"CASR",0,0,0,0
"CASS4",2,3,0,1
"CAST",1442,1240,2057,1831
"CASZ1",47,42,133,153
"CAT",503,432,415,340
"CATIP",12,13,21,22
"CATIP-AS1",2,5,3,4
"CATIP-AS2",0,0,4,1
"CATSPER1",0,0,3,6
"CATSPER2",48,57,98,86
"CATSPER2P1",21,29,36,19
"CATSPER3",12,7,8,13
"CATSPER4",0,0,0,1
"CATSPERB",0,0,0,0
"CATSPERD",1,2,1,4
"CATSPERG",157,162,357,480
"CAV1",0,0,0,0
"CAV2",0,1,0,0
"CAV3",0,0,2,0
"CBFA2T2",715,793,1004,1124
"CBFA2T3",233,214,144,141
"CBFB",1690,1469,1411,882
"CBL",1602,1644,1357,1283
"CBLB",103,110,428,437
"CBLC",23,21,3,3
"CBLL1",900,863,628,565
"CBLN1",4,5,11,4
"CBLN2",31,23,2,3
"CBLN3",53,52,83,100
"CBLN4",0,0,0,0
"CBR1",1,2,1,0
"CBR3",589,559,121,116
"CBR3-AS1",240,229,195,104
"CBR4",638,595,438,464
"CBS",2102,1728,1987,1861
"CBWD1",2390,2286,1698,2091
"CBWD2",826,886,691,786
"CBWD3",1284,1347,942,1184
"CBWD5",4451,4229,3022,3632
"CBWD6",2209,2172,1552,1974
"CBX1",3620,3643,2455,3029
"CBX2",1318,1353,904,1135
"CBX3",6323,6121,4584,4466
"CBX3P2",13,21,9,5
"CBX4",794,645,543,492
"CBX5",6650,6652,5185,6414
"CBX6",3013,3133,2069,2236
"CBX7",298,251,273,279
"CBX8",302,289,267,299
"CBY1",780,713,517,634
"CBY3",0,3,0,2
"CC2D1A",542,521,577,633
"CC2D1B",1473,1524,1239,1383
"CC2D2A",251,273,169,236
"CC2D2B",1,0,5,6
"CCAR1",3224,3220,2227,2738
"CCAR2",4571,4457,2712,3071
"CCAT1",2,1,8,1
"CCAT2",0,0,0,0
"CCBE1",2,1,2,2
"CCBL1",314,327,259,276
"CCBL2",1258,1137,778,853
"CCDC101",246,212,174,227
"CCDC102A",401,362,448,476
"CCDC102B",4,7,1,3
"CCDC103",83,85,81,74
"CCDC105",0,0,0,0
"CCDC106",1188,1214,802,957
"CCDC107",276,242,275,331
"CCDC108",17,32,27,21
"CCDC109B",296,273,409,450
"CCDC110",36,43,75,72
"CCDC112",117,106,158,199
"CCDC113",558,518,289,335
"CCDC114",72,78,47,41
"CCDC115",507,520,240,309
"CCDC116",4,2,8,3
"CCDC117",1772,1634,1057,1023
"CCDC12",1171,1154,800,1091
"CCDC120",106,104,520,546
"CCDC121",70,70,26,35
"CCDC122",0,0,3,0
"CCDC124",2188,2178,1473,1443
"CCDC125",10,4,5,5
"CCDC126",61,67,65,33
"CCDC127",589,507,524,587
"CCDC129",0,0,0,0
"CCDC13",53,43,22,23
"CCDC13-AS1",0,0,0,0
"CCDC130",584,661,583,465
"CCDC132",206,207,229,262
"CCDC134",95,74,106,82
"CCDC136",222,223,343,261
"CCDC137",1881,1879,1111,1444
"CCDC138",245,247,140,131
"CCDC14",714,1008,895,780
"CCDC140",0,0,0,0
"CCDC141",2,0,6,5
"CCDC142",406,465,268,292
"CCDC144A",2,1,3,0
"CCDC144B",2,2,3,0
"CCDC144CP",1,0,2,2
"CCDC144NL",0,1,0,0
"CCDC144NL-AS1",79,72,32,26
"CCDC146",26,25,39,66
"CCDC148",37,43,110,101
"CCDC148-AS1",2,1,2,0
"CCDC149",22,21,49,46
"CCDC15",79,62,70,35
"CCDC150",170,244,125,152
"CCDC151",236,207,121,216
"CCDC152",14,10,29,36
"CCDC153",32,24,71,81
"CCDC154",24,29,31,29
"CCDC155",3,2,5,1
"CCDC157",269,225,156,159
"CCDC158",1,0,1,1
"CCDC159",22,15,25,17
"CCDC160",479,451,169,215
"CCDC162P",2,4,2,2
"CCDC163P",50,47,47,39
"CCDC166",2,1,1,1
"CCDC167",194,175,201,308
"CCDC168",9,16,3,9
"CCDC169",0,0,3,4
"CCDC169-SOHLH2",1,1,5,12
"CCDC17",55,55,47,53
"CCDC170",3,1,5,9
"CCDC171",57,82,44,32
"CCDC172",0,0,0,0
"CCDC173",42,46,24,29
"CCDC174",499,488,355,386
"CCDC175",22,13,14,3
"CCDC176",100,86,104,86
"CCDC177",8,4,2,3
"CCDC178",0,2,1,0
"CCDC179",0,0,0,0
"CCDC18",268,342,291,334
"CCDC180",114,94,132,125
"CCDC181",4,3,9,3
"CCDC182",0,0,0,0
"CCDC183",49,50,34,42
"CCDC183-AS1",65,50,56,35
"CCDC184",315,228,259,310
"CCDC185",0,0,0,0
"CCDC186",196,169,206,121
"CCDC22",283,254,208,237
"CCDC23",292,250,278,343
"CCDC24",119,115,178,190
"CCDC25",1545,1582,1407,1553
"CCDC26",75,66,71,44
"CCDC27",2,1,1,2
"CCDC28A",260,246,235,230
"CCDC28B",225,246,257,266
"CCDC3",6,8,7,5
"CCDC30",13,11,10,8
"CCDC33",2,3,4,2
"CCDC34",881,859,612,863
"CCDC36",0,0,1,2
"CCDC37",7,5,4,0
"CCDC37-AS1",0,0,0,0
"CCDC38",1,2,1,2
"CCDC39",26,33,27,9
"CCDC40",154,172,118,156
"CCDC42",0,0,2,1
"CCDC42B",1062,1042,727,762
"CCDC43",2387,2445,1016,1293
"CCDC47",3170,2815,1944,1862
"CCDC50",420,337,1329,1116
"CCDC51",719,639,738,818
"CCDC53",374,259,413,517
"CCDC54",0,0,0,0
"CCDC57",407,506,449,424
"CCDC58",946,908,474,882
"CCDC59",2003,1748,747,956
"CCDC6",3820,3367,1890,2018
"CCDC60",0,0,0,0
"CCDC61",169,168,103,101
"CCDC62",31,36,24,21
"CCDC63",0,0,1,1
"CCDC64",420,458,740,688
"CCDC64B",16,6,6,7
"CCDC65",23,30,18,21
"CCDC66",418,461,326,438
"CCDC67",0,0,0,0
"CCDC68",0,0,1,0
"CCDC69",149,123,374,391
"CCDC7",61,77,47,56
"CCDC70",3,3,3,0
"CCDC71",1375,1222,967,1033
"CCDC71L",6274,5551,2418,2248
"CCDC73",1900,1804,1062,1197
"CCDC74A",793,881,774,851
"CCDC74B",948,982,933,1018
"CCDC77",565,590,333,425
"CCDC78",348,410,166,209
"CCDC79",1,0,2,1
"CCDC8",3023,2816,1786,2298
"CCDC80",25,17,219,143
"CCDC81",127,127,906,938
"CCDC82",320,322,258,270
"CCDC83",1,1,0,0
"CCDC84",553,622,641,768
"CCDC85A",14,10,8,9
"CCDC85B",3688,3402,1999,2176
"CCDC85C",1609,1543,1707,1617
"CCDC86",4321,3875,1289,1503
"CCDC87",52,59,30,25
"CCDC88A",1436,1403,1221,1291
"CCDC88B",256,280,363,318
"CCDC88C",343,344,393,376
"CCDC89",88,83,77,72
"CCDC9",834,741,528,673
"CCDC90B",2378,2006,1725,1735
"CCDC91",448,376,300,242
"CCDC92",931,812,1283,1230
"CCDC93",834,937,1069,1103
"CCDC94",588,553,427,499
"CCDC96",81,63,126,154
"CCDC97",1035,970,758,901
"CCER1",0,0,0,0
"CCER2",8,12,12,16
"CCHCR1",937,947,1167,1156
"CCHE1",0,0,0,0
"CCIN",0,0,2,0
"CCK",1,1,1,1
"CCKAR",0,0,1,0
"CCKBR",6,3,32,23
"CCL1",0,1,0,0
"CCL11",0,0,0,0
"CCL13",0,0,0,0
"CCL14",0,0,0,0
"CCL15",0,0,8,5
"CCL15-CCL14",0,0,8,5
"CCL16",0,0,0,0
"CCL17",1,1,0,0
"CCL18",0,0,4,0
"CCL19",0,0,0,0
"CCL2",1,1,21,22
"CCL20",3,0,9,8
"CCL21",0,0,1,0
"CCL22",12,5,0,3
"CCL23",0,0,0,0
"CCL24",0,1,0,0
"CCL25",4,10,4,1
"CCL26",11,7,28,22
"CCL27",3,6,5,1
"CCL28",1,1,13,9
"CCL3",0,0,5,2
"CCL3L1",2,0,6,0
"CCL3L3",2,0,6,0
"CCL4",1,0,2,2
"CCL4L1",0,0,2,0
"CCL4L2",0,0,2,0
"CCL5",13,13,23,8
"CCL7",0,0,0,0
"CCL8",0,0,0,0
"CCM2",583,506,669,669
"CCM2L",306,226,321,392
"CCNA1",330,323,87,55
"CCNA2",3072,3023,1965,1938
"CCNB1",4927,4608,3368,3678
"CCNB1IP1",2065,1723,1223,1506
"CCNB2",1268,1101,1149,1321
"CCNB3",17,18,8,10
"CCNC",1582,1498,1436,1278
"CCND1",4617,4458,6515,5117
"CCND2",8529,7730,10486,10833
"CCND2-AS1",320,273,397,138
"CCND3",1214,1057,756,740
"CCNDBP1",339,304,610,586
"CCNE1",1223,1217,520,563
"CCNE2",174,166,131,119
"CCNF",1137,1171,1084,1155
"CCNG1",4615,4466,4150,3596
"CCNG2",239,243,305,300
"CCNH",1070,866,675,755
"CCNI",2508,2005,2639,2681
"CCNI2",5,1,5,4
"CCNJ",573,579,344,417
"CCNJL",65,63,225,166
"CCNK",2395,2276,1661,1726
"CCNL1",2230,2532,1919,2289
"CCNL2",4103,5377,5176,5222
"CCNO",282,328,195,163
"CCNT1",1925,1936,991,914
"CCNT2",813,885,745,575
"CCNT2-AS1",14,12,11,25
"CCNY",1773,1607,1552,1453
"CCNYL1",882,792,1737,1524
"CCNYL2",13,12,14,12
"CCP110",903,969,610,404
"CCPG1",806,731,1264,1025
"CCR1",2522,2182,985,1047
"CCR10",141,148,115,76
"CCR2",0,2,1,0
"CCR3",42,33,6,11
"CCR4",19,17,3,1
"CCR5",23,25,10,5
"CCR6",6,5,3,2
"CCR7",3,2,5,1
"CCR8",0,1,0,0
"CCR9",2,2,0,0
"CCRL2",195,154,43,43
"CCRN4L",391,343,190,192
"CCS",1805,1897,1342,1659
"CCSAP",335,336,318,286
"CCSER1",50,37,40,39
"CCSER2",624,531,688,495
"CCT2",6335,6262,3409,4017
"CCT3",23009,20929,14687,17666
"CCT4",12208,10566,6908,8053
"CCT5",11699,10628,6881,8833
"CCT6A",8903,8325,5268,5531
"CCT6B",81,61,110,130
"CCT6P1",251,265,206,205
"CCT6P3",420,450,344,304
"CCT7",13888,12516,7842,8230
"CCT8",18457,16402,8347,9998
"CCT8L2",0,0,0,1
"CCZ1",1880,1716,1472,1758
"CCZ1B",3330,2934,2516,3080
"CD101",29,22,23,26
"CD109",27,26,37,14
"CD14",7,6,6,5
"CD151",1726,1562,2957,3052
"CD160",9,11,18,15
"CD163",0,0,0,1
"CD163L1",0,0,4,0
"CD164",5492,5106,6313,3464
"CD164L2",3,4,1,1
"CD177",7770,6558,5223,3908
"CD180",0,0,0,0
"CD19",1,2,0,0
"CD1A",0,0,0,0
"CD1B",0,1,0,0
"CD1C",0,0,0,0
"CD1D",2,2,2,5
"CD1E",0,0,0,0
"CD2",1,1,0,0
"CD200",0,0,0,0
"CD200R1",4,0,3,1
"CD200R1L",0,0,1,0
"CD207",5,9,16,9
"CD209",5,1,11,6
"CD22",8,1,23,16
"CD226",2,4,2,2
"CD24",14,13,93,68
"CD244",0,0,0,0
"CD247",137,114,33,47
"CD248",23,15,15,18
"CD27",6,3,1,3
"CD27-AS1",23,25,6,12
"CD274",2,1,21,8
"CD276",1943,1962,3484,3837
"CD28",0,0,0,0
"CD2AP",384,356,477,245
"CD2BP2",3293,3129,2370,2883
"CD300A",0,0,0,0
"CD300C",8,3,13,4
"CD300E",0,3,0,0
"CD300LB",0,0,0,0
"CD300LD",0,0,0,0
"CD300LF",1,0,0,0
"CD300LG",2,0,6,5
"CD302",29,33,35,25
"CD320",1960,1856,1394,1415
"CD33",10,5,22,9
"CD34",0,0,2,1
"CD36",1,2,2,3
"CD37",22,20,11,18
"CD38",0,0,0,1
"CD3D",0,0,1,0
"CD3E",1,0,0,0
"CD3EAP",1976,1933,706,704
"CD3G",0,0,0,0
"CD4",33,24,22,39
"CD40",2,0,4,2
"CD40LG",0,0,0,0
"CD44",1,1,40,8
"CD46",1084,1051,3184,2317
"CD47",3,1,21,12
"CD48",0,0,0,0
"CD5",5,3,17,23
"CD52",392,366,517,568
"CD53",0,0,2,2
"CD55",288,202,341,262
"CD58",66,42,113,127
"CD59",2488,2199,3294,3421
"CD5L",0,0,0,0
"CD6",0,1,1,1
"CD63",11360,9265,10381,11931
"CD68",7368,6284,2570,1936
"CD69",0,0,0,0
"CD7",22,18,13,24
"CD70",4087,3449,4883,4206
"CD72",46,43,41,51
"CD74",1839,1464,3798,4012
"CD79A",16,19,28,34
"CD79B",3,2,8,6
"CD80",3,1,6,1
"CD81",2584,2348,2892,2745
"CD81-AS1",58,57,70,51
"CD82",191,127,227,122
"CD83",30,22,11,13
"CD84",0,0,1,1
"CD86",1,1,7,5
"CD8A",95,64,83,102
"CD8B",0,0,0,0
"CD9",1267,969,1444,1209
"CD93",0,0,0,0
"CD96",0,1,1,0
"CD99",1236,1010,2121,2145
"CD99L2",883,829,1176,1395
"CD99P1",62,63,45,72
"CDA",5,3,11,3
"CDADC1",105,94,116,111
"CDAN1",692,702,560,677
"CDC123",2675,2298,1426,1831
"CDC14A",114,96,188,163
"CDC14B",500,471,490,482
"CDC14C",22,26,16,9
"CDC16",1895,1853,1381,1685
"CDC20",4607,4563,2592,2800
"CDC20B",0,0,3,0
"CDC23",1903,1818,1212,1427
"CDC25A",1596,1594,763,949
"CDC25B",569,573,542,561
"CDC25C",750,637,621,699
"CDC26",957,814,624,885
"CDC27",2252,2211,2251,1946
"CDC34",3945,3555,2619,2593
"CDC37",13356,14181,8693,8989
"CDC37L1",409,370,366,359
"CDC37L1-AS1",8,14,5,18
"CDC40",658,640,417,511
"CDC42",6805,6027,7290,7293
"CDC42BPA",929,915,917,830
"CDC42BPB",4085,4007,3392,3159
"CDC42BPG",196,178,429,381
"CDC42EP1",2045,1538,1864,1909
"CDC42EP2",411,360,441,385
"CDC42EP3",2,4,184,110
"CDC42EP4",2801,2570,2009,2129
"CDC42EP5",971,847,536,541
"CDC42P3",18,7,21,14
"CDC42SE1",2041,1932,1777,1767
"CDC42SE2",903,898,869,732
"CDC45",473,477,275,280
"CDC5L",1356,1409,954,1146
"CDC6",1894,1763,898,1086
"CDC7",1213,1217,571,696
"CDC73",1105,1029,683,542
"CDCA2",705,629,646,710
"CDCA3",659,649,705,752
"CDCA4",1638,1465,1003,908
"CDCA5",2820,2683,1443,1526
"CDCA7",1953,1890,781,590
"CDCA7L",1431,1496,1195,1211
"CDCA8",1784,1707,1489,1512
"CDCP1",0,2,6,6
"CDCP2",1,0,1,1
"CDH1",68,52,682,944
"CDH10",3,5,4,7
"CDH11",0,1,0,0
"CDH12",3,6,11,2
"CDH13",473,415,1212,838
"CDH15",12,16,6,3
"CDH16",1,3,3,1
"CDH17",1,0,3,2
"CDH18",0,0,0,0
"CDH19",0,0,0,0
"CDH2",2,1,10,5
"CDH20",1,0,0,0
"CDH22",1,0,0,0
"CDH23",104,107,241,283
"CDH24",656,799,1756,1758
"CDH26",7,7,4,5
"CDH3",10,18,11,18
"CDH4",210,191,201,188
"CDH5",1,5,10,14
"CDH6",2,1,5,3
"CDH7",0,0,4,1
"CDH8",1,0,0,0
"CDH9",0,0,0,0
"CDHR1",18,16,18,29
"CDHR2",6,8,10,7
"CDHR3",21,26,28,53
"CDHR4",0,1,24,22
"CDHR5",0,3,4,12
"CDIP1",5165,4659,3909,3747
"CDIPT",2221,1976,2059,1881
"CDIPT-AS1",3,2,1,1
"CDK1",3617,3437,1844,1426
"CDK10",790,991,751,851
"CDK11A",2690,2964,2031,2462
"CDK11B",3779,3997,2732,3226
"CDK12",2305,2368,1353,1152
"CDK13",1114,1112,1103,1075
"CDK14",4,0,1,6
"CDK15",4,3,3,1
"CDK16",1812,1787,2347,2756
"CDK17",358,327,319,204
"CDK18",269,310,2090,2253
"CDK19",448,411,564,421
"CDK2",917,857,1395,1449
"CDK20",385,353,215,249
"CDK2AP1",3779,3337,2502,2090
"CDK2AP2",1183,1053,1101,1063
"CDK3",61,67,61,69
"CDK4",12346,10435,6508,7684
"CDK5",593,521,553,624
"CDK5R1",144,148,71,63
"CDK5R2",390,367,225,225
"CDK5RAP1",1761,1706,1110,1283
"CDK5RAP2",1991,1957,1423,1738
"CDK5RAP3",2730,3375,2113,2230
"CDK6",444,447,1142,939
"CDK7",512,500,595,584
"CDK8",319,264,193,235
"CDK9",1851,1662,1544,1653
"CDKAL1",361,371,322,327
"CDKL1",36,45,38,35
"CDKL2",4,3,3,0
"CDKL3",85,81,52,68
"CDKL4",2,2,4,1
"CDKL5",1,3,4,1
"CDKN1A",8819,8017,11187,9676
"CDKN1B",1362,1254,1094,766
"CDKN1C",94,88,169,179
"CDKN2A",239,207,901,877
"CDKN2A-AS1",1,0,3,2
"CDKN2AIP",503,434,404,308
"CDKN2AIPNL",876,682,571,689
"CDKN2B",32,14,497,367
"CDKN2B-AS1",2,2,11,6
"CDKN2C",97,96,140,164
"CDKN2D",165,154,192,231
"CDKN3",732,644,478,566
"CDNF",25,23,19,18
"CDO1",2,3,0,0
"CDON",73,110,539,543
"CDPF1",375,313,189,209
"CDR1",0,0,0,0
"CDR2",650,617,720,792
"CDR2L",1451,1335,995,1126
"CDRT1",50,55,23,43
"CDRT15",2,1,10,11
"CDRT15L2",0,0,0,0
"CDRT15P1",5,2,8,8
"CDRT15P2",0,0,0,0
"CDRT4",268,300,629,789
"CDRT7",0,0,0,0
"CDRT8",0,0,0,0
"CDS1",10,13,106,71
"CDS2",902,818,1022,1196
"CDSN",4,6,57,44
"CDT1",1500,1360,971,955
"CDV3",12094,10574,13541,17307
"CDX1",1,0,2,1
"CDX2",148,114,98,125
"CDX4",0,0,0,0
"CDY1",0,0,0,0
"CDY1B",0,0,0,0
"CDY2A",0,0,0,0
"CDY2B",0,0,0,0
"CDYL",833,796,774,650
"CDYL2",4,5,27,19
"CEACAM1",242,246,248,183
"CEACAM16",3,0,2,0
"CEACAM18",0,0,0,0
"CEACAM19",121,161,217,240
"CEACAM20",0,4,0,0
"CEACAM21",22,29,17,8
"CEACAM22P",4,2,2,2
"CEACAM3",0,0,0,0
"CEACAM4",0,0,0,1
"CEACAM5",0,0,0,1
"CEACAM6",0,1,1,0
"CEACAM7",1,0,0,0
"CEACAM8",17,10,3,3
"CEBPA",809,635,268,287
"CEBPA-AS1",178,187,89,85
"CEBPB",1151,750,805,545
"CEBPB-AS1",427,291,287,172
"CEBPD",132,106,100,96
"CEBPE",2,0,3,2
"CEBPG",1613,1298,1272,1181
"CEBPZ",3242,3158,1605,2147
"CEBPZOS",1327,1182,1031,915
"CECR1",6,7,12,2
"CECR2",225,274,564,528
"CECR3",0,0,0,0
"CECR5",2301,2067,1345,1445
"CECR5-AS1",15,14,5,8
"CECR6",139,136,145,152
"CECR7",267,241,215,193
"CEL",185,209,583,434
"CELA1",0,0,0,0
"CELA2A",0,1,0,0
"CELA2B",0,0,1,0
"CELA3A",0,0,0,0
"CELA3B",1,1,0,0
"CELF1",3896,4002,3406,2777
"CELF2",35,33,26,20
"CELF2-AS1",0,0,0,0
"CELF2-AS2",0,0,0,0
"CELF3",8,11,8,10
"CELF4",2,4,1,3
"CELF5",210,263,113,107
"CELF6",122,201,72,111
"CELP",55,63,149,141
"CELSR1",923,975,810,788
"CELSR2",610,608,608,581
"CELSR3",581,594,595,626
"CELSR3-AS1",1,2,1,6
"CEMIP",6,9,7,5
"CEMP1",534,606,363,453
"CEND1",199,174,133,129
"CENPA",480,460,427,424
"CENPB",2013,1803,1177,1356
"CENPBD1",305,243,215,217
"CENPBD1P1",923,892,739,757
"CENPC",355,394,312,388
"CENPE",1221,1266,1258,1499
"CENPF",4154,4356,4141,4799
"CENPH",570,631,382,347
"CENPI",98,115,128,95
"CENPJ",511,655,364,529
"CENPK",334,406,271,260
"CENPL",270,239,184,169
"CENPM",868,848,621,596
"CENPN",979,918,790,861
"CENPO",2059,2116,1473,1670
"CENPP",349,342,226,207
"CENPQ",123,143,94,82
"CENPT",1346,1524,2264,2543
"CENPU",1110,1210,1009,1071
"CENPV",2389,2149,615,652
"CENPVP1",1,2,0,0
"CENPVP2",1,2,0,0
"CENPW",629,605,668,724
"CEP104",1132,1016,777,723
"CEP112",394,435,288,377
"CEP120",645,626,560,485
"CEP126",66,102,100,78
"CEP128",230,226,146,116
"CEP131",1032,1116,786,872
"CEP135",253,237,173,114
"CEP152",431,458,280,274
"CEP162",178,220,186,243
"CEP164",1394,1537,1177,1410
"CEP170",1604,1722,1063,771
"CEP170B",1766,1981,2288,2037
"CEP170P1",112,113,87,100
"CEP19",393,303,269,261
"CEP192",583,623,403,403
"CEP250",1074,1145,814,803
"CEP290",1006,1136,721,895
"CEP295",674,784,492,574
"CEP295NL",4,3,3,1
"CEP350",1055,1110,1127,927
"CEP41",90,99,10,6
"CEP44",331,262,348,313
"CEP55",1390,1260,1068,1002
"CEP57",988,958,724,682
"CEP57L1",307,324,227,190
"CEP63",508,489,478,571
"CEP68",811,709,723,822
"CEP70",559,489,650,763
"CEP72",402,422,272,234
"CEP76",376,370,254,261
"CEP78",1082,1066,887,1011
"CEP83",656,710,353,447
"CEP83-AS1",38,42,18,18
"CEP85",795,790,583,601
"CEP85L",112,118,54,23
"CEP89",506,497,456,529
"CEP95",697,746,487,642
"CEP97",298,337,234,185
"CEPT1",523,503,439,482
"CER1",0,0,0,0
"CERCAM",287,277,713,684
"CERK",2514,2295,2361,2972
"CERKL",14,7,2,3
"CERS1",1393,1333,955,1048
"CERS2",3072,2649,2408,2671
"CERS3",2,2,0,0
"CERS3-AS1",0,0,0,0
"CERS4",1284,1148,762,828
"CERS5",1773,1616,1559,1650
"CERS6",1148,1124,943,1141
"CERS6-AS1",721,674,555,868
"CES1",0,0,0,0
"CES1P1",0,0,0,0
"CES1P2",0,0,0,1
"CES2",1573,1438,1395,1445
"CES3",177,178,250,311
"CES4A",1,2,3,4
"CES5A",0,0,0,0
"CES5AP1",5,13,21,13
"CETN1",0,0,0,0
"CETN2",1758,1576,1550,2296
"CETN3",687,704,474,656
"CETN4P",13,15,7,8
"CETP",0,0,1,0
"CFAP126",23,27,25,28
"CFAP20",1128,952,617,734
"CFAP221",46,50,42,53
"CFAP36",669,641,590,805
"CFAP43",45,47,44,59
"CFAP44",145,216,205,254
"CFAP44-AS1",0,1,0,0
"CFAP45",2,8,20,18
"CFAP46",135,149,118,118
"CFAP47",5,3,2,1
"CFAP52",13,10,12,9
"CFAP53",45,62,41,49
"CFAP54",18,14,20,11
"CFAP57",66,85,65,40
"CFAP58",26,29,14,15
"CFAP58-AS1",0,0,0,0
"CFAP61",4,13,2,4
"CFAP69",37,39,45,46
"CFAP70",104,160,169,178
"CFAP74",7,4,6,3
"CFAP97",1453,1369,733,520
"CFAP99",2,5,5,4
"CFB",262,229,103,110
"CFC1",0,0,0,0
"CFC1B",0,0,0,0
"CFD",6,4,2,4
"CFDP1",1307,1181,1005,1567
"CFH",0,0,0,0
"CFHR1",0,0,0,1
"CFHR2",0,0,0,0
"CFHR3",0,0,0,1
"CFHR4",0,0,0,0
"CFHR5",1,0,0,0
"CFI",2,2,10,5
"CFL1",29022,25500,22827,23671
"CFL1P1",4,6,10,5
"CFL2",1131,1067,1610,1503
"CFLAR",1337,1235,1085,1362
"CFLAR-AS1",12,9,4,6
"CFP",20,9,5,11
"CFTR",2,0,4,1
"CGA",12,5,63,56
"CGB",98,73,71,90
"CGB1",85,63,66,84
"CGB2",51,44,52,52
"CGB5",47,33,48,45
"CGB7",166,175,194,230
"CGB8",96,72,87,93
"CGGBP1",1509,1332,1418,1326
"CGN",427,449,903,1046
"CGNL1",8695,8832,5736,7012
"CGREF1",77,60,58,56
"CGRRF1",274,209,259,238
"CH17-340M24.3",26,27,28,60
"CH17-360D5.1",0,0,0,0
"CH17-408M7.1",0,1,1,2
"CH25H",1,1,0,0
"CHAC1",787,412,789,378
"CHAC2",146,113,96,95
"CHAD",5,6,33,19
"CHADL",85,95,52,54
"CHAF1A",1763,1744,1013,1185
"CHAF1B",811,777,473,573
"CHAMP1",1819,1651,957,991
"CHAT",0,0,1,0
"CHCHD1",803,735,790,896
"CHCHD10",0,0,0,0
"CHCHD2",9998,8468,5920,6267
"CHCHD3",2789,2443,1837,2089
"CHCHD4",813,660,355,337
"CHCHD5",248,231,207,235
"CHCHD6",331,318,232,235
"CHCHD7",124,111,171,232
"CHD1",1566,1758,1064,937
"CHD1L",1447,1424,1119,1382
"CHD2",2763,2867,2628,2746
"CHD3",1072,1101,1025,1226
"CHD4",12566,12264,10853,12818
"CHD5",3370,3778,1828,2431
"CHD6",837,914,921,807
"CHD7",69,67,72,44
"CHD8",3401,3474,2569,2915
"CHD9",880,979,713,452
"CHDH",191,210,151,210
"CHEK1",1044,1003,619,743
"CHEK2",1099,1086,460,641
"CHEK2P2",3,8,2,6
"CHERP",4533,4423,2246,2475
"CHFR",786,698,757,744
"CHGA",80,56,40,19
"CHGB",122,117,126,164
"CHI3L1",83,78,496,755
"CHI3L2",5,4,17,10
"CHIA",0,1,0,1
"CHIAP2",0,0,0,0
"CHIC1",171,225,209,173
"CHIC2",236,200,347,417
"CHID1",1228,1075,1311,1281
"CHIT1",0,0,2,1
"CHKA",2462,2427,2572,3275
"CHKB",753,823,719,761
"CHKB-AS1",41,57,35,23
"CHKB-CPT1B",1121,1220,1049,1209
"CHL1",22,20,34,19
"CHL1-AS1",0,0,2,0
"CHM",575,584,411,309
"CHML",359,391,324,281
"CHMP1A",3947,3612,2535,2392
"CHMP1B",3204,2773,1506,1378
"CHMP1B2P",0,0,0,0
"CHMP2A",1386,1156,1740,2023
"CHMP2B",1572,1397,1076,860
"CHMP3",2334,2065,2210,2343
"CHMP4A",1432,1288,874,1158
"CHMP4B",2480,2246,2705,2905
"CHMP4C",0,0,0,0
"CHMP5",1119,1049,682,524
"CHMP6",606,534,492,505
"CHMP7",1374,1389,910,1181
"CHN1",45,45,38,59
"CHN2",1,1,1,1
"CHODL",18,11,27,33
"CHODL-AS1",0,0,1,1
"CHORDC1",2032,2081,822,943
"CHP1",1774,1608,2029,2346
"CHP2",0,0,0,0
"CHPF",3181,2877,5281,5030
"CHPF2",1410,1324,2482,2230
"CHPT1",561,475,440,341
"CHRAC1",836,794,754,806
"CHRD",66,48,161,122
"CHRDL1",0,0,0,0
"CHRDL2",8,4,1,5
"CHRFAM7A",32,19,39,14
"CHRM1",1,0,0,1
"CHRM2",0,0,1,0
"CHRM3",1,0,0,0
"CHRM3-AS1",0,0,0,0
"CHRM3-AS2",0,0,0,0
"CHRM4",20,12,21,22
"CHRM5",7,4,4,4
"CHRNA1",3,0,0,0
"CHRNA10",46,48,64,69
"CHRNA2",2,2,1,1
"CHRNA3",116,118,116,94
"CHRNA4",191,178,24,27
"CHRNA5",284,276,196,162
"CHRNA6",0,0,0,0
"CHRNA7",35,25,44,15
"CHRNA9",6,2,6,2
"CHRNB1",188,178,120,153
"CHRNB2",8,5,3,2
"CHRNB3",0,0,0,0
"CHRNB4",0,0,1,0
"CHRND",1,1,1,5
"CHRNE",219,227,242,223
"CHRNG",12,10,4,2
"CHST1",0,0,9,3
"CHST10",684,724,398,497
"CHST11",542,487,1085,869
"CHST12",563,527,489,474
"CHST13",3,0,7,3
"CHST14",595,491,784,741
"CHST15",2,5,9,5
"CHST2",259,179,653,495
"CHST3",1635,1655,1737,2053
"CHST4",0,2,2,1
"CHST5",28,25,20,27
"CHST6",6,9,14,13
"CHST7",53,41,87,79
"CHST8",2,2,0,4
"CHST9",0,0,0,0
"CHSY1",786,757,1005,761
"CHSY3",0,1,1,0
"CHTF18",916,1207,822,905
"CHTF8",3625,3362,2776,3247
"CHTOP",2448,2234,1871,2242
"CHUK",693,672,514,462
"CHURC1",1427,1255,1004,1086
"CHURC1-FNTB",605,520,484,618
"CIAO1",1884,1749,1381,1376
"CIAPIN1",3925,3438,2250,2441
"CIART",308,303,86,93
"CIB1",2430,2110,1364,1420
"CIB2",686,676,694,760
"CIB3",0,1,3,4
"CIB4",0,0,0,0
"CIC",1941,1959,1833,1849
"CIDEA",6,7,1,0
"CIDEB",423,460,351,337
"CIDEC",3,1,4,3
"CIDECP",171,151,96,137
"CIITA",1,0,0,0
"CILP",2,4,74,39
"CILP2",50,60,32,31
"CINP",826,767,614,630
"CIPC",1012,986,657,745
"CIR1",706,700,704,924
"CIRBP",3875,3551,4676,4732
"CIRBP-AS1",104,123,39,54
"CIRH1A",2228,2015,1029,1104
"CISD1",790,750,481,394
"CISD2",1063,851,786,813
"CISD3",1804,1607,1254,1364
"CISH",103,124,61,80
"CISTR",7,9,9,2
"CIT",1031,1072,1253,1251
"CITED1",29,38,7,17
"CITED2",11392,9710,6024,4698
"CITED4",175,166,174,114
"CIZ1",3147,2781,2213,2438
"CKAP2",2468,2450,2358,2097
"CKAP2L",592,530,612,621
"CKAP4",4602,4102,5576,5654
"CKAP5",7434,7354,6237,7259
"CKB",9735,9017,7052,7537
"CKLF",693,600,364,354
"CKLF-CMTM1",390,340,203,224
"CKM",24,20,11,15
"CKMT1A",1968,1766,605,643
"CKMT1B",2139,1926,663,708
"CKMT2",7,3,2,0
"CKMT2-AS1",148,151,137,170
"CKS1B",2821,2460,1612,1681
"CKS2",4242,4031,2844,2765
"CLASP1",1733,1584,1442,1404
"CLASP2",1230,1174,866,693
"CLASRP",502,554,366,408
"CLC",4,2,1,6
"CLCA1",0,0,0,0
"CLCA2",0,0,8,4
"CLCA3P",0,1,0,2
"CLCA4",1,0,0,0
"CLCC1",827,788,817,888
"CLCF1",256,256,194,201
"CLCN1",0,1,0,0
"CLCN2",411,446,275,275
"CLCN3",851,836,949,692
"CLCN4",2,2,13,5
"CLCN5",514,614,431,486
"CLCN6",462,555,529,587
"CLCN7",4521,4890,3023,2983
"CLCNKA",6,9,10,8
"CLCNKB",1,4,4,5
"CLDN1",66,65,65,41
"CLDN10",52,56,44,61
"CLDN10-AS1",0,0,0,0
"CLDN11",3,6,3,4
"CLDN12",1102,1073,735,591
"CLDN14",9,6,0,4
"CLDN15",372,469,310,364
"CLDN16",1,2,1,0
"CLDN17",0,0,0,0
"CLDN18",3,10,12,9
"CLDN19",4,3,8,1
"CLDN2",3,1,2,2
"CLDN20",1,5,6,5
"CLDN22",98,111,110,51
"CLDN23",17,19,15,19
"CLDN24",7,4,6,7
"CLDN25",0,0,0,0
"CLDN3",1,2,1,0
"CLDN34",0,0,1,0
"CLDN4",273,221,513,379
"CLDN5",1,1,4,4
"CLDN6",127,123,197,250
"CLDN7",32,27,32,23
"CLDN8",0,0,0,0
"CLDN9",12,18,29,59
"CLDND1",1192,1174,1193,1051
"CLDND2",42,30,18,16
"CLEC10A",0,0,0,1
"CLEC11A",2202,2078,1414,1345
"CLEC12A",0,0,0,0
"CLEC12B",0,0,0,0
"CLEC14A",0,0,0,0
"CLEC16A",791,845,1090,1011
"CLEC17A",1,4,1,1
"CLEC18A",15,25,32,58
"CLEC18B",28,34,49,75
"CLEC18C",10,18,24,37
"CLEC19A",0,0,0,0
"CLEC1A",0,0,3,1
"CLEC1B",0,0,0,0
"CLEC2A",1,2,0,0
"CLEC2B",0,0,0,0
"CLEC2D",7687,7106,3296,3936
"CLEC2L",2,3,3,0
"CLEC3A",0,1,0,0
"CLEC3B",7,7,8,10
"CLEC4A",13,19,14,8
"CLEC4C",1,0,0,0
"CLEC4D",0,0,0,0
"CLEC4E",0,0,0,0
"CLEC4F",25,32,25,42
"CLEC4G",0,0,0,0
"CLEC4GP1",9,14,11,15
"CLEC4M",9,10,6,1
"CLEC5A",1,0,0,0
"CLEC6A",0,0,0,0
"CLEC7A",0,0,1,2
"CLEC9A",0,0,0,0
"CLECL1",1,0,0,0
"CLGN",456,408,527,514
"CLHC1",194,193,177,182
"CLIC1",8914,7572,13247,15428
"CLIC2",22,19,19,32
"CLIC3",22,19,205,294
"CLIC4",1210,887,2888,1545
"CLIC5",0,0,6,10
"CLIC6",29,19,5,6
"CLINT1",2385,2311,1887,1593
"CLIP1",967,958,1060,894
"CLIP1-AS1",0,1,2,1
"CLIP2",2152,2036,1493,1542
"CLIP3",50,60,58,68
"CLIP4",196,189,474,238
"CLK1",1209,1200,884,981
"CLK2",1378,1459,1140,1382
"CLK2P1",155,154,131,144
"CLK3",1201,1205,915,1055
"CLK4",377,379,309,280
"CLLU1",0,0,0,0
"CLLU1OS",0,0,0,0
"CLMN",4,6,15,16
"CLMP",16,12,22,14
"CLN3",1765,1645,1303,1527
"CLN5",422,354,385,458
"CLN6",2197,2166,1262,1264
"CLN8",859,778,1087,1453
"CLNK",0,0,0,0
"CLNS1A",5327,4751,2693,3372
"CLOCK",488,558,532,420
"CLP1",1438,1241,614,663
"CLPB",470,427,376,326
"CLPP",1876,1677,1024,1045
"CLPS",0,2,0,0
"CLPSL1",0,0,0,0
"CLPSL2",0,0,0,0
"CLPTM1",1730,1667,1573,1815
"CLPTM1L",2675,2588,1628,1761
"CLPX",1891,1805,1194,1177
"CLRN1",0,0,0,0
"CLRN1-AS1",0,0,0,0
"CLRN2",0,0,0,0
"CLRN3",0,0,2,0
"CLSPN",1044,1197,721,822
"CLSTN1",3741,3492,5348,4964
"CLSTN2",447,389,1829,1694
"CLSTN2-AS1",1,1,0,0
"CLSTN3",323,293,824,718
"CLTA",6077,5468,5144,5878
"CLTB",2149,2090,3121,2938
"CLTC",11574,10904,9733,9324
"CLTCL1",228,273,304,277
"CLU",1437,1290,3520,2941
"CLUAP1",699,604,454,544
"CLUH",4867,4751,2539,2762
"CLUHP3",49,57,51,46
"CLUL1",45,51,27,21
"CLVS1",226,177,208,103
"CLVS2",0,0,0,0
"CLYBL",77,86,64,76
"CLYBL-AS1",0,0,0,1
"CLYBL-AS2",0,0,1,0
"CMA1",1,1,1,2
"CMAHP",0,0,0,0
"CMAS",695,658,523,400
"CMBL",1270,1195,566,543
"CMC1",247,180,116,144
"CMC2",1211,1043,856,947
"CMC4",287,222,232,289
"CMIP",1350,1248,1043,971
"CMKLR1",0,1,1,0
"CMPK1",2743,2717,2329,1501
"CMPK2",3,0,1,0
"CMSS1",799,697,721,808
"CMTM1",23,33,15,8
"CMTM2",5,4,6,5
"CMTM3",1290,1232,1673,2011
"CMTM4",1801,1768,1244,1217
"CMTM5",1,0,1,0
"CMTM6",1591,1567,1559,1537
"CMTM7",773,651,773,759
"CMTM8",169,168,111,133
"CMTR1",1003,918,960,1039
"CMTR2",494,536,244,218
"CMYA5",6,5,9,4
"CNBD1",0,0,0,0
"CNBD2",2,4,10,6
"CNBP",14358,12756,7727,7722
"CNDP1",1,2,0,0
"CNDP2",2577,2301,1905,2657
"CNEP1R1",205,205,250,207
"CNFN",54,47,57,59
"CNGA1",1,2,2,5
"CNGA2",0,0,0,0
"CNGA3",33,26,8,4
"CNGA4",1,0,1,2
"CNGB1",0,1,5,1
"CNGB3",0,0,0,0
"CNIH1",2456,1892,1371,1180
"CNIH2",594,574,225,222
"CNIH3",59,61,102,93
"CNIH4",1415,1299,837,930
"CNKSR1",101,110,50,48
"CNKSR2",1,2,2,0
"CNKSR3",167,170,456,605
"CNN1",190,162,324,471
"CNN2",7340,6754,8697,9281
"CNN3",6277,5633,6223,6679
"CNNM1",23,33,7,9
"CNNM2",652,549,646,582
"CNNM3",657,634,537,615
"CNNM4",480,419,382,392
"CNOT1",7935,7837,6102,6515
"CNOT10",623,568,242,338
"CNOT11",2671,2313,2904,2739
"CNOT2",1076,1076,961,931
"CNOT3",1853,1707,1226,1230
"CNOT4",638,598,555,534
"CNOT6",1277,1330,1171,1059
"CNOT6L",272,347,337,276
"CNOT7",3378,3056,2614,2505
"CNOT8",1637,1547,863,865
"CNP",3191,3012,3040,3421
"CNPPD1",1056,1021,1056,1222
"CNPY1",0,0,0,1
"CNPY2",3403,3210,2130,2460
"CNPY3",1080,1007,893,925
"CNPY4",447,458,362,445
"CNR1",0,2,0,0
"CNR2",0,3,1,3
"CNRIP1",37,28,104,88
"CNST",1305,1173,747,679
"CNTD1",1023,917,907,797
"CNTD2",13,11,6,5
"CNTF",23,24,17,12
"CNTFR",58,72,61,87
"CNTFR-AS1",0,0,0,1
"CNTLN",507,512,305,353
"CNTN1",2,5,2,1
"CNTN2",5,2,3,4
"CNTN3",0,0,0,0
"CNTN4",0,0,1,0
"CNTN4-AS1",0,0,0,0
"CNTN4-AS2",0,0,0,0
"CNTN5",1,0,0,0
"CNTN6",1,1,15,29
"CNTNAP1",652,668,1013,934
"CNTNAP2",2,5,2,1
"CNTNAP3",341,320,1241,809
"CNTNAP3B",213,186,730,594
"CNTNAP3P2",194,170,650,504
"CNTNAP4",0,1,0,0
"CNTNAP5",1,0,1,0
"CNTRL",303,285,341,374
"CNTROB",760,828,814,889
"COA1",1800,1680,1347,1512
"COA3",1177,1015,843,899
"COA4",2292,1999,879,1045
"COA5",553,587,431,472
"COA6",1285,1104,515,465
"COA7",728,713,414,420
"COASY",836,769,563,646
"COBL",0,0,0,0
"COBLL1",2,2,11,13
"COCH",3,1,5,1
"COG1",596,574,658,826
"COG2",816,727,560,709
"COG3",452,421,493,517
"COG4",1777,1483,1533,1646
"COG5",914,763,1209,1153
"COG6",294,247,340,351
"COG7",736,749,441,472
"COG8",1936,1774,1188,1402
"COIL",1208,1169,581,637
"COL10A1",0,1,4,3
"COL11A1",14526,14461,40174,40632
"COL11A2",266,262,369,430
"COL12A1",4,4,10,17
"COL13A1",2,4,70,70
"COL14A1",1,0,0,0
"COL15A1",1,0,3,6
"COL16A1",736,742,1770,1970
"COL17A1",42,53,1667,1702
"COL18A1",4411,4146,8769,8659
"COL18A1-AS1",3,2,6,6
"COL18A1-AS2",0,0,0,1
"COL19A1",0,0,1,2
"COL1A1",5932,5403,12679,11179
"COL1A2",96,84,77,42
"COL20A1",7,3,1,5
"COL21A1",2,0,0,1
"COL22A1",0,1,1,4
"COL23A1",15,9,14,8
"COL24A1",1,3,1,0
"COL25A1",2,2,0,1
"COL26A1",1675,1701,2531,3215
"COL27A1",751,902,1033,1131
"COL28A1",9,11,13,14
"COL2A1",14,10,710,1121
"COL3A1",5587,5401,13649,15755
"COL4A1",2,1,23,22
"COL4A2",0,2,40,18
"COL4A2-AS1",0,0,0,0
"COL4A3",7,10,14,8
"COL4A3BP",1470,1462,1419,1314
"COL4A4",9,4,36,33
"COL4A5",0,1,5,1
"COL4A6",0,2,51,61
"COL5A1",27,19,287,262
"COL5A2",109,109,225,130
"COL5A3",35,32,58,60
"COL6A1",1696,1691,3858,3355
"COL6A2",1721,1732,3394,3104
"COL6A3",60,66,22,18
"COL6A4P1",0,0,1,0
"COL6A4P2",1,1,0,1
"COL6A5",0,0,0,0
"COL6A6",1,0,0,1
"COL7A1",121,169,405,503
"COL8A1",0,1,2,0
"COL8A2",6,7,2,5
"COL9A1",9,16,45,45
"COL9A2",114,125,70,71
"COL9A3",66,69,45,60
"COLCA1",1,1,0,0
"COLCA2",0,0,0,0
"COLEC10",0,0,0,0
"COLEC11",2,2,3,1
"COLEC12",28,11,3153,3352
"COLGALT1",3022,2915,3204,3335
"COLGALT2",81,62,265,302
"COLQ",36,42,60,88
"COMMD1",658,532,789,993
"COMMD10",279,257,361,236
"COMMD2",1026,894,857,1062
"COMMD3",537,447,377,400
"COMMD3-BMI1",4227,3949,1613,872
"COMMD4",1883,1849,1350,1308
"COMMD5",899,860,757,654
"COMMD6",921,790,1045,1101
"COMMD7",574,458,1275,1285
"COMMD8",428,426,396,271
"COMMD9",731,692,644,737
"COMP",14,21,3,5
"COMT",1498,1256,1466,1308
"COMTD1",588,581,576,567
"COPA",4124,3869,4723,4618
"COPB1",4004,3787,3575,3577
"COPB2",5482,4974,5221,5979
"COPE",4836,4407,4608,4874
"COPG1",1900,1748,1848,2095
"COPG2",752,738,643,716
"COPRS",2227,2186,1884,2268
"COPS2",3602,3346,2202,2140
"COPS3",3170,2734,1870,2154
"COPS4",1096,1076,931,1179
"COPS5",1937,1786,1507,1775
"COPS6",3141,2813,2513,2499
"COPS7A",1198,1115,542,565
"COPS7B",2375,2186,1565,1642
"COPS8",1542,1407,1184,1341
"COPZ1",4195,3781,3578,4107
"COPZ2",2,2,2,2
"COQ10A",308,290,260,325
"COQ10B",976,941,880,720
"COQ2",632,605,591,621
"COQ3",294,279,230,246
"COQ4",669,617,595,554
"COQ5",779,644,789,929
"COQ6",230,208,179,180
"COQ7",409,356,283,334
"COQ9",945,991,644,797
"CORIN",8,10,6,4
"CORO1A",372,350,371,326
"CORO1B",2553,2317,2856,3176
"CORO1C",4305,4123,5041,5048
"CORO2A",359,286,576,556
"CORO2B",243,179,502,345
"CORO6",212,246,590,478
"CORO7",576,580,915,1049
"CORO7-PAM16",1382,1300,1186,1295
"CORT",29,37,35,37
"COTL1",7247,5769,6889,6510
"COX10",644,574,405,516
"COX10-AS1",128,142,115,83
"COX11",1613,1597,1059,778
"COX14",877,739,673,568
"COX15",2030,1922,1551,1425
"COX16",1717,1546,1086,1204
"COX17",381,365,407,435
"COX18",350,301,207,213
"COX19",630,525,562,543
"COX20",401,465,453,460
"COX4I1",6404,5752,5436,5848
"COX4I2",0,0,0,0
"COX5A",4601,4008,3044,3470
"COX5B",1932,1746,1334,1149
"COX6A1",3362,2811,2392,2681
"COX6A2",0,0,0,0
"COX6B1",2628,2448,2498,2837
"COX6B2",519,662,356,461
"COX6C",3429,3061,3580,4225
"COX7A1",1,2,8,3
"COX7A2",4648,4245,2814,3375
"COX7A2L",2947,2521,2602,2786
"COX7B",2088,1910,1565,2020
"COX7B2",0,0,0,0
"COX7C",3697,3348,2903,3864
"COX8A",4491,3756,3498,3733
"COX8C",2,1,1,0
"CP",1849,1763,540,462
"CPA1",0,0,5,4
"CPA2",1,1,0,1
"CPA3",0,0,1,0
"CPA4",3,0,659,349
"CPA5",3,1,10,6
"CPA6",0,0,0,0
"CPAMD8",268,283,1506,1207
"CPB1",1,0,0,0
"CPB2",3,0,0,3
"CPB2-AS1",11,14,6,10
"CPD",1486,1261,2595,1900
"CPE",178,155,1551,1236
"CPEB1",1035,1023,780,747
"CPEB1-AS1",76,62,56,46
"CPEB2",7,7,16,3
"CPEB2-AS1",0,0,0,0
"CPEB3",42,48,34,28
"CPEB4",143,137,295,134
"CPED1",105,106,104,70
"CPLX1",572,537,80,76
"CPLX2",2,3,0,1
"CPLX3",4,3,3,5
"CPLX4",0,0,1,0
"CPM",40,29,123,101
"CPN1",1,2,1,1
"CPN2",0,0,1,2
"CPNE1",2079,2156,2273,2659
"CPNE2",594,530,643,742
"CPNE3",1581,1568,1305,1202
"CPNE4",0,0,0,2
"CPNE5",779,731,826,1152
"CPNE6",0,0,1,0
"CPNE7",19,25,7,16
"CPNE8",233,203,215,158
"CPNE9",10,6,6,5
"CPO",1,3,1,3
"CPOX",413,374,321,233
"CPPED1",1705,1531,2082,1815
"CPQ",64,32,61,88
"CPS1",273,235,271,265
"CPS1-IT1",0,0,0,0
"CPSF1",4168,4374,3745,3816
"CPSF2",2470,2368,1653,1588
"CPSF3",1384,1367,938,1210
"CPSF3L",2747,2701,1965,1964
"CPSF4",1867,1733,1460,1397
"CPSF4L",40,42,24,33
"CPSF6",3558,3486,2360,2066
"CPSF7",3049,2906,2264,2446
"CPT1A",230,218,155,143
"CPT1B",459,529,416,543
"CPT1C",1450,1519,1244,1244
"CPT2",1137,889,1128,1346
"CPTP",837,799,631,641
"CPVL",1,1,53,26
"CPXCR1",0,0,0,0
"CPXM1",1048,1006,1670,2048
"CPXM2",0,0,0,0
"CPZ",25,24,18,22
"CR1",0,0,1,0
"CR1L",0,0,0,0
"CR2",0,0,0,0
"CRABP1",1,3,1,0
"CRABP2",20701,16473,20181,24184
"CRACR2A",1,4,0,0
"CRACR2B",475,488,283,320
"CRADD",91,71,82,88
"CRAMP1L",902,960,564,598
"CRAT",1018,838,991,956
"CRAT37",0,0,0,0
"CRAT40",0,0,0,0
"CRAT8",0,0,0,0
"CRB1",2,2,1,0
"CRB2",630,627,644,638
"CRB3",1,2,11,9
"CRBN",679,605,535,527
"CRCP",968,786,620,655
"CRCT1",0,0,0,0
"CREB1",499,497,660,676
"CREB3",758,680,936,1027
"CREB3L1",706,595,822,1015
"CREB3L2",710,704,1261,1359
"CREB3L3",2,3,0,1
"CREB3L4",94,83,113,88
"CREB5",1,0,3,5
"CREBBP",2519,2552,1843,1748
"CREBL2",392,410,662,554
"CREBRF",196,207,241,138
"CREBZF",1000,1207,955,649
"CREG1",13073,11538,3913,4239
"CREG2",1,1,3,4
"CRELD1",236,198,279,331
"CRELD2",962,901,544,535
"CREM",2560,2214,637,546
"CRH",39,39,2,1
"CRHBP",99,137,76,85
"CRHR1",24,29,23,40
"CRHR1-IT1",46,76,77,75
"CRHR2",1,4,3,11
"CRIM1",1145,1060,3472,1988
"CRIP1",22,35,6,11
"CRIP2",2460,2221,1716,1785
"CRIP3",1,0,0,0
"CRIPAK",447,411,294,345
"CRIPT",334,295,391,307
"CRISP1",0,0,0,0
"CRISP2",1,0,0,1
"CRISP3",0,0,0,0
"CRISPLD1",1,4,5,3
"CRISPLD2",23,27,56,36
"CRK",2043,1991,1390,1466
"CRKL",2899,2626,2306,2374
"CRLF1",1146,983,2458,2340
"CRLF2",0,0,1,0
"CRLF3",595,550,354,418
"CRLS1",1006,1001,698,714
"CRMP1",112,102,144,167
"CRNDE",22,9,21,9
"CRNKL1",1402,1410,874,1058
"CRNN",0,1,13,12
"CROCC",1837,2185,944,1028
"CROCCP2",593,666,360,366
"CROCCP3",136,215,203,187
"CROT",225,234,242,179
"CRP",0,0,0,0
"CRSP8P",389,372,297,271
"CRTAC1",1,0,0,4
"CRTAM",0,0,2,0
"CRTAP",4446,3940,3889,4774
"CRTC1",595,565,544,636
"CRTC2",1129,1102,952,969
"CRTC3",616,569,661,753
"CRTC3-AS1",10,9,12,6
"CRX",78,65,31,50
"CRY1",1992,1900,1407,1288
"CRY2",814,728,650,662
"CRYAA",7,3,9,3
"CRYAB",37543,31826,14157,19697
"CRYBA1",4,9,4,2
"CRYBA2",2,1,2,4
"CRYBA4",2,1,1,1
"CRYBB1",0,0,1,0
"CRYBB2",16,22,14,12
"CRYBB2P1",257,252,261,308
"CRYBB3",5,6,6,2
"CRYBG3",222,238,115,123
"CRYGA",1,0,1,2
"CRYGB",3,0,1,0
"CRYGC",677,597,68,68
"CRYGD",0,0,0,0
"CRYGN",0,0,0,0
"CRYGS",29,32,19,34
"CRYL1",211,160,420,400
"CRYM",8,5,21,22
"CRYM-AS1",8,11,4,4
"CRYZ",2341,2120,1643,1150
"CRYZL1",448,445,348,375
"CS",4734,4590,3549,3786
"CSAD",186,283,237,173
"CSAG1",0,0,0,0
"CSAG3",0,0,1,0
"CSAG4",0,0,0,0
"CSDC2",479,493,1024,1229
"CSDE1",12563,12142,9809,10585
"CSE1L",4902,4785,2863,3079
"CSE1L-AS1",2,0,1,1
"CSF1",568,542,1710,1543
"CSF1R",57,46,45,39
"CSF2",0,0,0,0
"CSF2RA",100,107,100,137
"CSF2RB",0,0,0,1
"CSF3",24,17,2,0
"CSF3R",0,1,0,1
"CSGALNACT1",1,0,7,0
"CSGALNACT2",430,434,257,193
"CSH1",1,0,0,0
"CSH2",0,0,1,0
"CSHL1",0,0,0,0
"CSK",1613,1641,1174,1266
"CSMD1",2,7,3,0
"CSMD2",1,5,16,2
"CSMD2-AS1",0,0,0,0
"CSMD3",39,41,93,97
"CSN1S1",0,0,0,0
"CSN1S2AP",0,0,0,0
"CSN1S2BP",0,0,0,0
"CSN2",0,0,0,0
"CSN3",0,0,0,0
"CSNK1A1",5820,4971,3510,2891
"CSNK1A1L",156,145,102,106
"CSNK1A1P1",24,22,20,18
"CSNK1D",4481,4315,3847,4417
"CSNK1E",3775,3637,2401,2499
"CSNK1G1",955,1106,823,701
"CSNK1G2",2237,2158,1861,1681
"CSNK1G2-AS1",2,2,2,0
"CSNK1G3",730,775,650,478
"CSNK2A1",4374,4227,2622,2486
"CSNK2A2",1209,1017,812,843
"CSNK2A3",1674,1662,1004,917
"CSNK2B",4535,4215,3170,3141
"CSPG4",1530,1578,3425,2580
"CSPG4P1Y",0,0,0,0
"CSPG5",84,73,56,70
"CSPP1",452,448,416,458
"CSRNP1",895,820,938,867
"CSRNP2",1106,1074,969,961
"CSRNP3",0,1,0,0
"CSRP1",3026,2420,3590,4168
"CSRP2",169,147,1314,1669
"CSRP2BP",1159,1136,896,1157
"CSRP3",1,0,3,3
"CST1",0,0,96,12
"CST11",0,0,1,0
"CST13P",0,0,0,0
"CST2",0,0,17,5
"CST3",1947,1650,2120,1912
"CST4",0,0,33,4
"CST5",0,0,0,1
"CST6",0,0,0,4
"CST7",0,0,0,1
"CST8",0,0,0,0
"CST9",0,0,0,0
"CST9L",0,0,0,0
"CSTA",2,2,6,0
"CSTB",14850,12156,5520,6010
"CSTF1",1161,1161,833,936
"CSTF2",702,720,487,573
"CSTF2T",1437,1290,1347,1558
"CSTF3",2573,2535,1297,1461
"CSTF3-AS1",5,10,4,2
"CSTL1",0,0,0,0
"CT45A1",6,15,14,4
"CT45A10",4,10,8,5
"CT45A2",2,9,10,3
"CT45A3",6,15,14,4
"CT45A4",2,12,11,4
"CT45A5",2,9,10,3
"CT45A6",8,24,24,7
"CT45A7",14,39,38,12
"CT45A8",2,9,10,3
"CT45A9",2,9,10,3
"CT47A1",0,0,0,0
"CT47A10",0,0,0,0
"CT47A11",0,0,0,0
"CT47A12",0,0,0,0
"CT47A2",0,0,0,0
"CT47A3",0,0,0,0
"CT47A4",0,0,0,0
"CT47A5",0,0,0,0
"CT47A6",0,0,0,0
"CT47A7",0,0,0,0
"CT47A8",0,0,0,0
"CT47A9",0,0,0,0
"CT47B1",0,1,0,0
"CT55",1,0,2,0
"CT62",0,1,5,0
"CT83",0,0,0,0
"CTAG1A",0,1,0,0
"CTAG1B",0,1,0,0
"CTAG2",0,1,0,0
"CTAGE1",80,45,43,34
"CTAGE10P",18,10,7,14
"CTAGE11P",35,37,15,28
"CTAGE15",39,42,28,30
"CTAGE4",26,26,15,22
"CTAGE5",524,459,285,314
"CTAGE6",39,42,27,30
"CTAGE7P",59,42,43,20
"CTAGE8",34,35,26,24
"CTAGE9",30,37,17,27
"CTB-113P19.1",6,6,11,13
"CTB-12O2.1",3,0,1,3
"CTB-178M22.2",17,13,12,10
"CTB-7E3.1",0,0,0,0
"CTBP1",4221,4271,3565,3593
"CTBP1-AS",972,926,764,847
"CTBP1-AS2",516,486,323,370
"CTBP2",2589,2459,2595,2323
"CTBS",194,127,241,152
"CTC-338M12.4",321,329,246,221
"CTC-436P18.1",8,5,0,3
"CTC1",665,678,665,614
"CTCF",1653,1563,1061,1095
"CTCFL",5,12,2,1
"CTD-2151A2.1",1,0,1,0
"CTD-2194D22.4",2,0,0,0
"CTD-2201E9.1",0,0,0,0
"CTD-2201I18.1",0,4,4,3
"CTD-2270F17.1",1,0,0,0
"CTD-2297D10.2",0,0,0,0
"CTD-2350J17.1",0,0,0,0
"CTD-3080P12.3",0,0,0,0
"CTDNEP1",3576,3100,2508,2646
"CTDP1",1548,1499,904,921
"CTDSP1",1355,1269,1229,1449
"CTDSP2",2912,2705,2763,2848
"CTDSPL",801,766,1044,1153
"CTDSPL2",792,784,487,454
"CTF1",292,285,353,362
"CTGF",11575,10445,20140,15984
"CTGLF12P",294,419,397,416
"CTH",252,165,272,170
"CTHRC1",0,2,0,0
"CTIF",366,459,492,408
"CTLA4",0,0,0,0
"CTNNA1",5511,5039,7429,8355
"CTNNA2",26,35,41,64
"CTNNA3",1,5,2,0
"CTNNAL1",2369,1995,2480,2763
"CTNNB1",6032,5826,6703,6359
"CTNNBIP1",1439,1280,1335,1376
"CTNNBL1",1560,1476,957,1161
"CTNND1",3500,3332,3993,4264
"CTNND2",2,1,0,0
"CTNS",1514,1333,1475,1377
"CTPS1",3603,3323,1935,1805
"CTPS2",645,588,721,916
"CTR9",1948,1939,1425,1417
"CTRB1",0,2,0,2
"CTRB2",2,4,0,3
"CTRC",1,1,1,0
"CTRL",90,102,87,71
"CTSA",1526,1452,1404,1445
"CTSB",6275,5431,12196,9431
"CTSC",1,1,1,2
"CTSD",7258,6564,11396,10523
"CTSE",0,0,12,10
"CTSF",8003,7371,6240,7891
"CTSG",0,0,0,0
"CTSH",222,260,308,385
"CTSK",68,99,90,143
"CTSL",521,483,733,756
"CTSL3P",0,0,0,0
"CTSLP2",1,2,0,1
"CTSLP8",0,0,0,0
"CTSO",654,624,384,321
"CTSS",47,40,171,123
"CTSV",613,618,942,1251
"CTSW",0,3,3,1
"CTSZ",5,13,4,4
"CTTN",6757,6820,6274,6412
"CTTNBP2",0,0,0,0
"CTTNBP2NL",858,749,890,796
"CTU1",420,452,167,222
"CTU2",304,275,163,164
"CTXN1",2494,2276,1401,1307
"CTXN2",1,1,1,3
"CTXN3",0,0,2,0
"CUBN",14,23,25,19
"CUEDC1",1940,1973,1370,1505
"CUEDC2",2694,2332,1457,1518
"CUL1",2017,1885,1537,1777
"CUL2",2134,2215,1197,1177
"CUL3",3340,3012,2481,2809
"CUL4A",3289,3115,1888,2037
"CUL4B",1495,1462,1312,1180
"CUL5",1095,1087,741,622
"CUL7",1418,1414,1112,1407
"CUL9",165,172,164,152
"CUTA",3735,3099,3127,3757
"CUTC",430,456,219,250
"CUX1",1022,981,1578,1673
"CUX2",2,6,22,33
"CUZD1",19,28,25,55
"CWC15",2066,2034,1872,2163
"CWC22",1395,1391,757,1095
"CWC25",874,870,555,636
"CWC27",994,911,748,963
"CWF19L1",978,1017,674,817
"CWF19L2",641,668,468,669
"CWH43",0,0,0,0
"CX3CL1",3,1,62,64
"CX3CR1",3,2,1,0
"CXADR",1956,1938,1846,880
"CXADRP2",59,56,58,37
"CXADRP3",34,32,30,15
"CXCL1",0,0,0,0
"CXCL10",2,2,1,1
"CXCL11",1,3,0,0
"CXCL12",1,0,0,1
"CXCL13",1,0,1,0
"CXCL14",119,125,32,45
"CXCL16",109,77,132,171
"CXCL17",0,0,0,0
"CXCL2",0,0,0,0
"CXCL3",0,0,0,0
"CXCL5",11,7,5,25
"CXCL6",0,0,0,0
"CXCL8",0,0,0,0
"CXCL9",0,0,0,0
"CXCR1",1,0,1,2
"CXCR2",6,7,43,34
"CXCR2P1",1,0,2,0
"CXCR3",0,1,0,0
"CXCR4",3,1,1,1
"CXCR5",29,31,22,19
"CXCR6",3,6,1,1
"CXXC1",2025,2065,1295,1365
"CXXC1P1",0,0,0,0
"CXXC4",107,121,190,178
"CXXC5",1207,1152,1602,1630
"CXorf21",0,0,0,0
"CXorf23",159,147,316,325
"CXorf36",0,0,1,0
"CXorf38",444,380,311,364
"CXorf40A",532,508,372,395
"CXorf40B",1127,1038,755,786
"CXorf49",0,0,1,1
"CXorf49B",0,0,1,1
"CXorf51A",0,0,0,0
"CXorf51B",0,0,0,0
"CXorf56",715,662,574,814
"CXorf57",0,0,0,0
"CXorf58",1,4,4,2
"CXorf65",0,0,0,1
"CXorf66",0,0,0,0
"CXorf67",12,9,9,22
"CYB561",2,8,11,3
"CYB561A3",410,436,340,332
"CYB561D1",211,222,281,270
"CYB561D2",344,340,325,266
"CYB5A",0,1,0,0
"CYB5B",5001,4667,3883,3258
"CYB5D1",1166,1193,671,816
"CYB5D2",322,303,343,392
"CYB5R1",527,479,770,703
"CYB5R2",295,401,220,187
"CYB5R3",4174,3854,4785,4972
"CYB5R4",237,180,173,126
"CYB5RL",62,60,58,77
"CYBA",3410,3081,3194,2812
"CYBB",0,0,0,0
"CYBRD1",588,558,1115,970
"CYC1",3237,2884,1917,1949
"CYCS",9632,8971,4600,3446
"CYCSP52",0,0,0,0
"CYFIP1",2248,2101,2060,2029
"CYFIP2",2923,2817,2142,2233
"CYGB",111,119,146,92
"CYHR1",927,977,1017,962
"CYLC1",0,0,0,0
"CYLC2",0,0,0,0
"CYLD",321,264,408,444
"CYMP",0,0,1,1
"CYP11A1",12,10,32,16
"CYP11B1",0,0,0,0
"CYP11B2",0,0,0,0
"CYP17A1",2,0,1,1
"CYP19A1",0,0,0,1
"CYP1A1",13,26,6,8
"CYP1A2",1,0,0,1
"CYP1B1",4,1,3,3
"CYP1B1-AS1",0,0,0,0
"CYP20A1",303,263,267,310
"CYP21A1P",1055,1028,453,510
"CYP21A2",775,777,429,474
"CYP24A1",275,233,460,260
"CYP26A1",16,17,34,48
"CYP26B1",79,85,48,45
"CYP26C1",3,3,1,0
"CYP27A1",9,6,10,18
"CYP27B1",94,133,70,85
"CYP27C1",111,101,185,264
"CYP2A13",0,0,1,0
"CYP2A6",0,0,1,0
"CYP2A7",0,0,0,0
"CYP2B6",0,0,0,0
"CYP2B7P",0,0,2,0
"CYP2C18",1,5,5,7
"CYP2C19",1,0,0,0
"CYP2C8",0,0,0,0
"CYP2C9",0,1,2,0
"CYP2D6",98,143,106,95
"CYP2D7",88,103,87,85
"CYP2E1",34,42,29,36
"CYP2F1",0,0,3,0
"CYP2G1P",0,0,1,0
"CYP2J2",1,0,0,0
"CYP2R1",274,251,194,240
"CYP2S1",9,0,21,12
"CYP2U1",86,89,181,190
"CYP2W1",6,5,2,4
"CYP39A1",0,0,1,0
"CYP3A4",0,0,0,1
"CYP3A43",0,1,0,0
"CYP3A5",3,5,10,6
"CYP3A7",1,5,13,5
"CYP3A7-CYP3A51P",2,4,9,2
"CYP46A1",22,25,43,54
"CYP4A11",0,0,0,0
"CYP4A22",0,0,0,0
"CYP4B1",0,0,2,1
"CYP4F11",24,25,13,7
"CYP4F12",95,129,98,101
"CYP4F2",75,80,58,49
"CYP4F22",88,61,22,10
"CYP4F24P",13,11,4,3
"CYP4F29P",76,100,82,96
"CYP4F3",29,31,14,16
"CYP4F30P",1,3,1,0
"CYP4F35P",22,31,35,40
"CYP4F62P",1,3,1,1
"CYP4F8",1,2,6,2
"CYP4V2",38,33,63,58
"CYP4X1",0,1,5,1
"CYP4Z1",0,1,4,0
"CYP4Z2P",0,0,5,0
"CYP51A1",2265,1993,1639,1638
"CYP51A1-AS1",7,7,8,6
"CYP7A1",2,0,0,0
"CYP7B1",4,2,2,0
"CYP8B1",1,0,0,0
"CYR61",4727,4499,9881,10410
"CYS1",130,119,214,277
"CYSLTR1",0,0,0,0
"CYSLTR2",0,0,0,1
"CYSRT1",890,782,480,468
"CYSTM1",1541,1354,1973,1906
"CYTH1",741,770,654,660
"CYTH2",1235,1353,1373,1652
"CYTH3",458,499,616,594
"CYTH4",2,0,2,3
"CYTIP",0,0,0,0
"CYTL1",7,7,5,2
"CYYR1",0,0,0,0
"D21S2088E",0,0,0,0
"D2HGDH",578,648,498,539
"DAAM1",41,37,198,184
"DAAM2",1,1,26,20
"DAB1",0,0,0,1
"DAB1-AS1",0,0,0,0
"DAB2",1,4,12,11
"DAB2IP",712,704,1435,1591
"DACH1",1,2,1,0
"DACH2",0,0,0,0
"DACT1",1,1,15,10
"DACT2",0,0,0,0
"DACT3",323,293,309,329
"DACT3-AS1",14,9,9,4
"DAD1",4392,3691,3625,3377
"DAG1",4015,3853,6661,7577
"DAGLA",153,147,237,206
"DAGLB",565,597,642,669
"DALRD3",1532,1620,1681,1973
"DANCR",2372,2209,1984,2082
"DAND5",0,4,3,2
"DAO",48,35,15,14
"DAOA",0,0,0,0
"DAOA-AS1",0,0,0,0
"DAP",1275,1122,2283,2718
"DAP3",2879,2707,1773,1721
"DAPK1",3,3,46,9
"DAPK2",415,395,502,646
"DAPK3",3380,3002,3812,4000
"DAPL1",0,0,0,0
"DAPP1",2,2,2,0
"DARS",2536,2460,1717,1691
"DARS-AS1",50,34,40,39
"DARS2",727,660,668,705
"DAW1",1,0,0,0
"DAXX",2492,2349,1714,2019
"DAZ1",0,1,0,0
"DAZ2",0,2,0,0
"DAZ3",0,2,0,0
"DAZ4",0,2,0,0
"DAZAP1",4007,3706,2559,2769
"DAZAP2",1886,1776,2018,2327
"DAZL",1,0,0,0
"DBET",12,15,3,1
"DBF4",1311,1344,753,811
"DBF4B",889,999,698,717
"DBH",14,9,6,4
"DBH-AS1",48,56,21,25
"DBI",2917,2765,2519,3562
"DBIL5P",20,17,11,13
"DBIL5P2",0,3,1,1
"DBN1",10587,10224,8616,9493
"DBNDD1",1008,892,1344,1370
"DBNDD2",160,98,128,135
"DBNL",1960,1888,1844,1718
"DBP",722,703,244,325
"DBR1",790,787,446,439
"DBT",410,364,404,435
"DBX1",0,0,0,0
"DBX2",0,0,0,0
"DCAF10",910,830,768,683
"DCAF11",1048,999,952,1262
"DCAF12",2210,2039,1775,1912
"DCAF12L1",0,0,0,0
"DCAF12L2",0,0,0,0
"DCAF13",1919,1870,951,1174
"DCAF13P3",40,42,29,19
"DCAF15",1438,1514,1048,1134
"DCAF16",975,1082,656,769
"DCAF17",725,728,445,367
"DCAF4",842,807,429,472
"DCAF4L1",25,34,27,19
"DCAF4L2",0,0,0,0
"DCAF5",1436,1476,1428,1639
"DCAF6",599,595,988,922
"DCAF7",2683,2524,2121,2320
"DCAF8",2159,2256,2314,2707
"DCAF8L1",4,3,2,1
"DCAF8L2",0,0,0,3
"DCAKD",1338,1329,983,1105
"DCANP1",6,5,2,3
"DCBLD1",23,24,22,12
"DCBLD2",28,49,320,244
"DCC",1,3,1,0
"DCD",0,0,0,0
"DCDC1",7,4,7,1
"DCDC2",1,5,9,8
"DCDC2B",48,67,57,37
"DCDC2C",0,0,0,0
"DCDC5",1,1,4,2
"DCHS1",25,18,35,39
"DCHS2",0,0,2,1
"DCK",376,376,220,135
"DCLK1",27,19,8,6
"DCLK2",6,2,13,17
"DCLK3",0,1,0,0
"DCLRE1A",306,295,215,260
"DCLRE1B",514,488,342,363
"DCLRE1C",392,375,288,291
"DCN",0,2,1,0
"DCP1A",1060,1132,744,763
"DCP1B",712,701,669,821
"DCP2",1659,1887,1222,1051
"DCPS",737,648,497,519
"DCST1",27,24,15,20
"DCST2",15,13,14,22
"DCSTAMP",263,265,78,68
"DCT",1,6,1,1
"DCTD",2501,2088,1880,1998
"DCTN1",6145,5798,5856,6231
"DCTN1-AS1",1,0,1,1
"DCTN2",3033,2741,3214,3994
"DCTN3",778,633,855,928
"DCTN4",1691,1627,1401,1453
"DCTN5",2472,2236,1696,1911
"DCTN6",422,356,349,344
"DCTPP1",2205,1922,816,839
"DCUN1D1",897,854,801,575
"DCUN1D2",246,303,257,314
"DCUN1D3",249,224,195,167
"DCUN1D4",848,902,695,480
"DCUN1D5",2373,2072,1549,1579
"DCX",0,2,0,0
"DCXR",1227,1093,704,777
"DDA1",1221,1049,851,942
"DDAH1",1141,1088,2165,1745
"DDAH2",1978,1713,2597,4099
"DDB1",9882,8796,8055,8705
"DDB2",1422,1471,1121,1357
"DDC",0,0,3,1
"DDC-AS1",0,0,0,0
"DDHD1",1857,1973,1442,1318
"DDHD2",1057,1033,1164,1156
"DDI1",0,0,0,0
"DDI2",282,284,117,94
"DDIAS",542,641,334,375
"DDIT3",893,665,643,499
"DDIT4",9370,7150,5203,4613
"DDIT4L",0,0,0,0
"DDN",79,90,18,30
"DDO",1,1,11,9
"DDOST",8080,6885,7713,7724
"DDR1",5273,4866,4993,4608
"DDR2",296,236,368,209
"DDRGK1",1447,1253,1081,1096
"DDT",0,0,0,0
"DDTL",0,0,0,0
"DDX1",3028,2731,1995,2452
"DDX10",1632,1668,773,1048
"DDX11",1449,1627,971,923
"DDX11-AS1",37,25,15,16
"DDX11L1",89,91,72,58
"DDX11L10",79,95,84,74
"DDX11L16",96,107,74,67
"DDX11L2",219,252,197,148
"DDX11L5",99,104,76,54
"DDX11L9",104,104,101,82
"DDX12P",1447,1850,990,915
"DDX17",8224,9490,8677,9635
"DDX18",2862,2873,1630,1593
"DDX19A",2344,2278,1685,1832
"DDX19B",1391,1293,1175,1253
"DDX20",1428,1299,770,944
"DDX21",8416,8295,2970,3088
"DDX23",3866,3774,2736,3258
"DDX24",6118,5766,3819,4320
"DDX25",2,0,0,0
"DDX26B",183,215,174,157
"DDX26B-AS1",5,2,0,0
"DDX27",2483,2499,1278,1598
"DDX28",1244,1107,613,727
"DDX31",1125,1134,428,630
"DDX39A",4285,4297,2115,2425
"DDX39B",10737,10300,8192,9679
"DDX3X",8531,8256,5948,4771
"DDX3Y",2099,2179,1427,930
"DDX4",3,1,1,2
"DDX41",3417,3279,2269,2716
"DDX42",3983,4094,3046,3777
"DDX43",8,12,0,0
"DDX46",2118,2332,1415,1353
"DDX47",2786,2535,2265,2731
"DDX49",1584,1505,778,731
"DDX5",16851,16529,13842,17253
"DDX50",1329,1188,913,1138
"DDX51",1185,1294,655,688
"DDX52",1807,1764,1347,1605
"DDX53",0,0,0,0
"DDX54",4038,3793,2634,3048
"DDX55",1074,1168,563,630
"DDX56",5641,5575,2714,2999
"DDX58",324,302,298,286
"DDX59",264,272,221,237
"DDX6",3179,3081,2799,3191
"DDX60",2,3,14,5
"DDX60L",19,29,21,9
"DEAF1",1711,1584,1449,1689
"DEAR",11,16,6,8
"DEC1",0,0,0,0
"DECR1",426,402,538,681
"DECR2",318,350,239,250
"DEDD",1141,1078,899,952
"DEDD2",1472,1408,867,863
"DEF6",156,153,122,129
"DEF8",1749,1873,1708,1644
"DEFA1",0,0,0,0
"DEFA10P",0,0,0,0
"DEFA11P",0,0,0,0
"DEFA1B",0,0,0,0
"DEFA3",0,0,0,0
"DEFA4",0,0,0,0
"DEFA5",0,0,0,0
"DEFA6",0,0,0,0
"DEFA8P",0,0,0,0
"DEFA9P",0,0,0,0
"DEFB1",3,5,2,0
"DEFB103A",0,0,0,0
"DEFB103B",0,0,0,0
"DEFB104A",0,0,0,0
"DEFB104B",0,0,0,0
"DEFB105A",0,0,0,0
"DEFB105B",0,0,0,0
"DEFB106A",0,0,0,0
"DEFB106B",0,0,0,0
"DEFB107A",0,0,0,0
"DEFB107B",0,0,0,0
"DEFB108B",0,0,0,0
"DEFB109P1",3,3,2,0
"DEFB109P1B",3,1,1,0
"DEFB110",0,0,0,0
"DEFB112",0,0,0,0
"DEFB113",0,0,0,0
"DEFB114",0,0,0,0
"DEFB115",0,0,0,0
"DEFB116",0,0,0,0
"DEFB118",0,0,0,0
"DEFB119",0,0,0,0
"DEFB121",0,0,0,0
"DEFB122",1,0,0,0
"DEFB123",0,0,0,0
"DEFB124",0,0,0,0
"DEFB125",0,0,0,0
"DEFB126",0,0,1,0
"DEFB127",0,0,0,0
"DEFB128",0,0,0,0
"DEFB129",0,0,0,0
"DEFB130",0,0,0,0
"DEFB131",0,0,0,0
"DEFB132",0,0,0,0
"DEFB133",0,0,0,0
"DEFB134",0,0,0,0
"DEFB135",0,0,0,0
"DEFB136",0,0,0,0
"DEFB4A",2,0,0,0
"DEFB4B",2,0,0,0
"DEFT1P",0,0,0,0
"DEFT1P2",0,0,0,0
"DEGS1",6523,5843,1973,2125
"DEGS2",6,13,35,36
"DEK",4661,4592,3725,2919
"DENND1A",1591,1503,1327,1280
"DENND1B",5,2,3,0
"DENND1C",3,3,11,3
"DENND2A",120,106,670,864
"DENND2C",42,62,65,91
"DENND2D",9,10,29,20
"DENND3",269,262,421,315
"DENND4A",292,273,214,169
"DENND4B",1401,1442,1379,1318
"DENND4C",425,376,450,283
"DENND5A",2191,2103,2617,2806
"DENND5B",494,555,731,615
"DENND5B-AS1",114,111,142,145
"DENND6A",425,471,349,360
"DENND6B",165,148,307,262
"DENR",3485,3300,1994,1998
"DEPDC1",858,870,802,794
"DEPDC1-AS1",10,5,3,12
"DEPDC1B",2699,2566,1851,1953
"DEPDC4",11,13,14,18
"DEPDC5",330,307,184,193
"DEPDC7",55,58,118,116
"DEPTOR",15,5,7,11
"DERA",324,281,365,419
"DERL1",1433,1262,1155,1078
"DERL2",1067,1061,827,961
"DERL3",0,0,0,0
"DES",12,7,88,33
"DESI1",2147,1950,1273,1353
"DESI2",3104,2818,2126,1626
"DET1",92,100,86,88
"DEXI",793,741,798,924
"DFFA",3531,3138,1663,1949
"DFFB",218,229,140,188
"DFNA5",223,204,400,393
"DFNB31",1982,2395,1139,1305
"DFNB59",51,67,80,96
"DGAT1",860,877,658,618
"DGAT2",927,825,733,883
"DGAT2L6",0,0,0,0
"DGCR10",0,1,1,1
"DGCR11",56,45,83,104
"DGCR14",957,977,660,723
"DGCR2",2031,1896,3632,4162
"DGCR5",225,228,153,187
"DGCR6",425,383,399,417
"DGCR6L",1094,947,1015,977
"DGCR8",1240,1483,976,1166
"DGCR9",15,12,23,24
"DGKA",210,234,611,545
"DGKB",2,3,4,3
"DGKD",1463,1525,2374,2411
"DGKE",209,264,231,190
"DGKG",0,0,3,2
"DGKH",239,231,312,235
"DGKI",2,0,4,3
"DGKK",0,0,21,18
"DGKQ",818,922,855,813
"DGKZ",687,685,873,914
"DGUOK",1446,1190,1149,1400
"DGUOK-AS1",7,12,21,23
"DHCR24",4489,4400,5752,5949
"DHCR7",1663,1577,1017,1247
"DHDDS",1280,1266,893,899
"DHDH",76,71,20,30
"DHFR",2126,2180,1818,2166
"DHFRL1",46,58,16,37
"DHH",1,3,5,4
"DHODH",510,486,169,239
"DHPS",933,814,569,724
"DHRS1",284,270,641,628
"DHRS11",423,432,281,324
"DHRS12",208,240,214,305
"DHRS13",456,392,325,359
"DHRS2",30,40,81,116
"DHRS3",135,128,751,832
"DHRS4",755,722,696,785
"DHRS4-AS1",617,568,427,484
"DHRS4L1",297,292,237,311
"DHRS4L2",875,845,767,908
"DHRS7",761,621,693,927
"DHRS7B",549,494,568,598
"DHRS7C",0,0,1,0
"DHRS9",0,1,0,0
"DHRSX",583,523,615,654
"DHTKD1",1189,1092,854,914
"DHX15",5270,4991,3192,3629
"DHX16",3444,3228,2013,2234
"DHX29",1384,1379,825,798
"DHX30",3235,3252,1659,1794
"DHX32",1746,1836,1594,1782
"DHX33",1770,1864,874,903
"DHX34",1320,1403,609,647
"DHX35",491,486,236,241
"DHX36",3143,2916,1385,1333
"DHX37",1965,1899,805,885
"DHX38",3311,3274,1523,1603
"DHX40",1672,1577,1296,1439
"DHX57",1366,1287,1116,1226
"DHX58",40,26,67,74
"DHX8",1367,1428,1144,1288
"DHX9",7229,7010,4163,5089
"DIABLO",2044,1744,1364,1565
"DIAPH1",4231,4096,4315,4797
"DIAPH2",96,116,141,175
"DIAPH2-AS1",0,0,0,1
"DIAPH3",757,757,1136,1281
"DIAPH3-AS1",7,9,18,10
"DIAPH3-AS2",0,0,0,0
"DICER1",1785,1805,1445,1009
"DICER1-AS1",38,37,29,24
"DIDO1",2422,2805,2096,2193
"DIEXF",1643,1552,524,684
"DIMT1",1689,1442,630,629
"DIO1",2,1,4,2
"DIO2",4,11,17,29
"DIO2-AS1",0,0,0,0
"DIO3",0,0,1,1
"DIO3OS",0,0,0,0
"DIP2A",793,886,984,918
"DIP2A-IT1",2,4,1,1
"DIP2B",1133,1095,1260,1179
"DIP2C",548,509,584,514
"DIRAS1",1621,1457,574,678
"DIRAS2",0,0,0,0
"DIRAS3",5,5,3,1
"DIRC1",0,0,0,0
"DIRC2",293,268,281,267
"DIRC3",2,0,2,2
"DIS3",2817,2872,1649,1414
"DIS3L",469,501,350,450
"DIS3L2",454,427,433,400
"DISC1",124,137,168,172
"DISC1-IT1",0,0,1,0
"DISC1FP1",0,0,0,0
"DISC2",6,2,1,6
"DISP1",99,116,164,193
"DISP2",194,180,78,80
"DIXDC1",1808,1717,938,715
"DKC1",5008,4623,2014,2465
"DKFZP434A062",12,17,9,9
"DKFZP434H168",0,0,0,0
"DKFZP434I0714",61,61,42,27
"DKFZP434K028",0,0,0,0
"DKFZP434L187",0,0,0,0
"DKFZP586I1420",34,33,38,43
"DKFZp434J0226",4,4,16,10
"DKFZp434L192",0,0,0,0
"DKFZp451B082",0,0,0,0
"DKFZp686K1684",0,0,2,3
"DKFZp779M0652",3,0,2,0
"DKK1",8077,7592,8367,7685
"DKK2",0,1,5,3
"DKK3",354,279,1333,1612
"DKK4",0,0,0,0
"DKKL1",20,19,5,6
"DLAT",1561,1513,929,698
"DLC1",0,0,10,2
"DLD",2329,2191,2321,1778
"DLEC1",34,49,38,40
"DLEU1",382,392,233,196
"DLEU1-AS1",0,0,0,0
"DLEU2",105,114,96,115
"DLEU2L",35,61,43,37
"DLEU7",0,0,3,2
"DLEU7-AS1",0,0,0,1
"DLG1",1197,1124,1015,923
"DLG1-AS1",9,3,11,14
"DLG2",224,226,482,529
"DLG3",472,468,744,735
"DLG3-AS1",0,2,7,6
"DLG4",1216,1236,704,678
"DLG5",6671,6597,3829,3467
"DLG5-AS1",125,95,81,91
"DLGAP1",539,564,358,418
"DLGAP1-AS1",249,232,110,103
"DLGAP1-AS2",70,70,92,123
"DLGAP1-AS3",183,215,5,19
"DLGAP1-AS4",28,16,6,10
"DLGAP1-AS5",2,5,1,0
"DLGAP2",9,8,3,2
"DLGAP2-AS1",1,2,1,0
"DLGAP3",256,231,269,236
"DLGAP4",1302,1261,1580,1723
"DLGAP4-AS1",16,19,9,14
"DLGAP5",1363,1311,1422,1839
"DLK1",119,114,155,212
"DLK2",86,70,119,133
"DLL1",18,25,34,26
"DLL3",402,357,129,106
"DLL4",6,8,25,17
"DLST",2807,2573,2695,3071
"DLSTP1",245,239,223,204
"DLX1",237,227,111,105
"DLX2",379,337,341,256
"DLX2-AS1",6,4,4,2
"DLX3",805,647,835,1076
"DLX4",499,448,731,941
"DLX5",35,44,28,20
"DLX6",31,32,18,21
"DLX6-AS1",4,1,6,6
"DMAP1",471,499,636,688
"DMBT1",2,1,0,0
"DMBT1P1",0,0,0,0
"DMBX1",23,30,56,47
"DMC1",14,15,8,3
"DMD",8,3,2,0
"DMGDH",4,5,6,2
"DMKN",1843,1579,1818,2258
"DMP1",13,13,14,17
"DMPK",1047,1145,1403,1547
"DMRT1",0,0,2,0
"DMRT2",0,1,0,0
"DMRT3",0,0,0,0
"DMRTA1",2,1,15,22
"DMRTA2",1,2,5,2
"DMRTB1",0,2,0,0
"DMRTC1",1,3,5,8
"DMRTC1B",1,3,5,8
"DMRTC2",0,2,0,0
"DMTF1",1203,1457,1226,1265
"DMTN",38,44,31,54
"DMWD",1157,1009,847,764
"DMXL1",437,449,475,295
"DMXL2",615,624,504,421
"DNA2",621,653,329,274
"DNAAF1",46,66,34,34
"DNAAF2",749,654,434,495
"DNAAF3",404,400,245,298
"DNAAF5",1875,1766,1253,1337
"DNAH1",121,158,150,104
"DNAH10",66,96,79,49
"DNAH11",448,460,396,362
"DNAH12",16,23,10,7
"DNAH14",414,456,247,223
"DNAH17",49,51,68,78
"DNAH17-AS1",0,0,2,1
"DNAH2",16,27,20,13
"DNAH3",1,6,0,5
"DNAH5",15,21,37,37
"DNAH6",10,15,24,26
"DNAH7",3,6,7,4
"DNAH8",0,0,0,1
"DNAH9",0,1,2,1
"DNAI1",6,11,2,2
"DNAI2",0,0,0,0
"DNAJA1",8616,8249,4404,5972
"DNAJA1P5",0,0,1,0
"DNAJA2",3069,2931,2164,2167
"DNAJA3",2960,2882,1448,1496
"DNAJA4",22,21,15,12
"DNAJB1",4060,3745,3216,3497
"DNAJB11",1527,1411,1490,1736
"DNAJB12",889,816,823,1058
"DNAJB13",80,57,62,61
"DNAJB14",995,1146,729,496
"DNAJB2",890,875,1377,1566
"DNAJB3",0,0,0,1
"DNAJB4",278,267,348,204
"DNAJB5",770,720,975,1288
"DNAJB5-AS1",2,1,1,3
"DNAJB6",2161,2050,1644,1594
"DNAJB7",35,25,38,15
"DNAJB8",0,0,0,0
"DNAJB8-AS1",0,0,0,0
"DNAJB9",351,327,443,336
"DNAJC1",2131,1968,2899,3347
"DNAJC10",2128,2191,1987,1905
"DNAJC11",3858,3973,2240,2575
"DNAJC12",0,3,2,5
"DNAJC13",1050,1067,958,1068
"DNAJC14",570,565,623,696
"DNAJC15",256,212,378,494
"DNAJC16",544,495,578,590
"DNAJC17",797,762,486,660
"DNAJC18",430,357,420,527
"DNAJC19",1032,1028,478,580
"DNAJC2",2518,2677,1319,1878
"DNAJC21",959,870,850,1133
"DNAJC22",11,7,107,149
"DNAJC24",432,396,334,302
"DNAJC25",562,553,264,334
"DNAJC25-GNG10",2482,2229,2164,1139
"DNAJC27",89,92,85,56
"DNAJC27-AS1",8,4,1,3
"DNAJC28",65,79,73,81
"DNAJC3",831,806,980,814
"DNAJC3-AS1",61,66,33,45
"DNAJC30",785,663,594,507
"DNAJC4",210,164,269,251
"DNAJC5",1809,1633,1909,1815
"DNAJC5B",47,39,15,1
"DNAJC5G",1,0,0,2
"DNAJC6",104,88,204,122
"DNAJC7",5532,5200,3794,4861
"DNAJC8",6608,6240,4102,5664
"DNAJC9",1850,1837,1377,1561
"DNAJC9-AS1",26,45,62,61
"DNAL1",376,431,359,447
"DNAL4",582,462,598,607
"DNALI1",75,65,35,38
"DNASE1",272,297,226,233
"DNASE1L1",508,500,524,549
"DNASE1L2",26,33,35,25
"DNASE1L3",0,0,4,1
"DNASE2",1166,813,1092,1167
"DNASE2B",0,0,0,0
"DND1",291,324,201,302
"DNER",9,7,8,9
"DNHD1",277,307,194,144
"DNLZ",635,560,321,301
"DNM1",438,571,501,438
"DNM1L",1790,1721,1337,1295
"DNM1P35",3,3,12,12
"DNM1P41",27,45,37,34
"DNM1P46",32,35,21,15
"DNM2",2326,2260,2499,2433
"DNM3",856,839,354,238
"DNM3-IT1",0,0,0,1
"DNM3OS",2782,3486,2042,1724
"DNMBP",2276,2198,1794,2191
"DNMBP-AS1",65,66,44,39
"DNMT1",5244,5096,3593,3779
"DNMT3A",380,377,270,216
"DNMT3B",266,259,404,418
"DNMT3L",9,7,16,5
"DNPEP",1853,1661,1303,1329
"DNPH1",2014,1773,1188,1236
"DNTT",0,1,0,0
"DNTTIP1",598,513,489,564
"DNTTIP2",4461,4381,2084,2923
"DOC2A",739,692,428,321
"DOC2B",0,1,1,0
"DOC2GP",0,1,0,0
"DOCK1",1533,1505,992,1112
"DOCK10",0,0,4,1
"DOCK11",19,7,92,102
"DOCK2",0,0,2,6
"DOCK3",461,602,838,714
"DOCK4",16,19,59,50
"DOCK4-AS1",1,1,0,0
"DOCK5",6,6,30,13
"DOCK6",1006,977,581,657
"DOCK7",1170,972,1012,1075
"DOCK8",16,13,11,19
"DOCK9",119,147,242,232
"DOCK9-AS1",0,0,0,0
"DOCK9-AS2",7,7,14,5
"DOHH",2002,1659,960,1133
"DOK1",340,301,483,573
"DOK2",2,0,1,4
"DOK3",83,109,98,133
"DOK4",1413,1304,1249,1396
"DOK5",1,0,7,10
"DOK6",4,5,9,25
"DOK7",14,10,12,12
"DOLK",1112,984,739,816
"DOLPP1",610,606,523,700
"DONSON",892,964,791,796
"DOPEY1",187,213,196,209
"DOPEY2",315,304,899,943
"DOT1L",3438,3688,1763,1799
"DPAGT1",1141,1157,623,637
"DPCD",1738,1737,609,755
"DPCR1",9,8,19,13
"DPEP1",19,11,16,15
"DPEP2",3,0,2,0
"DPEP3",1,5,0,0
"DPF1",250,240,189,196
"DPF2",2036,1809,1347,1610
"DPF3",0,0,4,3
"DPH1",1269,1190,1506,1566
"DPH2",1888,1715,660,776
"DPH3",1658,1558,1453,1484
"DPH3P1",61,72,45,58
"DPH5",1334,1142,634,778
"DPH6",462,430,99,93
"DPH6-AS1",9,10,8,7
"DPH7",909,898,680,740
"DPM1",2797,2432,1509,1789
"DPM2",1234,1130,975,1103
"DPM3",390,325,272,266
"DPP10",0,0,0,0
"DPP10-AS1",0,0,0,0
"DPP10-AS3",0,0,0,0
"DPP3",1778,1624,1264,1205
"DPP4",0,0,1,0
"DPP6",13,12,12,22
"DPP7",258,290,255,257
"DPP8",412,430,389,273
"DPP9",2158,2088,1420,1365
"DPP9-AS1",152,145,131,108
"DPPA2",0,1,0,0
"DPPA2P3",0,0,0,0
"DPPA3",30,33,4,4
"DPPA4",2,3,0,0
"DPPA5",0,0,0,0
"DPRX",1,0,0,0
"DPRXP4",1,0,1,0
"DPT",0,0,0,0
"DPY19L1",641,655,616,553
"DPY19L1P1",72,77,56,57
"DPY19L2",464,620,679,537
"DPY19L2P1",42,57,63,38
"DPY19L2P2",218,206,131,93
"DPY19L2P3",2,5,2,3
"DPY19L2P4",41,64,49,24
"DPY19L3",739,870,667,577
"DPY19L4",397,382,407,275
"DPY30",1311,1150,1135,1301
"DPYD",2,1,0,0
"DPYD-AS1",0,0,0,0
"DPYD-AS2",0,0,0,0
"DPYS",242,243,143,179
"DPYSL2",391,368,1236,849
"DPYSL3",44,46,76,78
"DPYSL4",369,393,372,400
"DPYSL5",316,330,588,666
"DQX1",99,102,60,41
"DR1",1490,1300,1104,739
"DRAIC",5,4,4,5
"DRAM1",3217,2951,3510,3942
"DRAM2",727,628,653,662
"DRAP1",3350,2726,1558,1462
"DRAXIN",36,26,24,33
"DRC1",4,2,4,3
"DRC7",15,14,5,4
"DRD1",0,0,0,0
"DRD2",0,1,2,1
"DRD3",0,0,0,0
"DRD4",26,41,12,26
"DRD5",0,0,3,0
"DRD5P2",4,0,29,12
"DRG1",1867,1851,1094,1277
"DRG2",734,643,433,498
"DRGX",26,18,17,19
"DRICH1",0,0,4,6
"DROSHA",1996,2100,1894,2350
"DRP2",13,33,92,93
"DSC1",0,0,0,0
"DSC2",0,0,0,2
"DSC3",0,0,0,0
"DSCAM",0,0,0,0
"DSCAM-AS1",0,0,0,0
"DSCAM-IT1",0,0,0,0
"DSCAML1",1,1,1,1
"DSCAS",0,0,0,0
"DSCC1",444,466,186,195
"DSCR10",0,0,0,0
"DSCR3",1110,1075,1106,1152
"DSCR4",0,0,0,0
"DSCR8",0,0,0,0
"DSCR9",18,26,7,5
"DSE",798,740,1096,994
"DSEL",39,29,21,19
"DSG1",0,0,0,0
"DSG1-AS1",0,0,0,0
"DSG2",0,3,2,0
"DSG2-AS1",0,0,0,0
"DSG3",1,0,1,0
"DSG4",0,0,0,0
"DSN1",747,759,481,528
"DSP",22705,21645,24616,26994
"DSPP",2,0,0,0
"DST",1425,1443,3861,3849
"DSTN",4216,3960,4779,4911
"DSTNP2",141,140,103,153
"DSTYK",672,647,750,827
"DTD1",1454,1308,1260,1344
"DTD2",612,531,394,444
"DTHD1",0,0,0,0
"DTL",1194,1140,550,510
"DTNA",24,36,35,48
"DTNB",618,610,473,541
"DTNBP1",363,308,381,420
"DTWD1",611,597,314,298
"DTWD2",197,181,157,190
"DTX1",79,81,82,67
"DTX2",474,466,369,333
"DTX2P1-UPK3BP1-PMS2P11",169,167,133,143
"DTX3",849,838,653,659
"DTX3L",48,57,580,662
"DTX4",445,423,924,870
"DTYMK",1909,1695,1178,1234
"DUOX1",3,5,9,11
"DUOX2",21,19,12,13
"DUOXA1",1,2,2,1
"DUOXA2",0,0,0,0
"DUPD1",0,0,0,1
"DUS1L",2505,2574,1893,1924
"DUS2",480,433,245,309
"DUS3L",1795,1735,762,814
"DUS4L",267,246,162,182
"DUSP1",4721,4034,1970,1990
"DUSP10",1,3,111,106
"DUSP11",1488,1225,1085,1081
"DUSP12",743,699,452,503
"DUSP13",4,6,83,43
"DUSP14",1286,1158,1158,1048
"DUSP15",9,17,8,6
"DUSP16",779,670,1400,1769
"DUSP18",135,149,59,63
"DUSP19",22,29,32,21
"DUSP2",626,703,467,488
"DUSP21",0,0,0,0
"DUSP22",516,536,496,505
"DUSP23",629,567,322,403
"DUSP26",1,0,1,2
"DUSP27",11,11,53,92
"DUSP28",82,77,62,46
"DUSP3",3504,3266,3615,4372
"DUSP4",4,2,14,10
"DUSP5",1114,969,3320,3229
"DUSP5P1",15,29,31,26
"DUSP6",8142,7139,5437,2727
"DUSP7",1497,1388,873,862
"DUSP8",55,66,357,376
"DUSP9",21,28,9,22
"DUT",1147,1154,835,756
"DUX4",0,0,0,0
"DUXA",93,99,2,13
"DUXAP10",1402,1387,1123,1222
"DUXAP8",1437,1435,1084,1170
"DVL1",1629,1604,1113,1168
"DVL2",1898,1771,1714,1960
"DVL3",1948,1906,2006,2113
"DXO",14787,13494,12379,14726
"DYDC1",0,0,0,0
"DYDC2",7,4,5,8
"DYM",1456,1350,1214,1297
"DYNAP",0,1,0,0
"DYNC1H1",7222,7213,6299,6016
"DYNC1I1",35,33,58,65
"DYNC1I2",2233,2057,2218,2218
"DYNC1LI1",1940,1846,1153,1134
"DYNC1LI2",2213,2701,3097,2683
"DYNC2H1",1258,1301,703,661
"DYNC2LI1",176,186,121,126
"DYNLL1",5687,5124,6456,7872
"DYNLL2",1920,1699,1330,1371
"DYNLRB1",1769,1721,1965,2205
"DYNLRB2",3,1,0,1
"DYNLT1",2354,2077,2811,3406
"DYNLT3",0,0,0,0
"DYRK1A",1223,1220,1230,1079
"DYRK1B",743,690,881,906
"DYRK2",330,346,602,445
"DYRK3",277,277,260,265
"DYRK4",327,316,316,369
"DYSF",7,3,59,84
"DYTN",0,0,0,0
"DYX1C1",208,193,179,161
"DYX1C1-CCPG1",739,686,1027,941
"DZANK1",99,109,240,221
"DZIP1",1998,2086,1973,2431
"DZIP1L",310,367,369,365
"DZIP3",726,715,623,713
"E2F1",1106,1057,677,721
"E2F2",451,422,203,231
"E2F3",792,833,766,712
"E2F4",3109,2842,1836,2021
"E2F5",1306,1269,742,826
"E2F6",1252,1133,679,743
"E2F7",417,517,304,242
"E2F8",283,280,212,233
"E4F1",1101,1174,720,748
"EAF1",1199,1143,769,776
"EAF2",30,40,26,28
"EAPP",904,774,805,956
"EARS2",1204,1130,843,928
"EBAG9",325,268,354,420
"EBF1",1,0,0,0
"EBF2",0,0,0,0
"EBF3",6,6,7,7
"EBF4",122,147,228,288
"EBI3",505,377,310,212
"EBLN1",1,1,1,1
"EBLN2",10,13,18,12
"EBLN3",1118,1175,865,744
"EBNA1BP2",17051,15415,3553,3551
"EBP",1422,1344,913,890
"EBPL",1397,1287,828,816
"ECD",2010,1760,1146,1207
"ECE1",2275,2168,3174,3329
"ECE2",729,617,340,347
"ECEL1",157,99,190,227
"ECEL1P2",25,14,27,27
"ECH1",3902,3253,1608,2412
"ECHDC1",1890,1905,1333,1383
"ECHDC2",7,14,18,16
"ECHDC3",0,0,0,0
"ECHS1",3772,3350,3471,4006
"ECI1",1942,1694,1561,1710
"ECI2",1431,1279,1612,2057
"ECM1",4235,3528,2890,2376
"ECM2",2,3,4,0
"ECRP",0,0,1,4
"ECSCR",4,6,108,48
"ECSIT",1120,1039,590,657
"ECT2",1199,1122,1201,569
"ECT2L",5,6,6,5
"EDA",20,22,42,48
"EDA2R",680,712,807,803
"EDAR",0,1,0,0
"EDARADD",3915,3562,2667,3584
"EDC3",2293,2156,1684,1850
"EDC4",1839,1939,2182,1957
"EDDM3A",1,0,2,0
"EDDM3B",0,0,2,0
"EDEM1",534,521,1068,749
"EDEM2",1865,1653,806,938
"EDEM3",565,665,652,462
"EDF1",6090,5410,5372,6471
"EDIL3",1,0,1,0
"EDN1",529,442,496,438
"EDN2",14,8,28,25
"EDN3",0,0,0,0
"EDNRA",0,0,4,3
"EDNRB",0,0,1,0
"EDNRB-AS1",0,0,0,0
"EDRF1",596,657,585,613
"EDRF1-AS1",15,16,13,8
"EEA1",330,343,631,270
"EED",627,613,341,388
"EEF1A1",234207,189535,202548,238130
"EEF1A2",994,871,692,940
"EEF1B2",9243,7809,5433,6088
"EEF1D",10290,9761,7598,8935
"EEF1DP3",0,0,0,0
"EEF1E1",2229,2096,973,1161
"EEF1E1-BLOC1S5",1822,1627,842,1039
"EEF1G",42636,37963,33749,42405
"EEF2",65394,59883,51584,56511
"EEF2K",616,690,506,599
"EEF2KMT",1420,1255,740,890
"EEFSEC",684,656,532,580
"EEPD1",197,250,160,150
"EFCAB1",0,0,0,0
"EFCAB10",65,41,34,35
"EFCAB11",249,227,132,203
"EFCAB12",11,12,8,3
"EFCAB13",6,1,20,12
"EFCAB14",1124,1158,1523,1415
"EFCAB14-AS1",20,18,6,11
"EFCAB2",127,161,149,162
"EFCAB3",1,2,0,1
"EFCAB5",61,60,65,39
"EFCAB6",68,51,40,41
"EFCAB6-AS1",0,2,4,0
"EFCAB7",84,77,70,63
"EFCAB9",0,1,0,2
"EFCC1",3,3,2,1
"EFEMP1",0,1,2,0
"EFEMP2",1615,1446,2932,3410
"EFHB",8,6,7,8
"EFHC1",462,508,468,535
"EFHC2",5,0,6,1
"EFHD1",308,240,260,380
"EFHD2",2559,2215,1502,1555
"EFNA1",26,24,199,248
"EFNA2",89,62,45,62
"EFNA3",114,103,60,92
"EFNA4",183,175,207,252
"EFNA5",191,240,490,495
"EFNB1",351,310,494,390
"EFNB2",16,18,11,15
"EFNB3",1327,1339,941,1273
"EFR3A",394,375,668,413
"EFR3B",85,94,304,262
"EFS",0,0,1,0
"EFTUD1",377,351,447,530
"EFTUD1P1",18,13,11,10
"EFTUD2",5990,5787,3665,3845
"EGF",0,1,21,31
"EGFEM1P",1,0,0,0
"EGFL6",58,52,2,4
"EGFL7",532,507,502,482
"EGFL8",495,579,479,526
"EGFLAM",1,1,5,5
"EGFLAM-AS2",0,0,1,1
"EGFLAM-AS4",0,0,0,0
"EGFR",14,17,20,19
"EGFR-AS1",0,0,3,0
"EGLN1",959,852,1258,852
"EGLN2",2034,1875,1836,1918
"EGLN3",31,19,15,25
"EGOT",1,0,7,3
"EGR1",5133,5217,6038,5943
"EGR2",16,14,10,11
"EGR3",28,28,9,26
"EGR4",18,14,4,13
"EHBP1",764,735,734,651
"EHBP1L1",98,102,60,69
"EHD1",1379,1166,1747,1701
"EHD2",4,8,20,20
"EHD3",351,346,532,407
"EHD4",549,451,990,957
"EHD4-AS1",0,0,1,0
"EHF",0,0,0,1
"EHHADH",2,2,0,0
"EHHADH-AS1",1,0,0,0
"EHMT1",1755,1811,1232,1347
"EHMT1-IT1",5,2,1,0
"EHMT2",10341,9835,8628,9590
"EI24",7024,6540,3089,3352
"EID1",5315,4864,5373,3392
"EID2",995,945,910,865
"EID2B",209,220,150,140
"EID3",199,260,83,71
"EIF1",8830,7218,6357,7757
"EIF1AD",1246,1238,644,667
"EIF1AX",4484,4282,2339,1929
"EIF1AX-AS1",3,0,0,0
"EIF1AY",745,683,514,617
"EIF1B",1437,1092,1076,1158
"EIF1B-AS1",11,9,0,6
"EIF2A",1256,1256,959,1193
"EIF2AK1",5571,5211,4782,5662
"EIF2AK2",390,390,342,293
"EIF2AK3",434,395,369,437
"EIF2AK4",786,692,761,759
"EIF2B1",2054,2052,1467,1444
"EIF2B2",1845,1619,1163,1210
"EIF2B3",1404,1298,658,738
"EIF2B4",2587,2426,1549,1821
"EIF2B5",956,991,815,987
"EIF2B5-AS1",0,0,0,1
"EIF2D",1801,1512,1202,1380
"EIF2S1",4445,3885,2330,2430
"EIF2S2",6706,5764,4401,4548
"EIF2S3",6978,6642,5004,5619
"EIF3A",11866,11402,7653,8746
"EIF3B",7415,7494,4462,4838
"EIF3C",27089,24612,17760,19095
"EIF3CL",27070,24593,17748,19077
"EIF3D",12119,10935,6239,7641
"EIF3E",6980,6630,4596,5787
"EIF3F",8001,7051,4635,5305
"EIF3G",6787,6323,4420,5107
"EIF3H",8710,8403,6110,7270
"EIF3I",7586,6476,4307,4518
"EIF3IP1",290,251,190,211
"EIF3J",4736,4531,2613,2871
"EIF3J-AS1",246,217,199,197
"EIF3K",2700,2311,1680,1960
"EIF3L",7499,6408,4997,5822
"EIF3M",5345,4720,2716,3149
"EIF4A1",26837,23794,13638,15736
"EIF4A2",3919,4079,3545,4056
"EIF4A3",5915,5489,3096,3420
"EIF4B",11137,10384,9662,12023
"EIF4E",2251,2099,1366,1212
"EIF4E1B",2,0,1,7
"EIF4E2",1707,1636,1479,1891
"EIF4E3",3,1,2,1
"EIF4EBP1",2019,1617,1096,771
"EIF4EBP2",5173,4706,3662,3745
"EIF4EBP3",328,306,240,271
"EIF4ENIF1",1031,1097,876,1015
"EIF4G1",9088,8645,6759,6934
"EIF4G2",23045,20642,20251,19921
"EIF4G3",2282,2365,2870,2741
"EIF4H",19501,17965,10934,10824
"EIF5",4933,4296,3926,3793
"EIF5A",22354,20744,13053,12597
"EIF5A2",368,324,299,194
"EIF5AL1",9444,8698,5630,5573
"EIF5B",6644,6707,3813,5093
"EIF6",7222,6488,3214,3711
"ELAC1",459,396,329,383
"ELAC2",4521,4438,2538,2713
"ELANE",0,0,0,0
"ELAVL1",4983,4758,3478,3595
"ELAVL2",0,0,0,0
"ELAVL3",234,225,30,22
"ELAVL4",0,0,0,0
"ELDR",0,0,0,0
"ELF1",359,363,403,366
"ELF2",408,378,359,375
"ELF3",36,26,345,359
"ELF4",773,767,831,845
"ELF5",0,0,1,0
"ELFN1",614,599,347,379
"ELFN1-AS1",0,1,1,0
"ELFN2",37,29,52,40
"ELK1",1342,1135,705,665
"ELK2AP",1,0,0,0
"ELK3",3529,3082,2181,1501
"ELK4",504,522,589,406
"ELL",1016,905,627,577
"ELL2",141,108,189,84
"ELL3",432,445,438,614
"ELMO1",21,25,104,76
"ELMO1-AS1",0,0,0,0
"ELMO2",837,829,864,954
"ELMO3",66,68,72,55
"ELMOD1",14,16,21,16
"ELMOD2",676,698,767,770
"ELMOD3",205,252,178,203
"ELMSAN1",830,787,628,703
"ELN",6,4,1,0
"ELOF1",2461,2272,1646,1880
"ELOVL1",1771,1460,1682,1873
"ELOVL2",204,230,788,804
"ELOVL2-AS1",5,7,14,21
"ELOVL3",94,98,18,24
"ELOVL4",874,858,928,718
"ELOVL5",2010,1888,1670,1517
"ELOVL6",606,648,845,929
"ELOVL7",814,847,1264,1329
"ELP2",828,781,488,600
"ELP3",1012,892,674,755
"ELP4",325,337,224,294
"ELP5",1649,1347,900,1004
"ELP6",929,788,695,812
"ELSPBP1",1,0,5,3
"EMB",500,537,395,288
"EMBP1",77,97,62,64
"EMC1",2522,2334,2116,1874
"EMC10",1978,1692,3159,2926
"EMC2",346,351,230,238
"EMC3",1513,1271,1131,1161
"EMC3-AS1",426,485,313,303
"EMC4",2518,2128,1485,1625
"EMC6",2061,1813,1163,1373
"EMC7",1900,1558,1373,1394
"EMC8",1952,1830,1253,1213
"EMC9",500,522,398,410
"EMCN",1,0,0,0
"EMD",1638,1516,1485,1574
"EME1",912,902,694,852
"EME2",63,103,51,44
"EMG1",1910,1707,850,950
"EMID1",72,59,94,113
"EMILIN1",44,30,55,50
"EMILIN2",24,22,262,189
"EMILIN3",456,578,272,354
"EML1",802,739,950,1037
"EML2",2048,1782,1196,1279
"EML2-AS1",438,399,129,143
"EML3",1115,1168,838,834
"EML4",5779,5720,3238,3178
"EML5",61,59,33,61
"EML6",47,55,60,91
"EMP1",64988,59225,17888,17595
"EMP2",309,292,347,585
"EMP3",2907,2539,1934,2561
"EMX1",2,0,0,1
"EMX2",0,1,0,0
"EMX2OS",0,1,0,2
"EN1",0,0,0,0
"EN2",15,17,10,6
"ENAH",4848,4828,4551,3626
"ENAM",1,1,0,0
"ENC1",2904,2954,2657,2299
"ENDOD1",96,75,478,406
"ENDOG",843,794,539,527
"ENDOU",4,2,12,4
"ENDOV",321,254,228,214
"ENG",438,363,685,557
"ENGASE",486,528,456,455
"ENHO",236,230,66,86
"ENKD1",26,27,22,23
"ENKUR",21,25,9,14
"ENO1",58194,51486,38115,41425
"ENO1-AS1",30,25,14,22
"ENO2",260,269,303,349
"ENO3",897,879,882,1236
"ENO4",11,23,14,10
"ENOPH1",1589,1481,851,704
"ENOSF1",7110,6893,5439,5783
"ENOX1",2,2,1,0
"ENOX1-AS2",0,0,0,0
"ENOX2",256,242,267,269
"ENPEP",0,0,0,0
"ENPP1",2,4,3,2
"ENPP2",0,2,2,6
"ENPP3",0,0,0,0
"ENPP4",0,1,0,0
"ENPP5",0,0,0,0
"ENPP6",0,0,4,0
"ENPP7",0,0,1,0
"ENPP7P13",1,1,1,0
"ENSA",4801,4288,4219,5090
"ENTHD1",3,0,0,0
"ENTHD2",720,793,588,602
"ENTPD1",744,846,456,557
"ENTPD1-AS1",17,16,9,6
"ENTPD2",4,2,4,2
"ENTPD3",2,2,9,10
"ENTPD3-AS1",14,18,15,24
"ENTPD4",795,816,1251,1308
"ENTPD5",97,79,67,49
"ENTPD6",1230,1215,1126,1046
"ENTPD7",521,471,484,452
"ENTPD8",22,30,26,28
"ENY2",1331,1258,1019,1270
"EOGT",440,460,405,292
"EOMES",284,276,20,34
"EP300",2165,2218,1541,1415
"EP300-AS1",29,29,26,15
"EP400",2469,2584,1812,1814
"EP400NL",71,103,74,63
"EPAS1",94,74,1771,1351
"EPB41",1217,1197,1284,1409
"EPB41L1",1983,1883,1515,1595
"EPB41L2",630,613,1240,1193
"EPB41L3",2,2,0,0
"EPB41L4A",141,254,88,146
"EPB41L4A-AS1",626,533,293,365
"EPB41L4A-AS2",0,0,0,0
"EPB41L4B",347,299,223,175
"EPB41L5",716,723,1101,1101
"EPB42",0,0,0,0
"EPC1",679,676,474,635
"EPC2",380,381,353,349
"EPCAM",152,139,204,245
"EPDR1",0,0,0,0
"EPG5",651,652,974,783
"EPGN",1,3,1,2
"EPHA1",13,13,16,12
"EPHA1-AS1",1,0,1,0
"EPHA10",17,8,67,68
"EPHA2",5069,4521,4334,3832
"EPHA3",3,1,2,2
"EPHA4",1,2,0,1
"EPHA5",9,9,18,7
"EPHA5-AS1",4,5,6,10
"EPHA6",0,0,0,0
"EPHA7",87,83,9,12
"EPHA8",5,9,0,3
"EPHB1",0,3,3,3
"EPHB2",59,48,259,198
"EPHB3",50,68,247,289
"EPHB4",4273,3860,2370,2595
"EPHB6",0,0,0,0
"EPHX1",619,535,752,890
"EPHX2",286,252,252,249
"EPHX3",6,5,6,7
"EPHX4",165,169,143,108
"EPM2A",145,122,84,117
"EPM2AIP1",1466,1759,1019,1031
"EPN1",4453,3914,3489,3202
"EPN2",1031,957,729,696
"EPN2-AS1",0,0,1,0
"EPN2-IT1",1,0,1,2
"EPN3",25,37,31,15
"EPO",8,12,3,4
"EPOR",413,420,252,293
"EPPIN",0,0,0,0
"EPPIN-WFDC6",0,0,0,0
"EPPK1",190,234,524,419
"EPRS",4653,4159,3617,3545
"EPS15",1097,984,1258,970
"EPS15L1",1068,1029,726,834
"EPS8",3,2,78,69
"EPS8L1",103,94,133,127
"EPS8L2",1388,1319,665,512
"EPS8L3",15,8,10,3
"EPSTI1",0,0,0,1
"EPT1",2569,2524,1573,1841
"EPX",0,2,2,5
"EPYC",0,0,1,0
"EQTN",0,0,0,0
"ERAL1",2210,2017,1604,1890
"ERAP1",654,576,1489,1401
"ERAP2",12,8,381,252
"ERAS",0,3,1,2
"ERBB2",1635,1588,2723,3130
"ERBB2IP",1291,1236,1373,1100
"ERBB3",94,87,40,37
"ERBB4",2,2,0,0
"ERC1",1346,1328,1703,1775
"ERC2",38,32,57,64
"ERC2-IT1",0,0,0,0
"ERCC1",6761,6073,2318,1970
"ERCC2",1596,1461,1475,1360
"ERCC3",2000,2069,1292,1484
"ERCC4",330,343,240,196
"ERCC5",842,879,956,1194
"ERCC6",261,289,302,225
"ERCC6-PGBD3",99,114,144,142
"ERCC6L",639,668,328,366
"ERCC6L2",548,541,629,688
"ERCC8",400,365,261,276
"EREG",0,0,0,0
"ERF",4589,4124,2439,3185
"ERG",2,1,1,1
"ERGIC1",3038,2912,2956,3196
"ERGIC2",660,676,637,640
"ERGIC3",1657,1503,1361,1555
"ERH",7838,6485,4995,5727
"ERI1",6812,6476,2539,2001
"ERI2",311,286,239,198
"ERI3",2509,2341,1338,1487
"ERI3-IT1",12,10,11,4
"ERICH1",723,771,587,810
"ERICH1-AS1",1,1,1,0
"ERICH2",84,70,155,158
"ERICH3",0,0,0,0
"ERICH3-AS1",0,0,0,0
"ERICH4",2,0,2,2
"ERICH5",3,5,0,0
"ERICH6",3,2,2,1
"ERICH6-AS1",23,8,13,14
"ERICH6B",0,0,0,0
"ERLEC1",604,553,661,532
"ERLIN1",1214,1128,1366,1382
"ERLIN2",2861,2433,1376,991
"ERMAP",139,132,172,166
"ERMARD",302,358,167,200
"ERMN",0,0,1,1
"ERMP1",530,505,2104,2001
"ERN1",41,36,37,22
"ERN2",97,89,111,95
"ERO1L",3228,3016,2222,2140
"ERO1LB",175,172,153,90
"ERP27",0,0,21,24
"ERP29",3235,2827,3435,4419
"ERP44",1824,1617,2043,2239
"ERRFI1",28525,25245,10623,8923
"ERV3-1",178,156,196,217
"ERVFRD-1",4,0,2,4
"ERVH48-1",0,1,7,1
"ERVK13-1",168,203,214,194
"ERVMER34-1",1,0,0,0
"ERVV-1",0,1,0,0
"ERVV-2",1,1,0,0
"ESAM",15,18,139,134
"ESCO1",1072,1150,631,630
"ESCO2",336,341,272,207
"ESD",4532,4054,2890,3613
"ESF1",1764,1840,716,874
"ESM1",0,0,0,0
"ESPL1",972,1006,686,741
"ESPN",11,5,15,20
"ESPNL",133,144,145,151
"ESPNP",0,0,1,1
"ESR1",1,3,7,4
"ESR2",17,19,17,7
"ESRG",4,7,3,11
"ESRP1",7,2,17,6
"ESRP2",237,207,181,172
"ESRRA",1297,1124,831,724
"ESRRB",14,5,16,7
"ESRRG",1,0,0,0
"ESX1",0,0,0,0
"ESYT1",2391,2222,2696,2881
"ESYT2",855,826,1138,1317
"ESYT3",1,2,4,0
"ETAA1",465,547,432,436
"ETF1",9138,8006,5467,5754
"ETFA",3480,2913,3598,3552
"ETFB",1791,1551,1591,1676
"ETFDH",209,206,175,193
"ETHE1",1924,1717,1561,1507
"ETNK1",1233,1249,845,488
"ETNK2",160,146,397,313
"ETNPPL",0,0,0,0
"ETS1",1064,979,857,1005
"ETS2",9,9,12,14
"ETV1",45,35,72,33
"ETV2",14,9,16,13
"ETV3",103,115,62,59
"ETV3L",13,6,8,2
"ETV4",2477,2159,1325,997
"ETV5",1878,1745,2203,1439
"ETV6",243,211,312,302
"ETV7",55,24,31,36
"EVA1A",1949,1746,625,560
"EVA1B",323,309,370,264
"EVA1C",59,53,34,25
"EVADR",0,0,0,0
"EVC",442,501,406,384
"EVC2",434,447,298,388
"EVI2A",0,0,2,0
"EVI2B",0,0,2,0
"EVI5",460,434,413,311
"EVI5L",521,524,707,613
"EVL",627,603,687,694
"EVPL",15,16,16,7
"EVPLL",0,1,0,0
"EVX1",0,1,1,1
"EVX1-AS",0,0,0,0
"EVX2",0,0,0,0
"EWSAT1",1,0,18,6
"EWSR1",8958,8288,5927,7645
"EXD1",1,7,8,5
"EXD2",347,337,496,563
"EXD3",263,367,303,281
"EXO1",625,656,341,404
"EXO5",140,140,119,155
"EXOC1",639,668,514,454
"EXOC2",912,888,746,667
"EXOC3",611,584,612,588
"EXOC3-AS1",194,177,142,127
"EXOC3L1",36,24,56,38
"EXOC3L2",6,1,3,9
"EXOC3L4",2,4,21,18
"EXOC4",1343,1294,1235,1754
"EXOC5",1813,1772,1431,948
"EXOC6",241,232,276,223
"EXOC6B",167,174,223,177
"EXOC7",4591,4391,4554,4871
"EXOC8",565,538,340,224
"EXOG",430,463,382,415
"EXOSC1",1148,1000,758,936
"EXOSC10",5052,5580,2545,3284
"EXOSC2",1680,1631,724,835
"EXOSC3",1965,1988,962,1252
"EXOSC4",1749,1671,700,738
"EXOSC5",1095,926,451,372
"EXOSC6",1819,1736,1026,864
"EXOSC7",1275,1185,797,824
"EXOSC8",822,703,508,497
"EXOSC9",1101,1087,600,823
"EXPH5",12,24,356,388
"EXT1",441,397,3459,3492
"EXT2",1449,1281,1942,1850
"EXTL1",6456,6437,3844,3822
"EXTL2",665,739,557,505
"EXTL3",1109,1115,2100,1939
"EXTL3-AS1",1,3,3,6
"EYA1",1,0,0,0
"EYA2",3,4,11,21
"EYA3",1035,1161,789,811
"EYA4",0,0,0,0
"EYS",5,4,3,5
"EZH1",753,873,548,643
"EZH2",1330,1321,873,972
"EZR",6165,5459,7672,8373
"EZR-AS1",12,10,15,12
"F10",27,25,8,16
"F10-AS1",0,1,2,3
"F11",0,0,0,0
"F11-AS1",0,0,0,0
"F11R",2002,1763,3680,3811
"F12",520,468,201,239
"F13A1",0,0,0,0
"F13B",0,0,0,1
"F2",1,0,1,4
"F2R",8777,8058,5230,4714
"F2RL1",9733,8721,2211,2047
"F2RL2",12859,12712,6417,7277
"F2RL3",0,0,0,1
"F3",23,21,72,69
"F5",104,98,180,252
"F7",1,2,8,12
"F8",15,11,10,13
"F8A1",1158,996,635,615
"F8A2",494,464,286,166
"F8A3",494,464,286,166
"F9",0,0,0,0
"FA2H",42,50,37,23
"FAAH",19,23,10,10
"FAAH2",0,1,1,3
"FAAHP1",0,4,1,4
"FAAP100",1311,1342,1159,1151
"FAAP20",2762,2542,2195,2345
"FAAP24",153,118,85,79
"FABP1",0,0,0,0
"FABP12",0,0,0,0
"FABP2",15,15,2,4
"FABP3",36,32,44,34
"FABP4",0,0,0,0
"FABP5",2129,1942,1113,1319
"FABP5P3",5,6,2,3
"FABP6",19,22,4,1
"FABP7",1,0,0,1
"FABP9",0,0,0,0
"FADD",1158,1024,1124,1065
"FADS1",3944,3844,2891,3249
"FADS2",4436,4158,3685,4352
"FADS3",1416,1396,2332,2145
"FADS6",0,1,0,0
"FAF1",2281,2048,1539,1895
"FAF2",2926,2829,2390,2685
"FAH",161,160,190,191
"FAHD1",1339,1243,1093,1195
"FAHD2A",780,625,549,690
"FAHD2B",1318,1117,1001,1232
"FAHD2CP",123,152,148,186
"FAIM",297,268,466,552
"FAIM2",1,3,11,22
"FALEC",6,10,5,3
"FAM101A",79,78,82,56
"FAM101B",5709,5325,2211,2925
"FAM102A",1443,1358,1759,1550
"FAM102B",253,273,270,261
"FAM103A1",1023,902,795,853
"FAM104A",1331,1218,1421,1517
"FAM104B",357,359,184,236
"FAM105A",72,87,35,41
"FAM106A",0,0,0,0
"FAM106B",0,0,0,0
"FAM106CP",0,0,0,0
"FAM107A",1,2,8,3
"FAM107B",482,436,1053,749
"FAM109A",463,418,455,416
"FAM109B",3,1,3,4
"FAM110A",266,243,260,203
"FAM110B",1639,1483,1412,1235
"FAM110C",1,1,0,3
"FAM110D",34,20,41,45
"FAM111A",85,66,242,233
"FAM111B",1,0,0,1
"FAM114A1",109,103,204,229
"FAM114A2",732,733,388,337
"FAM117A",1483,1408,1411,1408
"FAM117B",410,417,365,314
"FAM118A",595,586,423,451
"FAM118B",841,798,658,784
"FAM120A",2317,2180,1843,1279
"FAM120AOS",864,734,730,761
"FAM120B",1061,1037,829,858
"FAM120C",206,200,171,180
"FAM122A",420,404,364,348
"FAM122B",1580,1618,1531,1165
"FAM122C",144,150,116,134
"FAM124A",6,17,20,23
"FAM124B",1,0,2,2
"FAM126A",521,502,1024,831
"FAM126B",347,347,272,140
"FAM127A",1802,1698,2689,3044
"FAM127B",2162,2099,1594,1988
"FAM127C",843,763,657,690
"FAM129A",338,281,781,708
"FAM129B",1308,1184,2269,2247
"FAM129C",10,3,14,10
"FAM131A",157,163,194,178
"FAM131B",49,48,129,133
"FAM131C",86,72,80,99
"FAM132A",57,64,27,25
"FAM132B",178,140,155,144
"FAM133A",0,1,0,0
"FAM133B",550,611,519,402
"FAM133CP",99,124,97,99
"FAM133DP",516,586,491,389
"FAM134A",1461,1361,1562,1587
"FAM134B",2,1,1,0
"FAM134C",587,523,703,745
"FAM135A",341,339,270,191
"FAM135B",0,0,0,0
"FAM136A",3295,3139,1943,3093
"FAM138A",1,0,3,0
"FAM138B",1,0,3,0
"FAM138C",1,0,3,0
"FAM138D",0,0,1,0
"FAM138E",0,0,3,0
"FAM138F",1,0,3,0
"FAM13A",538,564,473,505
"FAM13A-AS1",77,78,97,96
"FAM13B",403,440,640,633
"FAM13C",7,4,20,17
"FAM149A",35,45,55,49
"FAM149B1",274,257,231,239
"FAM150A",2,2,0,0
"FAM150B",1,2,1,0
"FAM151A",65,74,63,59
"FAM151B",15,16,16,11
"FAM153A",1,0,1,2
"FAM153B",0,0,1,1
"FAM153C",0,0,1,2
"FAM155A",11,4,66,65
"FAM155A-IT1",0,0,0,1
"FAM155B",398,403,142,160
"FAM156A",850,1211,665,725
"FAM156B",805,1158,638,699
"FAM157A",14,16,11,14
"FAM157B",4,8,8,8
"FAM157C",2,0,4,0
"FAM159A",0,0,0,0
"FAM159B",26,38,49,42
"FAM160A1",84,82,221,192
"FAM160A2",807,805,598,596
"FAM160B1",344,310,387,188
"FAM160B2",771,839,922,953
"FAM161A",373,378,365,318
"FAM161B",133,116,67,57
"FAM162A",1116,915,976,1163
"FAM162B",0,0,0,0
"FAM163A",6,4,1,4
"FAM163B",0,0,1,0
"FAM166A",2611,2590,2185,2290
"FAM166B",14,10,23,12
"FAM167A",80,64,62,65
"FAM167A-AS1",0,0,1,0
"FAM167B",6,2,4,3
"FAM168A",1205,1249,1696,1834
"FAM168B",4495,4447,3084,3321
"FAM169A",5806,5516,3321,2131
"FAM169B",1,0,2,0
"FAM170A",0,0,0,2
"FAM170B",0,0,0,0
"FAM170B-AS1",0,0,0,0
"FAM171A1",1289,1196,1718,1805
"FAM171A2",442,387,640,606
"FAM171B",275,303,122,69
"FAM172A",442,431,386,324
"FAM172BP",1,1,28,23
"FAM173A",555,567,437,379
"FAM173B",381,327,241,236
"FAM174A",187,159,114,108
"FAM174B",202,185,204,218
"FAM175A",605,575,735,706
"FAM175B",818,768,625,563
"FAM177A1",549,529,554,517
"FAM177B",0,0,0,0
"FAM178A",1983,2067,877,782
"FAM178B",1,3,2,2
"FAM179A",94,82,83,80
"FAM179B",104,80,67,57
"FAM180A",0,0,1,3
"FAM180B",3,1,2,0
"FAM181A",0,0,1,0
"FAM181A-AS1",0,0,0,0
"FAM181B",2,0,0,1
"FAM182A",1,5,3,7
"FAM182B",1,5,4,4
"FAM183A",76,71,11,17
"FAM183B",3,6,2,1
"FAM183CP",0,0,0,0
"FAM184A",34,23,19,30
"FAM184B",21,57,49,70
"FAM185A",182,147,123,127
"FAM186A",0,3,2,1
"FAM186B",19,31,20,15
"FAM187B",0,0,0,0
"FAM188A",577,542,552,450
"FAM188B",163,135,117,125
"FAM189A1",2,2,8,2
"FAM189A2",44,50,25,29
"FAM189B",1482,1447,1101,1106
"FAM192A",2394,2211,1641,1987
"FAM193A",1015,983,902,999
"FAM193B",1125,1337,1333,1281
"FAM195A",1215,1137,694,658
"FAM195B",1203,1027,1034,1067
"FAM196A",24,17,7,4
"FAM196B",0,0,0,0
"FAM197Y2",0,0,0,0
"FAM197Y5",0,0,0,0
"FAM198A",1,0,0,1
"FAM198B",2488,2407,3661,3075
"FAM199X",924,880,891,512
"FAM19A1",1,0,0,0
"FAM19A2",8,5,3,6
"FAM19A3",13,11,17,10
"FAM19A4",0,0,1,0
"FAM19A5",1024,985,575,663
"FAM200A",293,261,229,205
"FAM200B",748,731,581,526
"FAM201A",86,118,126,98
"FAM204A",958,869,690,668
"FAM205A",2,1,0,2
"FAM205BP",1,1,0,2
"FAM205C",0,0,0,0
"FAM206A",513,517,361,396
"FAM207A",965,833,551,523
"FAM208A",1919,1901,1651,1719
"FAM208B",1565,1684,733,577
"FAM209A",4,4,3,9
"FAM209B",6,4,10,5
"FAM20A",8,6,11,9
"FAM20B",902,875,832,1035
"FAM20C",343,315,504,482
"FAM210A",1245,1264,445,380
"FAM210B",1471,1408,1924,2124
"FAM212A",22,29,27,22
"FAM212B",499,490,502,613
"FAM212B-AS1",18,14,39,22
"FAM213A",1205,1078,962,1015
"FAM213B",1228,1201,1175,1237
"FAM214A",313,291,564,494
"FAM214B",677,696,522,549
"FAM215A",1,0,0,0
"FAM216A",848,833,447,528
"FAM216B",0,0,0,0
"FAM217A",1,2,0,0
"FAM217B",431,450,301,246
"FAM218A",10,12,7,3
"FAM219A",575,491,589,470
"FAM219B",1625,1858,1627,1766
"FAM21A",2673,2754,2235,2733
"FAM21C",2379,2454,2022,2424
"FAM21EP",80,93,90,50
"FAM220A",611,480,393,402
"FAM221A",33,26,39,23
"FAM221B",1,0,3,2
"FAM222A",132,119,56,70
"FAM222A-AS1",0,0,0,0
"FAM222B",1152,1133,991,1004
"FAM223A",1,3,0,3
"FAM223B",1,3,0,3
"FAM224A",22,18,26,32
"FAM224B",19,16,28,32
"FAM225A",0,5,1,3
"FAM225B",0,5,2,4
"FAM226A",62,73,62,51
"FAM226B",62,73,62,51
"FAM227A",141,142,104,137
"FAM227B",94,71,61,40
"FAM228A",0,0,1,0
"FAM228B",211,184,183,173
"FAM229A",70,124,118,108
"FAM229B",178,124,161,196
"FAM230B",0,2,4,4
"FAM230C",0,0,1,0
"FAM231A",0,0,0,3
"FAM231D",127,100,178,151
"FAM24A",0,0,0,0
"FAM24B",137,121,234,190
"FAM24B-CUZD1",49,44,43,79
"FAM25A",0,0,1,2
"FAM25BP",0,0,0,1
"FAM25C",2,4,2,4
"FAM25G",2,4,2,4
"FAM26D",3,2,5,2
"FAM26E",0,2,17,14
"FAM26F",4,2,3,1
"FAM27B",106,132,45,29
"FAM27C",87,97,36,17
"FAM27E2",76,69,35,44
"FAM27E3",115,116,73,66
"FAM27L",0,0,0,0
"FAM32A",4673,4330,2570,3052
"FAM35A",1170,1189,773,1002
"FAM35BP",537,526,333,423
"FAM35DP",591,578,360,455
"FAM3A",1008,926,1021,999
"FAM3B",0,0,0,0
"FAM3C",691,665,949,669
"FAM3D",1,0,0,0
"FAM41AY1",0,0,0,0
"FAM41AY2",0,0,0,0
"FAM41C",116,86,43,36
"FAM43A",561,442,720,663
"FAM43B",447,397,153,130
"FAM45A",645,610,705,715
"FAM45B",738,658,778,800
"FAM46A",1,0,0,0
"FAM46B",638,550,657,807
"FAM46C",29,34,40,55
"FAM46D",0,0,0,0
"FAM47A",0,0,0,0
"FAM47B",0,0,0,0
"FAM47C",0,0,0,0
"FAM47E",27,18,34,37
"FAM47E-STBD1",116,124,288,358
"FAM49A",1,1,12,4
"FAM49B",2334,2006,1637,1710
"FAM50A",1472,1435,1324,1478
"FAM50B",2,4,3,0
"FAM53A",167,173,65,87
"FAM53B",873,963,543,601
"FAM53B-AS1",0,0,0,0
"FAM53C",2194,2115,1932,2060
"FAM57A",1647,1589,1144,1381
"FAM57B",24,28,6,5
"FAM58A",758,689,625,604
"FAM60A",4316,3964,2722,2508
"FAM63A",148,118,242,271
"FAM63B",79,79,95,60
"FAM64A",727,686,500,484
"FAM65A",858,840,969,980
"FAM65B",3,1,3,5
"FAM65C",65,78,21,28
"FAM66A",5,11,9,4
"FAM66B",38,41,30,26
"FAM66C",30,29,58,36
"FAM66D",20,29,16,11
"FAM66E",7,16,13,7
"FAM69A",172,201,321,251
"FAM69B",1253,1275,1077,1126
"FAM69C",1,0,0,0
"FAM71A",4,8,10,5
"FAM71B",0,0,0,0
"FAM71C",0,0,0,0
"FAM71D",0,2,0,1
"FAM71E1",243,195,402,599
"FAM71E2",19,25,25,14
"FAM71F1",6,9,58,18
"FAM71F2",25,34,40,63
"FAM72A",543,577,323,305
"FAM72B",587,615,364,329
"FAM72C",645,609,360,373
"FAM72D",652,618,375,380
"FAM73A",187,210,119,79
"FAM73B",522,620,685,698
"FAM74A1",0,0,3,6
"FAM74A3",0,0,3,1
"FAM74A4",0,0,3,2
"FAM74A6",0,0,1,2
"FAM74A7",1,4,1,0
"FAM76A",318,336,190,198
"FAM76B",365,389,297,167
"FAM78A",133,118,72,76
"FAM78B",3,5,2,3
"FAM81A",3,3,6,2
"FAM81B",2,1,0,0
"FAM83A",1,0,0,0
"FAM83A-AS1",0,0,0,0
"FAM83B",0,0,1,0
"FAM83C",3,2,3,3
"FAM83C-AS1",4,1,0,2
"FAM83D",967,917,804,687
"FAM83E",6,5,18,19
"FAM83F",3,0,1,5
"FAM83G",729,671,434,395
"FAM83H",4767,4735,5167,4852
"FAM83H-AS1",112,103,71,94
"FAM84A",0,0,0,0
"FAM84B",19437,18819,15180,13755
"FAM86B1",661,568,435,512
"FAM86B2",157,148,83,120
"FAM86B3P",117,160,120,129
"FAM86C1",693,554,317,437
"FAM86C2P",355,345,174,247
"FAM86DP",824,767,611,705
"FAM86EP",558,485,222,286
"FAM86FP",304,267,253,276
"FAM86HP",385,395,235,323
"FAM86JP",231,185,125,153
"FAM87A",6,12,9,6
"FAM87B",13,17,14,8
"FAM89A",11,24,49,61
"FAM89B",1045,1070,489,527
"FAM8A1",849,870,921,899
"FAM90A1",424,437,140,124
"FAM90A10P",3,5,1,1
"FAM90A25P",116,162,49,60
"FAM90A27P",95,66,16,10
"FAM90A2P",67,79,23,37
"FAM90A7P",104,104,58,44
"FAM91A1",736,751,643,396
"FAM92A1",667,660,499,342
"FAM92A1P2",0,3,0,1
"FAM92B",18,8,27,18
"FAM95A",3,2,5,4
"FAM95B1",91,100,81,55
"FAM95C",384,571,875,975
"FAM96A",1617,1656,1267,1069
"FAM96B",2321,2069,1585,1487
"FAM98A",1551,1512,1694,1632
"FAM98B",1867,1711,1156,1132
"FAM98C",355,384,279,282
"FAM99A",0,0,0,0
"FAM99B",0,0,0,0
"FAM9A",0,0,0,0
"FAM9B",0,0,0,0
"FAM9C",17,31,1,1
"FAN1",744,852,882,871
"FANCA",1290,1631,985,927
"FANCB",135,146,92,76
"FANCC",383,361,371,422
"FANCD2",731,803,525,534
"FANCD2OS",23,34,21,19
"FANCE",386,396,219,230
"FANCF",411,441,275,316
"FANCG",1050,985,641,697
"FANCI",2114,2065,1666,1780
"FANCL",971,1129,757,828
"FANCM",261,323,196,184
"FANK1",38,46,117,121
"FANK1-AS1",0,0,0,0
"FAP",0,0,0,0
"FAR1",2004,2050,1397,886
"FAR2",5,6,10,16
"FAR2P1",4,9,7,3
"FAR2P2",0,2,0,0
"FARP1",212,185,1244,1309
"FARP2",190,199,235,202
"FARS2",592,480,339,359
"FARSA",5089,4697,2237,2709
"FARSB",4202,3818,2022,2448
"FAS",206,186,268,193
"FAS-AS1",3,4,2,2
"FASLG",1,0,0,0
"FASN",14120,14244,9258,9562
"FASTK",691,731,1086,1076
"FASTKD1",859,894,689,671
"FASTKD2",1793,1775,1060,1170
"FASTKD3",428,420,215,208
"FASTKD5",1219,1192,763,853
"FAT1",2595,2413,2961,2995
"FAT2",6,9,21,10
"FAT3",0,0,1,0
"FAT4",3,2,5,12
"FATE1",0,0,0,0
"FAU",11041,9781,6896,6843
"FAXC",107,88,99,114
"FAXDC2",242,198,187,222
"FBF1",385,399,261,311
"FBL",9798,8872,5146,7041
"FBLIM1",939,811,2144,2071
"FBLL1",35,33,25,28
"FBLN1",1544,1372,3244,2810
"FBLN2",7,3,5,10
"FBLN5",14,12,118,85
"FBLN7",1,4,1,3
"FBN1",864,825,5337,4678
"FBN2",328,366,1256,1151
"FBN3",43,52,94,127
"FBP1",6,4,9,5
"FBP2",10,5,15,12
"FBRS",1938,1887,1511,1551
"FBRSL1",1625,1701,1107,982
"FBXL12",1360,1244,754,837
"FBXL13",30,35,20,21
"FBXL14",295,280,177,156
"FBXL15",454,383,425,416
"FBXL16",1573,1562,1404,1535
"FBXL17",334,312,246,165
"FBXL18",857,794,810,848
"FBXL19",2877,2777,1552,1810
"FBXL19-AS1",142,178,111,99
"FBXL2",360,406,705,535
"FBXL20",466,415,418,400
"FBXL21",0,0,0,0
"FBXL22",12,6,6,8
"FBXL3",339,366,465,358
"FBXL4",309,274,171,178
"FBXL5",1013,919,1034,845
"FBXL6",682,784,640,684
"FBXL7",0,1,0,2
"FBXL8",184,181,162,157
"FBXO10",389,383,480,525
"FBXO11",1756,1598,1387,1536
"FBXO15",20,22,16,12
"FBXO16",144,136,195,166
"FBXO17",888,908,622,711
"FBXO18",1351,1369,1102,1235
"FBXO2",4341,3837,5986,5493
"FBXO21",1248,1139,927,1030
"FBXO22",2586,2274,1855,1727
"FBXO22-AS1",962,840,664,719
"FBXO24",50,58,29,24
"FBXO25",218,227,372,356
"FBXO27",1816,1583,777,915
"FBXO28",3808,3605,1643,1352
"FBXO3",160,158,313,263
"FBXO3-AS1",0,0,0,0
"FBXO30",622,651,444,344
"FBXO31",761,874,634,769
"FBXO32",16,8,121,75
"FBXO33",439,485,382,368
"FBXO34",504,460,621,683
"FBXO36",164,167,96,84
"FBXO38",530,529,464,543
"FBXO39",0,0,0,0
"FBXO4",194,183,135,165
"FBXO40",0,0,0,0
"FBXO41",663,706,550,529
"FBXO42",974,875,1085,1138
"FBXO43",62,59,39,40
"FBXO44",1667,1831,1680,1570
"FBXO45",2313,2295,724,648
"FBXO46",1238,1334,900,844
"FBXO47",1,0,0,0
"FBXO48",30,12,18,16
"FBXO5",940,969,551,666
"FBXO6",68,68,55,64
"FBXO7",2638,2333,2414,2690
"FBXO8",268,236,328,284
"FBXO9",485,510,569,484
"FBXW10",8,4,4,5
"FBXW11",1535,1392,1188,1099
"FBXW12",2,2,0,0
"FBXW2",1648,1689,1647,1620
"FBXW4",1235,1061,1317,1652
"FBXW4P1",98,85,93,95
"FBXW5",2358,2497,2305,2304
"FBXW7",699,798,727,559
"FBXW8",466,438,347,452
"FBXW9",716,707,457,522
"FCAMR",0,2,1,0
"FCAR",0,0,0,0
"FCER1A",0,0,0,0
"FCER1G",12,9,7,2
"FCER2",6,2,4,0
"FCF1",1130,969,649,734
"FCGBP",185,169,89,69
"FCGR1A",4,1,1,0
"FCGR1B",3,1,3,0
"FCGR1C",0,1,0,0
"FCGR2A",0,0,5,5
"FCGR2B",0,0,0,0
"FCGR2C",0,0,3,4
"FCGR3A",0,4,0,2
"FCGR3B",0,0,0,0
"FCGRT",464,463,630,597
"FCHO1",902,854,392,370
"FCHO2",200,188,278,105
"FCHSD1",603,678,742,713
"FCHSD2",639,592,489,394
"FCMR",0,0,2,1
"FCN1",0,0,0,0
"FCN2",0,0,0,0
"FCN3",0,1,0,4
"FCRL1",0,0,0,0
"FCRL2",0,0,0,0
"FCRL3",1,0,0,0
"FCRL4",0,0,0,0
"FCRL5",0,0,0,0
"FCRL6",0,0,0,0
"FCRLA",0,0,7,12
"FCRLB",40,44,25,28
"FDCSP",0,0,0,0
"FDFT1",3701,3436,3816,4107
"FDPS",2876,2589,2018,2389
"FDPSP2",90,83,65,70
"FDX1",612,562,546,525
"FDX1L",814,717,759,758
"FDXACB1",53,51,23,30
"FDXR",4614,4183,1330,1234
"FECH",930,845,890,854
"FEM1A",1914,1778,951,1120
"FEM1B",1496,1399,1220,1229
"FEM1C",352,336,380,272
"FEN1",4216,4164,2312,2984
"FENDRR",0,1,0,0
"FER",330,304,398,457
"FER1L4",197,312,278,294
"FER1L5",21,19,31,23
"FER1L6",0,1,0,0
"FER1L6-AS1",0,0,0,0
"FER1L6-AS2",0,0,0,0
"FERD3L",0,0,0,0
"FERMT1",2,7,6,2
"FERMT2",8776,8096,6054,6078
"FERMT3",61,56,45,39
"FES",35,35,13,26
"FETUB",0,0,1,1
"FEV",126,126,56,72
"FEZ1",31,22,22,25
"FEZ2",1736,1586,1385,1256
"FEZF1",0,0,0,0
"FEZF1-AS1",0,0,0,0
"FEZF2",0,0,0,0
"FFAR1",0,0,1,0
"FFAR2",0,0,0,1
"FFAR3",0,0,0,0
"FFAR4",0,0,0,0
"FGA",0,0,0,0
"FGB",5,1,0,0
"FGD1",1642,1476,1314,1310
"FGD2",57,35,0,0
"FGD3",1,3,39,37
"FGD4",51,50,128,145
"FGD5",8,5,155,187
"FGD5-AS1",2630,2475,1764,1658
"FGD5P1",0,0,2,1
"FGD6",178,192,579,637
"FGF1",19,17,167,118
"FGF10",0,0,0,0
"FGF10-AS1",0,0,0,0
"FGF11",1176,1103,1145,1387
"FGF12",1,0,0,2
"FGF12-AS1",0,0,0,0
"FGF13",0,0,1,0
"FGF13-AS1",0,0,0,0
"FGF14",4,2,1,0
"FGF14-AS1",0,0,0,0
"FGF14-AS2",28,42,27,37
"FGF14-IT1",0,0,0,0
"FGF16",0,0,0,0
"FGF17",8,27,7,26
"FGF18",55,55,17,20
"FGF19",0,0,1,0
"FGF2",5204,4846,4722,2534
"FGF20",73,82,19,18
"FGF21",1,2,4,0
"FGF22",2,0,1,1
"FGF23",0,0,1,0
"FGF3",0,0,0,0
"FGF4",0,0,0,0
"FGF5",81,62,28,23
"FGF6",0,0,1,0
"FGF7",19,26,11,11
"FGF8",56,57,23,23
"FGF9",0,0,0,0
"FGFBP1",0,0,0,0
"FGFBP2",0,0,0,0
"FGFBP3",10078,9119,567,1060
"FGFR1",5504,5031,7867,7083
"FGFR1OP",715,748,754,667
"FGFR1OP2",716,672,558,446
"FGFR2",10047,10363,3960,4802
"FGFR3",574,612,716,791
"FGFR4",357,335,159,182
"FGFRL1",1036,891,524,540
"FGG",2,0,2,0
"FGGY",40,43,45,42
"FGL1",1,1,0,0
"FGL2",0,0,0,0
"FGR",1,0,0,0
"FH",2251,2126,1952,2385
"FHAD1",724,771,629,746
"FHDC1",22,29,143,150
"FHIT",200,152,146,179
"FHL1",70,79,2115,1466
"FHL2",6897,5579,7076,5243
"FHL3",604,494,655,654
"FHL5",0,0,0,0
"FHOD1",1332,1323,883,934
"FHOD3",10,7,26,41
"FIBCD1",47,19,9,30
"FIBIN",0,0,0,0
"FIBP",1797,1592,1404,1555
"FICD",37,30,23,33
"FIG4",255,227,323,347
"FIGF",3,3,0,0
"FIGLA",0,0,0,0
"FIGN",377,474,447,409
"FIGNL1",372,452,241,165
"FIGNL2",377,374,602,686
"FILIP1",5,4,3,7
"FILIP1L",20,15,1714,1975
"FIP1L1",1471,1323,867,1211
"FIRRE",66,84,38,39
"FIS1",1903,1625,1809,1875
"FITM1",6,8,1,2
"FITM2",72,70,50,27
"FIZ1",689,638,538,700
"FJX1",1610,1536,1400,1454
"FKBP10",4757,4488,5643,6411
"FKBP11",163,217,147,212
"FKBP14",404,392,409,393
"FKBP15",1068,1019,960,1135
"FKBP1A",6245,5526,8084,6594
"FKBP1A-SDCBP2",168,134,217,168
"FKBP1AP1",144,137,160,211
"FKBP1B",458,414,646,756
"FKBP2",462,449,401,477
"FKBP3",3260,3188,2641,3637
"FKBP4",6020,5988,2757,3230
"FKBP5",1406,1314,1005,1180
"FKBP6",38,74,44,45
"FKBP7",25,23,57,68
"FKBP8",9761,8519,9131,9119
"FKBP9",1192,1115,1795,1940
"FKBP9P1",408,366,649,653
"FKBPL",454,414,234,282
"FKRP",645,628,671,711
"FKSG29",1,0,0,0
"FKTN",891,866,579,544
"FLAD1",1728,1640,837,924
"FLCN",1111,1026,834,832
"FLG",0,0,12,8
"FLG-AS1",0,0,4,1
"FLG2",1,0,0,0
"FLI1",1,1,1,0
"FLII",4730,4432,6527,7519
"FLJ10038",331,304,249,251
"FLJ12825",10,17,31,33
"FLJ13224",8,8,6,17
"FLJ16171",0,0,0,0
"FLJ16779",236,270,158,146
"FLJ20021",2,0,12,11
"FLJ21408",7,2,5,6
"FLJ22447",1,0,1,0
"FLJ22763",0,0,0,0
"FLJ23867",27,40,97,86
"FLJ25758",2,0,2,0
"FLJ26245",0,0,3,4
"FLJ26850",3,0,1,1
"FLJ27354",5,2,10,8
"FLJ30679",28,20,10,5
"FLJ31104",6,6,14,19
"FLJ31356",6,3,5,3
"FLJ31662",0,0,0,0
"FLJ32255",9,8,8,9
"FLJ33360",0,0,1,0
"FLJ33534",0,0,0,0
"FLJ33581",0,0,0,0
"FLJ34503",0,0,0,0
"FLJ35934",7,14,5,9
"FLJ36000",0,0,0,0
"FLJ36777",6,4,0,8
"FLJ37035",15,28,14,29
"FLJ37201",23,22,33,27
"FLJ37453",102,93,77,110
"FLJ37505",0,0,0,0
"FLJ38122",0,0,1,0
"FLJ38576",1,2,3,0
"FLJ40194",0,0,0,0
"FLJ40288",0,0,0,0
"FLJ41200",0,0,0,0
"FLJ41278",0,0,0,0
"FLJ41941",0,0,0,0
"FLJ42102",0,0,0,1
"FLJ42351",6,5,3,3
"FLJ42393",0,1,0,0
"FLJ42627",365,393,464,446
"FLJ42969",0,0,0,0
"FLJ43315",3,2,2,4
"FLJ43879",0,1,1,3
"FLJ44635",698,564,573,585
"FLJ45079",0,1,0,0
"FLJ45513",14,7,12,11
"FLJ46066",0,0,0,0
"FLJ46284",0,0,0,0
"FLJ46906",49,40,61,67
"FLNA",24452,23804,41384,45246
"FLNB",8371,7638,11341,12554
"FLNC",12855,10215,13493,13973
"FLOT1",3733,3087,2647,3218
"FLOT2",2138,1963,3339,3307
"FLRT1",31,40,39,33
"FLRT2",2,0,0,1
"FLRT3",3,1,1,0
"FLT1",0,0,12,6
"FLT3",4,5,1,4
"FLT3LG",20,11,20,18
"FLT4",306,320,285,346
"FLVCR1",742,822,522,498
"FLVCR1-AS1",108,119,71,70
"FLVCR2",18,16,165,146
"FLYWCH1",1925,1768,2035,1651
"FLYWCH2",1294,1075,1184,1327
"FMN1",2,1,7,1
"FMN2",1,1,0,0
"FMNL1",305,276,220,225
"FMNL2",904,891,710,626
"FMNL3",679,737,767,819
"FMO1",68,61,56,84
"FMO2",0,2,2,2
"FMO3",0,1,1,0
"FMO4",82,73,113,108
"FMO5",10,5,33,24
"FMO6P",0,0,0,0
"FMO9P",0,0,0,0
"FMOD",0,0,1,0
"FMR1",909,901,790,460
"FMR1-AS1",2,0,0,1
"FMR1NB",0,0,1,0
"FN1",40,32,153,116
"FN3K",235,235,175,223
"FN3KRP",783,734,776,905
"FNBP1",644,603,1256,1131
"FNBP1L",710,675,1120,1030
"FNBP4",2230,2569,2047,2273
"FNDC1",2,6,3,1
"FNDC3A",954,856,1084,653
"FNDC3B",335,360,973,665
"FNDC4",167,148,545,674
"FNDC5",907,977,878,957
"FNDC7",0,3,0,2
"FNDC8",26,29,17,18
"FNDC9",2,1,1,0
"FNIP1",603,710,554,458
"FNIP2",421,407,332,243
"FNTA",1608,1457,1214,1501
"FNTB",354,319,315,388
"FOCAD",648,546,611,551
"FOCAD-AS1",6,2,4,7
"FOLH1",1,0,0,0
"FOLH1B",1,0,0,0
"FOLR1",1,0,86,122
"FOLR2",0,1,0,0
"FOLR3",1,4,51,63
"FOPNL",1594,1539,884,840
"FOS",3032,3063,2744,2590
"FOSB",328,387,131,120
"FOSL1",5592,4796,1721,1637
"FOSL2",1491,1261,1265,863
"FOXA1",0,1,0,2
"FOXA2",0,1,0,0
"FOXA3",76,61,62,61
"FOXB1",0,0,0,0
"FOXB2",0,0,0,0
"FOXC1",760,743,626,670
"FOXC2",168,132,716,628
"FOXC2-AS1",39,24,102,124
"FOXCUT",14,14,25,37
"FOXD1",186,159,144,145
"FOXD2",99,94,92,84
"FOXD2-AS1",215,227,190,147
"FOXD3",0,0,0,0
"FOXD3-AS1",3,1,1,0
"FOXD4",44,45,28,40
"FOXD4L1",29,17,14,16
"FOXD4L3",25,34,27,28
"FOXD4L4",14,12,13,12
"FOXD4L5",25,20,23,25
"FOXD4L6",32,31,29,29
"FOXE1",17,7,27,37
"FOXE3",0,2,3,0
"FOXF1",0,1,2,2
"FOXF2",11,9,27,28
"FOXG1",0,0,0,0
"FOXG1-AS1",0,0,0,0
"FOXH1",284,381,450,492
"FOXI1",2,0,5,3
"FOXI2",0,0,0,0
"FOXI3",1,1,8,1
"FOXJ1",29,13,15,20
"FOXJ2",437,412,366,433
"FOXJ3",1489,1528,1248,1248
"FOXK1",1362,1292,1084,1217
"FOXK2",3062,2929,2097,2365
"FOXL1",30,39,69,60
"FOXL2",0,3,5,3
"FOXL2NB",23,26,11,16
"FOXM1",2721,2560,2009,2333
"FOXN1",1,5,0,2
"FOXN2",461,488,199,178
"FOXN3",1024,974,1087,1203
"FOXN3-AS1",90,102,128,99
"FOXN3-AS2",0,0,1,0
"FOXN4",20,40,25,25
"FOXO1",16,15,117,62
"FOXO3",1021,896,1639,1696
"FOXO3B",1003,923,1078,1035
"FOXO4",178,155,274,299
"FOXO6",25,14,85,102
"FOXP1",20,10,25,25
"FOXP1-AS1",0,0,0,0
"FOXP2",1,0,0,0
"FOXP3",43,41,33,23
"FOXP4",1163,1011,1531,1519
"FOXP4-AS1",14,18,5,5
"FOXQ1",0,0,0,0
"FOXR1",3,1,0,3
"FOXR2",0,0,0,0
"FOXRED1",1305,1286,792,821
"FOXRED2",3756,3527,1206,1428
"FOXS1",30,22,51,63
"FPGS",1465,1267,1265,1208
"FPGT",352,394,232,168
"FPGT-TNNI3K",14,13,8,5
"FPR1",0,0,4,7
"FPR2",0,0,0,0
"FPR3",0,0,1,0
"FRA10AC1",873,956,845,811
"FRAS1",2,0,2,1
"FRAT1",165,144,194,227
"FRAT2",637,648,587,756
"FREM1",9,12,272,305
"FREM2",2,1,3,0
"FREM3",0,1,0,2
"FRG1",479,506,364,474
"FRG1B",235,231,190,240
"FRG2",61,54,10,10
"FRG2B",25,25,2,3
"FRG2C",169,169,13,12
"FRG2DP",0,0,0,0
"FRG2EP",169,169,13,12
"FRK",11,6,10,7
"FRMD1",1,0,0,3
"FRMD3",27,32,439,290
"FRMD4A",3074,3165,2699,2606
"FRMD4B",583,645,818,906
"FRMD5",50,56,51,67
"FRMD6",3,3,22,12
"FRMD6-AS1",0,1,6,4
"FRMD6-AS2",0,0,0,0
"FRMD7",0,0,6,3
"FRMD8",1316,1217,825,822
"FRMD8P1",24,45,11,11
"FRMPD1",2,1,6,3
"FRMPD2",5,11,176,118
"FRMPD2B",3,17,65,43
"FRMPD3",12,11,33,18
"FRMPD3-AS1",0,0,0,0
"FRMPD4",0,0,1,0
"FRRS1",65,49,30,20
"FRRS1L",0,0,0,0
"FRS2",462,505,431,329
"FRS3",135,135,167,143
"FRY",4,4,107,66
"FRY-AS1",1,0,1,0
"FRYL",714,741,762,725
"FRZB",12,13,11,16
"FSBP",163,163,176,159
"FSCB",0,0,0,0
"FSCN1",2768,2465,3396,3065
"FSCN2",43,30,45,42
"FSCN3",0,2,0,1
"FSD1",1054,936,667,686
"FSD1L",138,151,108,68
"FSD2",133,162,82,85
"FSHB",0,1,0,0
"FSHR",0,1,0,0
"FSIP1",38,50,19,22
"FSIP2",2,2,5,4
"FST",2,0,5,3
"FSTL1",859,778,9202,9713
"FSTL3",549,516,502,633
"FSTL4",6,15,15,7
"FSTL5",2,0,0,0
"FTCD",31,68,32,37
"FTCDNL1",1,0,0,2
"FTH1",44914,37059,61580,62978
"FTH1P18",0,0,0,0
"FTH1P3",3020,2473,4455,6040
"FTHL17",0,0,0,0
"FTL",64246,54636,43826,48219
"FTLP10",0,0,0,0
"FTMT",0,0,0,0
"FTO",985,965,747,889
"FTO-IT1",28,29,14,14
"FTSJ1",903,917,557,630
"FTSJ2",1683,1508,1003,1257
"FTSJ3",3644,3622,2093,2462
"FTX",2114,1730,1697,1919
"FUBP1",4078,4051,2939,3855
"FUBP3",1440,1427,974,819
"FUCA1",1396,1227,878,959
"FUCA2",2333,2061,2776,3509
"FUK",201,196,248,274
"FUNDC1",701,592,529,596
"FUNDC2",645,516,567,585
"FUNDC2P2",29,22,13,27
"FUOM",699,599,521,526
"FURIN",1148,1094,2522,2393
"FUS",13656,12576,7827,11288
"FUT1",22,6,43,4
"FUT10",228,221,210,221
"FUT11",115,73,116,113
"FUT2",42,30,25,33
"FUT3",21,24,6,4
"FUT4",1,0,0,0
"FUT5",9,11,2,3
"FUT6",6,11,1,1
"FUT7",3,1,2,4
"FUT8",316,268,559,587
"FUT8-AS1",29,22,32,24
"FUT9",0,0,2,0
"FUZ",827,746,725,655
"FXN",613,596,366,441
"FXR1",2677,2539,2056,2360
"FXR2",3533,2990,2047,2217
"FXYD1",1,2,1,0
"FXYD2",3,1,3,3
"FXYD3",1,1,15,11
"FXYD4",0,1,0,1
"FXYD5",0,0,0,0
"FXYD6",1,0,3,4
"FXYD6-FXYD2",3,1,4,3
"FXYD7",2,3,1,4
"FYB",0,2,0,0
"FYCO1",706,688,635,669
"FYN",25,23,71,60
"FYTTD1",2042,1909,1560,1183
"FZD1",37,34,44,55
"FZD10",0,0,0,0
"FZD10-AS1",0,0,0,0
"FZD2",5132,4454,3793,3616
"FZD3",448,404,462,436
"FZD4",258,246,641,663
"FZD5",2632,2337,3005,3583
"FZD6",2,3,11,10
"FZD7",810,733,1568,1209
"FZD8",12,10,9,15
"FZD9",0,1,0,0
"FZR1",1161,1147,1268,1209
"G0S2",0,0,0,0
"G2E3",611,563,477,305
"G3BP1",4571,4298,2854,1993
"G3BP2",3883,3706,3146,2660
"G6PC",0,0,2,0
"G6PC2",0,0,0,0
"G6PC3",2682,2332,1659,1696
"G6PD",1213,1134,1640,1476
"GAA",1533,1516,1505,1439
"GAB1",177,179,176,160
"GAB2",306,244,908,997
"GAB3",2,0,11,4
"GAB4",0,0,0,0
"GABARAP",1932,1724,2568,3290
"GABARAPL1",1266,999,4002,4062
"GABARAPL2",1588,1245,1389,1273
"GABARAPL3",12,9,31,17
"GABBR1",592,877,1004,1102
"GABBR2",5,4,11,7
"GABPA",929,838,598,458
"GABPB1",855,825,708,569
"GABPB1-AS1",389,391,316,424
"GABPB2",67,53,82,46
"GABRA1",1,0,0,0
"GABRA2",2,4,23,16
"GABRA3",1,0,0,0
"GABRA4",0,0,0,0
"GABRA5",3323,3105,1065,1097
"GABRA6",0,0,0,0
"GABRB1",0,0,0,0
"GABRB2",0,0,0,0
"GABRB3",953,926,573,661
"GABRD",53,41,2,3
"GABRE",0,0,0,0
"GABRG1",0,1,0,0
"GABRG2",0,0,0,0
"GABRG3",5,7,12,10
"GABRG3-AS1",0,0,0,0
"GABRP",0,0,1,1
"GABRQ",0,0,0,0
"GABRR1",1,0,41,22
"GABRR2",0,1,17,7
"GABRR3",0,0,0,0
"GACAT1",0,0,0,0
"GACAT2",13,8,3,11
"GACAT3",0,0,0,0
"GAD1",693,901,325,235
"GAD2",0,0,0,0
"GADD45A",3322,2718,3078,3116
"GADD45B",1175,1056,377,437
"GADD45G",1,1,4,0
"GADD45GIP1",2794,2593,1743,1786
"GADL1",0,0,0,0
"GAGE1",0,0,0,0
"GAGE10",0,0,0,0
"GAGE12B",0,0,0,0
"GAGE12C",0,0,0,0
"GAGE12D",0,0,0,0
"GAGE12E",0,0,0,0
"GAGE12F",0,0,0,0
"GAGE12G",0,0,0,0
"GAGE12H",0,0,0,0
"GAGE12I",0,0,0,0
"GAGE12J",0,0,0,1
"GAGE13",0,0,0,1
"GAGE2A",0,0,0,2
"GAGE2B",0,0,0,0
"GAGE2C",0,0,0,3
"GAGE2D",0,0,0,3
"GAGE2E",0,0,0,3
"GAGE4",0,0,0,0
"GAGE5",0,0,0,0
"GAGE6",0,0,0,0
"GAGE7",0,0,0,0
"GAGE8",0,0,0,3
"GAK",2663,2733,2553,2442
"GAL",0,0,0,0
"GAL3ST1",6,4,7,0
"GAL3ST2",1,0,0,2
"GAL3ST3",1,0,9,12
"GAL3ST4",17,28,30,25
"GALC",235,218,202,158
"GALE",691,592,839,872
"GALK1",1330,1166,813,737
"GALK2",356,321,229,270
"GALM",422,450,652,756
"GALNS",635,628,489,562
"GALNT1",2307,1984,4561,3551
"GALNT10",772,712,3543,4194
"GALNT11",1059,1101,1232,1378
"GALNT12",64,109,44,54
"GALNT13",191,191,261,335
"GALNT14",3,1,0,0
"GALNT15",0,1,3,3
"GALNT16",41,47,85,100
"GALNT18",8,13,2,6
"GALNT2",1455,1254,2189,2058
"GALNT3",0,7,7,3
"GALNT4",892,865,396,181
"GALNT5",0,0,0,0
"GALNT6",126,123,371,364
"GALNT7",448,432,1160,646
"GALNT8",5,1,1,1
"GALNT9",23,28,13,14
"GALNTL5",0,1,0,1
"GALNTL6",1,1,0,3
"GALP",0,0,0,0
"GALR1",0,1,0,0
"GALR2",13,7,12,11
"GALR3",2,1,4,4
"GALT",307,306,339,343
"GAMT",2765,2623,1793,1691
"GAN",140,138,128,96
"GANAB",10666,9815,9805,9858
"GANC",178,183,168,141
"GAP43",6,5,13,12
"GAPDH",60854,54600,44780,46481
"GAPDHS",115,159,89,64
"GAPLINC",32,21,7,10
"GAPT",0,1,5,5
"GAPVD1",1202,1144,1004,936
"GAR1",1223,1084,450,611
"GAREM",10,16,7,7
"GAREML",1014,961,324,434
"GARNL3",96,110,71,85
"GARS",5112,3834,3936,3187
"GART",5122,4423,2469,2674
"GAS1",1,0,0,1
"GAS2",4,3,0,1
"GAS2L1",916,845,486,482
"GAS2L1P2",1,0,4,6
"GAS2L2",3,6,4,7
"GAS2L3",103,99,197,122
"GAS5",2698,2410,1864,2241
"GAS5-AS1",424,421,306,282
"GAS6",595,560,646,832
"GAS6-AS1",120,151,171,149
"GAS6-AS2",3,5,4,14
"GAS7",3619,3244,2549,2811
"GAS8",625,693,598,705
"GAS8-AS1",3,10,12,5
"GAST",2,4,4,5
"GATA1",0,0,2,0
"GATA2",4466,4103,4289,4847
"GATA2-AS1",638,582,859,1024
"GATA3",5,1,18,29
"GATA3-AS1",0,1,8,6
"GATA4",0,1,1,0
"GATA5",3,8,5,2
"GATA6",39,53,65,51
"GATA6-AS1",4,6,10,10
"GATAD1",1008,993,792,898
"GATAD2A",3918,3595,3048,3425
"GATAD2B",870,837,812,825
"GATB",1329,1177,879,1047
"GATC",5808,5216,3958,4102
"GATM",796,718,853,537
"GATS",364,344,628,654
"GATSL2",513,506,703,845
"GATSL3",646,595,334,350
"GBA",1804,1599,1814,1635
"GBA2",1022,1031,1249,1343
"GBA3",0,0,1,0
"GBAP1",932,823,919,826
"GBAS",1647,1518,1368,1084
"GBAT2",77,67,59,86
"GBE1",1052,952,774,602
"GBF1",1616,1593,1898,2012
"GBGT1",47,38,4,15
"GBP1",0,1,3,7
"GBP1P1",0,0,0,0
"GBP2",0,0,8,9
"GBP3",0,1,51,40
"GBP4",1,0,1,0
"GBP5",0,2,4,2
"GBP6",0,0,0,0
"GBP7",0,0,0,0
"GBX1",1,5,7,7
"GBX2",3799,3207,488,405
"GC",0,0,0,0
"GCA",0,1,5,3
"GCAT",269,251,285,267
"GCC1",1087,929,744,828
"GCC2",1275,1410,1357,1043
"GCDH",536,498,487,426
"GCFC2",1055,1125,406,433
"GCG",0,1,0,0
"GCGR",19,15,6,11
"GCH1",246,203,380,245
"GCHFR",3562,2959,1606,1792
"GCK",1,1,2,2
"GCKR",3,0,0,0
"GCLC",513,511,625,565
"GCLM",773,730,516,348
"GCM1",0,3,3,1
"GCM2",0,0,0,1
"GCN1L1",5702,5728,4748,5009
"GCNT1",35,37,121,108
"GCNT2",900,793,831,903
"GCNT3",1,0,5,3
"GCNT4",1235,1261,240,197
"GCNT7",2,6,2,5
"GCOM1",992,901,734,594
"GCSAM",0,0,6,4
"GCSAML",0,0,0,0
"GCSAML-AS1",0,0,0,0
"GCSH",2587,2460,1784,1704
"GCSHP3",81,96,43,81
"GDA",0,0,0,0
"GDAP1",560,515,219,259
"GDAP1L1",16,16,22,21
"GDAP2",556,521,353,341
"GDE1",1336,1211,1861,2136
"GDF1",905,898,573,573
"GDF10",0,0,0,0
"GDF11",817,709,763,910
"GDF15",10384,8950,7932,4903
"GDF2",0,0,0,0
"GDF3",0,0,0,0
"GDF5",7,6,20,17
"GDF6",0,0,1,0
"GDF7",1,2,0,1
"GDF9",54,36,28,28
"GDI1",2121,2134,2494,2481
"GDI2",8586,8068,6321,7584
"GDNF",9,4,28,19
"GDNF-AS1",3,2,31,20
"GDPD1",68,65,42,63
"GDPD2",1,3,3,10
"GDPD3",21,25,36,33
"GDPD4",2,0,1,0
"GDPD5",105,95,1019,942
"GDPGP1",58,35,34,28
"GEM",171,171,285,263
"GEMIN2",297,283,217,253
"GEMIN4",2487,2472,1112,1085
"GEMIN5",2566,2559,909,1005
"GEMIN6",585,584,272,416
"GEMIN7",1117,900,835,860
"GEMIN8",79,61,146,171
"GEMIN8P4",80,72,48,40
"GEN1",484,578,587,735
"GET4",1983,1884,1579,1497
"GFAP",1,1,0,2
"GFER",698,724,733,811
"GFI1",39,35,59,51
"GFI1B",0,1,1,0
"GFM1",1852,1668,1049,875
"GFM2",2025,1866,1666,1543
"GFOD1",19,10,24,8
"GFOD2",741,643,560,574
"GFPT1",1753,1550,1683,1347
"GFPT2",89,109,105,83
"GFRA1",2,0,4,5
"GFRA2",3,1,2,12
"GFRA3",4,3,2,6
"GFRA4",0,0,0,0
"GFRAL",0,0,0,0
"GFY",630,493,524,629
"GGA1",1083,1143,1145,1103
"GGA2",3153,3233,2621,2934
"GGA3",1284,1288,1026,1087
"GGACT",394,390,296,381
"GGCT",1557,1607,1071,1236
"GGCX",2373,2549,1958,2260
"GGH",16,26,20,21
"GGN",23,28,31,26
"GGNBP1",4,4,0,4
"GGNBP2",1760,1620,1518,1694
"GGPS1",944,874,1007,1171
"GGT1",696,676,1906,1889
"GGT3P",168,147,441,394
"GGT5",2,1,5,9
"GGT6",5,5,6,5
"GGT7",802,830,1176,1238
"GGT8P",19,15,58,25
"GGTA1P",2,3,62,111
"GGTLC1",45,42,114,89
"GGTLC2",216,207,597,627
"GH1",1,0,1,1
"GH2",1,0,1,0
"GHDC",8,10,25,22
"GHET1",8,6,12,8
"GHITM",5172,4576,4982,4569
"GHR",1,0,15,12
"GHRH",0,0,0,0
"GHRHR",0,0,0,0
"GHRL",7,10,8,7
"GHRLOS",74,77,69,87
"GHSR",0,0,0,0
"GID4",813,801,326,408
"GID8",1869,1832,1532,1669
"GIF",1,2,3,1
"GIGYF1",2398,3194,2058,2133
"GIGYF2",2292,2134,1412,1501
"GIMAP1",0,0,1,0
"GIMAP1-GIMAP5",0,1,6,1
"GIMAP2",0,0,0,3
"GIMAP4",0,0,0,0
"GIMAP5",0,1,6,1
"GIMAP6",0,0,2,4
"GIMAP7",0,0,0,0
"GIMAP8",15,7,4,4
"GIMD1",0,0,0,0
"GIN1",89,68,80,80
"GINM1",168,133,267,271
"GINS1",1231,1196,870,766
"GINS2",1431,1246,865,858
"GINS3",562,556,323,360
"GINS4",1354,1284,718,896
"GIP",13,8,7,7
"GIPC1",5630,4707,5107,5591
"GIPC2",5,5,4,0
"GIPC3",0,4,0,1
"GIPR",276,363,198,228
"GIT1",2868,2705,2204,2177
"GIT2",752,756,818,737
"GJA1",33419,30190,19114,9625
"GJA10",0,0,0,0
"GJA3",148,131,127,107
"GJA4",0,0,0,0
"GJA5",2,0,208,151
"GJA8",1,3,2,2
"GJA9",11,12,20,14
"GJA9-MYCBP",1222,1049,930,907
"GJB1",0,0,0,0
"GJB2",4,7,97,81
"GJB3",0,1,6,4
"GJB4",16,17,20,16
"GJB5",105,86,77,39
"GJB6",0,0,0,0
"GJB7",1,1,0,3
"GJC1",3035,2752,2480,2657
"GJC2",17,12,10,20
"GJC3",3,1,1,0
"GJD2",182,170,90,140
"GJD3",477,425,283,220
"GJD4",0,1,1,0
"GK",40,35,47,42
"GK2",0,0,0,0
"GK3P",14,8,8,12
"GK5",385,403,269,244
"GKAP1",141,156,170,206
"GKN1",1,0,3,3
"GKN2",0,1,73,71
"GLA",1743,1689,887,1051
"GLB1",1350,1072,2174,2388
"GLB1L",104,138,149,175
"GLB1L2",379,391,323,353
"GLB1L3",2,2,0,0
"GLCCI1",1555,1540,2496,1585
"GLCE",125,170,326,291
"GLDC",509,443,1463,1504
"GLDN",1,1,0,0
"GLE1",934,981,801,968
"GLG1",3398,3277,4593,4411
"GLI1",330,349,140,157
"GLI2",3,10,259,329
"GLI3",3,5,10,13
"GLI4",427,547,402,385
"GLIDR",697,586,467,467
"GLIPR1",1221,1199,916,788
"GLIPR1L1",1,1,2,0
"GLIPR1L2",10,7,7,6
"GLIPR2",301,249,567,780
"GLIS1",10,8,6,0
"GLIS2",477,384,543,657
"GLIS2-AS1",0,0,0,0
"GLIS3",1702,1636,1227,1172
"GLIS3-AS1",96,104,52,46
"GLMN",1288,1349,515,482
"GLMP",25,18,57,39
"GLO1",10406,9685,7390,6956
"GLOD4",3784,3517,1985,2564
"GLOD5",0,0,0,0
"GLP1R",0,0,0,0
"GLP2R",0,1,10,3
"GLRA1",0,0,0,0
"GLRA2",1,2,0,1
"GLRA3",0,0,0,0
"GLRA4",0,0,0,0
"GLRB",37,40,67,41
"GLRX",13,11,36,36
"GLRX2",571,482,259,258
"GLRX3",3363,3047,2480,2196
"GLRX5",2032,1830,1653,1622
"GLS",1497,1567,1842,1223
"GLS2",196,167,137,134
"GLT1D1",3,4,6,2
"GLT6D1",0,1,0,0
"GLT8D1",1082,1113,1050,1186
"GLT8D2",150,156,216,294
"GLTP",951,882,882,880
"GLTPD2",20,16,17,20
"GLTSCR1",595,585,637,639
"GLTSCR1L",154,139,171,129
"GLTSCR2",2828,2570,2315,2793
"GLUD1",3934,3655,2390,2153
"GLUD1P3",67,59,54,33
"GLUD1P7",2,1,1,1
"GLUD2",969,863,556,458
"GLUL",17533,15742,6751,9816
"GLYAT",0,0,0,0
"GLYATL1",0,0,0,0
"GLYATL2",0,0,0,0
"GLYATL3",1,0,0,0
"GLYCAM1",0,0,0,0
"GLYCTK",365,365,182,161
"GLYCTK-AS1",5,4,6,3
"GLYR1",3499,3476,2917,3219
"GM140",0,0,0,0
"GM2A",1553,1423,2503,2144
"GMCL1",184,191,230,176
"GMCL1P1",24,22,29,12
"GMDS",960,886,894,1129
"GMDS-AS1",15,8,26,31
"GMEB1",286,269,173,222
"GMEB2",959,839,675,723
"GMFB",2321,2360,2174,1194
"GMFG",2,5,7,11
"GMIP",249,244,392,340
"GML",0,0,0,0
"GMNC",0,2,1,0
"GMNN",880,849,716,762
"GMPPA",1105,1047,565,514
"GMPPB",348,370,278,228
"GMPR",0,0,17,10
"GMPR2",1407,1259,1108,1216
"GMPS",2665,2584,1538,1887
"GNA11",1940,1689,1876,1738
"GNA12",1254,1164,1423,1331
"GNA13",2480,2406,2080,1229
"GNA14",2,5,2,0
"GNA14-AS1",0,0,0,0
"GNA15",140,123,82,65
"GNAI1",4,8,27,16
"GNAI2",3361,2903,3680,3386
"GNAI3",3762,3586,2750,2585
"GNAL",196,190,165,163
"GNAO1",0,0,3,0
"GNAQ",1505,1444,1300,1099
"GNAS",11700,10711,15997,17778
"GNAS-AS1",1,2,0,0
"GNAT1",3,3,6,2
"GNAT2",8,13,5,7
"GNAT3",0,1,0,0
"GNAZ",235,209,238,254
"GNB1",10611,9710,8959,9132
"GNB1L",174,165,128,133
"GNB2",6474,5721,3977,4209
"GNB2L1",36888,32946,25181,30676
"GNB3",86,135,95,106
"GNB4",1287,1326,1463,1163
"GNB5",696,643,673,626
"GNE",816,684,463,641
"GNG10",2434,2203,2153,1130
"GNG11",7,1,55,21
"GNG12",1240,1150,1289,985
"GNG12-AS1",20,21,19,42
"GNG13",53,63,37,37
"GNG2",0,1,0,0
"GNG3",61,55,12,15
"GNG4",423,371,204,147
"GNG5",2917,2603,2699,2910
"GNG7",273,266,343,406
"GNG8",7,3,1,3
"GNGT1",0,0,0,0
"GNGT2",5,6,221,103
"GNL1",3613,3434,2420,2930
"GNL2",5069,4961,2145,3196
"GNL3",3346,3510,1524,1784
"GNL3L",864,865,491,947
"GNLY",0,0,1,0
"GNMT",10,9,10,8
"GNPAT",1152,1139,650,830
"GNPDA1",7212,6349,4826,5733
"GNPDA2",224,210,196,147
"GNPNAT1",7958,7352,4039,4378
"GNPTAB",1024,1060,1360,1341
"GNPTG",521,565,520,567
"GNRH1",30,47,57,49
"GNRH2",2,9,2,0
"GNRHR",3,5,4,5
"GNRHR2",420,418,256,453
"GNS",2450,2231,5617,5370
"GOLGA1",470,448,409,483
"GOLGA2",1213,1183,1134,1203
"GOLGA2P10",2605,2884,3408,3845
"GOLGA2P2Y",0,1,3,2
"GOLGA2P3Y",0,1,3,2
"GOLGA2P5",47,44,91,127
"GOLGA2P6",0,0,5,5
"GOLGA2P7",1438,1505,1751,2002
"GOLGA2P9",0,0,0,0
"GOLGA3",1789,1961,1577,1646
"GOLGA4",2019,2100,2370,2756
"GOLGA5",991,910,713,860
"GOLGA6A",6,4,1,2
"GOLGA6B",2,2,1,2
"GOLGA6C",11,8,6,5
"GOLGA6D",1,3,0,2
"GOLGA6L1",0,2,0,2
"GOLGA6L10",222,255,357,304
"GOLGA6L17P",42,55,78,67
"GOLGA6L2",0,0,0,0
"GOLGA6L22",0,2,0,2
"GOLGA6L4",256,274,450,331
"GOLGA6L5P",318,339,547,418
"GOLGA6L6",0,2,0,1
"GOLGA6L7P",0,0,1,0
"GOLGA6L9",697,748,1053,839
"GOLGA7",1190,1154,1212,1111
"GOLGA7B",5,7,6,10
"GOLGA8A",5332,7235,5205,4310
"GOLGA8B",4041,5486,4018,3245
"GOLGA8CP",1,4,3,5
"GOLGA8DP",0,4,0,6
"GOLGA8EP",0,4,1,7
"GOLGA8F",3,5,0,4
"GOLGA8G",3,7,0,4
"GOLGA8H",29,25,40,34
"GOLGA8IP",4,1,11,8
"GOLGA8J",20,17,30,25
"GOLGA8K",21,25,34,30
"GOLGA8M",18,23,30,20
"GOLGA8N",38,50,60,34
"GOLGA8O",22,26,38,28
"GOLGA8R",22,26,37,30
"GOLGA8S",10,10,17,13
"GOLGA8T",16,11,13,11
"GOLGB1",2674,2885,3637,4364
"GOLIM4",786,860,1148,1108
"GOLM1",2020,1893,2318,2622
"GOLPH3",2068,1914,1669,1697
"GOLPH3L",468,462,471,424
"GOLT1A",0,0,1,0
"GOLT1B",1184,1122,856,523
"GON4L",2396,2522,1883,2109
"GOPC",1228,1234,961,896
"GORAB",224,236,268,197
"GORASP1",947,887,938,1053
"GORASP2",2393,2125,1776,1863
"GOSR1",1431,1327,931,1004
"GOSR2",1294,1164,1244,1177
"GOT1",2535,1883,1657,1600
"GOT1L1",0,0,0,0
"GOT2",5000,4589,4283,4445
"GP1BA",10,14,15,22
"GP1BB",94,113,75,60
"GP2",0,0,0,0
"GP5",2,1,2,1
"GP6",16,11,8,14
"GP9",1,0,0,0
"GPA33",46,24,14,11
"GPAA1",1746,1726,1462,1386
"GPALPP1",328,284,196,267
"GPAM",685,714,553,572
"GPANK1",1190,1058,747,812
"GPAT2",66,71,146,87
"GPATCH1",290,292,222,270
"GPATCH11",191,218,240,216
"GPATCH2",561,580,397,369
"GPATCH2L",561,575,539,534
"GPATCH3",639,546,292,434
"GPATCH4",3767,3744,1517,2251
"GPATCH8",1656,1700,1215,1261
"GPBAR1",13,14,8,6
"GPBP1",2117,1980,1767,2052
"GPBP1L1",2711,2608,2042,1979
"GPC1",2231,2133,2396,2232
"GPC2",101,95,150,151
"GPC3",15000,13087,26570,30440
"GPC4",5461,4985,3378,3132
"GPC5",7,9,5,5
"GPC5-AS1",0,0,0,0
"GPC5-AS2",0,0,0,0
"GPC6",37,31,382,319
"GPC6-AS1",0,0,0,0
"GPC6-AS2",0,0,0,0
"GPCPD1",686,679,488,409
"GPD1",4,8,4,9
"GPD1L",401,379,1233,1097
"GPD2",190,177,330,257
"GPER1",35,25,110,150
"GPHA2",59,60,10,13
"GPHB5",0,0,0,0
"GPHN",582,519,355,363
"GPI",4737,4435,2825,2822
"GPIHBP1",5,6,1,3
"GPKOW",945,889,671,766
"GPLD1",37,58,85,74
"GPM6A",1,0,0,0
"GPM6B",2005,1855,1908,1526
"GPN1",1353,1105,963,1157
"GPN2",1011,861,564,639
"GPN3",882,746,419,406
"GPNMB",69,48,984,1173
"GPR1",2,3,27,13
"GPR1-AS",1,0,0,0
"GPR101",0,0,0,0
"GPR107",1802,1666,2065,2286
"GPR108",1148,1058,999,1055
"GPR119",0,0,2,0
"GPR12",0,0,0,0
"GPR132",11,4,9,5
"GPR135",24,17,13,13
"GPR137",1260,1176,756,819
"GPR137B",152,100,212,208
"GPR137C",158,166,387,255
"GPR139",0,0,0,0
"GPR141",0,0,0,0
"GPR142",0,0,0,0
"GPR143",1,2,17,10
"GPR146",19,21,44,44
"GPR148",0,0,0,0
"GPR149",34,60,14,13
"GPR15",0,0,0,0
"GPR150",0,0,0,1
"GPR151",0,0,0,0
"GPR152",0,0,0,0
"GPR153",217,209,221,268
"GPR155",31,21,53,58
"GPR156",5,7,13,11
"GPR157",19,10,27,32
"GPR158",0,0,0,2
"GPR158-AS1",0,0,0,0
"GPR160",121,94,98,46
"GPR161",192,179,380,499
"GPR162",288,265,253,307
"GPR17",2,5,12,8
"GPR171",0,0,0,0
"GPR173",3,4,2,6
"GPR174",0,0,0,0
"GPR176",11,11,36,26
"GPR179",0,1,3,2
"GPR18",1,3,2,1
"GPR180",394,379,312,221
"GPR182",0,0,2,2
"GPR183",2,0,1,2
"GPR19",27,36,39,39
"GPR20",17,14,24,18
"GPR21",0,0,0,0
"GPR22",4,4,3,2
"GPR25",1,0,0,1
"GPR26",0,0,0,0
"GPR27",1,1,2,0
"GPR3",818,801,337,310
"GPR31",0,0,0,0
"GPR32",0,0,0,0
"GPR33",0,0,0,0
"GPR34",0,0,0,2
"GPR35",36,43,41,42
"GPR37",2,3,2,8
"GPR37L1",0,1,11,10
"GPR39",4,0,3,2
"GPR4",24,36,7,0
"GPR45",0,0,0,0
"GPR50",0,0,0,0
"GPR52",1,0,0,1
"GPR55",1,0,1,2
"GPR6",0,0,0,0
"GPR61",21,21,19,18
"GPR62",25,20,73,82
"GPR63",2,0,2,1
"GPR65",1,1,0,0
"GPR68",35,42,59,48
"GPR75",11,18,8,13
"GPR75-ASB3",723,651,510,527
"GPR78",0,0,0,0
"GPR82",3,1,2,0
"GPR83",0,10,3,1
"GPR84",8,7,1,4
"GPR85",0,1,1,1
"GPR87",1,4,123,71
"GPR88",0,0,0,0
"GPR89A",897,882,862,929
"GPR89B",528,519,512,576
"GPRASP1",62,74,78,75
"GPRASP2",351,311,440,394
"GPRC5A",1380,1288,1925,1312
"GPRC5B",132,145,312,266
"GPRC5C",91,74,214,263
"GPRC5D",0,2,1,1
"GPRC6A",0,0,0,0
"GPRIN1",523,539,221,272
"GPRIN2",0,0,0,0
"GPRIN3",7,8,9,5
"GPS1",1895,1771,1876,1797
"GPS2",1605,1612,1158,1257
"GPSM1",1176,1135,1042,1066
"GPSM2",174,217,243,274
"GPSM3",148,123,114,95
"GPT",6,15,8,9
"GPT2",1237,1014,1225,892
"GPX1",10,9,4,6
"GPX2",2,2,2,4
"GPX3",59,35,585,751
"GPX4",5966,5057,4739,4809
"GPX5",0,0,0,2
"GPX6",0,0,0,0
"GPX7",3,5,0,2
"GPX8",766,650,1164,1255
"GRAMD1A",1440,1314,907,986
"GRAMD1B",1134,1074,812,965
"GRAMD1C",76,91,207,153
"GRAMD2",3,1,3,1
"GRAMD3",41,44,14,15
"GRAMD4",648,622,616,612
"GRAP",26,25,19,30
"GRAP2",5,9,6,3
"GRAPL",6,5,1,3
"GRASP",133,112,134,219
"GRB10",0,0,2,0
"GRB14",42,51,60,68
"GRB2",4549,4360,3199,3087
"GRB7",106,75,48,33
"GREB1",316,333,558,564
"GREB1L",45,46,170,170
"GREM1",0,1,0,0
"GREM2",0,0,0,0
"GRHL1",11,9,67,59
"GRHL2",0,0,0,0
"GRHL3",1152,1099,362,262
"GRHPR",1992,1789,1601,1912
"GRIA1",1,0,1,0
"GRIA2",3,1,2,0
"GRIA3",0,0,0,0
"GRIA4",4,3,1,0
"GRID1",24,18,35,25
"GRID1-AS1",0,0,0,0
"GRID2",0,0,0,0
"GRID2IP",14,23,11,9
"GRIFIN",0,0,0,0
"GRIK1",2,5,5,2
"GRIK1-AS1",0,0,0,0
"GRIK1-AS2",6,10,3,17
"GRIK2",2,0,1,2
"GRIK3",0,0,1,5
"GRIK4",6,2,30,17
"GRIK5",98,79,86,86
"GRIN1",4,7,6,5
"GRIN2A",1,0,1,0
"GRIN2B",12,23,13,8
"GRIN2C",322,448,137,148
"GRIN2D",835,887,703,601
"GRIN3A",9,10,2,11
"GRIN3B",393,449,374,356
"GRINA",4182,3813,3847,3940
"GRIP1",11,12,9,12
"GRIP2",491,506,517,531
"GRIPAP1",1403,1413,1386,1548
"GRK1",7,4,2,3
"GRK4",51,54,62,78
"GRK5",72,54,169,219
"GRK6",1464,1290,886,950
"GRK7",0,3,2,0
"GRM1",3,1,0,0
"GRM2",4,4,4,4
"GRM3",4,1,5,8
"GRM4",225,251,99,93
"GRM5",0,0,0,0
"GRM5-AS1",0,0,0,0
"GRM6",4,1,0,0
"GRM7",0,0,0,0
"GRM7-AS1",0,0,0,0
"GRM7-AS2",0,1,0,0
"GRM7-AS3",0,0,0,0
"GRM8",1,1,2,2
"GRN",5363,4726,8006,7418
"GRP",0,0,0,0
"GRPEL1",2602,2379,1106,1169
"GRPEL2",1150,944,654,490
"GRPR",0,0,10,3
"GRSF1",4038,3701,3232,3398
"GRTP1",473,411,350,372
"GRTP1-AS1",43,35,28,38
"GRWD1",3000,2780,1394,1614
"GRXCR1",0,0,0,0
"GRXCR2",2,1,0,0
"GS1-124K5.11",838,780,870,807
"GS1-24F4.2",30,24,12,17
"GS1-259H13.2",26,28,27,29
"GS1-279B7.1",0,1,0,0
"GS1-594A7.3",0,0,1,1
"GS1-600G8.3",2,1,0,0
"GSAP",0,0,2,3
"GSC",0,0,0,1
"GSC2",0,1,0,0
"GSDMA",2,0,0,0
"GSDMB",87,106,115,129
"GSDMC",0,3,4,1
"GSDMD",2,1,3,1
"GSE1",2240,2236,2220,2552
"GSG1",4694,3856,733,441
"GSG1L",5,1,3,4
"GSG2",321,340,204,314
"GSK3A",4651,4338,2565,2755
"GSK3B",1981,1833,1649,1446
"GSKIP",380,311,446,250
"GSN",4936,4373,6431,6155
"GSN-AS1",126,126,155,140
"GSPT1",9314,8756,5831,6081
"GSPT2",770,751,604,722
"GSR",1760,1587,1006,1076
"GSS",2497,2250,1384,1402
"GSTA1",0,0,0,0
"GSTA2",0,0,0,0
"GSTA3",0,0,0,0
"GSTA4",739,654,415,600
"GSTA5",0,0,0,0
"GSTA7P",0,0,0,0
"GSTCD",506,504,329,261
"GSTK1",2,1,0,0
"GSTM1",805,914,344,409
"GSTM2",1352,1469,556,719
"GSTM2P1",291,238,66,112
"GSTM3",6,8,5,8
"GSTM4",1546,1461,547,706
"GSTM5",2426,2161,219,425
"GSTO1",2008,1719,1510,1441
"GSTO2",440,387,243,244
"GSTP1",8700,7928,8922,8028
"GSTT1",0,0,0,0
"GSTT2",0,0,0,0
"GSTT2B",0,0,0,0
"GSTTP1",0,0,0,0
"GSTTP2",0,0,0,0
"GSTZ1",295,286,385,451
"GSX1",0,0,0,0
"GSX2",21,24,66,75
"GTDC1",256,222,151,111
"GTF2A1",1341,1318,744,491
"GTF2A1L",0,0,5,3
"GTF2A2",2133,1858,1541,1599
"GTF2B",1200,1066,801,960
"GTF2E1",962,893,663,736
"GTF2E2",1307,1155,828,1010
"GTF2F1",12235,11172,4524,4760
"GTF2F2",1376,1381,1060,1431
"GTF2H1",1121,1086,826,903
"GTF2H2",2895,2760,1980,1756
"GTF2H2B",1706,1704,1180,1076
"GTF2H2C",1315,1289,958,730
"GTF2H2C_2",1312,1279,957,725
"GTF2H3",1217,1102,638,508
"GTF2H4",676,622,449,472
"GTF2H5",974,965,850,1127
"GTF2I",4544,4768,4982,5793
"GTF2IP1",4173,4319,4733,5556
"GTF2IP20",758,926,504,513
"GTF2IP4",4173,4319,4733,5556
"GTF2IRD1",1498,1394,710,747
"GTF2IRD1P1",282,278,235,300
"GTF2IRD2",296,291,295,417
"GTF2IRD2B",245,220,231,344
"GTF3A",2412,2258,1294,1480
"GTF3C1",8739,8813,6370,6874
"GTF3C2",2161,2003,1607,1770
"GTF3C2-AS1",159,162,109,86
"GTF3C3",1277,1299,961,1002
"GTF3C4",1407,1351,673,651
"GTF3C5",2394,2319,1516,1475
"GTF3C6",2042,1918,1496,1722
"GTPBP1",1426,1353,1471,1577
"GTPBP10",483,459,269,318
"GTPBP2",1269,1255,1430,1102
"GTPBP3",1512,1498,770,633
"GTPBP4",4672,4433,1935,2111
"GTPBP6",1881,1766,1198,1286
"GTPBP8",158,115,126,118
"GTSCR1",1,0,0,0
"GTSE1",972,1008,824,887
"GTSE1-AS1",15,11,14,11
"GTSF1",3,2,1,0
"GTSF1L",0,0,0,0
"GUCA1A",2,0,2,3
"GUCA1B",30,30,19,34
"GUCA1C",0,0,0,0
"GUCA2A",0,0,0,0
"GUCA2B",0,0,0,0
"GUCD1",1473,1433,1340,1503
"GUCY1A2",166,165,197,169
"GUCY1A3",348,358,264,264
"GUCY1B2",0,0,1,1
"GUCY1B3",523,471,173,166
"GUCY2C",0,0,35,24
"GUCY2D",0,1,0,0
"GUCY2EP",0,0,0,0
"GUCY2F",0,0,0,0
"GUCY2GP",7,11,19,8
"GUF1",1613,1589,862,917
"GUK1",1694,1592,1880,1726
"GULP1",1896,1771,1775,535
"GUSB",1026,1034,1035,1096
"GUSBP1",210,221,112,104
"GUSBP10",0,0,0,0
"GUSBP11",0,1,3,1
"GUSBP2",66,63,62,52
"GUSBP3",129,145,90,103
"GUSBP4",292,287,168,200
"GUSBP5",0,0,0,1
"GUSBP9",62,72,58,75
"GVINP1",5,1,7,4
"GXYLT1",671,689,791,666
"GXYLT1P3",1,5,4,2
"GXYLT2",28,24,60,39
"GYG1",2423,2105,1322,1553
"GYG2",71,53,179,244
"GYG2P1",39,22,122,93
"GYLTL1B",2,1,0,1
"GYPA",0,0,2,0
"GYPB",0,0,0,0
"GYPC",90,81,139,136
"GYPE",0,1,0,0
"GYS1",3903,3851,2843,2795
"GYS2",7,3,1,0
"GZF1",376,367,371,401
"GZMA",0,0,0,0
"GZMB",0,0,0,0
"GZMH",0,0,0,0
"GZMK",0,0,0,0
"GZMM",11,8,4,5
"H19",342,273,105,122
"H1F0",4328,3420,4408,5086
"H1FNT",2,1,3,2
"H1FOO",0,0,1,3
"H1FX",4831,4546,4260,4214
"H1FX-AS1",121,135,154,159
"H2AFB1",8,4,3,2
"H2AFB2",8,6,5,4
"H2AFB3",8,4,3,2
"H2AFJ",1330,1165,861,1095
"H2AFV",3011,2838,3065,3302
"H2AFX",5040,4574,4140,3876
"H2AFY",10747,9548,6724,7850
"H2AFY2",1370,1258,1004,1531
"H2AFZ",11188,9987,6199,6026
"H2BFM",0,1,1,0
"H2BFWT",0,0,0,0
"H2BFXP",1,0,3,7
"H3F3A",10874,9739,9440,8874
"H3F3AP4",10874,9739,9440,8874
"H3F3B",16516,15119,10828,12427
"H3F3C",2138,1992,1517,1385
"H6PD",986,962,1435,1545
"HAAO",0,1,2,0
"HABP2",0,0,0,0
"HABP4",1748,1634,1738,2251
"HACD1",818,759,1125,1343
"HACD2",89,105,81,48
"HACD3",4383,3881,2829,3494
"HACD4",1,0,1,2
"HACE1",1358,1342,446,441
"HACL1",1078,979,738,734
"HADH",995,891,772,838
"HADHA",6581,5792,6721,7853
"HADHB",2293,2075,1998,2025
"HAGH",824,756,1008,1008
"HAGHL",590,589,288,308
"HAGLR",40,28,124,92
"HAGLROS",0,0,3,1
"HAL",13,23,25,29
"HAMP",1,0,0,0
"HAND1",8,5,15,7
"HAND2",16,5,21,19
"HAND2-AS1",0,0,0,1
"HAO1",0,0,0,0
"HAO2",0,0,0,0
"HAO2-IT1",0,0,0,0
"HAP1",117,118,140,152
"HAPLN1",0,0,1,0
"HAPLN2",72,43,23,15
"HAPLN3",751,792,1663,2018
"HAPLN4",31,19,39,55
"HAR1A",1,0,0,3
"HAR1B",0,0,0,1
"HARBI1",101,73,76,88
"HARS",3493,3587,2515,2928
"HARS2",846,780,550,636
"HAS1",3,4,5,8
"HAS2",0,0,0,0
"HAS2-AS1",0,0,0,0
"HAS3",682,632,589,652
"HAT1",1805,1752,1364,1893
"HAUS1",676,600,488,554
"HAUS2",864,752,632,644
"HAUS3",634,687,423,363
"HAUS4",831,701,676,797
"HAUS5",474,573,524,545
"HAUS6",1094,1114,516,473
"HAUS7",772,797,318,325
"HAUS8",409,407,301,383
"HAVCR1",0,0,0,1
"HAVCR1P1",5,3,6,5
"HAVCR2",8,5,2,3
"HAX1",1069,795,898,735
"HBA1",60,41,5,4
"HBA2",58,39,5,4
"HBB",1,0,0,0
"HBBP1",0,0,0,0
"HBD",0,0,0,0
"HBE1",0,0,2,1
"HBEGF",457,379,506,673
"HBG1",0,0,0,0
"HBG2",0,0,0,0
"HBM",1,3,0,1
"HBP1",651,547,664,670
"HBQ1",148,129,73,81
"HBS1L",2166,1920,1232,1253
"HBZ",14,12,11,9
"HCAR1",42,55,4,4
"HCAR2",3,1,1,1
"HCAR3",2,1,0,1
"HCCAT5",0,0,1,0
"HCCS",653,619,505,547
"HCFC1",3331,3292,2229,2487
"HCFC1-AS1",1,0,0,1
"HCFC1R1",1242,1056,1228,1210
"HCFC2",105,154,131,105
"HCG11",759,732,497,545
"HCG14",0,0,0,2
"HCG17",18,13,7,10
"HCG18",1328,1331,1067,1070
"HCG2040054",1,3,0,0
"HCG22",256,215,199,253
"HCG23",0,4,1,3
"HCG25",161,151,128,136
"HCG26",1357,1272,1095,1500
"HCG27",16,19,22,14
"HCG4",0,0,0,0
"HCG4B",7,4,10,3
"HCG8",25,36,46,35
"HCG9",0,0,0,1
"HCK",4,6,5,6
"HCLS1",6,12,193,132
"HCN1",7,12,0,2
"HCN2",573,557,377,351
"HCN3",188,222,199,223
"HCN4",2,4,9,19
"HCP5",14,21,61,63
"HCRT",0,0,4,3
"HCRTR1",24,24,46,30
"HCRTR2",0,0,0,0
"HCST",6,10,18,10
"HDAC1",3882,3633,2467,2788
"HDAC10",619,862,649,626
"HDAC11",262,186,308,361
"HDAC11-AS1",0,1,3,1
"HDAC2",5036,4638,3093,4305
"HDAC3",2133,1884,1855,2031
"HDAC4",454,406,285,271
"HDAC5",1079,911,1847,2074
"HDAC6",774,803,760,1075
"HDAC7",3120,2953,3051,3156
"HDAC8",466,444,399,479
"HDAC9",63,41,173,100
"HDC",9,7,30,28
"HDDC2",2052,1857,1750,2217
"HDDC3",360,279,241,276
"HDGF",15824,14055,10420,12236
"HDGFL1",0,0,0,0
"HDGFRP2",3974,3622,3046,3404
"HDGFRP3",1439,1231,1216,996
"HDHD1",912,843,933,906
"HDHD2",639,704,536,595
"HDHD3",784,791,540,543
"HDLBP",15028,14268,13033,13903
"HDX",2,0,0,1
"HEATR1",3910,3868,2243,2308
"HEATR3",344,367,259,293
"HEATR4",1,3,0,2
"HEATR5A",448,426,542,377
"HEATR5B",511,582,450,411
"HEATR6",601,571,525,632
"HEATR9",0,1,1,3
"HEBP1",5149,4432,1993,2309
"HEBP2",647,584,904,925
"HECA",853,815,729,581
"HECTD1",3301,3342,3807,4007
"HECTD2",207,249,368,254
"HECTD2-AS1",0,0,5,1
"HECTD3",926,861,1007,1026
"HECTD4",783,817,1102,1033
"HECW1",2,1,6,3
"HECW2",0,5,9,5
"HEG1",197,208,2649,2515
"HEIH",13,18,22,16
"HELB",76,48,30,30
"HELLS",1034,1004,836,563
"HELQ",385,395,521,530
"HELT",0,0,0,1
"HELZ",2056,2186,1706,1864
"HELZ2",216,218,330,297
"HEMGN",0,0,0,1
"HEMK1",257,246,287,257
"HENMT1",0,1,1,0
"HEPACAM",1,0,51,35
"HEPACAM2",0,0,0,0
"HEPH",0,0,0,1
"HEPHL1",4,1,9,7
"HEPN1",0,0,32,26
"HERC1",1060,1147,1245,1312
"HERC2",3873,4085,3326,3332
"HERC2P10",7,10,6,4
"HERC2P2",2889,3771,3772,3918
"HERC2P3",980,1204,1196,1047
"HERC2P4",87,88,52,40
"HERC2P7",222,286,201,222
"HERC2P9",1232,1743,1537,1733
"HERC3",47,62,81,61
"HERC4",1030,1062,1489,1234
"HERC5",1059,986,351,344
"HERC6",207,216,344,396
"HERPUD1",685,469,820,634
"HERPUD2",538,472,598,567
"HES1",111,119,483,466
"HES2",54,66,113,54
"HES3",0,1,0,0
"HES4",664,792,705,808
"HES5",2,0,0,0
"HES6",652,630,596,476
"HES7",396,361,120,153
"HESX1",38,39,17,23
"HEXA",2597,2291,2327,2646
"HEXA-AS1",13,28,6,11
"HEXB",5557,4998,4467,4535
"HEXDC",410,520,432,517
"HEXIM1",3515,3306,2331,2815
"HEXIM2",322,285,243,289
"HEY1",4,3,14,13
"HEY2",0,1,0,0
"HEYL",25,26,25,18
"HFE",30,30,39,36
"HFE2",17,22,0,2
"HFM1",38,46,60,50
"HGC6.3",4,6,8,11
"HGD",0,2,3,1
"HGF",0,0,0,0
"HGFAC",0,1,3,9
"HGH1",2422,2328,1451,1468
"HGS",2832,2836,2212,2059
"HGSNAT",948,988,1126,1172
"HHAT",422,404,483,425
"HHATL",8,2,6,2
"HHEX",63,75,31,40
"HHIP",2,5,1,3
"HHIP-AS1",2,1,8,15
"HHIPL1",0,1,2,3
"HHIPL2",7,8,4,7
"HHLA1",0,0,0,0
"HHLA2",0,0,0,0
"HHLA3",152,138,172,185
"HIAT1",1084,1112,819,595
"HIATL1",1638,1580,1313,1275
"HIATL2",156,182,190,149
"HIBADH",1133,980,2059,2054
"HIBCH",735,748,702,769
"HIC1",1521,1453,452,387
"HIC2",1126,1152,895,968
"HID1",204,210,223,266
"HID1-AS1",0,0,0,0
"HIF1A",2008,1925,3113,2117
"HIF1A-AS1",35,45,62,44
"HIF1A-AS2",1059,982,1695,630
"HIF1AN",1680,1779,1522,1690
"HIF3A",0,1,0,3
"HIGD1A",5091,4365,5087,4681
"HIGD1B",17,8,5,12
"HIGD1C",0,0,0,0
"HIGD2A",2053,1914,1756,2094
"HIGD2B",3,2,0,0
"HILPDA",388,294,186,196
"HILS1",1,0,0,1
"HINFP",658,625,542,594
"HINT1",6404,5721,5088,5935
"HINT2",996,816,583,646
"HINT3",517,453,740,633
"HIP1",1516,1510,1787,1919
"HIP1R",404,434,603,606
"HIPK1",1012,1029,844,678
"HIPK1-AS1",4,4,3,7
"HIPK2",74,77,244,191
"HIPK3",801,853,732,364
"HIPK4",12,6,8,3
"HIRA",1721,1628,1482,1627
"HIRIP3",423,343,378,483
"HIST1H1A",0,0,0,0
"HIST1H1B",2,3,3,7
"HIST1H1C",576,573,297,366
"HIST1H1D",7,3,2,2
"HIST1H1E",7,3,5,6
"HIST1H1T",2,1,0,0
"HIST1H2AA",0,0,0,0
"HIST1H2AB",3,0,1,2
"HIST1H2AC",71,55,74,52
"HIST1H2AD",49,32,30,20
"HIST1H2AE",61,47,41,47
"HIST1H2AG",26,33,10,8
"HIST1H2AH",6,0,0,6
"HIST1H2AI",1,1,2,3
"HIST1H2AJ",1,4,2,2
"HIST1H2AK",6,6,5,3
"HIST1H2AL",5,0,3,0
"HIST1H2AM",35,40,19,4
"HIST1H2APS1",0,0,0,0
"HIST1H2BA",0,0,0,0
"HIST1H2BB",1,1,0,0
"HIST1H2BC",29,38,26,28
"HIST1H2BD",162,171,269,233
"HIST1H2BE",45,55,25,17
"HIST1H2BF",1,3,2,3
"HIST1H2BG",26,25,48,20
"HIST1H2BH",25,23,11,14
"HIST1H2BI",0,1,0,1
"HIST1H2BJ",59,44,20,11
"HIST1H2BK",4409,3802,1587,1595
"HIST1H2BL",1,1,1,7
"HIST1H2BM",0,0,1,0
"HIST1H2BN",33,44,30,29
"HIST1H2BO",68,55,20,22
"HIST1H3A",3,4,4,4
"HIST1H3B",7,13,4,4
"HIST1H3C",7,10,5,4
"HIST1H3D",113,88,75,35
"HIST1H3E",18,16,20,26
"HIST1H3F",1,1,2,0
"HIST1H3G",18,11,7,5
"HIST1H3H",32,41,16,20
"HIST1H3I",0,0,0,0
"HIST1H3J",1,5,1,1
"HIST1H4A",0,0,0,1
"HIST1H4B",2,0,1,4
"HIST1H4C",0,0,1,7
"HIST1H4D",2,1,1,2
"HIST1H4E",4,7,7,6
"HIST1H4F",0,0,0,0
"HIST1H4G",0,0,0,0
"HIST1H4H",16,22,16,15
"HIST1H4I",9,5,8,5
"HIST1H4J",25,26,25,34
"HIST1H4K",25,27,22,33
"HIST1H4L",0,0,0,0
"HIST2H2AA3",777,783,540,415
"HIST2H2AA4",777,783,540,415
"HIST2H2AB",1,0,2,1
"HIST2H2AC",226,216,143,160
"HIST2H2BA",14,11,18,12
"HIST2H2BC",188,185,88,76
"HIST2H2BE",245,216,345,218
"HIST2H2BF",23,19,28,23
"HIST2H3A",19,17,9,13
"HIST2H3C",19,17,9,13
"HIST2H3D",11,6,3,5
"HIST2H4A",58,62,62,67
"HIST2H4B",58,62,62,67
"HIST3H2A",159,141,95,127
"HIST3H2BB",8,9,4,5
"HIST3H3",0,0,0,1
"HIST4H4",3,6,1,4
"HIVEP1",1292,1380,790,753
"HIVEP2",104,88,271,261
"HIVEP3",29,18,72,81
"HJURP",1695,1700,1148,1262
"HK1",1615,1502,2438,2365
"HK2",1476,1349,1136,1130
"HK3",1,2,5,2
"HKDC1",218,212,252,122
"HKR1",566,669,497,597
"HLA-A",883,720,999,812
"HLA-B",986,826,1751,1431
"HLA-C",734,575,1458,1346
"HLA-DMA",93,99,147,182
"HLA-DMB",56,46,107,107
"HLA-DOA",259,234,74,57
"HLA-DOB",445,504,477,405
"HLA-DPA1",16,11,38,27
"HLA-DPB1",15,18,143,69
"HLA-DPB2",2,0,0,1
"HLA-DQA1",0,0,0,0
"HLA-DQA2",34,37,32,32
"HLA-DQB1",0,0,1,1
"HLA-DQB2",311,379,254,160
"HLA-DRA",8,7,32,42
"HLA-DRB1",10,9,7,14
"HLA-DRB3",8,6,9,6
"HLA-DRB4",3,2,3,2
"HLA-DRB5",2,1,2,1
"HLA-DRB6",0,1,0,0
"HLA-E",2803,2552,1898,1855
"HLA-F",0,5,10,15
"HLA-F-AS1",18,19,37,40
"HLA-G",0,0,0,0
"HLA-H",113,91,124,95
"HLA-J",20,19,23,18
"HLA-L",51,59,80,63
"HLCS",833,834,818,954
"HLF",14,17,9,10
"HLTF",1800,1812,1139,1157
"HLTF-AS1",10,10,4,2
"HLX",4,4,2,8
"HLX-AS1",1,1,0,0
"HM13",2876,2550,2426,2447
"HM13-AS1",3,9,3,4
"HMBOX1",127,116,123,64
"HMBS",661,579,481,490
"HMCES",741,701,729,926
"HMCN1",2767,2814,1141,824
"HMCN2",9,8,7,7
"HMG20A",1361,1301,1182,1364
"HMG20B",1825,2073,1673,1793
"HMGA1",73857,62839,35856,27453
"HMGA1P7",4,2,0,0
"HMGA2",16775,15941,12797,11824
"HMGB1",12822,13263,9782,10070
"HMGB2",5034,4886,6464,7996
"HMGB3",1902,1795,1733,2191
"HMGB3P1",1,0,1,0
"HMGB4",0,0,0,0
"HMGCL",919,663,788,972
"HMGCLL1",0,0,0,0
"HMGCR",8708,8090,3082,3435
"HMGCS1",2740,2896,9874,9423
"HMGCS2",0,0,1,0
"HMGN1",8462,7848,7134,7413
"HMGN2",7811,7112,5786,6458
"HMGN2P46",760,742,625,723
"HMGN3",2772,2745,3946,4589
"HMGN3-AS1",95,93,133,144
"HMGN4",2871,2590,1737,1649
"HMGN5",77,63,58,84
"HMGXB3",2449,2452,1720,1674
"HMGXB4",687,690,453,449
"HMHA1",2090,2257,1294,1467
"HMHB1",0,0,0,0
"HMMR",1008,963,704,683
"HMMR-AS1",140,133,114,109
"HMOX1",2644,2133,753,709
"HMOX2",1544,1354,1141,1292
"HMP19",7,6,3,1
"HMSD",0,0,0,0
"HMX1",80,72,52,39
"HMX2",1,2,1,0
"HMX3",0,1,1,0
"HN1",3772,3387,3771,3923
"HN1L",5128,4765,4688,5389
"HNCAT21",3,4,2,0
"HNF1A",65,56,35,56
"HNF1A-AS1",2,2,1,0
"HNF1B",1,0,3,3
"HNF4A",2,1,5,2
"HNF4A-AS1",0,0,0,0
"HNF4G",0,0,0,0
"HNMT",0,0,39,34
"HNRNPA0",10574,9234,8383,8586
"HNRNPA1",32011,30259,19944,26622
"HNRNPA1L2",19057,17694,11812,18113
"HNRNPA1P10",26306,24877,16350,22607
"HNRNPA1P33",856,716,488,477
"HNRNPA2B1",32830,31890,26395,34353
"HNRNPA3",10980,10696,9586,10969
"HNRNPA3P1",555,499,493,637
"HNRNPAB",8324,8059,4493,4989
"HNRNPC",25782,22551,15028,18933
"HNRNPCL1",590,527,431,861
"HNRNPCL2",74,78,22,23
"HNRNPCL3",589,527,431,861
"HNRNPCL4",585,520,431,860
"HNRNPD",13125,12057,8499,12561
"HNRNPDL",9046,9085,6365,8451
"HNRNPF",13109,12259,5874,6512
"HNRNPH1",11213,11692,8542,9415
"HNRNPH2",2630,2632,2486,2609
"HNRNPH3",4331,4086,2715,3465
"HNRNPK",21936,20696,16806,20199
"HNRNPKP3",12,15,8,11
"HNRNPL",9480,8466,6790,7039
"HNRNPLL",1155,961,971,1009
"HNRNPM",10795,10162,6797,6949
"HNRNPR",7050,6675,5382,6156
"HNRNPU",26292,24939,14831,19208
"HNRNPU-AS1",762,1030,841,810
"HNRNPUL1",6235,5917,4587,5435
"HNRNPUL2",7132,6423,5301,6822
"HNRNPUL2-BSCL2",7453,6642,5077,5895
"HOGA1",27,22,182,155
"HOMER1",345,337,273,194
"HOMER2",729,598,780,813
"HOMER3",1372,1252,1204,1224
"HOMEZ",1000,865,829,957
"HOOK1",1,2,0,0
"HOOK2",614,673,766,912
"HOOK3",610,631,654,543
"HOPX",0,0,1,2
"HORMAD1",2,2,3,0
"HORMAD2",5,9,7,21
"HORMAD2-AS1",6,14,9,11
"HOTAIR",138,141,204,195
"HOTAIRM1",146,139,237,221
"HOTS",207,187,57,61
"HOTTIP",0,0,1,5
"HOXA-AS2",9,10,22,35
"HOXA-AS3",426,321,333,386
"HOXA1",183,152,265,255
"HOXA10",242,257,280,308
"HOXA10-AS",230,213,212,277
"HOXA10-HOXA9",781,689,699,690
"HOXA11",81,82,84,73
"HOXA11-AS",52,55,48,52
"HOXA13",1,0,20,15
"HOXA2",6,5,19,12
"HOXA3",61,65,106,85
"HOXA4",16,19,26,31
"HOXA5",58,61,44,57
"HOXA6",4,2,3,4
"HOXA7",488,367,376,439
"HOXA9",888,768,781,785
"HOXB-AS1",44,33,36,43
"HOXB-AS3",2,5,7,6
"HOXB1",0,0,0,0
"HOXB13",1564,1304,609,570
"HOXB2",339,308,313,256
"HOXB3",115,136,182,164
"HOXB4",91,77,72,110
"HOXB5",19,14,38,28
"HOXB6",12,18,24,28
"HOXB7",79,62,115,116
"HOXB8",13,6,11,11
"HOXB9",80,49,74,49
"HOXC-AS1",35,38,31,25
"HOXC-AS2",21,23,22,26
"HOXC-AS3",47,68,69,58
"HOXC10",1626,1589,1341,1462
"HOXC11",369,348,247,266
"HOXC12",0,1,0,2
"HOXC13",991,935,1169,1441
"HOXC13-AS",137,115,253,278
"HOXC4",182,155,248,319
"HOXC5",56,48,106,111
"HOXC6",675,613,698,695
"HOXC8",328,316,397,383
"HOXC9",452,433,388,579
"HOXD-AS2",29,20,72,52
"HOXD1",3,6,30,17
"HOXD10",1,0,1,0
"HOXD11",1,0,0,1
"HOXD12",0,0,0,0
"HOXD13",1,1,1,0
"HOXD3",34,43,48,49
"HOXD4",30,25,33,37
"HOXD8",60,60,52,47
"HOXD9",239,200,135,149
"HP",1,0,1,0
"HP09025",0,0,1,3
"HP09053",184,152,145,142
"HP1BP3",3806,3750,3359,3062
"HPCA",59,44,59,43
"HPCAL1",327,304,415,403
"HPCAL4",29,26,7,12
"HPD",2155,1983,1379,2159
"HPDL",2,4,2,6
"HPGD",0,0,0,0
"HPGDS",0,0,0,0
"HPN",2,0,9,22
"HPN-AS1",0,0,0,0
"HPR",4,0,0,0
"HPRT1",1104,1104,664,553
"HPS1",1120,1102,1111,1234
"HPS3",2330,2184,961,865
"HPS4",1100,1092,525,571
"HPS5",788,658,614,590
"HPS6",972,939,730,742
"HPSE",64,73,204,270
"HPSE2",0,2,0,0
"HPVC1",0,0,0,0
"HPX",16,27,27,14
"HPYR1",0,0,0,0
"HR",8,16,13,18
"HRAS",1448,1435,1142,1189
"HRASLS",1,3,4,10
"HRASLS2",0,0,12,11
"HRASLS5",1,0,1,2
"HRAT13",0,0,0,0
"HRAT17",0,0,0,1
"HRAT5",0,1,2,0
"HRAT56",0,1,1,1
"HRAT92",10,22,24,19
"HRC",41,42,56,87
"HRCT1",0,0,4,0
"HRG",1,0,2,6
"HRH1",1,0,11,17
"HRH2",1,1,3,3
"HRH3",20,8,0,2
"HRH4",0,1,2,1
"HRK",48,39,78,59
"HRNR",0,0,5,1
"HRSP12",1267,1291,862,797
"HS1BP3",861,678,565,579
"HS1BP3-IT1",23,12,17,8
"HS2ST1",1116,1148,1203,968
"HS3ST1",0,0,0,0
"HS3ST2",0,1,0,0
"HS3ST3A1",1,0,23,18
"HS3ST3B1",14,9,252,238
"HS3ST4",1,2,17,19
"HS3ST5",0,0,1,3
"HS3ST6",7,5,8,13
"HS6ST1",944,875,1936,2122
"HS6ST2",4501,4300,2211,1958
"HS6ST2-AS1",1,0,1,0
"HS6ST3",2,0,2,1
"HSBP1",8898,7997,4366,4728
"HSBP1L1",310,277,403,424
"HSCB",464,394,251,271
"HSD11B1",0,0,1,1
"HSD11B1L",185,155,115,124
"HSD11B2",2,2,1,0
"HSD17B1",827,775,474,468
"HSD17B10",4183,3510,2682,2958
"HSD17B11",587,530,1807,1469
"HSD17B12",2133,1935,1745,1299
"HSD17B13",2,4,9,7
"HSD17B14",1293,1109,862,1064
"HSD17B2",7,2,15,11
"HSD17B3",15,16,314,288
"HSD17B4",1038,886,814,922
"HSD17B6",15,9,94,87
"HSD17B7",243,212,215,305
"HSD17B7P2",112,110,122,147
"HSD17B8",51,54,36,36
"HSD3B1",0,0,1,0
"HSD3B2",0,0,0,0
"HSD3B7",315,250,285,345
"HSD3BP4",1,0,6,3
"HSD52",0,0,0,0
"HSDL1",833,855,579,591
"HSDL2",1741,1628,1036,1101
"HSF1",1927,1725,1353,1401
"HSF2",769,754,455,483
"HSF2BP",97,90,147,90
"HSF4",401,501,214,248
"HSF5",1,0,0,1
"HSFX1",5,8,4,12
"HSFX2",5,8,4,13
"HSFY1",0,0,0,0
"HSFY1P1",0,0,0,0
"HSFY2",0,0,0,0
"HSH2D",87,58,37,54
"HSP90AA1",35661,36269,27150,33065
"HSP90AB1",58153,53903,33889,43116
"HSP90AB4P",23,27,23,20
"HSP90B1",14362,13562,12468,15682
"HSP90B2P",1056,969,909,996
"HSPA12A",21,30,49,61
"HSPA12B",11,20,18,14
"HSPA13",890,874,733,343
"HSPA14",1762,1609,1033,1102
"HSPA1A",1664,1769,1247,1596
"HSPA1B",2242,2428,1778,2076
"HSPA1L",115,121,118,104
"HSPA2",3,4,12,5
"HSPA4",9590,9129,5733,6437
"HSPA4L",581,550,420,298
"HSPA5",19553,17426,18290,21464
"HSPA6",26,41,29,12
"HSPA7",7,14,16,9
"HSPA8",58960,58554,31786,47534
"HSPA9",22485,20379,9415,10506
"HSPB1",15342,13420,10267,12356
"HSPB11",1143,1015,873,1057
"HSPB2",3790,3317,3912,3846
"HSPB2-C11orf52",446,352,426,412
"HSPB3",0,0,0,0
"HSPB6",23,32,6,4
"HSPB7",32,39,28,27
"HSPB8",7,6,682,808
"HSPB9",2,2,0,3
"HSPBAP1",275,343,231,283
"HSPBP1",1374,1275,950,1219
"HSPD1",28041,26155,16149,19973
"HSPE1",4919,4509,2399,3543
"HSPE1-MOB4",3169,2857,1732,2617
"HSPG2",2136,1924,6300,5630
"HSPH1",5049,4976,3041,3576
"HTATIP2",0,0,1,0
"HTATSF1",2121,2142,1684,2370
"HTATSF1P2",281,294,243,209
"HTN1",0,0,0,0
"HTN3",0,0,0,0
"HTR1A",0,0,0,0
"HTR1B",0,1,0,0
"HTR1D",13,22,72,58
"HTR1E",0,0,0,0
"HTR1F",2,0,0,0
"HTR2A",1,0,0,0
"HTR2A-AS1",0,0,0,0
"HTR2B",118,142,270,422
"HTR2C",0,0,2,1
"HTR3A",0,0,0,0
"HTR3B",0,1,0,0
"HTR3C",1,1,4,1
"HTR3D",1,0,0,0
"HTR3E",0,0,0,0
"HTR4",0,0,0,0
"HTR5A",0,0,0,0
"HTR5A-AS1",0,0,0,0
"HTR6",2046,1763,235,327
"HTR7",2,4,1,1
"HTR7P1",1689,1572,646,724
"HTRA1",101,82,268,364
"HTRA2",1142,1107,807,959
"HTRA3",1,1,0,0
"HTRA4",0,0,1,0
"HTT",2602,2583,3024,3335
"HTT-AS",2,0,0,1
"HULC",1,1,4,4
"HUNK",9,10,1,3
"HUS1",527,443,415,398
"HUS1B",15,16,9,3
"HUWE1",6375,6287,6854,6996
"HVCN1",12,15,18,23
"HYAL1",338,321,431,373
"HYAL2",1932,1742,1368,1553
"HYAL3",165,181,138,185
"HYAL4",0,0,0,0
"HYALP1",0,0,0,0
"HYDIN",1,2,2,2
"HYDIN2",0,0,1,1
"HYI",475,508,413,391
"HYKK",54,44,43,40
"HYLS1",112,111,76,91
"HYMAI",14,20,8,8
"HYOU1",5390,4831,5012,5340
"HYPK",893,854,489,615
"HYPM",0,0,3,0
"IAH1",1,6,1,0
"IAPP",0,0,0,0
"IARS",6501,6077,4215,4083
"IARS2",2621,2494,1675,1918
"IBA57",318,325,237,360
"IBA57-AS1",3,7,6,5
"IBSP",3,0,0,0
"IBTK",4912,4629,2017,1828
"ICA1",786,644,465,645
"ICA1L",441,480,586,594
"ICAM1",2115,1677,1749,1340
"ICAM2",8,9,13,6
"ICAM3",344,280,185,194
"ICAM4",90,77,24,23
"ICAM5",759,777,562,454
"ICE1",1692,1758,1069,1136
"ICE2",1011,952,653,673
"ICK",228,196,365,268
"ICMT",2802,2733,2157,2430
"ICOS",0,0,0,0
"ICOSLG",249,190,100,114
"ICT1",758,617,467,607
"ID1",5998,5527,8638,9304
"ID2",2044,1807,1613,1606
"ID2-AS1",11,16,13,9
"ID3",18364,14600,13208,14791
"ID4",1673,1729,1328,1458
"IDE",1862,1772,1683,1696
"IDH1",11378,10097,5424,5873
"IDH1-AS1",20,16,7,12
"IDH2",682,590,950,1110
"IDH3A",1374,1236,867,889
"IDH3B",3732,3701,2480,2708
"IDH3G",1515,1446,1384,1661
"IDI1",2695,2606,1771,1866
"IDI2",238,233,110,235
"IDI2-AS1",128,118,85,97
"IDNK",37,47,44,37
"IDO1",0,1,0,0
"IDO2",0,1,1,0
"IDS",1863,1638,2652,2055
"IDUA",351,410,510,427
"IER2",4869,4309,3332,3399
"IER3",11256,9892,7181,7003
"IER3IP1",1524,1420,1090,884
"IER5",2144,1904,1977,1928
"IER5L",2805,2610,2045,1839
"IFFO1",503,579,692,669
"IFFO2",1330,1214,1393,1823
"IFI16",6,5,52,33
"IFI27",9,16,129,134
"IFI27L1",205,184,242,201
"IFI27L2",1187,1014,842,929
"IFI30",1556,1400,1458,1685
"IFI35",289,237,194,206
"IFI44",0,0,0,0
"IFI44L",1,0,0,0
"IFI6",366,289,808,720
"IFIH1",2,0,6,3
"IFIT1",12,16,16,14
"IFIT1B",0,0,0,0
"IFIT2",1,1,10,3
"IFIT3",2,1,27,38
"IFIT5",7,15,17,13
"IFITM1",1427,1252,1137,1511
"IFITM10",49,77,88,87
"IFITM2",969,823,892,1077
"IFITM3",4432,3952,3236,3836
"IFITM4P",0,0,1,1
"IFITM5",0,0,0,1
"IFNA1",0,0,0,0
"IFNA10",0,0,0,0
"IFNA13",0,0,0,0
"IFNA14",0,0,0,0
"IFNA16",0,0,0,0
"IFNA17",0,0,0,0
"IFNA2",0,0,0,0
"IFNA21",0,0,0,0
"IFNA22P",0,0,0,0
"IFNA4",0,0,0,0
"IFNA5",1,0,0,0
"IFNA6",0,0,0,0
"IFNA7",0,0,0,0
"IFNA8",0,0,0,0
"IFNAR1",875,865,711,697
"IFNAR2",153,136,143,139
"IFNB1",0,0,0,0
"IFNE",0,0,0,0
"IFNG",0,0,0,0
"IFNG-AS1",0,0,0,0
"IFNGR1",410,339,915,932
"IFNGR2",1521,1353,1165,1222
"IFNK",0,0,0,0
"IFNL1",1,0,0,0
"IFNL2",0,1,0,0
"IFNL3",0,0,0,0
"IFNL4",0,1,0,0
"IFNLR1",116,128,98,120
"IFNW1",0,0,0,0
"IFRD1",1023,792,778,659
"IFRD2",2456,2234,1160,1242
"IFT122",382,419,295,352
"IFT140",785,667,465,502
"IFT172",189,208,197,218
"IFT20",908,795,997,986
"IFT22",1173,1029,917,973
"IFT27",797,660,392,414
"IFT43",331,292,213,282
"IFT46",216,196,420,478
"IFT52",724,583,600,747
"IFT57",1085,1076,772,885
"IFT74",755,701,469,511
"IFT74-AS1",1,2,0,4
"IFT80",664,765,697,748
"IFT81",636,637,412,511
"IFT88",278,253,156,181
"IGBP1",1097,1033,813,996
"IGBP1P1",125,121,101,153
"IGDCC3",528,417,991,1081
"IGDCC4",205,218,506,398
"IGF1",1,2,0,2
"IGF1R",2280,2056,3767,3787
"IGF2",14,11,8,10
"IGF2-AS",1,0,0,1
"IGF2BP1",6249,6260,4888,5811
"IGF2BP2",3028,2694,3656,3748
"IGF2BP2-AS1",2,3,0,3
"IGF2BP3",2283,2309,2474,1823
"IGF2R",2738,2594,3710,3487
"IGFALS",9,8,2,1
"IGFBP1",0,1,0,0
"IGFBP2",17,27,79,85
"IGFBP3",160,147,29,36
"IGFBP4",1096,931,2097,2198
"IGFBP5",28,28,6,10
"IGFBP6",251,201,1106,1052
"IGFBP7",138,159,395,201
"IGFBP7-AS1",1,9,30,14
"IGFBPL1",69,59,164,159
"IGFL1",0,0,0,1
"IGFL2",20,21,13,19
"IGFL3",73,51,49,83
"IGFL4",3,3,2,6
"IGFLR1",47,40,41,42
"IGFN1",4916,5989,10537,18597
"IGHMBP2",703,672,439,475
"IGIP",25,39,39,43
"IGLL1",1,0,0,2
"IGLL3P",3,2,1,3
"IGLL5",0,0,0,0
"IGLON5",47,51,27,23
"IGSF1",8,9,16,13
"IGSF10",1,1,7,8
"IGSF11",0,0,0,0
"IGSF11-AS1",0,0,0,0
"IGSF21",0,0,0,0
"IGSF22",1,0,6,2
"IGSF23",5,12,6,5
"IGSF3",170,136,444,471
"IGSF5",2,0,1,0
"IGSF6",0,0,0,2
"IGSF8",429,347,621,714
"IGSF9",3,7,13,15
"IGSF9B",89,118,106,72
"IHH",2,3,4,8
"IK",1842,1807,1430,1868
"IKBIP",1881,1848,2030,1810
"IKBKAP",1499,1416,954,911
"IKBKB",503,556,549,565
"IKBKE",196,181,278,261
"IKBKG",486,499,456,393
"IKZF1",0,0,0,1
"IKZF2",10,14,10,5
"IKZF3",35,18,12,9
"IKZF4",106,91,111,95
"IKZF5",328,336,211,133
"IL10",0,0,0,0
"IL10RA",0,0,0,0
"IL10RB",324,310,327,388
"IL10RB-AS1",12,7,12,10
"IL11",353,296,398,394
"IL11RA",92,78,59,82
"IL12A",40,21,92,83
"IL12A-AS1",0,3,16,13
"IL12B",1,2,5,3
"IL12RB1",2,4,0,2
"IL12RB2",7,4,6,9
"IL13",1,3,2,1
"IL13RA1",807,654,1701,1821
"IL13RA2",25,24,62,56
"IL15",4,5,36,23
"IL15RA",13,12,51,60
"IL16",6,9,13,5
"IL17A",0,0,0,0
"IL17B",4,3,2,4
"IL17C",1,3,0,1
"IL17D",115,105,170,168
"IL17F",1,1,0,0
"IL17RA",685,663,918,861
"IL17RB",89,109,75,66
"IL17RC",131,114,304,252
"IL17RD",4625,4365,3841,6302
"IL17RE",126,99,94,89
"IL17REL",2,2,1,1
"IL18",2,0,40,26
"IL18BP",123,133,175,158
"IL18R1",0,0,0,0
"IL18RAP",0,0,0,0
"IL19",0,0,0,0
"IL1A",4,5,56,15
"IL1B",0,0,4,1
"IL1F10",0,0,0,0
"IL1R1",1,0,0,0
"IL1R2",0,1,0,0
"IL1RAP",1,2,0,0
"IL1RAPL1",0,0,0,0
"IL1RAPL2",2,0,0,0
"IL1RL1",0,0,2,1
"IL1RL2",0,0,0,0
"IL1RN",2,1,1,0
"IL2",0,0,0,0
"IL20",0,0,1,0
"IL20RA",0,0,0,0
"IL20RB",61,53,376,69
"IL21",0,0,0,0
"IL21-AS1",0,1,0,5
"IL21R",11,12,14,8
"IL21R-AS1",9,18,14,9
"IL22",0,0,0,0
"IL22RA1",6,4,7,1
"IL22RA2",0,0,1,0
"IL23A",1641,1233,68,42
"IL23R",4,4,0,1
"IL24",0,0,1,0
"IL25",0,0,1,0
"IL26",0,0,0,0
"IL27",4,2,2,8
"IL27RA",1047,907,1555,1594
"IL2RA",1,0,0,1
"IL2RB",2,1,21,7
"IL2RG",5,0,9,2
"IL3",0,0,0,0
"IL31",1,1,0,0
"IL31RA",0,0,1,0
"IL32",121,76,2949,2105
"IL33",0,1,0,0
"IL34",70,48,79,78
"IL36A",0,0,0,0
"IL36B",0,0,0,0
"IL36G",0,3,4,1
"IL36RN",1,0,1,0
"IL37",4,2,2,4
"IL3RA",23,20,27,39
"IL4",0,2,2,1
"IL4I1",869,730,459,423
"IL4R",563,470,1281,1159
"IL5",0,1,0,0
"IL5RA",0,0,0,0
"IL6",2,1,3,1
"IL6R",584,554,817,839
"IL6ST",582,600,1638,804
"IL7",1,0,0,0
"IL7R",0,0,1,2
"IL9",0,0,0,0
"IL9R",17,19,6,8
"ILDR1",0,0,0,0
"ILDR2",16,16,12,8
"ILF2",12334,11208,6460,8493
"ILF3",12332,12630,8602,9545
"ILF3-AS1",707,641,386,377
"ILK",1792,1581,2555,2979
"ILKAP",1176,1102,880,905
"ILVBL",733,710,662,736
"IMMP1L",246,209,242,282
"IMMP2L",290,290,321,400
"IMMT",5656,5094,4275,4575
"IMP3",3025,2850,1301,1273
"IMP4",1282,1142,411,399
"IMPA1",677,624,542,293
"IMPA2",407,396,323,315
"IMPACT",1211,1182,830,684
"IMPAD1",1693,1559,1285,1070
"IMPDH1",1524,1587,1417,1364
"IMPDH2",5304,4662,4014,4649
"IMPG1",0,1,1,1
"IMPG2",10,12,26,12
"INA",6321,5783,2242,2260
"INADL",145,142,378,413
"INAFM1",730,642,434,459
"INAFM2",4361,4003,5754,6354
"INCA1",45,53,84,109
"INCENP",1121,1135,764,763
"INE1",16,28,41,47
"INE2",19,18,23,37
"INF2",1657,1660,2043,2245
"ING1",1098,995,534,610
"ING2",435,428,321,391
"ING3",169,166,131,135
"ING4",431,369,437,511
"ING5",1004,1135,655,745
"INGX",1,0,0,0
"INHA",12,17,25,19
"INHBA",0,0,1,0
"INHBA-AS1",0,0,1,0
"INHBB",2,0,1,4
"INHBC",4,6,4,6
"INHBE",68,21,199,25
"INIP",220,231,165,122
"INMT",4,4,125,67
"INMT-FAM188B",163,135,121,128
"INO80",1132,1118,844,858
"INO80B",563,455,282,345
"INO80B-WBP1",1638,1406,1489,1682
"INO80C",458,405,522,551
"INO80D",457,497,397,402
"INO80E",1348,1283,813,761
"INPP1",428,413,519,666
"INPP4A",551,516,597,539
"INPP4B",1426,1297,914,692
"INPP5A",662,682,847,936
"INPP5B",558,539,414,429
"INPP5D",953,839,1704,1628
"INPP5E",716,750,600,640
"INPP5F",228,243,486,576
"INPP5J",141,120,332,355
"INPP5K",330,310,443,406
"INPPL1",2394,2506,2982,2846
"INS",0,0,0,0
"INS-IGF2",14,10,8,10
"INSC",0,1,1,1
"INSIG1",828,789,774,749
"INSIG2",156,134,183,166
"INSL3",80,82,63,54
"INSL4",0,0,3,9
"INSL5",2,5,0,0
"INSL6",2,0,0,1
"INSM1",0,1,0,0
"INSM2",4,6,5,5
"INSR",640,651,596,716
"INSRR",2,0,8,7
"INTS1",4635,4747,4257,3795
"INTS10",1398,1333,737,800
"INTS12",859,752,505,566
"INTS2",572,600,301,243
"INTS3",1545,1610,1247,1536
"INTS4",984,945,572,659
"INTS4P2",111,113,68,72
"INTS5",1104,1020,827,927
"INTS6",1010,989,1030,926
"INTS6-AS1",19,31,23,23
"INTS7",722,760,483,558
"INTS8",684,645,453,552
"INTS9",844,782,491,649
"INTU",208,222,191,164
"INVS",261,249,175,213
"IP6K1",1825,1755,2029,2328
"IP6K2",3669,3580,3029,3608
"IP6K3",579,511,933,999
"IPCEF1",1,3,0,3
"IPMK",122,121,130,51
"IPO11",1433,1472,690,616
"IPO11-LRRC70",1194,1178,565,499
"IPO13",839,799,602,581
"IPO4",4153,3963,1736,1999
"IPO5",6701,6291,4091,4133
"IPO5P1",663,580,554,707
"IPO7",7790,7412,3932,3665
"IPO8",1151,1220,1004,890
"IPO9",2946,2987,2681,2953
"IPO9-AS1",74,76,79,66
"IPP",225,215,160,121
"IPPK",698,722,597,587
"IPW",533,560,793,542
"IQCA1",9,11,17,24
"IQCA1L",1,1,1,0
"IQCB1",1031,1033,640,615
"IQCC",141,126,108,144
"IQCD",37,29,53,39
"IQCE",998,1050,703,880
"IQCF1",2,1,1,1
"IQCF2",0,0,0,0
"IQCF3",0,0,1,0
"IQCF4",0,1,0,0
"IQCF5",0,0,0,0
"IQCF5-AS1",0,0,0,0
"IQCF6",0,0,0,0
"IQCG",320,252,155,222
"IQCH",429,401,58,82
"IQCH-AS1",449,428,224,274
"IQCJ",3,1,1,0
"IQCJ-SCHIP1",562,498,821,769
"IQCJ-SCHIP1-AS1",1,1,1,1
"IQCK",266,266,201,263
"IQGAP1",5062,4954,8671,8545
"IQGAP2",1932,1853,1819,1996
"IQGAP3",603,730,1165,1178
"IQSEC1",933,1031,902,975
"IQSEC2",407,394,335,376
"IQSEC3",1,1,4,1
"IQUB",6,4,1,1
"IRAIN",77,62,103,79
"IRAK1",7347,6592,4385,4194
"IRAK1BP1",125,122,134,172
"IRAK2",87,74,277,223
"IRAK3",0,0,1,0
"IRAK4",181,146,153,165
"IREB2",1760,1765,1328,1095
"IRF1",143,127,238,251
"IRF2",201,177,329,287
"IRF2BP1",1330,1115,776,902
"IRF2BP2",3724,3335,3583,2995
"IRF2BPL",2319,2011,2116,1598
"IRF3",2558,2535,1536,1650
"IRF4",0,0,0,0
"IRF5",0,0,3,0
"IRF6",5,3,13,17
"IRF7",80,65,110,120
"IRF8",0,1,0,0
"IRF9",171,197,145,220
"IRG1",0,0,0,0
"IRGC",1,0,0,0
"IRGM",1,0,0,0
"IRGQ",1968,2017,1594,2067
"IRS1",947,968,1993,1583
"IRS2",58,59,30,21
"IRS4",0,0,0,0
"IRX1",0,0,0,1
"IRX2",0,0,0,0
"IRX3",8,5,37,53
"IRX4",2,1,1,1
"IRX5",0,2,1,2
"IRX6",2,0,0,0
"ISCA1",1040,938,787,777
"ISCA2",553,482,595,622
"ISCU",2525,2376,1872,1780
"ISG15",2269,2114,2151,2055
"ISG20",308,256,102,88
"ISG20L2",2748,2524,1397,1536
"ISL1",44,34,20,33
"ISL2",56,41,71,75
"ISLR",12,11,10,10
"ISLR2",4,1,1,2
"ISM1",6,3,3,6
"ISM1-AS1",0,0,0,0
"ISM2",31,30,77,89
"ISOC1",363,338,185,181
"ISOC2",2150,1902,1101,1229
"ISPD",94,94,135,81
"ISPD-AS1",3,3,0,0
"IST1",4970,4594,3515,3773
"ISX",0,0,0,0
"ISY1",1297,1230,712,874
"ISY1-RAB43",1546,1441,1397,1386
"ISYNA1",10953,10445,6351,6733
"ITCH",1382,1305,1176,933
"ITFG1",827,710,1173,1202
"ITFG1-AS1",41,35,57,62
"ITFG2",340,339,214,328
"ITFG3",1856,1710,2036,2003
"ITGA1",0,1,13,7
"ITGA10",63,57,19,17
"ITGA11",5,4,63,60
"ITGA2",1,3,13,1
"ITGA2B",14,13,10,12
"ITGA3",444,414,1471,1379
"ITGA4",17,8,6,6
"ITGA5",2087,1998,3756,3531
"ITGA6",449,358,1455,1210
"ITGA7",36,39,132,148
"ITGA8",1,4,0,3
"ITGA9",41,36,19,8
"ITGA9-AS1",10,7,8,16
"ITGAD",0,1,13,6
"ITGAE",427,322,602,759
"ITGAL",3,4,3,2
"ITGAM",29,32,52,33
"ITGAV",7829,7396,8651,4384
"ITGAX",4,3,137,150
"ITGB1",17368,15686,12675,9906
"ITGB1BP1",1764,1756,1663,2114
"ITGB1BP2",18,28,16,14
"ITGB2",4,2,25,10
"ITGB2-AS1",7,11,49,39
"ITGB3",0,3,100,111
"ITGB3BP",546,557,383,403
"ITGB4",3,4,10,9
"ITGB5",1169,1029,2377,2289
"ITGB6",30,29,22,25
"ITGB7",16,12,8,9
"ITGB8",1,0,4,1
"ITGBL1",124,121,29,18
"ITIH1",0,0,1,0
"ITIH2",2,1,1,3
"ITIH3",1,1,52,22
"ITIH4",40,54,42,46
"ITIH4-AS1",4,4,4,2
"ITIH5",16,17,12,16
"ITIH6",0,0,0,0
"ITK",0,2,1,0
"ITLN1",1,1,0,0
"ITLN2",1,0,3,1
"ITM2A",0,0,0,0
"ITM2B",2153,1921,6395,4821
"ITM2C",2464,2087,3991,4060
"ITPA",1446,1307,959,1083
"ITPK1",1504,1442,1118,1312
"ITPK1-AS1",1,0,0,0
"ITPKA",136,163,108,101
"ITPKB",459,493,769,915
"ITPKB-IT1",0,0,0,0
"ITPKC",434,366,361,362
"ITPR1",269,249,490,318
"ITPR1-AS1",16,23,39,28
"ITPR2",399,374,1076,1008
"ITPR3",2898,3128,3687,3823
"ITPRIP",444,392,365,369
"ITPRIPL1",311,289,218,175
"ITPRIPL2",1287,1133,799,1247
"ITSN1",1161,1161,1513,1473
"ITSN2",320,370,416,438
"IVD",2160,1904,1643,1791
"IVL",0,0,61,35
"IVNS1ABP",17354,16040,9159,7564
"IWS1",3715,3317,2691,3237
"IYD",0,0,0,0
"IZUMO1",0,2,0,0
"IZUMO1R",1,3,8,10
"IZUMO2",0,0,0,0
"IZUMO3",0,0,0,0
"IZUMO4",30,16,33,29
"JADE1",1113,1204,1249,1252
"JADE2",1341,1249,842,776
"JADE3",227,228,293,270
"JAG1",6,8,22,18
"JAG2",2247,2505,1116,1123
"JAGN1",1461,1302,983,1059
"JAK1",1425,1201,2159,2171
"JAK2",171,120,148,89
"JAK3",408,387,235,325
"JAKMIP1",1,0,0,0
"JAKMIP2",4,1,0,2
"JAKMIP2-AS1",0,0,0,0
"JAKMIP3",19,21,11,11
"JAM2",25,11,35,27
"JAM3",1793,1651,1704,1667
"JARID2",314,296,933,937
"JARID2-AS1",1,0,5,2
"JAZF1",8,5,10,7
"JAZF1-AS1",0,0,0,0
"JCHAIN",3,4,2,0
"JDP2",369,263,566,520
"JHDM1D-AS1",132,85,96,104
"JKAMP",700,658,601,554
"JMJD1C",1198,1175,912,947
"JMJD1C-AS1",37,40,57,67
"JMJD4",1333,1212,794,715
"JMJD6",1282,1227,621,732
"JMJD7",106,88,151,114
"JMJD7-PLA2G4B",176,188,254,235
"JMJD8",1709,1768,1850,1750
"JMY",469,454,509,414
"JOSD1",1731,1681,1567,1647
"JOSD2",380,268,240,254
"JPH1",0,1,8,10
"JPH2",16,9,96,86
"JPH3",821,762,762,879
"JPH4",3,2,0,3
"JPX",62,66,53,85
"JRK",951,1052,730,736
"JRKL",178,163,170,133
"JRKL-AS1",0,0,0,0
"JSRP1",3,5,14,14
"JTB",2401,2085,1594,1720
"JUN",119,99,1424,1586
"JUNB",2766,2464,1468,1360
"JUND",8817,8396,11091,11762
"JUP",2708,2552,6385,6470
"KAAG1",0,1,5,2
"KALRN",3,3,3,5
"KANK1",14,8,30,34
"KANK2",2005,1838,2008,2433
"KANK3",210,210,97,82
"KANK4",3,4,50,42
"KANSL1",1241,1273,1020,1074
"KANSL1-AS1",18,14,17,12
"KANSL1L",261,282,169,143
"KANSL2",1194,1051,647,806
"KANSL3",1517,1438,1234,1401
"KANTR",23,18,23,30
"KARS",9929,9213,4983,5787
"KAT2A",1968,2144,1254,1330
"KAT2B",71,88,180,163
"KAT5",967,837,693,856
"KAT6A",1089,1111,806,798
"KAT6B",632,675,674,632
"KAT7",1581,1457,976,1068
"KAT8",464,504,368,431
"KATNA1",654,556,479,469
"KATNAL1",337,298,645,381
"KATNAL2",40,64,48,56
"KATNB1",1075,1071,675,566
"KATNBL1",790,773,506,360
"KATNBL1P6",241,229,148,110
"KAZALD1",401,350,251,238
"KAZN",153,150,562,616
"KBTBD11",106,81,113,111
"KBTBD11-OT1",1,1,2,2
"KBTBD12",1,0,0,1
"KBTBD13",0,1,0,0
"KBTBD2",1057,1069,816,794
"KBTBD3",48,45,40,59
"KBTBD4",691,669,485,628
"KBTBD6",878,904,364,309
"KBTBD7",178,186,55,45
"KBTBD8",503,481,190,148
"KC6",0,0,0,0
"KCCAT198",1,3,4,0
"KCCAT211",0,0,0,1
"KCCAT333",3,0,3,1
"KCMF1",2317,2024,1388,1427
"KCNA1",0,0,0,0
"KCNA10",0,0,0,0
"KCNA2",1,0,0,0
"KCNA3",0,0,0,1
"KCNA4",0,0,0,0
"KCNA5",0,0,0,0
"KCNA6",3,2,0,1
"KCNA7",5,12,9,11
"KCNAB1",88,79,89,129
"KCNAB1-AS1",0,0,0,0
"KCNAB1-AS2",0,4,0,3
"KCNAB2",149,171,241,221
"KCNAB3",45,55,49,60
"KCNB1",5,18,4,6
"KCNB2",0,0,0,0
"KCNC1",78,88,32,36
"KCNC2",5,3,2,0
"KCNC3",1414,1785,908,1038
"KCNC4",666,642,786,765
"KCNC4-AS1",22,18,14,6
"KCND1",255,230,293,306
"KCND2",0,0,0,0
"KCND3",1,0,3,1
"KCND3-AS1",0,0,0,0
"KCND3-IT1",0,0,0,0
"KCNE1",119,93,234,340
"KCNE2",46,55,11,21
"KCNE3",0,0,25,6
"KCNE4",2,0,2,3
"KCNE5",0,0,0,0
"KCNF1",29,15,40,79
"KCNG1",38,38,17,9
"KCNG2",70,38,30,31
"KCNG3",107,126,28,38
"KCNG4",0,1,0,1
"KCNH1",147,124,163,151
"KCNH2",230,235,412,445
"KCNH3",37,27,20,33
"KCNH4",27,18,16,15
"KCNH5",0,0,0,0
"KCNH6",3,1,5,2
"KCNH7",2,0,1,0
"KCNH8",0,0,1,0
"KCNIP1",0,1,0,0
"KCNIP2",21,33,31,34
"KCNIP2-AS1",9,15,12,6
"KCNIP3",17,23,13,13
"KCNIP4",38,39,13,9
"KCNIP4-IT1",0,1,0,0
"KCNJ1",0,0,0,0
"KCNJ10",0,0,0,0
"KCNJ11",121,113,97,143
"KCNJ12",246,241,81,88
"KCNJ13",4,2,60,75
"KCNJ14",38,45,28,38
"KCNJ15",0,0,0,0
"KCNJ16",503,557,301,213
"KCNJ18",61,84,30,25
"KCNJ2",2007,1995,910,815
"KCNJ2-AS1",405,354,334,290
"KCNJ3",0,0,0,1
"KCNJ4",707,725,756,898
"KCNJ5",0,0,0,0
"KCNJ6",0,0,0,0
"KCNJ8",0,0,0,0
"KCNJ9",0,0,1,0
"KCNK1",3,6,76,29
"KCNK10",0,1,0,0
"KCNK12",23,30,71,27
"KCNK13",3,3,16,7
"KCNK15",860,721,315,299
"KCNK16",0,0,0,0
"KCNK17",0,0,0,0
"KCNK18",0,0,0,0
"KCNK2",0,0,1,0
"KCNK3",65,41,12,14
"KCNK4",9,4,7,6
"KCNK5",6,9,0,1
"KCNK6",69,46,63,69
"KCNK7",10,7,11,5
"KCNK9",6,2,6,8
"KCNMA1",678,576,314,317
"KCNMA1-AS1",1,0,0,1
"KCNMA1-AS2",0,0,0,0
"KCNMA1-AS3",0,1,0,0
"KCNMB1",0,0,0,0
"KCNMB2",0,3,1,1
"KCNMB2-AS1",1,6,3,3
"KCNMB3",74,69,93,126
"KCNMB4",53,47,118,119
"KCNN1",88,81,78,54
"KCNN2",0,0,0,2
"KCNN3",43,46,105,111
"KCNN4",390,436,201,131
"KCNQ1",3,3,19,31
"KCNQ1-AS1",0,1,0,2
"KCNQ1DN",0,0,0,0
"KCNQ1OT1",95,182,336,359
"KCNQ2",1552,1381,660,699
"KCNQ3",1,0,1,2
"KCNQ4",94,89,63,81
"KCNQ5",1,1,0,0
"KCNQ5-AS1",0,1,0,0
"KCNQ5-IT1",0,0,0,0
"KCNRG",32,29,20,16
"KCNS1",2,0,1,1
"KCNS2",7,9,4,2
"KCNS3",2,1,0,4
"KCNT1",1,2,8,7
"KCNT2",49,22,35,22
"KCNU1",31,20,9,10
"KCNV1",0,0,0,0
"KCNV2",3,2,3,1
"KCP",140,169,455,371
"KCTD1",436,415,638,688
"KCTD10",2260,2118,2042,2112
"KCTD11",635,552,670,809
"KCTD12",16,13,9,9
"KCTD13",659,611,337,309
"KCTD14",378,364,478,577
"KCTD15",1198,1198,982,1197
"KCTD16",0,2,0,1
"KCTD17",668,595,465,538
"KCTD18",319,304,200,250
"KCTD19",34,33,37,29
"KCTD2",886,888,816,966
"KCTD20",2923,2673,2703,2960
"KCTD21",182,169,282,346
"KCTD21-AS1",41,48,44,44
"KCTD3",683,707,748,710
"KCTD4",9,6,4,2
"KCTD5",1888,1639,1672,1605
"KCTD6",757,709,757,627
"KCTD7",465,521,370,401
"KCTD8",0,0,0,0
"KCTD9",766,754,698,606
"KDELC1",461,401,1084,990
"KDELC2",1003,943,1379,1630
"KDELR1",8931,7682,8490,9541
"KDELR2",3993,3261,3445,3042
"KDELR3",163,170,301,334
"KDF1",5,6,0,1
"KDM1A",3462,3369,2513,3039
"KDM1B",242,233,243,194
"KDM2A",1954,2022,2022,2236
"KDM2B",1404,1393,915,1061
"KDM3A",1199,1227,781,943
"KDM3B",2325,2295,2189,2425
"KDM4A",2329,2008,1630,2019
"KDM4A-AS1",174,129,136,153
"KDM4B",715,742,915,832
"KDM4C",340,338,420,422
"KDM4D",111,96,63,65
"KDM4E",729,713,165,123
"KDM5A",1412,1414,1174,1186
"KDM5B",3864,3768,2878,2935
"KDM5C",3934,3856,3242,3506
"KDM5D",1192,1389,1276,1318
"KDM6A",448,401,387,335
"KDM6B",746,682,593,661
"KDM7A",330,287,316,308
"KDM8",131,131,142,174
"KDR",0,0,0,0
"KDSR",1544,1321,923,834
"KEAP1",3482,3258,2307,2750
"KEL",5,3,3,10
"KERA",0,0,0,0
"KGFLP1",239,198,147,147
"KGFLP2",350,267,200,189
"KHDC1",153,165,91,108
"KHDC1L",3768,3594,321,344
"KHDC3L",1,2,2,0
"KHDRBS1",7543,7099,5312,5727
"KHDRBS2",0,0,0,0
"KHDRBS3",12,14,5,0
"KHK",85,94,77,75
"KHNYN",2596,2500,2373,2636
"KHSRP",8036,7993,4773,4881
"KIAA0020",3953,3949,1474,1839
"KIAA0040",0,2,3,2
"KIAA0087",0,0,1,2
"KIAA0100",4699,4543,3340,3937
"KIAA0101",1161,1098,1071,997
"KIAA0125",0,0,1,1
"KIAA0141",1421,1410,1113,1183
"KIAA0195",1256,1274,1179,1147
"KIAA0196",1627,1501,1083,1061
"KIAA0226",952,978,919,1114
"KIAA0226L",1,1,6,2
"KIAA0232",915,1006,1283,1166
"KIAA0319",118,111,68,74
"KIAA0319L",683,698,1073,1122
"KIAA0355",966,1018,686,646
"KIAA0368",4977,4828,2835,3377
"KIAA0391",1345,1349,1060,1165
"KIAA0408",255,269,97,112
"KIAA0430",904,836,605,510
"KIAA0513",192,217,209,215
"KIAA0556",525,612,500,522
"KIAA0586",265,352,234,249
"KIAA0753",1052,1032,882,910
"KIAA0754",45,57,17,11
"KIAA0825",29,29,30,27
"KIAA0895",310,362,400,315
"KIAA0895L",305,404,505,532
"KIAA0907",1602,1874,1185,1129
"KIAA0922",170,181,329,432
"KIAA0930",1594,1400,1824,1905
"KIAA1024",33,43,37,30
"KIAA1024L",0,0,5,6
"KIAA1033",872,885,767,426
"KIAA1107",121,103,57,51
"KIAA1109",463,471,564,674
"KIAA1143",1170,1097,693,795
"KIAA1147",304,342,500,581
"KIAA1161",112,123,257,270
"KIAA1191",2823,2662,2367,2653
"KIAA1210",2,1,4,1
"KIAA1211",300,318,449,414
"KIAA1211L",58,54,258,306
"KIAA1217",7,9,239,70
"KIAA1257",10,3,5,1
"KIAA1279",855,850,971,991
"KIAA1324",4,7,13,9
"KIAA1324L",1738,1625,2101,2470
"KIAA1328",84,95,91,97
"KIAA1407",166,201,186,166
"KIAA1429",2063,2059,1469,1739
"KIAA1456",0,0,1,2
"KIAA1462",49,57,271,161
"KIAA1467",1421,1333,709,790
"KIAA1468",510,536,519,535
"KIAA1522",1010,947,1995,2137
"KIAA1524",924,918,624,665
"KIAA1549",361,364,768,833
"KIAA1549L",6,3,3,1
"KIAA1551",794,796,1431,1242
"KIAA1586",497,511,373,329
"KIAA1614",13,17,21,18
"KIAA1644",10,10,21,20
"KIAA1656",258,260,171,177
"KIAA1671",1373,1429,1559,1641
"KIAA1683",14,31,51,58
"KIAA1715",402,379,402,258
"KIAA1755",4,6,9,1
"KIAA1804",1,1,3,3
"KIAA1841",239,234,225,250
"KIAA1875",26,27,25,14
"KIAA1919",228,246,168,186
"KIAA1958",266,242,228,210
"KIAA2012",1,0,17,8
"KIAA2013",1748,1631,1488,1401
"KIAA2018",301,314,164,170
"KIAA2022",3,3,1,1
"KIAA2026",288,381,297,372
"KIDINS220",5514,5365,3596,4324
"KIF11",1687,1799,1323,1257
"KIF12",14,9,39,33
"KIF13A",1006,974,1097,1058
"KIF13B",54,37,256,266
"KIF14",626,694,484,426
"KIF15",314,339,160,221
"KIF16B",300,294,266,219
"KIF17",71,65,145,126
"KIF18A",2458,2307,2021,2055
"KIF18B",1146,1235,962,966
"KIF19",0,0,0,0
"KIF1A",9305,8732,7884,7670
"KIF1B",2127,2058,2028,1935
"KIF1C",4602,4311,4084,4335
"KIF20A",728,727,801,1033
"KIF20B",1046,1103,903,935
"KIF21A",398,350,433,436
"KIF21B",190,218,172,192
"KIF22",2304,2247,1489,1769
"KIF23",1207,1167,1021,1013
"KIF24",266,260,201,226
"KIF25",3,5,1,2
"KIF25-AS1",11,15,16,20
"KIF26A",507,535,399,487
"KIF26B",44,65,259,234
"KIF27",99,101,53,56
"KIF2A",1362,1314,1197,1106
"KIF2B",0,0,0,0
"KIF2C",1953,2020,1180,1291
"KIF3A",414,408,465,371
"KIF3B",1664,1666,1186,1369
"KIF3C",1772,1645,982,1030
"KIF4A",941,891,749,840
"KIF4B",169,164,103,135
"KIF5A",0,0,3,0
"KIF5B",4578,4521,3799,2986
"KIF5C",419,445,1290,851
"KIF6",8,10,13,2
"KIF7",1771,1798,1583,1678
"KIF9",210,188,104,143
"KIF9-AS1",45,55,71,63
"KIFAP3",1988,1734,2064,2407
"KIFC1",1575,1568,1207,1439
"KIFC2",929,1295,1416,1503
"KIFC3",1055,929,1763,1521
"KIN",693,608,431,588
"KIR2DL1",0,0,0,0
"KIR2DL2",0,0,0,0
"KIR2DL3",0,0,0,0
"KIR2DL4",34,42,43,46
"KIR2DL5A",0,0,0,0
"KIR2DL5B",0,0,0,0
"KIR2DS1",0,0,0,0
"KIR2DS2",0,0,0,0
"KIR2DS3",0,0,0,0
"KIR2DS4",0,0,0,0
"KIR2DS5",0,0,0,0
"KIR3DL1",0,0,0,0
"KIR3DL2",0,0,0,0
"KIR3DL3",0,0,0,0
"KIR3DS1",0,0,0,0
"KIR3DX1",0,0,0,0
"KIRREL",3357,3278,3619,3994
"KIRREL2",83,78,70,73
"KIRREL3",4,0,2,2
"KIRREL3-AS2",0,0,0,0
"KIRREL3-AS3",0,0,0,0
"KISS1",12,11,87,28
"KISS1R",46,49,12,24
"KIT",0,0,0,0
"KITLG",3,6,100,32
"KIZ",159,159,90,121
"KIZ-AS1",2,2,0,2
"KL",1,9,1,1
"KLB",10,9,5,23
"KLC1",2182,2150,2676,2660
"KLC2",915,882,841,875
"KLC3",392,405,435,386
"KLC4",189,156,172,186
"KLF1",0,0,0,2
"KLF10",1700,1514,858,645
"KLF11",539,499,335,295
"KLF12",1,0,0,1
"KLF13",612,585,805,847
"KLF14",10,7,7,2
"KLF15",157,100,125,148
"KLF16",2482,2310,1339,1568
"KLF17",13,12,1,2
"KLF2",240,221,149,143
"KLF3",728,735,725,537
"KLF3-AS1",43,45,30,25
"KLF4",91,84,82,88
"KLF5",17,16,134,74
"KLF6",3228,3252,2989,2962
"KLF7",167,132,279,199
"KLF8",3,0,1,5
"KLF9",195,167,408,338
"KLHDC1",17,9,17,17
"KLHDC10",763,781,799,760
"KLHDC2",431,395,439,482
"KLHDC3",1535,1365,1080,1310
"KLHDC4",873,783,761,755
"KLHDC7A",42,45,291,283
"KLHDC7B",22,1,32,4
"KLHDC8A",8,7,6,3
"KLHDC8B",308,249,475,516
"KLHDC9",50,45,66,56
"KLHL1",2,1,3,0
"KLHL10",4,4,9,3
"KLHL11",512,482,435,328
"KLHL12",1689,1462,1082,1193
"KLHL13",0,1,13,13
"KLHL14",0,0,0,0
"KLHL15",592,579,329,198
"KLHL17",788,934,626,610
"KLHL18",899,896,778,787
"KLHL2",339,321,511,359
"KLHL20",418,406,336,250
"KLHL21",1946,1970,1124,1165
"KLHL22",824,865,706,862
"KLHL23",476,474,510,425
"KLHL24",439,421,315,277
"KLHL25",250,210,458,579
"KLHL26",405,379,353,339
"KLHL28",179,156,134,81
"KLHL29",16,27,66,29
"KLHL3",52,50,281,178
"KLHL30",5,7,18,39
"KLHL31",13,14,18,14
"KLHL32",1,0,1,0
"KLHL33",0,1,1,0
"KLHL34",0,0,0,0
"KLHL35",3,0,0,1
"KLHL36",604,601,782,762
"KLHL38",3,2,5,1
"KLHL4",0,0,0,0
"KLHL40",0,0,1,0
"KLHL41",2,9,3,10
"KLHL42",562,605,556,556
"KLHL5",2682,2330,2487,2200
"KLHL6",3,2,2,1
"KLHL6-AS1",0,0,0,0
"KLHL7",633,571,576,467
"KLHL7-AS1",11,10,7,4
"KLHL8",561,575,347,349
"KLHL9",1242,1194,852,877
"KLK1",0,1,0,0
"KLK10",14,8,7,5
"KLK11",0,1,0,2
"KLK12",1,0,0,0
"KLK13",0,1,9,0
"KLK14",19,18,6,6
"KLK15",0,0,0,0
"KLK2",0,0,0,1
"KLK3",0,0,0,0
"KLK4",23,16,14,17
"KLK5",0,0,19,14
"KLK6",5,2,1246,1002
"KLK7",0,1,2,0
"KLK8",1,1,1,1
"KLK9",0,0,1,2
"KLKB1",0,2,6,4
"KLKP1",0,0,0,0
"KLLN",87,56,48,42
"KLRAP1",33,37,31,18
"KLRB1",2,0,0,2
"KLRC1",1,0,2,1
"KLRC2",1,0,1,1
"KLRC3",0,0,0,0
"KLRC4",0,0,0,0
"KLRC4-KLRK1",1,1,1,1
"KLRD1",0,0,2,1
"KLRF1",0,0,0,0
"KLRF2",0,1,0,0
"KLRG1",35,56,19,13
"KLRG2",0,0,1,0
"KLRK1",1,1,1,1
"KMO",117,102,247,207
"KMT2A",1540,1619,1497,1586
"KMT2B",1454,1527,1045,1121
"KMT2C",885,872,782,698
"KMT2D",2143,2471,1604,1615
"KMT2E",688,820,754,668
"KMT2E-AS1",116,138,97,111
"KNCN",0,0,0,1
"KNDC1",112,101,158,204
"KNG1",0,1,2,0
"KNOP1",1222,1124,528,665
"KNSTRN",1628,1532,1057,1257
"KNTC1",749,842,523,633
"KPNA1",2751,2633,2983,2785
"KPNA2",10061,9274,7547,8346
"KPNA3",1978,1899,1578,1188
"KPNA4",4011,3660,2916,2582
"KPNA5",162,135,113,80
"KPNA6",3322,3196,2478,2579
"KPNA7",2,0,0,0
"KPNB1",10262,10268,7157,8138
"KPRP",0,0,1,0
"KPTN",545,545,567,592
"KRAS",1054,961,1401,1263
"KRBA1",710,813,451,508
"KRBA2",9,12,20,37
"KRBOX1",0,2,6,3
"KRBOX1-AS1",0,0,0,0
"KRBOX4",313,262,279,292
"KRCC1",598,467,592,613
"KREMEN1",262,240,803,866
"KREMEN2",1398,1385,1018,1032
"KRI1",2093,2172,1799,2519
"KRIT1",607,716,541,590
"KRR1",2397,2351,1291,1301
"KRT1",1,1,3,1
"KRT10",711,613,566,594
"KRT12",0,0,0,1
"KRT13",1,0,11,5
"KRT14",0,1,0,1
"KRT15",3,4,41,55
"KRT16",4,6,16,13
"KRT16P1",0,1,0,0
"KRT16P2",0,1,0,0
"KRT16P3",0,1,0,0
"KRT17",105,90,529,570
"KRT17P5",0,1,0,1
"KRT18",107483,87950,64764,66628
"KRT18P55",39,28,33,15
"KRT19",19,22,94,119
"KRT19P2",0,0,0,0
"KRT2",3,0,1,0
"KRT20",0,0,2,1
"KRT222",0,1,0,0
"KRT23",0,0,0,3
"KRT24",0,0,0,0
"KRT25",0,0,0,0
"KRT26",0,0,0,0
"KRT27",0,0,0,0
"KRT28",0,0,0,0
"KRT3",6,4,4,1
"KRT31",0,0,0,0
"KRT32",0,1,0,1
"KRT33A",0,0,0,0
"KRT33B",0,0,2,2
"KRT34",0,0,3,0
"KRT35",0,0,1,5
"KRT36",0,1,0,0
"KRT37",0,0,1,0
"KRT38",0,0,0,0
"KRT39",0,0,0,0
"KRT4",3,0,3,2
"KRT40",0,0,0,0
"KRT42P",0,0,3,1
"KRT5",3,1,1,3
"KRT6A",4,2,4,1
"KRT6B",3,3,7,4
"KRT6C",3,3,4,2
"KRT7",162,153,325,237
"KRT71",0,0,0,0
"KRT72",0,1,2,3
"KRT73",0,0,0,0
"KRT73-AS1",0,0,0,0
"KRT74",0,0,1,0
"KRT75",142,136,390,312
"KRT76",5,6,4,3
"KRT77",3,2,2,4
"KRT78",3,3,3,1
"KRT79",4,6,8,6
"KRT8",179646,148067,116978,118536
"KRT80",82,64,1214,1049
"KRT81",98,89,42,27
"KRT82",1,0,1,0
"KRT83",13,11,19,10
"KRT84",5,4,9,1
"KRT85",6,7,2,1
"KRT86",37,28,26,21
"KRT8P41",103,114,86,57
"KRT9",1,0,1,1
"KRTAP1-1",0,0,0,0
"KRTAP1-3",0,0,0,0
"KRTAP1-4",0,0,0,0
"KRTAP1-5",0,0,0,0
"KRTAP10-1",0,2,0,0
"KRTAP10-10",0,0,0,0
"KRTAP10-11",0,0,0,0
"KRTAP10-12",0,0,0,0
"KRTAP10-2",2,2,1,3
"KRTAP10-3",0,0,0,0
"KRTAP10-4",0,2,0,0
"KRTAP10-5",0,0,0,0
"KRTAP10-6",0,1,0,0
"KRTAP10-7",1,0,0,0
"KRTAP10-8",0,0,0,0
"KRTAP10-9",0,0,0,0
"KRTAP11-1",1,0,0,0
"KRTAP12-1",0,0,0,0
"KRTAP12-2",0,0,0,0
"KRTAP12-3",0,0,0,0
"KRTAP12-4",0,0,0,0
"KRTAP13-1",0,0,0,0
"KRTAP13-2",0,0,0,0
"KRTAP13-3",0,0,0,0
"KRTAP13-4",0,0,0,0
"KRTAP15-1",0,0,0,0
"KRTAP16-1",0,0,0,0
"KRTAP17-1",0,0,0,0
"KRTAP19-1",0,0,0,0
"KRTAP19-2",0,0,0,0
"KRTAP19-3",0,0,0,0
"KRTAP19-4",0,0,0,0
"KRTAP19-5",0,0,0,0
"KRTAP19-6",0,0,0,0
"KRTAP19-7",0,0,0,0
"KRTAP19-8",0,0,0,0
"KRTAP2-1",0,0,0,0
"KRTAP2-2",0,0,0,0
"KRTAP2-3",0,0,0,1
"KRTAP2-4",0,0,0,0
"KRTAP20-1",0,0,0,0
"KRTAP20-2",0,0,0,0
"KRTAP20-3",0,0,0,0
"KRTAP20-4",0,0,0,0
"KRTAP21-1",0,0,0,0
"KRTAP21-2",0,0,0,0
"KRTAP21-3",0,0,0,0
"KRTAP22-1",0,0,0,0
"KRTAP22-2",0,0,0,0
"KRTAP23-1",0,0,0,0
"KRTAP24-1",0,0,0,0
"KRTAP25-1",0,0,0,0
"KRTAP26-1",0,0,0,0
"KRTAP27-1",0,0,0,0
"KRTAP29-1",0,0,0,0
"KRTAP3-1",0,0,2,0
"KRTAP3-2",0,0,0,0
"KRTAP3-3",0,0,0,0
"KRTAP4-1",0,0,0,0
"KRTAP4-11",0,0,0,0
"KRTAP4-12",0,0,0,0
"KRTAP4-2",0,0,0,0
"KRTAP4-3",0,0,0,0
"KRTAP4-4",0,0,0,0
"KRTAP4-5",0,0,0,0
"KRTAP4-6",0,0,0,0
"KRTAP4-7",0,0,1,0
"KRTAP4-8",1,0,0,0
"KRTAP4-9",0,0,1,0
"KRTAP5-1",1,0,13,11
"KRTAP5-10",0,2,0,0
"KRTAP5-11",0,0,0,0
"KRTAP5-2",0,0,1,6
"KRTAP5-3",0,0,0,0
"KRTAP5-4",0,0,0,1
"KRTAP5-5",1,0,0,1
"KRTAP5-6",0,1,1,0
"KRTAP5-7",0,0,0,0
"KRTAP5-8",1,0,0,0
"KRTAP5-9",2,1,1,0
"KRTAP5-AS1",0,1,8,12
"KRTAP6-1",0,0,0,0
"KRTAP6-2",0,0,0,0
"KRTAP6-3",0,0,0,0
"KRTAP7-1",0,0,0,0
"KRTAP8-1",0,0,0,0
"KRTAP9-1",0,0,0,0
"KRTAP9-2",0,0,0,0
"KRTAP9-3",0,0,0,0
"KRTAP9-4",0,0,0,0
"KRTAP9-6",0,0,0,0
"KRTAP9-7",0,0,0,0
"KRTAP9-8",0,0,0,0
"KRTAP9-9",0,0,0,0
"KRTCAP2",1858,1589,1059,1195
"KRTCAP3",19,22,16,23
"KRTDAP",5,7,5,10
"KSR1",159,167,270,174
"KSR2",1,2,11,9
"KTI12",710,621,388,388
"KTN1",1601,1708,3127,3471
"KTN1-AS1",69,63,89,120
"KU-MEL-3",0,0,3,0
"KXD1",2256,2034,1694,1777
"KY",0,2,0,0
"KYNU",0,0,1,0
"L1CAM",728,656,4404,4330
"L1TD1",1,1,1,0
"L2HGDH",585,579,381,355
"L3HYPDH",313,363,147,204
"L3MBTL1",89,130,145,127
"L3MBTL2",1849,1754,1029,1206
"L3MBTL3",1151,1141,320,339
"L3MBTL4",0,0,0,0
"L3MBTL4-AS1",0,0,0,0
"LACAT8",0,0,2,8
"LACC1",1,2,0,0
"LACE1",94,75,54,61
"LACRT",0,0,0,0
"LACTB",341,328,1186,956
"LACTB2",476,495,272,212
"LACTB2-AS1",77,82,55,48
"LACTBL1",0,0,0,2
"LAD1",54,26,32,19
"LAG3",25,32,21,25
"LAGE3",933,847,631,738
"LAIR1",0,1,1,1
"LAIR2",0,0,0,0
"LALBA",1,1,0,0
"LAMA1",18,21,8,13
"LAMA2",13,8,8,5
"LAMA3",31,26,280,357
"LAMA4",1,2,3,2
"LAMA5",1425,1577,7816,7127
"LAMA5-AS1",2,2,16,5
"LAMB1",120,90,5845,6470
"LAMB2",3534,3317,6124,6789
"LAMB2P1",5,2,4,8
"LAMB3",4,10,439,265
"LAMB4",0,1,20,23
"LAMC1",3477,3212,9906,7457
"LAMC2",55,41,125,60
"LAMC3",94,95,27,25
"LAMP1",7850,7134,7243,7102
"LAMP2",1954,1681,2385,1707
"LAMP3",6,5,1,0
"LAMP5",0,0,0,0
"LAMP5-AS1",0,0,0,0
"LAMTOR1",2859,2410,2456,2697
"LAMTOR2",883,744,679,1052
"LAMTOR3",1045,964,1174,1190
"LAMTOR4",1702,1494,1324,1297
"LAMTOR5",2091,1983,1620,1599
"LAMTOR5-AS1",18,9,11,5
"LANCL1",872,823,804,682
"LANCL1-AS1",0,2,0,1
"LANCL2",643,610,559,606
"LANCL3",0,0,0,0
"LAP3",1274,1257,1047,1181
"LAPTM4A",3016,2540,5075,4718
"LAPTM4B",8447,7389,8973,8232
"LAPTM5",41,38,126,37
"LARGE",26,22,28,31
"LARGE-AS1",0,1,0,0
"LARP1",8898,8522,5176,5446
"LARP1B",602,596,571,545
"LARP4",2083,1950,1249,866
"LARP4B",3032,2906,2145,2133
"LARP6",1513,1302,970,891
"LARP7",826,873,828,1092
"LARS",4476,4337,2725,3009
"LARS2",1603,1540,1075,1176
"LARS2-AS1",0,0,2,1
"LAS1L",3444,3289,1694,2032
"LASP1",5649,4750,7780,7687
"LAT",60,91,52,54
"LAT2",50,59,37,34
"LATS1",584,586,405,303
"LATS2",1412,1525,1405,1245
"LAX1",0,0,0,2
"LAYN",3205,2877,2123,2905
"LBH",25,17,944,649
"LBHD1",2910,2737,1822,2403
"LBP",1,0,2,1
"LBR",1222,1252,1352,907
"LBX1",108,88,55,48
"LBX1-AS1",82,59,129,94
"LBX2",19,18,12,7
"LBX2-AS1",74,74,29,16
"LCA10",9,6,12,12
"LCA5",227,181,215,167
"LCA5L",32,28,39,34
"LCAT",320,394,524,626
"LCE1A",0,0,0,0
"LCE1B",0,0,1,1
"LCE1C",0,0,0,0
"LCE1D",0,0,0,0
"LCE1E",1,0,5,7
"LCE1F",0,0,0,0
"LCE2A",0,0,0,0
"LCE2B",0,0,0,0
"LCE2C",0,0,0,0
"LCE2D",0,0,0,0
"LCE3A",1,0,0,1
"LCE3B",0,0,0,0
"LCE3C",0,0,0,0
"LCE3D",0,0,1,2
"LCE3E",0,0,0,1
"LCE4A",0,0,0,0
"LCE5A",0,0,0,0
"LCE6A",0,0,0,0
"LCK",4,1,7,6
"LCLAT1",464,459,370,396
"LCMT1",758,654,623,666
"LCMT1-AS1",15,19,10,9
"LCMT1-AS2",2630,2495,1141,1639
"LCMT2",0,0,0,0
"LCN1",0,0,0,0
"LCN10",2,1,2,1
"LCN12",0,2,9,8
"LCN15",18,6,3,4
"LCN2",1,1,1,3
"LCN6",0,1,0,0
"LCN8",0,0,0,1
"LCN9",0,1,1,0
"LCNL1",0,3,6,13
"LCOR",446,459,459,327
"LCORL",655,686,608,673
"LCP1",2,0,6,12
"LCP2",0,0,0,0
"LCT",4,0,2,1
"LCTL",170,125,132,136
"LDAH",649,627,382,509
"LDB1",2616,2592,1645,1789
"LDB2",1,1,1,1
"LDB3",18,26,46,69
"LDHA",19688,18297,10773,12501
"LDHAL6A",1,0,0,0
"LDHAL6B",0,0,1,0
"LDHB",32076,28492,19069,22314
"LDHC",1,0,0,2
"LDHD",42,49,55,67
"LDLR",1123,1190,1164,1371
"LDLRAD1",0,1,3,1
"LDLRAD2",938,805,2873,2897
"LDLRAD3",1055,1038,1295,1115
"LDLRAD4",23,30,62,95
"LDLRAD4-AS1",0,0,0,0
"LDLRAP1",1379,1297,1229,1325
"LDOC1",0,0,0,0
"LDOC1L",1071,1009,824,883
"LEAP2",5,3,4,9
"LECT1",0,3,0,0
"LECT2",0,0,0,0
"LEF1",0,1,0,1
"LEF1-AS1",0,0,0,0
"LEFTY1",1,0,13,0
"LEFTY2",1,1,81,11
"LEKR1",1,0,1,0
"LELP1",0,0,0,0
"LEMD1",13,14,10,9
"LEMD1-AS1",1,0,0,0
"LEMD2",1514,1567,1610,1699
"LEMD3",1497,1445,637,493
"LENEP",4,0,2,0
"LENG1",336,303,184,233
"LENG8",2983,4186,3793,3145
"LENG8-AS1",25,33,15,24
"LENG9",506,538,402,361
"LEO1",1614,1605,1072,1698
"LEP",0,0,0,0
"LEPR",58,36,149,89
"LEPROT",691,658,1601,1622
"LEPROTL1",594,548,559,503
"LETM1",3174,3200,1892,1906
"LETM2",161,159,208,222
"LETMD1",824,972,615,609
"LEUTX",169,190,50,57
"LFNG",228,221,98,119
"LGALS1",9135,7553,10346,7724
"LGALS12",0,0,16,11
"LGALS13",0,0,0,0
"LGALS14",0,0,0,0
"LGALS16",0,0,0,0
"LGALS17A",0,0,0,0
"LGALS2",1,5,2,4
"LGALS3",4370,3709,2626,2859
"LGALS3BP",704,608,1986,1483
"LGALS4",5,9,5,1
"LGALS7",11,3,14,4
"LGALS7B",14,6,11,6
"LGALS8",1922,1824,2083,2107
"LGALS8-AS1",51,28,54,50
"LGALS9",6,7,16,20
"LGALS9B",0,0,0,1
"LGALS9C",0,1,1,2
"LGALSL",405,320,343,456
"LGI1",901,904,1681,2330
"LGI2",12,6,28,52
"LGI3",5,4,2,4
"LGI4",2,3,13,5
"LGMN",1180,1000,4129,4695
"LGR4",94,90,926,672
"LGR5",4,0,0,1
"LGR6",1,2,5,4
"LGSN",5,8,1,0
"LHB",21,15,9,12
"LHCGR",0,0,0,0
"LHFP",1,0,30,16
"LHFPL1",0,0,1,0
"LHFPL2",159,147,956,933
"LHFPL3",2,1,0,0
"LHFPL3-AS1",0,0,0,0
"LHFPL3-AS2",3,5,2,1
"LHFPL4",16,6,1,2
"LHFPL5",2,0,1,0
"LHPP",125,134,95,93
"LHX1",173,169,18,16
"LHX2",579,517,352,320
"LHX3",40,44,5,6
"LHX4",40,42,33,32
"LHX4-AS1",191,286,203,244
"LHX5",1,1,0,1
"LHX5-AS1",0,0,0,0
"LHX6",1757,1773,145,158
"LHX8",0,0,0,0
"LHX9",0,0,0,0
"LIAS",401,319,190,210
"LIF",3811,3983,1762,1585
"LIFR",108,94,141,107
"LIFR-AS1",2,0,5,6
"LIG1",1796,1835,1413,1497
"LIG3",927,890,521,577
"LIG4",402,481,363,263
"LILRA1",0,0,0,0
"LILRA2",0,0,0,0
"LILRA3",3,4,2,1
"LILRA4",3,1,5,6
"LILRA5",0,1,0,0
"LILRA6",6,9,3,5
"LILRB1",0,0,0,0
"LILRB2",2,1,0,0
"LILRB3",11,14,6,5
"LILRB4",3,0,0,0
"LILRB5",5,6,1,0
"LILRP2",0,0,0,0
"LIM2",3,5,29,42
"LIMA1",820,660,4726,5889
"LIMCH1",1,0,3,2
"LIMD1",1074,1030,722,779
"LIMD1-AS1",389,370,284,299
"LIMD2",1587,1523,1349,1414
"LIME1",450,626,447,465
"LIMK1",2845,2717,2894,2674
"LIMK2",1711,1772,1559,1750
"LIMS1",1288,1224,785,624
"LIMS2",193,201,661,670
"LIMS3",426,409,192,154
"LIMS3-LOC440895",171,172,78,47
"LIMS3L",426,409,192,154
"LIN28A",7489,6692,8586,11111
"LIN28B",2213,2169,1079,1088
"LIN37",129,142,124,135
"LIN52",305,249,225,255
"LIN54",496,476,394,268
"LIN7A",1,1,0,0
"LIN7B",123,117,164,216
"LIN7C",940,891,558,381
"LIN9",404,382,257,271
"LINC-PINT",94,86,190,88
"LINC-ROR",5,5,2,3
"LINC00028",0,0,0,0
"LINC00029",0,0,0,0
"LINC00032",0,0,0,0
"LINC00051",0,0,0,0
"LINC00052",291,295,205,196
"LINC00092",0,1,0,0
"LINC00094",1761,1798,1160,1393
"LINC00102",0,1,1,2
"LINC00106",4,13,20,23
"LINC00111",0,0,1,0
"LINC00112",2,2,3,0
"LINC00113",0,0,59,107
"LINC00114",0,0,0,0
"LINC00115",50,53,25,34
"LINC00116",165,140,130,141
"LINC00152",715,590,731,629
"LINC00158",0,1,2,0
"LINC00159",0,0,0,0
"LINC00160",0,0,0,0
"LINC00161",0,0,0,0
"LINC00162",0,0,0,0
"LINC00163",7,11,3,6
"LINC00167",6,4,7,5
"LINC00173",27,19,65,62
"LINC00174",169,220,216,240
"LINC00176",42,45,32,37
"LINC00184",2,0,6,1
"LINC00189",0,0,0,0
"LINC00200",0,0,0,0
"LINC00202-1",11,23,16,16
"LINC00202-2",1,1,0,1
"LINC00207",0,0,0,0
"LINC00208",0,2,0,0
"LINC00210",0,0,0,0
"LINC00211",0,0,0,0
"LINC00221",0,0,0,0
"LINC00222",0,0,1,1
"LINC00226",0,0,0,0
"LINC00229",0,0,0,0
"LINC00235",4,4,4,0
"LINC00238",0,0,0,0
"LINC00239",0,0,0,2
"LINC00240",17,33,16,22
"LINC00242",3,21,10,14
"LINC00243",7,10,7,7
"LINC00244",0,2,2,3
"LINC00251",0,0,0,0
"LINC00254",0,0,0,0
"LINC00260",0,3,4,2
"LINC00261",0,0,0,0
"LINC00264",0,0,0,0
"LINC00265",352,400,431,438
"LINC00266-1",2,5,4,6
"LINC00266-3",5,5,5,10
"LINC00269",1,0,0,0
"LINC00271",0,0,0,0
"LINC00272",0,0,0,0
"LINC00273",0,0,0,0
"LINC00276",0,0,0,0
"LINC00278",0,0,3,3
"LINC00280",0,0,0,0
"LINC00282",27,25,25,39
"LINC00284",0,0,0,0
"LINC00290",0,0,0,0
"LINC00293",0,0,0,0
"LINC00294",201,201,501,668
"LINC00297",0,0,0,0
"LINC00298",1,2,0,2
"LINC00299",0,0,1,1
"LINC00301",0,0,0,0
"LINC00303",6,0,0,1
"LINC00304",8,15,10,11
"LINC00305",0,0,0,0
"LINC00307",0,0,0,0
"LINC00308",0,0,0,0
"LINC00309",0,0,0,0
"LINC00310",8,11,11,15
"LINC00311",14,7,8,11
"LINC00312",4,6,51,67
"LINC00313",5,3,10,9
"LINC00314",1,0,0,0
"LINC00316",0,0,0,0
"LINC00317",0,0,0,0
"LINC00319",10,5,35,12
"LINC00320",0,0,0,0
"LINC00322",0,0,0,1
"LINC00323",0,0,0,0
"LINC00324",19,7,22,18
"LINC00326",0,0,0,0
"LINC00327",0,0,1,1
"LINC00330",1,1,2,0
"LINC00331",0,0,0,0
"LINC00332",0,0,0,0
"LINC00333",0,0,0,0
"LINC00336",5,2,5,2
"LINC00337",14,20,17,5
"LINC00339",281,253,142,185
"LINC00341",17,7,36,34
"LINC00342",215,303,255,258
"LINC00343",0,0,0,0
"LINC00346",3,3,14,12
"LINC00347",0,0,0,0
"LINC00348",0,0,0,0
"LINC00350",0,0,0,0
"LINC00351",0,0,0,0
"LINC00353",0,0,0,1
"LINC00354",0,0,0,0
"LINC00358",0,0,0,0
"LINC00359",0,0,0,0
"LINC00363",0,0,0,0
"LINC00364",0,0,0,0
"LINC00365",0,0,1,0
"LINC00366",1,0,0,0
"LINC00367",0,2,2,1
"LINC00368",1,1,2,0
"LINC00371",15,24,15,32
"LINC00375",0,0,0,0
"LINC00376",0,0,0,0
"LINC00377",0,0,0,0
"LINC00378",0,0,0,0
"LINC00379",12,11,7,2
"LINC00380",0,0,0,1
"LINC00381",0,0,0,0
"LINC00382",0,0,0,0
"LINC00383",0,0,0,0
"LINC00392",0,0,0,0
"LINC00395",0,0,0,0
"LINC00396",0,0,0,0
"LINC00397",0,0,0,0
"LINC00398",0,0,0,0
"LINC00399",0,0,0,0
"LINC00400",0,0,0,0
"LINC00403",0,0,0,0
"LINC00408",0,0,0,0
"LINC00410",0,0,0,0
"LINC00411",0,0,0,0
"LINC00412",2,3,2,6
"LINC00417",20,32,26,36
"LINC00421",0,0,0,0
"LINC00423",4,0,1,0
"LINC00424",0,0,0,0
"LINC00426",1,2,29,13
"LINC00428",1,0,0,0
"LINC00431",268,335,382,362
"LINC00433",0,0,0,0
"LINC00434",0,0,0,0
"LINC00437",2,0,0,0
"LINC00440",1,0,0,0
"LINC00441",2,6,5,1
"LINC00442",0,0,0,0
"LINC00443",0,0,0,0
"LINC00445",0,0,0,0
"LINC00446",0,0,0,0
"LINC00448",0,1,0,1
"LINC00452",0,1,0,0
"LINC00456",0,0,0,0
"LINC00457",14,11,1,2
"LINC00458",1,0,0,0
"LINC00460",0,0,0,0
"LINC00461",0,0,0,0
"LINC00462",0,0,0,0
"LINC00463",0,0,0,0
"LINC00466",0,0,1,0
"LINC00467",76,52,41,38
"LINC00469",0,0,1,1
"LINC00470",0,0,0,0
"LINC00471",23,18,12,24
"LINC00472",2,1,0,1
"LINC00473",0,0,0,0
"LINC00474",0,0,0,1
"LINC00475",1,3,1,0
"LINC00476",96,129,146,229
"LINC00477",0,2,1,0
"LINC00479",7,18,11,5
"LINC00482",7,13,41,45
"LINC00483",0,0,0,0
"LINC00485",0,0,0,0
"LINC00486",0,0,1,0
"LINC00487",0,0,0,0
"LINC00488",0,0,0,0
"LINC00489",0,0,0,0
"LINC00491",0,1,0,0
"LINC00492",0,0,0,0
"LINC00493",800,705,564,619
"LINC00494",11,11,66,72
"LINC00499",0,0,0,0
"LINC00501",1,1,0,0
"LINC00502",0,0,0,0
"LINC00504",0,0,3,2
"LINC00506",1,0,0,0
"LINC00507",0,0,0,0
"LINC00508",0,0,0,0
"LINC00511",3,1,0,1
"LINC00514",20,11,28,20
"LINC00515",8,8,6,1
"LINC00518",27,31,30,30
"LINC00520",0,2,22,5
"LINC00521",4,2,0,1
"LINC00523",0,0,0,1
"LINC00524",0,0,0,0
"LINC00525",8,5,6,4
"LINC00526",115,83,38,53
"LINC00528",0,1,2,1
"LINC00534",0,0,0,0
"LINC00535",11,10,6,11
"LINC00536",1,0,0,2
"LINC00538",0,0,0,0
"LINC00539",2,2,2,2
"LINC00540",0,0,0,0
"LINC00544",0,0,0,0
"LINC00545",0,0,3,4
"LINC00547",0,0,0,0
"LINC00548",0,0,0,0
"LINC00550",0,0,0,0
"LINC00551",0,0,0,0
"LINC00552",0,1,2,0
"LINC00554",0,0,0,0
"LINC00557",0,0,0,0
"LINC00558",0,0,0,0
"LINC00559",0,0,0,0
"LINC00562",7,8,8,11
"LINC00563",0,0,0,0
"LINC00564",0,0,0,0
"LINC00565",3,8,2,4
"LINC00566",0,0,0,0
"LINC00570",0,0,0,0
"LINC00571",1,2,6,6
"LINC00572",0,0,0,0
"LINC00574",2,16,3,2
"LINC00575",0,0,0,0
"LINC00577",1,2,0,0
"LINC00578",0,0,0,4
"LINC00581",0,0,0,0
"LINC00582",1,1,0,0
"LINC00583",0,0,0,0
"LINC00587",0,0,0,0
"LINC00588",0,0,0,0
"LINC00589",0,0,0,0
"LINC00592",1,1,13,1
"LINC00593",0,0,0,0
"LINC00595",0,0,21,11
"LINC00597",0,0,2,1
"LINC00598",1,0,0,0
"LINC00599",0,0,1,0
"LINC00601",0,0,0,1
"LINC00602",0,0,0,0
"LINC00603",0,0,0,0
"LINC00605",0,0,1,0
"LINC00606",0,0,0,0
"LINC00607",0,1,1,2
"LINC00608",0,0,0,0
"LINC00609",0,0,0,1
"LINC00612",0,0,0,0
"LINC00613",0,0,0,0
"LINC00615",0,1,0,0
"LINC00616",208,163,40,89
"LINC00618",2,1,3,3
"LINC00619",0,0,0,0
"LINC00620",1,0,1,0
"LINC00622",0,2,16,11
"LINC00623",407,284,540,635
"LINC00624",2,1,0,0
"LINC00626",0,0,1,0
"LINC00628",0,1,1,1
"LINC00629",5,8,7,8
"LINC00630",39,29,23,18
"LINC00632",0,0,0,0
"LINC00633",0,0,0,0
"LINC00634",24,25,9,13
"LINC00635",0,0,0,0
"LINC00636",0,0,0,0
"LINC00637",1,1,0,0
"LINC00638",25,27,30,22
"LINC00639",1,0,1,0
"LINC00640",0,0,0,0
"LINC00641",549,593,453,510
"LINC00642",0,0,0,0
"LINC00643",0,0,0,0
"LINC00644",0,0,0,0
"LINC00645",2,2,6,12
"LINC00648",0,0,0,0
"LINC00649",54,54,11,12
"LINC00652",6,4,6,7
"LINC00654",0,0,0,0
"LINC00656",0,0,1,0
"LINC00657",10426,10401,7343,6904
"LINC00658",0,0,0,0
"LINC00659",5,9,5,8
"LINC00661",0,3,2,1
"LINC00662",200,149,150,170
"LINC00663",166,139,86,122
"LINC00664",0,0,0,0
"LINC00665",8,12,5,5
"LINC00667",663,687,516,702
"LINC00668",0,0,0,0
"LINC00669",57,44,42,45
"LINC00670",0,0,0,0
"LINC00671",1,1,0,3
"LINC00672",6,8,25,15
"LINC00673",11,2,13,9
"LINC00674",522,602,778,839
"LINC00675",2,2,4,0
"LINC00676",0,0,0,0
"LINC00678",11,2,4,0
"LINC00681",0,0,0,0
"LINC00682",0,0,0,0
"LINC00683",0,0,0,0
"LINC00684",0,0,1,0
"LINC00685",33,70,88,56
"LINC00687",0,0,0,0
"LINC00689",0,0,1,0
"LINC00690",0,0,0,0
"LINC00691",0,0,0,0
"LINC00692",0,0,0,0
"LINC00693",0,2,1,0
"LINC00696",0,1,1,0
"LINC00698",0,0,0,0
"LINC00700",0,0,0,0
"LINC00701",0,0,0,0
"LINC00702",0,0,1,0
"LINC00703",0,0,0,1
"LINC00704",7,5,9,1
"LINC00705",0,0,0,0
"LINC00706",0,0,0,1
"LINC00707",0,0,0,1
"LINC00708",0,0,0,0
"LINC00709",0,0,0,0
"LINC00710",0,0,0,0
"LINC00824",0,1,2,2
"LINC00836",0,0,3,3
"LINC00837",0,1,1,1
"LINC00838",0,0,0,0
"LINC00839",267,317,181,215
"LINC00840",0,0,0,0
"LINC00841",0,0,0,0
"LINC00842",0,1,3,0
"LINC00844",0,0,0,0
"LINC00845",1,0,1,0
"LINC00847",22,18,10,12
"LINC00850",0,0,0,0
"LINC00851",0,0,0,0
"LINC00852",26,23,24,32
"LINC00853",2,1,1,2
"LINC00854",2,2,0,1
"LINC00856",0,0,0,0
"LINC00857",174,165,144,164
"LINC00858",0,0,0,0
"LINC00861",1,1,0,0
"LINC00862",2,0,2,2
"LINC00864",0,0,0,0
"LINC00865",1,0,0,0
"LINC00866",0,0,0,0
"LINC00867",0,4,3,1
"LINC00869",414,281,531,632
"LINC00870",0,0,0,0
"LINC00871",0,0,0,0
"LINC00877",0,0,0,0
"LINC00879",0,0,0,0
"LINC00880",1,1,31,22
"LINC00881",0,0,0,1
"LINC00882",0,0,2,0
"LINC00883",0,0,2,1
"LINC00884",4,3,8,3
"LINC00885",0,0,0,0
"LINC00886",3,2,27,15
"LINC00887",0,0,0,4
"LINC00888",160,117,197,199
"LINC00889",0,0,0,0
"LINC00890",0,0,0,0
"LINC00891",0,0,0,0
"LINC00892",0,0,0,0
"LINC00893",36,35,69,47
"LINC00894",82,88,114,100
"LINC00895",0,0,0,0
"LINC00896",20,18,33,31
"LINC00898",0,0,0,0
"LINC00899",1,1,1,1
"LINC00900",0,0,0,0
"LINC00901",0,0,0,0
"LINC00904",0,0,0,0
"LINC00905",0,1,0,0
"LINC00906",0,0,0,0
"LINC00907",1,1,1,0
"LINC00908",0,0,0,0
"LINC00909",281,279,234,237
"LINC00910",9,12,6,6
"LINC00911",0,0,0,0
"LINC00917",0,0,0,0
"LINC00919",0,0,0,0
"LINC00920",4,3,14,20
"LINC00921",14,18,9,5
"LINC00922",0,0,0,0
"LINC00923",4,3,2,1
"LINC00924",1,0,0,0
"LINC00925",44,102,27,14
"LINC00926",28,34,31,45
"LINC00927",0,0,0,0
"LINC00928",0,0,0,0
"LINC00929",56,73,8,14
"LINC00930",1,0,0,0
"LINC00933",1,4,3,4
"LINC00934",0,0,0,0
"LINC00935",0,0,2,0
"LINC00936",21,15,31,16
"LINC00937",10,18,13,20
"LINC00938",338,313,227,200
"LINC00939",0,0,0,0
"LINC00940",0,0,0,0
"LINC00941",0,0,1,0
"LINC00942",0,0,7,4
"LINC00943",0,0,0,0
"LINC00944",1,0,0,0
"LINC00945",0,0,0,0
"LINC00950",8,4,13,19
"LINC00951",2,0,0,0
"LINC00954",1,2,0,1
"LINC00955",0,0,0,0
"LINC00957",8,12,9,11
"LINC00958",6,0,4,1
"LINC00959",75,68,51,50
"LINC00960",3,6,4,7
"LINC00961",2,6,29,29
"LINC00963",100,108,175,267
"LINC00964",1,0,0,1
"LINC00965",94,135,50,70
"LINC00967",0,1,1,1
"LINC00968",0,0,0,0
"LINC00969",114,153,169,158
"LINC00970",0,0,0,1
"LINC00971",8,6,9,2
"LINC00974",0,0,0,0
"LINC00977",25,23,24,19
"LINC00982",268,303,238,287
"LINC00987",1607,1446,661,919
"LINC00989",0,0,0,0
"LINC00992",0,0,0,0
"LINC00993",0,0,0,0
"LINC00994",0,0,0,0
"LINC00996",5,7,3,3
"LINC00997",171,177,135,157
"LINC00998",811,767,621,618
"LINC00999",537,575,434,473
"LINC01000",1276,1471,1364,1281
"LINC01001",1473,1699,1629,1584
"LINC01002",1831,2018,1873,1938
"LINC01003",130,126,96,70
"LINC01004",132,156,210,190
"LINC01005",0,0,0,0
"LINC01006",13,13,16,28
"LINC01007",0,0,0,0
"LINC01010",0,0,0,0
"LINC01011",63,59,37,34
"LINC01012",15,6,8,10
"LINC01013",0,1,6,2
"LINC01014",0,0,0,0
"LINC01015",1,2,0,0
"LINC01016",0,0,0,0
"LINC01017",0,0,0,0
"LINC01018",0,0,0,1
"LINC01019",0,0,0,0
"LINC01020",0,0,0,0
"LINC01021",275,354,451,384
"LINC01023",15,6,8,7
"LINC01024",14,15,15,5
"LINC01028",5,5,2,1
"LINC01029",0,0,0,0
"LINC01030",1,0,0,0
"LINC01031",0,0,0,0
"LINC01032",1,1,5,0
"LINC01033",1,0,2,0
"LINC01036",5,2,1,1
"LINC01038",0,0,0,0
"LINC01039",1,0,0,0
"LINC01040",0,0,4,0
"LINC01044",0,0,0,0
"LINC01046",0,0,0,0
"LINC01047",0,0,0,0
"LINC01048",0,0,0,1
"LINC01049",1,0,0,0
"LINC01050",0,0,0,0
"LINC01053",0,0,0,0
"LINC01054",1,1,1,0
"LINC01055",0,0,0,0
"LINC01056",0,0,0,0
"LINC01057",179,207,292,257
"LINC01058",2,0,0,0
"LINC01060",0,0,0,0
"LINC01061",601,666,609,600
"LINC01063",3,6,4,0
"LINC01065",0,0,0,0
"LINC01068",1,2,2,1
"LINC01069",0,0,0,0
"LINC01070",0,0,0,0
"LINC01072",1,0,1,2
"LINC01075",0,0,0,0
"LINC01080",0,0,0,0
"LINC01081",0,0,0,0
"LINC01082",0,0,0,0
"LINC01085",0,0,0,0
"LINC01087",0,0,0,0
"LINC01088",0,0,1,0
"LINC01089",205,237,255,276
"LINC01090",1,2,0,0
"LINC01091",154,94,113,86
"LINC01093",0,0,0,0
"LINC01094",0,0,0,4
"LINC01095",0,0,0,0
"LINC01096",0,0,0,0
"LINC01097",0,0,0,0
"LINC01098",0,0,0,0
"LINC01099",0,0,0,0
"LINC01100",0,0,0,0
"LINC01101",0,0,0,0
"LINC01102",0,0,0,0
"LINC01103",0,0,0,0
"LINC01104",0,0,0,0
"LINC01105",0,0,0,0
"LINC01106",316,320,158,170
"LINC01107",2,0,1,0
"LINC01108",0,0,0,0
"LINC01111",0,0,0,0
"LINC01114",0,0,0,0
"LINC01115",0,0,0,0
"LINC01116",1,2,4,1
"LINC01117",0,0,2,1
"LINC01118",1,3,2,4
"LINC01119",6,2,8,16
"LINC01120",0,0,0,0
"LINC01121",0,0,2,1
"LINC01122",0,0,0,0
"LINC01123",422,397,132,137
"LINC01124",0,0,0,0
"LINC01125",20,26,32,41
"LINC01126",15,29,9,12
"LINC01127",0,0,0,0
"LINC01128",394,427,509,654
"LINC01132",4,2,9,5
"LINC01133",0,0,0,0
"LINC01134",9,6,2,2
"LINC01135",0,0,0,0
"LINC01136",3,4,2,0
"LINC01137",2,0,10,16
"LINC01138",201,169,350,367
"LINC01139",100,109,81,111
"LINC01140",8,6,4,6
"LINC01141",0,0,0,0
"LINC01142",0,0,1,0
"LINC01143",0,0,0,0
"LINC01144",37,39,24,22
"LINC01146",0,0,0,0
"LINC01150",0,1,0,0
"LINC01151",0,0,0,0
"LINC01152",0,0,0,0
"LINC01158",0,0,0,0
"LINC01159",0,0,0,0
"LINC01160",15,22,17,28
"LINC01162",0,0,0,0
"LINC01163",0,0,0,0
"LINC01164",58,48,5,0
"LINC01166",50,47,26,22
"LINC01167",4,8,8,7
"LINC01168",2,4,0,2
"LINC01169",0,0,1,0
"LINC01170",2,0,1,4
"LINC01176",8,8,11,12
"LINC01177",0,0,0,0
"LINC01179",1,0,0,0
"LINC01180",0,1,0,0
"LINC01182",0,0,0,0
"LINC01184",195,188,145,184
"LINC01185",0,0,0,0
"LINC01186",0,0,12,2
"LINC01187",0,0,0,0
"LINC01189",0,0,1,0
"LINC01191",1,2,6,3
"LINC01192",0,0,0,0
"LINC01193",0,1,0,0
"LINC01194",0,0,0,0
"LINC01195",0,0,0,0
"LINC01197",0,0,0,0
"LINC01198",1,0,0,1
"LINC01201",0,0,0,0
"LINC01202",0,0,0,0
"LINC01203",1,0,1,0
"LINC01204",2,1,5,2
"LINC01205",0,1,0,0
"LINC01206",0,0,0,0
"LINC01207",0,0,0,1
"LINC01208",2,1,8,2
"LINC01209",0,0,0,4
"LINC01210",0,0,0,0
"LINC01212",1,2,3,3
"LINC01213",0,1,0,1
"LINC01214",4,4,11,1
"LINC01215",0,0,6,1
"LINC01216",0,0,0,0
"LINC01219",0,0,0,0
"LINC01220",0,2,3,6
"LINC01221",0,0,0,0
"LINC01222",0,0,0,0
"LINC01224",0,0,1,0
"LINC01225",1,3,6,5
"LINC01226",4,7,13,21
"LINC01227",0,0,0,0
"LINC01229",0,0,0,0
"LINC01230",0,0,0,0
"LINC01231",0,0,0,0
"LINC01232",22,18,18,27
"LINC01233",0,0,0,0
"LINC01234",97,100,47,51
"LINC01237",2,4,0,0
"LINC01239",0,0,13,11
"LINC01241",0,0,0,0
"LINC01242",0,0,0,0
"LINC01246",0,0,0,0
"LINC01247",2,1,0,1
"LINC01248",1,0,0,0
"LINC01249",0,0,0,0
"LINC01250",0,0,0,0
"LINC01251",3,0,9,1
"LINC01252",5,14,9,16
"LINC01254",0,0,0,0
"LINC01255",0,0,0,0
"LINC01256",0,0,0,0
"LINC01257",1,0,1,0
"LINC01258",0,0,0,0
"LINC01260",4,8,17,17
"LINC01262",0,0,0,0
"LINC01264",0,0,0,0
"LINC01265",18,27,13,9
"LINC01266",18,14,26,24
"LINC01267",0,3,6,3
"LINC01268",1,0,0,0
"LINC01269",0,0,0,0
"LINC01270",2,0,7,4
"LINC01271",2,0,5,2
"LINC01272",0,0,0,0
"LINC01273",2,1,0,2
"LINC01276",0,0,0,0
"LINC01277",1,1,11,13
"LINC01278",526,529,350,377
"LINC01279",3,1,8,6
"LINC01280",0,0,0,0
"LINC01281",0,0,0,0
"LINC01282",0,0,0,0
"LINC01284",0,0,0,0
"LINC01285",0,0,0,0
"LINC01287",0,0,0,0
"LINC01288",0,0,0,1
"LINC01289",0,0,0,0
"LINC01291",3,1,1,2
"LINC01296",857,942,842,725
"LINC01298",0,0,0,0
"LINC01299",0,0,0,0
"LINC01300",0,0,0,1
"LINC01301",4,1,1,11
"LINC01304",0,0,0,0
"LINC01305",0,0,1,0
"LINC01307",0,0,0,0
"LINC01309",0,0,0,0
"LINC01310",2,2,0,1
"LINC01311",83,94,72,86
"LINC01312",0,0,0,0
"LINC01314",3,3,8,5
"LINC01315",16,27,44,31
"LINC01317",1,0,0,0
"LINC01320",0,0,0,0
"LINC01322",0,0,0,0
"LINC01324",18,10,3,2
"LINC01327",0,0,0,0
"LINC01330",0,0,0,0
"LINC01331",0,0,0,0
"LINC01333",0,0,0,0
"LINC01335",0,0,0,0
"LINC01336",110,94,27,33
"LINC01337",2,2,1,4
"LINC01338",46,51,58,63
"LINC01339",0,0,0,0
"LINC01340",0,0,0,0
"LINC01341",22,41,54,56
"LINC01342",1,0,0,1
"LINC01343",1,1,0,0
"LINC01344",1,0,0,0
"LINC01346",0,0,0,0
"LINC01347",272,323,270,221
"LINC01349",0,0,0,0
"LINC01350",0,1,0,0
"LINC01351",0,0,0,0
"LINC01352",1,0,0,0
"LINC01353",0,0,0,4
"LINC01354",0,0,2,1
"LINC01355",75,113,114,89
"LINC01356",103,74,451,608
"LINC01358",0,0,0,0
"LINC01359",1,1,0,0
"LINC01360",0,0,0,0
"LINC01361",0,0,0,0
"LINC01363",11,6,8,2
"LINC01364",0,0,0,0
"LINC01365",0,0,0,0
"LINC01366",0,0,0,1
"LINC01370",0,0,0,0
"LINC01372",13,9,9,19
"LINC01375",0,0,0,0
"LINC01377",0,0,0,0
"LINC01378",0,0,0,0
"LINC01384",0,0,0,0
"LINC01386",0,0,0,0
"LINC01387",0,0,0,0
"LINC01389",18,18,33,22
"LINC01391",2,1,1,0
"LINC01392",0,0,0,0
"LINC01393",0,0,0,0
"LINC01395",0,0,2,0
"LINC01396",1,0,0,0
"LINC01397",8,3,1,0
"LINC01398",0,0,0,1
"LINC01399",0,2,1,1
"LINC01402",0,0,0,0
"LINC01405",0,0,5,7
"LINC01410",0,2,1,1
"LINC01411",86,79,206,257
"LINC01412",0,0,0,0
"LINC01413",0,0,0,0
"LINC01416",0,0,0,0
"LINC01419",4,3,0,0
"LINC01420",1053,895,824,939
"LINC01422",0,0,1,2
"LINC01423",0,0,0,0
"LINC01424",49,58,24,19
"LINC01425",0,0,0,0
"LINC01426",4,7,10,7
"LINC01427",0,0,0,0
"LINC01428",0,0,0,0
"LINC01429",0,3,2,3
"LINC01430",0,0,0,0
"LINC01431",14,23,10,5
"LINC01432",0,0,0,0
"LINC01433",0,4,2,0
"LINC01435",0,2,0,0
"LINC01436",0,1,2,0
"LINC01440",0,0,0,0
"LINC01441",0,0,0,0
"LINC01443",0,0,0,0
"LINC01444",0,0,0,0
"LINC01445",0,0,0,0
"LINC01446",0,0,0,0
"LINC01447",42,29,20,19
"LINC01448",0,0,0,0
"LINC01449",0,1,2,2
"LINC01450",0,0,4,3
"LINC01455",0,0,0,0
"LINC01461",2,1,4,0
"LINC01465",77,60,32,35
"LINC01467",0,0,0,0
"LINC01468",11,9,12,5
"LINC01470",2,1,0,0
"LINC01471",0,0,0,0
"LINC01473",4,5,7,4
"LINC01474",0,1,0,1
"LINC01475",0,0,0,0
"LINC01476",0,0,0,0
"LINC01477",0,0,0,0
"LINC01478",0,0,0,0
"LINC01479",0,0,0,0
"LINC01480",54,41,189,79
"LINC01481",64,63,53,37
"LINC01482",0,0,0,0
"LINC01483",931,764,352,345
"LINC01484",0,0,0,0
"LINC01485",0,0,1,0
"LINC01486",0,0,0,0
"LINC01487",0,0,1,0
"LINC01488",0,0,12,11
"LINC01489",0,0,0,0
"LINC01490",0,0,0,0
"LINC01491",0,0,0,0
"LINC01492",0,0,0,0
"LINC01493",0,0,0,0
"LINC01494",0,1,3,0
"LINC01495",0,0,0,4
"LINC01496",0,0,0,0
"LINC01497",161,152,91,95
"LINC01498",0,0,0,0
"LINC01499",0,0,0,0
"LINC01500",0,0,0,0
"LINC01501",0,0,0,0
"LINC01502",0,0,1,0
"LINC01503",820,676,709,711
"LINC01504",1,2,2,8
"LINC01505",0,0,0,0
"LINC01506",0,0,0,0
"LINC01507",6,4,10,6
"LINC01508",0,0,0,0
"LINC01509",0,0,0,0
"LINC01510",0,0,0,0
"LINC01511",2,3,0,2
"LINC01512",0,1,2,0
"LINC01514",0,0,2,1
"LINC01515",19,15,10,12
"LINC01516",0,0,0,1
"LINC01517",0,0,0,0
"LINC01518",0,1,0,0
"LINC01519",0,0,0,1
"LINC01520",0,0,0,0
"LINC01521",268,252,246,306
"LINC01522",6,5,38,17
"LINC01523",0,0,0,0
"LINC01524",0,0,0,0
"LINC01525",0,0,0,2
"LINC01526",0,0,0,0
"LINC01529",0,0,0,0
"LINC01530",16,16,17,13
"LINC01531",1,1,0,0
"LINC01532",0,0,0,0
"LINC01533",0,0,0,0
"LINC01534",47,51,44,23
"LINC01535",3,4,1,3
"LINC01537",0,0,2,0
"LINC01538",0,0,0,0
"LINC01539",1,0,0,0
"LINC01541",0,0,0,0
"LINC01543",0,0,1,0
"LINC01544",0,0,0,0
"LINC01545",5,1,2,4
"LINC01546",0,0,0,0
"LINC01547",71,74,70,91
"LINC01548",0,0,0,0
"LINC01549",2,3,1,0
"LINC01550",0,0,0,0
"LINC01551",0,0,0,0
"LINC01552",0,0,0,0
"LINC01553",0,0,0,0
"LINC01554",0,1,0,5
"LINC01555",0,0,2,1
"LINC01556",6,2,5,9
"LINC01558",0,0,0,0
"LINC01559",9,14,5,2
"LINC01560",47,45,27,29
"LINC01561",0,0,0,0
"LINC01563",0,2,2,0
"LINC01564",0,0,0,0
"LINC01565",2,1,1,0
"LINC01566",0,0,0,0
"LINC01567",0,0,0,2
"LINC01568",0,0,0,0
"LINC01569",83,75,29,21
"LINC01570",0,0,0,0
"LINC01571",0,0,0,0
"LINC01572",26,34,18,22
"LINC01573",35,53,61,44
"LINC01574",0,0,0,0
"LINC01578",1401,1366,1208,1372
"LINC01580",0,0,0,0
"LINC01581",0,0,0,0
"LINC01582",3,2,0,0
"LINC01583",0,0,0,0
"LINC01584",0,0,0,0
"LINC01585",0,0,1,0
"LINC01586",0,0,12,6
"LINC01587",0,1,3,0
"LINC01588",6,7,22,5
"LINC01589",0,1,3,0
"LINC01590",34,27,31,31
"LINC01591",0,0,0,0
"LINC01592",0,0,0,0
"LINC01594",1,0,2,0
"LINC01599",0,2,3,0
"LINC01600",9,11,8,7
"LINC01602",508,479,448,285
"LINC01603",0,0,0,0
"LINC01604",113,137,50,59
"LINC01605",86,68,39,21
"LINC01606",1,1,1,0
"LINC01607",0,0,0,0
"LINC01608",0,0,0,0
"LINC01609",0,0,0,0
"LINC01611",0,0,0,0
"LINCMD1",2,0,0,0
"LINCR-0001",0,0,0,0
"LINCR-0002",0,0,1,0
"LINCR-0003",0,0,1,0
"LINGO1",2000,1747,1920,2168
"LINGO1-AS1",0,0,0,0
"LINGO1-AS2",0,1,0,0
"LINGO2",0,0,0,0
"LINGO3",0,0,0,0
"LINGO4",0,0,1,0
"LINS",237,233,176,137
"LIPA",272,276,556,414
"LIPC",0,1,3,1
"LIPE",341,344,318,373
"LIPE-AS1",132,122,58,85
"LIPF",0,1,0,0
"LIPG",559,588,2038,1462
"LIPH",0,1,11,5
"LIPI",0,4,0,0
"LIPJ",1,0,0,0
"LIPK",0,0,0,0
"LIPM",0,0,0,0
"LIPN",0,0,0,0
"LIPT1",147,121,86,80
"LIPT2",77,73,83,72
"LITAF",2326,2057,3610,4001
"LIX1",39,45,127,150
"LIX1L",1261,1201,1020,1029
"LKAAEAR1",0,0,0,0
"LL22NC01-81G9.3",2,0,0,0
"LL22NC03-63E9.3",1,1,0,0
"LL22NC03-75H12.2",0,0,0,0
"LLGL1",1234,1212,1327,1264
"LLGL2",218,201,433,415
"LLPH",2225,2161,932,1186
"LLPH-AS1",9,14,11,9
"LMAN1",3239,2925,2374,1867
"LMAN1L",0,0,1,1
"LMAN2",4678,4164,3848,4416
"LMAN2L",727,642,884,1028
"LMBR1",1625,1532,1160,986
"LMBR1L",230,245,341,363
"LMBRD1",266,235,279,261
"LMBRD2",74,53,77,36
"LMCD1",139,151,1051,1155
"LMCD1-AS1",9,11,8,4
"LMF1",1926,1879,1660,1813
"LMF1-AS1",7,3,1,2
"LMF2",1682,1773,2198,1964
"LMLN",428,417,261,298
"LMLN-AS1",9,13,5,3
"LMNA",8956,8107,8146,8183
"LMNB1",3988,4009,2591,2898
"LMNB2",7130,6824,5222,5251
"LMNTD1",1,0,0,0
"LMNTD2",145,144,154,148
"LMO1",8,7,5,6
"LMO2",16,27,25,17
"LMO3",0,1,0,0
"LMO4",27,23,42,34
"LMO7",43,24,552,462
"LMO7-AS1",79,93,125,151
"LMO7DN",0,0,2,0
"LMO7DN-IT1",0,0,0,0
"LMOD1",12,13,459,597
"LMOD2",0,0,2,1
"LMOD3",0,2,3,2
"LMTK2",662,670,632,668
"LMTK3",1041,970,1110,1103
"LMX1A",0,0,2,0
"LMX1B",4255,4166,2325,2806
"LNP1",63,56,47,45
"LNPEP",102,115,341,161
"LNX1",23,18,24,23
"LNX1-AS1",0,0,0,0
"LNX1-AS2",0,0,0,0
"LNX2",589,560,540,337
"LOC100049716",59,46,40,29
"LOC100101148",63,96,69,79
"LOC100101478",1,0,3,7
"LOC100126784",1,0,32,8
"LOC100128006",0,0,0,0
"LOC100128076",7,7,19,21
"LOC100128164",1,5,20,16
"LOC100128176",0,0,0,0
"LOC100128233",1,0,0,0
"LOC100128239",5,6,3,4
"LOC100128288",8,14,28,44
"LOC100128317",2,0,0,0
"LOC100128361",55,72,53,69
"LOC100128398",70,76,46,50
"LOC100128494",852,858,967,960
"LOC100128531",4,5,3,5
"LOC100128554",0,0,0,0
"LOC100128568",2,2,2,1
"LOC100128573",1,1,0,1
"LOC100128593",2,2,1,1
"LOC100128714",36,26,28,23
"LOC100128770",13,19,14,11
"LOC100128885",0,1,0,0
"LOC100128993",0,0,0,0
"LOC100129027",0,0,2,1
"LOC100129034",4637,4138,3310,3627
"LOC100129046",7,11,39,27
"LOC100129055",1,0,1,1
"LOC100129083",23,25,10,9
"LOC100129138",26,32,19,11
"LOC100129148",349,352,199,301
"LOC100129175",0,0,1,1
"LOC100129203",0,0,1,1
"LOC100129216",2,0,0,0
"LOC100129316",0,0,0,1
"LOC100129345",0,0,0,0
"LOC100129434",3,3,5,3
"LOC100129461",114,93,98,72
"LOC100129518",89,67,50,51
"LOC100129520",1,1,0,0
"LOC100129534",129,120,95,125
"LOC100129550",102,111,155,204
"LOC100129603",0,0,0,0
"LOC100129617",4,5,9,6
"LOC100129620",33,27,5,3
"LOC100129636",10,5,8,8
"LOC100129697",9,10,3,7
"LOC100129917",64,70,46,33
"LOC100129924",0,3,1,1
"LOC100129931",1421,1429,1003,1214
"LOC100129935",1,0,0,0
"LOC100129940",95,136,99,82
"LOC100129973",13,17,27,28
"LOC100130075",6,4,3,0
"LOC100130093",874,816,509,432
"LOC100130238",26,15,9,7
"LOC100130264",0,0,0,0
"LOC100130298",0,0,0,0
"LOC100130331",73,78,61,62
"LOC100130357",7,11,12,7
"LOC100130370",0,0,2,0
"LOC100130417",338,401,749,791
"LOC100130451",2,6,2,3
"LOC100130452",0,1,1,0
"LOC100130476",0,0,1,0
"LOC100130587",10,14,0,3
"LOC100130673",0,0,1,1
"LOC100130691",55,44,74,66
"LOC100130700",0,0,0,0
"LOC100130705",84,134,233,268
"LOC100130744",33,36,44,33
"LOC100130849",0,1,0,0
"LOC100130872",3,0,0,0
"LOC100130880",0,1,0,1
"LOC100130899",3,1,6,3
"LOC100130950",23,28,21,18
"LOC100130964",0,0,0,0
"LOC100130987",33,29,23,23
"LOC100130992",0,0,0,0
"LOC100131047",0,0,0,0
"LOC100131257",3,1,4,0
"LOC100131289",17,9,1,9
"LOC100131303",2,1,0,0
"LOC100131315",0,0,0,0
"LOC100131347",5,0,1,0
"LOC100131496",1,0,1,1
"LOC100131564",296,338,237,216
"LOC100131626",4,13,4,5
"LOC100131635",0,0,0,0
"LOC100131655",35,29,31,28
"LOC100132057",20,11,18,9
"LOC100132062",1549,1808,1695,1602
"LOC100132077",3,17,4,6
"LOC100132078",8,12,6,4
"LOC100132111",0,0,0,0
"LOC100132146",1,0,0,0
"LOC100132174",0,0,0,0
"LOC100132215",107,130,101,114
"LOC100132287",1549,1808,1695,1602
"LOC100132304",0,0,1,0
"LOC100132352",379,405,404,403
"LOC100132356",14,23,24,19
"LOC100132735",443,376,97,131
"LOC100132741",0,0,0,0
"LOC100132781",0,1,0,0
"LOC100132831",9,12,3,8
"LOC100133050",2,1,2,0
"LOC100133077",9,12,1,1
"LOC100133091",223,272,185,185
"LOC100133267",0,0,0,0
"LOC100133286",3,2,0,0
"LOC100133315",15,19,23,16
"LOC100133331",1534,1805,1690,1593
"LOC100133461",0,0,0,0
"LOC100133669",1,2,1,3
"LOC100133920",247,199,58,33
"LOC100133985",25,24,17,12
"LOC100134317",2,10,2,0
"LOC100134368",8,10,14,9
"LOC100134391",0,0,0,0
"LOC100134868",40,53,57,83
"LOC100144595",2,0,0,1
"LOC100147773",26,13,8,12
"LOC100190940",0,0,1,0
"LOC100190986",74,94,82,86
"LOC100192426",0,0,0,0
"LOC100233156",209,231,123,130
"LOC100240728",0,0,0,0
"LOC100240734",1,1,0,3
"LOC100240735",5,2,12,17
"LOC100268168",63,60,60,56
"LOC100270746",49,35,21,22
"LOC100270804",26,48,39,39
"LOC100271832",0,1,1,0
"LOC100272216",2,8,1,1
"LOC100272217",28,33,23,34
"LOC100286922",0,0,0,1
"LOC100287010",0,0,0,0
"LOC100287015",384,320,201,212
"LOC100287036",6,4,2,1
"LOC100287042",397,339,129,148
"LOC100287072",76,102,48,40
"LOC100287225",0,1,11,6
"LOC100287592",0,0,0,0
"LOC100287632",0,1,0,1
"LOC100287704",1,2,0,1
"LOC100287728",1,2,4,2
"LOC100287792",0,0,0,0
"LOC100287834",1,2,0,1
"LOC100287846",0,3,0,0
"LOC100287944",4,8,7,11
"LOC100288069",51,53,29,34
"LOC100288123",51,56,29,19
"LOC100288152",405,527,536,417
"LOC100288162",527,597,547,366
"LOC100288181",94,66,44,51
"LOC100288254",0,2,0,2
"LOC100288570",19,29,21,11
"LOC100288637",235,277,247,279
"LOC100288748",0,0,0,0
"LOC100288778",2202,2543,2063,2102
"LOC100288798",38,32,58,62
"LOC100288842",8,5,6,7
"LOC100288846",22,22,19,21
"LOC100288866",8,6,0,1
"LOC100288911",204,181,403,428
"LOC100288966",0,0,0,0
"LOC100289230",39,28,29,20
"LOC100289333",2,1,0,0
"LOC100289361",17,15,13,16
"LOC100289473",0,0,0,0
"LOC100289495",29,28,26,36
"LOC100289511",494,487,364,540
"LOC100289561",210,253,202,249
"LOC100289580",30,44,51,27
"LOC100289650",9,11,16,24
"LOC100289656",74,64,64,78
"LOC100289673",0,0,1,0
"LOC100294145",816,734,472,578
"LOC100294362",36,34,42,38
"LOC100303749",1,1,0,0
"LOC100335030",25,21,11,9
"LOC100379224",120,123,162,163
"LOC100419583",236,210,441,456
"LOC100420587",35,29,14,19
"LOC100421746",0,0,0,0
"LOC100422212",0,0,0,0
"LOC100422556",25,21,12,26
"LOC100422737",0,0,0,0
"LOC100499194",0,0,0,1
"LOC100499484",14,24,27,23
"LOC100499484-C9ORF174",123,111,145,136
"LOC100499489",286,271,125,129
"LOC100500773",0,0,0,0
"LOC100505478",0,0,3,1
"LOC100505515",0,0,0,0
"LOC100505530",4,9,2,7
"LOC100505549",68,81,72,70
"LOC100505622",0,0,0,0
"LOC100505625",1,3,3,8
"LOC100505635",0,0,0,0
"LOC100505658",0,1,0,0
"LOC100505666",92,74,74,91
"LOC100505715",2,5,2,1
"LOC100505716",4,1,4,5
"LOC100505736",0,0,1,1
"LOC100505782",0,0,0,0
"LOC100505795",0,0,0,0
"LOC100505817",1,0,1,0
"LOC100505841",0,0,0,0
"LOC100505878",0,0,0,0
"LOC100505887",1,0,1,0
"LOC100505912",7,10,4,5
"LOC100505915",17,15,23,21
"LOC100505918",0,0,0,0
"LOC100505920",2,1,7,2
"LOC100505921",5,8,10,7
"LOC100505938",27,31,23,16
"LOC100505942",32,28,41,44
"LOC100505978",13,6,12,6
"LOC100505984",4,2,2,3
"LOC100506022",2,4,3,7
"LOC100506023",29,14,28,17
"LOC100506071",2,2,7,1
"LOC100506076",345,497,452,430
"LOC100506082",9,11,5,7
"LOC100506083",84,94,83,94
"LOC100506085",1,2,2,0
"LOC100506100",14,12,12,10
"LOC100506122",0,0,0,0
"LOC100506123",335,488,440,414
"LOC100506124",13,17,31,12
"LOC100506125",4,3,2,8
"LOC100506127",131,142,111,134
"LOC100506136",6,6,12,11
"LOC100506142",0,7,17,13
"LOC100506159",0,0,0,0
"LOC100506175",6,2,1,1
"LOC100506178",4,1,24,15
"LOC100506188",0,0,0,0
"LOC100506207",11,7,12,17
"LOC100506258",0,0,4,2
"LOC100506271",0,0,1,0
"LOC100506272",0,0,0,0
"LOC100506274",0,0,0,0
"LOC100506281",5,5,2,4
"LOC100506302",269,268,178,159
"LOC100506314",5,11,5,2
"LOC100506321",64,50,38,49
"LOC100506368",4,4,9,10
"LOC100506371",1,1,0,0
"LOC100506384",0,0,0,0
"LOC100506388",0,0,0,1
"LOC100506393",0,0,0,0
"LOC100506403",0,0,0,0
"LOC100506406",0,0,0,0
"LOC100506422",0,0,0,1
"LOC100506444",0,0,0,0
"LOC100506457",11,4,34,13
"LOC100506470",0,0,0,0
"LOC100506472",26,34,18,35
"LOC100506474",26,22,0,2
"LOC100506476",10,9,28,17
"LOC100506497",0,0,0,0
"LOC100506526",0,0,0,0
"LOC100506548",814,833,630,899
"LOC100506551",14,26,18,9
"LOC100506585",0,0,0,0
"LOC100506603",423,448,1521,1855
"LOC100506606",15,24,22,16
"LOC100506639",65,59,68,84
"LOC100506675",0,0,0,0
"LOC100506679",49,38,51,44
"LOC100506682",0,0,0,0
"LOC100506688",0,4,4,3
"LOC100506700",0,0,0,0
"LOC100506725",0,0,1,0
"LOC100506730",54,57,81,74
"LOC100506746",11,13,15,19
"LOC100506747",7,13,1,2
"LOC100506790",10,4,2,1
"LOC100506801",14,11,7,8
"LOC100506804",8,9,8,16
"LOC100506834",1,0,0,0
"LOC100506844",210,180,153,174
"LOC100506858",0,0,0,0
"LOC100506860",38,38,196,91
"LOC100506869",0,0,0,0
"LOC100506895",8,10,30,29
"LOC100506985",46,43,58,67
"LOC100506990",217,235,702,667
"LOC100507002",137,117,101,118
"LOC100507006",1,0,1,0
"LOC100507053",22,20,25,15
"LOC100507065",266,204,86,50
"LOC100507073",0,0,0,0
"LOC100507091",0,1,0,1
"LOC100507140",0,2,0,0
"LOC100507144",0,0,0,0
"LOC100507156",175,137,171,101
"LOC100507175",0,0,0,0
"LOC100507194",8,11,5,8
"LOC100507195",1,1,5,1
"LOC100507201",0,0,0,0
"LOC100507205",0,0,0,0
"LOC100507250",11,7,7,3
"LOC100507283",5,10,2,13
"LOC100507291",77,50,45,51
"LOC100507334",14,19,15,5
"LOC100507346",17,21,47,34
"LOC100507351",154,149,355,339
"LOC100507373",97,136,94,108
"LOC100507377",0,0,0,0
"LOC100507384",0,0,0,0
"LOC100507387",1,1,0,0
"LOC100507388",0,0,0,0
"LOC100507389",0,0,2,1
"LOC100507391",0,0,0,1
"LOC100507406",0,0,0,0
"LOC100507412",211,235,308,216
"LOC100507424",379,399,314,345
"LOC100507431",0,1,0,2
"LOC100507437",54,40,35,29
"LOC100507443",0,1,1,0
"LOC100507462",15,21,16,15
"LOC100507468",3,3,1,2
"LOC100507472",2,1,0,2
"LOC100507477",79,76,82,81
"LOC100507487",49,83,152,109
"LOC100507506",4,2,1,1
"LOC100507534",0,0,1,0
"LOC100507537",0,0,0,0
"LOC100507547",80,73,54,49
"LOC100507557",321,378,233,209
"LOC100507564",40,51,49,50
"LOC100507577",517,498,466,525
"LOC100507600",0,0,0,0
"LOC100507634",88,58,108,118
"LOC100507639",1,0,5,2
"LOC100507642",3,7,9,6
"LOC100507661",0,0,0,0
"LOC100508046",3,3,1,3
"LOC100630923",1233,1380,1139,1345
"LOC100631378",0,0,0,0
"LOC100652758",47,43,25,37
"LOC100652768",210,212,243,290
"LOC100652931",0,0,0,0
"LOC100652999",59,70,51,53
"LOC100996249",0,0,0,0
"LOC100996251",3,9,5,6
"LOC100996255",4,0,6,5
"LOC100996263",0,0,0,0
"LOC100996286",0,0,18,4
"LOC100996291",5,2,5,9
"LOC100996324",20,21,4,7
"LOC100996325",4,2,1,1
"LOC100996338",0,0,0,2
"LOC100996342",1,1,2,1
"LOC100996349",0,0,0,0
"LOC100996351",0,1,3,4
"LOC100996385",0,0,0,0
"LOC100996437",32,22,23,15
"LOC100996447",89,84,70,85
"LOC100996455",11,12,23,25
"LOC100996579",0,0,0,0
"LOC100996583",1,1,1,2
"LOC100996634",1,2,0,2
"LOC100996635",0,1,0,0
"LOC100996654",1,0,0,0
"LOC100996671",0,0,0,0
"LOC100996679",0,0,0,0
"LOC100996693",10,8,1,2
"LOC100996694",0,0,0,0
"LOC101054525",0,0,0,0
"LOC101059948",7,4,1,1
"LOC101060019",0,0,0,0
"LOC101060091",9,17,21,18
"LOC101060321",1375,1879,1906,2239
"LOC101060385",0,0,0,0
"LOC101060389",369,581,536,648
"LOC101060498",1,3,0,2
"LOC101060524",4,0,29,12
"LOC101060542",7,4,4,4
"LOC101060553",7,7,10,15
"LOC101241902",1,0,1,0
"LOC101243545",10167,9033,7266,11733
"LOC101409256",0,0,0,0
"LOC101448202",1,0,0,0
"LOC101559451",15,14,9,9
"LOC101593348",9,9,3,6
"LOC101805491",0,0,0,0
"LOC101926889",1,0,0,0
"LOC101926892",0,0,0,0
"LOC101926897",0,0,0,0
"LOC101926898",0,0,0,0
"LOC101926905",2,0,0,0
"LOC101926908",0,0,0,0
"LOC101926911",4,2,3,4
"LOC101926913",5,7,4,13
"LOC101926915",0,1,0,1
"LOC101926933",0,0,0,0
"LOC101926935",14,16,14,9
"LOC101926940",0,0,2,0
"LOC101926941",20,20,21,11
"LOC101926942",0,0,0,0
"LOC101926943",180,201,149,148
"LOC101926944",0,0,0,0
"LOC101926955",0,1,0,0
"LOC101926960",0,0,0,0
"LOC101926962",0,0,0,0
"LOC101926963",0,0,4,5
"LOC101926964",1,0,0,1
"LOC101926966",0,0,0,0
"LOC101926975",6,3,2,6
"LOC101927018",1,0,0,3
"LOC101927020",0,0,0,0
"LOC101927021",192,193,152,146
"LOC101927023",40,38,12,13
"LOC101927027",156,174,217,140
"LOC101927040",0,2,2,0
"LOC101927043",3,2,4,4
"LOC101927045",96,102,57,51
"LOC101927048",0,0,0,0
"LOC101927051",136,118,120,139
"LOC101927053",0,0,0,0
"LOC101927055",0,0,0,0
"LOC101927056",39,43,46,43
"LOC101927058",0,0,0,0
"LOC101927062",0,0,0,0
"LOC101927066",0,0,1,0
"LOC101927069",0,0,0,0
"LOC101927070",0,0,0,0
"LOC101927078",0,0,0,1
"LOC101927079",0,0,0,0
"LOC101927081",2,2,2,7
"LOC101927082",0,0,0,0
"LOC101927087",0,2,4,0
"LOC101927100",2,2,4,0
"LOC101927120",0,0,0,0
"LOC101927123",0,0,0,0
"LOC101927124",1,3,0,2
"LOC101927131",1,0,0,0
"LOC101927132",0,0,0,0
"LOC101927136",0,0,0,0
"LOC101927139",0,0,0,0
"LOC101927142",0,0,0,0
"LOC101927143",4,0,0,1
"LOC101927151",360,340,243,263
"LOC101927153",0,0,0,0
"LOC101927156",0,1,0,0
"LOC101927157",6,11,4,16
"LOC101927159",0,0,0,0
"LOC101927164",408,390,172,222
"LOC101927166",0,0,0,0
"LOC101927178",178,168,175,185
"LOC101927179",41,67,32,47
"LOC101927181",32,37,38,51
"LOC101927188",0,1,0,1
"LOC101927189",1,0,5,0
"LOC101927190",0,0,0,0
"LOC101927196",0,2,0,1
"LOC101927204",18,10,34,39
"LOC101927207",0,0,0,0
"LOC101927211",4,1,1,2
"LOC101927229",0,0,0,0
"LOC101927230",1,2,10,6
"LOC101927237",4,6,5,6
"LOC101927239",0,0,0,0
"LOC101927243",0,0,0,0
"LOC101927244",0,0,0,0
"LOC101927248",1,0,0,0
"LOC101927257",2,1,2,4
"LOC101927267",115,113,113,104
"LOC101927269",0,0,0,0
"LOC101927272",0,0,0,0
"LOC101927274",0,0,0,0
"LOC101927282",0,0,0,0
"LOC101927284",0,0,0,0
"LOC101927285",0,0,0,0
"LOC101927286",0,1,0,0
"LOC101927292",0,0,0,0
"LOC101927296",0,0,0,0
"LOC101927305",0,1,0,0
"LOC101927310",1,2,1,0
"LOC101927311",0,0,0,0
"LOC101927314",0,0,0,1
"LOC101927318",8,8,2,0
"LOC101927322",10,3,11,10
"LOC101927334",0,0,0,0
"LOC101927342",0,0,0,0
"LOC101927348",0,0,0,0
"LOC101927354",1,2,2,1
"LOC101927356",0,0,0,0
"LOC101927358",0,0,0,0
"LOC101927359",0,2,2,1
"LOC101927365",33,27,19,24
"LOC101927374",1,0,0,1
"LOC101927378",0,0,0,0
"LOC101927379",0,0,1,0
"LOC101927391",78,55,32,26
"LOC101927394",0,0,0,0
"LOC101927406",0,0,0,0
"LOC101927410",0,0,0,0
"LOC101927411",0,0,0,0
"LOC101927412",0,0,0,0
"LOC101927415",11,10,12,6
"LOC101927416",0,0,1,0
"LOC101927418",1,2,0,0
"LOC101927419",0,0,0,2
"LOC101927421",7,3,1,3
"LOC101927431",0,0,0,0
"LOC101927434",0,0,0,0
"LOC101927437",1,1,1,2
"LOC101927438",5,1,4,6
"LOC101927446",0,0,0,1
"LOC101927450",0,2,0,0
"LOC101927460",2,4,0,4
"LOC101927464",0,0,0,0
"LOC101927468",0,1,1,2
"LOC101927472",1,0,1,0
"LOC101927476",8,8,8,12
"LOC101927478",0,0,0,1
"LOC101927481",3,6,18,12
"LOC101927482",0,0,0,0
"LOC101927488",0,0,0,0
"LOC101927495",0,0,1,0
"LOC101927497",9,6,2,0
"LOC101927501",83,96,57,45
"LOC101927502",0,0,0,1
"LOC101927523",0,0,0,0
"LOC101927526",0,0,0,0
"LOC101927539",0,0,0,0
"LOC101927543",0,0,1,0
"LOC101927549",0,0,0,0
"LOC101927550",262,242,195,141
"LOC101927557",0,0,1,0
"LOC101927560",0,1,0,0
"LOC101927571",4,2,4,2
"LOC101927572",24,19,15,8
"LOC101927575",0,0,0,0
"LOC101927577",0,0,0,0
"LOC101927580",0,0,0,0
"LOC101927583",9,12,4,10
"LOC101927587",0,0,0,0
"LOC101927588",0,1,0,0
"LOC101927592",0,0,0,0
"LOC101927604",3,6,9,16
"LOC101927606",0,0,0,0
"LOC101927616",0,0,0,0
"LOC101927619",0,0,0,0
"LOC101927620",0,4,2,2
"LOC101927623",1,0,1,0
"LOC101927630",0,0,0,0
"LOC101927636",0,0,0,0
"LOC101927637",0,0,0,0
"LOC101927640",0,0,0,0
"LOC101927641",0,0,0,0
"LOC101927650",0,0,0,0
"LOC101927651",0,0,0,0
"LOC101927653",0,0,0,0
"LOC101927657",1,2,0,0
"LOC101927661",0,0,0,0
"LOC101927666",4,2,3,0
"LOC101927668",0,0,0,0
"LOC101927683",0,0,0,0
"LOC101927686",0,0,0,0
"LOC101927691",0,0,0,0
"LOC101927692",0,0,0,0
"LOC101927694",0,0,0,0
"LOC101927697",0,0,1,0
"LOC101927701",0,0,0,0
"LOC101927708",0,1,1,0
"LOC101927709",0,0,0,0
"LOC101927730",8,5,15,9
"LOC101927735",0,0,0,0
"LOC101927740",0,0,1,1
"LOC101927746",456,361,121,153
"LOC101927755",92,100,66,87
"LOC101927762",1,0,3,1
"LOC101927765",51,53,27,31
"LOC101927766",2,2,2,2
"LOC101927768",3,3,5,2
"LOC101927769",0,0,0,0
"LOC101927770",18,25,14,15
"LOC101927780",1,0,5,5
"LOC101927787",1,0,0,0
"LOC101927795",104,127,78,122
"LOC101927797",0,0,0,0
"LOC101927798",0,0,0,0
"LOC101927811",0,0,0,0
"LOC101927814",3,2,2,1
"LOC101927815",32,23,25,40
"LOC101927817",1,4,2,0
"LOC101927822",0,0,0,0
"LOC101927827",1,1,2,0
"LOC101927829",0,0,0,0
"LOC101927830",14,13,13,14
"LOC101927835",0,0,0,0
"LOC101927839",0,0,0,0
"LOC101927843",0,0,0,0
"LOC101927844",0,0,0,0
"LOC101927845",0,0,0,0
"LOC101927847",0,0,0,0
"LOC101927849",0,0,0,0
"LOC101927851",3,2,5,2
"LOC101927854",2,2,1,0
"LOC101927865",3,6,2,1
"LOC101927869",0,0,0,0
"LOC101927870",0,0,0,0
"LOC101927876",0,0,0,0
"LOC101927881",0,0,0,0
"LOC101927884",1,6,0,4
"LOC101927901",0,1,5,6
"LOC101927905",23,23,22,23
"LOC101927907",0,0,0,0
"LOC101927911",7,7,8,2
"LOC101927914",1,0,0,0
"LOC101927915",0,0,0,0
"LOC101927919",27,23,8,9
"LOC101927924",0,0,0,0
"LOC101927926",0,0,0,0
"LOC101927932",4,3,3,2
"LOC101927934",2,2,4,3
"LOC101927948",0,0,0,0
"LOC101927950",0,0,0,0
"LOC101927954",0,0,1,7
"LOC101927964",0,0,0,0
"LOC101927967",0,0,0,0
"LOC101927969",1,1,3,2
"LOC101927972",0,1,0,0
"LOC101927973",2,4,3,4
"LOC101927987",0,0,0,0
"LOC101928002",0,0,0,1
"LOC101928008",3,0,1,1
"LOC101928009",0,0,0,0
"LOC101928012",0,0,0,0
"LOC101928020",20,24,17,20
"LOC101928030",0,0,0,0
"LOC101928034",44,27,44,46
"LOC101928035",2,0,0,0
"LOC101928043",4,4,2,3
"LOC101928048",0,0,0,0
"LOC101928052",0,0,0,0
"LOC101928053",13,6,6,9
"LOC101928063",6,5,9,18
"LOC101928068",33,39,41,19
"LOC101928069",45,25,28,31
"LOC101928075",0,0,0,0
"LOC101928093",21,14,20,14
"LOC101928100",3,4,5,0
"LOC101928103",3,5,5,4
"LOC101928105",1,3,1,3
"LOC101928107",0,0,0,0
"LOC101928118",0,0,0,0
"LOC101928128",0,0,0,0
"LOC101928131",0,0,0,0
"LOC101928134",0,0,0,0
"LOC101928135",2,0,0,0
"LOC101928137",0,0,1,0
"LOC101928140",0,0,1,0
"LOC101928150",0,0,0,1
"LOC101928161",0,0,0,0
"LOC101928162",1,0,0,0
"LOC101928163",1,2,0,1
"LOC101928167",0,0,1,0
"LOC101928168",0,0,0,0
"LOC101928174",8,12,9,9
"LOC101928191",0,0,2,0
"LOC101928201",0,1,0,0
"LOC101928203",0,0,0,0
"LOC101928205",0,0,0,0
"LOC101928211",0,0,0,0
"LOC101928222",14,23,17,11
"LOC101928223",0,0,2,2
"LOC101928226",0,0,0,0
"LOC101928227",0,0,0,1
"LOC101928231",0,0,0,0
"LOC101928233",0,0,1,0
"LOC101928241",1,1,1,0
"LOC101928253",0,0,0,0
"LOC101928254",0,2,2,0
"LOC101928259",0,0,1,1
"LOC101928266",1,0,0,0
"LOC101928269",0,0,0,0
"LOC101928270",8,2,0,1
"LOC101928272",0,0,0,0
"LOC101928273",0,1,0,0
"LOC101928279",7,11,9,7
"LOC101928280",0,0,0,0
"LOC101928283",0,0,0,0
"LOC101928295",14,10,4,2
"LOC101928298",0,0,0,0
"LOC101928303",0,0,0,0
"LOC101928304",0,0,1,0
"LOC101928306",7,4,2,0
"LOC101928307",0,0,0,0
"LOC101928314",0,0,0,0
"LOC101928322",0,0,0,0
"LOC101928323",5,4,7,3
"LOC101928324",4,4,7,4
"LOC101928327",0,0,0,0
"LOC101928333",0,0,0,0
"LOC101928335",0,0,0,0
"LOC101928336",2,8,2,2
"LOC101928358",0,0,0,0
"LOC101928370",0,0,0,0
"LOC101928371",89,84,92,111
"LOC101928372",1,0,1,1
"LOC101928381",12,16,2,7
"LOC101928386",0,0,0,0
"LOC101928398",0,0,0,0
"LOC101928401",0,0,0,0
"LOC101928402",11,13,9,17
"LOC101928404",0,0,1,2
"LOC101928414",9,8,4,10
"LOC101928416",0,0,1,0
"LOC101928417",0,0,0,0
"LOC101928418",0,0,0,0
"LOC101928435",0,0,0,0
"LOC101928436",1,1,0,2
"LOC101928437",0,0,0,0
"LOC101928438",2,3,2,9
"LOC101928441",0,0,0,0
"LOC101928443",0,0,0,0
"LOC101928445",4,8,4,7
"LOC101928446",1,0,1,2
"LOC101928449",0,0,0,0
"LOC101928453",14,17,13,13
"LOC101928460",0,0,0,0
"LOC101928461",0,0,0,1
"LOC101928471",0,0,0,0
"LOC101928476",0,0,1,0
"LOC101928489",1,0,2,0
"LOC101928491",0,0,0,0
"LOC101928495",0,0,0,0
"LOC101928505",1,0,5,3
"LOC101928509",0,0,0,0
"LOC101928514",2,12,8,4
"LOC101928516",0,0,0,0
"LOC101928517",0,0,0,0
"LOC101928519",1,3,5,2
"LOC101928523",0,0,0,0
"LOC101928525",602,643,384,440
"LOC101928530",3,2,3,2
"LOC101928535",0,2,0,0
"LOC101928539",3,1,2,3
"LOC101928540",0,0,0,0
"LOC101928551",0,0,0,0
"LOC101928565",0,0,0,0
"LOC101928567",0,0,0,0
"LOC101928569",0,0,0,0
"LOC101928580",0,0,0,2
"LOC101928590",0,0,0,0
"LOC101928597",3,3,4,3
"LOC101928600",0,0,1,0
"LOC101928605",0,0,0,0
"LOC101928618",0,0,0,0
"LOC101928622",0,0,0,0
"LOC101928626",3,0,0,0
"LOC101928650",3,3,4,5
"LOC101928651",0,0,0,0
"LOC101928661",0,0,0,0
"LOC101928663",1,6,0,2
"LOC101928673",34,34,29,20
"LOC101928674",62,49,16,32
"LOC101928682",1,0,0,0
"LOC101928694",0,0,1,0
"LOC101928696",0,0,0,0
"LOC101928697",0,0,0,0
"LOC101928700",0,0,0,0
"LOC101928708",0,0,0,0
"LOC101928710",0,0,0,0
"LOC101928718",14,14,33,21
"LOC101928730",0,0,0,0
"LOC101928731",0,0,0,0
"LOC101928737",1,2,0,0
"LOC101928738",1,1,0,1
"LOC101928739",0,0,0,0
"LOC101928748",0,0,0,0
"LOC101928751",0,0,0,0
"LOC101928766",0,2,0,6
"LOC101928767",0,0,0,0
"LOC101928769",0,0,0,0
"LOC101928775",0,0,0,0
"LOC101928778",0,0,0,0
"LOC101928782",0,0,0,0
"LOC101928786",0,1,1,0
"LOC101928790",0,0,0,0
"LOC101928791",0,0,0,0
"LOC101928794",0,0,0,0
"LOC101928796",12,8,2,3
"LOC101928797",0,0,0,0
"LOC101928804",0,0,0,0
"LOC101928809",0,0,0,1
"LOC101928812",0,0,0,0
"LOC101928823",0,0,0,0
"LOC101928834",0,0,0,0
"LOC101928837",18,12,9,10
"LOC101928841",72,68,50,40
"LOC101928844",6,5,0,1
"LOC101928847",1,1,0,0
"LOC101928851",0,0,0,0
"LOC101928855",0,2,0,0
"LOC101928858",0,0,0,0
"LOC101928861",0,0,0,0
"LOC101928865",3,5,6,4
"LOC101928880",0,2,2,1
"LOC101928882",1,0,0,0
"LOC101928885",0,0,0,0
"LOC101928886",1,3,3,1
"LOC101928891",18,17,39,33
"LOC101928894",0,0,0,0
"LOC101928896",0,0,0,1
"LOC101928909",8,11,12,7
"LOC101928911",0,0,0,0
"LOC101928936",0,0,0,0
"LOC101928937",0,0,0,0
"LOC101928940",0,0,0,0
"LOC101928942",0,0,0,0
"LOC101928943",0,0,1,1
"LOC101928944",0,0,0,0
"LOC101928961",0,0,0,0
"LOC101928973",4,1,2,3
"LOC101928977",0,0,1,0
"LOC101928978",0,0,0,0
"LOC101928979",5,5,6,3
"LOC101928988",8,2,5,6
"LOC101928989",0,0,0,0
"LOC101928992",0,0,0,0
"LOC101928994",1,0,7,6
"LOC101928995",0,0,0,0
"LOC101929019",0,0,0,0
"LOC101929023",0,0,0,5
"LOC101929034",0,0,0,0
"LOC101929057",98,116,63,48
"LOC101929058",0,0,0,0
"LOC101929064",0,0,0,0
"LOC101929066",4,3,6,6
"LOC101929073",0,0,0,0
"LOC101929076",11,17,5,1
"LOC101929080",0,0,0,0
"LOC101929084",0,0,0,0
"LOC101929089",24,24,19,17
"LOC101929095",0,0,0,0
"LOC101929099",12,11,15,10
"LOC101929106",15,11,0,1
"LOC101929116",0,0,0,0
"LOC101929122",2,0,0,0
"LOC101929123",0,0,0,0
"LOC101929124",0,0,0,0
"LOC101929125",0,0,0,2
"LOC101929128",80,65,132,118
"LOC101929140",13,11,11,13
"LOC101929144",0,0,0,0
"LOC101929147",132,159,168,161
"LOC101929148",0,0,0,0
"LOC101929153",0,0,0,0
"LOC101929154",0,0,0,0
"LOC101929162",74,58,45,43
"LOC101929164",0,0,0,0
"LOC101929172",0,0,0,0
"LOC101929181",3,6,3,6
"LOC101929194",1,0,0,0
"LOC101929199",0,2,0,0
"LOC101929207",0,0,0,0
"LOC101929210",0,0,0,0
"LOC101929217",0,0,0,0
"LOC101929224",5,3,2,1
"LOC101929229",3,1,2,0
"LOC101929231",129,119,69,78
"LOC101929234",0,1,0,1
"LOC101929237",0,2,0,0
"LOC101929239",0,0,0,0
"LOC101929241",0,0,0,0
"LOC101929259",0,0,0,0
"LOC101929260",0,4,18,9
"LOC101929268",0,0,0,0
"LOC101929279",0,0,0,0
"LOC101929282",0,0,1,0
"LOC101929284",0,0,0,0
"LOC101929294",0,0,0,0
"LOC101929295",0,0,0,0
"LOC101929297",0,0,0,0
"LOC101929312",0,0,0,0
"LOC101929315",0,0,0,0
"LOC101929319",1,1,0,0
"LOC101929331",0,0,1,5
"LOC101929337",0,0,0,0
"LOC101929340",6,3,4,10
"LOC101929353",0,0,0,0
"LOC101929371",0,0,0,0
"LOC101929372",11,8,14,6
"LOC101929374",14,21,11,12
"LOC101929378",1,2,0,0
"LOC101929380",0,0,0,0
"LOC101929384",0,1,0,0
"LOC101929395",0,0,0,0
"LOC101929406",0,0,0,0
"LOC101929412",8,1,44,7
"LOC101929413",0,0,0,0
"LOC101929415",0,0,0,0
"LOC101929420",0,0,0,0
"LOC101929427",1,1,1,0
"LOC101929431",0,0,0,0
"LOC101929439",1,4,6,3
"LOC101929441",5,3,8,9
"LOC101929448",0,0,0,0
"LOC101929450",0,0,0,0
"LOC101929452",1,0,0,0
"LOC101929454",0,0,0,0
"LOC101929464",1,1,0,0
"LOC101929468",3,3,0,0
"LOC101929470",0,1,2,1
"LOC101929473",0,0,0,0
"LOC101929486",0,0,0,1
"LOC101929488",0,0,0,0
"LOC101929497",0,0,0,0
"LOC101929504",2,0,0,0
"LOC101929505",2,2,0,2
"LOC101929512",1,0,1,0
"LOC101929516",513,521,281,345
"LOC101929517",0,0,0,0
"LOC101929524",0,0,0,0
"LOC101929526",0,0,0,0
"LOC101929528",0,0,0,0
"LOC101929529",1,0,0,0
"LOC101929532",0,0,0,0
"LOC101929541",2,1,4,2
"LOC101929549",1,1,1,1
"LOC101929550",0,0,0,0
"LOC101929551",0,0,0,0
"LOC101929555",2,1,6,2
"LOC101929563",0,0,0,0
"LOC101929565",2,2,0,1
"LOC101929567",0,0,5,0
"LOC101929570",0,1,0,0
"LOC101929572",3,3,1,3
"LOC101929574",0,0,0,0
"LOC101929577",1,3,6,4
"LOC101929579",0,0,0,0
"LOC101929584",0,0,0,0
"LOC101929586",2,2,2,0
"LOC101929592",0,0,0,1
"LOC101929595",5,4,2,1
"LOC101929596",0,0,1,0
"LOC101929607",1,0,0,0
"LOC101929608",0,0,0,0
"LOC101929613",0,1,1,2
"LOC101929622",29,19,5,15
"LOC101929625",0,0,0,0
"LOC101929626",4,4,3,2
"LOC101929631",0,0,0,0
"LOC101929633",0,0,0,0
"LOC101929645",0,0,0,0
"LOC101929646",0,0,0,0
"LOC101929653",11,7,1,2
"LOC101929657",15,10,13,14
"LOC101929660",0,1,0,0
"LOC101929662",0,0,0,0
"LOC101929679",1,1,6,3
"LOC101929680",0,0,0,0
"LOC101929681",0,0,0,0
"LOC101929694",0,0,0,0
"LOC101929696",2,4,8,2
"LOC101929698",2,5,4,4
"LOC101929705",48,45,87,89
"LOC101929709",30,30,45,53
"LOC101929710",0,0,0,0
"LOC101929715",23,32,7,7
"LOC101929717",0,1,2,0
"LOC101929718",641,659,575,605
"LOC101929719",1,0,3,1
"LOC101929721",0,0,0,0
"LOC101929723",0,1,57,46
"LOC101929733",0,0,0,0
"LOC101929741",0,0,1,1
"LOC101929753",0,0,0,1
"LOC101929754",0,0,0,0
"LOC101929762",3,0,0,0
"LOC101929767",46,47,57,57
"LOC101929771",0,0,0,0
"LOC101929829",98,143,106,95
"LOC101929897",2,1,2,4
"LOC101929983",549,543,45,28
"LOC101930010",5,2,22,15
"LOC101930071",33,36,20,16
"LOC101930452",8,18,7,8
"LOC102031319",0,0,1,2
"LOC102467079",0,0,0,0
"LOC102467080",0,0,0,0
"LOC102467081",0,0,1,0
"LOC102467147",0,0,0,0
"LOC102467212",0,0,1,0
"LOC102467213",0,0,0,0
"LOC102467214",0,0,0,0
"LOC102467216",0,0,0,0
"LOC102467217",0,1,0,0
"LOC102467222",0,0,0,0
"LOC102467223",0,0,0,0
"LOC102467224",0,0,0,0
"LOC102467225",1,0,0,0
"LOC102467226",1,1,1,0
"LOC102467655",0,0,0,0
"LOC102477328",0,0,0,0
"LOC102503427",0,0,0,0
"LOC102546226",0,4,0,0
"LOC102546228",0,0,0,0
"LOC102546229",1,2,2,2
"LOC102546294",3,2,0,1
"LOC102546298",1,8,5,3
"LOC102546299",0,0,0,1
"LOC102577426",0,1,0,0
"LOC102606465",155,156,82,82
"LOC102606466",0,0,0,0
"LOC102723344",0,0,0,0
"LOC102723354",50,61,37,51
"LOC102723362",0,0,0,0
"LOC102723373",0,0,0,0
"LOC102723376",0,0,0,0
"LOC102723377",0,0,0,0
"LOC102723385",4,4,6,4
"LOC102723427",0,0,0,0
"LOC102723439",104,95,49,83
"LOC102723448",0,0,0,0
"LOC102723505",0,0,0,0
"LOC102723517",0,0,0,0
"LOC102723544",0,0,0,0
"LOC102723582",0,2,2,2
"LOC102723604",0,0,0,0
"LOC102723617",1,0,0,0
"LOC102723649",0,0,0,0
"LOC102723661",0,0,0,0
"LOC102723701",15,12,4,2
"LOC102723703",4,2,6,5
"LOC102723704",215,175,154,128
"LOC102723709",0,0,1,0
"LOC102723729",27,33,15,25
"LOC102723766",2,0,1,0
"LOC102723769",56,75,114,100
"LOC102723778",0,0,0,0
"LOC102723809",5,2,2,0
"LOC102723824",37,26,7,6
"LOC102723828",0,0,0,0
"LOC102723831",0,0,0,0
"LOC102723833",0,0,0,0
"LOC102723854",39,59,54,47
"LOC102723859",369,581,536,648
"LOC102723883",0,0,0,0
"LOC102723885",151,126,91,89
"LOC102723895",0,0,0,0
"LOC102723927",20,36,37,32
"LOC102723968",5,3,4,7
"LOC102724000",0,0,0,0
"LOC102724009",91,70,67,98
"LOC102724020",0,0,0,0
"LOC102724034",4,6,5,6
"LOC102724050",16,10,17,5
"LOC102724053",0,0,0,0
"LOC102724058",0,0,0,0
"LOC102724084",0,0,0,0
"LOC102724094",5,4,28,20
"LOC102724096",0,0,0,0
"LOC102724153",3,4,17,15
"LOC102724163",3,1,0,0
"LOC102724188",0,0,0,0
"LOC102724190",0,0,6,2
"LOC102724201",0,0,0,0
"LOC102724238",404,392,250,200
"LOC102724279",783,723,273,317
"LOC102724297",221,247,164,175
"LOC102724301",1,1,0,0
"LOC102724312",48,41,31,24
"LOC102724321",0,0,0,0
"LOC102724323",0,0,0,0
"LOC102724421",0,0,0,0
"LOC102724434",0,0,0,0
"LOC102724450",0,0,0,0
"LOC102724467",2,3,5,1
"LOC102724484",0,0,0,0
"LOC102724511",0,0,0,0
"LOC102724539",7,2,3,4
"LOC102724552",1,3,4,1
"LOC102724555",0,0,0,0
"LOC102724589",1,1,5,0
"LOC102724596",2,1,0,1
"LOC102724601",1,0,2,1
"LOC102724604",0,0,0,0
"LOC102724612",0,0,0,0
"LOC102724623",0,0,0,0
"LOC102724651",0,0,0,0
"LOC102724659",0,0,0,4
"LOC102724661",0,0,0,0
"LOC102724663",0,0,0,0
"LOC102724691",0,2,5,5
"LOC102724699",23,17,5,3
"LOC102724710",0,0,0,0
"LOC102724719",11,6,2,3
"LOC102724776",239,222,62,45
"LOC102724784",0,0,0,0
"LOC102724804",0,0,0,0
"LOC102724814",433,458,536,553
"LOC102724849",0,0,0,0
"LOC102724862",369,581,536,648
"LOC102724874",0,0,0,0
"LOC102724890",0,0,0,0
"LOC102724913",0,0,0,0
"LOC102724919",1,2,2,0
"LOC102724927",2,1,1,2
"LOC102724933",0,0,1,1
"LOC102724957",0,0,0,0
"LOC102724958",0,0,0,0
"LOC102725079",0,0,0,0
"LOC102800447",0,0,0,0
"LOC103021295",703,647,534,388
"LOC103091866",91,78,168,187
"LOC103171574",8,12,12,10
"LOC103191607",0,0,0,0
"LOC103312105",0,0,0,0
"LOC103344931",167,167,121,171
"LOC103352541",2,0,3,1
"LOC103611081",97,108,99,142
"LOC103908605",260,317,96,78
"LOC104054148",1,0,0,0
"LOC104613533",0,0,0,0
"LOC104968399",1765,1386,1268,1939
"LOC105274304",9,8,22,37
"LOC105370306",0,0,0,0
"LOC105372441",0,0,0,0
"LOC105372795",2,5,3,2
"LOC105373300",0,1,0,2
"LOC105373383",24,23,8,6
"LOC105375734",0,0,0,0
"LOC105376360",0,0,0,0
"LOC105376671",1,0,2,2
"LOC105377348",18,19,19,22
"LOC105378732",0,0,0,0
"LOC105447645",28,29,20,18
"LOC105447648",0,0,0,0
"LOC105616981",0,0,0,2
"LOC105667213",0,0,0,0
"LOC105747689",5,7,31,20
"LOC105748977",0,0,4,0
"LOC105755953",0,0,0,0
"LOC113230",62,71,119,124
"LOC115110",24,18,19,16
"LOC143666",32,40,26,38
"LOC145474",0,0,0,4
"LOC145783",26,41,29,31
"LOC145845",0,0,0,0
"LOC146513",0,0,0,0
"LOC146880",2464,2453,2267,2440
"LOC148413",1059,1059,759,871
"LOC148696",0,0,0,0
"LOC148709",13,12,33,30
"LOC149373",0,0,0,0
"LOC149684",0,0,0,0
"LOC149950",0,0,0,0
"LOC150776",2336,2517,1470,1505
"LOC150935",0,0,0,0
"LOC151121",0,0,0,0
"LOC151174",0,0,1,0
"LOC151475",0,1,2,1
"LOC151484",0,0,3,4
"LOC152225",1,0,2,0
"LOC152578",0,1,0,1
"LOC153684",13,7,24,18
"LOC153910",2,3,6,3
"LOC154449",0,0,0,3
"LOC154761",0,0,5,10
"LOC155060",229,300,227,256
"LOC157273",0,1,1,0
"LOC158434",0,0,0,0
"LOC158435",0,1,0,0
"LOC171391",115,124,81,107
"LOC1720",0,0,0,0
"LOC200726",0,0,0,3
"LOC200772",1,2,0,0
"LOC202181",131,127,104,94
"LOC220729",298,308,310,245
"LOC221122",1,4,2,1
"LOC221946",3,4,3,2
"LOC253573",3,5,14,4
"LOC254028",0,0,0,0
"LOC254896",68,50,72,80
"LOC255187",0,0,0,0
"LOC255654",0,1,0,2
"LOC256880",0,0,0,0
"LOC257396",68,72,25,27
"LOC283038",21,28,17,36
"LOC283045",0,0,0,0
"LOC283140",0,2,7,6
"LOC283177",0,0,0,0
"LOC283194",0,0,0,0
"LOC283214",0,0,0,0
"LOC283299",69,73,34,15
"LOC283332",0,1,0,0
"LOC283335",87,76,63,76
"LOC283352",0,0,0,0
"LOC283440",0,2,2,0
"LOC283575",0,2,1,3
"LOC283585",0,0,0,0
"LOC283683",3,3,4,4
"LOC283710",0,0,2,3
"LOC283731",0,0,0,0
"LOC283788",500,449,479,474
"LOC283856",0,0,0,0
"LOC283922",207,242,125,97
"LOC284009",4,6,2,5
"LOC284023",126,125,60,55
"LOC284080",7,2,6,6
"LOC284294",0,0,0,0
"LOC284344",815,780,648,1011
"LOC284379",0,1,0,0
"LOC284395",0,0,0,0
"LOC284412",16,22,12,13
"LOC284454",270,392,312,357
"LOC284578",0,1,0,0
"LOC284581",4,3,14,20
"LOC284632",8,3,3,1
"LOC284648",1,1,7,1
"LOC284661",0,0,0,0
"LOC284788",0,0,0,0
"LOC284798",0,0,0,0
"LOC284825",0,0,4,4
"LOC284865",187,222,335,323
"LOC284930",0,0,0,0
"LOC284933",0,3,1,3
"LOC284950",0,1,0,1
"LOC285000",0,0,0,0
"LOC285043",0,0,0,0
"LOC285074",852,815,717,753
"LOC285484",0,0,0,0
"LOC285593",1,1,1,2
"LOC285626",0,1,1,5
"LOC285627",0,0,1,1
"LOC285629",0,0,0,1
"LOC285692",0,0,0,0
"LOC285696",0,0,0,0
"LOC285740",0,2,1,3
"LOC285762",0,0,0,0
"LOC285766",0,0,0,0
"LOC285768",0,0,0,0
"LOC285804",0,0,0,0
"LOC285819",21,17,5,11
"LOC285847",6,7,7,7
"LOC285889",0,0,0,0
"LOC286059",9,7,12,9
"LOC286083",0,0,0,0
"LOC286114",0,0,1,0
"LOC286177",0,0,0,0
"LOC286238",0,0,0,0
"LOC286297",859,651,196,135
"LOC286359",0,0,0,0
"LOC286370",0,0,0,0
"LOC286437",8,11,13,3
"LOC338694",0,0,2,1
"LOC338797",0,0,0,0
"LOC338963",8,11,4,3
"LOC339059",1,0,0,2
"LOC339166",1,0,0,0
"LOC339260",0,0,0,1
"LOC339298",0,0,0,0
"LOC339529",0,4,0,0
"LOC339539",7,4,4,11
"LOC339568",0,0,0,0
"LOC339593",0,0,0,0
"LOC339622",0,0,0,0
"LOC339666",1,1,0,2
"LOC339803",0,1,0,0
"LOC339807",0,0,0,0
"LOC339862",0,2,1,0
"LOC339874",0,2,2,4
"LOC339975",0,0,0,0
"LOC340017",0,0,0,0
"LOC340074",1,0,1,1
"LOC340107",0,0,0,0
"LOC340113",0,0,0,0
"LOC340357",0,0,0,0
"LOC340512",0,1,0,0
"LOC341056",239,201,187,186
"LOC343052",0,0,0,0
"LOC344887",1,0,0,0
"LOC344967",320,287,326,337
"LOC349160",1,2,0,0
"LOC374443",41,52,42,40
"LOC375196",1,0,1,3
"LOC387810",0,0,0,0
"LOC388242",30,11,13,22
"LOC388282",1,0,1,0
"LOC388406",1,0,0,0
"LOC388436",6,8,10,2
"LOC388692",133,103,183,157
"LOC388780",6,6,10,9
"LOC388813",0,0,0,0
"LOC388849",10,22,20,18
"LOC388882",3,4,5,6
"LOC388942",0,0,1,1
"LOC389033",0,0,0,0
"LOC389199",3,1,6,6
"LOC389247",4,5,3,9
"LOC389332",0,1,0,0
"LOC389602",0,0,0,0
"LOC389641",0,2,0,1
"LOC389705",8,11,10,3
"LOC389765",53,52,30,38
"LOC389831",1031,1095,1196,1319
"LOC389834",397,444,335,253
"LOC389895",0,2,0,0
"LOC389906",871,879,571,619
"LOC390705",0,0,0,0
"LOC391003",18,13,1,1
"LOC391322",0,1,0,0
"LOC392196",0,0,0,0
"LOC392232",0,0,0,0
"LOC392364",0,0,0,0
"LOC392452",0,0,0,0
"LOC399715",1,1,3,3
"LOC399815",96,94,81,43
"LOC399886",0,1,0,0
"LOC400043",4,3,7,16
"LOC400541",18,22,6,9
"LOC400548",2,3,1,8
"LOC400553",0,0,0,0
"LOC400558",1,0,1,2
"LOC400612",3,4,4,0
"LOC400620",0,0,0,0
"LOC400655",0,0,0,0
"LOC400661",0,0,0,0
"LOC400684",27,28,24,16
"LOC400685",0,0,0,0
"LOC400706",34,27,24,30
"LOC400736",794,730,148,197
"LOC400794",1,0,0,0
"LOC400867",0,0,0,0
"LOC400927",33,28,39,40
"LOC400927-CSNK1E",3794,3636,2422,2521
"LOC400940",0,0,0,0
"LOC400958",0,1,2,0
"LOC400997",0,0,0,0
"LOC401010",608,595,267,237
"LOC401052",110,159,108,121
"LOC401127",92,66,51,33
"LOC401134",3,1,1,2
"LOC401177",0,0,0,0
"LOC401242",306,289,274,305
"LOC401286",0,0,0,0
"LOC401312",0,0,1,0
"LOC401320",62,87,60,51
"LOC401324",0,0,0,0
"LOC401357",11,6,15,8
"LOC401463",0,0,0,0
"LOC401557",0,0,0,0
"LOC401585",0,0,2,1
"LOC403312",1,0,1,1
"LOC403323",179,163,115,122
"LOC407835",1576,1446,1309,1309
"LOC414300",2,2,1,0
"LOC439933",0,0,0,0
"LOC439994",277,242,249,199
"LOC440028",857,729,1166,1089
"LOC440040",104,119,12,11
"LOC440117",0,0,0,0
"LOC440173",0,0,0,0
"LOC440300",397,417,499,539
"LOC440311",816,782,646,862
"LOC440390",0,0,2,5
"LOC440434",582,580,542,452
"LOC440446",1,1,1,2
"LOC440461",0,2,2,1
"LOC440600",9,7,15,17
"LOC440602",3,0,1,1
"LOC440700",1,2,1,0
"LOC440704",0,0,0,0
"LOC440895",19,29,21,11
"LOC440896",3,2,3,1
"LOC440910",1,1,0,0
"LOC440982",0,0,0,0
"LOC441025",0,0,0,0
"LOC441081",10,16,3,2
"LOC441155",597,618,543,536
"LOC441178",0,0,0,0
"LOC441204",20,10,23,23
"LOC441242",105,105,86,80
"LOC441454",44,42,16,37
"LOC441455",3,3,6,9
"LOC441601",2,0,1,0
"LOC441666",201,257,124,120
"LOC442028",0,2,0,0
"LOC442132",0,1,0,0
"LOC442497",0,0,0,0
"LOC494127",13,7,10,10
"LOC494141",7,8,7,7
"LOC51145",1,0,0,2
"LOC541472",0,0,3,0
"LOC541473",73,114,76,82
"LOC550113",6,2,0,0
"LOC553103",15,12,15,25
"LOC55338",1,0,0,0
"LOC554206",39,32,31,34
"LOC554223",1,0,0,0
"LOC554249",404,392,250,200
"LOC574538",0,1,1,0
"LOC606724",190,184,182,138
"LOC613037",1799,2527,1838,1968
"LOC613038",30,11,13,22
"LOC613266",1,0,0,0
"LOC63930",0,1,0,0
"LOC641367",9,11,31,23
"LOC641746",4,3,4,2
"LOC642236",249,270,225,270
"LOC642361",355,296,291,217
"LOC642366",25,16,18,24
"LOC642423",834,818,1085,1238
"LOC642426",18,14,11,18
"LOC642776",6,4,3,5
"LOC642846",884,1089,540,501
"LOC642852",906,907,925,816
"LOC642929",0,0,0,1
"LOC642943",0,0,0,0
"LOC643072",65,66,49,60
"LOC643201",6,9,27,9
"LOC643339",0,2,5,3
"LOC643355",0,0,1,0
"LOC643387",845,796,646,684
"LOC643406",0,0,0,0
"LOC643441",0,0,0,0
"LOC643542",0,1,0,0
"LOC643623",0,1,0,0
"LOC643711",0,0,0,0
"LOC643733",0,0,0,0
"LOC643770",3,0,3,2
"LOC643802",1,2,0,0
"LOC643923",1,1,0,1
"LOC644145",0,0,0,0
"LOC644172",75,59,69,94
"LOC644189",0,0,0,0
"LOC644285",20,17,17,22
"LOC644554",0,0,0,0
"LOC644656",47,52,54,60
"LOC644669",0,0,0,0
"LOC644762",219,196,186,163
"LOC644838",1,1,0,0
"LOC644919",0,0,0,0
"LOC644936",107,102,177,132
"LOC645166",594,520,981,870
"LOC645354",429,445,28,42
"LOC645382",64,60,6,2
"LOC645434",9,13,4,4
"LOC645513",101,127,57,73
"LOC645752",2,2,0,0
"LOC645949",0,3,0,0
"LOC646029",1,2,10,1
"LOC646214",647,592,358,237
"LOC646268",1,0,3,0
"LOC646471",105,105,119,116
"LOC646522",0,0,0,0
"LOC646626",18,27,46,52
"LOC646736",0,1,0,0
"LOC646743",0,0,0,0
"LOC646762",9,14,14,22
"LOC646813",0,0,0,0
"LOC646903",58,81,63,88
"LOC646938",1,0,2,0
"LOC647323",0,0,0,0
"LOC647859",24,22,110,100
"LOC648987",113,87,163,123
"LOC649133",0,0,0,0
"LOC649324",429,445,28,42
"LOC649352",0,0,0,0
"LOC650226",0,0,0,0
"LOC650293",0,0,0,0
"LOC652276",247,233,214,203
"LOC653160",74,94,69,60
"LOC653513",8,4,9,3
"LOC653602",0,0,0,0
"LOC653653",11,12,31,40
"LOC653712",26,37,23,20
"LOC653786",11,10,9,1
"LOC654342",1037,845,1527,1362
"LOC654841",14,22,19,18
"LOC727751",1125,1241,1435,1642
"LOC727896",277,306,126,152
"LOC727924",0,0,0,0
"LOC728024",117,98,104,173
"LOC728040",0,0,0,0
"LOC728084",19,20,8,6
"LOC728095",0,0,7,0
"LOC728175",0,1,0,1
"LOC728323",17,18,16,15
"LOC728392",1221,1068,1246,1389
"LOC728485",98,86,31,36
"LOC728554",2478,2176,1255,1387
"LOC728613",341,331,272,387
"LOC728673",401,339,270,245
"LOC728730",19,19,53,46
"LOC728739",31,21,15,16
"LOC728743",594,610,316,368
"LOC728752",56,62,26,33
"LOC728989",67,57,45,38
"LOC729080",212,209,134,70
"LOC729083",1,3,0,1
"LOC729159",0,0,0,0
"LOC729218",624,740,610,547
"LOC729296",0,0,0,0
"LOC729348",0,0,0,0
"LOC729506",0,0,0,0
"LOC729603",31,29,42,39
"LOC729609",0,0,0,0
"LOC729658",0,2,0,0
"LOC729683",32,25,23,25
"LOC729732",40,36,53,60
"LOC729737",1404,1629,1586,1517
"LOC729739",12,11,8,7
"LOC729867",54,48,115,150
"LOC729930",20,16,16,35
"LOC729950",188,171,65,60
"LOC729966",0,1,0,0
"LOC729970",82,67,49,96
"LOC729987",0,0,0,0
"LOC730101",311,328,829,692
"LOC730102",1,4,3,0
"LOC730159",0,1,0,0
"LOC730183",19,36,24,18
"LOC730202",62,64,37,27
"LOC730668",0,2,0,2
"LOC731157",1,2,2,1
"LOC731424",0,0,2,3
"LOC79160",7,9,6,3
"LOC79999",6,8,10,2
"LOC80078",1,1,10,24
"LOC81691",191,193,94,116
"LOC90246",105,96,322,460
"LOC90768",1,0,0,1
"LOC90784",1265,1242,619,825
"LOC91450",2,3,7,5
"LOC93622",1263,1305,584,648
"LOH12CR1",127,128,159,132
"LOH12CR2",5,6,7,6
"LONP1",6451,5814,4679,4715
"LONP2",943,881,1012,943
"LONRF1",209,188,191,169
"LONRF2",9,13,5,4
"LONRF3",1,4,2,4
"LOR",11,6,15,11
"LOX",11,18,10,10
"LOXHD1",1,2,0,1
"LOXL1",1266,1230,2184,2254
"LOXL1-AS1",531,551,548,618
"LOXL2",6588,5685,6375,5148
"LOXL3",627,592,661,789
"LOXL4",2,2,23,13
"LPA",0,0,0,0
"LPAL2",2,0,0,2
"LPAR1",1,1,1,0
"LPAR2",134,151,229,295
"LPAR3",0,0,1,1
"LPAR4",0,0,0,0
"LPAR5",1,1,7,7
"LPAR6",15,19,11,4
"LPCAT1",2902,3068,2854,3485
"LPCAT2",0,1,18,9
"LPCAT3",1658,1585,1483,1681
"LPCAT4",875,873,777,778
"LPGAT1",1358,1365,1396,1358
"LPIN1",1271,1209,906,943
"LPIN2",900,881,1686,1398
"LPIN3",1239,1564,773,827
"LPL",0,1,0,1
"LPO",0,0,0,0
"LPP",1534,1567,2526,2602
"LPP-AS1",0,0,0,0
"LPP-AS2",33,32,69,51
"LPPR1",1,2,2,2
"LPPR2",783,687,572,610
"LPPR3",1311,1165,544,611
"LPPR4",375,391,405,484
"LPPR5",315,308,90,122
"LPXN",90,100,80,73
"LRAT",7,9,0,1
"LRBA",1935,1930,1748,1720
"LRCH1",201,163,162,177
"LRCH2",13,11,61,45
"LRCH3",111,140,140,181
"LRCH4",1138,1213,1672,1781
"LRCOL1",38,31,27,25
"LRFN1",428,412,446,468
"LRFN2",0,0,0,0
"LRFN3",700,623,530,574
"LRFN4",1652,1520,1150,1232
"LRFN5",0,0,0,0
"LRG1",22,16,87,64
"LRGUK",10,19,12,20
"LRIF1",1693,1533,919,910
"LRIG1",157,146,231,261
"LRIG2",286,317,244,255
"LRIG3",3,2,42,48
"LRIT1",0,0,0,0
"LRIT2",0,0,0,0
"LRIT3",7,7,7,4
"LRMP",2,0,2,0
"LRP1",1767,1593,3480,2691
"LRP1-AS",3,0,3,1
"LRP10",3834,3099,3795,2712
"LRP11",1410,1376,995,800
"LRP12",245,231,378,251
"LRP1B",2,0,0,0
"LRP2",0,1,1,0
"LRP2BP",16,24,36,37
"LRP3",1409,1278,1120,1213
"LRP4",382,375,579,689
"LRP4-AS1",24,20,23,19
"LRP5",674,624,1219,1151
"LRP5L",135,199,156,132
"LRP6",973,974,1182,1034
"LRP8",545,547,503,401
"LRPAP1",2857,2600,4637,4479
"LRPPRC",11879,11072,5824,6023
"LRR1",661,606,477,536
"LRRC1",260,218,833,754
"LRRC10",0,0,0,0
"LRRC10B",66,74,11,18
"LRRC14",897,873,812,799
"LRRC14B",0,1,2,3
"LRRC15",21,17,77,102
"LRRC16A",4,8,7,7
"LRRC16B",34,30,12,11
"LRRC17",11,19,10,16
"LRRC18",0,0,0,0
"LRRC19",9,16,8,6
"LRRC2",1,2,0,0
"LRRC2-AS1",1,2,1,0
"LRRC20",6760,5897,2675,2341
"LRRC23",144,134,94,100
"LRRC24",355,389,385,412
"LRRC25",1,7,2,1
"LRRC26",24,28,12,6
"LRRC27",132,134,53,90
"LRRC28",309,235,191,194
"LRRC29",58,44,74,68
"LRRC3",98,111,72,65
"LRRC3-AS1",1,3,6,0
"LRRC30",0,0,0,0
"LRRC31",0,0,4,4
"LRRC32",15,13,207,169
"LRRC34",4,6,5,3
"LRRC36",9,10,5,3
"LRRC37A",660,670,691,743
"LRRC37A11P",34,44,4,3
"LRRC37A2",419,442,447,498
"LRRC37A3",308,315,381,438
"LRRC37A4P",1219,1349,1372,1430
"LRRC37A5P",0,0,0,0
"LRRC37A6P",16,15,9,8
"LRRC37A8P",1,4,7,8
"LRRC37B",151,148,178,229
"LRRC37BP1",379,376,464,621
"LRRC38",7,7,0,0
"LRRC39",86,91,62,55
"LRRC3B",0,0,0,0
"LRRC3C",0,0,0,1
"LRRC4",19,15,47,66
"LRRC40",691,669,537,489
"LRRC41",3964,3740,2707,3027
"LRRC42",2112,1929,1814,1924
"LRRC43",0,1,1,0
"LRRC45",113,157,169,183
"LRRC46",43,44,26,29
"LRRC47",4041,3747,2002,2351
"LRRC48",29,38,25,27
"LRRC49",148,119,146,140
"LRRC4B",658,583,1132,1280
"LRRC4C",0,0,0,0
"LRRC52",0,0,0,0
"LRRC55",0,0,1,0
"LRRC56",54,63,63,75
"LRRC57",449,393,372,399
"LRRC58",1640,1654,679,541
"LRRC59",6243,5803,4190,4865
"LRRC6",177,148,140,138
"LRRC61",161,167,178,178
"LRRC63",0,0,0,0
"LRRC66",17,27,41,18
"LRRC69",15,22,10,3
"LRRC7",0,0,0,0
"LRRC70",16,34,27,14
"LRRC71",23,25,25,23
"LRRC72",0,0,0,0
"LRRC73",92,77,42,38
"LRRC74A",0,0,0,0
"LRRC74B",26,14,8,2
"LRRC75A",451,357,330,259
"LRRC75A-AS1",10893,9268,8154,9029
"LRRC75B",186,192,231,269
"LRRC8A",1770,1666,1914,1905
"LRRC8B",615,588,358,250
"LRRC8C",224,188,903,668
"LRRC8D",1397,1299,1398,1310
"LRRC8E",9,10,13,7
"LRRC9",1,2,1,0
"LRRCC1",2,9,16,19
"LRRD1",5,5,2,6
"LRRFIP1",1363,1338,1594,1661
"LRRFIP2",3700,3388,1988,2307
"LRRIQ1",12,12,5,15
"LRRIQ3",30,17,12,14
"LRRIQ4",1,0,0,0
"LRRK1",12,8,3,4
"LRRK2",3,0,1,0
"LRRN1",2,2,4,5
"LRRN2",65,94,468,659
"LRRN3",115,134,49,71
"LRRN4",2,3,68,34
"LRRN4CL",8,17,7,16
"LRRTM1",0,1,5,7
"LRRTM2",0,2,1,3
"LRRTM3",0,0,0,0
"LRRTM4",1,0,0,0
"LRSAM1",741,720,599,696
"LRTM1",0,0,0,0
"LRTM2",0,2,18,8
"LRTOMT",784,694,883,1200
"LRWD1",999,948,593,522
"LSAMP",1321,1315,1628,1764
"LSAMP-AS1",31,33,1,5
"LSG1",2360,2443,1360,1434
"LSM1",1678,1513,1675,1811
"LSM10",1339,1074,874,1026
"LSM11",132,162,185,182
"LSM12",3259,3113,1863,1969
"LSM14A",3609,3436,2621,2663
"LSM14B",1563,1554,1202,1371
"LSM2",8124,7313,5948,6303
"LSM3",1443,1315,956,1201
"LSM4",6768,5722,4102,4037
"LSM5",2057,1925,1319,1456
"LSM6",455,497,357,463
"LSM7",3202,3084,1882,2501
"LSM8",852,843,663,815
"LSMEM1",23,19,32,43
"LSMEM2",612,582,273,308
"LSP1",10,14,16,28
"LSP1P3",15,12,13,18
"LSR",1971,1733,2108,2380
"LSS",2024,2118,2371,2797
"LST1",8,9,9,6
"LTA",13,19,12,14
"LTA4H",3880,3691,3070,4318
"LTB",82,54,137,188
"LTB4R",334,452,303,319
"LTB4R2",87,98,93,55
"LTBP1",214,207,4115,4080
"LTBP2",4644,4590,2785,2318
"LTBP3",2169,2164,2308,2318
"LTBP4",3364,3541,2327,2344
"LTBR",119,108,39,41
"LTC4S",21,31,20,19
"LTF",13,7,2,0
"LTK",11,9,8,16
"LTN1",1780,1684,2745,2178
"LTV1",1903,1864,744,940
"LUC7L",1989,2086,1193,1638
"LUC7L2",3585,3394,2360,2558
"LUC7L3",3312,3872,2866,3288
"LUCAT1",0,3,0,1
"LUM",0,1,0,1
"LUNAR1",2,8,4,4
"LURAP1",221,203,232,233
"LURAP1L",0,0,1,3
"LURAP1L-AS1",0,0,0,0
"LUZP1",1229,1266,1771,2082
"LUZP2",0,1,0,1
"LUZP4",2,1,0,1
"LUZP6",4810,4473,4401,2770
"LVCAT1",0,0,0,0
"LVCAT5",0,1,0,0
"LVCAT8",12,9,103,139
"LVRN",0,1,1,3
"LXN",20,20,5,6
"LY6D",0,0,1,3
"LY6E",2010,1702,2576,2360
"LY6G5B",799,910,850,768
"LY6G5C",15508,14198,12462,15141
"LY6G6C",216,205,250,253
"LY6G6D",53,52,45,36
"LY6G6E",49,44,33,55
"LY6G6F",159,171,234,148
"LY6H",7,8,7,5
"LY6K",196,153,70,77
"LY75",4,5,1,2
"LY75-CD302",30,34,35,25
"LY86",0,0,0,0
"LY86-AS1",0,0,0,0
"LY9",0,0,0,1
"LY96",0,0,22,8
"LYAR",2998,2751,1029,1339
"LYG1",28,42,29,22
"LYG2",4,1,3,1
"LYL1",7,2,0,1
"LYN",505,420,616,580
"LYNX1",0,0,0,0
"LYPD1",2,1,2,1
"LYPD2",0,0,0,1
"LYPD3",79,86,45,55
"LYPD4",1,0,0,0
"LYPD5",0,0,3,0
"LYPD6",126,116,841,819
"LYPD6B",131,122,1083,1089
"LYPD8",0,0,0,0
"LYPLA1",2198,1944,1060,360
"LYPLA2",2589,2367,1669,1739
"LYPLA2P2",333,324,201,239
"LYPLAL1",230,199,268,243
"LYPLAL1-AS1",1,0,0,0
"LYRM1",895,759,443,469
"LYRM2",1467,1278,1234,1344
"LYRM4",1368,1196,1050,1251
"LYRM5",230,181,178,96
"LYRM7",505,512,229,146
"LYRM9",195,139,142,173
"LYSMD1",214,220,161,163
"LYSMD2",25,17,12,22
"LYSMD3",251,263,245,141
"LYSMD4",189,211,338,328
"LYST",137,146,198,142
"LYVE1",0,0,16,7
"LYZ",1,2,1,4
"LYZL1",4,2,1,1
"LYZL2",0,0,1,0
"LYZL4",0,0,0,0
"LYZL6",1,0,0,0
"LZIC",592,484,358,375
"LZTFL1",901,874,784,940
"LZTR1",1434,1616,1499,1769
"LZTS1",0,0,58,37
"LZTS1-AS1",0,0,0,0
"LZTS2",4278,4141,3865,4351
"LZTS3",286,329,673,832
"M1AP",1,3,6,4
"M6PR",5380,4933,4347,4641
"MAATS1",0,0,0,0
"MAB21L1",6,5,4,4
"MAB21L2",1,0,0,2
"MAB21L3",0,0,0,0
"MACC1",0,0,1,0
"MACC1-AS1",0,0,0,0
"MACF1",3801,3672,4419,4705
"MACROD1",382,345,247,361
"MACROD2",1,0,0,0
"MACROD2-AS1",0,0,0,0
"MACROD2-IT1",0,0,0,0
"MAD1L1",1769,1810,1464,1624
"MAD2L1",1771,1636,766,616
"MAD2L1BP",2047,1763,1138,1212
"MAD2L2",2021,1911,1568,1645
"MADCAM1",7,9,4,3
"MADD",808,820,700,839
"MAEA",4316,4251,2718,2947
"MAEL",0,2,4,0
"MAF",0,0,4,2
"MAF1",1812,1693,1249,1410
"MAFA",63,61,30,56
"MAFA-AS1",3,9,2,1
"MAFB",131,137,49,52
"MAFF",596,511,354,432
"MAFG",1842,1796,1022,980
"MAFG-AS1",249,230,82,71
"MAFIP",291,283,232,171
"MAFK",467,506,473,450
"MAFTRR",0,0,0,0
"MAG",0,0,1,1
"MAGEA1",0,0,0,0
"MAGEA10",0,0,0,0
"MAGEA10-MAGEA5",0,0,0,0
"MAGEA11",1,2,0,0
"MAGEA12",0,0,0,0
"MAGEA2",2,4,2,0
"MAGEA2B",2,4,2,0
"MAGEA3",0,1,0,1
"MAGEA4",0,0,0,0
"MAGEA5",0,0,0,0
"MAGEA6",0,2,0,0
"MAGEA8",1,1,0,0
"MAGEA8-AS1",0,0,1,0
"MAGEA9",5,2,2,1
"MAGEA9B",5,2,2,1
"MAGEB1",0,0,0,0
"MAGEB10",0,0,0,0
"MAGEB16",0,0,0,0
"MAGEB17",0,0,8,2
"MAGEB18",0,0,0,0
"MAGEB2",1,1,0,1
"MAGEB3",0,0,0,0
"MAGEB4",0,0,0,0
"MAGEB5",0,0,0,0
"MAGEB6",0,0,0,0
"MAGEC1",0,0,0,0
"MAGEC2",0,0,0,0
"MAGEC3",0,0,0,0
"MAGED1",4025,3663,4338,4743
"MAGED2",2563,2168,3398,4237
"MAGED4",872,907,1600,2040
"MAGED4B",872,907,1600,2040
"MAGEE1",181,175,138,130
"MAGEE2",0,0,0,0
"MAGEF1",2861,2696,2111,2429
"MAGEH1",386,325,311,347
"MAGEL2",0,0,0,0
"MAGI1",240,278,609,508
"MAGI1-AS1",0,0,0,1
"MAGI2",23,17,72,32
"MAGI2-AS2",0,0,0,0
"MAGI2-AS3",1,0,0,0
"MAGI3",45,54,179,170
"MAGIX",41,43,26,22
"MAGOH",2459,2354,1181,1739
"MAGOH2P",281,258,139,187
"MAGOHB",777,777,433,520
"MAGT1",1100,927,1421,1156
"MAK",52,48,34,48
"MAK16",1837,1703,721,868
"MAL",0,1,11,10
"MAL2",0,2,4,1
"MALAT1",8880,13501,17654,20948
"MALL",4,3,3,2
"MALRD1",2,3,4,1
"MALSU1",863,846,625,752
"MALT1",179,155,368,315
"MAMDC2",8,6,4,4
"MAMDC2-AS1",0,3,6,9
"MAMDC4",198,300,220,204
"MAML1",2006,2020,1332,1632
"MAML2",18,23,53,51
"MAML3",4,1,4,3
"MAMLD1",1,3,1,0
"MAMSTR",176,161,63,67
"MAN1A1",4,3,4,2
"MAN1A2",323,293,747,631
"MAN1B1",1515,1378,1317,1436
"MAN1B1-AS1",151,92,90,100
"MAN1C1",179,172,322,334
"MAN2A1",412,434,1120,574
"MAN2A2",865,1037,1315,1362
"MAN2B1",1748,1576,2495,2362
"MAN2B2",434,450,678,857
"MAN2C1",1602,2092,1795,1704
"MANBA",746,639,1282,1556
"MANBAL",1471,1177,1311,1438
"MANEA",122,107,77,52
"MANEA-AS1",1,3,1,0
"MANEAL",1020,924,661,706
"MANF",1709,1595,1103,1492
"MANSC1",103,97,262,303
"MANSC4",0,0,1,1
"MAOA",4,7,58,28
"MAOB",0,0,0,0
"MAP10",0,0,0,0
"MAP1A",1484,1483,2350,2070
"MAP1B",898,799,2756,2137
"MAP1LC3A",1,1,12,11
"MAP1LC3B",4013,3525,3082,3363
"MAP1LC3B2",1008,873,909,712
"MAP1LC3C",0,0,61,64
"MAP1S",2060,2033,1620,1596
"MAP2",32,35,6,5
"MAP2K1",1319,1256,1041,986
"MAP2K2",7787,6862,6045,5641
"MAP2K3",835,853,1159,1241
"MAP2K4",1109,1027,982,1098
"MAP2K4P1",69,55,47,35
"MAP2K5",339,273,291,293
"MAP2K6",246,197,59,50
"MAP2K7",1206,1199,883,987
"MAP3K1",95,92,232,149
"MAP3K10",491,533,595,587
"MAP3K11",1644,1616,1372,1463
"MAP3K12",1216,1209,1048,1229
"MAP3K13",31,30,19,30
"MAP3K14",3668,3428,1461,1459
"MAP3K14-AS1",106,100,60,54
"MAP3K15",426,420,303,324
"MAP3K19",2,4,1,2
"MAP3K2",735,735,915,817
"MAP3K3",412,459,662,673
"MAP3K4",500,482,464,526
"MAP3K5",1,1,15,15
"MAP3K6",478,540,420,404
"MAP3K7",1926,1784,1486,1489
"MAP3K7CL",38,26,44,39
"MAP3K8",33,23,93,151
"MAP3K9",381,441,479,451
"MAP4",6408,6014,8393,9146
"MAP4K1",9,20,51,36
"MAP4K2",382,421,407,414
"MAP4K3",563,561,714,504
"MAP4K4",3531,3353,4130,4294
"MAP4K5",1021,1128,1157,823
"MAP6",40,41,142,212
"MAP6D1",212,187,233,265
"MAP7",3,2,9,18
"MAP7D1",5769,5114,3693,3864
"MAP7D2",0,1,16,37
"MAP7D3",967,928,1011,1127
"MAP9",7308,7784,1620,1720
"MAPK1",3123,2988,3148,2954
"MAPK10",0,3,8,2
"MAPK11",1309,1356,948,833
"MAPK12",2742,2819,3174,3055
"MAPK13",50,51,57,23
"MAPK14",1085,1171,1327,1223
"MAPK15",38,49,26,17
"MAPK1IP1L",3277,3248,2366,2379
"MAPK3",1377,1195,1252,1307
"MAPK4",0,0,6,5
"MAPK6",2219,2248,1766,1577
"MAPK7",440,394,484,483
"MAPK8",650,622,702,760
"MAPK8IP1",607,574,623,663
"MAPK8IP2",1934,1754,1123,1171
"MAPK8IP3",1405,1966,2085,1604
"MAPK9",1561,1490,1159,1107
"MAPKAP1",3078,2822,2557,2455
"MAPKAPK2",1696,1525,1978,2093
"MAPKAPK3",2405,2141,1912,2057
"MAPKAPK5",837,737,612,738
"MAPKAPK5-AS1",883,798,554,669
"MAPKBP1",630,689,812,867
"MAPRE1",5728,5209,3907,4029
"MAPRE2",1143,1044,788,857
"MAPRE3",283,231,496,429
"MAPT",19,20,48,41
"MAPT-AS1",0,0,0,1
"MAPT-IT1",1,5,0,3
"MARC1",3,6,7,4
"MARC2",0,0,0,0
"MARCH1",50,68,36,22
"MARCH10",3,0,10,8
"MARCH11",0,0,0,0
"MARCH2",360,322,854,655
"MARCH3",29,28,120,83
"MARCH4",19,18,45,12
"MARCH5",1298,1161,1055,905
"MARCH6",1344,1468,1477,1195
"MARCH7",2167,2205,1697,1356
"MARCH8",432,456,564,566
"MARCH9",432,417,530,596
"MARCKS",0,0,0,0
"MARCKSL1",5170,4987,4620,5218
"MARCO",0,0,1,1
"MARK1",232,260,234,224
"MARK2",1301,1277,906,875
"MARK2P9",1,4,1,3
"MARK3",2840,2734,2168,2552
"MARK4",1860,1674,1438,1642
"MARS",3077,2647,2521,2282
"MARS2",548,479,265,226
"MARVELD1",2974,2796,2516,2734
"MARVELD2",2,0,2,5
"MARVELD3",7,14,82,97
"MAS1",0,1,1,0
"MAS1L",0,0,0,1
"MASP1",2,7,7,9
"MASP2",37,47,49,62
"MAST1",273,322,223,239
"MAST2",1552,1531,1677,1912
"MAST3",559,555,462,431
"MAST4",11,10,18,13
"MASTL",628,596,462,548
"MAT1A",31,16,13,18
"MAT2A",6506,7420,4913,5365
"MAT2B",1271,1154,827,572
"MATK",951,945,380,424
"MATN1",37,30,24,17
"MATN1-AS1",30,36,31,21
"MATN2",17,30,1256,1748
"MATN3",0,1,1,0
"MATN4",0,2,7,2
"MATR3",9894,9603,6402,5407
"MAU2",1035,1173,889,976
"MAVS",2182,2168,1961,3039
"MAX",1538,1397,1101,1011
"MAZ",6399,5699,4722,6373
"MB",0,0,16,5
"MB21D1",0,3,2,2
"MB21D2",6,5,17,17
"MBD1",1766,1837,1305,1295
"MBD2",1222,1189,1536,1732
"MBD3",4182,3939,3184,3287
"MBD3L1",0,0,0,0
"MBD3L2",3729,3984,702,640
"MBD3L3",3467,3777,679,639
"MBD3L4",3560,3920,701,693
"MBD3L5",3162,3410,611,550
"MBD4",929,941,721,763
"MBD5",241,238,232,218
"MBD6",460,444,517,542
"MBIP",461,450,385,434
"MBL1P",0,0,0,2
"MBL2",20,15,18,18
"MBLAC1",96,94,78,53
"MBLAC2",103,122,58,49
"MBNL1",641,652,703,577
"MBNL1-AS1",6,7,33,35
"MBNL2",59,57,385,226
"MBNL3",53,65,31,41
"MBOAT1",23,34,100,108
"MBOAT2",1114,1123,1146,1015
"MBOAT4",2,3,2,1
"MBOAT7",3020,2761,3384,3115
"MBP",6,2,18,14
"MBTD1",558,618,373,334
"MBTPS1",1597,1562,1819,1975
"MBTPS2",542,440,389,278
"MC1R",876,987,428,366
"MC2R",0,0,0,0
"MC3R",1,0,0,0
"MC4R",0,0,0,0
"MC5R",2,4,1,0
"MCAM",2984,2679,3023,3457
"MCAT",1023,945,583,653
"MCC",22,32,64,41
"MCCC1",1008,925,766,972
"MCCC2",2736,2633,3072,3693
"MCCD1",45,60,46,52
"MCEE",123,82,104,104
"MCEMP1",0,0,0,0
"MCF2",0,0,0,0
"MCF2L",41,27,82,80
"MCF2L-AS1",12,9,14,16
"MCF2L2",41,25,55,39
"MCFD2",4046,3450,3456,3364
"MCHR1",132,108,21,13
"MCHR2",0,0,0,0
"MCHR2-AS1",0,0,0,0
"MCIDAS",123,156,35,33
"MCL1",9544,8947,6400,6481
"MCM10",1114,1135,399,416
"MCM2",4391,4139,2374,2532
"MCM3",7884,7508,4313,5267
"MCM3AP",3738,3714,2611,2950
"MCM3AP-AS1",627,696,528,631
"MCM4",4650,4888,2865,3086
"MCM5",2318,2220,1021,1163
"MCM6",3703,3684,2893,3151
"MCM7",10536,10398,5083,5670
"MCM8",447,498,284,288
"MCM8-AS1",13,16,18,20
"MCM9",278,270,136,158
"MCMBP",2738,2794,1750,1922
"MCMDC2",605,670,548,529
"MCOLN1",313,304,199,198
"MCOLN2",17,19,19,16
"MCOLN3",25,21,76,65
"MCPH1",1285,1195,993,1086
"MCPH1-AS1",243,195,150,144
"MCRS1",1896,1756,1851,2155
"MCTP1",20,20,14,8
"MCTP2",0,0,0,0
"MCTS1",964,841,713,776
"MCTS2P",218,155,159,171
"MCU",521,425,660,728
"MCUR1",905,836,590,684
"MDC1",1526,1560,1540,1837
"MDFI",3,2,1,0
"MDFIC",1,0,5,0
"MDGA1",396,440,1469,1068
"MDGA2",0,0,0,0
"MDH1",6126,5368,4461,5087
"MDH1B",134,152,97,122
"MDH2",6517,5435,3580,3457
"MDK",5495,4617,4993,5780
"MDM1",189,183,188,241
"MDM2",11540,11319,8011,6144
"MDM4",1030,1296,906,1099
"MDN1",2925,3165,1824,1864
"MDP1",184,149,185,200
"MDS2",4,6,4,2
"ME1",1,1,0,1
"ME2",1917,1824,1668,1474
"ME3",454,506,1478,1605
"MEA1",2195,1963,1739,2046
"MEAF6",1104,965,733,847
"MEAT6",0,0,0,0
"MECOM",9,8,7,3
"MECP2",917,898,882,890
"MECR",977,835,721,747
"MED1",2782,2708,1406,1657
"MED10",1171,1057,669,718
"MED11",401,365,301,326
"MED12",469,496,583,571
"MED12L",9,4,28,36
"MED13",1268,1298,1132,882
"MED13L",1425,1340,1571,981
"MED14",831,812,818,676
"MED14OS",5,1,11,3
"MED15",1508,1612,1494,1441
"MED15P9",134,152,157,82
"MED16",1616,1590,1810,1803
"MED17",777,733,515,614
"MED18",364,295,270,404
"MED19",671,569,400,484
"MED20",611,536,293,353
"MED21",619,583,613,502
"MED22",1395,1394,1338,1553
"MED23",599,606,501,380
"MED24",3015,3047,2577,2943
"MED25",1459,1399,1012,979
"MED26",498,473,410,377
"MED27",1027,883,775,802
"MED28",2876,2595,2022,2394
"MED29",1727,1564,1339,1434
"MED30",135,134,120,113
"MED31",389,379,239,233
"MED4",1929,2042,1439,1602
"MED4-AS1",515,530,336,405
"MED6",1949,1775,1090,1360
"MED7",499,471,362,417
"MED8",1421,1155,1081,1209
"MED9",720,726,431,495
"MEDAG",0,0,0,0
"MEF2A",688,690,973,854
"MEF2B",331,321,199,192
"MEF2BNB",896,835,597,586
"MEF2BNB-MEF2B",619,602,404,393
"MEF2C",1,8,8,9
"MEF2C-AS1",0,1,0,0
"MEF2D",1041,1019,818,821
"MEFV",0,2,2,0
"MEG3",8,13,29,25
"MEG8",0,0,0,0
"MEG9",0,0,2,1
"MEGF10",2,2,23,5
"MEGF11",82,97,115,90
"MEGF6",549,677,937,860
"MEGF8",1470,1428,2678,2891
"MEGF9",118,118,238,269
"MEI1",2,1,3,4
"MEI4",2,1,1,0
"MEIG1",7,6,6,7
"MEIKIN",0,0,0,1
"MEIOB",1802,1772,607,772
"MEIS1",0,2,0,0
"MEIS1-AS2",0,0,0,0
"MEIS1-AS3",0,0,0,0
"MEIS2",2410,2368,3085,3128
"MEIS3",944,852,1274,1338
"MEIS3P1",114,111,176,145
"MELK",1198,1160,884,1020
"MEMO1",1231,1144,1212,1091
"MEN1",2378,2486,2008,2093
"MEOX1",299,276,226,295
"MEOX2",0,0,0,0
"MEOX2-AS1",0,0,0,0
"MEP1A",0,0,1,0
"MEP1B",1,1,0,0
"MEPCE",2016,1921,1053,1153
"MEPE",3,5,3,3
"MERTK",430,454,413,448
"MESDC1",1809,1617,985,883
"MESDC2",1864,1741,1504,1765
"MESP1",1,8,5,0
"MESP2",0,1,2,0
"MEST",124,126,1187,789
"MESTIT1",0,0,1,1
"MET",0,1,4,12
"METAP1",1484,1422,967,980
"METAP1D",71,55,37,39
"METAP2",4109,3918,2853,2858
"METRN",4249,3995,2018,1995
"METRNL",446,411,731,870
"METTL1",617,622,334,394
"METTL10",576,553,379,515
"METTL11B",1,1,1,3
"METTL12",177,167,90,94
"METTL13",2448,2332,1047,1325
"METTL14",493,483,468,561
"METTL15",672,642,588,543
"METTL16",1664,1620,887,1301
"METTL17",1205,1257,1078,1240
"METTL18",207,198,127,149
"METTL20",35,32,27,22
"METTL21A",573,446,451,413
"METTL21B",192,210,153,181
"METTL21C",0,0,1,0
"METTL21EP",3,4,2,2
"METTL22",393,377,262,326
"METTL23",389,371,345,399
"METTL24",8,13,12,16
"METTL25",80,78,77,72
"METTL2A",701,575,467,566
"METTL2B",737,616,509,605
"METTL3",1856,2064,1437,1603
"METTL4",179,176,179,151
"METTL5",2508,2346,1377,1685
"METTL6",616,529,458,509
"METTL7A",18,13,376,207
"METTL7B",2,0,9,6
"METTL8",1252,1191,718,845
"METTL9",1901,1698,1571,1722
"MEX3A",1113,1089,896,1329
"MEX3B",0,5,0,3
"MEX3C",1059,943,1017,905
"MEX3D",1571,1481,1014,1009
"MFAP1",1919,1750,1369,1860
"MFAP2",1152,1105,1081,1485
"MFAP3",692,667,794,786
"MFAP3L",68,49,70,64
"MFAP4",23,16,38,37
"MFAP5",3,4,36,24
"MFF",1595,1489,1442,1419
"MFGE8",4202,3931,16993,18517
"MFHAS1",1128,1151,762,702
"MFI2",918,872,728,779
"MFI2-AS1",141,193,96,90
"MFN1",521,541,454,381
"MFN2",4079,4140,2423,2472
"MFNG",9,16,2,3
"MFRP",40,31,85,192
"MFSD1",351,393,445,467
"MFSD10",1443,1621,2022,1697
"MFSD11",1774,1686,1294,1172
"MFSD12",3333,3199,2098,1960
"MFSD2A",294,277,180,190
"MFSD2B",3,1,4,2
"MFSD3",748,744,874,954
"MFSD4",19,18,18,15
"MFSD5",848,780,630,628
"MFSD6",17,15,99,94
"MFSD6L",0,0,0,0
"MFSD7",52,50,31,27
"MFSD8",465,490,439,466
"MFSD9",172,103,178,118
"MGA",791,863,603,682
"MGAM",0,0,1,0
"MGAM2",0,0,0,0
"MGARP",10,4,9,5
"MGAT1",2905,2629,3620,3750
"MGAT2",1319,1019,1156,897
"MGAT3",634,610,574,628
"MGAT3-AS1",0,0,0,1
"MGAT4A",104,88,218,139
"MGAT4B",4368,4405,4955,5121
"MGAT4C",0,0,2,0
"MGAT4D",0,0,0,0
"MGAT4EP",1,1,1,3
"MGAT5",68,82,97,71
"MGAT5B",242,205,133,126
"MGC12916",5,4,36,37
"MGC15885",0,0,0,0
"MGC16025",2,1,2,1
"MGC16142",14,16,15,17
"MGC16275",34,34,27,41
"MGC27345",326,355,181,297
"MGC27382",0,0,0,0
"MGC2889",0,0,0,1
"MGC32805",0,0,0,0
"MGC34796",0,1,0,0
"MGC39584",1,0,0,0
"MGC45922",7,6,3,9
"MGC57346",290,241,291,291
"MGC57346-CRHR1",71,69,61,77
"MGC70870",27,30,18,11
"MGC72080",390,358,303,257
"MGEA5",3678,3906,3740,3753
"MGLL",1,0,17,8
"MGME1",1538,1502,894,1019
"MGMT",866,759,700,751
"MGP",0,0,1,0
"MGRN1",1670,1627,1589,1441
"MGST1",0,0,0,0
"MGST2",0,0,0,0
"MGST3",192,171,515,496
"MHRT",0,0,1,0
"MIA",9,7,3,5
"MIA-RAB4B",199,170,178,131
"MIA2",0,0,0,0
"MIA3",767,788,739,781
"MIAT",29,30,25,20
"MIATNB",10,6,10,20
"MIB1",1901,1861,1830,1269
"MIB2",1163,1269,1122,1067
"MICA",751,706,821,799
"MICAL1",690,889,2955,3944
"MICAL2",672,623,936,967
"MICAL3",1100,1228,1305,1443
"MICALCL",2,5,13,5
"MICALL1",2585,2255,2636,2405
"MICALL2",509,529,702,643
"MICB",649,618,566,592
"MICU1",1556,1407,1397,1598
"MICU2",1291,1172,1182,1258
"MICU3",392,472,380,170
"MID1",11,8,44,64
"MID1IP1",3,0,1,0
"MID1IP1-AS1",0,0,0,0
"MID2",8,6,21,17
"MIDN",2604,2439,1795,1918
"MIEF1",2692,2596,1440,1365
"MIEF2",413,394,678,675
"MIEN1",918,776,826,918
"MIER1",769,844,738,540
"MIER2",1038,1061,819,917
"MIER3",698,726,794,440
"MIF",1,0,1,1
"MIF-AS1",1,0,1,1
"MIF4GD",337,284,361,409
"MIIP",878,854,512,543
"MILR1",0,0,5,1
"MIMT1",7,1,3,2
"MINA",787,784,379,429
"MINK1",1254,1360,1434,1213
"MINOS1",1693,1493,1153,1093
"MINOS1-NBL1",947,754,1117,1330
"MINOS1P1",3,3,4,5
"MINPP1",533,452,566,562
"MIOS",2240,2282,1296,1528
"MIOX",9,6,2,0
"MIP",3,7,5,5
"MIPEP",931,861,430,563
"MIPEPP3",36,37,18,18
"MIPOL1",174,188,132,114
"MIR1-1",0,0,0,0
"MIR1-1HG",0,0,1,0
"MIR1-2",0,0,0,0
"MIR100",0,0,0,0
"MIR100HG",0,0,0,0
"MIR101-1",0,0,0,0
"MIR101-2",0,0,0,0
"MIR103A1",0,0,0,0
"MIR103A2",3,0,1,0
"MIR103B1",0,0,0,0
"MIR103B2",3,0,1,0
"MIR105-1",0,0,0,0
"MIR105-2",0,0,0,0
"MIR106A",1,2,0,0
"MIR106B",2,2,0,0
"MIR107",0,0,0,0
"MIR10A",0,0,0,0
"MIR10B",0,0,0,0
"MIR1178",0,0,0,0
"MIR1179",0,0,0,0
"MIR1180",0,0,0,1
"MIR1181",12,11,8,6
"MIR1182",0,1,1,0
"MIR1183",0,0,0,0
"MIR1184-1",86,92,40,38
"MIR1184-2",86,92,40,38
"MIR1184-3",86,92,40,38
"MIR1185-1",0,0,0,0
"MIR1185-2",0,0,0,0
"MIR1193",0,0,0,0
"MIR1197",0,0,0,0
"MIR1199",2,2,1,1
"MIR1200",0,0,0,0
"MIR1202",0,0,0,0
"MIR1203",0,0,0,0
"MIR1204",16,5,15,11
"MIR1205",0,0,0,0
"MIR1206",0,0,0,0
"MIR1207",0,0,0,0
"MIR1208",0,0,0,0
"MIR122",0,0,0,0
"MIR1224",0,0,0,0
"MIR1225",0,0,0,0
"MIR1226",141,115,86,93
"MIR1227",1,3,0,4
"MIR1228",5,6,11,5
"MIR1229",31,38,36,31
"MIR1231",2,3,6,5
"MIR1233-1",14,12,10,10
"MIR1233-2",14,12,10,10
"MIR1234",0,0,0,0
"MIR1236",8,7,4,2
"MIR1237",27,40,25,34
"MIR1238",49,52,41,47
"MIR124-1",0,0,0,0
"MIR124-2",0,0,0,0
"MIR124-2HG",0,0,0,0
"MIR124-3",0,0,0,0
"MIR1243",0,0,0,0
"MIR1244-1",4080,3885,1786,2191
"MIR1244-2",4080,3885,1786,2191
"MIR1244-3",4080,3885,1786,2191
"MIR1244-4",4080,3885,1786,2191
"MIR1245A",0,0,0,0
"MIR1245B",0,0,0,0
"MIR1246",0,0,0,0
"MIR1247",0,0,0,0
"MIR1248",134,106,78,155
"MIR1249",0,0,0,0
"MIR1250",0,0,0,0
"MIR1251",0,0,0,0
"MIR1252",0,0,0,0
"MIR1253",0,0,0,0
"MIR1254-1",2,1,0,4
"MIR1254-2",0,0,0,0
"MIR1255A",0,0,0,0
"MIR1255B1",0,0,0,0
"MIR1255B2",0,0,0,0
"MIR1256",0,0,0,0
"MIR1257",0,0,0,0
"MIR1258",0,0,0,0
"MIR125A",0,0,0,0
"MIR125B1",0,0,0,0
"MIR125B2",0,0,0,0
"MIR126",0,0,0,0
"MIR1260A",0,0,0,0
"MIR1260B",0,0,0,0
"MIR1261",0,0,0,0
"MIR1262",0,0,0,0
"MIR1263",0,0,0,0
"MIR1264",0,0,0,0
"MIR1265",0,0,0,0
"MIR1266",0,0,0,0
"MIR1267",0,0,0,0
"MIR1268A",0,0,0,0
"MIR1269A",0,0,0,0
"MIR1269B",0,0,0,0
"MIR127",0,0,0,0
"MIR1270",0,0,0,0
"MIR1271",0,0,0,0
"MIR1272",0,0,0,0
"MIR1273A",0,0,0,0
"MIR1273C",0,0,0,1
"MIR1273E",0,0,0,0
"MIR1273F",0,0,0,0
"MIR1273G",0,0,0,0
"MIR1273H",0,0,0,0
"MIR1275",0,0,0,0
"MIR1276",0,0,0,0
"MIR1277",0,0,0,0
"MIR1278",0,0,0,0
"MIR1279",1,3,0,0
"MIR128-1",0,0,0,0
"MIR128-2",0,0,0,0
"MIR1281",1,0,0,0
"MIR1282",65,62,64,69
"MIR1283-1",0,0,0,0
"MIR1283-2",0,0,0,0
"MIR1284",0,0,0,0
"MIR1286",0,0,0,0
"MIR1287",0,0,0,0
"MIR1288",0,0,0,0
"MIR1289-1",0,0,0,1
"MIR1289-2",0,0,0,0
"MIR129-1",0,0,0,0
"MIR129-2",0,0,0,0
"MIR1290",0,0,0,0
"MIR1291",0,1,0,1
"MIR1292",2,2,1,1
"MIR1293",0,0,0,0
"MIR1294",0,0,0,0
"MIR1295A",0,0,0,0
"MIR1295B",0,0,0,0
"MIR1296",0,0,0,0
"MIR1297",0,0,0,0
"MIR1298",0,0,0,0
"MIR1299",0,0,0,0
"MIR1301",0,0,0,0
"MIR1302-1",0,0,0,0
"MIR1302-10",0,1,2,1
"MIR1302-11",0,1,2,1
"MIR1302-2",0,1,2,1
"MIR1302-3",0,1,1,0
"MIR1302-4",0,0,0,0
"MIR1302-5",0,0,0,0
"MIR1302-6",0,0,0,0
"MIR1302-7",0,0,0,0
"MIR1302-8",0,0,0,0
"MIR1302-9",0,1,2,1
"MIR1303",0,0,0,0
"MIR1304",6,9,3,2
"MIR1305",0,0,0,0
"MIR1306",17,9,16,13
"MIR1307",81,72,37,28
"MIR130A",0,0,0,0
"MIR130B",0,0,0,0
"MIR132",0,1,0,0
"MIR1321",0,0,0,0
"MIR1322",0,0,0,0
"MIR1323",0,0,0,0
"MIR1324",0,0,0,0
"MIR133A1",0,0,0,0
"MIR133A1HG",0,1,2,2
"MIR133A2",0,0,0,0
"MIR133B",0,0,0,0
"MIR134",0,0,0,0
"MIR1343",0,0,0,0
"MIR135A1",1,1,0,0
"MIR135A2",0,0,0,0
"MIR135B",0,0,0,0
"MIR136",0,0,0,0
"MIR137",0,0,0,0
"MIR137HG",0,0,0,0
"MIR138-1",0,0,0,0
"MIR138-2",0,0,0,0
"MIR139",0,0,0,0
"MIR140",0,0,0,0
"MIR141",0,0,0,0
"MIR142",0,0,0,0
"MIR143",0,0,0,0
"MIR143HG",0,0,5,3
"MIR144",0,0,0,0
"MIR145",0,0,0,0
"MIR1468",0,0,0,0
"MIR1469",0,0,0,0
"MIR146A",0,0,0,0
"MIR146B",0,0,0,0
"MIR1470",0,0,0,0
"MIR1471",0,0,0,0
"MIR147A",0,0,0,0
"MIR147B",0,0,0,6
"MIR148A",0,0,0,0
"MIR148B",0,0,0,0
"MIR149",1,4,2,1
"MIR150",0,1,0,0
"MIR151B",0,0,0,0
"MIR152",0,0,0,0
"MIR153-1",0,0,0,0
"MIR153-2",0,0,0,0
"MIR1537",0,0,0,0
"MIR1538",2,1,3,0
"MIR1539",0,0,0,0
"MIR154",0,0,0,0
"MIR155",0,0,0,0
"MIR155HG",0,0,0,0
"MIR15A",0,0,0,0
"MIR15B",0,0,0,0
"MIR16-1",0,0,0,0
"MIR16-2",0,0,0,0
"MIR17",0,0,0,0
"MIR17HG",111,151,43,21
"MIR181A1",0,0,0,0
"MIR181A1HG",0,0,0,0
"MIR181A2",0,0,0,0
"MIR181A2HG",51,54,20,12
"MIR181B1",0,0,0,0
"MIR181B2",0,0,0,0
"MIR181C",0,0,0,0
"MIR181D",0,1,1,0
"MIR182",0,0,0,0
"MIR1825",21,18,20,22
"MIR1827",0,0,0,0
"MIR183",0,0,0,0
"MIR184",0,0,0,0
"MIR185",0,0,0,0
"MIR186",1,3,0,0
"MIR187",0,0,0,0
"MIR188",0,0,0,0
"MIR18A",0,0,0,0
"MIR18B",1,3,0,0
"MIR1908",0,0,0,0
"MIR1909",38,41,21,21
"MIR190A",0,0,0,0
"MIR190B",0,0,0,0
"MIR191",0,0,0,0
"MIR1910",0,0,0,0
"MIR1911",0,0,0,0
"MIR1912",0,0,0,0
"MIR1913",0,0,0,0
"MIR1914",4,6,11,7
"MIR1915",5,1,4,2
"MIR192",0,0,0,0
"MIR193A",5,6,1,0
"MIR193B",0,0,0,0
"MIR194-1",0,0,0,0
"MIR194-2",0,0,0,0
"MIR195",0,0,0,0
"MIR196A1",0,0,0,0
"MIR196A2",1,1,0,0
"MIR196B",5,5,5,3
"MIR197",1,0,0,0
"MIR1972-1",0,0,0,0
"MIR1972-2",0,0,0,0
"MIR1973",0,0,0,0
"MIR1976",0,0,0,0
"MIR198",3,5,61,28
"MIR199A1",0,0,0,0
"MIR199A2",3,10,5,9
"MIR199B",0,0,0,1
"MIR19A",0,0,0,0
"MIR19B1",0,0,0,0
"MIR19B2",0,1,0,0
"MIR200A",0,0,0,0
"MIR200B",0,0,0,0
"MIR200C",0,0,0,0
"MIR202",0,0,0,0
"MIR202HG",3,0,1,0
"MIR203A",0,0,0,0
"MIR203B",0,0,0,0
"MIR204",0,0,0,0
"MIR205",0,0,0,0
"MIR2052",0,0,0,0
"MIR2052HG",0,0,0,0
"MIR2053",0,0,0,0
"MIR2054",0,0,0,0
"MIR205HG",0,0,1,0
"MIR206",0,0,0,0
"MIR208A",0,0,0,0
"MIR208B",0,0,0,0
"MIR20A",0,0,0,0
"MIR20B",0,2,1,0
"MIR21",1,1,0,2
"MIR210",0,0,0,1
"MIR210HG",32,67,128,108
"MIR211",0,0,0,0
"MIR2110",0,1,0,0
"MIR2113",0,0,0,0
"MIR2114",0,0,0,0
"MIR2115",0,0,0,0
"MIR2116",1,0,0,0
"MIR2117",0,0,0,0
"MIR212",1,0,2,2
"MIR214",68,87,67,44
"MIR215",0,0,0,0
"MIR216A",0,0,0,0
"MIR216B",0,0,0,0
"MIR217",0,0,0,0
"MIR217HG",0,0,0,0
"MIR218-1",0,0,0,0
"MIR218-2",0,0,0,0
"MIR219A1",2,3,2,3
"MIR219A2",0,2,0,1
"MIR219B",0,2,0,1
"MIR22",5,4,5,3
"MIR221",0,0,1,1
"MIR222",0,0,0,0
"MIR223",0,0,0,0
"MIR224",0,0,0,0
"MIR2276",0,0,0,0
"MIR2277",4,1,0,2
"MIR2278",0,0,0,0
"MIR22HG",297,363,447,491
"MIR2355",0,0,0,0
"MIR2392",0,0,0,0
"MIR23A",0,0,0,0
"MIR23B",0,0,0,0
"MIR23C",0,0,0,0
"MIR24-1",0,0,1,1
"MIR24-2",0,1,0,0
"MIR2467",0,0,0,0
"MIR25",12,14,5,14
"MIR2681",0,0,0,0
"MIR2682",0,0,0,0
"MIR26A1",0,0,0,0
"MIR26A2",1,0,0,0
"MIR26B",0,0,0,2
"MIR27A",0,0,0,0
"MIR27B",0,0,0,0
"MIR28",0,0,0,0
"MIR2861",2,4,5,1
"MIR2909",0,0,0,0
"MIR296",0,0,0,0
"MIR298",0,0,0,0
"MIR299",0,0,0,0
"MIR29A",0,0,0,0
"MIR29B1",0,0,0,0
"MIR29B2",0,0,0,1
"MIR29C",0,0,0,0
"MIR300",0,0,0,0
"MIR301A",0,0,0,0
"MIR301B",0,0,0,0
"MIR302A",0,0,0,0
"MIR302B",0,0,0,0
"MIR302C",0,0,0,0
"MIR302D",0,1,0,0
"MIR302E",0,0,0,0
"MIR302F",0,0,0,0
"MIR3064",31,36,51,20
"MIR3065",0,0,1,0
"MIR3074",0,0,1,2
"MIR30A",0,0,0,0
"MIR30B",0,0,0,0
"MIR30C1",0,0,0,0
"MIR30C2",0,0,0,0
"MIR30D",0,0,0,0
"MIR30E",0,0,0,0
"MIR31",0,0,0,0
"MIR3115",0,0,0,0
"MIR3116-1",0,0,0,0
"MIR3116-2",0,0,0,0
"MIR3117",0,0,0,0
"MIR3118-1",0,0,0,0
"MIR3118-2",0,0,0,0
"MIR3118-3",0,0,0,0
"MIR3118-4",0,0,0,0
"MIR3119-1",0,0,0,0
"MIR3119-2",0,0,0,0
"MIR3120",25,42,30,16
"MIR3121",0,0,0,0
"MIR3122",0,0,0,0
"MIR3123",0,0,0,0
"MIR3124",0,0,0,0
"MIR3125",0,0,0,0
"MIR3126",0,0,0,0
"MIR3127",0,0,0,0
"MIR3128",0,0,0,0
"MIR3129",0,0,0,0
"MIR3130-1",0,0,0,0
"MIR3130-2",0,0,0,0
"MIR3131",0,0,0,0
"MIR3132",1,0,0,0
"MIR3133",0,0,0,0
"MIR3134",0,0,0,0
"MIR3135A",0,0,0,0
"MIR3135B",1,0,1,0
"MIR3136",0,0,0,0
"MIR3137",0,0,0,0
"MIR3138",0,1,0,0
"MIR3139",0,0,1,0
"MIR3140",0,0,0,0
"MIR3141",0,0,0,0
"MIR3142",0,0,0,0
"MIR3143",0,0,0,0
"MIR3144",0,0,0,0
"MIR3145",0,0,0,0
"MIR3146",0,0,0,0
"MIR3147",0,0,0,0
"MIR3148",0,0,0,0
"MIR3149",0,0,0,0
"MIR3150A",0,0,0,0
"MIR3150B",0,0,0,0
"MIR3151",0,0,0,0
"MIR3152",0,0,0,0
"MIR3153",0,0,0,2
"MIR3154",0,0,0,0
"MIR3155A",0,0,0,0
"MIR3155B",0,0,0,0
"MIR3156-1",0,0,0,0
"MIR3156-2",0,0,0,0
"MIR3156-3",0,0,0,0
"MIR3157",0,0,0,0
"MIR3158-1",0,0,0,0
"MIR3158-2",0,0,0,0
"MIR3160-1",0,0,0,0
"MIR3160-2",0,0,0,0
"MIR3161",0,0,0,0
"MIR3162",0,0,0,0
"MIR3163",0,0,0,0
"MIR3164",0,0,1,0
"MIR3165",0,0,0,0
"MIR3166",0,0,0,0
"MIR3167",0,0,0,0
"MIR3168",1,0,0,0
"MIR3169",0,0,0,0
"MIR3170",0,0,0,0
"MIR3171",0,0,0,0
"MIR3173",1,0,1,0
"MIR3174",0,0,0,0
"MIR3175",0,0,0,0
"MIR3176",0,0,0,0
"MIR3177",0,0,0,0
"MIR3178",0,0,0,0
"MIR3179-1",6,10,10,16
"MIR3179-2",6,10,10,16
"MIR3179-3",6,10,10,16
"MIR3179-4",6,10,10,16
"MIR3180-1",0,0,0,0
"MIR3180-2",0,0,0,0
"MIR3180-3",0,0,0,0
"MIR3180-4",0,0,0,0
"MIR3180-5",0,0,0,0
"MIR3181",0,0,0,0
"MIR3182",0,0,0,0
"MIR3183",0,0,0,0
"MIR3184",1,1,0,2
"MIR3185",12,5,11,13
"MIR3186",0,0,0,0
"MIR3187",56,51,23,19
"MIR3188",0,0,0,0
"MIR3189",2,4,7,3
"MIR3190",0,5,7,7
"MIR3191",0,5,7,6
"MIR3192",1,0,1,1
"MIR3193",0,0,0,0
"MIR3194",0,0,0,0
"MIR3195",0,0,0,0
"MIR3196",1,0,0,0
"MIR3197",0,0,0,0
"MIR3198-1",0,0,0,0
"MIR3198-2",54,70,67,64
"MIR3199-1",0,0,0,0
"MIR3199-2",0,0,0,0
"MIR31HG",0,0,0,0
"MIR32",0,0,0,0
"MIR3200",0,0,0,0
"MIR3201",0,0,0,0
"MIR3202-1",0,1,0,0
"MIR3202-2",0,1,0,0
"MIR320A",0,0,0,0
"MIR320B1",0,0,0,0
"MIR320B2",2,1,0,0
"MIR320C1",1,0,0,1
"MIR320C2",0,0,0,0
"MIR320D1",0,0,0,0
"MIR320D2",0,0,0,0
"MIR320E",0,0,0,0
"MIR323A",0,0,0,0
"MIR323B",0,0,0,0
"MIR324",63,63,59,57
"MIR325",0,0,0,0
"MIR325HG",0,0,0,0
"MIR326",0,0,0,0
"MIR328",1,2,1,4
"MIR329-1",0,0,0,0
"MIR329-2",0,0,0,0
"MIR330",0,0,0,0
"MIR331",0,0,0,0
"MIR335",0,0,0,0
"MIR337",0,0,0,0
"MIR338",0,0,0,0
"MIR339",0,0,0,0
"MIR33A",0,0,0,0
"MIR33B",3,0,1,0
"MIR340",0,0,0,0
"MIR342",0,0,0,0
"MIR345",0,0,0,0
"MIR346",0,0,0,0
"MIR34A",1,0,0,0
"MIR34B",0,0,1,0
"MIR34C",1,0,1,2
"MIR3529",0,0,1,0
"MIR3591",0,0,0,0
"MIR3605",0,1,3,0
"MIR3606",0,0,1,0
"MIR3607",5,2,1,3
"MIR3609",0,0,0,0
"MIR361",0,0,0,0
"MIR3610",0,1,0,0
"MIR3611",0,0,0,0
"MIR3612",0,0,0,0
"MIR3613",0,1,0,0
"MIR3614",13,12,16,7
"MIR3615",0,0,0,0
"MIR3616",0,0,0,0
"MIR3617",0,0,0,0
"MIR3618",6,9,5,1
"MIR3619",0,0,0,0
"MIR362",0,0,0,0
"MIR3620",249,188,187,234
"MIR3621",0,0,0,0
"MIR3622A",0,0,0,0
"MIR3622B",0,0,0,0
"MIR363",5,4,0,0
"MIR3646",0,0,0,0
"MIR3648-1",26,45,29,56
"MIR3648-2",26,45,29,56
"MIR3649",0,0,0,0
"MIR3650",0,0,0,0
"MIR3651",0,0,0,2
"MIR3652",63,60,41,60
"MIR3653",0,0,0,0
"MIR3654",3272,2908,2665,3380
"MIR3655",3,1,0,0
"MIR3656",63,76,57,96
"MIR3657",0,0,0,0
"MIR3658",60,57,33,13
"MIR3659",0,0,0,0
"MIR365A",0,0,0,0
"MIR365B",0,0,0,0
"MIR3660",0,0,0,0
"MIR3661",127,136,107,108
"MIR3662",0,0,1,1
"MIR3663",0,0,0,0
"MIR3663HG",0,0,0,0
"MIR3664",0,0,0,0
"MIR3665",1,0,0,0
"MIR3666",0,0,0,0
"MIR3667",0,0,0,0
"MIR3668",0,0,0,0
"MIR367",14,7,7,4
"MIR3670-1",0,0,0,0
"MIR3670-2",0,0,0,0
"MIR3670-3",0,0,0,0
"MIR3670-4",0,0,0,0
"MIR3671",0,3,0,0
"MIR3672",0,0,0,0
"MIR3674",0,0,0,0
"MIR3675",0,0,0,0
"MIR3677",0,1,0,0
"MIR3678",0,0,0,0
"MIR3679",0,0,0,0
"MIR3680-1",0,0,0,2
"MIR3680-2",0,0,0,2
"MIR3681",0,0,0,0
"MIR3682",1,5,2,0
"MIR3683",0,0,0,0
"MIR3684",0,0,0,0
"MIR3685",0,1,0,0
"MIR3686",0,0,0,0
"MIR3687-1",59,85,56,50
"MIR3687-2",59,85,56,50
"MIR3688-1",0,0,0,0
"MIR3688-2",0,0,0,0
"MIR3689A",0,0,0,0
"MIR3689B",0,0,0,0
"MIR3689C",0,0,0,0
"MIR3689D1",0,0,0,0
"MIR3689D2",0,0,0,0
"MIR3689E",0,0,0,0
"MIR3689F",0,0,0,0
"MIR369",0,0,0,0
"MIR3690",0,0,2,0
"MIR3691",0,0,0,0
"MIR3692",0,0,0,0
"MIR370",0,0,0,0
"MIR3713",0,0,0,0
"MIR3714",0,0,0,0
"MIR371A",0,0,0,0
"MIR371B",0,0,0,0
"MIR372",0,0,0,0
"MIR373",2,0,0,0
"MIR374A",0,0,0,0
"MIR374B",0,0,1,0
"MIR374C",0,0,1,0
"MIR375",0,0,0,0
"MIR376A1",0,0,0,0
"MIR376A2",0,0,0,0
"MIR376B",0,0,0,0
"MIR376C",0,0,0,0
"MIR377",0,0,0,0
"MIR378A",0,0,0,0
"MIR378B",0,0,0,0
"MIR378C",0,0,0,0
"MIR378D1",0,0,0,0
"MIR378D2",0,0,0,0
"MIR378E",0,0,0,0
"MIR378F",0,0,0,0
"MIR378G",0,0,0,0
"MIR378H",0,0,0,0
"MIR378I",0,0,1,0
"MIR378J",1,1,2,4
"MIR379",0,0,0,0
"MIR380",0,0,0,0
"MIR381",0,0,0,0
"MIR381HG",0,0,0,0
"MIR382",0,0,0,0
"MIR383",0,0,0,0
"MIR384",0,0,0,0
"MIR3907",0,0,0,0
"MIR3908",0,0,0,0
"MIR3909",0,0,1,0
"MIR3910-1",0,0,0,0
"MIR3910-2",0,0,0,0
"MIR3911",0,2,1,2
"MIR3912",0,0,0,1
"MIR3913-1",0,0,0,0
"MIR3913-2",0,0,0,0
"MIR3914-1",0,0,0,0
"MIR3914-2",0,0,0,0
"MIR3915",0,0,0,0
"MIR3916",3,2,5,2
"MIR3917",0,0,0,0
"MIR3918",2,1,3,1
"MIR3919",0,0,0,0
"MIR3920",0,0,0,0
"MIR3921",0,0,0,0
"MIR3922",0,0,0,0
"MIR3923",0,0,0,0
"MIR3924",0,0,0,0
"MIR3925",0,0,0,0
"MIR3926-1",0,0,0,0
"MIR3926-2",0,0,0,0
"MIR3927",0,0,0,0
"MIR3928",0,0,0,0
"MIR3929",0,0,0,0
"MIR3934",2,2,2,9
"MIR3935",0,0,0,0
"MIR3936",0,1,2,1
"MIR3937",0,0,0,0
"MIR3938",0,0,0,0
"MIR3939",0,0,0,0
"MIR3940",277,340,158,236
"MIR3941",0,0,0,0
"MIR3942",2,2,1,0
"MIR3943",0,0,0,0
"MIR3944",0,0,0,0
"MIR3945",0,0,0,0
"MIR3960",5,3,4,1
"MIR3972",0,0,0,0
"MIR3973",0,0,0,0
"MIR3974",0,0,0,0
"MIR3975",0,0,0,0
"MIR3976",0,0,0,0
"MIR3976HG",0,0,0,0
"MIR3977",0,1,0,0
"MIR3978",0,0,0,0
"MIR409",0,0,0,0
"MIR410",0,0,0,0
"MIR411",0,0,0,0
"MIR412",0,0,0,0
"MIR421",0,2,0,0
"MIR422A",0,0,0,0
"MIR423",1,1,0,2
"MIR424",0,0,0,0
"MIR425",0,0,1,0
"MIR4251",0,0,0,0
"MIR4252",0,0,0,0
"MIR4253",1,1,5,0
"MIR4254",0,0,0,0
"MIR4255",0,0,0,0
"MIR4256",0,0,0,0
"MIR4257",1,1,4,5
"MIR4258",3,1,0,0
"MIR4259",0,0,0,0
"MIR4260",0,0,2,1
"MIR4261",0,0,0,0
"MIR4262",0,0,0,0
"MIR4263",0,2,2,1
"MIR4264",0,0,0,0
"MIR4265",0,0,0,0
"MIR4266",0,0,0,0
"MIR4267",0,0,0,0
"MIR4268",0,0,0,0
"MIR4269",0,0,0,0
"MIR4270",0,0,0,0
"MIR4271",2,3,2,7
"MIR4272",0,0,0,0
"MIR4273",0,0,1,1
"MIR4274",0,0,0,0
"MIR4275",0,0,0,0
"MIR4276",0,0,0,0
"MIR4277",0,0,0,0
"MIR4278",0,0,0,0
"MIR4279",0,0,0,0
"MIR4280",0,0,0,0
"MIR4281",0,0,0,0
"MIR4282",0,0,0,0
"MIR4283-1",0,0,0,0
"MIR4283-2",0,0,0,0
"MIR4284",0,0,0,0
"MIR4285",0,0,0,0
"MIR4286",0,0,0,0
"MIR4287",0,0,0,0
"MIR4288",0,0,0,0
"MIR4289",0,0,0,0
"MIR429",0,0,0,0
"MIR4290",0,0,0,0
"MIR4291",0,0,0,0
"MIR4292",2,7,4,2
"MIR4293",0,0,0,0
"MIR4294",0,0,0,0
"MIR4295",0,0,0,0
"MIR4296",0,0,0,0
"MIR4297",0,0,0,0
"MIR4298",0,0,0,0
"MIR4299",0,0,0,0
"MIR4300",0,0,0,0
"MIR4301",0,0,0,0
"MIR4302",0,0,0,0
"MIR4303",0,0,0,0
"MIR4304",0,0,0,0
"MIR4305",0,0,0,0
"MIR4306",0,0,0,0
"MIR4307",0,0,0,0
"MIR4308",0,0,0,0
"MIR4309",0,0,0,0
"MIR431",0,0,0,0
"MIR4310",0,0,0,0
"MIR4311",0,3,0,0
"MIR4312",0,0,0,1
"MIR4313",0,0,0,0
"MIR4314",0,0,0,0
"MIR4315-1",9,13,5,2
"MIR4315-2",9,13,5,2
"MIR4316",0,0,0,0
"MIR4317",0,0,0,0
"MIR4318",0,0,0,0
"MIR4319",0,0,0,0
"MIR432",0,0,0,0
"MIR4320",0,0,0,0
"MIR4321",11,12,10,13
"MIR4322",0,0,0,0
"MIR4323",0,0,0,0
"MIR4324",0,1,0,0
"MIR4325",0,0,0,0
"MIR4326",0,0,0,0
"MIR4327",0,0,0,0
"MIR4328",0,0,0,0
"MIR4329",0,0,0,0
"MIR433",0,0,0,0
"MIR4330",0,0,0,0
"MIR4417",0,0,0,0
"MIR4418",0,0,0,0
"MIR4419A",0,0,0,1
"MIR4419B",0,0,0,0
"MIR4420",0,0,0,0
"MIR4421",0,0,0,0
"MIR4422",0,0,0,0
"MIR4423",0,0,0,0
"MIR4424",0,0,0,0
"MIR4425",0,0,0,0
"MIR4426",2975,2577,2500,4432
"MIR4427",0,0,0,0
"MIR4428",0,0,0,0
"MIR4429",0,0,0,0
"MIR4430",0,0,1,0
"MIR4431",0,0,0,0
"MIR4432",0,0,0,0
"MIR4433A",0,0,0,0
"MIR4433B",0,0,0,0
"MIR4434",0,0,0,0
"MIR4435-1",0,0,0,0
"MIR4435-2",0,0,0,0
"MIR4435-2HG",888,751,968,929
"MIR4436A",0,0,0,0
"MIR4436B1",0,0,0,0
"MIR4436B2",0,0,0,0
"MIR4437",0,0,0,0
"MIR4438",0,0,0,0
"MIR4439",0,0,0,0
"MIR4440",0,0,0,0
"MIR4441",0,0,0,0
"MIR4442",0,0,0,0
"MIR4443",0,0,0,0
"MIR4444-1",8,4,2,4
"MIR4444-2",8,4,2,4
"MIR4445",0,0,0,0
"MIR4446",0,0,0,0
"MIR4447",0,0,0,0
"MIR4449",3,1,0,0
"MIR4450",0,0,0,1
"MIR4451",0,0,0,0
"MIR4452",0,0,0,0
"MIR4453",1,1,0,0
"MIR4454",0,0,0,0
"MIR4455",0,0,0,0
"MIR4456",0,0,0,0
"MIR4457",0,0,0,0
"MIR4458",1,3,0,0
"MIR4458HG",254,284,206,272
"MIR4459",0,0,0,0
"MIR4460",0,0,0,0
"MIR4461",1,2,1,5
"MIR4462",0,0,0,0
"MIR4463",0,0,0,0
"MIR4464",0,0,0,0
"MIR4465",0,0,0,0
"MIR4466",0,0,0,0
"MIR4467",1,0,0,0
"MIR4468",0,0,0,0
"MIR4469",0,0,0,0
"MIR4470",0,0,0,0
"MIR4471",0,0,0,0
"MIR4472-1",0,0,0,0
"MIR4472-2",0,0,0,0
"MIR4473",0,0,0,0
"MIR4474",0,0,0,0
"MIR4475",0,0,0,0
"MIR4476",0,0,0,0
"MIR4477A",0,1,1,0
"MIR4477B",0,1,1,0
"MIR4478",0,0,0,0
"MIR4479",0,0,0,0
"MIR448",0,0,0,0
"MIR4480",0,0,0,0
"MIR4481",0,0,0,0
"MIR4482",0,1,0,3
"MIR4483",0,0,0,0
"MIR4484",0,0,0,0
"MIR4485",4,9,9,11
"MIR4486",0,0,0,0
"MIR4487",0,0,0,0
"MIR4488",0,0,0,0
"MIR4489",0,0,0,1
"MIR4490",0,0,0,0
"MIR4491",0,0,0,1
"MIR4492",0,0,0,0
"MIR4493",0,0,0,0
"MIR4494",2,0,0,0
"MIR4495",0,0,0,0
"MIR4496",0,0,0,0
"MIR4497",0,0,0,0
"MIR4498",0,0,0,0
"MIR4499",0,0,0,0
"MIR449A",0,0,0,0
"MIR449B",0,0,0,0
"MIR449C",0,0,0,0
"MIR4500",0,0,0,0
"MIR4500HG",0,0,0,0
"MIR4501",0,0,0,0
"MIR4502",0,1,0,0
"MIR4503",0,0,0,0
"MIR4504",0,0,0,0
"MIR4505",0,0,0,0
"MIR4506",0,0,0,0
"MIR4507",0,0,0,0
"MIR4508",0,0,0,0
"MIR4509-1",0,0,0,0
"MIR4509-2",0,0,0,0
"MIR4509-3",0,0,0,0
"MIR450A1",0,0,0,0
"MIR450A2",0,0,0,0
"MIR450B",0,0,0,0
"MIR4510",0,0,0,0
"MIR4511",0,0,0,0
"MIR4512",0,0,0,0
"MIR4513",0,0,0,0
"MIR4514",0,0,0,0
"MIR4515",0,0,0,0
"MIR4516",1,0,0,0
"MIR4517",1,5,5,2
"MIR4518",0,0,0,0
"MIR4519",0,0,0,1
"MIR451A",0,0,0,0
"MIR451B",0,0,0,0
"MIR452",0,0,0,0
"MIR4520-1",0,0,0,0
"MIR4520-2",0,0,0,0
"MIR4521",0,0,0,1
"MIR4522",0,0,0,0
"MIR4523",2,0,0,0
"MIR4524A",0,0,0,0
"MIR4524B",0,0,0,0
"MIR4525",0,0,0,0
"MIR4526",0,0,0,0
"MIR4527",0,0,0,0
"MIR4528",0,0,0,0
"MIR4529",0,0,0,0
"MIR4530",0,0,0,0
"MIR4531",0,0,0,0
"MIR4532",0,0,0,0
"MIR4533",0,0,0,0
"MIR4534",1,0,0,0
"MIR4535",0,0,0,0
"MIR4536-1",0,0,0,0
"MIR4536-2",0,0,0,0
"MIR4537",0,0,0,0
"MIR4538",0,0,0,0
"MIR4539",0,0,0,0
"MIR454",0,0,0,0
"MIR4540",0,0,0,0
"MIR455",0,0,0,0
"MIR4632",0,0,0,0
"MIR4633",0,0,0,0
"MIR4634",2,0,0,1
"MIR4635",0,0,0,0
"MIR4636",0,0,0,0
"MIR4637",0,0,0,0
"MIR4638",0,0,0,0
"MIR4639",0,0,0,0
"MIR4640",1,1,0,1
"MIR4641",0,0,0,0
"MIR4642",0,0,1,0
"MIR4643",0,0,0,0
"MIR4644",0,0,0,0
"MIR4645",0,0,0,0
"MIR4646",3,5,6,5
"MIR4647",30,30,42,20
"MIR4648",0,0,0,0
"MIR4649",0,1,0,0
"MIR4650-1",0,0,0,0
"MIR4650-2",0,0,0,0
"MIR4651",2,1,0,0
"MIR4652",0,0,0,0
"MIR4653",2,2,3,1
"MIR4654",0,0,0,0
"MIR4655",0,0,0,0
"MIR4656",0,0,0,1
"MIR4657",2,2,1,0
"MIR4658",13,34,22,25
"MIR4659A",0,0,0,0
"MIR4659B",0,0,0,0
"MIR466",0,0,0,0
"MIR4660",0,0,0,0
"MIR4661",0,0,0,0
"MIR4662A",0,0,0,0
"MIR4662B",0,0,0,0
"MIR4663",0,0,0,0
"MIR4664",2,1,8,4
"MIR4665",0,0,0,0
"MIR4666A",0,0,1,1
"MIR4666B",0,0,0,0
"MIR4667",0,0,0,0
"MIR4668",0,1,0,0
"MIR4669",0,0,0,0
"MIR4670",0,0,0,0
"MIR4671",0,0,0,0
"MIR4672",0,0,0,0
"MIR4673",0,0,0,0
"MIR4674",0,0,0,0
"MIR4675",0,0,0,0
"MIR4676",0,0,0,0
"MIR4677",1,0,0,0
"MIR4678",0,0,1,0
"MIR4679-1",0,0,0,0
"MIR4679-2",0,0,0,0
"MIR4680",14,20,13,19
"MIR4681",0,0,0,0
"MIR4682",0,0,0,0
"MIR4683",0,0,0,0
"MIR4684",0,0,0,0
"MIR4685",0,1,0,1
"MIR4686",0,0,0,0
"MIR4687",8,9,6,7
"MIR4688",30,25,32,38
"MIR4689",0,0,0,0
"MIR4690",41,25,42,43
"MIR4691",1,2,0,0
"MIR4692",0,0,0,0
"MIR4693",0,0,0,0
"MIR4694",0,0,0,0
"MIR4695",0,0,0,0
"MIR4696",0,0,0,0
"MIR4697",2,8,10,2
"MIR4697HG",243,249,299,300
"MIR4698",0,0,0,0
"MIR4699",0,0,0,0
"MIR4700",18,25,32,33
"MIR4701",0,0,2,0
"MIR4703",0,0,0,0
"MIR4704",0,0,0,0
"MIR4705",0,0,0,0
"MIR4706",0,0,0,0
"MIR4707",10,13,7,16
"MIR4708",0,0,0,0
"MIR4709",486,306,627,619
"MIR4710",0,0,1,0
"MIR4711",0,0,0,0
"MIR4712",5,6,2,5
"MIR4713",0,0,0,0
"MIR4714",0,0,0,0
"MIR4715",0,0,0,0
"MIR4716",0,0,0,0
"MIR4717",0,0,0,0
"MIR4718",0,0,0,0
"MIR4719",0,0,0,0
"MIR4720",0,1,0,1
"MIR4721",211,197,130,138
"MIR4722",3,0,2,0
"MIR4723",0,1,0,0
"MIR4724",0,2,5,4
"MIR4725",0,0,0,0
"MIR4726",0,0,0,0
"MIR4727",0,0,0,0
"MIR4728",1,3,0,3
"MIR4729",0,0,0,0
"MIR4730",0,0,0,0
"MIR4731",0,0,0,0
"MIR4732",0,0,0,0
"MIR4733",0,0,0,0
"MIR4734",0,1,1,0
"MIR4735",0,0,0,0
"MIR4736",0,0,0,0
"MIR4737",4,3,8,6
"MIR4738",1,0,0,1
"MIR4739",0,0,0,0
"MIR4740",0,0,0,0
"MIR4741",1,0,0,0
"MIR4742",0,0,0,0
"MIR4743",0,0,0,0
"MIR4744",0,0,0,0
"MIR4745",104,75,58,37
"MIR4746",11,2,6,6
"MIR4747",0,0,0,0
"MIR4748",0,0,0,0
"MIR4749",42,49,45,60
"MIR4750",2,5,0,0
"MIR4751",192,165,128,81
"MIR4752",0,0,0,0
"MIR4753",0,0,0,0
"MIR4754",1,0,0,1
"MIR4755",0,0,0,0
"MIR4756",0,0,0,0
"MIR4757",0,0,0,0
"MIR4758",0,0,1,2
"MIR4759",0,0,0,0
"MIR4760",0,0,0,0
"MIR4761",109,81,77,110
"MIR4762",0,0,0,0
"MIR4763",0,0,1,0
"MIR4764",0,0,0,0
"MIR4765",0,0,0,0
"MIR4766",1,0,0,0
"MIR4767",0,0,0,0
"MIR4768",0,0,0,0
"MIR4769",0,0,0,0
"MIR4770",0,0,0,0
"MIR4771-1",0,1,0,0
"MIR4771-2",0,1,0,0
"MIR4772",0,0,0,0
"MIR4773-1",0,0,0,0
"MIR4773-2",0,0,0,0
"MIR4774",0,0,0,0
"MIR4775",16,10,26,21
"MIR4776-1",0,0,0,0
"MIR4776-2",0,0,0,0
"MIR4777",0,1,0,0
"MIR4778",0,0,0,0
"MIR4779",0,0,0,0
"MIR4780",0,0,0,0
"MIR4781",0,0,0,0
"MIR4782",0,0,0,0
"MIR4783",0,0,0,0
"MIR4784",0,1,0,0
"MIR4785",0,0,0,0
"MIR4786",0,0,0,0
"MIR4787",2,1,3,1
"MIR4788",0,0,0,0
"MIR4789",0,0,0,0
"MIR4790",0,0,0,0
"MIR4791",0,0,0,0
"MIR4792",0,0,0,0
"MIR4793",5,5,4,4
"MIR4794",0,0,0,0
"MIR4795",0,0,0,0
"MIR4796",0,0,0,0
"MIR4797",0,0,0,0
"MIR4798",0,0,0,0
"MIR4799",0,0,0,0
"MIR4800",3,5,14,19
"MIR4801",0,0,0,0
"MIR4802",0,0,0,0
"MIR4803",0,0,0,0
"MIR4804",0,0,0,0
"MIR483",0,0,0,0
"MIR484",1,0,0,0
"MIR485",0,0,0,0
"MIR486-1",0,0,0,0
"MIR486-2",0,0,0,0
"MIR487A",0,0,0,0
"MIR487B",0,0,0,0
"MIR488",0,0,0,0
"MIR489",0,0,0,0
"MIR490",0,0,0,0
"MIR491",0,0,0,0
"MIR492",0,0,0,0
"MIR493",0,0,0,0
"MIR494",0,0,0,0
"MIR495",0,0,0,0
"MIR496",0,0,0,0
"MIR497",0,0,0,0
"MIR497HG",278,231,215,280
"MIR498",0,0,0,0
"MIR4999",0,1,0,0
"MIR499A",0,0,0,0
"MIR499B",0,0,0,0
"MIR5000",0,0,0,0
"MIR5001",2,0,1,0
"MIR5002",0,0,0,0
"MIR5003",0,0,0,0
"MIR5004",1,1,0,2
"MIR5006",1,1,0,0
"MIR5007",0,0,0,0
"MIR5008",0,0,0,0
"MIR5009",0,0,0,0
"MIR500A",0,0,0,0
"MIR500B",0,0,0,0
"MIR501",0,0,0,0
"MIR5010",6,11,7,5
"MIR5011",0,0,0,0
"MIR502",0,0,0,0
"MIR503",1,0,0,1
"MIR503HG",36,25,65,49
"MIR504",0,0,0,0
"MIR5047",69,78,117,190
"MIR505",0,0,0,0
"MIR506",0,0,0,0
"MIR507",0,0,0,0
"MIR508",0,0,0,0
"MIR5087",0,0,0,0
"MIR5088",173,155,76,104
"MIR5089",0,0,0,0
"MIR509-1",0,0,0,0
"MIR509-2",0,0,0,0
"MIR509-3",0,0,0,0
"MIR5090",0,0,0,0
"MIR5091",0,0,0,0
"MIR5092",0,0,0,0
"MIR5093",2,1,0,0
"MIR5094",0,0,0,0
"MIR5095",0,0,0,0
"MIR5096",0,2,0,0
"MIR510",0,0,0,0
"MIR5100",0,0,0,0
"MIR511",0,0,0,0
"MIR512-1",0,0,0,0
"MIR512-2",0,0,0,0
"MIR513A1",0,0,0,0
"MIR513A2",0,0,0,0
"MIR513B",0,0,0,0
"MIR513C",0,0,0,0
"MIR514A1",0,0,0,0
"MIR514A2",0,0,0,0
"MIR514A3",0,0,0,0
"MIR514B",0,0,0,0
"MIR515-1",0,0,0,0
"MIR515-2",0,0,0,0
"MIR516A1",0,0,0,0
"MIR516A2",0,0,0,0
"MIR516B1",0,0,0,0
"MIR516B2",0,0,0,0
"MIR517A",0,0,0,0
"MIR517B",0,0,0,0
"MIR517C",0,0,0,0
"MIR5186",0,0,0,0
"MIR5187",1,0,3,0
"MIR5188",0,0,0,0
"MIR5189",0,0,0,0
"MIR518A1",0,0,0,0
"MIR518A2",0,0,0,0
"MIR518B",0,0,0,0
"MIR518C",0,0,0,0
"MIR518D",0,0,0,0
"MIR518E",0,0,0,0
"MIR518F",0,0,0,0
"MIR5190",0,0,0,0
"MIR5191",0,0,0,0
"MIR5192",0,0,0,0
"MIR5193",0,0,3,2
"MIR5194",0,0,0,0
"MIR5195",0,0,0,0
"MIR5196",0,0,0,0
"MIR5197",0,0,0,0
"MIR519A1",0,0,0,0
"MIR519A2",0,0,0,0
"MIR519B",0,0,0,0
"MIR519C",0,0,0,0
"MIR519D",0,0,0,0
"MIR519E",0,0,0,0
"MIR520A",0,0,0,0
"MIR520B",0,0,0,0
"MIR520C",0,0,0,0
"MIR520D",0,0,0,0
"MIR520E",0,0,0,0
"MIR520F",0,0,0,0
"MIR520G",0,0,0,0
"MIR520H",0,0,0,0
"MIR521-1",0,0,0,0
"MIR521-2",0,0,0,0
"MIR522",0,0,0,0
"MIR523",0,0,0,0
"MIR524",0,0,0,0
"MIR525",0,0,0,0
"MIR526A1",0,0,0,0
"MIR526A2",0,0,0,0
"MIR526B",0,0,0,0
"MIR527",0,0,0,0
"MIR532",0,0,0,0
"MIR539",0,0,0,0
"MIR541",0,0,0,0
"MIR542",0,0,0,0
"MIR543",0,0,0,0
"MIR544A",0,0,0,0
"MIR544B",0,0,0,0
"MIR545",0,0,0,0
"MIR548A1",0,0,0,0
"MIR548A2",0,0,0,0
"MIR548A3",0,0,0,0
"MIR548AA1",6,7,3,6
"MIR548AA2",0,0,0,0
"MIR548AB",0,0,0,0
"MIR548AC",0,0,0,0
"MIR548AD",0,0,0,0
"MIR548AE1",0,0,0,0
"MIR548AE2",0,0,0,0
"MIR548AG1",0,0,0,0
"MIR548AG2",0,0,0,0
"MIR548AH",0,0,0,0
"MIR548AI",0,0,0,0
"MIR548AJ1",0,0,0,0
"MIR548AJ2",0,0,0,0
"MIR548AK",0,0,0,0
"MIR548AL",0,0,0,0
"MIR548AM",0,0,0,0
"MIR548AN",0,0,0,0
"MIR548AO",0,0,0,0
"MIR548AP",0,0,0,0
"MIR548AQ",0,0,0,0
"MIR548AR",0,0,2,0
"MIR548AS",0,0,0,0
"MIR548AT",0,0,0,0
"MIR548AU",0,0,0,0
"MIR548AV",0,0,0,0
"MIR548AW",0,0,0,0
"MIR548AX",0,0,0,0
"MIR548AY",0,0,0,0
"MIR548AZ",0,0,0,0
"MIR548B",0,0,0,0
"MIR548BA",0,0,0,0
"MIR548BB",0,0,0,0
"MIR548C",0,0,0,0
"MIR548D1",6,7,3,6
"MIR548D2",0,0,0,0
"MIR548F1",0,0,0,0
"MIR548F2",0,0,0,0
"MIR548F3",0,0,0,0
"MIR548F4",0,0,0,0
"MIR548F5",0,0,0,0
"MIR548G",0,0,0,0
"MIR548H1",0,0,0,0
"MIR548H2",0,0,0,0
"MIR548H3",0,0,0,0
"MIR548H4",0,0,0,0
"MIR548H5",0,0,0,0
"MIR548I1",0,0,0,0
"MIR548I2",0,0,0,1
"MIR548I3",0,0,0,1
"MIR548I4",0,0,0,0
"MIR548J",1,0,0,0
"MIR548K",0,0,0,0
"MIR548L",0,0,0,0
"MIR548M",0,0,0,0
"MIR548N",0,0,0,2
"MIR548O",0,0,0,0
"MIR548O2",0,0,0,0
"MIR548P",0,0,0,0
"MIR548Q",0,0,1,0
"MIR548S",0,0,0,0
"MIR548T",0,0,0,0
"MIR548U",0,0,0,0
"MIR548V",0,0,0,0
"MIR548W",0,0,0,0
"MIR548X",0,0,0,0
"MIR548X2",0,0,0,0
"MIR548Y",0,0,0,0
"MIR548Z",0,0,0,0
"MIR549A",0,0,0,0
"MIR550A1",0,1,0,0
"MIR550A2",0,1,0,0
"MIR550A3",0,0,0,0
"MIR550B1",0,1,0,0
"MIR550B2",0,1,0,0
"MIR551A",0,0,0,0
"MIR551B",0,0,0,0
"MIR552",0,0,0,0
"MIR553",0,0,0,0
"MIR554",0,0,0,0
"MIR555",2,3,3,0
"MIR556",0,0,0,0
"MIR557",0,0,0,0
"MIR5571",0,0,0,0
"MIR5572",0,0,0,0
"MIR5579",0,0,0,0
"MIR558",0,0,0,0
"MIR5580",0,0,1,0
"MIR5581",0,1,0,0
"MIR5582",0,0,0,0
"MIR5583-1",0,0,0,0
"MIR5583-2",0,0,0,0
"MIR5584",0,0,0,0
"MIR5585",0,0,0,0
"MIR5586",0,1,0,1
"MIR5587",1,0,0,0
"MIR5588",0,0,0,0
"MIR5589",0,0,0,0
"MIR559",0,0,0,0
"MIR5590",0,0,0,0
"MIR5591",0,0,0,0
"MIR561",0,3,0,2
"MIR563",0,0,0,0
"MIR564",0,0,1,1
"MIR566",0,0,0,0
"MIR567",0,0,0,0
"MIR568",0,0,0,0
"MIR5680",0,0,0,0
"MIR5681A",0,0,0,0
"MIR5681B",0,0,0,0
"MIR5682",0,0,0,0
"MIR5683",0,0,0,0
"MIR5684",0,0,0,1
"MIR5685",0,0,0,0
"MIR5687",0,0,0,0
"MIR5688",0,0,0,0
"MIR5689",0,0,0,0
"MIR569",0,0,0,0
"MIR5690",0,0,0,0
"MIR5691",0,0,0,0
"MIR5692A1",0,0,0,0
"MIR5692A2",0,0,0,0
"MIR5692B",0,0,0,0
"MIR5692C1",0,0,0,0
"MIR5692C2",0,0,0,0
"MIR5693",0,0,0,0
"MIR5694",0,0,0,0
"MIR5695",0,0,0,0
"MIR5696",0,0,0,0
"MIR5697",1,0,0,0
"MIR5698",0,0,0,0
"MIR5699",0,0,0,0
"MIR570",5,9,9,6
"MIR5700",0,0,0,0
"MIR5701-1",0,0,0,0
"MIR5701-2",0,0,0,0
"MIR5701-3",0,0,0,0
"MIR5702",0,0,0,0
"MIR5703",0,0,0,0
"MIR5704",0,0,0,0
"MIR5705",0,0,0,0
"MIR5706",0,0,0,0
"MIR5707",0,0,0,0
"MIR5708",0,0,0,0
"MIR571",0,0,0,0
"MIR572",0,0,0,0
"MIR573",1,0,0,0
"MIR5739",0,0,0,0
"MIR574",0,0,0,0
"MIR575",0,0,0,0
"MIR577",0,0,0,0
"MIR578",0,0,0,0
"MIR5787",0,0,0,0
"MIR579",0,0,0,0
"MIR580",0,0,0,0
"MIR581",0,0,0,0
"MIR583",0,0,0,0
"MIR585",0,0,0,0
"MIR586",0,0,0,0
"MIR587",0,0,0,0
"MIR588",0,0,0,0
"MIR589",5,8,0,1
"MIR590",3,1,0,0
"MIR591",0,0,0,0
"MIR592",0,0,0,0
"MIR593",0,0,0,0
"MIR595",0,0,0,0
"MIR596",0,0,0,0
"MIR597",0,0,0,0
"MIR598",0,0,0,0
"MIR599",0,0,0,0
"MIR600",2,1,0,3
"MIR600HG",156,188,201,225
"MIR601",0,0,0,0
"MIR602",0,0,0,0
"MIR603",0,0,0,0
"MIR604",0,1,0,0
"MIR605",0,0,0,1
"MIR606",0,0,0,0
"MIR6068",0,0,0,0
"MIR6069",0,0,0,0
"MIR607",0,0,0,0
"MIR6070",0,0,0,0
"MIR6071",0,0,0,2
"MIR6072",0,0,0,0
"MIR6073",0,0,0,0
"MIR6074",0,0,0,0
"MIR6075",0,2,0,0
"MIR6076",0,0,0,0
"MIR6077",0,0,0,0
"MIR6078",0,0,0,0
"MIR6079",0,0,0,0
"MIR608",0,0,0,0
"MIR6080",1,4,7,5
"MIR6081",0,0,0,0
"MIR6082",0,0,0,0
"MIR6083",0,0,0,0
"MIR6084",23,19,58,49
"MIR6085",0,0,0,0
"MIR6086",0,0,0,0
"MIR6087",434,408,345,637
"MIR6088",0,0,0,0
"MIR6089",1,0,0,0
"MIR609",0,0,0,0
"MIR6090",0,0,0,0
"MIR610",0,1,0,1
"MIR611",0,0,0,1
"MIR612",6,6,36,28
"MIR6124",0,0,0,0
"MIR6125",0,0,0,1
"MIR6126",0,1,7,0
"MIR6127",0,0,0,0
"MIR6128",0,0,0,0
"MIR6129",0,0,0,0
"MIR613",0,0,0,0
"MIR6130",0,0,0,0
"MIR6131",0,0,0,0
"MIR6132",0,0,0,0
"MIR6133",0,0,0,0
"MIR6134",0,0,0,0
"MIR614",7,8,19,1
"MIR615",0,0,0,0
"MIR616",0,0,0,0
"MIR6165",0,0,0,0
"MIR617",0,0,0,0
"MIR618",0,0,0,0
"MIR619",0,0,0,0
"MIR620",0,0,0,0
"MIR621",41,24,13,24
"MIR622",1218,1099,831,727
"MIR623",0,0,0,0
"MIR624",0,0,0,1
"MIR625",0,0,0,0
"MIR626",0,0,0,0
"MIR627",0,0,0,0
"MIR628",0,0,0,0
"MIR629",0,0,0,0
"MIR630",1,1,0,1
"MIR631",4,5,4,5
"MIR632",3,3,0,1
"MIR633",0,0,0,0
"MIR634",0,0,0,0
"MIR635",0,0,1,0
"MIR636",8,10,4,3
"MIR637",6,14,21,14
"MIR638",22,15,20,15
"MIR639",0,1,0,0
"MIR640",0,0,0,1
"MIR641",1,2,2,2
"MIR642A",0,0,0,0
"MIR642B",0,0,0,0
"MIR643",0,0,0,0
"MIR644A",0,0,0,0
"MIR645",0,0,0,0
"MIR646",0,0,0,0
"MIR646HG",0,0,0,0
"MIR647",0,8,4,6
"MIR648",0,0,0,1
"MIR649",0,0,0,0
"MIR6499",0,0,0,0
"MIR650",0,0,0,0
"MIR6500",0,0,0,0
"MIR6501",15,11,3,3
"MIR6502",0,0,0,0
"MIR6503",0,0,0,0
"MIR6504",0,0,0,0
"MIR6505",0,0,1,0
"MIR6506",2,1,1,0
"MIR6507",0,0,0,0
"MIR6508",0,0,0,0
"MIR6509",0,0,0,0
"MIR651",0,0,0,0
"MIR6510",0,0,0,0
"MIR6511A1",21,18,15,12
"MIR6511A2",21,18,15,12
"MIR6511A3",21,18,15,12
"MIR6511A4",21,18,15,12
"MIR6511B1",1,1,0,0
"MIR6511B2",0,0,0,0
"MIR6512",0,0,0,2
"MIR6513",0,0,0,0
"MIR6514",1,1,0,1
"MIR6515",282,274,345,278
"MIR6516",9,6,8,9
"MIR652",0,0,0,0
"MIR653",0,0,0,0
"MIR654",0,0,0,0
"MIR655",0,0,0,0
"MIR656",0,0,0,0
"MIR657",0,0,0,0
"MIR658",2,1,1,2
"MIR659",2,1,1,0
"MIR660",0,0,0,0
"MIR661",0,0,0,0
"MIR662",0,0,0,0
"MIR663A",9,7,7,9
"MIR663AHG",0,1,0,0
"MIR663B",0,0,0,0
"MIR664A",0,0,0,0
"MIR664B",0,0,0,0
"MIR665",0,0,0,0
"MIR668",0,0,0,0
"MIR670",0,0,0,0
"MIR670HG",0,0,0,0
"MIR671",56,46,80,62
"MIR6715A",0,0,0,0
"MIR6715B",0,0,0,0
"MIR6716",0,0,1,0
"MIR6717",0,0,1,0
"MIR6718",0,1,0,0
"MIR6719",1,0,0,0
"MIR6720",1,0,2,0
"MIR6721",1,0,0,2
"MIR6722",0,0,0,0
"MIR6723",2152,2934,2534,2064
"MIR6724-1",4,8,2,2
"MIR6724-2",4,8,2,2
"MIR6724-3",4,8,2,2
"MIR6724-4",4,8,2,2
"MIR6726",1,0,0,0
"MIR6727",0,3,2,4
"MIR6728",2,2,0,0
"MIR6729",64,51,36,39
"MIR6730",0,0,1,0
"MIR6731",0,0,0,0
"MIR6732",0,0,0,0
"MIR6733",6,4,2,0
"MIR6734",2,1,1,0
"MIR6735",0,1,0,1
"MIR6736",0,0,0,1
"MIR6737",0,0,0,0
"MIR6738",1,0,0,0
"MIR6739",0,0,1,3
"MIR6740",0,0,0,0
"MIR6741",2,1,0,2
"MIR6742",0,0,1,1
"MIR6743",37,34,23,37
"MIR6744",0,0,0,0
"MIR6745",1,0,0,0
"MIR6746",0,1,1,4
"MIR6747",13,23,5,0
"MIR6748",2,4,5,0
"MIR6749",0,0,1,0
"MIR675",6,5,4,1
"MIR6750",3,0,2,1
"MIR6751",0,1,0,0
"MIR6752",53,55,25,46
"MIR6753",0,0,1,0
"MIR6754",0,0,0,0
"MIR6755",1,0,0,0
"MIR6756",1,0,0,0
"MIR6757",0,0,0,0
"MIR6758",4,10,6,11
"MIR6759",0,0,2,1
"MIR676",0,0,0,0
"MIR6760",0,0,0,0
"MIR6761",0,0,0,0
"MIR6762",0,0,0,0
"MIR6763",2,1,5,1
"MIR6764",0,2,0,2
"MIR6765",7,3,1,1
"MIR6766",0,0,0,0
"MIR6767",0,0,0,0
"MIR6768",1,2,1,1
"MIR6769A",0,0,0,1
"MIR6769B",0,0,0,0
"MIR6770-1",0,0,2,0
"MIR6770-2",0,0,2,0
"MIR6770-3",0,0,2,0
"MIR6771",0,0,0,0
"MIR6772",1,0,2,3
"MIR6773",0,0,0,0
"MIR6774",0,0,0,0
"MIR6775",0,0,0,0
"MIR6776",1,0,0,0
"MIR6777",1,6,2,2
"MIR6778",0,1,0,0
"MIR6779",0,0,0,1
"MIR6780A",0,0,1,0
"MIR6780B",0,0,1,0
"MIR6781",1,0,0,0
"MIR6782",1,4,0,0
"MIR6783",0,0,0,1
"MIR6784",0,3,1,2
"MIR6785",50,42,45,47
"MIR6786",52,48,34,39
"MIR6787",1,0,0,1
"MIR6788",0,0,0,0
"MIR6789",15,8,9,15
"MIR6790",20,38,11,7
"MIR6791",0,1,0,0
"MIR6792",16,11,9,19
"MIR6793",0,0,2,2
"MIR6794",12,17,6,1
"MIR6795",0,0,0,0
"MIR6796",0,0,0,0
"MIR6797",10,7,9,2
"MIR6798",285,219,164,232
"MIR6799",0,0,0,0
"MIR6800",46,37,46,31
"MIR6801",0,0,0,0
"MIR6802",0,1,1,0
"MIR6803",0,0,0,0
"MIR6804",1,1,1,0
"MIR6805",18,6,4,10
"MIR6806",0,1,0,1
"MIR6807",1101,1117,637,807
"MIR6808",0,1,1,6
"MIR6809",0,0,0,0
"MIR6810",0,0,0,1
"MIR6811",0,0,0,0
"MIR6812",0,3,0,0
"MIR6813",0,0,0,0
"MIR6814",0,0,0,0
"MIR6815",0,0,0,0
"MIR6816",0,0,0,0
"MIR6817",0,0,0,1
"MIR6818",0,0,0,0
"MIR6819",2,1,1,3
"MIR6820",3,6,1,2
"MIR6821",180,170,71,71
"MIR6822",0,0,0,0
"MIR6823",0,0,0,0
"MIR6824",4,4,6,2
"MIR6825",0,0,0,1
"MIR6826",0,0,1,0
"MIR6827",0,0,0,0
"MIR6828",0,0,0,0
"MIR6829",0,0,0,0
"MIR6830",0,0,0,0
"MIR6831",8,5,3,8
"MIR6832",22,30,25,22
"MIR6833",29,23,20,49
"MIR6834",430,390,215,315
"MIR6835",12,7,6,7
"MIR6836",1,0,1,1
"MIR6837",1,0,0,0
"MIR6838",1,0,0,1
"MIR6839",0,0,0,0
"MIR6840",0,5,1,3
"MIR6841",0,0,0,0
"MIR6842",0,0,0,0
"MIR6843",0,0,1,0
"MIR6844",0,0,0,0
"MIR6845",2,5,1,6
"MIR6846",0,0,0,0
"MIR6847",1,2,2,5
"MIR6848",0,0,0,0
"MIR6849",0,0,0,0
"MIR6850",753,643,610,1407
"MIR6851",0,0,1,0
"MIR6852",0,0,0,0
"MIR6853",5,11,15,13
"MIR6854",0,0,0,0
"MIR6855",0,0,0,0
"MIR6856",0,0,0,0
"MIR6857",2,0,2,1
"MIR6858",217,209,210,243
"MIR6859-1",19,18,21,18
"MIR6859-2",19,18,21,18
"MIR6859-3",19,18,21,18
"MIR6859-4",19,18,21,18
"MIR6860",0,0,0,0
"MIR6861",0,0,0,0
"MIR6862-1",2,0,2,0
"MIR6862-2",2,0,2,0
"MIR6863",0,0,0,0
"MIR6864",0,1,1,4
"MIR6865",0,0,1,2
"MIR6866",13,16,7,9
"MIR6867",0,0,0,0
"MIR6868",0,0,0,0
"MIR6869",16,9,11,5
"MIR6870",0,0,0,0
"MIR6871",0,1,0,1
"MIR6872",0,0,1,2
"MIR6873",1,1,0,0
"MIR6874",0,0,0,0
"MIR6875",43,32,37,47
"MIR6876",0,0,0,0
"MIR6877",0,0,0,0
"MIR6878",0,0,0,0
"MIR6879",121,151,83,121
"MIR6880",0,0,0,0
"MIR6881",1,0,1,0
"MIR6882",0,0,0,0
"MIR6883",0,0,0,0
"MIR6884",1,2,2,0
"MIR6885",2,1,1,0
"MIR6886",7,6,3,13
"MIR6887",0,0,0,0
"MIR6888",0,0,0,0
"MIR6889",0,1,0,1
"MIR6890",1,0,0,0
"MIR6891",2,2,2,0
"MIR6892",254,233,168,186
"MIR6893",0,1,0,1
"MIR6894",1,3,2,1
"MIR6895",0,1,1,0
"MIR7-1",9,9,3,2
"MIR7-2",0,0,2,0
"MIR7-3",0,0,0,0
"MIR7-3HG",3,1,0,1
"MIR708",0,0,0,0
"MIR7106",9,13,7,6
"MIR7107",0,0,0,0
"MIR7108",17,6,2,1
"MIR7109",1,3,1,1
"MIR711",1,2,3,1
"MIR7110",5,6,7,7
"MIR7111",13,26,7,16
"MIR7112",2,6,12,6
"MIR7113",0,1,0,0
"MIR7114",1,2,0,0
"MIR7150",0,0,0,0
"MIR7151",0,0,0,0
"MIR7152",0,0,0,0
"MIR7153",0,0,0,0
"MIR7154",0,0,0,0
"MIR7155",0,0,0,0
"MIR7156",0,0,0,0
"MIR7157",0,0,0,0
"MIR7158",0,0,0,0
"MIR7159",0,0,0,0
"MIR7160",0,0,0,0
"MIR7161",4,2,1,0
"MIR7162",0,0,0,0
"MIR718",0,0,0,0
"MIR744",0,0,0,0
"MIR7515",0,0,0,0
"MIR7515HG",0,0,0,0
"MIR758",0,0,0,0
"MIR759",0,0,0,0
"MIR760",0,0,0,0
"MIR761",11,7,4,11
"MIR762",68,79,50,59
"MIR762HG",487,438,252,281
"MIR764",0,0,0,0
"MIR7641-1",0,0,0,0
"MIR7641-2",98,82,76,71
"MIR765",0,0,0,0
"MIR766",0,0,0,0
"MIR767",0,0,0,0
"MIR769",0,0,0,0
"MIR770",0,0,0,0
"MIR7702",0,0,0,0
"MIR7703",2,1,0,0
"MIR7704",0,0,1,0
"MIR7705",177,149,92,101
"MIR7706",0,0,0,0
"MIR7843",0,0,0,0
"MIR7844",3,2,14,6
"MIR7845",0,0,0,0
"MIR7846",0,0,0,0
"MIR7847",0,0,0,0
"MIR7848",0,0,0,0
"MIR7849",0,0,0,0
"MIR7850",0,0,0,0
"MIR7851",1,0,0,0
"MIR7852",0,0,0,0
"MIR7853",0,0,0,0
"MIR7854",0,0,0,0
"MIR7855",0,0,0,0
"MIR7856",0,0,0,0
"MIR7973-1",0,0,0,0
"MIR7973-2",0,0,0,0
"MIR7974",0,0,0,1
"MIR7975",0,1,0,0
"MIR7976",0,0,0,0
"MIR7977",0,0,0,0
"MIR7978",0,0,0,0
"MIR802",0,0,0,0
"MIR8052",0,0,0,0
"MIR8053",0,0,0,0
"MIR8054",0,0,0,0
"MIR8055",10,8,6,1
"MIR8056",0,0,0,0
"MIR8057",0,0,0,0
"MIR8058",0,0,0,0
"MIR8059",0,0,0,0
"MIR8060",0,0,0,0
"MIR8061",0,0,0,0
"MIR8062",0,0,0,0
"MIR8063",0,0,0,0
"MIR8064",0,0,0,0
"MIR8065",0,0,0,0
"MIR8066",0,0,0,0
"MIR8067",0,0,0,0
"MIR8068",0,0,0,0
"MIR8069-1",0,0,0,0
"MIR8069-2",0,0,0,0
"MIR8070",0,0,0,0
"MIR8071-1",0,0,0,0
"MIR8071-2",0,0,0,0
"MIR8072",1,1,0,1
"MIR8073",0,0,0,0
"MIR8074",0,0,0,0
"MIR8075",10,12,2,6
"MIR8076",0,0,0,0
"MIR8077",0,0,0,0
"MIR8078",0,0,0,0
"MIR8079",0,0,0,0
"MIR8080",0,0,0,0
"MIR8081",0,0,0,0
"MIR8082",0,0,0,0
"MIR8083",0,1,0,0
"MIR8084",0,0,0,0
"MIR8085",0,0,1,0
"MIR8086",0,0,0,0
"MIR8087",0,0,0,0
"MIR8088",0,0,0,0
"MIR8089",0,1,0,0
"MIR8485",0,0,0,0
"MIR873",0,0,0,0
"MIR874",0,0,0,0
"MIR875",0,0,0,0
"MIR876",0,0,0,0
"MIR877",92,86,57,60
"MIR885",0,0,0,0
"MIR887",0,0,0,0
"MIR888",0,0,0,0
"MIR889",0,0,0,0
"MIR890",0,0,0,0
"MIR891A",0,0,0,0
"MIR891B",0,0,0,0
"MIR892A",0,0,0,0
"MIR892B",0,0,0,0
"MIR892C",0,0,0,0
"MIR9-1",0,0,0,0
"MIR9-2",0,0,0,0
"MIR9-3",0,0,0,0
"MIR920",0,0,0,0
"MIR921",0,0,0,0
"MIR922",6,7,2,3
"MIR924",0,0,0,0
"MIR92A1",0,0,0,0
"MIR92A2",1,0,0,1
"MIR92B",0,0,0,1
"MIR93",1,0,3,1
"MIR933",0,0,0,0
"MIR934",0,0,0,0
"MIR935",12,15,15,11
"MIR936",0,0,1,0
"MIR937",12,18,12,13
"MIR938",0,0,0,0
"MIR939",6,2,3,3
"MIR940",1,1,0,0
"MIR941-1",0,0,0,0
"MIR941-2",0,0,0,4
"MIR941-3",0,0,0,4
"MIR941-4",0,0,0,4
"MIR941-5",0,0,0,4
"MIR942",0,0,0,0
"MIR943",8,13,2,4
"MIR944",0,0,0,0
"MIR95",0,0,0,0
"MIR9500",0,0,0,0
"MIR96",0,0,0,0
"MIR98",0,0,0,0
"MIR99A",0,0,0,0
"MIR99AHG",20,25,21,31
"MIR99B",0,0,0,1
"MIRLET7A1",0,0,0,0
"MIRLET7A2",0,0,0,0
"MIRLET7A3",0,0,0,0
"MIRLET7B",0,0,0,0
"MIRLET7BHG",1,1,1,2
"MIRLET7C",0,0,0,0
"MIRLET7D",7,5,5,6
"MIRLET7DHG",24,42,28,41
"MIRLET7E",0,0,0,0
"MIRLET7F1",0,0,0,0
"MIRLET7F2",0,0,0,0
"MIRLET7G",0,0,0,2
"MIRLET7I",6,6,2,1
"MIS12",669,663,430,456
"MIS18A",1244,1151,596,639
"MIS18BP1",388,526,264,300
"MISP",127,140,54,31
"MITD1",1046,1002,644,836
"MITF",4193,3784,3415,3306
"MIXL1",0,1,0,1
"MKI67",3593,3752,3829,4444
"MKKS",1407,1277,997,1186
"MKL1",1222,1137,1258,1179
"MKL2",550,639,587,557
"MKLN1",1637,1557,1710,1779
"MKLN1-AS",24,34,49,42
"MKNK1",487,496,736,731
"MKNK1-AS1",29,22,41,38
"MKNK2",4000,4063,3679,3866
"MKRN1",1733,1687,2798,3237
"MKRN2",986,989,693,773
"MKRN2OS",4,3,3,2
"MKRN3",0,3,0,0
"MKRN7P",0,0,0,0
"MKRN9P",36,42,61,59
"MKS1",695,615,514,573
"MKX",0,0,0,0
"MKX-AS1",0,0,0,0
"MLANA",1,0,0,0
"MLC1",15,13,3,6
"MLEC",4201,4155,3983,4525
"MLF1",975,913,581,618
"MLF2",12667,11282,8251,8296
"MLH1",1253,1139,878,902
"MLH3",295,327,211,240
"MLIP",0,0,2,0
"MLIP-IT1",0,0,0,0
"MLK7-AS1",12,10,9,12
"MLKL",2,0,2,2
"MLLT1",3188,3172,1991,2396
"MLLT10",1026,1134,824,847
"MLLT10P1",3,7,3,2
"MLLT11",649,658,1144,926
"MLLT3",9,9,28,25
"MLLT4",462,494,700,630
"MLLT4-AS1",2,0,4,6
"MLLT6",1543,1628,1734,1941
"MLN",0,0,7,5
"MLNR",1,0,0,1
"MLPH",15,27,7,9
"MLST8",1753,1457,1168,1032
"MLX",1532,1454,881,976
"MLXIP",1841,1910,1483,1575
"MLXIPL",59,67,91,28
"MLYCD",219,203,217,251
"MMAA",123,119,40,54
"MMAB",404,309,394,517
"MMACHC",877,819,526,525
"MMADHC",6939,6016,3506,3654
"MMD",111,89,171,149
"MMD2",17,8,6,5
"MME",9727,9401,7510,7374
"MMEL1",226,223,231,193
"MMGT1",790,750,698,688
"MMP1",130,87,30,4
"MMP10",53,37,8,1
"MMP11",0,0,0,0
"MMP12",0,0,0,0
"MMP13",0,0,0,0
"MMP14",15409,12995,20518,21142
"MMP15",125,128,338,403
"MMP16",206,194,174,125
"MMP17",64,53,16,13
"MMP19",213,245,672,657
"MMP2",2,0,69,49
"MMP20",1,0,5,3
"MMP21",2,6,1,0
"MMP23A",73,70,147,162
"MMP23B",40,40,74,88
"MMP24",3603,3041,1266,1568
"MMP24-AS1",2042,1690,2287,2253
"MMP25",468,457,592,619
"MMP25-AS1",206,213,320,308
"MMP26",0,0,0,0
"MMP27",0,0,0,0
"MMP28",8,4,16,13
"MMP3",1,0,1,0
"MMP7",1,0,132,31
"MMP8",0,0,0,0
"MMP9",204,177,198,132
"MMRN1",661,673,625,1015
"MMRN2",117,99,98,94
"MMS19",2692,2708,2274,2231
"MMS22L",515,525,322,230
"MN1",37,29,136,169
"MNAT1",756,750,686,802
"MND1",142,170,103,118
"MNDA",0,0,0,0
"MNS1",22,25,47,27
"MNT",808,721,464,450
"MNX1",109,125,64,50
"MNX1-AS1",60,46,24,25
"MOAP1",1034,984,766,729
"MOB1A",1093,968,772,598
"MOB1B",892,1010,794,644
"MOB2",574,543,584,619
"MOB3A",1225,1150,1134,1018
"MOB3B",11,12,79,81
"MOB3C",127,124,173,177
"MOB4",1054,930,776,781
"MOBP",6,6,1,1
"MOCOS",1,0,0,2
"MOCS1",44,31,127,136
"MOCS2",627,604,579,641
"MOCS3",717,597,364,310
"MOG",2,1,3,4
"MOGAT1",0,0,0,0
"MOGAT2",0,0,0,1
"MOGAT3",0,0,23,22
"MOGS",2002,1919,2047,2108
"MOK",577,572,262,293
"MON1A",419,393,220,230
"MON1B",525,534,462,445
"MON2",1235,1335,736,519
"MORC1",1,0,0,0
"MORC2",1828,1906,1076,1172
"MORC2-AS1",116,143,113,180
"MORC3",568,623,459,319
"MORC4",741,605,596,607
"MORF4L1",5042,4485,4758,4244
"MORF4L2",7391,7158,5985,7022
"MORF4L2-AS1",23,15,20,15
"MORN1",256,289,122,175
"MORN2",180,146,208,235
"MORN3",34,27,31,27
"MORN4",694,591,438,440
"MORN5",1,1,3,1
"MOS",0,0,0,0
"MOSPD1",4701,5325,4314,4127
"MOSPD2",187,193,230,166
"MOSPD3",443,392,345,330
"MOV10",846,933,1376,1418
"MOV10L1",5,5,10,3
"MOXD1",0,0,1,1
"MOXD2P",0,0,0,0
"MPC1",735,613,539,443
"MPC1L",0,0,0,0
"MPC2",1429,1223,1836,1848
"MPDU1",1488,1393,1188,1465
"MPDZ",363,408,462,472
"MPEG1",2,1,5,6
"MPG",1673,1476,1341,1383
"MPHOSPH10",1314,1334,932,1379
"MPHOSPH6",1106,1057,583,713
"MPHOSPH8",1000,1011,1155,1466
"MPHOSPH9",479,510,318,337
"MPI",1062,929,775,865
"MPL",2,3,2,1
"MPLKIP",1293,1145,755,756
"MPND",234,212,262,275
"MPO",0,0,1,0
"MPP1",89,70,236,206
"MPP2",1178,1169,962,1227
"MPP3",167,175,156,192
"MPP4",175,148,235,141
"MPP5",500,559,589,438
"MPP6",398,417,225,244
"MPP7",9,10,30,26
"MPPE1",257,252,231,264
"MPPED1",2,2,0,2
"MPPED2",0,0,0,0
"MPRIP",1751,1773,1809,1829
"MPST",1875,1733,1355,1460
"MPV17",1208,1117,725,702
"MPV17L",85,75,101,111
"MPV17L2",978,917,556,552
"MPZ",2,2,29,24
"MPZL1",3072,2851,3760,4090
"MPZL2",0,0,0,0
"MPZL3",0,1,0,1
"MR1",141,112,388,292
"MRAP",203,162,85,107
"MRAP2",7,1,10,10
"MRAS",567,594,740,912
"MRC1",6,5,5,8
"MRC2",579,529,1457,1566
"MRE11A",909,1045,596,587
"MREG",146,136,171,162
"MRFAP1",14701,13425,9447,10651
"MRFAP1L1",3,0,0,2
"MRGBP",772,833,548,590
"MRGPRD",0,0,0,0
"MRGPRE",0,4,0,0
"MRGPRF",7,1,2,1
"MRGPRF-AS1",0,0,0,0
"MRGPRG",1,0,0,0
"MRGPRG-AS1",9,3,0,0
"MRGPRX1",0,0,0,0
"MRGPRX2",0,0,0,0
"MRGPRX3",0,1,1,1
"MRGPRX4",0,0,0,0
"MRI1",42,52,21,32
"MRLN",0,1,0,1
"MRM1",367,335,135,129
"MRO",3,2,18,19
"MROH1",405,481,804,658
"MROH2A",6,9,10,8
"MROH2B",0,0,0,0
"MROH5",2,1,0,1
"MROH6",268,347,150,137
"MROH7",1,1,8,12
"MROH7-TTC4",1391,1266,742,837
"MROH8",207,221,191,203
"MROH9",4,1,1,0
"MRPL1",529,488,352,451
"MRPL10",2310,2009,1509,1554
"MRPL11",3706,3146,2190,2595
"MRPL12",3803,3356,2033,1859
"MRPL13",1865,1632,1243,1689
"MRPL14",1676,1424,1184,1427
"MRPL15",1969,1598,961,1182
"MRPL16",2114,1999,1145,1231
"MRPL17",2155,1883,1526,1511
"MRPL18",2101,1783,1036,1263
"MRPL19",2321,2183,1356,1344
"MRPL2",1216,1035,601,698
"MRPL20",3078,2744,2103,2667
"MRPL21",2383,2229,1101,1218
"MRPL22",804,796,580,682
"MRPL23",1039,953,717,751
"MRPL23-AS1",3,6,0,2
"MRPL24",830,818,543,627
"MRPL27",1946,1684,1513,1857
"MRPL28",4811,4318,3134,3379
"MRPL3",4262,4254,1872,2401
"MRPL30",2063,1775,1142,1201
"MRPL32",1526,1407,919,1164
"MRPL33",978,935,889,1308
"MRPL34",1507,1476,961,1119
"MRPL35",1362,1350,918,1042
"MRPL36",1582,1456,686,737
"MRPL37",3903,3461,2343,2519
"MRPL38",2126,1821,1789,1911
"MRPL39",1508,1279,932,1117
"MRPL4",2725,2468,1324,1216
"MRPL40",838,786,582,650
"MRPL41",2067,1854,1212,1104
"MRPL42",2049,1948,1044,791
"MRPL42P5",45,32,27,21
"MRPL43",1435,1275,1027,1164
"MRPL44",3046,2494,1220,1394
"MRPL45",1875,1661,1113,1435
"MRPL45P2",285,258,208,265
"MRPL46",941,886,780,894
"MRPL47",3001,2643,1721,2372
"MRPL48",503,392,371,458
"MRPL49",2731,2310,1384,1534
"MRPL50",2053,1887,1155,1354
"MRPL51",4534,3949,3483,4481
"MRPL52",1309,1114,961,1019
"MRPL53",1166,1102,912,889
"MRPL54",541,407,513,537
"MRPL55",1285,1236,797,743
"MRPL57",2069,1860,1171,1177
"MRPL9",2410,2267,1372,1895
"MRPS10",2329,1910,1383,1191
"MRPS11",1052,989,825,771
"MRPS12",3200,2943,1112,1155
"MRPS14",907,827,739,812
"MRPS15",3210,2763,2134,2380
"MRPS16",4350,4032,2562,2503
"MRPS17",1021,989,456,586
"MRPS18A",1538,1311,937,1138
"MRPS18B",1855,1586,977,1132
"MRPS18C",483,437,431,490
"MRPS2",3511,3381,2032,2203
"MRPS21",3444,3363,1944,2462
"MRPS22",899,772,547,633
"MRPS23",3143,2709,1260,1569
"MRPS24",2474,2114,1172,1279
"MRPS25",2009,1962,1143,1228
"MRPS26",1576,1527,877,902
"MRPS27",3688,3332,1951,2301
"MRPS28",747,644,638,761
"MRPS30",1640,1471,691,750
"MRPS31",746,682,482,602
"MRPS31P5",187,198,225,224
"MRPS33",1627,1332,933,1219
"MRPS34",3051,2831,1948,2233
"MRPS35",2156,1967,987,1137
"MRPS36",401,342,331,494
"MRPS5",2767,2679,1747,1946
"MRPS6",6647,5986,6726,6723
"MRPS7",2341,2129,1547,1623
"MRPS9",1408,1445,1039,1457
"MRRF",761,771,475,498
"MRS2",860,899,922,842
"MRS2P2",10,10,9,6
"MRTO4",2943,2852,1264,1731
"MRVI1",83,84,652,725
"MRVI1-AS1",4,5,40,23
"MS4A1",0,0,0,0
"MS4A10",1,1,0,0
"MS4A12",0,0,5,4
"MS4A13",0,0,0,0
"MS4A14",1,0,1,0
"MS4A15",0,0,1,0
"MS4A2",1,0,0,0
"MS4A3",0,0,0,0
"MS4A4A",5,1,59,65
"MS4A5",0,0,0,0
"MS4A6A",1,1,4,11
"MS4A6E",7,6,19,17
"MS4A7",0,0,0,1
"MS4A8",0,1,0,0
"MSANTD1",23,15,13,11
"MSANTD2",291,319,372,437
"MSANTD3",2985,2716,2435,2802
"MSANTD3-TMEFF1",2887,2585,1308,1227
"MSANTD4",868,762,616,565
"MSC",0,0,0,0
"MSC-AS1",0,0,0,0
"MSGN1",31,38,45,55
"MSH2",2103,2158,1263,1363
"MSH3",438,371,356,367
"MSH4",2,4,3,2
"MSH5",1280,1204,1221,1132
"MSH5-SAPCD1",1784,1740,1806,1818
"MSH6",3585,3486,1818,2350
"MSI1",1203,1269,899,1000
"MSI2",565,559,468,361
"MSL1",1886,1977,1372,1671
"MSL2",1198,1227,623,671
"MSL3",641,564,370,448
"MSL3P1",13,4,6,6
"MSLN",5,4,19,11
"MSMB",0,0,0,1
"MSMO1",1368,1253,1619,1521
"MSMP",66,75,78,62
"MSN",6024,5531,7189,6818
"MSR1",0,1,0,0
"MSRA",122,112,177,170
"MSRB1",803,702,746,718
"MSRB2",407,321,575,560
"MSRB3",2877,2662,2428,2914
"MSS51",22,38,45,35
"MST1",79,75,55,56
"MST1L",48,49,28,38
"MST1P2",62,70,35,49
"MST1R",0,4,3,6
"MSTN",0,4,3,0
"MSTO1",1234,1334,1000,989
"MSTO2P",2198,2363,1720,1815
"MSX1",18018,15965,7543,8304
"MSX2",4277,3916,3556,4018
"MSX2P1",104,104,73,63
"MT1A",0,0,0,0
"MT1B",0,0,0,0
"MT1DP",0,0,0,0
"MT1E",0,0,0,0
"MT1F",0,0,0,0
"MT1G",0,0,0,0
"MT1H",0,0,0,0
"MT1HL1",0,0,0,0
"MT1IP",0,0,0,0
"MT1JP",0,0,0,0
"MT1L",0,0,0,0
"MT1M",0,0,0,0
"MT1X",0,0,0,0
"MT2A",30,27,49,19
"MT3",0,0,0,0
"MT4",0,0,0,0
"MTA1",2980,3011,1767,1760
"MTA2",8483,8361,5391,6596
"MTA3",931,897,942,1056
"MTAP",734,822,484,519
"MTBP",243,203,124,116
"MTCH1",7438,6742,6618,6952
"MTCH2",4839,4294,3187,3573
"MTCL1",276,287,618,547
"MTCP1",159,125,130,154
"MTDH",2190,2105,2080,1787
"MTERF1",449,440,386,466
"MTERF2",284,366,315,407
"MTERF3",1092,1064,353,445
"MTERF4",1135,1138,1113,1274
"MTF1",417,517,356,382
"MTF2",1499,1529,1064,930
"MTFMT",537,456,399,427
"MTFP1",900,809,521,556
"MTFR1",1082,980,580,406
"MTFR1L",1012,857,982,950
"MTFR2",394,354,218,213
"MTG1",833,738,652,637
"MTG2",756,754,503,643
"MTHFD1",2477,2382,1528,1748
"MTHFD1L",2089,1736,1169,1082
"MTHFD2",2936,2403,1687,918
"MTHFD2L",10,16,14,6
"MTHFD2P1",1,1,2,1
"MTHFR",519,492,508,540
"MTHFS",653,649,541,733
"MTHFSD",317,334,199,238
"MTIF2",1365,1351,769,820
"MTIF3",740,603,554,622
"MTL5",207,165,119,139
"MTM1",79,72,92,83
"MTMR1",665,727,499,508
"MTMR10",505,570,831,757
"MTMR11",347,358,222,239
"MTMR12",804,723,722,550
"MTMR14",576,545,499,542
"MTMR2",865,911,938,862
"MTMR3",993,975,1024,1032
"MTMR4",951,967,623,645
"MTMR6",655,582,483,334
"MTMR7",147,158,164,105
"MTMR8",50,35,26,38
"MTMR9",365,386,344,308
"MTMR9LP",10,11,6,6
"MTNR1A",0,0,0,0
"MTNR1B",0,0,1,0
"MTO1",877,765,499,533
"MTOR",3161,3394,2331,2565
"MTOR-AS1",19,17,9,6
"MTPAP",1180,1081,600,625
"MTPN",4810,4473,4401,2770
"MTR",807,827,953,1038
"MTRF1",177,170,136,205
"MTRF1L",851,765,845,901
"MTRNR2L1",1,3,4,3
"MTRNR2L10",3,2,3,2
"MTRNR2L2",388,474,523,526
"MTRNR2L3",1,7,6,5
"MTRNR2L4",0,2,3,2
"MTRNR2L5",0,0,0,1
"MTRNR2L6",2,4,6,8
"MTRNR2L7",0,0,0,0
"MTRNR2L8",1917,2491,2403,3821
"MTRNR2L9",3877,5082,4863,7694
"MTRR",720,723,362,339
"MTSS1",39,42,60,70
"MTSS1L",2221,2092,2294,2097
"MTTP",1,0,4,3
"MTURN",442,423,540,613
"MTUS1",899,861,1485,1534
"MTUS2",1,2,1,4
"MTUS2-AS1",0,0,0,0
"MTVR2",0,0,0,0
"MTX1",1254,1113,991,1041
"MTX2",993,838,754,892
"MTX3",938,984,510,496
"MUC1",261,284,316,344
"MUC12",23,29,54,86
"MUC13",0,1,13,4
"MUC15",0,0,0,0
"MUC16",0,1,1,1
"MUC17",2,6,2,1
"MUC19",22,22,170,188
"MUC2",2,1,1,2
"MUC20",113,164,257,169
"MUC21",66,66,64,68
"MUC22",269,232,213,270
"MUC3A",234,211,148,159
"MUC4",21,9,160,66
"MUC5AC",2,1,1,0
"MUC5B",7,18,6,5
"MUC6",12,54,40,42
"MUC7",0,1,0,0
"MUCL1",0,0,2,0
"MUL1",1322,1103,1009,988
"MUM1",837,862,769,839
"MUM1L1",0,0,0,0
"MURC",480,571,224,317
"MUS81",737,735,711,654
"MUSK",0,0,0,0
"MUSTN1",18,37,14,12
"MUT",330,310,575,582
"MUTYH",634,614,298,358
"MVB12A",407,383,370,369
"MVB12B",325,323,399,457
"MVD",1018,995,905,999
"MVK",209,196,263,312
"MVP",1007,886,1514,1419
"MX1",0,0,0,0
"MX2",0,0,0,0
"MXD1",302,298,324,301
"MXD3",3727,3419,2449,2597
"MXD4",2393,2212,3770,3552
"MXI1",354,355,352,393
"MXRA5",0,0,0,0
"MXRA7",2917,2644,3822,3908
"MXRA8",181,189,209,244
"MYADM",3743,3641,3275,3652
"MYADML",0,0,0,0
"MYADML2",5,5,4,4
"MYB",8,9,4,5
"MYBBP1A",6011,6087,2373,2481
"MYBL1",210,242,615,431
"MYBL2",3106,2720,2503,2976
"MYBPC1",4,1,1,0
"MYBPC2",8,11,6,7
"MYBPC3",3,6,3,2
"MYBPH",0,0,12,13
"MYBPHL",13,15,22,18
"MYC",6492,5703,1673,1902
"MYCBP",1210,1036,909,894
"MYCBP2",763,764,583,625
"MYCBP2-AS1",16,13,5,7
"MYCBPAP",15,8,17,18
"MYCL",330,257,227,215
"MYCN",0,0,0,0
"MYCNOS",0,0,0,0
"MYCNUT",0,0,0,0
"MYCT1",17,16,7,2
"MYD88",13,15,10,15
"MYDGF",2086,1727,1481,1677
"MYEF2",611,682,806,749
"MYEOV",640,516,381,198
"MYEOV2",1658,1411,1453,1584
"MYF5",0,1,0,0
"MYF6",0,0,0,0
"MYH1",0,3,3,2
"MYH10",4899,5158,6773,7462
"MYH11",73,85,81,73
"MYH13",4,2,2,0
"MYH14",560,541,460,454
"MYH15",17,20,21,17
"MYH16",2,3,9,5
"MYH2",0,3,6,7
"MYH3",177,192,110,156
"MYH4",0,1,0,1
"MYH6",1,0,4,23
"MYH7",0,1,3,5
"MYH7B",70,83,62,44
"MYH8",1,0,1,0
"MYH9",13493,12350,25369,26638
"MYHAS",0,0,1,0
"MYL1",0,0,0,0
"MYL10",8,2,23,45
"MYL12A",10471,8754,7255,7323
"MYL12B",16370,13417,10521,12725
"MYL2",0,0,2,0
"MYL3",10,8,30,32
"MYL4",1,0,244,352
"MYL5",82,89,60,62
"MYL6",8744,7896,17984,24049
"MYL6B",1416,1327,1248,1571
"MYL7",4,5,140,178
"MYL9",5569,4777,7868,9831
"MYLIP",7,11,34,37
"MYLK",25,32,154,124
"MYLK-AS1",44,42,28,22
"MYLK-AS2",0,0,0,0
"MYLK2",16,25,30,17
"MYLK3",25,24,218,285
"MYLK4",6,16,25,25
"MYLPF",3,5,7,10
"MYNN",523,536,327,335
"MYO10",0,1,3,0
"MYO15A",15,20,27,25
"MYO15B",37,70,33,24
"MYO16",0,2,1,0
"MYO16-AS1",0,0,0,0
"MYO18A",1963,1994,2433,2637
"MYO18B",0,0,5,0
"MYO19",1543,1699,835,925
"MYO1A",48,70,172,128
"MYO1B",6,9,46,41
"MYO1C",3095,2892,3295,3766
"MYO1D",33,18,88,136
"MYO1E",291,276,1020,1009
"MYO1F",12,15,20,18
"MYO1G",3,3,3,3
"MYO1H",5,3,3,2
"MYO3A",0,0,0,0
"MYO3B",99,93,61,28
"MYO5A",692,773,1087,762
"MYO5B",15,28,202,236
"MYO5C",74,70,163,179
"MYO6",1220,1202,1220,898
"MYO7A",2,6,248,288
"MYO7B",1,7,5,8
"MYO9A",281,327,249,209
"MYO9B",1521,1537,1725,1694
"MYOC",1116,996,317,349
"MYOCD",0,0,0,0
"MYOD1",23,15,8,10
"MYOF",9462,9318,6031,6634
"MYOG",0,0,1,0
"MYOM1",12,13,12,19
"MYOM2",31,27,48,58
"MYOM3",13,8,15,18
"MYOT",7,10,6,6
"MYOZ1",1,2,35,46
"MYOZ2",0,0,0,3
"MYOZ3",1,1,2,0
"MYPN",19,18,80,57
"MYPOP",417,422,198,197
"MYRF",106,112,607,810
"MYRFL",0,0,1,0
"MYRIP",0,0,4,0
"MYSM1",573,776,613,493
"MYT1",13,6,11,8
"MYT1L",0,0,0,0
"MYT1L-AS1",0,0,0,0
"MYZAP",12,15,15,17
"MZB1",0,3,2,1
"MZF1",548,665,471,486
"MZF1-AS1",150,112,105,117
"MZT1",877,778,477,322
"MZT2A",2541,2258,1674,1913
"MZT2B",3255,3124,2414,2482
"N4BP1",1379,1263,1176,1261
"N4BP2",578,689,530,389
"N4BP2L1",23,28,29,34
"N4BP2L2",1159,1273,932,1161
"N4BP2L2-IT2",47,64,32,35
"N4BP3",504,502,430,466
"N6AMT1",177,156,200,214
"N6AMT2",440,430,295,290
"NAA10",2446,2099,1822,2057
"NAA11",3,4,4,1
"NAA15",2847,2827,1449,1654
"NAA16",424,453,300,256
"NAA20",1335,1255,660,749
"NAA25",1471,1587,822,719
"NAA30",1100,1051,650,420
"NAA35",1469,1290,684,745
"NAA38",1389,1245,971,1157
"NAA40",1434,1594,1275,1333
"NAA50",6601,6090,3884,2974
"NAA60",1028,1027,1264,1339
"NAAA",302,283,237,235
"NAALAD2",8,15,14,10
"NAALADL1",14,10,11,8
"NAALADL2",5,5,16,13
"NAALADL2-AS1",0,0,0,0
"NAALADL2-AS2",0,0,0,0
"NAALADL2-AS3",0,0,0,0
"NAB1",124,125,325,215
"NAB2",2713,2427,1996,2349
"NABP1",138,137,558,423
"NABP2",349,307,245,202
"NACA",15627,14244,12249,16517
"NACA2",1796,1628,1387,1741
"NACAD",2,6,13,7
"NACAP1",762,685,560,795
"NACC1",4086,3944,3080,3055
"NACC2",907,877,1405,1229
"NADK",2488,2451,2516,2596
"NADK2",726,733,597,506
"NADSYN1",692,692,760,860
"NAE1",3283,3183,2035,2436
"NAF1",735,650,282,290
"NAGA",1157,1131,843,910
"NAGK",325,288,383,394
"NAGLU",1024,969,1199,1207
"NAGPA",536,563,334,369
"NAGPA-AS1",4,6,4,3
"NAGS",80,55,73,82
"NAIF1",234,194,180,238
"NAIP",195,233,306,348
"NALCN",4,3,0,0
"NALCN-AS1",0,0,1,0
"NAMA",0,2,1,0
"NAMPT",6256,5980,2346,2102
"NANOG",5,20,24,17
"NANOGNB",2,2,0,0
"NANOS1",286,311,601,621
"NANOS2",1,2,0,1
"NANOS3",48,54,49,105
"NANP",238,215,156,158
"NANS",1704,1546,1553,1600
"NAP1L1",22834,21575,21170,25353
"NAP1L2",5,2,18,10
"NAP1L3",5,1,1,0
"NAP1L4",5941,5727,4389,4709
"NAP1L5",163,127,266,230
"NAP1L6",0,0,0,1
"NAPA",2579,2257,2253,2317
"NAPA-AS1",39,38,22,19
"NAPB",279,367,370,318
"NAPEPLD",251,260,203,222
"NAPG",512,495,488,366
"NAPRT",131,137,61,88
"NAPSA",6,12,7,13
"NAPSB",7,6,1,3
"NARF",530,504,451,474
"NARFL",479,496,379,366
"NARR",1180,996,924,995
"NARS",8829,8030,5129,4416
"NARS2",948,878,777,837
"NASP",6201,6506,3712,5467
"NAT1",22,29,46,58
"NAT10",3398,3215,1376,1675
"NAT14",1575,1365,1430,1505
"NAT16",10,6,11,7
"NAT2",0,0,3,6
"NAT6",311,284,186,195
"NAT8",0,0,0,2
"NAT8B",0,0,0,0
"NAT8L",2238,2090,1220,1341
"NAT9",823,801,814,853
"NATD1",352,328,900,982
"NAV1",1344,1350,2089,2131
"NAV2",575,597,891,590
"NAV2-AS2",20,31,39,14
"NAV2-AS4",0,0,0,1
"NAV2-AS5",0,0,0,0
"NAV3",4,2,6,1
"NBAS",1229,1155,1024,1122
"NBAT1",0,0,0,0
"NBEA",1423,1618,1012,943
"NBEAL1",58,63,43,31
"NBEAL2",1514,1677,893,902
"NBEAP1",2,0,7,0
"NBL1",916,727,1096,1278
"NBN",1143,1114,996,932
"NBPF1",1650,1886,1936,2346
"NBPF10",359,491,391,365
"NBPF11",4272,4942,4957,6137
"NBPF12",2257,2624,2649,3233
"NBPF13P",0,0,2,0
"NBPF14",2599,3058,3275,3701
"NBPF15",2881,3340,3708,4135
"NBPF18P",0,1,1,0
"NBPF20",2374,2844,2818,3345
"NBPF22P",4,1,2,2
"NBPF25P",3484,4105,4373,5159
"NBPF3",155,172,197,209
"NBPF4",0,0,1,1
"NBPF6",0,0,0,0
"NBPF7",1,6,6,5
"NBPF8",2709,3154,3360,3782
"NBPF9",4799,5581,6228,7179
"NBR1",1881,1748,1471,1513
"NBR2",115,105,92,78
"NCALD",0,0,5,6
"NCAM1",1,1,1,0
"NCAM1-AS1",0,0,0,0
"NCAM2",35,30,7,7
"NCAN",9,7,3,4
"NCAPD2",2337,2269,2446,2488
"NCAPD3",1876,1797,918,1007
"NCAPG",1554,1523,1241,1291
"NCAPG2",1309,1410,953,957
"NCAPH",796,911,584,692
"NCAPH2",1262,1218,1051,1063
"NCBP1",1807,1806,1370,1447
"NCBP2",3633,3348,2080,2039
"NCBP2-AS2",1615,1589,665,669
"NCCRP1",7,9,77,102
"NCDN",1143,1167,865,877
"NCEH1",83,87,184,116
"NCF1",3,3,2,1
"NCF1B",0,2,2,1
"NCF1C",4,3,2,2
"NCF2",0,2,41,30
"NCF4",0,0,0,1
"NCK1",632,632,525,434
"NCK1-AS1",34,25,26,19
"NCK2",221,211,438,440
"NCKAP1",3617,3380,3239,2504
"NCKAP1L",2,0,3,0
"NCKAP5",0,0,0,0
"NCKAP5L",1174,1149,1439,1473
"NCKIPSD",669,728,647,712
"NCL",48893,47090,23901,34615
"NCLN",3624,3508,2314,2315
"NCMAP",1,0,1,0
"NCOA1",578,517,589,634
"NCOA2",144,195,143,109
"NCOA3",763,767,1187,1070
"NCOA4",2265,2082,2546,2492
"NCOA5",1647,1570,1093,1410
"NCOA6",1454,1418,1304,1481
"NCOA7",142,114,1392,1031
"NCOA7-AS1",0,0,0,0
"NCOR1",4103,4138,2365,2546
"NCOR1P1",0,2,0,0
"NCOR2",4285,4309,4091,4073
"NCR1",0,0,0,2
"NCR2",0,0,0,0
"NCR3",192,178,357,436
"NCR3LG1",82,112,39,39
"NCRNA00250",0,0,0,0
"NCRUPAR",0,3,0,0
"NCS1",1961,1806,2080,2371
"NCSTN",1305,1231,1726,1717
"NDC1",2339,2265,1227,1215
"NDC80",573,495,502,620
"NDE1",573,493,446,433
"NDEL1",762,698,693,796
"NDFIP1",2181,2025,1713,1579
"NDFIP2",468,424,546,305
"NDFIP2-AS1",0,0,0,0
"NDN",3,1,1,2
"NDNF",0,0,0,0
"NDNL2",834,780,554,761
"NDOR1",1241,1458,928,925
"NDP",0,0,0,0
"NDRG1",4,4,16,10
"NDRG2",164,128,263,308
"NDRG3",984,981,937,1062
"NDRG4",253,237,707,671
"NDST1",3116,2893,2773,3467
"NDST2",509,508,741,678
"NDST3",0,0,0,0
"NDST4",0,0,0,0
"NDUFA1",1752,1507,1321,1526
"NDUFA10",2810,2596,2016,2174
"NDUFA11",5410,4187,4380,4302
"NDUFA12",1664,1504,1273,1737
"NDUFA13",2032,1744,1748,1671
"NDUFA2",1787,1591,1625,1747
"NDUFA3",818,697,899,1013
"NDUFA4",5033,4374,3284,4265
"NDUFA4L2",19,13,9,8
"NDUFA5",1350,1302,1002,951
"NDUFA6",2553,2447,1755,2356
"NDUFA6-AS1",67,90,58,87
"NDUFA7",1063,922,893,1104
"NDUFA8",2398,2101,1354,1496
"NDUFA9",1413,1247,1156,1219
"NDUFAB1",4315,3748,2363,2633
"NDUFAF1",1009,889,812,895
"NDUFAF2",842,866,589,662
"NDUFAF3",883,800,870,837
"NDUFAF4",1041,825,349,390
"NDUFAF4P1",7,6,4,4
"NDUFAF5",201,180,117,138
"NDUFAF6",240,205,200,213
"NDUFAF7",648,632,486,461
"NDUFB1",1337,1289,1202,1300
"NDUFB10",2028,1764,1097,1115
"NDUFB11",3088,2726,2295,2594
"NDUFB2",827,822,637,731
"NDUFB2-AS1",93,83,68,123
"NDUFB3",1126,1087,971,1049
"NDUFB4",1296,1166,991,1217
"NDUFB5",1773,1411,1245,1351
"NDUFB6",1273,1220,1005,953
"NDUFB7",2081,1966,1965,1862
"NDUFB8",4401,3980,2873,3238
"NDUFB9",3086,2626,1624,1851
"NDUFC1",2332,1961,1515,1704
"NDUFC2",8538,7645,5923,6552
"NDUFC2-KCTD14",5783,5161,4119,5263
"NDUFS1",3258,2924,2296,2153
"NDUFS2",1665,1429,1100,1048
"NDUFS3",2252,2075,1409,1339
"NDUFS4",507,458,555,650
"NDUFS5",7443,6837,5481,6726
"NDUFS6",1595,1431,1202,1221
"NDUFS7",802,729,698,775
"NDUFS8",1544,1293,1192,1062
"NDUFV1",3098,3003,2465,2607
"NDUFV2",1382,1254,956,1249
"NDUFV2-AS1",15,22,19,7
"NDUFV3",1485,1287,964,1197
"NEAT1",11062,16187,18138,15538
"NEB",38,48,41,62
"NEBL",4475,4572,3776,3645
"NEBL-AS1",22,15,11,11
"NECAB1",18,21,12,7
"NECAB2",175,190,150,186
"NECAB3",802,848,806,769
"NECAP1",646,566,487,497
"NECAP2",1309,1170,1458,1579
"NEDD1",552,540,301,278
"NEDD4",400,403,478,396
"NEDD4L",1,7,127,67
"NEDD8",4436,3869,3916,4282
"NEDD8-MDP1",1199,1123,1083,1312
"NEDD9",1611,1557,4758,4826
"NEFH",5497,5501,1853,2344
"NEFL",0,0,1,0
"NEFM",2,1,1,1
"NEGR1",4,5,2,1
"NEGR1-IT1",0,0,0,0
"NEIL1",102,134,127,169
"NEIL2",856,755,382,495
"NEIL3",205,203,137,125
"NEK1",326,337,323,326
"NEK10",66,69,45,26
"NEK11",103,106,96,109
"NEK2",1246,1116,751,780
"NEK3",620,639,661,821
"NEK4",784,741,424,406
"NEK5",7,8,5,6
"NEK6",981,842,1272,1138
"NEK7",167,186,193,123
"NEK8",171,197,126,126
"NEK9",3165,3037,2991,3577
"NELFA",1986,1939,1164,1357
"NELFB",1887,1683,1486,1420
"NELFCD",1562,1617,1353,1672
"NELFE",3576,3094,1867,2303
"NELL1",11,1,6,4
"NELL2",7,1,4,2
"NEMF",1551,1482,1105,1131
"NEMP1",2251,2386,1400,1360
"NEMP2",127,126,146,141
"NENF",1422,1166,1280,1336
"NEO1",324,261,496,550
"NES",7765,7341,14962,18794
"NET1",1119,1054,1470,1323
"NETO1",0,0,0,0
"NETO2",1062,1086,901,1023
"NEU1",5552,4945,9948,12703
"NEU2",0,0,0,0
"NEU3",90,104,73,69
"NEU4",0,1,2,0
"NEURL1",556,514,1648,1096
"NEURL1-AS1",0,2,11,3
"NEURL1B",78,78,130,143
"NEURL2",222,237,92,99
"NEURL3",28,11,82,53
"NEURL4",1667,1809,1108,1083
"NEUROD1",0,0,0,0
"NEUROD2",3,4,0,0
"NEUROD4",0,0,0,0
"NEUROD6",0,0,0,0
"NEUROG1",0,0,0,0
"NEUROG2",1,4,2,3
"NEUROG3",0,0,0,0
"NEXN",299,303,663,826
"NEXN-AS1",31,28,52,38
"NF1",924,1079,1223,1142
"NF1P2",0,0,0,0
"NF2",1963,1920,1355,1506
"NFAM1",8,8,128,105
"NFASC",6,4,30,17
"NFAT5",2574,2648,2319,1625
"NFATC1",538,516,586,663
"NFATC2",157,176,121,168
"NFATC2IP",2018,2159,1655,1395
"NFATC3",1446,1396,1028,1140
"NFATC4",1930,2066,1776,1919
"NFE2",446,400,100,117
"NFE2L1",4840,4136,6224,5878
"NFE2L2",3170,2742,2488,2651
"NFE2L3",8142,7224,4285,5250
"NFIA",31,38,31,33
"NFIA-AS1",1,0,0,0
"NFIA-AS2",0,1,8,15
"NFIB",3,6,3,1
"NFIC",1102,996,910,869
"NFIL3",30,32,100,71
"NFIX",131,119,64,50
"NFKB1",628,544,649,752
"NFKB2",1905,1559,1210,1162
"NFKBIA",1996,1606,2069,2152
"NFKBIB",1914,1616,808,951
"NFKBID",130,144,98,92
"NFKBIE",1358,1183,1207,1238
"NFKBIL1",551,491,422,448
"NFKBIZ",30,25,65,46
"NFRKB",1958,2017,1230,1435
"NFS1",1246,1097,819,752
"NFU1",849,789,706,974
"NFX1",1623,1574,919,1110
"NFXL1",774,831,412,381
"NFYA",1211,1167,486,599
"NFYB",1610,1505,1184,1529
"NFYC",840,816,725,813
"NFYC-AS1",113,117,91,105
"NGB",0,0,1,0
"NGDN",1281,1192,507,666
"NGEF",13,5,12,11
"NGF",0,0,0,0
"NGFR",234,195,17,24
"NGFRAP1",6365,5850,6657,7678
"NGLY1",894,810,646,827
"NGRN",4014,3605,2916,3449
"NHEG1",0,0,0,0
"NHEJ1",526,482,386,464
"NHLH1",11,15,12,10
"NHLH2",1,0,0,0
"NHLRC1",0,0,0,0
"NHLRC2",253,224,248,135
"NHLRC3",190,189,293,280
"NHLRC4",11,16,26,11
"NHP2",3979,3574,1916,1892
"NHP2L1",6241,5271,2683,2843
"NHS",0,0,0,1
"NHS-AS1",0,0,0,0
"NHSL1",197,156,289,269
"NHSL2",14,12,20,24
"NICN1",329,338,580,556
"NID1",1379,1269,1835,1786
"NID2",13,10,10,14
"NIF3L1",570,553,347,449
"NIFK",3213,2963,1281,1595
"NIFK-AS1",966,854,506,611
"NIM1K",5,3,9,11
"NIN",176,166,522,432
"NINJ1",1266,1179,1790,1718
"NINJ2",39,39,12,11
"NINL",775,896,810,880
"NIP7",3019,2737,1013,1146
"NIPA1",3369,3247,2242,2344
"NIPA2",3070,3010,1991,1804
"NIPAL1",1,2,6,0
"NIPAL2",3,3,20,20
"NIPAL3",265,265,436,373
"NIPAL4",8,3,27,26
"NIPBL",1385,1366,1341,1693
"NIPBL-AS1",576,572,393,381
"NIPSNAP1",4149,3534,2990,3422
"NIPSNAP3A",195,144,176,162
"NIPSNAP3B",25,33,40,47
"NISCH",2339,2563,2950,3086
"NIT1",647,572,549,563
"NIT2",997,878,656,618
"NKAIN1",183,198,81,86
"NKAIN2",0,0,2,0
"NKAIN3",0,0,0,0
"NKAIN4",402,455,226,243
"NKAP",979,840,496,644
"NKAPL",2,1,1,0
"NKAPP1",2,1,4,1
"NKD1",15,14,6,8
"NKD2",229,269,329,303
"NKG7",5,11,2,4
"NKILA",36,39,28,34
"NKIRAS1",491,456,370,364
"NKIRAS2",1291,1176,1242,1247
"NKPD1",6,5,8,8
"NKRF",806,795,476,474
"NKTR",1025,1349,1501,1521
"NKX1-1",0,1,0,0
"NKX1-2",6,2,3,7
"NKX2-1",0,0,0,0
"NKX2-1-AS1",0,0,0,0
"NKX2-2",0,0,0,0
"NKX2-3",1,0,0,0
"NKX2-4",0,0,0,1
"NKX2-5",5,2,0,1
"NKX2-6",0,0,0,0
"NKX2-8",0,0,0,0
"NKX3-1",61,48,119,132
"NKX3-2",7,6,28,14
"NKX6-1",0,0,0,0
"NKX6-2",1,4,1,1
"NKX6-3",0,0,0,1
"NLE1",1438,1352,511,545
"NLGN1",73,63,82,59
"NLGN1-AS1",0,0,0,0
"NLGN2",3546,4051,3480,3750
"NLGN3",40,28,45,46
"NLGN4X",20,41,28,33
"NLGN4Y",511,534,602,498
"NLGN4Y-AS1",0,0,3,12
"NLK",397,428,444,334
"NLN",1763,1759,1119,1520
"NLRC3",29,33,20,29
"NLRC4",25,29,31,28
"NLRC5",3,4,46,47
"NLRP1",53,41,90,59
"NLRP10",4,4,2,1
"NLRP11",35,28,15,7
"NLRP12",4,8,8,3
"NLRP13",4,2,0,0
"NLRP14",6,9,3,3
"NLRP2",4,4,2,1
"NLRP3",3,1,1,3
"NLRP4",108,118,16,9
"NLRP5",1,2,3,3
"NLRP6",2,5,4,1
"NLRP7",1,4,3,5
"NLRP8",0,0,0,0
"NLRP9",14,15,7,9
"NLRX1",3,1,10,4
"NMB",84,57,57,64
"NMBR",2,2,0,0
"NMD3",1362,1283,1031,745
"NME1",7074,6005,3064,3342
"NME1-NME2",9615,8172,6508,7191
"NME2",7783,6683,5856,6348
"NME3",862,862,647,654
"NME4",3725,3280,2716,2977
"NME5",0,0,0,0
"NME6",226,194,246,209
"NME7",641,619,787,761
"NME8",0,0,0,0
"NME9",3,12,5,5
"NMI",0,1,2,1
"NMNAT1",554,479,312,440
"NMNAT2",44,40,89,80
"NMNAT3",1,2,1,1
"NMRAL1",2131,1807,1205,1177
"NMRK1",86,53,69,83
"NMRK2",1870,1785,686,894
"NMS",0,0,0,0
"NMT1",4171,3952,3306,3906
"NMT2",557,528,670,731
"NMU",14,14,16,9
"NMUR1",0,0,0,0
"NMUR2",0,0,0,0
"NNAT",5,1,10,10
"NNMT",0,0,7,4
"NNT",197,232,266,202
"NNT-AS1",18,12,15,23
"NOA1",989,896,612,719
"NOB1",3792,3311,1697,2096
"NOBOX",0,0,0,0
"NOC2L",9117,8599,5163,5652
"NOC3L",1784,1709,822,810
"NOC4L",844,795,374,374
"NOD1",103,125,140,151
"NOD2",0,2,0,0
"NODAL",6,7,6,8
"NOG",6,3,19,28
"NOL10",2302,2154,1016,1245
"NOL11",2553,2486,1125,1185
"NOL12",513,538,288,351
"NOL3",328,416,274,366
"NOL4",0,0,2,3
"NOL4L",360,356,651,703
"NOL6",3235,3214,1343,1455
"NOL7",1323,1238,787,953
"NOL8",1695,1891,935,1052
"NOL9",1479,1438,862,1201
"NOLC1",11882,11544,4298,4851
"NOM1",1191,1126,750,944
"NOMO1",4132,3721,5120,4540
"NOMO2",6954,6381,8445,7634
"NOMO3",4230,3865,5063,4644
"NONO",9995,9305,7373,8868
"NOP10",4139,3737,2202,2925
"NOP14",3427,3171,1971,2415
"NOP14-AS1",587,579,432,536
"NOP16",2658,2492,859,1098
"NOP2",5392,5468,2249,2680
"NOP56",7293,7510,3558,4592
"NOP58",4202,4236,2218,3173
"NOP9",1728,1637,1255,1524
"NOS1",5,3,0,0
"NOS1AP",5,15,78,91
"NOS2",117,116,84,74
"NOS3",726,723,398,367
"NOSIP",2426,2177,1694,1861
"NOSTRIN",7,14,9,9
"NOTCH1",1429,1516,1812,1766
"NOTCH2",1633,1691,2777,2515
"NOTCH2NL",229,244,234,270
"NOTCH3",1716,1784,951,909
"NOTCH4",63,47,25,31
"NOTO",0,1,0,0
"NOTUM",60,30,31,56
"NOV",0,1,1,3
"NOVA1",27,25,32,49
"NOVA2",25,35,24,22
"NOX1",14,12,10,10
"NOX3",1,0,0,0
"NOX4",5,5,0,0
"NOX5",0,2,5,5
"NOXA1",13,13,34,20
"NOXO1",163,120,43,65
"NOXRED1",27,20,13,17
"NPAP1",0,0,0,0
"NPAS1",562,452,1399,1392
"NPAS2",0,1,0,1
"NPAS3",0,0,1,0
"NPAS4",14,18,12,13
"NPAT",417,436,368,314
"NPB",90,91,51,51
"NPBWR1",0,0,0,0
"NPBWR2",0,0,0,0
"NPC1",1752,1480,1951,1906
"NPC1L1",11,17,41,26
"NPC2",3501,2768,5123,5941
"NPDC1",2669,3010,2445,2508
"NPEPL1",272,407,441,336
"NPEPPS",2261,2162,2124,2423
"NPFF",49,52,34,71
"NPFFR1",0,0,0,0
"NPFFR2",1,0,3,2
"NPHP1",317,326,188,209
"NPHP3",523,569,578,578
"NPHP3-ACAD11",1975,1857,2058,1739
"NPHP3-AS1",2,1,3,1
"NPHP4",445,498,328,304
"NPHS1",12,17,29,18
"NPHS2",0,0,1,1
"NPIPA1",975,1119,1212,1509
"NPIPA2",1250,1409,1426,1705
"NPIPA3",1258,1425,1432,1720
"NPIPA5",1685,1885,2083,2518
"NPIPA7",1177,1356,1394,1516
"NPIPA8",1177,1356,1394,1516
"NPIPB15",71,104,80,89
"NPIPB3",3335,4773,3533,3842
"NPIPB5",3330,4798,3597,3912
"NPIPB6",209,236,152,214
"NPIPB9",161,209,111,184
"NPL",16,18,21,15
"NPLOC4",5326,5155,4403,4199
"NPM1",34471,31761,14871,17771
"NPM2",5,3,3,2
"NPM3",2534,2056,1020,1217
"NPNT",3,0,4,0
"NPPA",48,45,21,43
"NPPA-AS1",112,166,147,159
"NPPB",6,4,181,245
"NPPC",142,132,18,17
"NPR1",15,16,9,10
"NPR2",29,35,18,41
"NPR3",0,1,0,0
"NPRL2",527,546,333,363
"NPRL3",1746,1529,1180,1107
"NPS",0,0,0,0
"NPSR1",0,0,0,0
"NPSR1-AS1",0,0,0,0
"NPTN",1190,1102,1644,1082
"NPTN-IT1",7,7,10,8
"NPTX1",42,31,15,25
"NPTX2",11,10,13,5
"NPTXR",1310,1326,2134,2122
"NPVF",2,1,1,2
"NPW",11,20,9,10
"NPY",0,0,0,0
"NPY1R",0,0,0,0
"NPY2R",6,6,4,7
"NPY4R",0,0,0,0
"NPY5R",0,0,0,0
"NPY6R",2,0,0,4
"NQO1",3764,3228,2436,2922
"NQO2",1941,1750,1879,1709
"NR0B1",0,0,1,0
"NR0B2",0,2,1,3
"NR1D1",318,278,69,49
"NR1D2",693,610,350,254
"NR1H2",781,720,382,399
"NR1H3",248,192,222,167
"NR1H4",0,1,0,0
"NR1I2",0,0,0,0
"NR1I3",117,120,107,123
"NR2C1",1201,1408,1298,1354
"NR2C2",822,1149,810,728
"NR2C2AP",1076,1029,624,616
"NR2E1",2,0,14,14
"NR2E3",6,9,9,3
"NR2F1",4208,4190,3610,3933
"NR2F1-AS1",348,297,375,320
"NR2F2",2048,1941,1376,1180
"NR2F2-AS1",11,7,16,11
"NR2F6",4534,4216,2830,3006
"NR3C1",1,0,1,1
"NR3C2",1,4,1,1
"NR4A1",788,841,704,898
"NR4A2",6,6,1,1
"NR4A3",38,51,22,35
"NR5A1",22,10,11,11
"NR5A2",0,1,0,0
"NR6A1",573,632,658,763
"NRADDP",4,10,5,2
"NRAP",0,3,0,1
"NRARP",367,311,73,77
"NRAS",2708,2441,2172,1660
"NRAV",392,316,358,388
"NRBF2",773,694,664,750
"NRBP1",2138,1893,2056,2384
"NRBP2",1542,1888,2083,1871
"NRCAM",1,1,2,1
"NRD1",6608,6590,5352,5597
"NRDE2",730,724,557,567
"NREP",1,2,8,12
"NREP-AS1",0,0,0,0
"NRF1",433,477,362,382
"NRG1",24,32,52,43
"NRG1-IT1",0,0,0,0
"NRG1-IT3",0,0,0,0
"NRG2",66,45,49,50
"NRG3",0,0,0,0
"NRG3-AS1",0,0,0,0
"NRG4",57,91,87,102
"NRGN",78,94,457,399
"NRIP1",1718,1576,1558,1111
"NRIP2",10,27,27,28
"NRIP3",30,26,0,3
"NRIR",0,0,0,0
"NRK",0,1,0,0
"NRL",27,30,85,107
"NRM",707,693,579,715
"NRN1",0,0,0,0
"NRN1L",2,5,14,7
"NRON",1,3,1,0
"NRP1",481,505,709,655
"NRP2",6,9,24,15
"NRROS",3663,3210,679,672
"NRSN1",0,0,0,0
"NRSN2",1684,1539,1491,1566
"NRSN2-AS1",128,99,79,101
"NRTN",116,121,56,66
"NRXN1",6,4,2,0
"NRXN2",105,81,82,89
"NRXN3",1,0,0,1
"NSA2",1368,1336,1033,1271
"NSD1",2621,2610,2032,2376
"NSDHL",1467,1312,936,1062
"NSF",1049,994,1086,971
"NSFL1C",3335,3151,2545,2948
"NSFP1",131,147,141,121
"NSG1",1418,1182,1311,1554
"NSL1",902,871,663,580
"NSMAF",1239,1211,996,1193
"NSMCE1",788,666,630,661
"NSMCE2",400,322,378,466
"NSMCE4A",1802,1620,952,1099
"NSMF",3641,3764,3042,3117
"NSRP1",1106,1203,757,1164
"NSUN2",5904,5737,2952,3227
"NSUN3",81,76,59,58
"NSUN4",536,499,412,520
"NSUN5",2857,2604,1858,1992
"NSUN5P1",1119,1352,1192,1208
"NSUN5P2",1219,1343,1185,1344
"NSUN6",358,361,271,321
"NSUN7",1,0,0,2
"NT5C",1007,964,587,647
"NT5C1A",0,0,0,0
"NT5C1B",38,58,9,20
"NT5C1B-RDH14",667,646,424,470
"NT5C2",4092,3847,3537,4116
"NT5C3A",570,577,361,352
"NT5C3B",1675,1615,1541,1747
"NT5DC1",715,665,655,586
"NT5DC2",4057,3643,5460,6212
"NT5DC3",464,501,499,592
"NT5E",40,35,49,25
"NT5M",144,94,48,60
"NTAN1",1305,1202,974,1113
"NTF3",0,0,0,0
"NTF4",183,163,226,210
"NTHL1",278,263,184,205
"NTM",264,254,234,213
"NTM-IT",0,0,0,0
"NTMT1",2494,2155,1397,1374
"NTN1",157,164,301,230
"NTN3",8,5,4,5
"NTN4",93,101,650,700
"NTN5",26,46,15,23
"NTNG1",830,817,587,736
"NTNG2",69,66,17,7
"NTPCR",988,819,746,678
"NTRK1",4,2,6,7
"NTRK2",0,2,3,0
"NTRK3",18,19,2,3
"NTRK3-AS1",0,0,0,0
"NTS",0,0,1,0
"NTSR1",11,11,6,2
"NTSR2",0,1,1,0
"NUAK1",1991,1898,1706,1802
"NUAK2",1916,1862,1201,1270
"NUB1",817,730,740,812
"NUBP1",357,300,320,396
"NUBP2",1637,1410,1019,874
"NUBPL",217,211,176,202
"NUCB1",2869,2597,3258,3322
"NUCB1-AS1",179,180,207,243
"NUCB2",228,221,374,475
"NUCKS1",10625,9978,9220,10075
"NUDC",7799,7576,3937,4548
"NUDCD1",1109,1052,608,630
"NUDCD2",715,658,386,387
"NUDCD3",1572,1453,1204,1348
"NUDT1",320,326,221,210
"NUDT10",8,18,1,5
"NUDT11",99,117,65,46
"NUDT12",397,423,228,145
"NUDT13",34,46,22,20
"NUDT14",788,678,715,762
"NUDT15",1435,1419,1085,1086
"NUDT16",1161,1122,1377,1826
"NUDT16L1",1095,926,984,980
"NUDT16P1",1,2,5,4
"NUDT17",67,74,99,112
"NUDT18",78,64,180,183
"NUDT19",1119,1144,630,668
"NUDT2",499,430,284,349
"NUDT21",4651,4565,3076,2586
"NUDT22",364,304,309,323
"NUDT3",1239,1090,726,853
"NUDT4",1561,1508,4135,3551
"NUDT4P1",1518,1459,3997,3385
"NUDT4P2",1517,1458,3997,3385
"NUDT5",4856,4193,2918,3174
"NUDT6",533,517,463,385
"NUDT7",114,91,97,94
"NUDT8",156,126,83,74
"NUDT9",510,487,1419,1751
"NUDT9P1",2,2,0,1
"NUF2",325,363,315,387
"NUFIP1",1007,984,337,506
"NUFIP2",2912,3073,2133,1829
"NUGGC",1,0,1,1
"NUMA1",3757,3946,4438,4928
"NUMB",1294,1288,1677,1703
"NUMBL",1329,1337,818,858
"NUP107",1137,1153,714,884
"NUP133",2216,2163,1583,1844
"NUP153",2763,2961,1345,1320
"NUP155",1512,1576,746,760
"NUP160",2243,2277,1221,1052
"NUP188",3487,3617,1938,2017
"NUP205",2473,2393,1642,1769
"NUP210",2769,2805,2740,2460
"NUP210L",10,2,3,7
"NUP210P1",0,0,0,0
"NUP214",1606,1700,1097,1190
"NUP35",431,398,210,236
"NUP37",1578,1495,1008,1349
"NUP43",1726,1547,1072,1391
"NUP50",3623,3765,2220,2178
"NUP50-AS1",559,467,440,394
"NUP54",2142,1974,961,915
"NUP62",5279,4973,2684,3048
"NUP62CL",0,0,0,0
"NUP85",1269,1272,888,978
"NUP88",2208,2146,1404,1779
"NUP93",2530,2461,1843,2029
"NUP98",4329,4199,2806,2857
"NUPL1",1425,1347,772,620
"NUPL2",569,586,516,550
"NUPR1",11079,7845,4716,3815
"NUPR1L",0,0,0,0
"NUS1",2808,2703,1561,1363
"NUSAP1",2344,2408,2035,2035
"NUTF2",3623,3303,3089,3896
"NUTM1",3,2,0,1
"NUTM2A",101,110,140,176
"NUTM2A-AS1",262,231,224,215
"NUTM2B",99,111,123,160
"NUTM2B-AS1",542,533,465,463
"NUTM2D",73,80,89,118
"NUTM2F",12,9,5,6
"NUTM2G",17,21,23,16
"NVL",2296,2103,917,1041
"NWD1",1,0,2,0
"NWD2",0,0,0,0
"NXF1",4537,4771,2281,2670
"NXF2",0,0,0,0
"NXF2B",0,0,0,0
"NXF3",2,1,21,28
"NXF4",5,1,0,2
"NXF5",0,0,0,0
"NXN",3754,3320,4691,4840
"NXNL1",0,0,3,1
"NXNL2",31,37,39,34
"NXPE1",0,0,0,0
"NXPE2",0,0,0,0
"NXPE3",433,399,833,707
"NXPE4",0,0,0,0
"NXPH1",2,1,1,0
"NXPH2",0,0,0,0
"NXPH3",2108,1812,513,801
"NXPH4",26,18,38,25
"NXT1",1097,946,524,534
"NXT2",109,91,87,50
"NYAP1",1285,1207,754,637
"NYAP2",0,0,0,0
"NYNRIN",2332,2340,4040,3970
"NYX",0,0,1,6
"OACYLP",0,0,0,0
"OAF",541,493,634,692
"OARD1",599,590,367,490
"OAS1",1,1,1,1
"OAS2",1,0,2,1
"OAS3",30,34,147,139
"OASL",1,0,1,0
"OAT",2805,2524,2071,2001
"OAZ1",10645,9555,8327,8116
"OAZ2",1714,1580,1572,1697
"OAZ3",263,271,172,212
"OBFC1",333,307,403,390
"OBP2A",0,0,0,0
"OBP2B",0,0,0,0
"OBSCN",796,954,683,742
"OBSL1",1885,1766,2776,3119
"OC90",0,0,0,0
"OCA2",68,62,88,110
"OCEL1",408,319,228,200
"OCIAD1",3146,2671,2331,2416
"OCIAD2",9,4,15,10
"OCLM",2,3,0,3
"OCLN",217,209,910,710
"OCM",1,0,1,0
"OCM2",1,0,0,0
"OCRL",1060,1081,1173,1192
"OCSTAMP",0,0,1,1
"ODAM",0,0,0,0
"ODC1",13729,11777,7432,8318
"ODF1",0,0,1,0
"ODF2",1540,1581,976,1163
"ODF2L",430,478,573,555
"ODF3",0,0,0,0
"ODF3B",6,6,4,5
"ODF3L1",4,10,19,18
"ODF3L2",43,31,12,9
"ODF4",0,0,1,0
"OFD1",772,884,522,604
"OGDH",2784,2412,2635,2640
"OGDHL",506,588,651,760
"OGFOD1",2180,2074,1285,1525
"OGFOD2",624,671,359,352
"OGFOD3",624,525,812,878
"OGFR",1510,1388,1399,1626
"OGFR-AS1",5,8,10,10
"OGFRL1",7,4,38,30
"OGFRP1",19,15,8,17
"OGG1",496,493,413,448
"OGN",1,2,1,0
"OGT",2887,3409,2802,2717
"OIP5",490,506,294,346
"OIP5-AS1",782,691,570,528
"OIT3",0,0,1,3
"OLA1",4316,3886,2711,2886
"OLAH",4,2,54,44
"OLFM1",131,123,45,38
"OLFM2",652,561,471,551
"OLFM3",0,0,0,0
"OLFM4",0,0,0,0
"OLFML1",194,174,508,598
"OLFML2A",166,154,527,740
"OLFML2B",11,4,117,114
"OLFML3",6,7,91,108
"OLIG1",0,0,0,0
"OLIG2",0,0,0,0
"OLIG3",0,0,0,0
"OLMALINC",45,33,67,66
"OLR1",12,8,43,28
"OMA1",409,388,167,200
"OMD",0,1,0,1
"OMG",7,4,3,5
"OMP",1,0,0,0
"ONECUT1",0,0,0,0
"ONECUT2",18,10,6,4
"ONECUT3",6,3,0,0
"OOEP",4,2,1,0
"OOSP1",0,0,0,0
"OOSP2",0,0,0,0
"OPA1",2021,2005,1410,1218
"OPA1-AS1",0,2,0,0
"OPA3",1104,1005,945,1111
"OPALIN",0,0,1,1
"OPCML",0,2,4,0
"OPHN1",63,78,115,120
"OPLAH",8,1,3,4
"OPN1LW",2,0,0,0
"OPN1MW",2,2,0,2
"OPN1MW2",2,0,0,0
"OPN1SW",16,18,23,35
"OPN3",147,134,317,267
"OPN4",0,0,0,0
"OPN5",1,0,2,1
"OPRD1",0,0,0,0
"OPRK1",0,1,0,0
"OPRL1",65,74,74,74
"OPRM1",1,2,0,1
"OPTC",1,3,2,2
"OPTN",1022,970,1793,1777
"OR10A2",0,1,0,0
"OR10A3",1,3,3,0
"OR10A4",0,0,0,0
"OR10A5",0,0,0,0
"OR10A6",0,0,3,1
"OR10A7",0,0,0,0
"OR10AD1",0,0,0,0
"OR10AG1",0,0,0,0
"OR10C1",1,1,0,2
"OR10G2",0,0,0,0
"OR10G3",0,0,0,0
"OR10G4",0,0,0,0
"OR10G7",0,0,0,0
"OR10G8",0,0,0,0
"OR10G9",0,0,0,0
"OR10H1",1,2,2,6
"OR10H2",0,0,0,1
"OR10H3",0,0,0,0
"OR10H4",0,0,0,0
"OR10H5",0,1,1,0
"OR10J1",0,0,0,0
"OR10J3",0,0,0,0
"OR10J5",0,0,0,0
"OR10K1",0,0,0,0
"OR10K2",0,0,0,0
"OR10P1",0,0,0,0
"OR10Q1",0,0,0,0
"OR10R2",0,0,0,0
"OR10S1",0,0,0,0
"OR10T2",0,0,0,0
"OR10V1",0,0,0,0
"OR10V2P",1,0,0,0
"OR10W1",0,0,0,0
"OR10X1",0,0,0,0
"OR10Z1",0,0,0,0
"OR11A1",1,0,3,4
"OR11G2",0,0,0,0
"OR11H1",0,0,0,0
"OR11H12",0,0,0,0
"OR11H2",2,0,0,0
"OR11H4",0,0,0,1
"OR11H6",0,0,0,0
"OR11L1",0,0,0,0
"OR12D2",2,1,0,2
"OR12D3",0,2,2,0
"OR13A1",0,0,0,1
"OR13C2",0,0,0,0
"OR13C3",0,0,0,0
"OR13C4",0,0,0,0
"OR13C5",0,0,0,0
"OR13C8",0,0,0,0
"OR13C9",0,0,0,0
"OR13D1",0,0,0,0
"OR13F1",0,0,0,0
"OR13G1",0,0,0,0
"OR13H1",0,0,0,0
"OR13J1",1,1,1,0
"OR14A16",0,0,0,0
"OR14C36",0,0,0,0
"OR14I1",0,0,0,0
"OR14J1",1,1,0,1
"OR1A1",0,0,0,0
"OR1A2",0,0,0,0
"OR1B1",0,0,0,0
"OR1C1",0,0,0,0
"OR1D2",0,0,0,0
"OR1D4",0,0,0,0
"OR1D5",0,0,0,0
"OR1E1",1,0,0,0
"OR1E2",1,0,0,0
"OR1F1",12,11,10,4
"OR1F2P",4,5,4,4
"OR1G1",0,0,0,0
"OR1I1",0,0,0,0
"OR1J1",0,0,0,0
"OR1J2",0,0,0,0
"OR1J4",0,0,0,0
"OR1K1",1,0,0,0
"OR1L1",0,0,0,0
"OR1L3",0,0,0,0
"OR1L4",0,0,0,0
"OR1L6",0,0,0,0
"OR1L8",0,1,0,0
"OR1M1",0,0,0,0
"OR1N1",1,0,0,0
"OR1N2",0,0,0,0
"OR1Q1",0,0,0,0
"OR1S1",0,0,0,0
"OR1S2",0,0,0,0
"OR2A1",0,0,0,0
"OR2A1-AS1",0,0,0,0
"OR2A12",0,0,0,0
"OR2A14",0,0,0,0
"OR2A2",0,0,0,0
"OR2A20P",0,1,0,0
"OR2A25",0,0,0,0
"OR2A4",0,0,0,0
"OR2A42",0,0,0,0
"OR2A5",0,0,0,0
"OR2A7",0,0,0,0
"OR2A9P",0,1,0,0
"OR2AE1",3,0,0,0
"OR2AG1",0,0,0,0
"OR2AG2",1,0,0,0
"OR2AK2",0,0,0,0
"OR2AP1",0,0,0,0
"OR2AT4",0,0,0,1
"OR2B11",0,0,0,0
"OR2B2",1,0,0,0
"OR2B3",5,9,3,3
"OR2B6",16,24,3,8
"OR2C1",1,0,0,0
"OR2C3",0,0,0,0
"OR2D2",0,0,1,0
"OR2D3",0,0,0,0
"OR2F1",0,0,0,0
"OR2F2",0,0,0,0
"OR2G2",0,0,0,0
"OR2G3",0,0,0,0
"OR2G6",0,0,0,0
"OR2H1",0,1,3,0
"OR2H2",0,2,0,6
"OR2J2",0,0,0,0
"OR2J3",35,44,32,22
"OR2K2",0,1,0,1
"OR2L13",0,0,0,0
"OR2L1P",0,0,0,0
"OR2L2",0,0,0,0
"OR2L3",0,0,0,0
"OR2L5",0,0,0,0
"OR2L8",0,0,0,0
"OR2M1P",0,0,0,0
"OR2M2",0,0,0,0
"OR2M3",0,0,0,0
"OR2M4",0,0,0,0
"OR2M5",0,0,0,0
"OR2M7",0,0,0,0
"OR2S2",0,0,0,0
"OR2T1",0,0,0,0
"OR2T10",0,0,0,0
"OR2T11",0,0,0,0
"OR2T12",0,0,0,0
"OR2T2",0,0,0,0
"OR2T27",0,0,0,0
"OR2T29",0,0,0,0
"OR2T3",0,0,0,0
"OR2T33",0,0,0,0
"OR2T34",0,0,0,0
"OR2T35",0,0,0,0
"OR2T4",0,0,0,0
"OR2T5",0,0,0,0
"OR2T6",0,0,0,0
"OR2T8",0,0,0,0
"OR2V1",0,0,0,1
"OR2V2",0,0,0,0
"OR2W1",1,1,0,0
"OR2W3",0,0,0,0
"OR2W5",0,0,0,0
"OR2Y1",0,0,0,0
"OR2Z1",0,0,0,0
"OR3A1",0,0,0,0
"OR3A2",0,0,0,0
"OR3A3",0,0,0,0
"OR3A4P",0,0,0,0
"OR4A15",0,0,0,0
"OR4A16",0,1,0,0
"OR4A47",0,0,0,0
"OR4A5",0,0,0,0
"OR4B1",0,0,0,0
"OR4C11",0,0,0,0
"OR4C12",0,0,0,0
"OR4C13",0,0,0,0
"OR4C15",0,0,0,0
"OR4C16",0,0,0,0
"OR4C3",0,0,0,0
"OR4C45",0,0,0,0
"OR4C46",0,0,0,0
"OR4C6",0,0,0,0
"OR4D1",0,0,0,0
"OR4D10",1,1,0,0
"OR4D11",0,0,0,0
"OR4D2",0,0,0,0
"OR4D5",0,0,0,0
"OR4D6",1,0,0,0
"OR4D9",0,0,0,0
"OR4E2",0,0,0,0
"OR4F13P",0,0,0,0
"OR4F15",0,0,0,0
"OR4F16",44,55,65,32
"OR4F17",0,0,1,0
"OR4F21",8,10,9,5
"OR4F29",44,55,65,32
"OR4F3",44,55,65,32
"OR4F4",0,0,1,0
"OR4F5",0,0,0,0
"OR4F6",0,0,0,0
"OR4K1",0,0,1,0
"OR4K13",0,0,0,0
"OR4K14",0,0,0,0
"OR4K15",0,0,0,0
"OR4K17",0,0,0,0
"OR4K2",0,0,0,0
"OR4K5",0,0,0,1
"OR4L1",1,0,0,0
"OR4M1",0,0,0,0
"OR4M2",0,0,0,0
"OR4N2",1,0,1,1
"OR4N3P",0,0,0,0
"OR4N4",0,0,0,0
"OR4N5",0,0,0,0
"OR4P4",0,0,0,0
"OR4Q3",0,0,0,0
"OR4S1",0,0,0,0
"OR4S2",0,0,0,0
"OR4X1",0,0,0,0
"OR4X2",0,0,0,0
"OR51A2",0,0,0,0
"OR51A4",0,0,0,0
"OR51A7",0,0,0,0
"OR51B2",0,0,0,0
"OR51B4",0,0,0,0
"OR51B5",0,0,0,0
"OR51B6",0,0,0,0
"OR51D1",0,0,0,0
"OR51E1",0,0,0,0
"OR51E2",0,0,0,0
"OR51F1",0,0,0,0
"OR51F2",0,0,0,0
"OR51G1",0,0,0,0
"OR51G2",0,0,0,0
"OR51I1",0,0,0,0
"OR51I2",0,0,0,0
"OR51L1",0,0,0,0
"OR51M1",0,0,0,0
"OR51Q1",0,0,0,0
"OR51S1",0,0,0,0
"OR51T1",0,0,0,0
"OR51V1",0,0,0,0
"OR52A1",0,0,0,0
"OR52A5",0,0,0,0
"OR52B2",0,0,0,0
"OR52B4",0,0,0,0
"OR52B6",0,0,0,0
"OR52D1",0,0,0,0
"OR52E2",0,2,0,0
"OR52E4",0,0,0,0
"OR52E6",0,0,0,0
"OR52E8",0,0,0,0
"OR52H1",0,0,0,0
"OR52I1",0,0,0,0
"OR52I2",0,0,0,0
"OR52J3",0,0,0,0
"OR52K1",0,1,0,0
"OR52K2",0,1,2,0
"OR52L1",0,0,0,0
"OR52M1",0,0,0,0
"OR52N1",0,0,0,0
"OR52N2",0,0,0,0
"OR52N4",0,0,0,0
"OR52N5",0,0,0,0
"OR52R1",0,0,0,0
"OR52W1",0,0,0,0
"OR56A1",0,0,0,0
"OR56A3",0,0,0,0
"OR56A4",0,0,0,0
"OR56A5",0,0,0,0
"OR56B1",0,0,0,0
"OR56B4",0,0,1,0
"OR5A1",0,0,0,0
"OR5A2",0,0,0,0
"OR5AC2",0,0,0,0
"OR5AK2",0,0,0,0
"OR5AK4P",0,0,0,0
"OR5AN1",0,0,0,0
"OR5AP2",0,0,0,0
"OR5AR1",0,0,0,0
"OR5AS1",0,0,0,0
"OR5AU1",0,0,0,0
"OR5B12",0,0,0,0
"OR5B17",0,0,0,0
"OR5B2",0,0,0,0
"OR5B21",0,0,0,0
"OR5B3",0,0,0,0
"OR5C1",0,0,2,0
"OR5D13",0,0,0,0
"OR5D14",0,0,0,0
"OR5D16",0,0,0,0
"OR5D18",0,0,0,0
"OR5E1P",1,7,4,2
"OR5F1",0,0,0,0
"OR5H1",0,0,1,0
"OR5H14",0,0,1,0
"OR5H15",0,0,1,0
"OR5H2",0,0,0,0
"OR5H6",0,0,0,0
"OR5I1",0,0,0,0
"OR5J2",0,0,0,0
"OR5K1",0,0,0,0
"OR5K2",1,0,1,0
"OR5K3",0,0,0,0
"OR5K4",0,0,0,0
"OR5L1",0,0,0,0
"OR5L2",0,0,0,0
"OR5M1",0,0,0,0
"OR5M10",0,0,0,0
"OR5M11",0,0,0,0
"OR5M3",0,0,0,0
"OR5M8",0,0,0,0
"OR5M9",0,0,0,0
"OR5P2",2,0,1,2
"OR5P3",5,5,3,0
"OR5R1",0,0,0,0
"OR5T1",0,0,0,0
"OR5T2",0,0,0,0
"OR5T3",0,0,0,0
"OR5V1",1,2,1,1
"OR5W2",0,0,0,0
"OR6A2",0,0,0,0
"OR6B1",0,0,0,0
"OR6B2",0,0,0,0
"OR6B3",0,0,0,0
"OR6C1",0,0,0,0
"OR6C2",0,0,0,0
"OR6C3",0,0,0,0
"OR6C4",0,0,0,0
"OR6C6",0,0,0,0
"OR6C65",0,0,0,0
"OR6C68",0,0,0,0
"OR6C70",0,0,0,0
"OR6C74",0,0,0,0
"OR6C75",0,0,0,0
"OR6C76",0,0,0,0
"OR6F1",0,0,0,0
"OR6K2",0,0,0,0
"OR6K3",0,0,0,0
"OR6K6",0,0,0,0
"OR6M1",0,0,0,0
"OR6N1",0,0,0,0
"OR6N2",0,0,0,0
"OR6P1",0,0,0,0
"OR6Q1",0,0,0,0
"OR6S1",0,0,0,0
"OR6T1",0,0,0,0
"OR6V1",0,0,0,0
"OR6W1P",0,0,0,0
"OR6X1",0,0,0,0
"OR6Y1",0,0,0,0
"OR7A10",0,0,0,0
"OR7A17",0,0,0,0
"OR7A5",0,0,0,0
"OR7C1",0,0,0,0
"OR7C2",0,0,0,0
"OR7D2",2,3,1,3
"OR7D4",0,0,0,0
"OR7E12P",50,48,52,28
"OR7E14P",28,17,18,34
"OR7E156P",5,10,3,7
"OR7E24",0,0,0,0
"OR7E2P",0,0,1,2
"OR7E37P",66,57,60,35
"OR7E47P",0,0,0,0
"OR7E5P",1,0,0,0
"OR7E91P",0,0,0,0
"OR7G1",0,0,0,0
"OR7G2",0,0,0,0
"OR7G3",0,0,0,0
"OR8A1",0,0,0,0
"OR8B12",0,0,0,0
"OR8B2",0,0,0,0
"OR8B3",0,0,0,0
"OR8B4",0,0,0,0
"OR8B8",0,0,0,0
"OR8D1",0,0,0,0
"OR8D2",0,0,0,0
"OR8D4",0,0,0,0
"OR8G1",0,0,0,0
"OR8G2",0,0,0,0
"OR8G5",0,0,0,0
"OR8H1",0,0,0,0
"OR8H2",0,0,0,0
"OR8H3",0,0,0,0
"OR8I2",0,0,0,0
"OR8J1",0,0,0,0
"OR8J3",0,0,0,0
"OR8K1",0,0,0,0
"OR8K3",0,0,0,0
"OR8K5",0,0,0,0
"OR8S1",0,0,2,4
"OR8U1",0,0,0,0
"OR8U8",0,0,0,0
"OR9A2",0,0,0,0
"OR9A4",0,0,0,0
"OR9G1",0,0,0,0
"OR9G4",0,0,0,0
"OR9G9",0,0,0,0
"OR9I1",0,0,0,0
"OR9K2",0,0,0,0
"OR9Q1",0,0,0,0
"OR9Q2",0,0,0,0
"ORAI1",1650,1589,1513,1394
"ORAI2",2031,1979,1890,2179
"ORAI3",795,625,967,937
"ORAOV1",545,514,446,530
"ORC1",897,929,448,490
"ORC2",1326,1226,726,767
"ORC3",956,882,557,584
"ORC4",1320,1175,952,1015
"ORC5",1086,954,514,617
"ORC6",966,972,678,806
"ORM1",0,0,0,0
"ORM2",0,0,0,2
"ORMDL1",1362,1404,1055,1100
"ORMDL2",994,787,875,729
"ORMDL3",1076,968,1455,1528
"OS9",2163,1925,3145,3673
"OSBP",9554,8981,3659,4085
"OSBP2",215,224,268,270
"OSBPL10",3086,2881,2525,2524
"OSBPL10-AS1",0,0,0,0
"OSBPL11",545,502,424,375
"OSBPL1A",1943,1875,1474,1328
"OSBPL2",853,924,786,788
"OSBPL3",888,961,1304,935
"OSBPL5",202,208,280,303
"OSBPL6",149,129,122,134
"OSBPL7",406,496,556,569
"OSBPL8",1598,1609,1710,838
"OSBPL9",2540,2198,2846,3476
"OSCAR",39,30,13,6
"OSCP1",222,184,189,176
"OSER1",900,828,765,896
"OSER1-AS1",44,48,70,74
"OSGEP",637,627,528,675
"OSGEPL1",81,108,56,59
"OSGEPL1-AS1",20,16,9,17
"OSGIN1",1954,1658,302,424
"OSGIN2",1000,919,953,722
"OSM",1,2,2,0
"OSMR",3,2,2,1
"OSMR-AS1",0,0,0,0
"OSR1",21,12,38,41
"OSR2",174,208,316,424
"OST4",4070,3293,3756,4408
"OSTC",2112,1834,1665,1752
"OSTCP1",78,43,38,38
"OSTF1",50,29,103,113
"OSTM1",1184,1119,1241,950
"OSTN",0,1,3,0
"OTC",0,1,0,0
"OTOA",14,10,10,2
"OTOF",34,47,30,34
"OTOG",1,0,1,0
"OTOGL",5,3,6,0
"OTOL1",3,1,0,0
"OTOP1",0,0,0,0
"OTOP2",1,2,1,1
"OTOP3",2,1,0,0
"OTOR",0,0,1,0
"OTOS",1,0,0,1
"OTP",7,16,2,1
"OTUB1",3990,3869,2783,2971
"OTUB2",216,182,94,81
"OTUD1",69,84,86,67
"OTUD3",3028,3349,1168,1247
"OTUD4",1563,1517,882,713
"OTUD5",2905,2793,2437,2718
"OTUD6A",0,0,0,0
"OTUD6B",350,361,185,129
"OTUD6B-AS1",457,422,366,368
"OTUD7A",8,10,9,12
"OTUD7B",884,805,784,918
"OTULIN",440,461,350,382
"OTX1",185,201,103,133
"OTX2",4858,4868,2310,2949
"OTX2-AS1",82,76,21,22
"OVAAL",1,2,3,1
"OVCA2",921,843,1280,1317
"OVCH1",0,0,0,0
"OVCH1-AS1",0,0,2,1
"OVCH2",91,94,49,47
"OVGP1",43,74,27,60
"OVOL1",4,12,11,9
"OVOL1-AS1",4,0,1,1
"OVOL2",2,3,57,96
"OVOL3",9,14,6,6
"OXA1L",3911,3794,4643,4115
"OXCT1",395,372,410,475
"OXCT1-AS1",5,3,3,3
"OXCT2",15,17,26,20
"OXER1",0,1,3,1
"OXGR1",0,0,0,0
"OXLD1",1155,1065,801,753
"OXNAD1",312,273,195,199
"OXR1",104,100,96,40
"OXSM",257,236,161,170
"OXSR1",2004,2136,1829,1942
"OXT",0,3,0,2
"OXTR",113,118,41,61
"P2RX1",1,0,0,0
"P2RX2",11,14,15,24
"P2RX3",0,1,2,0
"P2RX4",257,228,429,368
"P2RX5",19,22,11,17
"P2RX5-TAX1BP3",5692,4711,4811,5037
"P2RX6",21,19,23,20
"P2RX6P",0,1,0,0
"P2RX7",0,0,0,2
"P2RY1",0,0,0,0
"P2RY10",0,0,0,0
"P2RY11",1469,1494,877,891
"P2RY12",0,0,0,0
"P2RY13",0,0,2,1
"P2RY14",0,0,0,0
"P2RY2",0,1,1,3
"P2RY4",1,6,3,0
"P2RY6",1,0,1,1
"P2RY8",609,630,461,453
"P3H1",1457,1408,2243,2213
"P3H2",4237,3894,3872,3853
"P3H2-AS1",7,4,5,4
"P3H3",791,764,893,997
"P3H4",673,602,746,837
"P4HA1",704,579,1040,911
"P4HA2",492,452,1105,1119
"P4HA2-AS1",77,59,169,130
"P4HA3",26,15,59,60
"P4HB",14129,12829,14402,12971
"P4HTM",2,5,3,5
"PA2G4",9681,9196,3847,4439
"PA2G4P4",3258,3107,1321,1707
"PAAF1",739,617,362,436
"PABPC1",56890,50992,26457,28085
"PABPC1L",326,416,348,312
"PABPC1L2A",3,2,2,1
"PABPC1L2B",4,0,2,2
"PABPC1L2B-AS1",0,0,0,1
"PABPC1P2",3,8,3,1
"PABPC3",4938,4222,2369,2575
"PABPC4",7344,7129,4168,4334
"PABPC4L",29,38,60,34
"PABPC5",0,0,0,0
"PABPC5-AS1",0,0,0,0
"PABPN1",6188,6469,4719,6063
"PABPN1L",0,1,2,1
"PACERR",0,0,0,0
"PACRG",21,21,7,13
"PACRG-AS1",0,0,0,0
"PACRGL",308,304,92,128
"PACS1",1540,1479,2999,3325
"PACS2",941,931,1147,1168
"PACSIN1",1,2,2,4
"PACSIN2",1554,1454,2031,1965
"PACSIN3",1850,1780,1189,1261
"PADI1",0,0,4,10
"PADI2",25,13,146,174
"PADI3",6,2,32,32
"PADI4",2,0,4,0
"PADI6",0,0,0,0
"PAEP",0,0,7,4
"PAF1",2028,1937,1921,2671
"PAFAH1B1",3373,3331,3281,3447
"PAFAH1B2",2870,2710,2158,2279
"PAFAH1B3",1581,1441,840,920
"PAFAH2",449,458,401,416
"PAG1",4,7,7,1
"PAGE1",0,0,0,0
"PAGE2",0,0,2,0
"PAGE2B",1,1,2,0
"PAGE3",0,0,0,0
"PAGE4",0,0,0,0
"PAGE5",0,0,0,0
"PAGR1",1884,2028,1434,1430
"PAH",0,0,1,0
"PAICS",9046,8837,5139,5834
"PAIP1",2130,1989,1671,1893
"PAIP2",3107,2733,2216,2498
"PAIP2B",173,141,262,232
"PAK1",1031,991,879,988
"PAK1IP1",1098,1001,299,412
"PAK2",6095,5579,3005,2516
"PAK3",0,0,1,0
"PAK4",1176,1145,1108,1359
"PAK6",192,180,170,168
"PAK7",0,0,0,0
"PALB2",953,905,480,527
"PALD1",1059,1233,683,754
"PALLD",31,26,95,100
"PALM",1894,1751,1415,1555
"PALM2",6,4,6,7
"PALM2-AKAP2",2,5,48,42
"PALM3",1724,1507,1158,1750
"PALMD",1494,1544,1299,1788
"PAM",12,9,75,100
"PAM16",962,873,500,508
"PAMR1",5,1,95,65
"PAN2",297,331,357,447
"PAN3",568,641,656,517
"PAN3-AS1",60,65,56,44
"PANDAR",253,237,214,279
"PANK1",571,561,491,535
"PANK2",1123,931,826,835
"PANK3",765,735,745,544
"PANK4",749,766,600,562
"PANO1",79,61,27,38
"PANX1",252,231,240,235
"PANX2",192,220,122,136
"PANX3",1,0,0,0
"PAOX",184,224,194,181
"PAPD4",1047,971,771,515
"PAPD5",387,397,434,200
"PAPD7",898,919,741,736
"PAPL",0,3,0,0
"PAPLN",20,23,28,32
"PAPOLA",4879,4721,3906,3451
"PAPOLB",8,9,3,4
"PAPOLG",493,484,407,315
"PAPPA",1233,1127,711,415
"PAPPA-AS1",503,449,295,197
"PAPPA2",0,0,0,0
"PAPSS1",1775,1525,2305,2308
"PAPSS2",32,24,448,233
"PAQR3",296,233,224,114
"PAQR4",1910,1856,1156,1290
"PAQR5",15,9,19,13
"PAQR6",189,265,227,266
"PAQR7",2377,2277,1245,1430
"PAQR8",802,709,1057,1297
"PAQR9",3,3,68,55
"PAQR9-AS1",4,1,3,9
"PARD3",2729,2549,3197,3617
"PARD3-AS1",7,10,15,15
"PARD3B",4,3,22,38
"PARD6A",74,69,61,41
"PARD6B",765,649,344,105
"PARD6G",622,519,405,355
"PARD6G-AS1",6,8,13,8
"PARG",1186,1175,969,1042
"PARGP1",208,189,188,203
"PARK2",42,32,33,33
"PARK7",5578,4971,3310,3745
"PARL",2218,2034,1575,1725
"PARM1",0,0,1,0
"PARN",1540,1467,848,941
"PARP1",7433,7032,4953,6059
"PARP10",66,62,214,189
"PARP11",243,232,262,250
"PARP12",3,3,69,23
"PARP14",325,306,1198,1362
"PARP15",0,1,2,4
"PARP16",302,258,168,186
"PARP2",730,834,427,545
"PARP3",199,206,370,287
"PARP4",2157,2100,2192,2557
"PARP6",1378,1518,928,1073
"PARP8",0,1,7,12
"PARP9",37,23,373,489
"PARPBP",294,318,186,177
"PARS2",351,313,232,258
"PART1",4,3,6,6
"PARTICL",117,101,49,52
"PARVA",938,836,1876,2076
"PARVB",718,615,539,521
"PARVG",1,0,13,5
"PASD1",0,1,1,0
"PASK",618,718,485,472
"PATE1",0,0,0,0
"PATE2",0,0,0,0
"PATE3",0,0,0,0
"PATE4",0,0,0,0
"PATL1",4027,4255,1760,2032
"PATL2",1,7,17,17
"PATZ1",1691,1580,982,1292
"PAUPAR",0,0,2,0
"PAWR",829,719,887,644
"PAX1",0,0,0,0
"PAX2",351,342,164,149
"PAX3",0,0,0,0
"PAX4",0,0,0,2
"PAX5",1,5,3,0
"PAX6",20,15,191,150
"PAX7",0,0,0,1
"PAX8",3,0,15,7
"PAX8-AS1",3,3,17,7
"PAX9",3,3,3,2
"PAXBP1",1509,1911,922,824
"PAXBP1-AS1",37,42,33,24
"PAXIP1",1006,1011,744,743
"PAXIP1-AS1",212,253,133,142
"PAXIP1-AS2",298,259,249,287
"PBDC1",1315,1200,676,1050
"PBK",1133,1056,785,741
"PBLD",74,83,71,84
"PBOV1",1,0,0,0
"PBRM1",1170,1207,1033,1039
"PBX1",1,1,2,2
"PBX2",3728,3503,2772,3494
"PBX3",518,471,685,524
"PBX4",96,90,130,82
"PBXIP1",614,635,1978,1960
"PC",366,294,453,462
"PCA3",0,0,0,0
"PCAT1",22,27,17,35
"PCAT18",0,0,0,0
"PCAT19",1,2,0,0
"PCAT2",0,0,0,1
"PCAT29",0,0,0,0
"PCAT4",0,0,1,0
"PCAT5",0,0,0,0
"PCAT6",138,135,83,63
"PCAT7",48,48,102,87
"PCBD1",1005,821,1073,1396
"PCBD2",133,122,189,157
"PCBP1",8168,7198,6337,6839
"PCBP1-AS1",42,63,41,63
"PCBP2",6223,5657,5203,5933
"PCBP2-OT1",771,704,590,714
"PCBP3",133,122,134,149
"PCBP4",2047,1865,3080,3239
"PCCA",289,314,347,429
"PCCA-AS1",0,0,1,1
"PCCB",794,665,716,621
"PCDH1",135,70,92,68
"PCDH10",5,2,1,0
"PCDH11X",0,0,0,0
"PCDH11Y",1,1,0,5
"PCDH12",15,9,21,30
"PCDH15",2,1,1,0
"PCDH17",0,0,0,0
"PCDH18",12,8,52,58
"PCDH19",3,4,2,1
"PCDH20",1,0,0,0
"PCDH7",0,0,0,0
"PCDH8",0,3,0,0
"PCDH9",4,5,3,0
"PCDH9-AS2",0,0,0,0
"PCDH9-AS3",0,0,0,0
"PCDH9-AS4",0,0,0,0
"PCDHA1",1414,1357,1033,797
"PCDHA10",1413,1368,1028,797
"PCDHA11",1652,1615,1159,906
"PCDHA12",1584,1541,1125,897
"PCDHA13",1427,1377,1034,806
"PCDHA2",1424,1369,1036,799
"PCDHA3",1421,1365,1027,800
"PCDHA4",1459,1390,1077,832
"PCDHA5",1420,1364,1028,799
"PCDHA6",1422,1365,1034,800
"PCDHA7",1421,1363,1030,802
"PCDHA8",1423,1370,1034,803
"PCDHA9",1418,1363,1031,796
"PCDHAC1",1497,1453,1061,815
"PCDHAC2",1619,1570,1110,856
"PCDHB1",0,0,0,0
"PCDHB10",28,26,24,18
"PCDHB11",18,14,5,12
"PCDHB12",20,16,16,13
"PCDHB13",12,4,9,14
"PCDHB14",28,27,17,23
"PCDHB15",21,17,12,15
"PCDHB16",26,20,22,13
"PCDHB17P",21,12,22,15
"PCDHB18P",5,5,3,2
"PCDHB19P",3,0,0,2
"PCDHB2",310,312,241,236
"PCDHB3",83,52,52,66
"PCDHB4",36,40,31,29
"PCDHB5",27,22,27,15
"PCDHB6",11,10,12,12
"PCDHB7",19,15,16,15
"PCDHB8",27,21,19,18
"PCDHB9",28,24,36,32
"PCDHGA1",68,60,190,231
"PCDHGA10",70,62,197,235
"PCDHGA11",72,57,191,231
"PCDHGA12",68,58,189,229
"PCDHGA2",68,56,189,229
"PCDHGA3",70,57,189,229
"PCDHGA4",71,59,191,229
"PCDHGA5",69,58,189,230
"PCDHGA6",72,56,191,230
"PCDHGA7",68,56,189,229
"PCDHGA8",68,56,189,229
"PCDHGA9",70,57,189,230
"PCDHGB1",71,57,189,229
"PCDHGB2",78,59,191,231
"PCDHGB3",68,56,189,229
"PCDHGB4",68,56,189,229
"PCDHGB5",68,57,189,229
"PCDHGB6",69,57,189,230
"PCDHGB7",86,77,219,247
"PCDHGB8P",0,0,1,0
"PCDHGC3",68,56,189,229
"PCDHGC4",68,56,189,229
"PCDHGC5",72,58,225,264
"PCED1A",1632,1781,1523,1548
"PCED1B",565,553,321,236
"PCED1B-AS1",16,15,7,7
"PCF11",920,1034,681,816
"PCGEM1",0,0,0,0
"PCGF1",949,904,344,403
"PCGF2",1956,1748,1319,1470
"PCGF3",1139,1236,1056,975
"PCGF5",16,13,38,51
"PCGF6",797,738,370,305
"PCID2",1580,1462,1087,1190
"PCIF1",449,408,430,471
"PCK1",8,9,1,2
"PCK2",2022,1129,2081,1234
"PCLO",187,165,160,145
"PCM1",2955,2871,2209,2936
"PCMT1",2264,2215,1938,1905
"PCMTD1",248,285,344,286
"PCMTD2",895,995,681,606
"PCNA",10426,9693,4683,5158
"PCNA-AS1",1690,1598,732,722
"PCNAP1",0,0,0,0
"PCNP",2703,2660,2200,1662
"PCNT",1214,1463,989,1127
"PCNX",1435,1411,1793,1661
"PCNXL2",71,69,170,115
"PCNXL3",1957,1977,1627,1674
"PCNXL4",1039,1110,970,1068
"PCOLCE",1552,1443,1715,2032
"PCOLCE-AS1",234,258,236,268
"PCOLCE2",141,149,296,280
"PCP2",12,8,5,7
"PCP4",0,1,0,1
"PCP4L1",0,1,0,0
"PCSK1",0,0,0,0
"PCSK1N",17,8,17,12
"PCSK2",0,0,0,0
"PCSK4",186,219,158,210
"PCSK5",8,10,40,10
"PCSK6",27,27,59,53
"PCSK7",1454,1546,1921,2110
"PCSK9",5,3,4,0
"PCTP",260,197,281,318
"PCYOX1",914,850,1405,1423
"PCYOX1L",303,290,423,478
"PCYT1A",907,893,695,597
"PCYT1B",3,4,9,23
"PCYT1B-AS1",0,0,0,0
"PCYT2",2085,2085,1126,1034
"PDAP1",5692,5230,4251,4665
"PDC",4,3,2,0
"PDCD1",4,1,5,3
"PDCD10",1126,1034,982,1031
"PDCD11",4256,4165,2119,2164
"PDCD1LG2",0,0,6,5
"PDCD2",2505,2308,1436,1528
"PDCD2L",686,571,273,252
"PDCD4",1049,991,1153,1177
"PDCD4-AS1",233,212,180,205
"PDCD5",1105,1097,700,848
"PDCD6",3293,3114,1922,1856
"PDCD6IP",2550,2412,2193,2083
"PDCD6IPP2",120,102,84,89
"PDCD7",1432,1306,871,1068
"PDCL",550,515,533,401
"PDCL2",0,0,0,0
"PDCL3",971,867,466,596
"PDCL3P4",318,295,140,205
"PDDC1",1502,1553,1371,1770
"PDE10A",1,2,3,0
"PDE11A",408,464,233,234
"PDE12",1345,1283,733,400
"PDE1A",0,2,1,3
"PDE1B",1,1,53,16
"PDE1C",9,6,6,5
"PDE2A",12,13,55,49
"PDE3A",0,0,1,0
"PDE3B",211,173,173,122
"PDE4A",989,997,465,535
"PDE4B",0,0,0,0
"PDE4C",460,568,104,97
"PDE4D",43,33,49,30
"PDE4DIP",1389,1475,872,1035
"PDE5A",87,77,74,85
"PDE6A",6,8,9,19
"PDE6B",8,6,49,86
"PDE6C",10,7,8,3
"PDE6D",993,805,757,795
"PDE6G",7,13,17,22
"PDE6H",0,0,1,0
"PDE7A",762,804,1014,1058
"PDE7B",0,0,0,0
"PDE8A",392,412,701,632
"PDE8B",43,58,48,63
"PDE9A",56,52,64,78
"PDF",1335,1224,731,835
"PDGFA",242,184,299,314
"PDGFB",607,497,521,434
"PDGFC",321,282,629,513
"PDGFD",7,3,5,7
"PDGFRA",13,5,32,33
"PDGFRB",1009,892,1822,2495
"PDGFRL",249,207,400,432
"PDHA1",2935,2866,1948,2135
"PDHA2",1,1,1,0
"PDHB",4989,4291,4164,4816
"PDHX",814,736,554,452
"PDIA2",15,9,18,28
"PDIA3",7527,6825,8801,10287
"PDIA3P1",5352,4914,6214,6955
"PDIA4",6539,5957,6571,6280
"PDIA5",334,340,487,484
"PDIA6",8031,7157,8962,7990
"PDIK1L",254,268,196,187
"PDILT",0,0,0,0
"PDK1",191,167,282,253
"PDK2",473,463,658,840
"PDK3",605,570,675,887
"PDK4",0,0,0,1
"PDLIM1",6,8,127,127
"PDLIM2",458,350,575,552
"PDLIM3",317,291,3198,2274
"PDLIM4",1,0,9,9
"PDLIM5",10,5,39,50
"PDLIM7",6479,6395,7680,8005
"PDP1",268,282,510,282
"PDP2",787,827,419,473
"PDPK1",1267,1262,1042,938
"PDPN",0,0,0,1
"PDPR",1307,1379,874,790
"PDRG1",1348,1184,1241,1284
"PDS5A",3779,3803,2569,2499
"PDS5B",698,771,526,567
"PDSS1",337,346,178,226
"PDSS2",488,477,329,360
"PDX1",1,0,0,0
"PDX1-AS1",1,0,0,0
"PDXDC1",1993,1948,1833,2145
"PDXDC2P",388,429,411,446
"PDXK",2619,2332,2225,2314
"PDXP",1539,1509,764,842
"PDYN",0,0,0,0
"PDZD11",957,830,911,1049
"PDZD2",87,104,125,116
"PDZD3",0,0,2,1
"PDZD4",736,752,495,616
"PDZD7",418,411,463,515
"PDZD8",739,695,580,545
"PDZD9",2,3,3,5
"PDZK1",10,17,70,85
"PDZK1IP1",0,0,10,7
"PDZK1P1",20,24,116,158
"PDZRN3",0,1,6,9
"PDZRN3-AS1",0,0,0,0
"PDZRN4",0,1,0,0
"PEA15",1778,1596,4063,4910
"PEAK1",442,512,1272,1477
"PEAR1",757,743,846,764
"PEBP1",7447,7134,5888,7163
"PEBP4",0,0,0,1
"PECAM1",5,7,3,3
"PECR",19,17,41,45
"PEF1",1573,1349,1317,1652
"PEG10",2292,2450,3722,4186
"PEG3",1086,1115,461,324
"PEG3-AS1",117,144,53,31
"PELI1",112,107,254,166
"PELI2",5,2,10,6
"PELI3",320,281,214,231
"PELO",1084,930,864,819
"PELP1",7008,6811,3234,4061
"PEMT",536,473,297,295
"PENK",0,1,0,0
"PEPD",2779,2545,1654,1819
"PER1",1907,1874,926,939
"PER2",258,278,154,124
"PER3",1442,1662,401,424
"PER4",0,0,0,0
"PERM1",130,129,127,124
"PERP",257,237,834,623
"PES1",7661,7033,3050,3762
"PET100",449,419,345,449
"PET117",672,639,478,587
"PEX1",725,751,559,541
"PEX10",1489,1467,1040,1094
"PEX11A",162,142,170,194
"PEX11B",1007,892,759,683
"PEX11G",46,62,55,75
"PEX12",132,109,113,107
"PEX13",669,608,627,533
"PEX14",712,656,618,720
"PEX16",564,492,429,472
"PEX19",2296,1970,1825,1915
"PEX2",576,447,325,345
"PEX26",1527,1331,1082,1244
"PEX3",353,335,310,240
"PEX5",1490,1370,695,761
"PEX5L",10,6,10,9
"PEX6",595,508,583,556
"PEX7",108,99,74,49
"PF4",0,0,0,0
"PF4V1",0,0,0,0
"PFAS",2286,2332,1026,1137
"PFDN1",3125,2844,3201,4112
"PFDN2",2152,1971,926,1141
"PFDN4",1355,1270,788,1118
"PFDN5",2676,2464,2289,2763
"PFDN6",1484,1382,754,1033
"PFKFB1",5,12,11,5
"PFKFB2",1958,2013,544,649
"PFKFB3",704,695,1396,1628
"PFKFB4",220,216,238,266
"PFKL",1513,1432,1540,1568
"PFKM",1392,1331,1008,1116
"PFKP",2239,2162,2681,2784
"PFN1",40023,33727,27998,27321
"PFN1P2",23,30,27,16
"PFN2",5688,4886,6353,5782
"PFN3",0,0,0,0
"PFN4",32,39,21,20
"PGA3",2,3,5,3
"PGA4",2,5,6,3
"PGA5",4,8,6,7
"PGAM1",13980,12588,11941,12135
"PGAM1P5",1,6,5,5
"PGAM2",30,28,19,34
"PGAM4",3728,3419,3195,3454
"PGAM5",2791,2405,1461,1592
"PGAP1",195,240,232,114
"PGAP2",630,612,670,784
"PGAP3",189,217,344,367
"PGBD1",324,302,293,351
"PGBD2",227,240,157,160
"PGBD3",59,71,94,117
"PGBD4",81,66,44,33
"PGBD5",7,8,84,72
"PGC",7,2,7,9
"PGCP1",0,0,0,0
"PGD",4377,3865,4214,4716
"PGF",166,128,237,204
"PGGT1B",585,503,370,302
"PGK1",7945,6939,6371,6080
"PGK2",7,6,8,3
"PGLS",1641,1473,1393,1380
"PGLYRP1",1,2,3,2
"PGLYRP2",1,0,1,0
"PGLYRP3",0,0,0,0
"PGLYRP4",0,0,1,1
"PGM1",936,820,1084,1096
"PGM2",596,596,919,784
"PGM2L1",370,359,630,472
"PGM3",930,942,1061,1180
"PGM5",4,2,1,3
"PGM5-AS1",0,0,0,0
"PGM5P2",7,4,4,14
"PGM5P3-AS1",0,1,1,1
"PGM5P4-AS1",0,1,1,2
"PGP",1677,1581,1215,1247
"PGPEP1",2456,2042,1131,1074
"PGPEP1L",122,120,47,13
"PGR",0,0,1,0
"PGRMC1",7487,7141,4227,4195
"PGRMC2",2270,2034,3488,3103
"PGS1",588,619,545,645
"PHACTR1",0,2,5,1
"PHACTR2",2807,2638,3306,2932
"PHACTR3",1,1,2,2
"PHACTR4",1096,1025,1116,1234
"PHAX",1870,1757,1048,1270
"PHB",11225,9991,6539,6736
"PHB2",8755,7821,4473,5211
"PHC1",3857,3714,3143,3580
"PHC2",1787,1646,3332,2857
"PHC3",773,823,550,512
"PHEX",6,7,13,5
"PHEX-AS1",0,0,1,4
"PHF1",896,892,769,905
"PHF10",1544,1486,698,822
"PHF11",228,243,234,338
"PHF12",1621,1727,1245,1221
"PHF13",1910,1795,1393,1707
"PHF14",1289,1332,694,915
"PHF19",1328,1285,1359,1384
"PHF2",527,524,414,456
"PHF20",1624,1624,1378,1504
"PHF20L1",544,599,472,386
"PHF21A",594,547,728,716
"PHF21B",362,341,258,249
"PHF23",3023,2632,2227,2673
"PHF24",11,6,28,33
"PHF3",1811,1865,1270,1579
"PHF5A",2531,2283,1058,1310
"PHF6",2901,2993,1041,729
"PHF7",93,76,69,54
"PHF8",1043,958,788,734
"PHGDH",1776,1391,1551,1221
"PHGR1",0,0,0,0
"PHIP",1124,1164,1130,775
"PHKA1",921,962,624,754
"PHKA2",643,718,634,623
"PHKA2-AS1",104,137,94,112
"PHKB",546,467,847,915
"PHKG1",907,755,522,491
"PHKG2",1045,1111,942,1082
"PHLDA1",2839,2212,2332,1573
"PHLDA2",115,105,40,53
"PHLDA3",10962,9188,7243,7087
"PHLDB1",752,745,1128,1200
"PHLDB2",2,1,2,0
"PHLDB3",922,881,562,651
"PHLPP1",268,253,392,421
"PHLPP2",350,334,522,484
"PHOSPHO1",96,82,265,223
"PHOSPHO2",116,85,129,107
"PHOSPHO2-KLHL23",491,487,525,437
"PHOX2A",2,5,14,10
"PHOX2B",0,0,0,0
"PHPT1",4171,3579,3696,3958
"PHRF1",2168,2095,1547,1487
"PHTF1",602,605,577,706
"PHTF2",476,511,779,435
"PHYH",1137,990,737,853
"PHYHD1",250,212,360,396
"PHYHIP",19,43,116,82
"PHYHIPL",3,3,8,4
"PHYKPL",551,530,677,638
"PI15",0,0,0,0
"PI16",7,2,8,2
"PI3",1,0,19,17
"PI4K2A",1481,1370,2118,2183
"PI4K2B",1032,1032,1092,689
"PI4KA",1992,2066,2315,2507
"PI4KAP1",1441,1783,1735,1816
"PI4KAP2",1557,1822,1812,1996
"PI4KB",2230,2099,1653,1843
"PIANP",511,477,425,421
"PIAS1",398,433,338,324
"PIAS2",835,847,688,601
"PIAS3",1173,1144,840,999
"PIAS4",999,977,706,698
"PIBF1",365,328,187,234
"PICALM",3133,2881,3715,3806
"PICK1",637,663,599,704
"PID1",0,0,0,0
"PIDD1",1878,2087,2110,1958
"PIEZO1",1954,2016,3570,3500
"PIEZO2",0,0,0,0
"PIF1",425,615,528,587
"PIFO",0,0,2,5
"PIGA",307,346,211,155
"PIGB",188,180,193,145
"PIGBOS1",158,140,139,161
"PIGC",2144,1857,972,1165
"PIGF",634,657,721,707
"PIGG",932,924,864,779
"PIGH",550,506,380,362
"PIGK",465,444,494,463
"PIGL",271,278,138,109
"PIGM",308,269,227,238
"PIGN",425,408,430,323
"PIGO",821,699,673,622
"PIGP",462,410,273,332
"PIGQ",1062,1156,983,1160
"PIGR",0,0,0,0
"PIGS",1207,1025,1688,1754
"PIGT",1223,1061,1140,1209
"PIGU",729,639,490,613
"PIGV",129,118,124,120
"PIGW",601,605,286,304
"PIGX",631,501,352,393
"PIGY",2665,2313,1159,1362
"PIGZ",61,66,98,90
"PIH1D1",1616,1538,1531,1641
"PIH1D2",86,69,76,76
"PIH1D3",0,0,0,0
"PIK3AP1",5,7,127,154
"PIK3C2A",1723,1926,1527,899
"PIK3C2B",524,458,365,348
"PIK3C2G",0,0,0,0
"PIK3C3",1053,963,578,612
"PIK3CA",370,403,610,547
"PIK3CB",868,834,1005,946
"PIK3CD",1349,1147,1448,1320
"PIK3CD-AS1",0,0,0,0
"PIK3CD-AS2",100,73,67,122
"PIK3CG",16,8,52,37
"PIK3IP1",167,142,186,223
"PIK3IP1-AS1",1,4,0,2
"PIK3R1",228,211,192,161
"PIK3R2",2155,2047,2388,2887
"PIK3R3",919,825,1214,1451
"PIK3R4",1175,1114,718,719
"PIK3R5",6,9,3,1
"PIK3R6",0,1,0,2
"PIKFYVE",1408,1453,884,621
"PILRA",45,68,79,83
"PILRB",629,873,770,801
"PIM1",7951,7071,1026,1114
"PIM2",536,537,389,462
"PIM3",4313,3927,1878,1960
"PIN1",2357,2065,1876,2052
"PIN1P1",20,16,13,18
"PIN4",611,568,459,639
"PIN4P1",304,272,235,358
"PINK1",1091,966,2188,2160
"PINK1-AS",2014,1768,2956,3001
"PINLYP",11,8,6,8
"PINX1",1410,1253,667,772
"PIP",0,0,0,0
"PIP4K2A",1338,1268,1697,1609
"PIP4K2B",1999,1927,1890,2029
"PIP4K2C",643,616,858,788
"PIP5K1A",2986,2758,1821,2159
"PIP5K1B",2,2,10,3
"PIP5K1C",1610,1650,1747,1802
"PIP5K1P1",19,20,15,8
"PIP5KL1",67,62,127,93
"PIPOX",2,4,6,3
"PIPSL",1923,1807,1263,1497
"PIR",409,413,119,173
"PIR-FIGF",248,250,67,95
"PIRT",0,0,1,3
"PISD",2373,2172,1680,1654
"PISRT1",0,0,0,0
"PITHD1",2343,2057,984,1027
"PITPNA",2674,2764,2600,2955
"PITPNA-AS1",197,213,220,174
"PITPNB",2651,2583,1873,2102
"PITPNC1",441,376,339,305
"PITPNM1",1184,1101,1683,1575
"PITPNM2",294,303,310,306
"PITPNM3",41,39,120,100
"PITRM1",3282,3148,3030,3091
"PITRM1-AS1",593,563,605,505
"PITX1",1388,1185,1171,1055
"PITX2",0,0,0,0
"PITX3",44,37,28,23
"PIWIL1",104,97,16,18
"PIWIL2",2,0,11,2
"PIWIL3",0,0,0,2
"PIWIL4",0,1,1,1
"PJA1",371,290,507,471
"PJA2",1789,1681,1922,1356
"PKD1",2895,3152,3114,2527
"PKD1L1",44,43,54,43
"PKD1L2",479,539,351,401
"PKD1L3",4,8,14,5
"PKD1P1",3161,3549,3568,3243
"PKD1P6",2513,2797,2865,2967
"PKD2",1932,2238,1870,1401
"PKD2L1",8,7,27,22
"PKD2L2",37,51,75,81
"PKDCC",313,278,2730,3596
"PKDREJ",7,6,9,4
"PKHD1",2,2,0,0
"PKHD1L1",10,6,1,0
"PKI55",311,318,250,476
"PKIA",0,0,0,0
"PKIA-AS1",0,0,0,0
"PKIB",15,8,13,9
"PKIG",380,327,1429,1364
"PKLR",47,69,45,60
"PKM",60603,52105,52307,48639
"PKMYT1",2610,2519,1408,1412
"PKN1",1751,1454,1519,1595
"PKN2",1503,1571,1266,745
"PKN2-AS1",24,22,11,26
"PKN3",683,746,809,830
"PKNOX1",382,394,550,573
"PKNOX2",5,7,54,47
"PKNOX2-AS1",0,0,0,1
"PKP1",3,1,4,4
"PKP2",121,116,501,518
"PKP3",61,47,62,50
"PKP4",1869,1829,2204,2743
"PLA1A",0,0,6,3
"PLA2G10",2,3,2,9
"PLA2G12A",848,785,637,557
"PLA2G12B",1,0,0,0
"PLA2G15",362,374,520,559
"PLA2G16",244,210,1704,1742
"PLA2G1B",0,2,0,2
"PLA2G2A",1,0,1,1
"PLA2G2C",0,1,0,0
"PLA2G2D",0,0,0,0
"PLA2G2E",0,0,0,0
"PLA2G2F",0,0,0,0
"PLA2G3",119,116,144,104
"PLA2G4A",1,0,4,0
"PLA2G4B",139,157,192,189
"PLA2G4C",97,63,200,187
"PLA2G4D",38,30,30,21
"PLA2G4E",1,0,2,1
"PLA2G4E-AS1",0,1,2,2
"PLA2G4F",0,1,4,4
"PLA2G5",1,1,4,8
"PLA2G6",62,66,296,315
"PLA2G7",0,0,0,0
"PLA2R1",7,3,3,6
"PLAA",3621,3469,1987,2141
"PLAC1",2,3,10,9
"PLAC4",0,0,0,0
"PLAC8",2374,1905,5613,5284
"PLAC8L1",9,5,8,9
"PLAC9",3,2,21,19
"PLAG1",18,23,28,28
"PLAGL1",1136,1187,748,596
"PLAGL2",1702,1686,1089,1236
"PLAT",16,24,177,125
"PLAU",13944,11734,4541,3444
"PLAUR",479,409,308,207
"PLB1",34,30,67,88
"PLBD1",0,1,1,2
"PLBD1-AS1",0,0,1,1
"PLBD2",460,411,491,406
"PLCB1",5,3,0,0
"PLCB2",5938,6157,4499,5363
"PLCB3",844,941,1107,1362
"PLCB4",78,90,256,183
"PLCD1",101,102,126,132
"PLCD3",1644,1599,2854,3022
"PLCD4",90,130,76,98
"PLCE1",33,41,346,539
"PLCE1-AS1",2,2,20,32
"PLCE1-AS2",0,1,1,2
"PLCG1",2243,2579,2110,2503
"PLCG1-AS1",174,200,119,156
"PLCG2",321,338,374,397
"PLCH1",377,399,384,397
"PLCH2",12,14,9,10
"PLCL1",0,1,1,0
"PLCL2",7,14,4,5
"PLCXD1",879,781,521,516
"PLCXD2",0,0,2,0
"PLCXD2-AS1",0,0,0,0
"PLCXD3",0,0,0,0
"PLCZ1",0,0,0,0
"PLD1",19,17,54,39
"PLD2",470,465,612,757
"PLD3",3800,3179,6027,5384
"PLD4",4,0,4,3
"PLD5",4,3,0,2
"PLD6",826,818,284,305
"PLEC",8499,8779,7637,7435
"PLEK",0,0,2,1
"PLEK2",20,23,144,161
"PLEKHA1",469,528,411,273
"PLEKHA2",110,100,300,302
"PLEKHA3",202,179,191,123
"PLEKHA4",1516,1418,1036,1297
"PLEKHA5",289,310,361,291
"PLEKHA6",31,14,106,78
"PLEKHA7",7,10,26,29
"PLEKHA8",588,569,494,499
"PLEKHA8P1",125,112,108,135
"PLEKHB1",54,36,380,615
"PLEKHB2",1903,1825,1793,1752
"PLEKHD1",2,1,0,0
"PLEKHF1",819,792,568,434
"PLEKHF2",202,215,356,221
"PLEKHG1",19,37,47,29
"PLEKHG2",2137,2490,1872,2209
"PLEKHG3",64,60,274,294
"PLEKHG4",1033,1023,994,894
"PLEKHG4B",123,163,416,681
"PLEKHG5",790,785,770,700
"PLEKHG6",11,7,13,12
"PLEKHG7",1,1,8,7
"PLEKHH1",234,273,676,899
"PLEKHH2",90,108,138,139
"PLEKHH3",1043,900,1158,1139
"PLEKHJ1",2706,2631,2226,2304
"PLEKHM1",741,802,1020,973
"PLEKHM1P",202,216,247,190
"PLEKHM2",2804,2654,2562,2577
"PLEKHM3",575,618,451,483
"PLEKHN1",194,199,186,200
"PLEKHO1",537,431,1209,1231
"PLEKHO2",965,864,647,684
"PLEKHS1",0,0,0,0
"PLET1",0,0,0,0
"PLG",2,1,0,1
"PLGLA",7,4,4,17
"PLGLB1",21,28,38,58
"PLGLB2",21,28,38,58
"PLGRKT",714,567,447,548
"PLIN1",5,10,11,8
"PLIN2",3302,2795,1534,1726
"PLIN3",3672,3360,3531,3192
"PLIN4",116,146,118,102
"PLIN5",5,2,6,4
"PLK1",2352,2107,1961,1893
"PLK2",135,104,501,432
"PLK3",1253,1156,560,442
"PLK4",406,452,287,323
"PLK5",9,11,4,9
"PLLP",42,37,20,24
"PLN",0,0,0,0
"PLOD1",2486,2331,2672,2726
"PLOD2",1,1,3,0
"PLOD3",1944,1690,2015,2007
"PLP1",1,0,1,0
"PLP2",1445,1177,1397,1492
"PLRG1",2562,2267,1373,1567
"PLS1",129,98,269,215
"PLS3",3111,2759,4636,4711
"PLS3-AS1",38,26,17,16
"PLSCR1",3,0,22,12
"PLSCR2",0,0,0,0
"PLSCR3",890,848,922,910
"PLSCR4",0,0,0,0
"PLSCR5",0,0,0,0
"PLTP",8231,7373,3311,3256
"PLVAP",16,14,15,11
"PLXDC1",129,139,113,84
"PLXDC2",5,2,2,4
"PLXNA1",1971,2109,2309,2233
"PLXNA2",6,5,288,189
"PLXNA3",850,1077,1473,1299
"PLXNA4",0,1,4,0
"PLXNB1",1246,1391,2399,2448
"PLXNB2",6730,6607,11372,11478
"PLXNB3",44,77,135,64
"PLXNC1",17,37,30,37
"PLXND1",999,903,1048,1188
"PM20D1",1,0,1,0
"PM20D2",794,811,926,801
"PMAIP1",7,7,9,1
"PMCH",85,99,56,32
"PMCHL1",0,0,0,0
"PMCHL2",0,0,0,0
"PMEL",349,282,3496,4413
"PMEPA1",326,294,130,132
"PMF1",956,865,846,959
"PMF1-BGLAP",409,390,354,515
"PMFBP1",160,200,95,104
"PML",1449,1448,1211,1094
"PMM1",872,703,658,696
"PMM2",1506,1537,965,1153
"PMP2",0,0,0,0
"PMP22",66,61,118,132
"PMPCA",3682,3530,2491,2229
"PMPCB",1756,1730,1506,1805
"PMS1",837,927,473,473
"PMS2",622,623,557,668
"PMS2CL",309,360,293,341
"PMS2P1",305,254,249,261
"PMS2P2",92,74,79,58
"PMS2P3",261,317,247,243
"PMS2P4",68,70,76,82
"PMS2P5",320,277,243,268
"PMS2P7",60,67,68,60
"PMS2P9",94,93,71,83
"PMVK",1280,1121,1045,1222
"PNCK",3,7,10,10
"PNISR",3030,3600,3430,4362
"PNKD",1097,1097,1105,1216
"PNKP",1229,1182,1074,1114
"PNLDC1",2,1,5,1
"PNLIP",0,0,0,0
"PNLIPRP1",0,0,0,0
"PNLIPRP2",1,0,1,0
"PNLIPRP3",0,0,0,0
"PNMA1",2534,2373,2177,2186
"PNMA2",39,62,274,199
"PNMA3",0,0,1,0
"PNMA5",1,1,1,3
"PNMA6A",794,824,548,742
"PNMAL1",1791,1701,956,984
"PNMAL2",0,0,1,0
"PNMT",7,4,4,4
"PNN",5789,7158,4809,6214
"PNO1",1870,1625,757,1000
"PNOC",0,0,0,0
"PNP",19427,17576,5916,5339
"PNPLA1",0,4,4,0
"PNPLA2",1128,1100,1090,1089
"PNPLA3",131,143,165,188
"PNPLA4",429,292,386,457
"PNPLA5",0,0,0,1
"PNPLA6",1440,1381,1050,1147
"PNPLA7",58,75,49,64
"PNPLA8",390,366,503,434
"PNPO",2135,1885,1451,1541
"PNPT1",2164,2030,1028,1322
"PNRC1",1232,1131,1283,1127
"PNRC2",4786,4677,3285,3626
"POC1A",927,779,797,809
"POC1B",1576,1320,1019,567
"POC1B-GALNT4",910,873,406,197
"POC5",448,390,329,350
"PODN",0,0,1,0
"PODNL1",90,96,76,82
"PODXL",71,68,1103,776
"PODXL2",1040,919,1091,1096
"POF1B",0,0,0,1
"POFUT1",1665,1671,1349,1444
"POFUT2",941,1010,1053,1143
"POGK",1664,1615,887,1240
"POGLUT1",311,313,308,352
"POGZ",2243,2252,2143,2233
"POLA1",634,643,407,529
"POLA2",966,919,683,749
"POLB",358,323,224,312
"POLD1",1559,1578,1009,1089
"POLD2",4508,3946,3465,3837
"POLD3",945,937,444,553
"POLD4",964,777,970,786
"POLDIP2",6627,5934,4591,4909
"POLDIP3",2825,2638,1918,2232
"POLE",3118,3503,2253,2357
"POLE2",443,456,221,285
"POLE3",2769,2455,1381,1687
"POLE4",1093,970,828,784
"POLG",2798,2843,2144,2160
"POLG2",451,469,271,264
"POLH",1297,1174,991,1164
"POLI",619,616,597,603
"POLK",282,266,189,172
"POLL",2006,1755,1246,1119
"POLM",314,350,343,340
"POLN",70,67,91,57
"POLQ",574,670,485,497
"POLR1A",2463,2463,1048,1059
"POLR1B",1583,1557,598,656
"POLR1C",1046,1039,470,518
"POLR1D",3270,2881,1874,2386
"POLR1E",1083,1110,429,480
"POLR2A",8999,8576,4474,4360
"POLR2B",3868,3891,2779,2899
"POLR2C",3033,2697,1792,1956
"POLR2D",2131,1792,1027,993
"POLR2E",6933,6304,5202,4855
"POLR2F",1482,1262,905,919
"POLR2G",1039,855,524,654
"POLR2H",1872,1696,994,1147
"POLR2I",1118,1013,811,922
"POLR2J",2557,2306,2032,2469
"POLR2J2",1460,1588,1366,1512
"POLR2J3",1925,2015,1788,2097
"POLR2J4",1163,1154,1094,1279
"POLR2K",932,872,746,891
"POLR2L",6990,6178,4145,4882
"POLR2M",1016,920,748,600
"POLR3A",3618,3670,1517,1463
"POLR3B",486,472,317,372
"POLR3C",1439,1277,928,1132
"POLR3D",1019,889,442,558
"POLR3E",1141,1034,684,702
"POLR3F",680,700,542,622
"POLR3G",374,456,85,61
"POLR3GL",357,307,412,532
"POLR3H",4593,4340,2932,3187
"POLR3K",1331,1106,548,614
"POLRMT",3288,3186,1593,1459
"POM121",5790,5784,4238,4527
"POM121C",4945,4791,3024,3207
"POM121L10P",247,248,265,318
"POM121L12",0,0,0,0
"POM121L1P",23,23,21,32
"POM121L2",0,1,0,0
"POM121L4P",1,0,0,1
"POM121L8P",27,36,25,44
"POM121L9P",53,42,38,48
"POMC",0,0,0,0
"POMGNT1",2126,1885,1518,1733
"POMGNT2",509,436,429,383
"POMK",36,30,16,19
"POMP",2517,2222,1853,1594
"POMT1",397,424,639,670
"POMT2",895,956,974,1181
"POMZP3",312,319,201,223
"PON1",1,1,2,0
"PON2",648,624,949,875
"PON3",0,1,3,2
"POP1",957,935,653,641
"POP4",837,711,594,702
"POP5",697,718,399,407
"POP7",1960,1797,829,833
"POPDC2",3,2,39,42
"POPDC3",164,138,684,677
"POR",1638,1517,1296,1270
"PORCN",251,222,139,135
"POSTN",11,5,36,46
"POT1",564,520,410,431
"POT1-AS1",0,1,3,3
"POTEA",0,0,0,0
"POTEB",0,0,0,0
"POTEB2",0,0,0,0
"POTEB3",0,0,0,0
"POTEC",0,0,0,0
"POTED",0,0,0,0
"POTEE",2860,2706,3988,4201
"POTEF",329,339,443,288
"POTEG",1,1,0,0
"POTEH",1,0,0,0
"POTEH-AS1",2,3,1,3
"POTEI",2837,2686,3973,4158
"POTEJ",2851,2691,3971,4192
"POTEKP",0,0,0,0
"POTEM",36,48,72,51
"POU1F1",0,1,0,2
"POU2AF1",40,35,26,34
"POU2F1",1307,1446,1053,1033
"POU2F2",180,158,62,34
"POU2F3",1,0,5,4
"POU3F1",32,37,11,5
"POU3F2",0,1,2,0
"POU3F3",0,0,1,0
"POU3F4",0,0,0,0
"POU4F1",12,8,14,6
"POU4F2",0,1,1,0
"POU4F3",1,0,2,1
"POU5F1",19,30,45,31
"POU5F1B",29,50,44,65
"POU5F1P3",4,8,11,9
"POU5F1P4",1,7,4,2
"POU5F1P5",0,2,0,0
"POU5F2",1,1,1,1
"POU6F1",51,62,56,75
"POU6F2",0,0,0,0
"POU6F2-AS1",0,0,0,0
"PP12613",0,0,0,0
"PP14571",11,14,12,8
"PP2D1",126,82,90,62
"PP7080",593,652,399,465
"PPA1",3736,3568,2829,3040
"PPA2",2035,1808,1661,1974
"PPAN",1629,1547,671,713
"PPAN-P2RY11",2593,2597,1324,1390
"PPAP2A",505,472,651,654
"PPAP2B",41,37,127,117
"PPAP2C",8,6,8,4
"PPAPDC1A",2,0,6,8
"PPAPDC1B",310,360,280,245
"PPAPDC2",549,568,703,874
"PPAPDC3",57,47,46,65
"PPARA",83,93,212,241
"PPARD",665,748,903,948
"PPARG",0,0,0,0
"PPARGC1A",1,0,0,0
"PPARGC1B",296,315,121,139
"PPAT",1959,1983,800,776
"PPBP",0,0,0,0
"PPBPP2",0,0,0,0
"PPCDC",336,289,278,233
"PPCS",955,892,750,822
"PPDPF",2764,2484,2588,2348
"PPEF1",0,1,0,0
"PPEF1-AS1",0,0,0,0
"PPEF2",1,1,2,2
"PPFIA1",1272,1270,1523,1559
"PPFIA2",0,0,0,1
"PPFIA3",1737,1718,957,1076
"PPFIA4",108,137,97,110
"PPFIBP1",744,734,898,785
"PPFIBP2",162,160,257,331
"PPHLN1",1565,1564,1121,1235
"PPIA",34620,30247,21961,23875
"PPIAL4A",310,288,186,142
"PPIAL4C",310,288,186,142
"PPIAL4D",10,11,9,3
"PPIAL4E",10,11,9,3
"PPIAL4F",10,11,9,3
"PPIAL4G",1302,1030,779,670
"PPIAP30",9,4,3,6
"PPIB",12485,11205,10642,11917
"PPIC",249,209,566,547
"PPID",674,652,394,510
"PPIE",1025,926,718,820
"PPIEL",22,21,20,18
"PPIF",2782,2473,2026,2041
"PPIG",2757,2985,1853,2786
"PPIH",545,445,253,294
"PPIL1",2941,2493,1771,2141
"PPIL2",1520,1657,1316,1443
"PPIL3",485,453,304,375
"PPIL4",1638,1680,1171,1551
"PPIL6",117,118,57,62
"PPIP5K1",517,587,946,853
"PPIP5K2",718,705,482,327
"PPL",2435,2380,3746,4578
"PPM1A",1064,995,665,528
"PPM1B",958,838,1211,1208
"PPM1D",1251,1107,969,831
"PPM1E",184,184,107,102
"PPM1F",1443,1443,910,908
"PPM1G",7306,6899,5237,6418
"PPM1H",4412,4092,3681,4755
"PPM1J",247,210,365,398
"PPM1K",418,395,398,454
"PPM1L",4,2,9,8
"PPM1M",44,42,52,38
"PPM1N",129,96,58,67
"PPME1",11154,10538,6901,6059
"PPOX",198,236,227,253
"PPP1CA",4725,4036,4309,4707
"PPP1CB",3995,3742,3835,2898
"PPP1CC",6663,6331,4088,3507
"PPP1R10",2305,2342,1638,2007
"PPP1R11",1361,1226,718,796
"PPP1R12A",1220,1307,1498,1277
"PPP1R12B",193,226,378,468
"PPP1R12C",1806,1972,2527,2801
"PPP1R13B",227,241,325,333
"PPP1R13L",614,645,598,647
"PPP1R14A",857,725,654,728
"PPP1R14B",2762,2605,2096,2224
"PPP1R14C",3,2,13,2
"PPP1R14D",1,0,0,0
"PPP1R15A",4649,4082,3083,3968
"PPP1R15B",2358,2234,1546,1337
"PPP1R16A",996,1047,707,695
"PPP1R16B",6,6,4,5
"PPP1R17",0,0,0,0
"PPP1R18",6192,5517,3975,4115
"PPP1R1A",0,1,0,1
"PPP1R1B",88,56,66,77
"PPP1R1C",1,0,8,4
"PPP1R2",1066,873,957,670
"PPP1R21",195,198,266,293
"PPP1R26",333,335,655,706
"PPP1R26-AS1",30,33,58,64
"PPP1R27",6,5,2,5
"PPP1R2P3",182,161,172,162
"PPP1R2P9",0,0,1,0
"PPP1R32",10,12,17,14
"PPP1R35",905,856,759,765
"PPP1R36",4,5,1,2
"PPP1R37",719,735,751,853
"PPP1R3A",2,1,3,1
"PPP1R3B",2437,2360,1668,1506
"PPP1R3C",198,208,2154,1742
"PPP1R3D",20,12,16,11
"PPP1R3E",322,396,150,171
"PPP1R3F",109,115,110,157
"PPP1R3G",7,6,16,11
"PPP1R42",11,5,3,6
"PPP1R7",1166,990,1298,1378
"PPP1R8",2094,1992,1254,1595
"PPP1R9A",367,323,375,382
"PPP1R9B",1831,1861,1431,1537
"PPP2CA",8324,7742,6228,5815
"PPP2CB",2646,2319,2081,1617
"PPP2R1A",7158,6804,7480,8256
"PPP2R1B",7806,7547,3667,3800
"PPP2R2A",1688,1684,1290,1455
"PPP2R2B",1,1,3,2
"PPP2R2B-IT1",0,0,0,0
"PPP2R2C",38,30,16,6
"PPP2R2D",1010,1015,877,891
"PPP2R3A",45,50,97,84
"PPP2R3B",1317,1381,897,979
"PPP2R3C",453,398,408,471
"PPP2R4",5258,4519,4800,5264
"PPP2R5A",1320,1321,1449,1621
"PPP2R5B",226,217,408,406
"PPP2R5C",1239,1172,1261,1297
"PPP2R5D",2356,2192,1695,1959
"PPP2R5E",1614,1623,1519,1326
"PPP3CA",18,14,115,60
"PPP3CB",1326,1176,1099,843
"PPP3CB-AS1",63,71,67,50
"PPP3CC",135,150,196,244
"PPP3R1",2103,1897,1626,1456
"PPP3R2",0,0,0,0
"PPP4C",2866,2515,2509,2508
"PPP4R1",2140,1932,2432,2785
"PPP4R1-AS1",6,6,5,9
"PPP4R1L",75,59,105,64
"PPP4R2",569,556,457,428
"PPP4R4",69,59,53,37
"PPP5C",1925,1864,1471,1690
"PPP5D1",9,9,17,10
"PPP6C",2247,2099,1546,1484
"PPP6R1",6108,5677,3781,3819
"PPP6R2",1427,1439,1598,1532
"PPP6R3",2712,2771,2125,1871
"PPRC1",2745,2916,1173,1625
"PPT1",7661,6729,5114,5896
"PPT2",1153,1119,991,1036
"PPT2-EGFL8",815,896,744,802
"PPTC7",360,424,183,110
"PPWD1",890,1010,690,979
"PPY",10,6,5,4
"PPY2P",0,0,1,0
"PQBP1",1211,1095,869,1040
"PQLC1",1868,1708,1895,2067
"PQLC2",951,830,786,799
"PQLC2L",0,1,0,0
"PQLC3",259,211,193,170
"PRAC1",9,16,1,3
"PRAC2",62,53,60,84
"PRADC1",248,219,285,284
"PRAF2",2041,1820,1551,1751
"PRAM1",4,5,4,6
"PRAME",87,80,7,12
"PRAMEF1",392,400,83,101
"PRAMEF10",64,60,6,2
"PRAMEF11",463,462,29,30
"PRAMEF12",1021,1007,146,106
"PRAMEF14",794,730,148,197
"PRAMEF15",1228,1205,104,86
"PRAMEF16",6,4,1,1
"PRAMEF17",13,9,2,2
"PRAMEF19",56,63,9,0
"PRAMEF2",408,412,94,108
"PRAMEF20",151,112,6,10
"PRAMEF22",14,6,0,0
"PRAMEF26",599,629,52,40
"PRAMEF4",515,566,50,40
"PRAMEF5",592,598,50,30
"PRAMEF6",594,584,51,30
"PRAMEF7",673,647,46,44
"PRAMEF8",673,647,46,44
"PRAMEF9",549,543,45,28
"PRAP1",63,40,219,212
"PRB1",0,0,0,1
"PRB2",0,0,0,1
"PRB3",0,0,0,0
"PRB4",0,0,0,0
"PRC1",2151,1993,1979,2172
"PRC1-AS1",386,348,362,360
"PRCAT47",4,6,5,4
"PRCC",2593,2363,1768,2134
"PRCD",30,33,45,40
"PRCP",1563,1286,2843,3100
"PRDM1",2,0,1,2
"PRDM10",279,318,236,170
"PRDM11",182,210,113,170
"PRDM12",15,11,8,2
"PRDM13",54,54,18,20
"PRDM14",0,0,1,0
"PRDM15",369,425,276,302
"PRDM16",837,881,569,729
"PRDM2",719,724,598,606
"PRDM4",2230,2111,1503,1591
"PRDM5",98,71,93,131
"PRDM6",5,2,11,12
"PRDM7",7,0,2,2
"PRDM8",27,16,11,7
"PRDM9",2,1,0,0
"PRDX1",23822,21103,20865,21016
"PRDX2",6971,6048,6530,6626
"PRDX3",5227,4445,3129,2328
"PRDX4",1468,1296,921,1176
"PRDX5",2517,2157,3196,3400
"PRDX6",9200,8307,9899,9264
"PREB",2399,2235,1580,1636
"PRELID1",4558,4082,2862,2893
"PRELID2",94,69,188,205
"PRELP",0,2,0,0
"PREP",1974,1927,1356,1544
"PREPL",1718,1614,1458,1144
"PREX1",211,180,541,516
"PREX2",0,3,0,0
"PRF1",12,1,11,4
"PRG1",11,8,8,8
"PRG2",0,0,1,0
"PRG3",0,0,0,0
"PRG4",349,337,279,408
"PRH1",226,179,169,168
"PRH1-PRR4",269,216,215,222
"PRH2",37,38,26,22
"PRICKLE1",113,128,208,118
"PRICKLE2",2,8,56,46
"PRICKLE2-AS1",0,2,11,2
"PRICKLE2-AS2",0,0,0,0
"PRICKLE2-AS3",0,0,2,2
"PRICKLE3",1264,1064,1090,1238
"PRICKLE4",104,102,137,161
"PRIM1",350,367,184,255
"PRIM2",1130,922,616,621
"PRIMA1",1,0,0,2
"PRIMPOL",220,217,144,143
"PRKAA1",859,883,788,575
"PRKAA2",2,2,2,1
"PRKAB1",1350,1230,834,973
"PRKAB2",652,718,573,557
"PRKACA",3108,2861,3239,2946
"PRKACB",392,382,612,496
"PRKACG",0,5,6,5
"PRKAG1",1170,1039,897,927
"PRKAG2",2988,2799,1637,1606
"PRKAG2-AS1",9,18,3,4
"PRKAG3",0,0,0,0
"PRKAR1A",4436,4049,3495,2410
"PRKAR1B",2111,1901,1164,1351
"PRKAR2A",355,384,264,139
"PRKAR2A-AS1",22,21,30,24
"PRKAR2B",1823,1780,1555,905
"PRKCA",2027,1911,2287,2723
"PRKCA-AS1",1,0,0,1
"PRKCB",0,1,2,0
"PRKCD",474,425,550,510
"PRKCDBP",874,771,1319,1286
"PRKCE",126,108,138,106
"PRKCG",189,258,121,154
"PRKCH",3,1,21,8
"PRKCI",1664,1600,1479,1388
"PRKCQ",23,25,22,40
"PRKCQ-AS1",216,177,116,103
"PRKCSH",4572,4287,3812,4339
"PRKCZ",916,887,1213,1343
"PRKD1",2,3,13,17
"PRKD2",1261,1204,972,1008
"PRKD3",355,371,343,320
"PRKDC",12759,12911,8412,8903
"PRKG1",3783,3792,1742,1575
"PRKG1-AS1",1277,1282,651,435
"PRKG2",0,0,0,0
"PRKRA",936,878,637,777
"PRKRIP1",1068,1174,969,1118
"PRKRIR",2530,2303,1706,1752
"PRKX",648,707,658,676
"PRKX-AS1",0,0,0,0
"PRKXP1",227,315,127,162
"PRKY",376,435,426,360
"PRL",0,0,0,0
"PRLH",0,0,0,0
"PRLHR",0,0,0,0
"PRLR",1,0,5,3
"PRM1",0,0,1,0
"PRM2",0,0,0,0
"PRM3",0,0,1,0
"PRMT1",5129,4730,2764,3470
"PRMT2",1748,1707,2073,2243
"PRMT3",968,878,423,363
"PRMT5",5867,5407,2925,3570
"PRMT5-AS1",2242,2124,1141,1269
"PRMT6",3151,2890,1385,1314
"PRMT7",656,694,521,687
"PRMT8",0,0,0,0
"PRMT9",425,419,378,406
"PRNCR1",746,717,515,625
"PRND",0,1,3,2
"PRNP",2051,1754,2292,2134
"PRNT",0,0,0,0
"PRO1804",1,2,0,0
"PROB1",44,44,44,51
"PROC",1,4,8,9
"PROCA1",130,145,83,125
"PROCR",35995,30297,4286,4305
"PRODH",129,122,146,153
"PRODH2",0,0,0,1
"PROK1",1,1,1,0
"PROK2",0,0,0,0
"PROKR1",0,0,0,0
"PROKR2",0,0,0,0
"PROL1",0,0,0,0
"PROM1",0,1,10,1
"PROM2",7,9,15,5
"PROP1",9,7,1,2
"PRORSD1P",6,5,11,12
"PRORY",0,0,0,0
"PROS1",267,231,1052,1368
"PROSC",1196,1014,758,880
"PROSER1",994,1068,935,920
"PROSER2",206,158,507,483
"PROSER2-AS1",2,1,4,9
"PROSER3",216,216,205,252
"PROX1",0,0,0,0
"PROX1-AS1",0,0,0,0
"PROX2",13,15,13,7
"PROZ",17,21,13,13
"PRPF18",460,472,350,315
"PRPF19",8661,7649,4703,5132
"PRPF3",1569,1464,900,1024
"PRPF31",2430,2453,1359,1789
"PRPF38A",1816,1700,1171,1406
"PRPF38B",1781,2089,1415,1746
"PRPF39",701,813,532,508
"PRPF4",1974,1934,1077,1266
"PRPF40A",6428,6356,3709,3888
"PRPF40B",253,266,220,231
"PRPF4B",2475,3020,1856,1685
"PRPF6",2267,1987,1773,2177
"PRPF8",11440,11459,7697,8809
"PRPH",51,42,61,72
"PRPH2",5,1,3,3
"PRPS1",3351,2891,2749,2786
"PRPS1L1",32,37,24,23
"PRPS2",1862,1836,460,383
"PRPSAP1",926,804,903,961
"PRPSAP2",1545,1373,1009,965
"PRR11",1204,1106,1138,1250
"PRR12",1131,1130,627,598
"PRR13",6068,5264,3437,3311
"PRR14",823,873,677,771
"PRR14L",1044,1081,868,725
"PRR15",0,0,0,0
"PRR15L",5,0,5,0
"PRR16",1,0,0,2
"PRR18",12,8,1,2
"PRR19",294,286,144,180
"PRR20A",120,130,0,0
"PRR20B",120,130,0,0
"PRR20C",120,130,0,0
"PRR20D",120,130,0,0
"PRR20E",120,130,0,0
"PRR21",0,0,0,0
"PRR22",181,256,115,117
"PRR23A",1,1,0,2
"PRR23B",0,0,0,0
"PRR23C",1,0,0,0
"PRR23D1",1,0,2,0
"PRR23D2",1,0,2,0
"PRR25",7,4,6,6
"PRR26",2,1,1,1
"PRR27",0,0,0,1
"PRR29",29,30,25,15
"PRR3",889,807,548,725
"PRR30",0,0,0,0
"PRR32",0,0,0,0
"PRR34",0,0,0,0
"PRR34-AS1",0,0,0,0
"PRR35",46,42,2,13
"PRR36",286,273,313,278
"PRR4",42,40,44,56
"PRR5",633,508,809,823
"PRR5-ARHGAP8",457,518,518,517
"PRR5L",6,4,74,73
"PRR7",620,589,376,361
"PRR7-AS1",9,11,4,4
"PRR9",0,0,0,1
"PRRC1",1260,1338,978,762
"PRRC2A",8262,8010,7480,7890
"PRRC2B",5616,5681,5025,5433
"PRRC2C",5483,5807,4179,4156
"PRRG1",0,0,2,0
"PRRG2",7,12,38,47
"PRRG3",0,0,0,0
"PRRG4",13,10,18,16
"PRRT1",155,170,97,93
"PRRT2",364,523,299,273
"PRRT3",249,208,461,395
"PRRT3-AS1",12,9,21,16
"PRRT4",15,5,8,7
"PRRX1",72,66,30,28
"PRRX2",164,180,90,91
"PRRX2-AS1",2,1,0,1
"PRSS1",0,0,0,0
"PRSS12",12,11,39,24
"PRSS16",175,161,114,122
"PRSS21",3,1,0,0
"PRSS22",24,30,13,16
"PRSS23",1839,1638,11476,10019
"PRSS27",46,35,30,29
"PRSS3",1,0,0,2
"PRSS30P",48,61,70,50
"PRSS33",322,349,534,928
"PRSS35",1,0,1,0
"PRSS36",22,22,6,12
"PRSS37",5,0,0,0
"PRSS38",0,0,1,0
"PRSS3P2",0,0,0,0
"PRSS41",3,4,7,5
"PRSS42",0,0,0,0
"PRSS45",0,0,0,1
"PRSS46",0,0,0,0
"PRSS48",0,1,0,1
"PRSS50",1,0,0,0
"PRSS53",127,139,93,69
"PRSS54",75,65,47,28
"PRSS55",0,0,0,0
"PRSS56",2,0,1,0
"PRSS57",5,10,2,1
"PRSS58",0,0,0,0
"PRSS8",64,55,468,477
"PRTFDC1",575,560,491,442
"PRTG",562,579,1201,841
"PRTN3",3,3,3,2
"PRUNE",598,557,409,403
"PRUNE2",1,0,2,3
"PRX",540,499,188,237
"PRY",0,0,0,0
"PRY2",0,0,0,0
"PSAP",21032,18008,28684,24515
"PSAPL1",1,0,8,9
"PSAT1",6861,4994,3830,2315
"PSCA",4,2,3,1
"PSD",57,49,62,66
"PSD2",8,22,15,26
"PSD3",5,2,10,3
"PSD4",9,8,19,18
"PSEN1",1024,948,1324,1571
"PSEN2",544,498,731,753
"PSENEN",1486,1286,1138,1247
"PSG1",6793,5811,4085,5565
"PSG10P",428,358,285,398
"PSG11",1090,895,667,716
"PSG2",1277,1054,931,1053
"PSG3",7996,6746,4817,5963
"PSG4",3423,3201,2213,3090
"PSG5",2669,2331,3432,4295
"PSG6",1710,1416,667,631
"PSG7",1891,1583,602,831
"PSG8",4223,3931,3520,4731
"PSG9",19047,15911,7314,8388
"PSIP1",3868,3790,3542,3532
"PSKH1",1280,1165,1232,1324
"PSKH2",0,0,0,0
"PSMA1",6374,5806,4138,4512
"PSMA2",5152,4562,3890,4889
"PSMA3",1040,966,748,876
"PSMA3-AS1",465,527,655,774
"PSMA4",5310,4750,3433,4443
"PSMA5",6513,5364,3485,4214
"PSMA6",3748,3245,2837,3211
"PSMA7",8132,7015,5970,5866
"PSMA8",0,0,0,0
"PSMB1",7738,6579,5535,6260
"PSMB10",519,502,426,499
"PSMB11",0,0,0,0
"PSMB2",8185,7279,4643,5232
"PSMB3",2991,2729,1992,2149
"PSMB4",5185,4684,4060,4531
"PSMB5",8224,7096,5197,5633
"PSMB6",3851,3349,2345,2409
"PSMB7",7847,6884,4720,5482
"PSMB8",94,120,77,98
"PSMB8-AS1",551,417,483,515
"PSMB9",191,164,102,100
"PSMC1",4376,3979,2885,3713
"PSMC2",2776,2518,1901,2232
"PSMC3",7529,6772,5099,5856
"PSMC3IP",1035,1039,548,685
"PSMC4",5643,5106,2965,2986
"PSMC5",3505,3350,2377,2717
"PSMC6",1351,1213,801,1003
"PSMD1",8017,7355,8328,12279
"PSMD10",960,870,1196,945
"PSMD11",4602,4450,2837,2707
"PSMD12",2882,2794,2052,2172
"PSMD13",3586,2928,2374,2574
"PSMD14",2515,2192,1331,1542
"PSMD2",7356,6601,6131,5464
"PSMD3",5263,4669,3553,3576
"PSMD4",3881,3540,2569,2692
"PSMD5",705,646,594,696
"PSMD5-AS1",128,140,124,154
"PSMD6",4064,3713,2511,3155
"PSMD6-AS2",19,17,42,19
"PSMD7",2335,2155,1537,1747
"PSMD8",5480,4614,3975,4199
"PSMD9",1854,1565,1390,1584
"PSME1",514,420,834,881
"PSME2",2551,2096,1803,2237
"PSME3",5939,5376,3112,3368
"PSME4",3095,3115,3004,2786
"PSMF1",3473,3052,2194,2342
"PSMG1",2397,2232,1655,1823
"PSMG2",830,821,628,709
"PSMG3",1948,1759,1166,1186
"PSMG3-AS1",212,228,265,219
"PSMG4",949,898,347,344
"PSORS1C1",3,7,14,14
"PSORS1C2",1,2,4,3
"PSORS1C3",1,0,3,7
"PSPC1",3797,3500,2190,2884
"PSPH",1181,753,964,603
"PSPN",25,31,7,18
"PSRC1",734,753,922,1013
"PSTK",172,219,105,100
"PSTPIP1",2,3,7,3
"PSTPIP2",2114,1928,4311,3584
"PTAFR",63,53,144,91
"PTAR1",450,558,450,315
"PTBP1",10319,9765,6453,6919
"PTBP2",386,434,326,331
"PTBP3",5402,5087,2947,2200
"PTCD1",2452,2339,1415,1402
"PTCD2",291,253,143,147
"PTCD3",2375,2423,1791,2095
"PTCH1",445,434,891,774
"PTCH2",178,177,185,166
"PTCHD1",1,0,0,1
"PTCHD1-AS",0,0,0,0
"PTCHD2",15,20,11,6
"PTCHD3",0,0,0,0
"PTCHD4",431,401,536,474
"PTCRA",1,0,0,0
"PTCSC3",0,0,0,0
"PTDSS1",1655,1509,1327,1401
"PTDSS2",1408,1466,1218,1100
"PTEN",1011,1004,1372,1044
"PTENP1",493,428,522,447
"PTENP1-AS",3,4,6,1
"PTER",0,0,0,0
"PTF1A",0,0,0,0
"PTGDR",0,0,0,0
"PTGDR2",691,649,215,269
"PTGDS",8,2,21,49
"PTGER1",28,18,12,9
"PTGER2",17,8,46,55
"PTGER3",3,2,2,0
"PTGER4",1,0,18,15
"PTGER4P2-CDK2AP2P2",3,8,1,4
"PTGES",391,352,1075,1212
"PTGES2",2069,2073,1682,1572
"PTGES2-AS1",13,6,12,8
"PTGES3",13122,12213,7523,7342
"PTGES3L",30,31,40,51
"PTGES3L-AARSD1",1011,1027,698,813
"PTGFR",0,0,0,0
"PTGFRN",2279,2169,2284,2226
"PTGIR",74,56,24,24
"PTGIS",759,638,778,1319
"PTGR1",5,1,1,1
"PTGR2",170,160,128,123
"PTGS1",6,6,10,4
"PTGS2",1,0,0,0
"PTH",0,0,0,0
"PTH1R",80,65,92,126
"PTH2",12,12,6,6
"PTH2R",1,2,0,1
"PTHLH",1,0,2,0
"PTK2",4165,4139,2749,2742
"PTK2B",131,113,175,193
"PTK6",19,17,17,28
"PTK7",5130,4490,4710,4792
"PTMA",27483,26428,11480,13175
"PTMS",7211,6360,5617,5777
"PTN",0,0,13,13
"PTOV1",1671,1660,2087,2487
"PTOV1-AS1",459,506,435,519
"PTOV1-AS2",531,639,523,539
"PTP4A1",11177,10495,4312,3229
"PTP4A2",7799,6917,4660,4666
"PTP4A3",639,693,563,644
"PTPDC1",246,232,273,207
"PTPMT1",1802,1656,1577,1830
"PTPN1",3152,2812,1686,1726
"PTPN11",3903,3854,3008,2874
"PTPN12",1639,1428,1073,971
"PTPN13",7,6,43,45
"PTPN14",1287,1217,1429,1149
"PTPN18",377,382,368,444
"PTPN2",1406,1366,988,1213
"PTPN20",2,8,4,8
"PTPN21",288,293,589,665
"PTPN22",3,0,1,1
"PTPN23",1746,1945,1506,1420
"PTPN3",87,65,47,34
"PTPN4",255,277,253,216
"PTPN5",2,0,2,1
"PTPN6",196,147,252,274
"PTPN7",1,1,1,2
"PTPN9",872,843,744,803
"PTPRA",1124,1126,1133,1429
"PTPRB",0,2,2,1
"PTPRC",2,0,0,0
"PTPRCAP",19,32,29,21
"PTPRD",4,12,13,23
"PTPRD-AS1",0,0,0,0
"PTPRD-AS2",0,0,0,0
"PTPRE",2,3,16,5
"PTPRF",3407,3274,3960,4027
"PTPRG",23,28,25,29
"PTPRG-AS1",47,52,27,33
"PTPRH",402,396,120,110
"PTPRJ",123,133,851,895
"PTPRK",6,3,47,40
"PTPRM",0,3,1,0
"PTPRN",108,88,275,274
"PTPRN2",0,2,0,0
"PTPRO",0,1,0,2
"PTPRQ",0,0,0,0
"PTPRR",0,4,7,3
"PTPRS",3445,3881,2940,2841
"PTPRT",1,4,4,1
"PTPRU",216,190,622,632
"PTPRVP",8,5,4,3
"PTPRZ1",0,0,0,0
"PTRF",27023,23712,22352,27168
"PTRH1",443,391,300,233
"PTRH2",1932,1941,654,915
"PTRHD1",730,677,734,834
"PTS",494,452,536,634
"PTTG1",1053,1020,1170,1319
"PTTG1IP",5305,4779,5714,6007
"PTTG2",14,16,16,9
"PTTG3P",150,185,199,247
"PTX3",6,3,380,277
"PTX4",0,2,0,0
"PUF60",5836,5242,4155,4477
"PUM1",2655,2695,1887,1517
"PUM2",2482,2526,2004,1642
"PURA",530,471,408,370
"PURB",1215,1205,995,924
"PURG",37,35,37,26
"PUS1",1716,1742,969,1190
"PUS10",132,123,86,95
"PUS3",638,679,301,412
"PUS7",1648,1649,664,750
"PUS7L",372,341,180,143
"PUSL1",680,683,481,468
"PVALB",0,0,0,0
"PVR",1635,1435,2075,2322
"PVRIG",91,133,146,147
"PVRIG2P",283,318,342,305
"PVRL1",335,327,678,666
"PVRL2",2896,2456,5040,5004
"PVRL3",1,0,0,0
"PVRL3-AS1",0,0,0,0
"PVRL4",59,53,281,220
"PVT1",474,477,351,345
"PWAR1",0,3,0,1
"PWAR4",0,0,1,0
"PWAR5",59,80,71,32
"PWARSN",27,30,50,42
"PWP1",2124,2075,875,988
"PWP2",1850,1744,756,880
"PWRN1",0,0,0,0
"PWRN2",0,0,0,0
"PWRN3",0,0,0,0
"PWRN4",0,0,0,0
"PWWP2A",880,924,460,552
"PWWP2B",486,513,470,440
"PXDC1",146,141,412,438
"PXDN",346,352,1800,1660
"PXDNL",0,0,0,0
"PXK",295,279,394,378
"PXMP2",425,379,355,464
"PXMP4",1,2,3,2
"PXN",9677,9389,7148,6493
"PXN-AS1",421,419,317,240
"PXT1",3,6,2,3
"PXYLP1",128,138,165,246
"PYCARD",473,390,287,305
"PYCARD-AS1",172,140,121,120
"PYCR1",1619,1242,962,883
"PYCR2",2865,2484,1349,1472
"PYCRL",891,745,617,537
"PYDC1",0,0,0,0
"PYDC2",0,0,0,0
"PYGB",1756,1615,1817,1938
"PYGL",350,290,251,296
"PYGM",133,128,67,71
"PYGO1",4147,4292,1094,816
"PYGO2",1102,989,886,1065
"PYHIN1",0,0,0,0
"PYROXD1",1471,1442,1030,1035
"PYROXD2",7,3,62,63
"PYURF",2665,2313,1159,1362
"PYY",8,4,3,10
"PYY2",9,19,31,33
"PZP",1,1,1,6
"QARS",4116,4089,3399,3729
"QDPR",1632,1439,1296,1301
"QKI",2204,2117,1886,993
"QPCT",9,3,24,13
"QPCTL",1263,1093,791,665
"QPRT",1422,1251,2000,1834
"QRFP",1,2,2,1
"QRFPR",0,0,1,0
"QRICH1",3453,3454,2458,2551
"QRICH2",151,186,202,286
"QRSL1",861,732,396,485
"QSER1",1316,1398,1057,885
"QSOX1",1107,986,2677,2136
"QSOX2",1283,1312,732,728
"QTRT1",1119,1273,515,580
"QTRTD1",1373,1314,1159,1217
"R3HCC1",599,557,716,828
"R3HCC1L",516,529,359,496
"R3HDM1",1924,1854,1125,992
"R3HDM2",543,560,497,456
"R3HDM4",1885,1803,1331,1238
"R3HDML",0,0,0,0
"RAB10",5554,4937,2583,2121
"RAB11A",3862,3769,3369,3682
"RAB11B",2266,2211,1984,2224
"RAB11B-AS1",151,140,159,178
"RAB11FIP1",1579,1484,1668,1803
"RAB11FIP2",491,531,292,238
"RAB11FIP3",1079,1074,864,961
"RAB11FIP4",421,412,936,1265
"RAB11FIP5",596,492,726,778
"RAB12",346,370,425,339
"RAB13",2272,1991,3427,4558
"RAB14",1816,1747,1721,1315
"RAB15",821,787,899,1071
"RAB17",17,11,42,41
"RAB18",1242,1114,1255,882
"RAB19",2,0,0,1
"RAB1A",5610,5065,5195,4526
"RAB1B",3059,2714,3102,3323
"RAB20",18,9,74,67
"RAB21",708,676,647,508
"RAB22A",813,726,883,1024
"RAB23",668,710,678,580
"RAB24",781,788,587,682
"RAB25",2,4,2,4
"RAB26",188,210,152,175
"RAB27A",339,280,373,281
"RAB27B",0,0,1,0
"RAB28",596,513,432,421
"RAB29",353,310,406,441
"RAB2A",2136,1937,1653,1300
"RAB2B",349,312,268,261
"RAB30",77,83,233,255
"RAB30-AS1",309,257,176,177
"RAB31",1117,971,3338,4138
"RAB32",1177,925,1148,1317
"RAB33A",4,0,1,1
"RAB33B",108,125,128,74
"RAB34",5045,4400,4007,4287
"RAB35",2179,2022,1516,1616
"RAB36",258,228,180,140
"RAB37",4,8,10,9
"RAB38",1,0,0,0
"RAB39A",73,78,16,17
"RAB39B",307,194,152,139
"RAB3A",149,112,65,67
"RAB3B",416,371,1267,1170
"RAB3C",0,0,0,0
"RAB3D",895,814,986,1084
"RAB3GAP1",1437,1373,1378,1441
"RAB3GAP2",1546,1503,1123,1043
"RAB3IL1",444,358,207,265
"RAB3IP",28,24,140,174
"RAB40A",58,96,112,81
"RAB40AL",20,42,57,35
"RAB40B",655,621,677,582
"RAB40C",1032,962,830,832
"RAB41",4,4,5,8
"RAB42",0,0,0,0
"RAB43",815,782,999,859
"RAB44",3,4,7,6
"RAB4A",1209,1164,1110,909
"RAB4B",194,165,177,128
"RAB4B-EGLN2",2116,1943,1907,1953
"RAB5A",1458,1341,1138,991
"RAB5B",2354,2199,3144,3253
"RAB5C",4083,3643,3397,3384
"RAB6A",4558,4034,2961,2928
"RAB6B",507,423,670,689
"RAB6C",884,774,632,789
"RAB6C-AS1",74,67,37,46
"RAB7A",7409,6921,4676,5164
"RAB8A",2709,2579,1793,2131
"RAB8B",275,267,475,224
"RAB9A",900,717,802,855
"RAB9B",1,2,9,7
"RAB9BP1",0,0,0,0
"RABAC1",3393,2890,2514,2167
"RABEP1",2014,2035,2341,2814
"RABEP2",552,527,448,513
"RABEPK",1201,1000,379,475
"RABGAP1",1165,1229,993,997
"RABGAP1L",276,267,259,279
"RABGEF1",999,956,942,926
"RABGGTA",607,564,478,556
"RABGGTB",1488,1670,1122,1350
"RABIF",424,421,333,366
"RABL2A",1068,1175,620,809
"RABL2B",1975,2046,1080,1319
"RABL3",436,450,353,406
"RABL6",3935,3810,3642,3831
"RAC1",7649,6833,5919,6091
"RAC2",9,6,17,10
"RAC3",2374,2098,1005,1213
"RACGAP1",2256,2092,1420,1585
"RACGAP1P",85,76,55,65
"RAD1",764,761,501,532
"RAD17",482,479,627,603
"RAD18",1040,1050,559,585
"RAD21",4721,4370,3281,3066
"RAD21-AS1",14,12,7,8
"RAD21L1",2,0,1,2
"RAD23A",1607,1427,1274,1539
"RAD23B",7495,6792,6102,5308
"RAD50",1686,1843,1309,1641
"RAD51",513,481,312,396
"RAD51-AS1",7,5,7,10
"RAD51AP1",452,449,321,237
"RAD51AP2",0,0,0,0
"RAD51B",384,298,186,202
"RAD51C",944,949,712,822
"RAD51D",276,213,144,201
"RAD51L3-RFFL",354,359,465,409
"RAD52",366,406,225,263
"RAD54B",604,616,574,531
"RAD54L",879,936,540,584
"RAD54L2",131,162,121,78
"RAD9A",966,912,790,741
"RAD9B",19,19,25,21
"RADIL",290,301,152,165
"RAE1",1886,1705,998,1135
"RAET1E",0,1,1,3
"RAET1E-AS1",58,70,31,41
"RAET1G",0,2,1,1
"RAET1K",16,17,9,5
"RAET1L",4,6,7,6
"RAF1",2879,3029,2455,2800
"RAG1",1,0,4,4
"RAG2",4,2,6,8
"RAI1",1985,2029,1930,2116
"RAI1-AS1",2,0,2,0
"RAI14",2746,2512,3367,3347
"RAI2",0,0,0,1
"RALA",2593,2333,2148,2209
"RALB",1383,1081,1532,1557
"RALBP1",2243,2185,1864,1885
"RALGAPA1",412,438,373,334
"RALGAPA1P",330,330,276,235
"RALGAPA2",145,165,199,223
"RALGAPB",1997,2033,1847,1917
"RALGDS",1496,1528,1327,1352
"RALGPS1",85,109,179,189
"RALGPS2",879,827,1687,1491
"RALY",3187,2699,2729,2997
"RALY-AS1",61,72,29,29
"RALYL",0,0,1,1
"RAMP1",1,1,3,1
"RAMP2",14,7,17,14
"RAMP2-AS1",4,6,6,9
"RAMP3",0,0,0,0
"RAN",15759,14395,8957,10346
"RANBP1",5168,4834,2891,3402
"RANBP10",814,863,653,698
"RANBP17",160,194,173,212
"RANBP2",5392,5568,3896,4211
"RANBP3",2527,2521,1665,1895
"RANBP3L",0,4,3,0
"RANBP6",671,716,725,688
"RANBP9",1010,949,899,929
"RANGAP1",7563,6630,8374,7609
"RANGRF",1114,954,652,856
"RAP1A",988,929,998,635
"RAP1B",3147,2733,3786,2635
"RAP1GAP",96,105,73,91
"RAP1GAP2",256,291,435,504
"RAP1GDS1",1146,1031,978,1020
"RAP2A",475,503,709,585
"RAP2B",987,974,1508,1188
"RAP2C",747,692,1027,558
"RAP2C-AS1",18,16,30,22
"RAPGEF1",1842,1850,2020,2157
"RAPGEF2",296,276,505,532
"RAPGEF3",105,100,489,190
"RAPGEF4",4,3,5,5
"RAPGEF4-AS1",0,0,0,0
"RAPGEF5",12,22,35,35
"RAPGEF6",448,465,280,220
"RAPGEFL1",238,296,262,252
"RAPH1",440,455,572,453
"RAPSN",11,7,19,6
"RARA",398,332,324,398
"RARA-AS1",22,28,31,32
"RARB",13,10,19,17
"RARG",1149,1129,649,893
"RARRES1",0,0,2,0
"RARRES2",150,97,111,157
"RARRES3",3,0,127,127
"RARS",3106,3009,2087,2513
"RARS2",1010,1011,1067,1391
"RASA1",388,367,451,333
"RASA2",447,398,333,196
"RASA3",684,659,680,845
"RASA4",227,199,298,303
"RASA4B",386,347,521,472
"RASA4CP",70,52,69,64
"RASAL1",39,52,15,10
"RASAL2",402,346,860,793
"RASAL2-AS1",18,14,31,29
"RASAL3",1,1,2,0
"RASD1",4,2,4,3
"RASD2",66,41,244,112
"RASEF",5,4,1,0
"RASGEF1A",755,772,580,582
"RASGEF1B",0,0,3,0
"RASGEF1C",30,26,19,18
"RASGRF1",30,23,43,42
"RASGRF2",41,45,71,61
"RASGRF2-AS1",0,0,0,0
"RASGRP1",5,10,5,8
"RASGRP2",10,8,21,22
"RASGRP3",9,4,58,57
"RASGRP4",20,26,18,11
"RASIP1",52,40,52,56
"RASL10A",85,64,38,42
"RASL10B",904,845,1542,1891
"RASL11A",124,126,119,172
"RASL11B",39,30,253,302
"RASL12",0,0,2,2
"RASSF1",566,540,515,574
"RASSF1-AS1",15,12,5,5
"RASSF10",0,0,0,0
"RASSF2",54,56,416,514
"RASSF3",1097,967,954,762
"RASSF4",13,5,132,114
"RASSF5",7,7,20,23
"RASSF6",0,0,3,2
"RASSF7",827,821,910,1016
"RASSF8",255,217,436,427
"RASSF8-AS1",43,36,87,65
"RASSF9",0,0,0,0
"RAVER1",3197,3153,2319,2585
"RAVER2",481,493,495,506
"RAX",1,0,0,0
"RAX2",0,3,3,1
"RB1",690,621,908,498
"RB1CC1",1603,1554,1247,1075
"RBAK",886,891,729,809
"RBAK-RBAKDN",38,31,11,16
"RBAKDN",24,18,10,6
"RBBP4",5448,5380,3663,4628
"RBBP5",978,974,577,610
"RBBP6",9636,10818,4637,3706
"RBBP7",4229,4022,3227,3983
"RBBP8",1033,897,588,703
"RBBP8NL",0,1,0,0
"RBBP9",533,527,574,761
"RBCK1",791,768,1076,1048
"RBFA",637,714,434,486
"RBFADN",8,13,2,13
"RBFOX1",0,0,0,0
"RBFOX2",2151,2060,2455,2834
"RBFOX3",59,58,18,24
"RBKS",102,74,107,114
"RBL1",309,301,214,195
"RBL2",724,706,688,573
"RBM10",1829,1791,1437,1541
"RBM11",20,14,29,9
"RBM12",4467,4311,2542,3008
"RBM12B",624,627,455,369
"RBM12B-AS1",11,18,7,2
"RBM14",3793,3655,2282,2665
"RBM14-RBM4",4629,4233,2651,3190
"RBM15",757,748,418,436
"RBM15B",3952,3700,2746,3258
"RBM17",1991,1871,1471,1825
"RBM18",1174,987,556,457
"RBM19",3124,3325,1508,1587
"RBM20",60,63,154,167
"RBM22",2294,2166,1371,1617
"RBM23",1291,1120,1209,1371
"RBM24",494,411,545,358
"RBM25",4233,4689,2939,2893
"RBM26",1859,1867,930,860
"RBM26-AS1",12,23,12,19
"RBM27",1764,1803,983,779
"RBM28",2070,2123,930,959
"RBM3",5791,5216,5061,5077
"RBM33",1622,1704,985,935
"RBM34",2010,1981,1331,1689
"RBM38",3039,2607,1661,1761
"RBM39",5477,5617,4835,5383
"RBM4",6579,6095,3849,4715
"RBM41",372,409,329,322
"RBM42",3124,2699,2080,2308
"RBM43",77,72,79,59
"RBM44",11,8,5,8
"RBM45",322,282,270,310
"RBM46",0,0,1,0
"RBM47",1174,1144,512,597
"RBM48",297,282,178,218
"RBM4B",1408,1284,854,1195
"RBM5",1532,1591,1615,1875
"RBM5-AS1",63,59,46,59
"RBM6",1845,1961,1517,2176
"RBM7",897,823,575,361
"RBM8A",3608,3363,1973,2636
"RBMS1",179,187,759,697
"RBMS2",491,463,921,964
"RBMS3",1,0,4,2
"RBMS3-AS1",0,0,0,0
"RBMS3-AS3",0,0,0,0
"RBMX",10675,9632,5633,7114
"RBMX2",861,788,521,686
"RBMXL1",1644,1543,875,1018
"RBMXL2",3,4,1,2
"RBMXL3",1,0,0,0
"RBMY1A1",0,0,0,2
"RBMY1A3P",0,0,0,0
"RBMY1B",0,0,0,2
"RBMY1D",0,0,0,2
"RBMY1E",0,0,0,1
"RBMY1F",0,0,1,1
"RBMY1J",0,0,1,1
"RBMY2EP",0,0,0,0
"RBMY2FP",0,0,0,0
"RBMY3AP",0,0,0,0
"RBP1",1,0,5,3
"RBP2",10,5,86,117
"RBP3",0,0,4,0
"RBP4",0,0,0,0
"RBP5",2,3,8,9
"RBP7",26,33,4,2
"RBPJ",11208,11226,4805,3558
"RBPJL",0,0,0,1
"RBPMS",289,287,1679,1790
"RBPMS-AS1",23,21,76,71
"RBPMS2",2111,1763,1560,1404
"RBSN",939,895,623,791
"RBX1",1014,872,822,775
"RC3H1",840,840,982,765
"RC3H2",488,524,445,368
"RCAN1",1585,1366,2025,2544
"RCAN2",0,0,11,9
"RCAN3",207,201,239,186
"RCAN3AS",1,0,1,1
"RCBTB1",1337,1326,1295,813
"RCBTB2",173,184,235,234
"RCC1",3173,3100,1451,1841
"RCC2",6123,6043,3516,4146
"RCCD1",28,31,21,24
"RCE1",544,520,434,468
"RCHY1",929,815,568,436
"RCL1",1009,804,370,350
"RCN1",2918,2668,5108,4592
"RCN2",1866,1696,1953,1390
"RCN3",135,144,80,113
"RCOR1",1630,1640,1251,1310
"RCOR2",1519,1321,953,957
"RCOR3",500,466,467,377
"RCSD1",5,1,16,3
"RCVRN",0,2,0,2
"RD3",0,0,18,11
"RD3L",0,0,1,0
"RDH10",2863,2490,2260,1653
"RDH10-AS1",9,8,15,15
"RDH11",2326,2223,1513,1731
"RDH12",0,3,1,3
"RDH13",587,557,553,703
"RDH14",710,683,462,506
"RDH16",8,9,11,8
"RDH5",15,22,19,25
"RDH8",0,0,1,1
"RDM1",35,30,23,10
"RDX",2501,2423,2460,2123
"REC114",5,2,2,1
"REC8",61,97,70,58
"RECK",95,85,190,126
"RECQL",2256,2259,1472,1515
"RECQL4",1182,1327,893,941
"RECQL5",852,851,766,842
"REEP1",23,23,109,92
"REEP2",1831,1664,1900,1888
"REEP3",462,425,458,365
"REEP4",1275,1142,876,784
"REEP5",2689,2440,2514,2538
"REEP6",757,627,362,322
"REG1A",1,0,0,0
"REG1B",0,0,0,0
"REG1P",0,0,0,0
"REG3A",0,0,0,0
"REG3G",0,0,0,0
"REG4",1,0,6,3
"REL",80,90,42,44
"RELA",1961,1733,1496,1586
"RELB",707,573,457,495
"RELL1",360,299,323,227
"RELL2",295,359,301,298
"RELN",9,4,43,38
"RELT",452,493,544,488
"REM1",0,0,0,0
"REM2",4,5,7,7
"REN",0,0,7,0
"RENBP",129,115,283,308
"REP15",10,19,9,38
"REPIN1",7035,6395,10760,11884
"REPS1",2112,1983,1256,1398
"REPS2",1,2,14,10
"RER1",3099,3010,2304,2506
"RERE",2559,2565,1968,1936
"REREP3",8,8,2,3
"RERG",0,0,0,0
"RERG-AS1",0,0,0,0
"RERGL",0,0,0,0
"RESP18",1,0,0,0
"REST",1026,948,1141,894
"RET",14,11,22,12
"RETN",0,0,1,0
"RETNLB",0,0,0,0
"RETSAT",1675,1524,1607,1535
"REV1",867,887,872,1004
"REV3L",1007,981,1101,1043
"REXO1",1715,1766,1183,1150
"REXO1L2P",0,0,0,0
"REXO2",1204,1108,986,1065
"REXO4",2083,1952,1003,1237
"RFC1",2134,2146,1638,1877
"RFC2",1960,1810,1056,1282
"RFC3",2301,2269,869,602
"RFC4",1666,1751,1037,1319
"RFC5",706,777,487,448
"RFESD",30,32,23,26
"RFFL",328,335,475,408
"RFK",1258,1169,779,481
"RFNG",1223,1114,956,882
"RFPL1",115,133,22,25
"RFPL1S",158,155,58,51
"RFPL2",214,261,29,32
"RFPL3",33,26,10,11
"RFPL3S",35,27,15,13
"RFPL4A",1137,1153,91,68
"RFPL4AL1",1023,1044,83,59
"RFPL4B",2054,1974,280,205
"RFT1",921,819,474,515
"RFTN1",138,102,1680,1765
"RFTN2",9,1,10,2
"RFWD2",1371,1268,1157,1389
"RFWD3",3808,3956,1831,2107
"RFX1",479,465,303,328
"RFX2",410,428,471,483
"RFX3",777,839,764,571
"RFX3-AS1",2,7,7,12
"RFX4",0,3,4,3
"RFX5",2084,1992,1616,1851
"RFX6",0,0,0,0
"RFX7",1284,1583,1027,612
"RFX8",0,0,0,0
"RFXANK",1783,1645,1037,1095
"RFXAP",207,198,185,159
"RGAG1",3,0,6,5
"RGAG4",695,593,326,396
"RGCC",26,18,39,51
"RGL1",321,303,1354,1263
"RGL2",1092,1168,961,1207
"RGL3",4,2,1,2
"RGL4",0,0,0,0
"RGMA",283,294,144,203
"RGMB",113,101,144,109
"RGMB-AS1",10,5,9,5
"RGN",1,0,3,0
"RGP1",106,98,100,95
"RGPD1",764,791,768,735
"RGPD2",748,776,748,704
"RGPD3",1470,1580,1500,1352
"RGPD4",1526,1677,1682,1560
"RGPD4-AS1",0,0,0,0
"RGPD5",2909,3002,3462,2943
"RGPD6",2909,3003,3462,2943
"RGPD8",3072,3215,3606,3067
"RGR",0,0,0,1
"RGS1",1151,1091,164,175
"RGS10",748,629,632,748
"RGS11",6,9,10,9
"RGS12",470,440,412,451
"RGS13",1,5,0,0
"RGS14",1495,1511,669,810
"RGS16",1,1,2,4
"RGS17",1,3,1,1
"RGS18",0,1,0,0
"RGS19",460,423,268,284
"RGS2",2720,2602,307,388
"RGS20",168,142,193,209
"RGS21",0,0,0,0
"RGS22",1,2,0,0
"RGS3",2792,2640,1642,1846
"RGS4",13,15,19,5
"RGS5",87,77,615,418
"RGS6",0,0,0,0
"RGS7",2,0,0,0
"RGS7BP",0,0,0,0
"RGS8",0,0,0,0
"RGS9",59,60,240,224
"RGS9BP",158,144,38,58
"RGSL1",0,1,0,0
"RHAG",0,0,0,1
"RHBDD1",612,525,353,383
"RHBDD2",1901,1688,1449,1561
"RHBDD3",1026,1115,751,931
"RHBDF1",1441,1563,1634,1506
"RHBDF2",625,603,800,771
"RHBDL1",111,197,140,148
"RHBDL2",8,7,37,24
"RHBDL3",24,24,92,122
"RHBG",5,3,11,17
"RHCE",86,75,62,56
"RHCG",30,30,6,6
"RHD",13,17,6,12
"RHEB",1852,1523,1500,1655
"RHEBL1",130,99,47,58
"RHNO1",1340,1163,809,897
"RHO",0,0,1,3
"RHOA",15532,13561,13240,13742
"RHOB",7597,6252,6271,6686
"RHOBTB1",3681,3587,4541,5089
"RHOBTB2",830,828,1087,1477
"RHOBTB3",525,432,2388,2153
"RHOC",6255,5180,10852,12400
"RHOD",1,0,4,0
"RHOF",1912,1805,1685,1873
"RHOG",1085,983,852,860
"RHOH",476,430,299,299
"RHOJ",0,0,0,0
"RHOQ",2433,2391,3180,2955
"RHOT1",488,481,397,416
"RHOT2",1942,2195,1661,1481
"RHOU",46,41,273,282
"RHOV",67,89,83,96
"RHOXF1",0,0,1,1
"RHOXF1-AS1",0,0,1,0
"RHOXF1P1",0,0,0,0
"RHOXF2",0,0,0,0
"RHOXF2B",0,0,0,0
"RHPN1",508,669,746,762
"RHPN1-AS1",34,28,39,29
"RHPN2",309,346,327,268
"RIBC1",95,65,56,55
"RIBC2",62,70,32,50
"RIC1",868,876,756,669
"RIC3",61,65,30,26
"RIC8A",3338,2970,2738,2861
"RIC8B",384,420,358,397
"RICTOR",932,947,707,356
"RIF1",1525,1712,863,791
"RIIAD1",2,0,0,0
"RILP",198,187,184,211
"RILPL1",793,764,843,879
"RILPL2",952,766,704,833
"RIMBP2",1508,1646,1150,1398
"RIMBP3",92,75,109,167
"RIMBP3B",89,72,110,146
"RIMBP3C",89,73,110,146
"RIMKLA",21,15,99,101
"RIMKLB",110,151,149,143
"RIMS1",0,2,0,0
"RIMS2",4065,3794,1442,1154
"RIMS3",310,248,526,450
"RIMS4",562,469,504,572
"RIN1",3768,3735,563,571
"RIN2",10,6,42,54
"RIN3",396,323,571,571
"RING1",781,655,841,1010
"RINL",234,211,222,192
"RINT1",636,622,419,363
"RIOK1",1261,1256,628,840
"RIOK2",1849,1760,916,1198
"RIOK3",1469,1382,1463,1038
"RIPK1",830,876,739,896
"RIPK2",222,164,725,718
"RIPK3",0,0,0,0
"RIPK4",72,69,18,3
"RIPPLY1",0,0,0,2
"RIPPLY2",0,0,0,0
"RIPPLY3",0,2,0,1
"RIT1",793,750,878,917
"RIT2",0,2,0,0
"RITA1",1661,1600,1162,1249
"RLBP1",24,21,64,100
"RLF",1043,1002,601,670
"RLIM",3359,3242,1971,2168
"RLN1",2,0,0,1
"RLN2",0,1,0,0
"RLN3",0,0,1,0
"RLTPR",282,297,257,295
"RMDN1",1259,1132,750,829
"RMDN2",20,24,19,25
"RMDN2-AS1",1,0,2,0
"RMDN3",1661,1492,1236,1326
"RMI1",374,362,203,181
"RMI2",1099,1050,623,646
"RMND1",482,474,259,327
"RMND5A",2365,2260,1583,1603
"RMND5B",541,461,652,642
"RMRP",20,19,11,97
"RMST",1,0,4,4
"RNA45S5",531647,442601,414955,549345
"RNA5-8S5",1609,1839,1654,3562
"RNASE1",28,24,63,40
"RNASE10",0,0,0,3
"RNASE11",0,0,0,0
"RNASE12",0,0,0,0
"RNASE13",0,0,1,1
"RNASE2",0,0,0,2
"RNASE3",1,2,1,2
"RNASE4",78,73,138,129
"RNASE6",0,0,1,3
"RNASE7",13,14,4,2
"RNASE8",0,1,0,0
"RNASE9",0,0,0,0
"RNASEH1",1441,1313,769,639
"RNASEH1-AS1",400,360,161,186
"RNASEH2A",1200,1090,627,641
"RNASEH2B",297,269,239,231
"RNASEH2B-AS1",7,1,2,4
"RNASEH2C",1752,1608,1436,1550
"RNASEK",3705,3307,2424,2498
"RNASEK-C17orf49",4276,3756,2841,2998
"RNASEL",0,2,8,4
"RNASET2",542,543,1405,1413
"RND1",28,26,75,68
"RND2",515,404,874,960
"RND3",4171,3959,3276,3131
"RNF10",3156,3004,3087,3419
"RNF103",594,595,515,444
"RNF103-CHMP3",2322,2059,2197,2332
"RNF11",1155,1064,1254,634
"RNF111",542,543,372,307
"RNF112",1,1,3,4
"RNF113A",572,474,243,300
"RNF113B",0,0,0,1
"RNF114",1810,1625,1314,1409
"RNF115",523,458,489,493
"RNF121",622,564,568,615
"RNF122",92,89,72,88
"RNF123",555,596,475,481
"RNF125",264,237,104,98
"RNF126",2771,2638,1541,1375
"RNF126P1",57,54,29,14
"RNF128",0,0,0,0
"RNF13",1140,1160,652,581
"RNF130",1076,1007,867,1053
"RNF133",0,0,0,0
"RNF135",1,1,6,5
"RNF138",1203,1099,622,270
"RNF138P1",83,79,47,65
"RNF139",732,633,744,685
"RNF139-AS1",13,17,18,26
"RNF14",869,737,469,391
"RNF141",718,673,2116,1455
"RNF144A",165,195,128,135
"RNF144A-AS1",36,33,12,21
"RNF144B",3,2,3,8
"RNF145",2621,2464,2857,2986
"RNF146",654,559,637,552
"RNF148",1,2,2,1
"RNF149",1211,1134,1278,1035
"RNF150",20,36,50,28
"RNF151",1,1,1,0
"RNF152",0,2,19,6
"RNF157",550,622,695,743
"RNF157-AS1",63,60,86,89
"RNF165",7,15,10,9
"RNF166",549,500,462,437
"RNF167",2867,2581,1796,1959
"RNF168",988,864,591,498
"RNF169",737,755,547,643
"RNF17",0,1,0,0
"RNF170",329,355,367,478
"RNF175",0,0,0,1
"RNF180",0,2,3,1
"RNF181",792,646,694,722
"RNF182",81,82,86,43
"RNF183",0,2,2,1
"RNF185",1009,1009,1350,1486
"RNF186",1,2,0,0
"RNF187",3829,3426,3736,3877
"RNF19A",359,356,1055,816
"RNF19B",1542,1492,876,951
"RNF2",1226,1027,714,574
"RNF20",1517,1501,654,832
"RNF207",20,24,28,34
"RNF208",57,63,66,43
"RNF212",4,2,0,1
"RNF212B",70,63,64,105
"RNF213",1406,1491,1836,1754
"RNF214",384,356,290,312
"RNF215",585,591,507,477
"RNF216",1870,1657,1439,1463
"RNF216-IT1",0,0,0,0
"RNF216P1",1188,1062,826,930
"RNF217",80,89,281,145
"RNF217-AS1",9,5,29,16
"RNF219",642,671,413,453
"RNF219-AS1",248,240,132,181
"RNF220",1038,1018,934,1050
"RNF222",2,4,1,2
"RNF223",18,9,43,70
"RNF224",21,19,19,21
"RNF225",0,0,2,0
"RNF24",179,143,213,190
"RNF25",1917,1837,1224,1447
"RNF26",2114,1836,2000,2189
"RNF31",711,668,513,534
"RNF32",77,87,52,45
"RNF34",1163,1081,791,959
"RNF38",416,488,481,390
"RNF39",133,122,91,101
"RNF4",1997,1903,1543,1622
"RNF40",3441,3378,2910,3241
"RNF41",1159,937,1056,969
"RNF43",10,14,9,15
"RNF44",1612,1620,1274,1241
"RNF5",1949,1679,1537,1628
"RNF5P1",1949,1679,1537,1628
"RNF6",1084,1179,1078,920
"RNF7",2068,1875,2063,2251
"RNF8",848,789,714,884
"RNFT1",205,214,256,247
"RNFT2",177,188,140,208
"RNGTT",1026,1027,654,613
"RNH1",3088,2879,2269,2378
"RNLS",55,30,39,60
"RNMT",2085,2127,926,1135
"RNMTL1",1225,1124,445,531
"RNPC3",139,179,101,94
"RNPEP",2170,2059,2283,2272
"RNPEPL1",283,239,277,323
"RNPS1",8477,7709,5105,5629
"RNU1-13P",0,0,0,0
"RNU11",1,2,2,2
"RNU12",0,0,1,0
"RNU4ATAC",0,0,0,2
"RNU5D-1",0,0,0,0
"RNU5E-1",0,0,0,0
"RNU5F-1",0,0,0,0
"RNU6-16P",0,0,0,0
"RNU6-19P",0,0,0,0
"RNU6-2",9,3,11,5
"RNU6-28P",0,0,0,0
"RNU6-31P",0,0,0,0
"RNU6-33P",1,1,0,0
"RNU6-34P",1,1,0,0
"RNU6-35P",0,0,0,0
"RNU6-48P",0,0,0,0
"RNU6-52P",0,0,0,0
"RNU6-53P",0,0,0,0
"RNU6-57P",0,0,0,0
"RNU6-64P",0,0,0,0
"RNU6-66P",0,0,0,0
"RNU6-67P",0,0,0,0
"RNU6-69P",0,0,0,0
"RNU6-71P",0,0,0,0
"RNU6-72P",1,1,1,0
"RNU6-76P",0,0,0,0
"RNU6-78P",0,1,1,0
"RNU6-79P",0,0,0,0
"RNU6-81P",0,0,0,0
"RNU6-83P",0,0,0,0
"RNU6ATAC",7,7,7,2
"RNU86",52,58,37,53
"RNVU1-19",0,1,0,0
"RNVU1-20",8,10,3,9
"RNVU1-8",1,1,0,2
"RNY4",0,0,0,0
"RNY5",0,0,0,0
"ROBO1",30,25,95,74
"ROBO2",0,1,0,0
"ROBO3",156,141,174,163
"ROBO4",5,2,34,7
"ROCK1",1799,1838,1663,1442
"ROCK1P1",430,423,441,352
"ROCK2",621,599,606,514
"ROGDI",346,324,558,588
"ROM1",166,169,72,120
"ROMO1",1170,958,1312,1195
"ROPN1",1,1,0,0
"ROPN1B",0,0,0,0
"ROPN1L",13,16,16,9
"ROPN1L-AS1",2,1,2,1
"ROR1",1,0,4,0
"ROR1-AS1",0,1,1,0
"ROR2",8,15,88,130
"RORA",16,16,56,29
"RORA-AS1",16,11,12,10
"RORA-AS2",0,0,0,0
"RORB",0,0,0,0
"RORB-AS1",0,0,0,0
"RORC",0,2,3,1
"ROS1",2,0,0,0
"RP1",0,0,0,0
"RP11-87M18.2",0,0,0,0
"RP1L1",0,1,17,5
"RP2",137,93,155,165
"RP9",1066,1022,606,793
"RP9P",635,592,390,543
"RPA1",3264,2884,2119,2066
"RPA2",3502,3205,2086,2384
"RPA3",1427,1207,677,749
"RPA4",1,12,3,6
"RPAIN",3994,3447,1825,2271
"RPAP1",2674,2671,1120,1367
"RPAP2",661,608,303,435
"RPAP3",2200,2068,1472,1656
"RPARP-AS1",377,425,224,239
"RPE",1467,1383,798,602
"RPE65",28,31,67,52
"RPEL1",190,162,109,90
"RPF1",1323,1185,865,1063
"RPF2",2259,2052,844,1123
"RPGR",309,257,155,182
"RPGRIP1",16,16,10,20
"RPGRIP1L",475,506,241,292
"RPH3A",1,0,0,0
"RPH3AL",110,99,200,138
"RPIA",1223,1174,347,511
"RPL10",18417,15809,16188,19194
"RPL10A",15798,13150,12684,16014
"RPL10L",2,0,1,1
"RPL11",15188,13941,11764,15030
"RPL12",16342,13590,12606,15989
"RPL13",26261,23191,19799,20984
"RPL13A",21422,17917,16324,20073
"RPL13AP17",0,0,0,1
"RPL13AP20",8290,6694,5818,7856
"RPL13AP3",42,47,39,37
"RPL13AP5",13833,11312,9887,11338
"RPL13AP6",273,199,233,215
"RPL13P5",52,49,36,34
"RPL14",16068,14516,10607,13677
"RPL15",26058,22747,21548,26268
"RPL17",20862,17821,17099,23503
"RPL17-C18orf32",19791,16872,16353,22472
"RPL18",26108,22420,20246,23543
"RPL18A",18423,15250,13752,15471
"RPL19",28442,25081,18292,23104
"RPL19P12",1435,1191,839,856
"RPL21",11261,9742,8652,11393
"RPL21P28",11199,9674,8607,11357
"RPL21P44",6,5,4,6
"RPL22",14927,13530,11077,14777
"RPL22L1",1906,1780,2127,3193
"RPL23",23224,21153,18703,25597
"RPL23A",17471,14958,11892,19222
"RPL23AP32",1,0,3,3
"RPL23AP53",1059,1060,832,821
"RPL23AP64",9,6,5,27
"RPL23AP7",1252,1118,691,689
"RPL23AP82",1364,1270,756,771
"RPL23AP87",709,670,408,405
"RPL23P8",1803,1632,1576,1817
"RPL24",15122,12823,10821,15359
"RPL26",27610,24854,20573,30186
"RPL26L1",1894,1614,915,1149
"RPL27",13164,10759,9982,13522
"RPL27A",18308,14567,11789,14433
"RPL28",13540,12007,11074,11420
"RPL29",23630,21181,16079,19638
"RPL29P2",3,2,4,0
"RPL3",47128,41783,41594,53648
"RPL30",21791,18121,14221,17394
"RPL31",9773,9099,7623,9590
"RPL31P11",12,14,11,19
"RPL32",23221,19309,16984,21646
"RPL32P3",95,97,63,52
"RPL34",5454,5080,4357,4494
"RPL34-AS1",0,0,0,1
"RPL35",19987,17401,13676,16474
"RPL35A",8807,7931,6143,7645
"RPL36",7905,6762,5143,5912
"RPL36A",5015,4333,3753,5351
"RPL36A-HNRNPH2",7362,6666,6004,7758
"RPL36AL",6247,5648,4270,5913
"RPL37",22322,20294,18092,24275
"RPL37A",15934,13882,12496,16275
"RPL38",3404,2924,2115,2494
"RPL39",10440,8714,8515,11225
"RPL39L",589,528,259,327
"RPL3L",5,3,0,0
"RPL4",51929,46392,39272,51216
"RPL41",35162,30330,27975,39120
"RPL5",16332,14577,13124,17460
"RPL6",31049,28551,22376,28442
"RPL7",22719,20197,19105,25852
"RPL7A",17649,15854,13507,15939
"RPL7L1",1260,1156,700,834
"RPL8",48431,42463,34042,41852
"RPL9",13693,11634,10292,13925
"RPLP0",59690,50523,46537,54866
"RPLP0P2",218,194,215,272
"RPLP1",14292,12735,10811,14447
"RPLP2",8568,7523,6145,6464
"RPN1",8672,7672,7432,7618
"RPN2",4760,4580,4267,4583
"RPP14",1149,1027,678,830
"RPP21",584,534,363,377
"RPP25",1355,1326,571,651
"RPP25L",1092,960,594,584
"RPP30",692,623,407,405
"RPP38",1268,1242,670,825
"RPP40",482,431,226,245
"RPPH1",11,17,15,107
"RPRD1A",1926,1917,1280,1104
"RPRD1B",1735,1616,1110,972
"RPRD2",1380,1277,842,953
"RPRM",1542,1346,424,694
"RPRML",48,32,19,14
"RPS10",19215,16059,13677,17474
"RPS10-NUDT3",17879,14919,12706,16251
"RPS10P7",2300,1878,1708,2316
"RPS11",18206,16640,14105,20006
"RPS12",9047,7605,6566,6264
"RPS13",17397,15013,11549,12666
"RPS14",20354,15496,14532,15567
"RPS14P3",891,736,694,901
"RPS15",12284,11537,8528,8332
"RPS15A",13238,10606,10239,13263
"RPS15AP10",1,3,0,0
"RPS16",21963,18324,14153,15125
"RPS16P5",3,2,0,1
"RPS17",70565,61626,51914,76777
"RPS18",18252,14570,15318,21387
"RPS18P9",1734,1206,1495,3001
"RPS19",21475,18012,17350,19031
"RPS19BP1",3374,2913,2154,2305
"RPS2",64496,57320,47929,56146
"RPS20",26700,24355,19037,24481
"RPS21",284,219,154,145
"RPS23",19527,17167,14243,19073
"RPS24",21072,19094,15647,24778
"RPS25",12246,10934,8377,13540
"RPS26",5686,5014,4013,4730
"RPS26P11",3690,3002,2572,2482
"RPS27",11002,9998,9969,13070
"RPS27A",12663,10533,9760,10101
"RPS27L",5123,5008,5926,6025
"RPS28",4247,3685,4056,4085
"RPS29",8361,6515,5560,6168
"RPS2P32",52,38,66,55
"RPS3",25138,20183,16911,22782
"RPS3A",30179,24018,21836,27626
"RPS4X",33679,28042,18342,24962
"RPS4Y1",7131,6534,6096,7280
"RPS4Y2",0,0,0,1
"RPS5",12219,9637,9078,8624
"RPS6",47047,39148,35436,48855
"RPS6KA1",2921,2756,1744,2222
"RPS6KA2",412,385,755,586
"RPS6KA2-AS1",0,0,0,0
"RPS6KA2-IT1",1,2,4,1
"RPS6KA3",463,466,514,429
"RPS6KA4",1329,1370,1170,1114
"RPS6KA5",51,41,115,46
"RPS6KA6",63,77,52,28
"RPS6KB1",1367,1416,699,608
"RPS6KB2",800,763,911,949
"RPS6KC1",539,567,477,445
"RPS6KL1",187,212,386,403
"RPS7",8726,6954,6117,7965
"RPS7P5",1,0,0,0
"RPS8",23856,20798,16888,19770
"RPS9",16855,14222,12060,14494
"RPSA",27897,24088,21502,22067
"RPSAP52",74,54,17,14
"RPSAP58",35755,30653,27588,29788
"RPSAP9",7589,6745,5880,6035
"RPTN",0,0,0,0
"RPTOR",1550,1534,961,989
"RPUSD1",2300,2297,1356,1361
"RPUSD2",707,666,388,422
"RPUSD3",1697,1406,763,841
"RPUSD4",982,932,612,743
"RQCD1",2149,2093,1608,1895
"RRAD",743,606,436,289
"RRAGA",919,821,928,907
"RRAGB",258,267,181,183
"RRAGC",1078,1019,834,914
"RRAGD",256,250,606,633
"RRAS",1365,1228,1451,1377
"RRAS2",1462,1318,1481,1187
"RRBP1",2820,2828,4606,4500
"RREB1",638,724,684,521
"RRH",2,1,3,2
"RRM1",3244,3184,2072,2280
"RRM2",3472,3341,1992,2056
"RRM2B",1605,1593,2656,1621
"RRN3",2146,2161,1195,1008
"RRN3P1",266,323,205,197
"RRN3P2",203,203,126,114
"RRN3P3",217,202,137,161
"RRNAD1",256,246,325,324
"RRP1",2709,2444,952,1119
"RRP12",3755,3655,1367,1595
"RRP15",1242,1218,645,759
"RRP1B",4847,4873,2314,2317
"RRP36",1585,1439,1173,1301
"RRP7A",4804,4512,2366,2842
"RRP7BP",1126,1234,631,740
"RRP8",727,694,338,385
"RRP9",2959,2713,953,1102
"RRS1",4633,4380,1241,1668
"RRS1-AS1",15,10,9,6
"RS1",0,0,1,0
"RSAD1",1051,979,591,587
"RSAD2",0,0,2,0
"RSBN1",499,494,355,278
"RSBN1L",318,330,295,293
"RSC1A1",428,470,180,193
"RSF1",1478,1436,1186,1229
"RSG1",88,68,70,66
"RSL1D1",11580,10514,5238,7399
"RSL24D1",4117,3644,2237,1933
"RSPH1",49,34,41,70
"RSPH10B",47,49,23,36
"RSPH10B2",47,49,23,36
"RSPH14",9,9,3,1
"RSPH3",163,155,124,117
"RSPH4A",30,43,42,32
"RSPH6A",0,1,1,2
"RSPH9",22,19,15,27
"RSPO1",216,339,262,221
"RSPO2",4,2,1,1
"RSPO3",5,3,14,10
"RSPO4",12,21,12,13
"RSPRY1",908,834,915,775
"RSRC1",234,229,177,180
"RSRC2",2318,2256,1835,2170
"RSRP1",1089,1389,949,982
"RSU1",1465,1397,1252,1301
"RSU1P2",0,1,0,0
"RTBDN",99,98,52,48
"RTCA",1114,1003,754,687
"RTCA-AS1",8,9,7,8
"RTCB",4812,4362,3262,3812
"RTEL1",777,754,554,524
"RTEL1-TNFRSF6B",744,703,511,486
"RTF1",1946,1994,1679,1781
"RTFDC1",1794,1638,1342,1389
"RTKN",1658,1665,1035,1225
"RTKN2",107,129,232,193
"RTL1",0,0,0,0
"RTN1",1,1,37,21
"RTN2",1402,1153,813,787
"RTN3",2108,1955,2253,2571
"RTN4",12154,11116,9636,7909
"RTN4IP1",554,474,292,278
"RTN4R",1342,1210,1364,1318
"RTN4RL1",1160,1040,1018,1149
"RTN4RL2",78,45,93,103
"RTP1",83,74,3,1
"RTP2",3,0,0,0
"RTP3",0,1,0,0
"RTP4",0,0,0,0
"RTP5",3,1,0,0
"RTTN",558,552,430,442
"RUFY1",880,874,768,1005
"RUFY2",626,611,530,420
"RUFY3",1326,1328,1542,1488
"RUFY4",0,1,0,0
"RUNDC1",696,673,520,586
"RUNDC3A",134,114,51,57
"RUNDC3A-AS1",79,76,99,116
"RUNDC3B",7,5,4,1
"RUNX1",190,231,93,57
"RUNX1-IT1",0,0,0,0
"RUNX1T1",0,1,0,0
"RUNX2",10,10,5,0
"RUNX3",3,2,4,5
"RUSC1",870,853,857,850
"RUSC1-AS1",1021,944,718,795
"RUSC2",560,462,602,563
"RUVBL1",6038,5289,2767,3444
"RUVBL1-AS1",2,1,0,0
"RUVBL2",3432,3049,1899,2066
"RWDD1",1098,957,771,865
"RWDD2A",139,123,205,247
"RWDD2B",573,451,441,487
"RWDD3",353,330,410,386
"RWDD4",900,889,635,590
"RXFP1",0,0,0,0
"RXFP2",0,0,0,0
"RXFP3",0,0,0,0
"RXFP4",1,0,0,0
"RXRA",1026,837,936,1064
"RXRB",604,559,530,579
"RXRG",0,0,0,0
"RYBP",1019,974,1332,938
"RYK",2067,1908,1868,1978
"RYR1",11,10,14,7
"RYR2",3,0,2,5
"RYR3",27,28,35,38
"S100A1",1044,940,1359,1756
"S100A10",124,73,257,207
"S100A11",210,150,89,57
"S100A12",0,0,0,0
"S100A13",3454,2835,4078,5104
"S100A14",12,9,396,398
"S100A16",1386,1193,5036,4892
"S100A2",266,197,217,243
"S100A3",163,111,382,348
"S100A4",6213,5171,13142,12378
"S100A5",249,152,171,174
"S100A6",24944,19967,26156,25830
"S100A7",0,0,0,0
"S100A7A",1,0,0,0
"S100A7L2",0,0,0,0
"S100A8",0,0,1,0
"S100A9",1,2,1,3
"S100B",2,1,0,1
"S100G",0,0,1,0
"S100P",0,4,6,1
"S100PBP",935,901,615,688
"S100Z",101,93,62,43
"S1PR1",0,0,0,0
"S1PR2",312,287,200,241
"S1PR3",32,30,27,35
"S1PR4",1,0,3,1
"S1PR5",137,121,155,201
"SAA1",72,60,194,113
"SAA2",48,34,104,79
"SAA2-SAA4",40,30,88,63
"SAA3P",1,0,1,1
"SAA4",2,3,7,2
"SAAL1",998,913,612,686
"SAC3D1",1268,1165,870,911
"SACM1L",1111,1075,685,556
"SACS",1555,1700,1008,839
"SACS-AS1",1,3,0,2
"SAE1",6766,6351,5008,6036
"SAFB",4771,4930,2599,3540
"SAFB2",4532,4586,2250,2939
"SAG",1,3,12,14
"SAGE1",0,0,0,0
"SALL1",0,2,2,0
"SALL2",983,892,1103,1293
"SALL3",9,5,0,0
"SALL4",2159,2486,1562,1532
"SALRNA1",1,1,0,0
"SALRNA2",0,0,1,0
"SALRNA3",0,0,0,0
"SAMD1",1489,1441,1002,1154
"SAMD10",10,10,20,14
"SAMD11",3822,3653,4955,6124
"SAMD12",1,1,0,0
"SAMD12-AS1",0,0,0,0
"SAMD13",11,2,1,2
"SAMD14",33,47,93,142
"SAMD15",52,49,35,46
"SAMD3",2,2,1,0
"SAMD4A",431,451,1311,1093
"SAMD4B",2082,2008,1595,1700
"SAMD5",9,11,15,14
"SAMD7",1,1,0,0
"SAMD8",1100,1006,903,921
"SAMD9",0,3,1,0
"SAMD9L",0,0,0,0
"SAMHD1",416,431,502,555
"SAMM50",1415,1305,873,1017
"SAMSN1",1,2,0,0
"SAMSN1-AS1",1,0,0,0
"SAP130",1757,1711,1686,1882
"SAP18",3802,3310,2367,2631
"SAP25",22,48,59,81
"SAP30",348,269,448,540
"SAP30BP",1635,1579,1144,1314
"SAP30L",325,288,400,491
"SAP30L-AS1",5,11,26,22
"SAPCD1",485,509,551,651
"SAPCD1-AS1",403,391,456,587
"SAPCD2",1320,1344,856,984
"SAR1A",3045,2924,2401,2725
"SAR1B",974,863,715,708
"SARAF",2499,2221,2834,2376
"SARDH",171,167,81,75
"SARM1",2265,2105,1257,1696
"SARNP",2040,1927,1817,2458
"SARS",4730,3805,3229,2835
"SARS2",1126,1080,925,982
"SART1",1786,1719,1041,1236
"SART3",3278,3248,1871,2142
"SASH1",249,258,275,207
"SASH3",2,0,0,0
"SASS6",431,476,233,168
"SAT1",11659,10682,8340,6286
"SAT2",1994,1723,1009,1207
"SATB1",12,11,12,5
"SATB1-AS1",0,0,0,0
"SATB2",10,8,12,7
"SATB2-AS1",0,0,0,0
"SATL1",51,57,44,50
"SAV1",706,613,1149,978
"SAXO1",0,0,0,0
"SAXO2",11,8,6,6
"SAYSD1",374,337,263,321
"SBDS",3388,2867,2674,3113
"SBDSP1",1407,1277,757,856
"SBF1",2622,2654,2861,2849
"SBF1P1",21,19,21,18
"SBF2",960,854,609,570
"SBF2-AS1",908,718,975,1246
"SBK1",1072,1065,485,576
"SBK2",84,63,89,104
"SBK3",6,3,5,5
"SBNO1",2660,2793,1542,1396
"SBNO2",1860,1760,1523,1305
"SBSN",54,47,16,15
"SBSPON",27,28,160,142
"SC5D",769,683,1373,1151
"SCAF1",4139,4107,3499,3662
"SCAF11",2656,2882,2718,2442
"SCAF4",2133,2188,1249,1542
"SCAF8",1644,1553,1405,1403
"SCAI",341,281,385,257
"SCAMP1",1089,1045,884,354
"SCAMP1-AS1",244,217,174,214
"SCAMP2",952,908,924,1085
"SCAMP3",1513,1423,856,972
"SCAMP4",1392,1398,1459,1743
"SCAMP5",848,858,486,575
"SCAND1",1892,1795,1199,1304
"SCAND2P",301,288,218,277
"SCAP",2445,2286,2135,2250
"SCAPER",215,201,138,193
"SCARA3",68,79,1100,947
"SCARA5",0,0,10,3
"SCARB1",4740,4229,4798,4989
"SCARB2",2281,2128,2301,2365
"SCARF1",28,23,48,42
"SCARF2",1580,1499,1865,1913
"SCARNA1",0,1,1,1
"SCARNA10",0,1,1,1
"SCARNA11",0,0,0,0
"SCARNA12",59,91,53,46
"SCARNA13",7,10,19,8
"SCARNA14",0,0,2,0
"SCARNA15",2,4,3,0
"SCARNA16",11,11,15,10
"SCARNA17",8,10,23,42
"SCARNA18",0,0,3,0
"SCARNA2",3,4,3,6
"SCARNA20",2,0,0,0
"SCARNA21",0,0,0,1
"SCARNA22",2,2,3,0
"SCARNA23",0,0,0,0
"SCARNA27",1,1,0,0
"SCARNA3",0,0,0,1
"SCARNA4",1,1,0,0
"SCARNA5",0,0,1,0
"SCARNA6",0,3,3,2
"SCARNA7",3,0,1,5
"SCARNA8",0,0,0,1
"SCARNA9",16,25,30,28
"SCARNA9L",7,3,2,4
"SCART1",18,18,27,23
"SCCPDH",1411,1314,1057,1092
"SCD",23957,22817,16452,20565
"SCD5",479,473,1131,1243
"SCEL",1,0,0,0
"SCEL-AS1",0,0,0,0
"SCFD1",331,319,327,288
"SCFD2",447,426,352,324
"SCG2",624,844,662,678
"SCG3",3,4,1,0
"SCG5",6,13,3,13
"SCGB1A1",1,7,6,7
"SCGB1B2P",5,13,14,16
"SCGB1C1",0,0,0,0
"SCGB1C2",0,0,0,0
"SCGB1D1",0,0,0,1
"SCGB1D2",0,0,0,0
"SCGB1D4",1,0,0,0
"SCGB2A1",0,0,0,0
"SCGB2A2",0,0,0,0
"SCGB2B2",0,1,1,2
"SCGB2B3P",0,0,0,0
"SCGB3A1",0,0,0,0
"SCGB3A2",0,0,0,0
"SCGN",1,0,1,2
"SCHIP1",560,498,822,770
"SCHLAP1",0,0,0,0
"SCIMP",15,10,8,3
"SCIN",3,1,0,1
"SCLT1",234,187,243,295
"SCLY",608,533,396,489
"SCMH1",803,907,996,1214
"SCML1",47,47,31,15
"SCML2",287,304,151,163
"SCML4",1,0,0,0
"SCN10A",0,0,0,0
"SCN11A",6,2,10,14
"SCN1A",2,1,1,0
"SCN1B",48,60,47,64
"SCN2A",8,5,21,13
"SCN2B",0,2,1,0
"SCN3A",1,0,1,0
"SCN3B",22,24,11,8
"SCN4A",1,3,2,3
"SCN4B",2,5,2,6
"SCN5A",21,24,46,81
"SCN7A",0,2,1,0
"SCN8A",184,174,291,326
"SCN9A",0,0,0,0
"SCNM1",686,583,478,542
"SCNN1A",2257,2092,821,916
"SCNN1B",0,1,1,0
"SCNN1D",144,151,138,122
"SCNN1G",2,1,6,7
"SCO1",2801,2446,1578,1549
"SCO2",743,675,521,528
"SCOC",1228,1250,893,488
"SCOC-AS1",15,18,4,15
"SCP2",1119,1041,986,1019
"SCP2D1",0,0,0,0
"SCPEP1",399,397,336,322
"SCRG1",3,1,94,98
"SCRIB",4928,4733,3680,3406
"SCRN1",4638,4243,3869,4322
"SCRN2",903,839,736,701
"SCRN3",126,136,137,150
"SCRT1",10,7,5,3
"SCRT2",1,0,0,0
"SCT",1,1,1,0
"SCTR",3,0,5,3
"SCUBE1",338,312,645,508
"SCUBE2",11,15,18,13
"SCUBE3",159,154,619,379
"SCX",108,178,274,275
"SCYL1",1815,1640,1457,1559
"SCYL2",574,539,627,487
"SCYL3",403,382,359,472
"SDAD1",2505,2353,1392,1452
"SDC1",2147,2099,3065,2840
"SDC2",139,125,373,270
"SDC3",2708,2465,3208,3488
"SDC4",1196,948,2641,2697
"SDC4P",0,0,0,0
"SDCBP",7163,6772,7030,4077
"SDCBP2",17,14,39,46
"SDCBP2-AS1",60,62,52,73
"SDCCAG3",3061,2836,1451,1640
"SDCCAG8",266,239,238,295
"SDE2",903,796,414,314
"SDF2",917,795,884,1059
"SDF2L1",519,499,464,418
"SDF4",4213,3806,4083,4088
"SDHA",3612,3365,2612,2372
"SDHAF1",722,696,464,473
"SDHAF2",909,827,790,899
"SDHAF3",590,502,252,211
"SDHAF4",152,104,82,83
"SDHAP1",781,910,761,747
"SDHAP2",465,574,525,485
"SDHAP3",767,765,588,538
"SDHB",2640,2426,1338,1631
"SDHC",2817,2330,2676,2861
"SDHD",2156,1815,1099,960
"SDK1",1,1,3,3
"SDK2",103,108,155,173
"SDPR",6,2,9,3
"SDR16C5",0,0,4,7
"SDR16C6P",0,0,0,0
"SDR39U1",1347,1317,1062,1223
"SDR42E1",3,0,1,1
"SDR9C7",1,0,11,5
"SDS",21,23,1,2
"SDSL",495,431,411,408
"SEBOX",1,0,0,0
"SEC11A",3202,2836,2971,3755
"SEC11C",585,512,396,430
"SEC13",3517,3175,2726,3314
"SEC14L1",2791,2520,3471,3645
"SEC14L1P1",69,68,78,42
"SEC14L2",619,566,443,497
"SEC14L3",0,0,0,0
"SEC14L4",0,0,0,0
"SEC14L5",19,16,39,27
"SEC14L6",0,0,0,0
"SEC16A",4254,4253,3177,3137
"SEC16B",1,1,8,8
"SEC1P",322,319,197,212
"SEC22A",315,276,375,354
"SEC22B",928,869,934,924
"SEC22C",1621,1474,960,968
"SEC23A",2680,2745,2617,1845
"SEC23B",1743,1573,1370,1376
"SEC23IP",1385,1393,1162,1218
"SEC24A",945,864,572,317
"SEC24B",680,741,582,531
"SEC24B-AS1",23,16,27,12
"SEC24C",1875,1837,1843,1944
"SEC24D",309,291,559,521
"SEC31A",4463,4244,4898,5163
"SEC31B",409,525,413,450
"SEC61A1",9110,8641,8807,9260
"SEC61A2",1184,1118,704,700
"SEC61B",2467,2131,2001,2117
"SEC61G",2294,2254,1739,1709
"SEC62",1960,1882,1763,1846
"SEC63",2276,2111,1862,1898
"SECISBP2",407,410,495,485
"SECISBP2L",585,602,707,464
"SECTM1",95,89,25,33
"SEH1L",1707,1649,970,1001
"SEL1L",742,734,1123,754
"SEL1L2",0,0,0,0
"SEL1L3",4168,3803,3934,3456
"SELE",1,0,0,0
"SELENBP1",4,2,9,7
"SELK",530,484,551,675
"SELL",3,1,3,3
"SELM",1032,788,1073,1052
"SELO",801,864,613,622
"SELP",1,0,0,1
"SELPLG",8,9,24,25
"SELT",1144,908,1067,837
"SELV",208,189,121,141
"SEMA3A",1,1,1,0
"SEMA3B",774,788,2520,2467
"SEMA3B-AS1",2,7,11,13
"SEMA3C",13,20,76,57
"SEMA3D",15,13,1,2
"SEMA3E",2,2,7,1
"SEMA3F",2066,1901,2983,2270
"SEMA3G",9,16,9,5
"SEMA4A",52,78,64,50
"SEMA4B",976,869,523,573
"SEMA4C",948,864,795,854
"SEMA4D",242,232,375,404
"SEMA4F",351,321,682,753
"SEMA4G",902,970,382,349
"SEMA5A",5,2,6,6
"SEMA5B",4,2,16,29
"SEMA6A",21,44,719,541
"SEMA6A-AS1",4,14,25,24
"SEMA6B",6001,5256,4680,4465
"SEMA6C",121,149,153,140
"SEMA6D",0,0,0,1
"SEMA7A",532,503,427,349
"SEMG1",0,0,0,0
"SEMG2",0,0,0,0
"SENCR",0,0,0,0
"SENP1",743,741,532,596
"SENP2",962,905,908,964
"SENP3",2891,2632,1370,1362
"SENP3-EIF4A1",28616,25440,14458,16491
"SENP5",1424,1527,990,1136
"SENP6",1985,2083,1530,1759
"SENP7",126,153,235,155
"SENP8",88,76,44,54
"SEP15",3370,2982,2450,2430
"SEPHS1",2740,2501,1856,1812
"SEPHS2",1999,1696,1447,1469
"SEPN1",4424,4354,4070,3982
"SEPP1",16,12,46,50
"SEPSECS",378,355,399,322
"SEPSECS-AS1",9,6,15,25
"SEPT1",55,41,43,52
"SEPT10",345,325,513,380
"SEPT11",4166,3899,4977,4717
"SEPT12",1,1,1,4
"SEPT14",0,1,0,1
"SEPT2",11578,11269,9266,11005
"SEPT3",158,139,123,101
"SEPT4",11,10,25,25
"SEPT4-AS1",6,6,6,4
"SEPT5",353,395,253,240
"SEPT5-GP1BB",460,522,340,307
"SEPT6",889,888,1211,1403
"SEPT7",3535,3343,3331,2893
"SEPT7-AS1",4,2,3,1
"SEPT7P2",224,227,166,248
"SEPT7P9",68,81,20,21
"SEPT8",1066,1009,1818,1960
"SEPT9",5773,5266,5739,6195
"SEPW1",1802,1575,2887,2961
"SERAC1",214,253,490,401
"SERBP1",16560,15669,12930,12970
"SERF1A",1124,1032,1298,1415
"SERF1B",1124,1032,1298,1415
"SERF2",7464,6756,8920,10663
"SERF2-C15ORF63",1505,1350,1245,1564
"SERGEF",220,225,310,399
"SERHL",421,465,202,258
"SERHL2",223,314,127,180
"SERINC1",2840,2683,2464,2266
"SERINC2",284,271,1535,1181
"SERINC3",1001,871,1013,599
"SERINC4",141,176,219,234
"SERINC5",522,440,581,576
"SERP1",3057,2653,2407,2097
"SERP2",0,0,0,0
"SERPINA1",0,0,1,1
"SERPINA10",3,1,1,1
"SERPINA11",0,0,0,0
"SERPINA12",0,0,3,1
"SERPINA13P",0,0,0,0
"SERPINA2",0,0,0,0
"SERPINA3",1,0,6,3
"SERPINA4",0,0,0,0
"SERPINA5",0,0,1,1
"SERPINA6",0,0,0,0
"SERPINA7",0,0,0,0
"SERPINA9",1,0,2,0
"SERPINB1",0,1,2,0
"SERPINB10",0,0,0,0
"SERPINB11",0,0,0,0
"SERPINB12",0,0,0,0
"SERPINB13",0,0,0,0
"SERPINB2",0,0,0,0
"SERPINB3",0,0,0,0
"SERPINB4",0,0,0,0
"SERPINB5",2,1,1,0
"SERPINB6",2617,2410,2036,2494
"SERPINB7",0,0,2,3
"SERPINB8",5,2,47,25
"SERPINB9",794,720,1206,1285
"SERPINB9P1",0,1,2,1
"SERPINC1",2,2,2,6
"SERPIND1",0,1,1,0
"SERPINE1",13249,9795,12057,7430
"SERPINE2",260,216,695,455
"SERPINE3",4,3,8,8
"SERPINF1",4141,3777,4486,5317
"SERPINF2",76,60,53,60
"SERPING1",890,732,2833,3328
"SERPINH1",9885,8760,10561,11926
"SERPINI1",6,9,3,15
"SERPINI2",0,0,1,0
"SERTAD1",1567,1350,795,772
"SERTAD2",3111,2912,1998,1941
"SERTAD3",1404,1250,951,1116
"SERTAD4",462,425,165,140
"SERTAD4-AS1",231,228,217,226
"SERTM1",0,1,7,0
"SESN1",1072,1169,1064,1063
"SESN2",4611,3470,2921,2623
"SESN3",31,17,184,141
"SESTD1",42,50,65,58
"SET",22833,21362,12115,13365
"SETBP1",0,1,0,0
"SETD1A",1753,1871,895,989
"SETD1B",854,834,688,671
"SETD2",2047,2245,1773,2291
"SETD3",1547,1455,1384,1512
"SETD4",697,769,490,492
"SETD5",2114,2214,1858,2030
"SETD6",925,933,691,1006
"SETD7",521,488,1006,977
"SETD8",1075,954,772,821
"SETD9",129,91,94,110
"SETDB1",697,686,553,738
"SETDB2",798,821,743,894
"SETMAR",486,494,305,382
"SETSIP",1179,1052,630,1030
"SETX",2575,2747,1668,1717
"SEZ6",4,4,0,0
"SEZ6L",0,0,0,0
"SEZ6L2",2661,2297,2465,2586
"SF1",9232,9085,5792,6584
"SF3A1",7082,6748,3092,3719
"SF3A2",4032,3829,1818,1974
"SF3A3",6215,6350,2965,3926
"SF3B1",8444,8808,7251,8729
"SF3B2",6493,6318,4469,6158
"SF3B3",5435,5144,3722,4824
"SF3B4",6266,6283,3053,3712
"SF3B5",4554,4001,2050,2321
"SF3B6",6034,5761,3714,4938
"SFI1",391,411,337,330
"SFMBT1",216,254,192,191
"SFMBT2",18,11,42,32
"SFN",3311,2842,1964,1877
"SFPQ",15438,14985,8662,11261
"SFR1",214,189,124,128
"SFRP1",134,123,242,263
"SFRP2",1,0,0,0
"SFRP4",2,0,0,0
"SFRP5",21,21,17,29
"SFSWAP",1503,1491,875,962
"SFT2D1",1214,1091,676,647
"SFT2D2",72,53,100,53
"SFT2D3",563,627,492,566
"SFTA1P",10,4,9,13
"SFTA2",1,1,1,4
"SFTA3",0,0,0,0
"SFTPA1",1,0,0,0
"SFTPA2",0,0,0,0
"SFTPB",0,1,3,2
"SFTPC",0,0,0,0
"SFTPD",2,10,11,10
"SFXN1",2556,2344,1566,1229
"SFXN2",460,474,401,408
"SFXN3",559,528,1644,2062
"SFXN4",627,552,306,344
"SFXN5",681,705,858,1067
"SGCA",49,40,246,285
"SGCB",651,597,796,739
"SGCD",0,0,1,0
"SGCE",263,232,451,552
"SGCG",1,0,0,1
"SGCZ",0,0,0,0
"SGIP1",0,1,0,0
"SGK1",272,278,66,48
"SGK2",5,5,1,15
"SGK223",50,63,1244,1062
"SGK3",151,150,327,330
"SGK494",126,138,65,82
"SGMS1",292,310,393,267
"SGMS1-AS1",13,19,25,16
"SGMS2",4,8,38,19
"SGOL1",411,351,233,300
"SGOL1-AS1",70,59,24,48
"SGOL2",709,701,558,591
"SGPL1",1249,1034,1169,1131
"SGPP1",442,417,612,222
"SGPP2",15,45,17,27
"SGSH",734,787,971,1106
"SGSM1",7,9,5,3
"SGSM2",991,1273,1621,1644
"SGSM3",946,1034,1008,934
"SGTA",5657,5087,3082,3155
"SGTB",674,679,725,488
"SH2B1",1266,1469,1106,1275
"SH2B2",211,259,157,169
"SH2B3",570,545,584,526
"SH2D1A",0,1,0,1
"SH2D1B",0,1,2,1
"SH2D2A",321,290,188,195
"SH2D3A",222,184,413,385
"SH2D3C",170,144,396,485
"SH2D4A",0,0,2,0
"SH2D4B",0,2,1,0
"SH2D5",2450,2402,1148,1284
"SH2D6",14,10,17,12
"SH2D7",2,0,2,3
"SH3BGR",61,50,60,55
"SH3BGRL",661,612,980,655
"SH3BGRL2",493,482,517,558
"SH3BGRL3",3449,3121,5580,4877
"SH3BP1",661,548,526,505
"SH3BP2",225,159,354,257
"SH3BP4",1210,1094,2105,2371
"SH3BP5",383,323,2103,2481
"SH3BP5-AS1",393,395,1893,2215
"SH3BP5L",1344,1238,1188,1184
"SH3D19",1117,1081,1683,1547
"SH3D21",122,142,111,77
"SH3GL1",3777,3362,2826,2851
"SH3GL1P1",40,46,37,47
"SH3GL1P2",24,20,11,21
"SH3GL2",2,3,30,29
"SH3GL3",8,6,44,30
"SH3GLB1",711,712,958,905
"SH3GLB2",1075,1106,1421,1430
"SH3KBP1",409,384,1118,1256
"SH3PXD2A",1863,2230,2495,2442
"SH3PXD2A-AS1",0,0,0,1
"SH3PXD2B",697,806,728,888
"SH3RF1",5,2,26,17
"SH3RF2",157,140,285,205
"SH3RF3",7,6,6,4
"SH3RF3-AS1",3,0,2,0
"SH3TC1",2,1,57,37
"SH3TC2",1,0,32,20
"SH3YL1",156,183,190,181
"SHANK1",126,146,62,39
"SHANK2",1,2,4,1
"SHANK2-AS1",0,0,0,0
"SHANK2-AS3",0,0,0,0
"SHANK3",1406,1385,701,678
"SHARPIN",1199,1199,1220,1226
"SHB",1053,982,1440,1279
"SHBG",31,32,26,46
"SHC1",13227,12516,9250,7869
"SHC2",660,674,1335,1460
"SHC3",0,1,1,1
"SHC4",10,6,3,7
"SHCBP1",594,590,520,600
"SHCBP1L",0,0,0,0
"SHD",4,2,3,3
"SHE",5,1,2,0
"SHF",196,122,210,241
"SHFM1",4750,4355,4705,6479
"SHH",2,0,3,0
"SHISA2",1,2,8,1
"SHISA3",10,13,2,0
"SHISA4",9,11,54,51
"SHISA5",3739,3127,4496,4781
"SHISA6",0,0,0,0
"SHISA7",64,72,19,15
"SHISA8",64,96,22,16
"SHISA9",635,661,549,399
"SHKBP1",895,910,1430,1425
"SHMT1",1557,1420,1338,1398
"SHMT2",2603,1868,1987,1467
"SHOC2",770,687,694,508
"SHOX",0,1,0,1
"SHOX2",29,36,59,63
"SHPK",1002,985,537,587
"SHPRH",596,717,391,346
"SHQ1",738,661,477,484
"SHROOM1",269,242,244,327
"SHROOM2",6,6,127,120
"SHROOM3",1670,1532,3442,3418
"SHROOM4",4,1,9,13
"SHTN1",310,342,695,695
"SI",0,0,0,0
"SIAE",691,621,736,711
"SIAH1",764,746,744,774
"SIAH2",616,562,679,724
"SIAH3",0,0,0,0
"SIDT1",0,1,0,2
"SIDT2",765,763,634,718
"SIGIRR",759,696,311,278
"SIGLEC1",1,7,4,2
"SIGLEC10",74,71,23,31
"SIGLEC11",9,12,1,5
"SIGLEC12",0,0,1,1
"SIGLEC14",19,9,58,12
"SIGLEC15",2,1,2,0
"SIGLEC16",7,5,1,8
"SIGLEC17P",0,0,2,2
"SIGLEC5",13,13,38,13
"SIGLEC6",1,0,0,0
"SIGLEC7",0,0,0,0
"SIGLEC8",0,0,0,0
"SIGLEC9",1,0,1,1
"SIGLECL1",0,0,1,0
"SIGMAR1",5178,4705,2514,2693
"SIK1",1883,1826,979,934
"SIK2",4003,3710,1973,1908
"SIK3",1160,1149,1158,1128
"SIKE1",1402,1376,881,754
"SIL1",1386,1208,1368,1133
"SIM1",0,0,0,0
"SIM2",190,193,185,173
"SIMC1",622,570,427,458
"SIN3A",2213,2056,1464,1546
"SIN3B",1459,1686,1656,1627
"SIPA1",376,369,290,300
"SIPA1L1",804,795,1638,1651
"SIPA1L2",0,1,3,5
"SIPA1L3",531,588,559,577
"SIRPA",477,464,418,452
"SIRPB1",45,50,63,40
"SIRPB2",1,0,4,2
"SIRPD",0,1,0,0
"SIRPG",0,0,1,0
"SIRPG-AS1",0,0,0,0
"SIRT1",972,934,615,568
"SIRT2",3635,3452,1020,1027
"SIRT3",841,798,736,782
"SIRT4",70,62,64,70
"SIRT5",469,424,279,326
"SIRT6",783,807,565,641
"SIRT7",1302,1238,658,612
"SIT1",0,0,1,0
"SIVA1",1404,1216,1110,979
"SIX1",22,26,46,45
"SIX2",0,0,0,0
"SIX3",0,0,0,0
"SIX3-AS1",0,0,0,0
"SIX4",631,556,740,602
"SIX5",984,934,672,814
"SIX6",0,0,0,0
"SKA1",446,446,350,369
"SKA2",1512,1440,1493,1408
"SKA3",1052,1025,527,553
"SKAP1",5,2,9,9
"SKAP2",95,72,161,115
"SKI",2580,2571,1838,1821
"SKIDA1",1090,1060,723,675
"SKIL",1144,1104,1022,547
"SKINTL",0,0,0,0
"SKIV2L",20932,19251,16811,20348
"SKIV2L2",1894,1900,1117,1285
"SKOR1",35,50,17,30
"SKOR2",1,0,0,0
"SKP1",5494,4935,5071,5415
"SKP1P2",504,456,489,406
"SKP2",1023,1105,765,805
"SLA",1,0,1,1
"SLA2",48,31,23,27
"SLAIN1",15,8,8,9
"SLAIN2",729,700,688,564
"SLAMF1",0,0,0,0
"SLAMF6",0,0,0,0
"SLAMF7",4,1,16,8
"SLAMF8",0,0,0,0
"SLAMF9",0,0,1,1
"SLBP",2969,2871,1891,1945
"SLC10A1",1,2,0,0
"SLC10A2",0,0,0,0
"SLC10A3",640,594,797,763
"SLC10A4",2,2,3,9
"SLC10A5",5,5,4,3
"SLC10A6",0,1,0,0
"SLC10A7",92,76,126,85
"SLC11A1",13,7,16,10
"SLC11A2",890,890,666,625
"SLC12A1",1,2,0,0
"SLC12A2",682,655,618,456
"SLC12A3",1,1,7,3
"SLC12A4",1635,1598,2603,2341
"SLC12A5",63,61,53,59
"SLC12A6",930,862,778,758
"SLC12A7",909,870,1088,1017
"SLC12A8",9,8,59,35
"SLC12A9",1036,1084,868,926
"SLC13A1",0,0,1,0
"SLC13A2",0,0,1,0
"SLC13A3",37,30,13,24
"SLC13A4",159,162,207,208
"SLC13A5",3,0,1,2
"SLC14A1",0,0,0,0
"SLC14A2",0,0,0,1
"SLC14A2-AS1",0,0,0,0
"SLC15A1",1,1,0,1
"SLC15A2",4,4,14,11
"SLC15A3",65,74,116,81
"SLC15A4",697,721,621,523
"SLC15A5",0,0,0,0
"SLC16A1",4098,3993,6406,5803
"SLC16A1-AS1",66,59,36,26
"SLC16A10",93,70,79,47
"SLC16A11",8,7,7,17
"SLC16A12",4,0,81,54
"SLC16A12-AS1",0,0,0,0
"SLC16A13",297,221,191,239
"SLC16A14",378,333,337,330
"SLC16A2",1610,1488,1558,1619
"SLC16A3",3336,2969,3175,2967
"SLC16A4",11,8,38,28
"SLC16A5",494,490,465,428
"SLC16A6",92,74,21,26
"SLC16A7",0,2,0,0
"SLC16A8",8,17,23,35
"SLC16A9",541,546,406,371
"SLC17A1",0,0,0,0
"SLC17A2",0,0,1,0
"SLC17A3",0,0,0,0
"SLC17A4",0,0,0,0
"SLC17A5",497,451,341,316
"SLC17A6",0,0,0,0
"SLC17A7",353,296,259,291
"SLC17A8",1,0,2,0
"SLC17A9",41,27,13,13
"SLC18A1",5,2,9,1
"SLC18A2",168,179,155,163
"SLC18A3",23,28,63,63
"SLC18B1",360,320,353,273
"SLC19A1",1531,1426,743,834
"SLC19A2",373,382,382,242
"SLC19A3",0,0,0,2
"SLC1A1",121,120,794,667
"SLC1A2",1,3,0,1
"SLC1A3",8,5,11,7
"SLC1A4",496,267,812,584
"SLC1A5",5199,3986,3098,2786
"SLC1A6",130,125,41,36
"SLC1A7",0,1,6,5
"SLC20A1",6462,5794,4430,4127
"SLC20A2",575,567,867,864
"SLC22A1",9,10,9,12
"SLC22A10",0,0,0,0
"SLC22A11",7,1,3,0
"SLC22A12",0,0,0,0
"SLC22A13",0,3,3,1
"SLC22A14",0,0,4,4
"SLC22A15",1,1,2,6
"SLC22A16",4,3,3,6
"SLC22A17",306,350,516,517
"SLC22A18",191,146,265,193
"SLC22A18AS",34,33,41,41
"SLC22A2",0,0,1,0
"SLC22A20",14,18,12,10
"SLC22A23",571,629,291,359
"SLC22A24",0,0,0,0
"SLC22A25",0,0,0,0
"SLC22A3",0,0,0,0
"SLC22A31",111,176,47,40
"SLC22A4",16,12,36,31
"SLC22A5",163,185,175,191
"SLC22A6",0,0,2,4
"SLC22A7",0,0,0,0
"SLC22A8",0,0,2,4
"SLC22A9",0,0,7,3
"SLC23A1",3,1,2,6
"SLC23A2",901,911,872,832
"SLC23A3",4,3,5,8
"SLC24A1",271,257,182,224
"SLC24A2",0,1,1,1
"SLC24A3",0,0,0,0
"SLC24A4",3,3,0,6
"SLC24A5",93,93,128,99
"SLC25A1",4164,3834,3055,3230
"SLC25A10",1344,1314,684,652
"SLC25A11",2299,2072,1423,1427
"SLC25A12",348,340,369,400
"SLC25A13",2617,2463,3009,3423
"SLC25A14",181,161,128,138
"SLC25A15",1538,1296,720,845
"SLC25A16",254,267,273,225
"SLC25A17",1968,1854,1206,1328
"SLC25A18",52,48,80,94
"SLC25A19",684,643,206,238
"SLC25A2",0,1,3,1
"SLC25A20",231,218,269,242
"SLC25A21",150,109,102,99
"SLC25A21-AS1",127,125,54,49
"SLC25A22",2137,2052,1390,1522
"SLC25A23",2169,2038,2446,2570
"SLC25A24",947,914,715,466
"SLC25A25",662,664,433,530
"SLC25A25-AS1",70,130,89,116
"SLC25A26",408,382,324,301
"SLC25A27",1,1,1,1
"SLC25A28",597,671,499,477
"SLC25A29",1023,1180,1992,2095
"SLC25A3",10532,9254,8536,8788
"SLC25A30",213,232,384,331
"SLC25A30-AS1",1,2,2,2
"SLC25A31",0,3,0,0
"SLC25A32",968,896,461,377
"SLC25A33",686,585,354,340
"SLC25A34",41,49,70,69
"SLC25A35",1263,1124,751,973
"SLC25A36",1345,1445,1066,677
"SLC25A37",478,507,377,345
"SLC25A38",1548,1338,830,1052
"SLC25A39",11230,10697,9104,10029
"SLC25A3P1",1,0,0,0
"SLC25A4",630,573,1014,1069
"SLC25A40",287,302,183,125
"SLC25A41",11,9,7,9
"SLC25A42",130,139,223,227
"SLC25A43",478,399,300,314
"SLC25A44",888,905,704,749
"SLC25A45",28,29,30,10
"SLC25A46",949,977,834,540
"SLC25A47",1,0,0,3
"SLC25A48",18,13,3,9
"SLC25A5",10696,9541,5150,5398
"SLC25A5-AS1",905,818,446,526
"SLC25A51",399,394,402,309
"SLC25A51P1",12,10,5,8
"SLC25A52",57,44,40,32
"SLC25A53",2,0,2,7
"SLC25A6",16569,14187,12310,14365
"SLC26A1",130,137,118,111
"SLC26A10",92,116,82,78
"SLC26A11",350,389,445,472
"SLC26A2",473,513,745,697
"SLC26A3",1,0,0,0
"SLC26A4",4,5,5,4
"SLC26A4-AS1",3,4,4,4
"SLC26A5",1,1,0,1
"SLC26A6",1430,1732,1307,1398
"SLC26A7",3,8,0,1
"SLC26A8",1,1,3,3
"SLC26A9",0,0,2,5
"SLC27A1",305,314,359,314
"SLC27A2",9,7,51,61
"SLC27A3",60,95,96,108
"SLC27A4",1268,1219,871,905
"SLC27A5",378,335,208,221
"SLC27A6",0,0,0,0
"SLC28A1",0,0,2,2
"SLC28A2",5,1,0,1
"SLC28A3",0,0,13,5
"SLC29A1",1937,1777,1546,1399
"SLC29A2",1258,1381,985,1068
"SLC29A3",270,251,366,322
"SLC29A4",567,588,573,604
"SLC2A1",2782,2381,2823,2698
"SLC2A1-AS1",46,46,116,81
"SLC2A10",92,78,113,118
"SLC2A11",0,0,0,0
"SLC2A12",96,100,273,219
"SLC2A13",8,10,33,8
"SLC2A14",429,364,590,595
"SLC2A2",0,0,2,0
"SLC2A3",2199,2012,3282,3073
"SLC2A4",81,90,61,104
"SLC2A4RG",1583,1650,1367,1296
"SLC2A5",8,8,6,5
"SLC2A6",603,571,730,719
"SLC2A7",0,0,0,0
"SLC2A8",445,444,573,559
"SLC2A9",0,0,2,0
"SLC30A1",435,456,536,351
"SLC30A10",0,1,1,0
"SLC30A2",68,72,33,29
"SLC30A3",45,45,166,135
"SLC30A4",39,47,37,26
"SLC30A5",1116,1008,842,663
"SLC30A6",877,869,686,720
"SLC30A7",432,481,419,239
"SLC30A8",0,0,0,0
"SLC30A9",1987,1756,1689,1289
"SLC31A1",1075,949,1102,1163
"SLC31A2",88,63,156,127
"SLC32A1",0,0,0,0
"SLC33A1",676,626,560,399
"SLC34A1",3,3,2,0
"SLC34A2",3649,3652,694,461
"SLC34A3",17,17,17,11
"SLC35A1",454,407,468,578
"SLC35A2",851,776,711,797
"SLC35A3",257,278,273,202
"SLC35A4",3578,3573,2180,2574
"SLC35A5",298,281,360,297
"SLC35B1",1703,1472,901,913
"SLC35B2",1072,907,1147,1343
"SLC35B3",600,587,395,316
"SLC35B4",851,841,712,818
"SLC35C1",670,559,617,677
"SLC35C2",1415,1345,923,959
"SLC35D1",597,597,565,573
"SLC35D2",334,284,630,762
"SLC35D3",1,2,0,2
"SLC35E1",1249,1150,1149,1211
"SLC35E2",1416,1521,1326,1643
"SLC35E2B",2094,2172,1783,2097
"SLC35E3",431,381,215,164
"SLC35E4",354,332,235,205
"SLC35F1",13,14,2,2
"SLC35F2",3987,3818,2230,2362
"SLC35F3",5,2,2,7
"SLC35F4",0,2,1,2
"SLC35F5",734,605,868,579
"SLC35F6",1240,1012,1051,1137
"SLC35G1",244,224,215,163
"SLC35G2",636,591,436,397
"SLC35G3",0,0,0,0
"SLC35G4",0,0,0,1
"SLC35G5",2,7,1,3
"SLC35G6",2,0,1,2
"SLC36A1",651,586,556,637
"SLC36A2",0,0,1,0
"SLC36A3",1,0,1,0
"SLC36A4",1093,1092,598,525
"SLC37A1",7,11,171,123
"SLC37A2",10,23,6,9
"SLC37A3",976,1037,698,713
"SLC37A4",518,503,560,693
"SLC38A1",4517,4063,4339,3841
"SLC38A10",2044,1874,2740,2785
"SLC38A11",0,0,0,0
"SLC38A2",5100,4830,5302,3946
"SLC38A3",149,122,243,230
"SLC38A4",3,1,2,0
"SLC38A5",1514,1452,629,724
"SLC38A6",305,284,297,238
"SLC38A7",1191,1259,978,1199
"SLC38A8",4,2,1,9
"SLC38A9",424,345,435,397
"SLC39A1",4765,4047,3537,4562
"SLC39A10",669,703,565,277
"SLC39A11",231,183,190,242
"SLC39A12",0,0,0,1
"SLC39A12-AS1",0,0,0,0
"SLC39A13",682,703,946,1018
"SLC39A14",3861,3209,2704,2446
"SLC39A2",3,1,1,2
"SLC39A3",1633,1434,785,829
"SLC39A4",554,461,674,676
"SLC39A5",17,20,20,12
"SLC39A6",2236,2162,1382,1208
"SLC39A7",3585,3345,4077,4788
"SLC39A8",664,585,1902,2423
"SLC39A9",1604,1453,1308,1239
"SLC3A1",168,208,134,164
"SLC3A2",5542,4187,5421,5995
"SLC40A1",19,10,235,232
"SLC41A1",1856,1780,1298,1436
"SLC41A2",114,83,262,149
"SLC41A3",708,638,852,848
"SLC43A1",395,266,256,236
"SLC43A2",1002,891,761,689
"SLC43A3",3,0,3,1
"SLC44A1",931,946,1434,1348
"SLC44A2",660,633,932,1020
"SLC44A3",38,45,68,106
"SLC44A4",6119,5636,5098,5463
"SLC44A5",1,1,0,2
"SLC45A1",778,669,110,100
"SLC45A2",11,9,22,46
"SLC45A3",186,166,179,197
"SLC45A4",256,296,246,294
"SLC46A1",2174,2081,1527,1978
"SLC46A2",1,4,4,2
"SLC46A3",1,0,0,0
"SLC47A1",62,79,54,94
"SLC47A2",4,2,4,2
"SLC48A1",792,657,2133,1451
"SLC4A1",7,6,2,6
"SLC4A10",0,0,0,0
"SLC4A11",457,517,207,150
"SLC4A1AP",1163,997,776,968
"SLC4A2",3690,3682,3136,3402
"SLC4A3",266,330,514,553
"SLC4A4",3,0,0,0
"SLC4A5",455,371,238,212
"SLC4A7",1823,1730,643,265
"SLC4A8",148,141,315,350
"SLC4A9",1,2,6,3
"SLC50A1",550,445,450,520
"SLC51A",16,13,13,17
"SLC51B",7,1,12,4
"SLC52A1",3,7,0,2
"SLC52A2",1907,1802,1364,1278
"SLC52A3",4,3,6,11
"SLC5A1",1,0,2,3
"SLC5A10",229,191,165,193
"SLC5A11",2,2,0,0
"SLC5A12",0,0,0,0
"SLC5A2",361,317,290,396
"SLC5A3",6243,6480,4647,3399
"SLC5A4",0,0,0,0
"SLC5A5",141,127,51,65
"SLC5A6",2320,2370,2723,3073
"SLC5A7",0,0,0,0
"SLC5A8",0,0,0,0
"SLC5A9",0,6,65,107
"SLC6A1",1,1,0,0
"SLC6A1-AS1",0,0,0,0
"SLC6A10P",29,21,35,19
"SLC6A11",0,0,0,0
"SLC6A12",8,13,64,48
"SLC6A13",37,23,36,18
"SLC6A14",1,0,0,0
"SLC6A15",0,2,0,1
"SLC6A16",80,106,31,37
"SLC6A17",1092,957,1437,1018
"SLC6A18",0,0,0,1
"SLC6A19",1,2,4,2
"SLC6A2",0,0,0,0
"SLC6A20",445,395,103,88
"SLC6A3",6,7,0,3
"SLC6A4",3,4,18,5
"SLC6A5",0,0,0,0
"SLC6A6",1458,1447,2495,2231
"SLC6A7",0,0,0,3
"SLC6A8",599,579,539,607
"SLC6A9",406,270,382,188
"SLC7A1",2269,1818,1786,1465
"SLC7A10",20,18,20,18
"SLC7A11",412,324,527,294
"SLC7A11-AS1",324,313,304,394
"SLC7A13",0,0,0,0
"SLC7A14",5,2,6,1
"SLC7A2",1061,1022,912,949
"SLC7A3",0,0,0,0
"SLC7A4",0,1,7,8
"SLC7A5",7630,5719,4700,4153
"SLC7A5P1",32,23,19,9
"SLC7A5P2",120,114,74,50
"SLC7A6",2706,2900,2450,3027
"SLC7A6OS",1234,1157,843,1068
"SLC7A7",598,435,1568,1511
"SLC7A8",1131,973,4319,5051
"SLC7A9",11,12,11,10
"SLC8A1",2590,2840,1793,2230
"SLC8A1-AS1",0,4,4,5
"SLC8A2",72,69,46,36
"SLC8A3",0,0,0,0
"SLC8B1",232,282,281,277
"SLC9A1",906,927,883,796
"SLC9A2",0,0,1,1
"SLC9A3",238,261,232,161
"SLC9A3R1",1086,1043,1628,1715
"SLC9A3R2",450,418,476,522
"SLC9A4",0,2,0,0
"SLC9A5",145,212,215,172
"SLC9A6",273,254,427,388
"SLC9A7",284,245,708,653
"SLC9A7P1",0,1,2,2
"SLC9A8",259,309,376,337
"SLC9A9",0,3,6,4
"SLC9A9-AS1",0,0,0,0
"SLC9B1",149,112,96,126
"SLC9B2",322,294,198,196
"SLC9C1",0,0,0,0
"SLC9C2",1,0,3,1
"SLCO1A2",0,1,2,3
"SLCO1B1",0,0,0,0
"SLCO1B3",0,0,0,0
"SLCO1B7",0,0,0,0
"SLCO1C1",0,0,0,0
"SLCO2A1",16,4,1148,1303
"SLCO2B1",3,1,9,6
"SLCO3A1",3,4,6,9
"SLCO4A1",474,448,177,181
"SLCO4A1-AS1",69,77,28,34
"SLCO4C1",0,0,1,0
"SLCO5A1",1,0,1,0
"SLCO6A1",0,0,0,0
"SLED1",0,1,0,0
"SLFN11",5,2,3,6
"SLFN12",323,324,256,226
"SLFN12L",1,1,1,3
"SLFN13",0,0,1,0
"SLFN14",0,0,0,0
"SLFN5",44,42,174,145
"SLFNL1",30,36,27,17
"SLFNL1-AS1",88,121,100,132
"SLIRP",2097,1866,1082,1188
"SLIT1",9,6,17,41
"SLIT1-AS1",0,0,0,0
"SLIT2",26,17,14,13
"SLIT2-IT1",0,0,0,0
"SLIT3",0,1,6,8
"SLITRK1",3,0,1,0
"SLITRK2",0,0,0,0
"SLITRK3",0,0,0,0
"SLITRK4",0,0,0,0
"SLITRK5",121,129,377,410
"SLITRK6",0,0,0,2
"SLK",1344,1332,1112,989
"SLMAP",1084,1116,1101,961
"SLMO1",257,253,174,150
"SLMO2",908,732,588,513
"SLMO2-ATP5E",6526,5932,6078,7573
"SLN",0,0,71,142
"SLPI",0,0,0,0
"SLTM",4402,4537,3050,3722
"SLU7",1917,1854,1407,1725
"SLURP1",0,0,0,0
"SLX1A",3789,3726,2208,2505
"SLX1A-SULT1A3",3082,3438,2721,2889
"SLX1B",3789,3726,2208,2505
"SLX1B-SULT1A4",3082,3438,2721,2889
"SLX4",449,504,340,317
"SLX4IP",8,11,7,6
"SMA4",113,127,130,129
"SMA5",120,123,104,129
"SMAD1",239,231,177,121
"SMAD1-AS1",27,26,17,19
"SMAD1-AS2",0,0,0,0
"SMAD2",1957,1742,2556,2487
"SMAD3",1937,1946,1754,1498
"SMAD4",1126,1065,1058,850
"SMAD5",1375,1282,943,743
"SMAD5-AS1",6,12,4,1
"SMAD6",1424,1413,1482,1524
"SMAD7",381,345,672,720
"SMAD9",547,552,771,613
"SMAGP",246,171,270,348
"SMAP1",1008,887,987,1000
"SMAP2",628,597,523,580
"SMARCA1",2436,2618,2984,3167
"SMARCA2",1,6,6,0
"SMARCA4",6107,6003,4733,5116
"SMARCA5",3274,3208,2927,3258
"SMARCA5-AS1",217,224,171,145
"SMARCAD1",1463,1522,756,782
"SMARCAL1",545,515,463,490
"SMARCB1",1,0,90576,37636
"SMARCC1",4655,4398,2908,3077
"SMARCC2",1795,1950,1977,2050
"SMARCD1",2931,2775,2291,2680
"SMARCD2",3512,3300,2370,2901
"SMARCD3",720,683,598,870
"SMARCE1",3604,3616,2501,3484
"SMC1A",2777,2861,2090,1949
"SMC1B",8,8,5,5
"SMC2",982,1006,721,766
"SMC2-AS1",2,0,1,0
"SMC3",2707,2645,1596,2076
"SMC4",2595,2942,2718,2966
"SMC5",967,1077,739,581
"SMC5-AS1",2,3,7,6
"SMC6",1971,2007,2151,2797
"SMCHD1",1517,1528,932,739
"SMCO1",7,6,2,2
"SMCO2",4,3,4,4
"SMCO3",4,3,2,3
"SMCO4",38,36,109,85
"SMCP",0,0,0,0
"SMCR2",20,16,15,17
"SMCR5",0,2,1,1
"SMCR8",1363,1333,851,977
"SMDT1",474,406,463,508
"SMEK1",3005,3140,2041,2426
"SMEK2",1783,1737,1358,1262
"SMEK3P",0,0,0,0
"SMG1",3726,3859,2375,2087
"SMG1P1",701,658,421,375
"SMG1P2",3292,3043,1805,1646
"SMG1P3",853,845,537,470
"SMG1P5",1736,1585,952,873
"SMG1P7",81,91,148,142
"SMG5",3668,3429,2974,3317
"SMG6",1641,1625,1650,1920
"SMG7",1855,1928,1471,1586
"SMG7-AS1",9,4,8,4
"SMG8",1115,1101,673,794
"SMG9",993,944,726,837
"SMIM1",98,75,73,80
"SMIM10",13,14,15,16
"SMIM10L1",1077,1010,1018,1204
"SMIM10L2A",1,2,5,1
"SMIM10L2B",66,74,76,71
"SMIM11",1115,907,379,595
"SMIM12",1535,1402,1319,1417
"SMIM13",990,860,833,682
"SMIM14",265,219,364,232
"SMIM15",2023,1868,952,748
"SMIM17",9,17,8,7
"SMIM18",1,0,0,0
"SMIM19",629,603,534,631
"SMIM2",0,2,5,7
"SMIM2-AS1",2,3,3,3
"SMIM2-IT1",0,0,0,0
"SMIM20",533,455,514,546
"SMIM21",0,0,0,0
"SMIM22",0,2,1,4
"SMIM23",0,0,0,0
"SMIM24",3,6,1,2
"SMIM3",418,351,508,518
"SMIM4",359,316,372,476
"SMIM5",3,3,10,6
"SMIM6",1,0,0,0
"SMIM7",1484,1242,1098,1336
"SMIM8",232,218,140,170
"SMIM9",0,1,0,0
"SMKR1",66,81,50,50
"SMLR1",0,1,3,2
"SMN1",7403,6920,3418,3942
"SMN2",7403,6920,3418,3942
"SMNDC1",1478,1377,1010,766
"SMO",982,960,1251,1542
"SMOC1",0,0,9,6
"SMOC2",31,26,167,211
"SMOX",925,692,495,558
"SMPD1",736,606,910,905
"SMPD2",265,273,178,214
"SMPD3",156,211,77,88
"SMPD4",7531,7658,4602,4973
"SMPDL3A",15,17,68,42
"SMPDL3B",3,4,33,59
"SMPX",0,1,1,0
"SMR3A",0,0,0,0
"SMR3B",1,0,0,0
"SMS",3388,3118,3887,3947
"SMTN",1478,1335,1060,872
"SMTNL1",7,5,7,7
"SMTNL2",12,12,27,25
"SMU1",3037,2932,1929,2226
"SMUG1",639,606,681,663
"SMURF1",1584,1490,1288,1127
"SMURF2",728,664,1032,833
"SMYD1",1,0,3,3
"SMYD2",447,368,661,501
"SMYD3",532,511,638,734
"SMYD4",435,422,289,368
"SMYD5",875,754,493,585
"SNAI1",693,606,371,336
"SNAI2",0,0,1,4
"SNAI3",81,78,44,40
"SNAI3-AS1",44,63,65,86
"SNAP23",1471,1264,1633,984
"SNAP25",0,0,0,0
"SNAP25-AS1",0,0,0,0
"SNAP29",860,808,1124,1110
"SNAP47",1511,1459,1095,1138
"SNAP91",0,1,1,1
"SNAPC1",469,454,179,207
"SNAPC2",1506,1342,955,986
"SNAPC3",622,585,465,496
"SNAPC4",1755,2048,1111,1021
"SNAPC5",244,268,191,253
"SNAPIN",474,397,517,616
"SNAR-A1",0,0,0,0
"SNAR-A10",0,0,0,0
"SNAR-A11",0,0,0,0
"SNAR-A12",0,0,0,0
"SNAR-A13",0,0,0,0
"SNAR-A14",0,0,0,0
"SNAR-A2",0,0,0,0
"SNAR-A3",0,0,0,0
"SNAR-A4",0,0,0,0
"SNAR-A5",0,0,0,0
"SNAR-A6",0,0,0,0
"SNAR-A7",0,0,0,0
"SNAR-A8",0,0,0,0
"SNAR-A9",0,0,0,0
"SNAR-B1",0,2,0,0
"SNAR-B2",0,2,0,0
"SNAR-C1",0,0,0,0
"SNAR-C2",0,0,0,0
"SNAR-C3",0,0,0,0
"SNAR-C4",0,0,0,0
"SNAR-C5",0,0,0,0
"SNAR-D",0,0,0,0
"SNAR-E",0,0,0,0
"SNAR-F",0,0,0,0
"SNAR-G1",0,0,0,0
"SNAR-G2",0,0,0,0
"SNAR-H",0,0,0,0
"SNAR-I",0,0,0,0
"SNCA",3751,3537,2237,3367
"SNCA-AS1",6,8,3,5
"SNCAIP",0,1,0,1
"SNCB",138,121,50,22
"SNCG",321,288,372,337
"SND1",4493,4071,4156,4481
"SND1-IT1",1,6,1,2
"SNED1",32,38,31,34
"SNF8",3235,2880,2733,2699
"SNHG1",3398,3292,1844,2066
"SNHG10",266,308,139,136
"SNHG11",337,311,220,211
"SNHG12",486,663,357,423
"SNHG15",997,955,429,550
"SNHG16",4583,4047,3614,4480
"SNHG17",1913,1764,1134,1193
"SNHG18",2,0,2,2
"SNHG19",345,443,256,275
"SNHG20",325,407,203,267
"SNHG21",190,215,99,98
"SNHG22",2,1,9,10
"SNHG24",0,0,0,0
"SNHG3",2197,2872,1874,2495
"SNHG4",218,281,150,143
"SNHG5",3461,2953,1952,2227
"SNHG6",1704,1716,1507,1514
"SNHG7",1525,1582,1147,1161
"SNHG8",1628,1354,859,1040
"SNHG9",87,109,49,45
"SNIP1",538,569,355,390
"SNN",566,606,688,758
"SNORA1",4,2,7,3
"SNORA10",71,88,44,47
"SNORA11",0,3,2,0
"SNORA11B",0,0,0,0
"SNORA11C",0,0,0,0
"SNORA11D",1,1,1,3
"SNORA11E",1,1,1,3
"SNORA12",0,0,2,6
"SNORA13",1,9,3,0
"SNORA14A",0,0,0,0
"SNORA14B",1,0,0,1
"SNORA15",11,10,9,0
"SNORA16A",3,5,5,2
"SNORA16B",0,0,0,1
"SNORA17",9,16,6,4
"SNORA18",26,28,11,11
"SNORA19",0,0,0,0
"SNORA20",10,6,6,1
"SNORA21",4,7,0,2
"SNORA22",0,0,3,1
"SNORA23",0,2,1,0
"SNORA24",16,20,10,8
"SNORA25",16,23,12,15
"SNORA26",6,14,13,4
"SNORA27",42,64,52,76
"SNORA28",0,0,1,0
"SNORA29",0,0,1,1
"SNORA2A",0,3,1,0
"SNORA2B",2,0,0,0
"SNORA30",0,0,0,0
"SNORA31",12,13,11,5
"SNORA32",6,13,9,1
"SNORA33",27,44,29,11
"SNORA34",0,3,4,1
"SNORA35",0,0,0,0
"SNORA36A",0,0,0,0
"SNORA36B",0,0,0,0
"SNORA36C",0,0,0,0
"SNORA37",0,0,0,0
"SNORA38",0,5,1,1
"SNORA38B",0,0,1,0
"SNORA4",109,120,106,114
"SNORA40",12,11,9,4
"SNORA41",9,25,3,4
"SNORA43",10,16,11,10
"SNORA44",3,12,15,11
"SNORA45A",14,15,3,5
"SNORA45B",14,21,4,10
"SNORA46",0,0,0,0
"SNORA47",0,1,0,1
"SNORA48",964,873,419,563
"SNORA49",0,0,0,1
"SNORA51",9,7,1,4
"SNORA52",1820,1599,1245,1690
"SNORA53",5,9,2,0
"SNORA54",0,0,0,0
"SNORA55",0,2,1,1
"SNORA56",2,5,1,0
"SNORA57",13,13,15,20
"SNORA58",0,2,0,0
"SNORA59A",1,3,3,5
"SNORA59B",1,3,3,5
"SNORA5A",0,4,1,3
"SNORA5B",1,1,0,0
"SNORA5C",1,6,0,2
"SNORA6",13,12,4,7
"SNORA60",0,1,2,0
"SNORA61",29,45,30,20
"SNORA62",43,53,38,43
"SNORA63",164,143,119,162
"SNORA64",29,44,32,29
"SNORA65",5,6,5,7
"SNORA66",6,6,2,6
"SNORA67",110,159,75,93
"SNORA68",18,30,21,15
"SNORA69",5,4,1,3
"SNORA70",49,75,57,49
"SNORA70B",0,0,0,0
"SNORA70C",0,0,0,0
"SNORA70D",0,0,0,0
"SNORA70E",0,0,0,1
"SNORA70F",0,1,0,0
"SNORA70G",0,0,1,0
"SNORA71A",6,10,2,3
"SNORA71B",1,2,1,1
"SNORA71C",0,5,2,0
"SNORA71D",0,0,0,0
"SNORA71E",2,5,6,3
"SNORA72",11,14,8,5
"SNORA73B",49,66,73,52
"SNORA74A",1,0,1,1
"SNORA74B",0,1,2,3
"SNORA75",2,3,1,5
"SNORA76A",0,0,0,0
"SNORA76C",5,6,5,3
"SNORA77",0,0,1,0
"SNORA78",11,10,5,12
"SNORA79",0,0,2,0
"SNORA7A",14,21,11,11
"SNORA7B",4,7,4,5
"SNORA8",30,42,25,14
"SNORA80A",0,0,0,0
"SNORA80B",0,0,0,2
"SNORA80E",0,0,0,1
"SNORA81",140,113,82,161
"SNORA84",1,0,0,2
"SNORA9",5,8,3,3
"SNORD10",21,19,11,16
"SNORD100",17,21,6,12
"SNORD101",1,8,0,5
"SNORD102",16,10,11,9
"SNORD103A",0,0,0,6
"SNORD103B",0,0,0,6
"SNORD104",34,40,25,44
"SNORD105",21,14,7,4
"SNORD105B",35,31,8,13
"SNORD107",0,0,0,0
"SNORD108",0,1,1,0
"SNORD109A",0,0,0,1
"SNORD109B",0,0,0,1
"SNORD11",2,1,1,0
"SNORD110",11,20,12,6
"SNORD111",0,0,0,0
"SNORD111B",0,0,0,0
"SNORD113-1",0,0,0,0
"SNORD113-2",0,0,0,0
"SNORD113-4",0,0,0,0
"SNORD113-5",0,0,0,0
"SNORD113-6",0,0,0,0
"SNORD113-7",0,0,0,0
"SNORD113-9",0,0,0,0
"SNORD114-1",0,0,0,0
"SNORD114-10",0,0,0,0
"SNORD114-11",0,0,0,0
"SNORD114-12",0,0,0,0
"SNORD114-13",0,0,0,0
"SNORD114-14",0,0,0,0
"SNORD114-15",0,0,0,0
"SNORD114-16",0,0,0,0
"SNORD114-17",0,0,0,0
"SNORD114-18",0,0,0,0
"SNORD114-19",0,0,0,0
"SNORD114-2",0,0,0,0
"SNORD114-20",0,0,0,0
"SNORD114-21",0,0,0,0
"SNORD114-22",0,0,0,0
"SNORD114-23",0,0,0,0
"SNORD114-24",0,0,0,0
"SNORD114-25",0,0,0,0
"SNORD114-26",0,0,0,1
"SNORD114-27",0,0,0,0
"SNORD114-28",0,0,0,0
"SNORD114-29",0,0,0,0
"SNORD114-3",0,0,0,0
"SNORD114-30",0,0,0,0
"SNORD114-31",0,0,0,0
"SNORD114-4",0,0,0,0
"SNORD114-5",0,0,0,0
"SNORD114-6",0,0,0,0
"SNORD114-7",0,0,0,0
"SNORD114-8",0,0,0,0
"SNORD114-9",0,0,0,0
"SNORD115-1",0,0,0,0
"SNORD115-10",0,0,0,0
"SNORD115-11",0,0,0,0
"SNORD115-12",0,0,0,0
"SNORD115-13",0,0,0,0
"SNORD115-14",0,0,0,0
"SNORD115-15",0,0,0,0
"SNORD115-16",0,0,0,0
"SNORD115-17",0,0,0,0
"SNORD115-18",0,0,0,0
"SNORD115-19",0,0,0,0
"SNORD115-2",0,0,0,0
"SNORD115-20",0,0,0,0
"SNORD115-21",0,0,0,0
"SNORD115-22",0,0,0,0
"SNORD115-23",0,0,0,0
"SNORD115-24",0,0,0,0
"SNORD115-25",0,0,0,0
"SNORD115-26",0,0,0,0
"SNORD115-27",0,0,0,0
"SNORD115-28",0,0,0,0
"SNORD115-29",0,0,0,0
"SNORD115-3",0,0,0,0
"SNORD115-30",0,0,0,0
"SNORD115-31",0,0,0,0
"SNORD115-32",0,0,0,0
"SNORD115-33",0,0,0,0
"SNORD115-34",0,0,0,0
"SNORD115-35",0,0,0,0
"SNORD115-36",0,0,0,0
"SNORD115-37",0,0,0,0
"SNORD115-38",0,0,0,0
"SNORD115-39",0,0,0,0
"SNORD115-4",0,0,0,0
"SNORD115-40",0,0,0,0
"SNORD115-41",0,0,0,0
"SNORD115-42",0,0,0,0
"SNORD115-43",0,0,0,0
"SNORD115-44",0,0,0,0
"SNORD115-45",0,0,0,0
"SNORD115-46",0,1,0,0
"SNORD115-47",0,0,0,0
"SNORD115-48",0,0,0,0
"SNORD115-5",0,0,0,0
"SNORD115-6",0,0,0,0
"SNORD115-7",0,0,0,0
"SNORD115-8",0,0,0,0
"SNORD115-9",0,0,0,0
"SNORD116-1",0,0,0,0
"SNORD116-10",0,0,0,0
"SNORD116-11",0,0,0,0
"SNORD116-12",1,0,0,0
"SNORD116-13",0,0,0,0
"SNORD116-14",2,1,0,0
"SNORD116-15",0,1,1,0
"SNORD116-16",1,1,0,0
"SNORD116-17",1,3,10,4
"SNORD116-18",0,0,0,0
"SNORD116-19",1,3,10,4
"SNORD116-2",0,0,0,0
"SNORD116-20",0,0,1,0
"SNORD116-21",0,2,3,6
"SNORD116-22",2,1,2,0
"SNORD116-23",0,0,0,0
"SNORD116-24",0,0,0,0
"SNORD116-25",0,0,0,0
"SNORD116-26",1,0,0,0
"SNORD116-27",0,1,0,0
"SNORD116-28",0,0,0,0
"SNORD116-29",0,0,0,0
"SNORD116-3",0,0,4,1
"SNORD116-30",0,1,1,0
"SNORD116-4",2,9,5,0
"SNORD116-5",1,0,1,0
"SNORD116-6",0,0,0,0
"SNORD116-7",1,0,1,0
"SNORD116-8",0,0,0,0
"SNORD116-9",0,0,4,1
"SNORD117",1,3,3,1
"SNORD119",5,12,7,5
"SNORD11B",82,65,47,64
"SNORD12",5,9,3,6
"SNORD121A",0,1,0,0
"SNORD121B",0,0,1,1
"SNORD123",0,0,0,0
"SNORD124",0,0,1,0
"SNORD125",0,0,0,0
"SNORD126",0,0,0,0
"SNORD127",2,2,1,0
"SNORD12B",2,5,6,7
"SNORD12C",2,3,1,1
"SNORD15A",1,2,1,3
"SNORD15B",12,19,10,10
"SNORD16",9,8,8,4
"SNORD17",9,5,3,2
"SNORD18A",2,1,3,1
"SNORD18B",1,3,1,2
"SNORD18C",4,3,2,4
"SNORD19",24,24,7,16
"SNORD19B",108,95,41,53
"SNORD1A",1,1,0,2
"SNORD1B",1,0,3,0
"SNORD1C",1,3,0,0
"SNORD2",2,3,1,1
"SNORD20",3,6,3,5
"SNORD21",3,16,3,14
"SNORD22",64,76,55,54
"SNORD23",182,162,151,164
"SNORD24",3,4,1,1
"SNORD25",11,9,10,5
"SNORD26",15,14,9,12
"SNORD27",15,8,14,4
"SNORD28",20,17,24,7
"SNORD29",14,34,18,31
"SNORD30",12,14,4,6
"SNORD31",13,25,11,15
"SNORD32A",1788,1572,1312,1618
"SNORD32B",0,0,0,0
"SNORD33",727,615,594,661
"SNORD34",109,152,105,181
"SNORD35A",17,17,11,10
"SNORD35B",19,28,19,11
"SNORD36A",75,84,60,65
"SNORD36B",627,642,467,537
"SNORD36C",9,19,8,7
"SNORD37",1,2,4,1
"SNORD38A",38,47,26,55
"SNORD38B",4,4,3,4
"SNORD41",0,0,0,0
"SNORD42A",6,11,7,7
"SNORD42B",5,2,1,2
"SNORD43",2,2,3,1
"SNORD44",29,47,23,29
"SNORD45A",3,3,4,0
"SNORD45B",9,5,9,1
"SNORD45C",2,1,0,0
"SNORD46",12,12,5,6
"SNORD47",65,97,76,35
"SNORD48",11,11,13,16
"SNORD49A",19,10,7,9
"SNORD49B",8,15,2,6
"SNORD4A",26,25,23,27
"SNORD4B",4,7,6,8
"SNORD5",4,2,4,5
"SNORD50A",6,6,8,4
"SNORD50B",11,18,8,5
"SNORD51",2,3,1,1
"SNORD52",9,20,20,18
"SNORD53",0,0,0,0
"SNORD54",20,17,8,12
"SNORD55",39,44,22,23
"SNORD56",0,1,0,0
"SNORD56B",0,0,0,0
"SNORD57",284,274,150,219
"SNORD58A",5,8,6,7
"SNORD58B",244,242,199,255
"SNORD58C",23,33,22,25
"SNORD59A",2,1,2,2
"SNORD59B",1,1,0,2
"SNORD6",3,8,5,3
"SNORD60",19,20,11,9
"SNORD61",0,0,0,0
"SNORD62A",4,3,2,5
"SNORD62B",4,3,2,5
"SNORD63",2,0,1,0
"SNORD64",2,4,0,1
"SNORD65",40,70,27,34
"SNORD66",23,9,9,9
"SNORD67",0,1,0,0
"SNORD68",48,77,34,39
"SNORD69",1,2,0,0
"SNORD7",3,1,0,0
"SNORD70",0,0,0,0
"SNORD71",0,0,0,1
"SNORD72",5,3,0,1
"SNORD73A",4,4,5,6
"SNORD74",3,10,2,3
"SNORD75",2,2,1,1
"SNORD76",37,42,29,34
"SNORD77",2,6,4,1
"SNORD78",7,15,7,8
"SNORD79",38,47,35,25
"SNORD8",0,0,0,0
"SNORD80",39,49,32,15
"SNORD81",20,29,23,29
"SNORD82",1,0,1,2
"SNORD83A",14,30,23,38
"SNORD83B",39,59,43,54
"SNORD84",35,36,53,28
"SNORD85",0,0,0,0
"SNORD86",65,86,21,34
"SNORD87",4,8,16,5
"SNORD88A",0,3,1,0
"SNORD88B",8,14,5,4
"SNORD88C",4,5,2,1
"SNORD89",2,4,5,6
"SNORD9",1,1,4,0
"SNORD90",0,0,0,0
"SNORD91A",0,0,0,0
"SNORD91B",0,0,1,1
"SNORD92",0,0,1,0
"SNORD93",0,0,3,1
"SNORD94",2,4,2,2
"SNORD95",1,1,2,3
"SNORD96A",5,4,5,6
"SNORD96B",0,0,0,0
"SNORD97",0,2,1,3
"SNORD98",1,0,0,0
"SNORD99",16,18,2,3
"SNPH",111,98,150,143
"SNRK",289,336,525,436
"SNRK-AS1",131,160,229,221
"SNRNP200",8889,9047,6915,7316
"SNRNP25",918,815,717,729
"SNRNP27",517,559,434,267
"SNRNP35",627,582,509,657
"SNRNP40",3552,3194,1837,2475
"SNRNP48",781,869,479,558
"SNRNP70",6318,6424,5377,6316
"SNRPA",4123,3723,2029,2486
"SNRPA1",2162,2026,1469,1689
"SNRPB",10936,9010,6164,7117
"SNRPB2",1960,1864,1069,1319
"SNRPC",4175,3446,2184,2305
"SNRPD1",2756,2618,1332,1656
"SNRPD2",9260,7936,5427,6901
"SNRPD2P2",0,0,0,0
"SNRPD3",6138,5910,3904,5041
"SNRPE",1698,1520,1035,1132
"SNRPF",2195,2029,1585,2451
"SNRPG",2667,2331,1922,2705
"SNRPN",1502,1299,2051,2074
"SNTA1",587,572,727,755
"SNTB1",2,1,67,50
"SNTB2",531,600,569,431
"SNTG1",0,0,0,0
"SNTG2",0,1,0,0
"SNTN",4,0,1,1
"SNUPN",1599,1414,774,963
"SNURF",1502,1297,2040,2068
"SNW1",3667,3419,2176,2943
"SNX1",1789,1782,1497,1645
"SNX10",530,483,593,257
"SNX11",514,405,390,365
"SNX12",2120,1808,1490,1549
"SNX13",747,661,595,475
"SNX14",1155,1148,1219,1381
"SNX15",465,379,385,426
"SNX16",211,200,191,124
"SNX17",1877,1723,1200,1262
"SNX18",503,434,341,234
"SNX19",1603,1563,1368,1435
"SNX2",1143,1051,1967,1979
"SNX20",0,0,0,0
"SNX21",634,671,706,598
"SNX22",9735,8886,8300,8990
"SNX24",256,276,420,326
"SNX25",150,150,321,339
"SNX27",1117,1084,976,1111
"SNX29",394,384,505,538
"SNX29P1",6,4,6,3
"SNX29P2",5,2,8,3
"SNX3",3441,2967,3302,3217
"SNX30",476,495,538,453
"SNX31",8,9,4,1
"SNX32",4,9,4,4
"SNX33",602,588,711,769
"SNX4",1236,1171,980,807
"SNX5",3999,3448,2647,2713
"SNX6",2379,2230,1836,1924
"SNX7",207,164,258,246
"SNX8",2120,1857,1594,1526
"SNX9",790,767,906,967
"SOAT1",1461,1309,1061,915
"SOAT2",1,5,7,5
"SOBP",83,99,143,145
"SOCS1",370,312,261,230
"SOCS2",70,66,43,46
"SOCS2-AS1",6,5,2,2
"SOCS3",1657,1524,622,565
"SOCS4",1074,1121,613,441
"SOCS5",387,388,495,332
"SOCS6",871,881,979,787
"SOCS7",660,620,381,438
"SOD1",3908,3500,2783,2285
"SOD2",789,734,654,391
"SOD3",0,0,0,0
"SOGA1",453,495,499,402
"SOGA3",356,364,132,159
"SOHLH1",0,3,1,1
"SOHLH2",1,1,3,9
"SON",6479,6715,5007,5536
"SORBS1",5,5,38,25
"SORBS2",275,283,438,341
"SORBS3",2395,2296,2417,2509
"SORCS1",0,0,0,0
"SORCS2",7,12,68,72
"SORCS3",0,0,0,0
"SORCS3-AS1",0,0,0,0
"SORD",3028,2921,1074,981
"SORL1",3,6,59,44
"SORT1",438,421,1780,1635
"SOS1",807,800,759,721
"SOS2",415,364,347,340
"SOST",157,109,282,276
"SOSTDC1",3,2,1,1
"SOWAHA",16,10,62,54
"SOWAHB",10,8,44,49
"SOWAHC",78,66,62,34
"SOWAHD",5,11,7,12
"SOX1",0,0,0,0
"SOX10",0,0,1,0
"SOX11",0,0,0,0
"SOX12",3155,2937,2202,2594
"SOX13",28,28,130,174
"SOX14",0,0,0,0
"SOX15",2915,2593,796,654
"SOX17",0,0,0,0
"SOX18",1,1,0,1
"SOX2",1,0,0,0
"SOX2-OT",2,0,0,0
"SOX21",0,2,3,1
"SOX21-AS1",0,0,1,2
"SOX3",0,0,0,0
"SOX30",9,12,1,1
"SOX4",25,19,230,174
"SOX5",1,0,0,0
"SOX6",3,1,4,0
"SOX7",42,36,56,42
"SOX8",7379,6499,5030,6276
"SOX9",2,1,1,0
"SOX9-AS1",0,0,0,0
"SP1",1942,1979,1571,1781
"SP100",81,88,77,23
"SP110",93,85,202,198
"SP140",1,1,49,31
"SP140L",2,0,72,52
"SP2",547,572,493,475
"SP2-AS1",16,21,12,22
"SP3",1601,1732,1362,1159
"SP4",188,174,122,48
"SP5",0,0,0,0
"SP6",252,235,227,338
"SP7",3,2,2,1
"SP8",13,15,0,0
"SP9",0,1,1,2
"SPA17",291,281,273,351
"SPACA1",0,0,0,0
"SPACA3",0,0,0,0
"SPACA4",0,0,0,2
"SPACA5",4,0,2,0
"SPACA5B",4,0,2,0
"SPACA6P",57,89,89,116
"SPACA6P-AS",14,6,9,7
"SPACA7",0,1,1,0
"SPAG1",173,200,407,377
"SPAG11A",0,0,0,0
"SPAG11B",0,0,0,0
"SPAG16",478,441,426,473
"SPAG17",189,196,141,150
"SPAG4",102,103,86,70
"SPAG5",2354,2467,2057,2587
"SPAG5-AS1",642,595,454,527
"SPAG6",682,678,347,397
"SPAG7",1630,1577,1317,1872
"SPAG8",26,35,37,25
"SPAG9",6358,6200,3633,3208
"SPAM1",0,0,0,0
"SPANXA1",0,0,2,1
"SPANXA2",0,0,2,1
"SPANXA2-OT1",0,0,0,0
"SPANXB1",0,0,2,0
"SPANXC",0,0,0,0
"SPANXD",0,0,0,0
"SPANXN1",0,0,0,0
"SPANXN2",0,0,0,0
"SPANXN3",0,0,0,0
"SPANXN4",0,0,0,0
"SPANXN5",0,0,0,0
"SPARC",5390,4788,29739,28826
"SPARCL1",8,12,57,79
"SPAST",570,522,422,212
"SPATA12",7,1,9,12
"SPATA13",3,10,15,11
"SPATA13-AS1",0,0,0,0
"SPATA16",2,0,0,0
"SPATA17",80,63,28,42
"SPATA17-AS1",19,7,8,6
"SPATA18",243,244,244,250
"SPATA19",0,0,1,0
"SPATA2",875,785,509,512
"SPATA20",839,866,1209,1373
"SPATA21",0,0,0,1
"SPATA22",0,1,0,0
"SPATA24",28,24,39,60
"SPATA25",20,20,11,22
"SPATA2L",1514,1350,578,731
"SPATA3",0,0,0,0
"SPATA3-AS1",11,3,2,7
"SPATA31A1",2,2,21,6
"SPATA31A3",1,3,13,6
"SPATA31A5",2,4,22,11
"SPATA31A6",0,1,9,4
"SPATA31A7",2,4,22,11
"SPATA31C1",0,0,1,0
"SPATA31C2",0,0,1,0
"SPATA31D1",0,0,0,0
"SPATA31D3",1,0,0,0
"SPATA31D4",1,0,0,0
"SPATA31D5P",0,0,0,0
"SPATA31E1",0,1,0,0
"SPATA32",11,7,5,3
"SPATA33",472,471,301,344
"SPATA4",1,1,3,3
"SPATA41",5,1,5,4
"SPATA42",0,0,0,0
"SPATA45",7,5,1,2
"SPATA5",448,394,314,280
"SPATA5L1",421,399,325,303
"SPATA6",211,196,189,204
"SPATA6L",47,38,44,61
"SPATA7",131,150,220,227
"SPATA8",0,0,1,0
"SPATA8-AS1",0,0,0,0
"SPATA9",12,22,12,21
"SPATC1",1,0,0,0
"SPATC1L",941,874,664,654
"SPATS1",295,255,58,61
"SPATS2",1027,930,1035,1092
"SPATS2L",1,4,54,66
"SPC24",130,124,81,68
"SPC25",335,327,324,359
"SPCS1",3108,2690,1943,1853
"SPCS2",1848,1615,1217,1194
"SPCS3",2198,2112,1838,1676
"SPDEF",0,1,3,2
"SPDL1",1020,1005,725,861
"SPDYA",242,270,225,203
"SPDYC",19,10,12,5
"SPDYE1",29,27,26,29
"SPDYE2",80,102,111,123
"SPDYE2B",80,102,111,123
"SPDYE3",81,61,59,67
"SPDYE4",0,0,0,1
"SPDYE5",31,35,33,32
"SPDYE6",46,54,64,63
"SPDYE7P",5,7,12,11
"SPDYE8P",56,46,43,62
"SPECC1",39,34,216,235
"SPECC1L",1664,1525,1461,1785
"SPECC1L-ADORA2A",423,408,351,414
"SPEF1",92,89,50,61
"SPEF2",59,75,54,65
"SPEG",648,690,991,910
"SPEM1",1,2,0,3
"SPEN",1373,1517,1101,1059
"SPERT",0,0,0,0
"SPESP1",0,0,0,0
"SPG11",1080,1062,1009,1126
"SPG20",88,58,57,60
"SPG20-AS1",0,0,0,1
"SPG21",2970,2782,1615,1641
"SPG7",2502,3020,2295,2409
"SPHAR",177,187,156,90
"SPHK1",508,463,2103,2362
"SPHK2",443,403,581,639
"SPHKAP",2,0,0,0
"SPI1",0,1,0,1
"SPIB",11,10,3,6
"SPIC",0,0,0,0
"SPICE1",341,345,300,290
"SPIDR",401,361,324,356
"SPIN1",2184,2029,2000,1823
"SPIN2A",128,115,111,159
"SPIN2B",213,198,176,259
"SPIN3",419,481,299,318
"SPIN4",277,253,186,96
"SPINK1",2,3,19,7
"SPINK13",0,0,0,0
"SPINK14",0,0,0,0
"SPINK2",1,0,2,2
"SPINK4",3,0,0,0
"SPINK5",1,2,0,0
"SPINK6",0,0,0,0
"SPINK7",2,0,0,0
"SPINK8",3,5,1,0
"SPINK9",0,0,0,0
"SPINT1",5,5,7,8
"SPINT2",3140,2801,6240,5672
"SPINT3",0,0,0,0
"SPINT4",0,0,0,0
"SPIRE1",1040,948,1487,1166
"SPIRE2",363,457,293,338
"SPN",14,3,40,25
"SPNS1",2420,2265,1387,1460
"SPNS2",3338,3320,2333,2865
"SPNS3",67,49,174,164
"SPO11",0,0,0,0
"SPOCD1",3500,3763,2931,2895
"SPOCK1",0,3,24,15
"SPOCK2",73,54,99,102
"SPOCK3",0,1,0,0
"SPON1",8,14,18,24
"SPON2",31,32,9,7
"SPOP",2536,2255,1504,1553
"SPOPL",247,247,247,171
"SPP1",45635,38704,23004,22255
"SPP2",0,0,0,1
"SPPL2A",541,445,913,713
"SPPL2B",1231,1463,1031,937
"SPPL2C",0,1,0,1
"SPPL3",1477,1292,1428,1480
"SPR",886,851,579,695
"SPRED1",614,600,570,300
"SPRED2",983,978,1130,1021
"SPRED3",498,431,423,349
"SPRN",187,219,147,166
"SPRNP1",4,12,4,4
"SPRR1A",0,0,0,1
"SPRR1B",0,0,0,0
"SPRR2A",0,0,0,0
"SPRR2B",0,0,0,0
"SPRR2C",0,0,0,0
"SPRR2D",0,0,1,0
"SPRR2E",0,0,0,0
"SPRR2F",0,0,0,0
"SPRR2G",1,0,0,0
"SPRR3",0,0,5,8
"SPRR4",0,0,0,0
"SPRTN",467,477,340,277
"SPRY1",4187,4189,2359,2192
"SPRY2",12,11,40,19
"SPRY3",25,27,23,30
"SPRY4",3117,2862,2647,2150
"SPRY4-IT1",3,9,10,5
"SPRYD3",538,449,496,472
"SPRYD4",595,529,315,319
"SPRYD7",518,422,378,384
"SPSB1",530,440,761,760
"SPSB2",460,386,365,420
"SPSB3",789,864,914,885
"SPSB4",1,1,142,195
"SPTA1",1,1,0,0
"SPTAN1",2799,2715,5180,5451
"SPTB",11,10,12,12
"SPTBN1",2229,2266,5283,5325
"SPTBN2",1186,1231,811,911
"SPTBN4",182,202,128,121
"SPTBN5",38,64,199,222
"SPTLC1",2483,2288,1778,1268
"SPTLC2",966,983,1703,2045
"SPTLC3",0,0,54,45
"SPTSSA",1150,1129,1216,837
"SPTSSB",0,0,0,0
"SPTY2D1",1197,1177,767,547
"SPTY2D1-AS1",175,163,107,69
"SPX",0,0,8,3
"SPZ1",0,0,0,0
"SQLE",1190,1123,906,998
"SQRDL",215,161,150,170
"SQSTM1",10444,9256,9224,8466
"SRA1",1381,1201,1052,1145
"SRBD1",968,958,806,868
"SRC",866,867,906,1062
"SRCAP",2556,2558,1796,1873
"SRCIN1",179,188,242,221
"SRD5A1",304,238,488,517
"SRD5A1P1",16,23,43,42
"SRD5A2",0,1,0,0
"SRD5A3",334,331,295,264
"SRD5A3-AS1",7,2,3,1
"SREBF1",5157,4956,3698,3966
"SREBF2",3111,2937,4243,4436
"SREK1",1564,1822,1381,1130
"SREK1IP1",854,831,616,590
"SRF",2490,2274,1906,2269
"SRFBP1",392,361,135,141
"SRGAP1",357,356,213,239
"SRGAP2",1001,1024,2015,1919
"SRGAP2-AS1",2,1,6,2
"SRGAP2B",157,146,226,116
"SRGAP2C",314,282,447,196
"SRGAP2D",583,514,845,357
"SRGAP3",100,91,129,110
"SRGAP3-AS3",0,0,0,0
"SRGN",1,0,1,2
"SRI",1875,1637,1029,1230
"SRL",2,2,3,4
"SRM",6640,5960,2415,2496
"SRMS",3,1,1,3
"SRP14",6951,6303,6881,8504
"SRP14-AS1",29,43,61,43
"SRP19",1179,1110,831,1108
"SRP54",1297,1165,1076,1077
"SRP68",3645,3308,2556,3099
"SRP72",2814,2642,1767,1323
"SRP9",7752,7152,5790,4156
"SRPK1",4457,4511,2757,2547
"SRPK2",1107,1153,1026,830
"SRPK3",12,6,9,9
"SRPR",2662,2496,1532,1764
"SRPRB",1903,1539,1316,1596
"SRPX",2,6,26,31
"SRPX2",85,61,195,140
"SRR",2440,2350,1190,1258
"SRRD",512,516,274,306
"SRRM1",2828,2780,1940,1952
"SRRM2",17673,18557,16003,16713
"SRRM2-AS1",33,20,31,45
"SRRM3",170,143,173,194
"SRRM4",0,0,0,0
"SRRM5",535,482,417,566
"SRRT",4251,4486,2502,3032
"SRSF1",12545,12320,6521,6598
"SRSF10",3137,3149,2423,2269
"SRSF11",3995,4358,3029,2074
"SRSF12",224,260,353,386
"SRSF2",7646,7788,5553,5866
"SRSF3",9077,8731,6351,6251
"SRSF4",3785,3881,2739,3512
"SRSF5",5286,5500,4747,6593
"SRSF6",4950,5050,3799,4714
"SRSF7",4848,4208,3128,4061
"SRSF8",5398,5075,3501,2954
"SRSF9",7223,6591,5474,5728
"SRXN1",2650,2289,1529,1527
"SRY",0,0,0,1
"SS18",3557,3504,2644,2519
"SS18L1",651,720,541,529
"SS18L2",955,885,515,564
"SSB",5638,5619,3038,4184
"SSBP1",2923,2494,1491,1855
"SSBP2",126,89,467,541
"SSBP3",4690,4114,3638,3901
"SSBP3-AS1",14,28,11,17
"SSBP4",2161,2205,1241,1256
"SSC4D",62,61,464,665
"SSC5D",162,183,148,119
"SSFA2",36,43,77,50
"SSH1",3590,3568,1902,1894
"SSH2",450,546,790,611
"SSH3",12,18,11,12
"SSMEM1",0,0,0,0
"SSNA1",1415,1125,1136,1271
"SSPN",152,135,217,213
"SSPO",45,74,70,70
"SSR1",4478,4334,4285,3780
"SSR2",4041,3605,3343,3955
"SSR3",3954,3472,5197,4871
"SSR4",1404,1224,1063,916
"SSR4P1",100,104,93,83
"SSRP1",9343,8852,5731,7282
"SSSCA1",837,717,406,323
"SSSCA1-AS1",17,20,11,9
"SST",2,2,1,0
"SSTR1",0,0,0,0
"SSTR2",12,7,31,25
"SSTR3",1,2,20,15
"SSTR4",0,0,0,0
"SSTR5",14,11,14,5
"SSTR5-AS1",6,2,6,3
"SSU72",3838,3550,2232,2588
"SSUH2",1,3,5,3
"SSX1",0,0,0,0
"SSX2",1,0,0,0
"SSX2B",1,0,0,0
"SSX2IP",874,803,740,596
"SSX3",1,0,0,0
"SSX4",2,2,0,0
"SSX4B",2,2,0,0
"SSX5",1,0,0,0
"SSX6",1,0,2,0
"SSX7",1,0,0,0
"SSX8",1,0,0,0
"SSX9",0,0,0,0
"ST13",6331,5985,5163,5141
"ST13P4",1496,1277,1216,1199
"ST14",0,0,5,1
"ST18",0,0,0,0
"ST20",308,355,238,292
"ST20-AS1",181,138,150,174
"ST20-MTHFS",634,644,519,689
"ST3GAL1",0,2,3,3
"ST3GAL2",715,673,761,838
"ST3GAL3",176,178,197,197
"ST3GAL4",329,272,368,447
"ST3GAL4-AS1",25,22,60,45
"ST3GAL5",393,335,659,720
"ST3GAL5-AS1",15,4,6,3
"ST3GAL6",1,0,0,5
"ST3GAL6-AS1",0,0,0,0
"ST5",522,539,1228,1220
"ST6GAL1",347,365,207,189
"ST6GAL2",0,0,1,1
"ST6GALNAC1",0,0,11,6
"ST6GALNAC2",85,75,273,318
"ST6GALNAC3",1,0,21,18
"ST6GALNAC4",965,804,678,680
"ST6GALNAC5",0,1,0,1
"ST6GALNAC6",1979,1830,1846,2216
"ST7",176,194,273,289
"ST7-AS1",97,83,142,166
"ST7-AS2",16,8,12,18
"ST7-OT3",18,10,24,23
"ST7-OT4",20,8,20,24
"ST7L",247,214,250,311
"ST8SIA1",4,6,3,1
"ST8SIA2",0,0,7,9
"ST8SIA3",0,0,0,0
"ST8SIA4",0,0,1,0
"ST8SIA5",68,70,28,25
"ST8SIA6",9,7,6,5
"ST8SIA6-AS1",0,0,0,0
"STAB1",414,382,561,579
"STAB2",4,11,16,20
"STAC",0,0,0,1
"STAC2",0,0,0,0
"STAC3",35,41,25,29
"STAG1",657,750,606,565
"STAG2",2052,1929,1110,852
"STAG3",101,91,124,103
"STAG3L1",464,419,489,467
"STAG3L2",503,491,521,529
"STAG3L3",467,420,489,470
"STAG3L4",353,325,298,291
"STAG3L5P",33,29,46,33
"STAG3L5P-PVRIG2P-PILRB",1112,1459,1399,1408
"STAM",1330,1359,1255,1102
"STAM-AS1",26,23,17,15
"STAM2",443,452,431,354
"STAMBP",992,982,892,948
"STAMBPL1",0,0,2,0
"STAP1",0,2,0,0
"STAP2",117,114,298,315
"STAR",5,2,6,1
"STARD10",724,630,883,888
"STARD13",4,7,21,22
"STARD13-AS",0,0,0,0
"STARD3",575,532,692,622
"STARD3NL",455,419,527,504
"STARD4",766,764,1309,912
"STARD4-AS1",6,11,16,20
"STARD5",4,3,13,12
"STARD6",3,2,1,0
"STARD7",5020,4723,3302,3586
"STARD7-AS1",262,251,136,153
"STARD8",18,15,70,46
"STARD9",347,405,278,286
"STAT1",1511,1533,1429,1196
"STAT2",954,1040,916,962
"STAT3",3415,2890,3476,3661
"STAT4",0,0,2,1
"STAT5A",44,32,43,29
"STAT5B",621,590,796,812
"STAT6",1903,1897,2431,2576
"STATH",0,0,0,0
"STAU1",3343,3093,2637,2716
"STAU2",833,789,1054,893
"STAU2-AS1",3,5,7,1
"STBD1",118,127,299,372
"STC1",48,48,40,11
"STC2",204,82,533,210
"STEAP1",23,26,11,13
"STEAP1B",167,179,61,87
"STEAP2",4,10,8,4
"STEAP2-AS1",0,0,0,0
"STEAP3",1152,1143,1264,1158
"STEAP3-AS1",91,84,94,70
"STEAP4",0,0,0,0
"STH",1,0,0,0
"STIL",828,824,497,524
"STIM1",463,395,716,670
"STIM2",814,763,696,724
"STIP1",6580,6313,3490,4305
"STK10",1044,918,914,875
"STK11",2097,2116,1838,1779
"STK11IP",670,665,598,562
"STK16",567,478,612,710
"STK17A",2378,2135,1934,1986
"STK17B",5,4,42,29
"STK19",18207,16667,14691,16218
"STK24",2685,2360,2412,2388
"STK25",5420,5269,5270,5334
"STK26",200,220,289,174
"STK3",398,386,288,393
"STK31",4,7,5,3
"STK32A",0,3,5,1
"STK32B",176,139,136,173
"STK32C",318,307,148,178
"STK33",293,332,476,568
"STK35",1220,1230,926,1079
"STK36",906,983,783,859
"STK38",1354,1457,1892,2220
"STK38L",361,398,358,315
"STK39",110,107,484,364
"STK4",1212,1196,1141,848
"STK4-AS1",3,0,2,3
"STK40",2171,1730,1615,1480
"STKLD1",52,53,33,48
"STMN1",13634,12531,10949,14547
"STMN2",0,0,0,0
"STMN3",5156,4785,2584,2787
"STMN4",2,2,14,31
"STMND1",0,0,0,1
"STOM",1823,1750,3650,3546
"STOML1",114,95,157,128
"STOML2",9981,8410,4807,5007
"STOML3",1,0,1,1
"STON1",24,23,176,158
"STON1-GTF2A1L",1,8,45,30
"STON2",0,1,81,26
"STOX1",24,19,31,51
"STOX2",1,0,4,0
"STPG1",365,329,174,197
"STPG2",0,0,0,0
"STPG2-AS1",0,0,1,0
"STRA13",1045,1049,594,644
"STRA6",442,461,1530,1305
"STRA8",0,0,1,0
"STRADA",692,601,599,677
"STRADB",1925,1757,1387,1245
"STRAP",4771,4022,3234,3447
"STRBP",1191,1160,1050,1105
"STRC",30,57,58,63
"STRIP1",900,853,783,820
"STRIP2",733,890,736,620
"STRN",748,829,627,589
"STRN3",892,944,757,591
"STRN4",3746,3708,2570,2806
"STS",151,126,199,208
"STT3A",1903,1813,1546,1971
"STT3B",3052,3112,2798,2052
"STUB1",1919,1906,2057,1909
"STX10",1372,1252,995,1039
"STX11",1,0,1,2
"STX12",320,328,355,294
"STX16",2781,3002,2583,2243
"STX16-NPEPL1",668,836,851,676
"STX17",625,637,674,655
"STX17-AS1",12,12,19,26
"STX18",2941,2780,1433,1870
"STX18-AS1",113,128,82,103
"STX18-IT1",0,1,0,0
"STX19",0,0,5,0
"STX1A",220,241,256,230
"STX1B",1114,1455,465,369
"STX2",780,859,794,797
"STX3",3218,2904,3516,4461
"STX4",1249,1235,653,689
"STX5",1412,1158,1243,1303
"STX6",1468,1385,1222,1097
"STX7",334,270,473,410
"STX8",721,613,616,810
"STXBP1",835,851,840,810
"STXBP2",26,30,9,10
"STXBP3",476,522,444,327
"STXBP4",163,148,114,78
"STXBP5",707,708,606,408
"STXBP5-AS1",44,46,36,24
"STXBP5L",6,2,3,4
"STXBP6",29,22,28,25
"STYK1",5,3,35,42
"STYX",992,959,763,423
"STYXL1",762,604,844,1005
"SUB1",3071,2839,2485,2681
"SUCLA2",1599,1417,1299,1141
"SUCLG1",1965,1697,4103,5316
"SUCLG2",1889,1782,1096,969
"SUCLG2-AS1",14,19,23,28
"SUCNR1",0,0,0,0
"SUCO",1560,1650,1291,1052
"SUDS3",1342,1366,1118,1185
"SUFU",431,413,652,719
"SUGCT",259,236,782,505
"SUGP1",1469,1544,1184,1527
"SUGP2",2797,3080,2391,2595
"SUGT1",1055,1108,630,707
"SUGT1P1",3,5,11,9
"SUGT1P3",3,3,3,3
"SULF1",2,1,5,4
"SULF2",4490,4358,8381,8694
"SULT1A1",526,470,927,973
"SULT1A2",229,195,368,391
"SULT1A3",1197,1558,1566,1761
"SULT1A4",1197,1558,1566,1761
"SULT1B1",1,0,0,0
"SULT1C2",3,2,50,37
"SULT1C2P1",0,0,0,0
"SULT1C3",0,0,0,0
"SULT1C4",0,0,4,0
"SULT1E1",0,0,0,0
"SULT2A1",13,10,1,2
"SULT2B1",24,10,14,14
"SULT4A1",368,542,437,477
"SULT6B1",0,0,0,0
"SUMF1",405,326,756,777
"SUMF2",2596,2203,1772,1798
"SUMO1",5456,4921,4425,4516
"SUMO1P1",5,5,2,3
"SUMO1P3",2054,1958,1754,1938
"SUMO2",5186,4748,3984,3904
"SUMO3",1351,1196,1051,1135
"SUMO4",2,1,3,2
"SUN1",1270,1397,1216,996
"SUN2",449,464,1171,1064
"SUN3",1,2,3,6
"SUN5",0,0,0,0
"SUOX",728,724,710,711
"SUPT16H",9397,8955,5814,7103
"SUPT20H",1449,1353,1136,1194
"SUPT20HL1",0,1,3,0
"SUPT20HL2",0,0,2,0
"SUPT3H",459,433,347,482
"SUPT4H1",2052,1865,1801,2014
"SUPT5H",3736,3635,3107,3247
"SUPT6H",4434,4325,3745,4049
"SUPT7L",2131,2194,1897,2069
"SUPV3L1",1240,1195,772,978
"SURF1",427,412,414,451
"SURF2",575,541,272,353
"SURF4",6510,6006,5250,5907
"SURF6",3651,3545,1564,1946
"SUSD1",100,87,83,65
"SUSD2",0,0,0,0
"SUSD3",0,0,0,0
"SUSD4",2,1,6,0
"SUSD5",472,450,1174,1062
"SUSD6",298,303,539,524
"SUV39H1",508,442,348,390
"SUV39H2",647,648,428,500
"SUV420H1",1255,1128,1010,1072
"SUV420H2",469,525,527,594
"SUZ12",1332,1405,902,594
"SUZ12P1",123,168,136,137
"SV2A",1325,1187,1263,1266
"SV2B",0,0,1,3
"SV2C",156,151,87,98
"SVEP1",1,0,1,1
"SVIL",1386,1403,3193,3469
"SVIL-AS1",2208,2099,1192,1167
"SVILP1",18,12,39,48
"SVIP",68,62,62,43
"SVOP",13,13,6,1
"SVOPL",2,3,6,4
"SWAP70",2443,2323,1758,1790
"SWI5",486,353,452,503
"SWSAP1",170,206,142,145
"SWT1",210,218,135,186
"SYAP1",1295,1245,1126,1046
"SYBU",638,500,1186,1264
"SYCE1",1,1,1,0
"SYCE1L",15,14,15,16
"SYCE2",27,32,18,25
"SYCE3",12,9,1,4
"SYCN",0,0,0,0
"SYCP1",0,0,0,0
"SYCP2",143,144,148,181
"SYCP2L",48,52,45,66
"SYCP3",19,10,10,6
"SYDE1",1334,1237,1228,1172
"SYDE2",187,155,220,207
"SYF2",2006,1926,1293,1627
"SYK",1,0,0,0
"SYMPK",5087,4865,3152,3621
"SYN1",84,77,30,30
"SYN2",2,1,1,0
"SYN3",0,0,0,1
"SYNC",2994,2952,2250,2710
"SYNCRIP",8703,8384,4917,5310
"SYNDIG1",0,0,0,0
"SYNDIG1L",2,1,3,3
"SYNE1",154,172,173,164
"SYNE1-AS1",0,0,2,0
"SYNE2",329,331,1114,1305
"SYNE3",18,13,73,32
"SYNE4",51,41,54,90
"SYNGAP1",1225,1381,1125,1318
"SYNGR1",522,592,888,891
"SYNGR2",1645,1513,2006,1828
"SYNGR3",534,513,914,950
"SYNGR4",1,1,1,2
"SYNJ1",199,200,204,129
"SYNJ2",1029,991,1400,1494
"SYNJ2-IT1",0,1,0,0
"SYNJ2BP",854,911,827,1109
"SYNJ2BP-COX16",1682,1538,1077,1138
"SYNM",2925,3204,3764,4636
"SYNPO",267,261,1087,1295
"SYNPO2",0,0,5,3
"SYNPO2L",1,1,9,4
"SYNPR",0,2,0,1
"SYNPR-AS1",0,0,1,0
"SYNRG",1115,1078,816,1006
"SYP",300,273,27,41
"SYP-AS1",2,1,1,2
"SYPL1",1877,1661,2126,1491
"SYPL2",49,49,30,26
"SYS1",713,656,592,613
"SYS1-DBNDD2",186,125,152,143
"SYT1",2,11,7,16
"SYT10",0,1,0,0
"SYT11",572,517,800,992
"SYT12",29,26,30,41
"SYT13",1,0,4,3
"SYT14",1139,1109,656,457
"SYT14P1",6,2,0,0
"SYT15",28,26,29,34
"SYT16",1,0,0,0
"SYT17",4,13,26,27
"SYT2",17,22,15,15
"SYT3",150,141,68,58
"SYT4",0,0,0,0
"SYT5",224,234,65,61
"SYT6",0,0,0,0
"SYT7",258,224,836,1001
"SYT8",0,3,6,4
"SYT9",10,4,17,15
"SYTL1",435,459,715,732
"SYTL2",184,240,612,642
"SYTL3",9,13,25,14
"SYTL4",10,10,19,27
"SYTL5",3,0,19,19
"SYVN1",814,891,725,747
"SZRD1",4165,3990,3787,4491
"SZT2",1260,1357,884,800
"T",0,0,0,0
"TAAR1",0,0,0,0
"TAAR2",0,0,0,0
"TAAR3",0,0,0,0
"TAAR5",0,0,0,0
"TAAR6",0,0,0,0
"TAAR8",0,0,0,0
"TAAR9",0,0,0,0
"TAB1",1072,982,843,959
"TAB2",1904,1803,2446,2467
"TAB3",419,433,809,537
"TAC1",1,0,0,0
"TAC3",1326,1221,47,47
"TAC4",5,6,1,3
"TACC1",625,648,1012,1067
"TACC2",578,550,493,511
"TACC3",3449,3484,2868,3124
"TACO1",1109,969,702,720
"TACR1",5,8,0,2
"TACR2",2,0,1,3
"TACR3",0,0,0,0
"TACSTD2",0,3,0,0
"TADA1",650,591,377,381
"TADA2A",123,143,109,140
"TADA2B",653,545,638,657
"TADA3",1934,1629,1793,2268
"TAF1",984,1046,654,762
"TAF10",2205,2148,2045,2017
"TAF11",1292,1197,1144,1355
"TAF12",1251,1094,882,968
"TAF13",364,266,192,276
"TAF15",5287,4404,3769,5677
"TAF1A",346,346,104,135
"TAF1A-AS1",12,17,31,20
"TAF1B",365,313,203,194
"TAF1C",1515,1971,1607,1595
"TAF1D",930,1047,605,738
"TAF1L",87,112,59,63
"TAF2",1312,1328,706,748
"TAF3",603,558,335,383
"TAF4",602,656,561,459
"TAF4B",566,595,240,270
"TAF5",680,701,468,416
"TAF5L",976,937,654,731
"TAF6",2747,2708,2164,2384
"TAF6L",459,512,281,307
"TAF7",4300,4059,3544,4421
"TAF7L",31,30,18,19
"TAF8",531,518,268,373
"TAF9",3226,2966,2024,2324
"TAF9B",532,505,432,389
"TAGAP",5,3,2,3
"TAGLN",8127,6867,11356,14618
"TAGLN2",782,567,2492,2590
"TAGLN3",1,0,1,0
"TAL1",17,6,5,8
"TAL2",2,3,2,0
"TALDO1",1932,1607,2051,1959
"TAMM41",739,626,412,516
"TANC1",292,276,857,565
"TANC2",342,282,655,595
"TANGO2",210,199,303,358
"TANGO6",655,608,499,587
"TANK",288,251,360,367
"TAOK1",2016,2000,1691,1332
"TAOK2",1632,1741,1481,1563
"TAOK3",134,168,226,247
"TAP1",2144,1689,1722,1833
"TAP2",1432,1358,1533,1709
"TAPBP",1862,1824,2214,2216
"TAPBPL",23,42,65,51
"TAPT1",265,280,269,248
"TAPT1-AS1",461,375,366,287
"TARBP1",1479,1532,827,795
"TARBP2",1154,1013,933,956
"TARDBP",6324,6541,5297,5547
"TARID",0,0,0,0
"TARM1",0,0,0,0
"TARP",0,0,1,0
"TARS",3555,3182,2952,3409
"TARS2",1264,1085,747,851
"TARSL2",330,290,406,528
"TAS1R1",4,9,7,6
"TAS1R2",0,1,0,2
"TAS1R3",5,4,4,7
"TAS2R1",0,0,0,0
"TAS2R10",1,0,2,1
"TAS2R13",1,1,1,1
"TAS2R14",17,25,24,23
"TAS2R16",0,0,0,0
"TAS2R19",7,17,10,3
"TAS2R20",59,43,42,31
"TAS2R3",0,0,0,0
"TAS2R30",0,1,0,3
"TAS2R31",5,6,2,2
"TAS2R38",0,0,0,0
"TAS2R39",0,0,0,0
"TAS2R4",3,5,0,3
"TAS2R40",0,0,0,0
"TAS2R41",0,0,0,0
"TAS2R42",0,0,0,0
"TAS2R43",2,0,0,2
"TAS2R46",0,2,3,2
"TAS2R5",8,11,2,9
"TAS2R50",1,0,0,0
"TAS2R60",0,0,0,0
"TAS2R7",0,0,0,0
"TAS2R8",0,0,0,0
"TAS2R9",0,0,0,0
"TASP1",149,141,150,127
"TAT",8,2,1,1
"TAT-AS1",13,8,4,2
"TATDN1",684,608,279,349
"TATDN2",1507,1468,1127,1182
"TATDN3",274,258,129,117
"TAX1BP1",1561,1506,2054,1965
"TAX1BP3",3753,3010,3719,3760
"TAZ",386,427,466,523
"TBATA",0,0,2,1
"TBC1D1",974,959,1305,1481
"TBC1D10A",463,416,543,567
"TBC1D10B",1619,1483,1454,1408
"TBC1D10C",6,10,23,23
"TBC1D12",210,191,274,241
"TBC1D13",787,799,695,738
"TBC1D14",1701,1753,1172,1394
"TBC1D15",805,743,517,608
"TBC1D16",1112,1124,1010,1077
"TBC1D17",685,714,589,621
"TBC1D19",63,67,59,49
"TBC1D2",591,570,570,516
"TBC1D20",949,945,1071,1107
"TBC1D21",0,0,0,0
"TBC1D22A",513,485,510,577
"TBC1D22A-AS1",4,3,4,4
"TBC1D22B",724,630,564,710
"TBC1D23",466,476,640,517
"TBC1D24",484,450,417,372
"TBC1D25",333,301,269,301
"TBC1D26",5,1,8,8
"TBC1D28",0,1,14,4
"TBC1D29",1,1,0,0
"TBC1D2B",705,683,926,835
"TBC1D3",369,582,537,648
"TBC1D30",121,150,98,144
"TBC1D31",226,224,155,224
"TBC1D32",202,221,146,127
"TBC1D3B",360,486,500,571
"TBC1D3C",370,582,540,648
"TBC1D3F",1384,1890,1921,2254
"TBC1D3H",1375,1879,1907,2239
"TBC1D3K",369,581,536,648
"TBC1D3L",369,581,537,648
"TBC1D3P1-DHX40P1",223,222,156,190
"TBC1D3P2",99,138,115,153
"TBC1D3P5",0,1,0,0
"TBC1D4",39,48,42,43
"TBC1D5",1128,1116,664,630
"TBC1D7",445,370,309,346
"TBC1D8",130,147,220,226
"TBC1D8B",1,4,0,0
"TBC1D9",353,324,644,515
"TBC1D9B",2635,2836,2363,2354
"TBCA",5059,4856,3044,4002
"TBCB",2077,1909,1979,2049
"TBCC",1117,990,580,646
"TBCCD1",410,352,217,187
"TBCD",1472,1451,1381,1427
"TBCE",816,733,444,579
"TBCEL",434,442,377,318
"TBCK",297,319,360,412
"TBK1",697,765,392,490
"TBKBP1",2185,2110,1177,1196
"TBL1X",587,555,1196,1196
"TBL1XR1",1801,1767,2059,1354
"TBL1Y",5,1,0,1
"TBL2",1514,1334,1011,1166
"TBL3",1025,1111,673,643
"TBP",554,499,312,271
"TBPL1",647,602,595,613
"TBPL2",0,0,2,2
"TBR1",0,1,0,0
"TBRG1",597,670,670,595
"TBRG4",4058,3746,2119,2327
"TBX1",1687,1708,1273,1199
"TBX10",0,2,0,0
"TBX15",668,630,366,375
"TBX18",0,0,0,0
"TBX19",24,12,48,39
"TBX2",1287,1336,431,421
"TBX2-AS1",113,123,38,60
"TBX20",1,0,0,0
"TBX21",1,3,0,0
"TBX22",0,0,0,0
"TBX3",4,7,3,1
"TBX4",12,11,7,1
"TBX5",0,0,0,0
"TBX5-AS1",0,0,0,0
"TBX6",1,3,0,0
"TBXA2R",157,143,130,156
"TBXAS1",0,0,0,0
"TC2N",4,7,6,7
"TCAF1",1811,1885,1669,2594
"TCAF2",4,4,13,7
"TCAF2P1",1,3,5,4
"TCAIM",660,654,772,774
"TCAM1P",0,0,1,2
"TCAP",22,15,17,17
"TCEA1",4086,3627,2600,2022
"TCEA2",286,259,246,411
"TCEA3",12,32,21,24
"TCEAL1",113,101,113,109
"TCEAL2",0,1,1,1
"TCEAL3",71,80,165,243
"TCEAL4",2186,2077,1597,2633
"TCEAL5",1,4,13,9
"TCEAL6",18,21,29,41
"TCEAL7",14,5,15,11
"TCEAL8",1963,1855,1695,1605
"TCEANC",25,38,12,15
"TCEANC2",417,397,216,296
"TCEB1",2486,2261,1713,1792
"TCEB2",8322,7066,9248,9770
"TCEB3",3801,3817,2160,2384
"TCEB3-AS1",395,367,263,324
"TCEB3B",1,2,1,0
"TCEB3C",4,2,2,4
"TCEB3CL",6,3,3,6
"TCEB3CL2",4,2,2,4
"TCERG1",2383,2619,1550,1863
"TCERG1L",2,0,2,0
"TCERG1L-AS1",0,0,5,1
"TCF12",1499,1425,1336,1414
"TCF15",12,13,8,10
"TCF19",437,449,366,398
"TCF20",1806,1660,955,1074
"TCF21",0,0,0,0
"TCF23",0,0,1,0
"TCF24",18,16,27,12
"TCF25",1804,1756,1694,2141
"TCF3",5326,5129,3091,3253
"TCF4",3,6,5,2
"TCF7",339,360,416,470
"TCF7L1",853,804,1099,1183
"TCF7L2",366,374,714,598
"TCFL5",711,652,480,498
"TCHH",36,43,6,6
"TCHHL1",0,0,0,0
"TCHP",338,374,260,336
"TCIRG1",56,66,103,86
"TCL1A",1,0,0,0
"TCL1B",0,0,0,0
"TCL6",0,0,0,0
"TCN1",0,0,3,4
"TCN2",331,269,282,302
"TCOF1",8417,8110,3462,4079
"TCONS_00029157",0,2,2,1
"TCP1",11947,11039,5573,6340
"TCP10",0,0,0,0
"TCP10L",7,12,6,9
"TCP10L2",0,0,0,0
"TCP11",5,3,8,5
"TCP11L1",209,172,584,420
"TCP11L2",20,13,40,18
"TCP11X2",0,0,0,0
"TCTA",752,593,741,721
"TCTE1",9,15,9,8
"TCTE3",7,14,6,1
"TCTEX1D1",0,0,0,0
"TCTEX1D2",564,505,471,431
"TCTEX1D4",128,112,45,36
"TCTN1",235,202,261,308
"TCTN2",210,228,235,255
"TCTN3",1817,1664,1616,1710
"TDG",861,888,763,844
"TDGF1",0,0,1,2
"TDGF1P3",0,0,0,1
"TDH",0,0,3,3
"TDO2",711,617,754,477
"TDP1",788,756,449,491
"TDP2",1833,1800,1360,1411
"TDRD1",0,0,0,0
"TDRD10",9,1,16,33
"TDRD12",2,2,1,0
"TDRD15",0,0,0,0
"TDRD3",324,310,173,219
"TDRD5",2,1,0,0
"TDRD6",0,0,0,0
"TDRD7",38,24,243,259
"TDRD9",7,6,1,1
"TDRG1",0,0,0,0
"TDRKH",408,422,354,334
"TDRP",1355,1253,1096,821
"TEAD1",1924,1915,2661,2030
"TEAD2",1319,1225,709,856
"TEAD3",1364,1354,2117,2019
"TEAD4",874,754,535,605
"TEC",3,3,6,6
"TECPR1",328,309,351,305
"TECPR2",539,499,645,679
"TECR",1591,1458,1192,1179
"TECRL",0,0,0,0
"TECTA",17,14,22,16
"TECTB",2,6,5,3
"TEDDM1",0,0,0,0
"TEF",490,406,204,214
"TEFM",423,424,363,353
"TEK",0,0,1,1
"TEKT1",0,0,0,0
"TEKT2",4,4,3,3
"TEKT3",4,1,3,6
"TEKT4",7,6,3,9
"TEKT4P2",246,247,203,167
"TEKT5",1,2,0,4
"TELO2",1282,1499,1143,1095
"TEN1",154,155,184,170
"TEN1-CDK3",221,226,260,243
"TENM1",1,0,0,0
"TENM2",57,61,192,140
"TENM3",2,0,3,4
"TENM4",285,261,1240,1010
"TEP1",414,459,635,632
"TEPP",3,2,0,2
"TERC",6,4,8,2
"TERF1",913,813,1571,1932
"TERF2",995,1007,666,772
"TERF2IP",2721,2429,1881,2240
"TERT",135,133,10,13
"TES",1,0,1,0
"TESC",291,247,204,187
"TESC-AS1",0,0,0,0
"TESK1",844,748,596,644
"TESK2",251,251,233,258
"TESPA1",0,1,0,0
"TET1",180,185,184,113
"TET2",259,300,275,214
"TET2-AS1",0,1,2,0
"TET3",564,605,393,446
"TEX10",9928,9028,4736,5291
"TEX101",6,10,4,0
"TEX11",4,5,1,0
"TEX12",2,4,2,1
"TEX13A",0,0,0,0
"TEX13B",0,0,1,1
"TEX14",61,97,37,34
"TEX15",72,72,36,31
"TEX19",48,35,16,17
"TEX2",481,440,733,798
"TEX21P",3,4,4,7
"TEX22",138,168,76,82
"TEX26",0,0,0,0
"TEX26-AS1",0,0,3,4
"TEX261",2339,2064,1830,1916
"TEX264",643,620,514,546
"TEX28",2,2,0,1
"TEX29",2,7,4,6
"TEX30",553,548,518,454
"TEX33",0,0,0,0
"TEX35",0,0,0,0
"TEX36",0,0,0,2
"TEX36-AS1",0,1,0,0
"TEX37",2,5,24,7
"TEX38",3,4,4,1
"TEX40",6,9,2,1
"TEX41",0,0,0,0
"TEX43",0,0,0,0
"TEX9",74,61,99,89
"TF",2,2,5,4
"TFAM",1816,1727,896,749
"TFAMP1",3,7,3,3
"TFAP2A",725,733,635,593
"TFAP2A-AS1",35,45,31,27
"TFAP2B",1,0,0,0
"TFAP2C",24,15,7,6
"TFAP2D",0,0,0,0
"TFAP2E",13,6,14,17
"TFAP4",477,440,212,217
"TFB1M",446,428,412,373
"TFB2M",955,853,364,437
"TFCP2",1362,1312,949,1120
"TFCP2L1",63,51,34,28
"TFDP1",2957,2836,1873,1550
"TFDP2",1439,1417,1369,1725
"TFDP3",25,23,2,4
"TFE3",1958,1673,2029,2306
"TFEB",254,248,310,307
"TFEC",4,7,0,1
"TFF1",0,0,0,1
"TFF2",0,0,0,0
"TFF3",0,0,0,0
"TFG",3262,3007,3179,2815
"TFIP11",2105,2057,1031,1198
"TFPI",5958,5452,2976,2677
"TFPI2",33,29,70,25
"TFPT",1358,1225,803,1002
"TFR2",105,117,37,35
"TFRC",5776,5345,2934,2403
"TG",9,8,5,5
"TGDS",586,537,345,399
"TGFA",0,0,5,6
"TGFA-IT1",0,0,0,0
"TGFB1",2684,2344,2513,2382
"TGFB1I1",1,2,3,0
"TGFB2",15,17,6,9
"TGFB2-AS1",0,0,0,0
"TGFB2-OT1",3,7,1,6
"TGFB3",25,30,37,39
"TGFBI",0,0,13,23
"TGFBR1",601,616,995,854
"TGFBR2",2,5,8,2
"TGFBR3",1341,1326,976,715
"TGFBR3L",22,14,11,18
"TGFBRAP1",1197,1133,921,875
"TGIF1",4561,4169,4104,4128
"TGIF2",913,841,485,603
"TGIF2-C20orf24",1920,1772,1687,1628
"TGIF2LX",0,0,0,0
"TGIF2LY",0,0,0,0
"TGM1",42,50,274,338
"TGM2",2143,1711,6049,4793
"TGM3",0,0,52,40
"TGM4",0,1,4,2
"TGM5",3,0,4,5
"TGM6",0,0,3,1
"TGM7",0,0,1,0
"TGOLN2",2180,2274,2273,2236
"TGS1",1674,1779,869,1069
"TH",4,2,21,14
"TH2LCRR",129,158,127,129
"THADA",3197,2925,1942,1499
"THAP1",366,286,178,111
"THAP10",82,76,81,68
"THAP11",1140,1086,517,551
"THAP2",92,87,56,56
"THAP3",2941,2937,1765,2014
"THAP4",3370,3135,1713,1773
"THAP5",476,424,280,168
"THAP6",247,247,171,189
"THAP7",811,809,494,527
"THAP7-AS1",210,174,128,122
"THAP8",160,139,118,111
"THAP9",116,129,130,99
"THAP9-AS1",1249,1373,879,1109
"THBD",1,0,0,0
"THBS1",34,33,108,128
"THBS2",28,26,11,9
"THBS3",2835,2912,4473,5116
"THBS4",25,35,32,29
"THCAT155",0,0,0,0
"THCAT158",0,1,1,3
"THEG",0,5,0,0
"THEG5",0,0,0,0
"THEGL",0,0,0,0
"THEM4",0,0,0,1
"THEM5",0,0,2,1
"THEM6",118,101,164,160
"THEMIS",0,0,1,1
"THEMIS2",29,12,23,12
"THG1L",522,428,262,451
"THNSL1",327,292,184,219
"THNSL2",0,0,0,0
"THOC1",1072,1137,983,1242
"THOC2",1894,2042,1404,1664
"THOC3",3094,2821,1606,1903
"THOC5",2850,2430,1491,1356
"THOC6",532,515,355,512
"THOC7",1445,1227,1233,1568
"THOC7-AS1",1,3,0,0
"THOP1",3349,3332,1729,1569
"THPO",8,4,25,20
"THRA",151,112,147,170
"THRA1/BTR",0,0,0,0
"THRAP3",3977,3831,2930,3549
"THRB",4,1,10,5
"THRB-AS1",0,0,0,0
"THRIL",197,175,100,90
"THRSP",28,30,19,25
"THSD1",79,83,298,290
"THSD4",91,79,735,516
"THSD4-AS1",0,0,0,0
"THSD4-AS2",1,0,0,0
"THSD7A",9,7,5,0
"THSD7B",1,0,0,0
"THTPA",249,242,172,169
"THUMPD1",1512,1523,982,1094
"THUMPD2",539,578,333,436
"THUMPD3",611,648,428,485
"THUMPD3-AS1",202,233,229,165
"THY1",831,775,1912,1621
"THYN1",1197,1117,1110,1497
"TIA1",1445,1527,1249,1094
"TIAF1",724,773,945,1022
"TIAL1",3158,3058,2207,2281
"TIAM1",11,9,6,9
"TIAM2",40,59,123,148
"TICAM1",1,0,1,1
"TICAM2",207,181,238,181
"TICRR",697,773,444,410
"TIE1",13,4,95,47
"TIFA",22,21,79,58
"TIFAB",32,13,5,6
"TIGAR",1792,1589,1277,1365
"TIGD1",292,300,173,207
"TIGD2",900,827,833,873
"TIGD3",34,40,22,18
"TIGD4",35,33,23,23
"TIGD5",653,531,398,397
"TIGD6",140,143,135,133
"TIGD7",389,464,206,255
"TIGIT",0,1,0,0
"TIMD4",0,1,3,2
"TIMELESS",2046,2106,1300,1600
"TIMM10",1074,918,487,541
"TIMM10B",1934,1647,873,993
"TIMM13",3499,3192,2280,2263
"TIMM17A",2817,2565,1965,1816
"TIMM17B",1550,1237,1136,1310
"TIMM21",1285,1295,688,762
"TIMM22",1596,1527,947,989
"TIMM23",3584,3271,2596,3010
"TIMM23B",950,912,638,686
"TIMM44",2483,2107,1434,1562
"TIMM50",2381,2146,1120,1129
"TIMM8A",611,589,251,237
"TIMM8B",2190,1993,1436,1690
"TIMM9",1107,927,655,823
"TIMMDC1",1521,1416,1137,1238
"TIMP1",5005,4433,2028,1887
"TIMP2",2210,1942,4511,4876
"TIMP3",5,8,11,5
"TIMP4",0,0,0,0
"TINAG",0,0,0,0
"TINAGL1",136,94,1955,1899
"TINCR",29,31,10,5
"TINF2",830,738,684,849
"TIPARP",335,273,1504,1583
"TIPARP-AS1",7,11,17,17
"TIPIN",805,735,351,433
"TIPRL",1050,946,833,756
"TIRAP",98,67,92,140
"TISP43",0,0,0,0
"TJAP1",715,729,632,738
"TJP1",2107,2057,2346,2001
"TJP2",53,70,539,411
"TJP3",46,70,94,113
"TK1",1830,1691,1325,1384
"TK2",441,490,361,366
"TKFC",396,354,334,297
"TKT",13575,12584,11927,11898
"TKTL1",9,10,2,1
"TKTL2",0,0,0,0
"TLCD1",416,350,208,249
"TLCD2",177,105,153,231
"TLDC1",881,770,1452,1267
"TLDC2",61,86,91,103
"TLE1",655,672,899,882
"TLE2",431,417,416,520
"TLE3",1447,1404,1488,1566
"TLE4",664,642,563,434
"TLE6",90,73,47,53
"TLK1",1299,1144,1103,913
"TLK2",1527,1346,1152,1325
"TLL1",2,2,0,2
"TLL2",156,134,125,146
"TLN1",4996,4877,5762,5689
"TLN2",336,334,1155,1386
"TLR1",0,1,0,0
"TLR10",0,0,1,0
"TLR2",0,0,0,0
"TLR3",6,1,21,7
"TLR4",0,0,53,21
"TLR5",10,7,2,1
"TLR6",5,4,4,3
"TLR7",6,4,12,3
"TLR8",0,1,1,0
"TLR8-AS1",32,33,13,19
"TLR9",4,5,1,0
"TLX1",0,0,4,9
"TLX1NB",0,0,2,3
"TLX2",11,11,1,0
"TLX3",0,1,2,1
"TM2D1",326,260,252,264
"TM2D2",1507,1231,1564,1648
"TM2D3",699,695,446,405
"TM4SF1",49048,43564,11273,12844
"TM4SF1-AS1",91,75,18,13
"TM4SF18",830,718,1600,1354
"TM4SF19",11,8,24,21
"TM4SF19-AS1",15,12,22,14
"TM4SF19-TCTEX1D2",152,115,130,106
"TM4SF20",0,1,2,2
"TM4SF4",7,5,29,7
"TM4SF5",0,1,0,1
"TM6SF1",26,39,28,31
"TM6SF2",17,16,37,50
"TM7SF2",278,233,650,614
"TM7SF3",3889,3552,3630,3336
"TM9SF1",908,881,783,871
"TM9SF2",1899,1796,2037,1642
"TM9SF3",7205,6882,5209,4237
"TM9SF4",1912,1929,1744,1836
"TMA16",1103,1000,528,424
"TMA7",3451,3274,2424,2580
"TMBIM1",2258,1779,2522,2772
"TMBIM4",374,314,361,349
"TMBIM6",9492,8651,9537,10255
"TMC1",0,0,1,0
"TMC2",1,3,1,1
"TMC3",0,0,0,1
"TMC3-AS1",0,0,0,0
"TMC4",24,19,19,30
"TMC5",2,2,2,8
"TMC6",820,841,1577,1366
"TMC7",102,96,159,134
"TMC8",23,15,45,31
"TMCC1",555,522,587,667
"TMCC1-AS1",206,203,90,105
"TMCC2",286,280,322,297
"TMCC3",153,155,680,668
"TMCO1",2749,2571,3243,3341
"TMCO2",3,1,0,0
"TMCO3",1266,990,1652,1706
"TMCO4",1041,943,400,414
"TMCO5A",0,0,0,0
"TMCO5B",0,0,0,1
"TMCO6",335,348,209,216
"TMED1",912,784,809,805
"TMED10",5989,5457,5867,5845
"TMED10P1",119,118,161,112
"TMED11P",1,5,0,0
"TMED2",4680,3947,3267,2856
"TMED3",2013,1709,1196,1273
"TMED4",2464,2088,1819,1728
"TMED5",1281,1195,1194,674
"TMED6",19,22,12,20
"TMED7",1334,1254,1252,533
"TMED7-TICAM2",424,379,430,300
"TMED8",22,24,16,8
"TMED9",4781,4641,5662,6481
"TMEFF1",2348,2080,814,617
"TMEFF2",1,2,0,0
"TMEM100",10,10,3,3
"TMEM101",515,429,468,477
"TMEM102",171,146,165,159
"TMEM104",660,693,598,718
"TMEM105",7,7,14,16
"TMEM106A",1,4,4,2
"TMEM106B",494,392,393,202
"TMEM106C",1542,1298,2280,3044
"TMEM107",484,443,281,227
"TMEM108",5,11,5,3
"TMEM108-AS1",0,0,0,0
"TMEM109",1399,1371,665,672
"TMEM11",1391,1189,824,1014
"TMEM110",475,460,362,354
"TMEM110-MUSTN1",150,136,114,76
"TMEM114",0,0,0,0
"TMEM115",1599,1435,1338,1382
"TMEM116",132,83,89,103
"TMEM117",48,47,68,71
"TMEM119",5,3,20,38
"TMEM120A",549,513,578,521
"TMEM120B",3548,3567,2953,3438
"TMEM121",392,375,199,214
"TMEM123",3711,3525,3473,2940
"TMEM125",1,0,5,3
"TMEM126A",315,296,147,192
"TMEM126B",1087,968,632,596
"TMEM127",1050,984,1326,1336
"TMEM128",643,527,481,415
"TMEM129",1432,1281,1669,1468
"TMEM130",101,69,624,691
"TMEM131",2090,1951,1763,1621
"TMEM132A",1072,1066,2060,1665
"TMEM132B",354,340,501,640
"TMEM132C",0,0,0,0
"TMEM132D",0,0,0,0
"TMEM132E",0,0,6,16
"TMEM133",0,0,0,1
"TMEM134",553,446,483,539
"TMEM135",841,801,719,594
"TMEM136",542,576,587,579
"TMEM138",869,854,534,615
"TMEM139",3,7,37,40
"TMEM140",469,457,298,356
"TMEM141",1119,1054,668,627
"TMEM143",172,171,149,155
"TMEM144",430,569,446,401
"TMEM145",101,100,15,18
"TMEM147",2393,2161,1342,1502
"TMEM147-AS1",848,902,607,617
"TMEM14A",158,176,171,153
"TMEM14B",1799,1458,1215,1202
"TMEM14C",3642,2904,2478,2286
"TMEM14E",0,0,0,0
"TMEM150A",412,382,389,448
"TMEM150B",6,3,3,6
"TMEM150C",30,27,48,66
"TMEM151A",32,32,53,56
"TMEM151B",999,990,177,168
"TMEM154",0,0,5,1
"TMEM155",0,1,0,1
"TMEM156",225,226,183,51
"TMEM158",53,64,44,57
"TMEM159",38,49,93,73
"TMEM160",1731,1527,1432,1434
"TMEM161A",1363,1465,745,714
"TMEM161B",345,388,297,212
"TMEM161B-AS1",83,94,55,66
"TMEM163",0,0,0,0
"TMEM164",325,309,1007,1024
"TMEM165",1035,926,1095,614
"TMEM167A",5274,4933,4024,3493
"TMEM167B",522,494,508,412
"TMEM168",434,495,383,305
"TMEM169",5,1,3,3
"TMEM17",49,33,36,42
"TMEM170A",1111,1047,635,567
"TMEM170B",302,310,343,286
"TMEM171",1,2,7,5
"TMEM173",165,143,561,400
"TMEM174",0,0,1,0
"TMEM175",288,381,339,313
"TMEM176A",1,2,3,1
"TMEM176B",72,65,37,38
"TMEM177",1188,1134,601,648
"TMEM178A",273,259,1109,1305
"TMEM178B",9,2,34,25
"TMEM179",0,5,2,2
"TMEM179B",816,686,829,772
"TMEM18",605,499,385,456
"TMEM180",170,131,95,136
"TMEM181",1560,1715,1078,962
"TMEM182",71,65,54,48
"TMEM183A",2696,2318,1598,1829
"TMEM183B",2631,2261,1560,1756
"TMEM184A",173,227,261,294
"TMEM184B",1499,1417,2188,2304
"TMEM184C",528,498,451,470
"TMEM185A",311,305,408,392
"TMEM185B",1631,1464,1126,1192
"TMEM186",477,448,233,321
"TMEM187",53,30,59,59
"TMEM189",2406,2071,1365,1489
"TMEM189-UBE2V1",6891,6534,6162,6886
"TMEM19",248,214,261,272
"TMEM190",51,38,118,120
"TMEM191A",51,45,40,25
"TMEM191B",59,69,78,44
"TMEM191C",59,63,69,43
"TMEM192",584,579,331,406
"TMEM196",0,0,0,0
"TMEM198",298,325,219,263
"TMEM198B",277,310,633,737
"TMEM199",1011,896,658,849
"TMEM2",25,34,382,334
"TMEM200A",0,2,9,2
"TMEM200B",778,841,771,778
"TMEM200C",0,1,0,0
"TMEM201",1941,1834,971,1057
"TMEM202",0,0,0,0
"TMEM203",1299,1144,988,1009
"TMEM204",4,2,5,2
"TMEM205",3018,2732,2151,2374
"TMEM206",793,700,465,497
"TMEM207",0,0,0,0
"TMEM208",828,705,616,657
"TMEM209",660,606,308,167
"TMEM210",0,0,0,0
"TMEM211",0,0,0,0
"TMEM212",1,2,0,1
"TMEM212-AS1",0,0,0,0
"TMEM213",0,0,0,0
"TMEM214",1248,1268,1352,1385
"TMEM215",0,0,0,0
"TMEM216",9,23,12,18
"TMEM217",134,107,120,131
"TMEM218",520,464,183,234
"TMEM219",1004,892,960,1007
"TMEM220",238,200,164,194
"TMEM220-AS1",47,41,31,47
"TMEM221",81,59,49,112
"TMEM222",911,827,713,760
"TMEM223",534,449,336,345
"TMEM225",0,0,0,0
"TMEM229A",0,0,0,0
"TMEM229B",22,20,344,298
"TMEM230",2927,2549,2611,2352
"TMEM231",758,685,406,354
"TMEM232",7,7,7,17
"TMEM233",0,0,0,0
"TMEM234",327,336,337,303
"TMEM235",0,1,0,0
"TMEM236",10,31,53,10
"TMEM237",1778,1644,1374,1644
"TMEM238",0,1,2,1
"TMEM239",3,2,4,1
"TMEM240",5,4,10,7
"TMEM241",275,243,181,216
"TMEM242",474,467,524,620
"TMEM243",874,811,570,508
"TMEM244",2,1,0,0
"TMEM245",983,953,1047,796
"TMEM246",478,453,496,580
"TMEM246-AS1",4,8,2,8
"TMEM247",0,0,0,0
"TMEM248",2250,2075,2140,2385
"TMEM249",175,170,116,103
"TMEM25",156,182,276,315
"TMEM251",607,528,331,365
"TMEM252",0,0,0,0
"TMEM253",45,29,21,22
"TMEM254",516,407,326,391
"TMEM254-AS1",51,46,26,41
"TMEM255A",1,1,0,2
"TMEM255B",10,8,22,17
"TMEM256",1529,1265,1237,1333
"TMEM256-PLSCR3",943,894,971,954
"TMEM257",0,0,0,0
"TMEM258",1746,1553,1008,1339
"TMEM259",6854,7447,5487,5319
"TMEM26",89,81,62,58
"TMEM26-AS1",6,2,4,5
"TMEM260",444,396,444,494
"TMEM261",1130,945,1268,1287
"TMEM262",20,23,20,19
"TMEM263",928,906,1034,686
"TMEM265",198,200,188,241
"TMEM27",15,15,63,31
"TMEM30A",2292,2176,2917,1766
"TMEM30B",0,1,0,0
"TMEM30C",1,0,0,0
"TMEM31",2,1,1,1
"TMEM33",1965,1953,1091,1036
"TMEM35",47,28,93,54
"TMEM37",183,146,369,388
"TMEM38A",13,13,5,7
"TMEM38B",348,303,241,131
"TMEM39A",726,697,571,671
"TMEM39B",557,541,343,396
"TMEM40",26,16,37,22
"TMEM41A",795,679,543,571
"TMEM41B",2064,2060,1280,862
"TMEM42",415,331,255,243
"TMEM43",2357,2073,2312,2097
"TMEM44",250,275,250,252
"TMEM44-AS1",71,59,47,69
"TMEM45A",76,74,147,127
"TMEM45B",26,25,8,18
"TMEM47",1,1,0,0
"TMEM5",439,411,272,341
"TMEM5-AS1",51,48,28,42
"TMEM50A",1603,1515,1498,1585
"TMEM50B",690,665,896,901
"TMEM51",953,866,595,687
"TMEM51-AS1",63,76,31,44
"TMEM52",170,169,50,85
"TMEM52B",5,2,137,95
"TMEM53",255,244,250,261
"TMEM54",480,409,645,620
"TMEM55A",276,244,175,137
"TMEM55B",865,816,610,618
"TMEM56",52,43,186,133
"TMEM56-RWDD3",149,109,151,186
"TMEM57",1902,1797,791,800
"TMEM59",1983,1581,2575,2486
"TMEM59L",299,314,1981,1868
"TMEM60",477,425,542,547
"TMEM61",1,2,0,0
"TMEM62",100,89,206,234
"TMEM63A",274,258,478,458
"TMEM63B",617,586,789,800
"TMEM63C",139,126,186,210
"TMEM64",60,52,108,81
"TMEM65",12,13,9,7
"TMEM67",284,255,198,157
"TMEM68",677,616,480,506
"TMEM69",1516,1431,1126,1177
"TMEM70",1281,1185,862,859
"TMEM71",0,0,2,1
"TMEM72",0,0,0,3
"TMEM72-AS1",0,0,0,0
"TMEM74",4,3,2,1
"TMEM74B",54,90,136,120
"TMEM75",9,6,7,5
"TMEM79",201,181,77,84
"TMEM80",196,238,174,177
"TMEM81",103,79,79,99
"TMEM82",1,1,2,0
"TMEM86A",76,45,79,74
"TMEM86B",139,168,85,115
"TMEM87A",861,809,784,857
"TMEM87B",542,512,693,545
"TMEM88",28,18,35,56
"TMEM88B",17,26,12,13
"TMEM89",3,3,3,3
"TMEM8A",1602,1559,2130,2106
"TMEM8B",257,228,363,331
"TMEM8C",1,2,0,0
"TMEM9",3692,3344,4189,4986
"TMEM91",95,119,115,150
"TMEM92",23,23,129,100
"TMEM92-AS1",1,0,0,1
"TMEM95",0,0,0,1
"TMEM97",2797,2626,1668,1756
"TMEM98",40,30,66,82
"TMEM99",394,332,329,321
"TMEM9B",844,820,857,821
"TMEM9B-AS1",21,24,19,21
"TMF1",1137,1179,933,858
"TMIE",0,3,3,1
"TMIGD1",0,0,0,0
"TMIGD2",2,4,3,7
"TMIGD3",2,1,0,1
"TMLHE",340,299,265,246
"TMLHE-AS1",14,13,13,14
"TMOD1",239,243,399,373
"TMOD2",12,9,39,25
"TMOD3",900,855,1120,774
"TMOD4",10,3,7,6
"TMPO",4269,4201,2225,1707
"TMPO-AS1",463,420,250,212
"TMPPE",34,40,19,23
"TMPRSS11A",0,0,1,1
"TMPRSS11B",0,0,0,0
"TMPRSS11BNL",0,0,0,0
"TMPRSS11D",3,1,0,0
"TMPRSS11E",7,8,6,4
"TMPRSS11F",0,1,0,0
"TMPRSS11GP",0,0,0,0
"TMPRSS12",0,0,1,1
"TMPRSS13",0,0,0,0
"TMPRSS15",3,3,2,0
"TMPRSS2",0,0,0,0
"TMPRSS3",0,0,0,0
"TMPRSS4",0,0,0,1
"TMPRSS4-AS1",0,0,0,0
"TMPRSS5",15,32,18,23
"TMPRSS6",3,10,6,8
"TMPRSS7",1,1,2,0
"TMPRSS9",22,19,21,23
"TMSB10",13717,11724,41161,45282
"TMSB15A",25,23,50,54
"TMSB15B",0,0,9,4
"TMSB4X",39374,32786,35613,36587
"TMSB4Y",59,47,26,27
"TMTC1",1,0,19,7
"TMTC2",11,6,9,4
"TMTC3",470,492,519,340
"TMTC4",358,336,234,212
"TMUB1",1980,1953,1815,2080
"TMUB2",636,676,810,850
"TMX1",1205,1145,771,542
"TMX2",3126,2712,1778,1914
"TMX2-CTNND1",3653,3475,4061,4360
"TMX3",851,939,814,591
"TMX4",553,468,492,374
"TNC",0,1,3,2
"TNF",360,288,606,677
"TNFAIP1",2141,1999,2598,3152
"TNFAIP2",337,295,384,334
"TNFAIP3",30,38,90,57
"TNFAIP6",0,1,4,1
"TNFAIP8",677,645,595,601
"TNFAIP8L1",632,517,329,381
"TNFAIP8L2",0,1,3,0
"TNFAIP8L2-SCNM1",616,518,433,476
"TNFAIP8L3",0,1,37,38
"TNFRSF10A",0,0,0,1
"TNFRSF10B",7377,7302,6275,6112
"TNFRSF10C",28,26,40,35
"TNFRSF10D",5159,4413,3420,3337
"TNFRSF11A",20,13,48,37
"TNFRSF11B",0,0,0,0
"TNFRSF12A",2735,2243,2974,3389
"TNFRSF13B",0,0,0,0
"TNFRSF13C",8,4,5,7
"TNFRSF14",106,111,74,89
"TNFRSF17",1,0,2,0
"TNFRSF18",0,3,0,0
"TNFRSF19",2,0,9,10
"TNFRSF1A",2700,2281,1863,1874
"TNFRSF1B",1,3,1,0
"TNFRSF21",27,34,118,88
"TNFRSF25",208,238,287,272
"TNFRSF4",3,2,6,4
"TNFRSF6B",119,134,78,80
"TNFRSF8",13,9,7,3
"TNFRSF9",10,4,166,93
"TNFSF10",0,0,6,2
"TNFSF11",0,0,0,0
"TNFSF12",1,1,4,1
"TNFSF12-TNFSF13",28,36,26,35
"TNFSF13",59,71,42,59
"TNFSF13B",8,9,12,6
"TNFSF14",1,0,1,2
"TNFSF15",0,0,9,5
"TNFSF18",0,0,5,1
"TNFSF4",17,16,34,27
"TNFSF8",0,0,0,0
"TNFSF9",4226,3777,4602,4189
"TNIK",1,1,2,3
"TNIP1",1707,1397,2315,2324
"TNIP2",1185,1020,817,727
"TNIP3",0,1,0,0
"TNK1",14,16,27,26
"TNK2",1523,1724,1917,1805
"TNKS",1468,1423,1226,1350
"TNKS1BP1",2843,2551,3486,3752
"TNKS2",2722,2714,1433,910
"TNKS2-AS1",25,21,12,12
"TNMD",0,0,3,0
"TNN",0,0,0,1
"TNNC1",407,322,1932,2592
"TNNC2",80,70,170,99
"TNNI1",160,96,792,1091
"TNNI2",4,2,2,3
"TNNI3",153,140,52,43
"TNNI3K",3,3,2,1
"TNNT1",4710,3893,3181,3627
"TNNT2",147,122,470,579
"TNNT3",6,4,0,3
"TNP1",0,0,0,0
"TNP2",0,0,0,0
"TNPO1",4187,4023,3034,2080
"TNPO2",3418,3616,2194,2224
"TNPO3",3284,3156,2406,2818
"TNR",0,0,0,0
"TNRC18",3778,3619,2985,3015
"TNRC18P1",11,11,2,6
"TNRC6A",1708,2090,1479,1353
"TNRC6B",1423,1410,1152,1056
"TNRC6C",162,166,361,391
"TNRC6C-AS1",103,116,260,253
"TNS1",5,2,61,45
"TNS2",699,658,324,276
"TNS3",3270,3051,4088,4236
"TNS4",6,4,5,5
"TNXA",337,437,307,366
"TNXB",513,680,612,648
"TOB1",2461,2392,1599,1654
"TOB1-AS1",22,18,28,33
"TOB2",2434,2359,1804,2079
"TOB2P1",23,12,25,16
"TOE1",711,718,390,421
"TOLLIP",2088,1748,1544,1437
"TOLLIP-AS1",15,13,8,10
"TOM1",759,670,1026,1117
"TOM1L1",266,238,220,202
"TOM1L2",5484,5323,2595,2606
"TOMM20",6799,5891,4611,4486
"TOMM20L",35,27,26,16
"TOMM22",3123,2837,1670,1953
"TOMM34",2223,2063,2284,2760
"TOMM40",5650,5159,2733,2821
"TOMM40L",919,782,656,723
"TOMM5",4653,4193,2638,2971
"TOMM6",4102,3714,2112,2414
"TOMM7",2904,2500,1829,2381
"TOMM70A",2702,2867,1427,1606
"TONSL",1517,1695,1097,1105
"TONSL-AS1",69,66,46,68
"TOP1",2884,2788,1793,1882
"TOP1MT",1177,1173,598,801
"TOP1P1",479,459,308,242
"TOP1P2",67,55,45,124
"TOP2A",6625,6331,5871,5150
"TOP2B",3203,3167,3161,3768
"TOP3A",1281,1246,563,758
"TOP3B",913,974,917,984
"TOPAZ1",0,1,0,0
"TOPBP1",1861,2005,1576,1627
"TOPORS",967,976,539,741
"TOPORS-AS1",96,98,63,101
"TOR1A",1599,1476,1261,1319
"TOR1AIP1",925,825,720,649
"TOR1AIP2",1892,1834,1516,1580
"TOR1B",603,568,552,529
"TOR2A",446,443,559,589
"TOR3A",1540,1434,1110,1305
"TOR4A",1111,1097,660,624
"TOX",0,0,0,1
"TOX2",923,812,273,173
"TOX3",0,0,0,0
"TOX4",2908,2655,2142,2410
"TP53",2042,1837,1572,1691
"TP53AIP1",0,0,0,0
"TP53BP1",2814,2772,2453,2647
"TP53BP2",6331,5973,2219,2450
"TP53I11",16895,15039,8825,9067
"TP53I13",758,744,789,750
"TP53I3",1915,1861,1277,1531
"TP53INP1",2101,2206,2550,1904
"TP53INP2",595,531,1308,1302
"TP53RK",874,766,500,581
"TP53TG1",289,233,285,290
"TP53TG3",59,57,28,23
"TP53TG3B",59,57,28,23
"TP53TG3C",41,34,15,18
"TP53TG3D",94,100,43,29
"TP53TG5",19,8,11,10
"TP63",1,1,0,1
"TP73",208,177,195,207
"TP73-AS1",839,984,954,914
"TPBG",113,148,150,105
"TPBGL",36,23,25,19
"TPCN1",804,871,1057,1048
"TPCN2",272,282,248,268
"TPD52",190,204,215,195
"TPD52L1",114,83,891,1082
"TPD52L2",4803,4428,3801,3788
"TPD52L3",0,0,0,0
"TPGS1",650,586,497,568
"TPGS2",2793,2519,3515,3493
"TPH1",15,13,3,6
"TPH2",0,0,2,0
"TPI1",15424,13454,9258,10298
"TPI1P2",108,78,59,67
"TPI1P3",925,789,555,828
"TPK1",61,62,25,36
"TPM1",3957,3442,27391,28461
"TPM2",11941,10782,13089,14268
"TPM3",13704,12555,9947,10786
"TPM3P9",149,149,77,112
"TPM4",11733,10303,14271,16600
"TPMT",559,457,598,584
"TPO",0,2,0,0
"TPP1",2229,2169,2799,2661
"TPP2",1439,1546,1246,1159
"TPPP",174,168,360,453
"TPPP2",0,0,0,0
"TPPP3",171,159,279,301
"TPR",5769,6013,4336,5398
"TPRA1",759,672,1048,1008
"TPRG1",0,0,1,0
"TPRG1-AS1",0,0,1,0
"TPRG1-AS2",0,0,0,0
"TPRG1L",906,828,1039,1005
"TPRKB",762,741,481,467
"TPRN",461,462,364,396
"TPRX1",178,152,14,12
"TPRXL",0,1,1,0
"TPSAB1",1,0,0,0
"TPSB2",2,0,0,2
"TPSD1",0,0,1,0
"TPSG1",35,50,33,32
"TPST1",275,277,516,514
"TPST2",572,542,606,612
"TPT1",47561,37786,39539,49930
"TPT1-AS1",504,531,756,597
"TPTE",8,6,8,2
"TPTE2",3,3,3,1
"TPTE2P1",19,31,50,53
"TPTE2P3",3,3,6,5
"TPTE2P5",110,115,82,54
"TPTE2P6",17,15,11,19
"TPTEP1",1,1,1,1
"TPX2",3615,3399,3439,3847
"TRA2A",1888,1905,2155,2378
"TRA2B",7443,6653,4186,4554
"TRABD",2192,2257,1195,1161
"TRABD2A",339,287,1038,1101
"TRABD2B",1,1,22,16
"TRADD",79,85,102,112
"TRAF1",153,105,380,254
"TRAF2",604,609,631,632
"TRAF3",1398,1306,1265,1340
"TRAF3IP1",935,948,624,644
"TRAF3IP2",697,642,631,732
"TRAF3IP2-AS1",134,127,159,143
"TRAF3IP3",38,32,24,26
"TRAF4",2486,2354,1981,1931
"TRAF5",0,1,0,0
"TRAF6",317,326,292,335
"TRAF7",2147,2067,1633,1787
"TRAFD1",993,932,884,983
"TRAIP",591,579,347,355
"TRAK1",660,622,1064,1135
"TRAK2",1358,1318,1344,1175
"TRAM1",2373,2122,2261,1166
"TRAM1L1",32,24,36,32
"TRAM2",847,814,1856,1972
"TRAM2-AS1",139,138,161,191
"TRANK1",130,119,150,159
"TRAP1",6535,5888,3571,4079
"TRAPPC1",3209,2893,3744,3984
"TRAPPC10",851,998,840,790
"TRAPPC11",535,509,479,420
"TRAPPC12",1003,981,960,852
"TRAPPC13",617,572,433,418
"TRAPPC2",317,278,301,263
"TRAPPC2B",254,209,176,161
"TRAPPC2L",911,822,695,688
"TRAPPC3",2538,2270,1608,2004
"TRAPPC3L",0,0,1,0
"TRAPPC4",989,890,737,899
"TRAPPC5",2345,2239,1463,1348
"TRAPPC6A",574,453,572,655
"TRAPPC6B",2433,2258,1218,1217
"TRAPPC8",1425,1478,1212,1186
"TRAPPC9",396,329,410,506
"TRAT1",0,0,0,0
"TRDMT1",106,103,127,105
"TRDN",0,1,1,0
"TREH",0,0,6,2
"TREM1",0,0,0,0
"TREM2",0,0,57,28
"TREML1",0,0,10,5
"TREML2",1,0,1,0
"TREML3P",0,0,0,0
"TREML4",0,0,0,0
"TREML5P",0,0,0,0
"TRERF1",1048,1036,962,732
"TRERNA1",0,0,0,0
"TREX1",177,133,180,163
"TREX2",5,9,3,7
"TRG-AS1",2,4,4,8
"TRH",0,0,0,0
"TRHDE",3,1,3,1
"TRHDE-AS1",0,0,0,0
"TRHR",0,0,0,0
"TRIAP1",3075,2756,1638,2041
"TRIB1",622,536,781,806
"TRIB2",1120,1010,409,428
"TRIB3",1310,685,1101,528
"TRIL",0,0,0,0
"TRIM10",1,1,2,2
"TRIM11",1201,1131,944,1059
"TRIM13",737,677,486,507
"TRIM14",903,894,517,543
"TRIM15",2,1,1,3
"TRIM16",342,412,696,685
"TRIM16L",141,138,281,260
"TRIM17",3,5,11,2
"TRIM2",37,42,182,109
"TRIM21",381,329,465,543
"TRIM22",15,16,475,291
"TRIM23",378,354,265,145
"TRIM24",958,891,1257,1202
"TRIM25",752,696,858,812
"TRIM26",1152,1196,788,876
"TRIM27",4397,4095,2898,3107
"TRIM28",16240,15490,8880,9380
"TRIM29",1,2,27,14
"TRIM3",368,398,340,288
"TRIM31",1,0,3,2
"TRIM31-AS1",0,0,0,0
"TRIM32",1167,1164,917,864
"TRIM33",1011,1083,1020,696
"TRIM34",0,0,7,10
"TRIM35",739,841,502,421
"TRIM36",7,3,9,7
"TRIM37",1470,1603,1238,1197
"TRIM38",10,10,98,80
"TRIM39",781,793,539,620
"TRIM39-RPP21",736,684,452,478
"TRIM4",254,250,217,243
"TRIM40",2,2,4,3
"TRIM41",1337,1351,909,925
"TRIM42",0,0,0,0
"TRIM43",3387,3465,845,745
"TRIM43B",3787,3817,917,869
"TRIM44",2292,2184,1936,2276
"TRIM45",175,184,315,336
"TRIM46",9,14,10,2
"TRIM47",360,312,99,81
"TRIM48",552,526,50,48
"TRIM49",3324,3471,644,811
"TRIM49B",766,805,134,159
"TRIM49C",2784,2825,538,689
"TRIM49D1",3745,3487,370,450
"TRIM49D2",3883,3603,379,457
"TRIM5",365,383,415,334
"TRIM50",10,24,25,39
"TRIM51",71,89,4,6
"TRIM51HP",8,8,0,2
"TRIM52",305,366,300,250
"TRIM52-AS1",277,219,200,184
"TRIM53AP",1579,1527,200,181
"TRIM54",3,13,77,106
"TRIM55",9906,8963,4714,3035
"TRIM56",415,423,308,324
"TRIM58",0,1,0,0
"TRIM59",7,20,9,14
"TRIM6",3,2,5,5
"TRIM6-TRIM34",0,0,7,11
"TRIM60",2,2,3,1
"TRIM61",1,2,1,0
"TRIM62",176,191,456,493
"TRIM63",5,4,46,54
"TRIM64",2926,2752,347,255
"TRIM64B",4295,4027,495,377
"TRIM64C",400,372,46,28
"TRIM65",2686,2622,1379,1594
"TRIM66",206,269,183,205
"TRIM67",5,4,7,5
"TRIM68",347,375,250,226
"TRIM69",10,4,16,15
"TRIM7",54,62,20,33
"TRIM71",282,344,150,90
"TRIM72",1,1,1,1
"TRIM73",51,102,98,88
"TRIM74",49,101,98,88
"TRIM77",0,0,0,0
"TRIM8",1734,1447,1827,1807
"TRIM9",11,4,6,1
"TRIML1",0,0,0,0
"TRIML2",1,0,6,4
"TRIO",1203,1205,1645,1318
"TRIOBP",1413,1290,1610,1537
"TRIP10",1990,1889,1415,1549
"TRIP11",966,969,1086,1130
"TRIP12",5943,5949,4608,4600
"TRIP13",1260,1315,695,734
"TRIP4",530,441,466,475
"TRIP6",6092,5476,3785,4120
"TRIQK",229,171,245,182
"TRIT1",1410,1343,882,918
"TRMT1",5921,5987,2802,2771
"TRMT10A",212,195,128,177
"TRMT10B",151,145,112,114
"TRMT10C",2013,1907,1053,1113
"TRMT11",361,421,314,331
"TRMT112",3473,2975,2460,3012
"TRMT12",683,687,493,588
"TRMT13",295,369,213,219
"TRMT1L",1164,1117,672,623
"TRMT2A",827,868,701,609
"TRMT2B",274,251,269,299
"TRMT44",266,269,173,217
"TRMT5",1657,1422,1011,1060
"TRMT6",1193,1147,710,629
"TRMT61A",993,959,452,477
"TRMT61B",705,675,501,514
"TRMU",689,744,400,420
"TRNAU1AP",239,265,279,316
"TRNP1",955,703,608,605
"TRNT1",635,640,384,386
"TRO",203,195,295,322
"TROAP",1117,1205,1019,1033
"TROVE2",592,585,427,268
"TRPA1",0,0,0,0
"TRPC1",294,273,517,377
"TRPC2",0,1,9,2
"TRPC3",2,1,0,0
"TRPC4",0,0,0,0
"TRPC4AP",2527,2303,2132,2182
"TRPC5",0,0,0,0
"TRPC5OS",0,1,0,2
"TRPC6",5,1,6,11
"TRPC7",0,3,1,0
"TRPM1",1,3,11,13
"TRPM2",7,3,4,4
"TRPM2-AS",0,0,0,0
"TRPM3",0,0,2,2
"TRPM4",434,451,440,424
"TRPM5",1,1,2,1
"TRPM6",11,11,20,14
"TRPM7",1346,1447,1871,2223
"TRPM8",23,21,11,7
"TRPS1",796,844,959,908
"TRPT1",296,277,335,267
"TRPV1",339,403,260,300
"TRPV2",1556,1347,1272,913
"TRPV3",43,53,46,40
"TRPV4",1,3,2,2
"TRPV5",0,0,0,0
"TRPV6",2,0,0,0
"TRRAP",3221,3101,2335,2621
"TRUB1",691,613,517,269
"TRUB2",1672,1585,1100,1328
"TRY2P",0,0,0,0
"TSACC",40,26,21,23
"TSC1",1040,1106,1263,1475
"TSC2",1115,1193,1210,1369
"TSC22D1",2448,2422,3005,3155
"TSC22D1-AS1",30,50,40,42
"TSC22D2",592,636,1173,818
"TSC22D3",3,8,27,13
"TSC22D4",3349,3216,2352,2297
"TSEN15",1060,910,760,725
"TSEN2",441,489,197,217
"TSEN34",3304,2869,2058,1966
"TSEN54",679,683,485,550
"TSFM",1434,1328,845,924
"TSG1",0,1,0,0
"TSG101",1560,1377,1314,1723
"TSGA10",192,184,176,128
"TSGA10IP",9,3,1,2
"TSGA13",0,1,0,1
"TSHB",0,0,0,0
"TSHR",0,0,0,0
"TSHZ1",8,18,7,5
"TSHZ2",0,3,0,2
"TSHZ3",6,3,4,0
"TSIX",17,19,4,3
"TSKS",6,2,8,6
"TSKU",1317,1151,1151,1104
"TSL",2,4,1,0
"TSLP",0,0,0,0
"TSN",3268,2921,2183,2324
"TSNARE1",263,253,231,221
"TSNAX",1016,1009,621,415
"TSNAX-DISC1",219,235,214,235
"TSNAXIP1",42,44,38,51
"TSPAN1",79,61,60,44
"TSPAN10",2141,2050,1450,1764
"TSPAN11",3,1,1,0
"TSPAN12",1,1,4,2
"TSPAN13",4,9,20,13
"TSPAN14",598,569,1007,957
"TSPAN15",302,235,1167,1081
"TSPAN16",0,2,0,0
"TSPAN17",1594,1469,1473,1524
"TSPAN18",1417,1289,1742,1924
"TSPAN19",0,0,0,0
"TSPAN2",0,0,7,3
"TSPAN3",5232,4783,5904,5654
"TSPAN31",460,367,466,564
"TSPAN32",0,0,0,0
"TSPAN33",687,510,716,770
"TSPAN4",2169,2066,1266,1422
"TSPAN5",3,4,40,16
"TSPAN6",1663,1280,1557,1781
"TSPAN7",1,2,0,1
"TSPAN8",0,0,0,0
"TSPAN9",345,259,981,962
"TSPEAR",26,41,25,37
"TSPEAR-AS1",33,49,61,37
"TSPEAR-AS2",38,38,28,30
"TSPO",16,5,1,3
"TSPO2",2,0,0,0
"TSPY1",0,0,0,0
"TSPY10",0,0,0,0
"TSPY2",0,0,0,0
"TSPY26P",1,1,3,5
"TSPY3",0,0,0,0
"TSPY4",0,0,0,0
"TSPY8",0,0,0,0
"TSPYL1",3573,3199,2960,3075
"TSPYL2",2453,2480,1946,2324
"TSPYL4",1021,1071,987,862
"TSPYL5",0,0,0,0
"TSPYL6",0,0,0,0
"TSR1",5613,5388,2366,2701
"TSR2",1319,1148,880,1169
"TSR3",1701,1686,1238,1190
"TSSC1",1266,1155,885,855
"TSSC2",43,43,21,27
"TSSC4",900,804,718,787
"TSSK1B",0,2,3,3
"TSSK2",33,30,14,33
"TSSK3",103,168,200,178
"TSSK4",8,12,10,13
"TSSK6",64,57,25,27
"TST",597,521,604,647
"TSTA3",1706,1577,1281,1360
"TSTD1",0,0,1,0
"TSTD2",333,329,486,453
"TSTD3",51,57,82,92
"TTBK1",8,8,7,7
"TTBK2",63,61,77,46
"TTC1",2806,2625,1747,2071
"TTC12",332,272,304,312
"TTC13",359,399,311,392
"TTC14",633,829,827,735
"TTC16",16,22,24,23
"TTC17",828,807,832,981
"TTC19",1770,1470,1437,1585
"TTC21A",33,51,44,52
"TTC21B",281,217,252,236
"TTC21B-AS1",1,0,0,0
"TTC22",0,0,0,0
"TTC23",312,276,366,459
"TTC23L",1,1,0,1
"TTC24",2,3,1,2
"TTC25",30,20,13,12
"TTC26",381,378,221,221
"TTC27",382,332,212,260
"TTC28",1568,1545,1490,1551
"TTC28-AS1",293,316,271,253
"TTC29",0,1,1,0
"TTC3",3308,3559,3547,3899
"TTC30A",244,213,75,58
"TTC30B",132,102,82,85
"TTC31",403,417,491,511
"TTC32",170,175,107,94
"TTC33",324,332,262,237
"TTC34",2,4,3,0
"TTC36",7,9,7,12
"TTC37",1866,1770,1465,1399
"TTC38",564,601,492,577
"TTC39A",671,558,621,795
"TTC39A-AS1",4,2,1,4
"TTC39B",70,40,100,76
"TTC39C",117,90,275,273
"TTC39C-AS1",1,3,3,5
"TTC3P1",400,409,472,561
"TTC4",1403,1281,741,844
"TTC41P",14,18,9,11
"TTC5",387,359,219,203
"TTC7A",964,874,1296,1351
"TTC7B",653,676,775,799
"TTC8",343,326,229,252
"TTC9",18,20,77,79
"TTC9B",11,4,1,7
"TTC9C",573,452,367,408
"TTF1",801,789,327,429
"TTF2",729,807,434,515
"TTI1",1445,1482,761,836
"TTI2",1063,972,531,656
"TTK",652,638,526,466
"TTL",2790,2789,2317,2563
"TTLL1",226,196,198,243
"TTLL10",2,1,0,0
"TTLL11",87,79,83,91
"TTLL12",4978,4769,2289,2430
"TTLL13P",7,5,2,1
"TTLL2",0,0,0,0
"TTLL3",987,1371,1425,1529
"TTLL4",1509,1563,1287,1449
"TTLL5",375,352,321,336
"TTLL6",142,148,227,231
"TTLL7",12,9,29,24
"TTLL9",5,6,4,4
"TTN",253,293,264,231
"TTN-AS1",80,107,79,69
"TTPA",0,0,0,0
"TTPAL",755,646,760,814
"TTR",0,0,0,2
"TTTY1",0,0,0,0
"TTTY10",4,2,0,3
"TTTY11",0,0,0,0
"TTTY12",0,0,0,0
"TTTY13",0,0,0,0
"TTTY14",9,23,26,34
"TTTY15",363,318,301,308
"TTTY16",0,0,0,0
"TTTY17A",0,0,0,0
"TTTY17B",0,0,0,0
"TTTY17C",0,0,0,0
"TTTY18",0,0,0,0
"TTTY19",0,0,0,0
"TTTY1B",0,0,0,0
"TTTY2",0,0,0,0
"TTTY20",0,0,0,0
"TTTY21",0,0,0,0
"TTTY21B",0,0,0,0
"TTTY22",0,0,0,0
"TTTY23",0,0,0,0
"TTTY23B",0,0,0,0
"TTTY2B",0,0,0,0
"TTTY3",0,0,0,0
"TTTY3B",0,0,0,0
"TTTY4",0,0,0,0
"TTTY4B",0,0,0,0
"TTTY4C",0,0,0,0
"TTTY5",0,0,0,0
"TTTY6",0,0,0,0
"TTTY6B",0,0,0,0
"TTTY7",0,0,0,0
"TTTY7B",0,0,0,0
"TTTY8",0,0,0,0
"TTTY8B",0,0,0,0
"TTTY9A",0,0,0,0
"TTTY9B",0,0,0,0
"TTYH1",29,37,20,25
"TTYH2",57,37,9,13
"TTYH3",3752,3686,4477,4081
"TUB",1053,1150,648,806
"TUB-AS1",0,0,0,0
"TUBA1A",23526,20394,24380,28287
"TUBA1B",62155,54792,47065,53531
"TUBA1C",44880,38804,35193,39405
"TUBA3C",1,0,1,0
"TUBA3D",5,6,3,6
"TUBA3E",2,2,3,4
"TUBA3FP",185,172,64,59
"TUBA4A",44,45,40,60
"TUBA4B",0,1,0,1
"TUBA8",33,41,23,35
"TUBAL3",0,0,0,0
"TUBB",66988,62948,47417,53901
"TUBB1",53,64,25,32
"TUBB2A",38741,35256,30178,34741
"TUBB2B",34552,31143,28801,33823
"TUBB3",12042,11236,8023,8925
"TUBB4A",2109,1793,1573,1421
"TUBB4B",21826,21031,17819,19774
"TUBB6",23792,21561,19799,19088
"TUBB8",158,181,164,164
"TUBBP5",420,446,492,589
"TUBD1",636,561,364,343
"TUBE1",417,370,175,143
"TUBG1",2511,2400,1638,1684
"TUBG2",900,871,589,653
"TUBGCP2",3128,3071,2446,2465
"TUBGCP3",886,952,646,611
"TUBGCP4",408,455,302,398
"TUBGCP5",722,774,447,521
"TUBGCP6",772,1008,846,838
"TUFM",6779,6196,3928,4030
"TUFT1",355,337,533,544
"TUG1",5314,6157,4760,5418
"TULP1",46,47,28,30
"TULP2",1,3,0,3
"TULP3",1077,1069,708,782
"TULP4",496,480,1084,885
"TUNAR",0,1,6,0
"TUSC1",20,11,16,27
"TUSC2",1343,1253,1257,1281
"TUSC3",2018,1783,2015,1509
"TUSC5",0,1,0,0
"TUSC7",1,0,0,0
"TUSC8",0,0,0,0
"TUT1",1213,1145,832,848
"TVP23A",49,63,48,60
"TVP23B",899,844,798,558
"TVP23C",730,685,889,713
"TVP23C-CDRT4",491,493,847,1015
"TWF1",2414,2419,2117,1255
"TWF2",2567,2137,1744,1815
"TWIST1",0,0,0,0
"TWIST2",323,277,145,176
"TWISTNB",1018,1030,582,509
"TWSG1",907,854,1302,762
"TXK",0,0,4,1
"TXLNA",2887,3034,2563,2745
"TXLNB",14,5,4,16
"TXLNG",1114,1137,598,680
"TXLNGY",597,744,694,551
"TXN",9556,8897,5234,5907
"TXN2",2997,2605,1873,2078
"TXNDC11",712,674,749,818
"TXNDC12",2823,2609,2076,2373
"TXNDC12-AS1",0,0,1,1
"TXNDC15",551,495,588,736
"TXNDC16",588,572,571,547
"TXNDC17",1413,1314,1044,1180
"TXNDC2",1,0,3,1
"TXNDC5",6302,5693,4498,4800
"TXNDC8",0,0,0,0
"TXNDC9",1560,1319,1100,867
"TXNIP",239,152,199,195
"TXNL1",2714,2338,1609,1997
"TXNL4A",4028,3718,2710,2695
"TXNL4B",1876,1602,380,382
"TXNRD1",37908,34521,22518,18934
"TXNRD2",1369,1172,1891,1727
"TXNRD3",522,463,458,487
"TXNRD3NB",135,130,123,149
"TYK2",2298,2282,2137,2036
"TYMP",111,114,76,80
"TYMS",7174,6777,5337,5565
"TYMSOS",1155,1093,707,704
"TYR",0,0,0,0
"TYRO3",460,452,1022,1145
"TYRO3P",4,8,7,10
"TYROBP",8,11,9,7
"TYRP1",5,0,0,0
"TYSND1",1519,1489,700,626
"TYW1",802,809,551,628
"TYW1B",398,441,257,339
"TYW3",1425,1375,860,983
"TYW5",362,368,380,406
"U2AF1",4532,4220,2667,3538
"U2AF1L4",258,231,167,224
"U2AF2",7260,6797,4461,4930
"U2SURP",3463,3471,2138,2040
"UACA",2738,3012,3064,3705
"UAP1",1054,1016,696,775
"UAP1L1",1220,1536,1070,1326
"UBA1",7951,7520,8040,8951
"UBA2",3490,3344,2108,2317
"UBA3",1294,1252,1339,977
"UBA5",779,801,662,709
"UBA52",12289,10228,8265,9554
"UBA6",1281,1354,1332,1069
"UBA6-AS1",202,170,266,303
"UBA7",11,21,141,143
"UBAC1",1378,1218,1155,1186
"UBAC2",1669,1584,1149,1519
"UBAC2-AS1",91,93,39,48
"UBALD1",1215,1193,896,810
"UBALD2",485,463,540,512
"UBAP1",1251,1138,1511,1576
"UBAP1L",11,14,15,16
"UBAP2",2264,2167,1764,1893
"UBAP2L",4650,4799,2870,3189
"UBASH3A",0,0,1,0
"UBASH3B",203,209,752,611
"UBB",17917,15380,9099,9863
"UBC",132618,123019,97920,127302
"UBD",4,1,473,623
"UBE2A",1300,1198,1266,1317
"UBE2B",814,733,865,745
"UBE2C",2650,2408,1694,1830
"UBE2D1",431,386,356,143
"UBE2D2",2683,2458,2175,2483
"UBE2D3",7371,6432,6051,5665
"UBE2D4",197,153,235,280
"UBE2DNL",0,0,0,0
"UBE2E1",1867,1765,2210,1589
"UBE2E1-AS1",3,2,9,8
"UBE2E2",13,8,29,23
"UBE2E3",635,572,874,756
"UBE2E4P",274,253,367,329
"UBE2F",668,608,702,645
"UBE2F-SCLY",682,585,478,559
"UBE2G1",3275,3116,2223,2074
"UBE2G2",3506,3750,2737,2742
"UBE2H",3631,3280,3959,4240
"UBE2I",3082,2706,2265,2749
"UBE2J1",2135,1901,5849,5444
"UBE2J2",2594,2380,1631,1741
"UBE2K",2952,2934,1954,1879
"UBE2L3",5380,5005,4492,5814
"UBE2L6",1061,1015,1292,1282
"UBE2M",4989,4373,2508,2664
"UBE2MP1",794,744,423,438
"UBE2N",3529,3212,2767,2932
"UBE2NL",169,124,110,135
"UBE2O",1318,1327,1030,1107
"UBE2Q1",2630,2470,2458,2680
"UBE2Q1-AS1",56,65,59,68
"UBE2Q2",534,517,754,445
"UBE2Q2L",3,1,4,3
"UBE2Q2P1",21,17,37,36
"UBE2Q2P2",49,74,71,61
"UBE2QL1",1,1,39,37
"UBE2R2",2566,2451,2283,2374
"UBE2S",7767,6752,4550,4631
"UBE2T",1078,1088,686,797
"UBE2U",0,0,0,0
"UBE2V1",6329,6040,5824,6630
"UBE2V2",2033,2061,1503,1182
"UBE2W",478,503,555,444
"UBE2Z",2896,2872,2687,3021
"UBE3A",2899,2692,1653,1651
"UBE3B",849,847,805,1000
"UBE3C",1639,1661,1290,1268
"UBE3D",239,229,124,152
"UBE4A",1067,1105,943,842
"UBE4B",2576,2489,2027,2550
"UBFD1",3405,3422,2278,2642
"UBIAD1",945,841,455,527
"UBL3",330,275,486,246
"UBL4A",848,782,868,1030
"UBL4B",3,2,1,1
"UBL5",2303,1969,1752,1575
"UBL7",3033,2706,1527,1829
"UBL7-AS1",91,92,55,47
"UBLCP1",1852,1826,1192,888
"UBN1",2009,1986,1529,1655
"UBN2",565,701,538,516
"UBOX5",372,369,305,367
"UBOX5-AS1",29,21,27,29
"UBP1",3988,3884,2876,2818
"UBQLN1",5643,5419,3464,3632
"UBQLN2",1420,1451,1984,1513
"UBQLN3",0,0,0,0
"UBQLN4",2333,2286,1899,2279
"UBQLNL",0,1,0,3
"UBR1",882,862,899,723
"UBR2",496,493,471,486
"UBR3",685,717,498,251
"UBR4",7321,7202,5312,5807
"UBR5",3089,3114,2577,2421
"UBR5-AS1",14,21,12,5
"UBR7",1035,983,861,957
"UBTD1",432,380,483,516
"UBTD2",1068,1035,1041,1001
"UBTF",4514,4351,2925,3364
"UBTFL1",17,13,5,3
"UBXN1",3677,3023,2182,2453
"UBXN10",172,185,89,110
"UBXN10-AS1",21,17,6,6
"UBXN11",1966,2238,1645,1772
"UBXN2A",394,356,309,364
"UBXN2B",650,596,573,687
"UBXN4",2521,2678,2841,2418
"UBXN6",1637,1437,1827,1943
"UBXN7",611,626,329,257
"UBXN8",293,322,231,262
"UCA1",19024,17702,27748,28635
"UCHL1",7758,6972,6951,6180
"UCHL1-AS1",0,0,0,0
"UCHL3",388,324,455,430
"UCHL5",1529,1487,728,644
"UCK1",1064,932,710,811
"UCK2",2392,2367,1137,1379
"UCKL1",949,978,884,957
"UCKL1-AS1",114,146,126,128
"UCMA",0,0,0,0
"UCN",49,67,31,29
"UCN2",12,8,26,26
"UCN3",0,0,0,0
"UCP1",1,2,1,0
"UCP2",8573,7443,10235,7844
"UCP3",57,81,65,81
"UEVLD",153,144,194,137
"UFC1",626,593,663,886
"UFD1L",2145,1930,1609,1477
"UFL1",386,430,273,183
"UFM1",1614,1430,1254,1289
"UFSP1",53,44,25,24
"UFSP2",745,687,670,817
"UG0898H09",0,0,0,0
"UGCG",5734,5508,3934,2953
"UGDH",1436,1422,1156,1281
"UGDH-AS1",16,19,15,18
"UGGT1",1348,1318,1179,1312
"UGGT2",491,544,594,638
"UGP2",897,844,1521,1637
"UGT1A1",1,1,2,4
"UGT1A10",1,1,2,4
"UGT1A3",1,1,2,4
"UGT1A4",1,1,2,4
"UGT1A5",1,1,2,4
"UGT1A6",1,2,2,4
"UGT1A7",1,1,2,4
"UGT1A8",1,1,2,4
"UGT1A9",1,1,2,4
"UGT2A1",2,1,0,0
"UGT2A2",2,1,0,0
"UGT2A3",14,18,23,7
"UGT2B10",3,3,1,3
"UGT2B11",0,0,0,0
"UGT2B15",69,73,44,37
"UGT2B17",66,67,44,36
"UGT2B28",0,0,0,0
"UGT2B4",0,1,0,0
"UGT2B7",1,0,0,0
"UGT3A1",0,0,3,2
"UGT3A2",1,1,17,16
"UGT8",0,0,0,0
"UHMK1",976,1105,810,412
"UHRF1",3408,3456,1882,1787
"UHRF1BP1",722,573,813,811
"UHRF1BP1L",757,697,725,774
"UHRF2",643,718,650,618
"UIMC1",1221,1168,996,1166
"ULBP1",9,6,7,2
"ULBP2",20,21,25,24
"ULBP3",6,3,8,3
"ULK1",989,1054,899,790
"ULK2",523,489,499,432
"ULK3",801,878,682,768
"ULK4",180,213,137,125
"ULK4P1",1,8,8,12
"ULK4P2",1,8,8,12
"ULK4P3",1,6,6,9
"UMAD1",462,418,324,217
"UMOD",0,0,0,0
"UMODL1",0,0,1,1
"UMODL1-AS1",0,0,0,0
"UMPS",1820,1890,867,985
"UNC119",1146,1066,766,949
"UNC119B",1855,1726,1873,2163
"UNC13A",3098,3186,503,654
"UNC13B",1100,1123,1173,1537
"UNC13C",0,1,0,0
"UNC13D",502,428,551,531
"UNC45A",1493,1351,1304,1335
"UNC45B",2,1,6,2
"UNC50",627,581,474,432
"UNC5A",13,18,113,77
"UNC5B",770,692,3069,3500
"UNC5B-AS1",140,119,319,339
"UNC5C",0,0,0,1
"UNC5CL",22,28,17,11
"UNC5D",0,0,0,0
"UNC79",13,4,12,20
"UNC80",44,66,9,7
"UNC93A",0,0,0,0
"UNC93B1",366,393,322,312
"UNCX",11,15,1,0
"UNG",1992,1873,967,1230
"UNK",644,646,530,589
"UNKL",853,889,690,653
"UNQ6494",0,0,0,0
"UOX",3,1,2,0
"UPB1",2,6,26,30
"UPF1",3487,3265,2601,2796
"UPF2",1235,1271,1030,1392
"UPF3A",1179,1173,1039,1178
"UPF3B",1181,1155,1028,1406
"UPK1A",11,7,11,12
"UPK1A-AS1",2,2,2,7
"UPK1B",0,0,0,0
"UPK2",19,9,11,4
"UPK3A",1,0,0,0
"UPK3B",62,72,73,76
"UPK3BL",761,957,764,805
"UPP1",1530,1223,1960,1478
"UPP2",0,0,2,3
"UPRT",225,192,142,154
"UQCC1",1411,1341,1052,1056
"UQCC2",1282,1098,1090,1357
"UQCC3",765,740,603,567
"UQCR10",2992,2836,2312,3338
"UQCR11",3269,3062,2783,3348
"UQCRB",3620,3424,3249,4505
"UQCRBP1",634,554,618,594
"UQCRC1",4772,4296,5287,5474
"UQCRC2",4218,3694,2717,3091
"UQCRFS1",5777,4990,3246,3666
"UQCRH",3448,3083,2242,1835
"UQCRHL",4234,3649,2700,3950
"UQCRQ",1858,1596,1393,1603
"URAD",0,0,0,0
"URAHP",230,279,233,262
"URB1",2586,2403,1079,1081
"URB1-AS1",94,104,56,79
"URB2",839,854,423,423
"URGCP",965,911,953,1126
"URGCP-MRPS24",2494,2134,1193,1306
"URI1",1647,1595,1065,983
"URM1",2296,2119,1435,1709
"UROC1",0,1,0,0
"UROD",3294,2899,1630,1613
"UROS",1372,1287,1189,1313
"USB1",1673,1556,1791,1904
"USE1",285,228,180,174
"USF1",1545,1490,1095,1255
"USF2",1349,1146,1180,1269
"USH1C",0,0,0,4
"USH1G",80,81,21,26
"USH2A",4,4,5,2
"USHBP1",2,2,0,0
"USMG5",3782,3450,2891,3080
"USO1",1779,1883,1513,1515
"USP1",1723,1762,980,956
"USP10",2528,2535,1817,1664
"USP11",2009,1750,2027,2242
"USP12",899,870,832,833
"USP12-AS1",0,0,0,1
"USP12-AS2",3,3,3,1
"USP13",847,849,760,925
"USP14",2891,2867,1899,1734
"USP15",1616,1649,873,858
"USP16",748,692,647,752
"USP17L1",0,0,0,0
"USP17L10",0,0,0,0
"USP17L11",5,3,0,5
"USP17L12",0,0,0,0
"USP17L13",1,3,3,1
"USP17L15",2,3,0,2
"USP17L17",1,3,3,1
"USP17L18",4,3,0,4
"USP17L19",0,0,0,0
"USP17L2",0,0,0,0
"USP17L20",3,3,3,3
"USP17L21",0,0,0,0
"USP17L22",1,0,3,1
"USP17L24",0,0,0,0
"USP17L25",0,0,0,0
"USP17L26",0,0,0,0
"USP17L27",0,0,0,0
"USP17L28",0,0,0,0
"USP17L29",0,0,0,0
"USP17L3",0,0,0,0
"USP17L30",0,0,0,0
"USP17L4",0,0,0,0
"USP17L5",0,0,0,0
"USP17L6P",0,0,3,0
"USP17L7",0,0,0,0
"USP17L8",0,0,0,0
"USP17L9P",1,3,1,1
"USP18",6,11,15,20
"USP19",2047,1926,1417,1430
"USP2",289,280,230,280
"USP2-AS1",64,76,17,17
"USP20",377,403,555,548
"USP21",464,476,323,392
"USP22",8004,7467,6818,7268
"USP24",1865,1985,1644,1757
"USP25",772,749,732,738
"USP26",68,78,3,3
"USP27X",258,243,203,285
"USP27X-AS1",17,13,12,17
"USP28",570,590,449,544
"USP29",20,14,1,1
"USP3",325,320,349,368
"USP3-AS1",56,62,54,51
"USP30",210,186,206,242
"USP30-AS1",1,1,10,6
"USP31",606,635,590,526
"USP32",1669,1584,1293,1235
"USP32P1",86,84,98,72
"USP32P2",38,33,33,18
"USP33",939,897,1067,958
"USP34",3520,3628,3469,3954
"USP35",218,240,395,329
"USP36",1673,1594,880,898
"USP37",575,612,371,399
"USP38",751,611,505,350
"USP39",1738,1637,1133,1296
"USP4",815,863,777,755
"USP40",949,1034,1030,1022
"USP42",561,559,351,307
"USP43",88,93,59,87
"USP44",10,15,26,28
"USP45",345,343,305,215
"USP46",673,629,945,695
"USP46-AS1",15,24,19,19
"USP47",1449,1416,1308,1465
"USP48",2335,2204,1986,2332
"USP49",454,468,477,517
"USP5",2294,2178,1875,2093
"USP50",31,51,33,53
"USP51",267,262,173,236
"USP53",210,250,253,211
"USP54",342,345,341,350
"USP6",183,204,155,136
"USP6NL",456,479,556,473
"USP7",4655,4665,2978,3339
"USP8",1068,1089,814,875
"USP9X",3225,3115,2795,3011
"USP9Y",511,568,723,630
"USPL1",753,866,549,615
"UST",2,3,7,10
"UTAT33",495,446,346,496
"UTF1",118,106,30,20
"UTP11L",1551,1474,790,883
"UTP14A",1448,1343,581,947
"UTP14C",942,906,687,838
"UTP15",1010,1009,379,391
"UTP18",1353,1308,693,808
"UTP20",1499,1550,638,792
"UTP23",396,425,194,253
"UTP3",3576,3412,1896,2440
"UTP6",3470,3277,1662,2124
"UTRN",5,4,54,21
"UTS2",38,26,19,5
"UTS2B",12,8,2,3
"UTS2R",3,1,2,1
"UTY",426,436,373,353
"UVRAG",585,589,512,564
"UVSSA",154,167,153,130
"UXS1",811,723,1340,1338
"UXT",1138,985,985,1011
"UXT-AS1",65,51,37,72
"VAC14",1473,1398,1053,1172
"VAC14-AS1",27,25,19,7
"VAMP1",362,410,467,439
"VAMP2",899,910,871,813
"VAMP3",2989,2903,2507,2635
"VAMP4",195,174,150,104
"VAMP5",13,11,37,36
"VAMP7",867,771,805,634
"VAMP8",808,669,1455,1658
"VANGL1",167,170,321,327
"VANGL2",310,336,874,846
"VAPA",3679,3297,3580,3545
"VAPB",2622,2411,2151,2156
"VARS",4550,4323,4013,4362
"VARS2",864,941,462,525
"VASH1",866,874,3952,4547
"VASH2",45,43,54,39
"VASN",332,268,989,1083
"VASP",5306,4727,2819,2801
"VAT1",10038,8722,8978,10094
"VAT1L",0,0,7,13
"VAV1",1,0,4,0
"VAV2",1398,1444,1973,1976
"VAV3",8,9,39,26
"VAV3-AS1",0,0,0,0
"VAX1",0,0,0,0
"VAX2",85,84,81,105
"VBP1",1966,1822,1409,1402
"VCAM1",0,0,0,0
"VCAN",6796,7017,6813,5935
"VCL",23247,23222,14456,14571
"VCP",23083,21458,19004,21898
"VCPIP1",705,730,642,384
"VCPKMT",275,304,173,169
"VCX",1,1,2,1
"VCX2",0,3,1,1
"VCX3A",0,3,2,2
"VCX3B",1,2,6,2
"VCY",0,0,2,1
"VCY1B",0,0,2,1
"VDAC1",10336,9262,5553,6310
"VDAC2",4299,3777,2937,3066
"VDAC3",3249,2918,1810,2292
"VDR",17,20,181,151
"VEGFA",802,703,1444,1602
"VEGFB",659,655,670,729
"VEGFC",0,0,2,0
"VENTX",2,8,2,3
"VENTXP1",0,0,1,0
"VENTXP7",0,0,0,0
"VEPH1",21,22,114,166
"VEZF1",704,708,723,733
"VEZT",909,886,1529,1639
"VGF",15110,13094,5060,4036
"VGLL1",0,0,0,0
"VGLL2",0,0,0,0
"VGLL3",1,0,0,0
"VGLL4",2308,2152,2504,2811
"VHL",2387,2270,1566,2662
"VHLL",0,0,0,1
"VIL1",3,2,2,0
"VILL",76,104,48,52
"VIM",36102,31280,48819,48581
"VIM-AS1",12444,10822,15231,13541
"VIMP",1021,972,834,971
"VIP",0,0,1,1
"VIPAS39",673,639,449,545
"VIPR1",0,4,5,8
"VIPR1-AS1",0,0,0,0
"VIPR2",1,0,0,3
"VIT",1,2,0,1
"VKORC1",2539,2068,1486,1511
"VKORC1L1",1521,1387,947,1164
"VLDLR",62,34,284,282
"VLDLR-AS1",10,4,30,22
"VMA21",2277,2283,1341,1309
"VMAC",51,54,60,52
"VMO1",10,16,15,16
"VMP1",3573,3352,3134,2650
"VN1R1",4,11,11,10
"VN1R10P",0,0,0,0
"VN1R2",0,0,1,0
"VN1R4",0,1,0,0
"VN1R5",0,0,0,0
"VNN1",0,1,0,0
"VNN2",0,0,1,0
"VNN3",0,0,0,0
"VOPP1",1289,1218,2136,2088
"VPRBP",1042,1064,690,876
"VPREB1",0,0,0,0
"VPREB3",0,0,0,0
"VPS11",950,960,686,878
"VPS13A",641,811,871,626
"VPS13A-AS1",2,3,2,2
"VPS13B",720,718,622,616
"VPS13C",1036,975,1015,677
"VPS13D",844,914,610,719
"VPS16",546,605,526,601
"VPS18",1887,1700,1585,1751
"VPS25",1989,1752,2018,2172
"VPS26A",2103,1958,1566,1461
"VPS26B",1404,1284,999,1166
"VPS28",838,740,845,899
"VPS29",1323,1157,1398,1584
"VPS33A",1443,1226,1004,1037
"VPS33B",512,493,457,470
"VPS35",3722,3598,3203,3213
"VPS36",1020,1114,1033,895
"VPS37A",595,573,549,416
"VPS37B",2438,2103,1680,1642
"VPS37C",612,532,473,468
"VPS37D",314,263,247,212
"VPS39",1814,1795,1801,1848
"VPS41",1309,1170,924,808
"VPS45",725,676,598,685
"VPS4A",3109,2863,1786,1943
"VPS4B",1017,935,909,653
"VPS51",1448,1271,1342,1412
"VPS52",1503,1465,1259,1373
"VPS53",1793,1784,1698,1873
"VPS54",591,607,611,647
"VPS72",1922,1777,1057,1385
"VPS8",616,572,480,605
"VPS9D1",456,534,875,766
"VPS9D1-AS1",102,134,139,121
"VRK1",1019,946,518,566
"VRK2",617,746,559,600
"VRK3",939,915,685,714
"VRTN",9,4,4,6
"VSIG1",0,0,1,0
"VSIG10",304,360,295,389
"VSIG10L",397,459,237,242
"VSIG2",0,3,22,38
"VSIG4",0,0,0,0
"VSIG8",0,0,0,0
"VSNL1",2,0,1,0
"VSTM1",161,109,189,208
"VSTM2A",0,0,0,0
"VSTM2A-OT1",0,0,0,0
"VSTM2B",2,1,0,1
"VSTM2L",282,253,530,583
"VSTM4",11,11,3,8
"VSTM5",0,0,2,0
"VSX1",0,0,0,0
"VSX2",1,4,0,1
"VTA1",1872,1769,995,941
"VTCN1",0,0,9,12
"VTI1A",780,767,667,718
"VTI1B",1678,1438,1608,1842
"VTN",592,481,574,751
"VTRNA1-1",0,0,0,0
"VTRNA1-2",0,0,0,0
"VTRNA1-3",0,0,0,0
"VTRNA2-1",0,1,1,0
"VWA1",498,456,344,303
"VWA2",0,0,0,0
"VWA3A",2,8,7,3
"VWA3B",0,1,0,0
"VWA5A",27,33,9,13
"VWA5B1",0,0,0,0
"VWA5B2",4,8,23,37
"VWA7",1235,1206,1202,1228
"VWA8",811,736,550,584
"VWA8-AS1",1,2,1,4
"VWA9",1808,1725,1088,1201
"VWC2",0,0,0,0
"VWC2L",0,0,1,0
"VWC2L-IT1",0,0,0,0
"VWCE",1340,1649,1147,1061
"VWDE",2,1,2,2
"VWF",32,28,261,98
"WAC",3039,2868,2705,2475
"WAC-AS1",2390,2275,1833,2194
"WAPAL",2466,2336,1574,1443
"WARS",4126,3308,5562,4169
"WARS2",381,350,342,356
"WARS2-IT1",0,0,0,0
"WAS",14,16,13,15
"WASF1",1737,1642,1414,1155
"WASF2",3841,3615,2577,2794
"WASF3",201,213,259,209
"WASH1",1834,2133,1660,1718
"WASH2P",1943,2269,1853,1877
"WASH3P",2241,2652,2175,2216
"WASH5P",345,459,409,389
"WASH7P",2859,3377,2657,2907
"WASIR2",10,14,12,9
"WASL",1121,1043,1078,779
"WBP1",1198,1031,1300,1503
"WBP11",4023,3881,2323,2640
"WBP11P1",192,184,100,122
"WBP1L",579,527,851,1000
"WBP2",3590,3094,3214,3463
"WBP2NL",0,1,0,0
"WBP4",555,510,555,677
"WBP5",1383,1423,2034,2449
"WBSCR16",3399,3149,2489,2687
"WBSCR17",3,1,0,1
"WBSCR22",1867,1786,934,887
"WBSCR27",56,46,58,33
"WBSCR28",0,1,5,0
"WDFY1",3222,3253,2284,1612
"WDFY2",272,281,464,464
"WDFY3",815,837,954,888
"WDFY3-AS2",11,14,17,16
"WDFY4",0,0,1,0
"WDHD1",1414,1420,758,761
"WDPCP",93,97,96,110
"WDR1",14334,12857,15381,14214
"WDR11",1227,1128,1053,917
"WDR11-AS1",1,0,1,2
"WDR12",2364,2300,964,1231
"WDR13",849,876,960,966
"WDR17",122,109,32,19
"WDR18",1585,1510,980,1096
"WDR19",585,641,424,514
"WDR20",686,710,582,606
"WDR24",258,296,250,209
"WDR25",196,149,289,298
"WDR26",3574,3552,2444,2337
"WDR27",309,402,303,251
"WDR3",2199,2089,510,644
"WDR31",28,38,35,53
"WDR33",2572,2610,1947,2313
"WDR34",2989,2999,2125,2337
"WDR35",1485,1463,669,713
"WDR36",1226,1282,547,433
"WDR37",393,442,518,466
"WDR38",1039,941,740,625
"WDR4",638,626,347,386
"WDR41",1322,1188,1188,1125
"WDR43",2908,3108,1475,1550
"WDR44",144,176,181,139
"WDR45",1291,1093,1202,1013
"WDR45B",3240,2923,2416,2475
"WDR46",3696,3336,1769,2142
"WDR47",371,405,284,247
"WDR48",965,949,782,883
"WDR49",0,2,0,0
"WDR5",2997,2882,1617,1825
"WDR53",553,497,282,304
"WDR54",568,527,550,568
"WDR55",660,658,399,449
"WDR59",2444,2501,1612,1615
"WDR5B",160,167,125,157
"WDR6",6022,6191,6310,6939
"WDR60",341,409,268,305
"WDR61",5027,4405,1959,2083
"WDR62",1133,1419,744,835
"WDR63",16,12,14,8
"WDR64",0,0,0,1
"WDR66",34,37,89,107
"WDR7",406,398,316,280
"WDR70",514,564,402,475
"WDR72",3,3,1,0
"WDR73",1685,1702,1135,1309
"WDR74",2713,2337,1243,1563
"WDR75",2711,2913,1181,1521
"WDR76",541,534,241,294
"WDR77",4394,4504,3431,3295
"WDR78",179,160,108,169
"WDR81",1696,1880,920,947
"WDR82",4760,4517,3377,3838
"WDR83",1104,1002,710,851
"WDR83OS",2132,1885,1638,1695
"WDR86",112,101,246,270
"WDR86-AS1",29,10,27,25
"WDR87",0,0,0,0
"WDR88",16,8,6,15
"WDR89",362,406,295,328
"WDR90",487,634,374,352
"WDR91",372,321,484,509
"WDR92",538,500,405,457
"WDR93",17,6,10,10
"WDSUB1",324,296,211,315
"WDTC1",568,526,829,837
"WDYHV1",286,250,230,285
"WEE1",1710,1603,1104,901
"WEE2",8,2,6,4
"WEE2-AS1",24,20,36,34
"WFDC1",0,2,4,6
"WFDC10A",0,0,1,0
"WFDC10B",1,0,2,1
"WFDC11",0,0,0,0
"WFDC12",0,0,1,0
"WFDC13",0,0,0,0
"WFDC2",1,1,0,1
"WFDC21P",13,13,1341,1179
"WFDC3",7,9,9,14
"WFDC5",0,0,0,0
"WFDC6",0,0,0,0
"WFDC8",0,0,0,0
"WFDC9",0,0,0,0
"WFIKKN1",861,803,1468,1720
"WFIKKN2",1,2,7,2
"WFS1",637,523,1216,1196
"WHAMM",907,903,580,558
"WHAMMP1",53,57,48,55
"WHAMMP2",42,44,76,81
"WHAMMP3",75,91,105,104
"WHSC1",3275,3220,2845,3009
"WHSC1L1",962,1011,925,981
"WI2-2373I1.2",0,0,0,0
"WIBG",1926,1701,1783,1930
"WIF1",286,268,95,69
"WIPF1",1,1,2,2
"WIPF2",916,891,695,742
"WIPF3",1,0,0,0
"WIPI1",417,362,637,613
"WIPI2",2212,2052,1913,1927
"WISP1",0,0,0,0
"WISP2",0,2,0,2
"WISP3",2,0,0,1
"WIZ",2959,2932,1750,1829
"WLS",3489,3128,3015,3055
"WNK1",5569,5601,3319,3344
"WNK2",906,952,722,731
"WNK3",226,238,163,174
"WNK4",45,36,39,30
"WNT1",0,0,0,2
"WNT10A",19,13,7,14
"WNT10B",163,121,85,106
"WNT11",53,72,210,279
"WNT16",2,8,6,2
"WNT2",1,0,0,0
"WNT2B",94,72,58,57
"WNT3",22,23,40,26
"WNT3A",4,7,5,11
"WNT4",26,28,47,25
"WNT5A",17,8,40,21
"WNT5B",97,99,150,177
"WNT6",139,113,117,106
"WNT7A",0,0,0,0
"WNT7B",5,5,40,27
"WNT8A",0,0,0,0
"WNT8B",5,11,13,8
"WNT9A",148,144,28,18
"WNT9B",2,0,3,1
"WRAP53",759,739,425,453
"WRAP73",991,920,666,762
"WRB",786,662,728,536
"WRN",678,691,373,382
"WRNIP1",2035,2073,1537,2068
"WSB1",1814,2069,1696,1449
"WSB2",2070,1798,1502,1445
"WSCD1",10,11,13,15
"WSCD2",0,0,0,0
"WSPAR",0,0,0,0
"WT1",2,0,0,0
"WT1-AS",0,0,0,1
"WTAP",3487,3150,2385,2559
"WTAPP1",9,5,0,0
"WTH3DI",1036,939,718,1000
"WTIP",961,868,752,839
"WWC1",590,632,789,822
"WWC2",876,828,828,619
"WWC2-AS1",0,0,2,0
"WWC2-AS2",16,13,8,9
"WWC3",502,455,898,985
"WWOX",376,253,245,219
"WWP1",478,448,432,335
"WWP2",685,608,648,771
"WWTR1",1022,1035,1151,993
"WWTR1-AS1",7,9,5,8
"XAB2",3512,3356,1886,2233
"XACT",0,0,2,2
"XAF1",0,0,7,3
"XAGE1B",0,0,0,0
"XAGE1E",0,0,0,0
"XAGE2",0,0,0,0
"XAGE3",0,0,0,0
"XAGE5",0,0,0,0
"XBP1",2392,1886,1656,1503
"XCL1",0,0,0,0
"XCL2",0,0,0,0
"XCR1",12,8,0,0
"XDH",0,0,3,0
"XG",1,1,3,3
"XGY2",0,0,0,1
"XIAP",743,731,949,1095
"XIRP1",3,4,95,53
"XIRP2",0,1,0,0
"XIRP2-AS1",0,0,0,0
"XIST",7,14,2,1
"XK",2,1,0,1
"XKR3",0,1,0,2
"XKR4",0,0,0,0
"XKR5",28,23,41,30
"XKR6",1,0,0,0
"XKR7",82,75,31,29
"XKR8",1,1,2,4
"XKR9",12,17,11,6
"XKRX",4,6,6,3
"XKRY",0,0,0,0
"XKRY2",0,0,0,0
"XLOC_007697",0,0,0,0
"XLOC_008559",0,0,0,0
"XLOC_009911",0,0,0,1
"XPA",283,265,305,408
"XPC",4871,4845,3839,4463
"XPNPEP1",1960,1917,1671,1924
"XPNPEP2",0,2,2,0
"XPNPEP3",744,700,586,533
"XPO1",7775,7826,5699,5218
"XPO4",1449,1488,870,707
"XPO5",4202,4238,2197,2489
"XPO6",5540,5344,4063,4221
"XPO7",2102,2018,1182,1263
"XPOT",3157,2980,1623,1228
"XPR1",1753,1596,1853,1683
"XRCC1",1455,1324,1310,1620
"XRCC2",279,276,97,122
"XRCC3",1014,1041,648,669
"XRCC4",1068,861,1149,895
"XRCC5",8515,7986,5574,6171
"XRCC6",14120,12832,10055,11950
"XRCC6BP1",131,130,88,74
"XRCC6P5",115,103,82,95
"XRN1",432,443,449,289
"XRN2",1510,1404,1000,979
"XRRA1",688,668,494,597
"XXYLT1",1103,1056,1326,1503
"XXYLT1-AS1",0,0,0,0
"XXYLT1-AS2",0,1,1,2
"XYLB",213,204,167,166
"XYLT1",2,5,5,5
"XYLT2",551,569,795,760
"YAE1D1",410,392,344,423
"YAF2",276,279,271,152
"YAP1",2980,2983,2577,2143
"YARS",5718,4674,3423,2971
"YARS2",1374,1226,760,788
"YBEY",438,422,305,320
"YBX1",23578,21482,14112,14376
"YBX2",412,411,461,485
"YBX3",9355,8436,8102,7138
"YBX3P1",696,647,549,411
"YDJC",1836,1663,772,736
"YEATS2",1517,1628,1317,1599
"YEATS4",363,349,241,226
"YES1",2002,2028,1376,1097
"YIF1A",1353,1146,1059,1111
"YIF1B",1406,1275,1152,1163
"YIPF1",498,443,654,787
"YIPF2",933,876,992,985
"YIPF3",1897,1581,1977,2087
"YIPF4",467,432,442,250
"YIPF5",944,811,828,661
"YIPF6",807,736,730,727
"YIPF7",1,0,0,0
"YJEFN3",113,185,81,83
"YKT6",3473,3066,3217,3350
"YLPM1",2306,2385,1537,1898
"YME1L1",5978,5323,4265,4289
"YOD1",1123,1167,496,406
"YPEL1",378,374,371,420
"YPEL2",381,338,359,254
"YPEL3",4,2,1,2
"YPEL4",42,44,55,31
"YPEL5",2372,1943,3465,3024
"YRDC",1607,1466,614,634
"YTHDC1",3227,3175,2058,2310
"YTHDC2",841,920,647,448
"YTHDF1",3054,2951,2209,2345
"YTHDF2",4504,4232,2763,2811
"YTHDF3",1701,1712,1276,959
"YTHDF3-AS1",45,36,22,12
"YWHAB",7819,7234,6716,7004
"YWHAE",17583,15490,14150,16740
"YWHAEP1",471,436,438,494
"YWHAEP7",0,0,0,1
"YWHAG",8418,7950,5587,5285
"YWHAH",4619,4008,5717,6495
"YWHAQ",14565,13138,14976,13089
"YWHAZ",21400,20258,24962,22265
"YY1",2870,2644,1570,1264
"YY1AP1",2229,2119,1696,1950
"YY1P2",0,1,1,0
"YY2",47,41,29,31
"ZACN",1209,1130,1199,1236
"ZADH2",162,147,196,196
"ZAK",130,128,212,191
"ZAN",1,2,2,3
"ZAP70",3,4,5,2
"ZAR1",0,0,0,0
"ZAR1L",7,3,2,3
"ZASP",161,156,251,240
"ZBBX",18,21,14,15
"ZBED1",1826,1680,1260,1466
"ZBED2",0,0,0,0
"ZBED3",109,114,50,50
"ZBED3-AS1",26,31,22,15
"ZBED4",1616,1645,815,795
"ZBED5",1024,1107,915,870
"ZBED5-AS1",144,141,158,167
"ZBED6",51,57,37,32
"ZBED6CL",638,633,675,780
"ZBED8",67,70,78,70
"ZBED9",113,94,99,77
"ZBP1",1,0,0,0
"ZBTB1",811,809,746,818
"ZBTB10",358,348,417,339
"ZBTB11",910,955,432,270
"ZBTB11-AS1",191,204,120,120
"ZBTB12",25111,22945,19653,22423
"ZBTB14",329,345,184,207
"ZBTB16",0,0,0,0
"ZBTB17",1019,952,725,783
"ZBTB18",342,382,276,232
"ZBTB2",1739,1674,902,867
"ZBTB20",14,11,50,40
"ZBTB20-AS1",0,0,0,0
"ZBTB20-AS3",0,0,0,0
"ZBTB20-AS4",0,0,0,0
"ZBTB21",720,665,519,500
"ZBTB22",288,277,351,375
"ZBTB24",732,740,448,510
"ZBTB25",435,351,302,264
"ZBTB26",132,136,74,61
"ZBTB3",75,68,51,142
"ZBTB32",21,22,4,5
"ZBTB33",391,409,304,268
"ZBTB34",398,400,402,340
"ZBTB37",47,38,24,11
"ZBTB38",270,250,286,223
"ZBTB39",792,714,515,509
"ZBTB4",678,705,1001,1168
"ZBTB40",1194,1369,981,1037
"ZBTB41",167,175,123,70
"ZBTB42",152,151,157,195
"ZBTB43",609,634,506,379
"ZBTB44",780,743,515,452
"ZBTB45",443,439,365,331
"ZBTB46",703,683,972,949
"ZBTB46-AS1",0,1,3,5
"ZBTB47",389,421,306,395
"ZBTB48",472,478,317,330
"ZBTB49",122,112,108,143
"ZBTB5",694,772,638,633
"ZBTB6",276,274,197,104
"ZBTB7A",690,720,499,584
"ZBTB7B",694,629,799,749
"ZBTB7C",0,0,1,0
"ZBTB8A",454,472,295,454
"ZBTB8B",155,136,60,55
"ZBTB8OS",1010,938,647,780
"ZBTB9",1202,1278,681,940
"ZC2HC1A",81,77,102,61
"ZC2HC1B",3,1,0,0
"ZC2HC1C",18,20,21,26
"ZC3H10",151,125,116,134
"ZC3H11A",2940,2811,2879,3365
"ZC3H12A",171,141,285,279
"ZC3H12B",21,27,26,21
"ZC3H12C",43,38,65,32
"ZC3H12D",3,7,18,8
"ZC3H13",1665,1800,1160,1487
"ZC3H14",1989,1950,1170,1425
"ZC3H15",4213,3908,2110,2180
"ZC3H18",2139,2063,1199,1372
"ZC3H3",1157,1176,835,960
"ZC3H4",1327,1368,1048,1109
"ZC3H6",87,102,117,115
"ZC3H7A",1963,1993,1907,2147
"ZC3H7B",4487,3927,4358,4074
"ZC3H8",397,410,296,389
"ZC3HAV1",326,359,564,756
"ZC3HAV1L",132,129,89,88
"ZC3HC1",1518,1401,1079,1227
"ZC4H2",0,0,0,0
"ZCCHC10",1147,1101,617,539
"ZCCHC11",1275,1296,918,972
"ZCCHC12",40,37,58,100
"ZCCHC13",0,1,0,0
"ZCCHC14",1432,1503,1733,1718
"ZCCHC16",0,0,0,0
"ZCCHC17",1614,1393,1575,1683
"ZCCHC18",5,1,10,10
"ZCCHC2",353,409,389,345
"ZCCHC24",155,159,382,383
"ZCCHC3",3548,3201,1751,2323
"ZCCHC4",358,319,150,168
"ZCCHC5",0,0,0,0
"ZCCHC6",404,421,437,354
"ZCCHC7",703,666,422,536
"ZCCHC8",1363,1378,695,664
"ZCCHC9",1155,1169,690,837
"ZCRB1",1541,1434,1023,1252
"ZCWPW1",122,106,96,118
"ZCWPW2",14,12,12,13
"ZDBF2",213,183,254,187
"ZDHHC1",256,305,382,319
"ZDHHC11",332,471,243,343
"ZDHHC12",555,492,691,725
"ZDHHC13",332,317,348,404
"ZDHHC14",183,182,270,258
"ZDHHC15",2,0,3,3
"ZDHHC16",1182,1135,1160,1407
"ZDHHC17",555,688,803,589
"ZDHHC18",1632,1502,929,921
"ZDHHC19",0,2,0,0
"ZDHHC2",684,613,564,342
"ZDHHC20",998,997,985,672
"ZDHHC21",227,244,324,191
"ZDHHC22",29,24,83,113
"ZDHHC23",182,228,532,549
"ZDHHC24",489,406,446,348
"ZDHHC3",1876,1690,2143,2248
"ZDHHC4",906,731,766,773
"ZDHHC5",2453,2329,1918,2091
"ZDHHC6",1013,1044,851,1002
"ZDHHC7",1604,1430,1657,1778
"ZDHHC8",1453,1530,1464,1431
"ZDHHC8P1",752,902,995,1005
"ZDHHC9",605,542,843,800
"ZEB1",688,751,485,350
"ZEB1-AS1",271,314,158,109
"ZEB2",0,0,4,2
"ZEB2-AS1",0,0,0,0
"ZER1",1381,1321,1517,1607
"ZFAND1",815,786,547,607
"ZFAND2A",614,458,562,603
"ZFAND2B",196,190,191,230
"ZFAND3",2007,1584,2050,2035
"ZFAND4",87,71,58,54
"ZFAND5",2852,2674,2671,2289
"ZFAND6",1721,1572,1528,704
"ZFAS1",1934,1700,1090,1308
"ZFAT",218,228,173,174
"ZFAT-AS1",13,8,7,3
"ZFC3H1",1609,1928,1451,1370
"ZFHX2",176,146,255,271
"ZFHX3",681,761,1073,929
"ZFHX4",2,0,2,3
"ZFHX4-AS1",0,0,0,0
"ZFP1",348,353,245,198
"ZFP14",152,167,87,125
"ZFP2",70,72,51,72
"ZFP28",276,278,204,228
"ZFP3",1,2,3,0
"ZFP30",432,384,226,336
"ZFP36",442,435,359,442
"ZFP36L1",6780,6514,4758,4551
"ZFP36L2",10855,9876,9098,8186
"ZFP37",239,234,111,113
"ZFP41",600,619,542,544
"ZFP42",0,0,0,0
"ZFP57",0,0,1,1
"ZFP62",821,847,481,671
"ZFP64",2547,2276,892,946
"ZFP69",4,3,5,4
"ZFP69B",66,62,21,29
"ZFP82",443,448,207,209
"ZFP90",1306,1270,984,1137
"ZFP91",2076,2162,1389,1347
"ZFP91-CNTF",249,265,142,123
"ZFP92",0,0,0,0
"ZFPL1",361,362,421,423
"ZFPM1",631,648,507,376
"ZFPM2",1,0,0,0
"ZFPM2-AS1",1,0,7,0
"ZFR",3947,3858,2257,1840
"ZFR2",663,646,467,604
"ZFX",585,521,515,509
"ZFX-AS1",2,2,2,0
"ZFY",181,203,183,96
"ZFYVE1",780,686,781,730
"ZFYVE16",708,746,699,604
"ZFYVE19",475,463,336,345
"ZFYVE21",399,363,514,623
"ZFYVE26",5185,5498,1936,2415
"ZFYVE27",803,821,757,795
"ZFYVE28",131,112,210,194
"ZFYVE9",438,387,411,516
"ZG16",0,0,0,4
"ZG16B",31,45,27,30
"ZGLP1",80,103,83,117
"ZGPAT",1080,1078,934,998
"ZGRF1",212,297,221,198
"ZHX1",569,585,478,444
"ZHX1-C8orf76",580,515,415,526
"ZHX2",11,11,57,51
"ZHX3",1185,1198,737,814
"ZIC1",0,0,0,0
"ZIC2",1660,1630,853,745
"ZIC3",0,0,0,0
"ZIC4",0,0,0,0
"ZIC5",481,457,329,235
"ZIK1",2,0,1,0
"ZIM2",17,39,9,6
"ZIM2-AS1",2,0,0,0
"ZIM3",3,3,0,1
"ZKSCAN1",1422,1562,1223,1421
"ZKSCAN2",898,914,443,543
"ZKSCAN3",170,186,216,218
"ZKSCAN4",176,175,175,245
"ZKSCAN5",1027,948,655,800
"ZKSCAN7",120,110,90,119
"ZKSCAN8",1202,1379,944,811
"ZMAT1",121,138,127,176
"ZMAT2",2738,2514,1705,1948
"ZMAT3",1919,1778,2421,2060
"ZMAT4",0,0,0,0
"ZMAT5",612,536,313,361
"ZMIZ1",501,508,905,925
"ZMIZ1-AS1",4,2,14,3
"ZMIZ2",1489,1439,2074,1923
"ZMPSTE24",1970,1739,1170,802
"ZMYM1",378,382,183,87
"ZMYM2",1930,2032,1522,1435
"ZMYM3",2153,2020,2240,2678
"ZMYM4",2134,2132,1830,2060
"ZMYM5",441,363,310,274
"ZMYM6",262,325,261,274
"ZMYM6NB",697,579,433,372
"ZMYND10",7,14,21,20
"ZMYND11",1250,1234,1115,1031
"ZMYND12",8,7,7,7
"ZMYND15",2,1,7,11
"ZMYND19",1332,1255,707,752
"ZMYND8",2968,2986,1981,2066
"ZNF10",332,435,246,254
"ZNF100",179,234,133,82
"ZNF101",392,403,193,245
"ZNF106",7203,6830,5264,5768
"ZNF107",556,602,284,287
"ZNF112",72,78,47,70
"ZNF114",4328,4038,823,1148
"ZNF117",329,410,485,376
"ZNF12",1051,1103,716,642
"ZNF121",205,185,86,69
"ZNF124",249,259,357,370
"ZNF131",1014,1071,915,808
"ZNF132",59,68,26,46
"ZNF133",756,829,729,840
"ZNF134",545,507,306,332
"ZNF135",0,0,0,0
"ZNF136",199,249,104,145
"ZNF137P",21,24,23,30
"ZNF138",225,284,217,225
"ZNF14",369,291,198,212
"ZNF140",738,694,489,607
"ZNF141",50,58,17,19
"ZNF142",964,1053,554,560
"ZNF143",460,395,273,271
"ZNF146",3845,3659,1835,2314
"ZNF148",664,740,622,448
"ZNF154",16,10,7,11
"ZNF155",16,9,20,34
"ZNF157",14,8,6,13
"ZNF16",361,374,207,260
"ZNF160",807,904,592,737
"ZNF165",178,159,80,106
"ZNF169",37,51,26,31
"ZNF17",196,201,140,119
"ZNF174",605,540,314,363
"ZNF175",243,259,196,170
"ZNF177",52,69,50,56
"ZNF18",369,350,267,323
"ZNF180",331,342,253,332
"ZNF181",396,392,263,310
"ZNF182",298,368,252,349
"ZNF184",373,324,193,210
"ZNF185",37,39,16,27
"ZNF189",660,668,479,611
"ZNF19",76,82,73,81
"ZNF192P1",7,19,13,17
"ZNF195",1385,1600,967,981
"ZNF197",784,766,540,681
"ZNF197-AS1",5,5,3,2
"ZNF2",219,185,113,136
"ZNF20",139,154,115,158
"ZNF200",511,527,295,328
"ZNF202",615,695,355,411
"ZNF204P",83,82,80,106
"ZNF205",483,465,488,519
"ZNF205-AS1",61,68,65,49
"ZNF207",4843,4540,3643,3706
"ZNF208",3,5,4,7
"ZNF211",463,505,441,560
"ZNF212",791,854,408,410
"ZNF213",391,316,316,274
"ZNF213-AS1",128,147,94,111
"ZNF214",81,75,74,77
"ZNF215",226,234,122,131
"ZNF217",6879,6679,2537,2327
"ZNF219",1821,1696,1538,1618
"ZNF22",44,35,37,30
"ZNF221",12,15,23,13
"ZNF222",0,1,0,0
"ZNF223",0,0,0,0
"ZNF224",123,129,165,162
"ZNF225",80,82,91,97
"ZNF226",325,336,363,462
"ZNF227",300,302,196,279
"ZNF229",26,19,10,7
"ZNF23",515,510,411,384
"ZNF230",85,76,41,62
"ZNF232",285,292,153,233
"ZNF233",15,16,18,16
"ZNF234",3,1,0,4
"ZNF235",104,94,57,79
"ZNF236",309,354,231,197
"ZNF239",445,426,117,185
"ZNF24",2168,2138,1459,1532
"ZNF248",223,252,221,279
"ZNF25",63,69,30,45
"ZNF250",260,288,159,209
"ZNF251",622,652,486,623
"ZNF252P",536,531,304,445
"ZNF252P-AS1",10,10,8,10
"ZNF253",12,9,7,9
"ZNF254",223,287,190,195
"ZNF256",412,407,185,232
"ZNF257",0,1,0,0
"ZNF26",600,676,289,329
"ZNF260",1061,1003,682,645
"ZNF263",2105,2020,1059,1299
"ZNF264",493,493,355,467
"ZNF266",667,698,743,804
"ZNF267",581,595,328,308
"ZNF268",992,922,690,668
"ZNF271P",1083,1031,853,983
"ZNF273",130,142,80,86
"ZNF274",799,787,493,595
"ZNF275",438,451,338,366
"ZNF276",705,961,639,667
"ZNF277",229,240,283,292
"ZNF28",198,223,137,165
"ZNF280A",59,50,72,42
"ZNF280B",410,449,222,204
"ZNF280C",392,387,165,122
"ZNF280D",539,503,404,364
"ZNF281",1166,1164,985,836
"ZNF282",1630,1581,966,972
"ZNF283",139,102,112,133
"ZNF284",0,0,0,0
"ZNF285",2,2,1,1
"ZNF286A",1079,1132,1018,1201
"ZNF286B",774,839,742,871
"ZNF287",176,180,85,91
"ZNF292",622,779,529,513
"ZNF295-AS1",2,5,3,5
"ZNF296",3174,3010,475,423
"ZNF3",2179,2510,1136,1230
"ZNF30",209,233,96,101
"ZNF30-AS1",1,0,0,1
"ZNF300",1,0,2,1
"ZNF300P1",0,0,0,2
"ZNF302",858,927,671,878
"ZNF304",370,423,230,274
"ZNF311",109,98,95,74
"ZNF316",1400,1415,1068,1100
"ZNF317",1602,1545,1081,1309
"ZNF318",671,667,497,663
"ZNF319",326,302,317,343
"ZNF32",248,230,84,146
"ZNF32-AS1",53,58,19,25
"ZNF32-AS2",17,13,5,11
"ZNF32-AS3",0,1,0,0
"ZNF320",9,6,11,11
"ZNF321P",20,17,9,14
"ZNF322",965,902,675,846
"ZNF324",484,486,368,431
"ZNF324B",260,256,138,139
"ZNF326",1551,1530,750,1116
"ZNF329",514,451,386,559
"ZNF330",883,795,764,935
"ZNF331",641,836,458,458
"ZNF333",74,96,41,43
"ZNF334",0,0,0,0
"ZNF335",1378,1490,885,903
"ZNF337",1116,1414,884,1068
"ZNF337-AS1",216,250,124,164
"ZNF33A",661,694,603,788
"ZNF33B",744,838,731,968
"ZNF33BP1",0,1,0,2
"ZNF34",111,134,113,145
"ZNF341",239,244,98,109
"ZNF341-AS1",5,6,3,3
"ZNF343",640,642,325,474
"ZNF345",4,6,7,5
"ZNF346",650,550,479,517
"ZNF347",178,170,103,156
"ZNF35",382,306,276,288
"ZNF350",257,227,205,231
"ZNF350-AS1",3,4,2,4
"ZNF354A",746,780,341,444
"ZNF354B",292,355,228,200
"ZNF354C",23,16,7,4
"ZNF358",1280,1129,1139,1072
"ZNF362",398,395,482,507
"ZNF365",13,8,36,26
"ZNF366",0,0,0,0
"ZNF367",189,206,179,129
"ZNF37A",1319,1386,613,862
"ZNF37BP",489,611,460,600
"ZNF382",140,133,103,81
"ZNF383",180,130,72,98
"ZNF384",1409,1408,903,945
"ZNF385A",5859,5307,3388,3240
"ZNF385B",21,26,50,51
"ZNF385C",83,90,127,90
"ZNF385D",10,12,7,7
"ZNF385D-AS1",0,0,0,0
"ZNF385D-AS2",0,0,0,0
"ZNF391",89,97,45,41
"ZNF394",583,599,425,459
"ZNF395",763,765,718,811
"ZNF396",0,0,0,0
"ZNF397",218,215,125,180
"ZNF398",724,730,510,547
"ZNF404",14,26,14,16
"ZNF407",384,363,249,279
"ZNF408",923,896,493,543
"ZNF41",180,173,132,129
"ZNF410",1251,1044,817,889
"ZNF414",473,424,394,453
"ZNF415",224,195,133,122
"ZNF416",380,331,210,274
"ZNF417",211,214,143,215
"ZNF418",14,6,3,6
"ZNF419",350,368,304,336
"ZNF420",183,167,106,118
"ZNF423",10,8,8,13
"ZNF425",288,244,216,272
"ZNF426",33,29,21,19
"ZNF428",2203,1926,1848,2459
"ZNF429",64,56,53,54
"ZNF43",94,141,71,86
"ZNF430",174,160,143,137
"ZNF431",163,161,163,176
"ZNF432",72,64,41,92
"ZNF433",51,50,27,44
"ZNF436",550,532,431,487
"ZNF436-AS1",122,147,155,117
"ZNF438",82,96,90,68
"ZNF439",15,21,16,19
"ZNF44",182,218,254,279
"ZNF440",317,338,280,319
"ZNF441",3,1,0,0
"ZNF442",51,68,62,57
"ZNF443",137,182,128,195
"ZNF444",2112,2018,1330,1348
"ZNF445",853,853,902,1233
"ZNF446",280,281,228,293
"ZNF449",159,195,119,110
"ZNF45",361,381,325,421
"ZNF451",938,907,742,605
"ZNF454",5,1,4,2
"ZNF460",90,63,51,26
"ZNF461",116,120,102,88
"ZNF462",14,11,53,43
"ZNF467",729,775,352,524
"ZNF468",137,126,109,129
"ZNF469",231,231,403,474
"ZNF470",204,202,168,157
"ZNF471",121,143,124,122
"ZNF473",965,955,328,435
"ZNF474",1,3,1,4
"ZNF479",0,1,0,0
"ZNF48",1368,1197,969,1049
"ZNF480",531,582,344,493
"ZNF483",27,38,17,15
"ZNF484",119,131,105,98
"ZNF485",102,72,32,45
"ZNF486",1,3,0,2
"ZNF487",38,38,31,42
"ZNF488",104,117,115,114
"ZNF490",157,156,106,134
"ZNF491",0,0,0,2
"ZNF492",20,24,6,13
"ZNF493",2,4,3,3
"ZNF496",778,696,437,354
"ZNF497",343,354,266,287
"ZNF500",391,380,288,296
"ZNF501",1,0,1,1
"ZNF502",2,1,0,1
"ZNF503",71,89,192,180
"ZNF503-AS1",23,19,18,17
"ZNF503-AS2",10,12,19,32
"ZNF506",27,30,15,19
"ZNF507",981,878,537,539
"ZNF510",260,242,163,225
"ZNF511",779,653,600,633
"ZNF512",0,4,2,0
"ZNF512B",1150,1293,1165,1151
"ZNF513",700,683,711,729
"ZNF514",574,596,401,535
"ZNF516",39,30,94,60
"ZNF517",222,200,153,177
"ZNF518A",670,796,624,607
"ZNF518B",769,785,340,365
"ZNF519",116,121,80,49
"ZNF521",1840,1782,1184,1386
"ZNF524",148,133,161,137
"ZNF525",336,370,184,239
"ZNF526",1030,966,413,425
"ZNF527",153,160,98,99
"ZNF528",2,1,0,3
"ZNF528-AS1",0,1,0,0
"ZNF529",670,787,478,353
"ZNF529-AS1",97,84,80,83
"ZNF530",113,133,101,93
"ZNF532",794,765,700,747
"ZNF534",5,9,6,3
"ZNF536",1,0,0,0
"ZNF540",22,25,23,21
"ZNF541",4,4,0,2
"ZNF542P",39,32,40,27
"ZNF543",133,87,85,87
"ZNF544",1000,980,938,1066
"ZNF546",118,131,83,93
"ZNF547",92,95,78,104
"ZNF548",172,188,110,102
"ZNF549",258,308,200,200
"ZNF550",195,258,179,171
"ZNF551",165,189,60,82
"ZNF552",193,168,163,181
"ZNF554",251,216,206,196
"ZNF555",323,270,202,317
"ZNF556",1,0,0,0
"ZNF557",276,232,138,126
"ZNF558",672,678,488,502
"ZNF559",111,137,72,115
"ZNF559-ZNF177",56,71,51,57
"ZNF560",0,0,0,0
"ZNF561",1392,1385,828,843
"ZNF561-AS1",135,109,163,174
"ZNF562",532,469,341,372
"ZNF563",9,7,18,13
"ZNF564",267,234,144,184
"ZNF565",80,84,28,63
"ZNF566",279,298,100,114
"ZNF567",283,251,158,157
"ZNF568",2,2,1,1
"ZNF569",337,290,175,145
"ZNF57",430,478,214,262
"ZNF570",14,14,11,10
"ZNF571",101,97,49,70
"ZNF571-AS1",1,5,3,1
"ZNF572",0,0,0,0
"ZNF573",31,29,12,14
"ZNF574",1726,1787,920,993
"ZNF575",13,23,16,18
"ZNF576",265,248,149,184
"ZNF577",67,73,36,57
"ZNF578",17,24,12,27
"ZNF579",2359,2286,1394,1397
"ZNF580",1213,1162,1120,1145
"ZNF581",1963,1746,961,931
"ZNF582",47,46,24,28
"ZNF582-AS1",23,24,15,20
"ZNF583",195,150,79,97
"ZNF584",610,618,344,346
"ZNF585A",371,369,303,273
"ZNF585B",210,195,167,196
"ZNF586",339,309,206,228
"ZNF587",479,538,356,667
"ZNF587B",278,305,163,187
"ZNF589",545,607,411,442
"ZNF592",1355,1295,1019,999
"ZNF593",944,768,477,511
"ZNF594",265,273,293,296
"ZNF595",365,400,154,292
"ZNF596",302,280,265,234
"ZNF597",192,177,115,100
"ZNF598",2992,2985,1916,1772
"ZNF599",91,67,65,70
"ZNF600",47,59,63,79
"ZNF605",834,908,529,550
"ZNF606",343,298,249,340
"ZNF607",400,367,238,280
"ZNF608",1391,1420,1488,1531
"ZNF609",1642,1736,1354,1550
"ZNF610",10,12,2,10
"ZNF611",78,93,95,95
"ZNF613",106,111,148,204
"ZNF614",401,351,253,222
"ZNF615",5,4,1,3
"ZNF616",319,324,141,185
"ZNF618",750,807,469,467
"ZNF619",144,138,111,143
"ZNF620",195,211,161,227
"ZNF621",641,699,593,732
"ZNF622",1706,1466,1052,1333
"ZNF623",817,835,527,492
"ZNF624",130,115,40,50
"ZNF625",40,53,27,60
"ZNF625-ZNF20",157,179,131,179
"ZNF626",100,97,72,99
"ZNF627",405,362,329,363
"ZNF628",463,480,317,273
"ZNF629",2335,2367,1786,2363
"ZNF630",1,1,0,0
"ZNF630-AS1",0,0,0,0
"ZNF638",2586,2684,2271,3121
"ZNF639",1030,975,717,667
"ZNF641",259,246,477,505
"ZNF644",1470,1427,1011,789
"ZNF645",0,0,0,0
"ZNF646",1113,1132,543,620
"ZNF648",0,2,2,3
"ZNF649",133,168,49,53
"ZNF649-AS1",19,25,12,10
"ZNF652",678,645,686,804
"ZNF653",280,297,198,252
"ZNF654",312,293,315,197
"ZNF655",1411,1528,1149,1114
"ZNF658",244,250,304,348
"ZNF658B",391,405,495,549
"ZNF660",12,22,13,5
"ZNF662",2,2,10,7
"ZNF663P",0,0,0,0
"ZNF664",4144,4114,3126,3160
"ZNF664-FAM101A",110,106,91,66
"ZNF665",0,4,0,3
"ZNF667",1008,1010,470,442
"ZNF667-AS1",1280,1266,737,769
"ZNF668",988,946,411,412
"ZNF669",132,118,54,153
"ZNF670",207,203,131,136
"ZNF670-ZNF695",140,106,54,68
"ZNF671",0,1,0,1
"ZNF672",1250,1203,1119,1181
"ZNF674",169,134,121,126
"ZNF674-AS1",126,150,110,113
"ZNF675",203,273,154,181
"ZNF676",0,6,2,6
"ZNF677",0,0,0,0
"ZNF678",143,177,138,132
"ZNF679",0,4,2,0
"ZNF680",281,297,199,145
"ZNF681",117,139,122,113
"ZNF682",10,13,10,12
"ZNF683",0,1,0,1
"ZNF684",70,82,36,31
"ZNF687",724,614,729,714
"ZNF688",113,95,128,135
"ZNF689",832,765,343,480
"ZNF69",138,101,80,109
"ZNF691",531,479,291,347
"ZNF692",783,962,499,576
"ZNF695",221,186,98,103
"ZNF696",438,415,246,300
"ZNF697",269,302,394,321
"ZNF699",32,44,18,21
"ZNF7",979,1024,544,699
"ZNF70",0,0,5,0
"ZNF700",423,514,387,492
"ZNF701",39,35,42,35
"ZNF702P",1,4,1,0
"ZNF703",9019,8220,3238,3073
"ZNF704",87,80,71,84
"ZNF705A",123,124,49,27
"ZNF705B",8,8,5,3
"ZNF705D",44,40,20,8
"ZNF705E",118,120,17,17
"ZNF705G",9,14,1,0
"ZNF706",1847,1611,1935,2111
"ZNF707",491,484,501,463
"ZNF708",118,127,131,143
"ZNF709",130,125,65,83
"ZNF71",523,455,359,396
"ZNF710",390,373,408,439
"ZNF711",1,4,0,2
"ZNF713",51,52,46,59
"ZNF714",271,292,196,253
"ZNF716",1,1,0,0
"ZNF717",178,192,136,130
"ZNF718",254,226,111,127
"ZNF720",307,279,215,329
"ZNF721",1055,1187,545,591
"ZNF724P",14,6,2,8
"ZNF726",10,14,8,7
"ZNF727",0,0,1,0
"ZNF728",1,2,2,5
"ZNF729",0,0,3,3
"ZNF730",35,26,19,20
"ZNF732",87,72,47,42
"ZNF733P",0,1,0,0
"ZNF735",0,0,1,1
"ZNF736",2,2,2,0
"ZNF737",11,14,15,9
"ZNF738",225,236,181,199
"ZNF74",726,696,407,487
"ZNF740",949,976,839,857
"ZNF746",980,950,688,793
"ZNF747",2,1,1,0
"ZNF749",143,124,85,125
"ZNF750",2,1,2,0
"ZNF75A",650,670,514,702
"ZNF75D",203,236,340,398
"ZNF76",395,365,368,372
"ZNF761",543,638,326,479
"ZNF763",25,42,29,44
"ZNF764",381,350,262,280
"ZNF765",214,212,132,175
"ZNF766",551,556,224,334
"ZNF767P",456,582,490,495
"ZNF768",3265,2818,1993,2426
"ZNF77",249,272,177,159
"ZNF770",6277,5833,2362,1815
"ZNF771",605,551,398,365
"ZNF772",57,56,65,46
"ZNF773",235,242,175,205
"ZNF774",20,20,39,40
"ZNF775",994,848,923,967
"ZNF776",312,327,302,330
"ZNF777",1646,1495,849,986
"ZNF778",277,316,192,170
"ZNF780A",304,232,359,321
"ZNF780B",293,279,297,380
"ZNF781",9,17,9,16
"ZNF782",84,65,74,97
"ZNF783",1355,1432,762,923
"ZNF784",345,327,217,256
"ZNF785",3,4,5,4
"ZNF786",372,368,281,262
"ZNF787",1753,1568,1274,1388
"ZNF788",1,2,2,0
"ZNF789",223,273,210,215
"ZNF79",404,359,198,214
"ZNF790",26,12,12,20
"ZNF790-AS1",3,1,1,0
"ZNF791",220,182,140,177
"ZNF792",76,63,64,76
"ZNF793",2,1,2,1
"ZNF793-AS1",1,1,0,0
"ZNF799",144,172,127,193
"ZNF8",279,244,158,159
"ZNF80",0,0,0,0
"ZNF800",236,246,200,130
"ZNF804A",0,0,0,0
"ZNF804B",0,0,0,0
"ZNF805",352,381,293,337
"ZNF806",0,0,0,0
"ZNF808",59,54,30,39
"ZNF81",70,97,54,64
"ZNF812",18,10,4,16
"ZNF813",47,39,19,37
"ZNF814",323,418,307,344
"ZNF815P",12,13,30,28
"ZNF816",120,93,69,84
"ZNF816-ZNF321P",26,23,13,17
"ZNF818P",2,0,1,0
"ZNF821",113,142,148,173
"ZNF823",303,299,284,365
"ZNF826P",0,0,0,0
"ZNF827",62,75,76,101
"ZNF829",0,0,0,0
"ZNF83",713,896,1132,1241
"ZNF830",877,840,508,744
"ZNF831",0,0,0,0
"ZNF833P",21,22,28,39
"ZNF835",6,1,0,1
"ZNF836",40,48,43,32
"ZNF837",188,182,172,163
"ZNF839",635,641,496,465
"ZNF84",1080,1260,803,1092
"ZNF841",4,3,1,2
"ZNF843",14,8,13,3
"ZNF844",10,4,7,16
"ZNF845",357,335,136,214
"ZNF846",105,121,101,90
"ZNF847P",0,0,0,0
"ZNF85",122,129,78,105
"ZNF850",317,322,76,110
"ZNF852",142,113,191,210
"ZNF853",442,422,346,412
"ZNF860",93,106,68,88
"ZNF862",179,181,259,247
"ZNF865",1432,1343,912,842
"ZNF876P",144,122,69,66
"ZNF878",42,45,35,37
"ZNF879",64,78,44,54
"ZNF880",2,2,1,4
"ZNF883",6,4,8,5
"ZNF890P",3,4,7,7
"ZNF891",224,218,98,99
"ZNF90",1,1,0,1
"ZNF91",401,465,297,270
"ZNF92",267,308,177,176
"ZNF93",8,13,6,8
"ZNF98",8,13,4,6
"ZNF99",1,5,3,4
"ZNFX1",1252,1328,782,823
"ZNHIT1",1988,1826,1518,1385
"ZNHIT2",559,498,389,370
"ZNHIT3",1100,1090,686,754
"ZNHIT6",1360,1389,637,690
"ZNRD1",1205,989,428,562
"ZNRD1-AS1",37,49,49,57
"ZNRF1",648,592,836,732
"ZNRF2",57,52,69,42
"ZNRF2P1",20,24,17,27
"ZNRF2P2",1,6,0,4
"ZNRF3",616,565,410,342
"ZNRF3-AS1",4,3,9,9
"ZNRF4",1,2,0,1
"ZP1",1,1,2,3
"ZP2",1,0,2,0
"ZP3",79,60,65,110
"ZP4",0,1,6,6
"ZPBP",0,0,0,0
"ZPBP2",1,1,0,0
"ZPLD1",1,0,0,0
"ZPR1",1842,1612,1001,1149
"ZRANB1",1176,1196,1055,976
"ZRANB2",3174,3372,1938,1313
"ZRANB2-AS1",288,270,146,156
"ZRANB2-AS2",6,7,4,6
"ZRANB3",386,355,257,294
"ZRSR2",245,245,216,316
"ZSCAN1",0,0,0,0
"ZSCAN10",214,229,34,39
"ZSCAN12",198,204,151,197
"ZSCAN12P1",78,77,40,51
"ZSCAN16",3,0,4,0
"ZSCAN16-AS1",182,154,120,134
"ZSCAN18",2229,2135,1451,1516
"ZSCAN2",245,215,180,191
"ZSCAN20",164,203,116,123
"ZSCAN21",555,540,399,421
"ZSCAN22",216,162,150,225
"ZSCAN23",7,6,9,5
"ZSCAN25",526,512,466,391
"ZSCAN26",356,314,387,512
"ZSCAN29",659,702,505,652
"ZSCAN30",439,490,523,519
"ZSCAN31",45,46,50,55
"ZSCAN32",702,630,356,393
"ZSCAN4",2812,2827,254,276
"ZSCAN5A",529,474,166,231
"ZSCAN5B",383,347,24,29
"ZSCAN9",199,229,132,188
"ZSWIM1",252,244,186,263
"ZSWIM2",0,0,1,0
"ZSWIM3",90,76,121,120
"ZSWIM4",533,568,476,445
"ZSWIM5",197,186,161,175
"ZSWIM6",52,58,181,116
"ZSWIM7",590,552,359,396
"ZSWIM8",1089,1094,1130,1113
"ZSWIM8-AS1",272,317,317,286
"ZUFSP",474,463,314,403
"ZW10",1059,1075,690,858
"ZWILCH",925,952,698,628
"ZWINT",2891,2776,1947,2035
"ZXDA",104,100,90,52
"ZXDB",352,345,272,185
"ZXDC",937,929,692,726
"ZYG11A",271,332,159,198
"ZYG11B",525,543,562,521
"ZYX",11147,9606,8846,8190
"ZZEF1",1064,1089,1044,900
"ZZZ3",834,731,786,761
