A1BG	NA	313	1766	7.73173
A1BG-AS1	NA	286	2130	5.85746
A1CF	NA	481	9529	2.20202
A2M	NA	6	4653	0.0562524
A2M-AS1	NA	0	2187	0
A2ML1	NA	0	5363	0
A2MP1	NA	0	1201	0
A3GALT2	NA	0	1023	0
A4GALT	NA	54	2092	1.12604
A4GNT	NA	1	1771	0.0246323
AA06	NA	0	632	0
AAAS	NA	1979	1837	46.9959
AACS	NA	648	3321	8.51196
AACSP1	NA	0	2173	0
AADAC	NA	0	1606	0
AADACL2	NA	0	1500	0
AADACL2-AS1	NA	0	772	0
AADACL3	NA	0	4049	0
AADACL4	NA	0	1575	0
AADACP1	NA	0	1289	0
AADAT	NA	121	2579	2.04671
AAED1	NA	296	1225	10.5409
AAGAB	NA	3677	3406	47.0947
AAK1	NA	771	21265	1.58166
AAMDC	NA	280	504	24.2354
AAMP	NA	4399	1835	104.578
AANAT	NA	1	2149	0.0202996
AAR2	NA	1564	2765	24.6754
AARD	NA	0	1786	0
AARS	NA	2564	3344	33.4484
AARS2	NA	1739	4782	15.864
AARSD1	NA	1010	1364	32.3021
AASDH	NA	288	3906	3.2165
AASDHPPT	NA	1590	2861	24.2439
AASS	NA	39	5871	0.289785
AATBC	NA	12	4598	0.113851
AATF	NA	2737	2141	55.7675
AATK	NA	109	5358	0.887456
AATK-AS1	NA	0	1577	0
ABALON	NA	1269	1903	29.0902
ABAT	NA	180	5930	1.32416
ABCA1	NA	1279	10502	5.31278
ABCA10	NA	38	6331	0.261839
ABCA11P	NA	361	1895	8.31039
ABCA12	NA	6	9370	0.0279341
ABCA13	NA	2	17184	0.00507725
ABCA17P	NA	9	4188	0.0937474
ABCA2	NA	1064	8360	5.55212
ABCA3	NA	997	6623	6.56695
ABCA4	NA	0	7325	0
ABCA5	NA	1101	9380	5.12044
ABCA6	NA	12	5296	0.0988454
ABCA7	NA	427	6818	2.73208
ABCA8	NA	2	6004	0.0145316
ABCA9	NA	38	6301	0.263086
ABCA9-AS1	NA	0	523	0
ABCB1	NA	3	4716	0.0277505
ABCB10	NA	391	3857	4.42232
ABCB11	NA	0	4775	0
ABCB4	NA	1	3988	0.0109388
ABCB5	NA	2	7728	0.0112898
ABCB6	NA	335	3018	4.84227
ABCB7	NA	628	2528	10.8369
ABCB8	NA	1119	4735	10.3094
ABCB9	NA	605	3909	6.7517
ABCC1	NA	2266	6563	15.0619
ABCC10	NA	337	5464	2.69056
ABCC11	NA	6	4908	0.0533298
ABCC12	NA	0	5168	0
ABCC13	NA	0	2924	0
ABCC2	NA	6	5446	0.0480614
ABCC3	NA	1	5271	0.00827619
ABCC4	NA	833	6265	5.80026
ABCC5	NA	1642	7060	10.1459
ABCC5-AS1	NA	0	469	0
ABCC6	NA	226	5579	1.76716
ABCC6P1	NA	48	2724	0.768701
ABCC6P2	NA	84	706	5.19036
ABCC8	NA	34	4924	0.30122
ABCC9	NA	0	8462	0
ABCD1	NA	257	3664	3.05986
ABCD2	NA	0	5341	0
ABCD3	NA	434	3797	4.98623
ABCD4	NA	780	3157	10.7781
ABCE1	NA	4234	4194	44.0398
ABCF1	NA	3270	23274	6.12915
ABCF2	NA	4750	4967	41.7179
ABCF3	NA	903	2572	15.3158
ABCG1	NA	71	3605	0.859164
ABCG2	NA	3388	4760	31.0499
ABCG4	NA	57	3935	0.631907
ABCG5	NA	1	2740	0.0159211
ABCG8	NA	2	2665	0.0327383
ABHD1	NA	132	1446	3.98225
ABHD10	NA	454	2806	7.05816
ABHD11	NA	915	1652	24.1621
ABHD11-AS1	NA	2	473	0.184456
ABHD12	NA	1368	2411	24.7521
ABHD12B	NA	1	1708	0.0255409
ABHD13	NA	371	5302	3.05251
ABHD14A	NA	138	1108	5.43329
ABHD14A-ACY1	NA	347	1879	8.05612
ABHD14B	NA	434	2437	7.76886
ABHD15	NA	274	3355	3.56272
ABHD16A	NA	2023	17304	5.10003
ABHD16B	NA	330	1776	8.10577
ABHD17A	NA	1223	1716	31.0908
ABHD17B	NA	546	3260	7.30631
ABHD17C	NA	6	2360	0.110908
ABHD2	NA	2264	9133	10.814
ABHD3	NA	524	2504	9.12894
ABHD4	NA	1264	2509	21.9771
ABHD5	NA	206	5353	1.67878
ABHD6	NA	257	2393	4.68504
ABHD8	NA	1027	2090	21.4362
ABI1	NA	1002	3776	11.576
ABI2	NA	1796	6927	11.3106
ABI3	NA	3	2109	0.0620537
ABI3BP	NA	0	4473	0
ABL1	NA	2233	6152	15.8342
ABL2	NA	1272	12649	4.38686
ABLIM1	NA	90	8303	0.472858
ABLIM2	NA	15	5080	0.12881
ABLIM3	NA	2	4778	0.0182603
ABO	NA	0	1579	0
ABR	NA	2813	6656	18.4365
ABRA	NA	0	2754	0
ABRACL	NA	826	845	42.6429
ABT1	NA	2193	2263	42.2744
ABTB1	NA	72	2022	1.55337
ABTB2	NA	215	4903	1.91293
ACAA1	NA	806	1987	17.6954
ACAA2	NA	2226	1934	50.2102
ACACA	NA	4260	11380	16.3302
ACACB	NA	150	9249	0.707489
ACAD10	NA	329	4107	3.49458
ACAD11	NA	1542	3556	18.9167
ACAD8	NA	494	2201	9.79107
ACAD9	NA	1085	2751	17.2053
ACADL	NA	3	2490	0.0525588
ACADM	NA	872	2733	13.9187
ACADS	NA	91	2087	1.90214
ACADSB	NA	311	5941	2.28362
ACADVL	NA	4628	2519	80.1472
ACAN	NA	6	8840	0.0296089
ACAP1	NA	35	2508	0.608785
ACAP2	NA	1429	7170	8.69433
ACAP3	NA	1175	3759	13.6361
ACAT1	NA	1738	2134	35.5286
ACAT2	NA	2886	1909	65.9498
ACBD3	NA	1220	3565	14.9288
ACBD4	NA	60	2756	0.949719
ACBD5	NA	685	4255	7.02286
ACBD6	NA	1826	1616	49.2927
ACBD7	NA	306	3370	3.96109
ACCS	NA	0	2256	0
ACCSL	NA	0	1820	0
ACD	NA	856	2066	18.0745
ACE	NA	44	5219	0.36778
ACE2	NA	1	3507	0.0124391
ACER1	NA	0	1088	0
ACER2	NA	86	2852	1.31544
ACER3	NA	472	7502	2.74466
ACHE	NA	609	3086	8.60884
ACIN1	NA	5866	5143	49.7564
ACKR1	NA	0	2210	0
ACKR2	NA	5	2960	0.0736888
ACKR3	NA	4	2100	0.0830929
ACKR4	NA	6	2592	0.100981
ACLY	NA	6544	4369	65.3408
ACMSD	NA	2	1357	0.0642944
ACO1	NA	1020	3620	12.2918
ACO2	NA	3132	2741	49.8466
ACOT1	NA	432	1603	11.7564
ACOT11	NA	91	3391	1.17068
ACOT12	NA	2	1989	0.043865
ACOT13	NA	1360	4393	13.5052
ACOT2	NA	883	2289	16.8282
ACOT4	NA	0	1632	0
ACOT6	NA	1	1004	0.04345
ACOT7	NA	2797	2389	51.074
ACOT8	NA	435	1171	16.2052
ACOT9	NA	1162	1727	29.352
ACOX1	NA	1111	7919	6.12022
ACOX2	NA	296	2309	5.59231
ACOX3	NA	423	2874	6.42062
ACOXL	NA	1	2373	0.0183834
ACP1	NA	2928	1882	67.8695
ACP2	NA	660	2316	12.4316
ACP5	NA	5	1810	0.120508
ACP6	NA	360	1808	8.68615
ACPP	NA	0	3818	0
ACPT	NA	0	1347	0
ACR	NA	28	1370	0.891581
ACRBP	NA	4	1886	0.0925213
ACRC	NA	106	3178	1.45504
ACRV1	NA	0	1175	0
ACSBG1	NA	29	2980	0.424527
ACSBG2	NA	8	2789	0.125131
ACSF2	NA	329	2424	5.92088
ACSF3	NA	747	4296	7.58542
ACSL1	NA	387	4743	3.55943
ACSL3	NA	1303	4361	13.0341
ACSL4	NA	82	5335	0.670506
ACSL5	NA	51	3744	0.594234
ACSL6	NA	1	6915	0.00630857
ACSM1	NA	1	2051	0.0212695
ACSM2A	NA	0	3336	0
ACSM2B	NA	0	2441	0
ACSM3	NA	77	2291	1.46619
ACSM4	NA	0	1743	0
ACSM5	NA	0	2419	0
ACSM6	NA	0	1713	0
ACSS1	NA	2	4020	0.0217034
ACSS2	NA	863	3193	11.7906
ACSS3	NA	1	3033	0.014383
ACTA1	NA	25	1492	0.730961
ACTA2	NA	2634	1851	62.0773
ACTA2-AS1	NA	1112	2043	23.7443
ACTB	NA	103427	1812	2490
ACTBL2	NA	0	2794	0
ACTC1	NA	36	3693	0.425252
ACTG1	NA	97010	2105	2010.42
ACTG1P17	NA	27	1652	0.712979
ACTG1P20	NA	320	2652	5.2638
ACTG1P4	NA	20	1983	0.439978
ACTG2	NA	12	1331	0.393302
ACTL10	NA	7	2028	0.150575
ACTL6A	NA	849	1946	19.0322
ACTL6B	NA	6	1531	0.170962
ACTL7A	NA	0	1528	0
ACTL7B	NA	4	1407	0.124019
ACTL8	NA	27	1861	0.632908
ACTL9	NA	0	1434	0
ACTN1	NA	8365	3791	96.2577
ACTN1-AS1	NA	3	599	0.218483
ACTN2	NA	98	5110	0.83662
ACTN3	NA	664	3331	8.69594
ACTN4	NA	5926	3954	65.3805
ACTR10	NA	715	2441	12.778
ACTR1A	NA	3823	2873	58.0486
ACTR1B	NA	1292	2258	24.961
ACTR2	NA	6680	3937	74.0175
ACTR3	NA	4706	5881	34.9079
ACTR3B	NA	856	2217	16.8435
ACTR3BP2	NA	3	1338	0.0978111
ACTR3BP5	NA	8	1645	0.212152
ACTR3C	NA	321	1420	9.86143
ACTR5	NA	355	2479	6.24705
ACTR6	NA	362	2619	6.02971
ACTR8	NA	813	3628	9.77567
ACTRT1	NA	0	1442	0
ACTRT2	NA	0	1422	0
ACTRT3	NA	90	2003	1.96013
ACVR1	NA	277	3112	3.88296
ACVR1B	NA	571	4807	5.18185
ACVR1C	NA	3	9077	0.0144179
ACVR2A	NA	104	5443	0.833524
ACVR2B	NA	743	11373	2.84995
ACVR2B-AS1	NA	30	2517	0.51995
ACVRL1	NA	18	4404	0.178299
ACY1	NA	315	1678	8.18921
ACY3	NA	0	1300	0
ACYP1	NA	238	976	10.6378
ACYP2	NA	128	1222	4.56943
ADA	NA	396	1532	11.2761
ADAD1	NA	0	2255	0
ADAD2	NA	0	2304	0
ADAL	NA	1	4942	0.00882715
ADAM10	NA	1217	5034	10.5463
ADAM11	NA	724	4402	7.17483
ADAM12	NA	1	8937	0.00488125
ADAM15	NA	835	3424	10.6384
ADAM17	NA	763	3553	9.36812
ADAM18	NA	0	3268	0
ADAM19	NA	11	6529	0.0734969
ADAM1A	NA	91	2840	1.3978
ADAM2	NA	0	2671	0
ADAM20	NA	1	2792	0.0156246
ADAM20P1	NA	11	3036	0.158057
ADAM21	NA	2	2664	0.0327506
ADAM21P1	NA	0	2049	0
ADAM22	NA	234	9510	1.07339
ADAM23	NA	319	6225	2.2355
ADAM28	NA	1	7648	0.00570395
ADAM29	NA	0	3440	0
ADAM30	NA	0	2992	0
ADAM32	NA	3	2727	0.0479909
ADAM33	NA	2	3559	0.0245146
ADAM3A	NA	0	2768	0
ADAM5	NA	0	1705	0
ADAM6	NA	0	1843	0
ADAM7	NA	0	3396	0
ADAM8	NA	145	3301	1.91622
ADAM9	NA	1891	4098	20.13
ADAMDEC1	NA	0	2438	0
ADAMTS1	NA	2511	4651	23.5518
ADAMTS10	NA	215	4364	2.1492
ADAMTS12	NA	0	4954	0
ADAMTS13	NA	215	5257	1.78412
ADAMTS14	NA	12	5267	0.0993896
ADAMTS15	NA	0	5676	0
ADAMTS16	NA	0	4974	0
ADAMTS17	NA	12	6331	0.082686
ADAMTS18	NA	1	5913	0.0073776
ADAMTS19	NA	0	5089	0
ADAMTS19-AS1	NA	0	786	0
ADAMTS2	NA	3	7070	0.0185108
ADAMTS20	NA	0	5733	0
ADAMTS3	NA	329	5822	2.46517
ADAMTS4	NA	14	4332	0.140982
ADAMTS5	NA	0	9663	0
ADAMTS6	NA	60	7268	0.36013
ADAMTS7	NA	871	5490	6.921
ADAMTS7P1	NA	94	9966	0.411462
ADAMTS8	NA	5	3663	0.0595465
ADAMTS9	NA	2	7312	0.0119321
ADAMTS9-AS1	NA	0	3930	0
ADAMTS9-AS2	NA	0	2228	0
ADAMTSL1	NA	0	7996	0
ADAMTSL2	NA	1	4133	0.010555
ADAMTSL3	NA	32	7352	0.189875
ADAMTSL4	NA	1585	4422	15.6363
ADAMTSL4-AS1	NA	20	1036	0.842158
ADAMTSL5	NA	265	2857	4.04631
ADAP1	NA	179	2789	2.7998
ADAP2	NA	65	2749	1.03148
ADAR	NA	6242	7092	38.3953
ADARB1	NA	3114	7145	19.0125
ADARB2	NA	0	8426	0
ADARB2-AS1	NA	0	644	0
ADAT1	NA	197	3603	2.3852
ADAT2	NA	801	7493	4.66337
ADAT3	NA	450	1626	12.073
ADCK1	NA	390	2234	7.61561
ADCK2	NA	373	2364	6.88311
ADCK3	NA	1367	2924	20.3946
ADCK4	NA	471	2497	8.22859
ADCK5	NA	151	1988	3.31348
ADCY1	NA	47	12931	0.158558
ADCY10	NA	1	5469	0.00797655
ADCY10P1	NA	38	4569	0.362815
ADCY2	NA	0	6553	0
ADCY3	NA	1678	4396	16.6517
ADCY4	NA	0	3720	0
ADCY5	NA	21	6257	0.146412
ADCY6	NA	947	6102	6.77019
ADCY7	NA	145	6264	1.00981
ADCY8	NA	1	4101	0.0106374
ADCY9	NA	391	7727	2.20744
ADCYAP1	NA	1	3377	0.0129179
ADCYAP1R1	NA	2	6575	0.0132696
ADD1	NA	3345	5017	29.0854
ADD2	NA	119	5943	0.873503
ADD3	NA	743	4628	7.00356
ADD3-AS1	NA	9	1280	0.30673
ADGB	NA	0	5289	0
ADGRA1	NA	1	4277	0.0101996
ADGRA1-AS1	NA	0	470	0
ADGRA2	NA	2164	6034	15.645
ADGRA3	NA	1390	4567	13.2772
ADGRB1	NA	330	5528	2.60417
ADGRB2	NA	1665	5440	13.3518
ADGRB3	NA	0	5637	0
ADGRD1	NA	5	5384	0.0405124
ADGRE1	NA	3	3244	0.0403426
ADGRE2	NA	67	6467	0.451955
ADGRE3	NA	0	2423	0
ADGRE4P	NA	1	2732	0.0159677
ADGRE5	NA	918	3492	11.4681
ADGRF1	NA	0	6080	0
ADGRF2	NA	0	5126	0
ADGRF3	NA	33	5399	0.266639
ADGRF4	NA	0	3162	0
ADGRF5	NA	1	6022	0.00724407
ADGRG1	NA	116	5018	1.00844
ADGRG2	NA	2	4853	0.0179781
ADGRG3	NA	0	2670	0
ADGRG4	NA	0	9931	0
ADGRG5	NA	3	4028	0.0324904
ADGRG6	NA	1116	6961	6.99384
ADGRG7	NA	2	3281	0.0265918
ADGRL1	NA	4679	7857	25.9788
ADGRL2	NA	2	6208	0.0140541
ADGRL3	NA	0	6125	0
ADGRL3-AS1	NA	0	467	0
ADGRL4	NA	0	3619	0
ADGRV1	NA	6	19333	0.0135386
ADH1A	NA	0	1500	0
ADH1B	NA	0	2814	0
ADH1C	NA	0	1758	0
ADH4	NA	1	2152	0.0202713
ADH5	NA	4530	2651	74.5438
ADH6	NA	2	3006	0.0290245
ADH7	NA	0	2397	0
ADHFE1	NA	116	1895	2.67037
ADI1	NA	3303	4616	31.2152
ADIG	NA	0	772	0
ADIPOQ	NA	0	4629	0
ADIPOQ-AS1	NA	0	3442	0
ADIPOR1	NA	2251	2423	40.5271
ADIPOR2	NA	2204	3965	24.2489
ADIRF	NA	35	672	2.27207
ADK	NA	780	2439	13.951
ADM	NA	3090	1590	84.7783
ADM2	NA	2	4273	0.0204183
ADM5	NA	150	2112	3.09828
ADNP	NA	2539	6517	16.9957
ADNP-AS1	NA	21	1031	0.888554
ADNP2	NA	1511	5387	12.236
ADO	NA	1162	3724	13.6119
ADORA1	NA	79	2919	1.18064
ADORA2A	NA	33	2957	0.48684
ADORA2A-AS1	NA	2	3761	0.023198
ADORA2B	NA	252	1885	5.83193
ADORA3	NA	2	2309	0.0377859
ADPGK	NA	1405	2775	22.087
ADPGK-AS1	NA	38	2730	0.607217
ADPRH	NA	0	3682	0
ADPRHL1	NA	29	2178	0.580849
ADPRHL2	NA	903	1691	23.2952
ADPRM	NA	147	1518	4.22444
ADRA1A	NA	0	3560	0
ADRA1B	NA	419	2254	8.1093
ADRA1D	NA	2	2666	0.032726
ADRA2A	NA	5	3873	0.0563178
ADRA2B	NA	5	3362	0.0648777
ADRA2C	NA	348	1958	7.75336
ADRB1	NA	29	2862	0.44203
ADRB2	NA	0	2042	0
ADRB3	NA	0	2646	0
ADRBK1	NA	1158	3444	14.6679
ADRBK2	NA	480	9055	2.31247
ADRM1	NA	4324	1480	127.452
ADSL	NA	2324	1563	64.8635
ADSS	NA	1114	2782	17.4683
ADSSL1	NA	60	2078	1.25959
ADTRP	NA	847	1858	19.8866
AEBP1	NA	21	4086	0.224204
AEBP2	NA	908	5807	6.82114
AEN	NA	4473	3116	62.6217
AES	NA	7070	1943	158.734
AFAP1	NA	231	7770	1.29692
AFAP1-AS1	NA	12	6794	0.0770511
AFAP1L1	NA	11	4212	0.113927
AFAP1L2	NA	0	4157	0
AFF1	NA	190	9709	0.853694
AFF2	NA	4	13887	0.0125654
AFF3	NA	11	8212	0.0584342
AFF4	NA	3070	9580	13.9796
AFG3L1P	NA	600	3903	6.70619
AFG3L2	NA	5322	3209	72.3483
AFM	NA	0	1997	0
AFMID	NA	345	2160	6.96769
AFP	NA	0	2039	0
AFTPH	NA	458	4123	4.84591
AGA	NA	171	2102	3.54884
AGAP1	NA	776	11367	2.9781
AGAP1-IT1	NA	17	664	1.11687
AGAP11	NA	213	3155	2.94512
AGAP2	NA	474	6088	3.39646
AGAP2-AS1	NA	121	1531	3.44773
AGAP3	NA	1731	5606	13.47
AGAP4	NA	755	2898	11.3651
AGAP5	NA	452	2426	8.12776
AGAP6	NA	745	2772	11.7243
AGAP7P	NA	674	2407	12.2154
AGAP9	NA	437	2387	7.98642
AGBL1	NA	0	3493	0
AGBL1-AS1	NA	0	904	0
AGBL2	NA	17	3593	0.206402
AGBL3	NA	11	3533	0.135823
AGBL4	NA	0	2988	0
AGBL4-IT1	NA	0	514	0
AGBL5	NA	2581	3415	32.9701
AGBL5-AS1	NA	1	407	0.107184
AGER	NA	169	12824	0.574892
AGFG1	NA	1874	8738	9.3558
AGFG2	NA	1280	4811	11.6064
AGGF1	NA	582	4508	5.632
AGK	NA	929	2925	13.8552
AGL	NA	623	8217	3.30749
AGMAT	NA	25	3154	0.345781
AGMO	NA	0	2475	0
AGO1	NA	861	7478	5.02274
AGO2	NA	561	3500	6.99227
AGO3	NA	268	3645	3.20745
AGO4	NA	352	7060	2.17501
AGPAT1	NA	3038	16442	8.0604
AGPAT2	NA	1134	1548	31.9569
AGPAT3	NA	601	6609	3.967
AGPAT4	NA	341	7879	1.88802
AGPAT4-IT1	NA	1	1851	0.0235677
AGPAT5	NA	2847	5519	22.5035
AGPAT6	NA	1772	6310	12.2506
AGPAT9	NA	50	2922	0.746471
AGPS	NA	2445	7665	13.9152
AGR2	NA	0	983	0
AGR3	NA	0	750	0
AGRN	NA	5108	7394	30.1366
AGRP	NA	0	764	0
AGT	NA	0	2581	0
AGTPBP1	NA	2464	4539	23.6812
AGTR1	NA	0	2571	0
AGTR2	NA	0	2899	0
AGTRAP	NA	866	1280	29.5142
AGXT	NA	5	1598	0.136495
AGXT2	NA	0	2406	0
AHCTF1	NA	3654	8631	18.4685
AHCTF1P1	NA	1729	8836	8.53616
AHCY	NA	10251	2538	176.197
AHCYL1	NA	2647	4968	23.2432
AHCYL2	NA	2011	5778	15.183
AHDC1	NA	1907	6358	13.0844
AHI1	NA	865	5898	6.39786
AHNAK	NA	22989	19265	52.0564
AHNAK2	NA	4843	18317	11.5341
AHR	NA	3	6247	0.0209495
AHRR	NA	59	5660	0.454735
AHSA1	NA	3283	1400	102.298
AHSA2	NA	1160	3031	16.6953
AHSG	NA	1	1573	0.0277328
AHSP	NA	1	506	0.086213
AICDA	NA	0	2794	0
AIDA	NA	2484	3006	36.0484
AIF1	NA	148	9312	0.693333
AIF1L	NA	415	3537	5.11842
AIFM1	NA	2254	3253	30.2269
AIFM2	NA	52	3250	0.69798
AIFM3	NA	63	2528	1.08714
AIG1	NA	250	4731	2.30521
AIM1	NA	1	7542	0.00578411
AIM1L	NA	57	5245	0.474081
AIM2	NA	0	1484	0
AIMP1	NA	1473	3260	19.711
AIMP2	NA	1805	1219	64.5947
AIP	NA	632	1433	19.2395
AIPL1	NA	0	3594	0
AIRE	NA	12	2299	0.227701
AIRN	NA	0	4374	0
AJAP1	NA	0	3317	0
AJUBA	NA	235	5198	1.97222
AK1	NA	1183	2266	22.7745
AK2	NA	5414	5771	40.9252
AK3	NA	2350	4621	22.1848
AK4	NA	1748	7226	10.5528
AK5	NA	1	4335	0.0100632
AK6	NA	1614	1303	54.0359
AK7	NA	8	3300	0.105755
AK8	NA	46	2106	0.952846
AK9	NA	15	7552	0.0866468
AKAP1	NA	698	4664	6.5286
AKAP10	NA	676	3941	7.48279
AKAP11	NA	883	9920	3.88304
AKAP12	NA	3699	8789	18.3598
AKAP13	NA	1030	13606	3.3024
AKAP14	NA	1	912	0.0478331
AKAP17A	NA	2228	6556	14.8252
AKAP2	NA	5	7098	0.0307296
AKAP3	NA	44	3340	0.574684
AKAP4	NA	0	3005	0
AKAP5	NA	42	6487	0.282442
AKAP6	NA	16	10387	0.0671975
AKAP7	NA	42	3461	0.529384
AKAP8	NA	1746	3543	21.4979
AKAP8L	NA	3203	2350	59.4583
AKAP9	NA	864	12463	3.02423
AKIP1	NA	940	1528	26.8366
AKIRIN1	NA	3346	2726	53.5455
AKIRIN2	NA	1358	1932	30.6631
AKNA	NA	262	7383	1.54807
AKNAD1	NA	0	3248	0
AKR1A1	NA	1111	1580	30.6747
AKR1B1	NA	2909	1398	90.7736
AKR1B10	NA	3	1596	0.0819996
AKR1B15	NA	1	1625	0.0268454
AKR1C1	NA	9	1379	0.284709
AKR1C2	NA	11	4155	0.11549
AKR1C3	NA	2	1980	0.0440644
AKR1C4	NA	0	1192	0
AKR1C6P	NA	1	1397	0.0312268
AKR1C8P	NA	0	2127	0
AKR1D1	NA	16	2710	0.257557
AKR1E2	NA	51	1709	1.30182
AKR7A2	NA	1261	2619	21.004
AKR7A2P1	NA	18	1324	0.593072
AKR7A3	NA	88	1241	3.09339
AKR7L	NA	158	2314	2.97863
AKT1	NA	3628	3248	48.7275
AKT1S1	NA	4482	3010	64.9574
AKT2	NA	3205	5300	26.38
AKT3	NA	875	7341	5.19967
AKTIP	NA	385	2511	6.68863
ALAD	NA	376	3183	5.15317
ALAS1	NA	1475	2452	26.2419
ALAS2	NA	0	2134	0
ALB	NA	1	2247	0.0194142
ALCAM	NA	2	6373	0.0136902
ALDH16A1	NA	953	3106	13.3849
ALDH18A1	NA	3242	3463	40.8398
ALDH1A1	NA	0	2369	0
ALDH1A2	NA	0	3799	0
ALDH1A3	NA	5	3607	0.060471
ALDH1B1	NA	2559	3070	36.3626
ALDH1L1	NA	1	3514	0.0124143
ALDH1L1-AS1	NA	1	437	0.0998256
ALDH1L1-AS2	NA	0	2323	0
ALDH1L2	NA	24	7539	0.138874
ALDH2	NA	839	2060	17.7672
ALDH3A1	NA	1	2256	0.0193368
ALDH3A2	NA	1063	3827	12.1171
ALDH3B1	NA	19	2982	0.277952
ALDH3B2	NA	0	2689	0
ALDH4A1	NA	739	3581	9.0025
ALDH5A1	NA	422	5170	3.56078
ALDH6A1	NA	331	4847	2.97905
ALDH7A1	NA	7386	4936	65.2766
ALDH8A1	NA	11	2558	0.187592
ALDH9A1	NA	1901	2500	33.1715
ALDOA	NA	17246	3223	233.427
ALDOB	NA	4	2426	0.0719271
ALDOC	NA	1127	1651	29.7783
ALG1	NA	1159	3934	12.852
ALG10	NA	101	3127	1.40902
ALG10B	NA	226	10074	0.978655
ALG11	NA	393	2565	6.68388
ALG12	NA	848	2373	15.5891
ALG13	NA	455	7005	2.83352
ALG14	NA	182	1094	7.25734
ALG1L	NA	41	921	1.94199
ALG1L2	NA	93	969	4.1868
ALG1L9P	NA	32	3870	0.360713
ALG2	NA	1072	2989	15.6456
ALG3	NA	2138	1833	50.8825
ALG5	NA	791	1213	28.4472
ALG6	NA	271	3371	3.50698
ALG8	NA	1884	1743	47.1527
ALG9	NA	1636	6665	10.708
ALK	NA	5	6265	0.0348155
ALKBH1	NA	766	2585	12.9268
ALKBH2	NA	1112	1197	40.526
ALKBH3	NA	390	1569	10.8434
ALKBH3-AS1	NA	2	1927	0.0452764
ALKBH4	NA	638	2121	13.1221
ALKBH5	NA	3544	3433	45.0343
ALKBH6	NA	668	1060	27.4912
ALKBH7	NA	580	1331	19.0096
ALKBH8	NA	488	4067	5.23442
ALLC	NA	7	1444	0.211473
ALMS1	NA	790	12922	2.66699
ALMS1-IT1	NA	50	1761	1.23861
ALMS1P	NA	4	1592	0.109607
ALOX12	NA	47	2358	0.869515
ALOX12-AS1	NA	27	651	1.80928
ALOX12B	NA	33	2502	0.575374
ALOX12P2	NA	3	2995	0.0436966
ALOX15	NA	10	2684	0.162533
ALOX15B	NA	2	2715	0.0321354
ALOX15P1	NA	0	672	0
ALOX5	NA	0	2561	0
ALOX5AP	NA	0	1270	0
ALOXE3	NA	252	3454	3.18274
ALPI	NA	1	3274	0.0133243
ALPK1	NA	2	5412	0.0161211
ALPK2	NA	3	7300	0.0179276
ALPK3	NA	9	10917	0.0359635
ALPL	NA	51	2596	0.857016
ALPP	NA	568	2971	8.34005
ALPPL2	NA	2301	2494	40.2479
ALS2	NA	3021	8341	15.8
ALS2CL	NA	57	5612	0.443078
ALS2CR11	NA	11	7407	0.0647849
ALS2CR12	NA	15	2345	0.279043
ALX1	NA	1	1293	0.0337384
ALX3	NA	58	1478	1.71189
ALX4	NA	1265	5466	10.0959
ALYREF	NA	12465	1097	495.689
AMACR	NA	450	3352	5.85641
AMBN	NA	2	2002	0.0435802
AMBP	NA	0	1433	0
AMBRA1	NA	1467	5816	11.0035
AMD1	NA	4211	3618	50.7738
AMDHD1	NA	9	2136	0.183808
AMDHD2	NA	902	2283	17.2355
AMELX	NA	0	835	0
AMELY	NA	0	802	0
AMER1	NA	523	8443	2.70227
AMER2	NA	0	10605	0
AMER3	NA	0	6474	0
AMFR	NA	1061	3600	12.8569
AMH	NA	342	2018	7.39313
AMHR2	NA	3	1863	0.0702476
AMICA1	NA	0	2442	0
AMIGO1	NA	2	2471	0.0353086
AMIGO2	NA	4707	3951	51.9709
AMIGO3	NA	132	2972	1.93753
AMMECR1	NA	339	5907	2.50355
AMMECR1L	NA	1076	4776	9.82814
AMN	NA	7	1557	0.196125
AMN1	NA	163	2406	2.95539
AMOT	NA	0	7386	0
AMOTL1	NA	72	8999	0.349029
AMOTL2	NA	7764	5238	64.6611
AMPD1	NA	5	2406	0.0906562
AMPD2	NA	3073	4772	28.0922
AMPD3	NA	6	5659	0.0462525
AMPH	NA	0	3426	0
AMT	NA	54	2202	1.06979
AMTN	NA	0	1006	0
AMY1A	NA	54	4046	0.582225
AMY1B	NA	54	3676	0.640828
AMY1C	NA	54	3720	0.633248
AMY2A	NA	24	1679	0.623568
AMY2B	NA	141	2242	2.74351
AMZ1	NA	2	4518	0.0193111
AMZ2	NA	1564	1980	34.4584
AMZ2P1	NA	274	3442	3.47267
ANAPC1	NA	3546	7736	19.9961
ANAPC10	NA	528	1953	11.7938
ANAPC11	NA	1187	1613	32.1026
ANAPC13	NA	2477	1842	58.6624
ANAPC15	NA	745	1268	25.6307
ANAPC16	NA	1552	3569	18.97
ANAPC1P1	NA	46	1771	1.13309
ANAPC2	NA	1290	2700	20.8425
ANAPC4	NA	489	2675	7.97459
ANAPC5	NA	3959	2732	63.2161
ANAPC7	NA	2184	3644	26.1455
ANG	NA	46	1324	1.51563
ANGEL1	NA	861	4111	9.13648
ANGEL2	NA	684	5314	5.6151
ANGPT1	NA	111	4338	1.11624
ANGPT2	NA	4373	5267	36.2192
ANGPT4	NA	0	1921	0
ANGPTL1	NA	0	3546	0
ANGPTL2	NA	421	3572	5.14155
ANGPTL3	NA	4	2951	0.0591308
ANGPTL4	NA	33	1905	0.755687
ANGPTL5	NA	0	2368	0
ANGPTL6	NA	136	1857	3.19485
ANGPTL7	NA	0	2290	0
ANHX	NA	0	1765	0
ANK1	NA	498	9281	2.34076
ANK2	NA	102	14521	0.306427
ANK3	NA	96	18843	0.222251
ANKAR	NA	16	4416	0.158057
ANKDD1A	NA	62	3112	0.869111
ANKDD1B	NA	8	2552	0.136752
ANKEF1	NA	69	3922	0.767476
ANKFN1	NA	0	2426	0
ANKFY1	NA	1478	8212	7.85143
ANKH	NA	16	8207	0.085047
ANKHD1	NA	2441	8460	12.587
ANKHD1-EIF4EBP3	NA	2528	8349	13.2089
ANKIB1	NA	857	6081	6.14793
ANKK1	NA	13	2543	0.223008
ANKLE1	NA	98	3218	1.32851
ANKLE2	NA	2119	4482	20.6244
ANKMY1	NA	296	3818	3.38204
ANKMY2	NA	101	2555	1.72446
ANKRA2	NA	260	2198	5.16023
ANKRD1	NA	52	1974	1.14916
ANKRD10	NA	7608	3095	107.234
ANKRD11	NA	4037	10207	17.2538
ANKRD12	NA	553	11623	2.07554
ANKRD13A	NA	472	3908	5.26879
ANKRD13B	NA	976	3173	13.4185
ANKRD13C	NA	653	5667	5.0267
ANKRD13D	NA	453	2277	8.67877
ANKRD16	NA	319	2638	5.2752
ANKRD17	NA	3010	9516	13.7986
ANKRD18A	NA	196	3738	2.28739
ANKRD18B	NA	67	3753	0.778788
ANKRD18DP	NA	9	2895	0.135618
ANKRD19P	NA	347	2307	6.56153
ANKRD2	NA	6	1509	0.173454
ANKRD20A1	NA	50	3511	0.621244
ANKRD20A11P	NA	2	1089	0.0801171
ANKRD20A12P	NA	998	1744	24.9636
ANKRD20A19P	NA	0	5096	0
ANKRD20A2	NA	52	3511	0.646094
ANKRD20A3	NA	114	7860	0.632711
ANKRD20A4	NA	44	3517	0.545762
ANKRD20A5P	NA	8	3707	0.0941436
ANKRD20A8P	NA	34	3670	0.404144
ANKRD20A9P	NA	26	37567	0.0301919
ANKRD22	NA	0	3983	0
ANKRD23	NA	59	2582	0.996825
ANKRD24	NA	414	4026	4.4859
ANKRD26	NA	489	6779	3.14678
ANKRD26P1	NA	13	6123	0.0926195
ANKRD26P3	NA	0	3726	0
ANKRD27	NA	1576	4453	15.4393
ANKRD28	NA	1170	6620	7.70994
ANKRD29	NA	41	3361	0.532156
ANKRD30A	NA	0	4405	0
ANKRD30B	NA	0	4617	0
ANKRD30BL	NA	0	2168	0
ANKRD30BP2	NA	0	3418	0
ANKRD30BP3	NA	0	1314	0
ANKRD31	NA	80	6036	0.578181
ANKRD32	NA	372	3813	4.25598
ANKRD33	NA	12	2046	0.255858
ANKRD33B	NA	1430	9333	6.68402
ANKRD34A	NA	99	3612	1.19567
ANKRD34B	NA	6	3935	0.0665166
ANKRD34C	NA	0	5424	0
ANKRD34C-AS1	NA	0	693	0
ANKRD35	NA	6	3363	0.0778301
ANKRD36	NA	182	6268	1.26668
ANKRD36B	NA	263	5986	1.91665
ANKRD36BP1	NA	38	1850	0.896056
ANKRD36BP2	NA	3	1730	0.0756482
ANKRD37	NA	44	934	2.05508
ANKRD39	NA	261	898	12.6791
ANKRD40	NA	1234	4169	12.9124
ANKRD42	NA	559	6086	4.00685
ANKRD44	NA	1	6449	0.00676442
ANKRD44-IT1	NA	0	1069	0
ANKRD45	NA	11	2671	0.179656
ANKRD46	NA	533	4342	5.35501
ANKRD49	NA	193	1905	4.41963
ANKRD50	NA	657	8797	3.25802
ANKRD52	NA	2578	8656	12.9924
ANKRD53	NA	3	2120	0.0617318
ANKRD54	NA	1170	2099	24.3163
ANKRD55	NA	0	2500	0
ANKRD6	NA	561	5936	4.1228
ANKRD60	NA	0	3407	0
ANKRD61	NA	5	1423	0.153281
ANKRD62	NA	1	4733	0.00921694
ANKRD62P1-PARP4P3	NA	3	1538	0.0850919
ANKRD63	NA	233	1143	8.89269
ANKRD65	NA	91	2192	1.81102
ANKRD66	NA	0	1057	0
ANKRD7	NA	7	1357	0.225031
ANKRD9	NA	367	1626	9.8462
ANKS1A	NA	515	6351	3.53743
ANKS1B	NA	149	7752	0.838486
ANKS3	NA	455	2953	6.72158
ANKS4B	NA	0	2906	0
ANKS6	NA	1405	7147	8.57582
ANKUB1	NA	12	2473	0.21168
ANKZF1	NA	662	2637	10.9514
ANLN	NA	1160	4791	10.5622
ANO1	NA	3	5069	0.025818
ANO1-AS2	NA	0	804	0
ANO10	NA	666	2854	10.1799
ANO2	NA	0	3784	0
ANO3	NA	0	5936	0
ANO4	NA	2	4229	0.0206308
ANO5	NA	79	6661	0.517381
ANO6	NA	955	7153	5.82423
ANO7	NA	102	4448	1.00037
ANO8	NA	369	4152	3.87697
ANO9	NA	237	2875	3.59612
ANOS1	NA	14	6314	0.0967268
ANP32A	NA	5032	2466	89.0166
ANP32A-IT1	NA	5	3281	0.0664794
ANP32AP1	NA	467	738	27.6047
ANP32B	NA	5626	1616	151.873
ANP32C	NA	280	705	17.3258
ANP32D	NA	16	396	1.76258
ANP32E	NA	3454	3553	42.4082
ANPEP	NA	1	3650	0.0119517
ANTXR1	NA	681	7123	4.17068
ANTXR2	NA	4	8233	0.0211946
ANTXRL	NA	0	2285	0
ANTXRLP1	NA	0	1165	0
ANXA1	NA	19	1536	0.539617
ANXA10	NA	0	1447	0
ANXA11	NA	2718	3629	32.6728
ANXA13	NA	0	1593	0
ANXA2	NA	11720	1812	282.158
ANXA2P1	NA	712	1343	23.1274
ANXA2P2	NA	8542	1310	284.454
ANXA2P3	NA	105	1350	3.39296
ANXA2R	NA	30	1266	1.03374
ANXA3	NA	0	1618	0
ANXA4	NA	1238	2142	25.213
ANXA5	NA	6112	1599	166.747
ANXA6	NA	5042	3115	70.6103
ANXA7	NA	2489	2204	49.2648
ANXA8	NA	4	2176	0.0801908
ANXA8L1	NA	4	2213	0.07885
ANXA9	NA	19	1824	0.454414
AOAH	NA	29	2557	0.494755
AOAH-IT1	NA	0	573	0
AOC1	NA	3	2493	0.0524955
AOC2	NA	68	2665	1.1131
AOC3	NA	54	4154	0.567088
AOC4P	NA	3	2073	0.0631314
AOX1	NA	1	4933	0.00884325
AOX2P	NA	0	3733	0
AP1AR	NA	352	2908	5.28046
AP1B1	NA	3248	4178	33.9134
AP1B1P1	NA	0	827	0
AP1G1	NA	2285	6848	14.5561
AP1G2	NA	1331	2954	19.6558
AP1M1	NA	2776	2391	50.6481
AP1M2	NA	705	1757	17.5041
AP1S1	NA	1808	1297	60.8109
AP1S2	NA	31	2329	0.580651
AP1S3	NA	887	4041	9.57542
AP2A1	NA	2135	3499	26.6181
AP2A2	NA	2001	4656	18.7481
AP2B1	NA	6179	5763	46.7727
AP2M1	NA	4542	1940	102.134
AP2S1	NA	4285	1254	149.065
AP3B1	NA	1964	4049	21.1601
AP3B2	NA	1715	3787	19.7557
AP3D1	NA	8803	5056	75.9533
AP3M1	NA	1506	5253	12.5066
AP3M2	NA	751	3670	8.92683
AP3S1	NA	1476	1289	49.9524
AP3S2	NA	967	6053	6.96914
AP4B1	NA	623	3479	7.8119
AP4B1-AS1	NA	139	2148	2.82295
AP4E1	NA	336	6782	2.16125
AP4M1	NA	382	1868	8.92092
AP4S1	NA	222	6323	1.53163
AP5B1	NA	1999	6595	13.2227
AP5M1	NA	1030	3095	14.5178
AP5S1	NA	219	1960	4.87429
AP5Z1	NA	1504	5519	11.8881
APAF1	NA	425	7191	2.57824
APBA1	NA	0	6584	0
APBA2	NA	550	3637	6.59694
APBA3	NA	675	2158	13.6451
APBB1	NA	1270	3616	15.3214
APBB1IP	NA	0	2637	0
APBB2	NA	815	9189	3.86912
APBB3	NA	345	2158	6.97414
APC	NA	895	11216	3.48103
APC2	NA	613	10151	2.63436
APCDD1	NA	1	2562	0.0170272
APCDD1L	NA	0	3961	0
APCDD1L-AS1	NA	0	2096	0
APCS	NA	0	931	0
APEH	NA	1992	2758	31.5078
APELA	NA	0	2622	0
APEX1	NA	4604	1553	129.326
APEX2	NA	1710	2095	35.607
APH1A	NA	5167	2266	99.4722
APH1B	NA	96	4193	0.998779
API5	NA	5592	3830	63.693
APIP	NA	590	1277	20.1551
APITD1	NA	255	1898	5.86094
APITD1-CORT	NA	191	2151	3.87361
APLF	NA	35	3849	0.396683
APLN	NA	15	3224	0.202964
APLNR	NA	0	3876	0
APLP1	NA	1633	2450	29.0766
APLP2	NA	6672	3992	72.9103
APMAP	NA	2124	2221	41.7185
APOA1	NA	9	897	0.437697
APOA1-AS	NA	1	563	0.0774845
APOA1BP	NA	939	1121	36.5412
APOA2	NA	10	473	0.922278
APOA4	NA	0	1460	0
APOA5	NA	0	1932	0
APOB	NA	0	14121	0
APOBEC1	NA	0	903	0
APOBEC2	NA	8	1634	0.21358
APOBEC3A	NA	71	1444	2.14494
APOBEC3A_B	NA	156	1103	6.16982
APOBEC3B	NA	360	1538	10.211
APOBEC3B-AS1	NA	68	702	4.22566
APOBEC3C	NA	1125	1109	44.2532
APOBEC3D	NA	63	2503	1.098
APOBEC3F	NA	287	5031	2.48858
APOBEC3G	NA	63	1834	1.49853
APOBEC3H	NA	112	1146	4.26341
APOBEC4	NA	1	2778	0.0157033
APOBR	NA	20	3792	0.230083
APOC1	NA	1816	461	171.845
APOC1P1	NA	54	939	2.50872
APOC2	NA	1	729	0.0598406
APOC3	NA	0	533	0
APOC4	NA	4	615	0.283732
APOC4-APOC2	NA	5	1829	0.119256
APOD	NA	20	1130	0.772102
APOE	NA	16743	1460	500.269
APOF	NA	1	1689	0.0258282
APOH	NA	2	1201	0.0726457
APOL1	NA	0	3056	0
APOL2	NA	398	2768	6.27249
APOL3	NA	1	4099	0.0106425
APOL4	NA	0	3415	0
APOL5	NA	0	1437	0
APOL6	NA	1	10139	0.00430257
APOLD1	NA	155	4825	1.40139
APOM	NA	221	6370	1.51348
APOO	NA	1038	1129	40.1076
APOOL	NA	469	6467	3.16368
APOOP5	NA	75	1051	3.11302
APOPT1	NA	384	3110	5.38634
APP	NA	9193	4015	99.8838
APPBP2	NA	934	6499	6.26937
APPL1	NA	1778	6060	12.7992
APPL2	NA	478	3563	5.85242
APRT	NA	2954	807	159.684
APTR	NA	298	1978	6.57224
APTX	NA	1989	2376	36.5184
AQP1	NA	21	3172	0.288808
AQP10	NA	0	1791	0
AQP11	NA	45	2153	0.911783
AQP12A	NA	0	1084	0
AQP12B	NA	0	1114	0
AQP2	NA	2	4179	0.0208776
AQP3	NA	6	1871	0.139895
AQP4	NA	0	5217	0
AQP4-AS1	NA	1	2392	0.0182374
AQP5	NA	2	1825	0.0478069
AQP6	NA	28	2654	0.460236
AQP7	NA	24	1256	0.833575
AQP7P1	NA	295	3180	4.04686
AQP7P3	NA	157	529	12.9469
AQP8	NA	43	1308	1.43411
AQP9	NA	0	3021	0
AQR	NA	5199	5080	44.6457
AR	NA	2	10838	0.00805015
ARAF	NA	788	3129	10.9861
ARAP1	NA	1149	5646	8.87774
ARAP2	NA	4	7362	0.0237021
ARAP3	NA	1	5262	0.00829034
ARC	NA	173	2948	2.56001
ARCN1	NA	4023	4015	43.7107
AREG	NA	2	2552	0.0341879
AREL1	NA	2391	5445	19.156
ARF1	NA	9370	2198	185.967
ARF3	NA	7743	3537	95.4987
ARF4	NA	4520	1740	113.322
ARF5	NA	3071	1096	122.234
ARF6	NA	2588	3939	28.6617
ARFGAP1	NA	3946	4298	40.051
ARFGAP2	NA	2317	3022	33.4468
ARFGAP3	NA	1298	2833	19.9872
ARFGEF1	NA	1076	7225	6.49677
ARFGEF2	NA	1233	9004	5.9738
ARFGEF3	NA	8	14882	0.0234505
ARFIP1	NA	706	3230	9.5351
ARFIP2	NA	2082	3846	23.6154
ARFRP1	NA	1071	2674	17.4723
ARG1	NA	3	1496	0.0874808
ARG2	NA	1562	1980	34.4143
ARGFX	NA	0	5065	0
ARGFXP2	NA	0	1204	0
ARGLU1	NA	2156	1751	53.7138
ARHGAP1	NA	1790	3446	22.6601
ARHGAP10	NA	221	3056	3.15473
ARHGAP11A	NA	1498	6274	10.4157
ARHGAP11B	NA	105	1017	4.50393
ARHGAP12	NA	417	5105	3.56339
ARHGAP15	NA	2	1759	0.0496007
ARHGAP17	NA	1745	3509	21.6938
ARHGAP18	NA	280	3499	3.4909
ARHGAP19	NA	891	5565	6.98451
ARHGAP19-SLIT1	NA	93	1916	2.11744
ARHGAP20	NA	0	6868	0
ARHGAP21	NA	511	7167	3.11033
ARHGAP22	NA	168	4097	1.78882
ARHGAP23	NA	200	5906	1.47727
ARHGAP24	NA	73	5765	0.552391
ARHGAP25	NA	0	3411	0
ARHGAP26	NA	9	9041	0.0434259
ARHGAP26-AS1	NA	0	977	0
ARHGAP26-IT1	NA	0	388	0
ARHGAP27	NA	987	10054	4.28254
ARHGAP28	NA	0	5531	0
ARHGAP29	NA	8	9117	0.0382791
ARHGAP30	NA	31	4425	0.305613
ARHGAP31	NA	4	8079	0.0215986
ARHGAP31-AS1	NA	1	624	0.0699099
ARHGAP32	NA	10	10446	0.0417612
ARHGAP33	NA	289	4401	2.86464
ARHGAP35	NA	2415	8888	11.8532
ARHGAP36	NA	0	3089	0
ARHGAP39	NA	919	5270	7.60726
ARHGAP4	NA	439	3372	5.67937
ARHGAP40	NA	2	2838	0.0307426
ARHGAP42	NA	3	4752	0.0275403
ARHGAP44	NA	96	4256	0.983995
ARHGAP5	NA	836	9604	3.79732
ARHGAP5-AS1	NA	44	1281	1.4984
ARHGAP6	NA	2	6415	0.0136006
ARHGAP8	NA	481	1725	12.1641
ARHGAP9	NA	13	2975	0.190625
ARHGDIA	NA	8084	2382	148.05
ARHGDIB	NA	0	1216	0
ARHGDIG	NA	44	942	2.03763
ARHGEF1	NA	761	3328	9.97527
ARHGEF10	NA	878	5690	6.7314
ARHGEF10L	NA	125	4494	1.21339
ARHGEF11	NA	1039	6889	6.57934
ARHGEF12	NA	1476	10022	6.42473
ARHGEF15	NA	13	4246	0.133563
ARHGEF16	NA	310	2904	4.65681
ARHGEF17	NA	702	7813	3.91961
ARHGEF18	NA	870	5876	6.45893
ARHGEF19	NA	116	3029	1.67064
ARHGEF2	NA	1440	4291	14.6395
ARHGEF25	NA	84	2946	1.24386
ARHGEF26	NA	468	5414	3.77095
ARHGEF26-AS1	NA	9	2598	0.151122
ARHGEF28	NA	3	6508	0.0201093
ARHGEF3	NA	544	4785	4.95953
ARHGEF3-AS1	NA	0	487	0
ARHGEF33	NA	4	4304	0.0405425
ARHGEF34P	NA	1	4204	0.0103767
ARHGEF35	NA	1	2474	0.0176329
ARHGEF37	NA	4	4865	0.0358674
ARHGEF38	NA	18	6091	0.128916
ARHGEF38-IT1	NA	0	453	0
ARHGEF39	NA	560	3763	6.49198
ARHGEF4	NA	12	4247	0.12326
ARHGEF40	NA	644	5985	4.69402
ARHGEF5	NA	1	5488	0.00794894
ARHGEF6	NA	11	5518	0.0869629
ARHGEF7	NA	1846	8780	9.17192
ARHGEF7-AS1	NA	0	419	0
ARHGEF7-AS2	NA	9	1239	0.31688
ARHGEF9	NA	248	5881	1.8396
ARHGEF9-IT1	NA	0	394	0
ARID1A	NA	3391	8585	17.231
ARID1B	NA	1530	9638	6.92513
ARID2	NA	817	8466	4.20985
ARID3A	NA	1279	2810	19.8558
ARID3B	NA	5358	4274	54.6879
ARID3C	NA	4	1239	0.140835
ARID4A	NA	548	5772	4.14169
ARID4B	NA	625	6395	4.26346
ARID5A	NA	235	2206	4.64714
ARID5B	NA	152	8214	0.807258
ARIH1	NA	1981	5251	16.4576
ARIH2	NA	2890	4062	31.0371
ARIH2OS	NA	71	1598	1.93823
ARL1	NA	1636	3241	22.0205
ARL10	NA	2	2405	0.0362776
ARL11	NA	0	3760	0
ARL13A	NA	2	1537	0.0567648
ARL13B	NA	313	3992	3.4204
ARL14	NA	5	1288	0.169347
ARL14EP	NA	719	2378	13.1899
ARL14EPL	NA	0	642	0
ARL15	NA	3	2486	0.0526433
ARL16	NA	1056	1207	38.1663
ARL17A	NA	2974	31166	4.16278
ARL17B	NA	262	1730	6.60661
ARL2	NA	2296	980	102.204
ARL2-SNX15	NA	1103	2463	19.5359
ARL2BP	NA	1578	2100	32.7801
ARL3	NA	1103	3874	12.4205
ARL4A	NA	293	3428	3.72864
ARL4C	NA	5474	4012	59.5206
ARL4D	NA	374	1585	10.2936
ARL5A	NA	1082	3169	14.8946
ARL5B	NA	347	3589	4.21773
ARL5C	NA	0	941	0
ARL6	NA	51	2229	0.998121
ARL6IP1	NA	4601	2264	88.6541
ARL6IP4	NA	2552	1871	59.5018
ARL6IP5	NA	898	2128	18.4089
ARL6IP6	NA	357	2826	5.51086
ARL8A	NA	770	1795	18.7133
ARL8B	NA	2448	2985	35.7759
ARL9	NA	4	836	0.208726
ARMC1	NA	1180	3042	16.9218
ARMC10	NA	1033	2634	17.1083
ARMC12	NA	39	1224	1.38997
ARMC2	NA	68	3736	0.794009
ARMC2-AS1	NA	0	717	0
ARMC3	NA	1	4135	0.0105499
ARMC4	NA	2	3898	0.0223826
ARMC5	NA	668	5044	5.7773
ARMC6	NA	1930	2488	33.84
ARMC7	NA	425	2822	6.56985
ARMC8	NA	723	6657	4.73787
ARMC9	NA	3247	7106	19.9334
ARMCX1	NA	0	2133	0
ARMCX2	NA	1019	2903	15.3127
ARMCX3	NA	840	3465	10.5755
ARMCX4	NA	91	15204	0.2611
ARMCX5	NA	417	3048	5.96821
ARMCX5-GPRASP2	NA	341	3940	3.77556
ARMCX6	NA	891	1936	20.0768
ARMS2	NA	0	808	0
ARMT1	NA	753	2603	12.6196
ARNT	NA	1188	4943	10.4845
ARNT2	NA	2	6558	0.013304
ARNTL	NA	21	2920	0.313733
ARNTL2	NA	245	7444	1.43576
ARNTL2-AS1	NA	1	813	0.0536578
ARPC1A	NA	1710	1607	46.4198
ARPC1B	NA	3027	1531	86.2503
ARPC2	NA	4654	1571	129.233
ARPC3	NA	4879	953	223.337
ARPC4	NA	2905	2081	60.8972
ARPC4-TTLL3	NA	1642	3987	17.9659
ARPC5	NA	2688	2086	56.2132
ARPC5L	NA	1533	1025	65.2441
ARPIN	NA	387	6735	2.50667
ARPP19	NA	4192	5739	31.8646
ARPP21	NA	0	6873	0
ARR3	NA	5	1309	0.16663
ARRB1	NA	286	7522	1.65865
ARRB2	NA	756	2025	16.2862
ARRDC1	NA	320	1598	8.73567
ARRDC1-AS1	NA	538	1545	15.1907
ARRDC2	NA	709	2945	10.5023
ARRDC3	NA	495	4161	5.18956
ARRDC3-AS1	NA	32	2502	0.557938
ARRDC4	NA	2180	4067	23.3833
ARRDC5	NA	0	1638	0
ARSA	NA	836	4315	8.45179
ARSB	NA	455	6675	2.97361
ARSD	NA	4	5183	0.0336668
ARSE	NA	0	2668	0
ARSF	NA	0	2349	0
ARSG	NA	60	2844	0.920333
ARSH	NA	0	1689	0
ARSI	NA	5388	3167	74.2169
ARSJ	NA	1	4678	0.0093253
ARSK	NA	183	3345	2.38659
ART1	NA	0	1312	0
ART3	NA	5	1728	0.126226
ART4	NA	0	1371	0
ART5	NA	146	1688	3.77315
ARTN	NA	13	1944	0.291723
ARV1	NA	322	1445	9.72101
ARVCF	NA	330	4036	3.56686
ARX	NA	13	2874	0.197324
AS3MT	NA	28	2466	0.495323
ASAH1	NA	577	2962	8.49795
ASAH2	NA	40	2418	0.72165
ASAH2B	NA	26	652	1.7396
ASAP1	NA	2737	6346	18.8147
ASAP1-IT1	NA	0	1179	0
ASAP1-IT2	NA	1	2031	0.021479
ASAP2	NA	185	5717	1.41165
ASAP3	NA	870	4152	9.14082
ASB1	NA	1018	6833	6.4992
ASB10	NA	0	2315	0
ASB11	NA	0	2978	0
ASB12	NA	0	1293	0
ASB13	NA	585	2808	9.08829
ASB14	NA	62	3207	0.843366
ASB15	NA	0	3033	0
ASB16	NA	146	2139	2.97759
ASB16-AS1	NA	434	2258	8.38473
ASB17	NA	0	1107	0
ASB18	NA	6	1401	0.186826
ASB2	NA	808	3332	10.5786
ASB3	NA	782	2818	12.1057
ASB4	NA	0	4322	0
ASB5	NA	0	3029	0
ASB6	NA	4517	4622	42.6328
ASB7	NA	502	5130	4.26884
ASB8	NA	201	2613	3.35567
ASB9	NA	1	2058	0.0211972
ASB9P1	NA	1	1625	0.0268454
ASCC1	NA	947	3513	11.7597
ASCC2	NA	2478	2823	38.2925
ASCC3	NA	3414	11384	13.0825
ASCL1	NA	1	2484	0.0175619
ASCL2	NA	1	1849	0.0235932
ASCL3	NA	0	650	0
ASCL4	NA	0	2260	0
ASCL5	NA	2	1420	0.0614419
ASF1A	NA	816	2508	14.1934
ASF1B	NA	1994	1731	50.2518
ASGR1	NA	125	1503	3.62806
ASGR2	NA	2	1544	0.0565075
ASH1L	NA	751	11774	2.78253
ASH1L-AS1	NA	291	1964	6.4636
ASH2L	NA	664	3301	8.77497
ASIC1	NA	780	4736	7.18466
ASIC2	NA	0	4271	0
ASIC3	NA	132	2314	2.48848
ASIC4	NA	26	2844	0.398811
ASIC5	NA	0	1692	0
ASIP	NA	0	584	0
ASL	NA	419	2118	8.63001
ASMT	NA	61	2838	0.93765
ASMTL	NA	6272	4556	60.0545
ASMTL-AS1	NA	741	6034	5.35718
ASNA1	NA	2587	1280	88.1677
ASNS	NA	2332	2526	40.2734
ASNSD1	NA	892	2471	15.7476
ASPA	NA	0	1483	0
ASPDH	NA	3	1257	0.104114
ASPG	NA	0	1972	0
ASPH	NA	2054	12033	7.44646
ASPHD1	NA	912	1478	26.9181
ASPHD2	NA	311	3313	4.09508
ASPM	NA	1426	10888	5.7134
ASPN	NA	2	2524	0.0345672
ASPRV1	NA	48	2174	0.963174
ASPSCR1	NA	454	2125	9.32009
ASRGL1	NA	214	2419	3.85923
ASS1	NA	0	1848	0
ASTE1	NA	168	2853	2.5688
ASTL	NA	0	1296	0
ASTN1	NA	0	7705	0
ASTN2	NA	738	7923	4.0634
ASTN2-AS1	NA	1	1756	0.0248427
ASUN	NA	1103	2976	16.1684
ASXL1	NA	2152	7425	12.6436
ASXL2	NA	499	7174	3.03433
ASXL3	NA	0	7642	0
ASZ1	NA	0	1865	0
ATAD1	NA	1278	3034	18.3755
ATAD2	NA	2059	5564	16.1433
ATAD2B	NA	460	8187	2.45107
ATAD3A	NA	3372	2807	52.4045
ATAD3B	NA	3962	2433	71.0388
ATAD3C	NA	322	3859	3.64002
ATAD5	NA	415	6865	2.63713
ATAT1	NA	376	18892	0.868227
ATCAY	NA	24	5036	0.207897
ATE1	NA	920	5514	7.27854
ATE1-AS1	NA	7	951	0.3211
ATF1	NA	554	2505	9.64773
ATF2	NA	917	4852	8.24464
ATF3	NA	3715	2545	63.6787
ATF4	NA	8630	2027	185.729
ATF5	NA	4212	2604	70.562
ATF6	NA	720	7546	4.16235
ATF6B	NA	1485	10464	6.19087
ATF7	NA	595	7351	3.53097
ATF7IP	NA	1198	10120	5.16416
ATF7IP2	NA	44	3708	0.51765
ATG10	NA	198	2426	3.56039
ATG101	NA	1392	1437	42.2577
ATG12	NA	1271	4562	12.1538
ATG13	NA	1970	6074	14.1486
ATG14	NA	579	4743	5.32536
ATG16L1	NA	1174	3405	15.0409
ATG16L2	NA	318	2145	6.4673
ATG2A	NA	2284	6373	15.6342
ATG2B	NA	462	11099	1.81586
ATG3	NA	1483	3060	21.1418
ATG4A	NA	183	2314	3.44994
ATG4B	NA	1680	2897	25.2979
ATG4C	NA	273	2724	4.37199
ATG4D	NA	860	2052	18.2829
ATG5	NA	878	3404	11.252
ATG7	NA	1576	5051	13.6114
ATG9A	NA	1654	3822	18.8785
ATG9B	NA	948	4987	8.29263
ATHL1	NA	1511	3268	20.17
ATIC	NA	4531	2084	94.8461
ATL1	NA	12	2931	0.178603
ATL2	NA	1863	4711	17.2513
ATL3	NA	926	7502	5.38465
ATM	NA	1604	13147	5.32232
ATMIN	NA	1634	5160	13.8142
ATN1	NA	3591	4419	35.4499
ATOH1	NA	0	1065	0
ATOH7	NA	27	1519	0.775406
ATOH8	NA	123	5863	0.915184
ATOX1	NA	1028	489	91.7081
ATP10A	NA	618	5234	5.15084
ATP10B	NA	0	7566	0
ATP10D	NA	29	6550	0.193143
ATP11A	NA	1329	8855	6.54726
ATP11A-AS1	NA	1	4024	0.0108409
ATP11AUN	NA	2	2241	0.0389324
ATP11B	NA	683	7320	4.07036
ATP11C	NA	6	6118	0.0427824
ATP12A	NA	0	3734	0
ATP13A1	NA	2960	3864	33.4178
ATP13A2	NA	3287	4040	35.4929
ATP13A3	NA	1822	7328	10.8464
ATP13A4	NA	0	7599	0
ATP13A4-AS1	NA	0	1542	0
ATP13A5	NA	0	3657	0
ATP13A5-AS1	NA	0	635	0
ATP1A1	NA	4354	4300	44.1716
ATP1A1-AS1	NA	1324	2635	21.9195
ATP1A2	NA	0	5457	0
ATP1A3	NA	304	3711	3.5736
ATP1A4	NA	2	3955	0.0220601
ATP1B1	NA	1028	2200	20.3842
ATP1B2	NA	39	3453	0.49271
ATP1B3	NA	3438	1853	80.9382
ATP1B4	NA	0	4773	0
ATP2A1	NA	503	3588	6.1156
ATP2A1-AS1	NA	264	584	19.7203
ATP2A2	NA	5223	8314	27.4052
ATP2A3	NA	67	4885	0.59832
ATP2B1	NA	965	6933	6.07197
ATP2B2	NA	3	8962	0.0146029
ATP2B2-IT2	NA	0	512	0
ATP2B3	NA	1	6574	0.0066358
ATP2B4	NA	551	8920	2.6947
ATP2C1	NA	889	6245	6.21001
ATP2C2	NA	19	3538	0.234271
ATP4A	NA	9	3559	0.110316
ATP4B	NA	0	1497	0
ATP5A1	NA	18421	2428	330.969
ATP5B	NA	21333	1843	504.952
ATP5C1	NA	2382	1146	90.6735
ATP5D	NA	2597	996	113.746
ATP5E	NA	5780	439	574.363
ATP5EP2	NA	1610	368	190.854
ATP5F1	NA	4563	2101	94.7431
ATP5G1	NA	1159	646	78.2662
ATP5G2	NA	4959	1287	168.089
ATP5G3	NA	6282	3482	78.7032
ATP5H	NA	3132	622	219.662
ATP5I	NA	3106	365	371.22
ATP5J	NA	3105	1296	104.515
ATP5J2	NA	4188	511	357.527
ATP5J2-PTCD1	NA	3151	5538	24.821
ATP5L	NA	3687	1391	115.63
ATP5L2	NA	63	799	3.43967
ATP5O	NA	7149	806	386.931
ATP5S	NA	169	2187	3.37102
ATP5SL	NA	1485	1829	35.419
ATP6AP1	NA	1702	2100	35.356
ATP6AP1L	NA	111	2346	2.06404
ATP6AP2	NA	1473	2036	31.5608
ATP6V0A1	NA	3367	4161	35.2995
ATP6V0A2	NA	536	6541	3.57474
ATP6V0A4	NA	0	3357	0
ATP6V0B	NA	1815	2068	38.2868
ATP6V0C	NA	4331	1231	153.481
ATP6V0CP3	NA	0	619	0
ATP6V0D1	NA	2838	1670	74.1343
ATP6V0D2	NA	0	2370	0
ATP6V0E1	NA	2709	882	133.987
ATP6V0E2	NA	560	2801	8.72164
ATP6V0E2-AS1	NA	109	3069	1.54936
ATP6V1A	NA	1579	4593	14.9972
ATP6V1B1	NA	33	1939	0.742437
ATP6V1B1-AS1	NA	3	944	0.138635
ATP6V1B2	NA	2151	3044	30.8261
ATP6V1C1	NA	2347	5704	17.9497
ATP6V1C2	NA	3558	3240	47.9054
ATP6V1D	NA	1733	1806	41.8605
ATP6V1E1	NA	5165	1405	160.368
ATP6V1E2	NA	100	1979	2.20433
ATP6V1F	NA	3201	817	170.918
ATP6V1G1	NA	5029	1611	136.179
ATP6V1G2	NA	213	11221	0.828078
ATP6V1G2-DDX39B	NA	9868	17214	25.0075
ATP6V1G3	NA	1	678	0.0643418
ATP6V1H	NA	1415	2349	26.2783
ATP7A	NA	111	8529	0.567738
ATP7B	NA	291	6641	1.91154
ATP8A1	NA	31	8342	0.162112
ATP8A2	NA	3	5006	0.0261429
ATP8B1	NA	47	5937	0.345346
ATP8B2	NA	1805	6303	12.4926
ATP8B3	NA	48	5600	0.373918
ATP8B4	NA	6	5884	0.0444838
ATP8B5P	NA	242	4418	2.38953
ATP9A	NA	881	7622	5.04232
ATP9B	NA	310	4479	3.01928
ATPAF1	NA	986	2152	19.9875
ATPAF2	NA	1211	1552	34.0389
ATPIF1	NA	4742	1925	107.462
ATR	NA	932	8251	4.92757
ATRAID	NA	1042	1398	32.515
ATRIP	NA	467	3126	6.51705
ATRN	NA	941	8731	4.70163
ATRNL1	NA	1	9118	0.00478436
ATRX	NA	1494	11220	5.80873
ATXN1	NA	6	10636	0.0246091
ATXN10	NA	3608	3330	47.2656
ATXN1L	NA	940	7886	5.19989
ATXN2	NA	1138	4702	10.558
ATXN2L	NA	4345	4430	42.7867
ATXN3	NA	589	7080	3.62915
ATXN3L	NA	3	1751	0.0747409
ATXN7	NA	448	7524	2.59748
ATXN7L1	NA	145	7079	0.893551
ATXN7L2	NA	263	2382	4.81656
ATXN7L3	NA	1923	3614	23.2121
ATXN7L3B	NA	2975	3682	35.2473
ATXN8OS	NA	0	1472	0
AUH	NA	148	1633	3.95365
AUNIP	NA	640	2408	11.5944
AUP1	NA	4911	1911	112.107
AURKA	NA	2426	2547	41.5513
AURKAIP1	NA	4493	1147	170.882
AURKAPS1	NA	189	1537	5.36428
AURKB	NA	2367	1300	79.4288
AURKC	NA	32	1301	1.07299
AUTS2	NA	312	7006	1.94271
AVEN	NA	669	1531	19.0622
AVIL	NA	35	2994	0.509964
AVL9	NA	1208	7065	7.45896
AVP	NA	0	619	0
AVPI1	NA	1674	1392	52.4613
AVPR1A	NA	4	7831	0.0222826
AVPR1B	NA	0	1773	0
AVPR2	NA	7	2194	0.139183
AWAT1	NA	22	1399	0.686006
AWAT2	NA	0	2124	0
AXDND1	NA	4	3862	0.0451826
AXIN1	NA	1671	3660	19.9168
AXIN2	NA	204	4232	2.10285
AXL	NA	549	4900	4.88764
AZGP1	NA	0	1265	0
AZGP1P1	NA	0	1181	0
AZI2	NA	854	3751	9.93194
AZIN1	NA	3306	4385	32.8894
AZIN1-AS1	NA	20	884	0.986963
AZIN2	NA	97	2569	1.64714
AZU1	NA	31	912	1.48283
B2M	NA	3329	987	147.136
B3GALNT1	NA	1	3641	0.0119813
B3GALNT2	NA	1185	5611	9.213
B3GALT1	NA	0	2168	0
B3GALT2	NA	1	3548	0.0122953
B3GALT4	NA	16	8430	0.0827972
B3GALT5	NA	0	3007	0
B3GALT5-AS1	NA	0	2192	0
B3GALT6	NA	1339	2792	20.9213
B3GAT1	NA	4	3656	0.0477284
B3GAT2	NA	96	1925	2.17552
B3GAT3	NA	1883	2321	35.3915
B3GLCT	NA	156	4213	1.61531
B3GNT2	NA	315	2749	4.99872
B3GNT3	NA	0	2720	0
B3GNT4	NA	65	1504	1.88534
B3GNT5	NA	10	4123	0.105806
B3GNT6	NA	1	2546	0.0171342
B3GNT7	NA	8	3625	0.0962732
B3GNT8	NA	16	1874	0.372455
B3GNT9	NA	186	2705	2.99964
B3GNTL1	NA	217	1383	6.8448
B4GALNT1	NA	478	3882	5.3715
B4GALNT2	NA	0	2110	0
B4GALNT3	NA	56	3438	0.710568
B4GALNT4	NA	1056	3454	13.3372
B4GALT1	NA	1160	4199	12.0513
B4GALT1-AS1	NA	21	1346	0.680609
B4GALT2	NA	956	2425	17.1977
B4GALT3	NA	845	2415	15.2638
B4GALT4	NA	391	2344	7.27683
B4GALT4-AS1	NA	12	544	0.962289
B4GALT5	NA	1968	4727	18.162
B4GALT6	NA	9	4814	0.0815567
B4GALT7	NA	571	1727	14.4234
B4GAT1	NA	386	2070	8.13467
B9D1	NA	830	1775	20.3987
B9D2	NA	191	1031	8.08161
BAALC	NA	2	2849	0.0306239
BAALC-AS1	NA	0	726	0
BAALC-AS2	NA	0	496	0
BAAT	NA	15	3528	0.185475
BABAM1	NA	2878	1498	83.8112
BACE1	NA	457	6020	3.31164
BACE1-AS	NA	28	825	1.48056
BACE2	NA	0	8930	0
BACH1	NA	671	6870	4.26078
BACH1-IT2	NA	0	802	0
BACH2	NA	33	9280	0.155128
BAD	NA	1615	1224	57.5591
BAG1	NA	1227	3872	13.824
BAG2	NA	1396	2052	29.6778
BAG3	NA	1173	2569	19.9185
BAG4	NA	1090	4464	10.6519
BAG5	NA	1553	5254	12.8945
BAG6	NA	6848	27003	11.0631
BAGE	NA	0	951	0
BAGE2	NA	4	1891	0.0922766
BAGE3	NA	4	1891	0.0922766
BAGE4	NA	4	1756	0.0993708
BAGE5	NA	4	1755	0.0994274
BAHCC1	NA	345	10289	1.46275
BAHD1	NA	1813	4832	16.3679
BAIAP2	NA	1245	4897	11.0908
BAIAP2-AS1	NA	678	4421	6.6901
BAIAP2L1	NA	1891	3670	22.4775
BAIAP2L2	NA	77	2145	1.56598
BAIAP3	NA	484	5080	4.15628
BAK1	NA	2231	2193	44.3797
BAMBI	NA	4062	1724	102.784
BANCR	NA	1	675	0.0646278
BANF1	NA	4165	1152	157.72
BANF2	NA	0	640	0
BANK1	NA	1	3558	0.0122608
BANP	NA	419	2696	6.77981
BAP1	NA	2736	3701	32.2493
BARD1	NA	283	5506	2.2422
BARHL1	NA	2	1907	0.0457512
BARHL2	NA	0	1496	0
BARX1	NA	3	1482	0.0883072
BARX2	NA	0	1767	0
BASP1	NA	6	1963	0.133338
BASP1P1	NA	0	1152	0
BATF	NA	0	940	0
BATF2	NA	54	2344	1.00498
BATF3	NA	468	981	20.8113
BAX	NA	4394	1305	146.883
BAZ1A	NA	669	6016	4.85111
BAZ1B	NA	5584	6115	39.8357
BAZ2A	NA	2857	9141	13.6345
BAZ2B	NA	297	10723	1.20827
BBC3	NA	1514	2095	31.5257
BBIP1	NA	629	2460	11.1542
BBOX1	NA	0	1886	0
BBOX1-AS1	NA	0	1180	0
BBS1	NA	678	3370	8.77653
BBS10	NA	305	3583	3.71344
BBS12	NA	192	3432	2.44049
BBS2	NA	803	2814	12.4484
BBS4	NA	652	2874	9.89656
BBS5	NA	362	3157	5.00216
BBS7	NA	559	4282	5.69493
BBS9	NA	279	4019	3.02837
BBX	NA	11	9025	0.0531702
BCAM	NA	737	3431	9.37066
BCAN	NA	167	4050	1.79881
BCAP29	NA	611	6098	4.37096
BCAP31	NA	3832	2396	69.7689
BCAR1	NA	9591	5392	77.5956
BCAR3	NA	289	4262	2.95806
BCAR4	NA	2	1310	0.0666012
BCAS1	NA	71	3475	0.891306
BCAS2	NA	1803	1301	60.4563
BCAS3	NA	199	3609	2.40541
BCAS4	NA	593	1378	18.7728
BCAT1	NA	10	10227	0.0426555
BCAT2	NA	1179	2080	24.7271
BCCIP	NA	4067	3373	52.5994
BCDIN3D	NA	96	3249	1.28898
BCDIN3D-AS1	NA	51	3088	0.72047
BCHE	NA	0	2447	0
BCKDHA	NA	1025	1774	25.2054
BCKDHB	NA	435	3712	5.11216
BCKDK	NA	1704	2221	33.4691
BCL10	NA	545	3104	7.65946
BCL11A	NA	0	7446	0
BCL11B	NA	0	8043	0
BCL2	NA	209	6620	1.37725
BCL2A1	NA	1	943	0.0462606
BCL2L1	NA	5355	2559	91.2877
BCL2L10	NA	0	1313	0
BCL2L11	NA	228	6212	1.60113
BCL2L12	NA	1535	1904	35.1694
BCL2L13	NA	1837	5513	14.536
BCL2L14	NA	1	2231	0.0195535
BCL2L15	NA	9	4973	0.0789491
BCL2L2	NA	1139	3658	13.5832
BCL2L2-PABPN1	NA	6065	2130	124.215
BCL3	NA	289	1864	6.76356
BCL6	NA	19	3975	0.208516
BCL6B	NA	1	3525	0.0123755
BCL7A	NA	391	3783	4.50883
BCL7B	NA	1066	2065	22.5196
BCL7C	NA	1721	2190	34.2815
BCL9	NA	1133	6192	7.98219
BCL9L	NA	2837	7738	15.9939
BCLAF1	NA	5737	7263	34.4582
BCO1	NA	7	2427	0.125821
BCO2	NA	13	3002	0.18891
BCOR	NA	962	6746	6.22088
BCORL1	NA	976	7349	5.79355
BCORP1	NA	0	3668	0
BCR	NA	1697	6927	10.6871
BCRP2	NA	111	2334	2.07465
BCRP3	NA	160	1425	4.89811
BCS1L	NA	587	1720	14.8879
BCYRN1	NA	1	191	0.228397
BDH1	NA	20	3689	0.236507
BDH2	NA	534	2920	7.97777
BDKRB1	NA	0	1301	0
BDKRB2	NA	0	4197	0
BDNF	NA	3288	7729	18.558
BDNF-AS	NA	460	3049	6.58148
BDP1	NA	1275	11075	5.02215
BEAN1	NA	2	3520	0.0247862
BEAN1-AS1	NA	0	483	0
BECN1	NA	1831	2143	37.2726
BECN2	NA	12	1296	0.403924
BEGAIN	NA	39	2807	0.606102
BEND2	NA	0	4696	0
BEND3	NA	495	6660	3.24231
BEND3P3	NA	46	5920	0.338969
BEND4	NA	12	8850	0.0591509
BEND5	NA	0	1849	0
BEND6	NA	21	2698	0.339548
BEND7	NA	80	3094	1.12796
BEST1	NA	50	3380	0.645322
BEST2	NA	8	1910	0.182717
BEST3	NA	1	5388	0.00809647
BEST4	NA	68	2096	1.41528
BET1	NA	476	3061	6.7837
BET1L	NA	1521	2956	22.4465
BEX1	NA	4563	862	230.923
BEX2	NA	2154	1176	79.9027
BEX4	NA	1724	1282	58.6641
BEX5	NA	0	1017	0
BFAR	NA	1606	3043	23.0233
BFSP1	NA	61	3009	0.884364
BFSP2	NA	8	1577	0.2213
BGLAP	NA	31	545	2.48135
BGLT3	NA	0	993	0
BGN	NA	0	2444	0
BHLHA15	NA	2	706	0.12358
BHLHA9	NA	0	708	0
BHLHB9	NA	68	4281	0.692926
BHLHE22	NA	0	3397	0
BHLHE23	NA	3	1057	0.123814
BHLHE40	NA	1251	3034	17.9873
BHLHE40-AS1	NA	34	2718	0.545698
BHLHE41	NA	279	3780	3.21985
BHMT	NA	0	2500	0
BHMT2	NA	1	2651	0.0164556
BICC1	NA	0	5471	0
BICD1	NA	158	3589	1.92047
BICD2	NA	1352	6416	9.19254
BID	NA	790	2660	12.9559
BIK	NA	122	953	5.58458
BIN1	NA	323	2714	5.19178
BIN2	NA	1	2993	0.0145753
BIN3	NA	973	1847	22.981
BIN3-IT1	NA	2	1839	0.0474429
BIRC2	NA	2312	4265	23.6479
BIRC3	NA	13	6912	0.082047
BIRC5	NA	2330	2700	37.6457
BIRC6	NA	1514	15702	4.20624
BIRC6-AS2	NA	1	588	0.0741901
BIRC7	NA	2956	1368	94.2631
BIRC8	NA	2	2022	0.0431491
BISPR	NA	159	2092	3.31557
BIVM	NA	838	3885	9.40971
BIVM-ERCC5	NA	1055	5143	8.94868
BLACAT1	NA	313	2616	5.21951
BLACE	NA	0	2452	0
BLCAP	NA	1140	2540	19.5792
BLID	NA	0	862	0
BLK	NA	0	2590	0
BLM	NA	632	4831	5.70694
BLMH	NA	2312	2537	39.7549
BLNK	NA	1	1828	0.0238642
BLOC1S1	NA	333	1004	14.4688
BLOC1S1-RDH5	NA	202	1213	7.26463
BLOC1S2	NA	3585	2939	53.2124
BLOC1S3	NA	551	2600	9.24488
BLOC1S4	NA	1027	1546	28.9791
BLOC1S5	NA	571	2787	8.93763
BLOC1S5-TXNDC5	NA	5647	3352	73.4915
BLOC1S6	NA	1655	3941	18.3195
BLVRA	NA	2140	1175	79.451
BLVRB	NA	2071	856	105.543
BLZF1	NA	207	2316	3.89902
BMF	NA	175	4778	1.59777
BMI1	NA	3934	3430	50.0338
BMP1	NA	240	4229	2.47569
BMP10	NA	0	1584	0
BMP15	NA	0	1262	0
BMP2	NA	2	3150	0.0276976
BMP2K	NA	132	4355	1.32224
BMP3	NA	1	5734	0.00760791
BMP4	NA	7083	2073	149.053
BMP5	NA	0	2170	0
BMP6	NA	1958	3105	27.509
BMP7	NA	1501	4031	16.2439
BMP7-AS1	NA	1	1012	0.0431065
BMP8A	NA	31	5626	0.240373
BMP8B	NA	45	3773	0.520294
BMPER	NA	0	5031	0
BMPR1A	NA	976	3616	11.7746
BMPR1B	NA	0	5944	0
BMPR1B-AS1	NA	0	643	0
BMPR2	NA	392	12070	1.41678
BMS1	NA	3623	8048	19.6383
BMS1P17	NA	125	1450	3.76067
BMS1P18	NA	125	1450	3.76067
BMS1P20	NA	360	2011	7.80933
BMS1P21	NA	0	818	0
BMS1P4	NA	97	1960	2.15893
BMS1P5	NA	259	8467	1.33442
BMS1P6	NA	78	4696	0.724586
BMX	NA	0	2685	0
BNC1	NA	1	4935	0.00883967
BNC2	NA	315	12926	1.06309
BNIP1	NA	227	1386	7.14473
BNIP2	NA	1162	2517	20.1394
BNIP3	NA	1827	1633	48.8063
BNIP3L	NA	1010	3500	12.5886
BNIPL	NA	11	2412	0.198948
BOC	NA	17	5630	0.131724
BOD1	NA	1609	1934	36.293
BOD1L1	NA	1520	10542	6.2899
BOD1L2	NA	7	3347	0.0912359
BOK	NA	1483	2647	24.4405
BOK-AS1	NA	28	826	1.47877
BOLA1	NA	5	857	0.254514
BOLA2	NA	4442	2024	95.7395
BOLA2B	NA	4442	2024	95.7395
BOLA3	NA	960	554	75.5935
BOLA3-AS1	NA	424	4190	4.41443
BOLL	NA	0	3616	0
BOP1	NA	4985	2427	89.6022
BORA	NA	482	3189	6.5935
BPESC1	NA	1	3514	0.0124143
BPGM	NA	304	2230	5.94692
BPHL	NA	462	2231	9.0337
BPI	NA	0	1845	0
BPIFA1	NA	0	1078	0
BPIFA2	NA	0	1052	0
BPIFA3	NA	0	1181	0
BPIFA4P	NA	0	1203	0
BPIFB1	NA	0	1727	0
BPIFB2	NA	0	1920	0
BPIFB3	NA	0	1556	0
BPIFB4	NA	4	2174	0.0802645
BPIFB6	NA	0	1362	0
BPIFC	NA	1	1980	0.0220322
BPNT1	NA	615	2507	10.7015
BPTF	NA	1673	11292	6.46321
BPY2	NA	0	2408	0
BPY2B	NA	0	2408	0
BPY2C	NA	0	2408	0
BRAF	NA	201	2946	2.97637
BRAP	NA	1229	4036	13.2838
BRAT1	NA	2311	3013	33.4599
BRCA1	NA	1463	7362	8.66905
BRCA2	NA	344	11386	1.31799
BRCAT107	NA	0	1100	0
BRCAT54	NA	14	1395	0.437801
BRCC3	NA	726	2932	10.8018
BRD1	NA	1216	4762	11.1395
BRD2	NA	4580	33048	6.04566
BRD3	NA	1643	5635	12.7194
BRD4	NA	2747	7453	16.0787
BRD7	NA	1573	2312	29.68
BRD7P3	NA	14	2461	0.248164
BRD8	NA	2063	4675	19.2504
BRD9	NA	1590	2924	23.7215
BRDT	NA	63	4051	0.678425
BRDTP1	NA	2	817	0.10679
BRE	NA	585	2103	12.135
BRE-AS1	NA	18	1659	0.473314
BREA2	NA	19	1002	0.827197
BRF1	NA	1048	5387	8.48667
BRF2	NA	700	2000	15.2683
BRI3	NA	1514	1116	59.1814
BRI3BP	NA	245	1272	8.40238
BRICD5	NA	199	1031	8.42011
BRINP1	NA	1	3196	0.0136495
BRINP2	NA	1	3667	0.0118963
BRINP3	NA	0	2884	0
BRIP1	NA	422	8166	2.25438
BRIX1	NA	1571	1273	53.8358
BRK1	NA	3867	1176	143.447
BRMS1	NA	2338	1437	70.9759
BRMS1L	NA	453	2584	7.64767
BROX	NA	793	4538	7.62311
BRPF1	NA	838	4728	7.73196
BRPF3	NA	1319	6023	9.55334
BRS3	NA	0	1413	0
BRSK1	NA	352	3081	4.98396
BRSK2	NA	475	5604	3.69759
BRWD1	NA	1037	19881	2.27543
BRWD1-AS1	NA	1	691	0.0631314
BRWD1-IT2	NA	16	1009	0.691755
BRWD3	NA	670	12793	2.28468
BSCL2	NA	2484	2598	41.7096
BSDC1	NA	1396	5281	11.5317
BSG	NA	14843	2391	270.81
BSN	NA	167	15959	0.456493
BSN-AS2	NA	8	2603	0.134072
BSND	NA	0	1370	0
BSPH1	NA	0	654	0
BSPRY	NA	1	2348	0.0185791
BST1	NA	14	1480	0.412657
BST2	NA	6521	1019	279.166
BSX	NA	0	702	0
BTAF1	NA	2063	7038	12.7871
BTBD1	NA	2989	3290	39.6327
BTBD10	NA	647	2922	9.65934
BTBD11	NA	71	5911	0.523987
BTBD16	NA	0	1848	0
BTBD17	NA	2	1678	0.051995
BTBD18	NA	1	3048	0.0143123
BTBD19	NA	173	1572	4.80084
BTBD2	NA	3273	2618	54.538
BTBD3	NA	815	5192	6.84772
BTBD6	NA	690	1987	15.1487
BTBD7	NA	661	9581	3.00964
BTBD8	NA	5	1447	0.150739
BTBD9	NA	238	9382	1.10664
BTC	NA	0	1323	0
BTD	NA	75	3189	1.02596
BTF3	NA	8330	1249	290.942
BTF3L4	NA	1003	4643	9.42379
BTF3P11	NA	0	640	0
BTG1	NA	226	4680	2.10662
BTG2	NA	1938	2711	31.1851
BTG3	NA	1372	1594	37.5482
BTG4	NA	112	1013	4.82316
BTK	NA	2	3095	0.0281898
BTLA	NA	2	3215	0.0271377
BTN1A1	NA	3	2851	0.0459037
BTN2A1	NA	398	3686	4.71033
BTN2A2	NA	366	3878	4.11715
BTN2A3P	NA	34	2483	0.597345
BTN3A1	NA	30	4191	0.312268
BTN3A2	NA	17	4120	0.180001
BTN3A3	NA	34	3002	0.494073
BTNL10	NA	0	780	0
BTNL2	NA	1	12104	0.00360408
BTNL3	NA	0	2440	0
BTNL8	NA	0	2414	0
BTNL9	NA	187	3940	2.07047
BTRC	NA	993	6164	7.02765
BUB1	NA	2053	3636	24.6314
BUB1B	NA	1469	3742	17.1254
BUB3	NA	3545	2764	55.9502
BUD13	NA	691	2206	13.6646
BUD31	NA	1708	1043	71.4376
BVES	NA	311	5787	2.34439
BVES-AS1	NA	3	1715	0.0763098
BYSL	NA	1435	1990	31.4573
BZRAP1	NA	1	7698	0.0056669
BZRAP1-AS1	NA	130	2999	1.89099
BZW1	NA	9993	3669	118.815
BZW2	NA	1277	1873	29.7424
C10orf10	NA	3	2060	0.0635298
C10orf105	NA	10	4934	0.0884146
C10orf107	NA	8	1252	0.278746
C10orf11	NA	1	1594	0.0273675
C10orf111	NA	10	1714	0.254514
C10orf113	NA	6	614	0.426291
C10orf12	NA	128	4545	1.22857
C10orf120	NA	0	1064	0
C10orf126	NA	1	2148	0.020309
C10orf128	NA	0	2050	0
C10orf131	NA	3	1176	0.111285
C10orf142	NA	0	1110	0
C10orf2	NA	2294	3665	27.305
C10orf25	NA	3	3375	0.0387767
C10orf32	NA	390	2435	6.98697
C10orf32-ASMT	NA	49	2731	0.782704
C10orf35	NA	508	1076	20.5956
C10orf53	NA	0	1192	0
C10orf54	NA	30	4773	0.274191
C10orf55	NA	1722	2513	29.8926
C10orf62	NA	0	1242	0
C10orf67	NA	0	2943	0
C10orf71	NA	2	5286	0.0165054
C10orf71-AS1	NA	2	695	0.125536
C10orf76	NA	836	4101	8.89282
C10orf82	NA	0	994	0
C10orf88	NA	424	3087	5.99173
C10orf90	NA	2	3080	0.0283271
C10orf91	NA	8	738	0.472886
C10orf95	NA	105	1469	3.1181
C10orf99	NA	1	828	0.0526857
C11orf1	NA	294	983	13.0472
C11orf16	NA	6	1925	0.13597
C11orf21	NA	0	2262	0
C11orf24	NA	1201	2102	24.9249
C11orf30	NA	435	6910	2.74621
C11orf31	NA	1135	1294	38.2635
C11orf39	NA	9	678	0.579077
C11orf40	NA	0	654	0
C11orf42	NA	0	1143	0
C11orf44	NA	0	3547	0
C11orf45	NA	0	3867	0
C11orf49	NA	735	2528	12.6833
C11orf52	NA	168	1140	6.42877
C11orf53	NA	2	1208	0.0722248
C11orf54	NA	163	2726	2.60846
C11orf57	NA	1183	3782	13.6454
C11orf58	NA	4584	3980	50.2441
C11orf63	NA	37	3864	0.417722
C11orf65	NA	19	1033	0.802373
C11orf68	NA	1614	1558	45.1918
C11orf70	NA	0	2264	0
C11orf71	NA	289	2235	5.64084
C11orf72	NA	0	2431	0
C11orf73	NA	612	1347	19.8202
C11orf74	NA	255	1207	9.21629
C11orf80	NA	127	2326	2.38187
C11orf84	NA	2881	2038	61.6683
C11orf85	NA	5	1339	0.162897
C11orf86	NA	3	1185	0.11044
C11orf87	NA	0	5937	0
C11orf88	NA	979	795	53.7203
C11orf91	NA	9	903	0.434788
C11orf94	NA	1	368	0.118543
C11orf95	NA	2008	5582	15.6927
C11orf96	NA	19	1328	0.624135
C11orf97	NA	0	604	0
C11orf98	NA	2692	809	145.161
C12orf10	NA	931	1215	33.4269
C12orf29	NA	522	2874	7.92332
C12orf4	NA	567	3861	6.40629
C12orf40	NA	0	2793	0
C12orf42	NA	1	3353	0.0130104
C12orf43	NA	881	2911	13.2025
C12orf45	NA	925	622	64.8746
C12orf49	NA	1489	5278	12.3069
C12orf50	NA	22	1705	0.562887
C12orf54	NA	0	889	0
C12orf56	NA	4	2069	0.0843379
C12orf57	NA	1862	1088	74.6576
C12orf60	NA	77	1126	2.98315
C12orf65	NA	639	2085	13.3696
C12orf66	NA	85	3941	0.940883
C12orf71	NA	2	966	0.0903184
C12orf73	NA	301	1693	7.75591
C12orf74	NA	0	2369	0
C12orf75	NA	640	1366	20.4387
C12orf76	NA	300	1947	6.72169
C12orf77	NA	0	1509	0
C12orf79	NA	1	2444	0.0178493
C12orf80	NA	0	1292	0
C14orf1	NA	1526	1540	43.2272
C14orf105	NA	0	3509	0
C14orf119	NA	2535	2945	37.5505
C14orf132	NA	29	7857	0.161014
C14orf142	NA	509	1176	18.8814
C14orf159	NA	665	4324	6.70902
C14orf166	NA	2669	1051	110.782
C14orf169	NA	2	2467	0.0353658
C14orf177	NA	0	1289	0
C14orf178	NA	3	646	0.202587
C14orf180	NA	1	2368	0.0184222
C14orf2	NA	3136	921	148.539
C14orf28	NA	98	2906	1.47114
C14orf37	NA	20	3082	0.283087
C14orf39	NA	1	2763	0.0157886
C14orf79	NA	417	1890	9.62493
C14orf80	NA	947	2048	20.1717
C14orf93	NA	134	2490	2.34762
C15orf26	NA	1	1575	0.0276976
C15orf27	NA	7	2399	0.127289
C15orf32	NA	0	1764	0
C15orf38-AP3S2	NA	1020	6256	7.11257
C15orf39	NA	1230	4427	12.1205
C15orf40	NA	569	2656	9.3456
C15orf41	NA	114	3323	1.49657
C15orf43	NA	1	1275	0.0342147
C15orf48	NA	2	953	0.0915504
C15orf52	NA	364	5327	2.98086
C15orf53	NA	0	2043	0
C15orf54	NA	0	3090	0
C15orf56	NA	120	2127	2.46114
C15orf57	NA	546	2882	8.2646
C15orf59	NA	185	5974	1.35092
C15orf59-AS1	NA	6	785	0.33343
C15orf61	NA	478	1297	16.0772
C15orf62	NA	61	2490	1.06869
C15orf65	NA	29	752	1.6823
C16orf13	NA	1297	968	58.4504
C16orf45	NA	303	2342	5.6439
C16orf46	NA	85	2226	1.66578
C16orf47	NA	0	1307	0
C16orf52	NA	289	4442	2.8382
C16orf54	NA	0	2596	0
C16orf58	NA	1089	2813	16.8881
C16orf59	NA	600	1628	16.0776
C16orf62	NA	674	3894	7.5507
C16orf70	NA	661	2841	10.1497
C16orf71	NA	13	2706	0.209575
C16orf72	NA	1306	3979	14.3183
C16orf74	NA	17	897	0.82676
C16orf78	NA	0	1083	0
C16orf82	NA	0	2269	0
C16orf86	NA	2	1269	0.068753
C16orf87	NA	245	1383	7.728
C16orf89	NA	1	1907	0.0228756
C16orf90	NA	0	904	0
C16orf91	NA	1020	978	45.4972
C16orf92	NA	10	895	0.487416
C16orf93	NA	186	1792	4.52791
C16orf95	NA	111	1161	4.17075
C16orf96	NA	21	3426	0.267396
C16orf97	NA	0	448	0
C17orf100	NA	51	1559	1.42708
C17orf102	NA	0	3997	0
C17orf104	NA	66	4680	0.615207
C17orf105	NA	1	827	0.0527494
C17orf107	NA	16	3082	0.22647
C17orf112	NA	0	835	0
C17orf47	NA	0	2127	0
C17orf49	NA	490	903	23.6718
C17orf50	NA	8	1031	0.338497
C17orf51	NA	465	7912	2.56383
C17orf53	NA	429	2725	6.86774
C17orf58	NA	189	1566	5.26494
C17orf59	NA	637	1914	14.5185
C17orf62	NA	1009	3195	13.7766
C17orf64	NA	1	960	0.0454414
C17orf67	NA	64	2012	1.38763
C17orf74	NA	6	1649	0.158728
C17orf75	NA	524	4583	4.98775
C17orf77	NA	0	2761	0
C17orf78	NA	1	1862	0.0234284
C17orf80	NA	860	4088	9.17721
C17orf82	NA	0	1530	0
C17orf85	NA	1577	8184	8.406
C17orf89	NA	1592	560	124.016
C17orf96	NA	1931	3229	26.0878
C17orf97	NA	151	1839	3.58194
C17orf98	NA	2	566	0.154148
C17orf99	NA	0	1090	0
C18orf21	NA	671	1127	25.973
C18orf25	NA	2532	5465	20.2114
C18orf32	NA	678	1653	17.8929
C18orf42	NA	2	2302	0.0379008
C18orf54	NA	390	5693	2.98845
C18orf61	NA	1	2713	0.0160795
C18orf63	NA	0	5065	0
C18orf65	NA	3	2076	0.0630401
C18orf8	NA	593	2226	11.6212
C19orf12	NA	598	5181	5.03513
C19orf18	NA	50	915	2.38381
C19orf24	NA	1185	895	57.7588
C19orf25	NA	1129	2257	21.8216
C19orf26	NA	403	2564	6.85662
C19orf33	NA	2	461	0.189257
C19orf35	NA	2	2570	0.0339485
C19orf38	NA	11	1089	0.440644
C19orf43	NA	4594	910	220.228
C19orf44	NA	1700	3897	19.0301
C19orf45	NA	18	1679	0.467676
C19orf47	NA	927	2243	18.0291
C19orf48	NA	5041	2246	97.9107
C19orf52	NA	603	1396	18.8432
C19orf53	NA	2873	909	137.878
C19orf54	NA	490	2753	7.76449
C19orf57	NA	44	2420	0.79316
C19orf60	NA	616	880	30.5366
C19orf66	NA	447	2135	9.13341
C19orf67	NA	0	1447	0
C19orf68	NA	768	3588	9.33753
C19orf70	NA	866	1100	34.3438
C19orf71	NA	56	671	3.64073
C19orf73	NA	38	744	2.2281
C19orf80	NA	2	872	0.100055
C19orf81	NA	247	765	14.0851
C19orf84	NA	5	1447	0.150739
C1D	NA	309	1284	10.4982
C1GALT1	NA	694	6237	4.85408
C1GALT1C1	NA	244	1904	5.59044
C1GALT1C1L	NA	0	1170	0
C1QA	NA	0	1098	0
C1QB	NA	0	1044	0
C1QBP	NA	8235	1163	308.892
C1QC	NA	0	1191	0
C1QL1	NA	466	1500	13.5525
C1QL2	NA	2	2049	0.0425805
C1QL3	NA	0	2493	0
C1QL4	NA	24	2065	0.507008
C1QTNF1	NA	18	3642	0.215603
C1QTNF1-AS1	NA	0	966	0
C1QTNF2	NA	2	2397	0.0363986
C1QTNF3	NA	29	3826	0.330656
C1QTNF3-AMACR	NA	400	3612	4.83098
C1QTNF4	NA	46	1414	1.41916
C1QTNF5	NA	31	3925	0.344544
C1QTNF6	NA	346	2936	5.14095
C1QTNF7	NA	0	4839	0
C1QTNF8	NA	13	3406	0.166503
C1QTNF9	NA	45	1973	0.994967
C1QTNF9B	NA	82	1402	2.55146
C1QTNF9B-AS1	NA	72	905	3.47062
C1R	NA	32	2266	0.616046
C1RL	NA	19	3742	0.2215
C1RL-AS1	NA	0	5272	0
C1S	NA	56	2810	0.869371
C1orf100	NA	1	574	0.0759996
C1orf101	NA	10	3194	0.13658
C1orf105	NA	71	1282	2.41598
C1orf106	NA	765	4408	7.57082
C1orf109	NA	862	2551	14.7408
C1orf110	NA	0	1552	0
C1orf111	NA	0	1173	0
C1orf112	NA	292	3363	3.78773
C1orf115	NA	38	2972	0.557774
C1orf116	NA	6	5502	0.0475723
C1orf122	NA	2270	1318	75.1335
C1orf123	NA	700	1566	19.4998
C1orf127	NA	9	2761	0.1422
C1orf131	NA	470	1444	14.1989
C1orf137	NA	0	386	0
C1orf140	NA	0	4492	0
C1orf141	NA	0	2533	0
C1orf145	NA	31	3534	0.382665
C1orf146	NA	3	751	0.174263
C1orf158	NA	0	1048	0
C1orf159	NA	725	2104	15.032
C1orf162	NA	12	1030	0.508238
C1orf167	NA	33	4672	0.30813
C1orf168	NA	0	3460	0
C1orf174	NA	916	1666	23.9852
C1orf177	NA	1	1789	0.0243844
C1orf185	NA	0	911	0
C1orf186	NA	1	1665	0.0262005
C1orf189	NA	35	705	2.16572
C1orf194	NA	2	731	0.119354
C1orf195	NA	0	719	0
C1orf198	NA	654	4132	6.90463
C1orf204	NA	0	2501	0
C1orf21	NA	1	10308	0.00423203
C1orf210	NA	0	1513	0
C1orf216	NA	1344	2934	19.9831
C1orf220	NA	11	2577	0.186209
C1orf226	NA	30	4252	0.307788
C1orf228	NA	88	1685	2.27827
C1orf229	NA	15	2258	0.289795
C1orf233	NA	265	2089	5.53389
C1orf234	NA	1	510	0.0855368
C1orf27	NA	659	3896	7.37887
C1orf35	NA	1052	1611	28.4868
C1orf43	NA	2468	2763	38.9661
C1orf50	NA	277	1015	11.9052
C1orf52	NA	623	3390	8.01699
C1orf53	NA	27	683	1.72451
C1orf54	NA	19	660	1.25584
C1orf56	NA	313	2028	6.73286
C1orf61	NA	8	879	0.397031
C1orf64	NA	0	927	0
C1orf68	NA	0	908	0
C1orf74	NA	256	4855	2.30024
C1orf87	NA	1	2028	0.0215107
C1orf94	NA	0	3293	0
C1orf95	NA	1	7705	0.00566175
C2	NA	3286	25975	5.51868
C2-AS1	NA	11	5334	0.0899628
C20orf141	NA	1	751	0.0580876
C20orf144	NA	3	570	0.229599
C20orf166-AS1	NA	0	2449	0
C20orf173	NA	0	2400	0
C20orf194	NA	348	6909	2.19729
C20orf195	NA	26	1111	1.0209
C20orf196	NA	45	2148	0.913906
C20orf197	NA	0	3337	0
C20orf202	NA	0	1604	0
C20orf203	NA	0	4793	0
C20orf24	NA	2162	1253	75.271
C20orf27	NA	3557	2129	72.8839
C20orf62	NA	0	700	0
C20orf78	NA	0	1033	0
C20orf85	NA	0	757	0
C20orf96	NA	520	1608	14.1072
C21orf140	NA	21	961	0.953277
C21orf2	NA	322	2795	5.02571
C21orf33	NA	1732	1667	45.3248
C21orf58	NA	180	3802	2.0653
C21orf59	NA	3053	1427	93.331
C21orf62	NA	2	4121	0.0211714
C21orf62-AS1	NA	11	1202	0.399219
C21orf91	NA	577	5433	4.63297
C21orf91-OT1	NA	2	497	0.175548
C22orf15	NA	0	864	0
C22orf23	NA	149	2010	3.2338
C22orf24	NA	12	1598	0.327588
C22orf29	NA	1666	6635	10.9536
C22orf31	NA	1	1070	0.0407699
C22orf34	NA	58	3815	0.663219
C22orf39	NA	706	2785	11.0587
C22orf42	NA	0	805	0
C22orf46	NA	718	4975	6.29585
C2CD2	NA	1712	6466	11.5502
C2CD2L	NA	292	3384	3.76423
C2CD3	NA	2078	8137	11.1405
C2CD4A	NA	14	3445	0.177281
C2CD4B	NA	2	1576	0.0553601
C2CD4C	NA	160	3124	2.23425
C2CD4D	NA	0	1713	0
C2CD5	NA	1206	4990	10.5431
C2orf15	NA	10	1408	0.309828
C2orf16	NA	0	6201	0
C2orf27A	NA	20	1219	0.71573
C2orf27B	NA	3	1325	0.0987708
C2orf40	NA	0	782	0
C2orf42	NA	178	2524	3.07648
C2orf44	NA	880	3894	9.85848
C2orf47	NA	505	1511	14.5798
C2orf48	NA	16	1902	0.366972
C2orf49	NA	688	4371	6.86643
C2orf50	NA	0	1056	0
C2orf54	NA	23	2691	0.372853
C2orf57	NA	0	1420	0
C2orf61	NA	0	2384	0
C2orf66	NA	4	2256	0.0773471
C2orf68	NA	490	4265	5.01188
C2orf69	NA	477	3728	5.58169
C2orf70	NA	0	695	0
C2orf71	NA	0	7046	0
C2orf72	NA	530	3579	6.46007
C2orf73	NA	1	1921	0.0227089
C2orf74	NA	10	976	0.446965
C2orf76	NA	171	950	7.85228
C2orf78	NA	2	3045	0.0286527
C2orf80	NA	17	1214	0.610877
C2orf81	NA	1782	2229	34.8755
C2orf82	NA	8	465	0.750517
C2orf83	NA	0	2087	0
C2orf88	NA	47	4472	0.458479
C2orf91	NA	1	3721	0.0117237
C3	NA	121	5132	1.02854
C3AR1	NA	1	1955	0.022314
C3P1	NA	1	3763	0.0115928
C3orf14	NA	269	3835	3.05992
C3orf17	NA	1121	4860	10.0622
C3orf18	NA	178	2827	2.74674
C3orf20	NA	4	3328	0.0524324
C3orf22	NA	2	2184	0.0399485
C3orf30	NA	0	1814	0
C3orf33	NA	150	1952	3.35224
C3orf35	NA	20	2821	0.309279
C3orf36	NA	0	1667	0
C3orf38	NA	624	2630	10.3503
C3orf49	NA	1	1289	0.0338431
C3orf52	NA	5	2307	0.0945465
C3orf56	NA	0	1739	0
C3orf58	NA	7	4593	0.0664852
C3orf62	NA	254	3590	3.08647
C3orf67	NA	12	2551	0.205208
C3orf67-AS1	NA	0	2203	0
C3orf70	NA	6	5901	0.0443556
C3orf79	NA	0	580	0
C3orf80	NA	33	2578	0.558411
C3orf84	NA	0	702	0
C4A	NA	385	31797	0.528199
C4B	NA	745	48084	0.675894
C4BPA	NA	0	2243	0
C4BPB	NA	0	1220	0
C4B_2	NA	745	48084	0.675894
C4orf17	NA	0	1636	0
C4orf19	NA	2	3794	0.0229962
C4orf22	NA	1	946	0.0461139
C4orf26	NA	0	2062	0
C4orf27	NA	770	1216	27.6236
C4orf29	NA	70	2187	1.39628
C4orf3	NA	2495	3040	35.8031
C4orf32	NA	15	2726	0.240043
C4orf33	NA	28	1944	0.628326
C4orf36	NA	5	908	0.240219
C4orf45	NA	0	817	0
C4orf46	NA	624	3734	7.2901
C4orf47	NA	16	974	0.716612
C4orf48	NA	362	540	29.2441
C4orf51	NA	0	845	0
C5	NA	174	5464	1.38919
C5AR1	NA	446	2341	8.31106
C5AR2	NA	1	1725	0.0252891
C5orf15	NA	1485	2281	28.4004
C5orf17	NA	0	1986	0
C5orf22	NA	1060	3612	12.8021
C5orf24	NA	955	5141	8.10362
C5orf28	NA	219	2761	3.4602
C5orf30	NA	168	3010	2.43482
C5orf34	NA	212	2533	3.6511
C5orf38	NA	0	1927	0
C5orf42	NA	452	11199	1.76069
C5orf45	NA	1285	1201	46.6749
C5orf46	NA	0	542	0
C5orf47	NA	0	2522	0
C5orf49	NA	11	2385	0.2012
C5orf51	NA	1021	5222	8.52927
C5orf52	NA	0	697	0
C5orf56	NA	1	805	0.054191
C5orf58	NA	0	1743	0
C5orf60	NA	0	1220	0
C5orf63	NA	0	6324	0
C5orf64	NA	1	3950	0.011044
C5orf66	NA	1024	2474	18.0561
C5orf66-AS1	NA	0	843	0
C5orf66-AS2	NA	0	2160	0
C5orf67	NA	0	938	0
C6	NA	0	3967	0
C6orf1	NA	275	1187	10.1066
C6orf10	NA	1	14975	0.00291311
C6orf106	NA	2273	4429	22.3881
C6orf118	NA	0	1839	0
C6orf120	NA	1645	4146	17.3085
C6orf132	NA	17	6742	0.109998
C6orf136	NA	272	13775	0.861391
C6orf141	NA	6	1696	0.154329
C6orf15	NA	1	6816	0.0064002
C6orf163	NA	33	1304	1.10398
C6orf165	NA	53	2215	1.04382
C6orf201	NA	162	3068	2.30347
C6orf203	NA	255	1794	6.2007
C6orf222	NA	2	3735	0.0233594
C6orf223	NA	8	3623	0.0963263
C6orf226	NA	44	552	3.47726
C6orf229	NA	0	821	0
C6orf25	NA	178	17809	0.436017
C6orf47	NA	952	17327	2.39683
C6orf48	NA	1695	4300	17.1959
C6orf52	NA	66	881	3.26807
C6orf58	NA	3	1201	0.108969
C6orf62	NA	2436	2472	42.9885
C6orf7	NA	80	905	3.85625
C6orf89	NA	1187	7239	7.15312
C6orf99	NA	6	1176	0.22257
C7	NA	0	4013	0
C7orf13	NA	98	2289	1.86768
C7orf25	NA	390	1825	9.32234
C7orf26	NA	662	2178	13.2594
C7orf31	NA	295	3609	3.56581
C7orf33	NA	0	1354	0
C7orf34	NA	0	768	0
C7orf43	NA	717	2556	12.2372
C7orf49	NA	1021	4358	10.2203
C7orf50	NA	2509	1293	84.6497
C7orf55	NA	237	1474	7.01413
C7orf55-LUC7L2	NA	3408	2747	54.1208
C7orf57	NA	19	2134	0.388403
C7orf60	NA	199	3942	2.20221
C7orf61	NA	21	1004	0.912449
C7orf62	NA	0	1019	0
C7orf65	NA	1	2911	0.0149858
C7orf66	NA	0	435	0
C7orf69	NA	24	807	1.29736
C7orf71	NA	0	1956	0
C7orf72	NA	0	1404	0
C7orf73	NA	1368	2498	23.89
C7orf76	NA	0	2707	0
C7orf77	NA	0	669	0
C8A	NA	1	2392	0.0182374
C8B	NA	0	2513	0
C8G	NA	11	877	0.547162
C8orf22	NA	0	2027	0
C8orf31	NA	15	2125	0.307933
C8orf33	NA	3128	2617	52.1418
C8orf34	NA	0	5363	0
C8orf34-AS1	NA	0	1600	0
C8orf37	NA	159	3373	2.05638
C8orf37-AS1	NA	0	878	0
C8orf4	NA	0	1841	0
C8orf44	NA	83	1885	1.92083
C8orf44-SGK3	NA	160	4563	1.52965
C8orf46	NA	14	3465	0.176258
C8orf48	NA	6	1446	0.181012
C8orf49	NA	0	1968	0
C8orf58	NA	537	2061	11.3663
C8orf59	NA	1648	1184	60.7196
C8orf74	NA	0	1036	0
C8orf76	NA	594	1342	19.3089
C8orf82	NA	531	1932	11.9898
C8orf86	NA	0	2250	0
C8orf87	NA	0	588	0
C8orf88	NA	11	1053	0.455709
C8orf89	NA	3	563	0.232453
C9	NA	0	2692	0
C9orf106	NA	5	843	0.258741
C9orf114	NA	2109	4286	21.4658
C9orf116	NA	295	722	17.8241
C9orf117	NA	91	1722	2.30532
C9orf129	NA	147	1154	5.55693
C9orf131	NA	1	3551	0.0122849
C9orf135	NA	0	1273	0
C9orf135-AS1	NA	0	953	0
C9orf139	NA	2	3815	0.0228696
C9orf142	NA	597	812	32.0731
C9orf152	NA	2	2656	0.0328492
C9orf153	NA	4	1971	0.0885312
C9orf156	NA	256	1647	6.78062
C9orf16	NA	1300	713	79.5384
C9orf163	NA	27	2573	0.45777
C9orf170	NA	0	3409	0
C9orf171	NA	17	1848	0.401301
C9orf172	NA	67	2931	0.9972
C9orf173	NA	3	1207	0.108427
C9orf173-AS1	NA	4	1701	0.102584
C9orf24	NA	1	1331	0.0327752
C9orf3	NA	132	5178	1.11208
C9orf40	NA	918	2325	17.2244
C9orf41	NA	211	2193	4.19727
C9orf41-AS1	NA	18	1809	0.434067
C9orf43	NA	4	2228	0.0783192
C9orf47	NA	1	4896	0.00891008
C9orf50	NA	1	1620	0.0269283
C9orf57	NA	0	1497	0
C9orf62	NA	0	1920	0
C9orf64	NA	2	2473	0.03528
C9orf66	NA	5	2786	0.078291
C9orf69	NA	1124	3205	15.2989
C9orf72	NA	132	4562	1.26224
C9orf78	NA	1848	1818	44.3436
C9orf84	NA	6	5413	0.0483544
C9orf85	NA	289	1315	9.58728
C9orf89	NA	295	906	14.2042
C9orf9	NA	138	719	8.37285
C9orf91	NA	533	4356	5.3378
C9orf92	NA	0	447	0
CA1	NA	0	1511	0
CA10	NA	0	3867	0
CA11	NA	2553	1653	67.3754
CA12	NA	341	4209	3.53426
CA13	NA	1	3855	0.0113162
CA14	NA	1703	1821	40.797
CA2	NA	16	1666	0.418956
CA3	NA	0	1751	0
CA3-AS1	NA	0	1436	0
CA4	NA	6	1154	0.226813
CA5A	NA	1	1084	0.0402433
CA5B	NA	70	6032	0.506244
CA5BP1	NA	187	994	8.20689
CA6	NA	0	1463	0
CA7	NA	1	1849	0.0235932
CA8	NA	1	2278	0.01915
CA9	NA	1	1554	0.0280719
CAAP1	NA	504	2969	7.40532
CAB39	NA	1430	4340	14.3737
CAB39L	NA	1141	4176	11.9192
CABIN1	NA	0	7581	0
CABLES1	NA	6187	5240	51.5077
CABLES2	NA	277	3785	3.19255
CABP1	NA	17	1960	0.378369
CABP2	NA	0	957	0
CABP4	NA	2	4335	0.0201263
CABP5	NA	0	1828	0
CABP7	NA	401	2980	5.87018
CABS1	NA	0	1544	0
CABYR	NA	40	2404	0.725853
CACFD1	NA	252	2880	3.81708
CACHD1	NA	16	5848	0.119354
CACNA1A	NA	54	8738	0.269591
CACNA1B	NA	516	9790	2.29927
CACNA1C	NA	48	14169	0.147783
CACNA1C-AS1	NA	3	2230	0.0586867
CACNA1C-AS2	NA	0	609	0
CACNA1C-AS4	NA	0	737	0
CACNA1C-IT2	NA	0	588	0
CACNA1C-IT3	NA	0	430	0
CACNA1D	NA	4	7827	0.022294
CACNA1E	NA	0	15088	0
CACNA1F	NA	1	6110	0.00713973
CACNA1G	NA	97	8267	0.511855
CACNA1G-AS1	NA	2	1433	0.0608845
CACNA1H	NA	1077	8088	5.80895
CACNA1I	NA	30	10002	0.130845
CACNA1S	NA	0	6168	0
CACNA2D1	NA	80	7864	0.443782
CACNA2D2	NA	199	5862	1.48092
CACNA2D3	NA	1	3675	0.0118704
CACNA2D3-AS1	NA	0	2078	0
CACNA2D4	NA	0	5343	0
CACNB1	NA	594	4111	6.30322
CACNB2	NA	13	5992	0.0946444
CACNB3	NA	261	3235	3.51957
CACNB4	NA	13	8362	0.0678198
CACNG1	NA	0	1318	0
CACNG2	NA	0	4523	0
CACNG3	NA	0	2703	0
CACNG4	NA	83	3430	1.05562
CACNG5	NA	0	926	0
CACNG6	NA	5	1899	0.11486
CACNG7	NA	1965	2345	36.5547
CACNG8	NA	1103	8751	5.49846
CACTIN	NA	1544	3624	18.5858
CACTIN-AS1	NA	435	1913	9.91968
CACUL1	NA	1666	6740	10.783
CACYBP	NA	2956	3315	38.8995
CAD	NA	3553	7114	21.7874
CADM1	NA	1	4394	0.00992803
CADM2	NA	2	9881	0.00882983
CADM2-AS2	NA	0	768	0
CADM3	NA	0	3698	0
CADM3-AS1	NA	0	3294	0
CADM4	NA	1909	2176	38.271
CADPS	NA	0	5551	0
CADPS2	NA	87	6090	0.623197
CAGE1	NA	5	3425	0.0636843
CAHM	NA	33	886	1.62481
CALB1	NA	0	2535	0
CALB2	NA	8	1470	0.237408
CALCA	NA	0	1412	0
CALCB	NA	0	1031	0
CALCOCO1	NA	2187	3046	31.3215
CALCOCO2	NA	1269	3817	14.5032
CALCR	NA	0	3986	0
CALCRL	NA	25	6155	0.177188
CALD1	NA	13	5506	0.102998
CALHM1	NA	2	3056	0.0285496
CALHM2	NA	61	1949	1.36534
CALHM3	NA	0	1652	0
CALM1	NA	4171	4256	42.7525
CALM2	NA	10826	4855	97.2752
CALM3	NA	5812	2259	112.236
CALML3	NA	0	1380	0
CALML3-AS1	NA	1	3709	0.0117616
CALML4	NA	401	4635	3.77414
CALML5	NA	1	876	0.0497988
CALML6	NA	42	1101	1.66412
CALN1	NA	0	9981	0
CALR	NA	13056	1911	298.039
CALR3	NA	5	1292	0.168823
CALU	NA	4681	6365	32.0821
CALY	NA	481	983	21.3459
CAMK1	NA	28	1492	0.818677
CAMK1D	NA	13	8867	0.0639573
CAMK1G	NA	628	2470	11.0914
CAMK2A	NA	260	4904	2.31284
CAMK2B	NA	22	4589	0.209136
CAMK2D	NA	2221	6094	15.899
CAMK2G	NA	606	3914	6.75422
CAMK2N1	NA	113	2351	2.09676
CAMK2N2	NA	252	1360	8.08323
CAMK4	NA	3	2241	0.0583986
CAMKK1	NA	170	4470	1.65907
CAMKK2	NA	941	6261	6.55646
CAMKMT	NA	61	1555	1.71129
CAMKV	NA	96	3028	1.38305
CAMLG	NA	894	2242	17.395
CAMP	NA	0	745	0
CAMSAP1	NA	1752	7631	10.0156
CAMSAP2	NA	928	7388	5.47954
CAMSAP3	NA	315	4185	3.28351
CAMTA1	NA	1074	9283	5.04707
CAMTA2	NA	1311	4927	11.6076
CAND1	NA	3144	5992	22.8894
CAND1.11	NA	0	1019	0
CAND2	NA	474	4592	4.50298
CANT1	NA	1502	3674	17.8342
CANX	NA	11849	4950	104.424
CAP1	NA	10295	2773	161.957
CAP2	NA	387	3027	5.57727
CAPG	NA	42	1677	1.09255
CAPN1	NA	2401	3397	30.8333
CAPN10	NA	614	2644	10.1305
CAPN10-AS1	NA	162	3567	1.98123
CAPN11	NA	6	2728	0.0959467
CAPN12	NA	994	3129	13.8581
CAPN13	NA	0	2681	0
CAPN14	NA	4	3822	0.0456554
CAPN15	NA	2110	4744	19.4026
CAPN2	NA	5149	3727	60.268
CAPN3	NA	28	3662	0.333552
CAPN5	NA	248	4390	2.4644
CAPN6	NA	0	3595	0
CAPN7	NA	685	4368	6.84118
CAPN8	NA	5	2101	0.103817
CAPN9	NA	0	2593	0
CAPNS1	NA	5938	1821	142.25
CAPNS2	NA	0	1009	0
CAPRIN1	NA	7192	6861	45.7283
CAPRIN2	NA	758	4529	7.30113
CAPS	NA	77	2147	1.56452
CAPS2	NA	60	4558	0.574249
CAPSL	NA	0	1098	0
CAPZA1	NA	4307	2740	68.5721
CAPZA2	NA	1399	2356	25.9039
CAPZA3	NA	0	1078	0
CAPZB	NA	5326	2907	79.9244
CARD10	NA	715	3899	7.99974
CARD11	NA	1	4431	0.00984513
CARD14	NA	68	4912	0.603912
CARD16	NA	0	758	0
CARD17	NA	0	466	0
CARD18	NA	0	660	0
CARD6	NA	1	4097	0.0106477
CARD8	NA	373	5766	2.822
CARD8-AS1	NA	12	1963	0.266676
CARD9	NA	55	2123	1.13015
CARF	NA	64	6265	0.445638
CARHSP1	NA	860	3721	10.0824
CARKD	NA	998	2862	15.2119
CARM1	NA	2389	2968	35.1136
CARNS1	NA	24	3969	0.263787
CARS	NA	2004	2827	30.924
CARS2	NA	1693	1909	38.6878
CARTPT	NA	1	915	0.0476763
CASC1	NA	9	2738	0.143394
CASC10	NA	1648	1989	36.1448
CASC11	NA	5	1520	0.143499
CASC15	NA	1	1889	0.0230936
CASC16	NA	0	1001	0
CASC17	NA	0	2062	0
CASC18	NA	12	2704	0.193597
CASC19	NA	0	323	0
CASC2	NA	30	5214	0.251
CASC20	NA	0	1563	0
CASC21	NA	1	585	0.0745706
CASC23	NA	0	1583	0
CASC3	NA	2269	4180	23.68
CASC4	NA	712	3985	7.79426
CASC5	NA	317	7685	1.79945
CASC6	NA	0	1608	0
CASC8	NA	0	1932	0
CASC9	NA	0	1648	0
CASD1	NA	406	3879	4.56593
CASK	NA	631	8311	3.31207
CASKIN1	NA	1298	5695	9.9427
CASKIN2	NA	687	5180	5.78562
CASP1	NA	1	2007	0.0217358
CASP10	NA	122	6684	0.796245
CASP12	NA	0	1783	0
CASP14	NA	0	3144	0
CASP1P2	NA	0	2195	0
CASP2	NA	762	4355	7.63291
CASP3	NA	1427	2673	23.2889
CASP4	NA	0	1418	0
CASP5	NA	0	1488	0
CASP6	NA	570	1661	14.9702
CASP7	NA	241	3093	3.39907
CASP8	NA	435	3641	5.21185
CASP8AP2	NA	751	6763	4.84422
CASP9	NA	267	3304	3.52529
CASQ1	NA	8	1958	0.178238
CASQ2	NA	0	2700	0
CASR	NA	0	5141	0
CASS4	NA	3	3258	0.0401692
CAST	NA	1240	5161	10.4812
CASZ1	NA	42	8554	0.214192
CAT	NA	432	2300	8.19368
CATIP	NA	13	1323	0.428654
CATIP-AS1	NA	5	547	0.398755
CATIP-AS2	NA	0	1183	0
CATSPER1	NA	0	2619	0
CATSPER2	NA	57	1954	1.27255
CATSPER2P1	NA	29	1635	0.773755
CATSPER3	NA	7	1367	0.223384
CATSPER4	NA	0	1419	0
CATSPERB	NA	0	3623	0
CATSPERD	NA	2	2513	0.0347185
CATSPERG	NA	162	3724	1.8977
CAV1	NA	0	3658	0
CAV2	NA	1	3306	0.0131953
CAV3	NA	0	1431	0
CBFA2T2	NA	793	7917	4.36954
CBFA2T3	NA	214	4553	2.0504
CBFB	NA	1469	3133	20.4543
CBL	NA	1644	11231	6.38567
CBLB	NA	110	3976	1.2069
CBLC	NA	21	1591	0.575801
CBLL1	NA	863	4505	8.35678
CBLN1	NA	5	2434	0.0896133
CBLN2	NA	23	2894	0.346699
CBLN3	NA	52	2344	0.967763
CBLN4	NA	0	3107	0
CBR1	NA	2	1952	0.0446965
CBR3	NA	559	1112	21.9296
CBR3-AS1	NA	229	2126	4.69889
CBR4	NA	595	3501	7.41392
CBS	NA	1728	2728	27.6327
CBWD1	NA	2286	1821	54.7633
CBWD2	NA	886	1827	21.1553
CBWD3	NA	1347	1723	34.104
CBWD5	NA	4229	3761	49.0521
CBWD6	NA	2172	1719	55.1197
CBX1	NA	3643	2676	59.3877
CBX2	NA	1353	4996	11.814
CBX3	NA	6121	2453	108.855
CBX3P2	NA	21	1429	0.641077
CBX4	NA	645	2649	10.6219
CBX5	NA	6652	11867	24.4531
CBX6	NA	3133	6165	22.1692
CBX7	NA	251	3962	2.76365
CBX8	NA	289	1546	8.15477
CBY1	NA	713	1271	24.4719
CBY3	NA	3	810	0.16157
CC2D1A	NA	521	3640	6.24395
CC2D1B	NA	1524	5654	11.7585
CC2D2A	NA	273	6413	1.85705
CC2D2B	NA	0	2114	0
CCAR1	NA	3220	4759	29.5164
CCAR2	NA	4457	4202	46.2711
CCAT1	NA	1	2795	0.0156078
CCAT2	NA	0	1752	0
CCBE1	NA	1	6260	0.00696865
CCBL1	NA	327	2519	5.66295
CCBL2	NA	1137	2152	23.0484
CCDC101	NA	212	1151	8.03496
CCDC102A	NA	362	2429	6.50136
CCDC102B	NA	7	2919	0.104613
CCDC103	NA	85	1799	2.06116
CCDC105	NA	0	1751	0
CCDC106	NA	1214	1992	26.586
CCDC107	NA	242	1258	8.39185
CCDC108	NA	32	8871	0.157362
CCDC109B	NA	273	1274	9.34795
CCDC110	NA	43	2896	0.647729
CCDC112	NA	106	2877	1.60727
CCDC113	NA	518	5266	4.29113
CCDC114	NA	78	3220	1.05672
CCDC115	NA	520	2489	9.11385
CCDC116	NA	2	2192	0.0398027
CCDC117	NA	1634	4078	17.4795
CCDC12	NA	1154	1167	43.1378
CCDC120	NA	104	4532	1.00108
CCDC121	NA	70	2844	1.07372
CCDC122	NA	0	2008	0
CCDC124	NA	2178	1083	87.7309
CCDC125	NA	4	3710	0.0470337
CCDC126	NA	67	2473	1.18188
CCDC127	NA	507	1420	15.5755
CCDC129	NA	0	5715	0
CCDC13	NA	43	2830	0.662835
CCDC13-AS1	NA	0	554	0
CCDC130	NA	661	1632	17.6687
CCDC132	NA	207	5858	1.5415
CCDC134	NA	74	1327	2.43267
CCDC136	NA	223	4363	2.22968
CCDC137	NA	1879	2108	38.8848
CCDC138	NA	247	2529	4.26061
CCDC14	NA	1008	4305	10.2143
CCDC140	NA	0	1699	0
CCDC141	NA	0	9127	0
CCDC142	NA	465	4339	4.67505
CCDC144A	NA	1	5968	0.00730961
CCDC144B	NA	2	8695	0.0100342
CCDC144CP	NA	0	4204	0
CCDC144NL	NA	1	2806	0.0155466
CCDC144NL-AS1	NA	72	3469	0.905423
CCDC146	NA	25	3333	0.327211
CCDC148	NA	43	2979	0.629682
CCDC148-AS1	NA	1	795	0.0548727
CCDC149	NA	21	4224	0.21688
CCDC15	NA	62	3893	0.694753
CCDC150	NA	244	3685	2.88852
CCDC151	NA	207	2255	4.00449
CCDC152	NA	10	3491	0.124961
CCDC153	NA	24	767	1.36502
CCDC154	NA	29	2191	0.577403
CCDC155	NA	2	2383	0.0366125
CCDC157	NA	225	3003	3.26851
CCDC158	NA	0	3626	0
CCDC159	NA	15	1063	0.615575
CCDC160	NA	451	1299	15.1457
CCDC162P	NA	4	715	0.244049
CCDC163P	NA	47	2169	0.945282
CCDC166	NA	1	1320	0.0330483
CCDC167	NA	175	620	12.3132
CCDC168	NA	16	21470	0.0325096
CCDC169	NA	0	1539	0
CCDC169-SOHLH2	NA	1	2650	0.0164618
CCDC17	NA	55	2250	1.06636
CCDC170	NA	1	5283	0.00825739
CCDC171	NA	82	4359	0.820635
CCDC172	NA	0	1699	0
CCDC173	NA	46	2169	0.92517
CCDC174	NA	488	2960	7.19203
CCDC175	NA	13	2610	0.217283
CCDC176	NA	86	3107	1.20748
CCDC177	NA	4	4179	0.0417552
CCDC178	NA	2	3496	0.0249564
CCDC179	NA	0	800	0
CCDC18	NA	342	4790	3.11468
CCDC180	NA	94	5635	0.727708
CCDC181	NA	3	2402	0.0544843
CCDC182	NA	0	849	0
CCDC183	NA	50	1716	1.27109
CCDC183-AS1	NA	50	2386	0.914161
CCDC184	NA	228	2344	4.24327
CCDC185	NA	0	2098	0
CCDC186	NA	169	6277	1.17451
CCDC22	NA	254	2319	4.77811
CCDC23	NA	250	798	13.6666
CCDC24	NA	115	1461	3.43377
CCDC25	NA	1582	3640	18.9596
CCDC26	NA	66	2026	1.42111
CCDC27	NA	1	2174	0.0200661
CCDC28A	NA	246	1496	7.17343
CCDC28B	NA	246	1665	6.44531
CCDC3	NA	8	3811	0.0915744
CCDC30	NA	11	3098	0.154894
CCDC33	NA	3	3843	0.0340545
CCDC34	NA	859	2943	12.7329
CCDC36	NA	0	3068	0
CCDC37	NA	5	2086	0.104563
CCDC37-AS1	NA	0	933	0
CCDC38	NA	2	1954	0.0446507
CCDC39	NA	33	3854	0.37353
CCDC40	NA	172	4981	1.50638
CCDC42	NA	0	1380	0
CCDC42B	NA	1042	1514	30.0238
CCDC43	NA	2445	2138	49.8878
CCDC47	NA	2815	3419	35.9172
CCDC50	NA	337	8949	1.64278
CCDC51	NA	639	1719	16.2162
CCDC53	NA	259	1015	11.1316
CCDC54	NA	0	1294	0
CCDC57	NA	506	2997	7.36524
CCDC58	NA	908	746	53.097
CCDC59	NA	1748	1744	43.7238
CCDC6	NA	3367	5826	25.2113
CCDC60	NA	0	2450	0
CCDC61	NA	168	1823	4.02018
CCDC62	NA	36	3216	0.488326
CCDC63	NA	0	1993	0
CCDC64	NA	458	3081	6.48481
CCDC64B	NA	6	1811	0.144529
CCDC65	NA	30	1815	0.721054
CCDC66	NA	461	3136	6.41281
CCDC67	NA	0	2666	0
CCDC68	NA	0	4206	0
CCDC69	NA	123	3399	1.57862
CCDC7	NA	77	7816	0.429763
CCDC70	NA	3	1154	0.113407
CCDC71	NA	1222	1812	29.4196
CCDC71L	NA	5551	4424	54.7368
CCDC73	NA	1804	4032	19.5182
CCDC74A	NA	881	1668	23.0411
CCDC74B	NA	982	1553	27.5844
CCDC77	NA	590	2504	10.2788
CCDC78	NA	410	1611	11.1023
CCDC79	NA	0	2446	0
CCDC8	NA	2816	3334	36.846
CCDC80	NA	17	4712	0.157386
CCDC81	NA	127	2781	1.99217
CCDC82	NA	322	2730	5.14537
CCDC83	NA	1	2357	0.0185082
CCDC84	NA	622	1518	17.8748
CCDC85A	NA	10	3983	0.109525
CCDC85B	NA	3402	1232	120.461
CCDC85C	NA	1543	5671	11.8694
CCDC86	NA	3875	2015	83.8919
CCDC87	NA	59	2915	0.882951
CCDC88A	NA	1403	9816	6.23514
CCDC88B	NA	280	4920	2.48265
CCDC88C	NA	344	7543	1.98947
CCDC89	NA	83	2434	1.48758
CCDC9	NA	741	2078	15.5559
CCDC90B	NA	2006	4423	19.7851
CCDC91	NA	376	2335	7.02464
CCDC92	NA	812	2526	14.0232
CCDC93	NA	937	6929	5.89919
CCDC94	NA	553	1397	17.2684
CCDC96	NA	63	2153	1.2765
CCDC97	NA	970	3322	12.7378
CCER1	NA	0	2962	0
CCER2	NA	12	1057	0.495256
CCHCR1	NA	947	18109	2.28128
CCHE1	NA	0	2502	0
CCIN	NA	0	1943	0
CCK	NA	1	1614	0.0270284
CCKAR	NA	0	1682	0
CCKBR	NA	3	2183	0.0599502
CCL1	NA	1	594	0.0734407
CCL11	NA	0	925	0
CCL13	NA	0	851	0
CCL14	NA	0	554	0
CCL15	NA	0	1080	0
CCL15-CCL14	NA	0	1471	0
CCL16	NA	0	1512	0
CCL17	NA	1	615	0.070933
CCL18	NA	0	781	0
CCL19	NA	0	684	0
CCL2	NA	1	747	0.0583986
CCL20	NA	0	842	0
CCL21	NA	0	895	0
CCL22	NA	5	2918	0.0747494
CCL23	NA	0	626	0
CCL24	NA	1	360	0.121177
CCL25	NA	10	1002	0.435367
CCL26	NA	7	562	0.543357
CCL27	NA	6	459	0.570245
CCL28	NA	1	4194	0.0104015
CCL3	NA	0	796	0
CCL3L1	NA	0	1759	0
CCL3L3	NA	0	1548	0
CCL4	NA	0	667	0
CCL4L1	NA	0	1644	0
CCL4L2	NA	0	2043	0
CCL5	NA	13	1311	0.432577
CCL7	NA	0	815	0
CCL8	NA	0	1250	0
CCM2	NA	506	2170	10.1722
CCM2L	NA	226	2532	3.89375
CCNA1	NA	323	2302	6.12097
CCNA2	NA	3023	2798	47.1318
CCNB1	NA	4608	2167	92.7634
CCNB1IP1	NA	1723	1686	44.5811
CCNB2	NA	1101	1549	31.007
CCNB3	NA	18	4511	0.17407
CCNC	NA	1498	2307	28.3261
CCND1	NA	4458	4289	45.3427
CCND2	NA	7730	6522	51.7037
CCND2-AS1	NA	273	553	21.5358
CCND3	NA	1057	3161	14.5873
CCNDBP1	NA	304	3650	3.63332
CCNE1	NA	1217	1947	27.2677
CCNE2	NA	166	2726	2.65647
CCNF	NA	1171	4287	11.9159
CCNG1	NA	4466	2468	78.9399
CCNG2	NA	243	5474	1.93653
CCNH	NA	866	1638	23.0636
CCNI	NA	2005	1873	46.6982
CCNI2	NA	1	2645	0.0164929
CCNJ	NA	579	4138	6.10395
CCNJL	NA	63	3881	0.708142
CCNK	NA	2276	2606	38.0997
CCNL1	NA	2532	3038	36.3579
CCNL2	NA	5377	3631	64.6007
CCNO	NA	328	2065	6.9291
CCNT1	NA	1936	7079	11.9304
CCNT2	NA	885	7010	5.50742
CCNT2-AS1	NA	12	1405	0.372587
CCNY	NA	1607	5127	13.6734
CCNYL1	NA	792	3911	8.83406
CCNYL2	NA	12	3305	0.158392
CCP110	NA	969	5587	7.56603
CCPG1	NA	731	7223	4.41492
CCR1	NA	2182	2676	35.5707
CCR10	NA	148	1244	5.18997
CCR2	NA	2	3581	0.024364
CCR3	NA	33	1865	0.771895
CCR4	NA	17	1657	0.447558
CCR5	NA	25	3661	0.297895
CCR6	NA	5	3687	0.0591589
CCR7	NA	2	2700	0.0323139
CCR8	NA	1	1487	0.0293368
CCR9	NA	2	2653	0.0328864
CCRL2	NA	154	1866	3.60025
CCRN4L	NA	343	1984	7.54181
CCS	NA	1897	1032	80.1883
CCSAP	NA	336	5121	2.86225
CCSER1	NA	37	8080	0.199762
CCSER2	NA	531	8100	2.85978
CCT2	NA	6262	2282	119.707
CCT3	NA	20929	2382	383.292
CCT4	NA	10566	2349	196.223
CCT5	NA	10628	4032	114.988
CCT6A	NA	8325	2664	136.324
CCT6B	NA	61	1898	1.40203
CCT6P1	NA	265	1766	6.54604
CCT6P3	NA	450	2244	8.74808
CCT7	NA	12516	2032	268.698
CCT8	NA	16402	2315	309.079
CCT8L2	NA	0	2053	0
CCZ1	NA	1716	1824	41.0408
CCZ1B	NA	2934	1836	69.7125
CD101	NA	22	3563	0.269358
CD109	NA	26	9153	0.123918
CD14	NA	6	1806	0.144929
CD151	NA	1562	1549	43.9899
CD160	NA	11	1633	0.293853
CD163	NA	0	4190	0
CD163L1	NA	0	4645	0
CD164	NA	5106	3112	71.5755
CD164L2	NA	4	1563	0.111641
CD177	NA	6558	2222	128.751
CD180	NA	0	2715	0
CD19	NA	2	1958	0.0445595
CD1A	NA	0	2095	0
CD1B	NA	1	1396	0.0312491
CD1C	NA	0	2592	0
CD1D	NA	2	3783	0.0230631
CD1E	NA	0	2117	0
CD2	NA	1	1531	0.0284936
CD200	NA	0	2290	0
CD200R1	NA	0	2397	0
CD200R1L	NA	0	1365	0
CD207	NA	9	1872	0.20973
CD209	NA	1	4426	0.00985625
CD22	NA	1	3295	0.0132394
CD226	NA	4	3237	0.0539064
CD24	NA	13	2550	0.222396
CD244	NA	0	2525	0
CD247	NA	114	1681	2.95842
CD248	NA	15	2558	0.255808
CD27	NA	3	1320	0.0991449
CD27-AS1	NA	25	2364	0.461334
CD274	NA	1	3686	0.011835
CD276	NA	1962	3401	25.1661
CD28	NA	0	4886	0
CD2AP	NA	356	5409	2.87115
CD2BP2	NA	3129	3648	37.4174
CD300A	NA	0	1893	0
CD300C	NA	3	1587	0.0824646
CD300E	NA	3	3525	0.0371266
CD300LB	NA	0	2294	0
CD300LD	NA	0	644	0
CD300LF	NA	0	2060	0
CD300LG	NA	0	3528	0
CD302	NA	33	3979	0.361796
CD320	NA	1856	1251	64.7208
CD33	NA	5	1610	0.135478
CD34	NA	0	2811	0
CD36	NA	2	5427	0.0160766
CD37	NA	20	1243	0.701911
CD38	NA	0	1491	0
CD3D	NA	0	741	0
CD3E	NA	0	1513	0
CD3EAP	NA	1933	3292	25.6151
CD3G	NA	0	1311	0
CD4	NA	24	3454	0.303118
CD40	NA	0	1828	0
CD40LG	NA	0	1833	0
CD44	NA	1	6678	0.00653246
CD46	NA	1051	3393	13.5127
CD47	NA	1	5346	0.00816008
CD48	NA	0	1906	0
CD5	NA	3	3157	0.0414543
CD52	NA	366	505	31.6164
CD53	NA	0	1628	0
CD55	NA	202	3465	2.54315
CD58	NA	42	1719	1.06585
CD59	NA	2199	8080	11.8724
CD5L	NA	0	2237	0
CD6	NA	1	3290	0.0132595
CD63	NA	9265	2060	196.201
CD68	NA	6284	1856	147.7
CD69	NA	0	1676	0
CD7	NA	18	1283	0.612025
CD70	NA	3449	913	164.796
CD72	NA	43	1548	1.21177
CD74	NA	1464	1681	37.9924
CD79A	NA	19	1258	0.658865
CD79B	NA	2	1264	0.069025
CD80	NA	1	2757	0.0158229
CD81	NA	2348	1678	61.0421
CD81-AS1	NA	57	1174	2.11802
CD82	NA	127	1691	3.2763
CD83	NA	22	2521	0.380691
CD84	NA	0	8279	0
CD86	NA	1	2922	0.0149294
CD8A	NA	64	3673	0.76012
CD8B	NA	0	1869	0
CD9	NA	969	1314	32.17
CD93	NA	0	6701	0
CD96	NA	1	4481	0.00973528
CD99	NA	1010	2387	18.4583
CD99L2	NA	829	3745	9.65664
CD99P1	NA	63	6632	0.4144
CDA	NA	3	959	0.136466
CDADC1	NA	94	3401	1.20571
CDAN1	NA	702	4730	6.4744
CDC123	NA	2298	1548	64.7593
CDC14A	NA	96	5392	0.776684
CDC14B	NA	471	5743	3.57771
CDC14C	NA	26	2893	0.392056
CDC16	NA	1853	2293	35.2529
CDC20	NA	4563	1674	118.91
CDC20B	NA	0	2984	0
CDC23	NA	1818	3155	25.1372
CDC25A	NA	1594	3706	18.7632
CDC25B	NA	573	4290	5.82667
CDC25C	NA	637	2570	10.8126
CDC26	NA	814	870	40.8158
CDC27	NA	2211	5871	16.4286
CDC34	NA	3555	1445	107.324
CDC37	NA	14181	1671	370.215
CDC37L1	NA	370	3515	4.59198
CDC37L1-AS1	NA	14	321	1.90259
CDC40	NA	640	3852	7.24798
CDC42	NA	6027	3155	83.3345
CDC42BPA	NA	915	10506	3.79933
CDC42BPB	NA	4007	6701	26.0857
CDC42BPG	NA	178	4939	1.57219
CDC42EP1	NA	1538	2162	31.033
CDC42EP2	NA	360	2023	7.763
CDC42EP3	NA	4	5898	0.0295855
CDC42EP4	NA	2570	3101	36.1539
CDC42EP5	NA	847	891	41.4695
CDC42P3	NA	7	1836	0.166322
CDC42SE1	NA	1932	3183	26.4785
CDC42SE2	NA	898	3656	10.715
CDC45	NA	477	2073	10.0379
CDC5L	NA	1409	6432	9.55626
CDC6	NA	1763	3053	25.1912
CDC7	NA	1217	3415	15.5462
CDC73	NA	1029	5939	7.55832
CDCA2	NA	629	3720	7.37617
CDCA3	NA	649	2123	13.3358
CDCA4	NA	1465	2453	26.0533
CDCA5	NA	2683	2576	45.4358
CDCA7	NA	1890	2810	29.3413
CDCA7L	NA	1496	2962	22.0328
CDCA8	NA	1707	2486	29.9541
CDCP1	NA	2	6267	0.0139217
CDCP2	NA	0	1959	0
CDH1	NA	52	4815	0.471119
CDH10	NA	5	3436	0.0634805
CDH11	NA	1	3648	0.0119583
CDH12	NA	6	4345	0.06024
CDH13	NA	415	4331	4.18007
CDH15	NA	16	2859	0.244134
CDH16	NA	3	2954	0.0443031
CDH17	NA	0	3804	0
CDH18	NA	0	3959	0
CDH19	NA	0	6241	0
CDH2	NA	1	4451	0.00980089
CDH20	NA	0	2855	0
CDH22	NA	0	3903	0
CDH23	NA	107	13716	0.340314
CDH24	NA	799	3553	9.81013
CDH26	NA	7	3420	0.0892884
CDH3	NA	18	4276	0.183636
CDH4	NA	191	6812	1.22316
CDH5	NA	5	4128	0.0528389
CDH6	NA	1	8571	0.00508969
CDH7	NA	0	2958	0
CDH8	NA	0	4952	0
CDH9	NA	0	3075	0
CDHR1	NA	16	7323	0.0953134
CDHR2	NA	8	4376	0.079751
CDHR3	NA	26	6500	0.174495
CDHR4	NA	1	2488	0.0175337
CDHR5	NA	3	3489	0.0375097
CDIP1	NA	4659	2887	70.3994
CDIPT	NA	1976	1906	45.2259
CDIPT-AS1	NA	2	810	0.107713
CDK1	NA	3437	3318	45.1883
CDK10	NA	991	1798	24.044
CDK11A	NA	2964	2627	49.22
CDK11B	NA	3997	3120	55.886
CDK12	NA	2368	8283	12.4715
CDK13	NA	1112	6975	6.95479
CDK14	NA	0	5485	0
CDK15	NA	3	4789	0.0273275
CDK16	NA	1787	3983	19.5721
CDK17	NA	327	4713	3.02673
CDK18	NA	310	3274	4.13053
CDK19	NA	411	6448	2.78061
CDK2	NA	857	2301	16.2475
CDK20	NA	353	2432	6.3319
CDK2AP1	NA	3337	2156	67.5197
CDK2AP2	NA	1053	1793	25.6195
CDK3	NA	67	1570	1.86165
CDK4	NA	10435	2002	227.38
CDK5	NA	521	1193	19.0511
CDK5R1	NA	148	3854	1.67523
CDK5R2	NA	367	2528	6.33304
CDK5RAP1	NA	1706	2130	34.94
CDK5RAP2	NA	1957	6451	13.2339
CDK5RAP3	NA	3375	3117	47.2346
CDK6	NA	447	11762	1.65787
CDK7	NA	500	1517	14.3783
CDK8	NA	264	1769	6.51027
CDK9	NA	1662	2472	29.3296
CDKAL1	NA	371	3271	4.94785
CDKL1	NA	45	2801	0.700846
CDKL2	NA	3	4715	0.0277564
CDKL3	NA	81	2407	1.46802
CDKL4	NA	2	1567	0.0556781
CDKL5	NA	3	3518	0.0372005
CDKN1A	NA	8017	2637	132.625
CDKN1B	NA	1254	2522	21.6908
CDKN1C	NA	88	1930	1.98906
CDKN2A	NA	207	2078	4.34558
CDKN2A-AS1	NA	0	616	0
CDKN2AIP	NA	434	2374	7.97503
CDKN2AIPNL	NA	682	1254	23.7252
CDKN2B	NA	14	3984	0.153296
CDKN2B-AS1	NA	2	4208	0.0207337
CDKN2C	NA	96	2478	1.69003
CDKN2D	NA	154	1423	4.72105
CDKN3	NA	644	891	31.5305
CDNF	NA	23	1330	0.754396
CDO1	NA	3	1614	0.0810851
CDON	NA	110	8116	0.591254
CDPF1	NA	313	1492	9.15164
CDR1	NA	0	1299	0
CDR2	NA	617	2702	9.96146
CDR2L	NA	1335	3533	16.4839
CDRT1	NA	55	3775	0.635578
CDRT15	NA	1	567	0.0769379
CDRT15L2	NA	0	1048	0
CDRT15P1	NA	2	1101	0.0792439
CDRT15P2	NA	0	571	0
CDRT4	NA	300	2498	5.23904
CDRT7	NA	0	767	0
CDRT8	NA	0	719	0
CDS1	NA	13	4538	0.124969
CDS2	NA	818	9323	3.82755
CDSN	NA	6	14398	0.0181791
CDT1	NA	1360	2675	22.1788
CDV3	NA	10574	4520	102.053
CDX1	NA	0	1772	0
CDX2	NA	114	2351	2.11532
CDX4	NA	0	855	0
CDY1	NA	0	2669	0
CDY1B	NA	0	2669	0
CDY2A	NA	0	1960	0
CDY2B	NA	0	1960	0
CDYL	NA	796	4124	8.42011
CDYL2	NA	5	2235	0.0975923
CEACAM1	NA	246	3612	2.97105
CEACAM16	NA	0	1692	0
CEACAM18	NA	0	1125	0
CEACAM19	NA	161	2248	3.1243
CEACAM20	NA	4	1809	0.0964594
CEACAM21	NA	29	1852	0.683094
CEACAM22P	NA	2	3016	0.0289282
CEACAM3	NA	0	1670	0
CEACAM4	NA	0	1205	0
CEACAM5	NA	0	3530	0
CEACAM6	NA	1	2601	0.0167719
CEACAM7	NA	0	2399	0
CEACAM8	NA	10	2303	0.189422
CEBPA	NA	635	2631	10.5287
CEBPA-AS1	NA	187	2201	3.70634
CEBPB	NA	750	2108	15.5208
CEBPB-AS1	NA	291	2973	4.26994
CEBPD	NA	106	1251	3.69634
CEBPE	NA	0	1547	0
CEBPG	NA	1298	3860	14.6693
CEBPZ	NA	3158	3327	41.4078
CEBPZOS	NA	1182	3335	15.4613
CECR1	NA	7	4868	0.0627293
CECR2	NA	274	9662	1.23711
CECR3	NA	0	1914	0
CECR5	NA	2067	1880	47.9629
CECR5-AS1	NA	14	626	0.975612
CECR6	NA	136	5069	1.17041
CECR7	NA	241	2726	3.85669
CEL	NA	209	2386	3.82119
CELA1	NA	0	952	0
CELA2A	NA	1	920	0.0474171
CELA2B	NA	0	923	0
CELA3A	NA	0	907	0
CELA3B	NA	1	1003	0.0434933
CELF1	NA	4002	9084	19.2187
CELF2	NA	33	9791	0.147031
CELF2-AS1	NA	0	2573	0
CELF2-AS2	NA	0	2275	0
CELF3	NA	11	5856	0.0819436
CELF4	NA	4	4054	0.0430427
CELF5	NA	263	5258	2.18202
CELF6	NA	201	3575	2.45269
CELP	NA	63	985	2.79015
CELSR1	NA	975	11389	3.73458
CELSR2	NA	608	10540	2.51644
CELSR3	NA	594	11962	2.16624
CELSR3-AS1	NA	2	200	0.436238
CEMIP	NA	9	7271	0.0539972
CEMP1	NA	606	1374	19.2402
CEND1	NA	174	1646	4.6115
CENPA	NA	460	1429	14.0426
CENPB	NA	1803	2840	27.695
CENPBD1	NA	243	3058	3.46651
CENPBD1P1	NA	892	3341	11.6469
CENPC	NA	394	3349	5.13221
CENPE	NA	1266	8615	6.41064
CENPF	NA	4356	10296	18.4562
CENPH	NA	631	1389	19.8176
CENPI	NA	115	2563	1.95737
CENPJ	NA	655	5232	5.46131
CENPK	NA	406	1731	10.2318
CENPL	NA	239	2787	3.74097
CENPM	NA	848	1693	21.8505
CENPN	NA	918	5307	7.546
CENPO	NA	2116	4244	21.7502
CENPP	NA	342	3656	4.08078
CENPQ	NA	143	1728	3.61007
CENPT	NA	1524	2345	28.3508
CENPU	NA	1210	2550	20.6999
CENPV	NA	2149	1164	80.5391
CENPVP1	NA	2	1302	0.0670104
CENPVP2	NA	2	1302	0.0670104
CENPW	NA	605	3998	6.6014
CEP104	NA	1016	6458	6.86308
CEP112	NA	435	4102	4.62612
CEP120	NA	626	4711	5.79675
CEP126	NA	102	7046	0.631511
CEP128	NA	226	4457	2.21202
CEP131	NA	1116	3619	13.4524
CEP135	NA	237	5735	1.80276
CEP152	NA	458	5637	3.54438
CEP162	NA	220	5218	1.83925
CEP164	NA	1537	5697	11.7693
CEP170	NA	1722	7214	10.4131
CEP170B	NA	1981	6810	12.69
CEP170P1	NA	113	1070	4.607
CEP19	NA	303	2202	6.00273
CEP192	NA	623	7976	3.40742
CEP250	NA	1145	8324	6.00063
CEP290	NA	1136	7955	6.22962
CEP295	NA	784	8044	4.25175
CEP295NL	NA	3	2167	0.0603929
CEP350	NA	1110	13456	3.59857
CEP41	NA	99	9460	0.456528
CEP44	NA	262	6552	1.74442
CEP55	NA	1260	2658	20.6794
CEP57	NA	958	3222	12.9707
CEP57L1	NA	324	3105	4.55205
CEP63	NA	489	6743	3.16358
CEP68	NA	709	5862	5.27623
CEP70	NA	489	2990	7.13446
CEP72	NA	422	2414	7.62603
CEP76	NA	370	3161	5.10623
CEP78	NA	1066	2750	16.9102
CEP83	NA	710	3225	9.60399
CEP83-AS1	NA	42	2566	0.714029
CEP85	NA	790	4296	8.02206
CEP85L	NA	118	8042	0.64009
CEP89	NA	497	2671	8.11719
CEP95	NA	746	2689	12.1024
CEP97	NA	337	7693	1.91099
CEPT1	NA	503	2348	9.3453
CER1	NA	0	1205	0
CERCAM	NA	277	2808	4.30334
CERK	NA	2295	4445	22.5234
CERKL	NA	7	3288	0.092873
CERS1	NA	1333	3752	15.4985
CERS2	NA	2649	2544	45.4243
CERS3	NA	2	4240	0.0205773
CERS3-AS1	NA	0	532	0
CERS4	NA	1148	1816	27.5771
CERS5	NA	1616	3962	17.793
CERS6	NA	1124	6851	7.15707
CERS6-AS1	NA	674	2985	9.85006
CES1	NA	0	2012	0
CES1P1	NA	0	2247	0
CES1P2	NA	0	1595	0
CES2	NA	1438	4203	14.9253
CES3	NA	178	4320	1.79746
CES4A	NA	2	2621	0.0332879
CES5A	NA	0	2480	0
CES5AP1	NA	13	880	0.644442
CETN1	NA	0	1678	0
CETN2	NA	1576	1080	63.6584
CETN3	NA	704	1430	21.4763
CETN4P	NA	15	629	1.04031
CETP	NA	0	1717	0
CFAP126	NA	27	783	1.50427
CFAP20	NA	952	1291	32.1687
CFAP221	NA	50	3170	0.688072
CFAP36	NA	641	1383	20.219
CFAP43	NA	47	5365	0.382165
CFAP44	NA	216	10539	0.894082
CFAP44-AS1	NA	1	686	0.0635915
CFAP45	NA	8	1795	0.194423
CFAP46	NA	149	8278	0.785207
CFAP47	NA	3	10646	0.012293
CFAP52	NA	10	2193	0.198923
CFAP53	NA	62	1824	1.48283
CFAP54	NA	14	9782	0.0624344
CFAP57	NA	85	5127	0.723234
CFAP58	NA	29	3313	0.381856
CFAP58-AS1	NA	0	1085	0
CFAP61	NA	13	4673	0.121359
CFAP69	NA	39	3902	0.436014
CFAP70	NA	160	3704	1.8844
CFAP74	NA	4	5412	0.0322423
CFAP97	NA	1369	6310	9.46449
CFAP99	NA	5	2144	0.101735
CFB	NA	229	17808	0.560975
CFC1	NA	0	1672	0
CFC1B	NA	0	1160	0
CFD	NA	4	1159	0.150557
CFDP1	NA	1181	1279	40.2812
CFH	NA	0	4375	0
CFHR1	NA	0	1297	0
CFHR2	NA	0	1036	0
CFHR3	NA	0	1640	0
CFHR4	NA	0	2181	0
CFHR5	NA	0	2828	0
CFI	NA	2	2161	0.0403737
CFL1	NA	25500	1257	884.969
CFL1P1	NA	6	2120	0.123464
CFL2	NA	1067	3514	13.246
CFLAR	NA	1235	15921	3.38392
CFLAR-AS1	NA	9	1041	0.377151
CFP	NA	9	1775	0.221191
CFTR	NA	0	6131	0
CGA	NA	5	844	0.258435
CGB	NA	73	919	3.46522
CGB1	NA	63	732	3.75451
CGB2	NA	44	732	2.62219
CGB5	NA	33	880	1.63589
CGB7	NA	175	880	8.67518
CGB8	NA	72	887	3.54105
CGGBP1	NA	1332	4804	12.0955
CGN	NA	449	5101	3.83985
CGNL1	NA	8832	7339	52.4983
CGREF1	NA	60	2698	0.970136
CGRRF1	NA	209	1323	6.89143
CH17-340M24.3	NA	27	598	1.96964
CH17-360D5.1	NA	0	1449	0
CH17-408M7.1	NA	1	1409	0.0309608
CH25H	NA	1	1378	0.0316573
CHAC1	NA	412	1560	11.5212
CHAC2	NA	113	1275	3.86626
CHAD	NA	6	1695	0.15442
CHADL	NA	95	2533	1.63611
CHAF1A	NA	1744	3343	22.758
CHAF1B	NA	777	2279	14.873
CHAMP1	NA	1651	3818	18.864
CHAT	NA	0	2728	0
CHCHD1	NA	735	844	37.9899
CHCHD10	NA	0	721	0
CHCHD2	NA	8468	815	453.259
CHCHD3	NA	2443	1590	67.027
CHCHD4	NA	660	1604	17.9499
CHCHD5	NA	231	742	13.581
CHCHD6	NA	318	1020	13.6004
CHCHD7	NA	111	1730	2.79898
CHD1	NA	1758	6457	11.8771
CHD1L	NA	1424	3014	20.6106
CHD2	NA	2867	9521	13.1362
CHD3	NA	1101	7604	6.31638
CHD4	NA	12264	6545	81.7421
CHD5	NA	3778	9663	17.0558
CHD6	NA	914	10816	3.6864
CHD7	NA	67	11580	0.2524
CHD8	NA	3474	8383	18.0781
CHD9	NA	979	11510	3.71048
CHDH	NA	210	3706	2.47194
CHEK1	NA	1003	4897	8.93499
CHEK2	NA	1086	2101	22.549
CHEK2P2	NA	8	864	0.403924
CHERP	NA	4423	4095	47.1179
CHFR	NA	698	3374	9.02472
CHGA	NA	56	2046	1.194
CHGB	NA	117	2650	1.92603
CHI3L1	NA	78	1837	1.85229
CHI3L2	NA	4	1611	0.108315
CHIA	NA	1	1837	0.0237473
CHIAP2	NA	0	2803	0
CHIC1	NA	225	6916	1.41922
CHIC2	NA	200	1150	7.58674
CHID1	NA	1075	3817	12.286
CHIT1	NA	0	2535	0
CHKA	NA	2427	2717	38.9676
CHKB	NA	823	1629	22.0395
CHKB-AS1	NA	57	1019	2.44019
CHKB-CPT1B	NA	1220	4276	12.4464
CHL1	NA	20	10502	0.0830771
CHL1-AS1	NA	0	910	0
CHM	NA	584	7934	3.21103
CHML	NA	391	7066	2.41394
CHMP1A	NA	3612	2591	60.814
CHMP1B	NA	2773	3060	39.5323
CHMP1B2P	NA	0	6767	0
CHMP2A	NA	1156	1036	48.6767
CHMP2B	NA	1397	2628	23.1897
CHMP3	NA	2065	3192	28.2215
CHMP4A	NA	1288	1356	41.4361
CHMP4B	NA	2246	1647	59.4894
CHMP4C	NA	0	1845	0
CHMP5	NA	1049	2070	22.1069
CHMP6	NA	534	1664	13.9995
CHMP7	NA	1389	3410	17.7693
CHN1	NA	45	3310	0.593072
CHN2	NA	1	4764	0.00915696
CHODL	NA	11	2801	0.171318
CHODL-AS1	NA	0	461	0
CHORDC1	NA	2081	3385	26.8186
CHP1	NA	1608	3228	21.7308
CHP2	NA	0	2382	0
CHPF	NA	2877	3176	39.5169
CHPF2	NA	1324	3988	14.4829
CHPT1	NA	475	1567	13.2235
CHRAC1	NA	794	2548	13.5939
CHRD	NA	48	3740	0.559877
CHRDL1	NA	0	4159	0
CHRDL2	NA	4	2770	0.0629946
CHRFAM7A	NA	19	2858	0.290011
CHRM1	NA	0	2823	0
CHRM2	NA	0	2973	0
CHRM3	NA	0	2745	0
CHRM3-AS1	NA	0	483	0
CHRM3-AS2	NA	0	893	0
CHRM4	NA	12	1817	0.288104
CHRM5	NA	4	3039	0.0574186
CHRNA1	NA	0	2056	0
CHRNA10	NA	48	2007	1.04332
CHRNA2	NA	2	4067	0.0214526
CHRNA3	NA	118	3555	1.44799
CHRNA4	NA	178	5586	1.39009
CHRNA5	NA	276	3623	3.32326
CHRNA6	NA	0	2383	0
CHRNA7	NA	25	3433	0.31768
CHRNA9	NA	2	2276	0.0383337
CHRNB1	NA	178	2437	3.18631
CHRNB2	NA	5	5718	0.038146
CHRNB3	NA	0	1953	0
CHRNB4	NA	0	2448	0
CHRND	NA	1	2963	0.0147228
CHRNE	NA	227	2460	4.02545
CHRNG	NA	10	2187	0.199469
CHST1	NA	0	3940	0
CHST10	NA	724	2854	11.0664
CHST11	NA	487	5768	3.68321
CHST12	NA	527	2133	10.7781
CHST13	NA	0	1784	0
CHST14	NA	491	2198	9.74489
CHST15	NA	5	6524	0.0334333
CHST2	NA	179	4137	1.88752
CHST3	NA	1655	6973	10.3538
CHST4	NA	2	2307	0.0378186
CHST5	NA	25	3250	0.335567
CHST6	NA	9	6885	0.0570245
CHST7	NA	41	2474	0.722949
CHST8	NA	2	2898	0.0301061
CHST9	NA	0	2259	0
CHSY1	NA	757	4550	7.25785
CHSY3	NA	1	3492	0.0124925
CHTF18	NA	1207	3090	17.0401
CHTF8	NA	3362	3004	48.8226
CHTOP	NA	2234	2166	44.9933
CHUK	NA	672	3524	8.31872
CHURC1	NA	1255	3613	15.153
CHURC1-FNTB	NA	520	2894	7.83841
CIAO1	NA	1749	4036	18.9044
CIAPIN1	NA	3438	2182	68.7344
CIART	NA	303	2031	6.50813
CIB1	NA	2110	1308	70.3717
CIB2	NA	676	1716	17.1851
CIB3	NA	1	711	0.0613555
CIB4	NA	0	745	0
CIC	NA	1959	8334	10.2543
CIDEA	NA	7	1585	0.19266
CIDEB	NA	460	2242	8.95046
CIDEC	NA	1	1376	0.0317033
CIDECP	NA	151	803	8.20323
CIITA	NA	0	4703	0
CILP	NA	4	4468	0.0390544
CILP2	NA	60	4199	0.623345
CINP	NA	767	979	34.1772
CIPC	NA	986	4348	9.8926
CIR1	NA	700	1793	17.031
CIRBP	NA	3551	3472	44.6164
CIRBP-AS1	NA	123	1356	3.95702
CIRH1A	NA	2015	2254	38.9982
CISD1	NA	750	2108	15.5208
CISD2	NA	851	5891	6.30179
CISD3	NA	1607	2636	26.5946
CISH	NA	124	2268	2.38507
CISTR	NA	9	918	0.427684
CIT	NA	1072	8708	5.37031
CITED1	NA	38	1617	1.02517
CITED2	NA	9710	2117	200.088
CITED4	NA	166	1291	5.60925
CIZ1	NA	2781	3518	34.4849
CKAP2	NA	2450	4325	24.7117
CKAP2L	NA	530	4790	4.82685
CKAP4	NA	4102	3036	58.9409
CKAP5	NA	7354	6714	47.7821
CKB	NA	9017	1458	269.791
CKLF	NA	600	888	29.4755
CKLF-CMTM1	NA	340	890	16.6653
CKM	NA	20	1658	0.526222
CKMT1A	NA	1766	1779	43.305
CKMT1B	NA	1926	1779	47.2284
CKMT2	NA	3	1646	0.0795087
CKMT2-AS1	NA	151	2915	2.25976
CKS1B	NA	2460	924	116.141
CKS2	NA	4031	616	285.467
CLASP1	NA	1584	8188	8.43919
CLASP2	NA	1174	7674	6.67374
CLASRP	NA	554	2238	10.7987
CLC	NA	2	633	0.137832
CLCA1	NA	0	3120	0
CLCA2	NA	0	4024	0
CLCA3P	NA	1	3412	0.0127854
CLCA4	NA	0	3208	0
CLCC1	NA	788	4845	7.09505
CLCF1	NA	256	1973	5.66026
CLCN1	NA	1	3096	0.0140904
CLCN2	NA	446	3290	5.91374
CLCN3	NA	836	6669	5.46851
CLCN4	NA	2	6788	0.0128532
CLCN5	NA	614	10632	2.51928
CLCN6	NA	555	5708	4.24162
CLCN7	NA	4890	4226	50.4781
CLCNKA	NA	9	2536	0.154816
CLCNKB	NA	4	2984	0.0584769
CLDN1	NA	65	3452	0.821421
CLDN10	NA	56	2939	0.831212
CLDN10-AS1	NA	0	895	0
CLDN11	NA	6	2859	0.0915504
CLDN12	NA	1073	3664	12.7752
CLDN14	NA	6	2568	0.101925
CLDN15	NA	469	2244	9.11745
CLDN16	NA	2	3273	0.0266568
CLDN17	NA	0	731	0
CLDN18	NA	10	3632	0.12011
CLDN19	NA	3	3602	0.036333
CLDN2	NA	1	3438	0.0126887
CLDN20	NA	5	1209	0.180413
CLDN22	NA	111	2708	1.78812
CLDN23	NA	19	1952	0.424617
CLDN24	NA	4	663	0.26319
CLDN25	NA	0	690	0
CLDN3	NA	2	1274	0.0684832
CLDN34	NA	0	645	0
CLDN4	NA	221	1831	5.26535
CLDN5	NA	1	2314	0.0188521
CLDN6	NA	123	1370	3.91659
CLDN7	NA	27	2044	0.576244
CLDN8	NA	0	2146	0
CLDN9	NA	18	2050	0.383038
CLDND1	NA	1174	2542	20.1472
CLDND2	NA	30	974	1.34365
CLEC10A	NA	0	1780	0
CLEC11A	NA	2078	1407	64.428
CLEC12A	NA	0	2309	0
CLEC12B	NA	0	3500	0
CLEC14A	NA	0	2371	0
CLEC16A	NA	845	7089	5.1999
CLEC17A	NA	4	2225	0.0784248
CLEC18A	NA	25	2411	0.452341
CLEC18B	NA	34	1943	0.76336
CLEC18C	NA	18	1822	0.43097
CLEC19A	NA	0	2494	0
CLEC1A	NA	0	2905	0
CLEC1B	NA	0	970	0
CLEC2A	NA	2	1220	0.0715144
CLEC2B	NA	0	2038	0
CLEC2D	NA	7106	5441	56.9731
CLEC2L	NA	3	1288	0.101608
CLEC3A	NA	1	1997	0.0218447
CLEC3B	NA	7	962	0.317429
CLEC4A	NA	19	1281	0.647035
CLEC4C	NA	0	1314	0
CLEC4D	NA	0	1934	0
CLEC4E	NA	0	2158	0
CLEC4F	NA	32	2474	0.564253
CLEC4G	NA	0	1360	0
CLEC4GP1	NA	14	1935	0.315624
CLEC4M	NA	10	2404	0.181463
CLEC5A	NA	0	3535	0
CLEC6A	NA	0	1613	0
CLEC7A	NA	0	2819	0
CLEC9A	NA	0	1737	0
CLECL1	NA	0	1724	0
CLGN	NA	408	2822	6.30705
CLHC1	NA	193	5418	1.55397
CLIC1	NA	7572	12418	26.6
CLIC2	NA	19	2694	0.307666
CLIC3	NA	19	813	1.0195
CLIC4	NA	887	4434	8.72672
CLIC5	NA	0	8279	0
CLIC6	NA	19	3800	0.218119
CLINT1	NA	2311	4040	24.9541
CLIP1	NA	958	5913	7.06774
CLIP1-AS1	NA	1	896	0.0486872
CLIP2	NA	2036	5563	15.9658
CLIP3	NA	60	3628	0.721452
CLIP4	NA	189	5162	1.59723
CLK1	NA	1200	3794	13.7977
CLK2	NA	1459	2179	29.2093
CLK2P1	NA	154	1812	3.70754
CLK3	NA	1205	2751	19.1082
CLK4	NA	379	2507	6.5949
CLLU1	NA	0	4250	0
CLLU1OS	NA	0	686	0
CLMN	NA	6	12750	0.0205288
CLMP	NA	12	2630	0.199044
CLN3	NA	1645	2347	30.5757
CLN5	NA	354	2800	5.51529
CLN6	NA	2166	2242	42.145
CLN8	NA	778	7169	4.73417
CLNK	NA	0	1677	0
CLNS1A	NA	4751	1373	150.952
CLOCK	NA	558	11109	2.1912
CLP1	NA	1241	1846	29.3267
CLPB	NA	427	3382	5.50779
CLPP	NA	1677	1151	63.5596
CLPS	NA	2	657	0.132797
CLPSL1	NA	0	477	0
CLPSL2	NA	0	611	0
CLPTM1	NA	1667	2841	25.5969
CLPTM1L	NA	2588	2147	52.5842
CLPX	NA	1805	2351	33.4925
CLRN1	NA	0	3370	0
CLRN1-AS1	NA	0	2045	0
CLRN2	NA	0	823	0
CLRN3	NA	0	1143	0
CLSPN	NA	1197	8484	6.15484
CLSTN1	NA	3492	5226	29.1493
CLSTN2	NA	389	4882	3.47596
CLSTN2-AS1	NA	1	2686	0.0162412
CLSTN3	NA	293	4002	3.19384
CLTA	NA	5468	1236	192.989
CLTB	NA	2090	1767	51.598
CLTC	NA	10904	8587	55.3946
CLTCL1	NA	273	5514	2.15983
CLU	NA	1290	3303	17.0374
CLUAP1	NA	604	4221	6.2423
CLUH	NA	4751	5224	39.6739
CLUHP3	NA	57	1776	1.40009
CLUL1	NA	51	2241	0.992777
CLVS1	NA	177	3492	2.21117
CLVS2	NA	0	11477	0
CLYBL	NA	86	2942	1.2752
CLYBL-AS1	NA	0	1073	0
CLYBL-AS2	NA	0	678	0
CMA1	NA	1	935	0.0466564
CMAHP	NA	0	3390	0
CMAS	NA	658	1794	16.0002
CMBL	NA	1195	4047	12.8812
CMC1	NA	180	625	12.5636
CMC2	NA	1043	730	62.3282
CMC4	NA	222	1014	9.55077
CMIP	NA	1248	4503	12.0903
CMKLR1	NA	1	5614	0.00777053
CMPK1	NA	2717	3508	33.7873
CMPK2	NA	0	4150	0
CMSS1	NA	697	1299	23.4071
CMTM1	NA	33	1118	1.28764
CMTM2	NA	4	1062	0.164308
CMTM3	NA	1232	2594	20.7188
CMTM4	NA	1768	8117	9.50189
CMTM5	NA	0	1401	0
CMTM6	NA	1567	3366	20.3085
CMTM7	NA	651	1351	21.0208
CMTM8	NA	168	1170	6.26393
CMTR1	NA	918	4124	9.71063
CMTR2	NA	536	4221	5.53953
CMYA5	NA	5	12892	0.0169189
CNBD1	NA	0	1459	0
CNBD2	NA	4	4142	0.0421282
CNBP	NA	12756	3384	164.44
CNDP1	NA	2	2198	0.0396941
CNDP2	NA	2301	5367	18.7029
CNEP1R1	NA	205	2169	4.12304
CNFN	NA	47	528	3.88318
CNGA1	NA	2	3021	0.0288804
CNGA2	NA	0	3285	0
CNGA3	NA	26	3848	0.294755
CNGA4	NA	0	1911	0
CNGB1	NA	1	6338	0.00688289
CNGB3	NA	0	4347	0
CNIH1	NA	1892	1423	58.0015
CNIH2	NA	574	1382	18.1187
CNIH3	NA	61	2372	1.12186
CNIH4	NA	1299	2376	23.8499
CNKSR1	NA	110	2558	1.87592
CNKSR2	NA	2	7089	0.0123075
CNKSR3	NA	170	3228	2.29741
CNN1	NA	162	1908	3.70391
CNN2	NA	6754	2548	115.634
CNN3	NA	5633	2288	107.401
CNNM1	NA	33	5959	0.241582
CNNM2	NA	549	4472	5.35542
CNNM3	NA	634	4916	5.62601
CNNM4	NA	419	4800	3.80799
CNOT1	NA	7837	9113	37.5156
CNOT10	NA	568	3230	7.6713
CNOT11	NA	2313	2518	40.0722
CNOT2	NA	1076	4116	11.4041
CNOT3	NA	1707	2887	25.7935
CNOT4	NA	598	5388	4.84169
CNOT6	NA	1330	6337	9.15569
CNOT6L	NA	347	8865	1.70755
CNOT7	NA	3056	3560	37.4478
CNOT8	NA	1547	2973	22.6996
CNP	NA	3012	5222	25.1618
CNPPD1	NA	1021	2074	21.4753
CNPY1	NA	0	2234	0
CNPY2	NA	3210	1598	87.6297
CNPY3	NA	1007	1765	24.889
CNPY4	NA	458	1467	13.6194
CNR1	NA	2	5955	0.0146511
CNR2	NA	3	1775	0.0737303
CNRIP1	NA	28	2312	0.528316
CNST	NA	1173	5564	9.19674
CNTD1	NA	917	3277	12.2072
CNTD2	NA	11	1817	0.264095
CNTF	NA	24	1893	0.553075
CNTFR	NA	72	2111	1.48788
CNTFR-AS1	NA	0	884	0
CNTLN	NA	512	11011	2.02846
CNTN1	NA	5	7308	0.0298466
CNTN2	NA	2	7670	0.0113752
CNTN3	NA	0	4947	0
CNTN4	NA	0	5447	0
CNTN4-AS1	NA	0	1012	0
CNTN4-AS2	NA	0	426	0
CNTN5	NA	0	7705	0
CNTN6	NA	1	3831	0.011387
CNTNAP1	NA	668	5454	5.34299
CNTNAP2	NA	5	9892	0.02205
CNTNAP3	NA	320	5229	2.66965
CNTNAP3B	NA	186	6380	1.27179
CNTNAP3P2	NA	170	5089	1.45727
CNTNAP4	NA	1	4935	0.00883967
CNTNAP5	NA	0	5374	0
CNTRL	NA	285	7431	1.6731
CNTROB	NA	828	4143	8.71844
COA1	NA	1680	3249	22.5571
COA3	NA	1015	808	54.7997
COA4	NA	1999	816	106.868
COA5	NA	587	1767	14.4919
COA6	NA	1104	1276	37.7435
COA7	NA	713	2114	14.7132
COASY	NA	769	2557	13.1195
COBL	NA	0	8038	0
COBLL1	NA	2	9759	0.00894021
COCH	NA	1	2882	0.0151366
COG1	NA	574	3034	8.25315
COG2	NA	727	2960	10.7144
COG3	NA	421	4596	3.996
COG4	NA	1483	2822	22.9249
COG5	NA	763	7553	4.40685
COG6	NA	247	7005	1.5382
COG7	NA	749	2937	11.125
COG8	NA	1774	2495	31.0175
COIL	NA	1169	2633	19.3681
COL10A1	NA	1	3290	0.0132595
COL11A1	NA	14461	7444	84.7452
COL11A2	NA	262	42818	0.26693
COL12A1	NA	4	11579	0.01507
COL13A1	NA	4	3137	0.0556248
COL14A1	NA	0	6464	0
COL15A1	NA	0	5422	0
COL16A1	NA	742	5584	5.79671
COL17A1	NA	53	5610	0.412132
COL18A1	NA	4146	6799	26.6016
COL18A1-AS1	NA	2	3455	0.0252525
COL18A1-AS2	NA	0	552	0
COL19A1	NA	0	8725	0
COL1A1	NA	5403	5927	39.767
COL1A2	NA	84	5411	0.677213
COL20A1	NA	3	4172	0.031369
COL21A1	NA	0	4173	0
COL22A1	NA	1	6359	0.00686016
COL23A1	NA	9	3063	0.12818
COL24A1	NA	3	6500	0.020134
COL25A1	NA	2	6351	0.0137376
COL26A1	NA	1701	3032	24.4736
COL27A1	NA	902	7810	5.03824
COL28A1	NA	11	3515	0.136518
COL2A1	NA	10	5087	0.0857554
COL3A1	NA	5401	5490	42.9166
COL4A1	NA	1	7454	0.0058524
COL4A2	NA	2	6263	0.0139306
COL4A2-AS1	NA	0	539	0
COL4A3	NA	10	8097	0.0538765
COL4A3BP	NA	1462	5618	11.3524
COL4A4	NA	4	10341	0.0168741
COL4A5	NA	1	6512	0.00669898
COL4A6	NA	2	6891	0.0126611
COL5A1	NA	19	8508	0.0974203
COL5A2	NA	109	6930	0.686146
COL5A3	NA	32	6174	0.226103
COL6A1	NA	1691	4225	17.4598
COL6A2	NA	1732	4342	17.4013
COL6A3	NA	66	10696	0.269182
COL6A4P1	NA	0	2249	0
COL6A4P2	NA	1	9162	0.00476138
COL6A5	NA	0	9228	0
COL6A6	NA	0	8470	0
COL7A1	NA	169	9169	0.804059
COL8A1	NA	1	3091	0.0141132
COL8A2	NA	7	4534	0.0673503
COL9A1	NA	16	4010	0.17406
COL9A2	NA	125	2831	1.92616
COL9A3	NA	69	2485	1.21128
COLCA1	NA	1	6278	0.00694867
COLCA2	NA	0	1783	0
COLEC10	NA	0	1703	0
COLEC11	NA	2	2396	0.0364138
COLEC12	NA	11	3134	0.153115
COLGALT1	NA	2915	3593	35.392
COLGALT2	NA	62	5851	0.462258
COLQ	NA	42	3366	0.544325
COMMD1	NA	532	713	32.5496
COMMD10	NA	257	1632	6.86967
COMMD2	NA	894	3706	10.5234
COMMD3	NA	447	942	20.7005
COMMD3-BMI1	NA	3949	3388	50.8472
COMMD4	NA	1849	2203	36.6139
COMMD5	NA	860	1779	21.0885
COMMD6	NA	790	2036	16.9267
COMMD7	NA	458	1911	10.4551
COMMD8	NA	426	1411	13.1706
COMMD9	NA	692	2999	10.0659
COMP	NA	21	2452	0.373613
COMT	NA	1256	2553	21.4616
COMTD1	NA	581	975	25.9953
COPA	NA	3869	5666	29.7883
COPB1	NA	3787	3527	46.8396
COPB2	NA	4974	3202	67.7653
COPE	NA	4407	1134	169.533
COPG1	NA	1748	3074	24.8062
COPG2	NA	738	1734	18.5665
COPRS	NA	2186	937	101.773
COPS2	NA	3346	4108	35.5319
COPS3	NA	2734	1988	59.9937
COPS4	NA	1076	1748	26.8531
COPS5	NA	1786	1489	52.3251
COPS6	NA	2813	1425	86.1149
COPS7A	NA	1115	2305	21.1022
COPS7B	NA	2186	2856	33.3899
COPS8	NA	1407	2323	26.4221
COPZ1	NA	3781	2020	81.6542
COPZ2	NA	2	919	0.0949375
COQ10A	NA	290	1805	7.00881
COQ10B	NA	941	1974	20.7953
COQ2	NA	605	1641	16.0831
COQ3	NA	279	1265	9.62137
COQ4	NA	617	1576	17.0786
COQ5	NA	644	1509	18.6174
COQ6	NA	208	1846	4.91535
COQ7	NA	356	2753	5.64114
COQ9	NA	991	1689	25.5957
CORIN	NA	10	5320	0.0819996
CORO1A	NA	350	1933	7.89877
CORO1B	NA	2317	1979	51.0744
CORO1C	NA	4123	4270	42.122
CORO2A	NA	286	5759	2.16642
CORO2B	NA	179	3997	1.95363
CORO6	NA	246	2397	4.47703
CORO7	NA	580	3837	6.59416
CORO7-PAM16	NA	1300	3658	15.5033
CORT	NA	37	1231	1.31119
COTL1	NA	5769	1858	135.45
COX10	NA	574	3002	8.34112
COX10-AS1	NA	142	1944	3.18651
COX11	NA	1597	2717	25.6412
COX14	NA	739	999	32.2702
COX15	NA	1922	7689	10.9045
COX16	NA	1546	1717	39.2792
COX17	NA	365	423	37.6423
COX18	NA	301	4537	2.89415
COX19	NA	525	4891	4.68258
COX20	NA	465	2616	7.75423
COX4I1	NA	5752	824	304.519
COX4I2	NA	0	684	0
COX5A	NA	4008	769	227.366
COX5B	NA	1746	505	150.826
COX6A1	NA	2811	572	214.382
COX6A2	NA	0	440	0
COX6B1	NA	2448	590	181.002
COX6B2	NA	662	1663	17.3656
COX6C	NA	3061	921	144.986
COX7A1	NA	2	762	0.114498
COX7A2	NA	4245	754	245.601
COX7A2L	NA	2521	1114	98.7213
COX7B	NA	1910	456	182.722
COX7B2	NA	0	543	0
COX7C	NA	3348	407	358.851
COX8A	NA	3756	507	323.177
COX8C	NA	1	531	0.082154
CP	NA	1763	5233	14.6969
CPA1	NA	0	1507	0
CPA2	NA	1	1329	0.0328245
CPA3	NA	0	1684	0
CPA4	NA	0	2817	0
CPA5	NA	1	2078	0.0209932
CPA6	NA	0	1904	0
CPAMD8	NA	283	5988	2.06171
CPB1	NA	0	1460	0
CPB2	NA	0	1766	0
CPB2-AS1	NA	14	3508	0.174097
CPD	NA	1261	9208	5.97411
CPE	NA	155	2428	2.78488
CPEB1	NA	1023	3998	11.1624
CPEB1-AS1	NA	62	2138	1.26505
CPEB2	NA	7	6887	0.0443395
CPEB2-AS1	NA	0	1630	0
CPEB3	NA	48	6011	0.348352
CPEB4	NA	137	8583	0.696313
CPED1	NA	106	5607	0.824705
CPLX1	NA	537	2140	10.9467
CPLX2	NA	3	4934	0.0265244
CPLX3	NA	3	2012	0.0650454
CPLX4	NA	0	1964	0
CPM	NA	29	6726	0.188089
CPN1	NA	2	1756	0.0496854
CPN2	NA	0	3028	0
CPNE1	NA	2156	2631	35.7479
CPNE2	NA	530	2238	10.3309
CPNE3	NA	1568	4864	14.0629
CPNE4	NA	0	4516	0
CPNE5	NA	731	3339	9.55046
CPNE6	NA	0	2415	0
CPNE7	NA	25	2657	0.410461
CPNE8	NA	203	3461	2.55869
CPNE9	NA	6	2171	0.120563
CPO	NA	3	1209	0.108248
CPOX	NA	374	2709	6.02262
CPPED1	NA	1531	6143	10.8722
CPQ	NA	32	1949	0.716245
CPS1	NA	235	6166	1.6626
CPS1-IT1	NA	0	2305	0
CPSF1	NA	4374	4494	42.4589
CPSF2	NA	2368	5072	20.3669
CPSF3	NA	1367	2385	25.0036
CPSF3L	NA	2701	2629	44.8185
CPSF4	NA	1733	1826	41.402
CPSF4L	NA	42	647	2.83184
CPSF6	NA	3486	6727	22.6063
CPSF7	NA	2906	3767	33.653
CPT1A	NA	218	5485	1.73382
CPT1B	NA	529	3157	7.30978
CPT1C	NA	1519	3149	21.043
CPT2	NA	889	3094	12.5344
CPTP	NA	799	2193	15.8939
CPVL	NA	1	1779	0.0245215
CPXCR1	NA	0	1629	0
CPXM1	NA	1006	2400	18.2856
CPXM2	NA	0	3724	0
CPZ	NA	24	2540	0.412193
CR1	NA	0	9966	0
CR1L	NA	0	1837	0
CR2	NA	0	4170	0
CRABP1	NA	3	772	0.169522
CRABP2	NA	16473	1164	617.366
CRACR2A	NA	4	3394	0.0514128
CRACR2B	NA	488	1830	11.633
CRADD	NA	71	1188	2.60714
CRAMP1L	NA	960	7673	5.45795
CRAT	NA	838	2865	12.7598
CRAT37	NA	0	2138	0
CRAT40	NA	0	277	0
CRAT8	NA	0	552	0
CRB1	NA	2	5585	0.0156218
CRB2	NA	627	6186	4.42161
CRB3	NA	2	1106	0.0788857
CRBN	NA	605	2591	10.1862
CRCP	NA	786	2923	11.7305
CRCT1	NA	0	695	0
CREB1	NA	497	9779	2.2171
CREB3	NA	680	1851	16.026
CREB3L1	NA	595	2710	9.57791
CREB3L2	NA	704	7636	4.02189
CREB3L3	NA	3	2618	0.049989
CREB3L4	NA	83	1949	1.85776
CREB5	NA	0	8944	0
CREBBP	NA	2552	10196	10.9188
CREBL2	NA	410	3813	4.69073
CREBRF	NA	207	8711	1.03663
CREBZF	NA	1207	7575	6.95101
CREG1	NA	11538	2025	248.559
CREG2	NA	1	3488	0.0125068
CRELD1	NA	198	2890	2.98876
CRELD2	NA	901	1725	22.7855
CREM	NA	2214	5876	16.4369
CRH	NA	39	1434	1.18642
CRHBP	NA	137	1838	3.25161
CRHR1	NA	29	5329	0.237397
CRHR1-IT1	NA	76	5588	0.593308
CRHR2	NA	4	3590	0.0486059
CRIM1	NA	1060	5611	8.24117
CRIP1	NA	35	478	3.19421
CRIP2	NA	2221	3047	31.798
CRIP3	NA	0	956	0
CRIPAK	NA	411	4443	4.03542
CRIPT	NA	295	6366	2.02152
CRISP1	NA	0	1967	0
CRISP2	NA	0	1413	0
CRISP3	NA	0	2246	0
CRISPLD1	NA	4	4585	0.0380578
CRISPLD2	NA	27	4589	0.256666
CRK	NA	1991	3225	26.9318
CRKL	NA	2626	5325	21.5129
CRLF1	NA	983	1804	23.7706
CRLF2	NA	0	2402	0
CRLF3	NA	550	2941	8.15813
CRLS1	NA	1001	4112	10.6195
CRMP1	NA	102	4587	0.970051
CRNDE	NA	9	1420	0.276489
CRNKL1	NA	1410	4413	13.9383
CRNN	NA	1	1913	0.0228039
CROCC	NA	2185	6656	14.3206
CROCCP2	NA	666	1765	16.4609
CROCCP3	NA	215	5368	1.74723
CROT	NA	234	4099	2.49035
CRP	NA	0	2015	0
CRSP8P	NA	372	1362	11.9149
CRTAC1	NA	0	3066	0
CRTAM	NA	0	2624	0
CRTAP	NA	3940	6651	25.8424
CRTC1	NA	565	6992	3.52509
CRTC2	NA	1102	2678	17.9512
CRTC3	NA	569	5251	4.72709
CRTC3-AS1	NA	9	654	0.600327
CRX	NA	65	4466	0.634918
CRY1	NA	1900	3294	25.1625
CRY2	NA	728	4368	7.27063
CRYAA	NA	3	1144	0.114398
CRYAB	NA	31826	1083	1281.97
CRYBA1	NA	9	790	0.49698
CRYBA2	NA	1	885	0.0492924
CRYBA4	NA	1	811	0.0537901
CRYBB1	NA	0	921	0
CRYBB2	NA	22	763	1.25783
CRYBB2P1	NA	252	1501	7.32391
CRYBB3	NA	6	863	0.303294
CRYBG3	NA	238	10752	0.96563
CRYGA	NA	0	606	0
CRYGB	NA	0	626	0
CRYGC	NA	597	629	41.4044
CRYGD	NA	0	707	0
CRYGN	NA	0	2644	0
CRYGS	NA	32	842	1.65791
CRYL1	NA	160	1501	4.6501
CRYM	NA	5	1559	0.139909
CRYM-AS1	NA	11	2304	0.208273
CRYZ	NA	2120	2303	40.1574
CRYZL1	NA	445	1710	11.3524
CS	NA	4590	2976	67.2826
CSAD	NA	283	3026	4.07982
CSAG1	NA	0	876	0
CSAG3	NA	0	1083	0
CSAG4	NA	0	753	0
CSDC2	NA	493	2530	8.5006
CSDE1	NA	12142	4313	122.81
CSE1L	NA	4785	3627	57.5516
CSE1L-AS1	NA	0	568	0
CSF1	NA	542	4915	4.8106
CSF1R	NA	46	4022	0.498929
CSF2	NA	0	785	0
CSF2RA	NA	107	4596	1.01561
CSF2RB	NA	0	4846	0
CSF3	NA	17	1768	0.419459
CSF3R	NA	1	3490	0.0124996
CSGALNACT1	NA	0	4887	0
CSGALNACT2	NA	434	3769	5.02327
CSH1	NA	0	918	0
CSH2	NA	0	1136	0
CSHL1	NA	0	841	0
CSK	NA	1641	2740	26.1265
CSMD1	NA	7	14317	0.0213289
CSMD2	NA	5	13920	0.0156695
CSMD2-AS1	NA	0	1364	0
CSMD3	NA	41	13353	0.133946
CSN1S1	NA	0	981	0
CSN1S2AP	NA	0	777	0
CSN1S2BP	NA	0	432	0
CSN2	NA	0	1070	0
CSN3	NA	0	808	0
CSNK1A1	NA	4971	2795	77.5863
CSNK1A1L	NA	145	2405	2.63012
CSNK1A1P1	NA	22	1690	0.567883
CSNK1D	NA	4315	3793	49.6274
CSNK1E	NA	3637	2891	54.8805
CSNK1G1	NA	1106	8163	5.91056
CSNK1G2	NA	2158	2904	32.4174
CSNK1G2-AS1	NA	2	1313	0.066449
CSNK1G3	NA	775	4738	7.13559
CSNK2A1	NA	4227	2836	65.0203
CSNK2A2	NA	1017	1658	26.7584
CSNK2A3	NA	1662	1416	51.2025
CSNK2B	NA	4215	7925	23.2018
CSPG4	NA	1578	8290	8.30378
CSPG4P1Y	NA	0	795	0
CSPG5	NA	73	2590	1.22955
CSPP1	NA	448	5209	3.75186
CSRNP1	NA	820	3188	11.2207
CSRNP2	NA	1074	4702	9.96426
CSRNP3	NA	1	12040	0.00362324
CSRP1	NA	2420	2324	45.4258
CSRP2	NA	147	923	6.94766
CSRP2BP	NA	1136	3848	12.8785
CSRP3	NA	0	1464	0
CST1	NA	0	760	0
CST11	NA	0	553	0
CST13P	NA	0	1157	0
CST2	NA	0	694	0
CST3	NA	1650	2455	29.3194
CST4	NA	0	736	0
CST5	NA	0	749	0
CST6	NA	0	609	0
CST7	NA	0	930	0
CST8	NA	0	918	0
CST9	NA	0	1689	0
CST9L	NA	0	958	0
CSTA	NA	2	827	0.105499
CSTB	NA	12156	940	564.139
CSTF1	NA	1161	2572	19.6918
CSTF2	NA	720	2662	11.7991
CSTF2T	NA	1290	4110	13.6921
CSTF3	NA	2535	3181	34.7646
CSTF3-AS1	NA	10	2060	0.211766
CSTL1	NA	0	736	0
CT45A1	NA	15	1028	0.636534
CT45A10	NA	10	1346	0.324099
CT45A2	NA	9	1009	0.389112
CT45A3	NA	15	1008	0.649163
CT45A4	NA	12	1008	0.519331
CT45A5	NA	9	1338	0.293433
CT45A6	NA	24	2016	0.519331
CT45A7	NA	39	2460	0.691596
CT45A8	NA	9	1009	0.389112
CT45A9	NA	9	1009	0.389112
CT47A1	NA	0	12930	0
CT47A10	NA	0	11637	0
CT47A11	NA	0	11637	0
CT47A12	NA	0	11637	0
CT47A2	NA	0	11637	0
CT47A3	NA	0	11637	0
CT47A4	NA	0	11637	0
CT47A5	NA	0	11637	0
CT47A6	NA	0	12930	0
CT47A7	NA	0	1293	0
CT47A8	NA	0	11637	0
CT47A9	NA	0	11637	0
CT47B1	NA	1	1329	0.0328245
CT55	NA	0	2161	0
CT62	NA	1	1831	0.0238251
CT83	NA	0	574	0
CTAG1A	NA	1	748	0.0583206
CTAG1B	NA	1	748	0.0583206
CTAG2	NA	1	993	0.0439313
CTAGE1	NA	45	4315	0.454941
CTAGE10P	NA	10	2972	0.146783
CTAGE11P	NA	37	2629	0.613952
CTAGE15	NA	42	2587	0.708233
CTAGE4	NA	26	2626	0.431919
CTAGE5	NA	459	4075	4.9137
CTAGE6	NA	42	2662	0.688279
CTAGE7P	NA	42	2829	0.647649
CTAGE8	NA	35	3111	0.490785
CTAGE9	NA	37	2577	0.626341
CTB-113P19.1	NA	6	1970	0.132864
CTB-12O2.1	NA	0	403	0
CTB-178M22.2	NA	13	518	1.09481
CTB-7E3.1	NA	0	566	0
CTBP1	NA	4271	2483	75.0371
CTBP1-AS	NA	926	3886	10.3952
CTBP1-AS2	NA	486	2930	7.23589
CTBP2	NA	2459	5742	18.6818
CTBS	NA	127	3101	1.78659
CTC-338M12.4	NA	329	1013	14.168
CTC-436P18.1	NA	5	590	0.369693
CTC1	NA	678	7072	4.18226
CTCF	NA	1563	3941	17.3012
CTCFL	NA	12	7949	0.0658555
CTD-2151A2.1	NA	0	1033	0
CTD-2194D22.4	NA	0	1633	0
CTD-2201E9.1	NA	0	1679	0
CTD-2201I18.1	NA	4	2716	0.0642471
CTD-2270F17.1	NA	0	1215	0
CTD-2297D10.2	NA	0	1584	0
CTD-2350J17.1	NA	0	385	0
CTD-3080P12.3	NA	0	1802	0
CTDNEP1	NA	3100	1855	72.9023
CTDP1	NA	1499	3841	17.0247
CTDSP1	NA	1269	2780	19.9132
CTDSP2	NA	2705	5020	23.5064
CTDSPL	NA	766	4455	7.50074
CTDSPL2	NA	784	4874	7.01704
CTF1	NA	285	1664	7.47162
CTGF	NA	10445	2343	194.473
CTGLF12P	NA	419	2139	8.54528
CTH	NA	165	2140	3.36352
CTHRC1	NA	2	1505	0.0579718
CTIF	NA	459	5818	3.44161
CTLA4	NA	0	1975	0
CTNNA1	NA	5039	4363	50.3828
CTNNA2	NA	35	4754	0.321168
CTNNA3	NA	5	12419	0.0175633
CTNNAL1	NA	1995	2594	33.5503
CTNNB1	NA	5826	3720	68.3205
CTNNBIP1	NA	1280	2995	18.6439
CTNNBL1	NA	1476	2077	31.0008
CTNND1	NA	3332	6350	22.8905
CTNND2	NA	1	5830	0.00748264
CTNS	NA	1333	4431	13.1236
CTPS1	NA	3323	3462	41.8723
CTPS2	NA	588	4925	5.20828
CTR9	NA	1939	4598	18.3964
CTRB1	NA	2	872	0.100055
CTRB2	NA	4	890	0.196062
CTRC	NA	1	899	0.0485248
CTRL	NA	102	1182	3.76449
CTSA	NA	1452	2286	27.7085
CTSB	NA	5431	3989	59.3935
CTSC	NA	1	7623	0.00572265
CTSD	NA	6564	2123	134.878
CTSE	NA	0	2228	0
CTSF	NA	7371	2014	159.658
CTSG	NA	0	924	0
CTSH	NA	260	1485	7.63783
CTSK	NA	99	1810	2.38605
CTSL	NA	483	1714	12.293
CTSL3P	NA	0	657	0
CTSLP2	NA	2	1105	0.0789571
CTSLP8	NA	0	569	0
CTSO	NA	624	2933	9.28102
CTSS	NA	40	4107	0.424872
CTSV	NA	618	4564	5.90699
CTSW	NA	3	1296	0.100981
CTSZ	NA	13	1500	0.378073
CTTN	NA	6820	3281	90.6779
CTTNBP2	NA	0	5969	0
CTTNBP2NL	NA	749	5900	5.538
CTU1	NA	452	2107	9.3583
CTU2	NA	275	1723	6.96259
CTXN1	NA	2276	1263	78.6126
CTXN2	NA	1	2695	0.0161869
CTXN3	NA	0	1860	0
CUBN	NA	23	11933	0.0840817
CUEDC1	NA	1973	4025	21.3838
CUEDC2	NA	2332	1196	85.0591
CUL1	NA	1885	3209	25.6251
CUL2	NA	2215	4690	20.6027
CUL3	NA	3012	6927	18.9685
CUL4A	NA	3115	4494	30.2377
CUL4B	NA	1462	5686	11.2167
CUL5	NA	1087	6387	7.42431
CUL7	NA	1414	5596	11.0229
CUL9	NA	172	7771	0.96555
CUTA	NA	3099	2398	56.3762
CUTC	NA	456	1368	14.5413
CUX1	NA	981	15587	2.74555
CUX2	NA	6	6844	0.0382441
CUZD1	NA	28	2279	0.535966
CWC15	NA	2034	1575	56.337
CWC22	NA	1391	3279	18.5058
CWC25	NA	870	3220	11.7865
CWC27	NA	911	3053	13.0171
CWF19L1	NA	1017	2681	16.5481
CWF19L2	NA	668	3279	8.88706
CWH43	NA	0	2614	0
CX3CL1	NA	1	3318	0.0131476
CX3CR1	NA	2	3657	0.0238577
CXADR	NA	1938	6169	13.7045
CXADRP2	NA	56	2459	0.993465
CXADRP3	NA	32	1610	0.867056
CXCL1	NA	0	1192	0
CXCL10	NA	2	1216	0.0717496
CXCL11	NA	3	1601	0.0817435
CXCL12	NA	0	5290	0
CXCL13	NA	0	1203	0
CXCL14	NA	125	1973	2.7638
CXCL16	NA	77	2402	1.39843
CXCL17	NA	0	853	0
CXCL2	NA	0	1203	0
CXCL3	NA	0	1153	0
CXCL5	NA	7	2488	0.122736
CXCL6	NA	0	1659	0
CXCL8	NA	0	1705	0
CXCL9	NA	0	2708	0
CXCR1	NA	0	2486	0
CXCR2	NA	7	2940	0.103866
CXCR2P1	NA	0	2136	0
CXCR3	NA	1	1868	0.0233532
CXCR4	NA	1	2005	0.0217575
CXCR5	NA	31	3107	0.435255
CXCR6	NA	6	1953	0.134021
CXXC1	NA	2065	2966	30.3719
CXXC1P1	NA	0	1897	0
CXXC4	NA	121	5578	0.946303
CXXC5	NA	1152	1447	34.7302
CXorf21	NA	0	1927	0
CXorf23	NA	147	6492	0.987784
CXorf36	NA	0	6596	0
CXorf38	NA	380	4250	3.90048
CXorf40A	NA	508	3935	5.63173
CXorf40B	NA	1038	1340	33.7921
CXorf49	NA	0	1851	0
CXorf49B	NA	0	1851	0
CXorf51A	NA	0	438	0
CXorf51B	NA	0	438	0
CXorf56	NA	662	2433	11.8697
CXorf57	NA	0	3904	0
CXorf58	NA	4	1547	0.112796
CXorf65	NA	0	882	0
CXorf66	NA	0	1279	0
CXorf67	NA	9	1923	0.204167
CYB561	NA	8	3391	0.102917
CYB561A3	NA	436	3372	5.64056
CYB561D1	NA	222	5157	1.87793
CYB561D2	NA	340	2332	6.36024
CYB5A	NA	1	862	0.0506076
CYB5B	NA	4667	4286	47.5017
CYB5D1	NA	1193	3746	13.893
CYB5D2	NA	303	2002	6.6024
CYB5R1	NA	479	1643	12.7181
CYB5R2	NA	401	1995	8.76849
CYB5R3	NA	3854	3517	47.8038
CYB5R4	NA	180	2247	3.49456
CYB5RL	NA	60	3533	0.740851
CYBA	NA	3081	723	185.899
CYBB	NA	0	4318	0
CYBRD1	NA	558	4402	5.52977
CYC1	NA	2884	1234	101.954
CYCS	NA	8971	5538	70.6661
CYCSP52	NA	0	310	0
CYFIP1	NA	2101	5266	17.4048
CYFIP2	NA	2817	6816	18.0294
CYGB	NA	119	2166	2.39669
CYHR1	NA	977	2566	16.6097
CYLC1	NA	0	2129	0
CYLC2	NA	0	2171	0
CYLD	NA	264	8805	1.30797
CYMP	NA	0	1241	0
CYP11A1	NA	10	2428	0.17967
CYP11B1	NA	0	3535	0
CYP11B2	NA	0	2936	0
CYP17A1	NA	0	1870	0
CYP19A1	NA	0	4514	0
CYP1A1	NA	26	2608	0.4349
CYP1A2	NA	0	3127	0
CYP1B1	NA	1	5153	0.0084657
CYP1B1-AS1	NA	0	1753	0
CYP20A1	NA	263	10943	1.04844
CYP21A1P	NA	1028	12998	3.45016
CYP21A2	NA	777	19662	1.72392
CYP24A1	NA	233	3266	3.11217
CYP26A1	NA	17	2479	0.299155
CYP26B1	NA	85	4556	0.813876
CYP26C1	NA	3	1569	0.0834107
CYP27A1	NA	6	2293	0.114149
CYP27B1	NA	133	2487	2.33292
CYP27C1	NA	101	4685	0.940448
CYP2A13	NA	0	1760	0
CYP2A6	NA	0	1764	0
CYP2A7	NA	0	2291	0
CYP2B6	NA	0	3052	0
CYP2B7P	NA	0	2910	0
CYP2C18	NA	5	2545	0.0857049
CYP2C19	NA	0	1789	0
CYP2C8	NA	0	2024	0
CYP2C9	NA	1	1861	0.023441
CYP2D6	NA	143	1659	3.76022
CYP2D7	NA	103	1681	2.67296
CYP2E1	NA	42	1667	1.0991
CYP2F1	NA	0	1826	0
CYP2G1P	NA	0	2511	0
CYP2J2	NA	0	1857	0
CYP2R1	NA	251	1618	6.76735
CYP2S1	NA	0	2624	0
CYP2U1	NA	89	4752	0.817028
CYP2W1	NA	5	2304	0.0946696
CYP39A1	NA	0	2444	0
CYP3A4	NA	0	2792	0
CYP3A43	NA	1	2022	0.0215746
CYP3A5	NA	5	4016	0.0543125
CYP3A7	NA	5	2082	0.104764
CYP3A7-CYP3A51P	NA	4	2262	0.0771419
CYP46A1	NA	25	2077	0.525082
CYP4A11	NA	0	2552	0
CYP4A22	NA	0	3058	0
CYP4B1	NA	0	2158	0
CYP4F11	NA	25	3395	0.321235
CYP4F12	NA	129	2081	2.70421
CYP4F2	NA	80	2406	1.4505
CYP4F22	NA	61	2609	1.01995
CYP4F24P	NA	11	2470	0.194276
CYP4F29P	NA	100	1279	3.41077
CYP4F3	NA	31	3133	0.431643
CYP4F30P	NA	3	2249	0.0581909
CYP4F35P	NA	31	2876	0.470215
CYP4F62P	NA	3	2412	0.0542584
CYP4F8	NA	2	1905	0.0457992
CYP4V2	NA	33	4704	0.306034
CYP4X1	NA	1	2357	0.0185082
CYP4Z1	NA	1	1907	0.0228756
CYP4Z2P	NA	0	1474	0
CYP51A1	NA	1993	3288	26.4423
CYP51A1-AS1	NA	7	2998	0.101857
CYP7A1	NA	0	2875	0
CYP7B1	NA	2	2395	0.036429
CYP8B1	NA	0	3950	0
CYR61	NA	4499	2293	85.5924
CYS1	NA	119	2719	1.90924
CYSLTR1	NA	0	2919	0
CYSLTR2	NA	0	3246	0
CYSRT1	NA	782	1297	26.3021
CYSTM1	NA	1354	910	64.9083
CYTH1	NA	770	4002	8.39338
CYTH2	NA	1353	4607	12.8116
CYTH3	NA	499	4467	4.87313
CYTH4	NA	0	3138	0
CYTIP	NA	0	2210	0
CYTL1	NA	7	1000	0.305366
CYYR1	NA	0	3079	0
D21S2088E	NA	0	1699	0
D2HGDH	NA	648	2622	10.7812
DAAM1	NA	37	5926	0.272373
DAAM2	NA	1	6333	0.00688833
DAB1	NA	0	2580	0
DAB1-AS1	NA	0	1150	0
DAB2	NA	4	4601	0.0379255
DAB2IP	NA	704	6082	5.04951
DACH1	NA	2	5239	0.0166535
DACH2	NA	0	2508	0
DACT1	NA	1	4405	0.00990324
DACT2	NA	0	4223	0
DACT3	NA	293	2897	4.41207
DACT3-AS1	NA	9	1666	0.235663
DAD1	NA	3691	697	231.012
DAG1	NA	3853	6593	25.4941
DAGLA	NA	147	5758	1.1137
DAGLB	NA	597	2910	8.94962
DALRD3	NA	1620	2002	35.3
DANCR	NA	2209	855	112.708
DAND5	NA	4	1732	0.100748
DAO	NA	35	1596	0.956662
DAOA	NA	0	1118	0
DAOA-AS1	NA	0	2480	0
DAP	NA	1122	2342	20.8992
DAP3	NA	2707	2217	53.2655
DAPK1	NA	3	6275	0.020856
DAPK2	NA	395	2628	6.55685
DAPK3	NA	3002	2310	56.692
DAPL1	NA	0	543	0
DAPP1	NA	2	2999	0.0290922
DARS	NA	2460	3157	33.9926
DARS-AS1	NA	34	1126	1.31724
DARS2	NA	660	3348	8.59967
DAW1	NA	0	1669	0
DAXX	NA	2349	13079	7.83487
DAZ1	NA	1	4419	0.00987187
DAZ2	NA	2	7706	0.011322
DAZ3	NA	2	7032	0.0124072
DAZ4	NA	2	7311	0.0119337
DAZAP1	NA	3706	2293	70.5058
DAZAP2	NA	1776	2823	27.4445
DAZL	NA	0	3399	0
DBET	NA	15	3363	0.194575
DBF4	NA	1344	3907	15.0065
DBF4B	NA	999	5160	8.44577
DBH	NA	9	2760	0.142251
DBH-AS1	NA	56	2233	1.09401
DBI	NA	2765	1436	83.997
DBIL5P	NA	17	3004	0.246872
DBIL5P2	NA	3	1692	0.0773471
DBN1	NA	10224	3316	134.502
DBNDD1	NA	892	2843	13.6871
DBNDD2	NA	98	2273	1.88083
DBNL	NA	1888	2219	37.1166
DBP	NA	703	1811	16.934
DBR1	NA	787	2690	12.7628
DBT	NA	364	10815	1.46824
DBX1	NA	0	1032	0
DBX2	NA	0	2722	0
DCAF10	NA	830	8015	4.5175
DCAF11	NA	999	4472	9.74511
DCAF12	NA	2039	3671	24.2301
DCAF12L1	NA	0	3390	0
DCAF12L2	NA	0	2599	0
DCAF13	NA	1870	2641	30.8885
DCAF13P3	NA	42	2437	0.751825
DCAF15	NA	1514	2258	29.25
DCAF16	NA	1082	4548	10.3784
DCAF17	NA	728	5828	5.44923
DCAF4	NA	807	2555	13.7786
DCAF4L1	NA	34	4772	0.310815
DCAF4L2	NA	0	3326	0
DCAF5	NA	1476	8124	7.92574
DCAF6	NA	595	3619	7.17219
DCAF7	NA	2524	6381	17.2554
DCAF8	NA	2256	4690	20.9841
DCAF8L1	NA	3	3457	0.0378569
DCAF8L2	NA	0	2013	0
DCAKD	NA	1329	2396	24.197
DCANP1	NA	5	3135	0.0695754
DCBLD1	NA	24	1978	0.529308
DCBLD2	NA	49	6093	0.350823
DCC	NA	3	10210	0.012818
DCD	NA	0	709	0
DCDC1	NA	4	1742	0.100169
DCDC2	NA	5	4820	0.0452529
DCDC2B	NA	67	1349	2.16664
DCDC2C	NA	0	1482	0
DCDC5	NA	1	4759	0.00916658
DCHS1	NA	18	10759	0.0729834
DCHS2	NA	0	12010	0
DCK	NA	376	2605	6.29656
DCLK1	NA	19	13692	0.0605355
DCLK2	NA	2	4398	0.019838
DCLK3	NA	1	5344	0.00816313
DCLRE1A	NA	295	4636	2.77589
DCLRE1B	NA	488	3788	5.61996
DCLRE1C	NA	375	6977	2.34469
DCN	NA	2	2509	0.0347738
DCP1A	NA	1132	6067	8.13946
DCP1B	NA	701	2092	14.6177
DCP2	NA	1887	10198	8.07198
DCPS	NA	648	1483	19.0615
DCST1	NA	24	2297	0.455799
DCST2	NA	13	2419	0.234439
DCSTAMP	NA	265	1983	5.8297
DCT	NA	6	2397	0.109196
DCTD	NA	2088	2042	44.6065
DCTN1	NA	5798	5272	47.9762
DCTN1-AS1	NA	0	2144	0
DCTN2	NA	2741	2119	56.4289
DCTN3	NA	633	984	28.0629
DCTN4	NA	1627	4313	16.4563
DCTN5	NA	2236	7853	12.4211
DCTN6	NA	356	1126	13.7922
DCTPP1	NA	1922	1120	74.8615
DCUN1D1	NA	854	7961	4.67965
DCUN1D2	NA	303	3029	4.36382
DCUN1D3	NA	224	2868	3.40716
DCUN1D4	NA	902	4702	8.36849
DCUN1D5	NA	2072	12732	7.09931
DCX	NA	2	9687	0.00900666
DCXR	NA	1093	829	57.516
DDA1	NA	1049	4077	11.2243
DDAH1	NA	1088	4482	10.5896
DDAH2	NA	1713	15134	4.93772
DDB1	NA	8796	4356	88.0888
DDB2	NA	1471	1848	34.7243
DDC	NA	0	2487	0
DDC-AS1	NA	0	1776	0
DDHD1	NA	1973	12982	6.62993
DDHD2	NA	1033	5784	7.79104
DDI1	NA	0	2615	0
DDI2	NA	284	2680	4.62282
DDIAS	NA	641	3563	7.84812
DDIT3	NA	665	1178	24.6263
DDIT4	NA	7150	1752	178.031
DDIT4L	NA	0	2634	0
DDN	NA	90	3744	1.04865
DDO	NA	1	1709	0.0255259
DDOST	NA	6885	2126	141.275
DDR1	NA	4866	23706	8.95441
DDR2	NA	236	3244	3.17362
DDRGK1	NA	1253	1254	43.589
DDT	NA	0	723	0
DDTL	NA	0	1635	0
DDX1	NA	2731	2741	43.4646
DDX10	NA	1668	3264	22.293
DDX11	NA	1627	3927	18.0738
DDX11-AS1	NA	25	2031	0.536974
DDX11L1	NA	91	1652	2.403
DDX11L10	NA	95	1652	2.50863
DDX11L16	NA	107	3286	1.42049
DDX11L2	NA	252	2305	4.76928
DDX11L5	NA	104	1655	2.74131
DDX11L9	NA	104	1670	2.71669
DDX12P	NA	1850	3909	20.6457
DDX17	NA	9490	4796	86.3198
DDX18	NA	2873	3765	33.2885
DDX19A	NA	2278	2900	34.2672
DDX19B	NA	1293	2341	24.0946
DDX20	NA	1299	3510	16.1445
DDX21	NA	8295	5021	72.0691
DDX23	NA	3774	3267	50.3937
DDX24	NA	5766	2948	85.3238
DDX25	NA	0	1834	0
DDX26B	NA	215	3848	2.4374
DDX26B-AS1	NA	2	398	0.219215
DDX27	NA	2499	2695	40.4511
DDX28	NA	1107	2594	18.6166
DDX31	NA	1134	3786	13.0664
DDX39A	NA	4297	1540	121.722
DDX39B	NA	10300	16055	27.9866
DDX3X	NA	8256	6738	53.4517
DDX3Y	NA	2179	4908	19.3676
DDX4	NA	1	2962	0.0147278
DDX41	NA	3279	2104	67.9859
DDX42	NA	4094	4011	44.5265
DDX43	NA	12	2696	0.194171
DDX46	NA	2332	5851	17.3869
DDX47	NA	2535	1817	60.862
DDX49	NA	1505	1836	35.7591
DDX5	NA	16529	3759	191.822
DDX50	NA	1188	2538	20.4196
DDX51	NA	1294	4717	11.9672
DDX52	NA	1764	6510	11.8206
DDX53	NA	0	2129	0
DDX54	NA	3793	4381	37.7688
DDX55	NA	1168	2622	19.4327
DDX56	NA	5575	2872	84.6805
DDX58	NA	302	4756	2.77005
DDX59	NA	272	2320	5.11451
DDX6	NA	3081	6320	21.2666
DDX60	NA	3	6073	0.0215497
DDX60L	NA	29	7213	0.17539
DEAF1	NA	1584	2777	24.883
DEAR	NA	16	370	1.88643
DEC1	NA	0	1251	0
DECR1	NA	402	1251	14.0182
DECR2	NA	350	1583	9.64518
DEDD	NA	1078	2436	19.3048
DEDD2	NA	1408	2286	26.8689
DEF6	NA	153	2296	2.90698
DEF8	NA	1873	4220	19.3619
DEFA1	NA	0	1494	0
DEFA10P	NA	0	291	0
DEFA11P	NA	0	301	0
DEFA1B	NA	0	1582	0
DEFA3	NA	0	491	0
DEFA4	NA	0	619	0
DEFA5	NA	0	458	0
DEFA6	NA	0	468	0
DEFA8P	NA	0	285	0
DEFA9P	NA	0	285	0
DEFB1	NA	5	463	0.471099
DEFB103A	NA	0	512	0
DEFB103B	NA	0	512	0
DEFB104A	NA	0	281	0
DEFB104B	NA	0	281	0
DEFB105A	NA	0	331	0
DEFB105B	NA	0	331	0
DEFB106A	NA	0	303	0
DEFB106B	NA	0	303	0
DEFB107A	NA	0	389	0
DEFB107B	NA	0	389	0
DEFB108B	NA	0	222	0
DEFB109P1	NA	3	189	0.692441
DEFB109P1B	NA	1	264	0.165242
DEFB110	NA	0	518	0
DEFB112	NA	0	342	0
DEFB113	NA	0	249	0
DEFB114	NA	0	210	0
DEFB115	NA	0	267	0
DEFB116	NA	0	309	0
DEFB118	NA	0	1137	0
DEFB119	NA	0	844	0
DEFB121	NA	0	630	0
DEFB122	NA	0	496	0
DEFB123	NA	0	533	0
DEFB124	NA	0	216	0
DEFB125	NA	0	665	0
DEFB126	NA	0	471	0
DEFB127	NA	0	514	0
DEFB128	NA	0	373	0
DEFB129	NA	0	698	0
DEFB130	NA	0	480	0
DEFB131	NA	0	213	0
DEFB132	NA	0	2120	0
DEFB133	NA	0	186	0
DEFB134	NA	0	1096	0
DEFB135	NA	0	234	0
DEFB136	NA	0	237	0
DEFB4A	NA	0	449	0
DEFB4B	NA	0	298	0
DEFT1P	NA	0	992	0
DEFT1P2	NA	0	992	0
DEGS1	NA	5843	2063	123.555
DEGS2	NA	13	1405	0.403636
DEK	NA	4592	2871	69.7737
DENND1A	NA	1503	5363	12.2257
DENND1B	NA	2	10932	0.00798093
DENND1C	NA	3	2819	0.0464247
DENND2A	NA	106	3462	1.33568
DENND2C	NA	62	4514	0.599175
DENND2D	NA	10	3539	0.123266
DENND3	NA	262	5443	2.09984
DENND4A	NA	273	7338	1.62296
DENND4B	NA	1442	5688	11.0593
DENND4C	NA	376	8130	2.01753
DENND5A	NA	2103	4964	18.4812
DENND5B	NA	555	9774	2.4771
DENND5B-AS1	NA	111	564	8.58553
DENND6A	NA	471	4658	4.41108
DENND6B	NA	148	2006	3.2185
DENR	NA	3300	2722	52.887
DEPDC1	NA	870	5438	6.97916
DEPDC1-AS1	NA	5	1247	0.174915
DEPDC1B	NA	2566	2504	44.7039
DEPDC4	NA	13	1154	0.491429
DEPDC5	NA	307	6173	2.16953
DEPDC7	NA	58	2159	1.17192
DEPTOR	NA	5	2636	0.0827462
DERA	NA	281	1804	6.79506
DERL1	NA	1262	3340	16.483
DERL2	NA	1061	4428	10.4528
DERL3	NA	0	3200	0
DES	NA	7	2248	0.135839
DESI1	NA	1950	3794	22.4213
DESI2	NA	2818	4096	30.0126
DET1	NA	100	2343	1.86188
DEXI	NA	741	1501	21.5358
DFFA	NA	3138	3393	40.3452
DFFB	NA	229	3229	3.09379
DFNA5	NA	204	2564	3.47085
DFNB31	NA	2395	4162	25.1031
DFNB59	NA	67	1524	1.91784
DGAT1	NA	877	3721	10.2817
DGAT2	NA	825	2454	14.6657
DGAT2L6	NA	0	1711	0
DGCR10	NA	1	927	0.0470591
DGCR11	NA	45	2214	0.886662
DGCR14	NA	977	5385	7.91466
DGCR2	NA	1896	4492	18.4129
DGCR5	NA	228	3938	2.5257
DGCR6	NA	383	1214	13.7627
DGCR6L	NA	947	1217	33.9455
DGCR8	NA	1483	4520	14.3128
DGCR9	NA	12	2415	0.216764
DGKA	NA	234	3055	3.3414
DGKB	NA	3	7542	0.0173523
DGKD	NA	1525	6397	10.3996
DGKE	NA	264	7768	1.48258
DGKG	NA	0	5802	0
DGKH	NA	231	18967	0.531296
DGKI	NA	0	4780	0
DGKK	NA	0	7408	0
DGKQ	NA	922	4643	8.66274
DGKZ	NA	685	5421	5.51232
DGUOK	NA	1190	1144	45.3779
DGUOK-AS1	NA	12	571	0.916787
DHCR24	NA	4400	4286	44.7841
DHCR7	NA	1577	2665	25.8141
DHDDS	NA	1266	3328	16.5949
DHDH	NA	71	1081	2.86521
DHFR	NA	2180	3917	24.2787
DHFRL1	NA	58	4163	0.607778
DHH	NA	3	1934	0.0676687
DHODH	NA	486	2427	8.73554
DHPS	NA	814	1531	23.1938
DHRS1	NA	270	1725	6.82807
DHRS11	NA	432	1598	11.7932
DHRS12	NA	240	2779	3.76744
DHRS13	NA	392	1921	8.90188
DHRS2	NA	40	1687	1.03435
DHRS3	NA	128	1723	3.24077
DHRS4	NA	722	1299	24.2466
DHRS4-AS1	NA	568	3417	7.25148
DHRS4L1	NA	292	2007	6.34686
DHRS4L2	NA	845	1951	18.8939
DHRS7	NA	621	1388	19.5176
DHRS7B	NA	494	1841	11.7057
DHRS7C	NA	0	1006	0
DHRS9	NA	1	2286	0.019083
DHRSX	NA	523	5138	4.44049
DHTKD1	NA	1092	5217	9.13114
DHX15	NA	4991	3015	72.2143
DHX16	NA	3228	25602	5.50026
DHX29	NA	1379	4473	13.449
DHX30	NA	3252	5126	27.6755
DHX32	NA	1836	3070	26.089
DHX33	NA	1864	5618	14.474
DHX34	NA	1403	4372	13.9991
DHX35	NA	486	3342	6.34385
DHX36	NA	2916	3611	35.2276
DHX37	NA	1899	4551	18.2029
DHX38	NA	3274	4454	32.0665
DHX40	NA	1577	3667	18.7605
DHX57	NA	1287	4825	11.636
DHX58	NA	26	2617	0.433404
DHX8	NA	1428	4556	13.6731
DHX9	NA	7010	4673	65.4403
DIABLO	NA	1744	3463	21.9694
DIAPH1	NA	4096	5790	30.8606
DIAPH2	NA	116	5128	0.986809
DIAPH2-AS1	NA	0	977	0
DIAPH3	NA	757	5138	6.42725
DIAPH3-AS1	NA	9	980	0.400626
DIAPH3-AS2	NA	0	367	0
DICER1	NA	1805	10712	7.35072
DICER1-AS1	NA	37	803	2.01006
DIDO1	NA	2805	13328	9.18102
DIEXF	NA	1552	8486	7.97833
DIMT1	NA	1442	1557	40.4017
DIO1	NA	1	1860	0.0234536
DIO2	NA	11	6716	0.0714505
DIO2-AS1	NA	0	1595	0
DIO3	NA	0	2102	0
DIO3OS	NA	0	3454	0
DIP2A	NA	886	8025	4.81628
DIP2A-IT1	NA	4	427	0.408654
DIP2B	NA	1095	8715	5.48113
DIP2C	NA	509	7896	2.81212
DIRAS1	NA	1457	3398	18.7051
DIRAS2	NA	0	4386	0
DIRAS3	NA	5	1631	0.133733
DIRC1	NA	0	1454	0
DIRC2	NA	268	3337	3.5035
DIRC3	NA	0	3906	0
DIS3	NA	2872	7634	16.4118
DIS3L	NA	501	3839	5.69302
DIS3L2	NA	427	4944	3.76767
DISC1	NA	137	13339	0.448044
DISC1-IT1	NA	0	734	0
DISC1FP1	NA	0	774	0
DISC2	NA	2	3892	0.0224171
DISP1	NA	116	4924	1.02769
DISP2	NA	180	5032	1.56047
DIXDC1	NA	1717	7798	9.60529
DKC1	NA	4623	4523	44.5883
DKFZP434A062	NA	17	4782	0.155082
DKFZP434H168	NA	0	1909	0
DKFZP434I0714	NA	61	3000	0.887017
DKFZP434K028	NA	0	936	0
DKFZP434L187	NA	0	4260	0
DKFZP586I1420	NA	33	2745	0.524439
DKFZp434J0226	NA	4	1634	0.10679
DKFZp434L192	NA	0	1062	0
DKFZp451B082	NA	0	4931	0
DKFZp686K1684	NA	0	1656	0
DKFZp779M0652	NA	0	649	0
DKK1	NA	7592	1805	183.486
DKK2	NA	1	3637	0.0119944
DKK3	NA	279	2990	4.07058
DKK4	NA	0	818	0
DKKL1	NA	19	1086	0.763215
DLAT	NA	1513	4346	15.187
DLC1	NA	0	8597	0
DLD	NA	2191	3613	26.4544
DLEC1	NA	49	5614	0.380756
DLEU1	NA	392	3963	4.31504
DLEU1-AS1	NA	0	731	0
DLEU2	NA	114	2768	1.79664
DLEU2L	NA	61	1657	1.60594
DLEU7	NA	0	3583	0
DLEU7-AS1	NA	0	1807	0
DLG1	NA	1124	5889	8.32622
DLG1-AS1	NA	3	1702	0.0768927
DLG2	NA	226	9349	1.05455
DLG3	NA	468	6782	3.01031
DLG3-AS1	NA	2	484	0.180264
DLG4	NA	1236	4814	11.2005
DLG5	NA	6597	7479	38.4792
DLG5-AS1	NA	95	3014	1.375
DLGAP1	NA	564	7425	3.31364
DLGAP1-AS1	NA	232	993	10.1921
DLGAP1-AS2	NA	70	923	3.30841
DLGAP1-AS3	NA	215	1258	7.45557
DLGAP1-AS4	NA	16	757	0.922035
DLGAP1-AS5	NA	5	3220	0.0677388
DLGAP2	NA	8	10132	0.0344444
DLGAP2-AS1	NA	2	586	0.148887
DLGAP3	NA	231	3856	2.61335
DLGAP4	NA	1261	6071	9.06104
DLGAP4-AS1	NA	19	1207	0.686704
DLGAP5	NA	1311	3084	18.5443
DLK1	NA	114	1590	3.12774
DLK2	NA	70	2270	1.34523
DLL1	NA	25	3310	0.329485
DLL3	NA	357	2383	6.53533
DLL4	NA	8	3420	0.102044
DLST	NA	2573	3566	31.4762
DLSTP1	NA	239	3012	3.46151
DLX1	NA	227	2382	4.15726
DLX2	NA	337	2304	6.38073
DLX2-AS1	NA	4	950	0.183679
DLX3	NA	647	2602	10.8473
DLX4	NA	448	2317	8.43481
DLX5	NA	44	1424	1.34793
DLX6	NA	32	1875	0.744512
DLX6-AS1	NA	1	1990	0.0219215
DMAP1	NA	499	1766	12.3263
DMBT1	NA	1	7686	0.00567574
DMBT1P1	NA	0	3743	0
DMBX1	NA	30	2884	0.453784
DMC1	NA	15	2502	0.261533
DMD	NA	3	15708	0.00833151
DMGDH	NA	5	4188	0.0520819
DMKN	NA	1579	2536	27.1616
DMP1	NA	13	2686	0.211135
DMPK	NA	1145	3705	13.4816
DMRT1	NA	0	2222	0
DMRT2	NA	1	2935	0.0148633
DMRT3	NA	0	2180	0
DMRTA1	NA	1	2302	0.0189504
DMRTA2	NA	2	3083	0.0282996
DMRTB1	NA	2	1909	0.0457033
DMRTC1	NA	3	1100	0.118974
DMRTC1B	NA	3	1100	0.118974
DMRTC2	NA	2	1820	0.0479382
DMTF1	NA	1457	4442	14.3088
DMTN	NA	44	3333	0.575891
DMWD	NA	1009	3308	13.306
DMXL1	NA	449	12852	1.52405
DMXL2	NA	624	10599	2.56828
DNA2	NA	653	4335	6.57124
DNAAF1	NA	66	2436	1.18192
DNAAF2	NA	654	2963	9.62874
DNAAF3	NA	400	2381	7.32865
DNAAF5	NA	1766	3414	22.5658
DNAH1	NA	158	13110	0.525748
DNAH10	NA	96	13680	0.306132
DNAH11	NA	460	13896	1.44408
DNAH12	NA	23	10111	0.0992332
DNAH14	NA	456	14457	1.37597
DNAH17	NA	51	13723	0.162123
DNAH17-AS1	NA	0	5163	0
DNAH2	NA	27	15960	0.0737996
DNAH3	NA	6	12394	0.0211185
DNAH5	NA	21	15573	0.0588261
DNAH6	NA	15	12795	0.0511416
DNAH7	NA	6	12394	0.0211185
DNAH8	NA	0	14639	0
DNAH9	NA	1	14021	0.00311132
DNAI1	NA	11	2599	0.184633
DNAI2	NA	0	2279	0
DNAJA1	NA	8249	1538	233.974
DNAJA1P5	NA	0	1781	0
DNAJA2	NA	2931	3048	41.9492
DNAJA3	NA	2882	2762	45.5191
DNAJA4	NA	21	3372	0.271678
DNAJB1	NA	3745	2681	60.9366
DNAJB11	NA	1411	1691	36.4004
DNAJB12	NA	816	4360	8.16445
DNAJB13	NA	57	1875	1.32616
DNAJB14	NA	1146	6323	7.90651
DNAJB2	NA	875	3125	12.2147
DNAJB3	NA	0	1266	0
DNAJB4	NA	267	2237	5.20677
DNAJB5	NA	720	2989	10.5082
DNAJB5-AS1	NA	1	747	0.0583986
DNAJB6	NA	2050	3190	28.0341
DNAJB7	NA	25	2577	0.423203
DNAJB8	NA	0	2475	0
DNAJB8-AS1	NA	0	1798	0
DNAJB9	NA	327	2538	5.62056
DNAJC1	NA	1968	2091	41.0577
DNAJC10	NA	2191	6851	13.9512
DNAJC11	NA	3973	3293	52.632
DNAJC12	NA	3	1528	0.0856488
DNAJC13	NA	1067	7547	6.16756
DNAJC14	NA	565	3330	7.40163
DNAJC15	NA	212	2776	3.3315
DNAJC16	NA	495	6299	3.42813
DNAJC17	NA	762	1018	32.6536
DNAJC18	NA	357	5102	3.05247
DNAJC19	NA	1028	1640	27.3447
DNAJC2	NA	2677	2212	52.7942
DNAJC21	NA	870	6208	6.11351
DNAJC22	NA	7	4412	0.0692127
DNAJC24	NA	396	3000	5.75834
DNAJC25	NA	553	2506	9.62647
DNAJC25-GNG10	NA	2229	1499	64.8682
DNAJC27	NA	92	4992	0.803964
DNAJC27-AS1	NA	4	4674	0.0373331
DNAJC28	NA	79	1910	1.80433
DNAJC3	NA	806	5591	6.28881
DNAJC3-AS1	NA	66	2905	0.991108
DNAJC30	NA	663	2534	11.4138
DNAJC4	NA	164	1380	5.18427
DNAJC5	NA	1633	5293	13.4588
DNAJC5B	NA	39	1380	1.23285
DNAJC5G	NA	0	2026	0
DNAJC6	NA	88	6320	0.60742
DNAJC7	NA	5200	2204	102.924
DNAJC8	NA	6240	1764	154.315
DNAJC9	NA	1837	2369	33.8273
DNAJC9-AS1	NA	45	2858	0.686868
DNAL1	NA	431	8570	2.19391
DNAL4	NA	462	1487	13.5536
DNALI1	NA	65	2649	1.07042
DNASE1	NA	297	3098	4.18214
DNASE1L1	NA	500	3647	5.98077
DNASE1L2	NA	33	1326	1.08566
DNASE1L3	NA	0	1076	0
DNASE2	NA	813	2008	17.6624
DNASE2B	NA	0	1345	0
DND1	NA	324	1603	8.81728
DNER	NA	7	3272	0.0933271
DNHD1	NA	307	15680	0.854113
DNLZ	NA	560	750	32.5724
DNM1	NA	571	4065	6.12772
DNM1L	NA	1721	4654	16.1316
DNM1P35	NA	3	3567	0.0366895
DNM1P41	NA	45	4444	0.441735
DNM1P46	NA	35	3831	0.398547
DNM2	NA	2260	3805	25.9106
DNM3	NA	839	8151	4.49029
DNM3-IT1	NA	0	391	0
DNM3OS	NA	3486	7957	19.1118
DNMBP	NA	2198	6400	14.982
DNMBP-AS1	NA	66	2651	1.08607
DNMT1	NA	5096	5400	41.1679
DNMT3A	NA	377	5664	2.90363
DNMT3B	NA	259	4630	2.44029
DNMT3L	NA	7	1706	0.178996
DNPEP	NA	1661	2438	29.7207
DNPH1	NA	1773	797	97.0451
DNTT	NA	1	2040	0.0213842
DNTTIP1	NA	513	1290	17.3481
DNTTIP2	NA	4381	2722	70.2115
DOC2A	NA	692	2432	12.4127
DOC2B	NA	1	1074	0.040618
DOC2GP	NA	1	434	0.100516
DOCK1	NA	1505	6860	9.57052
DOCK10	NA	0	7650	0
DOCK11	NA	7	6638	0.0460028
DOCK2	NA	0	6097	0
DOCK3	NA	602	8755	2.9996
DOCK4	NA	19	8336	0.0994304
DOCK4-AS1	NA	1	2511	0.0173731
DOCK5	NA	6	7555	0.034645
DOCK6	NA	977	6400	6.65944
DOCK7	NA	972	7998	5.30161
DOCK8	NA	13	7505	0.0755642
DOCK9	NA	147	8047	0.796905
DOCK9-AS1	NA	0	392	0
DOCK9-AS2	NA	7	1903	0.160466
DOHH	NA	1659	2060	35.132
DOK1	NA	301	2406	5.4575
DOK2	NA	0	1770	0
DOK3	NA	109	3538	1.34398
DOK4	NA	1304	2750	20.6856
DOK5	NA	0	2443	0
DOK6	NA	5	8896	0.0245188
DOK7	NA	10	3844	0.113485
DOLK	NA	984	2204	19.4763
DOLPP1	NA	606	2176	12.1489
DONSON	NA	964	2522	16.6746
DOPEY1	NA	213	8022	1.1583
DOPEY2	NA	304	7679	1.727
DOT1L	NA	3688	7436	21.6359
DPAGT1	NA	1157	2142	23.5634
DPCD	NA	1737	799	94.8367
DPCR1	NA	8	20219	0.0172605
DPEP1	NA	11	1833	0.26179
DPEP2	NA	0	1766	0
DPEP3	NA	5	1738	0.1255
DPF1	NA	240	2515	4.1629
DPF2	NA	1809	2530	31.1919
DPF3	NA	0	4991	0
DPH1	NA	1190	2195	23.6502
DPH2	NA	1715	2497	29.9619
DPH3	NA	1558	4065	16.7198
DPH3P1	NA	72	1626	1.93168
DPH5	NA	1142	1807	27.5696
DPH6	NA	430	4053	4.62823
DPH6-AS1	NA	10	1477	0.295354
DPH7	NA	898	1849	21.1867
DPM1	NA	2432	1047	101.33
DPM2	NA	1130	1546	31.8854
DPM3	NA	325	547	25.9191
DPP10	NA	0	6218	0
DPP10-AS1	NA	0	730	0
DPP10-AS3	NA	0	756	0
DPP3	NA	1624	3083	22.9792
DPP4	NA	0	3900	0
DPP6	NA	12	6770	0.0773243
DPP7	NA	290	1617	7.82368
DPP8	NA	430	4298	4.36441
DPP9	NA	2088	4269	21.3367
DPP9-AS1	NA	145	3071	2.05974
DPPA2	NA	1	1383	0.0315429
DPPA2P3	NA	0	1145	0
DPPA3	NA	33	1076	1.3379
DPPA4	NA	3	2817	0.0464577
DPPA5	NA	0	660	0
DPRX	NA	0	648	0
DPRXP4	NA	0	665	0
DPT	NA	0	1728	0
DPY19L1	NA	655	4865	5.87329
DPY19L1P1	NA	77	1901	1.76698
DPY19L2	NA	620	4057	6.66668
DPY19L2P1	NA	57	2814	0.883637
DPY19L2P2	NA	206	4610	1.94935
DPY19L2P3	NA	5	1677	0.130065
DPY19L2P4	NA	64	2018	1.38351
DPY19L3	NA	870	6189	6.13228
DPY19L4	NA	382	6234	2.67313
DPY30	NA	1150	800	62.7092
DPYD	NA	1	5616	0.00776777
DPYD-AS1	NA	0	533	0
DPYD-AS2	NA	0	817	0
DPYS	NA	243	2123	4.99321
DPYSL2	NA	368	5237	3.06541
DPYSL3	NA	46	5629	0.356492
DPYSL4	NA	393	2719	6.30531
DPYSL5	NA	330	5354	2.6888
DQX1	NA	102	2634	1.6893
DR1	NA	1300	3208	17.678
DRAIC	NA	4	1705	0.102343
DRAM1	NA	2951	3543	36.3347
DRAM2	NA	628	1886	14.5258
DRAP1	NA	2726	1005	118.327
DRAXIN	NA	26	1773	0.639717
DRC1	NA	2	2491	0.0350251
DRC7	NA	14	3042	0.200767
DRD1	NA	0	3373	0
DRD2	NA	1	2699	0.0161629
DRD3	NA	0	2101	0
DRD4	NA	41	1362	1.3132
DRD5	NA	0	2376	0
DRD5P2	NA	0	2210	0
DRG1	NA	1851	1450	55.688
DRG2	NA	643	1997	14.0461
DRGX	NA	18	955	0.822228
DRICH1	NA	0	1300	0
DROSHA	NA	2100	5497	16.6654
DRP2	NA	33	7118	0.202246
DSC1	NA	0	4256	0
DSC2	NA	0	5254	0
DSC3	NA	0	7699	0
DSCAM	NA	0	7109	0
DSCAM-AS1	NA	0	1769	0
DSCAM-IT1	NA	0	720	0
DSCAML1	NA	1	6900	0.00632229
DSCAS	NA	0	553	0
DSCC1	NA	466	2269	8.95931
DSCR10	NA	0	860	0
DSCR3	NA	1075	3251	14.425
DSCR4	NA	0	1098	0
DSCR8	NA	0	831	0
DSCR9	NA	26	1644	0.689914
DSE	NA	740	4180	7.72287
DSEL	NA	29	9281	0.13631
DSG1	NA	0	7262	0
DSG1-AS1	NA	0	767	0
DSG2	NA	3	5653	0.0231508
DSG2-AS1	NA	0	1986	0
DSG3	NA	0	5551	0
DSG4	NA	0	3701	0
DSN1	NA	759	2517	13.1547
DSP	NA	21645	9730	97.0438
DSPP	NA	0	4331	0
DST	NA	1443	24674	2.55123
DSTN	NA	3960	1746	98.9405
DSTNP2	NA	140	1105	5.52699
DSTYK	NA	647	7909	3.56867
DTD1	NA	1308	1367	41.741
DTD2	NA	531	2680	8.64337
DTHD1	NA	0	3780	0
DTL	NA	1140	4597	10.8182
DTNA	NA	36	10729	0.146375
DTNB	NA	610	2733	9.73674
DTNBP1	NA	308	2559	5.25054
DTWD1	NA	597	2750	9.47032
DTWD2	NA	181	5925	1.33264
DTX1	NA	81	3288	1.07467
DTX2	NA	466	2819	7.21131
DTX2P1-UPK3BP1-PMS2P11	NA	167	1761	4.13695
DTX3	NA	838	2232	16.3785
DTX3L	NA	57	5767	0.43117
DTX4	NA	423	5854	3.15218
DTYMK	NA	1695	1209	61.1599
DUOX1	NA	5	5679	0.038408
DUOX2	NA	19	6346	0.13061
DUOXA1	NA	2	3289	0.0265271
DUOXA2	NA	0	1438	0
DUPD1	NA	0	663	0
DUS1L	NA	2574	1884	59.6006
DUS2	NA	433	2325	8.12434
DUS3L	NA	1735	2111	35.8537
DUS4L	NA	246	2380	4.50901
DUSP1	NA	4034	2024	86.9458
DUSP10	NA	3	2738	0.0477981
DUSP11	NA	1225	1639	32.6047
DUSP12	NA	699	1274	23.9349
DUSP13	NA	6	1833	0.142795
DUSP14	NA	1158	1508	33.4989
DUSP15	NA	17	1733	0.427931
DUSP16	NA	670	6312	4.63053
DUSP18	NA	149	3466	1.87534
DUSP19	NA	29	5365	0.235804
DUSP2	NA	703	1685	18.2003
DUSP21	NA	0	886	0
DUSP22	NA	536	3505	6.67114
DUSP23	NA	567	685	36.109
DUSP26	NA	0	2043	0
DUSP27	NA	11	4034	0.118954
DUSP28	NA	77	1555	2.16015
DUSP3	NA	3266	4122	34.5646
DUSP4	NA	2	7341	0.011885
DUSP5	NA	969	2528	16.7213
DUSP5P1	NA	29	2472	0.511768
DUSP6	NA	7139	3395	91.732
DUSP7	NA	1388	3233	18.7287
DUSP8	NA	66	4473	0.643677
DUSP9	NA	28	2380	0.513221
DUT	NA	1154	2246	22.414
DUX4	NA	0	1710	0
DUXA	NA	99	3346	1.29072
DUXAP10	NA	1387	2393	25.2847
DUXAP8	NA	1435	2107	29.7105
DVL1	NA	1604	2924	23.9304
DVL2	NA	1771	3016	25.6159
DVL3	NA	1906	5062	16.4257
DXO	NA	13494	9540	61.7043
DYDC1	NA	0	764	0
DYDC2	NA	4	2465	0.0707891
DYM	NA	1350	2628	22.4095
DYNAP	NA	1	2135	0.0204327
DYNC1H1	NA	7213	14340	21.9427
DYNC1I1	NA	33	3390	0.424656
DYNC1I2	NA	2057	4670	19.215
DYNC1LI1	NA	1846	2504	32.1603
DYNC1LI2	NA	2701	4336	27.1743
DYNC2H1	NA	1301	13699	4.14297
DYNC2LI1	NA	186	1936	4.19113
DYNLL1	NA	5124	984	227.163
DYNLL2	NA	1699	1522	48.697
DYNLRB1	NA	1721	1244	60.3509
DYNLRB2	NA	1	1419	0.0307426
DYNLT1	NA	2077	772	117.366
DYNLT3	NA	0	2216	0
DYRK1A	NA	1220	6911	7.70091
DYRK1B	NA	690	2570	11.7122
DYRK2	NA	346	6159	2.45069
DYRK3	NA	277	2261	5.34444
DYRK4	NA	316	2735	5.04026
DYSF	NA	3	7278	0.0179818
DYTN	NA	0	2051	0
DYX1C1	NA	193	2371	3.55099
DYX1C1-CCPG1	NA	686	4838	6.18559
DZANK1	NA	109	3500	1.35857
DZIP1	NA	2086	7491	12.1478
DZIP1L	NA	367	3909	4.09566
DZIP3	NA	715	5542	5.62811
E2F1	NA	1057	2700	17.0779
E2F2	NA	422	5193	3.54501
E2F3	NA	833	5163	7.03827
E2F4	NA	2842	2100	59.0375
E2F5	NA	1269	1856	29.8268
E2F6	NA	1133	3450	14.3263
E2F7	NA	517	5741	3.9285
E2F8	NA	280	3970	3.07674
E4F1	NA	1174	2651	19.3189
EAF1	NA	1143	4488	11.1101
EAF2	NA	40	1020	1.71074
EAPP	NA	774	1348	25.0481
EARS2	NA	1130	4186	11.7761
EBAG9	NA	268	2801	4.17393
EBF1	NA	0	5277	0
EBF2	NA	0	4872	0
EBF3	NA	6	4412	0.0593252
EBF4	NA	147	2911	2.20292
EBI3	NA	377	1137	14.4645
EBLN1	NA	1	1170	0.0372853
EBLN2	NA	13	1662	0.341221
EBLN3	NA	1175	4375	11.7161
EBNA1BP2	NA	15415	1642	409.537
EBP	NA	1344	1157	50.6745
EBPL	NA	1287	1159	48.4416
ECD	NA	1760	2336	32.8672
ECE1	NA	2168	5737	16.4853
ECE2	NA	617	4362	6.17053
ECEL1	NA	99	2896	1.49128
ECEL1P2	NA	14	1295	0.471608
ECH1	NA	3253	1263	112.358
ECHDC1	NA	1905	2391	34.7567
ECHDC2	NA	14	1590	0.384109
ECHDC3	NA	0	1654	0
ECHS1	NA	3350	1329	109.962
ECI1	NA	1694	1051	70.3127
ECI2	NA	1279	1573	35.4703
ECM1	NA	3528	2231	68.9846
ECM2	NA	3	3893	0.0336171
ECRP	NA	0	605	0
ECSCR	NA	6	745	0.351332
ECSIT	NA	1039	1819	24.9176
ECT2	NA	1122	4500	10.8769
ECT2L	NA	6	4483	0.0583856
EDA	NA	22	5572	0.17224
EDA2R	NA	712	3585	8.66391
EDAR	NA	1	4214	0.0103521
EDARADD	NA	3562	3017	51.5041
EDC3	NA	2156	4069	23.1145
EDC4	NA	1939	4811	17.5819
EDDM3A	NA	0	879	0
EDDM3B	NA	0	896	0
EDEM1	NA	521	6153	3.69381
EDEM2	NA	1653	2129	33.8704
EDEM3	NA	665	6632	4.37422
EDF1	NA	5410	1083	217.917
EDIL3	NA	0	4760	0
EDN1	NA	442	2100	9.18177
EDN2	NA	8	1253	0.278524
EDN3	NA	0	2675	0
EDNRA	NA	0	4150	0
EDNRB	NA	0	4861	0
EDNRB-AS1	NA	0	2431	0
EDRF1	NA	657	4823	5.94253
EDRF1-AS1	NA	16	557	1.25311
EEA1	NA	343	8003	1.86967
EED	NA	613	2532	10.5614
EEF1A1	NA	189535	3512	2354.28
EEF1A2	NA	871	2007	18.9319
EEF1B2	NA	7809	1110	306.899
EEF1D	NA	9761	3160	134.751
EEF1DP3	NA	0	575	0
EEF1E1	NA	2096	1245	73.4421
EEF1E1-BLOC1S5	NA	1627	2992	23.7219
EEF1G	NA	37963	1538	1076.78
EEF2	NA	59883	3158	827.208
EEF2K	NA	690	7412	4.06104
EEF2KMT	NA	1255	2406	22.7547
EEFSEC	NA	656	2229	12.8386
EEPD1	NA	250	4687	2.32685
EFCAB1	NA	0	3764	0
EFCAB10	NA	41	764	2.34107
EFCAB11	NA	227	4464	2.21832
EFCAB12	NA	12	2154	0.243029
EFCAB13	NA	1	4699	0.00928363
EFCAB14	NA	1158	5767	8.75955
EFCAB14-AS1	NA	18	583	1.34687
EFCAB2	NA	161	4661	1.50685
EFCAB3	NA	2	1754	0.049742
EFCAB5	NA	60	6339	0.412908
EFCAB6	NA	51	4929	0.451372
EFCAB6-AS1	NA	2	1997	0.0436893
EFCAB7	NA	77	2402	1.39843
EFCAB9	NA	1	704	0.0619656
EFCC1	NA	3	2691	0.048633
EFEMP1	NA	1	3094	0.0140995
EFEMP2	NA	1446	2068	30.5029
EFHB	NA	6	2855	0.0916787
EFHC1	NA	508	7029	3.15278
EFHC2	NA	0	3252	0
EFHD1	NA	240	2186	4.78944
EFHD2	NA	2215	2419	39.9449
EFNA1	NA	24	1566	0.668564
EFNA2	NA	62	2142	1.26269
EFNA3	NA	103	1782	2.52146
EFNA4	NA	175	1257	6.07332
EFNA5	NA	240	5335	1.96246
EFNB1	NA	310	3330	4.06107
EFNB2	NA	18	4387	0.17899
EFNB3	NA	1339	3219	18.1461
EFR3A	NA	375	5414	3.02159
EFR3B	NA	94	7458	0.54983
EFS	NA	0	3120	0
EFTUD1	NA	351	3685	4.15521
EFTUD1P1	NA	13	1167	0.485955
EFTUD2	NA	5787	4561	55.3499
EGF	NA	1	5583	0.00781368
EGFEM1P	NA	0	3842	0
EGFL6	NA	52	2432	0.932745
EGFL7	NA	507	2569	8.60928
EGFL8	NA	579	9209	2.74277
EGFLAM	NA	1	5457	0.00799409
EGFLAM-AS2	NA	0	1897	0
EGFLAM-AS4	NA	0	1574	0
EGFR	NA	17	6571	0.11286
EGFR-AS1	NA	0	2821	0
EGLN1	NA	852	7097	5.23707
EGLN2	NA	1875	2365	34.5854
EGLN3	NA	19	2722	0.304501
EGOT	NA	0	1462	0
EGR1	NA	5217	3136	72.5718
EGR2	NA	14	3148	0.194007
EGR3	NA	28	4504	0.271196
EGR4	NA	14	2373	0.257367
EHBP1	NA	735	5397	5.94098
EHBP1L1	NA	102	5180	0.859001
EHD1	NA	1166	3939	12.9133
EHD2	NA	8	3584	0.0973745
EHD3	NA	346	3906	3.86427
EHD4	NA	451	2893	6.80066
EHD4-AS1	NA	0	1174	0
EHF	NA	0	5639	0
EHHADH	NA	2	3973	0.0219601
EHHADH-AS1	NA	0	1416	0
EHMT1	NA	1811	5395	14.6437
EHMT1-IT1	NA	2	1751	0.0498273
EHMT2	NA	9835	27265	15.7359
EI24	NA	6540	2456	116.164
EID1	NA	4864	2091	101.476
EID2	NA	945	1392	29.6153
EID2B	NA	220	1335	7.18894
EID3	NA	260	1473	7.70005
EIF1	NA	7218	1326	237.463
EIF1AD	NA	1238	2925	18.4637
EIF1AX	NA	4282	4431	42.1568
EIF1AX-AS1	NA	0	378	0
EIF1AY	NA	683	1404	21.2215
EIF1B	NA	1092	1012	47.0723
EIF1B-AS1	NA	9	2112	0.185897
EIF2A	NA	1256	3879	14.1252
EIF2AK1	NA	5211	4465	50.9123
EIF2AK2	NA	390	4345	3.9156
EIF2AK3	NA	395	4648	3.70727
EIF2AK4	NA	692	5534	5.45494
EIF2B1	NA	2052	1870	47.8695
EIF2B2	NA	1619	1541	45.8319
EIF2B3	NA	1298	2176	26.0219
EIF2B4	NA	2426	1896	55.8182
EIF2B5	NA	991	2898	14.9176
EIF2B5-AS1	NA	0	571	0
EIF2D	NA	1512	2097	31.4541
EIF2S1	NA	3885	4165	40.6911
EIF2S2	NA	5764	2592	97.009
EIF2S3	NA	6642	3465	83.6217
EIF3A	NA	11402	5305	93.7603
EIF3B	NA	7494	3081	106.107
EIF3C	NA	24612	3502	306.587
EIF3CL	NA	24593	3053	351.405
EIF3D	NA	10935	1949	244.754
EIF3E	NA	6630	1508	191.794
EIF3F	NA	7051	1257	244.703
EIF3G	NA	6323	1127	244.75
EIF3H	NA	8403	1275	287.506
EIF3I	NA	6476	1458	193.764
EIF3IP1	NA	251	987	11.0938
EIF3J	NA	4531	2558	77.271
EIF3J-AS1	NA	217	1851	5.11419
EIF3K	NA	2311	893	112.894
EIF3L	NA	6408	2091	133.688
EIF3M	NA	4720	1720	119.712
EIF4A1	NA	23794	1877	553.002
EIF4A2	NA	4079	1890	94.1489
EIF4A3	NA	5489	1734	138.092
EIF4B	NA	10384	4063	111.491
EIF4E	NA	2099	5040	18.1679
EIF4E1B	NA	0	1974	0
EIF4E2	NA	1636	3891	18.3419
EIF4E3	NA	1	6730	0.00648199
EIF4EBP1	NA	1617	859	82.1183
EIF4EBP2	NA	4706	7531	27.2598
EIF4EBP3	NA	306	691	19.3182
EIF4ENIF1	NA	1097	3875	12.3497
EIF4G1	NA	8645	6247	60.3694
EIF4G2	NA	20642	4359	206.58
EIF4G3	NA	2365	6970	14.802
EIF4H	NA	17965	2546	307.817
EIF5	NA	4296	6269	29.8944
EIF5A	NA	20744	1818	497.762
EIF5A2	NA	324	5537	2.55266
EIF5AL1	NA	8698	3836	98.9154
EIF5B	NA	6707	4698	62.2786
EIF6	NA	6488	1469	192.669
ELAC1	NA	396	2233	7.73624
ELAC2	NA	4438	3804	50.8944
ELANE	NA	0	924	0
ELAVL1	NA	4758	6058	34.2624
ELAVL2	NA	0	4302	0
ELAVL3	NA	225	4682	2.0964
ELAVL4	NA	0	4758	0
ELDR	NA	0	470	0
ELF1	NA	363	3739	4.2352
ELF2	NA	378	3560	4.63196
ELF3	NA	26	3247	0.349313
ELF4	NA	767	4272	7.83226
ELF5	NA	0	2575	0
ELFN1	NA	599	3742	6.98307
ELFN1-AS1	NA	1	1008	0.0432776
ELFN2	NA	29	8790	0.143924
ELK1	NA	1135	2918	16.9681
ELK2AP	NA	0	792	0
ELK3	NA	3082	4296	31.2962
ELK4	NA	522	11847	1.92214
ELL	NA	905	4027	9.8037
ELL2	NA	108	6046	0.779254
ELL3	NA	445	2113	9.18721
ELMO1	NA	25	6733	0.161977
ELMO1-AS1	NA	0	528	0
ELMO2	NA	829	3682	9.82187
ELMO3	NA	68	2512	1.1809
ELMOD1	NA	16	3127	0.223211
ELMOD2	NA	698	4409	6.90619
ELMOD3	NA	252	3095	3.55192
ELMSAN1	NA	787	8257	4.15792
ELN	NA	4	3999	0.0436347
ELOF1	NA	2272	1019	97.2652
ELOVL1	NA	1460	1786	35.6611
ELOVL2	NA	230	4073	2.46341
ELOVL2-AS1	NA	7	2093	0.145899
ELOVL3	NA	98	1419	3.01278
ELOVL4	NA	858	3060	12.2318
ELOVL5	NA	1888	3950	20.8511
ELOVL6	NA	648	3392	8.33379
ELOVL7	NA	847	4228	8.7392
ELP2	NA	781	2820	12.0816
ELP3	NA	892	3321	11.7171
ELP4	NA	337	2763	5.32074
ELP5	NA	1347	2324	25.2845
ELP6	NA	788	1349	25.4822
ELSPBP1	NA	0	1059	0
EMB	NA	537	4309	5.43652
EMBP1	NA	97	4231	1.00012
EMC1	NA	2334	6671	15.2628
EMC10	NA	1692	2211	33.3837
EMC2	NA	351	1238	12.3683
EMC3	NA	1271	1080	51.3387
EMC3-AS1	NA	485	4695	4.5064
EMC4	NA	2128	1047	88.6642
EMC6	NA	1813	862	91.7516
EMC7	NA	1558	1053	64.545
EMC8	NA	1830	1963	40.6681
EMC9	NA	522	835	27.2714
EMCN	NA	0	4037	0
EMD	NA	1516	1339	49.3903
EME1	NA	902	2354	16.7157
EME2	NA	103	1140	3.94145
EMG1	NA	1707	1070	69.5942
EMID1	NA	59	2112	1.21866
EMILIN1	NA	30	3932	0.332837
EMILIN2	NA	22	4009	0.239392
EMILIN3	NA	578	3827	6.58859
EML1	NA	739	4520	7.13229
EML2	NA	1782	3099	25.0847
EML2-AS1	NA	399	1077	16.1615
EML3	NA	1168	3258	15.6392
EML4	NA	5720	5561	44.8711
EML5	NA	59	7171	0.358918
EML6	NA	55	7852	0.305566
EMP1	NA	59225	2804	921.404
EMP2	NA	292	5215	2.4426
EMP3	NA	2539	829	133.608
EMX1	NA	0	2188	0
EMX2	NA	1	2896	0.0150635
EMX2OS	NA	1	7282	0.00599063
EN1	NA	0	2962	0
EN2	NA	17	3395	0.21844
ENAH	NA	4828	13172	15.9896
ENAM	NA	1	5674	0.00768836
ENC1	NA	2954	5728	22.4973
ENDOD1	NA	75	4693	0.697162
ENDOG	NA	794	1145	30.2509
ENDOU	NA	2	2459	0.0354809
ENDOV	NA	254	3358	3.29971
ENG	NA	363	3426	4.62213
ENGASE	NA	528	4494	5.12536
ENHO	NA	230	1078	9.30748
ENKD1	NA	27	1538	0.765827
ENKUR	NA	25	3738	0.291759
ENO1	NA	51486	3253	690.444
ENO1-AS1	NA	25	446	2.44528
ENO2	NA	269	2423	4.84308
ENO3	NA	879	1527	25.1115
ENO4	NA	23	2865	0.350208
ENOPH1	NA	1481	2191	29.4874
ENOSF1	NA	6893	5532	54.3562
ENOX1	NA	2	3124	0.0279282
ENOX1-AS2	NA	0	714	0
ENOX2	NA	242	4265	2.47525
ENPEP	NA	0	4995	0
ENPP1	NA	4	7442	0.0234473
ENPP2	NA	2	3437	0.0253848
ENPP3	NA	0	3165	0
ENPP4	NA	1	4680	0.00932132
ENPP5	NA	0	3878	0
ENPP6	NA	0	3936	0
ENPP7	NA	0	1859	0
ENPP7P13	NA	1	5438	0.00802203
ENSA	NA	4288	4145	45.1288
ENTHD1	NA	0	2710	0
ENTHD2	NA	793	2287	15.1262
ENTPD1	NA	846	13070	2.8237
ENTPD1-AS1	NA	16	4262	0.163768
ENTPD2	NA	2	2100	0.0415465
ENTPD3	NA	2	3189	0.0273589
ENTPD3-AS1	NA	18	2039	0.385104
ENTPD4	NA	816	5897	6.03646
ENTPD5	NA	79	2048	1.68275
ENTPD6	NA	1215	2762	19.19
ENTPD7	NA	471	8555	2.40173
ENTPD8	NA	30	2222	0.58898
ENY2	NA	1258	2976	18.4404
EOGT	NA	460	4666	4.30067
EOMES	NA	276	3660	3.28966
EP300	NA	2218	8761	11.0441
EP300-AS1	NA	29	1377	0.918729
EP400	NA	2584	12317	9.15189
EP400NL	NA	103	1539	2.91959
EPAS1	NA	74	5166	0.624886
EPB41	NA	1197	6292	8.29906
EPB41L1	NA	1883	6756	12.1586
EPB41L2	NA	613	4617	5.79194
EPB41L3	NA	2	5280	0.0165242
EPB41L4A	NA	254	4707	2.35403
EPB41L4A-AS1	NA	533	1194	19.4736
EPB41L4A-AS2	NA	0	1398	0
EPB41L4B	NA	299	7884	1.65443
EPB41L5	NA	723	9935	3.17463
EPB42	NA	0	2540	0
EPC1	NA	676	4981	5.92043
EPC2	NA	381	3641	4.56486
EPCAM	NA	139	1718	3.52951
EPDR1	NA	0	2731	0
EPG5	NA	652	12698	2.23994
EPGN	NA	3	2893	0.0452372
EPHA1	NA	13	3363	0.168632
EPHA1-AS1	NA	0	5016	0
EPHA10	NA	8	6643	0.052535
EPHA2	NA	4521	3964	49.7536
EPHA3	NA	1	6674	0.00653638
EPHA4	NA	2	6658	0.0131042
EPHA5	NA	9	9835	0.0399201
EPHA5-AS1	NA	5	1177	0.185318
EPHA6	NA	0	4587	0
EPHA7	NA	83	7489	0.483479
EPHA8	NA	9	5409	0.0725853
EPHB1	NA	3	4675	0.0279939
EPHB2	NA	48	11039	0.189686
EPHB3	NA	68	4220	0.702942
EPHB4	NA	3860	4351	38.7009
EPHB6	NA	0	4059	0
EPHX1	NA	535	2373	9.83511
EPHX2	NA	252	2275	4.83217
EPHX3	NA	5	1938	0.112548
EPHX4	NA	169	1443	5.10909
EPM2A	NA	122	3465	1.53596
EPM2AIP1	NA	1759	7439	10.3151
EPN1	NA	3914	3263	52.3271
EPN2	NA	957	4835	8.63453
EPN2-AS1	NA	0	1190	0
EPN2-IT1	NA	0	826	0
EPN3	NA	37	3927	0.411021
EPO	NA	12	1330	0.393598
EPOR	NA	420	2691	6.80862
EPPIN	NA	0	2000	0
EPPIN-WFDC6	NA	0	1862	0
EPPK1	NA	234	8002	1.27568
EPRS	NA	4159	5015	36.1777
EPS15	NA	984	5483	7.82889
EPS15L1	NA	1029	5152	8.7129
EPS8	NA	2	4082	0.0213737
EPS8L1	NA	94	2735	1.49932
EPS8L2	NA	1319	3141	18.3189
EPS8L3	NA	8	2321	0.150362
EPSTI1	NA	0	3201	0
EPT1	NA	2524	8129	13.5449
EPX	NA	2	2717	0.0321117
EPYC	NA	0	1539	0
EQTN	NA	0	1036	0
ERAL1	NA	2017	1825	48.2132
ERAP1	NA	576	7592	3.30971
ERAP2	NA	8	5690	0.061334
ERAS	NA	3	826	0.15844
ERBB2	NA	1588	5497	12.6022
ERBB2IP	NA	1236	7186	7.50334
ERBB3	NA	87	6193	0.612832
ERBB4	NA	2	11923	0.00731758
ERC1	NA	1328	9623	6.0202
ERC2	NA	32	6132	0.227652
ERC2-IT1	NA	0	2255	0
ERCC1	NA	6073	3806	69.6078
ERCC2	NA	1461	3019	21.1111
ERCC3	NA	2069	3009	29.9959
ERCC4	NA	343	6761	2.21313
ERCC5	NA	879	4085	9.38685
ERCC6	NA	289	8993	1.4019
ERCC6-PGBD3	NA	114	3697	1.34517
ERCC6L	NA	668	4207	6.92671
ERCC6L2	NA	541	12450	1.89562
ERCC8	NA	365	2550	6.24419
EREG	NA	0	4628	0
ERF	NA	4124	2873	62.619
ERG	NA	1	7684	0.00567722
ERGIC1	NA	2912	2936	43.2672
ERGIC2	NA	676	1777	16.5952
ERGIC3	NA	1503	1366	47.9989
ERH	NA	6485	801	353.184
ERI1	NA	6476	4615	61.2151
ERI2	NA	286	4207	2.96563
ERI3	NA	2341	1755	58.1899
ERI3-IT1	NA	10	1120	0.389498
ERICH1	NA	771	3658	9.19462
ERICH1-AS1	NA	1	857	0.0509029
ERICH2	NA	70	2205	1.38488
ERICH3	NA	0	7159	0
ERICH3-AS1	NA	0	5047	0
ERICH4	NA	0	946	0
ERICH5	NA	5	1550	0.140722
ERICH6	NA	2	2072	0.0421079
ERICH6-AS1	NA	8	793	0.440089
ERICH6B	NA	0	2421	0
ERLEC1	NA	553	2582	9.34312
ERLIN1	NA	1128	3519	13.9834
ERLIN2	NA	2433	6135	17.3002
ERMAP	NA	132	3500	1.64524
ERMARD	NA	358	2222	7.02849
ERMN	NA	0	4161	0
ERMP1	NA	505	5341	4.1247
ERN1	NA	36	4005	0.392124
ERN2	NA	89	3620	1.07252
ERO1L	NA	3016	5512	23.8696
ERO1LB	NA	172	5054	1.48462
ERP27	NA	0	1752	0
ERP29	NA	2827	1472	83.7802
ERP44	NA	1617	4864	14.5024
ERRFI1	NA	25245	3129	351.96
ERV3-1	NA	156	3266	2.08368
ERVFRD-1	NA	0	3304	0
ERVH48-1	NA	1	2294	0.0190165
ERVK13-1	NA	203	8336	1.06234
ERVMER34-1	NA	0	2985	0
ERVV-1	NA	1	2490	0.0175196
ERVV-2	NA	1	2482	0.0175761
ESAM	NA	18	1869	0.420133
ESCO1	NA	1150	4499	11.1508
ESCO2	NA	341	3358	4.42993
ESD	NA	4054	1192	148.365
ESF1	NA	1840	3263	24.5994
ESM1	NA	0	2089	0
ESPL1	NA	1006	6623	6.62623
ESPN	NA	5	3531	0.0617725
ESPNL	NA	144	4822	1.30274
ESPNP	NA	0	2015	0
ESR1	NA	3	6974	0.0187656
ESR2	NA	19	5192	0.15964
ESRG	NA	7	3138	0.0973124
ESRP1	NA	2	3806	0.0229237
ESRP2	NA	207	4021	2.24574
ESRRA	NA	1124	2489	19.6999
ESRRB	NA	5	3014	0.0723686
ESRRG	NA	0	7375	0
ESX1	NA	0	1480	0
ESYT1	NA	2222	4277	22.6636
ESYT2	NA	826	5957	6.04889
ESYT3	NA	2	4447	0.0196194
ETAA1	NA	547	3283	7.26841
ETF1	NA	8006	4264	81.9071
ETFA	NA	2913	1354	93.8523
ETFB	NA	1551	1450	46.6624
ETFDH	NA	206	2483	3.61921
ETHE1	NA	1717	963	77.7799
ETNK1	NA	1249	7306	7.45772
ETNK2	NA	146	2720	2.34157
ETNPPL	NA	0	2141	0
ETS1	NA	979	5541	7.70758
ETS2	NA	9	4075	0.096347
ETV1	NA	35	7638	0.199899
ETV2	NA	9	1495	0.262618
ETV3	NA	115	2930	1.7122
ETV3L	NA	6	1977	0.132394
ETV4	NA	2159	2761	34.1122
ETV5	NA	1745	4102	18.5577
ETV6	NA	211	5978	1.53975
ETV7	NA	24	2244	0.466564
EVA1A	NA	1746	2102	36.2355
EVA1B	NA	309	1245	10.8271
EVA1C	NA	53	1953	1.18385
EVADR	NA	0	673	0
EVC	NA	501	6661	3.28112
EVC2	NA	447	5130	3.80114
EVI2A	NA	0	3010	0
EVI2B	NA	0	1995	0
EVI5	NA	434	7436	2.54609
EVI5L	NA	524	3846	5.94354
EVL	NA	603	1842	14.2807
EVPL	NA	16	6587	0.105963
EVPLL	NA	1	1991	0.0219105
EVX1	NA	1	3156	0.0138225
EVX1-AS	NA	0	480	0
EVX2	NA	0	1617	0
EWSAT1	NA	0	2526	0
EWSR1	NA	8288	2952	122.478
EXD1	NA	7	3249	0.0939878
EXD2	NA	337	5396	2.72446
EXD3	NA	367	4948	3.23564
EXO1	NA	656	3462	8.26609
EXO5	NA	140	2203	2.77228
EXOC1	NA	668	3582	8.13531
EXOC2	NA	888	4636	8.35589
EXOC3	NA	584	2762	9.22385
EXOC3-AS1	NA	177	1325	5.82748
EXOC3L1	NA	24	2497	0.419291
EXOC3L2	NA	1	1719	0.0253774
EXOC3L4	NA	4	2579	0.06766
EXOC4	NA	1294	4345	12.9918
EXOC5	NA	1772	8511	9.08252
EXOC6	NA	232	3732	2.71187
EXOC6B	NA	174	2594	2.92619
EXOC7	NA	4391	5401	35.466
EXOC8	NA	538	5142	4.56429
EXOG	NA	463	3146	6.42015
EXOSC1	NA	1000	1150	37.9337
EXOSC10	NA	5580	2842	85.6512
EXOSC2	NA	1631	2609	27.2711
EXOSC3	NA	1988	1841	47.107
EXOSC4	NA	1671	895	81.4473
EXOSC5	NA	926	993	40.6804
EXOSC6	NA	1736	1700	44.5476
EXOSC7	NA	1185	1520	34.0093
EXOSC8	NA	703	1411	21.7346
EXOSC9	NA	1087	1644	28.8437
EXPH5	NA	24	10203	0.102614
EXT1	NA	397	3363	5.14976
EXT2	NA	1281	3852	14.5073
EXTL1	NA	6437	4014	69.9567
EXTL2	NA	739	3372	9.56049
EXTL3	NA	1115	6340	7.672
EXTL3-AS1	NA	3	780	0.167784
EYA1	NA	0	4504	0
EYA2	NA	4	2702	0.06458
EYA3	NA	1161	6273	8.07384
EYA4	NA	0	5812	0
EYS	NA	4	13926	0.0125302
EZH1	NA	873	4646	8.19706
EZH2	NA	1321	3036	18.9812
EZR	NA	5459	3257	73.117
EZR-AS1	NA	10	350	1.24639
F10	NA	25	1536	0.710022
F10-AS1	NA	1	455	0.0958764
F11	NA	0	3278	0
F11-AS1	NA	0	1235	0
F11R	NA	1763	4830	15.9231
F12	NA	468	2051	9.95413
F13A1	NA	0	3863	0
F13B	NA	0	2217	0
F2	NA	0	2010	0
F2R	NA	8058	3810	92.2626
F2RL1	NA	8721	2883	131.961
F2RL2	NA	12712	3429	161.722
F2RL3	NA	0	2731	0
F3	NA	21	2393	0.382825
F5	NA	98	9179	0.465751
F7	NA	2	3198	0.0272819
F8	NA	11	9204	0.0521362
F8A1	NA	996	3404	12.7642
F8A2	NA	464	2232	9.06874
F8A3	NA	464	2232	9.06874
F9	NA	0	2802	0
FA2H	NA	50	2427	0.898718
FAAH	NA	23	2095	0.478924
FAAH2	NA	1	2012	0.0216818
FAAHP1	NA	4	1267	0.137723
FAAP100	NA	1342	3849	15.21
FAAP20	NA	2542	6992	15.8598
FAAP24	NA	118	1604	3.20923
FABP1	NA	0	563	0
FABP12	NA	0	423	0
FABP2	NA	15	2249	0.290954
FABP3	NA	32	1097	1.27253
FABP4	NA	0	838	0
FABP5	NA	1942	731	115.892
FABP5P3	NA	6	855	0.306132
FABP6	NA	22	867	1.10695
FABP7	NA	0	999	0
FABP9	NA	0	399	0
FADD	NA	1024	1853	24.1073
FADS1	NA	3844	4420	37.9389
FADS2	NA	4158	3852	47.0892
FADS3	NA	1396	1793	33.9647
FADS6	NA	1	2287	0.0190747
FAF1	NA	2048	2583	34.5883
FAF2	NA	2829	4515	27.3337
FAH	NA	160	1797	3.88414
FAHD1	NA	1243	2744	19.7611
FAHD2A	NA	625	1298	21.0053
FAHD2B	NA	1117	1265	38.52
FAHD2CP	NA	152	852	7.78264
FAIM	NA	268	1656	7.05989
FAIM2	NA	3	4744	0.0275867
FALEC	NA	10	566	0.770738
FAM101A	NA	78	2150	1.58263
FAM101B	NA	5325	3620	64.1703
FAM102A	NA	1358	4336	13.6626
FAM102B	NA	273	5340	2.2302
FAM103A1	NA	902	1572	25.0309
FAM104A	NA	1218	2970	17.8902
FAM104B	NA	359	2277	6.87788
FAM105A	NA	87	7048	0.538489
FAM106A	NA	0	2281	0
FAM106B	NA	0	1759	0
FAM106CP	NA	0	1759	0
FAM107A	NA	2	4430	0.0196947
FAM107B	NA	436	4605	4.13029
FAM109A	NA	418	3256	5.60035
FAM109B	NA	1	2332	0.0187066
FAM110A	NA	243	2125	4.98851
FAM110B	NA	1483	4368	14.8109
FAM110C	NA	1	3963	0.0110078
FAM110D	NA	20	1524	0.57249
FAM111A	NA	66	3941	0.730568
FAM111B	NA	0	3561	0
FAM114A1	NA	103	4138	1.08585
FAM114A2	NA	733	2880	11.1029
FAM117A	NA	1408	2361	26.0154
FAM117B	NA	417	5773	3.15107
FAM118A	NA	586	3364	7.59915
FAM118B	NA	798	2090	16.6563
FAM120A	NA	2180	7238	13.139
FAM120AOS	NA	734	2765	11.5804
FAM120B	NA	1037	5698	7.93925
FAM120C	NA	200	8441	1.03362
FAM122A	NA	404	3646	4.83379
FAM122B	NA	1618	4404	16.0271
FAM122C	NA	150	5388	1.21447
FAM124A	NA	17	4902	0.151286
FAM124B	NA	0	2594	0
FAM126A	NA	502	6151	3.56026
FAM126B	NA	347	9333	1.62193
FAM127A	NA	1698	1243	59.5922
FAM127B	NA	2099	1259	72.7294
FAM127C	NA	763	2033	16.3723
FAM129A	NA	281	6969	1.75897
FAM129B	NA	1184	4077	12.6688
FAM129C	NA	3	2749	0.0476069
FAM131A	NA	163	2805	2.535
FAM131B	NA	48	4442	0.471396
FAM131C	NA	72	1701	1.84651
FAM132A	NA	64	1043	2.67682
FAM132B	NA	140	2902	2.10452
FAM133A	NA	1	3416	0.0127704
FAM133B	NA	611	2681	9.94186
FAM133CP	NA	124	2519	2.14742
FAM133DP	NA	586	2015	12.6866
FAM134A	NA	1361	4614	12.8678
FAM134B	NA	1	3705	0.0117743
FAM134C	NA	523	3809	5.98982
FAM135A	NA	339	6397	2.31178
FAM135B	NA	0	6962	0
FAM136A	NA	3139	1807	75.7803
FAM138A	NA	0	2260	0
FAM138B	NA	0	1130	0
FAM138C	NA	0	1130	0
FAM138D	NA	0	1126	0
FAM138E	NA	0	1130	0
FAM138F	NA	0	2260	0
FAM13A	NA	564	6268	3.9253
FAM13A-AS1	NA	78	3210	1.06002
FAM13B	NA	440	5620	3.41538
FAM13C	NA	4	3769	0.0462975
FAM149A	NA	45	2704	0.725987
FAM149B1	NA	257	3132	3.5796
FAM150A	NA	2	1171	0.0745069
FAM150B	NA	2	1398	0.0624088
FAM151A	NA	74	1981	1.62956
FAM151B	NA	16	1705	0.409373
FAM153A	NA	0	1794	0
FAM153B	NA	0	1794	0
FAM153C	NA	0	1077	0
FAM155A	NA	4	3859	0.0452177
FAM155A-IT1	NA	0	1807	0
FAM155B	NA	403	4019	4.37432
FAM156A	NA	1211	2047	25.8077
FAM156B	NA	1158	1699	29.733
FAM157A	NA	16	1275	0.547436
FAM157B	NA	8	1278	0.273075
FAM157C	NA	0	961	0
FAM159A	NA	0	698	0
FAM159B	NA	38	967	1.71427
FAM160A1	NA	82	4576	0.78172
FAM160A2	NA	805	3492	10.0565
FAM160B1	NA	310	6146	2.20035
FAM160B2	NA	839	3732	9.80717
FAM161A	NA	378	3860	4.27197
FAM161B	NA	116	3596	1.40722
FAM162A	NA	915	838	47.6322
FAM162B	NA	0	1036	0
FAM163A	NA	4	2909	0.0599846
FAM163B	NA	0	1131	0
FAM166A	NA	2590	1148	98.4195
FAM166B	NA	10	1108	0.393716
FAM167A	NA	64	4093	0.682121
FAM167A-AS1	NA	0	1222	0
FAM167B	NA	2	956	0.0912631
FAM168A	NA	1249	7305	7.45874
FAM168B	NA	4447	5406	35.8851
FAM169A	NA	5516	6213	38.7299
FAM169B	NA	0	3298	0
FAM170A	NA	0	1375	0
FAM170B	NA	0	1411	0
FAM170B-AS1	NA	0	2000	0
FAM171A1	NA	1196	3950	13.2086
FAM171A2	NA	387	2634	6.40942
FAM171B	NA	303	3555	3.71814
FAM172A	NA	431	4720	3.98344
FAM172BP	NA	1	2295	0.0190082
FAM173A	NA	567	874	28.3005
FAM173B	NA	327	2966	4.8095
FAM174A	NA	159	1355	5.11895
FAM174B	NA	185	2629	3.06976
FAM175A	NA	575	2823	8.88547
FAM175B	NA	768	2992	11.1975
FAM177A1	NA	529	3508	6.57839
FAM177B	NA	0	1345	0
FAM178A	NA	2067	8016	11.2488
FAM178B	NA	3	3007	0.0435222
FAM179A	NA	82	3548	1.00822
FAM179B	NA	80	6488	0.537901
FAM180A	NA	0	1801	0
FAM180B	NA	1	1403	0.0310932
FAM181A	NA	0	2119	0
FAM181A-AS1	NA	0	2402	0
FAM181B	NA	0	1861	0
FAM182A	NA	5	5111	0.0426764
FAM182B	NA	5	6026	0.0361963
FAM183A	NA	71	517	5.99089
FAM183B	NA	6	1647	0.158921
FAM183CP	NA	0	2840	0
FAM184A	NA	23	4161	0.241131
FAM184B	NA	57	3842	0.647203
FAM185A	NA	147	2258	2.83999
FAM186A	NA	3	7265	0.0180139
FAM186B	NA	31	3370	0.401287
FAM187B	NA	0	1179	0
FAM188A	NA	542	2375	9.9554
FAM188B	NA	135	2733	2.15485
FAM189A1	NA	2	4707	0.0185357
FAM189A2	NA	50	2482	0.878803
FAM189B	NA	1447	3193	19.7694
FAM192A	NA	2211	2848	33.8666
FAM193A	NA	983	5206	8.23707
FAM193B	NA	1337	4611	12.6491
FAM195A	NA	1137	910	54.5057
FAM195B	NA	1027	1421	31.5282
FAM196A	NA	17	4407	0.168279
FAM196B	NA	0	3548	0
FAM197Y2	NA	0	2335	0
FAM197Y5	NA	0	2335	0
FAM198A	NA	0	3433	0
FAM198B	NA	2407	5123	20.4963
FAM199X	NA	880	7601	5.05051
FAM19A1	NA	0	2222	0
FAM19A2	NA	5	4136	0.0527367
FAM19A3	NA	11	1133	0.423532
FAM19A4	NA	0	2294	0
FAM19A5	NA	985	2886	14.8889
FAM200A	NA	261	2488	4.57629
FAM200B	NA	731	4385	7.27229
FAM201A	NA	118	1727	2.98066
FAM204A	NA	869	2766	13.7054
FAM205A	NA	1	4298	0.0101498
FAM205BP	NA	1	6130	0.00711644
FAM205C	NA	0	1373	0
FAM206A	NA	517	1911	11.8019
FAM207A	NA	833	881	41.247
FAM208A	NA	1901	8770	9.45596
FAM208B	NA	1684	8626	8.5164
FAM209A	NA	4	678	0.257367
FAM209B	NA	4	692	0.252161
FAM20A	NA	6	4624	0.0566052
FAM20B	NA	875	5946	6.41958
FAM20C	NA	315	2780	4.94298
FAM210A	NA	1264	4384	12.5777
FAM210B	NA	1408	3033	20.2513
FAM212A	NA	29	1040	1.21643
FAM212B	NA	490	6077	3.51747
FAM212B-AS1	NA	14	2131	0.286594
FAM213A	NA	1078	2400	19.5943
FAM213B	NA	1201	2981	17.5754
FAM214A	NA	291	4646	2.73235
FAM214B	NA	696	3028	10.0271
FAM215A	NA	0	780	0
FAM216A	NA	833	1521	23.8913
FAM216B	NA	0	3302	0
FAM217A	NA	2	2270	0.038435
FAM217B	NA	450	5266	3.72782
FAM218A	NA	12	2174	0.240794
FAM219A	NA	491	3645	5.87634
FAM219B	NA	1858	3550	22.8318
FAM21A	NA	2754	4708	25.5182
FAM21C	NA	2454	4645	23.0469
FAM21EP	NA	93	2177	1.86358
FAM220A	NA	480	2214	9.45773
FAM221A	NA	26	1488	0.762243
FAM221B	NA	0	3137	0
FAM222A	NA	119	3140	1.65326
FAM222A-AS1	NA	0	868	0
FAM222B	NA	1133	4837	10.2183
FAM223A	NA	3	710	0.184326
FAM223B	NA	3	710	0.184326
FAM224A	NA	18	460	1.70702
FAM224B	NA	16	462	1.51078
FAM225A	NA	5	5802	0.0375937
FAM225B	NA	5	5806	0.0375678
FAM226A	NA	73	2022	1.57494
FAM226B	NA	73	2022	1.57494
FAM227A	NA	142	10362	0.597817
FAM227B	NA	71	1994	1.5533
FAM228A	NA	0	1834	0
FAM228B	NA	184	1622	4.94869
FAM229A	NA	124	699	7.7387
FAM229B	NA	124	2671	2.02521
FAM230B	NA	2	3322	0.0262636
FAM230C	NA	0	1962	0
FAM231A	NA	0	510	0
FAM231D	NA	100	1986	2.19656
FAM24A	NA	0	596	0
FAM24B	NA	121	772	6.8374
FAM24B-CUZD1	NA	44	2623	0.731775
FAM25A	NA	0	362	0
FAM25BP	NA	0	349	0
FAM25C	NA	4	704	0.247862
FAM25G	NA	4	668	0.26122
FAM26D	NA	2	1491	0.0585161
FAM26E	NA	2	3539	0.0246532
FAM26F	NA	2	1132	0.0770738
FAM27B	NA	132	703	8.19109
FAM27C	NA	97	703	6.01921
FAM27E2	NA	69	1767	1.70347
FAM27E3	NA	116	1507	3.3579
FAM27L	NA	0	609	0
FAM32A	NA	4330	1472	128.323
FAM35A	NA	1189	3404	15.2376
FAM35BP	NA	526	3290	6.9745
FAM35DP	NA	578	3294	7.65469
FAM3A	NA	926	1913	21.1164
FAM3B	NA	0	1384	0
FAM3C	NA	665	2542	11.4122
FAM3D	NA	0	1308	0
FAM41AY1	NA	0	2043	0
FAM41AY2	NA	0	2043	0
FAM41C	NA	86	1706	2.19909
FAM43A	NA	442	3145	6.13091
FAM43B	NA	397	2582	6.70745
FAM45A	NA	610	2694	9.87769
FAM45B	NA	658	4824	5.95034
FAM46A	NA	0	5612	0
FAM46B	NA	550	2374	10.1066
FAM46C	NA	34	5720	0.259302
FAM46D	NA	0	3223	0
FAM47A	NA	0	2579	0
FAM47B	NA	0	2122	0
FAM47C	NA	0	3308	0
FAM47E	NA	18	2094	0.374989
FAM47E-STBD1	NA	124	3060	1.76776
FAM49A	NA	1	4699	0.00928363
FAM49B	NA	2006	4526	19.3348
FAM50A	NA	1435	1352	46.3019
FAM50B	NA	4	1618	0.107846
FAM53A	NA	173	3442	2.1926
FAM53B	NA	963	5740	7.31876
FAM53B-AS1	NA	0	1771	0
FAM53C	NA	2115	4712	19.5807
FAM57A	NA	1589	2080	33.326
FAM57B	NA	28	1919	0.636512
FAM58A	NA	689	1288	23.336
FAM60A	NA	3964	3156	54.7923
FAM63A	NA	118	3099	1.66105
FAM63B	NA	79	4993	0.690222
FAM64A	NA	686	1544	19.3821
FAM65A	NA	840	4480	8.17946
FAM65B	NA	1	8035	0.00542922
FAM65C	NA	78	4902	0.694136
FAM66A	NA	11	775	0.619176
FAM66B	NA	41	1432	1.249
FAM66C	NA	29	3266	0.387351
FAM66D	NA	29	1071	1.18122
FAM66E	NA	16	1434	0.486737
FAM69A	NA	201	3099	2.82942
FAM69B	NA	1275	2334	23.8305
FAM69C	NA	0	2042	0
FAM71A	NA	8	2332	0.149653
FAM71B	NA	0	2032	0
FAM71C	NA	0	1867	0
FAM71D	NA	2	1790	0.0487416
FAM71E1	NA	195	1276	6.66664
FAM71E2	NA	25	3183	0.342631
FAM71F1	NA	9	2426	0.161836
FAM71F2	NA	34	5834	0.254235
FAM72A	NA	577	1867	13.482
FAM72B	NA	615	2374	11.301
FAM72C	NA	609	2337	11.3679
FAM72D	NA	618	2393	11.266
FAM73A	NA	210	6410	1.42917
FAM73B	NA	620	3587	7.54021
FAM74A1	NA	0	1869	0
FAM74A3	NA	0	1883	0
FAM74A4	NA	0	1944	0
FAM74A6	NA	0	775	0
FAM74A7	NA	4	1893	0.0921791
FAM76A	NA	336	3459	4.23752
FAM76B	NA	389	3951	4.29503
FAM78A	NA	118	3936	1.30783
FAM78B	NA	5	1481	0.147278
FAM81A	NA	3	3468	0.0377368
FAM81B	NA	1	1563	0.0279103
FAM83A	NA	0	5250	0
FAM83A-AS1	NA	0	1158	0
FAM83B	NA	0	6244	0
FAM83C	NA	2	3166	0.0275577
FAM83C-AS1	NA	1	368	0.118543
FAM83D	NA	917	2429	16.4689
FAM83E	NA	5	2011	0.108463
FAM83F	NA	0	2071	0
FAM83G	NA	671	2930	9.99029
FAM83H	NA	4735	5597	36.9052
FAM83H-AS1	NA	103	2737	1.64167
FAM84A	NA	0	6353	0
FAM84B	NA	18819	5481	149.782
FAM86B1	NA	568	2438	10.1634
FAM86B2	NA	148	1267	5.09575
FAM86B3P	NA	160	2552	2.73503
FAM86C1	NA	554	2192	11.0254
FAM86C2P	NA	345	1859	8.09586
FAM86DP	NA	767	2506	13.3517
FAM86EP	NA	485	2939	7.19889
FAM86FP	NA	267	2143	5.43516
FAM86HP	NA	395	2116	8.14338
FAM86JP	NA	185	2041	3.95414
FAM87A	NA	12	4013	0.130447
FAM87B	NA	17	1944	0.381484
FAM89A	NA	24	1498	0.698912
FAM89B	NA	1070	1458	32.0147
FAM8A1	NA	870	4745	7.99846
FAM90A1	NA	437	2516	7.57694
FAM90A10P	NA	5	607	0.359339
FAM90A25P	NA	162	1896	3.72735
FAM90A27P	NA	66	496	5.80478
FAM90A2P	NA	79	790	4.36238
FAM90A7P	NA	104	3688	1.23017
FAM91A1	NA	751	5324	6.15354
FAM92A1	NA	660	2164	13.3048
FAM92A1P2	NA	3	2455	0.0533081
FAM92B	NA	8	1904	0.183293
FAM95A	NA	2	2398	0.0363835
FAM95B1	NA	100	1543	2.8272
FAM95C	NA	571	2667	9.33977
FAM96A	NA	1656	3676	19.6521
FAM96B	NA	2069	855	105.564
FAM98A	NA	1512	2813	23.448
FAM98B	NA	1711	4388	17.0101
FAM98C	NA	384	1275	13.1385
FAM99A	NA	0	1430	0
FAM99B	NA	0	1066	0
FAM9A	NA	0	1589	0
FAM9B	NA	0	2103	0
FAM9C	NA	31	1255	1.07756
FAN1	NA	852	5897	6.30277
FANCA	NA	1631	6185	11.5037
FANCB	NA	146	3008	2.11738
FANCC	NA	361	5838	2.69753
FANCD2	NA	803	5947	5.89035
FANCD2OS	NA	34	1077	1.37717
FANCE	NA	396	2555	6.76126
FANCF	NA	441	3309	5.81387
FANCG	NA	985	2631	16.332
FANCI	NA	2065	4749	18.9689
FANCL	NA	1129	1732	28.4361
FANCM	NA	323	7151	1.97042
FANK1	NA	46	1296	1.54837
FANK1-AS1	NA	0	446	0
FAP	NA	0	2786	0
FAR1	NA	2050	5275	16.9533
FAR2	NA	6	4085	0.0640741
FAR2P1	NA	9	4524	0.0867847
FAR2P2	NA	2	2855	0.0305596
FARP1	NA	185	6135	1.31547
FARP2	NA	199	4623	1.87781
FARS2	NA	480	1841	11.3739
FARSA	NA	4697	1853	110.578
FARSB	NA	3818	2676	62.2405
FAS	NA	186	2689	3.01749
FAS-AS1	NA	4	1552	0.112432
FASLG	NA	0	1896	0
FASN	NA	14244	8458	73.4662
FASTK	NA	731	1871	17.0438
FASTKD1	NA	894	3012	12.9481
FASTKD2	NA	1775	6943	11.1526
FASTKD3	NA	420	2558	7.16262
FASTKD5	NA	1192	2863	18.1626
FAT1	NA	2413	14764	7.12979
FAT2	NA	9	14536	0.0270098
FAT3	NA	0	19047	0
FAT4	NA	2	16116	0.00541372
FATE1	NA	0	1069	0
FAU	NA	9781	575	742.059
FAXC	NA	88	9760	0.393329
FAXDC2	NA	198	2997	2.88205
FBF1	NA	399	3862	4.50696
FBL	NA	8872	1165	332.215
FBLIM1	NA	811	3773	9.37686
FBLL1	NA	33	1058	1.36067
FBLN1	NA	1372	4857	12.3228
FBLN2	NA	3	4665	0.0280539
FBLN5	NA	12	2633	0.198817
FBLN7	NA	4	2299	0.0759004
FBN1	NA	825	11695	3.07735
FBN2	NA	366	10724	1.48884
FBN3	NA	52	8967	0.252976
FBP1	NA	4	1796	0.0971576
FBP2	NA	5	1350	0.16157
FBRS	NA	1887	4108	20.0385
FBRSL1	NA	1701	4547	16.3193
FBXL12	NA	1244	1852	29.3024
FBXL13	NA	35	3411	0.44762
FBXL14	NA	280	2111	5.78619
FBXL15	NA	383	2362	7.07363
FBXL16	NA	1562	3543	19.2324
FBXL17	NA	312	5200	2.61743
FBXL18	NA	794	8229	4.20917
FBXL19	NA	2777	3896	31.0943
FBXL19-AS1	NA	178	3951	1.96533
FBXL2	NA	406	3000	5.90375
FBXL20	NA	415	10381	1.74394
FBXL21	NA	0	1794	0
FBXL22	NA	6	1519	0.172312
FBXL3	NA	366	3549	4.49882
FBXL4	NA	274	5464	2.18758
FBXL5	NA	919	3644	11.0017
FBXL6	NA	784	1799	19.0111
FBXL7	NA	1	4853	0.00898903
FBXL8	NA	181	1599	4.93803
FBXO10	NA	383	4575	3.652
FBXO11	NA	1598	4149	16.8018
FBXO15	NA	22	1850	0.518769
FBXO16	NA	136	1346	4.40775
FBXO17	NA	908	2442	16.2205
FBXO18	NA	1369	4167	14.3319
FBXO2	NA	3837	1715	97.6002
FBXO21	NA	1139	4233	11.7381
FBXO22	NA	2274	4300	23.0699
FBXO22-AS1	NA	840	448	81.7946
FBXO24	NA	58	2475	1.02229
FBXO25	NA	227	2441	4.05678
FBXO27	NA	1583	2360	29.2612
FBXO28	NA	3605	5451	28.8504
FBXO3	NA	158	2793	2.4678
FBXO3-AS1	NA	0	386	0
FBXO30	NA	651	4407	6.44408
FBXO31	NA	874	6107	6.24319
FBXO32	NA	8	6946	0.0502433
FBXO33	NA	485	5149	4.10906
FBXO34	NA	460	3594	5.58345
FBXO36	NA	167	2815	2.58798
FBXO38	NA	529	4199	5.49583
FBXO39	NA	0	1667	0
FBXO4	NA	183	2286	3.49219
FBXO40	NA	0	5722	0
FBXO41	NA	706	6928	4.44549
FBXO42	NA	875	6238	6.11908
FBXO43	NA	59	3349	0.768529
FBXO44	NA	1831	3527	22.6468
FBXO45	NA	2295	5733	17.4632
FBXO46	NA	1334	2990	19.4629
FBXO47	NA	0	2302	0
FBXO48	NA	12	2712	0.193026
FBXO5	NA	969	2465	17.1487
FBXO6	NA	68	1549	1.91505
FBXO7	NA	2333	2315	43.963
FBXO8	NA	236	2563	4.01686
FBXO9	NA	510	4982	4.4657
FBXW10	NA	4	4088	0.0426847
FBXW11	NA	1392	4638	13.0928
FBXW12	NA	2	1674	0.0521192
FBXW2	NA	1689	9186	8.02096
FBXW4	NA	1061	2212	20.9244
FBXW4P1	NA	85	2233	1.66056
FBXW5	NA	2497	2380	45.7683
FBXW7	NA	798	5030	6.92083
FBXW8	NA	438	4855	3.93557
FBXW9	NA	707	1737	17.7559
FCAMR	NA	2	2783	0.0313502
FCAR	NA	0	2618	0
FCER1A	NA	0	1165	0
FCER1G	NA	9	591	0.664321
FCER2	NA	2	1722	0.0506664
FCF1	NA	969	2405	17.5765
FCGBP	NA	169	16390	0.449812
FCGR1A	NA	1	2176	0.0200477
FCGR1B	NA	1	2871	0.0151946
FCGR1C	NA	1	1335	0.032677
FCGR2A	NA	0	2429	0
FCGR2B	NA	0	2161	0
FCGR2C	NA	0	2488	0
FCGR3A	NA	4	2401	0.072676
FCGR3B	NA	0	2739	0
FCGRT	NA	463	2101	9.61343
FCHO1	NA	854	3326	11.2011
FCHO2	NA	188	4981	1.64651
FCHSD1	NA	678	4320	6.84651
FCHSD2	NA	592	4490	5.75173
FCMR	NA	0	3085	0
FCN1	NA	0	1283	0
FCN2	NA	0	1057	0
FCN3	NA	1	1032	0.0422711
FCRL1	NA	0	3160	0
FCRL2	NA	0	2589	0
FCRL3	NA	0	3019	0
FCRL4	NA	0	3459	0
FCRL5	NA	0	5390	0
FCRL6	NA	0	2046	0
FCRLA	NA	0	2363	0
FCRLB	NA	44	1996	0.961646
FDCSP	NA	0	565	0
FDFT1	NA	3436	4387	34.1671
FDPS	NA	2589	1647	68.5743
FDPSP2	NA	83	4981	0.726917
FDX1	NA	562	3155	7.7707
FDX1L	NA	717	846	36.9719
FDXACB1	NA	51	3066	0.72564
FDXR	NA	4183	2455	74.3292
FECH	NA	845	7278	5.06487
FEM1A	NA	1778	3844	20.1777
FEM1B	NA	1399	7122	8.56917
FEM1C	NA	336	5813	2.52152
FEN1	NA	4164	2294	79.1846
FENDRR	NA	1	5569	0.00783332
FER	NA	304	13238	1.00178
FER1L4	NA	312	6713	2.0275
FER1L5	NA	19	6467	0.128166
FER1L6	NA	1	6051	0.00720935
FER1L6-AS1	NA	0	2315	0
FER1L6-AS2	NA	0	1748	0
FERD3L	NA	0	640	0
FERMT1	NA	7	5151	0.0592829
FERMT2	NA	8096	3441	102.638
FERMT3	NA	56	2552	0.957261
FES	NA	35	2806	0.544131
FETUB	NA	0	1631	0
FEV	NA	126	1879	2.92528
FEZ1	NA	22	3031	0.316636
FEZ2	NA	1586	2092	33.0723
FEZF1	NA	0	2190	0
FEZF1-AS1	NA	0	2653	0
FEZF2	NA	0	2086	0
FFAR1	NA	0	923	0
FFAR2	NA	0	2053	0
FFAR3	NA	0	1672	0
FFAR4	NA	0	3653	0
FGA	NA	0	3916	0
FGB	NA	1	3628	0.0120242
FGD1	NA	1476	4275	15.0617
FGD2	NA	35	3045	0.501423
FGD3	NA	3	4157	0.0314822
FGD4	NA	50	8990	0.242624
FGD5	NA	5	5897	0.0369881
FGD5-AS1	NA	2475	4379	24.656
FGD5P1	NA	0	3377	0
FGD6	NA	192	9288	0.901783
FGF1	NA	17	5055	0.146707
FGF10	NA	0	627	0
FGF10-AS1	NA	0	1894	0
FGF11	NA	1103	3411	14.1064
FGF12	NA	0	6433	0
FGF12-AS1	NA	0	578	0
FGF13	NA	0	3452	0
FGF13-AS1	NA	0	833	0
FGF14	NA	2	3024	0.0288517
FGF14-AS1	NA	0	355	0
FGF14-AS2	NA	42	1128	1.62429
FGF14-IT1	NA	0	2130	0
FGF16	NA	0	351	0
FGF17	NA	27	1386	0.849814
FGF18	NA	55	1982	1.21055
FGF19	NA	0	2137	0
FGF2	NA	4846	6774	31.2077
FGF20	NA	82	1016	3.52082
FGF21	NA	2	885	0.0985848
FGF22	NA	0	643	0
FGF23	NA	0	3018	0
FGF3	NA	0	1548	0
FGF4	NA	0	1220	0
FGF5	NA	62	5693	0.475088
FGF6	NA	0	744	0
FGF7	NA	26	3936	0.288165
FGF8	NA	57	1110	2.24014
FGF9	NA	0	4530	0
FGFBP1	NA	0	1358	0
FGFBP2	NA	0	1171	0
FGFBP3	NA	9119	2564	155.15
FGFR1	NA	5031	6303	34.8201
FGFR1OP	NA	748	3736	8.7341
FGFR1OP2	NA	672	3148	9.31232
FGFR2	NA	10363	5573	81.1185
FGFR3	NA	612	4438	6.01572
FGFR4	NA	335	3208	4.55548
FGFRL1	NA	891	3237	12.0077
FGG	NA	0	1982	0
FGGY	NA	43	3172	0.591369
FGL1	NA	1	1556	0.0280358
FGL2	NA	0	4268	0
FGR	NA	0	2773	0
FH	NA	2126	1867	49.6755
FHAD1	NA	771	5090	6.60784
FHDC1	NA	29	6480	0.19523
FHIT	NA	152	1090	6.08332
FHL1	NA	79	4137	0.833038
FHL2	NA	5579	2251	108.12
FHL3	NA	494	1657	13.0055
FHL5	NA	0	2135	0
FHOD1	NA	1323	3854	14.9752
FHOD3	NA	7	5538	0.0551402
FIBCD1	NA	19	3323	0.249429
FIBIN	NA	0	3005	0
FIBP	NA	1592	1450	47.8959
FICD	NA	30	1651	0.792679
FIG4	NA	227	3105	3.18924
FIGF	NA	3	2074	0.0631009
FIGLA	NA	0	722	0
FIGN	NA	474	4535	4.55957
FIGNL1	NA	452	3974	4.96174
FIGNL2	NA	374	4694	3.47578
FILIP1	NA	4	5452	0.0320057
FILIP1L	NA	15	4474	0.146258
FIP1L1	NA	1323	2485	23.2251
FIRRE	NA	84	2928	1.2515
FIS1	NA	1625	739	95.9251
FITM1	NA	8	1003	0.347946
FITM2	NA	70	958	3.18754
FIZ1	NA	638	2660	10.4631
FJX1	NA	1536	2687	24.9371
FKBP10	NA	4488	2883	67.9096
FKBP11	NA	217	1337	7.0803
FKBP14	NA	392	5173	3.30573
FKBP15	NA	1019	4336	10.252
FKBP1A	NA	5526	1997	120.714
FKBP1A-SDCBP2	NA	134	1687	3.46508
FKBP1AP1	NA	137	1643	3.63753
FKBP1B	NA	414	996	18.1328
FKBP2	NA	449	935	20.9487
FKBP3	NA	3188	1347	103.246
FKBP4	NA	5988	3741	69.826
FKBP5	NA	1314	10628	5.39345
FKBP6	NA	74	1720	1.87684
FKBP7	NA	23	2904	0.345505
FKBP8	NA	8519	1795	207.037
FKBP9	NA	1115	3732	13.0334
FKBP9P1	NA	366	3093	5.16208
FKBPL	NA	414	5376	3.35942
FKRP	NA	628	3474	7.88593
FKSG29	NA	0	608	0
FKTN	NA	866	7456	5.06682
FLAD1	NA	1640	3156	22.6689
FLCN	NA	1026	4052	11.0459
FLG	NA	0	12747	0
FLG-AS1	NA	0	4139	0
FLG2	NA	0	9122	0
FLI1	NA	1	4373	0.00997571
FLII	NA	4432	4467	43.282
FLJ10038	NA	304	5942	2.23185
FLJ12825	NA	17	3942	0.188129
FLJ13224	NA	8	1630	0.214104
FLJ16171	NA	0	2143	0
FLJ16779	NA	270	7638	1.54208
FLJ20021	NA	0	793	0
FLJ21408	NA	2	601	0.145171
FLJ22447	NA	0	1368	0
FLJ22763	NA	0	1933	0
FLJ23867	NA	40	2716	0.642471
FLJ25758	NA	0	1463	0
FLJ26245	NA	0	1598	0
FLJ26850	NA	0	1436	0
FLJ27354	NA	2	789	0.11058
FLJ30679	NA	20	1980	0.440644
FLJ31104	NA	6	2287	0.114448
FLJ31356	NA	3	2850	0.0459198
FLJ31662	NA	0	2755	0
FLJ32255	NA	8	2759	0.126492
FLJ33360	NA	0	2419	0
FLJ33534	NA	0	1635	0
FLJ33581	NA	0	2376	0
FLJ34503	NA	0	2006	0
FLJ35934	NA	14	1879	0.325031
FLJ36000	NA	0	3798	0
FLJ36777	NA	4	2140	0.0815398
FLJ37035	NA	28	2527	0.483366
FLJ37201	NA	22	3662	0.262076
FLJ37453	NA	93	2732	1.485
FLJ37505	NA	0	2020	0
FLJ38122	NA	0	3215	0
FLJ38576	NA	2	2459	0.0354809
FLJ40194	NA	0	722	0
FLJ40288	NA	0	1998	0
FLJ41200	NA	0	2328	0
FLJ41278	NA	0	3166	0
FLJ41941	NA	0	2379	0
FLJ42102	NA	0	2162	0
FLJ42351	NA	5	514	0.424356
FLJ42393	NA	1	2266	0.0192514
FLJ42627	NA	393	7148	2.39845
FLJ42969	NA	0	1948	0
FLJ43315	NA	2	2521	0.0346083
FLJ43879	NA	1	3489	0.0125032
FLJ44635	NA	564	2269	10.8435
FLJ45079	NA	1	4704	0.00927376
FLJ45513	NA	7	2100	0.145413
FLJ46066	NA	0	1806	0
FLJ46284	NA	0	3366	0
FLJ46906	NA	40	1001	1.74321
FLNA	NA	23804	8510	122.024
FLNB	NA	7638	9560	34.8534
FLNC	NA	10215	9138	48.7652
FLOT1	NA	3087	12835	10.4921
FLOT2	NA	1963	2632	32.5355
FLRT1	NA	40	3247	0.537404
FLRT2	NA	0	7179	0
FLRT3	NA	1	4024	0.0108409
FLT1	NA	0	12010	0
FLT3	NA	5	3974	0.0548865
FLT3LG	NA	11	1194	0.401894
FLT4	NA	320	6389	2.18494
FLVCR1	NA	822	5939	6.03784
FLVCR1-AS1	NA	119	942	5.51086
FLVCR2	NA	16	3817	0.182861
FLYWCH1	NA	1768	5060	15.2425
FLYWCH2	NA	1075	1027	45.6627
FMN1	NA	1	16648	0.00262036
FMN2	NA	1	6441	0.00677283
FMNL1	NA	276	3961	3.03968
FMNL2	NA	891	5575	6.97198
FMNL3	NA	737	11192	2.87265
FMO1	NA	61	2351	1.13188
FMO2	NA	2	5304	0.0164494
FMO3	NA	1	2087	0.0209026
FMO4	NA	73	2303	1.38278
FMO5	NA	5	3176	0.0686772
FMO6P	NA	0	2125	0
FMO9P	NA	0	1362	0
FMOD	NA	0	3257	0
FMR1	NA	901	4411	8.91068
FMR1-AS1	NA	0	2387	0
FMR1NB	NA	0	1021	0
FN1	NA	32	8993	0.155227
FN3K	NA	235	1433	7.15393
FN3KRP	NA	734	1954	16.3868
FNBP1	NA	603	5425	4.84887
FNBP1L	NA	675	5517	5.33733
FNBP4	NA	2569	4112	27.2542
FNDC1	NA	6	6551	0.0399546
FNDC3A	NA	856	6699	5.57426
FNDC3B	NA	360	7085	2.21659
FNDC4	NA	148	1671	3.86375
FNDC5	NA	977	3195	13.3397
FNDC7	NA	3	3060	0.0427684
FNDC8	NA	29	1355	0.933645
FNDC9	NA	1	2126	0.0205192
FNIP1	NA	710	6614	4.68293
FNIP2	NA	407	5786	3.06859
FNTA	NA	1457	1695	37.4984
FNTB	NA	319	2819	4.9365
FOCAD	NA	546	6096	3.90725
FOCAD-AS1	NA	2	423	0.206259
FOLH1	NA	0	2732	0
FOLH1B	NA	0	1974	0
FOLR1	NA	0	1250	0
FOLR2	NA	1	1131	0.038571
FOLR3	NA	4	845	0.206503
FOPNL	NA	1539	2410	27.8577
FOS	NA	3063	2158	61.9183
FOSB	NA	387	3776	4.47097
FOSL1	NA	4796	1753	119.349
FOSL2	NA	1261	3991	13.7834
FOXA1	NA	1	3380	0.0129064
FOXA2	NA	1	2612	0.0167013
FOXA3	NA	61	1989	1.33788
FOXB1	NA	0	1459	0
FOXB2	NA	0	1299	0
FOXC1	NA	743	3449	9.39764
FOXC2	NA	132	1681	3.42554
FOXC2-AS1	NA	24	319	3.28204
FOXCUT	NA	14	1610	0.379337
FOXD1	NA	159	2268	3.05828
FOXD2	NA	94	4675	0.877141
FOXD2-AS1	NA	227	2507	3.94998
FOXD3	NA	0	2068	0
FOXD3-AS1	NA	1	1235	0.0353229
FOXD4	NA	45	2187	0.897608
FOXD4L1	NA	17	2067	0.358783
FOXD4L3	NA	34	2218	0.668714
FOXD4L4	NA	12	1251	0.418453
FOXD4L5	NA	20	3109	0.280629
FOXD4L6	NA	31	2725	0.49627
FOXE1	NA	7	3461	0.0882307
FOXE3	NA	2	1981	0.0440422
FOXF1	NA	1	2562	0.0170272
FOXF2	NA	9	2187	0.179522
FOXG1	NA	0	3206	0
FOXG1-AS1	NA	0	905	0
FOXH1	NA	381	2183	7.61368
FOXI1	NA	0	2296	0
FOXI2	NA	0	3178	0
FOXI3	NA	1	1262	0.0345672
FOXJ1	NA	13	2640	0.214814
FOXJ2	NA	412	5482	3.27855
FOXJ3	NA	1528	5778	11.5364
FOXK1	NA	1292	11191	5.03636
FOXK2	NA	2929	5262	24.2824
FOXL1	NA	39	3190	0.533331
FOXL2	NA	3	2917	0.044865
FOXL2NB	NA	26	4075	0.278336
FOXM1	NA	2560	3649	30.6048
FOXN1	NA	5	2697	0.0808746
FOXN2	NA	488	5463	3.89683
FOXN3	NA	974	8092	5.25081
FOXN3-AS1	NA	102	1077	4.1315
FOXN3-AS2	NA	0	1261	0
FOXN4	NA	40	3352	0.52057
FOXO1	NA	15	5738	0.114039
FOXO3	NA	896	7534	5.18807
FOXO3B	NA	923	7259	5.54687
FOXO4	NA	155	3348	2.01962
FOXO6	NA	14	2389	0.255644
FOXP1	NA	10	8704	0.0501192
FOXP1-AS1	NA	0	712	0
FOXP2	NA	0	7079	0
FOXP3	NA	41	2382	0.750871
FOXP4	NA	1011	5949	7.41362
FOXP4-AS1	NA	18	815	0.96347
FOXQ1	NA	0	2319	0
FOXR1	NA	1	1153	0.037835
FOXR2	NA	0	2789	0
FOXRED1	NA	1286	2195	25.5582
FOXRED2	NA	3527	5068	30.3593
FOXS1	NA	22	1318	0.728166
FPGS	NA	1267	2532	21.8291
FPGT	NA	394	4722	3.63993
FPGT-TNNI3K	NA	13	3619	0.156703
FPR1	NA	0	1371	0
FPR2	NA	0	2042	0
FPR3	NA	0	2517	0
FRA10AC1	NA	956	3089	13.5009
FRAS1	NA	0	16545	0
FRAT1	NA	144	2651	2.36961
FRAT2	NA	648	2205	12.82
FREM1	NA	12	10225	0.0511966
FREM2	NA	1	16162	0.00269916
FREM3	NA	1	6623	0.00658671
FRG1	NA	506	1043	21.1636
FRG1B	NA	231	946	10.6523
FRG2	NA	54	4170	0.564912
FRG2B	NA	25	890	1.22539
FRG2C	NA	169	4138	1.78164
FRG2DP	NA	0	1820	0
FRG2EP	NA	169	4150	1.77649
FRK	NA	6	2849	0.0918718
FRMD1	NA	0	4133	0
FRMD3	NA	32	6027	0.231618
FRMD4A	NA	3165	6804	20.2924
FRMD4B	NA	645	6498	4.33015
FRMD5	NA	56	5790	0.421922
FRMD6	NA	3	5280	0.0247862
FRMD6-AS1	NA	1	2227	0.0195886
FRMD6-AS2	NA	0	917	0
FRMD7	NA	0	3209	0
FRMD8	NA	1217	3751	14.1536
FRMD8P1	NA	45	1800	1.09059
FRMPD1	NA	1	4916	0.00887383
FRMPD2	NA	11	5212	0.0920686
FRMPD2B	NA	17	3894	0.190448
FRMPD3	NA	11	7304	0.0656985
FRMPD3-AS1	NA	0	457	0
FRMPD4	NA	0	8465	0
FRRS1	NA	49	2678	0.798194
FRRS1L	NA	0	1189	0
FRS2	NA	505	7201	3.0593
FRS3	NA	135	2179	2.70271
FRY	NA	4	10717	0.0162821
FRY-AS1	NA	0	2370	0
FRYL	NA	741	11706	2.76142
FRZB	NA	13	2767	0.204954
FSBP	NA	163	5403	1.31606
FSCB	NA	0	3146	0
FSCN1	NA	2465	2796	38.4594
FSCN2	NA	30	1742	0.75127
FSCN3	NA	2	1891	0.0461383
FSD1	NA	936	1847	22.1071
FSD1L	NA	151	7897	0.834138
FSD2	NA	162	6533	1.08175
FSHB	NA	1	1936	0.0225329
FSHR	NA	1	2774	0.0157259
FSIP1	NA	50	2813	0.775396
FSIP2	NA	2	21054	0.00414399
FST	NA	0	2098	0
FSTL1	NA	778	3840	8.83836
FSTL3	NA	516	2511	8.9645
FSTL4	NA	15	5382	0.121582
FSTL5	NA	0	4835	0
FTCD	NA	68	2110	1.40588
FTCDNL1	NA	0	952	0
FTH1	NA	37059	1229	1315.42
FTH1P18	NA	0	913	0
FTH1P3	NA	2473	954	113.083
FTHL17	NA	0	813	0
FTL	NA	54636	871	2736.43
FTLP10	NA	0	1501	0
FTMT	NA	0	874	0
FTO	NA	965	4292	9.80823
FTO-IT1	NA	29	870	1.45413
FTSJ1	NA	917	2197	18.208
FTSJ2	NA	1508	1601	41.0897
FTSJ3	NA	3622	3559	44.396
FTX	NA	1730	2356	32.0327
FUBP1	NA	4051	2758	64.0754
FUBP3	NA	1427	3157	19.7184
FUCA1	NA	1227	2117	25.2841
FUCA2	NA	2061	2548	35.2859
FUK	NA	196	3907	2.18845
FUNDC1	NA	592	1170	22.0729
FUNDC2	NA	516	2964	7.59442
FUNDC2P2	NA	22	1519	0.631812
FUOM	NA	599	975	26.8007
FURIN	NA	1094	4532	10.5305
FUS	NA	12576	5119	107.172
FUT1	NA	6	4246	0.0616445
FUT10	NA	221	3547	2.71803
FUT11	NA	73	2177	1.46281
FUT2	NA	30	3099	0.422302
FUT3	NA	24	2590	0.404236
FUT4	NA	0	6048	0
FUT5	NA	11	1988	0.241379
FUT6	NA	11	3137	0.152968
FUT7	NA	1	2414	0.0180712
FUT8	NA	268	5651	2.06887
FUT8-AS1	NA	22	2025	0.473937
FUT9	NA	0	12798	0
FUZ	NA	746	1745	18.6495
FXN	NA	596	7454	3.48803
FXR1	NA	2539	8909	12.4325
FXR2	NA	2990	2987	43.6676
FXYD1	NA	2	1061	0.0822314
FXYD2	NA	1	669	0.0652074
FXYD3	NA	1	2326	0.0187548
FXYD4	NA	1	771	0.0565808
FXYD5	NA	0	1636	0
FXYD6	NA	0	2417	0
FXYD6-FXYD2	NA	1	1234	0.0353515
FXYD7	NA	3	713	0.18355
FYB	NA	2	4933	0.0176865
FYCO1	NA	688	8518	3.5235
FYN	NA	23	3876	0.258861
FYTTD1	NA	1909	4409	18.8881
FZD1	NA	34	4350	0.340967
FZD10	NA	0	3282	0
FZD10-AS1	NA	0	3678	0
FZD2	NA	4454	3819	50.8773
FZD3	NA	404	13787	1.27831
FZD4	NA	246	7394	1.45137
FZD5	NA	2337	6564	15.5315
FZD6	NA	3	3933	0.0332752
FZD7	NA	733	3851	8.30336
FZD8	NA	10	3186	0.136923
FZD9	NA	1	2342	0.0186267
FZR1	NA	1147	3624	13.807
G0S2	NA	0	963	0
G2E3	NA	563	5802	4.23305
G3BP1	NA	4298	2835	66.1358
G3BP2	NA	3706	4551	35.524
G6PC	NA	0	4161	0
G6PC2	NA	0	3081	0
G6PC3	NA	2332	1831	55.5602
G6PD	NA	1134	2515	19.6697
GAA	NA	1516	3775	17.5188
GAB1	NA	179	7910	0.987188
GAB2	NA	244	6236	1.7069
GAB3	NA	0	4842	0
GAB4	NA	0	2629	0
GABARAP	NA	1724	893	84.2188
GABARAPL1	NA	999	1867	23.3423
GABARAPL2	NA	1245	1002	54.2032
GABARAPL3	NA	9	1885	0.208283
GABBR1	NA	877	23554	1.62427
GABBR2	NA	4	5788	0.0301477
GABPA	NA	838	5251	6.96186
GABPB1	NA	825	3264	11.0262
GABPB1-AS1	NA	391	4133	4.127
GABPB2	NA	53	1953	1.18385
GABRA1	NA	0	4917	0
GABRA2	NA	4	3258	0.053559
GABRA3	NA	0	2785	0
GABRA4	NA	0	11973	0
GABRA5	NA	3105	3157	42.9052
GABRA6	NA	0	2519	0
GABRB1	NA	0	2211	0
GABRB2	NA	0	7409	0
GABRB3	NA	926	7536	5.36035
GABRD	NA	41	1925	0.92913
GABRE	NA	0	3152	0
GABRG1	NA	1	6768	0.00644559
GABRG2	NA	0	4077	0
GABRG3	NA	7	2550	0.119752
GABRG3-AS1	NA	0	850	0
GABRP	NA	0	3309	0
GABRQ	NA	0	2000	0
GABRR1	NA	0	3508	0
GABRR2	NA	1	2081	0.0209629
GABRR3	NA	0	1521	0
GACAT1	NA	0	811	0
GACAT2	NA	8	818	0.426638
GACAT3	NA	0	984	0
GAD1	NA	901	3669	10.7127
GAD2	NA	0	2948	0
GADD45A	NA	2718	1380	85.9199
GADD45B	NA	1056	1375	33.5031
GADD45G	NA	1	1065	0.0409613
GADD45GIP1	NA	2593	763	148.252
GADL1	NA	0	3655	0
GAGE1	NA	0	3141	0
GAGE10	NA	0	561	0
GAGE12B	NA	0	1395	0
GAGE12C	NA	0	3384	0
GAGE12D	NA	0	3510	0
GAGE12E	NA	0	3384	0
GAGE12F	NA	0	2990	0
GAGE12G	NA	0	2820	0
GAGE12H	NA	0	2256	0
GAGE12I	NA	0	1506	0
GAGE12J	NA	0	571	0
GAGE13	NA	0	543	0
GAGE2A	NA	0	2168	0
GAGE2B	NA	0	509	0
GAGE2C	NA	0	2152	0
GAGE2D	NA	0	1683	0
GAGE2E	NA	0	2071	0
GAGE4	NA	0	526	0
GAGE5	NA	0	522	0
GAGE6	NA	0	1050	0
GAGE7	NA	0	497	0
GAGE8	NA	0	2071	0
GAK	NA	2733	4535	26.2897
GAL	NA	0	778	0
GAL3ST1	NA	4	1791	0.0974289
GAL3ST2	NA	0	1449	0
GAL3ST3	NA	0	3320	0
GAL3ST4	NA	28	2540	0.480892
GALC	NA	218	4166	2.28276
GALE	NA	592	1858	13.8995
GALK1	NA	1166	1361	37.3735
GALK2	NA	321	3718	3.76633
GALM	NA	450	2483	7.90604
GALNS	NA	628	2363	11.5936
GALNT1	NA	1984	3838	22.5507
GALNT10	NA	712	5955	5.21581
GALNT11	NA	1101	2746	17.4908
GALNT12	NA	109	2735	1.73857
GALNT13	NA	191	5847	1.42503
GALNT14	NA	1	3417	0.0127667
GALNT15	NA	1	4641	0.00939965
GALNT16	NA	47	4309	0.475822
GALNT18	NA	13	2515	0.225491
GALNT2	NA	1254	5206	10.5079
GALNT3	NA	7	3267	0.09347
GALNT4	NA	865	5394	6.99566
GALNT5	NA	0	3131	0
GALNT6	NA	123	4520	1.18711
GALNT7	NA	432	4307	4.37554
GALNT8	NA	1	2135	0.0204327
GALNT9	NA	28	2920	0.41831
GALNTL5	NA	1	1984	0.0219878
GALNTL6	NA	1	2849	0.015312
GALP	NA	0	938	0
GALR1	NA	1	2785	0.0156638
GALR2	NA	7	1357	0.225031
GALR3	NA	1	1157	0.0377042
GALT	NA	306	1405	9.50098
GAMT	NA	2623	2243	51.0143
GAN	NA	138	4544	1.32484
GANAB	NA	9815	4017	106.589
GANC	NA	183	6758	1.18129
GAP43	NA	5	2104	0.103669
GAPDH	NA	54600	1892	1258.91
GAPDHS	NA	159	1492	4.64891
GAPLINC	NA	21	501	1.82854
GAPT	NA	1	2538	0.0171882
GAPVD1	NA	1144	7147	6.98273
GAR1	NA	1084	1267	37.3229
GAREM	NA	16	7037	0.0991872
GAREML	NA	961	5939	7.05884
GARNL3	NA	110	4076	1.17729
GARS	NA	3834	2749	60.8416
GART	NA	4423	4427	43.5844
GAS1	NA	0	2828	0
GAS2	NA	3	2538	0.0515647
GAS2L1	NA	845	2576	14.3098
GAS2L1P2	NA	0	2262	0
GAS2L2	NA	6	3014	0.0868423
GAS2L3	NA	99	6371	0.677877
GAS5	NA	2410	632	166.35
GAS5-AS1	NA	421	694	26.4634
GAS6	NA	560	2535	9.63681
GAS6-AS1	NA	151	895	7.35999
GAS6-AS2	NA	5	1942	0.112317
GAS7	NA	3244	8876	15.9436
GAS8	NA	693	3448	8.76777
GAS8-AS1	NA	10	994	0.438871
GAST	NA	4	470	0.371266
GATA1	NA	0	1479	0
GATA2	NA	4103	3764	47.5527
GATA2-AS1	NA	582	2358	10.7672
GATA3	NA	1	3070	0.0142097
GATA3-AS1	NA	1	2371	0.0183989
GATA4	NA	1	3883	0.0112346
GATA5	NA	8	2595	0.134486
GATA6	NA	53	3776	0.612304
GATA6-AS1	NA	6	1788	0.146388
GATAD1	NA	993	4597	9.42319
GATAD2A	NA	3595	5675	27.6348
GATAD2B	NA	837	7476	4.88404
GATB	NA	1177	2232	23.0041
GATC	NA	5216	4346	52.3566
GATM	NA	718	2586	12.1121
GATS	NA	344	6008	2.49777
GATSL2	NA	506	7991	2.76231
GATSL3	NA	595	1622	16.0026
GBA	NA	1599	2681	26.0181
GBA2	NA	1031	3611	12.4553
GBA3	NA	0	2223	0
GBAP1	NA	823	2036	17.6338
GBAS	NA	1518	2004	33.0444
GBAT2	NA	67	439	6.65784
GBE1	NA	952	3099	13.401
GBF1	NA	1593	6440	10.7908
GBGT1	NA	38	2059	0.805101
GBP1	NA	1	3050	0.0143029
GBP1P1	NA	0	1234	0
GBP2	NA	0	4132	0
GBP3	NA	1	3040	0.0143499
GBP4	NA	0	6145	0
GBP5	NA	2	4051	0.0215373
GBP6	NA	0	4867	0
GBP7	NA	0	2454	0
GBX1	NA	5	1092	0.199743
GBX2	NA	3207	1800	77.723
GC	NA	0	2266	0
GCA	NA	1	3225	0.0135268
GCAT	NA	251	1830	5.98337
GCC1	NA	929	4132	9.80796
GCC2	NA	1410	6977	8.81604
GCDH	NA	498	2309	9.40868
GCFC2	NA	1125	4999	9.81731
GCG	NA	1	1294	0.0337123
GCGR	NA	15	2053	0.318732
GCH1	NA	203	2925	3.02756
GCHFR	NA	2959	713	181.042
GCK	NA	1	3073	0.0141958
GCKR	NA	0	2188	0
GCLC	NA	511	3812	5.84778
GCLM	NA	730	5050	6.30601
GCM1	NA	3	2764	0.0473485
GCM2	NA	0	2365	0
GCN1L1	NA	5728	8668	28.8275
GCNT1	NA	37	6719	0.240226
GCNT2	NA	793	7303	4.73691
GCNT3	NA	0	2222	0
GCNT4	NA	1261	3436	16.0098
GCNT7	NA	6	2064	0.126813
GCOM1	NA	901	6788	5.79037
GCSAM	NA	0	3342	0
GCSAML	NA	0	4427	0
GCSAML-AS1	NA	0	1913	0
GCSH	NA	2460	1538	69.7753
GCSHP3	NA	96	1000	4.18788
GDA	NA	0	5736	0
GDAP1	NA	515	3889	5.77687
GDAP1L1	NA	16	2959	0.235884
GDAP2	NA	521	10174	2.23393
GDE1	NA	1211	2937	17.9872
GDF1	NA	898	2564	15.2785
GDF10	NA	0	2647	0
GDF11	NA	709	4260	7.26039
GDF15	NA	8950	1200	325.361
GDF2	NA	0	1955	0
GDF3	NA	0	1224	0
GDF5	NA	6	2330	0.112336
GDF6	NA	0	3701	0
GDF7	NA	2	1994	0.043755
GDF9	NA	36	2450	0.641002
GDI1	NA	2134	2481	37.5224
GDI2	NA	8068	2412	145.919
GDNF	NA	4	4181	0.0417353
GDNF-AS1	NA	2	4635	0.0188236
GDPD1	NA	65	3469	0.817396
GDPD2	NA	3	2439	0.0536578
GDPD3	NA	25	1098	0.993255
GDPD4	NA	0	2533	0
GDPD5	NA	95	3174	1.30569
GDPGP1	NA	35	1351	1.13015
GEM	NA	171	2183	3.41716
GEMIN2	NA	283	1359	9.08427
GEMIN4	NA	2472	3741	28.826
GEMIN5	NA	2559	5404	20.6575
GEMIN6	NA	584	692	36.8154
GEMIN7	NA	900	1659	23.6657
GEMIN8	NA	61	3259	0.816524
GEMIN8P4	NA	72	1702	1.84542
GEN1	NA	578	6425	3.92444
GET4	NA	1884	2088	39.3617
GFAP	NA	1	4034	0.010814
GFER	NA	724	2409	13.1107
GFI1	NA	35	2910	0.524685
GFI1B	NA	1	2465	0.0176973
GFM1	NA	1668	3800	19.1485
GFM2	NA	1866	3819	21.315
GFOD1	NA	10	5153	0.084657
GFOD2	NA	643	6816	4.11533
GFPT1	NA	1550	8703	7.76937
GFPT2	NA	109	3011	1.57921
GFRA1	NA	0	9595	0
GFRA2	NA	1	3330	0.0131002
GFRA3	NA	3	1931	0.0677739
GFRA4	NA	0	1517	0
GFRAL	NA	0	1911	0
GFY	NA	493	1557	13.8128
GGA1	NA	1143	3636	13.7134
GGA2	NA	3233	5973	23.6122
GGA3	NA	1288	4200	13.378
GGACT	NA	390	2903	5.86058
GGCT	NA	1607	1326	52.8683
GGCX	NA	2549	7462	14.9018
GGH	NA	26	1492	0.7602
GGN	NA	28	2154	0.567069
GGNBP1	NA	4	999	0.17467
GGNBP2	NA	1620	2845	24.8403
GGPS1	NA	874	2969	12.8418
GGT1	NA	676	2976	9.90916
GGT3P	NA	147	2036	3.14965
GGT5	NA	1	2589	0.0168497
GGT6	NA	5	2663	0.0819072
GGT7	NA	830	2640	13.715
GGT8P	NA	15	2484	0.263429
GGTA1P	NA	3	1755	0.0745706
GGTLC1	NA	42	1145	1.60017
GGTLC2	NA	207	978	9.23325
GH1	NA	0	846	0
GH2	NA	0	1157	0
GHDC	NA	10	2535	0.172086
GHET1	NA	6	1898	0.137904
GHITM	NA	4576	2449	81.5118
GHR	NA	0	6143	0
GHRH	NA	0	460	0
GHRHR	NA	0	1607	0
GHRL	NA	10	1350	0.323139
GHRLOS	NA	77	2135	1.57332
GHSR	NA	0	3089	0
GID4	NA	801	4232	8.25677
GID8	NA	1832	4427	18.0526
GIF	NA	2	1513	0.0576653
GIGYF1	NA	3194	6329	22.0152
GIGYF2	NA	2134	9139	10.1864
GIMAP1	NA	0	4416	0
GIMAP1-GIMAP5	NA	1	2262	0.0192855
GIMAP2	NA	0	1442	0
GIMAP4	NA	0	1965	0
GIMAP5	NA	1	1877	0.0232412
GIMAP6	NA	0	3912	0
GIMAP7	NA	0	1229	0
GIMAP8	NA	7	4187	0.072932
GIMD1	NA	0	654	0
GIN1	NA	68	3549	0.835846
GINM1	NA	133	1109	5.23171
GINS1	NA	1196	3289	15.8632
GINS2	NA	1246	1180	46.0637
GINS3	NA	556	2391	10.1442
GINS4	NA	1284	3841	14.5829
GIP	NA	8	711	0.490844
GIPC1	NA	4707	1946	105.518
GIPC2	NA	5	3977	0.0548451
GIPC3	NA	4	4317	0.0404205
GIPR	NA	363	3289	4.81466
GIT1	NA	2705	3760	31.3836
GIT2	NA	756	6412	5.14341
GJA1	NA	30190	3169	415.589
GJA10	NA	0	1632	0
GJA3	NA	131	5205	1.09793
GJA4	NA	0	1622	0
GJA5	NA	0	3267	0
GJA8	NA	3	1366	0.0958062
GJA9	NA	12	2322	0.225446
GJA9-MYCBP	NA	1049	5271	8.68172
GJB1	NA	0	1733	0
GJB2	NA	7	2332	0.130946
GJB3	NA	1	2352	0.0185475
GJB4	NA	17	2840	0.261128
GJB5	NA	86	1355	2.76874
GJB6	NA	0	2508	0
GJB7	NA	1	2280	0.0191332
GJC1	NA	2752	7818	15.3559
GJC2	NA	12	2381	0.219859
GJC3	NA	1	1116	0.0390894
GJD2	NA	170	1096	6.76646
GJD3	NA	425	4041	4.588
GJD4	NA	1	1580	0.02761
GK	NA	35	4577	0.333588
GK2	NA	0	1866	0
GK3P	NA	8	2232	0.156358
GK5	NA	403	10920	1.60992
GKAP1	NA	156	1873	3.63337
GKN1	NA	0	820	0
GKN2	NA	1	800	0.0545297
GLA	NA	1689	1418	51.9609
GLB1	NA	1072	2692	17.3717
GLB1L	NA	138	2710	2.22143
GLB1L2	NA	391	3155	5.40631
GLB1L3	NA	2	2944	0.0296357
GLCCI1	NA	1540	4793	14.0164
GLCE	NA	170	5043	1.47056
GLDC	NA	443	3809	5.0736
GLDN	NA	1	5083	0.00858229
GLE1	NA	981	3521	12.1542
GLG1	NA	3277	9438	15.1468
GLI1	NA	349	3618	4.20804
GLI2	NA	10	6769	0.0644464
GLI3	NA	5	8214	0.0265545
GLI4	NA	547	1343	17.7678
GLIDR	NA	586	3143	8.13348
GLIPR1	NA	1199	3907	13.3875
GLIPR1L1	NA	1	1032	0.0422711
GLIPR1L2	NA	7	3499	0.0872725
GLIPR2	NA	249	2853	3.80733
GLIS1	NA	8	2816	0.123931
GLIS2	NA	384	3705	4.52133
GLIS2-AS1	NA	0	359	0
GLIS3	NA	1636	7767	9.18868
GLIS3-AS1	NA	104	730	6.21489
GLMN	NA	1349	2032	28.9609
GLMP	NA	18	1851	0.424218
GLO1	NA	9685	2046	206.499
GLOD4	NA	3517	1837	83.5192
GLOD5	NA	0	737	0
GLP1R	NA	0	3123	0
GLP2R	NA	1	4573	0.00953942
GLRA1	NA	0	1821	0
GLRA2	NA	2	3720	0.0234536
GLRA3	NA	0	3674	0
GLRA4	NA	0	2158	0
GLRB	NA	40	3214	0.542922
GLRX	NA	11	1658	0.289422
GLRX2	NA	482	1349	15.5868
GLRX3	NA	3047	1600	83.076
GLRX5	NA	1830	1171	68.1738
GLS	NA	1567	7406	9.23014
GLS2	NA	167	2721	2.67739
GLT1D1	NA	4	2721	0.064129
GLT6D1	NA	1	1526	0.028587
GLT8D1	NA	1113	2574	18.863
GLT8D2	NA	156	1877	3.62563
GLTP	NA	882	2356	16.3311
GLTPD2	NA	16	1222	0.571179
GLTSCR1	NA	585	5739	4.44675
GLTSCR1L	NA	139	6515	0.93073
GLTSCR2	NA	2570	1522	73.6617
GLUD1	NA	3655	3476	45.8702
GLUD1P3	NA	59	4069	0.632539
GLUD1P7	NA	1	486	0.0897608
GLUD2	NA	863	2335	16.123
GLUL	NA	15742	8561	80.2156
GLYAT	NA	0	2476	0
GLYATL1	NA	0	2442	0
GLYATL2	NA	0	1378	0
GLYATL3	NA	0	2130	0
GLYCAM1	NA	0	781	0
GLYCTK	NA	365	3800	4.19018
GLYCTK-AS1	NA	4	1154	0.151209
GLYR1	NA	3476	3732	40.6314
GM140	NA	0	259	0
GM2A	NA	1423	3688	16.8321
GMCL1	NA	191	2346	3.55164
GMCL1P1	NA	22	2923	0.328335
GMDS	NA	886	1760	21.9606
GMDS-AS1	NA	8	1588	0.219767
GMEB1	NA	269	2694	4.3559
GMEB2	NA	839	4210	8.69367
GMFB	NA	2360	4125	24.9581
GMFG	NA	5	659	0.330985
GMIP	NA	244	3541	3.00599
GML	NA	0	723	0
GMNC	NA	2	3624	0.0240749
GMNN	NA	849	1357	27.293
GMPPA	NA	1047	1871	24.4116
GMPPB	NA	370	1688	9.56208
GMPR	NA	0	1515	0
GMPR2	NA	1259	2665	20.6088
GMPS	NA	2584	2456	45.8973
GNA11	NA	1689	4145	17.7758
GNA12	NA	1164	5394	9.41381
GNA13	NA	2406	6493	16.1649
GNA14	NA	5	2491	0.0875628
GNA14-AS1	NA	0	703	0
GNA15	NA	123	2294	2.33903
GNAI1	NA	8	3636	0.0959819
GNAI2	NA	2903	3293	38.4573
GNAI3	NA	3586	4732	33.0589
GNAL	NA	190	7305	1.13464
GNAO1	NA	0	7923	0
GNAQ	NA	1444	6343	9.93106
GNAS	NA	10711	5639	82.8612
GNAS-AS1	NA	2	1157	0.0754084
GNAT1	NA	3	3599	0.0363632
GNAT2	NA	13	1365	0.415465
GNAT3	NA	1	1065	0.0409613
GNAZ	NA	209	3208	2.84207
GNB1	NA	9710	3194	132.62
GNB1L	NA	165	1519	4.73859
GNB2	NA	5721	1664	149.983
GNB2L1	NA	32946	1109	1295.97
GNB3	NA	135	1730	3.40417
GNB4	NA	1326	6428	8.99893
GNB5	NA	643	3170	8.84861
GNE	NA	684	5476	5.44899
GNG10	NA	2203	1255	76.5762
GNG11	NA	1	954	0.0457272
GNG12	NA	1150	4409	11.3784
GNG12-AS1	NA	21	2247	0.407699
GNG13	NA	63	984	2.79299
GNG2	NA	1	3886	0.0112259
GNG3	NA	55	951	2.52293
GNG4	NA	371	5312	3.04677
GNG5	NA	2603	806	140.884
GNG7	NA	266	4246	2.73291
GNG8	NA	3	213	0.614419
GNGT1	NA	0	628	0
GNGT2	NA	6	1190	0.219952
GNL1	NA	3434	55373	2.70536
GNL2	NA	4961	2402	90.0989
GNL3	NA	3510	2139	71.5846
GNL3L	NA	865	8690	4.3423
GNLY	NA	0	1087	0
GNMT	NA	9	1068	0.367616
GNPAT	NA	1139	2680	18.5401
GNPDA1	NA	6349	2297	120.578
GNPDA2	NA	210	2377	3.85401
GNPNAT1	NA	7352	3928	81.6502
GNPTAB	NA	1060	5630	8.21336
GNPTG	NA	565	1245	19.7971
GNRH1	NA	47	2150	0.953636
GNRH2	NA	9	423	0.928165
GNRHR	NA	5	5837	0.0373683
GNRHR2	NA	418	1961	9.29869
GNS	NA	2231	5128	18.9791
GOLGA1	NA	448	4882	4.00316
GOLGA2	NA	1183	4260	12.1143
GOLGA2P10	NA	2884	6866	18.3238
GOLGA2P2Y	NA	1	1062	0.041077
GOLGA2P3Y	NA	1	1062	0.041077
GOLGA2P5	NA	44	4487	0.427779
GOLGA2P6	NA	0	2884	0
GOLGA2P7	NA	1505	3356	19.5631
GOLGA2P9	NA	0	2033	0
GOLGA3	NA	1961	9586	8.92408
GOLGA4	NA	2100	7952	11.5204
GOLGA5	NA	910	2967	13.3797
GOLGA6A	NA	4	3176	0.0549418
GOLGA6B	NA	2	3178	0.0274536
GOLGA6C	NA	8	5379	0.0648801
GOLGA6D	NA	3	3449	0.0379447
GOLGA6L1	NA	2	3822	0.0228277
GOLGA6L10	NA	255	4449	2.50035
GOLGA6L17P	NA	55	1846	1.29973
GOLGA6L2	NA	0	3151	0
GOLGA6L22	NA	2	3764	0.0231795
GOLGA6L4	NA	274	4563	2.61953
GOLGA6L5P	NA	339	5471	2.70306
GOLGA6L6	NA	2	4009	0.0217629
GOLGA6L7P	NA	0	1156	0
GOLGA6L9	NA	748	9092	3.58893
GOLGA7	NA	1154	2088	24.1101
GOLGA7B	NA	7	6448	0.0473583
GOLGA8A	NA	7235	6557	48.1345
GOLGA8B	NA	5486	6550	36.5374
GOLGA8CP	NA	4	5282	0.0330358
GOLGA8DP	NA	4	5339	0.0326831
GOLGA8EP	NA	4	5269	0.0331173
GOLGA8F	NA	5	4511	0.0483527
GOLGA8G	NA	7	5282	0.0578126
GOLGA8H	NA	25	5260	0.207337
GOLGA8IP	NA	1	1899	0.022972
GOLGA8J	NA	17	5199	0.142644
GOLGA8K	NA	25	5188	0.210215
GOLGA8M	NA	23	5256	0.190896
GOLGA8N	NA	50	5329	0.409305
GOLGA8O	NA	26	5189	0.218581
GOLGA8R	NA	26	5172	0.2193
GOLGA8S	NA	10	5454	0.0799849
GOLGA8T	NA	11	3471	0.138249
GOLGB1	NA	2885	11257	11.1801
GOLIM4	NA	860	4327	8.67031
GOLM1	NA	1893	3263	25.3079
GOLPH3	NA	1914	2676	31.2018
GOLPH3L	NA	462	3171	6.35578
GOLT1A	NA	0	883	0
GOLT1B	NA	1122	3272	14.959
GON4L	NA	2522	8462	13.0016
GOPC	NA	1234	4627	11.6343
GORAB	NA	236	3530	2.91649
GORASP1	NA	887	3782	10.2312
GORASP2	NA	2125	3265	28.3922
GOSR1	NA	1327	5237	11.0538
GOSR2	NA	1164	4989	10.178
GOT1	NA	1883	2127	38.6194
GOT1L1	NA	0	1377	0
GOT2	NA	4589	2462	81.3117
GP1BA	NA	14	2523	0.242066
GP1BB	NA	113	958	5.1456
GP2	NA	0	3453	0
GP5	NA	1	3493	0.0124889
GP6	NA	11	2266	0.211766
GP9	NA	0	894	0
GPA33	NA	24	2802	0.373651
GPAA1	NA	1726	2067	36.427
GPALPP1	NA	284	1392	8.90025
GPAM	NA	714	6387	4.87668
GPANK1	NA	1058	24490	1.8846
GPAT2	NA	71	2824	1.09677
GPATCH1	NA	292	3362	3.78886
GPATCH11	NA	218	3906	2.43471
GPATCH2	NA	580	7879	3.21129
GPATCH2L	NA	575	12673	1.9793
GPATCH3	NA	546	2129	11.1877
GPATCH4	NA	3744	2155	75.79
GPATCH8	NA	1700	7479	9.91582
GPBAR1	NA	14	2003	0.304909
GPBP1	NA	1980	4644	18.5993
GPBP1L1	NA	2608	3738	30.4363
GPC1	NA	2133	3686	25.244
GPC2	NA	95	2591	1.59948
GPC3	NA	13087	2385	239.373
GPC4	NA	4985	3714	58.5526
GPC5	NA	9	2942	0.133451
GPC5-AS1	NA	0	591	0
GPC5-AS2	NA	0	415	0
GPC6	NA	31	7102	0.190416
GPC6-AS1	NA	0	698	0
GPC6-AS2	NA	0	651	0
GPCPD1	NA	679	5459	5.426
GPD1	NA	8	3083	0.113198
GPD1L	NA	379	4062	4.07026
GPD2	NA	177	6155	1.25449
GPER1	NA	25	3082	0.353859
GPHA2	NA	60	747	3.50392
GPHB5	NA	0	542	0
GPHN	NA	519	4302	5.26284
GPI	NA	4435	4474	43.2435
GPIHBP1	NA	6	2281	0.114749
GPKOW	NA	889	1746	22.2116
GPLD1	NA	58	5832	0.433844
GPM6A	NA	0	4416	0
GPM6B	NA	1855	4073	19.8679
GPN1	NA	1105	1969	24.4816
GPN2	NA	861	1510	24.8742
GPN3	NA	746	1764	18.4486
GPNMB	NA	48	2766	0.757029
GPR1	NA	3	2648	0.0494227
GPR1-AS	NA	0	3708	0
GPR101	NA	0	1527	0
GPR107	NA	1666	8341	8.71325
GPR108	NA	1058	2076	22.2322
GPR119	NA	0	1193	0
GPR12	NA	0	4848	0
GPR132	NA	4	3870	0.0450892
GPR135	NA	17	1820	0.407475
GPR137	NA	1176	2667	19.2357
GPR137B	NA	100	2042	2.13633
GPR137C	NA	166	3888	1.86254
GPR139	NA	0	1238	0
GPR141	NA	0	918	0
GPR142	NA	0	1389	0
GPR143	NA	2	1696	0.0514431
GPR146	NA	21	2218	0.413029
GPR148	NA	0	1267	0
GPR149	NA	60	2323	1.12674
GPR15	NA	0	1252	0
GPR150	NA	0	1305	0
GPR151	NA	0	1260	0
GPR152	NA	0	1429	0
GPR153	NA	209	4082	2.23355
GPR155	NA	21	7599	0.120555
GPR156	NA	7	4193	0.0728277
GPR157	NA	10	1153	0.37835
GPR158	NA	0	6662	0
GPR158-AS1	NA	0	2433	0
GPR160	NA	94	2013	2.03708
GPR161	NA	179	9095	0.858566
GPR162	NA	265	2516	4.59471
GPR17	NA	5	2599	0.0839241
GPR171	NA	0	1795	0
GPR173	NA	4	4251	0.041048
GPR174	NA	0	1258	0
GPR176	NA	11	4778	0.100431
GPR179	NA	1	7980	0.00546664
GPR18	NA	3	1661	0.0787907
GPR180	NA	379	8875	1.86292
GPR182	NA	0	1570	0
GPR183	NA	0	1785	0
GPR19	NA	36	1743	0.901007
GPR20	NA	14	1526	0.400218
GPR21	NA	0	1595	0
GPR22	NA	4	2966	0.0588318
GPR25	NA	0	1224	0
GPR26	NA	0	10304	0
GPR27	NA	1	1128	0.0386736
GPR3	NA	801	2114	16.5292
GPR31	NA	0	960	0
GPR32	NA	0	1269	0
GPR33	NA	0	1077	0
GPR34	NA	0	1928	0
GPR35	NA	43	2596	0.722582
GPR37	NA	3	3815	0.0343044
GPR37L1	NA	1	2459	0.0177405
GPR39	NA	0	2821	0
GPR4	NA	36	3047	0.515411
GPR45	NA	0	1725	0
GPR50	NA	0	2020	0
GPR52	NA	0	1472	0
GPR55	NA	0	3828	0
GPR6	NA	0	1947	0
GPR61	NA	21	2823	0.324513
GPR62	NA	20	2191	0.398209
GPR63	NA	0	6088	0
GPR65	NA	1	4522	0.00964701
GPR68	NA	42	3026	0.605485
GPR75	NA	18	2159	0.3637
GPR75-ASB3	NA	651	1966	14.4451
GPR78	NA	0	4498	0
GPR82	NA	1	3349	0.0130259
GPR83	NA	10	4282	0.101877
GPR84	NA	7	1509	0.202363
GPR85	NA	1	5314	0.00820922
GPR87	NA	4	1519	0.114875
GPR88	NA	0	3465	0
GPR89A	NA	882	2032	18.9351
GPR89B	NA	519	2116	10.6998
GPRASP1	NA	74	6017	0.536506
GPRASP2	NA	311	3975	3.41308
GPRC5A	NA	1288	2851	19.708
GPRC5B	NA	145	3359	1.88313
GPRC5C	NA	74	2434	1.32628
GPRC5D	NA	2	1038	0.0840535
GPRC6A	NA	0	2882	0
GPRIN1	NA	539	4208	5.58774
GPRIN2	NA	0	1823	0
GPRIN3	NA	8	6352	0.0549418
GPS1	NA	1771	2359	32.7502
GPS2	NA	1612	1157	60.7792
GPSM1	NA	1135	4793	10.3303
GPSM2	NA	217	3033	3.12112
GPSM3	NA	123	12887	0.416367
GPT	NA	15	1886	0.346955
GPT2	NA	1014	4311	10.2608
GPX1	NA	9	1183	0.33188
GPX2	NA	2	1499	0.0582038
GPX3	NA	35	1761	0.867026
GPX4	NA	5057	1231	179.208
GPX5	NA	0	2904	0
GPX6	NA	0	1712	0
GPX7	NA	5	1229	0.177477
GPX8	NA	650	3788	7.4856
GRAMD1A	NA	1314	2640	21.7127
GRAMD1B	NA	1074	8193	5.71853
GRAMD1C	NA	91	4104	0.967291
GRAMD2	NA	1	3292	0.0132514
GRAMD3	NA	44	3516	0.545918
GRAMD4	NA	622	4316	6.28684
GRAP	NA	25	2033	0.536446
GRAP2	NA	9	4053	0.09687
GRAPL	NA	5	967	0.225562
GRASP	NA	112	2090	2.33773
GRB10	NA	0	5276	0
GRB14	NA	51	3030	0.734262
GRB2	NA	4360	3304	57.5665
GRB7	NA	75	2701	1.21132
GREB1	NA	333	10329	1.4064
GREB1L	NA	46	6052	0.331575
GREM1	NA	1	4138	0.0105422
GREM2	NA	0	4183	0
GRHL1	NA	9	3605	0.108908
GRHL2	NA	0	5229	0
GRHL3	NA	1099	3422	14.0101
GRHPR	NA	1789	1235	63.1927
GRIA1	NA	0	6077	0
GRIA2	NA	1	5869	0.00743291
GRIA3	NA	0	5726	0
GRIA4	NA	3	7629	0.0171545
GRID1	NA	18	5849	0.13425
GRID1-AS1	NA	0	2102	0
GRID2	NA	0	5339	0
GRID2IP	NA	23	4632	0.216612
GRIFIN	NA	0	446	0
GRIK1	NA	5	3684	0.0592071
GRIK1-AS1	NA	0	1093	0
GRIK1-AS2	NA	10	1073	0.406559
GRIK2	NA	0	4811	0
GRIK3	NA	0	9219	0
GRIK4	NA	2	6302	0.0138444
GRIK5	NA	79	4301	0.801274
GRIN1	NA	7	4445	0.0686989
GRIN2A	NA	0	14788	0
GRIN2B	NA	23	5941	0.168885
GRIN2C	NA	448	4909	3.98115
GRIN2D	NA	887	5093	7.59754
GRIN3A	NA	10	7771	0.0561366
GRIN3B	NA	449	3254	6.01938
GRINA	NA	3813	1968	84.5211
GRIP1	NA	12	5060	0.103456
GRIP2	NA	506	7720	2.85928
GRIPAP1	NA	1413	3035	20.3098
GRK1	NA	4	2098	0.0831721
GRK4	NA	54	2314	1.01801
GRK5	NA	54	2558	0.920908
GRK6	NA	1290	3061	18.3844
GRK7	NA	3	1746	0.0749549
GRM1	NA	1	6839	0.00637868
GRM2	NA	4	3355	0.0520105
GRM3	NA	1	4260	0.0102403
GRM4	NA	251	8394	1.30445
GRM5	NA	0	8053	0
GRM5-AS1	NA	0	4821	0
GRM6	NA	1	6141	0.00710369
GRM7	NA	0	4239	0
GRM7-AS1	NA	0	430	0
GRM7-AS2	NA	1	510	0.0855368
GRM7-AS3	NA	0	798	0
GRM8	NA	1	3931	0.0110974
GRN	NA	4726	2346	87.8798
GRP	NA	0	847	0
GRPEL1	NA	2379	1504	69.0033
GRPEL2	NA	944	4105	10.0319
GRPR	NA	0	2681	0
GRSF1	NA	3701	6874	23.4873
GRTP1	NA	411	2250	7.96861
GRTP1-AS1	NA	35	1563	0.97686
GRWD1	NA	2780	2456	49.3787
GRXCR1	NA	0	992	0
GRXCR2	NA	1	747	0.0583986
GS1-124K5.11	NA	780	3566	9.54194
GS1-24F4.2	NA	24	1106	0.946628
GS1-259H13.2	NA	28	1121	1.08962
GS1-279B7.1	NA	1	666	0.0655012
GS1-594A7.3	NA	0	574	0
GS1-600G8.3	NA	1	2249	0.019397
GSAP	NA	0	3251	0
GSC	NA	0	1189	0
GSC2	NA	1	618	0.0705886
GSDMA	NA	0	2164	0
GSDMB	NA	106	1809	2.55617
GSDMC	NA	3	2714	0.0482208
GSDMD	NA	1	2370	0.0184067
GSE1	NA	2236	7586	12.8583
GSG1	NA	3856	2969	56.6565
GSG1L	NA	1	5020	0.00868999
GSG2	NA	340	2796	5.30475
GSK3A	NA	4338	2179	86.8471
GSK3B	NA	1833	7118	11.2338
GSKIP	NA	311	2776	4.88725
GSN	NA	4373	3483	54.7708
GSN-AS1	NA	126	4763	1.15402
GSPT1	NA	8756	7774	49.1343
GSPT2	NA	751	2846	11.5114
GSR	NA	1587	3160	21.9085
GSS	NA	2250	1900	51.6597
GSTA1	NA	0	1259	0
GSTA2	NA	0	1309	0
GSTA3	NA	0	913	0
GSTA4	NA	654	1341	21.2751
GSTA5	NA	0	844	0
GSTA7P	NA	0	5697	0
GSTCD	NA	504	4355	5.04854
GSTK1	NA	1	1226	0.0355822
GSTM1	NA	914	1185	33.6474
GSTM2	NA	1469	2018	31.7559
GSTM2P1	NA	238	1136	9.13949
GSTM3	NA	8	4127	0.0845627
GSTM4	NA	1461	1917	33.2469
GSTM5	NA	2161	1570	60.0452
GSTO1	NA	1719	1310	57.2437
GSTO2	NA	387	1591	10.6112
GSTP1	NA	7928	958	361.012
GSTT1	NA	0	1202	0
GSTT2	NA	0	1214	0
GSTT2B	NA	0	1094	0
GSTTP1	NA	0	721	0
GSTTP2	NA	0	2070	0
GSTZ1	NA	286	1722	7.2453
GSX1	NA	0	847	0
GSX2	NA	24	1212	0.863837
GTDC1	NA	222	4565	2.12146
GTF2A1	NA	1318	6487	8.86329
GTF2A1L	NA	0	1702	0
GTF2A2	NA	1858	1582	51.2345
GTF2B	NA	1066	1645	28.2693
GTF2E1	NA	893	3033	12.8441
GTF2E2	NA	1155	1536	32.803
GTF2F1	NA	11172	2551	191.049
GTF2F2	NA	1381	1453	41.4621
GTF2H1	NA	1086	3515	13.4781
GTF2H2	NA	2760	1951	61.7128
GTF2H2B	NA	1704	4374	16.9947
GTF2H2C	NA	1289	2105	26.7131
GTF2H2C_2	NA	1279	1803	30.9455
GTF2H3	NA	1102	3417	14.0689
GTF2H4	NA	622	10024	2.7069
GTF2H5	NA	965	7486	5.62342
GTF2I	NA	4768	4684	44.4061
GTF2IP1	NA	4319	3631	51.8896
GTF2IP20	NA	926	2947	13.7074
GTF2IP4	NA	4319	3636	51.8182
GTF2IRD1	NA	1394	3529	17.2319
GTF2IRD1P1	NA	278	2426	4.99893
GTF2IRD2	NA	291	3755	3.3807
GTF2IRD2B	NA	220	3585	2.67705
GTF3A	NA	2258	1404	70.1585
GTF3C1	NA	8813	7107	54.0954
GTF3C2	NA	2003	3958	22.0764
GTF3C2-AS1	NA	162	841	8.40315
GTF3C3	NA	1299	4819	11.7591
GTF3C4	NA	1351	3865	15.2486
GTF3C5	NA	2319	2441	41.4435
GTF3C6	NA	1918	950	88.0741
GTPBP1	NA	1353	5047	11.6947
GTPBP10	NA	459	7542	2.65491
GTPBP2	NA	1255	3101	17.6549
GTPBP3	NA	1498	2839	23.0181
GTPBP4	NA	4433	2517	76.8312
GTPBP6	NA	1766	2378	32.3968
GTPBP8	NA	115	1357	3.69693
GTSCR1	NA	0	598	0
GTSE1	NA	1008	3112	14.1301
GTSE1-AS1	NA	11	1518	0.316114
GTSF1	NA	2	812	0.107448
GTSF1L	NA	0	842	0
GUCA1A	NA	0	1904	0
GUCA1B	NA	30	2270	0.576526
GUCA1C	NA	0	925	0
GUCA2A	NA	0	575	0
GUCA2B	NA	0	597	0
GUCD1	NA	1433	3943	15.8541
GUCY1A2	NA	165	16219	0.443796
GUCY1A3	NA	358	10342	1.51009
GUCY1B2	NA	0	3022	0
GUCY1B3	NA	471	3794	5.4156
GUCY2C	NA	0	3842	0
GUCY2D	NA	1	3623	0.0120408
GUCY2EP	NA	0	2799	0
GUCY2F	NA	0	3698	0
GUCY2GP	NA	11	2974	0.161352
GUF1	NA	1589	4216	16.4417
GUK1	NA	1592	1280	54.2571
GULP1	NA	1771	4221	18.3032
GUSB	NA	1034	2299	19.6203
GUSBP1	NA	221	6074	1.58723
GUSBP10	NA	0	978	0
GUSBP11	NA	1	3416	0.0127704
GUSBP2	NA	63	1200	2.29025
GUSBP3	NA	145	3102	2.03915
GUSBP4	NA	287	2463	5.08324
GUSBP5	NA	0	1989	0
GUSBP9	NA	72	1220	2.57452
GVINP1	NA	1	8730	0.004997
GXYLT1	NA	689	7488	4.01399
GXYLT1P3	NA	5	2292	0.0951653
GXYLT2	NA	24	1544	0.67809
GYG1	NA	2105	2022	45.4145
GYG2	NA	53	3395	0.681019
GYG2P1	NA	22	824	1.16471
GYLTL1B	NA	1	2605	0.0167462
GYPA	NA	0	2695	0
GYPB	NA	0	609	0
GYPC	NA	81	2067	1.70949
GYPE	NA	1	1884	0.0231549
GYS1	NA	3851	3618	46.4332
GYS2	NA	3	3132	0.0417852
GZF1	NA	367	4741	3.37691
GZMA	NA	0	896	0
GZMB	NA	0	926	0
GZMH	NA	0	971	0
GZMK	NA	0	1045	0
GZMM	NA	8	941	0.370872
H19	NA	273	2597	4.58579
H1F0	NA	3420	2330	64.0315
H1FNT	NA	1	1300	0.0335567
H1FOO	NA	0	1265	0
H1FX	NA	4546	1507	131.595
H1FX-AS1	NA	135	2193	2.68546
H2AFB1	NA	4	1034	0.168757
H2AFB2	NA	6	1188	0.220322
H2AFB3	NA	4	1034	0.168757
H2AFJ	NA	1165	3667	13.8592
H2AFV	NA	2838	4704	26.3189
H2AFX	NA	4574	1593	125.257
H2AFY	NA	9548	2154	193.37
H2AFY2	NA	1258	2179	25.1853
H2AFZ	NA	9987	947	460.053
H2BFM	NA	1	1882	0.0231795
H2BFWT	NA	0	894	0
H2BFXP	NA	0	979	0
H3F3A	NA	9739	1062	400.049
H3F3AP4	NA	9739	1042	407.727
H3F3B	NA	15119	2861	230.531
H3F3C	NA	1992	1057	82.2124
H6PD	NA	962	9290	4.51734
HAAO	NA	1	1284	0.0339749
HABP2	NA	0	3149	0
HABP4	NA	1634	2665	26.7472
HACD1	NA	759	1307	25.3332
HACD2	NA	105	1187	3.85888
HACD3	NA	3881	3208	52.7755
HACD4	NA	0	1416	0
HACE1	NA	1342	4775	12.2603
HACL1	NA	979	2287	18.6741
HADH	NA	891	2033	19.1189
HADHA	NA	5792	3037	83.1969
HADHB	NA	2075	2271	39.8588
HAGH	NA	756	1610	20.4842
HAGHL	NA	589	1577	16.2932
HAGLR	NA	28	4660	0.262117
HAGLROS	NA	0	673	0
HAL	NA	23	3913	0.256414
HAMP	NA	0	426	0
HAND1	NA	5	1738	0.1255
HAND2	NA	5	2368	0.092111
HAND2-AS1	NA	0	766	0
HAO1	NA	0	1746	0
HAO2	NA	0	1701	0
HAO2-IT1	NA	0	310	0
HAP1	NA	118	3958	1.30056
HAPLN1	NA	0	4678	0
HAPLN2	NA	43	1771	1.05919
HAPLN3	NA	792	2122	16.2818
HAPLN4	NA	19	3438	0.241085
HAR1A	NA	0	2794	0
HAR1B	NA	0	896	0
HARBI1	NA	73	1522	2.09234
HARS	NA	3587	2306	67.8571
HARS2	NA	780	2610	13.037
HAS1	NA	4	2111	0.0826599
HAS2	NA	0	3275	0
HAS2-AS1	NA	0	2287	0
HAS3	NA	632	4896	5.63117
HAT1	NA	1752	1670	45.7658
HAUS1	NA	600	1165	22.4672
HAUS2	NA	752	3944	8.31772
HAUS3	NA	687	2435	12.3078
HAUS4	NA	701	1638	18.6693
HAUS5	NA	573	4309	5.80098
HAUS6	NA	1114	6365	7.63502
HAUS7	NA	797	2320	14.9863
HAUS8	NA	407	1456	12.1943
HAVCR1	NA	0	1912	0
HAVCR1P1	NA	3	1255	0.10428
HAVCR2	NA	5	2430	0.0897608
HAX1	NA	795	1179	29.4155
HBA1	NA	41	606	2.95144
HBA2	NA	39	605	2.81211
HBB	NA	0	626	0
HBBP1	NA	0	659	0
HBD	NA	0	774	0
HBE1	NA	0	816	0
HBEGF	NA	379	2358	7.01162
HBG1	NA	0	584	0
HBG2	NA	0	583	0
HBM	NA	3	510	0.25661
HBP1	NA	547	2883	8.27687
HBQ1	NA	129	653	8.61787
HBS1L	NA	1920	9332	8.97532
HBZ	NA	12	589	0.88877
HCAR1	NA	55	2977	0.805948
HCAR2	NA	1	2065	0.0211253
HCAR3	NA	1	2137	0.0204136
HCCAT5	NA	0	1078	0
HCCS	NA	619	2356	11.4614
HCFC1	NA	3292	8426	17.0436
HCFC1-AS1	NA	0	786	0
HCFC1R1	NA	1056	1117	41.2415
HCFC2	NA	154	5735	1.17141
HCG11	NA	732	5679	5.62293
HCG14	NA	0	1962	0
HCG17	NA	13	5008	0.113241
HCG18	NA	1331	52133	1.11375
HCG2040054	NA	3	434	0.301547
HCG22	NA	215	17128	0.547589
HCG23	NA	4	4923	0.0354449
HCG25	NA	151	4919	1.33913
HCG26	NA	1272	7080	7.83749
HCG27	NA	19	10012	0.0827858
HCG4	NA	0	10543	0
HCG4B	NA	4	13705	0.0127322
HCG8	NA	36	13196	0.11901
HCG9	NA	0	4500	0
HCK	NA	6	2283	0.114649
HCLS1	NA	12	2038	0.256862
HCN1	NA	12	9669	0.0541406
HCN2	NA	557	3408	7.12982
HCN3	NA	222	3874	2.49987
HCN4	NA	4	7228	0.0241415
HCP5	NA	21	9081	0.100881
HCRT	NA	0	577	0
HCRTR1	NA	24	2001	0.523224
HCRTR2	NA	0	1816	0
HCST	NA	10	507	0.860429
HDAC1	NA	3633	2091	75.794
HDAC10	NA	862	2706	13.8964
HDAC11	NA	186	3015	2.69122
HDAC11-AS1	NA	1	509	0.0857049
HDAC2	NA	4638	6929	29.2
HDAC3	NA	1884	1945	42.2556
HDAC4	NA	406	8976	1.97318
HDAC5	NA	911	5327	7.46034
HDAC6	NA	803	4099	8.54596
HDAC7	NA	2953	4301	29.9514
HDAC8	NA	444	3635	5.32846
HDAC9	NA	41	7905	0.226259
HDC	NA	7	2642	0.115582
HDDC2	NA	1857	1615	50.1606
HDDC3	NA	279	1120	10.867
HDGF	NA	14055	2798	219.132
HDGFL1	NA	0	1073	0
HDGFRP2	NA	3622	2381	66.3609
HDGFRP3	NA	1231	2434	22.0628
HDHD1	NA	843	2447	15.0285
HDHD2	NA	704	2185	14.0554
HDHD3	NA	791	2004	17.2188
HDLBP	NA	14268	6576	94.6508
HDX	NA	0	6335	0
HEATR1	NA	3868	8484	19.8888
HEATR3	NA	367	2608	6.13877
HEATR4	NA	3	3551	0.0368548
HEATR5A	NA	426	7843	2.36947
HEATR5B	NA	582	6804	3.73149
HEATR6	NA	571	3935	6.33016
HEATR9	NA	1	1969	0.0221553
HEBP1	NA	4432	1208	160.05
HEBP2	NA	584	1282	19.8723
HECA	NA	815	5621	6.3251
HECTD1	NA	3342	9177	15.8865
HECTD2	NA	249	6430	1.68932
HECTD2-AS1	NA	0	1023	0
HECTD3	NA	861	3628	10.3528
HECTD4	NA	817	15450	2.30684
HECW1	NA	1	6839	0.00637868
HECW2	NA	5	7241	0.0301228
HEG1	NA	208	9156	0.991016
HEIH	NA	18	1665	0.471608
HELB	NA	48	3611	0.579878
HELLS	NA	1004	3346	13.0897
HELQ	NA	395	5112	3.37077
HELT	NA	0	849	0
HELZ	NA	2186	13830	6.89527
HELZ2	NA	218	10129	0.938887
HEMGN	NA	0	2453	0
HEMK1	NA	246	5861	1.83099
HENMT1	NA	1	2041	0.0213737
HEPACAM	NA	0	3545	0
HEPACAM2	NA	0	2356	0
HEPH	NA	0	4775	0
HEPHL1	NA	1	5951	0.00733049
HEPN1	NA	0	1428	0
HERC1	NA	1147	15197	3.29252
HERC2	NA	4085	15340	11.6169
HERC2P10	NA	10	638	0.683758
HERC2P2	NA	3771	6075	27.0791
HERC2P3	NA	1204	4278	12.2775
HERC2P4	NA	88	2708	1.41761
HERC2P7	NA	286	1764	7.07279
HERC2P9	NA	1743	2947	25.8012
HERC3	NA	62	4974	0.543762
HERC4	NA	1062	6115	7.5762
HERC5	NA	986	3518	12.2266
HERC6	NA	216	3889	2.42292
HERPUD1	NA	469	1922	10.6449
HERPUD2	NA	472	2910	7.07575
HES1	NA	119	1461	3.5532
HES2	NA	66	4260	0.675861
HES3	NA	1	697	0.0625879
HES4	NA	792	1040	33.2212
HES5	NA	0	1306	0
HES6	NA	630	1454	18.9016
HES7	NA	361	1682	9.36277
HESX1	NA	39	1173	1.45041
HEXA	NA	2291	2437	41.0103
HEXA-AS1	NA	28	2676	0.456452
HEXB	NA	4998	2437	89.4672
HEXDC	NA	520	2222	10.209
HEXIM1	NA	3306	4785	30.1401
HEXIM2	NA	285	2701	4.60303
HEY1	NA	3	2578	0.0507647
HEY2	NA	1	2672	0.0163263
HEYL	NA	26	4114	0.275697
HFE	NA	30	2222	0.58898
HFE2	NA	22	2215	0.433284
HFM1	NA	46	4931	0.406955
HGC6.3	NA	6	1016	0.257621
HGD	NA	2	2010	0.0434067
HGF	NA	0	4284	0
HGFAC	NA	1	2134	0.0204423
HGH1	NA	2328	5062	20.0625
HGS	NA	2836	2972	41.6275
HGSNAT	NA	988	5214	8.26626
HHAT	NA	404	3962	4.44826
HHATL	NA	2	1999	0.0436456
HHEX	NA	75	1759	1.86002
HHIP	NA	5	3555	0.0613555
HHIP-AS1	NA	1	1132	0.0385369
HHIPL1	NA	1	3905	0.0111713
HHIPL2	NA	8	2574	0.135583
HHLA1	NA	0	4105	0
HHLA2	NA	0	2912	0
HHLA3	NA	138	951	6.33026
HIAT1	NA	1112	2637	18.3958
HIATL1	NA	1580	3298	20.8992
HIATL2	NA	182	786	10.1012
HIBADH	NA	980	1998	21.397
HIBCH	NA	748	1939	16.8286
HIC1	NA	1453	3194	19.8451
HIC2	NA	1152	6796	7.39473
HID1	NA	210	3342	2.74117
HID1-AS1	NA	0	830	0
HIF1A	NA	1925	4395	19.1071
HIF1A-AS1	NA	45	652	3.01084
HIF1A-AS2	NA	982	2051	20.8867
HIF1AN	NA	1779	6912	11.2278
HIF3A	NA	1	6394	0.00682261
HIGD1A	NA	4365	3055	62.3299
HIGD1B	NA	8	709	0.492229
HIGD1C	NA	0	294	0
HIGD2A	NA	1914	611	136.655
HIGD2B	NA	2	1117	0.0781088
HILPDA	NA	294	1412	9.08314
HILS1	NA	0	1049	0
HINFP	NA	625	2417	11.2805
HINT1	NA	5721	1068	233.681
HINT2	NA	816	652	54.5966
HINT3	NA	453	3379	5.84835
HIP1	NA	1510	8040	8.19302
HIP1R	NA	434	5504	3.43981
HIPK1	NA	1029	8502	5.2798
HIPK1-AS1	NA	4	2281	0.0764994
HIPK2	NA	77	15225	0.220626
HIPK3	NA	853	8113	4.5866
HIPK4	NA	6	2486	0.105287
HIRA	NA	1628	4013	17.6974
HIRIP3	NA	343	3048	4.90911
HIST1H1A	NA	0	781	0
HIST1H1B	NA	3	790	0.16566
HIST1H1C	NA	573	732	34.1481
HIST1H1D	NA	3	777	0.168432
HIST1H1E	NA	3	785	0.166715
HIST1H1T	NA	1	725	0.0601707
HIST1H2AA	NA	0	500	0
HIST1H2AB	NA	0	477	0
HIST1H2AC	NA	55	546	4.39434
HIST1H2AD	NA	32	510	2.73718
HIST1H2AE	NA	47	564	3.63531
HIST1H2AG	NA	33	498	2.89073
HIST1H2AH	NA	0	481	0
HIST1H2AI	NA	1	469	0.0930144
HIST1H2AJ	NA	4	439	0.397483
HIST1H2AK	NA	6	460	0.569006
HIST1H2AL	NA	0	470	0
HIST1H2AM	NA	40	487	3.58306
HIST1H2APS1	NA	0	429	0
HIST1H2BA	NA	0	437	0
HIST1H2BB	NA	1	431	0.101215
HIST1H2BC	NA	38	438	3.78471
HIST1H2BD	NA	171	861	8.66395
HIST1H2BE	NA	55	435	5.51565
HIST1H2BF	NA	3	430	0.304352
HIST1H2BG	NA	25	445	2.45077
HIST1H2BH	NA	23	425	2.36082
HIST1H2BI	NA	1	437	0.0998256
HIST1H2BJ	NA	44	481	3.99053
HIST1H2BK	NA	3802	839	197.685
HIST1H2BL	NA	1	453	0.0962997
HIST1H2BM	NA	0	446	0
HIST1H2BN	NA	44	449	4.27494
HIST1H2BO	NA	55	467	5.1377
HIST1H3A	NA	4	469	0.372058
HIST1H3B	NA	13	472	1.2015
HIST1H3C	NA	10	459	0.950409
HIST1H3D	NA	88	921	4.16818
HIST1H3E	NA	16	462	1.51078
HIST1H3F	NA	1	466	0.0936132
HIST1H3G	NA	11	467	1.02754
HIST1H3H	NA	41	473	3.78134
HIST1H3I	NA	0	477	0
HIST1H3J	NA	5	478	0.456316
HIST1H4A	NA	0	372	0
HIST1H4B	NA	0	357	0
HIST1H4C	NA	0	390	0
HIST1H4D	NA	1	367	0.118866
HIST1H4E	NA	7	377	0.80999
HIST1H4F	NA	0	368	0
HIST1H4G	NA	0	367	0
HIST1H4H	NA	22	374	2.5661
HIST1H4I	NA	5	370	0.58951
HIST1H4J	NA	26	356	3.18601
HIST1H4K	NA	27	354	3.32724
HIST1H4L	NA	0	364	0
HIST2H2AA3	NA	783	534	63.9652
HIST2H2AA4	NA	783	534	63.9652
HIST2H2AB	NA	0	448	0
HIST2H2AC	NA	216	437	21.5623
HIST2H2BA	NA	11	515	0.93177
HIST2H2BC	NA	185	582	13.8667
HIST2H2BE	NA	216	2223	4.23875
HIST2H2BF	NA	19	1067	0.776806
HIST2H3A	NA	17	507	1.46273
HIST2H3C	NA	17	507	1.46273
HIST2H3D	NA	6	457	0.572741
HIST2H4A	NA	62	396	6.82998
HIST2H4B	NA	62	396	6.82998
HIST3H2A	NA	141	496	12.4011
HIST3H2BB	NA	9	452	0.868615
HIST3H3	NA	0	481	0
HIST4H4	NA	6	412	0.635298
HIVEP1	NA	1380	8874	6.78395
HIVEP2	NA	88	9724	0.394785
HIVEP3	NA	18	14115	0.0556307
HJURP	NA	1700	3189	23.2551
HK1	NA	1502	4288	15.2805
HK2	NA	1349	7093	8.2967
HK3	NA	2	3068	0.0284379
HKDC1	NA	212	3689	2.50698
HKR1	NA	669	2929	9.96391
HLA-A	NA	720	11575	2.71353
HLA-B	NA	826	9432	3.82032
HLA-C	NA	575	10757	2.33185
HLA-DMA	NA	99	8997	0.480022
HLA-DMB	NA	46	11140	0.180134
HLA-DOA	NA	234	24387	0.418582
HLA-DOB	NA	504	8232	2.67084
HLA-DPA1	NA	11	14229	0.0337242
HLA-DPB1	NA	18	32188	0.0243951
HLA-DPB2	NA	0	5194	0
HLA-DQA1	NA	0	1542	0
HLA-DQA2	NA	37	9214	0.175177
HLA-DQB1	NA	0	4940	0
HLA-DQB2	NA	379	9677	1.70853
HLA-DRA	NA	7	8968	0.0340507
HLA-DRB1	NA	9	6373	0.0616058
HLA-DRB3	NA	6	1158	0.22603
HLA-DRB4	NA	2	2378	0.0366895
HLA-DRB5	NA	1	1168	0.0373491
HLA-DRB6	NA	1	1568	0.0278213
HLA-E	NA	2552	17576	6.33408
HLA-F	NA	5	8305	0.0262636
HLA-F-AS1	NA	19	9078	0.0913033
HLA-G	NA	0	7910	0
HLA-H	NA	91	9491	0.418266
HLA-J	NA	19	11964	0.0692788
HLA-L	NA	59	24587	0.104681
HLCS	NA	834	7368	4.93787
HLF	NA	17	5599	0.132453
HLTF	NA	1812	5351	14.7722
HLTF-AS1	NA	10	415	1.05118
HLX	NA	4	2278	0.0766001
HLX-AS1	NA	1	563	0.0774845
HM13	NA	2550	3489	31.8832
HM13-AS1	NA	9	489	0.802892
HMBOX1	NA	116	3518	1.43842
HMBS	NA	579	1692	14.928
HMCES	NA	701	1858	16.4587
HMCN1	NA	2814	18212	6.74046
HMCN2	NA	8	13997	0.0249332
HMG20A	NA	1301	4136	13.7221
HMG20B	NA	2073	1584	57.091
HMGA1	NA	62839	2400	1142.2
HMGA1P7	NA	2	2189	0.0398573
HMGA2	NA	15941	5124	135.716
HMGB1	NA	13263	3426	168.88
HMGB2	NA	4886	1653	128.945
HMGB3	NA	1795	3915	20.0012
HMGB3P1	NA	0	888	0
HMGB4	NA	0	2343	0
HMGCL	NA	663	1608	17.9867
HMGCLL1	NA	0	4630	0
HMGCR	NA	8090	4582	77.0223
HMGCS1	NA	2896	5450	23.1806
HMGCS2	NA	0	2466	0
HMGN1	NA	7848	1304	262.546
HMGN2	NA	7112	1969	157.568
HMGN2P46	NA	742	1927	16.7975
HMGN3	NA	2745	1470	81.4607
HMGN3-AS1	NA	93	2993	1.3555
HMGN4	NA	2590	1968	57.4114
HMGN5	NA	63	2126	1.29271
HMGXB3	NA	2452	5406	19.7864
HMGXB4	NA	690	4251	7.08078
HMHA1	NA	2257	7078	13.9105
HMHB1	NA	0	384	0
HMMR	NA	963	3143	13.3661
HMMR-AS1	NA	133	1269	4.57207
HMOX1	NA	2133	1590	58.5217
HMOX2	NA	1354	2817	20.9679
HMP19	NA	6	2452	0.106747
HMSD	NA	0	625	0
HMX1	NA	72	2145	1.46429
HMX2	NA	2	1628	0.0535919
HMX3	NA	1	1074	0.040618
HN1	NA	3387	3084	47.9098
HN1L	NA	4765	3683	56.4397
HNCAT21	NA	4	1219	0.143146
HNF1A	NA	56	3437	0.710774
HNF1A-AS1	NA	2	2455	0.0355387
HNF1B	NA	0	2809	0
HNF4A	NA	1	5470	0.0079751
HNF4A-AS1	NA	0	648	0
HNF4G	NA	0	4093	0
HNMT	NA	0	4178	0
HNRNPA0	NA	9234	2967	135.767
HNRNPA1	NA	30259	1925	685.72
HNRNPA1L2	NA	17694	2365	326.376
HNRNPA1P10	NA	24877	1356	800.316
HNRNPA1P33	NA	716	542	57.6285
HNRNPA2B1	NA	31890	3702	375.787
HNRNPA3	NA	10696	5808	80.3374
HNRNPA3P1	NA	499	3006	7.2416
HNRNPAB	NA	8059	1816	193.593
HNRNPC	NA	22551	3251	302.602
HNRNPCL1	NA	527	1170	19.6493
HNRNPCL2	NA	78	1156	2.94347
HNRNPCL3	NA	527	1006	22.8526
HNRNPCL4	NA	520	928	24.4444
HNRNPD	NA	12057	2257	233.04
HNRNPDL	NA	9085	4245	93.3621
HNRNPF	NA	12259	3369	158.737
HNRNPH1	NA	11692	2290	222.729
HNRNPH2	NA	2632	2392	48.0007
HNRNPH3	NA	4086	2412	73.9
HNRNPK	NA	20696	3095	291.708
HNRNPKP3	NA	15	1882	0.347692
HNRNPL	NA	8466	2159	171.06
HNRNPLL	NA	961	3035	13.813
HNRNPM	NA	10162	2636	168.173
HNRNPR	NA	6675	7840	37.1414
HNRNPU	NA	24939	6846	158.915
HNRNPU-AS1	NA	1030	5045	8.90634
HNRNPUL1	NA	5917	3987	64.7409
HNRNPUL2	NA	6423	5147	54.4386
HNRNPUL2-BSCL2	NA	6642	4014	72.1846
HOGA1	NA	22	2482	0.386673
HOMER1	NA	337	4312	3.40937
HOMER2	NA	598	1992	13.0959
HOMER3	NA	1252	2649	20.618
HOMEZ	NA	865	3741	10.0868
HOOK1	NA	2	5857	0.0148963
HOOK2	NA	673	2610	11.2486
HOOK3	NA	631	14440	1.90627
HOPX	NA	0	1896	0
HORMAD1	NA	2	1898	0.0459681
HORMAD2	NA	9	1895	0.207184
HORMAD2-AS1	NA	14	1152	0.53015
HOTAIR	NA	141	2579	2.38501
HOTAIRM1	NA	139	1044	5.80815
HOTS	NA	187	3887	2.0987
HOTTIP	NA	0	4665	0
HOXA-AS2	NA	10	1048	0.416257
HOXA-AS3	NA	321	4168	3.3597
HOXA1	NA	152	2547	2.60338
HOXA10	NA	257	3187	3.51783
HOXA10-AS	NA	213	1161	8.00333
HOXA10-HOXA9	NA	689	2110	14.2449
HOXA11	NA	82	2653	1.34834
HOXA11-AS	NA	55	1549	1.54894
HOXA13	NA	0	2514	0
HOXA2	NA	5	1778	0.122677
HOXA3	NA	65	3476	0.815749
HOXA4	NA	19	1728	0.47966
HOXA5	NA	61	1657	1.60594
HOXA6	NA	2	802	0.108787
HOXA7	NA	367	2015	7.94537
HOXA9	NA	768	2057	16.2873
HOXB-AS1	NA	33	797	1.80625
HOXB-AS3	NA	5	1412	0.154475
HOXB1	NA	0	1014	0
HOXB13	NA	1304	3036	18.737
HOXB2	NA	308	1602	8.38709
HOXB3	NA	136	3618	1.63981
HOXB4	NA	77	2033	1.65225
HOXB5	NA	14	1821	0.335383
HOXB6	NA	18	1676	0.468513
HOXB7	NA	62	1366	1.98
HOXB8	NA	6	1823	0.143578
HOXB9	NA	49	2700	0.791691
HOXC-AS1	NA	38	548	3.02501
HOXC-AS2	NA	23	504	1.99077
HOXC-AS3	NA	68	368	8.06091
HOXC10	NA	1589	1959	35.3845
HOXC11	NA	348	2037	7.45266
HOXC12	NA	1	849	0.0513825
HOXC13	NA	935	2396	17.0235
HOXC13-AS	NA	115	1408	3.56302
HOXC4	NA	155	2346	2.88222
HOXC5	NA	48	2175	0.962732
HOXC6	NA	613	2244	11.9168
HOXC8	NA	316	2288	6.02496
HOXC9	NA	433	1541	12.2577
HOXD-AS2	NA	20	692	1.2608
HOXD1	NA	6	1975	0.132528
HOXD10	NA	0	1804	0
HOXD11	NA	0	1463	0
HOXD12	NA	0	813	0
HOXD13	NA	1	2327	0.0187468
HOXD3	NA	43	2299	0.81593
HOXD4	NA	25	1296	0.841508
HOXD8	NA	60	2629	0.995598
HOXD9	NA	200	1885	4.62852
HP	NA	0	1431	0
HP09025	NA	0	4192	0
HP09053	NA	152	2018	3.28583
HP1BP3	NA	3750	3921	41.7213
HPCA	NA	44	1406	1.36518
HPCAL1	NA	304	2740	4.84001
HPCAL4	NA	26	4983	0.227618
HPD	NA	1983	1942	44.5448
HPDL	NA	4	1802	0.0968341
HPGD	NA	0	3027	0
HPGDS	NA	0	1615	0
HPN	NA	0	2365	0
HPN-AS1	NA	0	4617	0
HPR	NA	0	1242	0
HPRT1	NA	1104	1415	34.0358
HPS1	NA	1102	4151	11.5812
HPS3	NA	2184	4129	23.0744
HPS4	NA	1092	5634	8.4553
HPS5	NA	658	4880	5.88206
HPS6	NA	939	2672	15.3304
HPSE	NA	73	4720	0.67469
HPSE2	NA	2	4419	0.0197437
HPVC1	NA	0	1198	0
HPX	NA	27	1623	0.725719
HPYR1	NA	0	982	0
HR	NA	16	5516	0.126537
HRAS	NA	1435	1234	50.7294
HRASLS	NA	3	1063	0.123115
HRASLS2	NA	0	742	0
HRASLS5	NA	0	3113	0
HRAT13	NA	0	2409	0
HRAT17	NA	0	707	0
HRAT5	NA	1	832	0.0524324
HRAT56	NA	1	3193	0.0136623
HRAT92	NA	22	3506	0.273737
HRC	NA	42	2384	0.76854
HRCT1	NA	0	950	0
HRG	NA	0	2003	0
HRH1	NA	0	4818	0
HRH2	NA	1	4048	0.0107766
HRH3	NA	8	2680	0.13022
HRH4	NA	1	3668	0.0118931
HRK	NA	39	1839	0.925137
HRNR	NA	0	9632	0
HRSP12	NA	1291	1011	55.7055
HS1BP3	NA	678	2403	12.3083
HS1BP3-IT1	NA	12	600	0.872475
HS2ST1	NA	1148	7265	6.89334
HS3ST1	NA	0	1965	0
HS3ST2	NA	1	1952	0.0223482
HS3ST3A1	NA	0	4199	0
HS3ST3B1	NA	9	5400	0.0727063
HS3ST4	NA	2	3203	0.0272393
HS3ST5	NA	0	2744	0
HS3ST6	NA	5	1155	0.188848
HS6ST1	NA	875	3952	9.6586
HS6ST2	NA	4300	4567	41.0734
HS6ST2-AS1	NA	0	549	0
HS6ST3	NA	0	7804	0
HSBP1	NA	7997	1989	175.394
HSBP1L1	NA	277	750	16.1117
HSCB	NA	394	1088	15.7976
HSD11B1	NA	0	1566	0
HSD11B1L	NA	155	2122	3.18647
HSD11B2	NA	2	1882	0.046359
HSD17B1	NA	775	2231	15.1539
HSD17B10	NA	3510	963	159.003
HSD17B11	NA	530	1887	12.2526
HSD17B12	NA	1935	2545	33.1678
HSD17B13	NA	4	2397	0.0727973
HSD17B14	NA	1109	1237	39.1098
HSD17B2	NA	2	1434	0.0608421
HSD17B3	NA	16	1134	0.615503
HSD17B4	NA	886	2938	13.1554
HSD17B6	NA	9	1618	0.242654
HSD17B7	NA	212	1749	5.28773
HSD17B7P2	NA	110	1401	3.42514
HSD17B8	NA	54	5970	0.394587
HSD3B1	NA	0	1680	0
HSD3B2	NA	0	1870	0
HSD3B7	NA	250	2378	4.58618
HSD3BP4	NA	0	8697	0
HSD52	NA	0	1043	0
HSDL1	NA	855	3668	10.1686
HSDL2	NA	1628	3373	21.0553
HSF1	NA	1725	2152	34.9679
HSF2	NA	754	2885	11.4012
HSF2BP	NA	90	1899	2.06748
HSF4	NA	501	2618	8.34817
HSF5	NA	0	4111	0
HSFX1	NA	8	1955	0.178512
HSFX2	NA	8	1962	0.177875
HSFY1	NA	0	2293	0
HSFY1P1	NA	0	1381	0
HSFY2	NA	0	2309	0
HSH2D	NA	58	3074	0.82309
HSP90AA1	NA	36269	4074	388.363
HSP90AB1	NA	53903	2895	812.246
HSP90AB4P	NA	27	3135	0.375707
HSP90B1	NA	13562	2862	206.718
HSP90B2P	NA	969	2752	15.3603
HSPA12A	NA	30	5722	0.228716
HSPA12B	NA	20	3148	0.277152
HSPA13	NA	874	3986	9.56527
HSPA14	NA	1609	6250	11.2305
HSPA1A	NA	1769	12145	6.35409
HSPA1B	NA	2428	12601	8.40556
HSPA1L	NA	121	12685	0.41612
HSPA2	NA	4	2769	0.0630174
HSPA4	NA	9129	3385	117.649
HSPA4L	NA	550	3270	7.33733
HSPA5	NA	17426	3970	191.483
HSPA6	NA	41	2358	0.758513
HSPA7	NA	14	2493	0.244979
HSPA8	NA	58554	2460	1038.35
HSPA9	NA	20379	3506	253.568
HSPB1	NA	13420	897	652.654
HSPB11	NA	1015	601	73.6741
HSPB2	NA	3317	841	172.057
HSPB2-C11orf52	NA	352	1527	10.056
HSPB3	NA	0	784	0
HSPB6	NA	32	1460	0.956137
HSPB7	NA	39	2892	0.588287
HSPB8	NA	6	2002	0.130741
HSPB9	NA	2	616	0.141636
HSPBAP1	NA	343	1954	7.6576
HSPBP1	NA	1275	2064	26.9478
HSPD1	NA	26155	2436	468.383
HSPE1	NA	4509	953	206.4
HSPE1-MOB4	NA	2857	4279	29.1267
HSPG2	NA	1924	14343	5.85178
HSPH1	NA	4976	5727	37.9032
HTATIP2	NA	0	2233	0
HTATSF1	NA	2142	3133	29.8251
HTATSF1P2	NA	294	4616	2.77846
HTN1	NA	0	570	0
HTN3	NA	0	578	0
HTR1A	NA	0	2245	0
HTR1B	NA	1	1173	0.0371899
HTR1D	NA	22	2835	0.338527
HTR1E	NA	0	2048	0
HTR1F	NA	0	3178	0
HTR2A	NA	0	5442	0
HTR2A-AS1	NA	0	441	0
HTR2B	NA	142	2232	2.77535
HTR2C	NA	0	4842	0
HTR3A	NA	0	2410	0
HTR3B	NA	1	1888	0.0231058
HTR3C	NA	1	1699	0.0256761
HTR3D	NA	0	2068	0
HTR3E	NA	0	2523	0
HTR4	NA	0	4207	0
HTR5A	NA	0	4555	0
HTR5A-AS1	NA	0	2701	0
HTR6	NA	1763	3388	22.7003
HTR7	NA	4	3351	0.0520725
HTR7P1	NA	1572	4389	15.6246
HTRA1	NA	82	2120	1.68733
HTRA2	NA	1107	2550	18.9378
HTRA3	NA	1	3382	0.0128988
HTRA4	NA	0	2110	0
HTT	NA	2583	13646	8.25738
HTT-AS	NA	0	740	0
HULC	NA	1	485	0.0899459
HUNK	NA	10	7385	0.0590708
HUS1	NA	443	3075	6.28466
HUS1B	NA	16	1026	0.680293
HUWE1	NA	6287	14741	18.6054
HVCN1	NA	15	1814	0.360726
HYAL1	NA	321	2950	4.74686
HYAL2	NA	1742	2413	31.493
HYAL3	NA	181	1987	3.97378
HYAL4	NA	0	2406	0
HYALP1	NA	0	983	0
HYDIN	NA	2	16506	0.00528581
HYDIN2	NA	0	8867	0
HYI	NA	508	1367	16.2113
HYKK	NA	44	1309	1.46635
HYLS1	NA	111	2518	1.92305
HYMAI	NA	20	3815	0.228696
HYOU1	NA	4831	4643	45.3901
HYPK	NA	854	1333	27.948
HYPM	NA	0	501	0
IAH1	NA	6	906	0.288899
IAPP	NA	0	1976	0
IARS	NA	6077	4711	56.2729
IARS2	NA	2494	3549	30.6559
IBA57	NA	325	7904	1.79374
IBA57-AS1	NA	7	641	0.476391
IBSP	NA	0	1591	0
IBTK	NA	4629	6050	33.3776
ICA1	NA	644	2683	10.471
ICA1L	NA	480	8958	2.33751
ICAM1	NA	1677	3246	22.5376
ICAM2	NA	9	1523	0.25779
ICAM3	NA	280	1780	6.86217
ICAM4	NA	77	1489	2.2559
ICAM5	NA	777	3002	11.291
ICE1	NA	1758	7948	9.64904
ICE2	NA	952	9732	4.26735
ICK	NA	196	6238	1.37067
ICMT	NA	2733	4815	24.7609
ICOS	NA	0	2643	0
ICOSLG	NA	190	3387	2.44716
ICT1	NA	617	900	29.9065
ID1	NA	5527	1232	195.705
ID2	NA	1807	1364	57.7919
ID2-AS1	NA	16	1573	0.443726
ID3	NA	14600	1239	514.049
ID4	NA	1729	3876	19.4596
IDE	NA	1772	5986	12.9137
IDH1	NA	10097	2781	158.385
IDH1-AS1	NA	16	491	1.42155
IDH2	NA	590	1856	13.8675
IDH3A	NA	1236	2665	20.2323
IDH3B	NA	3701	1843	87.6026
IDH3G	NA	1446	1723	36.6105
IDI1	NA	2606	2136	53.2226
IDI2	NA	233	1359	7.47928
IDI2-AS1	NA	118	1305	3.94453
IDNK	NA	47	1814	1.13027
IDO1	NA	1	1931	0.0225913
IDO2	NA	1	2294	0.0190165
IDS	NA	1638	6165	11.5905
IDUA	NA	410	2218	8.06391
IER2	NA	4309	2046	91.8743
IER3	NA	9892	6930	62.2693
IER3IP1	NA	1420	1504	41.1873
IER5	NA	1904	2342	35.4653
IER5L	NA	2610	2710	42.014
IFFO1	NA	579	2831	8.92199
IFFO2	NA	1214	5835	9.07614
IFI16	NA	5	2902	0.0751616
IFI27	NA	16	819	0.852235
IFI27L1	NA	184	715	11.2263
IFI27L2	NA	1014	467	94.7206
IFI30	NA	1400	1028	59.4098
IFI35	NA	237	1250	8.27107
IFI44	NA	0	1726	0
IFI44L	NA	0	5895	0
IFI6	NA	289	860	14.6596
IFIH1	NA	0	3600	0
IFIT1	NA	16	4728	0.147627
IFIT1B	NA	0	1972	0
IFIT2	NA	1	3495	0.0124818
IFIT3	NA	1	2839	0.0153659
IFIT5	NA	15	4034	0.16221
IFITM1	NA	1252	717	76.1743
IFITM10	NA	77	3709	0.905643
IFITM2	NA	823	730	49.1813
IFITM3	NA	3952	668	258.086
IFITM4P	NA	0	1741	0
IFITM5	NA	0	735	0
IFNA1	NA	0	863	0
IFNA10	NA	0	963	0
IFNA13	NA	0	705	0
IFNA14	NA	0	778	0
IFNA16	NA	0	939	0
IFNA17	NA	0	980	0
IFNA2	NA	0	1143	0
IFNA21	NA	0	1024	0
IFNA22P	NA	0	876	0
IFNA4	NA	0	981	0
IFNA5	NA	0	700	0
IFNA6	NA	0	570	0
IFNA7	NA	0	737	0
IFNA8	NA	0	1039	0
IFNAR1	NA	865	6094	6.19208
IFNAR2	NA	136	3163	1.8757
IFNB1	NA	0	840	0
IFNE	NA	0	1474	0
IFNG	NA	0	1210	0
IFNG-AS1	NA	0	1909	0
IFNGR1	NA	339	2120	6.97569
IFNGR2	NA	1353	2221	26.575
IFNK	NA	0	1140	0
IFNL1	NA	0	856	0
IFNL2	NA	1	734	0.0594329
IFNL3	NA	0	595	0
IFNL4	NA	1	1637	0.0266486
IFNLR1	NA	128	4563	1.22372
IFNW1	NA	0	1514	0
IFRD1	NA	792	4138	8.34945
IFRD2	NA	2234	2109	46.2093
IFT122	NA	419	4570	3.99964
IFT140	NA	667	5268	5.52336
IFT172	NA	208	5467	1.65973
IFT20	NA	795	1233	28.1273
IFT22	NA	1029	2543	17.6519
IFT27	NA	660	1415	20.3475
IFT43	NA	292	1856	6.86322
IFT46	NA	196	1875	4.56014
IFT52	NA	583	2001	12.71
IFT57	NA	1076	3203	14.6548
IFT74	NA	701	2772	11.0318
IFT74-AS1	NA	2	417	0.209227
IFT80	NA	765	4792	6.96415
IFT81	NA	637	3723	7.46397
IFT88	NA	253	3160	3.49266
IGBP1	NA	1033	1660	27.1466
IGBP1P1	NA	121	575	9.17996
IGDCC3	NA	417	4479	4.06142
IGDCC4	NA	218	6485	1.46646
IGF1	NA	2	7814	0.0111655
IGF1R	NA	2056	12235	7.33065
IGF2	NA	11	6420	0.0747448
IGF2-AS	NA	0	2842	0
IGF2BP1	NA	6260	8769	31.1421
IGF2BP2	NA	2694	3809	30.8539
IGF2BP2-AS1	NA	3	1531	0.0854809
IGF2BP3	NA	2309	4159	24.2191
IGF2R	NA	2594	9091	12.4475
IGFALS	NA	8	2270	0.15374
IGFBP1	NA	1	1650	0.0264387
IGFBP2	NA	27	1429	0.824242
IGFBP3	NA	147	2631	2.43736
IGFBP4	NA	931	2236	18.1636
IGFBP5	NA	28	6239	0.195779
IGFBP6	NA	201	966	9.077
IGFBP7	NA	159	1317	5.26665
IGFBP7-AS1	NA	9	1389	0.282659
IGFBPL1	NA	59	3559	0.723181
IGFL1	NA	0	769	0
IGFL2	NA	21	955	0.959266
IGFL3	NA	51	662	3.36074
IGFL4	NA	3	573	0.228397
IGFLR1	NA	40	1196	1.45899
IGFN1	NA	5989	11810	22.1222
IGHMBP2	NA	672	3954	7.41406
IGIP	NA	39	2871	0.59259
IGLL1	NA	0	900	0
IGLL3P	NA	2	675	0.129256
IGLL5	NA	0	1058	0
IGLON5	NA	51	3100	0.717681
IGSF1	NA	9	5649	0.0695015
IGSF10	NA	1	8787	0.00496458
IGSF11	NA	0	3861	0
IGSF11-AS1	NA	0	1601	0
IGSF21	NA	0	1944	0
IGSF22	NA	0	4334	0
IGSF23	NA	12	989	0.529308
IGSF3	NA	136	7327	0.809722
IGSF5	NA	0	2066	0
IGSF6	NA	0	1044	0
IGSF8	NA	347	2334	6.48563
IGSF9	NA	7	4044	0.075511
IGSF9B	NA	118	4758	1.08188
IHH	NA	3	2072	0.0631618
IK	NA	1807	1935	40.7381
IKBIP	NA	1848	4099	19.6674
IKBKAP	NA	1416	6114	10.1032
IKBKB	NA	556	4187	5.79289
IKBKE	NA	181	3474	2.27286
IKBKG	NA	499	2711	8.02961
IKZF1	NA	0	8317	0
IKZF2	NA	14	9657	0.0632425
IKZF3	NA	18	10008	0.07846
IKZF4	NA	91	5451	0.728263
IKZF5	NA	336	4809	3.04795
IL10	NA	0	1629	0
IL10RA	NA	0	3787	0
IL10RB	NA	310	1961	6.89616
IL10RB-AS1	NA	7	469	0.651101
IL11	NA	296	2378	5.43004
IL11RA	NA	78	1824	1.86549
IL12A	NA	21	1443	0.634857
IL12A-AS1	NA	3	2424	0.0539898
IL12B	NA	2	2347	0.0371741
IL12RB1	NA	4	3616	0.0482564
IL12RB2	NA	4	4221	0.0413398
IL13	NA	3	1282	0.102084
IL13RA1	NA	654	4006	7.1218
IL13RA2	NA	24	1373	0.762542
IL15	NA	5	2811	0.0775948
IL15RA	NA	12	2211	0.236764
IL16	NA	9	8340	0.047076
IL17A	NA	0	1859	0
IL17B	NA	3	695	0.188304
IL17C	NA	3	1045	0.125236
IL17D	NA	105	1861	2.46131
IL17F	NA	1	808	0.0539898
IL17RA	NA	663	8608	3.35996
IL17RB	NA	109	2040	2.33088
IL17RC	NA	114	2857	1.74068
IL17RD	NA	4365	8720	21.8369
IL17RE	NA	99	2929	1.47448
IL17REL	NA	2	3635	0.0240021
IL18	NA	0	1147	0
IL18BP	NA	133	2904	1.99792
IL18R1	NA	0	3718	0
IL18RAP	NA	0	2671	0
IL19	NA	0	1969	0
IL1A	NA	5	2928	0.0744941
IL1B	NA	0	1498	0
IL1F10	NA	0	1413	0
IL1R1	NA	0	5311	0
IL1R2	NA	1	1699	0.0256761
IL1RAP	NA	2	7043	0.0123878
IL1RAPL1	NA	0	2679	0
IL1RAPL2	NA	0	2985	0
IL1RL1	NA	0	5001	0
IL1RL2	NA	0	1964	0
IL1RN	NA	1	2113	0.0206454
IL2	NA	0	798	0
IL20	NA	0	1234	0
IL20RA	NA	0	3922	0
IL20RB	NA	53	2046	1.13004
IL21	NA	0	707	0
IL21-AS1	NA	1	3748	0.0116392
IL21R	NA	12	5094	0.102765
IL21R-AS1	NA	18	2614	0.300393
IL22	NA	0	1147	0
IL22RA1	NA	4	2962	0.0589112
IL22RA2	NA	0	2897	0
IL23A	NA	1233	1042	51.6201
IL23R	NA	4	2814	0.0620096
IL24	NA	0	1979	0
IL25	NA	0	1367	0
IL26	NA	0	1047	0
IL27	NA	2	1044	0.0835704
IL27RA	NA	907	2659	14.8803
IL2RA	NA	0	3216	0
IL2RB	NA	1	4043	0.01079
IL2RG	NA	0	1534	0
IL3	NA	0	924	0
IL31	NA	1	904	0.0482564
IL31RA	NA	0	4400	0
IL32	NA	76	1483	2.23561
IL33	NA	1	2706	0.0161211
IL34	NA	48	1917	1.0923
IL36A	NA	0	477	0
IL36B	NA	0	1869	0
IL36G	NA	3	1212	0.10798
IL36RN	NA	0	2801	0
IL37	NA	2	838	0.104114
IL3RA	NA	20	3420	0.25511
IL4	NA	2	618	0.141177
IL4I1	NA	730	2496	12.7586
IL4R	NA	470	3933	5.21311
IL5	NA	1	816	0.0534605
IL5RA	NA	0	6306	0
IL6	NA	1	1184	0.0368444
IL6R	NA	554	6565	3.68127
IL6ST	NA	600	9101	2.87598
IL7	NA	0	2076	0
IL7R	NA	0	4600	0
IL9	NA	0	591	0
IL9R	NA	19	4556	0.181925
ILDR1	NA	0	2888	0
ILDR2	NA	16	8127	0.0858841
ILF2	NA	11208	1906	256.524
ILF3	NA	12630	7473	73.7279
ILF3-AS1	NA	641	2011	13.9049
ILK	NA	1581	2186	31.5504
ILKAP	NA	1102	1443	33.3149
ILVBL	NA	710	2331	13.2874
IMMP1L	NA	209	804	11.34
IMMP2L	NA	290	1577	8.02213
IMMT	NA	5094	3001	74.0485
IMP3	NA	2850	1239	100.345
IMP4	NA	1142	1049	47.4913
IMPA1	NA	624	3597	7.56776
IMPA2	NA	396	1537	11.2394
IMPACT	NA	1182	3758	13.7209
IMPAD1	NA	1559	7230	9.40656
IMPDH1	NA	1587	2735	25.313
IMPDH2	NA	4662	1691	120.268
IMPG1	NA	1	3559	0.0122573
IMPG2	NA	12	8352	0.0626778
INA	NA	5783	3231	78.0799
INADL	NA	142	8504	0.728431
INAFM1	NA	642	936	29.9214
INAFM2	NA	4003	2660	65.6489
INCA1	NA	53	1553	1.48877
INCENP	NA	1135	4146	11.9423
INE1	NA	28	1008	1.21177
INE2	NA	18	1874	0.419012
INF2	NA	1660	5569	13.0033
ING1	NA	995	4221	10.2833
ING2	NA	428	2702	6.91006
ING3	NA	166	3025	2.3939
ING4	NA	369	1448	11.1168
ING5	NA	1135	5198	9.52539
INGX	NA	0	769	0
INHA	NA	17	1431	0.518242
INHBA	NA	0	2175	0
INHBA-AS1	NA	0	4527	0
INHBB	NA	0	3203	0
INHBC	NA	6	3301	0.0792919
INHBE	NA	21	2437	0.375913
INIP	NA	231	1519	6.63403
INMT	NA	4	2559	0.0681888
INMT-FAM188B	NA	135	3185	1.84905
INO80	NA	1118	6330	7.7048
INO80B	NA	455	1261	15.7405
INO80B-WBP1	NA	1406	2112	29.0412
INO80C	NA	405	1232	14.3406
INO80D	NA	497	14136	1.53374
INO80E	NA	1283	1477	37.8939
INPP1	NA	413	2163	8.32946
INPP4A	NA	516	6998	3.21661
INPP4B	NA	1297	4123	13.723
INPP5A	NA	682	2938	10.1264
INPP5B	NA	539	4573	5.14175
INPP5D	NA	839	5192	7.04937
INPP5E	NA	750	3380	9.67983
INPP5F	NA	243	5388	1.96744
INPP5J	NA	120	3595	1.45615
INPP5K	NA	310	3372	4.01049
INPPL1	NA	2506	4715	23.1858
INS	NA	0	644	0
INS-IGF2	NA	10	5255	0.0830138
INSC	NA	1	3234	0.0134891
INSIG1	NA	789	3081	11.1714
INSIG2	NA	134	2583	2.2631
INSL3	NA	82	900	3.97461
INSL4	NA	0	615	0
INSL5	NA	5	718	0.303787
INSL6	NA	0	708	0
INSM1	NA	1	2828	0.0154257
INSM2	NA	6	3013	0.0868711
INSR	NA	651	9059	3.1349
INSRR	NA	0	4193	0
INTS1	NA	4747	6974	29.6934
INTS10	NA	1333	2534	22.9481
INTS12	NA	752	1752	18.7244
INTS2	NA	600	6162	4.24769
INTS3	NA	1610	4482	15.6703
INTS4	NA	945	3149	13.0913
INTS4P2	NA	113	1767	2.78975
INTS5	NA	1020	3285	13.5453
INTS6	NA	989	9290	4.64412
INTS6-AS1	NA	31	787	1.71834
INTS7	NA	760	4571	7.25313
INTS8	NA	645	3563	7.89709
INTS9	NA	782	2796	12.2009
INTU	NA	222	3275	2.95709
INVS	NA	249	3977	2.73128
IP6K1	NA	1755	4993	15.3334
IP6K2	NA	3580	3655	42.7286
IP6K3	NA	511	2823	7.89647
IPCEF1	NA	3	6953	0.0188223
IPMK	NA	121	6133	0.860668
IPO11	NA	1472	4633	13.8602
IPO11-LRRC70	NA	1178	1818	28.2667
IPO13	NA	799	4027	8.65542
IPO4	NA	3963	3620	47.7572
IPO5	NA	6291	6002	45.7243
IPO5P1	NA	580	5510	4.59198
IPO7	NA	7412	6192	52.2189
IPO8	NA	1220	5690	9.35343
IPO9	NA	2987	11416	11.4142
IPO9-AS1	NA	76	842	3.93754
IPP	NA	215	3443	2.72411
IPPK	NA	722	4401	7.15664
IPW	NA	560	4498	5.43115
IQCA1	NA	11	3410	0.140722
IQCA1L	NA	1	2604	0.0167526
IQCB1	NA	1033	2594	17.3722
IQCC	NA	126	2293	2.39712
IQCD	NA	29	1369	0.924097
IQCE	NA	1050	7205	6.35739
IQCF1	NA	1	730	0.0597586
IQCF2	NA	0	587	0
IQCF3	NA	0	1301	0
IQCF4	NA	1	967	0.0451125
IQCF5	NA	0	512	0
IQCF5-AS1	NA	0	2000	0
IQCF6	NA	0	446	0
IQCG	NA	252	2345	4.68793
IQCH	NA	401	5593	3.12768
IQCH-AS1	NA	428	6682	2.79422
IQCJ	NA	1	2628	0.0165996
IQCJ-SCHIP1	NA	498	2465	8.81324
IQCJ-SCHIP1-AS1	NA	1	597	0.0730716
IQCK	NA	266	3482	3.33255
IQGAP1	NA	4954	7210	29.9739
IQGAP2	NA	1853	6017	13.4344
IQGAP3	NA	730	6052	5.26196
IQSEC1	NA	1031	7700	5.84105
IQSEC2	NA	394	6967	2.46703
IQSEC3	NA	1	7394	0.00589989
IQUB	NA	4	3883	0.0449382
IRAIN	NA	62	5356	0.50498
IRAK1	NA	6592	3571	80.5287
IRAK1BP1	NA	122	3448	1.54353
IRAK2	NA	74	3469	0.930573
IRAK3	NA	0	8336	0
IRAK4	NA	146	4341	1.46719
IREB2	NA	1765	6367	12.093
IRF1	NA	127	3554	1.55887
IRF2	NA	177	2286	3.37769
IRF2BP1	NA	1115	2564	18.9706
IRF2BP2	NA	3335	4663	31.1999
IRF2BPL	NA	2011	4157	21.1035
IRF3	NA	2535	2010	55.018
IRF4	NA	0	5461	0
IRF5	NA	0	3128	0
IRF6	NA	3	4505	0.0290502
IRF7	NA	65	2138	1.32626
IRF8	NA	1	2661	0.0163938
IRF9	NA	197	1678	5.1215
IRG1	NA	0	2090	0
IRGC	NA	0	1606	0
IRGM	NA	0	1659	0
IRGQ	NA	2017	9687	9.08322
IRS1	NA	968	8736	4.83377
IRS2	NA	59	6998	0.367791
IRS4	NA	0	3881	0
IRX1	NA	0	1858	0
IRX2	NA	0	3057	0
IRX3	NA	5	2308	0.0945056
IRX4	NA	1	2540	0.0171747
IRX5	NA	2	2062	0.0423121
IRX6	NA	0	2329	0
ISCA1	NA	938	2002	20.4391
ISCA2	NA	482	1088	19.326
ISCU	NA	2376	2411	42.9905
ISG15	NA	2114	666	138.469
ISG20	NA	256	3884	2.87531
ISG20L2	NA	2524	2723	40.4357
ISL1	NA	34	2717	0.545899
ISL2	NA	41	1880	0.95137
ISLR	NA	11	2385	0.2012
ISLR2	NA	1	5013	0.00870213
ISM1	NA	3	2592	0.0504905
ISM1-AS1	NA	0	1046	0
ISM2	NA	30	2990	0.437697
ISOC1	NA	338	1940	7.60043
ISOC2	NA	1902	1169	70.9773
ISPD	NA	94	5524	0.742331
ISPD-AS1	NA	3	2332	0.0561198
IST1	NA	4594	4249	47.1658
ISX	NA	0	3095	0
ISY1	NA	1230	3844	13.9587
ISY1-RAB43	NA	1441	5068	12.4037
ISYNA1	NA	10445	2728	167.027
ITCH	NA	1305	6524	8.72609
ITFG1	NA	710	3399	9.11235
ITFG1-AS1	NA	35	880	1.73504
ITFG2	NA	339	2826	5.233
ITFG3	NA	1710	3867	19.2906
ITGA1	NA	1	4796	0.00909587
ITGA10	NA	57	5269	0.471922
ITGA11	NA	4	5009	0.0348363
ITGA2	NA	3	7910	0.016545
ITGA2B	NA	13	3334	0.170099
ITGA3	NA	414	5027	3.59265
ITGA4	NA	8	6076	0.0574375
ITGA5	NA	1998	4250	20.5083
ITGA6	NA	358	5810	2.68801
ITGA7	NA	39	4413	0.385526
ITGA8	NA	4	6965	0.0250531
ITGA9	NA	36	3962	0.39638
ITGA9-AS1	NA	7	874	0.349389
ITGAD	NA	1	3912	0.0111513
ITGAE	NA	322	3861	3.63814
ITGAL	NA	4	5209	0.0334988
ITGAM	NA	32	4745	0.294196
ITGAV	NA	7396	7210	44.7492
ITGAX	NA	3	4703	0.0278272
ITGB1	NA	15686	4087	167.429
ITGB1BP1	NA	1756	1928	39.732
ITGB1BP2	NA	28	1282	0.952781
ITGB2	NA	2	3220	0.0270955
ITGB2-AS1	NA	11	2395	0.20036
ITGB3	NA	3	4894	0.0267412
ITGB3BP	NA	557	1176	20.6619
ITGB4	NA	4	6078	0.0287093
ITGB5	NA	1029	4380	10.2486
ITGB6	NA	29	4687	0.269915
ITGB7	NA	12	2867	0.18259
ITGB8	NA	0	8777	0
ITGBL1	NA	121	5926	0.890732
ITIH1	NA	0	3256	0
ITIH2	NA	1	3189	0.0136795
ITIH3	NA	1	3037	0.0143641
ITIH4	NA	54	3283	0.71754
ITIH4-AS1	NA	4	395	0.44176
ITIH5	NA	17	7835	0.0946527
ITIH6	NA	0	4968	0
ITK	NA	2	4366	0.0199834
ITLN1	NA	1	1182	0.0369067
ITLN2	NA	0	1150	0
ITM2A	NA	0	1834	0
ITM2B	NA	1921	1896	44.199
ITM2C	NA	2087	2277	39.9837
ITPA	NA	1307	1412	40.3798
ITPK1	NA	1442	4985	12.619
ITPK1-AS1	NA	0	4682	0
ITPKA	NA	163	1849	3.84569
ITPKB	NA	493	6162	3.49018
ITPKB-IT1	NA	0	1347	0
ITPKC	NA	366	3385	4.71678
ITPR1	NA	249	10242	1.06057
ITPR1-AS1	NA	23	1432	0.700661
ITPR2	NA	374	12583	1.29661
ITPR3	NA	3128	9031	15.1096
ITPRIP	NA	392	7185	2.38003
ITPRIPL1	NA	289	2502	5.03888
ITPRIPL2	NA	1133	7699	6.41976
ITSN1	NA	1161	7951	6.36992
ITSN2	NA	370	6738	2.39549
IVD	NA	1904	4665	17.8049
IVL	NA	0	2135	0
IVNS1ABP	NA	16040	4197	166.72
IWS1	NA	3317	3000	48.2334
IYD	NA	0	7575	0
IZUMO1	NA	2	1621	0.0538233
IZUMO1R	NA	3	753	0.1738
IZUMO2	NA	0	814	0
IZUMO3	NA	0	743	0
IZUMO4	NA	16	1015	0.687665
JADE1	NA	1204	8817	5.95702
JADE2	NA	1249	7014	7.76819
JADE3	NA	228	4997	1.99044
JAG1	NA	8	5987	0.0582913
JAG2	NA	2505	5835	18.7279
JAGN1	NA	1302	1658	34.257
JAK1	NA	1201	5053	10.3685
JAK2	NA	120	5285	0.990511
JAK3	NA	387	5434	3.10681
JAKMIP1	NA	0	3435	0
JAKMIP2	NA	1	9270	0.00470591
JAKMIP2-AS1	NA	0	1920	0
JAKMIP3	NA	21	6488	0.141199
JAM2	NA	11	4670	0.102754
JAM3	NA	1651	3668	19.6355
JARID2	NA	296	6207	2.08033
JARID2-AS1	NA	0	517	0
JAZF1	NA	5	3199	0.0681835
JAZF1-AS1	NA	0	1194	0
JCHAIN	NA	4	1409	0.123843
JDP2	NA	263	4274	2.68438
JHDM1D-AS1	NA	85	2380	1.55799
JKAMP	NA	658	2972	9.65829
JMJD1C	NA	1175	9347	5.48389
JMJD1C-AS1	NA	40	1334	1.30806
JMJD4	NA	1212	2595	20.3746
JMJD6	NA	1227	5713	9.36922
JMJD7	NA	88	1422	2.69964
JMJD7-PLA2G4B	NA	188	3367	2.43578
JMJD8	NA	1768	2042	37.7702
JMY	NA	454	9129	2.16948
JOSD1	NA	1681	3435	21.3483
JOSD2	NA	268	1041	11.2307
JPH1	NA	1	4373	0.00997571
JPH2	NA	9	5941	0.0660855
JPH3	NA	762	4658	7.13639
JPH4	NA	2	4404	0.019811
JPX	NA	66	1670	1.72405
JRK	NA	1052	9127	5.02818
JRKL	NA	163	3570	1.99179
JRKL-AS1	NA	0	648	0
JSRP1	NA	5	1145	0.190497
JTB	NA	2085	1574	57.7863
JUN	NA	99	3323	1.29965
JUNB	NA	2464	1816	59.19
JUND	NA	8396	1963	186.584
JUP	NA	2552	3508	31.7354
KAAG1	NA	1	1382	0.0315657
KALRN	NA	3	14723	0.0088889
KANK1	NA	8	6696	0.0521192
KANK2	NA	1838	5232	15.325
KANK3	NA	210	2787	3.28704
KANK4	NA	4	5477	0.0318596
KANSL1	NA	1273	11207	4.95521
KANSL1-AS1	NA	14	1044	0.584993
KANSL1L	NA	282	4743	2.5937
KANSL2	NA	1051	2386	19.2157
KANSL3	NA	1438	5544	11.3151
KANTR	NA	18	2423	0.324073
KARS	NA	9213	2193	183.268
KAT2A	NA	2144	3112	30.0544
KAT2B	NA	88	4824	0.79579
KAT5	NA	837	2332	15.6574
KAT6A	NA	1111	9936	4.87782
KAT6B	NA	675	8499	3.46465
KAT7	NA	1457	3646	17.4328
KAT8	NA	504	1823	12.0605
KATNA1	NA	556	1986	12.2129
KATNAL1	NA	298	7669	1.69512
KATNAL2	NA	64	2833	0.9855
KATNB1	NA	1071	2646	17.6572
KATNBL1	NA	773	2740	12.307
KATNBL1P6	NA	229	2156	4.63351
KAZALD1	NA	350	2514	6.07332
KAZN	NA	150	9368	0.698502
KBTBD11	NA	81	6717	0.526057
KBTBD11-OT1	NA	1	781	0.0558563
KBTBD12	NA	0	5268	0
KBTBD13	NA	1	3123	0.0139685
KBTBD2	NA	1069	3710	12.5698
KBTBD3	NA	45	4231	0.463973
KBTBD4	NA	669	2507	11.6411
KBTBD6	NA	904	5228	7.54321
KBTBD7	NA	186	2992	2.71191
KBTBD8	NA	481	4682	4.48164
KC6	NA	0	1712	0
KCCAT198	NA	3	549	0.238381
KCCAT211	NA	0	2957	0
KCCAT333	NA	0	1379	0
KCMF1	NA	2024	7553	11.69
KCNA1	NA	0	7983	0
KCNA10	NA	0	1959	0
KCNA2	NA	0	2820	0
KCNA3	NA	0	9027	0
KCNA4	NA	0	4179	0
KCNA5	NA	0	2870	0
KCNA6	NA	2	5978	0.0145948
KCNA7	NA	12	4372	0.119736
KCNAB1	NA	79	5316	0.648284
KCNAB1-AS1	NA	0	456	0
KCNAB1-AS2	NA	4	538	0.32434
KCNAB2	NA	171	5758	1.29553
KCNAB3	NA	55	2458	0.976122
KCNB1	NA	18	3756	0.20906
KCNB2	NA	0	3582	0
KCNC1	NA	88	8366	0.458868
KCNC2	NA	3	6077	0.0215355
KCNC3	NA	1785	6272	12.4152
KCNC4	NA	642	4437	6.31203
KCNC4-AS1	NA	18	1131	0.694278
KCND1	NA	230	4720	2.12573
KCND2	NA	0	5333	0
KCND3	NA	0	2693	0
KCND3-AS1	NA	0	448	0
KCND3-IT1	NA	0	376	0
KCNE1	NA	93	4136	0.980902
KCNE2	NA	55	803	2.98793
KCNE3	NA	0	3070	0
KCNE4	NA	0	3177	0
KCNE5	NA	0	1465	0
KCNF1	NA	15	2289	0.28587
KCNG1	NA	38	2220	0.746713
KCNG2	NA	38	1401	1.18323
KCNG3	NA	126	3824	1.43739
KCNG4	NA	1	2763	0.0157886
KCNH1	NA	124	8106	0.667326
KCNH2	NA	235	5464	1.87621
KCNH3	NA	27	3853	0.305695
KCNH4	NA	18	3923	0.20016
KCNH5	NA	0	3954	0
KCNH6	NA	1	4067	0.0107263
KCNH7	NA	0	4331	0
KCNH8	NA	0	5063	0
KCNIP1	NA	1	2763	0.0157886
KCNIP2	NA	33	2760	0.521589
KCNIP2-AS1	NA	15	970	0.674594
KCNIP3	NA	23	3017	0.332564
KCNIP4	NA	39	3166	0.537374
KCNIP4-IT1	NA	1	9848	0.00442971
KCNJ1	NA	0	2908	0
KCNJ10	NA	0	5306	0
KCNJ11	NA	113	3569	1.3812
KCNJ12	NA	241	5230	2.0102
KCNJ13	NA	2	3609	0.024175
KCNJ14	NA	45	2851	0.688555
KCNJ15	NA	0	3679	0
KCNJ16	NA	557	4505	5.39366
KCNJ18	NA	84	2198	1.66715
KCNJ2	NA	1995	5386	16.1585
KCNJ2-AS1	NA	354	2442	6.32384
KCNJ3	NA	0	4885	0
KCNJ4	NA	725	2122	14.9044
KCNJ5	NA	0	2899	0
KCNJ6	NA	0	2790	0
KCNJ8	NA	0	2389	0
KCNJ9	NA	0	3029	0
KCNK1	NA	6	2161	0.121121
KCNK10	NA	1	8178	0.00533428
KCNK12	NA	30	1424	0.91904
KCNK13	NA	3	2522	0.0518919
KCNK15	NA	721	2532	12.4221
KCNK16	NA	0	1681	0
KCNK17	NA	0	1717	0
KCNK18	NA	0	1155	0
KCNK2	NA	0	3812	0
KCNK3	NA	41	3978	0.449617
KCNK4	NA	4	1810	0.0964061
KCNK5	NA	9	3783	0.103784
KCNK6	NA	46	2655	0.755817
KCNK7	NA	7	1563	0.195372
KCNK9	NA	2	4427	0.0197081
KCNMA1	NA	576	15599	1.61083
KCNMA1-AS1	NA	0	804	0
KCNMA1-AS2	NA	0	445	0
KCNMA1-AS3	NA	1	1234	0.0353515
KCNMB1	NA	0	1562	0
KCNMB2	NA	3	3043	0.0430073
KCNMB2-AS1	NA	6	2197	0.119136
KCNMB3	NA	69	3495	0.861242
KCNMB4	NA	47	4725	0.43393
KCNN1	NA	81	2657	1.32989
KCNN2	NA	0	3021	0
KCNN3	NA	46	13233	0.151643
KCNN4	NA	436	2240	8.49106
KCNQ1	NA	3	3507	0.0373172
KCNQ1-AS1	NA	1	1085	0.0402062
KCNQ1DN	NA	0	1094	0
KCNQ1OT1	NA	182	91671	0.0866089
KCNQ2	NA	1381	3381	17.8185
KCNQ3	NA	0	11310	0
KCNQ4	NA	89	4099	0.947186
KCNQ5	NA	1	6639	0.00657083
KCNQ5-AS1	NA	1	1101	0.039622
KCNQ5-IT1	NA	0	563	0
KCNRG	NA	29	1625	0.778517
KCNS1	NA	0	4539	0
KCNS2	NA	9	3166	0.124009
KCNS3	NA	1	2551	0.0171007
KCNT1	NA	2	4840	0.0180264
KCNT2	NA	22	5995	0.160087
KCNU1	NA	20	3742	0.233158
KCNV1	NA	0	2929	0
KCNV2	NA	2	2162	0.040355
KCP	NA	169	5399	1.36552
KCTD1	NA	415	4229	4.28089
KCTD10	NA	2118	3970	23.2733
KCTD11	NA	552	3055	7.88227
KCTD12	NA	13	6237	0.0909266
KCTD13	NA	611	2263	11.7782
KCTD14	NA	364	1897	8.37061
KCTD15	NA	1198	4932	10.5964
KCTD16	NA	2	5183	0.0168334
KCTD17	NA	595	1766	14.6977
KCTD18	NA	304	2937	4.51536
KCTD19	NA	33	2911	0.494533
KCTD2	NA	888	4070	9.51791
KCTD20	NA	2673	5619	20.7522
KCTD21	NA	169	3397	2.17027
KCTD21-AS1	NA	48	1083	1.93346
KCTD3	NA	707	3931	7.84584
KCTD4	NA	6	2119	0.123522
KCTD5	NA	1639	2463	29.0294
KCTD6	NA	709	1907	16.2188
KCTD7	NA	521	5051	4.4997
KCTD8	NA	0	2593	0
KCTD9	NA	754	3401	9.67137
KDELC1	NA	401	2107	8.30239
KDELC2	NA	943	4311	9.54238
KDELR1	NA	7682	1557	215.233
KDELR2	NA	3261	2860	49.7403
KDELR3	NA	170	1896	3.91141
KDF1	NA	6	1803	0.145171
KDM1A	NA	3369	3107	47.3024
KDM1B	NA	233	3875	2.62306
KDM2A	NA	2022	7712	11.4377
KDM2B	NA	1393	5746	10.5757
KDM3A	NA	1227	4918	10.8838
KDM3B	NA	2295	6813	14.6949
KDM4A	NA	2008	4509	19.427
KDM4A-AS1	NA	129	1560	3.60735
KDM4B	NA	742	5603	5.77706
KDM4C	NA	338	7389	1.99551
KDM4D	NA	96	2972	1.40911
KDM4E	NA	713	2339	13.2979
KDM5A	NA	1414	10836	5.69251
KDM5B	NA	3768	6383	25.7519
KDM5C	NA	3856	6862	24.5137
KDM5D	NA	1389	5581	10.8571
KDM6A	NA	401	5940	2.94497
KDM6B	NA	682	6704	4.43786
KDM7A	NA	287	9178	1.36413
KDM8	NA	131	2672	2.13874
KDR	NA	0	6055	0
KDSR	NA	1321	5198	11.0864
KEAP1	NA	3258	2701	52.6199
KEL	NA	3	2547	0.0513825
KERA	NA	0	2530	0
KGFLP1	NA	198	2225	3.88203
KGFLP2	NA	267	4707	2.47452
KHDC1	NA	165	3080	2.33699
KHDC1L	NA	3594	634	247.293
KHDC3L	NA	2	1022	0.0853694
KHDRBS1	NA	7099	3731	83.0033
KHDRBS2	NA	0	2300	0
KHDRBS3	NA	14	1968	0.310332
KHK	NA	94	2550	1.60809
KHNYN	NA	2500	6417	16.9954
KHSRP	NA	7993	3250	107.288
KIAA0020	NA	3949	2219	77.6342
KIAA0040	NA	2	4818	0.0181087
KIAA0087	NA	0	4320	0
KIAA0100	NA	4543	7435	26.6554
KIAA0101	NA	1098	1734	27.6234
KIAA0125	NA	0	9613	0
KIAA0141	NA	1410	4958	12.4061
KIAA0195	NA	1274	5464	10.1714
KIAA0196	NA	1501	4165	15.7213
KIAA0226	NA	978	7226	5.90424
KIAA0226L	NA	1	4440	0.00982517
KIAA0232	NA	1006	7857	5.58553
KIAA0319	NA	111	7172	0.675159
KIAA0319L	NA	698	4812	6.3278
KIAA0355	NA	1018	6683	6.64507
KIAA0368	NA	4828	7391	28.4962
KIAA0391	NA	1349	3148	18.6939
KIAA0408	NA	269	8124	1.44446
KIAA0430	NA	836	7763	4.69786
KIAA0513	NA	217	8625	1.09755
KIAA0556	NA	612	6623	4.03107
KIAA0586	NA	352	6587	2.33119
KIAA0753	NA	1032	4685	9.60933
KIAA0754	NA	57	6979	0.356291
KIAA0825	NA	29	8276	0.152862
KIAA0895	NA	362	4934	3.20061
KIAA0895L	NA	404	3400	5.18353
KIAA0907	NA	1874	2992	27.3232
KIAA0922	NA	181	5019	1.5732
KIAA0930	NA	1400	6417	9.51742
KIAA1024	NA	43	6742	0.278229
KIAA1024L	NA	0	573	0
KIAA1033	NA	885	5815	6.63922
KIAA1107	NA	103	4556	0.986227
KIAA1109	NA	471	15575	1.31922
KIAA1143	NA	1097	5141	9.30855
KIAA1147	NA	342	7296	2.04486
KIAA1161	NA	123	6445	0.832541
KIAA1191	NA	2662	2830	41.0341
KIAA1210	NA	1	7824	0.00557564
KIAA1211	NA	318	7013	1.97809
KIAA1211L	NA	54	3869	0.608861
KIAA1217	NA	9	9229	0.0425413
KIAA1257	NA	3	1712	0.0764435
KIAA1279	NA	850	2545	14.5698
KIAA1324	NA	7	8185	0.0373081
KIAA1324L	NA	1625	7173	9.8827
KIAA1328	NA	95	4854	0.853782
KIAA1407	NA	201	3976	2.20533
KIAA1429	NA	2059	6646	13.5151
KIAA1456	NA	0	10008	0
KIAA1462	NA	57	9300	0.267372
KIAA1467	NA	1333	4711	12.3436
KIAA1468	NA	536	5454	4.28719
KIAA1522	NA	947	5606	7.3692
KIAA1524	NA	918	4265	9.3896
KIAA1549	NA	364	12426	1.27789
KIAA1549L	NA	3	11620	0.0112626
KIAA1551	NA	796	6232	5.57197
KIAA1586	NA	511	3109	7.17007
KIAA1614	NA	17	4155	0.178485
KIAA1644	NA	10	6741	0.0647141
KIAA1656	NA	260	7605	1.49141
KIAA1671	NA	1429	10494	5.94038
KIAA1683	NA	31	4443	0.304375
KIAA1715	NA	379	8258	2.00211
KIAA1755	NA	6	6412	0.0408207
KIAA1804	NA	1	5809	0.00750969
KIAA1841	NA	234	5518	1.84994
KIAA1875	NA	27	7119	0.16545
KIAA1919	NA	246	3918	2.73901
KIAA1958	NA	242	7652	1.37963
KIAA2012	NA	0	4029	0
KIAA2013	NA	1631	2823	25.2038
KIAA2018	NA	314	13707	0.999334
KIAA2022	NA	3	11717	0.0111694
KIAA2026	NA	381	7204	2.30714
KIDINS220	NA	5365	7361	31.7948
KIF11	NA	1799	5078	15.4547
KIF12	NA	9	2003	0.196013
KIF13A	NA	974	8714	4.87601
KIF13B	NA	37	8766	0.18413
KIF14	NA	694	7277	4.16035
KIF15	NA	339	4837	3.05736
KIF16B	NA	294	6246	2.05338
KIF17	NA	65	4098	0.691934
KIF18A	NA	2307	3463	29.0615
KIF18B	NA	1235	4289	12.5613
KIF19	NA	0	3643	0
KIF1A	NA	8732	9223	41.3014
KIF1B	NA	2058	16016	5.6055
KIF1C	NA	4311	7917	23.7542
KIF20A	NA	727	3471	9.13699
KIF20B	NA	1103	6450	7.46
KIF21A	NA	350	6641	2.2991
KIF21B	NA	218	9940	0.956739
KIF22	NA	2247	2423	40.4551
KIF23	NA	1167	3723	13.6742
KIF24	NA	260	6227	1.82145
KIF25	NA	5	1510	0.14445
KIF25-AS1	NA	15	1405	0.465734
KIF26A	NA	535	6757	3.45401
KIF26B	NA	65	7287	0.389124
KIF27	NA	101	4689	0.939646
KIF2A	NA	1314	4364	13.1351
KIF2B	NA	0	2335	0
KIF2C	NA	2020	3278	26.8823
KIF3A	NA	408	6347	2.80424
KIF3B	NA	1666	6113	11.889
KIF3C	NA	1645	5431	13.2132
KIF4A	NA	891	4501	8.63559
KIF4B	NA	164	4426	1.61643
KIF5A	NA	0	3897	0
KIF5B	NA	4521	5889	33.4901
KIF5C	NA	445	7296	2.66072
KIF6	NA	10	4236	0.102983
KIF7	NA	1798	4558	17.2083
KIF9	NA	188	3603	2.27623
KIF9-AS1	NA	55	2540	0.944609
KIFAP3	NA	1734	4573	16.5414
KIFC1	NA	1568	8100	8.4447
KIFC2	NA	1295	3266	17.2972
KIFC3	NA	929	3708	10.9295
KIN	NA	608	6394	4.14815
KIR2DL1	NA	0	1598	0
KIR2DL2	NA	0	1587	0
KIR2DL3	NA	0	1596	0
KIR2DL4	NA	42	3159	0.579993
KIR2DL5A	NA	0	1596	0
KIR2DL5B	NA	0	1632	0
KIR2DS1	NA	0	1101	0
KIR2DS2	NA	0	2552	0
KIR2DS3	NA	0	1113	0
KIR2DS4	NA	0	1608	0
KIR2DS5	NA	0	1601	0
KIR3DL1	NA	0	1901	0
KIR3DL2	NA	0	1885	0
KIR3DL3	NA	0	1723	0
KIR3DS1	NA	0	1767	0
KIR3DX1	NA	0	3601	0
KIRREL	NA	3278	7820	18.2863
KIRREL2	NA	78	2993	1.13687
KIRREL3	NA	0	4254	0
KIRREL3-AS2	NA	0	494	0
KIRREL3-AS3	NA	0	1768	0
KISS1	NA	11	714	0.672075
KISS1R	NA	49	1625	1.31542
KIT	NA	0	5176	0
KITLG	NA	6	5443	0.0480879
KIZ	NA	159	2198	3.15568
KIZ-AS1	NA	2	1161	0.0751486
KL	NA	9	5006	0.0784287
KLB	NA	9	6079	0.0645853
KLC1	NA	2150	3158	29.6995
KLC2	NA	882	3269	11.77
KLC3	NA	405	1793	9.85367
KLC4	NA	156	3224	2.11083
KLF1	NA	0	1614	0
KLF10	NA	1514	3594	18.3768
KLF11	NA	499	4296	5.0671
KLF12	NA	0	10909	0
KLF13	NA	585	7121	3.58375
KLF14	NA	7	1479	0.206468
KLF15	NA	100	2525	1.72767
KLF16	NA	2310	2887	34.9051
KLF17	NA	12	3128	0.167355
KLF2	NA	221	1649	5.84649
KLF3	NA	735	5615	5.71032
KLF3-AS1	NA	45	2368	0.828999
KLF4	NA	84	2933	1.24937
KLF5	NA	16	3749	0.186178
KLF6	NA	3252	4662	30.43
KLF7	NA	132	8880	0.648461
KLF8	NA	0	5421	0
KLF9	NA	167	5208	1.39884
KLHDC1	NA	9	2691	0.145899
KLHDC10	NA	781	6438	5.29204
KLHDC2	NA	395	1806	9.54119
KLHDC3	NA	1365	2019	29.493
KLHDC4	NA	783	1930	17.6981
KLHDC7A	NA	45	5057	0.388189
KLHDC7B	NA	1	2991	0.014585
KLHDC8A	NA	7	3674	0.0831155
KLHDC8B	NA	249	1985	5.4722
KLHDC9	NA	45	1368	1.43499
KLHL1	NA	1	4150	0.0105118
KLHL10	NA	4	2009	0.0868567
KLHL11	NA	482	7409	2.83799
KLHL12	NA	1462	3537	18.0317
KLHL13	NA	1	4768	0.00914928
KLHL14	NA	0	4261	0
KLHL15	NA	579	6276	4.02456
KLHL17	NA	934	2564	15.891
KLHL18	NA	896	4726	8.27061
KLHL2	NA	321	3299	4.24469
KLHL20	NA	406	3464	5.11295
KLHL21	NA	1970	4516	19.0299
KLHL22	NA	865	2616	14.4245
KLHL23	NA	474	4075	5.07427
KLHL24	NA	421	7328	2.50622
KLHL25	NA	210	3681	2.48872
KLHL26	NA	379	3122	5.29578
KLHL28	NA	156	6811	0.999164
KLHL29	NA	27	5084	0.231676
KLHL3	NA	50	7875	0.276976
KLHL30	NA	7	3685	0.0828674
KLHL31	NA	14	5743	0.106344
KLHL32	NA	0	4278	0
KLHL33	NA	1	1863	0.0234159
KLHL34	NA	0	3039	0
KLHL35	NA	0	1938	0
KLHL36	NA	601	7559	3.46843
KLHL38	NA	2	1834	0.0475723
KLHL4	NA	0	5855	0
KLHL40	NA	0	2419	0
KLHL41	NA	9	2464	0.15934
KLHL42	NA	605	6469	4.07982
KLHL5	NA	2330	7984	12.7309
KLHL6	NA	2	6320	0.013805
KLHL6-AS1	NA	0	503	0
KLHL7	NA	571	4093	6.0858
KLHL7-AS1	NA	10	2564	0.17014
KLHL8	NA	575	5854	4.28488
KLHL9	NA	1194	4412	11.8057
KLK1	NA	1	876	0.0497988
KLK10	NA	8	3286	0.106205
KLK11	NA	1	1520	0.0286999
KLK12	NA	0	1074	0
KLK13	NA	1	1258	0.0346771
KLK14	NA	18	1133	0.693052
KLK15	NA	0	1309	0
KLK2	NA	0	2958	0
KLK3	NA	0	1906	0
KLK4	NA	16	1359	0.513599
KLK5	NA	0	1563	0
KLK6	NA	2	1711	0.0509921
KLK7	NA	1	2135	0.0204327
KLK8	NA	1	1148	0.0379998
KLK9	NA	0	1438	0
KLKB1	NA	2	2247	0.0388285
KLKP1	NA	0	1125	0
KLLN	NA	56	4277	0.571179
KLRAP1	NA	37	2208	0.731014
KLRB1	NA	0	740	0
KLRC1	NA	0	1819	0
KLRC2	NA	0	1213	0
KLRC3	NA	0	1145	0
KLRC4	NA	0	928	0
KLRC4-KLRK1	NA	1	1947	0.0224056
KLRD1	NA	0	3355	0
KLRF1	NA	0	1241	0
KLRF2	NA	1	731	0.0596768
KLRG1	NA	56	1788	1.36629
KLRG2	NA	0	1544	0
KLRK1	NA	1	1589	0.0274536
KMO	NA	102	5266	0.844972
KMT2A	NA	1619	16594	4.25617
KMT2B	NA	1527	8471	7.86371
KMT2C	NA	872	16862	2.25596
KMT2D	NA	2471	19419	5.55097
KMT2E	NA	820	6863	5.21222
KMT2E-AS1	NA	138	3600	1.67224
KNCN	NA	0	2392	0
KNDC1	NA	101	6773	0.650524
KNG1	NA	1	3433	0.0127072
KNOP1	NA	1124	1950	25.1452
KNSTRN	NA	1532	2033	32.8734
KNTC1	NA	842	6965	5.27369
KPNA1	NA	2633	7012	16.3807
KPNA2	NA	9274	1980	204.327
KPNA3	NA	1899	4474	18.5162
KPNA4	NA	3660	8981	17.7779
KPNA5	NA	135	2158	2.72901
KPNA6	NA	3196	7372	18.9123
KPNA7	NA	0	1685	0
KPNB1	NA	10268	4453	100.59
KPRP	NA	0	2523	0
KPTN	NA	545	1781	13.3492
KRAS	NA	961	5889	7.11877
KRBA1	NA	813	4065	8.72475
KRBA2	NA	12	2778	0.18844
KRBOX1	NA	2	691	0.126263
KRBOX1-AS1	NA	0	2142	0
KRBOX4	NA	262	2486	4.59752
KRCC1	NA	467	1827	11.1507
KREMEN1	NA	240	7479	1.39988
KREMEN2	NA	1385	2057	29.3724
KRI1	NA	2172	3005	31.5311
KRIT1	NA	716	5072	6.15825
KRR1	NA	2351	3357	30.5509
KRT1	NA	1	2451	0.0177984
KRT10	NA	613	2140	12.496
KRT12	NA	0	1992	0
KRT13	NA	0	1715	0
KRT14	NA	1	1636	0.0266649
KRT15	NA	4	1840	0.0948343
KRT16	NA	6	1717	0.152442
KRT16P1	NA	1	1815	0.0240351
KRT16P2	NA	1	1575	0.0276976
KRT16P3	NA	1	1955	0.022314
KRT17	NA	90	1574	2.49437
KRT17P5	NA	1	3153	0.0138356
KRT18	NA	87950	1535	2499.49
KRT18P55	NA	28	1950	0.626393
KRT19	NA	22	1471	0.652429
KRT19P2	NA	0	575	0
KRT2	NA	0	2414	0
KRT20	NA	0	1805	0
KRT222	NA	1	1735	0.0251434
KRT23	NA	0	2428	0
KRT24	NA	0	1881	0
KRT25	NA	0	1670	0
KRT26	NA	0	1730	0
KRT27	NA	0	1612	0
KRT28	NA	0	1692	0
KRT3	NA	4	2310	0.075539
KRT31	NA	0	1595	0
KRT32	NA	1	2005	0.0217575
KRT33A	NA	0	1286	0
KRT33B	NA	0	1607	0
KRT34	NA	0	1713	0
KRT35	NA	0	1671	0
KRT36	NA	1	1644	0.0265351
KRT37	NA	0	1718	0
KRT38	NA	0	2837	0
KRT39	NA	0	1696	0
KRT4	NA	0	2147	0
KRT40	NA	0	1938	0
KRT42P	NA	0	2864	0
KRT5	NA	1	2303	0.0189422
KRT6A	NA	2	2450	0.0356112
KRT6B	NA	3	2282	0.0573494
KRT6C	NA	3	2289	0.057174
KRT7	NA	153	1702	3.92153
KRT71	NA	0	2265	0
KRT72	NA	1	2015	0.0216495
KRT73	NA	0	2284	0
KRT73-AS1	NA	0	3808	0
KRT74	NA	0	2788	0
KRT75	NA	136	2125	2.79192
KRT76	NA	6	2529	0.103496
KRT77	NA	2	3304	0.0264066
KRT78	NA	3	3002	0.0435947
KRT79	NA	6	2066	0.126691
KRT8	NA	148067	2265	2851.76
KRT80	NA	64	3894	0.71698
KRT81	NA	89	1910	2.03273
KRT82	NA	0	2681	0
KRT83	NA	11	1875	0.255926
KRT84	NA	4	2073	0.0841752
KRT85	NA	7	2747	0.111164
KRT86	NA	28	2091	0.584154
KRT8P41	NA	114	1828	2.72052
KRT9	NA	0	2289	0
KRTAP1-1	NA	0	903	0
KRTAP1-3	NA	0	971	0
KRTAP1-4	NA	0	449	0
KRTAP1-5	NA	0	1176	0
KRTAP10-1	NA	2	1011	0.0862983
KRTAP10-10	NA	0	1100	0
KRTAP10-11	NA	0	1236	0
KRTAP10-12	NA	0	873	0
KRTAP10-2	NA	2	1149	0.0759335
KRTAP10-3	NA	0	738	0
KRTAP10-4	NA	2	1643	0.0531026
KRTAP10-5	NA	0	1150	0
KRTAP10-6	NA	1	1238	0.0352373
KRTAP10-7	NA	0	1580	0
KRTAP10-8	NA	0	876	0
KRTAP10-9	NA	0	1256	0
KRTAP11-1	NA	0	911	0
KRTAP12-1	NA	0	588	0
KRTAP12-2	NA	0	739	0
KRTAP12-3	NA	0	410	0
KRTAP12-4	NA	0	447	0
KRTAP13-1	NA	0	747	0
KRTAP13-2	NA	0	849	0
KRTAP13-3	NA	0	520	0
KRTAP13-4	NA	0	483	0
KRTAP15-1	NA	0	453	0
KRTAP16-1	NA	0	1554	0
KRTAP17-1	NA	0	779	0
KRTAP19-1	NA	0	273	0
KRTAP19-2	NA	0	159	0
KRTAP19-3	NA	0	494	0
KRTAP19-4	NA	0	255	0
KRTAP19-5	NA	0	219	0
KRTAP19-6	NA	0	330	0
KRTAP19-7	NA	0	192	0
KRTAP19-8	NA	0	318	0
KRTAP2-1	NA	0	773	0
KRTAP2-2	NA	0	713	0
KRTAP2-3	NA	0	852	0
KRTAP2-4	NA	0	764	0
KRTAP20-1	NA	0	171	0
KRTAP20-2	NA	0	198	0
KRTAP20-3	NA	0	273	0
KRTAP20-4	NA	0	224	0
KRTAP21-1	NA	0	240	0
KRTAP21-2	NA	0	252	0
KRTAP21-3	NA	0	253	0
KRTAP22-1	NA	0	147	0
KRTAP22-2	NA	0	293	0
KRTAP23-1	NA	0	208	0
KRTAP24-1	NA	0	1650	0
KRTAP25-1	NA	0	370	0
KRTAP26-1	NA	0	1158	0
KRTAP27-1	NA	0	682	0
KRTAP29-1	NA	0	1026	0
KRTAP3-1	NA	0	593	0
KRTAP3-2	NA	0	694	0
KRTAP3-3	NA	0	704	0
KRTAP4-1	NA	0	739	0
KRTAP4-11	NA	0	1173	0
KRTAP4-12	NA	0	1075	0
KRTAP4-2	NA	0	763	0
KRTAP4-3	NA	0	942	0
KRTAP4-4	NA	0	1078	0
KRTAP4-5	NA	0	879	0
KRTAP4-6	NA	0	1055	0
KRTAP4-7	NA	0	938	0
KRTAP4-8	NA	0	1142	0
KRTAP4-9	NA	0	1100	0
KRTAP5-1	NA	0	942	0
KRTAP5-10	NA	2	1058	0.0824646
KRTAP5-11	NA	0	1021	0
KRTAP5-2	NA	0	1118	0
KRTAP5-3	NA	0	899	0
KRTAP5-4	NA	0	1181	0
KRTAP5-5	NA	0	1127	0
KRTAP5-6	NA	1	561	0.0777607
KRTAP5-7	NA	0	898	0
KRTAP5-8	NA	0	1183	0
KRTAP5-9	NA	1	1188	0.0367203
KRTAP5-AS1	NA	1	2265	0.0192599
KRTAP6-1	NA	0	219	0
KRTAP6-2	NA	0	189	0
KRTAP6-3	NA	0	616	0
KRTAP7-1	NA	0	693	0
KRTAP8-1	NA	0	556	0
KRTAP9-1	NA	0	753	0
KRTAP9-2	NA	0	1005	0
KRTAP9-3	NA	0	992	0
KRTAP9-4	NA	0	967	0
KRTAP9-6	NA	0	483	0
KRTAP9-7	NA	0	510	0
KRTAP9-8	NA	0	987	0
KRTAP9-9	NA	0	981	0
KRTCAP2	NA	1589	547	126.724
KRTCAP3	NA	22	1068	0.898617
KRTDAP	NA	7	493	0.619404
KSR1	NA	167	4491	1.62217
KSR2	NA	2	17008	0.00512979
KTI12	NA	621	1696	15.9731
KTN1	NA	1708	4913	15.1658
KTN1-AS1	NA	63	1512	1.81766
KU-MEL-3	NA	0	1190	0
KXD1	NA	2034	1627	54.5364
KY	NA	2	5704	0.0152959
KYNU	NA	0	2014	0
L1CAM	NA	656	5242	5.45921
L1TD1	NA	1	3990	0.0109333
L2HGDH	NA	579	6095	4.14408
L3HYPDH	NA	363	1381	11.4666
L3MBTL1	NA	130	3565	1.59077
L3MBTL2	NA	1754	3192	23.9712
L3MBTL3	NA	1141	4215	11.809
L3MBTL4	NA	0	3587	0
L3MBTL4-AS1	NA	0	2048	0
LACAT8	NA	0	789	0
LACC1	NA	2	4550	0.0191753
LACE1	NA	75	2255	1.4509
LACRT	NA	0	508	0
LACTB	NA	328	3797	3.7684
LACTB2	NA	495	1553	13.9046
LACTB2-AS1	NA	82	3715	0.962894
LACTBL1	NA	0	1733	0
LAD1	NA	26	2839	0.399513
LAG3	NA	32	1992	0.700783
LAGE3	NA	847	949	38.935
LAIR1	NA	1	3448	0.0126519
LAIR2	NA	0	702	0
LALBA	NA	1	728	0.0599228
LAMA1	NA	21	9657	0.0948637
LAMA2	NA	8	9692	0.0360081
LAMA3	NA	26	11222	0.101071
LAMA4	NA	2	7567	0.01153
LAMA5	NA	1577	11431	6.01826
LAMA5-AS1	NA	2	826	0.105627
LAMB1	NA	90	5846	0.671594
LAMB2	NA	3317	5808	24.9139
LAMB2P1	NA	2	1543	0.0565441
LAMB3	NA	10	4495	0.0970495
LAMB4	NA	1	5858	0.00744687
LAMC1	NA	3212	7889	17.7614
LAMC2	NA	41	6503	0.275038
LAMC3	NA	95	6098	0.679609
LAMP1	NA	7134	2540	122.524
LAMP2	NA	1681	9388	7.8112
LAMP3	NA	5	3341	0.0652855
LAMP5	NA	0	2042	0
LAMP5-AS1	NA	0	1928	0
LAMTOR1	NA	2410	1179	89.1716
LAMTOR2	NA	744	681	47.6595
LAMTOR3	NA	964	4280	9.82554
LAMTOR4	NA	1494	612	106.493
LAMTOR5	NA	1983	848	102.012
LAMTOR5-AS1	NA	9	533	0.736612
LANCL1	NA	823	4610	7.78793
LANCL1-AS1	NA	2	2169	0.0402248
LANCL2	NA	610	4353	6.11314
LANCL3	NA	0	3332	0
LAP3	NA	1257	2100	26.1119
LAPTM4A	NA	2540	1765	62.7787
LAPTM4B	NA	7389	2238	144.029
LAPTM5	NA	38	2240	0.740046
LARGE	NA	22	4201	0.228451
LARGE-AS1	NA	1	2746	0.0158863
LARP1	NA	8522	6595	56.3702
LARP1B	NA	596	5804	4.47963
LARP4	NA	1950	6709	12.6794
LARP4B	NA	2906	8546	14.8339
LARP6	NA	1302	2587	21.9552
LARP7	NA	873	2648	14.382
LARS	NA	4337	4849	39.0176
LARS2	NA	1540	4203	15.984
LARS2-AS1	NA	0	1854	0
LAS1L	NA	3289	2489	57.6451
LASP1	NA	4750	4279	48.4255
LAT	NA	91	1845	2.15163
LAT2	NA	59	2191	1.17472
LATS1	NA	586	7991	3.19904
LATS2	NA	1525	5542	12.004
LAX1	NA	0	3337	0
LAYN	NA	2877	2772	45.2762
LBH	NA	17	2938	0.252418
LBHD1	NA	2737	1320	90.4532
LBP	NA	0	1894	0
LBR	NA	1252	3973	13.747
LBX1	NA	88	1285	2.98746
LBX1-AS1	NA	59	1323	1.94543
LBX2	NA	18	1678	0.467955
LBX2-AS1	NA	74	2449	1.31815
LCA10	NA	6	1374	0.190497
LCA5	NA	181	4719	1.67322
LCA5L	NA	28	2364	0.516694
LCAT	NA	394	1354	12.6941
LCE1A	NA	0	625	0
LCE1B	NA	0	1139	0
LCE1C	NA	0	695	0
LCE1D	NA	0	430	0
LCE1E	NA	0	1179	0
LCE1F	NA	0	598	0
LCE2A	NA	0	592	0
LCE2B	NA	0	611	0
LCE2C	NA	0	593	0
LCE2D	NA	0	594	0
LCE3A	NA	0	270	0
LCE3B	NA	0	288	0
LCE3C	NA	0	425	0
LCE3D	NA	0	610	0
LCE3E	NA	0	547	0
LCE4A	NA	0	388	0
LCE5A	NA	0	819	0
LCE6A	NA	0	642	0
LCK	NA	1	2235	0.0195185
LCLAT1	NA	459	5482	3.65256
LCMT1	NA	654	1370	20.8248
LCMT1-AS1	NA	19	573	1.44651
LCMT1-AS2	NA	2495	2607	41.7496
LCMT2	NA	0	2847	0
LCN1	NA	0	789	0
LCN10	NA	1	2017	0.021628
LCN12	NA	2	689	0.126629
LCN15	NA	6	762	0.343494
LCN2	NA	1	822	0.0530703
LCN6	NA	1	711	0.0613555
LCN8	NA	0	918	0
LCN9	NA	1	524	0.0832515
LCNL1	NA	3	1836	0.0712807
LCOR	NA	459	10524	1.90263
LCORL	NA	686	7729	3.8719
LCP1	NA	0	3790	0
LCP2	NA	0	2422	0
LCT	NA	0	6274	0
LCTL	NA	125	2981	1.82924
LDAH	NA	627	3981	6.87066
LDB1	NA	2592	2665	42.4288
LDB2	NA	1	3327	0.013112
LDB3	NA	26	6521	0.173933
LDHA	NA	18297	2553	312.646
LDHAL6A	NA	0	2583	0
LDHAL6B	NA	0	1771	0
LDHB	NA	28492	1600	776.83
LDHC	NA	0	1284	0
LDHD	NA	49	2072	1.03164
LDLR	NA	1190	5283	9.82629
LDLRAD1	NA	1	2376	0.0183602
LDLRAD2	NA	805	4012	8.75303
LDLRAD3	NA	1038	4011	11.2893
LDLRAD4	NA	30	11054	0.118393
LDLRAD4-AS1	NA	0	2166	0
LDLRAP1	NA	1297	2935	19.2777
LDOC1	NA	0	1469	0
LDOC1L	NA	1009	5324	8.26754
LEAP2	NA	3	707	0.185108
LECT1	NA	3	1446	0.0905058
LECT2	NA	0	1077	0
LEF1	NA	1	4128	0.0105678
LEF1-AS1	NA	0	1988	0
LEFTY1	NA	0	1626	0
LEFTY2	NA	1	2187	0.0199469
LEKR1	NA	0	4067	0
LELP1	NA	0	541	0
LEMD1	NA	14	961	0.635518
LEMD1-AS1	NA	0	2781	0
LEMD2	NA	1567	3108	21.9944
LEMD3	NA	1445	4798	13.138
LENEP	NA	0	649	0
LENG1	NA	303	924	14.3052
LENG8	NA	4186	3725	49.0226
LENG8-AS1	NA	33	892	1.61388
LENG9	NA	538	1917	12.2429
LEO1	NA	1605	2188	32.0001
LEP	NA	0	3427	0
LEPR	NA	36	6891	0.2279
LEPROT	NA	658	5121	5.60524
LEPROTL1	NA	548	3147	7.59639
LETM1	NA	3200	5462	25.5577
LETM2	NA	159	4234	1.63821
LETMD1	NA	972	2173	19.5133
LEUTX	NA	190	672	12.3341
LFNG	NA	221	3155	3.05574
LGALS1	NA	7553	558	590.485
LGALS12	NA	0	2302	0
LGALS13	NA	0	595	0
LGALS14	NA	0	1083	0
LGALS16	NA	0	624	0
LGALS17A	NA	0	1130	0
LGALS2	NA	5	528	0.413104
LGALS3	NA	3709	2040	79.314
LGALS3BP	NA	608	2260	11.736
LGALS4	NA	9	1279	0.306969
LGALS7	NA	3	494	0.264922
LGALS7B	NA	6	489	0.535261
LGALS8	NA	1824	6670	11.9295
LGALS8-AS1	NA	28	1440	0.84824
LGALS9	NA	7	1764	0.17311
LGALS9B	NA	0	1243	0
LGALS9C	NA	1	1719	0.0253774
LGALSL	NA	320	3827	3.64766
LGI1	NA	904	2453	16.0766
LGI2	NA	6	6339	0.0412908
LGI3	NA	4	3266	0.0534278
LGI4	NA	3	2888	0.0453156
LGMN	NA	1000	2175	20.0569
LGR4	NA	90	5247	0.748264
LGR5	NA	0	4893	0
LGR6	NA	2	3640	0.0239691
LGSN	NA	8	5634	0.0619436
LHB	NA	15	523	1.25116
LHCGR	NA	0	3093	0
LHFP	NA	0	2158	0
LHFPL1	NA	0	1765	0
LHFPL2	NA	147	5045	1.2711
LHFPL3	NA	1	3176	0.0137354
LHFPL3-AS1	NA	0	1775	0
LHFPL3-AS2	NA	5	1832	0.119061
LHFPL4	NA	6	4880	0.0536358
LHFPL5	NA	0	2147	0
LHPP	NA	134	1685	3.46919
LHX1	NA	169	3431	2.14877
LHX2	NA	517	2416	9.33505
LHX3	NA	44	2579	0.74426
LHX4	NA	42	1879	0.975092
LHX4-AS1	NA	286	2657	4.69567
LHX5	NA	1	2084	0.0209327
LHX5-AS1	NA	0	379	0
LHX6	NA	1773	4354	17.7641
LHX8	NA	0	2446	0
LHX9	NA	0	2570	0
LIAS	NA	319	1958	7.10724
LIF	NA	3983	3969	43.7776
LIFR	NA	94	10403	0.394178
LIFR-AS1	NA	0	4644	0
LIG1	NA	1835	4387	18.247
LIG3	NA	890	3900	9.95517
LIG4	NA	481	4356	4.81704
LILRA1	NA	0	3884	0
LILRA2	NA	0	2546	0
LILRA3	NA	4	1608	0.108517
LILRA4	NA	1	1963	0.022223
LILRA5	NA	1	1614	0.0270284
LILRA6	NA	9	2315	0.169596
LILRB1	NA	0	3464	0
LILRB2	NA	1	3153	0.0138356
LILRB3	NA	14	2825	0.216189
LILRB4	NA	0	3932	0
LILRB5	NA	6	2508	0.104363
LILRP2	NA	0	2127	0
LIM2	NA	5	984	0.221666
LIMA1	NA	660	4610	6.24549
LIMCH1	NA	0	6766	0
LIMD1	NA	1030	6284	7.1503
LIMD1-AS1	NA	370	2300	7.01774
LIMD2	NA	1523	3225	20.6012
LIME1	NA	626	1851	14.7534
LIMK1	NA	2717	3526	33.6148
LIMK2	NA	1772	4959	15.5881
LIMS1	NA	1224	5513	9.68538
LIMS2	NA	201	3090	2.83766
LIMS3	NA	409	3129	5.70218
LIMS3-LOC440895	NA	172	3217	2.33239
LIMS3L	NA	409	3129	5.70218
LIN28A	NA	6692	4014	72.728
LIN28B	NA	2169	5505	17.188
LIN37	NA	142	1150	5.38659
LIN52	NA	249	1798	6.04133
LIN54	NA	476	6281	3.30599
LIN7A	NA	1	1230	0.0354665
LIN7B	NA	117	755	6.76024
LIN7C	NA	891	4852	8.01088
LIN9	NA	382	3468	4.80516
LINC-PINT	NA	86	6207	0.604422
LINC-ROR	NA	5	2589	0.0842483
LINC00028	NA	0	587	0
LINC00029	NA	0	1749	0
LINC00032	NA	0	2913	0
LINC00051	NA	0	1046	0
LINC00052	NA	295	1786	7.20549
LINC00092	NA	1	1721	0.0253479
LINC00094	NA	1798	5734	13.679
LINC00102	NA	1	1337	0.0326281
LINC00106	NA	13	732	0.774739
LINC00111	NA	0	454	0
LINC00112	NA	2	524	0.166503
LINC00113	NA	0	524	0
LINC00114	NA	0	1103	0
LINC00115	NA	53	1317	1.75555
LINC00116	NA	140	1619	3.77228
LINC00152	NA	590	952	27.0357
LINC00158	NA	1	1476	0.0295554
LINC00159	NA	0	129	0
LINC00160	NA	0	694	0
LINC00161	NA	0	870	0
LINC00162	NA	0	734	0
LINC00163	NA	11	2155	0.222674
LINC00167	NA	4	2863	0.0609483
LINC00173	NA	19	2004	0.413599
LINC00174	NA	220	4424	2.16936
LINC00176	NA	45	5387	0.364409
LINC00184	NA	0	2270	0
LINC00189	NA	0	989	0
LINC00200	NA	0	2434	0
LINC00202-1	NA	23	3620	0.277168
LINC00202-2	NA	1	6104	0.00714675
LINC00207	NA	0	822	0
LINC00208	NA	2	1927	0.0452764
LINC00210	NA	0	1584	0
LINC00211	NA	0	2488	0
LINC00221	NA	0	1753	0
LINC00222	NA	0	1753	0
LINC00226	NA	0	595	0
LINC00229	NA	0	826	0
LINC00235	NA	4	561	0.311043
LINC00238	NA	0	1172	0
LINC00239	NA	0	642	0
LINC00240	NA	33	977	1.47347
LINC00242	NA	21	2418	0.378867
LINC00243	NA	10	10526	0.0414438
LINC00244	NA	2	611	0.142795
LINC00251	NA	0	1054	0
LINC00254	NA	0	662	0
LINC00260	NA	3	1275	0.102644
LINC00261	NA	0	4911	0
LINC00264	NA	0	1083	0
LINC00265	NA	400	4644	3.75743
LINC00266-1	NA	5	723	0.301686
LINC00266-3	NA	5	884	0.246741
LINC00269	NA	0	2173	0
LINC00271	NA	0	1636	0
LINC00272	NA	0	738	0
LINC00273	NA	0	1452	0
LINC00276	NA	0	3503	0
LINC00278	NA	0	530	0
LINC00280	NA	0	448	0
LINC00282	NA	25	4126	0.264322
LINC00284	NA	0	2564	0
LINC00290	NA	0	592	0
LINC00293	NA	0	2696	0
LINC00294	NA	201	3305	2.65306
LINC00297	NA	0	913	0
LINC00298	NA	2	2165	0.0402991
LINC00299	NA	0	2000	0
LINC00301	NA	0	851	0
LINC00303	NA	0	1514	0
LINC00304	NA	15	2243	0.291733
LINC00305	NA	0	869	0
LINC00307	NA	0	424	0
LINC00308	NA	0	727	0
LINC00309	NA	0	3306	0
LINC00310	NA	11	1807	0.265557
LINC00311	NA	7	1784	0.17117
LINC00312	NA	6	2887	0.0906625
LINC00313	NA	3	579	0.22603
LINC00314	NA	0	583	0
LINC00316	NA	0	455	0
LINC00317	NA	0	612	0
LINC00319	NA	5	3002	0.0726578
LINC00320	NA	0	2183	0
LINC00322	NA	0	907	0
LINC00323	NA	0	2019	0
LINC00324	NA	7	2094	0.145829
LINC00326	NA	0	1214	0
LINC00327	NA	0	2087	0
LINC00330	NA	1	2035	0.0214367
LINC00331	NA	0	595	0
LINC00332	NA	0	836	0
LINC00333	NA	0	812	0
LINC00336	NA	2	2107	0.0414084
LINC00337	NA	20	1640	0.531997
LINC00339	NA	253	1388	7.9516
LINC00341	NA	7	2824	0.108133
LINC00342	NA	303	3128	4.2257
LINC00343	NA	0	1688	0
LINC00346	NA	3	6322	0.0207009
LINC00347	NA	0	2105	0
LINC00348	NA	0	948	0
LINC00350	NA	0	562	0
LINC00351	NA	0	1001	0
LINC00353	NA	0	655	0
LINC00354	NA	0	695	0
LINC00358	NA	0	1276	0
LINC00359	NA	0	734	0
LINC00363	NA	0	311	0
LINC00364	NA	0	629	0
LINC00365	NA	0	2625	0
LINC00366	NA	0	531	0
LINC00367	NA	2	751	0.116175
LINC00368	NA	1	3443	0.0126703
LINC00371	NA	24	2268	0.461627
LINC00375	NA	0	631	0
LINC00376	NA	0	692	0
LINC00377	NA	0	927	0
LINC00378	NA	0	513	0
LINC00379	NA	11	567	0.846317
LINC00380	NA	0	397	0
LINC00381	NA	0	727	0
LINC00382	NA	0	982	0
LINC00383	NA	0	1045	0
LINC00392	NA	0	366	0
LINC00395	NA	0	415	0
LINC00396	NA	0	439	0
LINC00397	NA	0	372	0
LINC00398	NA	0	906	0
LINC00399	NA	0	412	0
LINC00400	NA	0	664	0
LINC00403	NA	0	945	0
LINC00408	NA	0	1081	0
LINC00410	NA	0	2018	0
LINC00411	NA	0	410	0
LINC00412	NA	3	866	0.151122
LINC00417	NA	32	542	2.57557
LINC00421	NA	0	1054	0
LINC00423	NA	0	1356	0
LINC00424	NA	0	453	0
LINC00426	NA	2	1608	0.0542584
LINC00428	NA	0	1042	0
LINC00431	NA	335	716	20.4106
LINC00433	NA	0	853	0
LINC00434	NA	0	960	0
LINC00437	NA	0	2359	0
LINC00440	NA	0	868	0
LINC00441	NA	6	1143	0.228996
LINC00442	NA	0	2138	0
LINC00443	NA	0	1223	0
LINC00445	NA	0	755	0
LINC00446	NA	0	608	0
LINC00448	NA	1	972	0.0448804
LINC00452	NA	1	1607	0.0271461
LINC00456	NA	0	779	0
LINC00457	NA	11	390	1.23041
LINC00458	NA	0	1456	0
LINC00460	NA	0	916	0
LINC00461	NA	0	4186	0
LINC00462	NA	0	1023	0
LINC00463	NA	0	1073	0
LINC00466	NA	0	1793	0
LINC00467	NA	52	758	2.99266
LINC00469	NA	0	1549	0
LINC00470	NA	0	2241	0
LINC00471	NA	18	1282	0.612502
LINC00472	NA	1	9566	0.00456029
LINC00473	NA	0	2430	0
LINC00474	NA	0	564	0
LINC00475	NA	3	2000	0.0654357
LINC00476	NA	129	9171	0.613615
LINC00477	NA	2	1710	0.051022
LINC00479	NA	18	2033	0.386241
LINC00482	NA	13	2970	0.190946
LINC00483	NA	0	825	0
LINC00485	NA	0	3719	0
LINC00486	NA	0	2474	0
LINC00487	NA	0	2131	0
LINC00488	NA	0	2524	0
LINC00489	NA	0	543	0
LINC00491	NA	1	1796	0.0242894
LINC00492	NA	0	591	0
LINC00493	NA	705	492	62.5097
LINC00494	NA	11	3592	0.133592
LINC00499	NA	0	541	0
LINC00501	NA	1	2063	0.0211458
LINC00502	NA	0	540	0
LINC00504	NA	0	4671	0
LINC00506	NA	0	4640	0
LINC00507	NA	0	2129	0
LINC00508	NA	0	1427	0
LINC00511	NA	1	2265	0.0192599
LINC00514	NA	11	3221	0.148979
LINC00515	NA	8	450	0.775534
LINC00518	NA	31	3018	0.44809
LINC00520	NA	2	2069	0.0421689
LINC00521	NA	2	3316	0.0263111
LINC00523	NA	0	1627	0
LINC00524	NA	0	418	0
LINC00525	NA	5	1188	0.183602
LINC00526	NA	83	1306	2.77241
LINC00528	NA	1	2192	0.0199014
LINC00534	NA	0	869	0
LINC00535	NA	10	1914	0.227919
LINC00536	NA	0	2692	0
LINC00538	NA	0	1905	0
LINC00539	NA	2	984	0.0886662
LINC00540	NA	0	2142	0
LINC00544	NA	0	696	0
LINC00545	NA	0	400	0
LINC00547	NA	0	3314	0
LINC00548	NA	0	2551	0
LINC00550	NA	0	3433	0
LINC00551	NA	0	1967	0
LINC00552	NA	1	2579	0.016915
LINC00554	NA	0	3010	0
LINC00557	NA	0	1279	0
LINC00558	NA	0	3163	0
LINC00559	NA	0	3865	0
LINC00562	NA	8	2470	0.141292
LINC00563	NA	0	1400	0
LINC00564	NA	0	1118	0
LINC00565	NA	8	2478	0.140835
LINC00566	NA	0	569	0
LINC00570	NA	0	1330	0
LINC00571	NA	2	521	0.167462
LINC00572	NA	0	575	0
LINC00574	NA	16	2566	0.272011
LINC00575	NA	0	910	0
LINC00577	NA	2	575	0.151735
LINC00578	NA	0	1222	0
LINC00581	NA	0	987	0
LINC00582	NA	1	597	0.0730716
LINC00583	NA	0	384	0
LINC00587	NA	0	584	0
LINC00588	NA	0	1875	0
LINC00589	NA	0	1398	0
LINC00592	NA	1	1053	0.0414281
LINC00593	NA	0	1330	0
LINC00595	NA	0	874	0
LINC00597	NA	0	1497	0
LINC00598	NA	0	5257	0
LINC00599	NA	0	2922	0
LINC00601	NA	0	1168	0
LINC00602	NA	0	2065	0
LINC00603	NA	0	562	0
LINC00605	NA	0	1558	0
LINC00606	NA	0	2869	0
LINC00607	NA	1	3690	0.0118222
LINC00608	NA	0	1556	0
LINC00609	NA	0	583	0
LINC00612	NA	0	2210	0
LINC00613	NA	0	549	0
LINC00615	NA	1	1406	0.0310269
LINC00616	NA	163	2016	3.52712
LINC00618	NA	1	361	0.120841
LINC00619	NA	0	1121	0
LINC00620	NA	0	994	0
LINC00622	NA	2	1590	0.0548727
LINC00623	NA	284	3694	3.35386
LINC00624	NA	1	3373	0.0129332
LINC00626	NA	0	955	0
LINC00628	NA	1	1290	0.0338169
LINC00629	NA	8	1333	0.261808
LINC00630	NA	29	2117	0.597586
LINC00632	NA	0	2750	0
LINC00633	NA	0	631	0
LINC00634	NA	25	1506	0.724166
LINC00635	NA	0	1760	0
LINC00636	NA	0	1306	0
LINC00637	NA	1	2056	0.0212178
LINC00638	NA	27	2518	0.467769
LINC00639	NA	0	4306	0
LINC00640	NA	0	674	0
LINC00641	NA	593	5715	4.52649
LINC00642	NA	0	709	0
LINC00643	NA	0	6635	0
LINC00644	NA	0	294	0
LINC00645	NA	2	3535	0.0246811
LINC00648	NA	0	2886	0
LINC00649	NA	54	4830	0.487719
LINC00652	NA	4	1799	0.0969956
LINC00654	NA	0	3591	0
LINC00656	NA	0	1911	0
LINC00657	NA	10401	5343	84.9206
LINC00658	NA	0	1639	0
LINC00659	NA	9	706	0.55611
LINC00661	NA	3	3342	0.0391596
LINC00662	NA	149	2051	3.16916
LINC00663	NA	139	2371	2.55745
LINC00664	NA	0	3760	0
LINC00665	NA	12	2125	0.246346
LINC00667	NA	687	3977	7.53571
LINC00668	NA	0	1751	0
LINC00669	NA	44	2147	0.894013
LINC00670	NA	0	2767	0
LINC00671	NA	1	1844	0.0236571
LINC00672	NA	8	3692	0.0945261
LINC00673	NA	2	2257	0.0386564
LINC00674	NA	602	11193	2.34624
LINC00675	NA	2	1530	0.0570245
LINC00676	NA	0	509	0
LINC00678	NA	2	962	0.0906939
LINC00681	NA	0	504	0
LINC00682	NA	0	1424	0
LINC00683	NA	0	2221	0
LINC00684	NA	0	465	0
LINC00685	NA	70	1340	2.27885
LINC00687	NA	0	524	0
LINC00689	NA	0	4013	0
LINC00690	NA	0	1367	0
LINC00691	NA	0	2241	0
LINC00692	NA	0	930	0
LINC00693	NA	2	1654	0.0527494
LINC00696	NA	1	3019	0.0144497
LINC00698	NA	0	1835	0
LINC00700	NA	0	2097	0
LINC00701	NA	0	5505	0
LINC00702	NA	0	565	0
LINC00703	NA	0	2598	0
LINC00704	NA	5	1394	0.15647
LINC00705	NA	0	1011	0
LINC00706	NA	0	703	0
LINC00707	NA	0	3070	0
LINC00708	NA	0	915	0
LINC00709	NA	0	713	0
LINC00710	NA	0	1112	0
LINC00824	NA	1	3888	0.0112201
LINC00836	NA	0	2881	0
LINC00837	NA	1	4014	0.0108679
LINC00838	NA	0	2958	0
LINC00839	NA	317	2306	5.99685
LINC00840	NA	0	1974	0
LINC00841	NA	0	981	0
LINC00842	NA	1	2877	0.0151629
LINC00844	NA	0	659	0
LINC00845	NA	0	693	0
LINC00847	NA	18	2082	0.377151
LINC00850	NA	0	662	0
LINC00851	NA	0	726	0
LINC00852	NA	23	1328	0.755532
LINC00853	NA	1	661	0.0659966
LINC00854	NA	2	966	0.0903184
LINC00856	NA	0	2815	0
LINC00857	NA	165	2161	3.33083
LINC00858	NA	0	2685	0
LINC00861	NA	1	5454	0.00799849
LINC00862	NA	0	1417	0
LINC00864	NA	0	1195	0
LINC00865	NA	0	4289	0
LINC00866	NA	0	418	0
LINC00867	NA	4	580	0.300854
LINC00869	NA	281	1612	7.60439
LINC00870	NA	0	2700	0
LINC00871	NA	0	1193	0
LINC00877	NA	0	2315	0
LINC00879	NA	0	1038	0
LINC00880	NA	1	2016	0.0216388
LINC00881	NA	0	791	0
LINC00882	NA	0	603	0
LINC00883	NA	0	4014	0
LINC00884	NA	3	1123	0.116537
LINC00885	NA	0	1828	0
LINC00886	NA	2	3337	0.0261455
LINC00887	NA	0	3013	0
LINC00888	NA	117	1671	3.05445
LINC00889	NA	0	2908	0
LINC00890	NA	0	4595	0
LINC00891	NA	0	1064	0
LINC00892	NA	0	689	0
LINC00893	NA	35	2346	0.650824
LINC00894	NA	88	3182	1.20644
LINC00895	NA	0	710	0
LINC00896	NA	18	2206	0.355951
LINC00898	NA	0	4185	0
LINC00899	NA	1	1610	0.0270955
LINC00900	NA	0	2243	0
LINC00901	NA	0	1452	0
LINC00904	NA	0	471	0
LINC00905	NA	1	1815	0.0240351
LINC00906	NA	0	3444	0
LINC00907	NA	1	7910	0.00551502
LINC00908	NA	0	2243	0
LINC00909	NA	279	3474	3.50346
LINC00910	NA	12	4399	0.119001
LINC00911	NA	0	591	0
LINC00917	NA	0	2618	0
LINC00919	NA	0	1658	0
LINC00920	NA	3	912	0.143499
LINC00921	NA	18	2442	0.321551
LINC00922	NA	0	1760	0
LINC00923	NA	3	1517	0.0862698
LINC00924	NA	0	2684	0
LINC00925	NA	102	4198	1.05994
LINC00926	NA	34	2516	0.58951
LINC00927	NA	0	2915	0
LINC00928	NA	0	2388	0
LINC00929	NA	73	1485	2.14447
LINC00930	NA	0	1762	0
LINC00933	NA	4	2775	0.0628811
LINC00934	NA	0	2291	0
LINC00935	NA	0	658	0
LINC00936	NA	15	2998	0.218264
LINC00937	NA	18	661	1.18794
LINC00938	NA	313	2202	6.20084
LINC00939	NA	0	2078	0
LINC00940	NA	0	2352	0
LINC00941	NA	0	1895	0
LINC00942	NA	0	2244	0
LINC00943	NA	0	2259	0
LINC00944	NA	0	621	0
LINC00945	NA	0	849	0
LINC00950	NA	4	5245	0.0332688
LINC00951	NA	0	3122	0
LINC00954	NA	2	3015	0.0289378
LINC00955	NA	0	2483	0
LINC00957	NA	12	1757	0.297943
LINC00958	NA	0	1559	0
LINC00959	NA	68	2671	1.1106
LINC00960	NA	6	2886	0.0906939
LINC00961	NA	6	1546	0.169303
LINC00963	NA	108	2119	2.22339
LINC00964	NA	0	3579	0
LINC00965	NA	135	8622	0.683044
LINC00967	NA	1	1503	0.0290245
LINC00968	NA	0	2520	0
LINC00969	NA	153	940	7.10047
LINC00970	NA	0	1129	0
LINC00971	NA	6	7309	0.035811
LINC00974	NA	0	2141	0
LINC00977	NA	23	1153	0.870205
LINC00982	NA	303	3848	3.43503
LINC00987	NA	1446	2469	25.5488
LINC00989	NA	0	2054	0
LINC00992	NA	0	3091	0
LINC00993	NA	0	653	0
LINC00994	NA	0	2129	0
LINC00996	NA	7	2043	0.14947
LINC00997	NA	177	4639	1.66446
LINC00998	NA	767	1127	29.6889
LINC00999	NA	575	5253	4.77511
LINC01000	NA	1471	10263	6.25261
LINC01001	NA	1699	4614	16.0635
LINC01002	NA	2018	4874	18.0617
LINC01003	NA	126	1422	3.8654
LINC01004	NA	156	9419	0.722509
LINC01005	NA	0	2891	0
LINC01006	NA	13	758	0.748165
LINC01007	NA	0	2664	0
LINC01010	NA	0	2062	0
LINC01011	NA	59	2809	0.91627
LINC01012	NA	6	3194	0.0819482
LINC01013	NA	1	1002	0.0435367
LINC01014	NA	0	548	0
LINC01015	NA	2	12382	0.00704632
LINC01016	NA	0	3151	0
LINC01017	NA	0	625	0
LINC01018	NA	0	3366	0
LINC01019	NA	0	3199	0
LINC01020	NA	0	1749	0
LINC01021	NA	354	1106	13.9628
LINC01023	NA	6	437	0.598953
LINC01024	NA	15	3138	0.208527
LINC01028	NA	5	1173	0.18595
LINC01029	NA	0	1310	0
LINC01030	NA	0	765	0
LINC01031	NA	0	779	0
LINC01032	NA	1	435	0.100285
LINC01033	NA	0	715	0
LINC01036	NA	2	779	0.111999
LINC01038	NA	0	457	0
LINC01039	NA	0	3923	0
LINC01040	NA	0	667	0
LINC01044	NA	0	657	0
LINC01046	NA	0	405	0
LINC01047	NA	0	777	0
LINC01048	NA	0	529	0
LINC01049	NA	0	1002	0
LINC01050	NA	0	760	0
LINC01053	NA	0	1777	0
LINC01054	NA	1	316	0.13805
LINC01055	NA	0	706	0
LINC01056	NA	0	1234	0
LINC01057	NA	207	1331	6.78446
LINC01058	NA	0	535	0
LINC01060	NA	0	483	0
LINC01061	NA	666	4818	6.03019
LINC01063	NA	6	342	0.765329
LINC01065	NA	0	565	0
LINC01068	NA	2	636	0.137182
LINC01069	NA	0	2615	0
LINC01070	NA	0	1291	0
LINC01072	NA	0	431	0
LINC01075	NA	0	669	0
LINC01080	NA	0	622	0
LINC01081	NA	0	736	0
LINC01082	NA	0	439	0
LINC01085	NA	0	1984	0
LINC01087	NA	0	3516	0
LINC01088	NA	0	1011	0
LINC01089	NA	237	1521	6.79739
LINC01090	NA	2	496	0.175902
LINC01091	NA	94	2675	1.53295
LINC01093	NA	0	1529	0
LINC01094	NA	0	4286	0
LINC01095	NA	0	1182	0
LINC01096	NA	0	1749	0
LINC01097	NA	0	2122	0
LINC01098	NA	0	1034	0
LINC01099	NA	0	1771	0
LINC01100	NA	0	618	0
LINC01101	NA	0	2015	0
LINC01102	NA	0	1505	0
LINC01103	NA	0	1459	0
LINC01104	NA	0	3115	0
LINC01105	NA	0	11868	0
LINC01106	NA	320	2182	6.39762
LINC01107	NA	0	2420	0
LINC01108	NA	0	3697	0
LINC01111	NA	0	1639	0
LINC01114	NA	0	2437	0
LINC01115	NA	0	1521	0
LINC01116	NA	2	1058	0.0824646
LINC01117	NA	0	656	0
LINC01118	NA	3	1043	0.125476
LINC01119	NA	2	1210	0.0721054
LINC01120	NA	0	3055	0
LINC01121	NA	0	1098	0
LINC01122	NA	0	4296	0
LINC01123	NA	397	2519	6.8752
LINC01124	NA	0	2129	0
LINC01125	NA	26	1369	0.828501
LINC01126	NA	29	1645	0.769051
LINC01127	NA	0	996	0
LINC01128	NA	427	9233	2.01748
LINC01132	NA	2	3793	0.0230023
LINC01133	NA	0	1138	0
LINC01134	NA	6	1952	0.134089
LINC01135	NA	0	1123	0
LINC01136	NA	4	2741	0.0636611
LINC01137	NA	0	1427	0
LINC01138	NA	169	2052	3.5928
LINC01139	NA	109	1531	3.10581
LINC01140	NA	6	4642	0.0563857
LINC01141	NA	0	3783	0
LINC01142	NA	0	1725	0
LINC01143	NA	0	650	0
LINC01144	NA	39	1710	0.994928
LINC01146	NA	0	831	0
LINC01150	NA	1	1203	0.0362625
LINC01151	NA	0	571	0
LINC01152	NA	0	3578	0
LINC01158	NA	0	2948	0
LINC01159	NA	0	3971	0
LINC01160	NA	22	1542	0.622388
LINC01162	NA	0	432	0
LINC01163	NA	0	3011	0
LINC01164	NA	48	3384	0.618777
LINC01166	NA	47	2889	0.709698
LINC01167	NA	8	604	0.577798
LINC01168	NA	4	5397	0.0323319
LINC01169	NA	0	837	0
LINC01170	NA	0	737	0
LINC01176	NA	8	715	0.488098
LINC01177	NA	0	536	0
LINC01179	NA	0	2163	0
LINC01180	NA	1	2025	0.0215426
LINC01182	NA	0	2228	0
LINC01184	NA	188	2953	2.77727
LINC01185	NA	0	1705	0
LINC01186	NA	0	655	0
LINC01187	NA	0	1334	0
LINC01189	NA	0	1169	0
LINC01191	NA	2	852	0.102403
LINC01192	NA	0	1519	0
LINC01193	NA	1	3402	0.012823
LINC01194	NA	0	624	0
LINC01195	NA	0	448	0
LINC01197	NA	0	1378	0
LINC01198	NA	0	934	0
LINC01201	NA	0	294	0
LINC01202	NA	0	697	0
LINC01203	NA	0	580	0
LINC01204	NA	1	4720	0.00924232
LINC01205	NA	1	4009	0.0108815
LINC01206	NA	0	9557	0
LINC01207	NA	0	3123	0
LINC01208	NA	1	822	0.0530703
LINC01209	NA	0	2399	0
LINC01210	NA	0	1321	0
LINC01212	NA	2	2026	0.0430639
LINC01213	NA	1	605	0.0721054
LINC01214	NA	4	818	0.213319
LINC01215	NA	0	2671	0
LINC01216	NA	0	824	0
LINC01219	NA	0	722	0
LINC01220	NA	2	488	0.178786
LINC01221	NA	0	662	0
LINC01222	NA	0	768	0
LINC01224	NA	0	2563	0
LINC01225	NA	3	1168	0.112047
LINC01226	NA	7	2741	0.111407
LINC01227	NA	0	1436	0
LINC01229	NA	0	1215	0
LINC01230	NA	0	498	0
LINC01231	NA	0	1494	0
LINC01232	NA	18	1817	0.432156
LINC01233	NA	0	613	0
LINC01234	NA	100	2222	1.96327
LINC01237	NA	4	576	0.302943
LINC01239	NA	0	2347	0
LINC01241	NA	0	1237	0
LINC01242	NA	0	1255	0
LINC01246	NA	0	588	0
LINC01247	NA	1	4209	0.0103644
LINC01248	NA	0	702	0
LINC01249	NA	0	2674	0
LINC01250	NA	0	2344	0
LINC01251	NA	0	486	0
LINC01252	NA	14	3671	0.166367
LINC01254	NA	0	1907	0
LINC01255	NA	0	641	0
LINC01256	NA	0	505	0
LINC01257	NA	0	2473	0
LINC01258	NA	0	2059	0
LINC01260	NA	8	1157	0.301634
LINC01262	NA	0	878	0
LINC01264	NA	0	500	0
LINC01265	NA	27	800	1.4723
LINC01266	NA	14	3851	0.158591
LINC01267	NA	3	2284	0.0572992
LINC01268	NA	0	2750	0
LINC01269	NA	0	602	0
LINC01270	NA	0	2278	0
LINC01271	NA	0	2250	0
LINC01272	NA	0	2010	0
LINC01273	NA	1	705	0.0618777
LINC01276	NA	0	816	0
LINC01277	NA	1	1902	0.0229357
LINC01278	NA	529	2886	7.99618
LINC01279	NA	1	5176	0.00842809
LINC01280	NA	0	1617	0
LINC01281	NA	0	1773	0
LINC01282	NA	0	880	0
LINC01284	NA	0	742	0
LINC01285	NA	0	836	0
LINC01287	NA	0	1008	0
LINC01288	NA	0	660	0
LINC01289	NA	0	3708	0
LINC01291	NA	1	494	0.0883072
LINC01296	NA	942	1401	29.3316
LINC01298	NA	0	519	0
LINC01299	NA	0	2520	0
LINC01300	NA	0	796	0
LINC01301	NA	1	3485	0.0125176
LINC01304	NA	0	2416	0
LINC01305	NA	0	3122	0
LINC01307	NA	0	474	0
LINC01309	NA	0	492	0
LINC01310	NA	2	4015	0.0217304
LINC01311	NA	94	1127	3.63854
LINC01312	NA	0	3517	0
LINC01314	NA	3	6943	0.0188494
LINC01315	NA	27	1239	0.950639
LINC01317	NA	0	772	0
LINC01320	NA	0	1131	0
LINC01322	NA	0	753	0
LINC01324	NA	10	844	0.516869
LINC01327	NA	0	535	0
LINC01330	NA	0	2678	0
LINC01331	NA	0	568	0
LINC01333	NA	0	784	0
LINC01335	NA	0	389	0
LINC01336	NA	94	534	7.67909
LINC01337	NA	2	442	0.197393
LINC01338	NA	51	631	3.52585
LINC01339	NA	0	573	0
LINC01340	NA	0	729	0
LINC01341	NA	41	1123	1.59268
LINC01342	NA	0	1618	0
LINC01343	NA	1	2283	0.0191081
LINC01344	NA	0	571	0
LINC01346	NA	0	568	0
LINC01347	NA	323	3834	3.67514
LINC01349	NA	0	823	0
LINC01350	NA	1	603	0.0723446
LINC01351	NA	0	1423	0
LINC01352	NA	0	961	0
LINC01353	NA	0	902	0
LINC01354	NA	0	2860	0
LINC01355	NA	113	3511	1.40401
LINC01356	NA	74	1824	1.76982
LINC01358	NA	0	471	0
LINC01359	NA	1	1079	0.0404298
LINC01360	NA	0	4080	0
LINC01361	NA	0	1585	0
LINC01363	NA	6	1854	0.141177
LINC01364	NA	0	886	0
LINC01365	NA	0	533	0
LINC01366	NA	0	2242	0
LINC01370	NA	0	838	0
LINC01372	NA	9	490	0.801253
LINC01375	NA	0	1860	0
LINC01377	NA	0	649	0
LINC01378	NA	0	429	0
LINC01384	NA	0	659	0
LINC01386	NA	0	507	0
LINC01387	NA	0	603	0
LINC01389	NA	18	861	0.911995
LINC01391	NA	1	3538	0.0123301
LINC01392	NA	0	548	0
LINC01393	NA	0	1187	0
LINC01395	NA	0	977	0
LINC01396	NA	0	527	0
LINC01397	NA	3	579	0.22603
LINC01398	NA	0	1129	0
LINC01399	NA	2	648	0.134641
LINC01402	NA	0	279	0
LINC01405	NA	0	359	0
LINC01410	NA	2	2877	0.0303259
LINC01411	NA	79	1079	3.19396
LINC01412	NA	0	423	0
LINC01413	NA	0	986	0
LINC01416	NA	0	2310	0
LINC01419	NA	3	1518	0.086213
LINC01420	NA	895	694	56.2583
LINC01422	NA	0	564	0
LINC01423	NA	0	621	0
LINC01424	NA	58	1366	1.85225
LINC01425	NA	0	760	0
LINC01426	NA	7	3136	0.0973745
LINC01427	NA	0	512	0
LINC01428	NA	0	874	0
LINC01429	NA	3	2327	0.0562404
LINC01430	NA	0	430	0
LINC01431	NA	23	636	1.57759
LINC01432	NA	0	677	0
LINC01433	NA	4	682	0.255858
LINC01435	NA	2	720	0.121177
LINC01436	NA	1	1523	0.0286433
LINC01440	NA	0	636	0
LINC01441	NA	0	2290	0
LINC01443	NA	0	1871	0
LINC01444	NA	0	763	0
LINC01445	NA	0	1142	0
LINC01446	NA	0	3484	0
LINC01447	NA	29	2761	0.4582
LINC01448	NA	0	1170	0
LINC01449	NA	1	1214	0.0359339
LINC01450	NA	0	3252	0
LINC01455	NA	0	561	0
LINC01461	NA	1	560	0.0778996
LINC01465	NA	60	1684	1.55429
LINC01467	NA	0	1187	0
LINC01468	NA	9	1174	0.334424
LINC01470	NA	1	2177	0.0200385
LINC01471	NA	0	1230	0
LINC01473	NA	5	602	0.362324
LINC01474	NA	1	638	0.0683758
LINC01475	NA	0	766	0
LINC01476	NA	0	546	0
LINC01477	NA	0	1226	0
LINC01478	NA	0	2069	0
LINC01479	NA	0	472	0
LINC01480	NA	41	478	3.74179
LINC01481	NA	63	1340	2.05097
LINC01482	NA	0	2616	0
LINC01483	NA	764	712	46.8098
LINC01484	NA	0	570	0
LINC01485	NA	0	741	0
LINC01486	NA	0	612	0
LINC01487	NA	0	405	0
LINC01488	NA	0	3425	0
LINC01489	NA	0	605	0
LINC01490	NA	0	1476	0
LINC01491	NA	0	439	0
LINC01492	NA	0	3732	0
LINC01493	NA	0	506	0
LINC01494	NA	1	1008	0.0432776
LINC01495	NA	0	437	0
LINC01496	NA	0	543	0
LINC01497	NA	152	726	9.13335
LINC01498	NA	0	549	0
LINC01499	NA	0	553	0
LINC01500	NA	0	752	0
LINC01501	NA	0	2020	0
LINC01502	NA	0	2638	0
LINC01503	NA	676	752	39.215
LINC01504	NA	2	2456	0.0355242
LINC01505	NA	0	2056	0
LINC01506	NA	0	351	0
LINC01507	NA	4	1124	0.155245
LINC01508	NA	0	1019	0
LINC01509	NA	0	960	0
LINC01510	NA	0	1358	0
LINC01511	NA	3	1622	0.0806852
LINC01512	NA	1	2282	0.0191165
LINC01514	NA	0	1339	0
LINC01515	NA	15	679	0.963706
LINC01516	NA	0	2977	0
LINC01517	NA	0	619	0
LINC01518	NA	1	1966	0.0221891
LINC01519	NA	0	2244	0
LINC01520	NA	0	1492	0
LINC01521	NA	252	4397	2.50016
LINC01522	NA	5	925	0.235804
LINC01523	NA	0	628	0
LINC01524	NA	0	4385	0
LINC01525	NA	0	565	0
LINC01526	NA	0	555	0
LINC01529	NA	0	2191	0
LINC01530	NA	16	1701	0.410335
LINC01531	NA	1	3312	0.0131714
LINC01532	NA	0	1948	0
LINC01533	NA	0	1269	0
LINC01534	NA	51	880	2.5282
LINC01535	NA	4	2070	0.0842971
LINC01537	NA	0	2447	0
LINC01538	NA	0	2407	0
LINC01539	NA	0	2392	0
LINC01541	NA	0	3103	0
LINC01543	NA	0	770	0
LINC01544	NA	0	3217	0
LINC01545	NA	1	520	0.0838919
LINC01546	NA	0	674	0
LINC01547	NA	74	2185	1.47742
LINC01548	NA	0	595	0
LINC01549	NA	3	717	0.182526
LINC01550	NA	0	1458	0
LINC01551	NA	0	3730	0
LINC01552	NA	0	640	0
LINC01553	NA	0	1815	0
LINC01554	NA	1	1916	0.0227681
LINC01555	NA	0	2884	0
LINC01556	NA	2	3183	0.0274105
LINC01558	NA	0	1650	0
LINC01559	NA	14	3202	0.190735
LINC01560	NA	45	2512	0.781477
LINC01561	NA	0	2175	0
LINC01563	NA	2	872	0.100055
LINC01564	NA	0	566	0
LINC01565	NA	1	2697	0.0161749
LINC01566	NA	0	3366	0
LINC01567	NA	0	2907	0
LINC01568	NA	0	1328	0
LINC01569	NA	75	2093	1.5632
LINC01570	NA	0	786	0
LINC01571	NA	0	437	0
LINC01572	NA	34	1728	0.858338
LINC01573	NA	53	546	4.23454
LINC01574	NA	0	610	0
LINC01578	NA	1366	2035	29.2826
LINC01580	NA	0	1136	0
LINC01581	NA	0	3173	0
LINC01582	NA	2	747	0.116797
LINC01583	NA	0	2567	0
LINC01584	NA	0	852	0
LINC01585	NA	0	1282	0
LINC01586	NA	0	2082	0
LINC01587	NA	1	1053	0.0414281
LINC01588	NA	7	9713	0.0314389
LINC01589	NA	1	574	0.0759996
LINC01590	NA	27	1558	0.755996
LINC01591	NA	0	1240	0
LINC01592	NA	0	2367	0
LINC01594	NA	0	611	0
LINC01599	NA	2	977	0.0893015
LINC01600	NA	11	2434	0.197149
LINC01602	NA	479	2109	9.90791
LINC01603	NA	0	1463	0
LINC01604	NA	137	756	7.90537
LINC01605	NA	68	2177	1.36262
LINC01606	NA	1	2813	0.0155079
LINC01607	NA	0	621	0
LINC01608	NA	0	752	0
LINC01609	NA	0	456	0
LINC01611	NA	0	571	0
LINCMD1	NA	0	366	0
LINCR-0001	NA	0	545	0
LINCR-0002	NA	0	1182	0
LINCR-0003	NA	0	1309	0
LINGO1	NA	1747	4674	16.3052
LINGO1-AS1	NA	0	1719	0
LINGO1-AS2	NA	1	664	0.0656985
LINGO2	NA	0	3412	0
LINGO3	NA	0	2130	0
LINGO4	NA	0	2667	0
LINS	NA	233	2512	4.04631
LIPA	NA	276	2793	4.31083
LIPC	NA	1	1604	0.0271969
LIPE	NA	344	3813	3.93564
LIPE-AS1	NA	122	2924	1.82014
LIPF	NA	1	1526	0.028587
LIPG	NA	588	4168	6.15422
LIPH	NA	1	2474	0.0176329
LIPI	NA	4	1743	0.100112
LIPJ	NA	0	1484	0
LIPK	NA	0	1200	0
LIPM	NA	0	1484	0
LIPN	NA	0	1197	0
LIPT1	NA	121	2019	2.6144
LIPT2	NA	73	960	3.31722
LITAF	NA	2057	2926	30.6678
LIX1	NA	45	3967	0.49485
LIX1L	NA	1201	3997	13.1079
LKAAEAR1	NA	0	868	0
LL22NC01-81G9.3	NA	0	992	0
LL22NC03-63E9.3	NA	1	3108	0.014036
LL22NC03-75H12.2	NA	0	984	0
LLGL1	NA	1212	4224	12.517
LLGL2	NA	201	3764	2.32954
LLPH	NA	2161	1217	77.4618
LLPH-AS1	NA	14	623	0.980309
LMAN1	NA	2925	4834	26.3963
LMAN1L	NA	0	1736	0
LMAN2	NA	4164	1832	99.1536
LMAN2L	NA	642	2442	11.4687
LMBR1	NA	1532	4890	13.667
LMBR1L	NA	245	2549	4.19295
LMBRD1	NA	235	2308	4.44176
LMBRD2	NA	53	3237	0.71426
LMCD1	NA	151	3159	2.08521
LMCD1-AS1	NA	11	2147	0.223503
LMF1	NA	1879	4674	17.5372
LMF1-AS1	NA	3	1477	0.0886062
LMF2	NA	1773	2599	29.7595
LMLN	NA	417	7154	2.54279
LMLN-AS1	NA	13	548	1.03487
LMNA	NA	8107	4104	86.174
LMNB1	NA	4009	3403	51.3922
LMNB2	NA	6824	4644	64.1018
LMNTD1	NA	0	3695	0
LMNTD2	NA	144	2098	2.9942
LMO1	NA	7	1629	0.187456
LMO2	NA	27	2416	0.487517
LMO3	NA	1	5156	0.00846078
LMO4	NA	23	5406	0.185599
LMO7	NA	24	8949	0.116993
LMO7-AS1	NA	93	593	6.8415
LMO7DN	NA	0	1168	0
LMO7DN-IT1	NA	0	319	0
LMOD1	NA	13	3967	0.142957
LMOD2	NA	0	2149	0
LMOD3	NA	2	2315	0.0376879
LMTK2	NA	670	8945	3.26752
LMTK3	NA	970	4972	8.51067
LMX1A	NA	0	3717	0
LMX1B	NA	4166	5830	31.1727
LNP1	NA	56	2217	1.10191
LNPEP	NA	115	4795	1.04624
LNX1	NA	18	3505	0.224031
LNX1-AS1	NA	0	553	0
LNX1-AS2	NA	0	1962	0
LNX2	NA	560	4804	5.0852
LOC100049716	NA	46	2338	0.858295
LOC100101148	NA	96	875	4.78615
LOC100101478	NA	0	979	0
LOC100126784	NA	0	3739	0
LOC100128006	NA	0	3727	0
LOC100128076	NA	7	2012	0.151773
LOC100128164	NA	5	7012	0.0311065
LOC100128176	NA	0	2081	0
LOC100128233	NA	0	1442	0
LOC100128239	NA	6	2299	0.113851
LOC100128288	NA	14	2129	0.286864
LOC100128317	NA	0	4790	0
LOC100128361	NA	72	2486	1.26344
LOC100128398	NA	76	1897	1.74771
LOC100128494	NA	858	4233	8.84224
LOC100128531	NA	5	973	0.224171
LOC100128554	NA	0	2453	0
LOC100128568	NA	2	639	0.136538
LOC100128573	NA	1	525	0.0830929
LOC100128593	NA	2	2702	0.03229
LOC100128714	NA	26	1967	0.576623
LOC100128770	NA	19	3060	0.270867
LOC100128885	NA	1	4369	0.00998484
LOC100128993	NA	0	1011	0
LOC100129027	NA	0	3586	0
LOC100129034	NA	4138	5712	31.6028
LOC100129046	NA	11	1562	0.30721
LOC100129055	NA	0	2775	0
LOC100129083	NA	25	729	1.49601
LOC100129138	NA	32	1209	1.15464
LOC100129148	NA	352	460	33.3817
LOC100129175	NA	0	1993	0
LOC100129203	NA	0	1960	0
LOC100129216	NA	0	213	0
LOC100129316	NA	0	5249	0
LOC100129345	NA	0	1670	0
LOC100129434	NA	3	2863	0.0457113
LOC100129461	NA	93	4470	0.907609
LOC100129518	NA	67	1717	1.70227
LOC100129520	NA	1	2982	0.014629
LOC100129534	NA	120	2248	2.32867
LOC100129550	NA	111	5904	0.820162
LOC100129603	NA	0	559	0
LOC100129617	NA	5	1921	0.113544
LOC100129620	NA	27	2544	0.462988
LOC100129636	NA	5	3318	0.0657381
LOC100129697	NA	10	1562	0.279282
LOC100129917	NA	70	1700	1.79627
LOC100129924	NA	3	983	0.133135
LOC100129931	NA	1429	4300	14.4973
LOC100129935	NA	0	1831	0
LOC100129940	NA	136	6146	0.965316
LOC100129973	NA	17	1520	0.487897
LOC100130075	NA	4	1058	0.164929
LOC100130093	NA	816	2377	14.9756
LOC100130238	NA	15	3877	0.168779
LOC100130264	NA	0	1789	0
LOC100130298	NA	0	513	0
LOC100130331	NA	78	3125	1.08885
LOC100130357	NA	11	2305	0.208183
LOC100130370	NA	0	767	0
LOC100130417	NA	401	1506	11.6156
LOC100130451	NA	6	1726	0.151647
LOC100130452	NA	1	506	0.086213
LOC100130476	NA	0	1964	0
LOC100130587	NA	14	3264	0.187112
LOC100130673	NA	0	1597	0
LOC100130691	NA	44	5206	0.368699
LOC100130700	NA	0	600	0
LOC100130705	NA	134	3803	1.5371
LOC100130744	NA	36	2599	0.604254
LOC100130849	NA	1	564	0.0773471
LOC100130872	NA	0	4981	0
LOC100130880	NA	1	577	0.0756045
LOC100130899	NA	1	4246	0.0102741
LOC100130950	NA	28	1728	0.706867
LOC100130964	NA	0	520	0
LOC100130987	NA	29	850	1.48834
LOC100130992	NA	0	6477	0
LOC100131047	NA	0	2125	0
LOC100131257	NA	1	21017	0.00207564
LOC100131289	NA	9	828	0.474171
LOC100131303	NA	1	1185	0.0368133
LOC100131315	NA	0	585	0
LOC100131347	NA	0	2305	0
LOC100131496	NA	0	2253	0
LOC100131564	NA	338	4033	3.65605
LOC100131626	NA	13	572	0.991449
LOC100131635	NA	0	338	0
LOC100131655	NA	29	1295	0.976903
LOC100132057	NA	11	2970	0.16157
LOC100132062	NA	1808	8740	9.02423
LOC100132077	NA	17	2162	0.343018
LOC100132078	NA	12	2587	0.202352
LOC100132111	NA	0	761	0
LOC100132146	NA	0	1826	0
LOC100132174	NA	0	2281	0
LOC100132215	NA	130	2162	2.62308
LOC100132287	NA	1808	8740	9.02423
LOC100132304	NA	0	465	0
LOC100132352	NA	405	2577	6.85589
LOC100132356	NA	23	1785	0.562099
LOC100132735	NA	376	1294	12.6758
LOC100132741	NA	0	1064	0
LOC100132781	NA	1	2138	0.020404
LOC100132831	NA	12	1980	0.264387
LOC100133050	NA	1	701	0.0622308
LOC100133077	NA	12	3222	0.162472
LOC100133091	NA	272	2686	4.4176
LOC100133267	NA	0	480	0
LOC100133286	NA	2	1221	0.0714558
LOC100133315	NA	19	1245	0.665744
LOC100133331	NA	1805	8546	9.21377
LOC100133461	NA	0	1033	0
LOC100133669	NA	2	702	0.124284
LOC100133920	NA	199	2029	4.27853
LOC100133985	NA	24	661	1.58392
LOC100134317	NA	10	597	0.730716
LOC100134368	NA	10	1571	0.277682
LOC100134391	NA	0	1140	0
LOC100134868	NA	53	1554	1.48781
LOC100144595	NA	0	2362	0
LOC100147773	NA	13	2147	0.26414
LOC100190940	NA	0	3211	0
LOC100190986	NA	94	2432	1.68612
LOC100192426	NA	0	616	0
LOC100233156	NA	231	1620	6.22043
LOC100240728	NA	0	697	0
LOC100240734	NA	1	491	0.0888468
LOC100240735	NA	2	905	0.0964061
LOC100268168	NA	60	1997	1.31068
LOC100270746	NA	35	941	1.62256
LOC100270804	NA	48	2017	1.03815
LOC100271832	NA	1	1391	0.0313614
LOC100272216	NA	8	2049	0.170322
LOC100272217	NA	33	2145	0.671135
LOC100286922	NA	0	1030	0
LOC100287010	NA	0	1084	0
LOC100287015	NA	320	2408	5.79718
LOC100287036	NA	4	1205	0.144809
LOC100287042	NA	339	2597	5.69444
LOC100287072	NA	102	2143	2.07635
LOC100287225	NA	1	4771	0.00914353
LOC100287592	NA	0	626	0
LOC100287632	NA	1	711	0.0613555
LOC100287704	NA	2	655	0.133202
LOC100287728	NA	2	413	0.211253
LOC100287792	NA	0	2112	0
LOC100287834	NA	2	655	0.133202
LOC100287846	NA	3	3510	0.0372853
LOC100287944	NA	8	569	0.61334
LOC100288069	NA	53	1371	1.6864
LOC100288123	NA	56	1698	1.43871
LOC100288152	NA	527	1781	12.9083
LOC100288162	NA	597	2152	12.1019
LOC100288181	NA	66	5684	0.506539
LOC100288254	NA	2	1802	0.0484171
LOC100288570	NA	29	856	1.47791
LOC100288637	NA	277	5878	2.05576
LOC100288748	NA	0	2183	0
LOC100288778	NA	2543	1875	59.1655
LOC100288798	NA	32	906	1.5408
LOC100288842	NA	5	583	0.374132
LOC100288846	NA	22	1359	0.706198
LOC100288866	NA	6	1221	0.214367
LOC100288911	NA	181	716	11.0278
LOC100288966	NA	0	1826	0
LOC100289230	NA	28	1876	0.651101
LOC100289333	NA	1	374	0.116641
LOC100289361	NA	15	623	1.05033
LOC100289473	NA	0	747	0
LOC100289495	NA	28	3908	0.312555
LOC100289511	NA	487	1431	14.8461
LOC100289561	NA	253	1041	10.6021
LOC100289580	NA	44	3776	0.508328
LOC100289650	NA	11	1873	0.256199
LOC100289656	NA	64	895	3.11947
LOC100289673	NA	0	1266	0
LOC100294145	NA	734	29520	1.08468
LOC100294362	NA	34	3698	0.401084
LOC100303749	NA	1	769	0.0567279
LOC100335030	NA	21	3160	0.289905
LOC100379224	NA	123	3361	1.59647
LOC100419583	NA	210	2054	4.46007
LOC100420587	NA	29	3126	0.404699
LOC100421746	NA	0	510	0
LOC100422212	NA	0	2122	0
LOC100422556	NA	21	455	2.0134
LOC100422737	NA	0	1387	0
LOC100499194	NA	0	2316	0
LOC100499484	NA	24	3218	0.325348
LOC100499484-C9ORF174	NA	111	6963	0.695424
LOC100499489	NA	271	2505	4.71938
LOC100500773	NA	0	1364	0
LOC100505478	NA	0	731	0
LOC100505515	NA	0	599	0
LOC100505530	NA	9	1201	0.326906
LOC100505549	NA	81	1982	1.78281
LOC100505622	NA	0	685	0
LOC100505625	NA	3	3364	0.0389035
LOC100505635	NA	0	665	0
LOC100505658	NA	1	2477	0.0176115
LOC100505666	NA	74	1836	1.75826
LOC100505715	NA	5	2191	0.0995522
LOC100505716	NA	1	2110	0.0206748
LOC100505736	NA	0	2256	0
LOC100505782	NA	0	2160	0
LOC100505795	NA	0	1963	0
LOC100505817	NA	0	1176	0
LOC100505841	NA	0	441	0
LOC100505878	NA	0	759	0
LOC100505887	NA	0	485	0
LOC100505912	NA	10	885	0.492924
LOC100505915	NA	15	2598	0.251869
LOC100505918	NA	0	2441	0
LOC100505920	NA	1	970	0.044973
LOC100505921	NA	8	1170	0.298282
LOC100505938	NA	31	1073	1.26033
LOC100505942	NA	28	1109	1.10141
LOC100505978	NA	6	863	0.303294
LOC100505984	NA	2	504	0.17311
LOC100506022	NA	4	2438	0.071573
LOC100506023	NA	14	5619	0.108691
LOC100506071	NA	2	1991	0.043821
LOC100506076	NA	497	832	26.0589
LOC100506082	NA	11	448	1.07112
LOC100506083	NA	94	1471	2.78765
LOC100506085	NA	2	4365	0.019988
LOC100506100	NA	12	576	0.908829
LOC100506122	NA	0	1785	0
LOC100506123	NA	488	705	30.1963
LOC100506124	NA	17	1595	0.464956
LOC100506125	NA	3	554	0.23623
LOC100506127	NA	142	13607	0.455249
LOC100506136	NA	6	1577	0.165975
LOC100506142	NA	7	1518	0.201164
LOC100506159	NA	0	979	0
LOC100506175	NA	2	638	0.136752
LOC100506178	NA	1	2434	0.0179227
LOC100506188	NA	0	1460	0
LOC100506207	NA	7	2868	0.106474
LOC100506258	NA	0	4498	0
LOC100506271	NA	0	1964	0
LOC100506272	NA	0	482	0
LOC100506274	NA	0	923	0
LOC100506281	NA	5	861	0.253332
LOC100506302	NA	268	1385	8.44128
LOC100506314	NA	11	1743	0.275308
LOC100506321	NA	50	895	2.43708
LOC100506368	NA	4	1209	0.14433
LOC100506371	NA	1	791	0.0551502
LOC100506384	NA	0	678	0
LOC100506388	NA	0	1017	0
LOC100506393	NA	0	526	0
LOC100506403	NA	0	457	0
LOC100506406	NA	0	393	0
LOC100506422	NA	0	2320	0
LOC100506444	NA	0	1616	0
LOC100506457	NA	4	2777	0.0628358
LOC100506470	NA	0	467	0
LOC100506472	NA	34	3566	0.415931
LOC100506474	NA	22	1944	0.493685
LOC100506476	NA	9	984	0.398998
LOC100506497	NA	0	3709	0
LOC100506526	NA	0	1181	0
LOC100506548	NA	833	3880	9.36562
LOC100506551	NA	26	4198	0.270181
LOC100506585	NA	0	4300	0
LOC100506603	NA	448	1843	10.6042
LOC100506606	NA	24	2382	0.439534
LOC100506639	NA	59	1548	1.66266
LOC100506675	NA	0	1133	0
LOC100506679	NA	38	2082	0.796207
LOC100506682	NA	0	957	0
LOC100506688	NA	4	3517	0.0496148
LOC100506700	NA	0	637	0
LOC100506725	NA	0	1173	0
LOC100506730	NA	57	2490	0.998616
LOC100506746	NA	13	1945	0.291573
LOC100506747	NA	13	1873	0.302781
LOC100506790	NA	4	388	0.44973
LOC100506801	NA	11	2574	0.186426
LOC100506804	NA	9	1297	0.302709
LOC100506834	NA	0	4388	0
LOC100506844	NA	180	699	11.2336
LOC100506858	NA	0	444	0
LOC100506860	NA	38	947	1.75048
LOC100506869	NA	0	422	0
LOC100506895	NA	10	2916	0.149601
LOC100506985	NA	43	973	1.92787
LOC100506990	NA	235	4157	2.4661
LOC100507002	NA	117	700	7.2914
LOC100507006	NA	0	780	0
LOC100507053	NA	20	4825	0.180824
LOC100507065	NA	204	2509	3.54693
LOC100507073	NA	0	765	0
LOC100507091	NA	1	2191	0.0199104
LOC100507140	NA	2	2050	0.0425598
LOC100507144	NA	0	1107	0
LOC100507156	NA	137	4374	1.36636
LOC100507175	NA	0	1771	0
LOC100507194	NA	11	1442	0.332775
LOC100507195	NA	1	574	0.0759996
LOC100507201	NA	0	843	0
LOC100507205	NA	0	479	0
LOC100507250	NA	7	1729	0.176614
LOC100507283	NA	10	2908	0.150013
LOC100507291	NA	50	915	2.38381
LOC100507334	NA	19	881	0.940808
LOC100507346	NA	21	1957	0.468114
LOC100507351	NA	149	4229	1.53699
LOC100507373	NA	136	2887	2.05502
LOC100507377	NA	0	738	0
LOC100507384	NA	0	640	0
LOC100507387	NA	1	967	0.0451125
LOC100507388	NA	0	2546	0
LOC100507389	NA	0	1827	0
LOC100507391	NA	0	3647	0
LOC100507406	NA	0	791	0
LOC100507412	NA	235	2945	3.48101
LOC100507424	NA	399	877	19.8471
LOC100507431	NA	1	1453	0.0300232
LOC100507437	NA	40	1582	1.103
LOC100507443	NA	1	437	0.0998256
LOC100507462	NA	21	2712	0.337795
LOC100507468	NA	3	558	0.234536
LOC100507472	NA	1	2054	0.0212384
LOC100507477	NA	76	1364	2.43065
LOC100507487	NA	83	2068	1.75086
LOC100507506	NA	2	2277	0.0383169
LOC100507534	NA	0	1325	0
LOC100507537	NA	0	795	0
LOC100507547	NA	73	9240	0.344647
LOC100507557	NA	378	4155	3.96866
LOC100507564	NA	51	1181	1.88384
LOC100507577	NA	498	2549	8.52281
LOC100507600	NA	0	1862	0
LOC100507634	NA	58	2048	1.23544
LOC100507639	NA	0	1025	0
LOC100507642	NA	7	2575	0.118589
LOC100507661	NA	0	742	0
LOC100508046	NA	3	2567	0.0509822
LOC100630923	NA	1380	2911	20.6805
LOC100631378	NA	0	1715	0
LOC100652758	NA	43	1175	1.59644
LOC100652768	NA	212	1244	7.43428
LOC100652931	NA	0	207	0
LOC100652999	NA	70	2297	1.32941
LOC100996249	NA	0	674	0
LOC100996251	NA	9	2456	0.159859
LOC100996255	NA	0	1234	0
LOC100996263	NA	0	436	0
LOC100996286	NA	0	1653	0
LOC100996291	NA	2	2934	0.0297367
LOC100996324	NA	21	574	1.59599
LOC100996325	NA	2	1042	0.0837308
LOC100996338	NA	0	746	0
LOC100996342	NA	1	1175	0.0371266
LOC100996349	NA	0	486	0
LOC100996351	NA	1	2319	0.0188115
LOC100996385	NA	0	1550	0
LOC100996437	NA	22	844	1.13711
LOC100996447	NA	84	1640	2.23439
LOC100996455	NA	12	2356	0.222192
LOC100996579	NA	0	2377	0
LOC100996583	NA	1	698	0.0624982
LOC100996634	NA	2	1969	0.0443106
LOC100996635	NA	1	1664	0.0262162
LOC100996654	NA	0	628	0
LOC100996671	NA	0	966	0
LOC100996679	NA	0	696	0
LOC100996693	NA	8	815	0.428209
LOC100996694	NA	0	642	0
LOC101054525	NA	0	1223	0
LOC101059948	NA	4	492	0.354665
LOC101060019	NA	0	629	0
LOC101060091	NA	17	590	1.25696
LOC101060321	NA	1879	6195	13.2315
LOC101060385	NA	0	694	0
LOC101060389	NA	581	2065	12.2738
LOC101060498	NA	3	1311	0.0998256
LOC101060524	NA	0	2210	0
LOC101060542	NA	4	2637	0.0661718
LOC101060553	NA	7	4071	0.0750102
LOC101241902	NA	0	1527	0
LOC101243545	NA	9033	2845	138.507
LOC101409256	NA	0	1945	0
LOC101448202	NA	0	865	0
LOC101559451	NA	14	472	1.29393
LOC101593348	NA	9	2351	0.166999
LOC101805491	NA	0	741	0
LOC101926889	NA	0	2180	0
LOC101926892	NA	0	2367	0
LOC101926897	NA	0	2753	0
LOC101926898	NA	0	1344	0
LOC101926905	NA	0	1010	0
LOC101926908	NA	0	1722	0
LOC101926911	NA	2	1620	0.0538565
LOC101926913	NA	7	588	0.519331
LOC101926915	NA	1	3808	0.0114558
LOC101926933	NA	0	556	0
LOC101926935	NA	16	6282	0.111108
LOC101926940	NA	0	599	0
LOC101926941	NA	20	591	1.47627
LOC101926942	NA	0	981	0
LOC101926943	NA	201	841	10.4261
LOC101926944	NA	0	528	0
LOC101926955	NA	1	4604	0.00947519
LOC101926960	NA	0	2034	0
LOC101926962	NA	0	1730	0
LOC101926963	NA	0	1310	0
LOC101926964	NA	0	2344	0
LOC101926966	NA	0	1871	0
LOC101926975	NA	3	2232	0.0586341
LOC101927018	NA	0	682	0
LOC101927020	NA	0	502	0
LOC101927021	NA	193	3023	2.78511
LOC101927023	NA	38	711	2.33151
LOC101927027	NA	174	3033	2.50265
LOC101927040	NA	2	2118	0.0411934
LOC101927043	NA	2	2749	0.0317379
LOC101927045	NA	102	2116	2.10285
LOC101927048	NA	0	1738	0
LOC101927051	NA	118	1945	2.64658
LOC101927053	NA	0	2260	0
LOC101927055	NA	0	1956	0
LOC101927056	NA	43	796	2.35656
LOC101927058	NA	0	1212	0
LOC101927062	NA	0	510	0
LOC101927066	NA	0	2218	0
LOC101927069	NA	0	2222	0
LOC101927070	NA	0	2117	0
LOC101927078	NA	0	2033	0
LOC101927079	NA	0	1436	0
LOC101927081	NA	2	822	0.106141
LOC101927082	NA	0	275	0
LOC101927087	NA	2	1771	0.0492646
LOC101927100	NA	2	830	0.105118
LOC101927120	NA	0	2901	0
LOC101927123	NA	0	927	0
LOC101927124	NA	3	1213	0.107891
LOC101927131	NA	0	2279	0
LOC101927132	NA	0	2624	0
LOC101927136	NA	0	3531	0
LOC101927139	NA	0	456	0
LOC101927142	NA	0	771	0
LOC101927143	NA	0	789	0
LOC101927151	NA	340	2011	7.37548
LOC101927153	NA	0	778	0
LOC101927156	NA	1	1765	0.024716
LOC101927157	NA	11	1666	0.288032
LOC101927159	NA	0	1995	0
LOC101927164	NA	390	1323	12.8596
LOC101927166	NA	0	2265	0
LOC101927178	NA	168	912	8.03596
LOC101927179	NA	67	626	4.669
LOC101927181	NA	37	2067	0.78088
LOC101927188	NA	1	2294	0.0190165
LOC101927189	NA	0	3168	0
LOC101927190	NA	0	3258	0
LOC101927196	NA	2	1468	0.0594329
LOC101927204	NA	10	2246	0.194229
LOC101927207	NA	0	1754	0
LOC101927211	NA	1	690	0.0632229
LOC101927229	NA	0	3067	0
LOC101927230	NA	2	455	0.191753
LOC101927237	NA	6	1957	0.133747
LOC101927239	NA	0	1077	0
LOC101927243	NA	0	680	0
LOC101927244	NA	0	2086	0
LOC101927248	NA	0	2381	0
LOC101927257	NA	1	1932	0.0225796
LOC101927267	NA	113	4166	1.18327
LOC101927269	NA	0	507	0
LOC101927272	NA	0	1109	0
LOC101927274	NA	0	1720	0
LOC101927282	NA	0	1963	0
LOC101927284	NA	0	2894	0
LOC101927285	NA	0	2036	0
LOC101927286	NA	1	1726	0.0252745
LOC101927292	NA	0	3157	0
LOC101927296	NA	0	902	0
LOC101927305	NA	1	937	0.0465569
LOC101927310	NA	2	1397	0.0624535
LOC101927311	NA	0	766	0
LOC101927314	NA	0	2102	0
LOC101927318	NA	8	994	0.351097
LOC101927322	NA	3	1205	0.108607
LOC101927334	NA	0	437	0
LOC101927342	NA	0	369	0
LOC101927348	NA	0	885	0
LOC101927354	NA	2	761	0.114649
LOC101927356	NA	0	2651	0
LOC101927358	NA	0	648	0
LOC101927359	NA	2	2822	0.0309169
LOC101927365	NA	27	1010	1.16618
LOC101927374	NA	0	2254	0
LOC101927378	NA	0	4272	0
LOC101927379	NA	0	1652	0
LOC101927391	NA	55	2411	0.99515
LOC101927394	NA	0	2683	0
LOC101927406	NA	0	1083	0
LOC101927410	NA	0	3566	0
LOC101927411	NA	0	2904	0
LOC101927412	NA	0	706	0
LOC101927415	NA	10	2316	0.188358
LOC101927416	NA	0	1293	0
LOC101927418	NA	2	414	0.210743
LOC101927419	NA	0	2222	0
LOC101927421	NA	3	608	0.215249
LOC101927431	NA	0	2852	0
LOC101927434	NA	0	643	0
LOC101927437	NA	1	543	0.0803384
LOC101927438	NA	1	1982	0.02201
LOC101927446	NA	0	2666	0
LOC101927450	NA	2	2423	0.0360081
LOC101927460	NA	4	1336	0.13061
LOC101927464	NA	0	640	0
LOC101927468	NA	1	1409	0.0309608
LOC101927472	NA	0	700	0
LOC101927476	NA	8	3001	0.116291
LOC101927478	NA	0	477	0
LOC101927481	NA	6	815	0.321157
LOC101927482	NA	0	1503	0
LOC101927488	NA	0	660	0
LOC101927495	NA	0	2345	0
LOC101927497	NA	6	855	0.306132
LOC101927501	NA	96	2228	1.87966
LOC101927502	NA	0	1448	0
LOC101927523	NA	0	1013	0
LOC101927526	NA	0	630	0
LOC101927539	NA	0	1403	0
LOC101927543	NA	0	1973	0
LOC101927549	NA	0	509	0
LOC101927550	NA	242	3400	3.10499
LOC101927557	NA	0	563	0
LOC101927560	NA	1	1991	0.0219105
LOC101927571	NA	2	347	0.251434
LOC101927572	NA	19	677	1.2243
LOC101927575	NA	0	2009	0
LOC101927577	NA	0	860	0
LOC101927580	NA	0	6584	0
LOC101927583	NA	12	2444	0.214192
LOC101927587	NA	0	3165	0
LOC101927588	NA	1	1175	0.0371266
LOC101927592	NA	0	1336	0
LOC101927604	NA	6	794	0.329651
LOC101927606	NA	0	1703	0
LOC101927616	NA	0	852	0
LOC101927619	NA	0	2811	0
LOC101927620	NA	4	1076	0.16217
LOC101927623	NA	0	2442	0
LOC101927630	NA	0	442	0
LOC101927636	NA	0	1301	0
LOC101927637	NA	0	723	0
LOC101927640	NA	0	536	0
LOC101927641	NA	0	2346	0
LOC101927650	NA	0	750	0
LOC101927651	NA	0	937	0
LOC101927653	NA	0	1976	0
LOC101927657	NA	2	1420	0.0614419
LOC101927661	NA	0	531	0
LOC101927666	NA	2	6113	0.0142725
LOC101927668	NA	0	822	0
LOC101927683	NA	0	2042	0
LOC101927686	NA	0	328	0
LOC101927691	NA	0	2409	0
LOC101927692	NA	0	2378	0
LOC101927694	NA	0	1656	0
LOC101927697	NA	0	3727	0
LOC101927701	NA	0	725	0
LOC101927708	NA	1	578	0.0754737
LOC101927709	NA	0	1167	0
LOC101927730	NA	5	650	0.335567
LOC101927735	NA	0	1566	0
LOC101927740	NA	0	2863	0
LOC101927746	NA	361	735	21.4261
LOC101927755	NA	100	1870	2.33282
LOC101927762	NA	0	407	0
LOC101927765	NA	53	768	3.01049
LOC101927766	NA	2	5604	0.0155688
LOC101927768	NA	3	2007	0.0652074
LOC101927769	NA	0	1124	0
LOC101927770	NA	25	1947	0.560141
LOC101927780	NA	0	5189	0
LOC101927787	NA	0	1373	0
LOC101927795	NA	127	877	6.31724
LOC101927797	NA	0	662	0
LOC101927798	NA	0	1041	0
LOC101927811	NA	0	909	0
LOC101927814	NA	2	1333	0.065452
LOC101927815	NA	23	2508	0.400059
LOC101927817	NA	4	1968	0.0886662
LOC101927822	NA	0	582	0
LOC101927827	NA	1	3223	0.0135351
LOC101927829	NA	0	2041	0
LOC101927830	NA	13	1702	0.333202
LOC101927835	NA	0	520	0
LOC101927839	NA	0	712	0
LOC101927843	NA	0	897	0
LOC101927844	NA	0	1152	0
LOC101927845	NA	0	2096	0
LOC101927847	NA	0	531	0
LOC101927849	NA	0	2519	0
LOC101927851	NA	2	888	0.0982517
LOC101927854	NA	2	643	0.135688
LOC101927865	NA	6	601	0.435512
LOC101927869	NA	0	2007	0
LOC101927870	NA	0	2725	0
LOC101927876	NA	0	2470	0
LOC101927881	NA	0	1091	0
LOC101927884	NA	6	1185	0.22088
LOC101927901	NA	1	3135	0.0139151
LOC101927905	NA	23	1009	0.994397
LOC101927907	NA	0	997	0
LOC101927911	NA	7	2547	0.119893
LOC101927914	NA	0	4049	0
LOC101927915	NA	0	990	0
LOC101927919	NA	23	1647	0.609197
LOC101927924	NA	0	2398	0
LOC101927926	NA	0	634	0
LOC101927932	NA	3	683	0.191612
LOC101927934	NA	2	1108	0.0787433
LOC101927948	NA	0	1103	0
LOC101927950	NA	0	804	0
LOC101927954	NA	0	3645	0
LOC101927964	NA	0	2287	0
LOC101927967	NA	0	676	0
LOC101927969	NA	1	1949	0.0223826
LOC101927972	NA	1	548	0.0796054
LOC101927973	NA	4	4486	0.0388977
LOC101927987	NA	0	669	0
LOC101928002	NA	0	2538	0
LOC101928008	NA	0	585	0
LOC101928009	NA	0	2254	0
LOC101928012	NA	0	1172	0
LOC101928020	NA	24	1542	0.678969
LOC101928030	NA	0	322	0
LOC101928034	NA	27	1390	0.847368
LOC101928035	NA	0	966	0
LOC101928043	NA	4	698	0.249993
LOC101928048	NA	0	381	0
LOC101928052	NA	0	1088	0
LOC101928053	NA	6	2335	0.112095
LOC101928063	NA	5	2216	0.0984291
LOC101928068	NA	39	4834	0.35195
LOC101928069	NA	25	846	1.28912
LOC101928075	NA	0	2941	0
LOC101928093	NA	14	767	0.796262
LOC101928100	NA	4	2830	0.061659
LOC101928103	NA	5	2240	0.0973745
LOC101928105	NA	3	703	0.186161
LOC101928107	NA	0	1353	0
LOC101928118	NA	0	2473	0
LOC101928128	NA	0	726	0
LOC101928131	NA	0	1555	0
LOC101928134	NA	0	560	0
LOC101928135	NA	0	1038	0
LOC101928137	NA	0	1256	0
LOC101928140	NA	0	1815	0
LOC101928150	NA	0	3470	0
LOC101928161	NA	0	531	0
LOC101928162	NA	0	759	0
LOC101928163	NA	2	1212	0.0719864
LOC101928167	NA	0	1037	0
LOC101928168	NA	0	512	0
LOC101928174	NA	12	2727	0.191964
LOC101928191	NA	0	1031	0
LOC101928201	NA	1	1184	0.0368444
LOC101928203	NA	0	2198	0
LOC101928205	NA	0	2063	0
LOC101928211	NA	0	564	0
LOC101928222	NA	23	1150	0.872475
LOC101928223	NA	0	1259	0
LOC101928226	NA	0	398	0
LOC101928227	NA	0	405	0
LOC101928231	NA	0	1188	0
LOC101928233	NA	0	1688	0
LOC101928241	NA	1	1994	0.0218775
LOC101928253	NA	0	385	0
LOC101928254	NA	2	1918	0.0454888
LOC101928259	NA	0	599	0
LOC101928266	NA	0	5672	0
LOC101928269	NA	0	811	0
LOC101928270	NA	2	414	0.210743
LOC101928272	NA	0	2270	0
LOC101928273	NA	1	1301	0.033531
LOC101928279	NA	11	2386	0.201115
LOC101928280	NA	0	676	0
LOC101928283	NA	0	1436	0
LOC101928295	NA	10	3263	0.133692
LOC101928298	NA	0	575	0
LOC101928303	NA	0	1078	0
LOC101928304	NA	0	676	0
LOC101928306	NA	4	669	0.26083
LOC101928307	NA	0	534	0
LOC101928314	NA	0	2602	0
LOC101928322	NA	0	505	0
LOC101928323	NA	4	502	0.3476
LOC101928324	NA	4	783	0.222855
LOC101928327	NA	0	393	0
LOC101928333	NA	0	1912	0
LOC101928335	NA	0	2090	0
LOC101928336	NA	8	2909	0.119969
LOC101928358	NA	0	1142	0
LOC101928370	NA	0	1213	0
LOC101928371	NA	84	1747	2.09754
LOC101928372	NA	0	2136	0
LOC101928381	NA	16	2526	0.276318
LOC101928386	NA	0	1051	0
LOC101928398	NA	0	1053	0
LOC101928401	NA	0	2741	0
LOC101928402	NA	13	326	1.7396
LOC101928404	NA	0	2633	0
LOC101928414	NA	8	672	0.519331
LOC101928416	NA	0	476	0
LOC101928417	NA	0	1493	0
LOC101928418	NA	0	1143	0
LOC101928435	NA	0	1598	0
LOC101928436	NA	1	527	0.0827776
LOC101928437	NA	0	3673	0
LOC101928438	NA	3	1544	0.0847612
LOC101928441	NA	0	1641	0
LOC101928443	NA	0	1995	0
LOC101928445	NA	8	1966	0.177513
LOC101928446	NA	0	4037	0
LOC101928449	NA	0	1372	0
LOC101928453	NA	17	1064	0.696996
LOC101928460	NA	0	2148	0
LOC101928461	NA	0	762	0
LOC101928471	NA	0	710	0
LOC101928476	NA	0	1918	0
LOC101928489	NA	0	1973	0
LOC101928491	NA	0	1040	0
LOC101928495	NA	0	639	0
LOC101928505	NA	0	1662	0
LOC101928509	NA	0	1328	0
LOC101928514	NA	12	3085	0.169687
LOC101928516	NA	0	669	0
LOC101928517	NA	0	1763	0
LOC101928519	NA	3	2132	0.0613843
LOC101928523	NA	0	449	0
LOC101928525	NA	643	1117	25.112
LOC101928530	NA	2	543	0.160677
LOC101928535	NA	2	3264	0.0267303
LOC101928539	NA	1	4065	0.0107316
LOC101928540	NA	0	846	0
LOC101928551	NA	0	1725	0
LOC101928565	NA	0	619	0
LOC101928567	NA	0	950	0
LOC101928569	NA	0	1175	0
LOC101928580	NA	0	2157	0
LOC101928590	NA	0	1213	0
LOC101928597	NA	3	2300	0.0569006
LOC101928600	NA	0	1184	0
LOC101928605	NA	0	990	0
LOC101928618	NA	0	1732	0
LOC101928622	NA	0	2404	0
LOC101928626	NA	0	798	0
LOC101928650	NA	3	634	0.206422
LOC101928651	NA	0	1668	0
LOC101928661	NA	0	2190	0
LOC101928663	NA	6	1179	0.222004
LOC101928673	NA	34	1819	0.815398
LOC101928674	NA	49	1330	1.60719
LOC101928682	NA	0	704	0
LOC101928694	NA	0	2220	0
LOC101928696	NA	0	670	0
LOC101928697	NA	0	574	0
LOC101928700	NA	0	2141	0
LOC101928708	NA	0	1453	0
LOC101928710	NA	0	2411	0
LOC101928718	NA	14	2767	0.22072
LOC101928730	NA	0	1937	0
LOC101928731	NA	0	1949	0
LOC101928737	NA	2	545	0.160087
LOC101928738	NA	1	1534	0.0284379
LOC101928739	NA	0	346	0
LOC101928748	NA	0	1524	0
LOC101928751	NA	0	1805	0
LOC101928766	NA	2	5271	0.0165524
LOC101928767	NA	0	738	0
LOC101928769	NA	0	660	0
LOC101928775	NA	0	389	0
LOC101928778	NA	0	1666	0
LOC101928782	NA	0	1229	0
LOC101928786	NA	1	3031	0.0143925
LOC101928790	NA	0	764	0
LOC101928791	NA	0	426	0
LOC101928794	NA	0	743	0
LOC101928796	NA	8	1067	0.327076
LOC101928797	NA	0	1298	0
LOC101928804	NA	0	781	0
LOC101928809	NA	0	1684	0
LOC101928812	NA	0	1011	0
LOC101928823	NA	0	1309	0
LOC101928834	NA	0	1397	0
LOC101928837	NA	12	348	1.50427
LOC101928841	NA	68	9405	0.315408
LOC101928844	NA	5	1188	0.183602
LOC101928847	NA	1	1933	0.0225679
LOC101928851	NA	0	1038	0
LOC101928855	NA	2	3204	0.0272308
LOC101928858	NA	0	1557	0
LOC101928861	NA	0	1396	0
LOC101928865	NA	5	1641	0.132918
LOC101928880	NA	2	498	0.175196
LOC101928882	NA	0	2873	0
LOC101928885	NA	0	2427	0
LOC101928886	NA	3	1660	0.0788381
LOC101928891	NA	17	685	1.08263
LOC101928894	NA	0	933	0
LOC101928896	NA	0	717	0
LOC101928909	NA	11	1242	0.386362
LOC101928911	NA	0	593	0
LOC101928936	NA	0	3974	0
LOC101928937	NA	0	1038	0
LOC101928940	NA	0	3831	0
LOC101928942	NA	0	782	0
LOC101928943	NA	0	536	0
LOC101928944	NA	0	1547	0
LOC101928961	NA	0	3780	0
LOC101928973	NA	1	540	0.0807848
LOC101928977	NA	0	578	0
LOC101928978	NA	0	2838	0
LOC101928979	NA	5	1035	0.210743
LOC101928988	NA	2	1072	0.0813876
LOC101928989	NA	0	1400	0
LOC101928992	NA	0	2591	0
LOC101928994	NA	0	1933	0
LOC101928995	NA	0	1396	0
LOC101929019	NA	0	640	0
LOC101929023	NA	0	863	0
LOC101929034	NA	0	493	0
LOC101929057	NA	116	5149	0.982785
LOC101929058	NA	0	926	0
LOC101929064	NA	0	957	0
LOC101929066	NA	3	2518	0.0519743
LOC101929073	NA	0	551	0
LOC101929076	NA	17	1988	0.37304
LOC101929080	NA	0	1701	0
LOC101929084	NA	0	3059	0
LOC101929089	NA	24	1046	1.00093
LOC101929095	NA	0	630	0
LOC101929099	NA	11	1814	0.264532
LOC101929106	NA	11	2674	0.179455
LOC101929116	NA	0	2096	0
LOC101929122	NA	0	821	0
LOC101929123	NA	0	1702	0
LOC101929124	NA	0	3355	0
LOC101929125	NA	0	706	0
LOC101929128	NA	65	713	3.97692
LOC101929140	NA	11	1921	0.249798
LOC101929144	NA	0	1838	0
LOC101929147	NA	159	5118	1.35525
LOC101929148	NA	0	2939	0
LOC101929153	NA	0	801	0
LOC101929154	NA	0	470	0
LOC101929162	NA	58	1714	1.47618
LOC101929164	NA	0	1024	0
LOC101929172	NA	0	1633	0
LOC101929181	NA	6	1284	0.203849
LOC101929194	NA	0	1225	0
LOC101929199	NA	2	2802	0.0311376
LOC101929207	NA	0	358	0
LOC101929210	NA	0	1014	0
LOC101929217	NA	0	351	0
LOC101929224	NA	3	736	0.177814
LOC101929229	NA	1	445	0.0980309
LOC101929231	NA	119	861	6.0293
LOC101929234	NA	1	1372	0.0317958
LOC101929237	NA	2	3891	0.0224229
LOC101929239	NA	0	1805	0
LOC101929241	NA	0	1572	0
LOC101929259	NA	0	1762	0
LOC101929260	NA	4	2528	0.069025
LOC101929268	NA	0	2372	0
LOC101929279	NA	0	2042	0
LOC101929282	NA	0	936	0
LOC101929284	NA	0	780	0
LOC101929294	NA	0	887	0
LOC101929295	NA	0	1926	0
LOC101929297	NA	0	1545	0
LOC101929312	NA	0	1651	0
LOC101929315	NA	0	942	0
LOC101929319	NA	1	1878	0.0232288
LOC101929331	NA	0	616	0
LOC101929337	NA	0	1195	0
LOC101929340	NA	3	1517	0.0862698
LOC101929353	NA	0	526	0
LOC101929371	NA	0	791	0
LOC101929372	NA	8	1838	0.189875
LOC101929374	NA	21	917	0.999018
LOC101929378	NA	2	1807	0.0482831
LOC101929380	NA	0	1471	0
LOC101929384	NA	1	761	0.0573243
LOC101929395	NA	0	499	0
LOC101929406	NA	0	1519	0
LOC101929412	NA	1	2130	0.0204806
LOC101929413	NA	0	2006	0
LOC101929415	NA	0	2643	0
LOC101929420	NA	0	2243	0
LOC101929427	NA	1	560	0.0778996
LOC101929431	NA	0	4850	0
LOC101929439	NA	4	2354	0.0741271
LOC101929441	NA	3	1126	0.116227
LOC101929448	NA	0	417	0
LOC101929450	NA	0	5540	0
LOC101929452	NA	0	530	0
LOC101929454	NA	0	1070	0
LOC101929464	NA	1	490	0.0890281
LOC101929468	NA	3	2968	0.0440941
LOC101929470	NA	1	1867	0.0233657
LOC101929473	NA	0	2323	0
LOC101929486	NA	0	3031	0
LOC101929488	NA	0	1831	0
LOC101929497	NA	0	495	0
LOC101929504	NA	0	544	0
LOC101929505	NA	2	2135	0.0408654
LOC101929512	NA	0	574	0
LOC101929516	NA	521	641	35.4571
LOC101929517	NA	0	1381	0
LOC101929524	NA	0	1674	0
LOC101929526	NA	0	1694	0
LOC101929528	NA	0	1690	0
LOC101929529	NA	0	350	0
LOC101929532	NA	0	3603	0
LOC101929541	NA	1	912	0.0478331
LOC101929549	NA	1	1249	0.034927
LOC101929550	NA	0	5391	0
LOC101929551	NA	0	737	0
LOC101929555	NA	1	2243	0.0194489
LOC101929563	NA	0	4817	0
LOC101929565	NA	2	333	0.262005
LOC101929567	NA	0	8839	0
LOC101929570	NA	1	2999	0.0145461
LOC101929572	NA	3	2082	0.0628585
LOC101929574	NA	0	598	0
LOC101929577	NA	3	3526	0.0371161
LOC101929579	NA	0	470	0
LOC101929584	NA	0	1007	0
LOC101929586	NA	2	2519	0.0346358
LOC101929592	NA	0	456	0
LOC101929595	NA	4	2810	0.0620979
LOC101929596	NA	0	1132	0
LOC101929607	NA	0	1487	0
LOC101929608	NA	0	1253	0
LOC101929613	NA	1	440	0.0991449
LOC101929622	NA	19	965	0.858914
LOC101929625	NA	0	567	0
LOC101929626	NA	4	358	0.487416
LOC101929631	NA	0	1728	0
LOC101929633	NA	0	629	0
LOC101929645	NA	0	4805	0
LOC101929646	NA	0	660	0
LOC101929653	NA	7	4335	0.0704421
LOC101929657	NA	10	3429	0.12722
LOC101929660	NA	1	2057	0.0212075
LOC101929662	NA	0	2667	0
LOC101929679	NA	1	993	0.0439313
LOC101929680	NA	0	2304	0
LOC101929681	NA	0	672	0
LOC101929694	NA	0	2020	0
LOC101929696	NA	4	701	0.248923
LOC101929698	NA	5	1771	0.123161
LOC101929705	NA	45	2296	0.854996
LOC101929709	NA	30	1601	0.817435
LOC101929710	NA	0	473	0
LOC101929715	NA	32	882	1.58272
LOC101929717	NA	1	2414	0.0180712
LOC101929718	NA	659	1398	20.5637
LOC101929719	NA	0	583	0
LOC101929721	NA	0	575	0
LOC101929723	NA	1	898	0.0485788
LOC101929733	NA	0	463	0
LOC101929741	NA	0	1549	0
LOC101929753	NA	0	1311	0
LOC101929754	NA	0	622	0
LOC101929762	NA	0	1913	0
LOC101929767	NA	47	695	2.9501
LOC101929771	NA	0	423	0
LOC101929829	NA	143	1658	3.76248
LOC101929897	NA	1	647	0.0674247
LOC101929983	NA	543	1436	16.4956
LOC101930010	NA	2	827	0.105499
LOC101930071	NA	36	292	5.37827
LOC101930452	NA	18	4388	0.178949
LOC102031319	NA	0	298	0
LOC102467079	NA	0	1009	0
LOC102467080	NA	0	979	0
LOC102467081	NA	0	550	0
LOC102467147	NA	0	656	0
LOC102467212	NA	0	432	0
LOC102467213	NA	0	572	0
LOC102467214	NA	0	832	0
LOC102467216	NA	0	476	0
LOC102467217	NA	1	699	0.0624088
LOC102467222	NA	0	966	0
LOC102467223	NA	0	396	0
LOC102467224	NA	0	879	0
LOC102467225	NA	0	543	0
LOC102467226	NA	1	504	0.0865551
LOC102467655	NA	0	454	0
LOC102477328	NA	0	639	0
LOC102503427	NA	0	665	0
LOC102546226	NA	4	1626	0.107316
LOC102546228	NA	0	566	0
LOC102546229	NA	2	705	0.123755
LOC102546294	NA	2	2100	0.0415465
LOC102546298	NA	8	407	0.85747
LOC102546299	NA	0	582	0
LOC102577426	NA	1	467	0.0934128
LOC102606465	NA	156	1326	5.13221
LOC102606466	NA	0	829	0
LOC102723344	NA	0	1204	0
LOC102723354	NA	61	903	2.9469
LOC102723362	NA	0	439	0
LOC102723373	NA	0	584	0
LOC102723376	NA	0	826	0
LOC102723377	NA	0	425	0
LOC102723385	NA	4	782	0.22314
LOC102723427	NA	0	510	0
LOC102723439	NA	95	517	8.01597
LOC102723448	NA	0	590	0
LOC102723505	NA	0	363	0
LOC102723517	NA	0	582	0
LOC102723544	NA	0	503	0
LOC102723582	NA	2	621	0.140495
LOC102723604	NA	0	529	0
LOC102723617	NA	0	374	0
LOC102723649	NA	0	520	0
LOC102723661	NA	0	813	0
LOC102723701	NA	12	2086	0.250952
LOC102723703	NA	2	921	0.0947313
LOC102723704	NA	175	1506	5.06916
LOC102723709	NA	0	440	0
LOC102723729	NA	33	409	3.51977
LOC102723766	NA	0	822	0
LOC102723769	NA	75	1380	2.37086
LOC102723778	NA	0	506	0
LOC102723809	NA	2	561	0.155521
LOC102723824	NA	26	1460	0.776862
LOC102723828	NA	0	752	0
LOC102723831	NA	0	885	0
LOC102723833	NA	0	461	0
LOC102723854	NA	59	2156	1.19379
LOC102723859	NA	581	2063	12.2857
LOC102723883	NA	0	492	0
LOC102723885	NA	126	574	9.57595
LOC102723895	NA	0	624	0
LOC102723927	NA	36	2170	0.723712
LOC102723968	NA	3	1532	0.0854251
LOC102724000	NA	0	773	0
LOC102724009	NA	70	582	5.24685
LOC102724020	NA	0	670	0
LOC102724034	NA	6	1150	0.227602
LOC102724050	NA	10	1206	0.361723
LOC102724053	NA	0	770	0
LOC102724058	NA	0	740	0
LOC102724084	NA	0	565	0
LOC102724094	NA	4	407	0.428735
LOC102724096	NA	0	804	0
LOC102724153	NA	4	2143	0.0814256
LOC102724163	NA	1	543	0.0803384
LOC102724188	NA	0	503	0
LOC102724190	NA	0	1817	0
LOC102724201	NA	0	604	0
LOC102724238	NA	392	1428	11.9752
LOC102724279	NA	723	449	70.245
LOC102724297	NA	247	951	11.3303
LOC102724301	NA	1	523	0.0834107
LOC102724312	NA	41	1194	1.49797
LOC102724321	NA	0	429	0
LOC102724323	NA	0	464	0
LOC102724421	NA	0	508	0
LOC102724434	NA	0	2026	0
LOC102724450	NA	0	378	0
LOC102724467	NA	3	767	0.170628
LOC102724484	NA	0	1298	0
LOC102724511	NA	0	530	0
LOC102724539	NA	2	495	0.176258
LOC102724552	NA	3	694	0.188575
LOC102724555	NA	0	555	0
LOC102724589	NA	1	344	0.126813
LOC102724596	NA	1	1168	0.0373491
LOC102724601	NA	0	448	0
LOC102724604	NA	0	760	0
LOC102724612	NA	0	3222	0
LOC102724623	NA	0	579	0
LOC102724651	NA	0	568	0
LOC102724659	NA	0	1868	0
LOC102724661	NA	0	677	0
LOC102724663	NA	0	969	0
LOC102724691	NA	2	642	0.1359
LOC102724699	NA	17	1832	0.404806
LOC102724710	NA	0	587	0
LOC102724719	NA	6	420	0.623197
LOC102724776	NA	222	449	21.569
LOC102724784	NA	0	974	0
LOC102724804	NA	0	985	0
LOC102724814	NA	458	3245	6.15707
LOC102724849	NA	0	822	0
LOC102724862	NA	581	2065	12.2738
LOC102724874	NA	0	196	0
LOC102724890	NA	0	750	0
LOC102724913	NA	0	574	0
LOC102724919	NA	2	542	0.160973
LOC102724927	NA	1	1378	0.0316573
LOC102724933	NA	0	1269	0
LOC102724957	NA	0	471	0
LOC102724958	NA	0	1079	0
LOC102725079	NA	0	1123	0
LOC102800447	NA	0	686	0
LOC103021295	NA	647	464	60.8288
LOC103091866	NA	78	1510	2.25341
LOC103171574	NA	12	1311	0.399302
LOC103191607	NA	0	839	0
LOC103312105	NA	0	526	0
LOC103344931	NA	167	4237	1.71942
LOC103352541	NA	0	576	0
LOC103611081	NA	108	3999	1.17814
LOC103908605	NA	317	1044	13.2459
LOC104054148	NA	0	2464	0
LOC104613533	NA	0	479	0
LOC104968399	NA	1386	1370	44.1332
LOC105274304	NA	8	1731	0.201612
LOC105370306	NA	0	561	0
LOC105372441	NA	0	463	0
LOC105372795	NA	5	1026	0.212591
LOC105373300	NA	1	921	0.0473657
LOC105373383	NA	23	554	1.8111
LOC105375734	NA	0	569	0
LOC105376360	NA	0	2238	0
LOC105376671	NA	0	1574	0
LOC105377348	NA	19	1175	0.705406
LOC105378732	NA	0	567	0
LOC105447645	NA	29	1399	0.904281
LOC105447648	NA	0	518	0
LOC105616981	NA	0	922	0
LOC105667213	NA	0	948	0
LOC105747689	NA	7	1893	0.161313
LOC105748977	NA	0	802	0
LOC105755953	NA	0	366	0
LOC113230	NA	71	1365	2.26908
LOC115110	NA	18	4619	0.17
LOC143666	NA	40	2078	0.839726
LOC145474	NA	0	1843	0
LOC145783	NA	41	3017	0.592832
LOC145845	NA	0	2987	0
LOC146513	NA	0	2061	0
LOC146880	NA	2453	4968	21.5397
LOC148413	NA	1059	1748	26.4288
LOC148696	NA	0	4218	0
LOC148709	NA	12	2321	0.225543
LOC149373	NA	0	1347	0
LOC149684	NA	0	413	0
LOC149950	NA	0	845	0
LOC150776	NA	2517	3788	28.9865
LOC150935	NA	0	1017	0
LOC151121	NA	0	2256	0
LOC151174	NA	0	1959	0
LOC151475	NA	1	2609	0.0167205
LOC151484	NA	0	1893	0
LOC152225	NA	0	2051	0
LOC152578	NA	1	727	0.0600052
LOC153684	NA	7	2260	0.135118
LOC153910	NA	3	2530	0.0517278
LOC154449	NA	0	1330	0
LOC154761	NA	0	2527	0
LOC155060	NA	300	3154	4.14938
LOC157273	NA	1	3442	0.012674
LOC158434	NA	0	2662	0
LOC158435	NA	1	2422	0.0180115
LOC171391	NA	124	979	5.52538
LOC1720	NA	0	967	0
LOC200726	NA	0	1376	0
LOC200772	NA	2	2272	0.0384012
LOC202181	NA	127	2857	1.93917
LOC220729	NA	308	1527	8.79903
LOC221122	NA	4	1238	0.140949
LOC221946	NA	4	1826	0.0955614
LOC253573	NA	5	2295	0.0950409
LOC254028	NA	0	2031	0
LOC254896	NA	50	1241	1.75761
LOC255187	NA	0	792	0
LOC255654	NA	1	964	0.0452529
LOC256880	NA	0	498	0
LOC257396	NA	72	2370	1.32528
LOC283038	NA	28	3149	0.38789
LOC283045	NA	0	2621	0
LOC283140	NA	2	2749	0.0317379
LOC283177	NA	0	2737	0
LOC283194	NA	0	2603	0
LOC283214	NA	0	1504	0
LOC283299	NA	73	2503	1.27229
LOC283332	NA	1	2340	0.0186426
LOC283335	NA	76	2863	1.15802
LOC283352	NA	0	545	0
LOC283440	NA	2	571	0.152798
LOC283575	NA	2	2939	0.0296861
LOC283585	NA	0	1763	0
LOC283683	NA	3	1445	0.0905684
LOC283710	NA	0	1032	0
LOC283731	NA	0	2566	0
LOC283788	NA	449	3662	5.34874
LOC283856	NA	0	2678	0
LOC283922	NA	242	2317	4.5563
LOC284009	NA	6	576	0.454414
LOC284023	NA	125	2525	2.15959
LOC284080	NA	2	2533	0.0344444
LOC284294	NA	0	1713	0
LOC284344	NA	780	1721	19.7714
LOC284379	NA	1	1225	0.0356112
LOC284395	NA	0	2582	0
LOC284412	NA	22	2344	0.409438
LOC284454	NA	392	1774	9.63953
LOC284578	NA	1	2363	0.0184612
LOC284581	NA	3	2594	0.0504515
LOC284632	NA	3	1846	0.0708945
LOC284648	NA	1	1490	0.0292777
LOC284661	NA	0	2074	0
LOC284788	NA	0	1684	0
LOC284798	NA	0	3356	0
LOC284825	NA	0	2420	0
LOC284865	NA	222	2227	4.34867
LOC284930	NA	0	1815	0
LOC284933	NA	3	1408	0.0929484
LOC284950	NA	1	3108	0.014036
LOC285000	NA	0	1416	0
LOC285043	NA	0	692	0
LOC285074	NA	815	2201	16.1533
LOC285484	NA	0	1485	0
LOC285593	NA	1	3022	0.0144354
LOC285626	NA	1	1580	0.02761
LOC285627	NA	0	2012	0
LOC285629	NA	0	2322	0
LOC285692	NA	0	1845	0
LOC285696	NA	0	3316	0
LOC285740	NA	2	2825	0.0308841
LOC285762	NA	0	3469	0
LOC285766	NA	0	2050	0
LOC285768	NA	0	2340	0
LOC285804	NA	0	1953	0
LOC285819	NA	17	2904	0.255373
LOC285847	NA	7	1732	0.176309
LOC285889	NA	0	2698	0
LOC286059	NA	7	2636	0.115845
LOC286083	NA	0	3006	0
LOC286114	NA	0	1644	0
LOC286177	NA	0	2969	0
LOC286238	NA	0	682	0
LOC286297	NA	651	5184	5.47822
LOC286359	NA	0	2017	0
LOC286370	NA	0	2720	0
LOC286437	NA	11	2318	0.207015
LOC338694	NA	0	988	0
LOC338797	NA	0	1794	0
LOC338963	NA	11	1362	0.352321
LOC339059	NA	0	2137	0
LOC339166	NA	0	1821	0
LOC339260	NA	0	1688	0
LOC339298	NA	0	2794	0
LOC339529	NA	4	1799	0.0969956
LOC339539	NA	4	2365	0.0737823
LOC339568	NA	0	1514	0
LOC339593	NA	0	2274	0
LOC339622	NA	0	2716	0
LOC339666	NA	1	1557	0.0280178
LOC339803	NA	1	2557	0.0170605
LOC339807	NA	0	1771	0
LOC339862	NA	2	2331	0.0374292
LOC339874	NA	2	1978	0.044109
LOC339975	NA	0	2432	0
LOC340017	NA	0	1392	0
LOC340074	NA	0	2042	0
LOC340107	NA	0	2290	0
LOC340113	NA	0	2008	0
LOC340357	NA	0	772	0
LOC340512	NA	1	2277	0.0191584
LOC341056	NA	201	2046	4.28562
LOC343052	NA	0	660	0
LOC344887	NA	0	2166	0
LOC344967	NA	287	1613	7.76195
LOC349160	NA	2	1538	0.0567279
LOC374443	NA	52	3401	0.666991
LOC375196	NA	0	1057	0
LOC387810	NA	0	2065	0
LOC388242	NA	11	2956	0.162335
LOC388282	NA	0	1289	0
LOC388406	NA	0	644	0
LOC388436	NA	8	3472	0.100516
LOC388692	NA	103	2307	1.94766
LOC388780	NA	6	835	0.313464
LOC388813	NA	0	1663	0
LOC388849	NA	22	633	1.51615
LOC388882	NA	4	1582	0.1103
LOC388942	NA	0	1810	0
LOC389033	NA	0	401	0
LOC389199	NA	1	1296	0.0336603
LOC389247	NA	5	781	0.279282
LOC389332	NA	1	1696	0.0257216
LOC389602	NA	0	2536	0
LOC389641	NA	2	1970	0.0442881
LOC389705	NA	11	923	0.519893
LOC389765	NA	52	1764	1.28596
LOC389831	NA	1095	2413	19.7961
LOC389834	NA	444	8205	2.36063
LOC389895	NA	2	1245	0.0700783
LOC389906	NA	879	1791	21.41
LOC390705	NA	0	870	0
LOC391003	NA	13	2120	0.267504
LOC391322	NA	1	563	0.0774845
LOC392196	NA	0	1440	0
LOC392232	NA	0	2678	0
LOC392364	NA	0	1014	0
LOC392452	NA	0	670	0
LOC399715	NA	1	2966	0.0147079
LOC399815	NA	94	2112	1.94159
LOC399886	NA	1	2597	0.0167978
LOC400043	NA	3	1395	0.0938146
LOC400541	NA	22	571	1.68078
LOC400548	NA	3	2005	0.0652725
LOC400553	NA	0	414	0
LOC400558	NA	0	1326	0
LOC400612	NA	4	2926	0.0596361
LOC400620	NA	0	2474	0
LOC400655	NA	0	2654	0
LOC400661	NA	0	2337	0
LOC400684	NA	28	951	1.2844
LOC400685	NA	0	2080	0
LOC400706	NA	27	3226	0.365109
LOC400736	NA	730	4328	7.35798
LOC400794	NA	0	1752	0
LOC400867	NA	0	3823	0
LOC400927	NA	28	494	2.4726
LOC400927-CSNK1E	NA	3636	2997	52.9249
LOC400940	NA	0	3463	0
LOC400958	NA	1	3029	0.014402
LOC400997	NA	0	3212	0
LOC401010	NA	595	2734	9.49383
LOC401052	NA	159	1897	3.65639
LOC401127	NA	66	1649	1.74601
LOC401134	NA	1	4079	0.0106947
LOC401177	NA	0	2312	0
LOC401242	NA	289	11153	1.13039
LOC401286	NA	0	4520	0
LOC401312	NA	0	2592	0
LOC401320	NA	87	3871	0.980436
LOC401324	NA	0	3629	0
LOC401357	NA	6	3613	0.0724447
LOC401463	NA	0	2701	0
LOC401557	NA	0	3729	0
LOC401585	NA	0	375	0
LOC403312	NA	0	3421	0
LOC403323	NA	163	1802	3.94599
LOC407835	NA	1446	1726	36.5469
LOC414300	NA	2	1104	0.0790286
LOC439933	NA	0	1780	0
LOC439994	NA	242	1164	9.06955
LOC440028	NA	729	2311	13.761
LOC440040	NA	119	2181	2.38021
LOC440117	NA	0	1482	0
LOC440173	NA	0	2016	0
LOC440300	NA	417	7750	2.34724
LOC440311	NA	782	1702	20.0434
LOC440390	NA	0	4083	0
LOC440434	NA	580	1652	15.3159
LOC440446	NA	1	2645	0.0164929
LOC440461	NA	2	1643	0.0531026
LOC440600	NA	7	2609	0.117043
LOC440602	NA	0	2351	0
LOC440700	NA	2	1210	0.0721054
LOC440704	NA	0	2216	0
LOC440895	NA	29	856	1.47791
LOC440896	NA	2	3182	0.0274191
LOC440910	NA	1	1739	0.0250856
LOC440982	NA	0	661	0
LOC441025	NA	0	1143	0
LOC441081	NA	16	5287	0.132018
LOC441155	NA	618	3824	7.05008
LOC441178	NA	0	2557	0
LOC441204	NA	10	1631	0.267466
LOC441242	NA	105	3415	1.34129
LOC441454	NA	42	1381	1.32672
LOC441455	NA	3	1647	0.0794604
LOC441601	NA	0	1015	0
LOC441666	NA	257	6661	1.68313
LOC442028	NA	2	3330	0.0262005
LOC442132	NA	1	2070	0.0210743
LOC442497	NA	0	2247	0
LOC494127	NA	7	1340	0.227885
LOC494141	NA	8	2764	0.126263
LOC51145	NA	0	697	0
LOC541472	NA	0	1364	0
LOC541473	NA	114	1013	4.90929
LOC550113	NA	2	2787	0.0313052
LOC553103	NA	12	1801	0.290664
LOC55338	NA	0	2898	0
LOC554206	NA	32	1037	1.34615
LOC554223	NA	0	7167	0
LOC554249	NA	392	1424	12.0088
LOC574538	NA	1	2904	0.015022
LOC606724	NA	184	1142	7.0287
LOC613037	NA	2527	3455	31.9066
LOC613038	NA	11	2956	0.162335
LOC613266	NA	0	2407	0
LOC63930	NA	1	3366	0.0129601
LOC641367	NA	11	2694	0.178122
LOC641746	NA	3	1142	0.114598
LOC642236	NA	270	1071	10.9976
LOC642361	NA	296	1701	7.5912
LOC642366	NA	16	6698	0.104207
LOC642423	NA	818	1224	29.1538
LOC642426	NA	14	1273	0.479759
LOC642776	NA	4	2101	0.0830534
LOC642846	NA	1089	3499	13.5771
LOC642852	NA	907	7165	5.52223
LOC642929	NA	0	985	0
LOC642943	NA	0	5053	0
LOC643072	NA	66	2456	1.1723
LOC643201	NA	9	4292	0.0914758
LOC643339	NA	2	578	0.150947
LOC643355	NA	0	3035	0
LOC643387	NA	796	2659	13.0592
LOC643406	NA	0	3799	0
LOC643441	NA	0	2171	0
LOC643542	NA	1	2991	0.014585
LOC643623	NA	1	2963	0.0147228
LOC643711	NA	0	4350	0
LOC643733	NA	0	619	0
LOC643770	NA	0	1825	0
LOC643802	NA	2	1344	0.0649163
LOC643923	NA	1	972	0.0448804
LOC644145	NA	0	388	0
LOC644172	NA	59	3512	0.73286
LOC644189	NA	0	1724	0
LOC644285	NA	17	5214	0.142233
LOC644554	NA	0	1058	0
LOC644656	NA	52	1143	1.98463
LOC644669	NA	0	2097	0
LOC644762	NA	196	1614	5.29756
LOC644838	NA	1	2100	0.0207732
LOC644919	NA	0	831	0
LOC644936	NA	102	1381	3.22203
LOC645166	NA	520	1528	14.8458
LOC645354	NA	445	2214	8.7681
LOC645382	NA	60	3036	0.86213
LOC645434	NA	13	1690	0.335567
LOC645513	NA	127	1048	5.28647
LOC645752	NA	2	3117	0.0279909
LOC645949	NA	3	2127	0.0615286
LOC646029	NA	2	1845	0.0472886
LOC646214	NA	592	8226	3.13947
LOC646268	NA	0	835	0
LOC646471	NA	105	3653	1.2539
LOC646522	NA	0	975	0
LOC646626	NA	27	888	1.3264
LOC646736	NA	1	935	0.0466564
LOC646743	NA	0	2229	0
LOC646762	NA	14	5784	0.10559
LOC646813	NA	0	608	0
LOC646903	NA	81	1964	1.79915
LOC646938	NA	0	481	0
LOC647323	NA	0	1615	0
LOC647859	NA	22	578	1.66042
LOC648987	NA	87	3507	1.0822
LOC649133	NA	0	2128	0
LOC649324	NA	445	2214	8.7681
LOC649352	NA	0	523	0
LOC650226	NA	0	1667	0
LOC650293	NA	0	651	0
LOC652276	NA	233	2714	3.74515
LOC653160	NA	94	1887	2.1731
LOC653513	NA	4	870	0.200569
LOC653602	NA	0	2058	0
LOC653653	NA	12	1160	0.45128
LOC653712	NA	37	1104	1.46203
LOC653786	NA	10	2661	0.163938
LOC654342	NA	845	605	60.9291
LOC654841	NA	22	2502	0.383582
LOC727751	NA	1241	3238	16.7193
LOC727896	NA	306	3409	3.91577
LOC727924	NA	0	1600	0
LOC728024	NA	98	1491	2.86729
LOC728040	NA	0	763	0
LOC728084	NA	20	2509	0.347738
LOC728095	NA	0	869	0
LOC728175	NA	1	1878	0.0232288
LOC728323	NA	18	1528	0.513893
LOC728392	NA	1068	1493	31.2058
LOC728485	NA	86	1885	1.99026
LOC728554	NA	2176	1827	51.9569
LOC728613	NA	331	2576	5.60538
LOC728673	NA	339	2259	6.54646
LOC728730	NA	19	2517	0.329301
LOC728739	NA	21	622	1.47283
LOC728743	NA	610	3369	7.89864
LOC728752	NA	62	1414	1.91278
LOC728989	NA	57	1076	2.31092
LOC729080	NA	209	1070	8.52091
LOC729083	NA	3	896	0.146062
LOC729159	NA	0	1309	0
LOC729218	NA	740	5853	5.51539
LOC729296	NA	0	1259	0
LOC729348	NA	0	1675	0
LOC729506	NA	0	1591	0
LOC729603	NA	29	3131	0.404053
LOC729609	NA	0	628	0
LOC729658	NA	2	2204	0.039586
LOC729683	NA	25	2348	0.464478
LOC729732	NA	36	3982	0.394389
LOC729737	NA	1629	5474	12.9819
LOC729739	NA	11	490	0.979309
LOC729867	NA	48	1578	1.32696
LOC729930	NA	16	1105	0.631656
LOC729950	NA	171	2321	3.21399
LOC729966	NA	1	687	0.0634989
LOC729970	NA	67	952	3.07016
LOC729987	NA	0	2265	0
LOC730101	NA	328	3784	3.78134
LOC730102	NA	4	2974	0.0586735
LOC730159	NA	1	631	0.0691343
LOC730183	NA	36	582	2.69838
LOC730202	NA	64	679	4.11181
LOC730668	NA	2	4162	0.0209629
LOC731157	NA	2	475	0.183679
LOC731424	NA	0	3390	0
LOC79160	NA	9	967	0.406012
LOC79999	NA	8	3472	0.100516
LOC80078	NA	1	3885	0.0112288
LOC81691	NA	193	2888	2.9153
LOC90246	NA	96	2752	1.52176
LOC90768	NA	0	5299	0
LOC90784	NA	1242	3653	14.8318
LOC91450	NA	3	993	0.131794
LOC93622	NA	1305	1668	34.1301
LOH12CR1	NA	128	2092	2.66914
LOH12CR2	NA	6	1538	0.170184
LONP1	NA	5814	3398	74.6406
LONP2	NA	881	4958	7.75162
LONRF1	NA	188	3584	2.2883
LONRF2	NA	13	13912	0.040764
LONRF3	NA	4	4041	0.0431812
LOR	NA	6	1229	0.212972
LOX	NA	18	5399	0.14544
LOXHD1	NA	2	7869	0.0110875
LOXL1	NA	1230	2361	22.7265
LOXL1-AS1	NA	551	2844	8.45172
LOXL2	NA	5685	3810	65.0922
LOXL3	NA	592	3790	6.81406
LOXL4	NA	2	3657	0.0238577
LPA	NA	0	6489	0
LPAL2	NA	0	2502	0
LPAR1	NA	1	3168	0.0137701
LPAR2	NA	151	1794	3.67179
LPAR3	NA	0	1721	0
LPAR4	NA	0	2832	0
LPAR5	NA	1	2920	0.0149396
LPAR6	NA	19	3458	0.239691
LPCAT1	NA	3068	3946	33.9173
LPCAT2	NA	1	5388	0.00809647
LPCAT3	NA	1585	2297	30.1017
LPCAT4	NA	873	1908	19.9599
LPGAT1	NA	1365	7782	7.65182
LPIN1	NA	1209	6461	8.163
LPIN2	NA	881	6229	6.16994
LPIN3	NA	1564	4436	15.3804
LPL	NA	1	3747	0.0116423
LPO	NA	0	2979	0
LPP	NA	1567	18484	3.69825
LPP-AS1	NA	0	495	0
LPP-AS2	NA	32	2883	0.484204
LPPR1	NA	2	2676	0.0326037
LPPR2	NA	687	2743	10.9258
LPPR3	NA	1165	2387	21.291
LPPR4	NA	391	5022	3.39643
LPPR5	NA	308	4015	3.34648
LPXN	NA	100	2143	2.03564
LRAT	NA	9	4987	0.0787275
LRBA	NA	1930	9965	8.44896
LRCH1	NA	163	8082	0.879816
LRCH2	NA	11	4925	0.0974338
LRCH3	NA	140	2306	2.64845
LRCH4	NA	1213	3236	16.3522
LRCOL1	NA	31	874	1.5473
LRFN1	NA	412	3132	5.7385
LRFN2	NA	0	3221	0
LRFN3	NA	623	2515	10.8062
LRFN4	NA	1520	2528	26.2295
LRFN5	NA	0	3732	0
LRG1	NA	16	1780	0.392124
LRGUK	NA	19	2700	0.306982
LRIF1	NA	1533	3335	20.0525
LRIG1	NA	146	4762	1.33748
LRIG2	NA	317	4536	3.04866
LRIG3	NA	2	4200	0.0207732
LRIT1	NA	0	2301	0
LRIT2	NA	0	3179	0
LRIT3	NA	7	3584	0.0852027
LRMP	NA	0	2869	0
LRP1	NA	1593	14888	4.6677
LRP1-AS	NA	0	879	0
LRP10	NA	3099	3250	41.5969
LRP11	NA	1376	3618	16.591
LRP12	NA	231	4149	2.4288
LRP1B	NA	0	16531	0
LRP2	NA	1	15735	0.0027724
LRP2BP	NA	24	5158	0.20298
LRP3	NA	1278	3698	15.076
LRP4	NA	375	8227	1.98844
LRP4-AS1	NA	20	1540	0.566543
LRP5	NA	624	5353	5.08523
LRP5L	NA	199	3998	2.17137
LRP6	NA	974	10083	4.21398
LRP8	NA	547	7778	3.06791
LRPAP1	NA	2600	10703	10.5972
LRPPRC	NA	11072	6619	72.9721
LRR1	NA	606	2073	12.7525
LRRC1	NA	218	3180	2.99056
LRRC10	NA	0	2598	0
LRRC10B	NA	74	2219	1.45478
LRRC14	NA	873	5434	7.00838
LRRC14B	NA	1	1573	0.0277328
LRRC15	NA	17	5940	0.124849
LRRC16A	NA	8	5431	0.0642589
LRRC16B	NA	30	4600	0.284503
LRRC17	NA	19	2270	0.365133
LRRC18	NA	0	1619	0
LRRC19	NA	16	3608	0.193454
LRRC2	NA	2	5135	0.0169908
LRRC2-AS1	NA	2	633	0.137832
LRRC20	NA	5897	3625	70.9653
LRRC23	NA	134	1800	3.24755
LRRC24	NA	389	1772	9.57655
LRRC25	NA	7	2403	0.127077
LRRC26	NA	28	1195	1.02215
LRRC27	NA	134	9418	0.620682
LRRC28	NA	235	1551	6.60966
LRRC29	NA	44	1493	1.28563
LRRC3	NA	111	2529	1.91469
LRRC3-AS1	NA	3	784	0.166928
LRRC30	NA	0	906	0
LRRC31	NA	0	2546	0
LRRC32	NA	13	4446	0.127555
LRRC34	NA	6	2413	0.108472
LRRC36	NA	10	2541	0.17168
LRRC37A	NA	670	10351	2.82368
LRRC37A11P	NA	44	3580	0.536158
LRRC37A2	NA	442	10349	1.86315
LRRC37A3	NA	315	5858	2.34576
LRRC37A4P	NA	1349	12306	4.7821
LRRC37A5P	NA	0	1095	0
LRRC37A6P	NA	15	6454	0.101388
LRRC37A8P	NA	4	6804	0.025646
LRRC37B	NA	148	3027	2.13291
LRRC37BP1	NA	376	4597	3.5681
LRRC38	NA	7	1908	0.160045
LRRC39	NA	91	1946	2.03996
LRRC3B	NA	0	1691	0
LRRC3C	NA	0	878	0
LRRC4	NA	15	3707	0.176519
LRRC40	NA	669	2945	9.90978
LRRC41	NA	3740	2948	55.3436
LRRC42	NA	1929	1788	47.0639
LRRC43	NA	1	2089	0.0208826
LRRC45	NA	157	2701	2.5357
LRRC46	NA	44	1922	0.998671
LRRC47	NA	3747	2648	61.729
LRRC48	NA	38	2586	0.64103
LRRC49	NA	119	3649	1.42264
LRRC4B	NA	583	2957	8.60083
LRRC4C	NA	0	3731	0
LRRC52	NA	0	1122	0
LRRC55	NA	0	5407	0
LRRC56	NA	63	2774	0.990735
LRRC57	NA	393	2415	7.09902
LRRC58	NA	1654	7683	9.39135
LRRC59	NA	5803	2915	86.8435
LRRC6	NA	148	1987	3.24928
LRRC61	NA	167	1963	3.71124
LRRC63	NA	0	2114	0
LRRC66	NA	27	3329	0.353813
LRRC69	NA	22	1323	0.725414
LRRC7	NA	0	6245	0
LRRC70	NA	34	2249	0.659497
LRRC71	NA	25	1971	0.55332
LRRC72	NA	0	937	0
LRRC73	NA	77	1782	1.88498
LRRC74A	NA	0	1734	0
LRRC74B	NA	14	5139	0.118843
LRRC75A	NA	357	2819	5.52454
LRRC75A-AS1	NA	9268	2507	161.27
LRRC75B	NA	192	1240	6.75465
LRRC8A	NA	1666	4762	15.2619
LRRC8B	NA	588	8061	3.18208
LRRC8C	NA	188	7207	1.13796
LRRC8D	NA	1299	4052	13.985
LRRC8E	NA	10	3745	0.116485
LRRC9	NA	2	4915	0.0177513
LRRCC1	NA	9	3875	0.10132
LRRD1	NA	5	2661	0.0819688
LRRFIP1	NA	1338	7773	7.50915
LRRFIP2	NA	3388	3867	38.2202
LRRIQ1	NA	12	5444	0.0961582
LRRIQ3	NA	17	2862	0.259121
LRRIQ4	NA	0	1824	0
LRRK1	NA	8	7671	0.0454947
LRRK2	NA	0	9224	0
LRRN1	NA	2	3823	0.0228217
LRRN2	NA	94	3322	1.23439
LRRN3	NA	134	3727	1.56844
LRRN4	NA	3	2955	0.0442881
LRRN4CL	NA	17	2585	0.286887
LRRTM1	NA	1	2212	0.0197214
LRRTM2	NA	2	5628	0.0155024
LRRTM3	NA	0	6181	0
LRRTM4	NA	0	4816	0
LRSAM1	NA	720	3450	9.10409
LRTM1	NA	0	1467	0
LRTM2	NA	2	3989	0.021872
LRTOMT	NA	694	5806	5.21442
LRWD1	NA	948	2198	18.815
LSAMP	NA	1315	9478	6.05246
LSAMP-AS1	NA	33	548	2.62698
LSG1	NA	2443	3572	29.8356
LSM1	NA	1513	1161	56.8499
LSM10	NA	1074	927	50.5415
LSM11	NA	162	6584	1.07337
LSM12	NA	3113	2484	54.6702
LSM14A	NA	3436	3772	39.7379
LSM14B	NA	1554	2594	26.1339
LSM2	NA	7313	5243	60.847
LSM3	NA	1315	695	82.5399
LSM4	NA	5722	1825	136.775
LSM5	NA	1925	3265	25.72
LSM6	NA	497	787	27.5489
LSM7	NA	3084	520	258.723
LSM8	NA	843	12520	2.93729
LSMEM1	NA	19	1806	0.458943
LSMEM2	NA	582	1494	16.994
LSP1	NA	14	3512	0.173899
LSP1P3	NA	12	444	1.17902
LSR	NA	1733	2278	33.187
LSS	NA	2118	4766	19.3863
LST1	NA	9	7152	0.0548957
LTA	NA	19	11235	0.0737741
LTA4H	NA	3691	2446	65.828
LTB	NA	54	7146	0.329651
LTB4R	NA	452	4620	4.26795
LTB4R2	NA	98	1560	2.74047
LTBP1	NA	207	6348	1.42251
LTBP2	NA	4590	8554	23.4081
LTBP3	NA	2164	4702	20.077
LTBP4	NA	3541	5446	28.3643
LTBR	NA	108	2495	1.88832
LTC4S	NA	31	667	2.02749
LTF	NA	7	2826	0.108056
LTK	NA	9	3127	0.125556
LTN1	NA	1684	7756	9.47169
LTV1	NA	1864	1814	44.8262
LUC7L	NA	2086	2082	43.7076
LUC7L2	NA	3394	3019	49.0424
LUC7L3	NA	3872	3517	48.0271
LUCAT1	NA	3	1009	0.129704
LUM	NA	1	2116	0.0206161
LUNAR1	NA	8	480	0.727063
LURAP1	NA	203	1849	4.78941
LURAP1L	NA	0	2690	0
LURAP1L-AS1	NA	0	944	0
LUZP1	NA	1266	8487	6.50733
LUZP2	NA	1	5297	0.00823556
LUZP4	NA	1	1739	0.0250856
LUZP6	NA	4473	3884	50.2392
LVCAT1	NA	0	2821	0
LVCAT5	NA	1	4115	0.0106012
LVCAT8	NA	9	1383	0.283886
LVRN	NA	1	4621	0.00944033
LXN	NA	20	1116	0.781788
LY6D	NA	0	802	0
LY6E	NA	1702	1176	63.1358
LY6G5B	NA	910	5418	7.32699
LY6G5C	NA	14198	5082	121.875
LY6G6C	NA	205	6167	1.45012
LY6G6D	NA	52	2814	0.806125
LY6G6E	NA	44	5544	0.34622
LY6G6F	NA	171	6286	1.18671
LY6H	NA	8	1157	0.301634
LY6K	NA	153	1957	3.41055
LY75	NA	5	6930	0.0314746
LY75-CD302	NA	34	8919	0.166298
LY86	NA	0	879	0
LY86-AS1	NA	0	2023	0
LY9	NA	0	3478	0
LY96	NA	0	615	0
LYAR	NA	2751	1604	74.8186
LYG1	NA	42	990	1.85071
LYG2	NA	1	868	0.0502578
LYL1	NA	2	1788	0.0487962
LYN	NA	420	4158	4.40644
LYNX1	NA	0	5492	0
LYPD1	NA	1	3002	0.0145316
LYPD2	NA	0	534	0
LYPD3	NA	86	1706	2.19909
LYPD4	NA	0	2137	0
LYPD5	NA	0	2813	0
LYPD6	NA	116	4308	1.17464
LYPD6B	NA	122	1573	3.38341
LYPD8	NA	0	435	0
LYPLA1	NA	1944	2790	30.3959
LYPLA2	NA	2367	1624	63.5822
LYPLA2P2	NA	324	1601	8.8283
LYPLAL1	NA	199	2114	4.1065
LYPLAL1-AS1	NA	0	1627	0
LYRM1	NA	759	2292	14.4461
LYRM2	NA	1278	5598	9.95912
LYRM4	NA	1196	2350	22.2017
LYRM5	NA	181	1135	6.95674
LYRM7	NA	512	6247	3.57538
LYRM9	NA	139	1481	4.09433
LYSMD1	NA	220	2508	3.82665
LYSMD2	NA	17	1875	0.395522
LYSMD3	NA	263	4260	2.6932
LYSMD4	NA	211	2972	3.09711
LYST	NA	146	16733	0.380629
LYVE1	NA	0	2500	0
LYZ	NA	2	1516	0.0575512
LYZL1	NA	2	812	0.107448
LYZL2	NA	0	774	0
LYZL4	NA	0	906	0
LYZL6	NA	0	1069	0
LZIC	NA	484	1407	15.0063
LZTFL1	NA	874	4514	8.44643
LZTR1	NA	1616	4315	16.3374
LZTS1	NA	0	5459	0
LZTS1-AS1	NA	0	892	0
LZTS2	NA	4141	2848	63.4291
LZTS3	NA	329	4101	3.49969
M1AP	NA	3	2795	0.0468234
M6PR	NA	4933	2566	83.8644
MAATS1	NA	0	4433	0
MAB21L1	NA	5	2907	0.0750323
MAB21L2	NA	0	2769	0
MAB21L3	NA	0	3229	0
MACC1	NA	0	9158	0
MACC1-AS1	NA	0	639	0
MACF1	NA	3672	17689	9.05571
MACROD1	NA	345	1257	11.9731
MACROD2	NA	0	5106	0
MACROD2-AS1	NA	0	1784	0
MACROD2-IT1	NA	0	665	0
MAD1L1	NA	1810	3340	23.6404
MAD2L1	NA	1636	1436	49.6995
MAD2L1BP	NA	1763	1629	47.2122
MAD2L2	NA	1911	1328	62.7749
MADCAM1	NA	9	1537	0.255442
MADD	NA	820	6412	5.57884
MAEA	NA	4251	2709	68.455
MAEL	NA	2	2011	0.0433852
MAF	NA	0	6878	0
MAF1	NA	1693	1775	41.6085
MAFA	NA	61	2373	1.12139
MAFA-AS1	NA	9	417	0.94152
MAFB	NA	137	3393	1.76141
MAFF	NA	511	2530	8.81097
MAFG	NA	1796	5254	14.9121
MAFG-AS1	NA	230	1895	5.29471
MAFIP	NA	283	5339	2.31233
MAFK	NA	506	3350	6.58914
MAFTRR	NA	0	685	0
MAG	NA	0	2532	0
MAGEA1	NA	0	1709	0
MAGEA10	NA	0	2743	0
MAGEA10-MAGEA5	NA	0	1873	0
MAGEA11	NA	2	2083	0.0418855
MAGEA12	NA	0	1943	0
MAGEA2	NA	4	2272	0.0768024
MAGEA2B	NA	4	1616	0.10798
MAGEA3	NA	1	1724	0.0253038
MAGEA4	NA	0	1955	0
MAGEA5	NA	0	1664	0
MAGEA6	NA	2	1762	0.0495162
MAGEA8	NA	1	2363	0.0184612
MAGEA8-AS1	NA	0	596	0
MAGEA9	NA	2	1807	0.0482831
MAGEA9B	NA	2	1814	0.0480968
MAGEB1	NA	0	1968	0
MAGEB10	NA	0	1953	0
MAGEB16	NA	0	1818	0
MAGEB17	NA	0	1363	0
MAGEB18	NA	0	1812	0
MAGEB2	NA	1	1612	0.0270619
MAGEB3	NA	0	2306	0
MAGEB4	NA	0	2252	0
MAGEB5	NA	0	1216	0
MAGEB6	NA	0	1949	0
MAGEC1	NA	0	4321	0
MAGEC2	NA	0	1994	0
MAGEC3	NA	0	2691	0
MAGED1	NA	3663	2971	53.7845
MAGED2	NA	2168	2457	38.4926
MAGED4	NA	907	2683	14.7472
MAGED4B	NA	907	2683	14.7472
MAGEE1	NA	175	3701	2.06273
MAGEE2	NA	0	2257	0
MAGEF1	NA	2696	1682	69.9225
MAGEH1	NA	325	1480	9.57954
MAGEL2	NA	0	4298	0
MAGI1	NA	278	9168	1.3228
MAGI1-AS1	NA	0	591	0
MAGI2	NA	17	6880	0.107791
MAGI2-AS2	NA	0	476	0
MAGI2-AS3	NA	0	9308	0
MAGI3	NA	54	7221	0.326227
MAGIX	NA	43	2809	0.66779
MAGOH	NA	2354	756	135.834
MAGOH2P	NA	258	640	17.5858
MAGOHB	NA	777	3373	10.0491
MAGT1	NA	927	4021	10.057
MAK	NA	48	3979	0.526248
MAK16	NA	1703	3574	20.7866
MAL	NA	1	1137	0.0383674
MAL2	NA	2	2819	0.0309498
MALAT1	NA	13501	8751	67.3025
MALL	NA	3	3061	0.0427544
MALRD1	NA	3	6880	0.019022
MALSU1	NA	846	755	48.8817
MALT1	NA	155	5030	1.34427
MAMDC2	NA	6	3618	0.0723446
MAMDC2-AS1	NA	3	1560	0.0838919
MAMDC4	NA	300	3660	3.57572
MAML1	NA	2020	5723	15.3975
MAML2	NA	23	7111	0.141098
MAML3	NA	1	7088	0.0061546
MAMLD1	NA	3	4860	0.0269283
MAMSTR	NA	161	2283	3.0764
MAN1A1	NA	3	5027	0.0260337
MAN1A2	NA	293	5388	2.37227
MAN1B1	NA	1378	2900	20.7288
MAN1B1-AS1	NA	92	1872	2.1439
MAN1C1	NA	172	4641	1.61674
MAN2A1	NA	434	7114	2.66133
MAN2A2	NA	1037	6269	7.21612
MAN2B1	NA	1576	3224	21.3248
MAN2B2	NA	450	4186	4.68961
MAN2C1	NA	2092	3332	27.3892
MANBA	NA	639	3311	8.41909
MANBAL	NA	1177	1315	39.0458
MANEA	NA	107	4616	1.01121
MANEA-AS1	NA	3	2416	0.0541686
MANEAL	NA	924	3107	12.9734
MANF	NA	1595	963	72.2533
MANSC1	NA	97	2297	1.84219
MANSC4	NA	0	1095	0
MAOA	NA	7	5438	0.0561542
MAOB	NA	0	2595	0
MAP10	NA	0	5455	0
MAP1A	NA	1483	10275	6.29626
MAP1B	NA	799	11979	2.90971
MAP1LC3A	NA	1	1143	0.038166
MAP1LC3B	NA	3525	2288	67.2088
MAP1LC3B2	NA	873	832	45.7735
MAP1LC3C	NA	0	1192	0
MAP1S	NA	2033	3593	24.6833
MAP2	NA	35	9989	0.152851
MAP2K1	NA	1256	2586	21.1877
MAP2K2	NA	6862	1733	172.733
MAP2K3	NA	853	2374	15.6744
MAP2K4	NA	1027	3873	11.5677
MAP2K4P1	NA	55	2539	0.944981
MAP2K5	NA	273	2571	4.63216
MAP2K6	NA	197	1869	4.59812
MAP2K7	NA	1199	3546	14.7504
MAP3K1	NA	92	7511	0.534335
MAP3K10	NA	533	3436	6.76702
MAP3K11	NA	1616	3573	19.7302
MAP3K12	NA	1209	3640	14.4893
MAP3K13	NA	30	11626	0.112568
MAP3K14	NA	3428	4485	33.3428
MAP3K14-AS1	NA	100	1633	2.67139
MAP3K15	NA	420	4633	3.95467
MAP3K19	NA	4	4377	0.0398664
MAP3K2	NA	735	10870	2.94972
MAP3K3	NA	459	4826	4.14905
MAP3K4	NA	482	5736	3.66574
MAP3K5	NA	1	5195	0.00839726
MAP3K6	NA	540	4348	5.41786
MAP3K7	NA	1784	5167	15.0619
MAP3K7CL	NA	26	3880	0.292324
MAP3K8	NA	23	3013	0.333006
MAP3K9	NA	441	11631	1.65404
MAP4	NA	6014	8714	30.1071
MAP4K1	NA	20	2812	0.310269
MAP4K2	NA	421	3004	6.11372
MAP4K3	NA	561	4362	5.61049
MAP4K4	NA	3353	7998	18.2884
MAP4K5	NA	1128	4435	11.0953
MAP6	NA	41	5596	0.319617
MAP6D1	NA	187	2138	3.81555
MAP7	NA	2	5478	0.0159269
MAP7D1	NA	5114	3571	62.4732
MAP7D2	NA	1	4259	0.0102427
MAP7D3	NA	928	6536	6.19383
MAP9	NA	7784	7331	46.3194
MAPK1	NA	2988	6080	21.4388
MAPK10	NA	3	4620	0.0283271
MAPK11	NA	1356	2431	24.3331
MAPK12	NA	2819	1853	66.3656
MAPK13	NA	51	6348	0.350475
MAPK14	NA	1171	4542	11.2469
MAPK15	NA	49	1888	1.13218
MAPK1IP1L	NA	3248	6469	21.9029
MAPK3	NA	1195	1933	26.9687
MAPK4	NA	0	4736	0
MAPK6	NA	2248	4225	23.2109
MAPK7	NA	394	3320	5.17704
MAPK8	NA	622	5923	4.58112
MAPK8IP1	NA	574	3205	7.81281
MAPK8IP2	NA	1754	3380	22.6379
MAPK8IP3	NA	1966	5636	15.2172
MAPK9	NA	1490	5897	11.0225
MAPKAP1	NA	2822	3691	33.3531
MAPKAPK2	NA	1525	3517	18.9156
MAPKAPK3	NA	2141	3153	29.6221
MAPKAPK5	NA	737	2291	14.0335
MAPKAPK5-AS1	NA	798	2285	15.2349
MAPKBP1	NA	689	7250	4.14576
MAPRE1	NA	5209	2623	86.6322
MAPRE2	NA	1044	4880	9.33263
MAPRE3	NA	231	2387	4.22166
MAPT	NA	20	13627	0.0640255
MAPT-AS1	NA	0	1680	0
MAPT-IT1	NA	5	6007	0.0363108
MARC1	NA	6	2243	0.116693
MARC2	NA	0	1573	0
MARCH1	NA	68	5733	0.517428
MARCH10	NA	0	4258	0
MARCH11	NA	0	1528	0
MARCH2	NA	322	1651	8.50809
MARCH3	NA	28	4196	0.291102
MARCH4	NA	18	4450	0.176456
MARCH5	NA	1161	3926	12.9005
MARCH6	NA	1468	9697	6.60407
MARCH7	NA	2205	3840	25.0496
MARCH8	NA	456	6310	3.15253
MARCH9	NA	417	2985	6.09418
MARCKS	NA	0	4304	0
MARCKSL1	NA	4987	1562	139.278
MARCO	NA	0	1835	0
MARK1	NA	260	7102	1.59704
MARK2	NA	1277	5179	10.7564
MARK2P9	NA	4	946	0.184456
MARK3	NA	2734	3530	33.7868
MARK4	NA	1674	5243	13.9283
MARS	NA	2647	2915	39.6131
MARS2	NA	479	3087	6.76896
MARVELD1	NA	2796	3237	37.6806
MARVELD2	NA	0	2160	0
MARVELD3	NA	14	4261	0.143331
MAS1	NA	1	1134	0.0384689
MAS1L	NA	0	5058	0
MASP1	NA	7	9994	0.030555
MASP2	NA	47	2611	0.785261
MAST1	NA	322	4923	2.85331
MAST2	NA	1531	5738	11.6396
MAST3	NA	555	5893	4.10847
MAST4	NA	10	11847	0.0368226
MASTL	NA	596	3626	7.17037
MAT1A	NA	16	3404	0.205047
MAT2A	NA	7420	3006	107.681
MAT2B	NA	1154	2515	20.0166
MATK	NA	945	2551	16.1601
MATN1	NA	30	3830	0.341701
MATN1-AS1	NA	36	2050	0.766076
MATN2	NA	30	4108	0.318577
MATN3	NA	1	2583	0.0168888
MATN4	NA	2	2342	0.0372534
MATR3	NA	9603	5989	69.9481
MAU2	NA	1173	4853	10.5441
MAVS	NA	2168	11771	8.03469
MAX	NA	1397	3037	20.0666
MAZ	NA	5699	2861	86.8968
MB	NA	0	1389	0
MB21D1	NA	3	1802	0.0726256
MB21D2	NA	5	3367	0.0647814
MBD1	NA	1837	4811	16.657
MBD2	NA	1189	5611	9.2441
MBD3	NA	3939	2499	68.7611
MBD3L1	NA	0	748	0
MBD3L2	NA	3984	774	224.544
MBD3L3	NA	3777	773	213.153
MBD3L4	NA	3920	773	221.223
MBD3L5	NA	3410	773	192.441
MBD4	NA	941	2973	13.8076
MBD5	NA	238	6016	1.72581
MBD6	NA	444	4150	4.66722
MBIP	NA	450	1648	11.9118
MBL1P	NA	0	1424	0
MBL2	NA	15	3569	0.183345
MBLAC1	NA	94	1499	2.73558
MBLAC2	NA	122	4280	1.24348
MBNL1	NA	652	6523	4.36037
MBNL1-AS1	NA	7	6656	0.0458784
MBNL2	NA	57	4735	0.525144
MBNL3	NA	65	11843	0.239428
MBOAT1	NA	34	4319	0.343415
MBOAT2	NA	1123	3804	12.8784
MBOAT4	NA	3	1663	0.0786959
MBOAT7	NA	2761	3089	38.9917
MBP	NA	2	6900	0.0126446
MBTD1	NA	618	5382	5.0092
MBTPS1	NA	1562	4380	15.5572
MBTPS2	NA	440	4525	4.24187
MC1R	NA	987	3099	13.8937
MC2R	NA	0	3730	0
MC3R	NA	0	1084	0
MC4R	NA	0	1438	0
MC5R	NA	4	1319	0.132293
MCAM	NA	2679	3332	35.0745
MCAT	NA	945	2093	19.6964
MCC	NA	32	9266	0.150654
MCCC1	NA	925	3398	11.8752
MCCC2	NA	2633	3673	31.2718
MCCD1	NA	60	5672	0.461464
MCEE	NA	82	870	4.11167
MCEMP1	NA	0	1308	0
MCF2	NA	0	4241	0
MCF2L	NA	27	6687	0.176139
MCF2L-AS1	NA	9	1155	0.339926
MCF2L2	NA	25	5013	0.217553
MCFD2	NA	3450	4696	32.049
MCHR1	NA	108	2423	1.94444
MCHR2	NA	0	2383	0
MCHR2-AS1	NA	0	548	0
MCIDAS	NA	156	2104	3.23446
MCL1	NA	8947	4085	95.5451
MCM10	NA	1135	4550	10.882
MCM2	NA	4139	3506	51.4999
MCM3	NA	7508	3208	102.097
MCM3AP	NA	3714	6194	26.1574
MCM3AP-AS1	NA	696	4707	6.45042
MCM4	NA	4888	4915	43.3841
MCM5	NA	2220	2546	38.038
MCM6	NA	3684	3787	42.4373
MCM7	NA	10398	3653	124.172
MCM8	NA	498	3920	5.542
MCM8-AS1	NA	16	1131	0.617136
MCM9	NA	270	6147	1.91612
MCMBP	NA	2794	4496	27.1096
MCMDC2	NA	670	5604	5.21555
MCOLN1	NA	304	2098	6.32108
MCOLN2	NA	19	3053	0.271488
MCOLN3	NA	21	2850	0.321438
MCPH1	NA	1195	5026	10.3721
MCPH1-AS1	NA	195	4132	2.05872
MCRS1	NA	1756	1995	38.3977
MCTP1	NA	20	5400	0.16157
MCTP2	NA	0	8602	0
MCTS1	NA	841	9962	3.68275
MCTS2P	NA	155	835	8.09783
MCU	NA	425	3660	5.0656
MCUR1	NA	836	5471	6.66596
MDC1	NA	1560	55335	1.22984
MDFI	NA	2	2036	0.0428524
MDFIC	NA	0	5519	0
MDGA1	NA	440	8907	2.15499
MDGA2	NA	0	6259	0
MDH1	NA	5368	1883	124.361
MDH1B	NA	152	2831	2.34222
MDH2	NA	5435	2730	86.8481
MDK	NA	4617	1683	119.674
MDM1	NA	183	5005	1.59504
MDM2	NA	11319	7565	65.2713
MDM4	NA	1296	10077	5.61044
MDN1	NA	3165	18208	7.58289
MDP1	NA	149	781	8.32259
MDS2	NA	6	1027	0.254861
ME1	NA	1	3517	0.0124037
ME2	NA	1824	4622	17.2154
ME3	NA	506	2579	8.55899
MEA1	NA	1963	866	98.8839
MEAF6	NA	965	4965	8.47874
MEAT6	NA	0	1071	0
MECOM	NA	8	6826	0.0511266
MECP2	NA	898	10241	3.82523
MECR	NA	835	2666	13.6631
MED1	NA	2708	8148	14.4984
MED10	NA	1057	1028	44.8544
MED11	NA	365	970	16.4151
MED12	NA	496	6969	3.10481
MED12L	NA	4	10440	0.0167141
MED13	NA	1298	10465	5.41077
MED13L	NA	1340	9378	6.2333
MED14	NA	812	6768	5.23382
MED14OS	NA	1	904	0.0482564
MED15	NA	1612	3829	18.3655
MED15P9	NA	152	1835	3.61352
MED16	NA	1590	2924	23.7215
MED17	NA	733	3497	9.1439
MED18	NA	295	1869	6.88551
MED19	NA	569	1514	16.3949
MED20	NA	536	2747	8.51196
MED21	NA	583	2955	8.60665
MED22	NA	1394	3915	15.533
MED23	NA	606	5586	4.73255
MED24	NA	3047	3737	35.5691
MED25	NA	1399	2343	26.0477
MED26	NA	473	3184	6.48054
MED27	NA	883	1799	21.4118
MED28	NA	2595	2394	47.2864
MED29	NA	1564	3567	19.1274
MED30	NA	134	985	5.9346
MED31	NA	379	1656	9.98394
MED4	NA	2042	2287	38.9505
MED4-AS1	NA	530	544	42.5011
MED6	NA	1775	2407	32.1696
MED7	NA	471	1475	13.93
MED8	NA	1155	2050	24.5783
MED9	NA	726	2222	14.2533
MEDAG	NA	0	2390	0
MEF2A	NA	690	5918	5.08625
MEF2B	NA	321	1451	9.65075
MEF2BNB	NA	835	2130	17.1013
MEF2BNB-MEF2B	NA	602	2242	11.7134
MEF2C	NA	8	6864	0.0508436
MEF2C-AS1	NA	1	3186	0.0136923
MEF2D	NA	1019	6073	7.31971
MEFV	NA	2	3674	0.0237473
MEG3	NA	13	10567	0.0536679
MEG8	NA	0	498	0
MEG9	NA	0	2640	0
MEGF10	NA	2	8128	0.0107342
MEGF11	NA	97	5914	0.715507
MEGF6	NA	677	7439	3.97006
MEGF8	NA	1428	11167	5.57847
MEGF9	NA	118	6210	0.828922
MEI1	NA	1	4006	0.0108896
MEI4	NA	1	2587	0.0168627
MEIG1	NA	6	625	0.418788
MEIKIN	NA	0	1560	0
MEIOB	NA	1772	1884	41.0304
MEIS1	NA	2	3181	0.0274277
MEIS1-AS2	NA	0	701	0
MEIS1-AS3	NA	0	4099	0
MEIS2	NA	2368	4422	23.3607
MEIS3	NA	852	2166	17.1595
MEIS3P1	NA	111	2856	1.69546
MELK	NA	1160	2609	19.3958
MEMO1	NA	1144	1973	25.2943
MEN1	NA	2486	3646	29.7446
MEOX1	NA	276	2338	5.14977
MEOX2	NA	0	2371	0
MEOX2-AS1	NA	0	2098	0
MEP1A	NA	0	2929	0
MEP1B	NA	1	2311	0.0188766
MEPCE	NA	1921	3281	25.5414
MEPE	NA	5	2301	0.0947931
MERTK	NA	454	3626	5.46199
MESDC1	NA	1617	3051	23.1202
MESDC2	NA	1741	6176	12.2974
MESP1	NA	8	1162	0.300336
MESP2	NA	1	1611	0.0270787
MEST	NA	126	3008	1.82733
MESTIT1	NA	0	3242	0
MET	NA	1	6676	0.00653442
METAP1	NA	1422	2770	22.3946
METAP1D	NA	55	1534	1.56409
METAP2	NA	3918	3504	48.778
METRN	NA	3995	1092	159.594
METRNL	NA	411	1612	11.1224
METTL1	NA	622	1307	20.7605
METTL10	NA	553	3660	6.59124
METTL11B	NA	1	938	0.0465072
METTL12	NA	167	1382	5.27147
METTL13	NA	2332	3407	29.8593
METTL14	NA	483	3504	6.01321
METTL15	NA	642	4416	6.34204
METTL16	NA	1620	5753	12.2841
METTL17	NA	1257	1786	30.7027
METTL18	NA	198	1475	5.85594
METTL20	NA	32	2381	0.586292
METTL21A	NA	446	5539	3.51258
METTL21B	NA	210	2840	3.2257
METTL21C	NA	0	1102	0
METTL21EP	NA	4	2312	0.0754737
METTL22	NA	377	1570	10.4753
METTL23	NA	371	1317	12.2889
METTL24	NA	13	1101	0.515085
METTL25	NA	78	2094	1.62495
METTL2A	NA	575	2519	9.95779
METTL2B	NA	616	2182	12.3154
METTL3	NA	2064	2022	44.5299
METTL4	NA	176	3687	2.08239
METTL5	NA	2346	1027	99.6508
METTL6	NA	529	3010	7.66677
METTL7A	NA	13	3390	0.167289
METTL7B	NA	0	1505	0
METTL8	NA	1191	8134	6.3875
METTL9	NA	1698	3336	22.2042
MEX3A	NA	1089	6124	7.7574
MEX3B	NA	5	3530	0.06179
MEX3C	NA	943	4142	9.93173
MEX3D	NA	1481	2850	22.6691
MFAP1	NA	1750	2063	37.0051
MFAP2	NA	1105	1174	41.0599
MFAP3	NA	667	5346	5.44277
MFAP3L	NA	49	7284	0.29346
MFAP4	NA	16	1961	0.355931
MFAP5	NA	4	3003	0.0581069
MFF	NA	1489	2291	28.3526
MFGE8	NA	3931	1989	86.2167
MFHAS1	NA	1151	5255	9.55489
MFI2	NA	872	4811	7.90687
MFI2-AS1	NA	193	951	8.85319
MFN1	NA	541	3513	6.71804
MFN2	NA	4140	4677	38.615
MFNG	NA	16	2136	0.32677
MFRP	NA	31	3925	0.344544
MFSD1	NA	393	2486	6.89628
MFSD10	NA	1621	2050	34.4947
MFSD11	NA	1686	3631	20.256
MFSD12	NA	3199	2135	65.3641
MFSD2A	NA	277	2213	5.46036
MFSD2B	NA	1	1508	0.0289282
MFSD3	NA	744	1601	20.2724
MFSD4	NA	18	4088	0.192081
MFSD5	NA	780	2216	15.3549
MFSD6	NA	15	4797	0.13641
MFSD6L	NA	0	2240	0
MFSD7	NA	50	2131	1.02355
MFSD8	NA	490	4545	4.70311
MFSD9	NA	103	2706	1.66048
MGA	NA	863	12042	3.12633
MGAM	NA	0	6484	0
MGAM2	NA	0	7872	0
MGARP	NA	4	1339	0.130317
MGAT1	NA	2629	3938	29.1231
MGAT2	NA	1019	2711	16.3971
MGAT3	NA	610	5209	5.10856
MGAT3-AS1	NA	0	498	0
MGAT4A	NA	88	8515	0.450839
MGAT4B	NA	4405	3369	57.0385
MGAT4C	NA	0	1934	0
MGAT4D	NA	0	1341	0
MGAT4EP	NA	1	2807	0.0155411
MGAT5	NA	82	8145	0.439183
MGAT5B	NA	205	4448	2.01054
MGC12916	NA	4	2006	0.0869866
MGC15885	NA	0	2315	0
MGC16025	NA	1	2127	0.0205095
MGC16142	NA	16	1291	0.540651
MGC16275	NA	34	2485	0.596864
MGC27345	NA	355	10079	1.53651
MGC27382	NA	0	1191	0
MGC2889	NA	0	2194	0
MGC32805	NA	0	1424	0
MGC34796	NA	1	1887	0.0231181
MGC39584	NA	0	1206	0
MGC45922	NA	6	936	0.27964
MGC57346	NA	241	5305	1.98178
MGC57346-CRHR1	NA	69	5577	0.539724
MGC70870	NA	30	3110	0.420808
MGC72080	NA	358	698	22.3744
MGEA5	NA	3906	5202	32.7556
MGLL	NA	0	4809	0
MGME1	NA	1502	2127	30.8053
MGMT	NA	759	1265	26.1743
MGP	NA	0	1473	0
MGRN1	NA	1627	6471	10.9683
MGST1	NA	0	2354	0
MGST2	NA	0	1334	0
MGST3	NA	171	1518	4.91414
MHRT	NA	0	876	0
MIA	NA	7	670	0.455771
MIA-RAB4B	NA	170	1394	5.31997
MIA2	NA	0	2281	0
MIA3	NA	788	8410	4.08746
MIAT	NA	30	10182	0.128532
MIATNB	NA	6	1682	0.155614
MIB1	NA	1861	9567	8.48582
MIB2	NA	1269	3574	15.4892
MICA	NA	706	11950	2.57727
MICAL1	NA	889	3949	9.8206
MICAL2	NA	623	7760	3.50227
MICAL3	NA	1228	14775	3.62572
MICALCL	NA	5	3044	0.0716553
MICALL1	NA	2255	4495	21.8847
MICALL2	NA	529	3099	7.44659
MICB	NA	618	20626	1.30706
MICU1	NA	1407	2674	22.9539
MICU2	NA	1172	1933	26.4496
MICU3	NA	472	3987	5.16439
MID1	NA	8	8739	0.0399348
MID1IP1	NA	0	3783	0
MID1IP1-AS1	NA	0	696	0
MID2	NA	6	7345	0.0356355
MIDN	NA	2439	3793	28.0512
MIEF1	NA	2596	6058	18.6938
MIEF2	NA	394	2645	6.49821
MIEN1	NA	776	754	44.8966
MIER1	NA	844	7731	4.76245
MIER2	NA	1061	2762	16.7577
MIER3	NA	726	5222	6.06489
MIF	NA	0	561	0
MIF-AS1	NA	0	2192	0
MIF4GD	NA	284	1440	8.60358
MIIP	NA	854	1801	20.6856
MILR1	NA	0	631	0
MIMT1	NA	1	1288	0.0338694
MINA	NA	784	5342	6.40229
MINK1	NA	1360	5041	11.7692
MINOS1	NA	1493	4231	15.3936
MINOS1-NBL1	NA	754	2210	14.8834
MINOS1P1	NA	3	2279	0.0574249
MINPP1	NA	452	3303	5.96971
MIOS	NA	2282	3323	29.9577
MIOX	NA	6	1437	0.182145
MIP	NA	7	2608	0.117088
MIPEP	NA	861	2429	15.4632
MIPEPP3	NA	37	2088	0.773027
MIPOL1	NA	188	6386	1.28426
MIR1-1	NA	0	71	0
MIR1-1HG	NA	0	1220	0
MIR1-2	NA	0	85	0
MIR100	NA	0	80	0
MIR100HG	NA	0	3082	0
MIR101-1	NA	0	75	0
MIR101-2	NA	0	79	0
MIR103A1	NA	0	78	0
MIR103A2	NA	0	78	0
MIR103B1	NA	0	62	0
MIR103B2	NA	0	62	0
MIR105-1	NA	0	81	0
MIR105-2	NA	0	81	0
MIR106A	NA	2	81	1.07713
MIR106B	NA	2	82	1.06399
MIR107	NA	0	81	0
MIR10A	NA	0	110	0
MIR10B	NA	0	110	0
MIR1178	NA	0	91	0
MIR1179	NA	0	91	0
MIR1180	NA	0	69	0
MIR1181	NA	11	81	5.92422
MIR1182	NA	1	97	0.44973
MIR1183	NA	0	89	0
MIR1184-1	NA	92	198	20.2696
MIR1184-2	NA	92	198	20.2696
MIR1184-3	NA	92	198	20.2696
MIR1185-1	NA	0	85	0
MIR1185-2	NA	0	85	0
MIR1193	NA	0	78	0
MIR1197	NA	0	88	0
MIR1199	NA	2	119	0.733173
MIR1200	NA	0	76	0
MIR1202	NA	0	83	0
MIR1203	NA	0	85	0
MIR1204	NA	5	67	3.25551
MIR1205	NA	0	63	0
MIR1206	NA	0	59	0
MIR1207	NA	0	87	0
MIR1208	NA	0	73	0
MIR122	NA	0	85	0
MIR1224	NA	0	85	0
MIR1225	NA	0	90	0
MIR1226	NA	115	75	66.8898
MIR1227	NA	3	88	1.48717
MIR1228	NA	6	73	3.58552
MIR1229	NA	38	69	24.0247
MIR1231	NA	3	92	1.42251
MIR1233-1	NA	12	164	3.19198
MIR1233-2	NA	12	164	3.19198
MIR1234	NA	0	120	0
MIR1236	NA	7	612	0.498965
MIR1237	NA	40	102	17.1074
MIR1238	NA	52	83	27.3306
MIR124-1	NA	0	85	0
MIR124-2	NA	0	109	0
MIR124-2HG	NA	0	7214	0
MIR124-3	NA	0	87	0
MIR1243	NA	0	93	0
MIR1244-1	NA	3885	246	688.936
MIR1244-2	NA	3885	246	688.936
MIR1244-3	NA	3885	246	688.936
MIR1244-4	NA	3885	246	688.936
MIR1245A	NA	0	69	0
MIR1245B	NA	0	68	0
MIR1246	NA	0	73	0
MIR1247	NA	0	136	0
MIR1248	NA	106	106	43.6238
MIR1249	NA	0	66	0
MIR1250	NA	0	113	0
MIR1251	NA	0	70	0
MIR1252	NA	0	65	0
MIR1253	NA	0	105	0
MIR1254-1	NA	1	97	0.44973
MIR1254-2	NA	0	63	0
MIR1255A	NA	0	113	0
MIR1255B1	NA	0	63	0
MIR1255B2	NA	0	67	0
MIR1256	NA	0	119	0
MIR1257	NA	0	117	0
MIR1258	NA	0	73	0
MIR125A	NA	0	86	0
MIR125B1	NA	0	88	0
MIR125B2	NA	0	89	0
MIR126	NA	0	85	0
MIR1260A	NA	0	73	0
MIR1260B	NA	0	89	0
MIR1261	NA	0	82	0
MIR1262	NA	0	93	0
MIR1263	NA	0	86	0
MIR1264	NA	0	69	0
MIR1265	NA	0	86	0
MIR1266	NA	0	84	0
MIR1267	NA	0	78	0
MIR1268A	NA	0	208	0
MIR1269A	NA	0	105	0
MIR1269B	NA	0	75	0
MIR127	NA	0	97	0
MIR1270	NA	0	166	0
MIR1271	NA	0	86	0
MIR1272	NA	0	129	0
MIR1273A	NA	0	103	0
MIR1273C	NA	0	77	0
MIR1273E	NA	0	100	0
MIR1273F	NA	0	99	0
MIR1273G	NA	0	100	0
MIR1273H	NA	0	80	0
MIR1275	NA	0	80	0
MIR1276	NA	0	83	0
MIR1277	NA	0	78	0
MIR1278	NA	0	81	0
MIR1279	NA	3	62	2.11083
MIR128-1	NA	0	82	0
MIR128-2	NA	0	84	0
MIR1281	NA	0	54	0
MIR1282	NA	62	101	26.7789
MIR1283-1	NA	0	87	0
MIR1283-2	NA	0	87	0
MIR1284	NA	0	120	0
MIR1286	NA	0	78	0
MIR1287	NA	0	90	0
MIR1288	NA	0	75	0
MIR1289-1	NA	0	144	0
MIR1289-2	NA	0	111	0
MIR129-1	NA	0	72	0
MIR129-2	NA	0	90	0
MIR1290	NA	0	78	0
MIR1291	NA	1	87	0.501423
MIR1292	NA	2	66	1.32193
MIR1293	NA	0	71	0
MIR1294	NA	0	142	0
MIR1295A	NA	0	79	0
MIR1295B	NA	0	60	0
MIR1296	NA	0	92	0
MIR1297	NA	0	77	0
MIR1298	NA	0	112	0
MIR1299	NA	0	83	0
MIR1301	NA	0	82	0
MIR1302-1	NA	0	143	0
MIR1302-10	NA	1	552	0.0790286
MIR1302-11	NA	1	552	0.0790286
MIR1302-2	NA	1	552	0.0790286
MIR1302-3	NA	1	138	0.316114
MIR1302-4	NA	0	150	0
MIR1302-5	NA	0	150	0
MIR1302-6	NA	0	90	0
MIR1302-7	NA	0	72	0
MIR1302-8	NA	0	128	0
MIR1302-9	NA	1	552	0.0790286
MIR1303	NA	0	86	0
MIR1304	NA	9	91	4.31444
MIR1305	NA	0	86	0
MIR1306	NA	9	85	4.61899
MIR1307	NA	72	149	21.0799
MIR130A	NA	0	89	0
MIR130B	NA	0	82	0
MIR132	NA	1	101	0.431919
MIR1321	NA	0	79	0
MIR1322	NA	0	71	0
MIR1323	NA	0	73	0
MIR1324	NA	0	96	0
MIR133A1	NA	0	88	0
MIR133A1HG	NA	1	4234	0.0103032
MIR133A2	NA	0	102	0
MIR133B	NA	0	119	0
MIR134	NA	0	73	0
MIR1343	NA	0	84	0
MIR135A1	NA	1	90	0.484709
MIR135A2	NA	0	100	0
MIR135B	NA	0	97	0
MIR136	NA	0	82	0
MIR137	NA	0	102	0
MIR137HG	NA	0	2469	0
MIR138-1	NA	0	99	0
MIR138-2	NA	0	84	0
MIR139	NA	0	68	0
MIR140	NA	0	100	0
MIR141	NA	0	95	0
MIR142	NA	0	87	0
MIR143	NA	0	106	0
MIR143HG	NA	0	1003	0
MIR144	NA	0	86	0
MIR145	NA	0	88	0
MIR1468	NA	0	86	0
MIR1469	NA	0	47	0
MIR146A	NA	0	99	0
MIR146B	NA	0	73	0
MIR1470	NA	0	61	0
MIR1471	NA	0	57	0
MIR147A	NA	0	72	0
MIR147B	NA	0	80	0
MIR148A	NA	0	68	0
MIR148B	NA	0	99	0
MIR149	NA	4	89	1.96062
MIR150	NA	1	84	0.519331
MIR151B	NA	0	96	0
MIR152	NA	0	87	0
MIR153-1	NA	0	90	0
MIR153-2	NA	0	87	0
MIR1537	NA	0	61	0
MIR1538	NA	1	61	0.715144
MIR1539	NA	0	50	0
MIR154	NA	0	84	0
MIR155	NA	0	65	0
MIR155HG	NA	0	1474	0
MIR15A	NA	0	83	0
MIR15B	NA	0	98	0
MIR16-1	NA	0	89	0
MIR16-2	NA	0	81	0
MIR17	NA	0	84	0
MIR17HG	NA	151	5018	1.31271
MIR181A1	NA	0	110	0
MIR181A1HG	NA	0	604	0
MIR181A2	NA	0	110	0
MIR181A2HG	NA	54	617	3.81796
MIR181B1	NA	0	110	0
MIR181B2	NA	0	89	0
MIR181C	NA	0	110	0
MIR181D	NA	1	137	0.318422
MIR182	NA	0	110	0
MIR1825	NA	18	53	14.8156
MIR1827	NA	0	66	0
MIR183	NA	0	110	0
MIR184	NA	0	84	0
MIR185	NA	0	82	0
MIR186	NA	3	86	1.52176
MIR187	NA	0	109	0
MIR188	NA	0	86	0
MIR18A	NA	0	71	0
MIR18B	NA	3	71	1.84326
MIR1908	NA	0	80	0
MIR1909	NA	41	80	22.3572
MIR190A	NA	0	85	0
MIR190B	NA	0	79	0
MIR191	NA	0	92	0
MIR1910	NA	0	80	0
MIR1911	NA	0	80	0
MIR1912	NA	0	80	0
MIR1913	NA	0	80	0
MIR1914	NA	6	80	3.27178
MIR1915	NA	1	80	0.545297
MIR192	NA	0	110	0
MIR193A	NA	6	88	2.97435
MIR193B	NA	0	83	0
MIR194-1	NA	0	85	0
MIR194-2	NA	0	85	0
MIR195	NA	0	87	0
MIR196A1	NA	0	70	0
MIR196A2	NA	1	110	0.39658
MIR196B	NA	5	84	2.59665
MIR197	NA	0	75	0
MIR1972-1	NA	0	77	0
MIR1972-2	NA	0	77	0
MIR1973	NA	0	44	0
MIR1976	NA	0	52	0
MIR198	NA	5	62	3.51805
MIR199A1	NA	0	71	0
MIR199A2	NA	10	110	3.9658
MIR199B	NA	0	110	0
MIR19A	NA	0	82	0
MIR19B1	NA	0	87	0
MIR19B2	NA	1	96	0.454414
MIR200A	NA	0	90	0
MIR200B	NA	0	95	0
MIR200C	NA	0	68	0
MIR202	NA	0	110	0
MIR202HG	NA	0	815	0
MIR203A	NA	0	110	0
MIR203B	NA	0	86	0
MIR204	NA	0	110	0
MIR205	NA	0	110	0
MIR2052	NA	0	55	0
MIR2052HG	NA	0	2125	0
MIR2053	NA	0	91	0
MIR2054	NA	0	49	0
MIR205HG	NA	0	890	0
MIR206	NA	0	86	0
MIR208A	NA	0	71	0
MIR208B	NA	0	77	0
MIR20A	NA	0	71	0
MIR20B	NA	2	69	1.26446
MIR21	NA	1	72	0.605886
MIR210	NA	0	110	0
MIR210HG	NA	67	2303	1.26912
MIR211	NA	0	110	0
MIR2110	NA	1	75	0.58165
MIR2113	NA	0	89	0
MIR2114	NA	0	80	0
MIR2115	NA	0	100	0
MIR2116	NA	0	80	0
MIR2117	NA	0	80	0
MIR212	NA	0	110	0
MIR214	NA	87	110	34.5024
MIR215	NA	0	110	0
MIR216A	NA	0	110	0
MIR216B	NA	0	82	0
MIR217	NA	0	110	0
MIR217HG	NA	0	685	0
MIR218-1	NA	0	110	0
MIR218-2	NA	0	110	0
MIR219A1	NA	3	660	0.19829
MIR219A2	NA	2	97	0.899459
MIR219B	NA	2	88	0.991449
MIR22	NA	4	85	2.05288
MIR221	NA	0	110	0
MIR222	NA	0	110	0
MIR223	NA	0	110	0
MIR224	NA	0	81	0
MIR2276	NA	0	89	0
MIR2277	NA	1	93	0.469073
MIR2278	NA	0	96	0
MIR22HG	NA	363	2737	5.78569
MIR2355	NA	0	87	0
MIR2392	NA	0	84	0
MIR23A	NA	0	73	0
MIR23B	NA	0	97	0
MIR23C	NA	0	100	0
MIR24-1	NA	0	68	0
MIR24-2	NA	1	73	0.597586
MIR2467	NA	0	81	0
MIR25	NA	14	84	7.27063
MIR2681	NA	0	105	0
MIR2682	NA	0	109	0
MIR26A1	NA	0	77	0
MIR26A2	NA	0	84	0
MIR26B	NA	0	77	0
MIR27A	NA	0	78	0
MIR27B	NA	0	97	0
MIR28	NA	0	86	0
MIR2861	NA	4	90	1.93883
MIR2909	NA	0	69	0
MIR296	NA	0	80	0
MIR298	NA	0	88	0
MIR299	NA	0	63	0
MIR29A	NA	0	64	0
MIR29B1	NA	0	81	0
MIR29B2	NA	0	81	0
MIR29C	NA	0	88	0
MIR300	NA	0	82	0
MIR301A	NA	0	86	0
MIR301B	NA	0	78	0
MIR302A	NA	0	69	0
MIR302B	NA	0	73	0
MIR302C	NA	0	68	0
MIR302D	NA	1	68	0.641526
MIR302E	NA	0	72	0
MIR302F	NA	0	51	0
MIR3064	NA	36	66	23.7948
MIR3065	NA	0	79	0
MIR3074	NA	0	81	0
MIR30A	NA	0	71	0
MIR30B	NA	0	88	0
MIR30C1	NA	0	89	0
MIR30C2	NA	0	72	0
MIR30D	NA	0	70	0
MIR30E	NA	0	92	0
MIR31	NA	0	71	0
MIR3115	NA	0	68	0
MIR3116-1	NA	0	74	0
MIR3116-2	NA	0	68	0
MIR3117	NA	0	78	0
MIR3118-1	NA	0	152	0
MIR3118-2	NA	0	150	0
MIR3118-3	NA	0	150	0
MIR3118-4	NA	0	150	0
MIR3119-1	NA	0	85	0
MIR3119-2	NA	0	85	0
MIR3120	NA	42	81	22.6197
MIR3121	NA	0	77	0
MIR3122	NA	0	73	0
MIR3123	NA	0	75	0
MIR3124	NA	0	67	0
MIR3125	NA	0	78	0
MIR3126	NA	0	74	0
MIR3127	NA	0	76	0
MIR3128	NA	0	66	0
MIR3129	NA	0	76	0
MIR3130-1	NA	0	75	0
MIR3130-2	NA	0	75	0
MIR3131	NA	0	63	0
MIR3132	NA	0	75	0
MIR3133	NA	0	78	0
MIR3134	NA	0	69	0
MIR3135A	NA	0	77	0
MIR3135B	NA	0	544	0
MIR3136	NA	0	78	0
MIR3137	NA	0	75	0
MIR3138	NA	1	82	0.531997
MIR3139	NA	0	76	0
MIR3140	NA	0	90	0
MIR3141	NA	0	61	0
MIR3142	NA	0	82	0
MIR3143	NA	0	63	0
MIR3144	NA	0	79	0
MIR3145	NA	0	82	0
MIR3146	NA	0	79	0
MIR3147	NA	0	66	0
MIR3148	NA	0	77	0
MIR3149	NA	0	83	0
MIR3150A	NA	0	80	0
MIR3150B	NA	0	86	0
MIR3151	NA	0	76	0
MIR3152	NA	0	74	0
MIR3153	NA	0	82	0
MIR3154	NA	0	84	0
MIR3155A	NA	0	82	0
MIR3155B	NA	0	56	0
MIR3156-1	NA	0	75	0
MIR3156-2	NA	0	77	0
MIR3156-3	NA	0	77	0
MIR3157	NA	0	85	0
MIR3158-1	NA	0	81	0
MIR3158-2	NA	0	81	0
MIR3160-1	NA	0	85	0
MIR3160-2	NA	0	81	0
MIR3161	NA	0	77	0
MIR3162	NA	0	82	0
MIR3163	NA	0	146	0
MIR3164	NA	0	83	0
MIR3165	NA	0	75	0
MIR3166	NA	0	92	0
MIR3167	NA	0	85	0
MIR3168	NA	0	82	0
MIR3169	NA	0	83	0
MIR3170	NA	0	77	0
MIR3171	NA	0	74	0
MIR3173	NA	0	68	0
MIR3174	NA	0	87	0
MIR3175	NA	0	77	0
MIR3176	NA	0	90	0
MIR3177	NA	0	82	0
MIR3178	NA	0	84	0
MIR3179-1	NA	10	168	2.59665
MIR3179-2	NA	10	168	2.59665
MIR3179-3	NA	10	168	2.59665
MIR3179-4	NA	10	168	2.59665
MIR3180-1	NA	0	188	0
MIR3180-2	NA	0	176	0
MIR3180-3	NA	0	188	0
MIR3180-4	NA	0	153	0
MIR3180-5	NA	0	153	0
MIR3181	NA	0	73	0
MIR3182	NA	0	63	0
MIR3183	NA	0	84	0
MIR3184	NA	1	75	0.58165
MIR3185	NA	5	68	3.20763
MIR3186	NA	0	85	0
MIR3187	NA	51	70	31.783
MIR3188	NA	0	85	0
MIR3189	NA	4	73	2.39034
MIR3190	NA	5	80	2.72649
MIR3191	NA	5	76	2.86999
MIR3192	NA	0	77	0
MIR3193	NA	0	55	0
MIR3194	NA	0	73	0
MIR3195	NA	0	84	0
MIR3196	NA	0	64	0
MIR3197	NA	0	73	0
MIR3198-1	NA	0	80	0
MIR3198-2	NA	70	80	38.1708
MIR3199-1	NA	0	88	0
MIR3199-2	NA	0	86	0
MIR31HG	NA	0	2148	0
MIR32	NA	0	70	0
MIR3200	NA	0	85	0
MIR3201	NA	0	52	0
MIR3202-1	NA	1	81	0.538565
MIR3202-2	NA	1	79	0.5522
MIR320A	NA	0	82	0
MIR320B1	NA	0	79	0
MIR320B2	NA	1	138	0.316114
MIR320C1	NA	0	88	0
MIR320C2	NA	0	50	0
MIR320D1	NA	0	48	0
MIR320D2	NA	0	48	0
MIR320E	NA	0	53	0
MIR323A	NA	0	86	0
MIR323B	NA	0	82	0
MIR324	NA	63	83	33.112
MIR325	NA	0	98	0
MIR325HG	NA	0	1403	0
MIR326	NA	0	95	0
MIR328	NA	2	75	1.1633
MIR329-1	NA	0	80	0
MIR329-2	NA	0	84	0
MIR330	NA	0	94	0
MIR331	NA	0	94	0
MIR335	NA	0	94	0
MIR337	NA	0	93	0
MIR338	NA	0	67	0
MIR339	NA	0	94	0
MIR33A	NA	0	69	0
MIR33B	NA	0	96	0
MIR340	NA	0	95	0
MIR342	NA	0	99	0
MIR345	NA	0	98	0
MIR346	NA	0	95	0
MIR34A	NA	0	110	0
MIR34B	NA	0	84	0
MIR34C	NA	0	77	0
MIR3529	NA	0	78	0
MIR3591	NA	0	73	0
MIR3605	NA	1	100	0.436238
MIR3606	NA	0	63	0
MIR3607	NA	2	79	1.1044
MIR3609	NA	0	80	0
MIR361	NA	0	72	0
MIR3610	NA	1	73	0.597586
MIR3611	NA	0	83	0
MIR3612	NA	0	87	0
MIR3613	NA	1	87	0.501423
MIR3614	NA	12	86	6.08704
MIR3615	NA	0	87	0
MIR3616	NA	0	92	0
MIR3617	NA	0	79	0
MIR3618	NA	9	88	4.46152
MIR3619	NA	0	83	0
MIR362	NA	0	64	0
MIR3620	NA	188	79	103.814
MIR3621	NA	0	85	0
MIR3622A	NA	0	83	0
MIR3622B	NA	0	95	0
MIR363	NA	4	75	2.3266
MIR3646	NA	0	84	0
MIR3648-1	NA	45	180	10.9059
MIR3648-2	NA	45	180	10.9059
MIR3649	NA	0	66	0
MIR3650	NA	0	60	0
MIR3651	NA	0	90	0
MIR3652	NA	60	131	19.9804
MIR3653	NA	0	110	0
MIR3654	NA	2908	112	1132.66
MIR3655	NA	1	83	0.525588
MIR3656	NA	76	69	48.0494
MIR3657	NA	0	117	0
MIR3658	NA	57	56	44.4028
MIR3659	NA	0	99	0
MIR365A	NA	0	87	0
MIR365B	NA	0	111	0
MIR3660	NA	0	100	0
MIR3661	NA	136	96	61.8003
MIR3662	NA	0	95	0
MIR3663	NA	0	97	0
MIR3663HG	NA	0	2524	0
MIR3664	NA	0	99	0
MIR3665	NA	0	105	0
MIR3666	NA	0	111	0
MIR3667	NA	0	74	0
MIR3668	NA	0	75	0
MIR367	NA	7	68	4.49068
MIR3670-1	NA	0	130	0
MIR3670-2	NA	0	130	0
MIR3670-3	NA	0	130	0
MIR3670-4	NA	0	130	0
MIR3671	NA	3	88	1.48717
MIR3672	NA	0	82	0
MIR3674	NA	0	68	0
MIR3675	NA	0	148	0
MIR3677	NA	1	60	0.727063
MIR3678	NA	0	94	0
MIR3679	NA	0	68	0
MIR3680-1	NA	0	174	0
MIR3680-2	NA	0	174	0
MIR3681	NA	0	72	0
MIR3682	NA	5	84	2.59665
MIR3683	NA	0	82	0
MIR3684	NA	0	74	0
MIR3685	NA	1	62	0.703609
MIR3686	NA	0	86	0
MIR3687-1	NA	85	61	60.7872
MIR3687-2	NA	85	61	60.7872
MIR3688-1	NA	0	93	0
MIR3688-2	NA	0	87	0
MIR3689A	NA	0	78	0
MIR3689B	NA	0	148	0
MIR3689C	NA	0	72	0
MIR3689D1	NA	0	74	0
MIR3689D2	NA	0	80	0
MIR3689E	NA	0	72	0
MIR3689F	NA	0	66	0
MIR369	NA	0	70	0
MIR3690	NA	0	150	0
MIR3691	NA	0	90	0
MIR3692	NA	0	69	0
MIR370	NA	0	75	0
MIR3713	NA	0	45	0
MIR3714	NA	0	65	0
MIR371A	NA	0	67	0
MIR371B	NA	0	66	0
MIR372	NA	0	67	0
MIR373	NA	0	69	0
MIR374A	NA	0	72	0
MIR374B	NA	0	72	0
MIR374C	NA	0	70	0
MIR375	NA	0	64	0
MIR376A1	NA	0	68	0
MIR376A2	NA	0	80	0
MIR376B	NA	0	100	0
MIR376C	NA	0	66	0
MIR377	NA	0	69	0
MIR378A	NA	0	66	0
MIR378B	NA	0	57	0
MIR378C	NA	0	81	0
MIR378D1	NA	0	54	0
MIR378D2	NA	0	98	0
MIR378E	NA	0	79	0
MIR378F	NA	0	78	0
MIR378G	NA	0	41	0
MIR378H	NA	0	83	0
MIR378I	NA	0	76	0
MIR378J	NA	1	109	0.400218
MIR379	NA	0	67	0
MIR380	NA	0	61	0
MIR381	NA	0	75	0
MIR381HG	NA	0	425	0
MIR382	NA	0	76	0
MIR383	NA	0	73	0
MIR384	NA	0	88	0
MIR3907	NA	0	151	0
MIR3908	NA	0	126	0
MIR3909	NA	0	119	0
MIR3910-1	NA	0	111	0
MIR3910-2	NA	0	79	0
MIR3911	NA	2	109	0.800436
MIR3912	NA	0	105	0
MIR3913-1	NA	0	102	0
MIR3913-2	NA	0	100	0
MIR3914-1	NA	0	99	0
MIR3914-2	NA	0	95	0
MIR3915	NA	0	97	0
MIR3916	NA	2	94	0.928165
MIR3917	NA	0	93	0
MIR3918	NA	1	93	0.469073
MIR3919	NA	0	89	0
MIR3920	NA	0	86	0
MIR3921	NA	0	85	0
MIR3922	NA	0	84	0
MIR3923	NA	0	83	0
MIR3924	NA	0	81	0
MIR3925	NA	0	77	0
MIR3926-1	NA	0	73	0
MIR3926-2	NA	0	63	0
MIR3927	NA	0	71	0
MIR3928	NA	0	58	0
MIR3929	NA	0	55	0
MIR3934	NA	2	107	0.815398
MIR3935	NA	0	104	0
MIR3936	NA	1	110	0.39658
MIR3937	NA	0	106	0
MIR3938	NA	0	103	0
MIR3939	NA	0	106	0
MIR3940	NA	340	102	145.413
MIR3941	NA	0	103	0
MIR3942	NA	2	109	0.800436
MIR3943	NA	0	100	0
MIR3944	NA	0	108	0
MIR3945	NA	0	98	0
MIR3960	NA	3	91	1.43815
MIR3972	NA	0	87	0
MIR3973	NA	0	107	0
MIR3974	NA	0	96	0
MIR3975	NA	0	70	0
MIR3976	NA	0	139	0
MIR3976HG	NA	0	1690	0
MIR3977	NA	1	70	0.623197
MIR3978	NA	0	101	0
MIR409	NA	0	79	0
MIR410	NA	0	80	0
MIR411	NA	0	96	0
MIR412	NA	0	91	0
MIR421	NA	2	85	1.02644
MIR422A	NA	0	90	0
MIR423	NA	1	94	0.464083
MIR424	NA	0	98	0
MIR425	NA	0	87	0
MIR4251	NA	0	61	0
MIR4252	NA	0	63	0
MIR4253	NA	1	68	0.641526
MIR4254	NA	0	76	0
MIR4255	NA	0	72	0
MIR4256	NA	0	64	0
MIR4257	NA	1	86	0.507253
MIR4258	NA	1	91	0.479382
MIR4259	NA	0	101	0
MIR4260	NA	0	67	0
MIR4261	NA	0	58	0
MIR4262	NA	0	54	0
MIR4263	NA	2	83	1.05118
MIR4264	NA	0	66	0
MIR4265	NA	0	99	0
MIR4266	NA	0	55	0
MIR4267	NA	0	82	0
MIR4268	NA	0	64	0
MIR4269	NA	0	84	0
MIR4270	NA	0	70	0
MIR4271	NA	3	67	1.9533
MIR4272	NA	0	64	0
MIR4273	NA	0	168	0
MIR4274	NA	0	91	0
MIR4275	NA	0	87	0
MIR4276	NA	0	70	0
MIR4277	NA	0	84	0
MIR4278	NA	0	69	0
MIR4279	NA	0	58	0
MIR4280	NA	0	76	0
MIR4281	NA	0	62	0
MIR4282	NA	0	67	0
MIR4283-1	NA	0	80	0
MIR4283-2	NA	0	80	0
MIR4284	NA	0	81	0
MIR4285	NA	0	85	0
MIR4286	NA	0	93	0
MIR4287	NA	0	78	0
MIR4288	NA	0	67	0
MIR4289	NA	0	70	0
MIR429	NA	0	83	0
MIR4290	NA	0	95	0
MIR4291	NA	0	65	0
MIR4292	NA	7	67	4.55771
MIR4293	NA	0	78	0
MIR4294	NA	0	76	0
MIR4295	NA	0	85	0
MIR4296	NA	0	88	0
MIR4297	NA	0	76	0
MIR4298	NA	0	73	0
MIR4299	NA	0	72	0
MIR4300	NA	0	96	0
MIR4301	NA	0	66	0
MIR4302	NA	0	60	0
MIR4303	NA	0	66	0
MIR4304	NA	0	62	0
MIR4305	NA	0	102	0
MIR4306	NA	0	91	0
MIR4307	NA	0	84	0
MIR4308	NA	0	81	0
MIR4309	NA	0	83	0
MIR431	NA	0	114	0
MIR4310	NA	0	57	0
MIR4311	NA	3	100	1.30871
MIR4312	NA	0	76	0
MIR4313	NA	0	101	0
MIR4314	NA	0	92	0
MIR4315-1	NA	13	219	2.58954
MIR4315-2	NA	13	219	2.58954
MIR4316	NA	0	71	0
MIR4317	NA	0	65	0
MIR4318	NA	0	81	0
MIR4319	NA	0	85	0
MIR432	NA	0	94	0
MIR4320	NA	0	65	0
MIR4321	NA	12	80	6.54357
MIR4322	NA	0	73	0
MIR4323	NA	0	69	0
MIR4324	NA	1	72	0.605886
MIR4325	NA	0	90	0
MIR4326	NA	0	59	0
MIR4327	NA	0	85	0
MIR4328	NA	0	56	0
MIR4329	NA	0	71	0
MIR433	NA	0	93	0
MIR4330	NA	0	105	0
MIR4417	NA	0	73	0
MIR4418	NA	0	62	0
MIR4419A	NA	0	77	0
MIR4419B	NA	0	68	0
MIR4420	NA	0	77	0
MIR4421	NA	0	69	0
MIR4422	NA	0	83	0
MIR4423	NA	0	80	0
MIR4424	NA	0	86	0
MIR4425	NA	0	84	0
MIR4426	NA	2577	183	614.309
MIR4427	NA	0	68	0
MIR4428	NA	0	73	0
MIR4429	NA	0	73	0
MIR4430	NA	0	49	0
MIR4431	NA	0	94	0
MIR4432	NA	0	84	0
MIR4433A	NA	0	81	0
MIR4433B	NA	0	102	0
MIR4434	NA	0	53	0
MIR4435-1	NA	0	80	0
MIR4435-2	NA	0	74	0
MIR4435-2HG	NA	751	1105	29.6484
MIR4436A	NA	0	85	0
MIR4436B1	NA	0	91	0
MIR4436B2	NA	0	91	0
MIR4437	NA	0	60	0
MIR4438	NA	0	93	0
MIR4439	NA	0	80	0
MIR4440	NA	0	98	0
MIR4441	NA	0	100	0
MIR4442	NA	0	67	0
MIR4443	NA	0	53	0
MIR4444-1	NA	4	146	1.19517
MIR4444-2	NA	4	146	1.19517
MIR4445	NA	0	70	0
MIR4446	NA	0	67	0
MIR4447	NA	0	91	0
MIR4449	NA	1	66	0.660966
MIR4450	NA	0	65	0
MIR4451	NA	0	66	0
MIR4452	NA	0	71	0
MIR4453	NA	1	89	0.490155
MIR4454	NA	0	263	0
MIR4455	NA	0	58	0
MIR4456	NA	0	43	0
MIR4457	NA	0	68	0
MIR4458	NA	3	75	1.74495
MIR4458HG	NA	284	3244	3.8191
MIR4459	NA	0	129	0
MIR4460	NA	0	86	0
MIR4461	NA	2	74	1.17902
MIR4462	NA	0	58	0
MIR4463	NA	0	67	0
MIR4464	NA	0	92	0
MIR4465	NA	0	70	0
MIR4466	NA	0	54	0
MIR4467	NA	0	63	0
MIR4468	NA	0	64	0
MIR4469	NA	0	79	0
MIR4470	NA	0	72	0
MIR4471	NA	0	83	0
MIR4472-1	NA	0	80	0
MIR4472-2	NA	0	67	0
MIR4473	NA	0	91	0
MIR4474	NA	0	78	0
MIR4475	NA	0	61	0
MIR4476	NA	0	70	0
MIR4477A	NA	1	81	0.538565
MIR4477B	NA	1	81	0.538565
MIR4478	NA	0	86	0
MIR4479	NA	0	71	0
MIR448	NA	0	111	0
MIR4480	NA	0	71	0
MIR4481	NA	0	60	0
MIR4482	NA	1	70	0.623197
MIR4483	NA	0	62	0
MIR4484	NA	0	83	0
MIR4485	NA	9	57	6.88796
MIR4486	NA	0	63	0
MIR4487	NA	0	73	0
MIR4488	NA	0	62	0
MIR4489	NA	0	62	0
MIR4490	NA	0	84	0
MIR4491	NA	0	66	0
MIR4492	NA	0	80	0
MIR4493	NA	0	73	0
MIR4494	NA	0	84	0
MIR4495	NA	0	66	0
MIR4496	NA	0	61	0
MIR4497	NA	0	89	0
MIR4498	NA	0	66	0
MIR4499	NA	0	69	0
MIR449A	NA	0	91	0
MIR449B	NA	0	97	0
MIR449C	NA	0	92	0
MIR4500	NA	0	76	0
MIR4500HG	NA	0	1675	0
MIR4501	NA	0	64	0
MIR4502	NA	1	81	0.538565
MIR4503	NA	0	83	0
MIR4504	NA	0	92	0
MIR4505	NA	0	73	0
MIR4506	NA	0	77	0
MIR4507	NA	0	52	0
MIR4508	NA	0	70	0
MIR4509-1	NA	0	188	0
MIR4509-2	NA	0	188	0
MIR4509-3	NA	0	188	0
MIR450A1	NA	0	91	0
MIR450A2	NA	0	100	0
MIR450B	NA	0	78	0
MIR4510	NA	0	68	0
MIR4511	NA	0	87	0
MIR4512	NA	0	77	0
MIR4513	NA	0	86	0
MIR4514	NA	0	57	0
MIR4515	NA	0	81	0
MIR4516	NA	0	86	0
MIR4517	NA	5	79	2.761
MIR4518	NA	0	83	0
MIR4519	NA	0	58	0
MIR451A	NA	0	72	0
MIR451B	NA	0	68	0
MIR452	NA	0	85	0
MIR4520-1	NA	0	70	0
MIR4520-2	NA	0	54	0
MIR4521	NA	0	60	0
MIR4522	NA	0	87	0
MIR4523	NA	0	69	0
MIR4524A	NA	0	69	0
MIR4524B	NA	0	115	0
MIR4525	NA	0	75	0
MIR4526	NA	0	87	0
MIR4527	NA	0	70	0
MIR4528	NA	0	90	0
MIR4529	NA	0	78	0
MIR4530	NA	0	56	0
MIR4531	NA	0	47	0
MIR4532	NA	0	51	0
MIR4533	NA	0	71	0
MIR4534	NA	0	60	0
MIR4535	NA	0	59	0
MIR4536-1	NA	0	88	0
MIR4536-2	NA	0	88	0
MIR4537	NA	0	138	0
MIR4538	NA	0	113	0
MIR4539	NA	0	42	0
MIR454	NA	0	115	0
MIR4540	NA	0	55	0
MIR455	NA	0	96	0
MIR4632	NA	0	61	0
MIR4633	NA	0	79	0
MIR4634	NA	0	54	0
MIR4635	NA	0	79	0
MIR4636	NA	0	80	0
MIR4637	NA	0	84	0
MIR4638	NA	0	68	0
MIR4639	NA	0	69	0
MIR4640	NA	1	540	0.0807848
MIR4641	NA	0	66	0
MIR4642	NA	0	82	0
MIR4643	NA	0	78	0
MIR4644	NA	0	84	0
MIR4645	NA	0	77	0
MIR4646	NA	5	441	0.494601
MIR4647	NA	30	80	16.3589
MIR4648	NA	0	72	0
MIR4649	NA	1	64	0.681621
MIR4650-1	NA	0	76	0
MIR4650-2	NA	0	76	0
MIR4651	NA	1	73	0.597586
MIR4652	NA	0	78	0
MIR4653	NA	2	83	1.05118
MIR4654	NA	0	76	0
MIR4655	NA	0	74	0
MIR4656	NA	0	75	0
MIR4657	NA	2	53	1.64618
MIR4658	NA	34	65	22.8186
MIR4659A	NA	0	81	0
MIR4659B	NA	0	73	0
MIR466	NA	0	84	0
MIR4660	NA	0	74	0
MIR4661	NA	0	74	0
MIR4662A	NA	0	67	0
MIR4662B	NA	0	81	0
MIR4663	NA	0	76	0
MIR4664	NA	1	71	0.614419
MIR4665	NA	0	79	0
MIR4666A	NA	0	79	0
MIR4666B	NA	0	81	0
MIR4667	NA	0	66	0
MIR4668	NA	1	70	0.623197
MIR4669	NA	0	62	0
MIR4670	NA	0	75	0
MIR4671	NA	0	73	0
MIR4672	NA	0	81	0
MIR4673	NA	0	59	0
MIR4674	NA	0	87	0
MIR4675	NA	0	77	0
MIR4676	NA	0	72	0
MIR4677	NA	0	80	0
MIR4678	NA	0	74	0
MIR4679-1	NA	0	75	0
MIR4679-2	NA	0	77	0
MIR4680	NA	20	66	13.2193
MIR4681	NA	0	72	0
MIR4682	NA	0	80	0
MIR4683	NA	0	81	0
MIR4684	NA	0	82	0
MIR4685	NA	1	69	0.632229
MIR4686	NA	0	76	0
MIR4687	NA	9	80	4.90767
MIR4688	NA	25	83	13.1397
MIR4689	NA	0	70	0
MIR4690	NA	25	60	18.1766
MIR4691	NA	2	85	1.02644
MIR4692	NA	0	63	0
MIR4693	NA	0	75	0
MIR4694	NA	0	80	0
MIR4695	NA	0	74	0
MIR4696	NA	0	70	0
MIR4697	NA	8	78	4.47423
MIR4697HG	NA	249	5306	2.04718
MIR4698	NA	0	80	0
MIR4699	NA	0	74	0
MIR4700	NA	25	74	14.7378
MIR4701	NA	0	63	0
MIR4703	NA	0	79	0
MIR4704	NA	0	75	0
MIR4705	NA	0	71	0
MIR4706	NA	0	82	0
MIR4707	NA	13	80	7.08886
MIR4708	NA	0	66	0
MIR4709	NA	306	72	185.401
MIR4710	NA	0	56	0
MIR4711	NA	0	70	0
MIR4712	NA	6	82	3.19198
MIR4713	NA	0	75	0
MIR4714	NA	0	77	0
MIR4715	NA	0	79	0
MIR4716	NA	0	84	0
MIR4717	NA	0	72	0
MIR4718	NA	0	51	0
MIR4719	NA	0	84	0
MIR4720	NA	1	76	0.573997
MIR4721	NA	197	89	96.5605
MIR4722	NA	0	60	0
MIR4723	NA	1	81	0.538565
MIR4724	NA	2	89	0.980309
MIR4725	NA	0	90	0
MIR4726	NA	0	58	0
MIR4727	NA	0	55	0
MIR4728	NA	3	67	1.9533
MIR4729	NA	0	72	0
MIR4730	NA	0	76	0
MIR4731	NA	0	70	0
MIR4732	NA	0	76	0
MIR4733	NA	0	76	0
MIR4734	NA	1	70	0.623197
MIR4735	NA	0	69	0
MIR4736	NA	0	47	0
MIR4737	NA	3	81	1.6157
MIR4738	NA	0	87	0
MIR4739	NA	0	74	0
MIR4740	NA	0	63	0
MIR4741	NA	0	90	0
MIR4742	NA	0	85	0
MIR4743	NA	0	69	0
MIR4744	NA	0	82	0
MIR4745	NA	75	62	52.7707
MIR4746	NA	2	71	1.22884
MIR4747	NA	0	54	0
MIR4748	NA	0	82	0
MIR4749	NA	49	61	35.042
MIR4750	NA	5	56	3.89498
MIR4751	NA	165	74	97.2692
MIR4752	NA	0	72	0
MIR4753	NA	0	83	0
MIR4754	NA	0	89	0
MIR4755	NA	0	72	0
MIR4756	NA	0	78	0
MIR4757	NA	0	77	0
MIR4758	NA	0	71	0
MIR4759	NA	0	83	0
MIR4760	NA	0	80	0
MIR4761	NA	81	82	43.0918
MIR4762	NA	0	75	0
MIR4763	NA	0	92	0
MIR4764	NA	0	88	0
MIR4765	NA	0	77	0
MIR4766	NA	0	76	0
MIR4767	NA	0	78	0
MIR4768	NA	0	74	0
MIR4769	NA	0	77	0
MIR4770	NA	0	58	0
MIR4771-1	NA	1	74	0.58951
MIR4771-2	NA	1	74	0.58951
MIR4772	NA	0	78	0
MIR4773-1	NA	0	78	0
MIR4773-2	NA	0	78	0
MIR4774	NA	0	76	0
MIR4775	NA	10	75	5.8165
MIR4776-1	NA	0	80	0
MIR4776-2	NA	0	80	0
MIR4777	NA	1	86	0.507253
MIR4778	NA	0	80	0
MIR4779	NA	0	83	0
MIR4780	NA	0	81	0
MIR4781	NA	0	76	0
MIR4782	NA	0	79	0
MIR4783	NA	0	82	0
MIR4784	NA	1	77	0.566543
MIR4785	NA	0	73	0
MIR4786	NA	0	80	0
MIR4787	NA	1	84	0.519331
MIR4788	NA	0	80	0
MIR4789	NA	0	82	0
MIR4790	NA	0	79	0
MIR4791	NA	0	84	0
MIR4792	NA	0	74	0
MIR4793	NA	5	87	2.50711
MIR4794	NA	0	75	0
MIR4795	NA	0	89	0
MIR4796	NA	0	81	0
MIR4797	NA	0	71	0
MIR4798	NA	0	75	0
MIR4799	NA	0	74	0
MIR4800	NA	5	80	2.72649
MIR4801	NA	0	82	0
MIR4802	NA	0	80	0
MIR4803	NA	0	74	0
MIR4804	NA	0	73	0
MIR483	NA	0	76	0
MIR484	NA	0	79	0
MIR485	NA	0	73	0
MIR486-1	NA	0	68	0
MIR486-2	NA	0	64	0
MIR487A	NA	0	80	0
MIR487B	NA	0	84	0
MIR488	NA	0	83	0
MIR489	NA	0	84	0
MIR490	NA	0	128	0
MIR491	NA	0	84	0
MIR492	NA	0	116	0
MIR493	NA	0	89	0
MIR494	NA	0	81	0
MIR495	NA	0	82	0
MIR496	NA	0	102	0
MIR497	NA	0	112	0
MIR497HG	NA	231	794	12.6916
MIR498	NA	0	124	0
MIR4999	NA	1	91	0.479382
MIR499A	NA	0	122	0
MIR499B	NA	0	73	0
MIR5000	NA	0	103	0
MIR5001	NA	0	100	0
MIR5002	NA	0	97	0
MIR5003	NA	0	27	0
MIR5004	NA	1	214	0.203849
MIR5006	NA	1	110	0.39658
MIR5007	NA	0	95	0
MIR5008	NA	0	94	0
MIR5009	NA	0	66	0
MIR500A	NA	0	84	0
MIR500B	NA	0	79	0
MIR501	NA	0	84	0
MIR5010	NA	11	120	3.99885
MIR5011	NA	0	103	0
MIR502	NA	0	86	0
MIR503	NA	0	71	0
MIR503HG	NA	25	786	1.38752
MIR504	NA	0	83	0
MIR5047	NA	78	100	34.0265
MIR505	NA	0	84	0
MIR506	NA	0	124	0
MIR507	NA	0	94	0
MIR508	NA	0	115	0
MIR5087	NA	0	76	0
MIR5088	NA	155	79	85.5909
MIR5089	NA	0	84	0
MIR509-1	NA	0	185	0
MIR509-2	NA	0	182	0
MIR509-3	NA	0	227	0
MIR5090	NA	0	85	0
MIR5091	NA	0	93	0
MIR5092	NA	0	88	0
MIR5093	NA	1	100	0.436238
MIR5094	NA	0	85	0
MIR5095	NA	0	173	0
MIR5096	NA	2	206	0.423532
MIR510	NA	0	74	0
MIR5100	NA	0	119	0
MIR511	NA	0	174	0
MIR512-1	NA	0	168	0
MIR512-2	NA	0	196	0
MIR513A1	NA	0	129	0
MIR513A2	NA	0	127	0
MIR513B	NA	0	84	0
MIR513C	NA	0	84	0
MIR514A1	NA	0	98	0
MIR514A2	NA	0	176	0
MIR514A3	NA	0	176	0
MIR514B	NA	0	80	0
MIR515-1	NA	0	166	0
MIR515-2	NA	0	166	0
MIR516A1	NA	0	90	0
MIR516A2	NA	0	90	0
MIR516B1	NA	0	90	0
MIR516B2	NA	0	85	0
MIR517A	NA	0	87	0
MIR517B	NA	0	67	0
MIR517C	NA	0	95	0
MIR5186	NA	0	120	0
MIR5187	NA	0	76	0
MIR5188	NA	0	113	0
MIR5189	NA	0	114	0
MIR518A1	NA	0	85	0
MIR518A2	NA	0	87	0
MIR518B	NA	0	83	0
MIR518C	NA	0	101	0
MIR518D	NA	0	87	0
MIR518E	NA	0	88	0
MIR518F	NA	0	87	0
MIR5190	NA	0	80	0
MIR5191	NA	0	120	0
MIR5192	NA	0	92	0
MIR5193	NA	0	109	0
MIR5194	NA	0	120	0
MIR5195	NA	0	115	0
MIR5196	NA	0	115	0
MIR5197	NA	0	112	0
MIR519A1	NA	0	85	0
MIR519A2	NA	0	87	0
MIR519B	NA	0	81	0
MIR519C	NA	0	87	0
MIR519D	NA	0	88	0
MIR519E	NA	0	84	0
MIR520A	NA	0	85	0
MIR520B	NA	0	61	0
MIR520C	NA	0	87	0
MIR520D	NA	0	87	0
MIR520E	NA	0	87	0
MIR520F	NA	0	87	0
MIR520G	NA	0	90	0
MIR520H	NA	0	88	0
MIR521-1	NA	0	87	0
MIR521-2	NA	0	87	0
MIR522	NA	0	87	0
MIR523	NA	0	87	0
MIR524	NA	0	87	0
MIR525	NA	0	85	0
MIR526A1	NA	0	85	0
MIR526A2	NA	0	65	0
MIR526B	NA	0	83	0
MIR527	NA	0	85	0
MIR532	NA	0	91	0
MIR539	NA	0	78	0
MIR541	NA	0	84	0
MIR542	NA	0	97	0
MIR543	NA	0	78	0
MIR544A	NA	0	91	0
MIR544B	NA	0	78	0
MIR545	NA	0	106	0
MIR548A1	NA	0	97	0
MIR548A2	NA	0	84	0
MIR548A3	NA	0	83	0
MIR548AA1	NA	7	44	6.94015
MIR548AA2	NA	0	84	0
MIR548AB	NA	0	84	0
MIR548AC	NA	0	85	0
MIR548AD	NA	0	30	0
MIR548AE1	NA	0	70	0
MIR548AE2	NA	0	67	0
MIR548AG1	NA	0	66	0
MIR548AG2	NA	0	64	0
MIR548AH	NA	0	76	0
MIR548AI	NA	0	84	0
MIR548AJ1	NA	0	72	0
MIR548AJ2	NA	0	51	0
MIR548AK	NA	0	57	0
MIR548AL	NA	0	60	0
MIR548AM	NA	0	74	0
MIR548AN	NA	0	81	0
MIR548AO	NA	0	39	0
MIR548AP	NA	0	67	0
MIR548AQ	NA	0	115	0
MIR548AR	NA	0	57	0
MIR548AS	NA	0	20	0
MIR548AT	NA	0	58	0
MIR548AU	NA	0	107	0
MIR548AV	NA	0	28	0
MIR548AW	NA	0	65	0
MIR548AX	NA	0	45	0
MIR548AY	NA	0	50	0
MIR548AZ	NA	0	85	0
MIR548B	NA	0	97	0
MIR548BA	NA	0	56	0
MIR548BB	NA	0	66	0
MIR548C	NA	0	97	0
MIR548D1	NA	7	44	6.94015
MIR548D2	NA	0	83	0
MIR548F1	NA	0	82	0
MIR548F2	NA	0	98	0
MIR548F3	NA	0	173	0
MIR548F4	NA	0	105	0
MIR548F5	NA	0	73	0
MIR548G	NA	0	83	0
MIR548H1	NA	0	102	0
MIR548H2	NA	0	84	0
MIR548H3	NA	0	162	0
MIR548H4	NA	0	83	0
MIR548H5	NA	0	60	0
MIR548I1	NA	0	149	0
MIR548I2	NA	0	149	0
MIR548I3	NA	0	149	0
MIR548I4	NA	0	61	0
MIR548J	NA	0	112	0
MIR548K	NA	0	116	0
MIR548L	NA	0	86	0
MIR548M	NA	0	35	0
MIR548N	NA	0	79	0
MIR548O	NA	0	114	0
MIR548O2	NA	0	63	0
MIR548P	NA	0	84	0
MIR548Q	NA	0	81	0
MIR548S	NA	0	82	0
MIR548T	NA	0	53	0
MIR548U	NA	0	81	0
MIR548V	NA	0	80	0
MIR548W	NA	0	72	0
MIR548X	NA	0	30	0
MIR548X2	NA	0	100	0
MIR548Y	NA	0	110	0
MIR548Z	NA	0	97	0
MIR549A	NA	0	96	0
MIR550A1	NA	1	97	0.44973
MIR550A2	NA	1	97	0.44973
MIR550A3	NA	0	95	0
MIR550B1	NA	1	97	0.44973
MIR550B2	NA	1	97	0.44973
MIR551A	NA	0	95	0
MIR551B	NA	0	96	0
MIR552	NA	0	96	0
MIR553	NA	0	68	0
MIR554	NA	0	96	0
MIR555	NA	3	96	1.36324
MIR556	NA	0	95	0
MIR557	NA	0	98	0
MIR5571	NA	0	113	0
MIR5572	NA	0	137	0
MIR5579	NA	0	58	0
MIR558	NA	0	94	0
MIR5580	NA	0	58	0
MIR5581	NA	1	60	0.727063
MIR5582	NA	0	68	0
MIR5583-1	NA	0	59	0
MIR5583-2	NA	0	59	0
MIR5584	NA	0	60	0
MIR5585	NA	0	59	0
MIR5586	NA	1	22	1.9829
MIR5587	NA	0	53	0
MIR5588	NA	0	63	0
MIR5589	NA	0	60	0
MIR559	NA	0	96	0
MIR5590	NA	0	54	0
MIR5591	NA	0	65	0
MIR561	NA	3	97	1.34919
MIR563	NA	0	79	0
MIR564	NA	0	94	0
MIR566	NA	0	94	0
MIR567	NA	0	98	0
MIR568	NA	0	95	0
MIR5680	NA	0	84	0
MIR5681A	NA	0	75	0
MIR5681B	NA	0	60	0
MIR5682	NA	0	76	0
MIR5683	NA	0	76	0
MIR5684	NA	0	63	0
MIR5685	NA	0	79	0
MIR5687	NA	0	77	0
MIR5688	NA	0	83	0
MIR5689	NA	0	78	0
MIR569	NA	0	96	0
MIR5690	NA	0	73	0
MIR5691	NA	0	68	0
MIR5692A1	NA	0	138	0
MIR5692A2	NA	0	118	0
MIR5692B	NA	0	33	0
MIR5692C1	NA	0	23	0
MIR5692C2	NA	0	21	0
MIR5693	NA	0	73	0
MIR5694	NA	0	62	0
MIR5695	NA	0	69	0
MIR5696	NA	0	85	0
MIR5697	NA	0	78	0
MIR5698	NA	0	23	0
MIR5699	NA	0	90	0
MIR570	NA	9	97	4.04757
MIR5700	NA	0	71	0
MIR5701-1	NA	0	164	0
MIR5701-2	NA	0	164	0
MIR5701-3	NA	0	164	0
MIR5702	NA	0	84	0
MIR5703	NA	0	56	0
MIR5704	NA	0	77	0
MIR5705	NA	0	89	0
MIR5706	NA	0	80	0
MIR5707	NA	0	81	0
MIR5708	NA	0	85	0
MIR571	NA	0	96	0
MIR572	NA	0	95	0
MIR573	NA	0	99	0
MIR5739	NA	0	80	0
MIR574	NA	0	96	0
MIR575	NA	0	94	0
MIR577	NA	0	96	0
MIR578	NA	0	96	0
MIR5787	NA	0	55	0
MIR579	NA	0	98	0
MIR580	NA	0	97	0
MIR581	NA	0	96	0
MIR583	NA	0	75	0
MIR585	NA	0	94	0
MIR586	NA	0	97	0
MIR587	NA	0	96	0
MIR588	NA	0	83	0
MIR589	NA	8	99	3.52515
MIR590	NA	1	97	0.44973
MIR591	NA	0	95	0
MIR592	NA	0	97	0
MIR593	NA	0	100	0
MIR595	NA	0	96	0
MIR596	NA	0	77	0
MIR597	NA	0	97	0
MIR598	NA	0	97	0
MIR599	NA	0	95	0
MIR600	NA	1	98	0.445141
MIR600HG	NA	188	5984	1.37053
MIR601	NA	0	79	0
MIR602	NA	0	98	0
MIR603	NA	0	97	0
MIR604	NA	1	94	0.464083
MIR605	NA	0	83	0
MIR606	NA	0	96	0
MIR6068	NA	0	60	0
MIR6069	NA	0	79	0
MIR607	NA	0	96	0
MIR6070	NA	0	103	0
MIR6071	NA	0	78	0
MIR6072	NA	0	71	0
MIR6073	NA	0	89	0
MIR6074	NA	0	107	0
MIR6075	NA	2	95	0.918395
MIR6076	NA	0	113	0
MIR6077	NA	0	164	0
MIR6078	NA	0	100	0
MIR6079	NA	0	62	0
MIR608	NA	0	100	0
MIR6080	NA	4	66	2.64387
MIR6081	NA	0	97	0
MIR6082	NA	0	109	0
MIR6083	NA	0	106	0
MIR6084	NA	19	110	7.53502
MIR6085	NA	0	110	0
MIR6086	NA	0	55	0
MIR6087	NA	408	49	363.235
MIR6088	NA	0	51	0
MIR6089	NA	0	128	0
MIR609	NA	0	95	0
MIR6090	NA	0	60	0
MIR610	NA	1	96	0.454414
MIR611	NA	0	67	0
MIR612	NA	6	100	2.61743
MIR6124	NA	0	85	0
MIR6125	NA	0	96	0
MIR6126	NA	1	89	0.490155
MIR6127	NA	0	109	0
MIR6128	NA	0	109	0
MIR6129	NA	0	109	0
MIR613	NA	0	95	0
MIR6130	NA	0	106	0
MIR6131	NA	0	109	0
MIR6132	NA	0	109	0
MIR6133	NA	0	108	0
MIR6134	NA	0	109	0
MIR614	NA	8	90	3.87767
MIR615	NA	0	96	0
MIR616	NA	0	95	0
MIR6165	NA	0	84	0
MIR617	NA	0	97	0
MIR618	NA	0	98	0
MIR619	NA	0	99	0
MIR620	NA	0	95	0
MIR621	NA	24	96	10.9059
MIR622	NA	1099	96	499.401
MIR623	NA	0	98	0
MIR624	NA	0	97	0
MIR625	NA	0	85	0
MIR626	NA	0	94	0
MIR627	NA	0	97	0
MIR628	NA	0	95	0
MIR629	NA	0	97	0
MIR630	NA	1	97	0.44973
MIR631	NA	5	75	2.90825
MIR632	NA	3	94	1.39225
MIR633	NA	0	98	0
MIR634	NA	0	97	0
MIR635	NA	0	98	0
MIR636	NA	10	99	4.40644
MIR637	NA	14	99	6.16902
MIR638	NA	15	100	6.54357
MIR639	NA	1	98	0.445141
MIR640	NA	0	96	0
MIR641	NA	2	99	0.881288
MIR642A	NA	0	97	0
MIR642B	NA	0	77	0
MIR643	NA	0	94	0
MIR644A	NA	0	94	0
MIR645	NA	0	94	0
MIR646	NA	0	94	0
MIR646HG	NA	0	2043	0
MIR647	NA	8	96	3.63531
MIR648	NA	0	94	0
MIR649	NA	0	97	0
MIR6499	NA	0	62	0
MIR650	NA	0	96	0
MIR6500	NA	0	86	0
MIR6501	NA	11	67	7.16211
MIR6502	NA	0	76	0
MIR6503	NA	0	29	0
MIR6504	NA	0	61	0
MIR6505	NA	0	71	0
MIR6506	NA	1	66	0.660966
MIR6507	NA	0	70	0
MIR6508	NA	0	60	0
MIR6509	NA	0	84	0
MIR651	NA	0	97	0
MIR6510	NA	0	54	0
MIR6511A1	NA	18	201	3.90661
MIR6511A2	NA	18	201	3.90661
MIR6511A3	NA	18	201	3.90661
MIR6511A4	NA	18	201	3.90661
MIR6511B1	NA	1	170	0.25661
MIR6511B2	NA	0	142	0
MIR6512	NA	0	77	0
MIR6513	NA	0	64	0
MIR6514	NA	1	70	0.623197
MIR6515	NA	274	57	209.7
MIR6516	NA	6	81	3.23139
MIR652	NA	0	98	0
MIR653	NA	0	96	0
MIR654	NA	0	81	0
MIR655	NA	0	97	0
MIR656	NA	0	78	0
MIR657	NA	0	98	0
MIR658	NA	1	100	0.436238
MIR659	NA	1	97	0.44973
MIR660	NA	0	97	0
MIR661	NA	0	89	0
MIR662	NA	0	95	0
MIR663A	NA	7	93	3.28351
MIR663AHG	NA	1	1213	0.0359635
MIR663B	NA	0	115	0
MIR664A	NA	0	78	0
MIR664B	NA	0	61	0
MIR665	NA	0	72	0
MIR668	NA	0	66	0
MIR670	NA	0	98	0
MIR670HG	NA	0	902	0
MIR671	NA	46	118	17.0059
MIR6715A	NA	0	79	0
MIR6715B	NA	0	77	0
MIR6716	NA	0	80	0
MIR6717	NA	0	73	0
MIR6718	NA	1	80	0.545297
MIR6719	NA	0	87	0
MIR6720	NA	0	98	0
MIR6721	NA	0	609	0
MIR6722	NA	0	78	0
MIR6723	NA	2934	89	1438.11
MIR6724-1	NA	8	184	1.89669
MIR6724-2	NA	8	184	1.89669
MIR6724-3	NA	8	184	1.89669
MIR6724-4	NA	8	184	1.89669
MIR6726	NA	0	61	0
MIR6727	NA	3	65	2.0134
MIR6728	NA	2	89	0.980309
MIR6729	NA	51	65	34.2279
MIR6730	NA	0	88	0
MIR6731	NA	0	72	0
MIR6732	NA	0	60	0
MIR6733	NA	4	61	2.86058
MIR6734	NA	1	68	0.641526
MIR6735	NA	1	73	0.597586
MIR6736	NA	0	59	0
MIR6737	NA	0	70	0
MIR6738	NA	0	64	0
MIR6739	NA	0	75	0
MIR6740	NA	0	113	0
MIR6741	NA	1	63	0.692441
MIR6742	NA	0	62	0
MIR6743	NA	34	71	20.8903
MIR6744	NA	0	66	0
MIR6745	NA	0	127	0
MIR6746	NA	1	63	0.692441
MIR6747	NA	23	61	16.4483
MIR6748	NA	4	71	2.45768
MIR6749	NA	0	69	0
MIR675	NA	5	73	2.98793
MIR6750	NA	0	75	0
MIR6751	NA	1	63	0.692441
MIR6752	NA	55	71	33.7931
MIR6753	NA	0	164	0
MIR6754	NA	0	66	0
MIR6755	NA	0	66	0
MIR6756	NA	0	63	0
MIR6757	NA	0	69	0
MIR6758	NA	10	63	6.92441
MIR6759	NA	0	65	0
MIR676	NA	0	67	0
MIR6760	NA	0	68	0
MIR6761	NA	0	72	0
MIR6762	NA	0	86	0
MIR6763	NA	1	65	0.671135
MIR6764	NA	2	61	1.43029
MIR6765	NA	3	87	1.50427
MIR6766	NA	0	72	0
MIR6767	NA	0	66	0
MIR6768	NA	2	72	1.21177
MIR6769A	NA	0	73	0
MIR6769B	NA	0	62	0
MIR6770-1	NA	0	120	0
MIR6770-2	NA	0	120	0
MIR6770-3	NA	0	120	0
MIR6771	NA	0	60	0
MIR6772	NA	0	64	0
MIR6773	NA	0	74	0
MIR6774	NA	0	70	0
MIR6775	NA	0	69	0
MIR6776	NA	0	59	0
MIR6777	NA	6	66	3.9658
MIR6778	NA	1	73	0.597586
MIR6779	NA	0	64	0
MIR6780A	NA	0	68	0
MIR6780B	NA	0	79	0
MIR6781	NA	0	64	0
MIR6782	NA	4	69	2.52891
MIR6783	NA	0	64	0
MIR6784	NA	3	67	1.9533
MIR6785	NA	42	81	22.6197
MIR6786	NA	48	113	18.5305
MIR6787	NA	0	61	0
MIR6788	NA	0	66	0
MIR6789	NA	8	98	3.56112
MIR6790	NA	38	63	26.3128
MIR6791	NA	1	67	0.651101
MIR6792	NA	11	67	7.16211
MIR6793	NA	0	63	0
MIR6794	NA	17	68	10.9059
MIR6795	NA	0	68	0
MIR6796	NA	0	62	0
MIR6797	NA	7	72	4.2412
MIR6798	NA	219	67	142.591
MIR6799	NA	0	69	0
MIR6800	NA	37	82	19.6839
MIR6801	NA	0	79	0
MIR6802	NA	1	65	0.671135
MIR6803	NA	0	65	0
MIR6804	NA	1	68	0.641526
MIR6805	NA	6	62	4.22166
MIR6806	NA	1	64	0.681621
MIR6807	NA	1117	92	529.65
MIR6808	NA	1	59	0.739386
MIR6809	NA	0	116	0
MIR6810	NA	0	70	0
MIR6811	NA	0	58	0
MIR6812	NA	3	64	2.04486
MIR6813	NA	0	56	0
MIR6814	NA	0	70	0
MIR6815	NA	0	61	0
MIR6816	NA	0	66	0
MIR6817	NA	0	66	0
MIR6818	NA	0	65	0
MIR6819	NA	1	61	0.715144
MIR6820	NA	6	62	4.22166
MIR6821	NA	170	74	100.217
MIR6822	NA	0	61	0
MIR6823	NA	0	61	0
MIR6824	NA	4	63	2.76976
MIR6825	NA	0	66	0
MIR6826	NA	0	98	0
MIR6827	NA	0	59	0
MIR6828	NA	0	60	0
MIR6829	NA	0	67	0
MIR6830	NA	0	70	0
MIR6831	NA	5	81	2.69283
MIR6832	NA	30	504	2.59665
MIR6833	NA	23	427	2.34976
MIR6834	NA	390	405	42.0081
MIR6835	NA	7	64	4.77135
MIR6836	NA	0	63	0
MIR6837	NA	0	64	0
MIR6838	NA	0	56	0
MIR6839	NA	0	113	0
MIR6840	NA	5	71	3.0721
MIR6841	NA	0	72	0
MIR6842	NA	0	65	0
MIR6843	NA	0	151	0
MIR6844	NA	0	62	0
MIR6845	NA	5	61	3.57572
MIR6846	NA	0	60	0
MIR6847	NA	2	69	1.26446
MIR6848	NA	0	70	0
MIR6849	NA	0	69	0
MIR6850	NA	643	61	459.837
MIR6851	NA	0	67	0
MIR6852	NA	0	66	0
MIR6853	NA	11	74	6.48461
MIR6854	NA	0	69	0
MIR6855	NA	0	67	0
MIR6856	NA	0	67	0
MIR6857	NA	0	93	0
MIR6858	NA	209	67	136.08
MIR6859-1	NA	18	204	3.84916
MIR6859-2	NA	18	204	3.84916
MIR6859-3	NA	18	204	3.84916
MIR6859-4	NA	18	204	3.84916
MIR6860	NA	0	66	0
MIR6861	NA	0	64	0
MIR6862-1	NA	0	70	0
MIR6862-2	NA	0	70	0
MIR6863	NA	0	90	0
MIR6864	NA	1	70	0.623197
MIR6865	NA	0	65	0
MIR6866	NA	16	69	10.1157
MIR6867	NA	0	67	0
MIR6868	NA	0	58	0
MIR6869	NA	9	62	6.33248
MIR6870	NA	0	60	0
MIR6871	NA	1	56	0.778996
MIR6872	NA	0	62	0
MIR6873	NA	1	315	0.138488
MIR6874	NA	0	71	0
MIR6875	NA	32	72	19.3883
MIR6876	NA	0	73	0
MIR6877	NA	0	64	0
MIR6878	NA	0	66	0
MIR6879	NA	151	66	99.8059
MIR6880	NA	0	62	0
MIR6881	NA	0	76	0
MIR6882	NA	0	66	0
MIR6883	NA	0	78	0
MIR6884	NA	2	78	1.11856
MIR6885	NA	1	66	0.660966
MIR6886	NA	6	61	4.29086
MIR6887	NA	0	65	0
MIR6888	NA	0	67	0
MIR6889	NA	1	59	0.739386
MIR6890	NA	0	61	0
MIR6891	NA	2	561	0.155521
MIR6892	NA	233	115	88.3856
MIR6893	NA	1	69	0.632229
MIR6894	NA	3	57	2.29599
MIR6895	NA	1	78	0.559279
MIR7-1	NA	9	110	3.56922
MIR7-2	NA	0	110	0
MIR7-3	NA	0	110	0
MIR7-3HG	NA	1	768	0.0568018
MIR708	NA	0	88	0
MIR7106	NA	13	65	8.72475
MIR7107	NA	0	80	0
MIR7108	NA	6	87	3.00854
MIR7109	NA	3	65	2.0134
MIR711	NA	2	76	1.14799
MIR7110	NA	6	86	3.04352
MIR7111	NA	26	72	15.753
MIR7112	NA	6	130	2.0134
MIR7113	NA	1	59	0.739386
MIR7114	NA	2	61	1.43029
MIR7150	NA	0	94	0
MIR7151	NA	0	60	0
MIR7152	NA	0	54	0
MIR7153	NA	0	57	0
MIR7154	NA	0	73	0
MIR7155	NA	0	56	0
MIR7156	NA	0	60	0
MIR7157	NA	0	60	0
MIR7158	NA	0	71	0
MIR7159	NA	0	66	0
MIR7160	NA	0	52	0
MIR7161	NA	2	84	1.03866
MIR7162	NA	0	69	0
MIR718	NA	0	70	0
MIR744	NA	0	98	0
MIR7515	NA	0	67	0
MIR7515HG	NA	0	689	0
MIR758	NA	0	88	0
MIR759	NA	0	91	0
MIR760	NA	0	80	0
MIR761	NA	7	59	5.1757
MIR762	NA	79	83	41.5214
MIR762HG	NA	438	1575	12.1316
MIR764	NA	0	85	0
MIR7641-1	NA	0	61	0
MIR7641-2	NA	82	1359	2.63219
MIR765	NA	0	114	0
MIR766	NA	0	111	0
MIR767	NA	0	109	0
MIR769	NA	0	118	0
MIR770	NA	0	98	0
MIR7702	NA	0	59	0
MIR7703	NA	1	77	0.566543
MIR7704	NA	0	59	0
MIR7705	NA	149	57	114.034
MIR7706	NA	0	67	0
MIR7843	NA	0	79	0
MIR7844	NA	2	122	0.715144
MIR7845	NA	0	99	0
MIR7846	NA	0	96	0
MIR7847	NA	0	103	0
MIR7848	NA	0	101	0
MIR7849	NA	0	106	0
MIR7850	NA	0	79	0
MIR7851	NA	0	160	0
MIR7852	NA	0	82	0
MIR7853	NA	0	103	0
MIR7854	NA	0	65	0
MIR7855	NA	0	61	0
MIR7856	NA	0	56	0
MIR7973-1	NA	0	76	0
MIR7973-2	NA	0	76	0
MIR7974	NA	0	79	0
MIR7975	NA	1	68	0.641526
MIR7976	NA	0	66	0
MIR7977	NA	0	49	0
MIR7978	NA	0	59	0
MIR802	NA	0	94	0
MIR8052	NA	0	69	0
MIR8053	NA	0	73	0
MIR8054	NA	0	86	0
MIR8055	NA	8	97	3.59784
MIR8056	NA	0	82	0
MIR8057	NA	0	69	0
MIR8058	NA	0	89	0
MIR8059	NA	0	81	0
MIR8060	NA	0	76	0
MIR8061	NA	0	75	0
MIR8062	NA	0	85	0
MIR8063	NA	0	81	0
MIR8064	NA	0	90	0
MIR8065	NA	0	100	0
MIR8066	NA	0	78	0
MIR8067	NA	0	77	0
MIR8068	NA	0	68	0
MIR8069-1	NA	0	258	0
MIR8069-2	NA	0	258	0
MIR8070	NA	0	88	0
MIR8071-1	NA	0	130	0
MIR8071-2	NA	0	130	0
MIR8072	NA	1	80	0.545297
MIR8073	NA	0	72	0
MIR8074	NA	0	81	0
MIR8075	NA	12	80	6.54357
MIR8076	NA	0	83	0
MIR8077	NA	0	75	0
MIR8078	NA	0	84	0
MIR8079	NA	0	72	0
MIR8080	NA	0	89	0
MIR8081	NA	0	95	0
MIR8082	NA	0	81	0
MIR8083	NA	1	89	0.490155
MIR8084	NA	0	89	0
MIR8085	NA	0	65	0
MIR8086	NA	0	93	0
MIR8087	NA	0	78	0
MIR8088	NA	0	86	0
MIR8089	NA	1	82	0.531997
MIR8485	NA	0	91	0
MIR873	NA	0	77	0
MIR874	NA	0	78	0
MIR875	NA	0	76	0
MIR876	NA	0	81	0
MIR877	NA	86	602	6.23197
MIR885	NA	0	74	0
MIR887	NA	0	79	0
MIR888	NA	0	77	0
MIR889	NA	0	79	0
MIR890	NA	0	77	0
MIR891A	NA	0	79	0
MIR891B	NA	0	79	0
MIR892A	NA	0	75	0
MIR892B	NA	0	77	0
MIR892C	NA	0	77	0
MIR9-1	NA	0	89	0
MIR9-2	NA	0	87	0
MIR9-3	NA	0	90	0
MIR920	NA	0	75	0
MIR921	NA	0	56	0
MIR922	NA	7	81	3.76996
MIR924	NA	0	53	0
MIR92A1	NA	0	78	0
MIR92A2	NA	0	75	0
MIR92B	NA	0	96	0
MIR93	NA	0	80	0
MIR933	NA	0	77	0
MIR934	NA	0	83	0
MIR935	NA	15	91	7.19073
MIR936	NA	0	98	0
MIR937	NA	18	86	9.13056
MIR938	NA	0	83	0
MIR939	NA	2	82	1.06399
MIR940	NA	1	94	0.464083
MIR941-1	NA	0	144	0
MIR941-2	NA	0	216	0
MIR941-3	NA	0	216	0
MIR941-4	NA	0	216	0
MIR941-5	NA	0	216	0
MIR942	NA	0	86	0
MIR943	NA	13	94	6.03307
MIR944	NA	0	88	0
MIR95	NA	0	81	0
MIR9500	NA	0	65	0
MIR96	NA	0	77	0
MIR98	NA	0	119	0
MIR99A	NA	0	81	0
MIR99AHG	NA	25	3802	0.286848
MIR99B	NA	0	70	0
MIRLET7A1	NA	0	80	0
MIRLET7A2	NA	0	72	0
MIRLET7A3	NA	0	74	0
MIRLET7B	NA	0	83	0
MIRLET7BHG	NA	1	4717	0.0092482
MIRLET7C	NA	0	84	0
MIRLET7D	NA	5	87	2.50711
MIRLET7DHG	NA	42	1349	1.35819
MIRLET7E	NA	0	79	0
MIRLET7F1	NA	0	87	0
MIRLET7F2	NA	0	83	0
MIRLET7G	NA	0	84	0
MIRLET7I	NA	6	84	3.11598
MIS12	NA	663	2846	10.1625
MIS18A	NA	1151	1571	31.9611
MIS18BP1	NA	526	4777	4.80345
MISP	NA	140	2851	2.14217
MITD1	NA	1002	910	48.0341
MITF	NA	3784	6095	27.0832
MIXL1	NA	1	2030	0.0214895
MKI67	NA	3752	12495	13.0994
MKKS	NA	1277	3202	17.3977
MKL1	NA	1137	4694	10.5667
MKL2	NA	639	8816	3.16193
MKLN1	NA	1557	11417	5.94922
MKLN1-AS	NA	34	2046	0.724931
MKNK1	NA	496	2911	7.43298
MKNK1-AS1	NA	22	2445	0.392525
MKNK2	NA	4063	3785	46.8278
MKRN1	NA	1687	3782	19.4588
MKRN2	NA	989	2846	15.1595
MKRN2OS	NA	3	1084	0.12073
MKRN3	NA	3	2713	0.0482386
MKRN7P	NA	0	1633	0
MKRN9P	NA	42	1826	1.00339
MKS1	NA	615	2542	10.5541
MKX	NA	0	3639	0
MKX-AS1	NA	0	776	0
MLANA	NA	0	1524	0
MLC1	NA	13	4174	0.135867
MLEC	NA	4155	6496	27.9028
MLF1	NA	913	2638	15.098
MLF2	NA	11282	1923	255.935
MLH1	NA	1139	2921	17.0104
MLH3	NA	327	7896	1.80661
MLIP	NA	0	6490	0
MLIP-IT1	NA	0	643	0
MLK7-AS1	NA	10	2537	0.17195
MLKL	NA	0	2537	0
MLLT1	NA	3172	4505	30.7158
MLLT10	NA	1134	5900	8.38464
MLLT10P1	NA	7	555	0.55021
MLLT11	NA	658	2158	13.3014
MLLT3	NA	9	6987	0.0561921
MLLT4	NA	494	10549	2.04286
MLLT4-AS1	NA	0	2311	0
MLLT6	NA	1628	7500	9.46927
MLN	NA	0	572	0
MLNR	NA	0	1239	0
MLPH	NA	27	4290	0.274555
MLST8	NA	1457	2057	30.8993
MLX	NA	1454	2562	24.7576
MLXIP	NA	1910	8421	9.89448
MLXIPL	NA	67	3278	0.891639
MLYCD	NA	203	2195	4.03445
MMAA	NA	119	5943	0.873503
MMAB	NA	309	4225	3.19047
MMACHC	NA	819	2850	12.5361
MMADHC	NA	6016	1437	182.631
MMD	NA	89	2723	1.42582
MMD2	NA	8	2859	0.122067
MME	NA	9401	6032	67.9886
MMEL1	NA	223	2902	3.35221
MMGT1	NA	750	3648	8.9687
MMP1	NA	87	2055	1.84685
MMP10	NA	37	1759	0.917612
MMP11	NA	0	2261	0
MMP12	NA	0	1876	0
MMP13	NA	0	2719	0
MMP14	NA	12995	3594	157.733
MMP15	NA	128	4437	1.25847
MMP16	NA	194	6335	1.33591
MMP17	NA	53	2408	0.960158
MMP19	NA	245	3392	3.15089
MMP2	NA	0	4124	0
MMP20	NA	0	1956	0
MMP21	NA	6	1914	0.136752
MMP23A	NA	70	1812	1.68525
MMP23B	NA	40	1240	1.40722
MMP24	NA	3041	4333	30.6162
MMP24-AS1	NA	1690	1749	42.1522
MMP25	NA	457	3551	5.61421
MMP25-AS1	NA	213	2339	3.97258
MMP26	NA	0	991	0
MMP27	NA	0	1647	0
MMP28	NA	4	3152	0.0553601
MMP3	NA	0	1828	0
MMP7	NA	0	1119	0
MMP8	NA	0	3147	0
MMP9	NA	177	2336	3.3054
MMRN1	NA	673	4969	5.90839
MMRN2	NA	99	4179	1.03344
MMS19	NA	2708	3785	31.2109
MMS22L	NA	525	8643	2.64983
MN1	NA	29	7556	0.167428
MNAT1	NA	750	1383	23.6571
MND1	NA	170	1106	6.70528
MNDA	NA	0	1667	0
MNS1	NA	25	2023	0.539098
MNT	NA	721	4842	6.49582
MNX1	NA	125	2614	2.08606
MNX1-AS1	NA	46	987	2.03312
MOAP1	NA	984	2417	17.7599
MOB1A	NA	968	1329	31.7741
MOB1B	NA	1010	8534	5.16288
MOB2	NA	543	1755	13.4973
MOB3A	NA	1150	3331	15.0607
MOB3B	NA	12	6525	0.0802276
MOB3C	NA	124	2985	1.81218
MOB4	NA	930	3947	10.2787
MOBP	NA	6	8785	0.0297943
MOCOS	NA	0	2727	0
MOCS1	NA	31	4420	0.305959
MOCS2	NA	604	4181	6.30202
MOCS3	NA	597	3049	8.54162
MOG	NA	1	11537	0.00378121
MOGAT1	NA	0	1096	0
MOGAT2	NA	0	1005	0
MOGAT3	NA	0	1408	0
MOGS	NA	1919	2895	28.9168
MOK	NA	572	3789	6.58559
MON1A	NA	393	2230	7.68796
MON1B	NA	534	3332	6.99132
MON2	NA	1335	10518	5.53696
MORC1	NA	0	3767	0
MORC2	NA	1906	4765	17.4495
MORC2-AS1	NA	143	2133	2.92461
MORC3	NA	623	4246	6.40076
MORC4	NA	605	3834	6.88377
MORF4L1	NA	4485	2159	90.6219
MORF4L2	NA	7158	2204	141.678
MORF4L2-AS1	NA	15	2870	0.227999
MORN1	NA	289	6378	1.97668
MORN2	NA	146	741	8.59524
MORN3	NA	27	1158	1.01713
MORN4	NA	591	2574	10.0162
MORN5	NA	1	708	0.0616155
MOS	NA	0	1041	0
MOSPD1	NA	5325	2441	95.1645
MOSPD2	NA	193	3376	2.49389
MOSPD3	NA	392	1399	12.2234
MOV10	NA	933	4498	9.04868
MOV10L1	NA	5	4309	0.0506194
MOXD1	NA	0	3048	0
MOXD2P	NA	0	1503	0
MPC1	NA	613	1427	18.7396
MPC1L	NA	0	574	0
MPC2	NA	1223	2523	21.1462
MPDU1	NA	1393	1618	37.5574
MPDZ	NA	408	7696	2.31269
MPEG1	NA	1	4512	0.00966839
MPG	NA	1476	1396	46.1237
MPHOSPH10	NA	1334	2485	23.4182
MPHOSPH6	NA	1057	1101	41.8804
MPHOSPH8	NA	1011	4268	10.3336
MPHOSPH9	NA	510	4485	4.96056
MPI	NA	929	3062	13.2353
MPL	NA	3	3645	0.0359043
MPLKIP	NA	1145	941	53.081
MPND	NA	212	1657	5.58132
MPO	NA	0	3215	0
MPP1	NA	70	2197	1.38992
MPP2	NA	1169	5626	9.06438
MPP3	NA	175	2835	2.69283
MPP4	NA	148	2458	2.62666
MPP5	NA	559	5608	4.34838
MPP6	NA	417	8131	2.23725
MPP7	NA	10	5206	0.0837952
MPPE1	NA	252	3220	3.41403
MPPED1	NA	2	2508	0.0347877
MPPED2	NA	0	7209	0
MPRIP	NA	1773	11023	7.01669
MPST	NA	1733	1633	46.2952
MPV17	NA	1117	1007	48.389
MPV17L	NA	75	2309	1.41697
MPV17L2	NA	917	1358	29.4573
MPZ	NA	2	1955	0.0446279
MPZL1	NA	2851	5010	24.8246
MPZL2	NA	0	3186	0
MPZL3	NA	1	3986	0.0109442
MR1	NA	112	7860	0.621611
MRAP	NA	162	1231	5.7409
MRAP2	NA	1	2213	0.0197125
MRAS	NA	594	5126	5.05512
MRC1	NA	5	5191	0.0420187
MRC2	NA	529	5992	3.8513
MRE11A	NA	1045	5245	8.69149
MREG	NA	136	3213	1.84651
MRFAP1	NA	13425	2182	268.4
MRFAP1L1	NA	0	1591	0
MRGBP	NA	833	1636	22.2119
MRGPRD	NA	0	966	0
MRGPRE	NA	4	1296	0.134641
MRGPRF	NA	1	2283	0.0191081
MRGPRF-AS1	NA	0	1568	0
MRGPRG	NA	0	870	0
MRGPRG-AS1	NA	3	1790	0.0731125
MRGPRX1	NA	0	1190	0
MRGPRX2	NA	0	2408	0
MRGPRX3	NA	1	1639	0.0266161
MRGPRX4	NA	0	1444	0
MRI1	NA	52	3266	0.694561
MRLN	NA	1	549	0.0794604
MRM1	NA	335	1833	7.9727
MRO	NA	2	5334	0.0163569
MROH1	NA	481	5903	3.55464
MROH2A	NA	9	5324	0.0737442
MROH2B	NA	0	5280	0
MROH5	NA	1	4506	0.00968126
MROH6	NA	347	3250	4.65768
MROH7	NA	1	4406	0.00990099
MROH7-TTC4	NA	1266	6547	8.43557
MROH8	NA	221	3665	2.63052
MROH9	NA	1	3696	0.011803
MRPL1	NA	488	1359	15.6648
MRPL10	NA	2009	1996	43.9079
MRPL11	NA	3146	1699	80.7772
MRPL12	NA	3356	1015	144.238
MRPL13	NA	1632	1110	64.1387
MRPL14	NA	1424	774	80.2587
MRPL15	NA	1598	1749	39.8575
MRPL16	NA	1999	1182	73.7766
MRPL17	NA	1883	2366	34.7183
MRPL18	NA	1783	977	79.6123
MRPL19	NA	2183	7827	12.1669
MRPL2	NA	1035	1327	34.0246
MRPL20	NA	2744	733	163.306
MRPL21	NA	2229	709	137.147
MRPL22	NA	796	3173	10.9438
MRPL23	NA	953	742	56.0289
MRPL23-AS1	NA	6	1904	0.13747
MRPL24	NA	818	927	38.4943
MRPL27	NA	1684	703	104.498
MRPL28	NA	4318	1140	165.235
MRPL3	NA	4254	1764	105.202
MRPL30	NA	1775	4536	17.0706
MRPL32	NA	1407	892	68.8101
MRPL33	NA	935	518	78.7418
MRPL34	NA	1476	968	66.5172
MRPL35	NA	1350	3311	17.7868
MRPL36	NA	1456	614	103.447
MRPL37	NA	3461	1483	101.808
MRPL38	NA	1821	1575	50.4374
MRPL39	NA	1279	1171	47.6471
MRPL4	NA	2468	2404	44.7851
MRPL40	NA	786	774	44.3001
MRPL41	NA	1854	604	133.905
MRPL42	NA	1948	3247	26.1716
MRPL42P5	NA	32	667	2.09289
MRPL43	NA	1275	2929	18.9895
MRPL44	NA	2494	1748	62.2412
MRPL45	NA	1661	1705	42.498
MRPL45P2	NA	258	1396	8.06227
MRPL46	NA	886	1000	38.6507
MRPL47	NA	2643	1180	97.7099
MRPL48	NA	392	980	17.4495
MRPL49	NA	2310	2162	46.61
MRPL50	NA	1887	1021	80.6249
MRPL51	NA	3949	677	254.461
MRPL52	NA	1114	1301	37.3535
MRPL53	NA	1102	655	73.3945
MRPL54	NA	407	623	28.499
MRPL55	NA	1236	906	59.5132
MRPL57	NA	1860	2655	30.5613
MRPL9	NA	2267	1688	58.5871
MRPS10	NA	1910	2140	38.9352
MRPS11	NA	989	1501	28.7434
MRPS12	NA	2943	1323	97.0406
MRPS14	NA	827	2237	16.1273
MRPS15	NA	2763	965	124.904
MRPS16	NA	4032	2634	66.7772
MRPS17	NA	989	585	73.7503
MRPS18A	NA	1311	1189	48.0999
MRPS18B	NA	1586	10513	6.58112
MRPS18C	NA	437	1101	17.3148
MRPS2	NA	3381	2200	67.0418
MRPS21	NA	3363	1541	95.2023
MRPS22	NA	772	1122	30.0156
MRPS23	NA	2709	1492	79.207
MRPS24	NA	2114	696	132.501
MRPS25	NA	1962	4566	18.745
MRPS26	NA	1527	1039	64.1131
MRPS27	NA	3332	2823	51.4893
MRPS28	NA	644	707	39.7365
MRPS30	NA	1471	1672	38.3795
MRPS31	NA	682	1339	22.2191
MRPS31P5	NA	198	3495	2.47139
MRPS33	NA	1332	817	71.1222
MRPS34	NA	2831	1024	120.604
MRPS35	NA	1967	1897	45.2335
MRPS36	NA	342	1329	11.226
MRPS5	NA	2679	1661	70.3601
MRPS6	NA	5986	990	263.77
MRPS7	NA	2129	1415	65.6361
MRPS9	NA	1445	1458	43.2348
MRRF	NA	771	1999	16.8254
MRS2	NA	899	4490	8.73447
MRS2P2	NA	10	2690	0.16217
MRTO4	NA	2852	2273	54.736
MRVI1	NA	84	6667	0.549632
MRVI1-AS1	NA	5	900	0.242354
MS4A1	NA	0	3594	0
MS4A10	NA	1	2296	0.0189999
MS4A12	NA	0	1165	0
MS4A13	NA	0	925	0
MS4A14	NA	0	3572	0
MS4A15	NA	0	2280	0
MS4A2	NA	0	3648	0
MS4A3	NA	0	1655	0
MS4A4A	NA	1	1795	0.0243029
MS4A5	NA	0	722	0
MS4A6A	NA	1	2543	0.0171545
MS4A6E	NA	6	660	0.39658
MS4A7	NA	0	3008	0
MS4A8	NA	1	1354	0.0322184
MSANTD1	NA	15	1670	0.39183
MSANTD2	NA	319	2382	5.84214
MSANTD3	NA	2716	2170	54.6001
MSANTD3-TMEFF1	NA	2585	2434	46.3301
MSANTD4	NA	762	4087	8.13343
MSC	NA	0	2058	0
MSC-AS1	NA	0	4915	0
MSGN1	NA	38	582	2.84829
MSH2	NA	2158	3209	29.3363
MSH3	NA	371	4447	3.6394
MSH4	NA	4	3277	0.0532484
MSH5	NA	1204	19346	2.71493
MSH5-SAPCD1	NA	1740	24649	3.07945
MSH6	NA	3486	4479	33.9523
MSI1	NA	1269	2975	18.6079
MSI2	NA	559	3059	7.97178
MSL1	NA	1977	3820	22.577
MSL2	NA	1227	4770	11.2215
MSL3	NA	564	4962	4.95845
MSL3P1	NA	4	1990	0.087686
MSLN	NA	4	2193	0.0795691
MSMB	NA	0	495	0
MSMO1	NA	1253	2228	24.5335
MSMP	NA	75	677	4.83277
MSN	NA	5531	3970	60.7766
MSR1	NA	1	5490	0.00794604
MSRA	NA	112	2102	2.32439
MSRB1	NA	702	1367	22.4023
MSRB2	NA	321	1811	7.73232
MSRB3	NA	2662	4666	24.8878
MSS51	NA	38	2423	0.684153
MST1	NA	75	2331	1.4036
MST1L	NA	49	4668	0.457919
MST1P2	NA	70	2636	1.15845
MST1R	NA	4	4771	0.0365741
MSTN	NA	4	2819	0.0618996
MSTO1	NA	1334	2801	20.7762
MSTO2P	NA	2363	4464	23.0921
MSX1	NA	15965	1937	359.553
MSX2	NA	3916	2208	77.369
MSX2P1	NA	104	2161	2.09943
MT1A	NA	0	396	0
MT1B	NA	0	380	0
MT1DP	NA	0	569	0
MT1E	NA	0	506	0
MT1F	NA	0	483	0
MT1G	NA	0	405	0
MT1H	NA	0	397	0
MT1HL1	NA	0	316	0
MT1IP	NA	0	374	0
MT1JP	NA	0	408	0
MT1L	NA	0	426	0
MT1M	NA	0	440	0
MT1X	NA	0	404	0
MT2A	NA	27	419	2.81108
MT3	NA	0	582	0
MT4	NA	0	294	0
MTA1	NA	3011	2840	46.2504
MTA2	NA	8361	3069	118.846
MTA3	NA	897	6724	5.81953
MTAP	NA	822	4921	7.28688
MTBP	NA	203	3087	2.86868
MTCH1	NA	6742	2409	122.089
MTCH2	NA	4294	2628	71.2787
MTCL1	NA	287	6092	2.05516
MTCP1	NA	125	2320	2.35042
MTDH	NA	2105	7667	11.977
MTERF1	NA	440	2112	9.08829
MTERF2	NA	366	1790	8.91972
MTERF3	NA	1064	1532	30.2975
MTERF4	NA	1138	4566	10.8725
MTF1	NA	517	7972	2.82909
MTF2	NA	1529	4128	16.1581
MTFMT	NA	456	2746	7.24415
MTFP1	NA	809	1278	27.6147
MTFR1	NA	980	3060	13.971
MTFR1L	NA	857	2403	15.5579
MTFR2	NA	354	1793	8.61284
MTG1	NA	738	1614	19.9469
MTG2	NA	754	2936	11.2031
MTHFD1	NA	2382	3448	30.1368
MTHFD1L	NA	1736	3673	20.6183
MTHFD2	NA	2403	2285	45.8766
MTHFD2L	NA	16	2359	0.29588
MTHFD2P1	NA	1	2595	0.0168107
MTHFR	NA	492	7150	3.0018
MTHFS	NA	649	2542	11.1376
MTHFSD	NA	334	3289	4.43002
MTIF2	NA	1351	3018	19.5281
MTIF3	NA	603	1232	21.3516
MTL5	NA	165	5103	1.41053
MTM1	NA	72	3436	0.914119
MTMR1	NA	727	4800	6.60718
MTMR10	NA	570	4961	5.01221
MTMR11	NA	358	3003	5.20057
MTMR12	NA	723	5185	6.08293
MTMR14	NA	545	2525	9.41582
MTMR2	NA	911	4862	8.17385
MTMR3	NA	975	9019	4.71595
MTMR4	NA	967	5829	7.23695
MTMR6	NA	582	5214	4.8694
MTMR7	NA	158	5287	1.30368
MTMR8	NA	35	2661	0.573781
MTMR9	NA	386	7405	2.27397
MTMR9LP	NA	11	2324	0.206481
MTNR1A	NA	0	1105	0
MTNR1B	NA	0	1662	0
MTO1	NA	765	3119	10.6996
MTOR	NA	3394	8725	16.9695
MTOR-AS1	NA	17	706	1.05043
MTPAP	NA	1081	5620	8.39098
MTPN	NA	4473	3884	50.2392
MTR	NA	827	10558	3.41702
MTRF1	NA	170	2174	3.41124
MTRF1L	NA	765	4058	8.2238
MTRNR2L1	NA	3	1555	0.0841616
MTRNR2L10	NA	2	1121	0.0778301
MTRNR2L2	NA	474	1036	19.9591
MTRNR2L3	NA	7	1383	0.2208
MTRNR2L4	NA	2	1231	0.0708753
MTRNR2L5	NA	0	1738	0
MTRNR2L6	NA	4	1395	0.125086
MTRNR2L7	NA	0	1494	0
MTRNR2L8	NA	2491	1290	84.2378
MTRNR2L9	NA	5082	527	420.676
MTRR	NA	723	3298	9.56337
MTSS1	NA	42	5174	0.354116
MTSS1L	NA	2092	4977	18.3365
MTTP	NA	0	4095	0
MTURN	NA	423	5814	3.17387
MTUS1	NA	861	7565	4.96498
MTUS2	NA	2	7196	0.0121245
MTUS2-AS1	NA	0	1114	0
MTVR2	NA	0	812	0
MTX1	NA	1113	1648	29.4619
MTX2	NA	838	1592	22.9628
MTX3	NA	984	7934	5.41036
MUC1	NA	284	1838	6.74056
MUC12	NA	29	16321	0.077513
MUC13	NA	1	2876	0.0151682
MUC15	NA	0	3392	0
MUC16	NA	1	43816	0.000995613
MUC17	NA	6	14350	0.0182399
MUC19	NA	22	24831	0.0386502
MUC2	NA	1	8622	0.00505959
MUC20	NA	164	2591	2.76121
MUC21	NA	66	16677	0.172643
MUC22	NA	232	43981	0.230116
MUC3A	NA	211	5837	1.57694
MUC4	NA	9	16804	0.0233643
MUC5AC	NA	1	5930	0.00735645
MUC5B	NA	18	17916	0.0438283
MUC6	NA	54	8003	0.29435
MUC7	NA	1	2774	0.0157259
MUCL1	NA	0	489	0
MUL1	NA	1103	2458	19.5757
MUM1	NA	862	4214	8.92351
MUM1L1	NA	0	4309	0
MURC	NA	571	3096	8.0456
MUS81	NA	735	2400	13.3598
MUSK	NA	0	2786	0
MUSTN1	NA	37	729	2.2141
MUT	NA	310	3886	3.48002
MUTYH	NA	614	2280	11.7478
MVB12A	NA	383	1763	9.47697
MVB12B	NA	323	6760	2.08439
MVD	NA	995	1857	23.3741
MVK	NA	196	2077	4.11664
MVP	NA	886	2925	13.2139
MX1	NA	0	3660	0
MX2	NA	0	2961	0
MXD1	NA	298	5616	2.31479
MXD3	NA	3419	3161	47.1843
MXD4	NA	2212	3773	25.5753
MXI1	NA	355	3835	4.03818
MXRA5	NA	0	9792	0
MXRA7	NA	2644	6322	18.2444
MXRA8	NA	189	3113	2.64854
MYADM	NA	3641	4191	37.8989
MYADML	NA	0	2157	0
MYADML2	NA	5	2452	0.0889555
MYB	NA	9	3678	0.106747
MYBBP1A	NA	6087	4568	58.13
MYBL1	NA	242	5192	2.03331
MYBL2	NA	2720	2777	42.7284
MYBPC1	NA	1	4028	0.0108301
MYBPC2	NA	11	3598	0.133369
MYBPC3	NA	6	4217	0.0620684
MYBPH	NA	0	1806	0
MYBPHL	NA	15	1372	0.476936
MYC	NA	5703	2366	105.151
MYCBP	NA	1036	2565	17.6196
MYCBP2	NA	764	15025	2.21821
MYCBP2-AS1	NA	13	517	1.09692
MYCBPAP	NA	8	3190	0.109401
MYCL	NA	257	4951	2.26445
MYCN	NA	0	3038	0
MYCNOS	NA	0	1908	0
MYCNUT	NA	0	1040	0
MYCT1	NA	16	3043	0.229372
MYD88	NA	15	2873	0.227761
MYDGF	NA	1727	1051	71.6825
MYEF2	NA	682	6892	4.3168
MYEOV	NA	516	2494	9.02561
MYEOV2	NA	1411	989	62.2378
MYF5	NA	1	1520	0.0286999
MYF6	NA	0	1337	0
MYH1	NA	3	6020	0.0217394
MYH10	NA	5158	7762	28.9888
MYH11	NA	85	6942	0.534143
MYH13	NA	2	5992	0.0145607
MYH14	NA	541	6912	3.41442
MYH15	NA	20	7074	0.123336
MYH16	NA	3	2267	0.0577289
MYH2	NA	3	6151	0.0212764
MYH3	NA	192	6038	1.38718
MYH4	NA	1	6015	0.0072525
MYH6	NA	0	5941	0
MYH7	NA	1	6055	0.00720459
MYH7B	NA	83	6584	0.549935
MYH8	NA	0	6038	0
MYH9	NA	12350	7554	71.3203
MYHAS	NA	0	3940	0
MYL1	NA	0	1151	0
MYL10	NA	2	1009	0.0864693
MYL12A	NA	8754	1474	259.079
MYL12B	NA	13417	1178	496.859
MYL2	NA	0	829	0
MYL3	NA	8	929	0.375662
MYL4	NA	0	949	0
MYL5	NA	89	661	5.8737
MYL6	NA	7896	809	425.777
MYL6B	NA	1327	1064	54.4067
MYL7	NA	5	597	0.365358
MYL9	NA	4777	1197	174.094
MYLIP	NA	11	3071	0.156256
MYLK	NA	32	8183	0.170593
MYLK-AS1	NA	42	801	2.28739
MYLK-AS2	NA	0	500	0
MYLK2	NA	25	2793	0.390474
MYLK3	NA	24	8205	0.127602
MYLK4	NA	16	5760	0.121177
MYLPF	NA	5	655	0.333006
MYNN	NA	536	5367	4.35669
MYO10	NA	1	11430	0.0038166
MYO15A	NA	20	11863	0.0735459
MYO15B	NA	70	9918	0.307891
MYO16	NA	2	7524	0.0115959
MYO16-AS1	NA	0	547	0
MYO18A	NA	1994	7583	11.4712
MYO18B	NA	0	8565	0
MYO19	NA	1699	4756	15.5838
MYO1A	NA	70	3669	0.832288
MYO1B	NA	9	5095	0.0770587
MYO1C	NA	2892	5095	24.7615
MYO1D	NA	18	6246	0.125717
MYO1E	NA	276	5110	2.3562
MYO1F	NA	15	4173	0.156807
MYO1G	NA	3	3279	0.039912
MYO1H	NA	3	4258	0.0307354
MYO3A	NA	0	5784	0
MYO3B	NA	93	6365	0.637394
MYO5A	NA	773	12225	2.75838
MYO5B	NA	28	9520	0.128305
MYO5C	NA	70	6975	0.437801
MYO6	NA	1202	8678	6.04238
MYO7A	NA	6	7746	0.0337907
MYO7B	NA	7	6715	0.0454753
MYO9A	NA	327	8698	1.64003
MYO9B	NA	1537	7623	8.79572
MYOC	NA	996	2045	21.2466
MYOCD	NA	0	8564	0
MYOD1	NA	15	1806	0.362324
MYOF	NA	9318	6843	59.4018
MYOG	NA	0	1533	0
MYOM1	NA	13	5847	0.0969915
MYOM2	NA	27	5011	0.235051
MYOM3	NA	8	5800	0.0601707
MYOT	NA	10	2272	0.192006
MYOZ1	NA	2	1583	0.0551153
MYOZ2	NA	0	2597	0
MYOZ3	NA	1	3837	0.0113692
MYPN	NA	18	6449	0.12176
MYPOP	NA	422	1887	9.75582
MYRF	NA	112	5996	0.814854
MYRFL	NA	0	3122	0
MYRIP	NA	0	5329	0
MYSM1	NA	776	7768	4.35788
MYT1	NA	6	5535	0.0472886
MYT1L	NA	0	7182	0
MYT1L-AS1	NA	0	3242	0
MYZAP	NA	15	2398	0.272876
MZB1	NA	3	827	0.158248
MZF1	NA	665	2921	9.93146
MZF1-AS1	NA	112	2606	1.87485
MZT1	NA	778	2412	14.071
MZT2A	NA	2258	693	142.139
MZT2B	NA	3124	933	146.067
N4BP1	NA	1263	7106	7.75356
N4BP2	NA	689	9666	3.10954
N4BP2L1	NA	28	3116	0.391998
N4BP2L2	NA	1273	5284	10.5097
N4BP2L2-IT2	NA	64	4890	0.570945
N4BP3	NA	502	5987	3.65778
N6AMT1	NA	156	1543	4.41044
N6AMT2	NA	430	872	21.5117
NAA10	NA	2099	1118	81.9019
NAA11	NA	4	1516	0.115102
NAA15	NA	2827	5554	22.2046
NAA16	NA	453	4592	4.30348
NAA20	NA	1255	1333	41.0711
NAA25	NA	1587	5819	11.8974
NAA30	NA	1051	4475	10.2455
NAA35	NA	1290	2657	21.1798
NAA38	NA	1245	999	54.366
NAA40	NA	1594	3885	17.8987
NAA50	NA	6090	6160	43.128
NAA60	NA	1027	2890	15.5023
NAAA	NA	283	2562	4.81871
NAALAD2	NA	15	3196	0.204742
NAALADL1	NA	10	2687	0.162351
NAALADL2	NA	5	4912	0.0444053
NAALADL2-AS1	NA	0	371	0
NAALADL2-AS2	NA	0	807	0
NAALADL2-AS3	NA	0	408	0
NAB1	NA	125	4469	1.22018
NAB2	NA	2427	2711	39.0538
NABP1	NA	137	4016	1.48816
NABP2	NA	307	1401	9.55924
NACA	NA	14244	3472	178.968
NACA2	NA	1628	770	92.2331
NACAD	NA	6	4761	0.0549764
NACAP1	NA	685	703	42.5068
NACC1	NA	3944	4500	38.2338
NACC2	NA	877	6899	5.54545
NADK	NA	2451	4226	25.301
NADK2	NA	733	4167	7.67368
NADSYN1	NA	692	2430	12.4229
NAE1	NA	3183	1920	72.32
NAF1	NA	650	2313	12.2592
NAGA	NA	1131	3726	13.2417
NAGK	NA	288	1801	6.97593
NAGLU	NA	969	2782	15.1946
NAGPA	NA	563	2209	11.1182
NAGPA-AS1	NA	6	1237	0.211595
NAGS	NA	55	2072	1.15797
NAIF1	NA	194	3398	2.49059
NAIP	NA	233	6551	1.55157
NALCN	NA	3	6923	0.0189038
NALCN-AS1	NA	0	2846	0
NAMA	NA	2	2233	0.0390719
NAMPT	NA	5980	4581	56.9461
NANOG	NA	20	2103	0.414872
NANOGNB	NA	2	907	0.0961935
NANOS1	NA	311	4627	2.93214
NANOS2	NA	2	1564	0.0557849
NANOS3	NA	54	833	2.82795
NANP	NA	215	3799	2.46884
NANS	NA	1546	1240	54.389
NAP1L1	NA	21575	5185	181.52
NAP1L2	NA	2	2574	0.0338957
NAP1L3	NA	1	2758	0.0158172
NAP1L4	NA	5727	2518	99.219
NAP1L5	NA	127	1958	2.82953
NAP1L6	NA	0	2044	0
NAPA	NA	2257	1860	52.9349
NAPA-AS1	NA	38	656	2.52699
NAPB	NA	367	3883	4.12308
NAPEPLD	NA	260	5363	2.11489
NAPG	NA	495	3715	5.81259
NAPRT	NA	137	1703	3.50937
NAPSA	NA	12	1392	0.376067
NAPSB	NA	6	1330	0.196799
NARF	NA	504	2084	10.5501
NARFL	NA	496	2228	9.71158
NARR	NA	996	839	51.787
NARS	NA	8030	2865	122.268
NARS2	NA	878	2519	15.2051
NASP	NA	6506	3291	86.2401
NAT1	NA	29	3113	0.406389
NAT10	NA	3215	4041	34.7069
NAT14	NA	1365	1350	44.1085
NAT16	NA	6	2935	0.0891798
NAT2	NA	0	1317	0
NAT6	NA	284	1549	7.99816
NAT8	NA	0	1073	0
NAT8B	NA	0	832	0
NAT8L	NA	2090	5871	15.5295
NAT9	NA	801	2159	16.1846
NATD1	NA	328	4785	2.9903
NAV1	NA	1350	13265	4.43966
NAV2	NA	597	11758	2.21495
NAV2-AS2	NA	31	853	1.58539
NAV2-AS4	NA	0	1369	0
NAV2-AS5	NA	0	3306	0
NAV3	NA	2	9826	0.00887925
NBAS	NA	1155	7300	6.90212
NBAT1	NA	0	2295	0
NBEA	NA	1618	11210	6.29646
NBEAL1	NA	63	9058	0.303411
NBEAL2	NA	1677	8828	8.28694
NBEAP1	NA	0	548	0
NBL1	NA	727	3281	9.6661
NBN	NA	1114	4724	10.2872
NBPF1	NA	1886	5947	13.8346
NBPF10	NA	491	11423	1.8751
NBPF11	NA	4942	11382	18.9412
NBPF12	NA	2624	7109	16.102
NBPF13P	NA	0	1149	0
NBPF14	NA	3058	10086	13.2264
NBPF15	NA	3340	4802	30.3422
NBPF18P	NA	1	1004	0.04345
NBPF20	NA	2844	17619	7.0416
NBPF22P	NA	1	2680	0.0162775
NBPF25P	NA	4105	7155	25.028
NBPF3	NA	172	4418	1.69835
NBPF4	NA	0	2499	0
NBPF6	NA	0	2222	0
NBPF7	NA	6	1611	0.162472
NBPF8	NA	3154	4622	29.7684
NBPF9	NA	5581	6896	35.3051
NBR1	NA	1748	5300	14.3876
NBR2	NA	105	1366	3.35322
NCALD	NA	0	4487	0
NCAM1	NA	1	8526	0.00511656
NCAM1-AS1	NA	0	713	0
NCAM2	NA	30	5002	0.261638
NCAN	NA	7	6406	0.0476688
NCAPD2	NA	2269	4806	20.5956
NCAPD3	NA	1797	5605	13.9861
NCAPG	NA	1523	4752	13.9813
NCAPG2	NA	1410	6181	9.95139
NCAPH	NA	911	6059	6.55905
NCAPH2	NA	1218	3790	14.0195
NCBP1	NA	1806	5380	14.644
NCBP2	NA	3348	2661	54.8863
NCBP2-AS2	NA	1589	1391	49.8333
NCCRP1	NA	9	1973	0.198993
NCDN	NA	1167	3705	13.7406
NCEH1	NA	87	4315	0.879552
NCF1	NA	3	1459	0.0896993
NCF1B	NA	2	1516	0.0575512
NCF1C	NA	3	1442	0.0907568
NCF2	NA	2	2494	0.034983
NCF4	NA	0	1643	0
NCK1	NA	632	4575	6.02628
NCK1-AS1	NA	25	1188	0.918009
NCK2	NA	211	2667	3.4513
NCKAP1	NA	3380	5015	29.4015
NCKAP1L	NA	0	3945	0
NCKAP5	NA	0	7594	0
NCKAP5L	NA	1149	4900	10.2293
NCKIPSD	NA	728	3000	10.586
NCL	NA	47090	2717	756.07
NCLN	NA	3508	3733	40.9944
NCMAP	NA	0	3990	0
NCOA1	NA	517	6951	3.24464
NCOA2	NA	195	6157	1.38162
NCOA3	NA	767	8026	4.16888
NCOA4	NA	2082	4082	22.25
NCOA5	NA	1570	3207	21.3562
NCOA6	NA	1418	7062	8.75935
NCOA7	NA	114	7071	0.703311
NCOA7-AS1	NA	0	496	0
NCOR1	NA	4138	10135	17.8111
NCOR1P1	NA	2	419	0.208228
NCOR2	NA	4309	8881	21.166
NCR1	NA	0	1153	0
NCR2	NA	0	1084	0
NCR3	NA	178	9792	0.792998
NCR3LG1	NA	112	6382	0.765569
NCRNA00250	NA	0	519	0
NCRUPAR	NA	3	486	0.269283
NCS1	NA	1806	5010	15.7255
NCSTN	NA	1231	3074	17.4694
NDC1	NA	2265	4825	20.4783
NDC80	NA	495	2172	9.94188
NDE1	NA	493	4003	5.3726
NDEL1	NA	698	2433	12.5152
NDFIP1	NA	2025	3597	24.5588
NDFIP2	NA	424	4655	3.97347
NDFIP2-AS1	NA	0	431	0
NDN	NA	1	1897	0.0229962
NDNF	NA	0	2871	0
NDNL2	NA	780	1668	20.3996
NDOR1	NA	1458	4877	13.0415
NDP	NA	0	2002	0
NDRG1	NA	4	3478	0.0501711
NDRG2	NA	128	2743	2.03567
NDRG3	NA	981	3024	14.1518
NDRG4	NA	237	4311	2.39824
NDST1	NA	2893	8232	15.3309
NDST2	NA	508	3996	5.54576
NDST3	NA	0	5947	0
NDST4	NA	0	3343	0
NDUFA1	NA	1507	486	135.27
NDUFA10	NA	2596	4915	23.0412
NDUFA11	NA	4187	2938	62.1691
NDUFA12	NA	1504	583	112.539
NDUFA13	NA	1744	542	140.369
NDUFA2	NA	1591	893	77.7216
NDUFA3	NA	697	354	85.892
NDUFA4	NA	4374	2058	92.7164
NDUFA4L2	NA	13	1188	0.477365
NDUFA5	NA	1302	6506	8.73012
NDUFA6	NA	2447	1184	90.1583
NDUFA6-AS1	NA	90	1658	2.368
NDUFA7	NA	922	585	68.754
NDUFA8	NA	2101	843	108.723
NDUFA9	NA	1247	1609	33.8091
NDUFAB1	NA	3748	667	245.13
NDUFAF1	NA	889	1731	22.4041
NDUFAF2	NA	866	719	52.5427
NDUFAF3	NA	800	1691	20.6381
NDUFAF4	NA	825	2411	14.9273
NDUFAF4P1	NA	6	2328	0.112432
NDUFAF5	NA	180	2410	3.25821
NDUFAF6	NA	205	1804	4.95725
NDUFAF7	NA	632	2211	12.4696
NDUFB1	NA	1289	419	134.203
NDUFB10	NA	1764	697	110.405
NDUFB11	NA	2726	1124	105.799
NDUFB2	NA	822	495	72.4419
NDUFB2-AS1	NA	83	1648	2.19707
NDUFB3	NA	1087	778	60.9499
NDUFB4	NA	1166	1560	32.606
NDUFB5	NA	1411	1059	58.1238
NDUFB6	NA	1220	861	61.813
NDUFB7	NA	1966	546	157.078
NDUFB8	NA	3980	951	182.568
NDUFB9	NA	2626	719	159.327
NDUFC1	NA	1961	1453	58.8756
NDUFC2	NA	7645	2475	134.749
NDUFC2-KCTD14	NA	5161	2436	92.4229
NDUFS1	NA	2924	3572	35.7099
NDUFS2	NA	1429	2275	27.4015
NDUFS3	NA	2075	959	94.3893
NDUFS4	NA	458	676	29.5558
NDUFS5	NA	6837	571	522.339
NDUFS6	NA	1431	548	113.915
NDUFS7	NA	729	786	40.4602
NDUFS8	NA	1293	804	70.1561
NDUFV1	NA	3003	1631	80.3202
NDUFV2	NA	1254	930	58.8217
NDUFV2-AS1	NA	22	845	1.13577
NDUFV3	NA	1287	2130	26.3586
NEAT1	NA	16187	22741	31.0513
NEB	NA	48	26307	0.0795963
NEBL	NA	4572	9926	20.0935
NEBL-AS1	NA	15	632	1.03537
NECAB1	NA	21	5140	0.178229
NECAB2	NA	190	1606	5.16097
NECAB3	NA	848	2039	18.1427
NECAP1	NA	566	2593	9.5222
NECAP2	NA	1170	2081	24.5266
NEDD1	NA	540	4098	5.74837
NEDD4	NA	403	7720	2.27725
NEDD4L	NA	7	9662	0.0316049
NEDD8	NA	3869	625	270.049
NEDD8-MDP1	NA	1123	772	63.4579
NEDD9	NA	1557	5780	11.7512
NEFH	NA	5501	3719	64.5266
NEFL	NA	0	3840	0
NEFM	NA	1	3627	0.0120275
NEGR1	NA	5	5669	0.0384757
NEGR1-IT1	NA	0	534	0
NEIL1	NA	134	2530	2.31051
NEIL2	NA	755	2751	11.9724
NEIL3	NA	203	2402	3.68677
NEK1	NA	337	5757	2.55362
NEK10	NA	69	4630	0.650117
NEK11	NA	106	3324	1.39113
NEK2	NA	1116	3274	14.8699
NEK3	NA	639	2734	10.1959
NEK4	NA	741	3726	8.67558
NEK5	NA	8	2924	0.119354
NEK6	NA	842	3263	11.2569
NEK7	NA	186	4132	1.9637
NEK8	NA	197	2858	3.00696
NEK9	NA	3037	5543	23.9014
NELFA	NA	1939	2468	34.2733
NELFB	NA	1683	2566	28.6122
NELFCD	NA	1617	2305	30.6029
NELFE	NA	3094	9366	14.4108
NELL1	NA	1	3351	0.0130181
NELL2	NA	1	4234	0.0103032
NEMF	NA	1482	4373	14.784
NEMP1	NA	2386	5617	18.5306
NEMP2	NA	126	3637	1.5113
NENF	NA	1166	949	53.5989
NEO1	NA	261	7088	1.60635
NES	NA	7341	5557	57.6286
NET1	NA	1054	4336	10.6041
NETO1	NA	0	8173	0
NETO2	NA	1086	3692	12.8319
NEU1	NA	4945	16568	13.0203
NEU2	NA	0	1143	0
NEU3	NA	104	2748	1.65097
NEU4	NA	1	2747	0.0158805
NEURL1	NA	514	4315	5.19644
NEURL1-AS1	NA	2	1065	0.0819226
NEURL1B	NA	78	6414	0.530504
NEURL2	NA	237	1454	7.11061
NEURL3	NA	11	2069	0.231929
NEURL4	NA	1809	5187	15.2141
NEUROD1	NA	0	3002	0
NEUROD2	NA	4	3032	0.0575512
NEUROD4	NA	0	3956	0
NEUROD6	NA	0	2161	0
NEUROG1	NA	0	1668	0
NEUROG2	NA	4	2287	0.0762987
NEUROG3	NA	0	1255	0
NEXN	NA	303	3389	3.90027
NEXN-AS1	NA	28	2292	0.532926
NF1	NA	1079	13260	3.54978
NF1P2	NA	0	1932	0
NF2	NA	1920	6925	12.095
NFAM1	NA	8	5604	0.0622752
NFASC	NA	4	11057	0.0157814
NFAT5	NA	2648	13672	8.44907
NFATC1	NA	516	5657	3.97912
NFATC2	NA	176	7797	0.98471
NFATC2IP	NA	2159	3858	24.4126
NFATC3	NA	1396	6525	9.33315
NFATC4	NA	2066	6288	14.3331
NFE2	NA	400	2048	8.52027
NFE2L1	NA	4136	4874	37.0184
NFE2L2	NA	2742	3342	35.7919
NFE2L3	NA	7224	3710	84.9429
NFIA	NA	38	10023	0.16539
NFIA-AS1	NA	0	392	0
NFIA-AS2	NA	1	1989	0.0219325
NFIB	NA	6	9179	0.0285154
NFIC	NA	996	8168	5.31945
NFIL3	NA	32	2451	0.569547
NFIX	NA	119	5892	0.881064
NFKB1	NA	544	4085	5.80938
NFKB2	NA	1559	3885	17.5057
NFKBIA	NA	1606	1567	44.7095
NFKBIB	NA	1616	2347	30.0366
NFKBID	NA	144	1834	3.4252
NFKBIE	NA	1183	2581	19.9949
NFKBIL1	NA	491	11242	1.90529
NFKBIZ	NA	25	4197	0.259851
NFRKB	NA	2017	5226	16.8368
NFS1	NA	1097	2507	19.0887
NFU1	NA	789	1194	28.8268
NFX1	NA	1574	6152	11.1612
NFXL1	NA	831	4151	8.73316
NFYA	NA	1167	6219	8.18603
NFYB	NA	1505	3482	18.8552
NFYC	NA	816	3428	10.3842
NFYC-AS1	NA	117	3182	1.60402
NGB	NA	0	1876	0
NGDN	NA	1192	1588	32.7453
NGEF	NA	5	3443	0.0633514
NGF	NA	0	1049	0
NGFR	NA	195	3420	2.48732
NGFRAP1	NA	5850	1354	188.478
NGLY1	NA	810	2860	12.355
NGRN	NA	3605	1760	89.3544
NHEG1	NA	0	1360	0
NHEJ1	NA	482	2103	9.99841
NHLH1	NA	15	2559	0.255708
NHLH2	NA	0	2679	0
NHLRC1	NA	0	2134	0
NHLRC2	NA	224	6392	1.52874
NHLRC3	NA	189	3554	2.31989
NHLRC4	NA	16	2106	0.331425
NHP2	NA	3574	854	182.566
NHP2L1	NA	5271	1732	132.76
NHS	NA	0	9131	0
NHS-AS1	NA	0	383	0
NHSL1	NA	156	7832	0.868911
NHSL2	NA	12	3678	0.142329
NICN1	NA	338	3227	4.56921
NID1	NA	1269	5881	9.41312
NID2	NA	10	5046	0.0864522
NIF3L1	NA	553	1740	13.8643
NIFK	NA	2963	1738	74.3713
NIFK-AS1	NA	854	2697	13.8134
NIM1K	NA	3	3275	0.0399607
NIN	NA	166	10937	0.662114
NINJ1	NA	1179	1281	40.1502
NINJ2	NA	39	1457	1.16769
NINL	NA	896	4972	7.8614
NIP7	NA	2737	2319	51.487
NIPA1	NA	3247	6589	21.4974
NIPA2	NA	3010	3503	37.4843
NIPAL1	NA	2	2190	0.0398391
NIPAL2	NA	3	2255	0.0580361
NIPAL3	NA	265	5426	2.13054
NIPAL4	NA	3	3279	0.039912
NIPBL	NA	1366	10389	5.73588
NIPBL-AS1	NA	572	5334	4.67806
NIPSNAP1	NA	3534	2236	68.9474
NIPSNAP3A	NA	144	1633	3.8468
NIPSNAP3B	NA	33	5935	0.242558
NISCH	NA	2563	6854	16.3128
NIT1	NA	572	3196	7.80751
NIT2	NA	878	1271	30.1351
NKAIN1	NA	198	2922	2.95603
NKAIN2	NA	0	3471	0
NKAIN3	NA	0	3178	0
NKAIN4	NA	455	1430	13.8803
NKAP	NA	840	1585	23.1192
NKAPL	NA	1	1662	0.0262478
NKAPP1	NA	1	2420	0.0180264
NKD1	NA	14	8716	0.0700703
NKD2	NA	269	2070	5.66898
NKG7	NA	11	826	0.580946
NKILA	NA	39	2598	0.65486
NKIRAS1	NA	456	1995	9.97115
NKIRAS2	NA	1176	2541	20.1895
NKPD1	NA	5	4687	0.046537
NKRF	NA	795	3992	8.6876
NKTR	NA	1349	7302	8.05923
NKX1-1	NA	1	1347	0.0323859
NKX1-2	NA	2	971	0.0898533
NKX2-1	NA	0	2509	0
NKX2-1-AS1	NA	0	1775	0
NKX2-2	NA	0	2080	0
NKX2-3	NA	0	2096	0
NKX2-4	NA	0	1619	0
NKX2-5	NA	2	1961	0.0444914
NKX2-6	NA	0	906	0
NKX2-8	NA	0	1803	0
NKX3-1	NA	48	3281	0.638202
NKX3-2	NA	6	2241	0.116797
NKX6-1	NA	0	1116	0
NKX6-2	NA	4	1019	0.171242
NKX6-3	NA	0	551	0
NLE1	NA	1352	2742	21.5096
NLGN1	NA	63	4947	0.555548
NLGN1-AS1	NA	0	814	0
NLGN2	NA	4051	4646	38.037
NLGN3	NA	28	3985	0.306516
NLGN4X	NA	41	6679	0.267791
NLGN4Y	NA	534	6344	3.67199
NLGN4Y-AS1	NA	0	532	0
NLK	NA	428	3538	5.27727
NLN	NA	1759	8661	8.85974
NLRC3	NA	33	6609	0.217822
NLRC4	NA	29	3517	0.359707
NLRC5	NA	4	6724	0.0259511
NLRP1	NA	41	6099	0.293257
NLRP10	NA	4	2020	0.0863837
NLRP11	NA	28	4041	0.302268
NLRP12	NA	8	3866	0.0902716
NLRP13	NA	2	3157	0.0276362
NLRP14	NA	9	3823	0.102698
NLRP2	NA	4	3669	0.0475593
NLRP3	NA	1	4495	0.00970495
NLRP4	NA	118	3674	1.40109
NLRP5	NA	2	3883	0.0224691
NLRP6	NA	5	2763	0.0789428
NLRP7	NA	4	3421	0.051007
NLRP8	NA	0	3934	0
NLRP9	NA	15	3484	0.187818
NLRX1	NA	1	4258	0.0102451
NMB	NA	57	1030	2.41413
NMBR	NA	2	1354	0.0644369
NMD3	NA	1283	2728	20.5166
NME1	NA	6005	1031	254.084
NME1-NME2	NA	8172	1295	275.285
NME2	NA	6683	1244	234.355
NME3	NA	862	1014	37.0845
NME4	NA	3280	2067	69.224
NME5	NA	0	1226	0
NME6	NA	194	3304	2.56144
NME7	NA	619	1702	15.8655
NME8	NA	0	2311	0
NME9	NA	12	2133	0.245422
NMI	NA	1	1479	0.0294955
NMNAT1	NA	479	4395	4.75445
NMNAT2	NA	40	5765	0.30268
NMNAT3	NA	2	2067	0.0422097
NMRAL1	NA	1807	1523	51.7585
NMRK1	NA	53	1450	1.59452
NMRK2	NA	1785	1141	68.2458
NMS	NA	0	485	0
NMT1	NA	3952	4897	35.2055
NMT2	NA	528	5061	4.55115
NMU	NA	14	973	0.62768
NMUR1	NA	0	3274	0
NMUR2	NA	0	2064	0
NNAT	NA	1	1302	0.0335052
NNMT	NA	0	1578	0
NNT	NA	232	4846	2.08847
NNT-AS1	NA	12	3304	0.15844
NOA1	NA	896	2272	17.2037
NOB1	NA	3311	1775	81.3737
NOBOX	NA	0	2076	0
NOC2L	NA	8599	2800	133.972
NOC3L	NA	1709	3492	21.3497
NOC4L	NA	795	1685	20.5821
NOD1	NA	125	4496	1.21285
NOD2	NA	2	4624	0.0188684
NODAL	NA	7	2086	0.146388
NOG	NA	3	1892	0.0691709
NOL10	NA	2154	3498	26.8627
NOL11	NA	2486	2624	41.3295
NOL12	NA	538	2840	8.26394
NOL3	NA	416	1896	9.57146
NOL4	NA	0	4623	0
NOL4L	NA	356	6984	2.22366
NOL6	NA	3214	4853	28.8907
NOL7	NA	1238	874	61.792
NOL8	NA	1891	5229	15.776
NOL9	NA	1438	6712	9.34609
NOLC1	NA	11544	3970	126.85
NOM1	NA	1126	6077	8.083
NOMO1	NA	3721	4247	38.2209
NOMO2	NA	6381	4253	65.451
NOMO3	NA	3865	4316	39.0653
NONO	NA	9305	3218	126.14
NOP10	NA	3737	535	304.714
NOP14	NA	3171	3655	37.8471
NOP14-AS1	NA	579	3866	6.53341
NOP16	NA	2492	1902	57.1559
NOP2	NA	5468	2981	80.0184
NOP56	NA	7510	2193	149.391
NOP58	NA	4236	1965	94.0409
NOP9	NA	1637	6043	11.8173
NOS1	NA	3	12534	0.0104413
NOS1AP	NA	15	6885	0.0950409
NOS2	NA	116	4206	1.20313
NOS3	NA	723	5123	6.15655
NOSIP	NA	2177	1367	69.4725
NOSTRIN	NA	14	2819	0.216649
NOTCH1	NA	1516	9295	7.11497
NOTCH2	NA	1691	11825	6.23829
NOTCH2NL	NA	244	5318	2.00154
NOTCH3	NA	1784	8071	9.64252
NOTCH4	NA	47	43362	0.0472837
NOTO	NA	1	1448	0.0301269
NOTUM	NA	30	2217	0.590308
NOV	NA	1	2601	0.0167719
NOVA1	NA	25	4291	0.254159
NOVA2	NA	35	1877	0.813443
NOX1	NA	12	2529	0.206993
NOX3	NA	0	2044	0
NOX4	NA	5	5381	0.040535
NOX5	NA	2	3126	0.0279103
NOXA1	NA	13	1633	0.34728
NOXO1	NA	120	1636	3.19979
NOXRED1	NA	20	1856	0.470084
NPAP1	NA	0	8053	0
NPAS1	NA	452	2043	9.65147
NPAS2	NA	1	4004	0.010895
NPAS3	NA	0	5984	0
NPAS4	NA	18	3302	0.237804
NPAT	NA	436	5936	3.20417
NPB	NA	91	617	6.43398
NPBWR1	NA	0	987	0
NPBWR2	NA	0	1002	0
NPC1	NA	1480	4814	13.4115
NPC1L1	NA	17	5251	0.141231
NPC2	NA	2768	897	134.616
NPDC1	NA	3010	1528	85.9343
NPEPL1	NA	407	2373	7.48204
NPEPPS	NA	2162	4339	21.7365
NPFF	NA	52	592	3.83182
NPFFR1	NA	0	1311	0
NPFFR2	NA	0	2449	0
NPHP1	NA	326	2750	5.1714
NPHP3	NA	569	5398	4.59836
NPHP3-ACAD11	NA	1857	7788	10.4018
NPHP3-AS1	NA	1	2490	0.0175196
NPHP4	NA	498	5556	3.91012
NPHS1	NA	17	5024	0.147612
NPHS2	NA	0	1874	0
NPIPA1	NA	1119	1102	44.2967
NPIPA2	NA	1409	2176	28.2472
NPIPA3	NA	1425	2196	28.3078
NPIPA5	NA	1885	1088	75.5798
NPIPA7	NA	1356	1159	51.0387
NPIPA8	NA	1356	1159	51.0387
NPIPB15	NA	104	1388	3.26864
NPIPB3	NA	4773	3620	57.5183
NPIPB5	NA	4798	3816	54.8498
NPIPB6	NA	236	1405	7.32755
NPIPB9	NA	209	1491	6.11494
NPL	NA	18	3166	0.248019
NPLOC4	NA	5155	4665	48.2059
NPM1	NA	31761	1780	778.39
NPM2	NA	3	1721	0.0760438
NPM3	NA	2056	877	102.27
NPNT	NA	0	4733	0
NPPA	NA	45	854	2.29868
NPPA-AS1	NA	166	1662	4.35713
NPPB	NA	4	698	0.249993
NPPC	NA	132	701	8.21446
NPR1	NA	16	4185	0.166781
NPR2	NA	35	3430	0.445141
NPR3	NA	1	7597	0.00574224
NPRL2	NA	546	1664	14.3141
NPRL3	NA	1529	3177	20.9949
NPS	NA	0	322	0
NPSR1	NA	0	1970	0
NPSR1-AS1	NA	0	6188	0
NPTN	NA	1102	2454	19.5898
NPTN-IT1	NA	7	2606	0.117178
NPTX1	NA	31	5437	0.248729
NPTX2	NA	10	2713	0.160795
NPTXR	NA	1326	5815	9.94757
NPVF	NA	1	1188	0.0367203
NPW	NA	20	1016	0.858736
NPY	NA	0	560	0
NPY1R	NA	0	2958	0
NPY2R	NA	6	3628	0.0721452
NPY4R	NA	0	1956	0
NPY5R	NA	0	1843	0
NPY6R	NA	0	2987	0
NQO1	NA	3228	2629	53.5632
NQO2	NA	1750	1787	42.7205
NR0B1	NA	0	1585	0
NR0B2	NA	2	1271	0.0686448
NR1D1	NA	278	2775	4.37024
NR1D2	NA	610	5498	4.84003
NR1H2	NA	720	2090	15.0283
NR1H3	NA	192	2315	3.61804
NR1H4	NA	1	2589	0.0168497
NR1I2	NA	0	4560	0
NR1I3	NA	120	1408	3.71794
NR2C1	NA	1408	4533	13.55
NR2C2	NA	1149	8481	5.91012
NR2C2AP	NA	1029	1303	34.4504
NR2E1	NA	0	3352	0
NR2E3	NA	9	2813	0.139571
NR2F1	NA	4190	3726	49.0563
NR2F1-AS1	NA	297	6748	1.92001
NR2F2	NA	1941	6110	13.8582
NR2F2-AS1	NA	7	1836	0.166322
NR2F6	NA	4216	1804	101.95
NR3C1	NA	0	9455	0
NR3C2	NA	4	5898	0.0295855
NR4A1	NA	841	3942	9.30685
NR4A2	NA	6	3531	0.0741271
NR4A3	NA	51	6311	0.352529
NR5A1	NA	10	3095	0.140949
NR5A2	NA	1	5225	0.00834905
NR6A1	NA	632	7064	3.90292
NRADDP	NA	10	1012	0.431065
NRAP	NA	3	5535	0.0236443
NRARP	NA	311	2621	5.17627
NRAS	NA	2441	4454	23.9079
NRAV	NA	316	1897	7.2668
NRBF2	NA	694	1901	15.9258
NRBP1	NA	1893	2199	37.5533
NRBP2	NA	1888	3723	22.1224
NRCAM	NA	1	6685	0.00652562
NRD1	NA	6590	4082	70.4264
NRDE2	NA	724	4010	7.87621
NREP	NA	2	3408	0.0256008
NREP-AS1	NA	0	610	0
NRF1	NA	477	3693	5.63459
NRG1	NA	32	7788	0.179245
NRG1-IT1	NA	0	630	0
NRG1-IT3	NA	0	505	0
NRG2	NA	45	4004	0.490277
NRG3	NA	0	4198	0
NRG3-AS1	NA	0	490	0
NRG4	NA	91	2181	1.82016
NRGN	NA	94	1218	3.3667
NRIP1	NA	1576	7556	9.09887
NRIP2	NA	27	2777	0.424142
NRIP3	NA	26	3809	0.297773
NRIR	NA	0	832	0
NRK	NA	1	8062	0.00541104
NRL	NA	30	1974	0.662975
NRM	NA	693	12769	2.36755
NRN1	NA	0	2622	0
NRN1L	NA	5	633	0.34458
NRON	NA	3	2730	0.0479382
NRP1	NA	505	5914	3.72506
NRP2	NA	9	7719	0.0508633
NRROS	NA	3210	2553	54.8501
NRSN1	NA	0	2408	0
NRSN2	NA	1539	2386	28.1379
NRSN2-AS1	NA	99	1394	3.0981
NRTN	NA	121	1104	4.78123
NRXN1	NA	4	10626	0.0164215
NRXN2	NA	81	7400	0.477503
NRXN3	NA	0	14380	0
NSA2	NA	1336	1503	38.7767
NSD1	NA	2610	13059	8.71874
NSDHL	NA	1312	1630	35.1131
NSF	NA	994	5563	7.79472
NSFL1C	NA	3151	3574	38.4607
NSFP1	NA	147	2348	2.73113
NSG1	NA	1182	2806	18.3761
NSL1	NA	871	13220	2.87415
NSMAF	NA	1211	3782	13.9684
NSMCE1	NA	666	1062	27.3573
NSMCE2	NA	322	1212	11.5898
NSMCE4A	NA	1620	1405	50.2993
NSMF	NA	3764	3654	44.937
NSRP1	NA	1203	2515	20.8666
NSUN2	NA	5737	3372	74.2199
NSUN3	NA	76	1435	2.31039
NSUN4	NA	499	5799	3.7538
NSUN5	NA	2604	2447	46.4227
NSUN5P1	NA	1352	2048	28.7985
NSUN5P2	NA	1343	1767	33.156
NSUN6	NA	361	2570	6.1277
NSUN7	NA	0	3698	0
NT5C	NA	964	1037	40.5529
NT5C1A	NA	0	1107	0
NT5C1B	NA	58	2927	0.864427
NT5C1B-RDH14	NA	646	2988	9.43138
NT5C2	NA	3847	3534	47.4875
NT5C3A	NA	577	2140	11.7621
NT5C3B	NA	1615	1646	42.8022
NT5DC1	NA	665	3129	9.27127
NT5DC2	NA	3643	2360	67.3396
NT5DC3	NA	501	7214	3.0296
NT5E	NA	35	4068	0.375327
NT5M	NA	94	1588	2.58226
NTAN1	NA	1202	1219	43.0154
NTF3	NA	0	1397	0
NTF4	NA	163	999	7.11779
NTHL1	NA	263	1067	10.7526
NTM	NA	254	4185	2.64766
NTM-IT	NA	0	764	0
NTMT1	NA	2155	2063	45.5692
NTN1	NA	164	5954	1.2016
NTN3	NA	5	1986	0.109828
NTN4	NA	101	3615	1.21881
NTN5	NA	46	1910	1.05062
NTNG1	NA	817	3477	10.2504
NTNG2	NA	66	3091	0.931468
NTPCR	NA	819	902	39.6096
NTRK1	NA	2	2857	0.0305382
NTRK2	NA	2	20458	0.00426472
NTRK3	NA	19	5238	0.158238
NTRK3-AS1	NA	0	2663	0
NTS	NA	0	1239	0
NTSR1	NA	11	4132	0.116133
NTSR2	NA	1	1608	0.0271292
NUAK1	NA	1898	6821	12.1387
NUAK2	NA	1862	3437	23.6332
NUB1	NA	730	3173	10.0364
NUBP1	NA	300	1287	10.1687
NUBP2	NA	1410	1581	38.9055
NUBPL	NA	211	3403	2.70485
NUCB1	NA	2597	2579	43.9282
NUCB1-AS1	NA	180	433	18.1346
NUCB2	NA	221	1612	5.98068
NUCKS1	NA	9978	6464	67.3388
NUDC	NA	7576	1813	182.291
NUDCD1	NA	1052	4082	11.2426
NUDCD2	NA	658	948	30.2789
NUDCD3	NA	1453	4917	12.8911
NUDT1	NA	326	838	16.9706
NUDT10	NA	18	2075	0.378423
NUDT11	NA	117	2396	2.13021
NUDT12	NA	423	3500	5.27224
NUDT13	NA	46	2296	0.873995
NUDT14	NA	678	867	34.1141
NUDT15	NA	1419	2484	24.9203
NUDT16	NA	1122	6777	7.22235
NUDT16L1	NA	926	1420	28.4476
NUDT16P1	NA	2	2364	0.0369067
NUDT17	NA	74	1091	2.9589
NUDT18	NA	64	1519	1.838
NUDT19	NA	1144	2967	16.8202
NUDT2	NA	430	1075	17.4495
NUDT21	NA	4565	4407	45.1878
NUDT22	NA	304	1126	11.7776
NUDT3	NA	1090	2394	19.8621
NUDT4	NA	1508	5056	13.0112
NUDT4P1	NA	1459	3796	16.7669
NUDT4P2	NA	1458	3833	16.5937
NUDT5	NA	4193	1204	151.922
NUDT6	NA	517	1373	16.4264
NUDT7	NA	91	1326	2.99379
NUDT8	NA	126	816	6.73602
NUDT9	NA	487	2816	7.54431
NUDT9P1	NA	2	1077	0.0810098
NUF2	NA	363	1989	7.9615
NUFIP1	NA	984	3487	12.3102
NUFIP2	NA	3073	10880	12.3213
NUGGC	NA	0	3887	0
NUMA1	NA	3946	7585	22.6947
NUMB	NA	1288	3644	15.4192
NUMBL	NA	1337	3649	15.9838
NUP107	NA	1153	3124	16.1006
NUP133	NA	2163	4170	22.6279
NUP153	NA	2961	6030	21.4212
NUP155	NA	1576	4747	14.4831
NUP160	NA	2277	5383	18.4528
NUP188	NA	3617	5695	27.7063
NUP205	NA	2393	6265	16.6627
NUP210	NA	2805	7208	16.9762
NUP210L	NA	2	5882	0.014833
NUP210P1	NA	0	876	0
NUP214	NA	1700	7600	9.75795
NUP35	NA	398	2006	8.65517
NUP37	NA	1495	1205	54.1224
NUP43	NA	1547	3873	17.4247
NUP50	NA	3765	5501	29.857
NUP50-AS1	NA	467	1518	13.4205
NUP54	NA	1974	2557	33.6775
NUP62	NA	4973	3619	59.945
NUP62CL	NA	0	1762	0
NUP85	NA	1272	2363	23.4826
NUP88	NA	2146	2495	37.5217
NUP93	NA	2461	3716	28.8908
NUP98	NA	4199	7759	23.6082
NUPL1	NA	1347	4335	13.5551
NUPL2	NA	586	1797	14.2257
NUPR1	NA	7845	912	375.251
NUPR1L	NA	0	600	0
NUS1	NA	2703	4807	24.5299
NUSAP1	NA	2408	2454	42.806
NUTF2	NA	3303	886	162.629
NUTM1	NA	2	4196	0.020793
NUTM2A	NA	110	3288	1.45943
NUTM2A-AS1	NA	231	822	12.2592
NUTM2B	NA	111	3292	1.47091
NUTM2B-AS1	NA	533	5206	4.46628
NUTM2D	NA	80	5543	0.629605
NUTM2F	NA	9	2561	0.153305
NUTM2G	NA	21	5249	0.174528
NVL	NA	2103	3006	30.5192
NWD1	NA	0	8403	0
NWD2	NA	0	7477	0
NXF1	NA	4771	4147	50.1879
NXF2	NA	0	2401	0
NXF2B	NA	0	2401	0
NXF3	NA	1	1895	0.0230205
NXF4	NA	1	3615	0.0120674
NXF5	NA	0	2062	0
NXN	NA	3320	3121	46.4053
NXNL1	NA	0	908	0
NXNL2	NA	37	1630	0.990233
NXPE1	NA	0	1925	0
NXPE2	NA	0	1778	0
NXPE3	NA	399	9053	1.92266
NXPE4	NA	0	2163	0
NXPH1	NA	1	2921	0.0149345
NXPH2	NA	0	2560	0
NXPH3	NA	1812	5552	14.2374
NXPH4	NA	18	1804	0.43527
NXT1	NA	946	1117	36.9455
NXT2	NA	91	2966	1.33842
NYAP1	NA	1207	3583	14.6955
NYAP2	NA	0	4590	0
NYNRIN	NA	2340	7857	12.9922
NYX	NA	0	2629	0
OACYLP	NA	0	591	0
OAF	NA	493	1862	11.5502
OARD1	NA	590	1174	21.9234
OAS1	NA	1	1989	0.0219325
OAS2	NA	0	6169	0
OAS3	NA	34	6639	0.223408
OASL	NA	0	2085	0
OAT	NA	2524	2092	52.6321
OAZ1	NA	9555	1181	352.943
OAZ2	NA	1580	1934	35.6389
OAZ3	NA	271	1172	10.0871
OBFC1	NA	307	6481	2.06642
OBP2A	NA	0	754	0
OBP2B	NA	0	1068	0
OBSCN	NA	954	28628	1.45372
OBSL1	NA	1766	7275	10.5896
OC90	NA	0	1782	0
OCA2	NA	62	3140	0.861361
OCEL1	NA	319	1133	12.2824
OCIAD1	NA	2671	2332	49.9653
OCIAD2	NA	4	825	0.211509
OCLM	NA	3	884	0.148044
OCLN	NA	209	6576	1.38646
OCM	NA	0	696	0
OCM2	NA	0	587	0
OCRL	NA	1081	5154	9.14965
OCSTAMP	NA	0	1958	0
ODAM	NA	0	1288	0
ODC1	NA	11777	2626	195.642
ODF1	NA	0	994	0
ODF2	NA	1581	4861	14.1883
ODF2L	NA	478	6471	3.2224
ODF3	NA	0	1284	0
ODF3B	NA	6	970	0.269838
ODF3L1	NA	10	1193	0.365664
ODF3L2	NA	31	1604	0.843103
ODF4	NA	0	1149	0
OFD1	NA	884	3651	10.5624
OGDH	NA	2412	4840	21.7398
OGDHL	NA	588	3762	6.81839
OGFOD1	NA	2074	3020	29.9588
OGFOD2	NA	671	2789	10.4954
OGFOD3	NA	525	4513	5.07478
OGFR	NA	1388	2420	25.0206
OGFR-AS1	NA	8	668	0.52244
OGFRL1	NA	4	1740	0.100285
OGFRP1	NA	15	1242	0.526857
OGG1	NA	493	2841	7.57005
OGN	NA	2	3067	0.0284472
OGT	NA	3409	5482	27.1276
OIP5	NA	506	1236	17.8589
OIP5-AS1	NA	691	1894	15.9155
OIT3	NA	0	2393	0
OLA1	NA	3886	4356	38.9169
OLAH	NA	2	1834	0.0475723
OLFM1	NA	123	3855	1.39189
OLFM2	NA	561	2314	10.576
OLFM3	NA	0	4500	0
OLFM4	NA	0	2919	0
OLFML1	NA	174	2903	2.61472
OLFML2A	NA	154	6752	0.994973
OLFML2B	NA	4	3774	0.0462361
OLFML3	NA	7	2113	0.144518
OLIG1	NA	0	2279	0
OLIG2	NA	0	2514	0
OLIG3	NA	0	2196	0
OLMALINC	NA	33	988	1.45707
OLR1	NA	8	2516	0.138708
OMA1	NA	388	1934	8.75182
OMD	NA	1	2542	0.0171612
OMG	NA	4	1895	0.0920818
OMP	NA	0	492	0
ONECUT1	NA	0	2407	0
ONECUT2	NA	10	16122	0.0270585
ONECUT3	NA	3	1485	0.0881288
OOEP	NA	2	677	0.128874
OOSP1	NA	0	1163	0
OOSP2	NA	0	1632	0
OPA1	NA	2005	6493	13.4708
OPA1-AS1	NA	2	502	0.1738
OPA3	NA	1005	9563	4.58453
OPALIN	NA	0	4009	0
OPCML	NA	2	6545	0.0133304
OPHN1	NA	78	7531	0.45182
OPLAH	NA	1	4031	0.0108221
OPN1LW	NA	0	1261	0
OPN1MW	NA	2	3996	0.0218337
OPN1MW2	NA	0	2566	0
OPN1SW	NA	18	1098	0.715144
OPN3	NA	134	2632	2.22097
OPN4	NA	0	2405	0
OPN5	NA	0	3777	0
OPRD1	NA	0	1774	0
OPRK1	NA	1	5196	0.00839565
OPRL1	NA	74	3604	0.895716
OPRM1	NA	2	19723	0.00442364
OPTC	NA	3	1444	0.0906311
OPTN	NA	970	3597	11.764
OR10A2	NA	1	912	0.0478331
OR10A3	NA	3	945	0.138488
OR10A4	NA	0	995	0
OR10A5	NA	0	954	0
OR10A6	NA	0	945	0
OR10A7	NA	0	951	0
OR10AD1	NA	0	954	0
OR10AG1	NA	0	906	0
OR10C1	NA	1	4659	0.00936333
OR10G2	NA	0	1105	0
OR10G3	NA	0	942	0
OR10G4	NA	0	936	0
OR10G7	NA	0	936	0
OR10G8	NA	0	936	0
OR10G9	NA	0	936	0
OR10H1	NA	2	1120	0.0778996
OR10H2	NA	0	1029	0
OR10H3	NA	0	951	0
OR10H4	NA	0	951	0
OR10H5	NA	1	948	0.0460166
OR10J1	NA	0	1089	0
OR10J3	NA	0	990	0
OR10J5	NA	0	930	0
OR10K1	NA	0	942	0
OR10K2	NA	0	939	0
OR10P1	NA	0	942	0
OR10Q1	NA	0	1037	0
OR10R2	NA	0	1008	0
OR10S1	NA	0	996	0
OR10T2	NA	0	945	0
OR10V1	NA	0	930	0
OR10V2P	NA	0	770	0
OR10W1	NA	0	1469	0
OR10X1	NA	0	981	0
OR10Z1	NA	0	942	0
OR11A1	NA	0	9419	0
OR11G2	NA	0	1038	0
OR11H1	NA	0	981	0
OR11H12	NA	0	981	0
OR11H2	NA	0	1085	0
OR11H4	NA	0	975	0
OR11H6	NA	0	993	0
OR11L1	NA	0	969	0
OR12D2	NA	1	4461	0.00977892
OR12D3	NA	2	7799	0.011187
OR13A1	NA	0	2078	0
OR13C2	NA	0	957	0
OR13C3	NA	0	1044	0
OR13C4	NA	0	957	0
OR13C5	NA	0	957	0
OR13C8	NA	0	963	0
OR13C9	NA	0	957	0
OR13D1	NA	0	1041	0
OR13F1	NA	0	960	0
OR13G1	NA	0	924	0
OR13H1	NA	0	927	0
OR13J1	NA	1	939	0.0464577
OR14A16	NA	0	930	0
OR14C36	NA	0	939	0
OR14I1	NA	0	936	0
OR14J1	NA	1	4050	0.0107713
OR1A1	NA	0	930	0
OR1A2	NA	0	932	0
OR1B1	NA	0	957	0
OR1C1	NA	0	945	0
OR1D2	NA	0	939	0
OR1D4	NA	0	590	0
OR1D5	NA	0	939	0
OR1E1	NA	0	945	0
OR1E2	NA	0	972	0
OR1F1	NA	11	939	0.511035
OR1F2P	NA	5	985	0.22144
OR1G1	NA	0	942	0
OR1I1	NA	0	1068	0
OR1J1	NA	0	969	0
OR1J2	NA	0	942	0
OR1J4	NA	0	942	0
OR1K1	NA	0	951	0
OR1L1	NA	0	933	0
OR1L3	NA	0	975	0
OR1L4	NA	0	936	0
OR1L6	NA	0	936	0
OR1L8	NA	1	930	0.0469073
OR1M1	NA	0	942	0
OR1N1	NA	0	936	0
OR1N2	NA	0	993	0
OR1Q1	NA	0	945	0
OR1S1	NA	0	978	0
OR1S2	NA	0	978	0
OR2A1	NA	0	933	0
OR2A1-AS1	NA	0	946	0
OR2A12	NA	0	933	0
OR2A14	NA	0	933	0
OR2A2	NA	0	957	0
OR2A20P	NA	1	930	0.0469073
OR2A25	NA	0	933	0
OR2A4	NA	0	1758	0
OR2A42	NA	0	933	0
OR2A5	NA	0	936	0
OR2A7	NA	0	933	0
OR2A9P	NA	1	985	0.0442881
OR2AE1	NA	0	972	0
OR2AG1	NA	0	998	0
OR2AG2	NA	0	951	0
OR2AK2	NA	0	1008	0
OR2AP1	NA	0	930	0
OR2AT4	NA	0	963	0
OR2B11	NA	0	954	0
OR2B2	NA	0	1212	0
OR2B3	NA	9	4563	0.0860429
OR2B6	NA	24	942	1.11143
OR2C1	NA	0	1036	0
OR2C3	NA	0	2742	0
OR2D2	NA	0	927	0
OR2D3	NA	0	993	0
OR2F1	NA	0	1089	0
OR2F2	NA	0	954	0
OR2G2	NA	0	954	0
OR2G3	NA	0	930	0
OR2G6	NA	0	951	0
OR2H1	NA	1	13076	0.00333617
OR2H2	NA	2	3672	0.0237602
OR2J2	NA	0	4303	0
OR2J3	NA	44	4575	0.419551
OR2K2	NA	1	951	0.0458715
OR2L13	NA	0	2046	0
OR2L1P	NA	0	925	0
OR2L2	NA	0	1134	0
OR2L3	NA	0	939	0
OR2L5	NA	0	939	0
OR2L8	NA	0	939	0
OR2M1P	NA	0	645	0
OR2M2	NA	0	1044	0
OR2M3	NA	0	939	0
OR2M4	NA	0	936	0
OR2M5	NA	0	939	0
OR2M7	NA	0	939	0
OR2S2	NA	0	1047	0
OR2T1	NA	0	1110	0
OR2T10	NA	0	939	0
OR2T11	NA	0	951	0
OR2T12	NA	0	963	0
OR2T2	NA	0	975	0
OR2T27	NA	0	954	0
OR2T29	NA	0	948	0
OR2T3	NA	0	957	0
OR2T33	NA	0	963	0
OR2T34	NA	0	957	0
OR2T35	NA	0	972	0
OR2T4	NA	0	1047	0
OR2T5	NA	0	948	0
OR2T6	NA	0	927	0
OR2T8	NA	0	939	0
OR2V1	NA	0	948	0
OR2V2	NA	0	948	0
OR2W1	NA	1	4005	0.0108923
OR2W3	NA	0	945	0
OR2W5	NA	0	1342	0
OR2Y1	NA	0	936	0
OR2Z1	NA	0	1056	0
OR3A1	NA	0	948	0
OR3A2	NA	0	1085	0
OR3A3	NA	0	966	0
OR3A4P	NA	0	1202	0
OR4A15	NA	0	1035	0
OR4A16	NA	1	987	0.0441984
OR4A47	NA	0	930	0
OR4A5	NA	0	1071	0
OR4B1	NA	0	930	0
OR4C11	NA	0	1045	0
OR4C12	NA	0	1063	0
OR4C13	NA	0	1029	0
OR4C15	NA	0	1113	0
OR4C16	NA	0	933	0
OR4C3	NA	0	990	0
OR4C45	NA	0	919	0
OR4C46	NA	0	930	0
OR4C6	NA	0	930	0
OR4D1	NA	0	933	0
OR4D10	NA	1	936	0.0466066
OR4D11	NA	0	936	0
OR4D2	NA	0	924	0
OR4D5	NA	0	957	0
OR4D6	NA	0	945	0
OR4D9	NA	0	945	0
OR4E2	NA	0	942	0
OR4F13P	NA	0	2054	0
OR4F15	NA	0	939	0
OR4F16	NA	55	1878	1.27759
OR4F17	NA	0	918	0
OR4F21	NA	10	939	0.464577
OR4F29	NA	55	1878	1.27759
OR4F3	NA	55	1878	1.27759
OR4F4	NA	0	918	0
OR4F5	NA	0	918	0
OR4F6	NA	0	939	0
OR4K1	NA	0	1076	0
OR4K13	NA	0	915	0
OR4K14	NA	0	933	0
OR4K15	NA	0	1047	0
OR4K17	NA	0	1032	0
OR4K2	NA	0	945	0
OR4K5	NA	0	972	0
OR4L1	NA	0	939	0
OR4M1	NA	0	942	0
OR4M2	NA	0	1084	0
OR4N2	NA	0	1008	0
OR4N3P	NA	0	934	0
OR4N4	NA	0	1434	0
OR4N5	NA	0	927	0
OR4P4	NA	0	939	0
OR4Q3	NA	0	942	0
OR4S1	NA	0	930	0
OR4S2	NA	0	936	0
OR4X1	NA	0	918	0
OR4X2	NA	0	912	0
OR51A2	NA	0	942	0
OR51A4	NA	0	942	0
OR51A7	NA	0	939	0
OR51B2	NA	0	1055	0
OR51B4	NA	0	933	0
OR51B5	NA	0	1934	0
OR51B6	NA	0	939	0
OR51D1	NA	0	1124	0
OR51E1	NA	0	3104	0
OR51E2	NA	0	2785	0
OR51F1	NA	0	939	0
OR51F2	NA	0	1029	0
OR51G1	NA	0	966	0
OR51G2	NA	0	945	0
OR51I1	NA	0	1012	0
OR51I2	NA	0	1070	0
OR51L1	NA	0	948	0
OR51M1	NA	0	1058	0
OR51Q1	NA	0	1096	0
OR51S1	NA	0	972	0
OR51T1	NA	0	1065	0
OR51V1	NA	0	966	0
OR52A1	NA	0	939	0
OR52A5	NA	0	951	0
OR52B2	NA	0	972	0
OR52B4	NA	0	1124	0
OR52B6	NA	0	1008	0
OR52D1	NA	0	1064	0
OR52E2	NA	2	978	0.0892102
OR52E4	NA	0	939	0
OR52E6	NA	0	942	0
OR52E8	NA	0	954	0
OR52H1	NA	0	963	0
OR52I1	NA	0	975	0
OR52I2	NA	0	1115	0
OR52J3	NA	0	936	0
OR52K1	NA	1	1030	0.0423532
OR52K2	NA	1	1067	0.0408845
OR52L1	NA	0	1094	0
OR52M1	NA	0	954	0
OR52N1	NA	0	963	0
OR52N2	NA	0	966	0
OR52N4	NA	0	1037	0
OR52N5	NA	0	1034	0
OR52R1	NA	0	948	0
OR52W1	NA	0	963	0
OR56A1	NA	0	1071	0
OR56A3	NA	0	948	0
OR56A4	NA	0	1098	0
OR56A5	NA	0	942	0
OR56B1	NA	0	1091	0
OR56B4	NA	0	1152	0
OR5A1	NA	0	948	0
OR5A2	NA	0	975	0
OR5AC2	NA	0	930	0
OR5AK2	NA	0	930	0
OR5AK4P	NA	0	927	0
OR5AN1	NA	0	936	0
OR5AP2	NA	0	951	0
OR5AR1	NA	0	933	0
OR5AS1	NA	0	975	0
OR5AU1	NA	0	1089	0
OR5B12	NA	0	1054	0
OR5B17	NA	0	945	0
OR5B2	NA	0	1049	0
OR5B21	NA	0	930	0
OR5B3	NA	0	945	0
OR5C1	NA	0	963	0
OR5D13	NA	0	945	0
OR5D14	NA	0	945	0
OR5D16	NA	0	987	0
OR5D18	NA	0	942	0
OR5E1P	NA	7	521	0.586116
OR5F1	NA	0	945	0
OR5H1	NA	0	942	0
OR5H14	NA	0	933	0
OR5H15	NA	0	942	0
OR5H2	NA	0	945	0
OR5H6	NA	0	978	0
OR5I1	NA	0	945	0
OR5J2	NA	0	939	0
OR5K1	NA	0	1097	0
OR5K2	NA	0	951	0
OR5K3	NA	0	966	0
OR5K4	NA	0	966	0
OR5L1	NA	0	936	0
OR5L2	NA	0	936	0
OR5M1	NA	0	948	0
OR5M10	NA	0	948	0
OR5M11	NA	0	918	0
OR5M3	NA	0	1051	0
OR5M8	NA	0	936	0
OR5M9	NA	0	933	0
OR5P2	NA	0	969	0
OR5P3	NA	5	936	0.233033
OR5R1	NA	0	975	0
OR5T1	NA	0	981	0
OR5T2	NA	0	1080	0
OR5T3	NA	0	1023	0
OR5V1	NA	2	4379	0.0199241
OR5W2	NA	0	933	0
OR6A2	NA	0	1384	0
OR6B1	NA	0	936	0
OR6B2	NA	0	939	0
OR6B3	NA	0	996	0
OR6C1	NA	0	939	0
OR6C2	NA	0	939	0
OR6C3	NA	0	936	0
OR6C4	NA	0	930	0
OR6C6	NA	0	945	0
OR6C65	NA	0	939	0
OR6C68	NA	0	939	0
OR6C70	NA	0	939	0
OR6C74	NA	0	939	0
OR6C75	NA	0	939	0
OR6C76	NA	0	939	0
OR6F1	NA	0	927	0
OR6K2	NA	0	975	0
OR6K3	NA	0	948	0
OR6K6	NA	0	1032	0
OR6M1	NA	0	942	0
OR6N1	NA	0	939	0
OR6N2	NA	0	954	0
OR6P1	NA	0	954	0
OR6Q1	NA	0	954	0
OR6S1	NA	0	996	0
OR6T1	NA	0	972	0
OR6V1	NA	0	942	0
OR6W1P	NA	0	1502	0
OR6X1	NA	0	939	0
OR6Y1	NA	0	978	0
OR7A10	NA	0	930	0
OR7A17	NA	0	930	0
OR7A5	NA	0	2138	0
OR7C1	NA	0	963	0
OR7C2	NA	0	960	0
OR7D2	NA	3	3224	0.0405928
OR7D4	NA	0	1022	0
OR7E12P	NA	48	1209	1.73196
OR7E14P	NA	17	1159	0.639866
OR7E156P	NA	10	2647	0.164805
OR7E24	NA	0	1020	0
OR7E2P	NA	0	1024	0
OR7E37P	NA	57	1203	2.06696
OR7E47P	NA	0	2010	0
OR7E5P	NA	0	1833	0
OR7E91P	NA	0	1230	0
OR7G1	NA	0	936	0
OR7G2	NA	0	1038	0
OR7G3	NA	0	939	0
OR8A1	NA	0	981	0
OR8B12	NA	0	933	0
OR8B2	NA	0	942	0
OR8B3	NA	0	942	0
OR8B4	NA	0	930	0
OR8B8	NA	0	936	0
OR8D1	NA	0	927	0
OR8D2	NA	0	936	0
OR8D4	NA	0	945	0
OR8G1	NA	0	933	0
OR8G2	NA	0	1025	0
OR8G5	NA	0	1041	0
OR8H1	NA	0	936	0
OR8H2	NA	0	939	0
OR8H3	NA	0	939	0
OR8I2	NA	0	933	0
OR8J1	NA	0	1074	0
OR8J3	NA	0	948	0
OR8K1	NA	0	960	0
OR8K3	NA	0	939	0
OR8K5	NA	0	924	0
OR8S1	NA	0	1080	0
OR8U1	NA	0	930	0
OR8U8	NA	0	866	0
OR9A2	NA	0	933	0
OR9A4	NA	0	945	0
OR9G1	NA	0	918	0
OR9G4	NA	0	984	0
OR9G9	NA	0	918	0
OR9I1	NA	0	945	0
OR9K2	NA	0	1008	0
OR9Q1	NA	0	2438	0
OR9Q2	NA	0	1085	0
ORAI1	NA	1589	1502	46.1506
ORAI2	NA	1979	10811	7.98552
ORAI3	NA	625	2188	12.4611
ORAOV1	NA	514	2527	8.87322
ORC1	NA	929	3169	12.7884
ORC2	NA	1226	3652	14.6448
ORC3	NA	882	2572	14.9596
ORC4	NA	1175	7039	7.28199
ORC5	NA	954	2255	18.4555
ORC6	NA	972	1687	25.1347
ORM1	NA	0	839	0
ORM2	NA	0	844	0
ORMDL1	NA	1404	2182	28.0696
ORMDL2	NA	787	1334	25.7361
ORMDL3	NA	968	2139	19.7418
OS9	NA	1925	2862	29.3416
OSBP	NA	8981	5083	77.0775
OSBP2	NA	224	5227	1.86947
OSBPL10	NA	2881	4213	29.8315
OSBPL10-AS1	NA	0	544	0
OSBPL11	NA	502	4638	4.72168
OSBPL1A	NA	1875	4866	16.8094
OSBPL2	NA	924	4100	9.83131
OSBPL3	NA	961	7185	5.83472
OSBPL5	NA	208	3887	2.33438
OSBPL6	NA	129	7457	0.754656
OSBPL7	NA	496	3656	5.91832
OSBPL8	NA	1609	7241	9.6935
OSBPL9	NA	2198	4258	22.5188
OSCAR	NA	30	2063	0.634374
OSCP1	NA	184	1665	4.82089
OSER1	NA	828	2242	16.1108
OSER1-AS1	NA	48	1851	1.13125
OSGEP	NA	627	1625	16.8321
OSGEPL1	NA	108	2316	2.03427
OSGEPL1-AS1	NA	16	915	0.76282
OSGIN1	NA	1658	1940	37.2826
OSGIN2	NA	919	4503	8.90301
OSM	NA	2	1853	0.0470845
OSMR	NA	2	6147	0.0141935
OSMR-AS1	NA	0	657	0
OSR1	NA	12	1894	0.276391
OSR2	NA	208	2126	4.26799
OST4	NA	3293	485	296.192
OSTC	NA	1834	1152	69.4497
OSTCP1	NA	43	1186	1.58164
OSTF1	NA	29	1313	0.963511
OSTM1	NA	1119	4467	10.9279
OSTN	NA	1	402	0.108517
OTC	NA	1	1647	0.0264868
OTOA	NA	10	3809	0.114528
OTOF	NA	47	7449	0.275247
OTOG	NA	0	8839	0
OTOGL	NA	3	8083	0.0161909
OTOL1	NA	1	1434	0.030421
OTOP1	NA	0	1869	0
OTOP2	NA	2	2147	0.040637
OTOP3	NA	1	2433	0.01793
OTOR	NA	0	1482	0
OTOS	NA	0	566	0
OTP	NA	16	2678	0.260635
OTUB1	NA	3869	2502	67.4582
OTUB2	NA	182	3873	2.04997
OTUD1	NA	84	3113	1.17713
OTUD3	NA	3349	6514	22.428
OTUD4	NA	1517	7434	8.90197
OTUD5	NA	2793	3080	39.5588
OTUD6A	NA	0	1689	0
OTUD6B	NA	361	3438	4.58062
OTUD6B-AS1	NA	422	6008	3.06412
OTUD7A	NA	10	3042	0.143405
OTUD7B	NA	805	6415	5.47422
OTULIN	NA	461	7896	2.54693
OTX1	NA	201	3067	2.85894
OTX2	NA	4868	2447	86.784
OTX2-AS1	NA	76	2427	1.36605
OVAAL	NA	2	1491	0.0585161
OVCA2	NA	843	1076	34.1774
OVCH1	NA	0	3420	0
OVCH1-AS1	NA	0	1726	0
OVCH2	NA	94	1729	2.37168
OVGP1	NA	74	2242	1.43986
OVOL1	NA	12	3022	0.173225
OVOL1-AS1	NA	0	544	0
OVOL2	NA	3	1859	0.0703988
OVOL3	NA	14	623	0.980309
OXA1L	NA	3794	1719	96.2819
OXCT1	NA	372	3558	4.561
OXCT1-AS1	NA	3	1726	0.0758235
OXCT2	NA	17	1824	0.406581
OXER1	NA	1	1763	0.0247441
OXGR1	NA	0	2285	0
OXLD1	NA	1065	1602	29.0008
OXNAD1	NA	273	3968	3.00133
OXR1	NA	100	5408	0.806653
OXSM	NA	236	1527	6.74212
OXSR1	NA	2136	4523	20.6015
OXT	NA	3	513	0.25511
OXTR	NA	118	4360	1.18064
P2RX1	NA	0	2864	0
P2RX2	NA	14	1969	0.310174
P2RX3	NA	1	1457	0.0299408
P2RX4	NA	228	2114	4.70493
P2RX5	NA	22	2308	0.415825
P2RX5-TAX1BP3	NA	4711	6285	32.6987
P2RX6	NA	19	2744	0.30206
P2RX6P	NA	1	124	0.351805
P2RX7	NA	0	4065	0
P2RY1	NA	0	3108	0
P2RY10	NA	0	1790	0
P2RY11	NA	1494	1976	32.9828
P2RY12	NA	0	2398	0
P2RY13	NA	0	2769	0
P2RY14	NA	0	2834	0
P2RY2	NA	1	8936	0.0048818
P2RY4	NA	6	1639	0.159697
P2RY6	NA	0	3189	0
P2RY8	NA	630	8468	3.24551
P3H1	NA	1408	3105	19.7817
P3H2	NA	3894	3934	43.1802
P3H2-AS1	NA	4	730	0.239034
P3H3	NA	764	2671	12.4779
P3H4	NA	602	2602	10.0928
P4HA1	NA	579	3010	8.39142
P4HA2	NA	452	2705	7.28944
P4HA2-AS1	NA	59	836	3.07871
P4HA3	NA	15	2299	0.284627
P4HB	NA	12829	2578	217.087
P4HTM	NA	5	2282	0.0955823
PA2G4	NA	9196	2626	152.766
PA2G4P4	NA	3107	2751	49.269
PAAF1	NA	617	1718	15.667
PABPC1	NA	50992	2860	777.784
PABPC1L	NA	416	2129	8.52395
PABPC1L2A	NA	2	2175	0.0401138
PABPC1L2B	NA	0	2200	0
PABPC1L2B-AS1	NA	0	1167	0
PABPC1P2	NA	8	3934	0.0887113
PABPC3	NA	4222	2429	75.8253
PABPC4	NA	7129	3204	97.0643
PABPC4L	NA	38	4943	0.335364
PABPC5	NA	0	3447	0
PABPC5-AS1	NA	0	401	0
PABPN1	NA	6469	3102	90.9743
PABPN1L	NA	1	1307	0.033377
PACERR	NA	0	793	0
PACRG	NA	21	1810	0.506132
PACRG-AS1	NA	0	2135	0
PACRGL	NA	304	2296	5.77597
PACS1	NA	1479	4493	14.36
PACS2	NA	931	6863	5.91778
PACSIN1	NA	2	4498	0.019397
PACSIN2	NA	1454	3515	18.0452
PACSIN3	NA	1780	2138	36.3191
PADI1	NA	0	3847	0
PADI2	NA	13	4363	0.129981
PADI3	NA	2	3188	0.0273675
PADI4	NA	0	2265	0
PADI6	NA	0	2396	0
PAEP	NA	0	840	0
PAF1	NA	1937	2357	35.8503
PAFAH1B1	NA	3331	5614	25.8836
PAFAH1B2	NA	2710	6412	18.4374
PAFAH1B3	NA	1441	1232	51.0242
PAFAH2	NA	458	3581	5.57936
PAG1	NA	7	10743	0.0284247
PAGE1	NA	0	664	0
PAGE2	NA	0	501	0
PAGE2B	NA	1	508	0.0858736
PAGE3	NA	0	825	0
PAGE4	NA	0	560	0
PAGE5	NA	0	751	0
PAGR1	NA	2028	3825	23.1292
PAH	NA	0	2681	0
PAICS	NA	8837	3519	109.549
PAIP1	NA	1989	2875	30.1801
PAIP2	NA	2733	1664	71.6489
PAIP2B	NA	141	6300	0.976342
PAK1	NA	991	3479	12.4263
PAK1IP1	NA	1001	1495	29.209
PAK2	NA	5579	6139	39.6444
PAK3	NA	0	3279	0
PAK4	NA	1145	3064	16.302
PAK6	NA	180	4884	1.60776
PAK7	NA	0	4777	0
PALB2	NA	905	4058	9.72881
PALD1	NA	1233	4569	11.7724
PALLD	NA	26	6983	0.162426
PALM	NA	1751	2874	26.578
PALM2	NA	4	9558	0.0182564
PALM2-AKAP2	NA	5	7518	0.0290129
PALM3	NA	1507	2260	29.0889
PALMD	NA	1544	2578	26.1269
PAM	NA	9	5337	0.0735645
PAM16	NA	873	584	65.2116
PAMR1	NA	1	3697	0.0117998
PAN2	NA	331	5564	2.59516
PAN3	NA	641	5632	4.96499
PAN3-AS1	NA	65	2191	1.29418
PANDAR	NA	237	1506	6.8651
PANK1	NA	561	7171	3.41276
PANK2	NA	931	2463	16.4895
PANK3	NA	735	3387	9.46663
PANK4	NA	766	2679	12.4732
PANO1	NA	61	1675	1.58869
PANX1	NA	231	2768	3.64057
PANX2	NA	220	3103	3.09289
PANX3	NA	0	1599	0
PAOX	NA	224	1945	5.02402
PAPD4	NA	971	3523	12.0235
PAPD5	NA	397	8112	2.13494
PAPD7	NA	919	4087	9.80921
PAPL	NA	3	2961	0.0441984
PAPLN	NA	23	5833	0.172012
PAPOLA	NA	4721	8321	24.7504
PAPOLB	NA	9	4257	0.0922278
PAPOLG	NA	484	7386	2.85864
PAPPA	NA	1127	10970	4.48168
PAPPA-AS1	NA	449	2449	7.99799
PAPPA2	NA	0	7695	0
PAPSS1	NA	1525	2542	26.1708
PAPSS2	NA	24	3858	0.271377
PAQR3	NA	233	3739	2.71846
PAQR4	NA	1856	2793	28.9888
PAQR5	NA	9	5578	0.0703862
PAQR6	NA	265	2400	4.81679
PAQR7	NA	2277	3023	32.8585
PAQR8	NA	709	4738	6.52791
PAQR9	NA	3	2105	0.0621716
PAQR9-AS1	NA	1	516	0.0845422
PARD3	NA	2549	6133	18.1309
PARD3-AS1	NA	10	337	1.29447
PARD3B	NA	3	8174	0.0160107
PARD6A	NA	69	1263	2.38325
PARD6B	NA	649	4615	6.13474
PARD6G	NA	519	3834	5.90525
PARD6G-AS1	NA	8	3737	0.0933878
PARG	NA	1175	4301	11.9177
PARGP1	NA	189	1448	5.69399
PARK2	NA	32	4073	0.342735
PARK7	NA	4971	961	225.654
PARL	NA	2034	1412	62.8405
PARM1	NA	0	5054	0
PARN	NA	1467	3083	20.7577
PARP1	NA	7032	3985	76.9793
PARP10	NA	62	3518	0.76881
PARP11	NA	232	4679	2.16301
PARP12	NA	3	3796	0.0344761
PARP14	NA	306	7708	1.73182
PARP15	NA	1	5214	0.00836666
PARP16	NA	258	2534	4.44157
PARP2	NA	834	1887	19.2805
PARP3	NA	206	2400	3.74437
PARP4	NA	2100	5469	16.7508
PARP6	NA	1518	2626	25.2174
PARP8	NA	1	7348	0.00593682
PARP9	NA	23	7975	0.125812
PARPBP	NA	318	3081	4.50255
PARS2	NA	313	2386	5.72265
PART1	NA	3	9499	0.0137774
PARTICL	NA	101	1420	3.10282
PARVA	NA	836	8719	4.18276
PARVB	NA	615	2172	12.352
PARVG	NA	0	3759	0
PASD1	NA	1	3250	0.0134227
PASK	NA	718	6224	5.03243
PATE1	NA	0	1508	0
PATE2	NA	0	1637	0
PATE3	NA	0	1336	0
PATE4	NA	0	1986	0
PATL1	NA	4255	4127	44.9768
PATL2	NA	7	1951	0.156518
PATZ1	NA	1580	4817	14.3088
PAUPAR	NA	0	2737	0
PAWR	NA	719	1951	16.0766
PAX1	NA	0	5352	0
PAX2	NA	342	4234	3.5237
PAX3	NA	0	4125	0
PAX4	NA	0	2010	0
PAX5	NA	5	8966	0.0243273
PAX6	NA	15	7351	0.089016
PAX7	NA	0	6313	0
PAX8	NA	0	4055	0
PAX8-AS1	NA	3	4621	0.028321
PAX9	NA	3	3106	0.042135
PAXBP1	NA	1911	4296	19.4053
PAXBP1-AS1	NA	42	3943	0.464671
PAXIP1	NA	1011	3712	11.8814
PAXIP1-AS1	NA	253	2271	4.85989
PAXIP1-AS2	NA	259	1769	6.38697
PBDC1	NA	1200	1314	39.8391
PBK	NA	1056	2150	21.4264
PBLD	NA	83	2854	1.26867
PBOV1	NA	0	2501	0
PBRM1	NA	1207	7574	6.95193
PBX1	NA	1	6903	0.00631954
PBX2	NA	3503	21982	6.95178
PBX3	NA	471	3104	6.61946
PBX4	NA	90	1730	2.26944
PBXIP1	NA	635	3196	8.66743
PC	NA	294	4241	3.02414
PCA3	NA	0	3735	0
PCAT1	NA	27	1992	0.591286
PCAT18	NA	0	2598	0
PCAT19	NA	2	3472	0.0251289
PCAT2	NA	0	575	0
PCAT29	NA	0	864	0
PCAT4	NA	0	2091	0
PCAT5	NA	0	3550	0
PCAT6	NA	135	764	7.70839
PCAT7	NA	48	1310	1.59843
PCBD1	NA	821	1412	25.3648
PCBD2	NA	122	2378	2.23806
PCBP1	NA	7198	1750	179.431
PCBP1-AS1	NA	63	2386	1.15184
PCBP2	NA	5657	3171	77.8239
PCBP2-OT1	NA	704	590	52.0528
PCBP3	NA	122	1989	2.67577
PCBP4	NA	1865	2255	36.0791
PCCA	NA	314	2564	5.34238
PCCA-AS1	NA	0	463	0
PCCB	NA	665	1876	15.4637
PCDH1	NA	70	5615	0.54384
PCDH10	NA	2	9528	0.00915696
PCDH11X	NA	0	8413	0
PCDH11Y	NA	1	11012	0.00396148
PCDH12	NA	9	6562	0.0598314
PCDH15	NA	1	12463	0.00350026
PCDH17	NA	0	8009	0
PCDH18	NA	8	5928	0.0588715
PCDH19	NA	4	9756	0.0178859
PCDH20	NA	0	4777	0
PCDH7	NA	0	9938	0
PCDH8	NA	3	4003	0.0326933
PCDH9	NA	5	6227	0.0350279
PCDH9-AS2	NA	0	538	0
PCDH9-AS3	NA	0	522	0
PCDH9-AS4	NA	0	429	0
PCDHA1	NA	1357	5591	10.588
PCDHA10	NA	1368	5567	10.7198
PCDHA11	NA	1615	6954	10.1312
PCDHA12	NA	1541	5454	12.3257
PCDHA13	NA	1377	5293	11.3489
PCDHA2	NA	1369	6045	9.8794
PCDHA3	NA	1365	5341	11.1489
PCDHA4	NA	1390	5460	11.1057
PCDHA5	NA	1364	5317	11.1911
PCDHA6	NA	1365	5448	10.93
PCDHA7	NA	1363	5236	11.3558
PCDHA8	NA	1370	5311	11.253
PCDHA9	NA	1363	9254	6.42524
PCDHAC1	NA	1453	5662	11.1949
PCDHAC2	NA	1570	6126	11.1801
PCDHB1	NA	0	2587	0
PCDHB10	NA	26	3262	0.347706
PCDHB11	NA	14	3271	0.186711
PCDHB12	NA	16	3408	0.204806
PCDHB13	NA	4	3503	0.049813
PCDHB14	NA	27	3963	0.29721
PCDHB15	NA	17	2885	0.257055
PCDHB16	NA	20	4532	0.192514
PCDHB17P	NA	12	2411	0.217124
PCDHB18P	NA	5	3197	0.0682261
PCDHB19P	NA	0	4624	0
PCDHB2	NA	312	2774	4.90649
PCDHB3	NA	52	3582	0.633288
PCDHB4	NA	40	3872	0.450659
PCDHB5	NA	22	2922	0.328447
PCDHB6	NA	10	3266	0.133569
PCDHB7	NA	15	3756	0.174216
PCDHB8	NA	21	2711	0.337919
PCDHB9	NA	24	4411	0.237354
PCDHGA1	NA	60	4653	0.562524
PCDHGA10	NA	62	4734	0.57133
PCDHGA11	NA	57	5298	0.469338
PCDHGA12	NA	58	4813	0.525697
PCDHGA2	NA	56	4916	0.496935
PCDHGA3	NA	57	4671	0.532339
PCDHGA4	NA	59	4887	0.526663
PCDHGA5	NA	58	4623	0.547302
PCDHGA6	NA	56	4638	0.526721
PCDHGA7	NA	56	5063	0.482507
PCDHGA8	NA	56	5669	0.430928
PCDHGA9	NA	57	4668	0.532681
PCDHGB1	NA	57	4614	0.538915
PCDHGB2	NA	59	4617	0.557462
PCDHGB3	NA	56	4757	0.513545
PCDHGB4	NA	56	4593	0.531881
PCDHGB5	NA	57	4638	0.536127
PCDHGB6	NA	57	4644	0.535434
PCDHGB7	NA	77	4966	0.676406
PCDHGB8P	NA	0	1973	0
PCDHGC3	NA	56	4973	0.491239
PCDHGC4	NA	56	4797	0.509262
PCDHGC5	NA	58	4818	0.525151
PCED1A	NA	1781	2403	32.3321
PCED1B	NA	553	2331	10.3492
PCED1B-AS1	NA	15	2502	0.261533
PCF11	NA	1034	5912	7.62973
PCGEM1	NA	0	1590	0
PCGF1	NA	904	906	43.5275
PCGF2	NA	1748	2604	29.2835
PCGF3	NA	1236	5665	9.51791
PCGF5	NA	13	8075	0.0702302
PCGF6	NA	738	2230	14.4369
PCID2	NA	1462	2677	23.8244
PCIF1	NA	408	2697	6.59937
PCK1	NA	9	2685	0.146225
PCK2	NA	1129	3317	14.8481
PCLO	NA	165	22303	0.322733
PCM1	NA	2871	8783	14.2598
PCMT1	NA	2215	1849	52.2589
PCMTD1	NA	285	4394	2.82949
PCMTD2	NA	995	3912	11.0955
PCNA	NA	9693	1442	293.235
PCNA-AS1	NA	1598	384	181.539
PCNAP1	NA	0	1054	0
PCNP	NA	2660	2239	51.8264
PCNT	NA	1463	10560	6.04371
PCNX	NA	1411	12919	4.76454
PCNXL2	NA	69	6817	0.441549
PCNXL3	NA	1977	6566	13.135
PCNXL4	NA	1110	3932	12.315
PCOLCE	NA	1443	1620	38.8575
PCOLCE-AS1	NA	258	2538	4.43457
PCOLCE2	NA	149	2030	3.20194
PCP2	NA	8	836	0.417452
PCP4	NA	1	556	0.07846
PCP4L1	NA	1	1424	0.0306347
PCSK1	NA	0	5243	0
PCSK1N	NA	8	1057	0.33017
PCSK2	NA	0	5051	0
PCSK4	NA	219	2703	3.53445
PCSK5	NA	10	12191	0.0357836
PCSK6	NA	27	6333	0.185985
PCSK7	NA	1546	3915	17.2267
PCSK9	NA	3	3892	0.0336257
PCTP	NA	197	2290	3.75279
PCYOX1	NA	850	5377	6.89608
PCYOX1L	NA	290	2567	4.92828
PCYT1A	NA	893	1583	24.609
PCYT1B	NA	4	5842	0.0298691
PCYT1B-AS1	NA	0	275	0
PCYT2	NA	2085	3901	23.316
PDAP1	NA	5230	2687	84.9097
PDC	NA	3	1325	0.0987708
PDCD1	NA	1	2112	0.0206552
PDCD10	NA	1034	1568	28.7672
PDCD11	NA	4165	6416	28.3187
PDCD1LG2	NA	0	2418	0
PDCD2	NA	2308	4443	22.6612
PDCD2L	NA	571	1157	21.5291
PDCD4	NA	991	3698	11.6904
PDCD4-AS1	NA	212	2015	4.5897
PDCD5	NA	1097	604	79.2306
PDCD6	NA	3114	2064	65.8161
PDCD6IP	NA	2412	6646	15.8322
PDCD6IPP2	NA	102	2100	2.11887
PDCD7	NA	1306	2851	19.9834
PDCL	NA	515	3085	7.28241
PDCL2	NA	0	861	0
PDCL3	NA	867	1075	35.1831
PDCL3P4	NA	295	983	13.0916
PDDC1	NA	1553	4362	15.5313
PDE10A	NA	2	8323	0.0104827
PDE11A	NA	464	9790	2.06756
PDE12	NA	1283	3993	14.0169
PDE1A	NA	2	6263	0.0139306
PDE1B	NA	1	3783	0.0115315
PDE1C	NA	6	6906	0.0379008
PDE2A	NA	13	4696	0.120764
PDE3A	NA	0	7610	0
PDE3B	NA	173	6090	1.23923
PDE4A	NA	997	5869	7.41062
PDE4B	NA	0	5837	0
PDE4C	NA	568	5811	4.26403
PDE4D	NA	33	11192	0.128626
PDE4DIP	NA	1475	13477	4.77444
PDE5A	NA	77	7217	0.465433
PDE6A	NA	8	5642	0.0618558
PDE6B	NA	6	3546	0.0738135
PDE6C	NA	7	2969	0.102852
PDE6D	NA	805	1971	17.8169
PDE6G	NA	13	1023	0.554359
PDE6H	NA	0	747	0
PDE7A	NA	804	6844	5.12471
PDE7B	NA	0	5387	0
PDE8A	NA	412	4094	4.39008
PDE8B	NA	58	4404	0.574518
PDE9A	NA	52	2215	1.02412
PDF	NA	1224	1158	46.1101
PDGFA	NA	184	2807	2.85956
PDGFB	NA	497	3432	6.31731
PDGFC	NA	282	3069	4.00844
PDGFD	NA	3	3993	0.0327752
PDGFRA	NA	5	6574	0.033179
PDGFRB	NA	892	5714	6.81001
PDGFRL	NA	207	1905	4.74022
PDHA1	NA	2866	3507	35.6503
PDHA2	NA	1	1387	0.0314519
PDHB	NA	4291	1610	116.267
PDHX	NA	736	2988	10.7453
PDIA2	NA	9	1726	0.22747
PDIA3	NA	6825	3054	97.4893
PDIA3P1	NA	4914	2099	102.128
PDIA4	NA	5957	2952	88.0308
PDIA5	NA	340	1862	7.96567
PDIA6	NA	7157	3478	89.7686
PDIK1L	NA	268	4600	2.54156
PDILT	NA	0	2127	0
PDK1	NA	167	5825	1.25067
PDK2	NA	463	3392	5.95454
PDK3	NA	570	13136	1.89293
PDK4	NA	0	3700	0
PDLIM1	NA	8	1580	0.22088
PDLIM2	NA	350	5860	2.60552
PDLIM3	NA	291	3040	4.17583
PDLIM4	NA	0	2295	0
PDLIM5	NA	5	9180	0.0237602
PDLIM7	NA	6395	2277	122.518
PDP1	NA	282	4452	2.76323
PDP2	NA	827	7030	5.13184
PDPK1	NA	1262	7243	7.60088
PDPN	NA	0	2980	0
PDPR	NA	1379	7999	7.52059
PDRG1	NA	1184	1373	37.6188
PDS5A	NA	3803	7594	21.8464
PDS5B	NA	771	7498	4.48572
PDSS1	NA	346	1618	9.32869
PDSS2	NA	477	3552	5.85826
PDX1	NA	0	2573	0
PDX1-AS1	NA	0	2002	0
PDXDC1	NA	1948	6334	13.4163
PDXDC2P	NA	429	4182	4.47504
PDXK	NA	2332	7381	13.7828
PDXP	NA	1509	2005	32.8321
PDYN	NA	0	3011	0
PDZD11	NA	830	1246	29.0592
PDZD2	NA	104	11642	0.389699
PDZD3	NA	0	2363	0
PDZD4	NA	752	4191	7.82751
PDZD7	NA	411	4420	4.05642
PDZD8	NA	695	6484	4.6759
PDZD9	NA	3	1331	0.0983256
PDZK1	NA	17	2300	0.322437
PDZK1IP1	NA	0	894	0
PDZK1P1	NA	24	4258	0.245883
PDZRN3	NA	1	5361	0.00813725
PDZRN3-AS1	NA	0	2886	0
PDZRN4	NA	1	4094	0.0106555
PEA15	NA	1596	2796	24.9011
PEAK1	NA	512	11817	1.89011
PEAR1	NA	743	4866	6.66101
PEBP1	NA	7134	1491	208.727
PEBP4	NA	0	894	0
PECAM1	NA	7	4453	0.0685754
PECR	NA	17	1874	0.395733
PEF1	NA	1349	2217	26.5442
PEG10	NA	2450	6628	16.1253
PEG3	NA	1115	9030	5.38655
PEG3-AS1	NA	144	1314	4.78069
PELI1	NA	107	3767	1.23911
PELI2	NA	2	5696	0.0153173
PELI3	NA	281	2863	4.28162
PELO	NA	930	2921	13.8891
PELP1	NA	6811	3756	79.1058
PEMT	NA	473	1264	16.3244
PENK	NA	1	1414	0.0308513
PEPD	NA	2545	2010	55.2351
PER1	NA	1874	4709	17.3606
PER2	NA	278	6342	1.91224
PER3	NA	1662	6386	11.3534
PER4	NA	0	1548	0
PERM1	NA	129	3454	1.62926
PERP	NA	237	4302	2.40326
PES1	NA	7033	2871	106.864
PET100	NA	419	429	42.6069
PET117	NA	639	1158	24.0722
PEX1	NA	751	4417	7.41713
PEX10	NA	1467	2074	30.8564
PEX11A	NA	142	2742	2.25915
PEX11B	NA	892	2404	16.1865
PEX11G	NA	62	1139	2.3746
PEX12	NA	109	2683	1.77227
PEX13	NA	608	4515	5.87447
PEX14	NA	656	1926	14.8584
PEX16	NA	492	1908	11.2489
PEX19	NA	1970	3669	23.423
PEX2	NA	447	4541	4.29417
PEX26	NA	1331	4331	13.4064
PEX3	NA	335	2772	5.27199
PEX5	NA	1370	4313	13.8568
PEX5L	NA	6	9475	0.0276246
PEX6	NA	508	3498	6.3353
PEX7	NA	99	1482	2.91414
PF4	NA	0	856	0
PF4V1	NA	0	741	0
PFAS	NA	2332	5385	18.8915
PFDN1	NA	2844	1324	93.7054
PFDN2	NA	1971	642	133.929
PFDN4	NA	1270	1346	41.1606
PFDN5	NA	2464	687	156.461
PFDN6	NA	1382	3665	16.4497
PFKFB1	NA	12	1885	0.277711
PFKFB2	NA	2013	9143	9.60458
PFKFB3	NA	695	4864	6.23325
PFKFB4	NA	216	3490	2.69992
PFKL	NA	1432	3412	18.3087
PFKM	NA	1331	3823	15.1879
PFKP	NA	2162	2969	31.7665
PFN1	NA	33727	1365	1077.87
PFN1P2	NA	30	1905	0.686989
PFN2	NA	4886	2106	101.209
PFN3	NA	0	530	0
PFN4	NA	39	1536	1.10763
PGA3	NA	3	1413	0.0926195
PGA4	NA	5	1413	0.154366
PGA5	NA	8	1413	0.246985
PGAM1	NA	12588	1720	319.265
PGAM1P5	NA	6	2143	0.122138
PGAM2	NA	28	857	1.42528
PGAM4	NA	3419	1678	88.8854
PGAM5	NA	2405	3254	32.2419
PGAP1	NA	240	11113	0.942113
PGAP2	NA	612	2905	9.19028
PGAP3	NA	217	2700	3.50606
PGBD1	NA	302	3135	4.20235
PGBD2	NA	240	2709	3.86479
PGBD3	NA	71	2266	1.36685
PGBD4	NA	66	2318	1.24209
PGBD5	NA	8	3354	0.104052
PGC	NA	2	1813	0.0481233
PGCP1	NA	0	608	0
PGD	NA	3865	2545	66.2499
PGF	NA	128	1911	2.92195
PGGT1B	NA	503	2727	8.04648
PGK1	NA	6939	2423	124.93
PGK2	NA	6	1690	0.154877
PGLS	NA	1473	1034	62.1449
PGLYRP1	NA	2	952	0.0916466
PGLYRP2	NA	0	1881	0
PGLYRP3	NA	0	1173	0
PGLYRP4	NA	0	2128	0
PGM1	NA	820	3353	10.6685
PGM2	NA	596	3238	8.02958
PGM2L1	NA	359	8513	1.83965
PGM3	NA	942	6361	6.46024
PGM5	NA	2	3338	0.0261377
PGM5-AS1	NA	0	763	0
PGM5P2	NA	4	1972	0.0884864
PGM5P3-AS1	NA	1	810	0.0538565
PGM5P4-AS1	NA	1	1391	0.0313614
PGP	NA	1581	3136	21.9927
PGPEP1	NA	2042	7095	12.5553
PGPEP1L	NA	120	1576	3.32161
PGR	NA	0	13037	0
PGRMC1	NA	7141	1919	162.333
PGRMC2	NA	2034	3790	23.4118
PGS1	NA	619	2378	11.3554
PHACTR1	NA	2	2881	0.0302838
PHACTR2	NA	2638	9776	11.7716
PHACTR3	NA	1	3379	0.0129103
PHACTR4	NA	1025	6492	6.88761
PHAX	NA	1757	3641	21.0511
PHB	NA	9991	2048	212.815
PHB2	NA	7821	1443	236.439
PHC1	NA	3714	5176	31.3019
PHC2	NA	1646	4175	17.1987
PHC3	NA	823	12687	2.82985
PHEX	NA	7	6169	0.0495001
PHEX-AS1	NA	0	1907	0
PHF1	NA	892	4590	8.47765
PHF10	NA	1486	1673	38.7477
PHF11	NA	243	1902	5.57338
PHF12	NA	1727	5821	12.9425
PHF13	NA	1795	3670	21.3364
PHF14	NA	1332	8696	6.68202
PHF19	NA	1285	4774	11.7421
PHF2	NA	524	5349	4.27348
PHF20	NA	1624	5889	12.0301
PHF20L1	NA	599	8329	3.13731
PHF21A	NA	547	7342	3.2501
PHF21B	NA	341	3961	3.75554
PHF23	NA	2632	2182	52.6204
PHF24	NA	6	6058	0.0432061
PHF3	NA	1865	9256	8.78979
PHF5A	NA	2283	1065	93.5146
PHF6	NA	2993	4936	26.4518
PHF7	NA	76	2226	1.4894
PHF8	NA	958	7232	5.7787
PHGDH	NA	1391	2015	30.1145
PHGR1	NA	0	435	0
PHIP	NA	1164	11966	4.24353
PHKA1	NA	962	6161	6.81157
PHKA2	NA	718	5325	5.88204
PHKA2-AS1	NA	137	1296	4.61146
PHKB	NA	467	5694	3.57785
PHKG1	NA	755	2226	14.796
PHKG2	NA	1111	5510	8.79601
PHLDA1	NA	2212	5913	16.3193
PHLDA2	NA	105	920	4.9788
PHLDA3	NA	9188	2824	141.932
PHLDB1	NA	745	5811	5.59279
PHLDB2	NA	1	6624	0.00658571
PHLDB3	NA	881	2489	15.441
PHLPP1	NA	253	6411	1.72154
PHLPP2	NA	334	9035	1.61266
PHOSPHO1	NA	82	2173	1.64618
PHOSPHO2	NA	85	1373	2.70067
PHOSPHO2-KLHL23	NA	487	4206	5.05106
PHOX2A	NA	5	1699	0.128381
PHOX2B	NA	0	3030	0
PHPT1	NA	3579	1618	96.4954
PHRF1	NA	2095	5563	16.4285
PHTF1	NA	605	3244	8.13575
PHTF2	NA	511	6593	3.38112
PHYH	NA	990	1937	22.2961
PHYHD1	NA	212	2137	4.32767
PHYHIP	NA	43	3337	0.562128
PHYHIPL	NA	3	3732	0.0350673
PHYKPL	NA	530	2970	7.78471
PI15	NA	0	6732	0
PI16	NA	2	2332	0.0374132
PI3	NA	0	554	0
PI4K2A	NA	1370	4187	14.2738
PI4K2B	NA	1032	3601	12.502
PI4KA	NA	2066	6752	13.3482
PI4KAP1	NA	1783	2360	32.9581
PI4KAP2	NA	1822	2272	34.9835
PI4KB	NA	2099	4354	21.0304
PIANP	NA	477	3035	6.85619
PIAS1	NA	433	2280	8.28469
PIAS2	NA	847	7164	5.15764
PIAS3	NA	1144	2902	17.197
PIAS4	NA	977	3207	13.2898
PIBF1	NA	328	3113	4.5964
PICALM	NA	2881	4337	28.9786
PICK1	NA	663	2207	13.1049
PID1	NA	0	2822	0
PIDD1	NA	2087	3008	30.2669
PIEZO1	NA	2016	7833	11.2276
PIEZO2	NA	0	9713	0
PIF1	NA	615	2713	9.88891
PIFO	NA	0	2359	0
PIGA	NA	346	3626	4.16267
PIGB	NA	180	2197	3.57409
PIGBOS1	NA	140	1015	6.01707
PIGC	NA	1857	1500	54.0062
PIGF	NA	657	1133	25.2964
PIGG	NA	924	5170	7.79659
PIGH	NA	506	1438	15.3502
PIGK	NA	444	4625	4.18788
PIGL	NA	278	1152	10.5273
PIGM	NA	269	4322	2.71513
PIGN	NA	408	4875	3.65097
PIGO	NA	699	4209	7.24472
PIGP	NA	410	1236	14.4707
PIGQ	NA	1156	2985	16.8942
PIGR	NA	0	4275	0
PIGS	NA	1025	2873	15.5637
PIGT	NA	1061	2277	20.3271
PIGU	NA	639	1832	15.2159
PIGV	NA	118	2955	1.742
PIGW	NA	605	2255	11.7039
PIGX	NA	501	3093	7.06612
PIGY	NA	2313	1356	74.4113
PIGZ	NA	66	2739	1.05118
PIH1D1	NA	1538	1246	53.847
PIH1D2	NA	69	1455	2.06876
PIH1D3	NA	0	1927	0
PIK3AP1	NA	7	4811	0.0634725
PIK3C2A	NA	1926	8288	10.1375
PIK3C2B	NA	458	7606	2.62683
PIK3C2G	NA	0	4967	0
PIK3C3	NA	963	3103	13.5384
PIK3CA	NA	403	3709	4.73992
PIK3CB	NA	834	6252	5.81929
PIK3CD	NA	1147	5411	9.24718
PIK3CD-AS1	NA	0	1823	0
PIK3CD-AS2	NA	73	958	3.32415
PIK3CG	NA	8	7359	0.0474236
PIK3IP1	NA	142	2473	2.50488
PIK3IP1-AS1	NA	4	422	0.413495
PIK3R1	NA	211	7661	1.20149
PIK3R2	NA	2047	4015	22.2411
PIK3R3	NA	825	6271	5.73905
PIK3R4	NA	1114	5039	9.64415
PIK3R5	NA	9	4612	0.0851288
PIK3R6	NA	1	3563	0.0122436
PIKFYVE	NA	1453	10435	6.0743
PILRA	NA	68	1316	2.25412
PILRB	NA	873	1438	26.4837
PIM1	NA	7071	2709	113.866
PIM2	NA	537	2187	10.7115
PIM3	NA	3927	2379	72.0095
PIN1	NA	2065	1173	76.7972
PIN1P1	NA	16	996	0.700783
PIN4	NA	568	2582	9.59655
PIN4P1	NA	272	2346	5.05783
PINK1	NA	966	2660	15.8423
PINK1-AS	NA	1768	4443	17.3592
PINLYP	NA	8	959	0.363911
PINX1	NA	1253	1570	34.8157
PIP	NA	0	576	0
PIP4K2A	NA	1268	3833	14.4312
PIP4K2B	NA	1927	5732	14.6656
PIP4K2C	NA	616	3219	8.34801
PIP5K1A	NA	2758	3807	31.6035
PIP5K1B	NA	2	2941	0.0296659
PIP5K1C	NA	1650	6108	11.7844
PIP5K1P1	NA	20	4243	0.205627
PIP5KL1	NA	62	1708	1.58353
PIPOX	NA	4	2412	0.0723446
PIPSL	NA	1807	3776	20.8761
PIR	NA	413	1560	11.5491
PIR-FIGF	NA	250	2582	4.22384
PIRT	NA	0	3466	0
PISD	NA	2172	2679	35.368
PISRT1	NA	0	531	0
PITHD1	NA	2057	1622	55.3231
PITPNA	NA	2764	3641	33.1162
PITPNA-AS1	NA	213	554	16.7723
PITPNB	NA	2583	3034	37.1392
PITPNC1	NA	376	6367	2.57618
PITPNM1	NA	1101	4226	11.3653
PITPNM2	NA	303	6941	1.90434
PITPNM3	NA	39	7151	0.237915
PITRM1	NA	3148	3490	39.3489
PITRM1-AS1	NA	563	4076	6.02556
PITX1	NA	1185	2383	21.6929
PITX2	NA	0	4321	0
PITX3	NA	37	1388	1.16288
PIWIL1	NA	97	3648	1.15995
PIWIL2	NA	0	4099	0
PIWIL3	NA	0	3801	0
PIWIL4	NA	1	3199	0.0136367
PJA1	NA	290	2880	4.39267
PJA2	NA	1681	4869	15.0609
PKD1	NA	3152	14138	9.72571
PKD1L1	NA	43	9075	0.206702
PKD1L2	NA	539	8230	2.85701
PKD1L3	NA	8	5195	0.0671781
PKD1P1	NA	3549	6295	24.5942
PKD1P6	NA	2797	5250	23.2411
PKD2	NA	2238	5079	19.2223
PKD2L1	NA	7	3073	0.0993708
PKD2L2	NA	51	2982	0.746081
PKDCC	NA	278	2501	4.84902
PKDREJ	NA	6	7660	0.0341701
PKHD1	NA	2	17407	0.00501221
PKHD1L1	NA	6	14017	0.0186732
PKI55	NA	318	3304	4.19866
PKIA	NA	0	4201	0
PKIA-AS1	NA	0	2011	0
PKIB	NA	8	2408	0.144929
PKIG	NA	327	1758	8.11432
PKLR	NA	69	3164	0.95134
PKM	NA	52105	3181	714.56
PKMYT1	NA	2519	2233	49.2111
PKN1	NA	1454	3136	20.2261
PKN2	NA	1571	6104	11.2275
PKN2-AS1	NA	22	3542	0.270955
PKN3	NA	746	3377	9.63676
PKNOX1	NA	394	5352	3.21147
PKNOX2	NA	7	3730	0.0818677
PKNOX2-AS1	NA	0	586	0
PKP1	NA	1	5447	0.00800877
PKP2	NA	116	4439	1.13998
PKP3	NA	47	2953	0.694317
PKP4	NA	1829	4771	16.7235
PLA1A	NA	0	1918	0
PLA2G10	NA	3	997	0.131265
PLA2G12A	NA	785	5235	6.54148
PLA2G12B	NA	0	1092	0
PLA2G15	NA	374	2723	5.99166
PLA2G16	NA	210	1417	6.46506
PLA2G1B	NA	2	565	0.15442
PLA2G2A	NA	0	1032	0
PLA2G2C	NA	1	453	0.0962997
PLA2G2D	NA	0	1970	0
PLA2G2E	NA	0	487	0
PLA2G2F	NA	0	2719	0
PLA2G3	NA	116	2699	1.8749
PLA2G4A	NA	0	2928	0
PLA2G4B	NA	157	2735	2.50418
PLA2G4C	NA	63	2567	1.07063
PLA2G4D	NA	30	3584	0.365154
PLA2G4E	NA	0	4779	0
PLA2G4E-AS1	NA	1	2499	0.0174565
PLA2G4F	NA	1	3492	0.0124925
PLA2G5	NA	1	1894	0.0230326
PLA2G6	NA	66	3269	0.880749
PLA2G7	NA	0	1983	0
PLA2R1	NA	3	6619	0.0197721
PLAA	NA	3469	4954	30.5472
PLAC1	NA	3	1126	0.116227
PLAC4	NA	0	10009	0
PLAC8	NA	1905	2049	40.558
PLAC8L1	NA	5	725	0.300854
PLAC9	NA	2	673	0.12964
PLAG1	NA	23	7338	0.136733
PLAGL1	NA	1187	4132	12.5318
PLAGL2	NA	1686	5656	13.0038
PLAT	NA	24	3173	0.329962
PLAU	NA	11734	2690	190.29
PLAUR	NA	409	2011	8.87226
PLB1	NA	30	5180	0.252647
PLBD1	NA	1	1932	0.0225796
PLBD1-AS1	NA	0	586	0
PLBD2	NA	411	2832	6.33099
PLCB1	NA	3	7207	0.0181589
PLCB2	NA	6157	5620	47.7921
PLCB3	NA	941	5728	7.16655
PLCB4	NA	90	5658	0.693909
PLCD1	NA	102	3200	1.39051
PLCD3	NA	1599	3468	20.1137
PLCD4	NA	130	3237	1.75196
PLCE1	NA	41	8342	0.214406
PLCE1-AS1	NA	2	1408	0.0619656
PLCE1-AS2	NA	1	2382	0.0183139
PLCG1	NA	2579	5205	21.6149
PLCG1-AS1	NA	200	1794	4.8633
PLCG2	NA	338	8707	1.69345
PLCH1	NA	399	6536	2.66308
PLCH2	NA	14	6844	0.0892362
PLCL1	NA	1	6608	0.00660166
PLCL2	NA	14	4352	0.140334
PLCXD1	NA	781	10750	3.16932
PLCXD2	NA	0	2148	0
PLCXD2-AS1	NA	0	961	0
PLCXD3	NA	0	7739	0
PLCZ1	NA	0	2159	0
PLD1	NA	17	6025	0.123088
PLD2	NA	465	3496	5.80236
PLD3	NA	3179	2499	55.4942
PLD4	NA	0	2006	0
PLD5	NA	3	3441	0.0380329
PLD6	NA	818	2577	13.8472
PLEC	NA	8779	16463	23.2627
PLEK	NA	0	2852	0
PLEK2	NA	23	1460	0.687224
PLEKHA1	NA	528	4215	5.46461
PLEKHA2	NA	100	5640	0.773471
PLEKHA3	NA	179	2469	3.16268
PLEKHA4	NA	1418	3083	20.0644
PLEKHA5	NA	310	9582	1.41133
PLEKHA6	NA	14	7414	0.0823756
PLEKHA7	NA	10	4808	0.0907316
PLEKHA8	NA	569	8804	2.81939
PLEKHA8P1	NA	112	1869	2.61416
PLEKHB1	NA	36	2892	0.543035
PLEKHB2	NA	1825	4472	17.8026
PLEKHD1	NA	1	1812	0.0240749
PLEKHF1	NA	792	1739	19.8678
PLEKHF2	NA	215	2965	3.16328
PLEKHG1	NA	37	7237	0.223032
PLEKHG2	NA	2490	7607	14.2794
PLEKHG3	NA	60	4639	0.564222
PLEKHG4	NA	1023	5089	8.76933
PLEKHG4B	NA	163	11515	0.617514
PLEKHG5	NA	785	5996	5.71125
PLEKHG6	NA	7	3580	0.0852979
PLEKHG7	NA	1	3267	0.0133529
PLEKHH1	NA	273	6540	1.82099
PLEKHH2	NA	108	6954	0.677505
PLEKHH3	NA	900	3252	12.073
PLEKHJ1	NA	2631	1900	60.4074
PLEKHM1	NA	802	10598	3.30121
PLEKHM1P	NA	216	2922	3.22476
PLEKHM2	NA	2654	4122	28.0877
PLEKHM3	NA	618	9807	2.749
PLEKHN1	NA	199	2436	3.56368
PLEKHO1	NA	431	2807	6.6982
PLEKHO2	NA	864	3721	10.1293
PLEKHS1	NA	0	4379	0
PLET1	NA	0	1541	0
PLG	NA	1	4218	0.0103423
PLGLA	NA	4	841	0.207485
PLGLB1	NA	28	3010	0.405803
PLGLB2	NA	28	3014	0.405264
PLGRKT	NA	567	997	24.8091
PLIN1	NA	10	2964	0.147179
PLIN2	NA	2795	2098	58.1165
PLIN3	NA	3360	2340	62.6393
PLIN4	NA	146	6353	1.00253
PLIN5	NA	2	2441	0.0357425
PLK1	NA	2107	2227	41.2731
PLK2	NA	104	2838	1.59862
PLK3	NA	1156	2358	21.3864
PLK4	NA	452	3995	4.93566
PLK5	NA	11	1933	0.248247
PLLP	NA	37	1497	1.07821
PLN	NA	0	1714	0
PLOD1	NA	2331	3031	33.549
PLOD2	NA	1	4059	0.0107474
PLOD3	NA	1690	2977	24.7646
PLP1	NA	0	3200	0
PLP2	NA	1177	1048	48.9935
PLRG1	NA	2267	3358	29.4506
PLS1	NA	98	4128	1.03564
PLS3	NA	2759	4264	28.2265
PLS3-AS1	NA	26	2068	0.548461
PLSCR1	NA	0	2210	0
PLSCR2	NA	0	1808	0
PLSCR3	NA	848	2069	17.8796
PLSCR4	NA	0	3658	0
PLSCR5	NA	0	1969	0
PLTP	NA	7373	2224	144.621
PLVAP	NA	14	2304	0.265075
PLXDC1	NA	139	6252	0.969882
PLXDC2	NA	2	12263	0.0071147
PLXNA1	NA	2109	9066	10.1481
PLXNA2	NA	5	11443	0.0190613
PLXNA3	NA	1077	6752	6.95835
PLXNA4	NA	1	15412	0.00283051
PLXNB1	NA	1391	7354	8.25138
PLXNB2	NA	6607	6335	45.4968
PLXNB3	NA	77	6377	0.526741
PLXNC1	NA	37	7589	0.212687
PLXND1	NA	903	6977	5.64602
PM20D1	NA	0	2183	0
PM20D2	NA	811	4712	7.50825
PMAIP1	NA	7	1936	0.157731
PMCH	NA	99	757	5.70509
PMCHL1	NA	0	573	0
PMCHL2	NA	0	1842	0
PMEL	NA	282	2202	5.5867
PMEPA1	NA	294	5517	2.3247
PMF1	NA	865	1234	30.5791
PMF1-BGLAP	NA	390	1001	16.9963
PMFBP1	NA	200	3787	2.30387
PML	NA	1448	7704	8.19928
PMM1	NA	703	1283	23.903
PMM2	NA	1537	2323	28.8634
PMP2	NA	0	3566	0
PMP22	NA	61	2109	1.26176
PMPCA	NA	3530	2171	70.9313
PMPCB	NA	1730	3919	19.2572
PMS1	NA	927	3647	11.0884
PMS2	NA	623	2836	9.58308
PMS2CL	NA	360	1738	9.03599
PMS2P1	NA	254	1518	7.29937
PMS2P2	NA	74	639	5.05189
PMS2P3	NA	317	1501	9.21302
PMS2P4	NA	70	891	3.42723
PMS2P5	NA	277	3257	3.7101
PMS2P7	NA	67	668	4.37544
PMS2P9	NA	93	2332	1.73971
PMVK	NA	1121	1299	37.6461
PNCK	NA	7	1939	0.157487
PNISR	NA	3600	3221	48.7568
PNKD	NA	1097	3745	12.7784
PNKP	NA	1182	1721	29.9612
PNLDC1	NA	1	1941	0.0224749
PNLIP	NA	0	1498	0
PNLIPRP1	NA	0	1527	0
PNLIPRP2	NA	0	1481	0
PNLIPRP3	NA	0	2308	0
PNMA1	NA	2373	2643	39.1673
PNMA2	NA	62	4846	0.558125
PNMA3	NA	0	3751	0
PNMA5	NA	1	3439	0.012685
PNMA6A	NA	824	4556	7.88981
PNMAL1	NA	1701	3696	20.0768
PNMAL2	NA	0	4722	0
PNMT	NA	4	1048	0.166503
PNN	NA	7158	3606	86.5943
PNO1	NA	1625	1981	35.7843
PNOC	NA	0	1340	0
PNP	NA	17576	2421	316.7
PNPLA1	NA	4	2599	0.0671393
PNPLA2	NA	1100	2427	19.7718
PNPLA3	NA	143	2805	2.22396
PNPLA4	NA	292	2901	4.39095
PNPLA5	NA	0	2540	0
PNPLA6	NA	1381	5028	11.9818
PNPLA7	NA	75	4842	0.675709
PNPLA8	NA	366	4973	3.2106
PNPO	NA	1885	3465	23.7318
PNPT1	NA	2030	4613	19.1971
PNRC1	NA	1131	2133	23.131
PNRC2	NA	4677	2414	84.5188
POC1A	NA	779	2267	14.9903
POC1B	NA	1320	3622	15.8982
POC1B-GALNT4	NA	873	5495	6.93058
POC5	NA	390	2241	7.59182
PODN	NA	0	3417	0
PODNL1	NA	96	3605	1.16169
PODXL	NA	68	5984	0.495725
PODXL2	NA	919	2209	18.1486
POF1B	NA	0	4034	0
POFUT1	NA	1671	6135	11.8819
POFUT2	NA	1010	4823	9.1354
POGK	NA	1615	3852	18.2898
POGLUT1	NA	313	3675	3.71544
POGZ	NA	2252	6626	14.8266
POLA1	NA	643	5439	5.15721
POLA2	NA	919	3654	10.9716
POLB	NA	323	1334	10.5626
POLD1	NA	1578	3545	19.4184
POLD2	NA	3946	2311	74.487
POLD3	NA	937	4143	9.86615
POLD4	NA	777	1760	19.2589
POLDIP2	NA	5934	2734	94.6831
POLDIP3	NA	2638	3492	32.9552
POLE	NA	3503	8005	19.0898
POLE2	NA	456	1945	10.2275
POLE3	NA	2455	2473	43.3063
POLE4	NA	970	696	60.7975
POLG	NA	2843	4448	27.8827
POLG2	NA	469	1594	12.8354
POLH	NA	1174	8412	6.08824
POLI	NA	616	6058	4.43583
POLK	NA	266	4512	2.57179
POLL	NA	1755	2873	26.648
POLM	NA	350	2869	5.32183
POLN	NA	67	3256	0.897664
POLQ	NA	670	8780	3.32892
POLR1A	NA	2463	6637	16.1888
POLR1B	NA	1557	5503	12.3428
POLR1C	NA	1039	1320	34.3372
POLR1D	NA	2881	3020	41.6159
POLR1E	NA	1110	1962	24.6801
POLR2A	NA	8576	6738	55.5235
POLR2B	NA	3891	4223	40.1942
POLR2C	NA	2697	1804	65.218
POLR2D	NA	1792	2325	33.6231
POLR2E	NA	6304	2866	95.954
POLR2F	NA	1262	3273	16.8204
POLR2G	NA	855	837	44.5619
POLR2H	NA	1696	1770	41.8
POLR2I	NA	1013	872	50.6776
POLR2J	NA	2306	976	103.07
POLR2J2	NA	1588	1987	34.8639
POLR2J3	NA	2015	1680	52.3226
POLR2J4	NA	1154	6511	7.73181
POLR2K	NA	872	971	39.176
POLR2L	NA	6178	876	307.657
POLR2M	NA	920	4307	9.31829
POLR3A	NA	3670	6635	24.1295
POLR3B	NA	472	4414	4.6648
POLR3C	NA	1277	4013	13.8818
POLR3D	NA	889	1929	20.1045
POLR3E	NA	1034	3731	12.0898
POLR3F	NA	700	2324	13.1397
POLR3G	NA	456	3285	6.05554
POLR3GL	NA	307	1165	11.4957
POLR3H	NA	4340	4580	41.3378
POLR3K	NA	1106	824	58.5533
POLRMT	NA	3186	3800	36.5751
POM121	NA	5784	9209	27.3993
POM121C	NA	4791	5865	35.6354
POM121L10P	NA	248	9547	1.1332
POM121L12	NA	0	1270	0
POM121L1P	NA	23	3995	0.251151
POM121L2	NA	1	3170	0.0137614
POM121L4P	NA	0	2167	0
POM121L8P	NA	36	7712	0.203638
POM121L9P	NA	42	5224	0.350727
POMC	NA	0	1295	0
POMGNT1	NA	1885	3529	23.3014
POMGNT2	NA	436	2556	7.4413
POMK	NA	30	1623	0.806354
POMP	NA	2222	1461	66.3464
POMT1	NA	424	3386	5.46263
POMT2	NA	956	4874	8.55649
POMZP3	NA	319	1552	8.96648
PON1	NA	1	1752	0.0248994
PON2	NA	624	1654	16.4578
PON3	NA	1	1191	0.0366279
POP1	NA	935	4771	8.5492
POP4	NA	711	2594	11.957
POP5	NA	718	801	39.1035
POP7	NA	1797	932	84.1115
POPDC2	NA	2	1769	0.0493203
POPDC3	NA	138	1911	3.15023
POR	NA	1517	2499	26.4815
PORCN	NA	222	2122	4.56384
POSTN	NA	5	3380	0.0645322
POT1	NA	520	4299	5.27666
POT1-AS1	NA	1	4156	0.0104966
POTEA	NA	0	1976	0
POTEB	NA	0	3374	0
POTEB2	NA	0	3374	0
POTEB3	NA	0	5034	0
POTEC	NA	0	2243	0
POTED	NA	0	1826	0
POTEE	NA	2706	3440	34.3157
POTEF	NA	339	4337	3.40984
POTEG	NA	1	1975	0.022088
POTEH	NA	0	2037	0
POTEH-AS1	NA	3	2984	0.0438577
POTEI	NA	2686	3228	36.2991
POTEJ	NA	2691	3277	35.8229
POTEKP	NA	0	621	0
POTEM	NA	48	6666	0.314123
POU1F1	NA	1	1340	0.0325551
POU2AF1	NA	35	3031	0.503739
POU2F1	NA	1446	14269	4.42077
POU2F2	NA	158	7185	0.959298
POU2F3	NA	0	3081	0
POU3F1	NA	37	2928	0.551257
POU3F2	NA	1	4087	0.0106738
POU3F3	NA	0	4506	0
POU3F4	NA	0	1507	0
POU4F1	NA	8	3814	0.0915024
POU4F2	NA	1	3141	0.0138885
POU4F3	NA	0	1182	0
POU5F1	NA	30	18423	0.0710369
POU5F1B	NA	50	1585	1.37614
POU5F1P3	NA	8	1084	0.321947
POU5F1P4	NA	7	1083	0.281963
POU5F1P5	NA	2	937	0.0931137
POU5F2	NA	1	1295	0.0336863
POU6F1	NA	62	5301	0.51022
POU6F2	NA	0	2324	0
POU6F2-AS1	NA	0	380	0
PP12613	NA	0	2224	0
PP14571	NA	14	2017	0.302793
PP2D1	NA	82	2447	1.46185
PP7080	NA	652	1743	16.3182
PPA1	NA	3568	1302	119.547
PPA2	NA	1808	1673	47.1439
PPAN	NA	1547	1728	39.0544
PPAN-P2RY11	NA	2597	3269	34.6561
PPAP2A	NA	472	1823	11.2948
PPAP2B	NA	37	3308	0.487932
PPAP2C	NA	6	1532	0.17085
PPAPDC1A	NA	0	1521	0
PPAPDC1B	NA	360	2625	5.98269
PPAPDC2	NA	568	2979	8.31766
PPAPDC3	NA	47	2095	0.978672
PPARA	NA	93	10049	0.403723
PPARD	NA	748	4460	7.31627
PPARG	NA	0	2263	0
PPARGC1A	NA	0	6318	0
PPARGC1B	NA	315	10827	1.26919
PPAT	NA	1983	3702	23.3674
PPBP	NA	0	1307	0
PPBPP2	NA	0	1362	0
PPCDC	NA	289	2422	5.20531
PPCS	NA	892	3112	12.504
PPDPF	NA	2484	777	139.461
PPEF1	NA	1	2872	0.0151893
PPEF1-AS1	NA	0	491	0
PPEF2	NA	1	3413	0.0127817
PPFIA1	NA	1270	5662	9.78492
PPFIA2	NA	0	6568	0
PPFIA3	NA	1718	4742	15.8046
PPFIA4	NA	137	6478	0.922577
PPFIBP1	NA	734	6170	5.1896
PPFIBP2	NA	160	4041	1.72725
PPHLN1	NA	1564	4585	14.8806
PPIA	NA	30247	2445	539.668
PPIAL4A	NA	288	1570	8.00232
PPIAL4C	NA	288	1570	8.00232
PPIAL4D	NA	11	785	0.611289
PPIAL4E	NA	11	785	0.611289
PPIAL4F	NA	11	785	0.611289
PPIAL4G	NA	1030	738	60.8841
PPIAP30	NA	4	626	0.278746
PPIB	NA	11205	1028	475.491
PPIC	NA	209	1236	7.37651
PPID	NA	652	1834	15.5086
PPIE	NA	926	4737	8.52768
PPIEL	NA	21	2637	0.347402
PPIF	NA	2473	2200	49.0371
PPIG	NA	2985	2706	48.1216
PPIH	NA	445	800	24.2657
PPIL1	NA	2493	1736	62.6464
PPIL2	NA	1657	4102	17.6218
PPIL3	NA	453	1272	15.5358
PPIL4	NA	1680	2534	28.9218
PPIL6	NA	118	4326	1.18992
PPIP5K1	NA	587	5927	4.32042
PPIP5K2	NA	705	6244	4.92549
PPL	NA	2380	6238	16.6439
PPM1A	NA	995	11414	3.80284
PPM1B	NA	838	5389	6.78358
PPM1D	NA	1107	4777	10.1092
PPM1E	NA	184	6545	1.2264
PPM1F	NA	1443	5185	12.1406
PPM1G	NA	6899	2302	130.739
PPM1H	NA	4092	6200	28.7917
PPM1J	NA	210	1714	5.3448
PPM1K	NA	395	6590	2.61478
PPM1L	NA	2	3056	0.0285496
PPM1M	NA	42	2342	0.782322
PPM1N	NA	96	1714	2.44334
PPME1	NA	10538	2755	166.863
PPOX	NA	236	1768	5.82308
PPP1CA	NA	4036	1503	117.143
PPP1CB	NA	3742	4998	32.6611
PPP1CC	NA	6331	2511	109.989
PPP1R10	NA	2342	29962	3.40988
PPP1R11	NA	1226	12705	4.20958
PPP1R12A	NA	1307	5944	9.59224
PPP1R12B	NA	226	11990	0.822266
PPP1R12C	NA	1972	2965	29.0139
PPP1R13B	NA	241	4959	2.12005
PPP1R13L	NA	645	3178	8.85379
PPP1R14A	NA	725	777	40.7043
PPP1R14B	NA	2605	987	115.137
PPP1R14C	NA	2	2211	0.0394607
PPP1R14D	NA	0	873	0
PPP1R15A	NA	4082	2383	74.7261
PPP1R15B	NA	2234	5276	18.4715
PPP1R16A	NA	1047	2274	20.0854
PPP1R16B	NA	6	6251	0.0418721
PPP1R17	NA	0	1966	0
PPP1R18	NA	5517	30377	7.92285
PPP1R1A	NA	1	1834	0.0237861
PPP1R1B	NA	56	2053	1.18993
PPP1R1C	NA	0	3948	0
PPP1R2	NA	873	3473	10.9656
PPP1R21	NA	198	3215	2.68663
PPP1R26	NA	335	4932	2.96309
PPP1R26-AS1	NA	33	2927	0.491829
PPP1R27	NA	5	799	0.27299
PPP1R2P3	NA	161	1991	3.52759
PPP1R2P9	NA	0	870	0
PPP1R32	NA	12	1539	0.340146
PPP1R35	NA	856	930	40.1526
PPP1R36	NA	5	1406	0.155134
PPP1R37	NA	735	2952	10.8616
PPP1R3A	NA	1	4296	0.0101545
PPP1R3B	NA	2360	5859	17.5716
PPP1R3C	NA	208	2573	3.52652
PPP1R3D	NA	12	3466	0.151034
PPP1R3E	NA	396	4495	3.84316
PPP1R3F	NA	115	3430	1.4626
PPP1R3G	NA	6	1736	0.150773
PPP1R42	NA	5	1083	0.201402
PPP1R7	NA	990	2966	14.5609
PPP1R8	NA	1992	2852	30.4693
PPP1R9A	NA	323	10543	1.33648
PPP1R9B	NA	1861	4051	20.0404
PPP2CA	NA	7742	2643	127.785
PPP2CB	NA	2319	1970	51.352
PPP2R1A	NA	6804	2509	118.301
PPP2R1B	NA	7547	5877	56.0198
PPP2R2A	NA	1684	4007	18.3335
PPP2R2B	NA	1	3603	0.0121076
PPP2R2B-IT1	NA	0	447	0
PPP2R2C	NA	30	5127	0.255259
PPP2R2D	NA	1015	5253	8.42911
PPP2R3A	NA	50	7281	0.299573
PPP2R3B	NA	1381	4852	12.4164
PPP2R3C	NA	398	2068	8.39568
PPP2R4	NA	4519	3034	64.9756
PPP2R5A	NA	1321	3415	16.8747
PPP2R5B	NA	217	2750	3.44231
PPP2R5C	NA	1172	5035	10.1543
PPP2R5D	NA	2192	3064	31.2087
PPP2R5E	NA	1623	4225	16.7577
PPP3CA	NA	14	4676	0.13061
PPP3CB	NA	1176	4645	11.0445
PPP3CB-AS1	NA	71	3095	1.00074
PPP3CC	NA	150	2348	2.78687
PPP3R1	NA	1897	3011	27.484
PPP3R2	NA	0	3387	0
PPP4C	NA	2515	1486	73.8316
PPP4R1	NA	1932	4099	20.5614
PPP4R1-AS1	NA	6	587	0.445899
PPP4R1L	NA	59	2398	1.07331
PPP4R2	NA	556	1462	16.5902
PPP4R4	NA	59	4321	0.59565
PPP5C	NA	1864	2232	36.4313
PPP5D1	NA	9	1241	0.316369
PPP6C	NA	2099	4350	21.0497
PPP6R1	NA	5677	3637	68.0924
PPP6R2	NA	1439	4109	15.2773
PPP6R3	NA	2771	5228	23.1219
PPRC1	NA	2916	5374	23.6708
PPT1	NA	6729	2504	117.23
PPT2	NA	1119	16913	2.88624
PPT2-EGFL8	NA	896	20145	1.94028
PPTC7	NA	424	3748	4.93503
PPWD1	NA	1010	2206	19.9728
PPY	NA	6	457	0.572741
PPY2P	NA	0	657	0
PQBP1	NA	1095	1295	36.8865
PQLC1	NA	1708	2544	29.2883
PQLC2	NA	830	3461	10.4616
PQLC2L	NA	1	2755	0.0158344
PQLC3	NA	211	1956	4.70584
PRAC1	NA	16	383	1.8224
PRAC2	NA	53	657	3.51912
PRADC1	NA	219	1083	8.82143
PRAF2	NA	1820	1310	60.6071
PRAM1	NA	5	2209	0.098741
PRAME	NA	80	3214	1.08584
PRAMEF1	NA	400	2436	7.16318
PRAMEF10	NA	60	3050	0.858173
PRAMEF11	NA	462	1689	11.9326
PRAMEF12	NA	1007	1778	24.7071
PRAMEF14	NA	730	4328	7.35798
PRAMEF15	NA	1205	3724	14.1156
PRAMEF16	NA	4	1586	0.110022
PRAMEF17	NA	9	3158	0.124324
PRAMEF19	NA	63	4246	0.647267
PRAMEF2	NA	412	1642	10.9458
PRAMEF20	NA	112	3194	1.5297
PRAMEF22	NA	6	1446	0.181012
PRAMEF26	NA	629	1785	15.3722
PRAMEF4	NA	566	1840	13.4191
PRAMEF5	NA	598	1855	14.0631
PRAMEF6	NA	584	1720	14.8118
PRAMEF7	NA	647	1558	18.1159
PRAMEF8	NA	647	1558	18.1159
PRAMEF9	NA	543	1436	16.4956
PRAP1	NA	40	777	2.24575
PRB1	NA	0	1173	0
PRB2	NA	0	1428	0
PRB3	NA	0	1101	0
PRB4	NA	0	918	0
PRC1	NA	1993	3190	27.2546
PRC1-AS1	NA	348	1528	9.93526
PRCAT47	NA	6	2333	0.112191
PRCC	NA	2363	2123	48.5553
PRCD	NA	33	2242	0.642098
PRCP	NA	1286	2206	25.4307
PRDM1	NA	0	5398	0
PRDM10	NA	318	6574	2.11019
PRDM11	NA	210	11334	0.808275
PRDM12	NA	11	2492	0.192561
PRDM13	NA	54	3204	0.735232
PRDM14	NA	0	2344	0
PRDM15	NA	425	7778	2.38366
PRDM16	NA	881	8723	4.40589
PRDM2	NA	724	9583	3.2958
PRDM4	NA	2111	4187	21.9942
PRDM5	NA	71	5349	0.579041
PRDM6	NA	2	3027	0.0288231
PRDM7	NA	0	3222	0
PRDM8	NA	16	4219	0.165437
PRDM9	NA	1	3691	0.011819
PRDX1	NA	21103	1348	682.932
PRDX2	NA	6048	1038	254.178
PRDX3	NA	4445	1629	119.035
PRDX4	NA	1296	921	61.3859
PRDX5	NA	2157	905	103.974
PRDX6	NA	8307	1670	216.996
PREB	NA	2235	2164	45.0551
PRELID1	NA	4082	1273	139.884
PRELID2	NA	69	5083	0.592178
PRELP	NA	2	5819	0.0149936
PREP	NA	1927	2943	28.5637
PREPL	NA	1614	7373	9.54954
PREX1	NA	180	6633	1.18382
PREX2	NA	3	5414	0.0241728
PRF1	NA	1	2534	0.0172154
PRG1	NA	8	493	0.707891
PRG2	NA	0	1544	0
PRG3	NA	0	869	0
PRG4	NA	337	5050	2.91113
PRH1	NA	179	1174	6.65132
PRH1-PRR4	NA	216	1645	5.72811
PRH2	NA	38	4323	0.383461
PRICKLE1	NA	128	4798	1.16379
PRICKLE2	NA	8	8322	0.0419359
PRICKLE2-AS1	NA	2	6505	0.0134124
PRICKLE2-AS2	NA	0	798	0
PRICKLE2-AS3	NA	0	3091	0
PRICKLE3	NA	1064	2890	16.0608
PRICKLE4	NA	102	1646	2.7033
PRIM1	NA	367	1462	10.9507
PRIM2	NA	922	2723	14.7709
PRIMA1	NA	0	3650	0
PRIMPOL	NA	217	2296	4.12298
PRKAA1	NA	883	5130	7.50873
PRKAA2	NA	2	9352	0.00932929
PRKAB1	NA	1230	2401	22.3479
PRKAB2	NA	718	5462	5.73451
PRKACA	NA	2861	3408	36.622
PRKACB	NA	382	6629	2.51385
PRKACG	NA	5	1591	0.137095
PRKAG1	NA	1039	1964	23.078
PRKAG2	NA	2799	4446	27.4635
PRKAG2-AS1	NA	18	791	0.992703
PRKAG3	NA	0	2299	0
PRKAR1A	NA	4049	5235	33.7407
PRKAR1B	NA	1901	2977	27.8565
PRKAR2A	NA	384	2381	7.0355
PRKAR2A-AS1	NA	21	3468	0.264158
PRKAR2B	NA	1780	3661	21.2101
PRKCA	NA	1911	8770	9.5057
PRKCA-AS1	NA	0	1356	0
PRKCB	NA	1	8014	0.00544345
PRKCD	NA	425	2835	6.53972
PRKCDBP	NA	771	1037	32.4339
PRKCE	NA	108	5520	0.853509
PRKCG	NA	258	3128	3.59812
PRKCH	NA	1	3860	0.0113015
PRKCI	NA	1600	4884	14.2912
PRKCQ	NA	25	3285	0.331992
PRKCQ-AS1	NA	177	2253	3.42717
PRKCSH	NA	4287	2778	67.3201
PRKCZ	NA	887	3079	12.5672
PRKD1	NA	3	3677	0.0355919
PRKD2	NA	1204	3920	13.3987
PRKD3	NA	371	5902	2.74219
PRKDC	NA	12911	13508	41.6958
PRKG1	NA	3792	7122	23.2268
PRKG1-AS1	NA	1282	2253	24.8228
PRKG2	NA	0	5004	0
PRKRA	NA	878	2172	17.6343
PRKRIP1	NA	1174	2181	23.482
PRKRIR	NA	2303	3417	29.4017
PRKX	NA	707	6084	5.06936
PRKX-AS1	NA	0	514	0
PRKXP1	NA	315	11532	1.1916
PRKY	NA	435	7217	2.62939
PRL	NA	0	1455	0
PRLH	NA	0	264	0
PRLHR	NA	0	1980	0
PRLR	NA	0	12338	0
PRM1	NA	0	409	0
PRM2	NA	0	774	0
PRM3	NA	0	397	0
PRMT1	NA	4730	1568	131.595
PRMT2	NA	1707	7953	9.36323
PRMT3	NA	878	2733	14.0145
PRMT5	NA	5407	2616	90.1658
PRMT5-AS1	NA	2124	2104	44.0384
PRMT6	NA	2890	2650	47.5746
PRMT7	NA	694	3097	9.77556
PRMT8	NA	0	2497	0
PRMT9	NA	419	3528	5.18094
PRNCR1	NA	717	12722	2.45859
PRND	NA	1	4038	0.0108033
PRNP	NA	1754	2964	25.8151
PRNT	NA	0	2333	0
PRO1804	NA	2	2038	0.0428104
PROB1	NA	44	3251	0.590417
PROC	NA	4	1780	0.0980309
PROCA1	NA	145	2151	2.9407
PROCR	NA	30297	1484	890.613
PRODH	NA	122	2408	2.21017
PRODH2	NA	0	1677	0
PROK1	NA	1	1372	0.0317958
PROK2	NA	0	1613	0
PROKR1	NA	0	1182	0
PROKR2	NA	0	1155	0
PROL1	NA	0	1099	0
PROM1	NA	1	4307	0.0101286
PROM2	NA	9	4732	0.08297
PROP1	NA	7	1464	0.208584
PRORSD1P	NA	5	2153	0.101309
PRORY	NA	0	858	0
PROS1	NA	231	3580	2.81483
PROSC	NA	1014	2569	17.2186
PROSER1	NA	1068	5169	9.01339
PROSER2	NA	158	3333	2.06797
PROSER2-AS1	NA	1	3156	0.0138225
PROSER3	NA	216	2146	4.39084
PROX1	NA	0	8721	0
PROX1-AS1	NA	0	3399	0
PROX2	NA	15	3878	0.168736
PROZ	NA	21	1555	0.589131
PRPF18	NA	472	1705	12.0765
PRPF19	NA	7649	2340	142.598
PRPF3	NA	1464	2463	25.9298
PRPF31	NA	2453	2183	49.0193
PRPF38A	NA	1700	2772	26.7534
PRPF38B	NA	2089	3756	24.2625
PRPF39	NA	813	2868	12.3662
PRPF4	NA	1934	2924	28.8538
PRPF40A	NA	6356	7528	36.8322
PRPF40B	NA	266	3887	2.98532
PRPF4B	NA	3020	7482	17.6081
PRPF6	NA	1987	3101	27.9524
PRPF8	NA	11459	7295	68.5243
PRPH	NA	42	1833	0.999563
PRPH2	NA	1	3027	0.0144116
PRPS1	NA	2891	2156	58.4955
PRPS1L1	NA	37	1087	1.48489
PRPS2	NA	1836	2540	31.5328
PRPSAP1	NA	804	2359	14.868
PRPSAP2	NA	1373	2151	27.8454
PRR11	NA	1106	6473	7.45371
PRR12	NA	1130	6943	7.09994
PRR13	NA	5264	1195	192.164
PRR14	NA	873	2118	17.9809
PRR14L	NA	1081	10828	4.35513
PRR15	NA	0	1678	0
PRR15L	NA	0	1517	0
PRR16	NA	0	2272	0
PRR18	NA	8	2704	0.129064
PRR19	NA	286	1530	8.15451
PRR20A	NA	130	9235	0.614087
PRR20B	NA	130	9235	0.614087
PRR20C	NA	130	9235	0.614087
PRR20D	NA	130	9235	0.614087
PRR20E	NA	130	9235	0.614087
PRR21	NA	0	1170	0
PRR22	NA	256	1392	8.02276
PRR23A	NA	1	2307	0.0189093
PRR23B	NA	0	1896	0
PRR23C	NA	0	2791	0
PRR23D1	NA	0	1588	0
PRR23D2	NA	0	1587	0
PRR25	NA	4	1209	0.14433
PRR26	NA	1	4512	0.00966839
PRR27	NA	0	4797	0
PRR29	NA	30	3107	0.421214
PRR3	NA	807	21914	1.60648
PRR30	NA	0	2063	0
PRR32	NA	0	1227	0
PRR34	NA	0	1836	0
PRR34-AS1	NA	0	1635	0
PRR35	NA	42	2217	0.826431
PRR36	NA	273	4517	2.63655
PRR4	NA	40	564	3.09388
PRR5	NA	508	3109	7.12798
PRR5-ARHGAP8	NA	518	2161	10.4568
PRR5L	NA	4	4214	0.0414084
PRR7	NA	589	1563	16.4392
PRR7-AS1	NA	11	1600	0.299913
PRR9	NA	0	1229	0
PRRC1	NA	1338	4698	12.4241
PRRC2A	NA	8010	46602	7.4981
PRRC2B	NA	5681	11059	22.4095
PRRC2C	NA	5807	10384	24.3955
PRRG1	NA	0	6092	0
PRRG2	NA	12	1393	0.375797
PRRG3	NA	0	1662	0
PRRG4	NA	10	5538	0.0787717
PRRT1	NA	170	15168	0.488927
PRRT2	NA	523	3156	7.22916
PRRT3	NA	208	3761	2.41259
PRRT3-AS1	NA	9	614	0.639436
PRRT4	NA	5	3545	0.0615286
PRRX1	NA	66	4071	0.707239
PRRX2	NA	180	1309	5.99869
PRRX2-AS1	NA	1	502	0.0868999
PRSS1	NA	0	817	0
PRSS12	NA	11	4573	0.104934
PRSS16	NA	161	2865	2.45146
PRSS21	NA	1	1168	0.0373491
PRSS22	NA	30	1386	0.944238
PRSS23	NA	1638	11431	6.25105
PRSS27	NA	35	1462	1.04434
PRSS3	NA	0	1230	0
PRSS30P	NA	61	2963	0.898093
PRSS33	NA	349	1694	8.98742
PRSS35	NA	0	2606	0
PRSS36	NA	22	2839	0.33805
PRSS37	NA	0	1197	0
PRSS38	NA	0	1243	0
PRSS3P2	NA	0	862	0
PRSS41	NA	4	957	0.182336
PRSS42	NA	0	882	0
PRSS45	NA	0	946	0
PRSS46	NA	0	984	0
PRSS48	NA	1	987	0.0441984
PRSS50	NA	0	1347	0
PRSS53	NA	139	2028	2.98999
PRSS54	NA	65	1810	1.5666
PRSS55	NA	0	1353	0
PRSS56	NA	0	2157	0
PRSS57	NA	10	1078	0.404673
PRSS58	NA	0	918	0
PRSS8	NA	55	1940	1.23676
PRTFDC1	NA	560	1984	12.3132
PRTG	NA	579	12112	2.08538
PRTN3	NA	3	1001	0.130741
PRUNE	NA	557	3083	7.88143
PRUNE2	NA	0	13275	0
PRX	NA	499	5506	3.95355
PRY	NA	0	1238	0
PRY2	NA	0	1238	0
PSAP	NA	18008	2834	277.197
PSAPL1	NA	0	4680	0
PSAT1	NA	4994	2256	96.5679
PSCA	NA	2	1284	0.0679498
PSD	NA	49	4708	0.454028
PSD2	NA	22	4510	0.212799
PSD3	NA	2	11828	0.00737636
PSD4	NA	8	5039	0.0692578
PSEN1	NA	948	6090	6.7907
PSEN2	NA	498	2298	9.45372
PSENEN	NA	1286	834	67.2664
PSG1	NA	5811	2979	85.0949
PSG10P	NA	358	1742	8.96516
PSG11	NA	895	1609	24.2656
PSG2	NA	1054	1612	28.5232
PSG3	NA	6746	1908	154.238
PSG4	NA	3201	2168	64.4095
PSG5	NA	2331	1640	62.0043
PSG6	NA	1416	1843	33.5167
PSG7	NA	1583	2038	33.8844
PSG8	NA	3931	2131	80.4716
PSG9	NA	15911	1740	398.907
PSIP1	NA	3790	3964	41.7089
PSKH1	NA	1165	3481	14.5997
PSKH2	NA	0	1158	0
PSMA1	NA	5806	2057	123.131
PSMA2	NA	4562	1464	135.937
PSMA3	NA	966	998	42.225
PSMA3-AS1	NA	527	2608	8.81508
PSMA4	NA	4750	1221	169.708
PSMA5	NA	5364	3864	60.5585
PSMA6	NA	3245	1283	110.334
PSMA7	NA	7015	1032	296.532
PSMA8	NA	0	1899	0
PSMB1	NA	6579	917	312.978
PSMB10	NA	502	1006	21.7685
PSMB11	NA	0	1894	0
PSMB2	NA	7279	4845	65.5392
PSMB3	NA	2729	796	149.559
PSMB4	NA	4684	925	220.901
PSMB5	NA	7096	1454	212.898
PSMB6	NA	3349	872	167.541
PSMB7	NA	6884	1015	295.868
PSMB8	NA	120	14174	0.369328
PSMB8-AS1	NA	417	12688	1.43373
PSMB9	NA	164	8312	0.860719
PSMC1	NA	3979	1586	109.445
PSMC2	NA	2518	3210	34.2195
PSMC3	NA	6772	1580	186.975
PSMC3IP	NA	1039	1980	22.8915
PSMC4	NA	5106	1914	116.376
PSMC5	NA	3350	1600	91.3373
PSMC6	NA	1213	1593	33.2176
PSMD1	NA	7355	3325	96.4971
PSMD10	NA	870	1574	24.1123
PSMD11	NA	4450	4018	48.314
PSMD12	NA	2794	1797	67.8268
PSMD13	NA	2928	1842	69.3433
PSMD14	NA	2192	1717	55.6921
PSMD2	NA	6601	3165	90.9828
PSMD3	NA	4669	2187	93.1319
PSMD4	NA	3540	1331	116.024
PSMD5	NA	646	3479	8.1003
PSMD5-AS1	NA	140	3798	1.60804
PSMD6	NA	3713	1841	87.9821
PSMD6-AS2	NA	17	2549	0.290939
PSMD7	NA	2155	1670	56.293
PSMD8	NA	4614	1539	130.786
PSMD9	NA	1565	2352	29.0269
PSME1	NA	420	1181	15.514
PSME2	NA	2096	829	110.296
PSME3	NA	5376	3803	61.6675
PSME4	NA	3115	7099	19.1419
PSMF1	NA	3052	3842	34.6538
PSMG1	NA	2232	1140	85.4108
PSMG2	NA	821	1159	30.9017
PSMG3	NA	1759	1411	54.3829
PSMG3-AS1	NA	228	6062	1.64075
PSMG4	NA	898	1042	37.5952
PSORS1C1	NA	7	5292	0.0577034
PSORS1C2	NA	2	6532	0.0133569
PSORS1C3	NA	0	4151	0
PSPC1	NA	3500	3142	48.5943
PSPH	NA	753	2118	15.5093
PSPN	NA	31	471	2.8712
PSRC1	NA	753	1774	18.5167
PSTK	NA	219	1706	5.6
PSTPIP1	NA	3	1855	0.0705506
PSTPIP2	NA	1928	3024	27.813
PTAFR	NA	53	4533	0.510051
PTAR1	NA	558	10051	2.42186
PTBP1	NA	9765	3281	129.834
PTBP2	NA	434	3858	4.90739
PTBP3	NA	5087	8234	26.951
PTCD1	NA	2339	5505	18.5352
PTCD2	NA	253	2109	5.2332
PTCD3	NA	2423	6734	15.6965
PTCH1	NA	434	8999	2.10387
PTCH2	NA	177	4634	1.66625
PTCHD1	NA	0	5291	0
PTCHD1-AS	NA	0	557	0
PTCHD2	NA	20	5214	0.167333
PTCHD3	NA	0	2528	0
PTCHD4	NA	401	5177	3.37901
PTCRA	NA	0	1170	0
PTCSC3	NA	0	1152	0
PTDSS1	NA	1509	2562	25.6941
PTDSS2	NA	1466	2445	26.1564
PTEN	NA	1004	8861	4.94281
PTENP1	NA	428	3917	4.76665
PTENP1-AS	NA	4	872	0.200109
PTER	NA	0	3905	0
PTF1A	NA	0	1333	0
PTGDR	NA	0	3033	0
PTGDR2	NA	649	2910	9.72915
PTGDS	NA	2	812	0.107448
PTGER1	NA	18	1421	0.552588
PTGER2	NA	8	2478	0.140835
PTGER3	NA	2	10280	0.00848712
PTGER4	NA	0	3416	0
PTGER4P2-CDK2AP2P2	NA	8	3705	0.0941944
PTGES	NA	352	1787	8.59293
PTGES2	NA	2073	2424	37.307
PTGES2-AS1	NA	6	2106	0.124284
PTGES3	NA	12213	3399	156.745
PTGES3L	NA	31	2006	0.674146
PTGES3L-AARSD1	NA	1027	2273	19.7103
PTGFR	NA	0	5431	0
PTGFRN	NA	2169	6312	14.9905
PTGIR	NA	56	2086	1.17111
PTGIS	NA	638	5603	4.96733
PTGR1	NA	1	1578	0.027645
PTGR2	NA	160	2681	2.60343
PTGS1	NA	6	5697	0.0459439
PTGS2	NA	0	4493	0
PTH	NA	0	814	0
PTH1R	NA	65	2146	1.32132
PTH2	NA	12	459	1.14049
PTH2R	NA	2	3108	0.0280719
PTHLH	NA	0	2639	0
PTK2	NA	4139	4670	38.6636
PTK2B	NA	113	4805	1.02591
PTK6	NA	17	2525	0.293705
PTK7	NA	4490	4446	44.0555
PTMA	NA	26428	1207	955.169
PTMS	NA	6360	1150	241.258
PTN	NA	0	1545	0
PTOV1	NA	1660	1917	37.7754
PTOV1-AS1	NA	506	2148	10.2764
PTOV1-AS2	NA	639	1101	25.3184
PTP4A1	NA	10495	5089	89.9649
PTP4A2	NA	6917	3929	76.7996
PTP4A3	NA	693	2785	10.855
PTPDC1	NA	232	4863	2.08117
PTPMT1	NA	1656	2740	26.3653
PTPN1	NA	2812	3563	34.4289
PTPN11	NA	3854	6577	25.5627
PTPN12	NA	1428	3297	18.8944
PTPN13	NA	6	8577	0.0305168
PTPN14	NA	1217	13443	3.94928
PTPN18	NA	382	3669	4.54191
PTPN2	NA	1366	4103	14.5235
PTPN20	NA	8	6182	0.0564526
PTPN21	NA	293	6215	2.0566
PTPN22	NA	0	3654	0
PTPN23	NA	1945	5282	16.0637
PTPN3	NA	65	9799	0.289371
PTPN4	NA	277	11380	1.06184
PTPN5	NA	0	4014	0
PTPN6	NA	147	2552	2.51281
PTPN7	NA	1	4309	0.0101239
PTPN9	NA	843	3945	9.32189
PTPRA	NA	1126	3975	12.3573
PTPRB	NA	2	11414	0.00764391
PTPRC	NA	0	7415	0
PTPRCAP	NA	32	907	1.5391
PTPRD	NA	12	10170	0.0514735
PTPRD-AS1	NA	0	1334	0
PTPRD-AS2	NA	0	2834	0
PTPRE	NA	3	5511	0.0237473
PTPRF	NA	3274	7733	18.4694
PTPRG	NA	28	6648	0.183734
PTPRG-AS1	NA	52	2772	0.818339
PTPRH	NA	396	3928	4.39792
PTPRJ	NA	133	9053	0.640888
PTPRK	NA	3	6569	0.0199226
PTPRM	NA	3	5600	0.0233699
PTPRN	NA	88	3910	0.981814
PTPRN2	NA	2	5194	0.0167978
PTPRO	NA	1	7636	0.00571291
PTPRQ	NA	0	7550	0
PTPRR	NA	4	4483	0.0389237
PTPRS	NA	3881	7347	23.0439
PTPRT	NA	4	12694	0.0137463
PTPRU	NA	190	5640	1.4696
PTPRVP	NA	5	4095	0.0532647
PTPRZ1	NA	0	8159	0
PTRF	NA	23712	3634	284.647
PTRH1	NA	391	815	20.9287
PTRH2	NA	1941	2220	38.1413
PTRHD1	NA	677	572	51.6316
PTS	NA	452	934	21.1113
PTTG1	NA	1020	1160	38.3588
PTTG1IP	NA	4779	2826	73.7714
PTTG2	NA	16	576	1.21177
PTTG3P	NA	185	609	13.2519
PTX3	NA	3	1938	0.0675291
PTX4	NA	2	1422	0.0613555
PUF60	NA	5242	2065	110.739
PUM1	NA	2695	5385	21.8321
PUM2	NA	2526	6493	16.9711
PURA	NA	471	5294	3.88115
PURB	NA	1205	9093	5.781
PURG	NA	35	3771	0.404888
PUS1	NA	1742	2082	36.4998
PUS10	NA	123	3810	1.40833
PUS3	NA	679	1844	16.0632
PUS7	NA	1649	3482	20.6593
PUS7L	NA	341	4423	3.36326
PUSL1	NA	683	1240	24.0283
PVALB	NA	0	572	0
PVR	NA	1435	6097	10.2674
PVRIG	NA	133	1569	3.69787
PVRIG2P	NA	318	1264	10.975
PVRL1	NA	327	6113	2.33355
PVRL2	NA	2456	3575	29.9692
PVRL3	NA	0	6841	0
PVRL3-AS1	NA	0	1128	0
PVRL4	NA	53	3502	0.660211
PVT1	NA	477	1699	12.2475
PWAR1	NA	3	2412	0.0542584
PWAR4	NA	0	342	0
PWAR5	NA	80	3373	1.03466
PWARSN	NA	30	1797	0.728277
PWP1	NA	2075	1853	48.8502
PWP2	NA	1744	3260	23.3374
PWRN1	NA	0	1438	0
PWRN2	NA	0	5128	0
PWRN3	NA	0	849	0
PWRN4	NA	0	618	0
PWWP2A	NA	924	5771	6.98464
PWWP2B	NA	513	2612	8.56776
PXDC1	NA	141	2194	2.80353
PXDN	NA	352	6849	2.24202
PXDNL	NA	0	4807	0
PXK	NA	279	3226	3.77279
PXMP2	NA	379	957	17.2763
PXMP4	NA	2	5724	0.0152424
PXN	NA	9389	4216	97.1498
PXN-AS1	NA	419	763	23.9559
PXT1	NA	6	2107	0.124225
PXYLP1	NA	138	3553	1.69437
PYCARD	NA	390	773	22.0094
PYCARD-AS1	NA	140	1095	5.57747
PYCR1	NA	1242	2298	23.5773
PYCR2	NA	2484	1771	61.1866
PYCRL	NA	745	2678	12.1358
PYDC1	NA	0	547	0
PYDC2	NA	0	294	0
PYGB	NA	1615	4131	17.0546
PYGL	NA	290	2846	4.44515
PYGM	NA	128	3616	1.5442
PYGO1	NA	4292	8396	22.3003
PYGO2	NA	989	3180	13.5673
PYHIN1	NA	0	2093	0
PYROXD1	NA	1442	4124	15.2535
PYROXD2	NA	3	2065	0.0633759
PYURF	NA	2313	1356	74.4113
PYY	NA	4	1052	0.16587
PYY2	NA	19	1070	0.774628
PZP	NA	1	4610	0.00946286
QARS	NA	4089	2821	63.232
QDPR	NA	1439	1653	37.9762
QKI	NA	2117	16362	5.64427
QPCT	NA	3	1703	0.0768475
QPCTL	NA	1093	2311	20.6321
QPRT	NA	1251	1554	35.118
QRFP	NA	2	411	0.212281
QRFPR	NA	0	2347	0
QRICH1	NA	3454	3315	45.4529
QRICH2	NA	186	5457	1.4869
QRSL1	NA	732	4118	7.7544
QSER1	NA	1398	9337	6.53165
QSOX1	NA	986	3316	12.9714
QSOX2	NA	1312	4527	12.6429
QTRT1	NA	1273	1334	41.629
QTRTD1	NA	1314	4024	14.2449
R3HCC1	NA	557	1589	15.2917
R3HCC1L	NA	529	3565	6.4732
R3HDM1	NA	1854	4893	16.5294
R3HDM2	NA	560	3974	6.14729
R3HDM4	NA	1803	1809	43.4791
R3HDML	NA	0	762	0
RAB10	NA	4937	3785	56.9011
RAB11A	NA	3769	4929	33.3573
RAB11B	NA	2211	1628	59.2458
RAB11B-AS1	NA	140	1022	5.97586
RAB11FIP1	NA	1484	7856	8.24054
RAB11FIP2	NA	531	6061	3.82185
RAB11FIP3	NA	1074	4448	10.5333
RAB11FIP4	NA	412	8901	2.01921
RAB11FIP5	NA	492	4342	4.94309
RAB12	NA	370	2138	7.54948
RAB13	NA	1991	1714	50.6738
RAB14	NA	1747	4363	17.4675
RAB15	NA	787	3391	10.1244
RAB17	NA	11	1999	0.240051
RAB18	NA	1114	5090	9.54752
RAB19	NA	0	952	0
RAB1A	NA	5065	2643	83.5999
RAB1B	NA	2714	1955	60.5601
RAB20	NA	9	1522	0.257959
RAB21	NA	676	2627	11.2256
RAB22A	NA	726	8651	3.66095
RAB23	NA	710	4979	6.2207
RAB24	NA	788	1839	18.6925
RAB25	NA	4	1085	0.160825
RAB26	NA	210	1826	5.01697
RAB27A	NA	280	3699	3.30215
RAB27B	NA	0	7003	0
RAB28	NA	513	1884	11.8784
RAB29	NA	310	3494	3.87045
RAB2A	NA	1937	3812	22.1666
RAB2B	NA	312	3002	4.53385
RAB30	NA	83	10414	0.347683
RAB30-AS1	NA	257	673	16.6587
RAB31	NA	971	3994	10.6056
RAB32	NA	925	1203	33.5428
RAB33A	NA	0	1108	0
RAB33B	NA	125	3868	1.40977
RAB34	NA	4400	1916	100.18
RAB35	NA	2022	2945	29.9515
RAB36	NA	228	3822	2.60236
RAB37	NA	8	3603	0.096861
RAB38	NA	0	1460	0
RAB39A	NA	78	1858	1.83135
RAB39B	NA	194	3512	2.40974
RAB3A	NA	112	1501	3.25507
RAB3B	NA	371	12844	1.26008
RAB3C	NA	0	1009	0
RAB3D	NA	814	4273	8.31026
RAB3GAP1	NA	1373	4938	12.1295
RAB3GAP2	NA	1503	7329	8.94618
RAB3IL1	NA	358	2602	6.00204
RAB3IP	NA	24	10222	0.102423
RAB40A	NA	96	1346	3.11135
RAB40AL	NA	42	1029	1.78056
RAB40B	NA	621	1759	15.401
RAB40C	NA	962	2933	14.3082
RAB41	NA	4	1071	0.162927
RAB42	NA	0	1333	0
RAB43	NA	782	4679	7.29083
RAB44	NA	4	4233	0.0412226
RAB4A	NA	1164	3035	16.7308
RAB4B	NA	165	1189	6.05376
RAB4B-EGLN2	NA	1943	2849	29.7511
RAB5A	NA	1341	2535	23.0767
RAB5B	NA	2199	5428	17.6729
RAB5C	NA	3643	2031	78.2479
RAB6A	NA	4034	3560	49.4321
RAB6B	NA	423	5560	3.31886
RAB6C	NA	774	3077	10.9733
RAB6C-AS1	NA	67	2460	1.18813
RAB7A	NA	6921	2232	135.269
RAB8A	NA	2579	2177	51.6792
RAB8B	NA	267	4875	2.38924
RAB9A	NA	717	1362	22.9649
RAB9B	NA	2	3799	0.0229659
RAB9BP1	NA	0	625	0
RABAC1	NA	2890	807	156.224
RABEP1	NA	2035	6132	14.4772
RABEP2	NA	527	2280	10.0832
RABEPK	NA	1000	1664	26.2162
RABGAP1	NA	1229	4999	10.7249
RABGAP1L	NA	267	10393	1.12071
RABGEF1	NA	956	5417	7.69879
RABGGTA	NA	564	2293	10.73
RABGGTB	NA	1670	1709	42.6283
RABIF	NA	421	3227	5.69123
RABL2A	NA	1175	2218	23.11
RABL2B	NA	2046	2616	34.1186
RABL3	NA	450	3883	5.05555
RABL6	NA	3810	3890	42.7266
RAC1	NA	6833	2398	124.304
RAC2	NA	6	1511	0.173225
RAC3	NA	2098	1060	86.3421
RACGAP1	NA	2092	3459	26.3836
RACGAP1P	NA	76	2794	1.18662
RAD1	NA	761	4682	7.09049
RAD17	NA	479	3866	5.40501
RAD18	NA	1050	5739	7.98135
RAD21	NA	4370	3750	50.8362
RAD21-AS1	NA	12	2010	0.26044
RAD21L1	NA	0	1808	0
RAD23A	NA	1427	1821	34.1851
RAD23B	NA	6792	4442	66.7025
RAD50	NA	1843	6597	12.1871
RAD51	NA	481	2420	8.67068
RAD51-AS1	NA	5	1135	0.192175
RAD51AP1	NA	449	2269	8.63247
RAD51AP2	NA	0	3589	0
RAD51B	NA	298	3854	3.37309
RAD51C	NA	949	1513	27.3622
RAD51D	NA	213	2583	3.59731
RAD51L3-RFFL	NA	359	3904	4.01151
RAD52	NA	406	3756	4.71546
RAD54B	NA	616	8477	3.17002
RAD54L	NA	936	3146	12.979
RAD54L2	NA	162	4705	1.50203
RAD9A	NA	912	2313	17.2006
RAD9B	NA	19	3037	0.272918
RADIL	NA	301	3670	3.57786
RAE1	NA	1705	2170	34.2758
RAET1E	NA	1	2554	0.0170806
RAET1E-AS1	NA	70	1376	2.21923
RAET1G	NA	2	1181	0.073876
RAET1K	NA	17	1883	0.393842
RAET1L	NA	6	802	0.326362
RAF1	NA	3029	3275	40.347
RAG1	NA	0	6580	0
RAG2	NA	2	2820	0.0309388
RAI1	NA	2029	7660	11.5552
RAI1-AS1	NA	0	718	0
RAI14	NA	2512	5856	18.7129
RAI2	NA	0	2742	0
RALA	NA	2333	2810	36.2186
RALB	NA	1081	2261	20.8568
RALBP1	NA	2185	4354	21.892
RALGAPA1	NA	438	8087	2.36271
RALGAPA1P	NA	330	7496	1.92047
RALGAPA2	NA	165	9426	0.763624
RALGAPB	NA	2033	8676	10.2221
RALGDS	NA	1528	4435	15.0298
RALGPS1	NA	109	7634	0.62287
RALGPS2	NA	827	7591	4.75258
RALY	NA	2699	4773	24.668
RALY-AS1	NA	72	672	4.67398
RALYL	NA	0	3354	0
RAMP1	NA	1	974	0.0447883
RAMP2	NA	7	786	0.388507
RAMP2-AS1	NA	6	3257	0.0803631
RAMP3	NA	0	1347	0
RAN	NA	14395	2546	246.647
RANBP1	NA	4834	1991	105.915
RANBP10	NA	863	5305	7.09657
RANBP17	NA	194	4576	1.84943
RANBP2	NA	5568	11711	20.7409
RANBP3	NA	2521	3401	32.3362
RANBP3L	NA	4	2618	0.0666521
RANBP6	NA	716	4622	6.75782
RANBP9	NA	949	3113	13.2987
RANGAP1	NA	6630	4589	63.0258
RANGRF	NA	954	1166	35.6922
RAP1A	NA	929	5323	7.61347
RAP1B	NA	2733	2151	55.4271
RAP1GAP	NA	105	3596	1.27378
RAP1GAP2	NA	291	6663	1.90523
RAP1GDS1	NA	1031	3761	11.9586
RAP2A	NA	503	4358	5.03505
RAP2B	NA	974	8413	5.05046
RAP2C	NA	692	4196	7.19439
RAP2C-AS1	NA	16	3422	0.203969
RAPGEF1	NA	1850	6483	12.4486
RAPGEF2	NA	276	6820	1.76542
RAPGEF3	NA	100	6602	0.660766
RAPGEF4	NA	3	5142	0.0254514
RAPGEF4-AS1	NA	0	4621	0
RAPGEF5	NA	22	6622	0.144929
RAPGEF6	NA	465	9380	2.16259
RAPGEFL1	NA	296	4004	3.22493
RAPH1	NA	455	10501	1.89018
RAPSN	NA	7	1671	0.182745
RARA	NA	332	4361	3.32105
RARA-AS1	NA	28	1790	0.682383
RARB	NA	10	3549	0.122918
RARG	NA	1129	3431	14.3548
RARRES1	NA	0	1666	0
RARRES2	NA	97	741	5.71053
RARRES3	NA	0	765	0
RARS	NA	3009	2138	61.3957
RARS2	NA	1011	1832	24.074
RASA1	NA	367	4451	3.59693
RASA2	NA	398	5652	3.07188
RASA3	NA	659	4200	6.84478
RASA4	NA	199	5606	1.54854
RASA4B	NA	347	5588	2.70892
RASA4CP	NA	52	1527	1.48555
RASAL1	NA	52	4002	0.566826
RASAL2	NA	346	11040	1.36719
RASAL2-AS1	NA	14	2338	0.26122
RASAL3	NA	1	3290	0.0132595
RASD1	NA	2	1746	0.04997
RASD2	NA	41	2972	0.601808
RASEF	NA	4	5576	0.031294
RASGEF1A	NA	772	3341	10.0801
RASGEF1B	NA	0	2962	0
RASGEF1C	NA	26	2216	0.511831
RASGRF1	NA	23	7338	0.136733
RASGRF2	NA	45	8156	0.24069
RASGRF2-AS1	NA	0	539	0
RASGRP1	NA	10	5028	0.0867617
RASGRP2	NA	8	2582	0.135163
RASGRP3	NA	4	5293	0.0329671
RASGRP4	NA	26	3218	0.352461
RASIP1	NA	40	3302	0.528453
RASL10A	NA	64	1490	1.87377
RASL10B	NA	845	3194	11.541
RASL11A	NA	126	1543	3.56228
RASL11B	NA	30	1957	0.668734
RASL12	NA	0	2640	0
RASSF1	NA	540	2344	10.0498
RASSF1-AS1	NA	12	786	0.666012
RASSF10	NA	0	2684	0
RASSF2	NA	56	5449	0.448327
RASSF3	NA	967	3492	12.0802
RASSF4	NA	5	2495	0.0874224
RASSF5	NA	7	4166	0.0732997
RASSF6	NA	0	6123	0
RASSF7	NA	821	1757	20.3842
RASSF8	NA	217	7068	1.33933
RASSF8-AS1	NA	36	1084	1.44876
RASSF9	NA	0	1796	0
RAVER1	NA	3153	3592	38.2922
RAVER2	NA	493	4361	4.93156
RAX	NA	0	3197	0
RAX2	NA	3	2153	0.0607856
RB1	NA	621	4772	5.67694
RB1CC1	NA	1554	6667	10.1682
RBAK	NA	891	6652	5.84317
RBAK-RBAKDN	NA	31	858	1.57615
RBAKDN	NA	18	579	1.35618
RBBP4	NA	5380	8018	29.2711
RBBP5	NA	974	4411	9.63264
RBBP6	NA	10818	7256	65.0389
RBBP7	NA	4022	2381	73.6895
RBBP8	NA	897	3555	11.0072
RBBP8NL	NA	1	2833	0.0153984
RBBP9	NA	527	3857	5.96052
RBCK1	NA	768	2762	12.13
RBFA	NA	714	5679	5.48466
RBFADN	NA	13	808	0.701868
RBFOX1	NA	0	5703	0
RBFOX2	NA	2060	7329	12.2616
RBFOX3	NA	58	2990	0.846214
RBKS	NA	74	2390	1.35069
RBL1	NA	301	5814	2.25847
RBL2	NA	706	4886	6.30339
RBM10	NA	1791	3433	22.7586
RBM11	NA	14	1967	0.310489
RBM12	NA	4311	6702	28.0606
RBM12B	NA	627	5101	5.36211
RBM12B-AS1	NA	18	709	1.10751
RBM14	NA	3655	5407	29.4886
RBM14-RBM4	NA	4233	1614	114.411
RBM15	NA	748	3431	9.51052
RBM15B	NA	3700	6638	24.3158
RBM17	NA	1871	3961	20.6059
RBM18	NA	987	3287	13.0991
RBM19	NA	3325	5646	25.6906
RBM20	NA	63	7235	0.379861
RBM22	NA	2166	2346	40.2767
RBM23	NA	1120	2604	18.7629
RBM24	NA	411	2724	6.582
RBM25	NA	4689	4303	47.537
RBM26	NA	1867	5239	15.546
RBM26-AS1	NA	23	2471	0.406049
RBM27	NA	1803	6540	12.0266
RBM28	NA	2123	2809	32.9702
RBM3	NA	5216	4432	51.3406
RBM33	NA	1704	10325	7.19951
RBM34	NA	1981	2071	41.728
RBM38	NA	2607	2484	45.7839
RBM39	NA	5617	3019	81.1642
RBM4	NA	6095	4230	62.8574
RBM41	NA	409	6391	2.79176
RBM42	NA	2699	1650	71.3579
RBM43	NA	72	3914	0.802481
RBM44	NA	8	4283	0.0814826
RBM45	NA	282	1815	6.77791
RBM46	NA	0	3852	0
RBM47	NA	1144	5248	9.50945
RBM48	NA	282	1717	7.16477
RBM4B	NA	1284	1844	30.3758
RBM5	NA	1591	3131	22.1672
RBM5-AS1	NA	59	1386	1.857
RBM6	NA	1961	3739	22.8794
RBM7	NA	823	3750	9.57396
RBM8A	NA	3363	4959	29.5839
RBMS1	NA	187	4286	1.90332
RBMS2	NA	463	8486	2.38013
RBMS3	NA	0	8365	0
RBMS3-AS1	NA	0	554	0
RBMS3-AS3	NA	0	880	0
RBMX	NA	9632	3418	122.933
RBMX2	NA	788	1528	22.4971
RBMXL1	NA	1543	5087	13.2321
RBMXL2	NA	4	2215	0.0787788
RBMXL3	NA	0	3469	0
RBMY1A1	NA	0	3774	0
RBMY1A3P	NA	0	427	0
RBMY1B	NA	0	3842	0
RBMY1D	NA	0	3762	0
RBMY1E	NA	0	1881	0
RBMY1F	NA	0	1881	0
RBMY1J	NA	0	1881	0
RBMY2EP	NA	0	534	0
RBMY2FP	NA	0	2042	0
RBMY3AP	NA	0	317	0
RBP1	NA	0	1954	0
RBP2	NA	5	688	0.317033
RBP3	NA	0	4276	0
RBP4	NA	0	929	0
RBP5	NA	3	940	0.139225
RBP7	NA	33	655	2.19784
RBPJ	NA	11226	6278	78.0058
RBPJL	NA	0	2509	0
RBPMS	NA	287	3444	3.63531
RBPMS-AS1	NA	21	909	1.00781
RBPMS2	NA	1763	1994	38.5701
RBSN	NA	895	6993	5.58319
RBX1	NA	872	906	41.9867
RC3H1	NA	840	11129	3.29266
RC3H2	NA	524	4198	5.44518
RCAN1	NA	1366	3597	16.5666
RCAN2	NA	0	3994	0
RCAN3	NA	201	3030	2.89385
RCAN3AS	NA	0	429	0
RCBTB1	NA	1326	4033	14.343
RCBTB2	NA	184	3251	2.46902
RCC1	NA	3100	3027	44.6758
RCC2	NA	6043	4163	63.3242
RCCD1	NA	31	2767	0.488738
RCE1	NA	520	1471	15.421
RCHY1	NA	815	4501	7.89899
RCL1	NA	804	2303	15.2295
RCN1	NA	2668	2516	46.2592
RCN2	NA	1696	2267	32.636
RCN3	NA	144	1854	3.38825
RCOR1	NA	1640	5756	12.4293
RCOR2	NA	1321	2604	22.1302
RCOR3	NA	466	4985	4.07797
RCSD1	NA	1	2991	0.014585
RCVRN	NA	2	1175	0.0742532
RD3	NA	0	4266	0
RD3L	NA	0	1201	0
RDH10	NA	2490	3963	27.4093
RDH10-AS1	NA	8	3261	0.107019
RDH11	NA	2223	2566	37.7925
RDH12	NA	3	1878	0.0696865
RDH13	NA	557	2767	8.78151
RDH14	NA	683	1600	18.6219
RDH16	NA	9	1723	0.227866
RDH5	NA	22	1342	0.715144
RDH8	NA	0	1714	0
RDM1	NA	30	1308	1.00055
RDX	NA	2423	5548	19.052
REC114	NA	2	925	0.0943217
REC8	NA	97	2331	1.81532
RECK	NA	85	4412	0.84044
RECQL	NA	2259	3779	26.0773
RECQL4	NA	1327	3816	15.17
RECQL5	NA	851	5185	7.15985
REEP1	NA	23	3913	0.256414
REEP2	NA	1664	2266	32.0344
REEP3	NA	425	5205	3.56198
REEP4	NA	1142	1694	29.4087
REEP5	NA	2440	3116	34.1598
REEP6	NA	627	1373	19.9214
REG1A	NA	0	808	0
REG1B	NA	0	806	0
REG1P	NA	0	2925	0
REG3A	NA	0	1097	0
REG3G	NA	0	955	0
REG4	NA	0	2262	0
REL	NA	90	7827	0.501615
RELA	NA	1733	2578	29.3251
RELB	NA	573	2275	10.9874
RELL1	NA	299	4036	3.23179
RELL2	NA	359	2583	6.06308
RELN	NA	4	11571	0.0150804
RELT	NA	493	3643	5.90352
REM1	NA	0	1670	0
REM2	NA	5	1859	0.117331
REN	NA	0	1465	0
RENBP	NA	115	1471	3.41042
REP15	NA	19	1139	0.727701
REPIN1	NA	6395	3351	83.251
REPS1	NA	1983	4019	21.5242
REPS2	NA	2	7953	0.0109704
RER1	NA	3010	3104	42.3027
RERE	NA	2565	8321	13.4473
REREP3	NA	8	804	0.434067
RERG	NA	0	2325	0
RERG-AS1	NA	0	335	0
RERGL	NA	0	1147	0
RESP18	NA	0	795	0
REST	NA	948	7460	5.54361
RET	NA	11	6397	0.0750135
RETN	NA	0	478	0
RETNLB	NA	0	573	0
RETSAT	NA	1524	3311	20.0793
REV1	NA	887	4734	8.1737
REV3L	NA	981	11071	3.8655
REXO1	NA	1766	4581	16.8172
REXO1L2P	NA	0	8625	0
REXO2	NA	1108	1160	41.6682
REXO4	NA	1952	2492	34.1708
RFC1	NA	2146	4899	19.1093
RFC2	NA	1810	1846	42.773
RFC3	NA	2269	2865	34.5488
RFC4	NA	1751	1585	48.1926
RFC5	NA	777	2473	13.7063
RFESD	NA	32	2841	0.491362
RFFL	NA	335	4346	3.36262
RFK	NA	1169	2707	18.8386
RFNG	NA	1114	1828	26.5847
RFPL1	NA	133	1496	3.87832
RFPL1S	NA	155	5115	1.32193
RFPL2	NA	261	2722	4.18288
RFPL3	NA	26	1501	0.755642
RFPL3S	NA	27	1362	0.864788
RFPL4A	NA	1153	908	55.3945
RFPL4AL1	NA	1044	864	52.7121
RFPL4B	NA	1974	1900	45.3228
RFT1	NA	819	5098	7.00821
RFTN1	NA	102	3002	1.48222
RFTN2	NA	1	3113	0.0140134
RFWD2	NA	1268	2789	19.8333
RFWD3	NA	3956	4952	34.8497
RFX1	NA	465	4377	4.63447
RFX2	NA	428	4112	4.54061
RFX3	NA	839	10633	3.44215
RFX3-AS1	NA	7	1109	0.275353
RFX4	NA	3	4377	0.0298998
RFX5	NA	1992	3618	24.0184
RFX6	NA	0	3507	0
RFX7	NA	1583	7195	9.59784
RFX8	NA	0	1729	0
RFXANK	NA	1645	1632	43.9713
RFXAP	NA	198	2825	3.05752
RGAG1	NA	0	5426	0
RGAG4	NA	593	4338	5.96332
RGCC	NA	18	1108	0.708689
RGL1	NA	303	5512	2.39804
RGL2	NA	1168	16710	3.04923
RGL3	NA	2	2561	0.0340678
RGL4	NA	0	2885	0
RGMA	NA	294	4015	3.19437
RGMB	NA	101	4580	0.962009
RGMB-AS1	NA	5	2030	0.107448
RGN	NA	0	2257	0
RGP1	NA	98	1717	2.48988
RGPD1	NA	791	6692	5.15637
RGPD2	NA	776	5500	6.15492
RGPD3	NA	1580	5873	11.736
RGPD4	NA	1677	7172	10.2004
RGPD4-AS1	NA	0	1581	0
RGPD5	NA	3002	7790	16.8111
RGPD6	NA	3003	7809	16.7758
RGPD8	NA	3215	7299	19.215
RGR	NA	0	1475	0
RGS1	NA	1091	1403	33.9227
RGS10	NA	629	974	28.1718
RGS11	NA	9	2434	0.161304
RGS12	NA	440	7024	2.7327
RGS13	NA	5	1562	0.139641
RGS14	NA	1511	2406	27.3963
RGS16	NA	1	2432	0.0179374
RGS17	NA	3	1466	0.089271
RGS18	NA	1	2145	0.0203374
RGS19	NA	423	1691	10.9124
RGS2	NA	2602	1350	84.0808
RGS20	NA	142	2744	2.2575
RGS21	NA	0	1793	0
RGS22	NA	2	4628	0.0188521
RGS3	NA	2640	7307	15.7612
RGS4	NA	15	3978	0.164494
RGS5	NA	77	7424	0.452456
RGS6	NA	0	6427	0
RGS7	NA	0	2576	0
RGS7BP	NA	0	4703	0
RGS8	NA	0	912	0
RGS9	NA	60	2581	1.01411
RGS9BP	NA	144	2894	2.17064
RGSL1	NA	1	3760	0.0116021
RHAG	NA	0	1928	0
RHBDD1	NA	525	5157	4.44105
RHBDD2	NA	1688	1878	39.2103
RHBDD3	NA	1115	1738	27.9865
RHBDF1	NA	1563	2992	22.7888
RHBDF2	NA	603	3605	7.29685
RHBDL1	NA	197	1463	5.87415
RHBDL2	NA	7	2003	0.152455
RHBDL3	NA	24	4661	0.224624
RHBG	NA	3	2025	0.0646278
RHCE	NA	75	1618	2.02212
RHCG	NA	30	1980	0.660966
RHD	NA	17	3007	0.246626
RHEB	NA	1523	2075	32.0188
RHEBL1	NA	99	1287	3.35567
RHNO1	NA	1163	2464	20.5903
RHO	NA	0	2768	0
RHOA	NA	13561	1921	307.955
RHOB	NA	6252	2373	114.933
RHOBTB1	NA	3587	4792	32.6541
RHOBTB2	NA	828	5823	6.20307
RHOBTB3	NA	432	5566	3.38582
RHOC	NA	5180	1621	139.402
RHOD	NA	0	1133	0
RHOF	NA	1805	2435	32.3371
RHOG	NA	983	1319	32.5111
RHOH	NA	430	3279	5.72071
RHOJ	NA	0	3619	0
RHOQ	NA	2391	4542	22.9644
RHOT1	NA	481	3615	5.80444
RHOT2	NA	2195	2542	37.6688
RHOU	NA	41	4758	0.375909
RHOV	NA	89	1705	2.27714
RHOXF1	NA	0	769	0
RHOXF1-AS1	NA	0	2103	0
RHOXF1P1	NA	0	780	0
RHOXF2	NA	0	1297	0
RHOXF2B	NA	0	1309	0
RHPN1	NA	669	3715	7.8558
RHPN1-AS1	NA	28	2013	0.606789
RHPN2	NA	346	3531	4.27466
RIBC1	NA	65	2827	1.00302
RIBC2	NA	70	1404	2.17497
RIC1	NA	876	6971	5.48191
RIC3	NA	65	5861	0.483799
RIC8A	NA	2970	3783	34.2486
RIC8B	NA	420	4989	3.67248
RICTOR	NA	947	9613	4.29748
RIF1	NA	1712	10179	7.33706
RIIAD1	NA	0	455	0
RILP	NA	187	1791	4.5548
RILPL1	NA	764	2624	12.7014
RILPL2	NA	766	1801	18.554
RIMBP2	NA	1646	6322	11.3579
RIMBP3	NA	75	5793	0.564782
RIMBP3B	NA	72	5416	0.579932
RIMBP3C	NA	73	5793	0.549721
RIMKLA	NA	15	10569	0.0619128
RIMKLB	NA	151	6559	1.0043
RIMS1	NA	2	9059	0.00963103
RIMS2	NA	3794	7973	20.7586
RIMS3	NA	248	7229	1.49657
RIMS4	NA	469	5210	3.92698
RIN1	NA	3735	2684	60.706
RIN2	NA	6	4507	0.0580747
RIN3	NA	323	3847	3.66272
RING1	NA	655	10428	2.74008
RINL	NA	211	3060	3.00804
RINT1	NA	622	2976	9.1176
RIOK1	NA	1256	2578	21.2535
RIOK2	NA	1760	4684	16.3915
RIOK3	NA	1382	4033	14.9487
RIPK1	NA	876	3864	9.88986
RIPK2	NA	164	2585	2.76762
RIPK3	NA	0	1921	0
RIPK4	NA	69	3872	0.777386
RIPPLY1	NA	0	1186	0
RIPPLY2	NA	0	816	0
RIPPLY3	NA	2	2234	0.0390544
RIT1	NA	750	3481	9.39897
RIT2	NA	2	1166	0.0748264
RITA1	NA	1600	2053	33.9981
RLBP1	NA	21	1752	0.522888
RLF	NA	1002	6250	6.99376
RLIM	NA	3242	10629	13.3059
RLN1	NA	0	1004	0
RLN2	NA	1	922	0.0473143
RLN3	NA	0	452	0
RLTPR	NA	297	4479	2.89267
RMDN1	NA	1132	3064	16.1169
RMDN2	NA	24	3324	0.314973
RMDN2-AS1	NA	0	526	0
RMDN3	NA	1492	2331	27.9222
RMI1	NA	362	3494	4.51969
RMI2	NA	1050	1451	31.5679
RMND1	NA	474	2003	10.3233
RMND5A	NA	2260	6183	15.9453
RMND5B	NA	461	2106	9.54917
RMRP	NA	19	268	3.09273
RMST	NA	0	2099	0
RNA45S5	NA	442601	13357	1445.53
RNA5-8S5	NA	1839	312	257.129
RNASE1	NA	24	970	1.07935
RNASE10	NA	0	651	0
RNASE11	NA	0	1766	0
RNASE12	NA	0	743	0
RNASE13	NA	0	1607	0
RNASE2	NA	0	735	0
RNASE3	NA	2	716	0.121854
RNASE4	NA	73	1996	1.59546
RNASE6	NA	0	1061	0
RNASE7	NA	14	1498	0.407699
RNASE8	NA	1	634	0.0688072
RNASE9	NA	0	1247	0
RNASEH1	NA	1313	2103	27.2363
RNASEH1-AS1	NA	360	1373	11.4381
RNASEH2A	NA	1090	1142	41.6374
RNASEH2B	NA	269	2158	5.43781
RNASEH2B-AS1	NA	1	624	0.0699099
RNASEH2C	NA	1608	2785	25.1874
RNASEK	NA	3307	1028	140.334
RNASEK-C17orf49	NA	3756	1909	85.8307
RNASEL	NA	2	4241	0.0205724
RNASET2	NA	543	1250	18.9502
RND1	NA	26	1665	0.681212
RND2	NA	404	4152	4.2447
RND3	NA	3959	2807	61.5271
RNF10	NA	3004	3847	34.0644
RNF103	NA	595	5096	5.09343
RNF103-CHMP3	NA	2059	3373	26.6295
RNF11	NA	1064	3074	15.0994
RNF111	NA	543	6213	3.8126
RNF112	NA	1	3228	0.0135142
RNF113A	NA	474	1297	15.9427
RNF113B	NA	0	1378	0
RNF114	NA	1625	2467	28.7348
RNF115	NA	458	1950	10.246
RNF121	NA	564	2754	8.93384
RNF122	NA	89	1872	2.07399
RNF123	NA	596	4295	6.0535
RNF125	NA	237	5888	1.75592
RNF126	NA	2638	1650	69.7452
RNF126P1	NA	54	1318	1.78732
RNF128	NA	0	3411	0
RNF13	NA	1160	2964	17.0727
RNF130	NA	1007	2263	19.4119
RNF133	NA	0	1443	0
RNF135	NA	1	2220	0.0196503
RNF138	NA	1099	3664	13.0848
RNF138P1	NA	79	5701	0.604504
RNF139	NA	633	3312	8.33751
RNF139-AS1	NA	17	5821	0.127402
RNF14	NA	737	4523	7.10827
RNF141	NA	673	4084	7.18874
RNF144A	NA	195	5739	1.48225
RNF144A-AS1	NA	33	2348	0.613111
RNF144B	NA	2	5036	0.0173248
RNF145	NA	2464	4312	24.9279
RNF146	NA	559	2908	8.38573
RNF148	NA	2	1302	0.0670104
RNF149	NA	1134	2968	16.6676
RNF150	NA	36	4661	0.336935
RNF151	NA	1	796	0.0548037
RNF152	NA	2	1805	0.0483366
RNF157	NA	622	4891	5.54774
RNF157-AS1	NA	60	2177	1.20231
RNF165	NA	15	7040	0.0929484
RNF166	NA	500	2711	8.0457
RNF167	NA	2581	1708	65.9209
RNF168	NA	864	5344	7.05295
RNF169	NA	755	7823	4.21014
RNF17	NA	1	5107	0.00854196
RNF170	NA	355	5479	2.82651
RNF175	NA	0	1569	0
RNF180	NA	2	5060	0.0172426
RNF181	NA	646	716	39.3589
RNF182	NA	82	3797	0.942099
RNF183	NA	2	1210	0.0721054
RNF185	NA	1009	3477	12.6593
RNF186	NA	2	1250	0.069798
RNF187	NA	3426	3133	47.7035
RNF19A	NA	356	4824	3.21933
RNF19B	NA	1492	2737	23.7803
RNF2	NA	1027	3551	12.6166
RNF20	NA	1501	3942	16.6107
RNF207	NA	24	3971	0.263654
RNF208	NA	63	1077	2.55181
RNF212	NA	2	3097	0.0281716
RNF212B	NA	63	2436	1.1282
RNF213	NA	1491	23207	2.80273
RNF214	NA	356	2797	5.5524
RNF215	NA	591	1920	13.4279
RNF216	NA	1657	5850	12.3563
RNF216-IT1	NA	0	337	0
RNF216P1	NA	1062	2430	19.0652
RNF217	NA	89	5493	0.706812
RNF217-AS1	NA	5	5342	0.0408309
RNF219	NA	671	3534	8.28284
RNF219-AS1	NA	240	2418	4.3299
RNF220	NA	1018	3010	14.7538
RNF222	NA	4	3066	0.0569129
RNF223	NA	9	1122	0.349923
RNF224	NA	19	1503	0.551465
RNF225	NA	0	990	0
RNF24	NA	143	3560	1.7523
RNF25	NA	1837	1561	51.3369
RNF26	NA	1836	2815	28.4523
RNF31	NA	668	3556	8.19479
RNF32	NA	87	3813	0.99535
RNF34	NA	1081	2091	22.5525
RNF38	NA	488	5560	3.82885
RNF39	NA	122	16050	0.331595
RNF4	NA	1903	3674	22.5955
RNF40	NA	3378	6057	24.3291
RNF41	NA	937	5712	7.15607
RNF43	NA	14	5828	0.104793
RNF44	NA	1620	4153	17.0167
RNF5	NA	1679	7959	9.2027
RNF5P1	NA	1679	8531	8.58567
RNF6	NA	1179	3938	13.0605
RNF7	NA	1875	2265	36.1124
RNF8	NA	789	5737	5.9995
RNFT1	NA	214	2016	4.6307
RNFT2	NA	188	2898	2.82998
RNGTT	NA	1027	4836	9.26419
RNH1	NA	2879	2209	56.8551
RNLS	NA	30	3585	0.365052
RNMT	NA	2127	6249	14.8484
RNMTL1	NA	1124	1801	27.2255
RNPC3	NA	179	1885	4.14252
RNPEP	NA	2059	2413	37.2239
RNPEPL1	NA	239	3018	3.45463
RNPS1	NA	7709	2750	122.289
RNU1-13P	NA	0	324	0
RNU11	NA	2	135	0.646278
RNU12	NA	0	149	0
RNU4ATAC	NA	0	130	0
RNU5D-1	NA	0	64	0
RNU5E-1	NA	0	65	0
RNU5F-1	NA	0	72	0
RNU6-16P	NA	0	30	0
RNU6-19P	NA	0	87	0
RNU6-2	NA	3	958	0.136609
RNU6-28P	NA	0	171	0
RNU6-31P	NA	0	54	0
RNU6-33P	NA	1	28	1.55799
RNU6-34P	NA	1	28	1.55799
RNU6-35P	NA	0	30	0
RNU6-48P	NA	0	28	0
RNU6-52P	NA	0	96	0
RNU6-53P	NA	0	49	0
RNU6-57P	NA	0	27	0
RNU6-64P	NA	0	31	0
RNU6-66P	NA	0	78	0
RNU6-67P	NA	0	27	0
RNU6-69P	NA	0	28	0
RNU6-71P	NA	0	82	0
RNU6-72P	NA	1	46	0.948343
RNU6-76P	NA	0	50	0
RNU6-78P	NA	1	30	1.45413
RNU6-79P	NA	0	35	0
RNU6-81P	NA	0	48	0
RNU6-83P	NA	0	76	0
RNU6ATAC	NA	7	125	2.44293
RNU86	NA	58	55	46.0033
RNVU1-19	NA	1	168	0.259665
RNVU1-20	NA	10	163	2.67631
RNVU1-8	NA	1	141	0.309388
RNY4	NA	0	34	0
RNY5	NA	0	46	0
ROBO1	NA	25	7901	0.138032
ROBO2	NA	1	9024	0.00483419
ROBO3	NA	141	4554	1.35067
ROBO4	NA	2	3837	0.0227385
ROCK1	NA	1838	6648	12.0608
ROCK1P1	NA	423	2460	7.50116
ROCK2	NA	599	6401	4.08227
ROGDI	NA	324	1741	8.11838
ROM1	NA	169	1878	3.92567
ROMO1	NA	958	461	90.6542
ROPN1	NA	1	1103	0.0395501
ROPN1B	NA	0	1087	0
ROPN1L	NA	16	1078	0.647477
ROPN1L-AS1	NA	1	803	0.054326
ROR1	NA	0	6573	0
ROR1-AS1	NA	1	3454	0.0126299
ROR2	NA	15	4097	0.159716
RORA	NA	16	11535	0.0605098
RORA-AS1	NA	11	2483	0.193259
RORA-AS2	NA	0	1025	0
RORB	NA	0	3604	0
RORB-AS1	NA	0	824	0
RORC	NA	2	3214	0.0271461
ROS1	NA	0	7368	0
RP1	NA	0	7100	0
RP11-87M18.2	NA	0	1861	0
RP1L1	NA	1	7977	0.00546869
RP2	NA	93	3829	1.05955
RP9	NA	1022	1120	39.8067
RP9P	NA	592	1297	19.9115
RPA1	NA	2884	4345	28.9553
RPA2	NA	3205	1956	71.4796
RPA3	NA	1207	1594	33.0326
RPA4	NA	12	1544	0.339045
RPAIN	NA	3447	3133	47.9959
RPAP1	NA	2671	4682	24.8866
RPAP2	NA	608	3112	8.5229
RPAP3	NA	2068	3687	24.4681
RPARP-AS1	NA	425	1592	11.6458
RPE	NA	1383	3407	17.7082
RPE65	NA	31	2608	0.518534
RPEL1	NA	162	2130	3.31786
RPF1	NA	1185	1975	26.1743
RPF2	NA	2052	3692	24.2459
RPGR	NA	257	5717	1.96105
RPGRIP1	NA	16	3946	0.176883
RPGRIP1L	NA	506	6924	3.18799
RPH3A	NA	0	4592	0
RPH3AL	NA	99	2754	1.56817
RPIA	NA	1174	1834	27.9249
RPL10	NA	15809	2585	266.788
RPL10A	NA	13150	719	797.848
RPL10L	NA	0	809	0
RPL11	NA	13941	634	959.241
RPL12	NA	13590	660	898.253
RPL13	NA	23191	4726	214.067
RPL13A	NA	17917	1180	662.379
RPL13AP17	NA	0	1790	0
RPL13AP20	NA	6694	660	442.451
RPL13AP3	NA	47	1473	1.39193
RPL13AP5	NA	11312	658	749.958
RPL13AP6	NA	199	653	13.2942
RPL13P5	NA	49	624	3.42558
RPL14	NA	14516	968	654.176
RPL15	NA	22747	4716	210.413
RPL17	NA	17821	1163	668.46
RPL17-C18orf32	NA	16872	2049	359.21
RPL18	NA	22420	887	1102.64
RPL18A	NA	15250	671	991.449
RPL19	NA	25081	732	1494.71
RPL19P12	NA	1191	1134	45.8165
RPL21	NA	9742	566	750.853
RPL21P28	NA	9674	562	750.919
RPL21P44	NA	5	1784	0.122264
RPL22	NA	13530	2085	283.084
RPL22L1	NA	1780	1962	39.5771
RPL23	NA	21153	577	1599.26
RPL23A	NA	14958	970	672.706
RPL23AP32	NA	0	620	0
RPL23AP53	NA	1060	5788	7.98915
RPL23AP64	NA	6	633	0.413495
RPL23AP7	NA	1118	1873	26.0392
RPL23AP82	NA	1270	1864	29.7222
RPL23AP87	NA	670	2256	12.9556
RPL23P8	NA	1632	523	136.126
RPL24	NA	12823	562	995.352
RPL26	NA	24854	582	1862.93
RPL26L1	NA	1614	710	99.1673
RPL27	NA	10759	490	957.853
RPL27A	NA	14567	4879	130.245
RPL28	NA	12007	5183	101.059
RPL29	NA	21181	695	1329.49
RPL29P2	NA	2	649	0.134434
RPL3	NA	41783	1338	1362.28
RPL30	NA	18121	554	1426.91
RPL31	NA	9099	1481	268.017
RPL31P11	NA	14	1548	0.39453
RPL32	NA	19309	1859	453.11
RPL32P3	NA	97	2079	2.03536
RPL34	NA	5080	1014	218.549
RPL34-AS1	NA	0	3773	0
RPL35	NA	17401	460	1650.21
RPL35A	NA	7931	483	716.315
RPL36	NA	6762	604	488.384
RPL36A	NA	4333	2911	64.9336
RPL36A-HNRNPH2	NA	6666	2659	109.363
RPL36AL	NA	5648	577	427.014
RPL37	NA	20294	1570	563.886
RPL37A	NA	13882	418	1448.77
RPL38	NA	2924	392	325.398
RPL39	NA	8714	419	907.25
RPL39L	NA	528	703	32.7644
RPL3L	NA	3	1529	0.0855928
RPL4	NA	46392	1441	1404.44
RPL41	NA	30330	584	2265.6
RPL5	NA	14577	1031	616.783
RPL6	NA	28551	1130	1102.21
RPL7	NA	20197	837	1052.65
RPL7A	NA	15854	890	777.091
RPL7L1	NA	1156	1275	39.5522
RPL8	NA	42463	975	1899.89
RPL9	NA	11634	896	566.427
RPLP0	NA	50523	1264	1743.67
RPLP0P2	NA	194	3525	2.40085
RPLP1	NA	12735	512	1085.06
RPLP2	NA	7523	493	665.683
RPN1	NA	7672	2341	142.965
RPN2	NA	4580	2555	78.1984
RPP14	NA	1027	3598	12.4518
RPP21	NA	534	4112	5.66515
RPP25	NA	1326	2333	24.7943
RPP25L	NA	960	1102	38.0026
RPP30	NA	623	5794	4.69065
RPP38	NA	1242	1659	32.6587
RPP40	NA	431	1185	15.8665
RPPH1	NA	17	341	2.17479
RPRD1A	NA	1917	5305	15.7638
RPRD1B	NA	1616	3872	18.2066
RPRD2	NA	1277	8221	6.77625
RPRM	NA	1346	1471	39.9168
RPRML	NA	32	1093	1.27718
RPS10	NA	16059	880	796.084
RPS10-NUDT3	NA	14919	2527	257.548
RPS10P7	NA	1878	689	118.905
RPS11	NA	16640	646	1123.68
RPS12	NA	7605	503	659.56
RPS13	NA	15013	529	1238.04
RPS14	NA	15496	786	860.043
RPS14P3	NA	736	838	38.314
RPS15	NA	11537	687	732.587
RPS15A	NA	10606	543	852.069
RPS15AP10	NA	3	906	0.14445
RPS16	NA	18324	590	1354.85
RPS16P5	NA	2	3158	0.0276275
RPS17	NA	61626	1978	1359.13
RPS18	NA	14570	2858	222.393
RPS18P9	NA	1206	969	54.2934
RPS19	NA	18012	849	925.502
RPS19BP1	NA	2913	1018	124.829
RPS2	NA	57320	942	2654.47
RPS20	NA	24355	1321	804.282
RPS21	NA	219	396	24.1253
RPS23	NA	17167	3314	225.977
RPS24	NA	19094	2962	281.213
RPS25	NA	10934	492	969.476
RPS26	NA	5014	682	320.718
RPS26P11	NA	3002	553	236.815
RPS27	NA	9998	351	1242.59
RPS27A	NA	10533	1373	334.661
RPS27L	NA	5008	1084	201.539
RPS28	NA	3685	382	420.821
RPS29	NA	6515	1518	187.226
RPS2P32	NA	38	1025	1.61727
RPS3	NA	20183	2746	320.633
RPS3A	NA	24018	2031	515.882
RPS4X	NA	28042	956	1279.6
RPS4Y1	NA	6534	897	317.768
RPS4Y2	NA	0	888	0
RPS5	NA	9637	741	567.345
RPS6	NA	39148	829	2060.05
RPS6KA1	NA	2756	3383	35.5386
RPS6KA2	NA	385	6053	2.77468
RPS6KA2-AS1	NA	0	861	0
RPS6KA2-IT1	NA	2	579	0.150687
RPS6KA3	NA	466	7710	2.63666
RPS6KA4	NA	1370	3137	19.0515
RPS6KA5	NA	41	4313	0.414694
RPS6KA6	NA	77	8205	0.409388
RPS6KB1	NA	1416	5483	11.266
RPS6KB2	NA	763	1770	18.8051
RPS6KC1	NA	567	4399	5.6228
RPS6KL1	NA	212	5195	1.78022
RPS7	NA	6954	728	416.703
RPS7P5	NA	0	953	0
RPS8	NA	20798	705	1286.93
RPS9	NA	14222	713	870.15
RPSA	NA	24088	1185	886.759
RPSAP52	NA	54	1144	2.05916
RPSAP58	NA	30653	1379	969.688
RPSAP9	NA	6745	1440	204.335
RPTN	NA	0	3569	0
RPTOR	NA	1534	6856	9.76063
RPUSD1	NA	2297	2050	48.8799
RPUSD2	NA	666	2116	13.7304
RPUSD3	NA	1406	1227	49.9878
RPUSD4	NA	932	2512	16.1853
RQCD1	NA	2093	3858	23.6663
RRAD	NA	606	1476	17.9106
RRAGA	NA	821	1650	21.7061
RRAGB	NA	267	2207	5.27755
RRAGC	NA	1019	2733	16.2651
RRAGD	NA	250	4926	2.21396
RRAS	NA	1228	983	54.4964
RRAS2	NA	1318	2752	20.8925
RRBP1	NA	2828	3792	32.5338
RREB1	NA	724	8905	3.54673
RRH	NA	1	1556	0.0280358
RRM1	NA	3184	3191	43.5281
RRM2	NA	3341	3434	42.4423
RRM2B	NA	1593	5200	13.364
RRN3	NA	2161	3780	24.9394
RRN3P1	NA	323	1609	8.75729
RRN3P2	NA	203	2396	3.696
RRN3P3	NA	202	2492	3.53612
RRNAD1	NA	246	2269	4.72959
RRP1	NA	2444	1807	59.0019
RRP12	NA	3655	4426	36.0246
RRP15	NA	1218	7771	6.83744
RRP1B	NA	4873	5087	41.7886
RRP36	NA	1439	1159	54.1627
RRP7A	NA	4512	5455	36.0826
RRP7BP	NA	1234	2316	23.2434
RRP8	NA	694	1751	17.2901
RRP9	NA	2713	1582	74.8112
RRS1	NA	4380	1706	112
RRS1-AS1	NA	10	4368	0.0998713
RS1	NA	0	3026	0
RSAD1	NA	979	2630	16.2387
RSAD2	NA	0	3512	0
RSBN1	NA	494	6739	3.19783
RSBN1L	NA	330	3220	4.47076
RSC1A1	NA	470	1854	11.0589
RSF1	NA	1436	5134	12.2017
RSG1	NA	68	1560	1.90155
RSL1D1	NA	10514	5135	89.3204
RSL24D1	NA	3644	1473	107.919
RSPH1	NA	34	1429	1.03793
RSPH10B	NA	49	3106	0.688205
RSPH10B2	NA	49	3106	0.688205
RSPH14	NA	9	1252	0.313589
RSPH3	NA	155	2177	3.10596
RSPH4A	NA	43	2840	0.660501
RSPH6A	NA	1	2484	0.0175619
RSPH9	NA	19	1059	0.782674
RSPO1	NA	339	3089	4.78746
RSPO2	NA	2	3422	0.0254961
RSPO3	NA	3	4583	0.0285558
RSPO4	NA	21	2709	0.338169
RSPRY1	NA	834	4416	8.23873
RSRC1	NA	229	1739	5.74459
RSRC2	NA	2256	2452	40.1367
RSRP1	NA	1389	1465	41.3607
RSU1	NA	1397	3753	16.2383
RSU1P2	NA	1	1844	0.0236571
RTBDN	NA	98	2365	1.80767
RTCA	NA	1003	2623	16.6811
RTCA-AS1	NA	9	780	0.503351
RTCB	NA	4362	2066	92.104
RTEL1	NA	754	5197	6.3291
RTEL1-TNFRSF6B	NA	703	5772	5.31315
RTF1	NA	1994	5021	17.3244
RTFDC1	NA	1638	1745	40.9488
RTKN	NA	1665	2849	25.4944
RTKN2	NA	129	8403	0.669697
RTL1	NA	0	4193	0
RTN1	NA	1	3678	0.0118607
RTN2	NA	1153	2288	21.9835
RTN3	NA	1955	4976	17.1392
RTN4	NA	11116	5202	93.2184
RTN4IP1	NA	474	2636	7.84434
RTN4R	NA	1210	1919	27.5064
RTN4RL1	NA	1040	3625	12.5155
RTN4RL2	NA	45	2220	0.884266
RTP1	NA	74	2217	1.45609
RTP2	NA	0	1346	0
RTP3	NA	1	817	0.0533951
RTP4	NA	0	1011	0
RTP5	NA	1	1798	0.0242624
RTTN	NA	552	7093	3.39494
RUFY1	NA	874	2976	12.8116
RUFY2	NA	611	6268	4.25241
RUFY3	NA	1328	7856	7.37428
RUFY4	NA	1	3729	0.0116985
RUNDC1	NA	673	3828	7.66949
RUNDC3A	NA	114	2433	2.04402
RUNDC3A-AS1	NA	76	5081	0.652511
RUNDC3B	NA	5	4101	0.0531868
RUNX1	NA	231	7981	1.26264
RUNX1-IT1	NA	0	1491	0
RUNX1T1	NA	1	8992	0.0048514
RUNX2	NA	10	5769	0.0756176
RUNX3	NA	2	4767	0.0183024
RUSC1	NA	853	4530	8.21437
RUSC1-AS1	NA	944	1306	31.532
RUSC2	NA	462	5857	3.44104
RUVBL1	NA	5289	1768	130.501
RUVBL1-AS1	NA	1	588	0.0741901
RUVBL2	NA	3049	1488	89.3877
RWDD1	NA	957	1690	24.7029
RWDD2A	NA	123	1415	3.79203
RWDD2B	NA	451	1705	11.5392
RWDD3	NA	330	1385	10.3941
RWDD4	NA	889	2635	14.7178
RXFP1	NA	0	5190	0
RXFP2	NA	0	2803	0
RXFP3	NA	0	2533	0
RXFP4	NA	0	1146	0
RXRA	NA	837	7310	4.99495
RXRB	NA	559	18110	1.34653
RXRG	NA	0	2703	0
RYBP	NA	974	4449	9.55036
RYK	NA	1908	2940	28.3109
RYR1	NA	10	15391	0.0283437
RYR2	NA	0	16365	0
RYR3	NA	28	15574	0.0784298
S100A1	NA	940	594	69.0343
S100A10	NA	73	1055	3.01852
S100A11	NA	150	594	11.0161
S100A12	NA	0	466	0
S100A13	NA	2835	1402	88.2121
S100A14	NA	9	1060	0.370391
S100A16	NA	1193	1068	48.7296
S100A2	NA	197	962	8.93335
S100A3	NA	111	738	6.5613
S100A4	NA	5171	564	399.962
S100A5	NA	152	710	9.33917
S100A6	NA	19967	683	1275.31
S100A7	NA	0	439	0
S100A7A	NA	0	4279	0
S100A7L2	NA	0	480	0
S100A8	NA	0	523	0
S100A9	NA	2	577	0.151209
S100B	NA	1	1135	0.038435
S100G	NA	0	453	0
S100P	NA	4	510	0.342147
S100PBP	NA	901	4435	8.86246
S100Z	NA	93	1147	3.53706
S1PR1	NA	0	3050	0
S1PR2	NA	287	3584	3.49331
S1PR3	NA	30	4388	0.298248
S1PR4	NA	0	1595	0
S1PR5	NA	121	2510	2.10298
SAA1	NA	60	677	3.86621
SAA2	NA	34	2331	0.636297
SAA2-SAA4	NA	30	850	1.53966
SAA3P	NA	0	642	0
SAA4	NA	3	665	0.196799
SAAL1	NA	913	1531	26.0147
SAC3D1	NA	1165	1567	32.4325
SACM1L	NA	1075	3707	12.6505
SACS	NA	1700	15860	4.67594
SACS-AS1	NA	3	2234	0.0585816
SAE1	NA	6351	2618	105.827
SAFB	NA	4930	3112	69.1084
SAFB2	NA	4586	3318	60.2949
SAG	NA	3	1749	0.0748264
SAGE1	NA	0	3046	0
SALL1	NA	2	5360	0.0162775
SALL2	NA	892	5274	7.37816
SALL3	NA	5	5550	0.0393007
SALL4	NA	2486	3484	31.1276
SALRNA1	NA	1	1201	0.0363229
SALRNA2	NA	0	2066	0
SALRNA3	NA	0	1021	0
SAMD1	NA	1441	1299	48.3925
SAMD10	NA	10	2181	0.200017
SAMD11	NA	3653	2554	62.3953
SAMD12	NA	1	10491	0.00415821
SAMD12-AS1	NA	0	701	0
SAMD13	NA	2	1803	0.0483902
SAMD14	NA	47	3300	0.621308
SAMD15	NA	49	2025	1.05559
SAMD3	NA	2	2620	0.0333006
SAMD4A	NA	451	7051	2.79029
SAMD4B	NA	2008	4499	19.4702
SAMD5	NA	11	6324	0.0758794
SAMD7	NA	1	2505	0.0174147
SAMD8	NA	1006	7009	6.26131
SAMD9	NA	3	6855	0.0190914
SAMD9L	NA	0	7155	0
SAMHD1	NA	431	3189	5.89584
SAMM50	NA	1305	1756	32.4197
SAMSN1	NA	2	2465	0.0353945
SAMSN1-AS1	NA	0	840	0
SAP130	NA	1711	4173	17.8865
SAP18	NA	3310	2301	62.753
SAP25	NA	48	835	2.50771
SAP30	NA	269	1109	10.5814
SAP30BP	NA	1579	2827	24.3657
SAP30L	NA	288	6269	2.00409
SAP30L-AS1	NA	11	3450	0.13909
SAPCD1	NA	509	5473	4.0571
SAPCD1-AS1	NA	391	3810	4.47688
SAPCD2	NA	1344	3833	15.2962
SAR1A	NA	2924	3071	41.5356
SAR1B	NA	863	6651	5.6604
SARAF	NA	2221	2155	44.9598
SARDH	NA	167	3481	2.09284
SARM1	NA	2105	7293	12.5913
SARNP	NA	1927	1308	64.2684
SARS	NA	3805	4884	33.9862
SARS2	NA	1080	2136	22.057
SART1	NA	1719	3601	20.8246
SART3	NA	3248	4370	32.4233
SASH1	NA	258	7709	1.45997
SASH3	NA	0	2693	0
SASS6	NA	476	4038	5.14238
SAT1	NA	10682	1187	392.577
SAT2	NA	1723	963	78.0517
SATB1	NA	11	5861	0.0818737
SATB1-AS1	NA	0	843	0
SATB2	NA	8	6337	0.0550718
SATB2-AS1	NA	0	3316	0
SATL1	NA	57	2152	1.15546
SAV1	NA	613	3141	8.51365
SAXO1	NA	0	2313	0
SAXO2	NA	8	3130	0.111498
SAYSD1	NA	337	6425	2.28813
SBDS	NA	2867	1605	77.9248
SBDSP1	NA	1277	1796	31.0176
SBF1	NA	2654	8053	14.3769
SBF1P1	NA	19	6125	0.135323
SBF2	NA	854	7439	5.00803
SBF2-AS1	NA	718	2708	11.5664
SBK1	NA	1065	4992	9.30675
SBK2	NA	63	1062	2.58785
SBK3	NA	3	1269	0.103129
SBNO1	NA	2793	10981	11.0956
SBNO2	NA	1760	5110	15.025
SBSN	NA	47	1986	1.03239
SBSPON	NA	28	3798	0.321608
SC5D	NA	683	7157	4.16306
SCAF1	NA	4107	4313	41.5402
SCAF11	NA	2882	7596	16.5513
SCAF4	NA	2188	4269	22.3586
SCAF8	NA	1553	5251	12.9019
SCAI	NA	281	12210	1.00395
SCAMP1	NA	1045	6256	7.2869
SCAMP1-AS1	NA	217	1550	6.10733
SCAMP2	NA	908	1291	30.6819
SCAMP3	NA	1423	1572	39.4889
SCAMP4	NA	1398	2526	24.1433
SCAMP5	NA	858	3540	10.5732
SCAND1	NA	1795	1510	51.8574
SCAND2P	NA	288	4509	2.78635
SCAP	NA	2286	4255	23.4369
SCAPER	NA	201	5035	1.74149
SCARA3	NA	79	3832	0.899342
SCARA5	NA	0	4151	0
SCARB1	NA	4229	2742	67.2812
SCARB2	NA	2128	4767	19.4738
SCARF1	NA	23	3522	0.28488
SCARF2	NA	1499	3508	18.6408
SCARNA1	NA	1	166	0.262794
SCARNA10	NA	1	330	0.132193
SCARNA11	NA	0	137	0
SCARNA12	NA	91	270	14.7028
SCARNA13	NA	10	275	1.58632
SCARNA14	NA	0	137	0
SCARNA15	NA	4	127	1.37398
SCARNA16	NA	11	187	2.5661
SCARNA17	NA	10	421	1.03619
SCARNA18	NA	0	134	0
SCARNA2	NA	4	420	0.415465
SCARNA20	NA	0	130	0
SCARNA21	NA	0	138	0
SCARNA22	NA	2	125	0.69798
SCARNA23	NA	0	130	0
SCARNA27	NA	1	126	0.34622
SCARNA3	NA	0	144	0
SCARNA4	NA	1	129	0.338169
SCARNA5	NA	0	278	0
SCARNA6	NA	3	266	0.491997
SCARNA7	NA	0	330	0
SCARNA8	NA	0	131	0
SCARNA9	NA	25	353	3.0895
SCARNA9L	NA	3	348	0.376067
SCART1	NA	18	4900	0.160251
SCCPDH	NA	1314	2475	23.1603
SCD	NA	22817	5468	182.034
SCD5	NA	473	4294	4.80532
SCEL	NA	0	3226	0
SCEL-AS1	NA	0	569	0
SCFD1	NA	319	2295	6.06361
SCFD2	NA	426	3174	5.85499
SCG2	NA	844	2572	14.3151
SCG3	NA	4	3310	0.0527176
SCG5	NA	13	1244	0.455875
SCGB1A1	NA	7	452	0.675589
SCGB1B2P	NA	13	602	0.942042
SCGB1C1	NA	0	431	0
SCGB1C2	NA	0	358	0
SCGB1D1	NA	0	429	0
SCGB1D2	NA	0	438	0
SCGB1D4	NA	0	434	0
SCGB2A1	NA	0	521	0
SCGB2A2	NA	0	506	0
SCGB2B2	NA	1	427	0.102163
SCGB2B3P	NA	0	180	0
SCGB3A1	NA	0	466	0
SCGB3A2	NA	0	518	0
SCGN	NA	0	1479	0
SCHIP1	NA	498	2984	7.28037
SCHLAP1	NA	0	1675	0
SCIMP	NA	10	2423	0.18004
SCIN	NA	1	3297	0.0132314
SCLT1	NA	187	5607	1.4549
SCLY	NA	533	2527	9.20122
SCMH1	NA	907	3801	10.4096
SCML1	NA	47	2937	0.698099
SCML2	NA	304	4198	3.15903
SCML4	NA	0	4962	0
SCN10A	NA	0	5874	0
SCN11A	NA	2	6523	0.0133754
SCN1A	NA	1	8342	0.00522941
SCN1B	NA	60	1979	1.3226
SCN2A	NA	5	9191	0.0237318
SCN2B	NA	2	4922	0.017726
SCN3A	NA	0	9217	0
SCN3B	NA	24	6066	0.172597
SCN4A	NA	3	7805	0.0167676
SCN4B	NA	5	4819	0.0452623
SCN5A	NA	24	8597	0.121783
SCN7A	NA	2	7280	0.0119846
SCN8A	NA	174	11556	0.656848
SCN9A	NA	0	9760	0
SCNM1	NA	583	2085	12.1979
SCNN1A	NA	2092	3822	23.8778
SCNN1B	NA	1	2597	0.0167978
SCNN1D	NA	151	3054	2.15691
SCNN1G	NA	1	3499	0.0124675
SCO1	NA	2446	1754	60.8345
SCO2	NA	675	1360	21.6515
SCOC	NA	1250	2350	23.2041
SCOC-AS1	NA	18	2017	0.389305
SCP2	NA	1041	3700	12.2736
SCP2D1	NA	0	666	0
SCPEP1	NA	397	1945	8.90418
SCRG1	NA	1	903	0.0483098
SCRIB	NA	4733	5218	39.5691
SCRN1	NA	4243	5552	33.3386
SCRN2	NA	839	1834	19.9566
SCRN3	NA	136	3053	1.94328
SCRT1	NA	7	3778	0.0808275
SCRT2	NA	0	3577	0
SCT	NA	1	514	0.0848712
SCTR	NA	0	1823	0
SCUBE1	NA	312	3868	3.51877
SCUBE2	NA	15	4707	0.139018
SCUBE3	NA	154	7713	0.871005
SCX	NA	178	2006	3.8709
SCYL1	NA	1640	2649	27.0075
SCYL2	NA	539	3804	6.18118
SCYL3	NA	382	3090	5.39297
SDAD1	NA	2353	3104	33.0692
SDC1	NA	2099	3373	27.1468
SDC2	NA	125	3485	1.5647
SDC3	NA	2465	5121	20.9984
SDC4	NA	948	2612	15.8328
SDC4P	NA	0	467	0
SDCBP	NA	6772	2167	136.327
SDCBP2	NA	14	1794	0.340431
SDCBP2-AS1	NA	62	2694	1.00396
SDCCAG3	NA	2836	2379	52.0038
SDCCAG8	NA	239	2617	3.98398
SDE2	NA	796	4009	8.66164
SDF2	NA	795	1582	21.9222
SDF2L1	NA	499	874	24.9065
SDF4	NA	3806	2138	77.6577
SDHA	NA	3365	2790	52.6143
SDHAF1	NA	696	1131	26.8454
SDHAF2	NA	827	1219	29.5955
SDHAF3	NA	502	2057	10.6462
SDHAF4	NA	104	525	8.64166
SDHAP1	NA	910	2491	15.9364
SDHAP2	NA	574	2303	10.8728
SDHAP3	NA	765	1152	28.9689
SDHB	NA	2426	1145	92.4291
SDHC	NA	2330	2879	35.3051
SDHD	NA	1815	1579	50.1439
SDK1	NA	1	10619	0.00410809
SDK2	NA	108	10722	0.439411
SDPR	NA	2	3250	0.0268454
SDR16C5	NA	0	3037	0
SDR16C6P	NA	0	525	0
SDR39U1	NA	1317	1401	41.0082
SDR42E1	NA	0	2775	0
SDR9C7	NA	0	1765	0
SDS	NA	23	1604	0.625528
SDSL	NA	431	1418	13.2594
SEBOX	NA	0	573	0
SEC11A	NA	2836	1643	75.2995
SEC11C	NA	512	823	27.139
SEC13	NA	3175	2174	63.71
SEC14L1	NA	2520	6245	17.6032
SEC14L1P1	NA	68	2572	1.15335
SEC14L2	NA	566	4855	5.0857
SEC14L3	NA	0	2372	0
SEC14L4	NA	0	2517	0
SEC14L5	NA	16	6456	0.108113
SEC14L6	NA	0	1261	0
SEC16A	NA	4253	9358	19.826
SEC16B	NA	1	4024	0.0108409
SEC1P	NA	319	2649	5.2533
SEC22A	NA	276	3416	3.52464
SEC22B	NA	869	1883	20.1323
SEC22C	NA	1474	6524	9.85614
SEC23A	NA	2745	3841	31.1761
SEC23B	NA	1573	3747	18.3134
SEC23IP	NA	1393	7306	8.31754
SEC24A	NA	864	7059	5.33942
SEC24B	NA	741	4782	6.75977
SEC24B-AS1	NA	16	957	0.729342
SEC24C	NA	1837	4545	17.6319
SEC24D	NA	291	4063	3.12442
SEC31A	NA	4244	4273	43.3277
SEC31B	NA	525	4612	4.96585
SEC61A1	NA	8641	3636	103.672
SEC61A2	NA	1118	3503	13.9227
SEC61B	NA	2131	562	165.413
SEC61G	NA	2254	466	211.004
SEC62	NA	1882	6541	12.5516
SEC63	NA	2111	6500	14.1677
SECISBP2	NA	410	3725	4.80154
SECISBP2L	NA	602	7176	3.65963
SECTM1	NA	89	2282	1.70137
SEH1L	NA	1649	3506	20.5179
SEL1L	NA	734	8576	3.73366
SEL1L2	NA	0	2671	0
SEL1L3	NA	3803	4754	34.8972
SELE	NA	0	3875	0
SELENBP1	NA	2	1962	0.0444687
SELK	NA	484	818	25.8116
SELL	NA	1	2495	0.0174845
SELM	NA	788	691	49.7475
SELO	NA	864	2315	16.2812
SELP	NA	0	3171	0
SELPLG	NA	9	2784	0.141025
SELT	NA	908	3490	11.3497
SELV	NA	189	1704	4.83855
SEMA3A	NA	1	5659	0.00770874
SEMA3B	NA	788	3366	10.2126
SEMA3B-AS1	NA	7	338	0.903451
SEMA3C	NA	20	5174	0.168627
SEMA3D	NA	13	6258	0.0906215
SEMA3E	NA	2	6729	0.0129659
SEMA3F	NA	1901	3516	23.5861
SEMA3G	NA	16	4700	0.148506
SEMA4A	NA	78	3453	0.98542
SEMA4B	NA	869	3942	9.61671
SEMA4C	NA	864	3552	10.6112
SEMA4D	NA	232	6793	1.48987
SEMA4F	NA	321	6107	2.29298
SEMA4G	NA	970	4401	9.61487
SEMA5A	NA	2	11808	0.00738885
SEMA5B	NA	2	5707	0.0152878
SEMA6A	NA	44	6982	0.274913
SEMA6A-AS1	NA	14	967	0.631575
SEMA6B	NA	5256	3942	58.165
SEMA6C	NA	149	4022	1.6161
SEMA6D	NA	0	6959	0
SEMA7A	NA	503	3447	6.36576
SEMG1	NA	0	1663	0
SEMG2	NA	0	1982	0
SENCR	NA	0	1298	0
SENP1	NA	741	5419	5.96516
SENP2	NA	905	3194	12.3605
SENP3	NA	2632	2494	46.0376
SENP3-EIF4A1	NA	25440	4304	257.851
SENP5	NA	1527	6307	10.5618
SENP6	NA	2083	7986	11.3785
SENP7	NA	153	5173	1.29024
SENP8	NA	76	2295	1.44462
SEP15	NA	2982	1840	70.699
SEPHS1	NA	2501	3260	33.4672
SEPHS2	NA	1696	2351	31.47
SEPN1	NA	4354	4332	43.8453
SEPP1	NA	12	2203	0.237624
SEPSECS	NA	355	5645	2.74339
SEPSECS-AS1	NA	6	1120	0.233699
SEPT1	NA	41	1592	1.12348
SEPT10	NA	325	3256	4.35434
SEPT11	NA	3899	5803	29.3105
SEPT12	NA	1	1524	0.0286245
SEPT14	NA	1	3785	0.0115254
SEPT2	NA	11269	4196	117.158
SEPT3	NA	139	4656	1.30234
SEPT4	NA	10	3148	0.138576
SEPT4-AS1	NA	6	653	0.400831
SEPT5	NA	395	2457	7.01318
SEPT5-GP1BB	NA	522	4671	4.8751
SEPT6	NA	888	5714	6.77947
SEPT7	NA	3343	4348	33.5405
SEPT7-AS1	NA	2	806	0.108248
SEPT7P2	NA	227	2237	4.42673
SEPT7P9	NA	81	671	5.26606
SEPT8	NA	1009	5904	7.45535
SEPT9	NA	5266	7303	31.4559
SEPW1	NA	1575	880	78.0766
SERAC1	NA	253	4287	2.57448
SERBP1	NA	15669	6764	101.056
SERF1A	NA	1032	4594	9.79968
SERF1B	NA	1032	4566	9.85978
SERF2	NA	6756	3925	75.0885
SERF2-C15ORF63	NA	1350	1776	33.16
SERGEF	NA	225	1650	5.9487
SERHL	NA	465	1357	14.9485
SERHL2	NA	314	2145	6.38595
SERINC1	NA	2683	3128	37.4177
SERINC2	NA	271	3549	3.33109
SERINC3	NA	871	2725	13.9436
SERINC4	NA	176	2535	3.02871
SERINC5	NA	440	7345	2.61327
SERP1	NA	2653	3172	36.4861
SERP2	NA	0	784	0
SERPINA1	NA	0	3687	0
SERPINA10	NA	1	2536	0.0172018
SERPINA11	NA	0	1471	0
SERPINA12	NA	0	2276	0
SERPINA13P	NA	0	1718	0
SERPINA2	NA	0	1060	0
SERPINA3	NA	0	1590	0
SERPINA4	NA	0	2009	0
SERPINA5	NA	0	2337	0
SERPINA6	NA	0	1492	0
SERPINA7	NA	0	1596	0
SERPINA9	NA	0	1939	0
SERPINB1	NA	1	2794	0.0156134
SERPINB10	NA	0	1194	0
SERPINB11	NA	0	1918	0
SERPINB12	NA	0	3594	0
SERPINB13	NA	0	3207	0
SERPINB2	NA	0	2166	0
SERPINB3	NA	0	1777	0
SERPINB4	NA	0	1770	0
SERPINB5	NA	1	2633	0.0165681
SERPINB6	NA	2410	3032	34.6746
SERPINB7	NA	0	2367	0
SERPINB8	NA	2	3786	0.0230448
SERPINB9	NA	720	4150	7.56846
SERPINB9P1	NA	1	1252	0.0348433
SERPINC1	NA	2	1599	0.0545638
SERPIND1	NA	1	2221	0.0196415
SERPINE1	NA	9795	3190	133.948
SERPINE2	NA	216	3049	3.09043
SERPINE3	NA	3	1441	0.0908198
SERPINF1	NA	3777	1533	107.48
SERPINF2	NA	60	2345	1.11617
SERPING1	NA	732	1983	16.1032
SERPINH1	NA	8760	2320	164.717
SERPINI1	NA	9	1989	0.197393
SERPINI2	NA	0	1769	0
SERTAD1	NA	1350	1204	48.9137
SERTAD2	NA	2912	5548	22.897
SERTAD3	NA	1250	1679	32.4775
SERTAD4	NA	425	2008	9.23312
SERTAD4-AS1	NA	228	800	12.4328
SERTM1	NA	1	3206	0.0136069
SESN1	NA	1169	3631	14.0447
SESN2	NA	3470	3528	42.9066
SESN3	NA	17	9828	0.0754583
SESTD1	NA	50	10448	0.208766
SET	NA	21362	3452	269.957
SETBP1	NA	1	10972	0.00397592
SETD1A	NA	1871	6449	12.6562
SETD1B	NA	834	8195	4.43956
SETD2	NA	2245	8433	11.6133
SETD3	NA	1455	3300	19.2341
SETD4	NA	769	3713	9.03493
SETD5	NA	2214	7110	13.5841
SETD6	NA	933	2979	13.6626
SETD7	NA	488	8632	2.46622
SETD8	NA	954	2751	15.128
SETD9	NA	91	1922	2.06543
SETDB1	NA	686	4659	6.42325
SETDB2	NA	821	6221	5.75713
SETMAR	NA	494	3038	7.09353
SETSIP	NA	1052	1037	44.2548
SETX	NA	2747	11016	10.8782
SEZ6	NA	4	4297	0.0406086
SEZ6L	NA	0	6573	0
SEZ6L2	NA	2297	3557	28.1709
SF1	NA	9085	4227	93.7596
SF3A1	NA	6748	5143	57.2376
SF3A2	NA	3829	1650	101.234
SF3A3	NA	6350	2836	97.6766
SF3B1	NA	8808	5969	64.3723
SF3B2	NA	6318	2894	95.2367
SF3B3	NA	5144	9720	23.0865
SF3B4	NA	6283	1993	137.525
SF3B5	NA	4001	737	236.823
SF3B6	NA	5761	771	325.962
SFI1	NA	411	4391	4.08321
SFMBT1	NA	254	4558	2.43099
SFMBT2	NA	11	8064	0.0595066
SFN	NA	2842	1315	94.2804
SFPQ	NA	14985	3073	212.724
SFR1	NA	189	1529	5.39234
SFRP1	NA	123	4467	1.20119
SFRP2	NA	0	1990	0
SFRP4	NA	0	2973	0
SFRP5	NA	21	1883	0.48651
SFSWAP	NA	1491	3405	19.1022
SFT2D1	NA	1091	1117	42.6084
SFT2D2	NA	53	856	2.701
SFT2D3	NA	627	2811	9.73038
SFTA1P	NA	4	693	0.251797
SFTA2	NA	1	2724	0.0160146
SFTA3	NA	0	1486	0
SFTPA1	NA	0	2278	0
SFTPA2	NA	0	2201	0
SFTPB	NA	1	3667	0.0118963
SFTPC	NA	0	1189	0
SFTPD	NA	10	1283	0.340014
SFXN1	NA	2344	2991	34.1873
SFXN2	NA	474	2562	8.07091
SFXN3	NA	528	3090	7.45416
SFXN4	NA	552	1509	15.9578
SFXN5	NA	705	4140	7.42869
SGCA	NA	40	1433	1.21769
SGCB	NA	597	4279	6.08633
SGCD	NA	0	10144	0
SGCE	NA	232	1810	5.59156
SGCG	NA	0	1655	0
SGCZ	NA	0	2178	0
SGIP1	NA	1	11104	0.00392865
SGK1	NA	278	3965	3.05862
SGK2	NA	5	2457	0.0887745
SGK223	NA	63	4714	0.583008
SGK3	NA	150	4608	1.42004
SGK494	NA	138	3779	1.59304
SGMS1	NA	310	3753	3.60335
SGMS1-AS1	NA	19	2585	0.320639
SGMS2	NA	8	6543	0.0533379
SGOL1	NA	351	3735	4.09958
SGOL1-AS1	NA	59	819	3.14262
SGOL2	NA	701	4676	6.53983
SGPL1	NA	1034	5769	7.81886
SGPP1	NA	417	3365	5.40598
SGPP2	NA	45	1200	1.63589
SGSH	NA	787	2768	12.4031
SGSM1	NA	9	6124	0.0641107
SGSM2	NA	1273	4867	11.4101
SGSM3	NA	1034	3018	14.946
SGTA	NA	5087	2315	95.8592
SGTB	NA	679	5453	5.43197
SH2B1	NA	1469	5571	11.503
SH2B2	NA	259	1946	5.80604
SH2B3	NA	545	5572	4.26686
SH2D1A	NA	1	2517	0.0173317
SH2D1B	NA	1	2535	0.0172086
SH2D2A	NA	290	1845	6.85685
SH2D3A	NA	184	2356	3.40695
SH2D3C	NA	144	4255	1.47634
SH2D4A	NA	0	3503	0
SH2D4B	NA	2	4101	0.0212747
SH2D5	NA	2402	3834	27.3303
SH2D6	NA	10	894	0.487962
SH2D7	NA	0	1892	0
SH3BGR	NA	50	1286	1.6961
SH3BGRL	NA	612	2062	12.9475
SH3BGRL2	NA	482	4646	4.52576
SH3BGRL3	NA	3121	1115	122.107
SH3BP1	NA	548	2576	9.28021
SH3BP2	NA	159	9790	0.708496
SH3BP4	NA	1094	5183	9.20787
SH3BP5	NA	323	3559	3.95911
SH3BP5-AS1	NA	395	5575	3.09083
SH3BP5L	NA	1238	3182	16.9724
SH3D19	NA	1081	5553	8.49222
SH3D21	NA	142	2579	2.40193
SH3GL1	NA	3362	2540	57.7414
SH3GL1P1	NA	46	2497	0.803642
SH3GL1P2	NA	20	2490	0.350392
SH3GL2	NA	3	2733	0.0478856
SH3GL3	NA	6	2514	0.104114
SH3GLB1	NA	712	6488	4.78732
SH3GLB2	NA	1106	2305	20.9318
SH3KBP1	NA	384	5072	3.30275
SH3PXD2A	NA	2230	11247	8.64951
SH3PXD2A-AS1	NA	0	2023	0
SH3PXD2B	NA	806	7975	4.40887
SH3RF1	NA	2	5265	0.0165712
SH3RF2	NA	140	3043	2.00701
SH3RF3	NA	6	5614	0.0466232
SH3RF3-AS1	NA	0	2792	0
SH3TC1	NA	1	4260	0.0102403
SH3TC2	NA	0	26580	0
SH3YL1	NA	183	7230	1.10417
SHANK1	NA	146	6643	0.958764
SHANK2	NA	2	10646	0.00819534
SHANK2-AS1	NA	0	2252	0
SHANK2-AS3	NA	0	1683	0
SHANK3	NA	1385	7054	8.5652
SHARPIN	NA	1199	1816	28.8023
SHB	NA	982	6021	7.11486
SHBG	NA	32	1550	0.90062
SHC1	NA	12516	3717	146.891
SHC2	NA	674	2494	11.7893
SHC3	NA	1	9768	0.00446599
SHC4	NA	6	4556	0.0574501
SHCBP1	NA	590	3232	7.9635
SHCBP1L	NA	0	2365	0
SHD	NA	2	2576	0.0338694
SHE	NA	1	6183	0.00705544
SHF	NA	122	3115	1.70854
SHFM1	NA	4355	498	381.489
SHH	NA	0	1576	0
SHISA2	NA	2	2889	0.0301999
SHISA3	NA	13	1971	0.287727
SHISA4	NA	11	1661	0.288899
SHISA5	NA	3127	3486	39.1312
SHISA6	NA	0	7415	0
SHISA7	NA	72	6035	0.520449
SHISA8	NA	96	1405	2.9807
SHISA9	NA	661	9899	2.91295
SHKBP1	NA	910	2365	16.7855
SHMT1	NA	1420	2553	24.2639
SHMT2	NA	1868	2862	28.4728
SHOC2	NA	687	3947	7.59299
SHOX	NA	1	8768	0.00497534
SHOX2	NA	36	3223	0.487265
SHPK	NA	985	3838	11.1958
SHPRH	NA	717	7360	4.24976
SHQ1	NA	661	2848	10.1248
SHROOM1	NA	242	4113	2.56673
SHROOM2	NA	6	7445	0.0351568
SHROOM3	NA	1532	11019	6.06513
SHROOM4	NA	1	9560	0.00456316
SHTN1	NA	342	5936	2.51336
SI	NA	0	6011	0
SIAE	NA	621	3278	8.2643
SIAH1	NA	746	2498	13.0278
SIAH2	NA	562	2620	9.35747
SIAH3	NA	0	3994	0
SIDT1	NA	1	5017	0.00869519
SIDT2	NA	763	3919	8.49322
SIGIRR	NA	696	1847	16.4386
SIGLEC1	NA	7	6720	0.0454414
SIGLEC10	NA	71	3394	0.912577
SIGLEC11	NA	12	3165	0.165398
SIGLEC12	NA	0	2351	0
SIGLEC14	NA	9	2113	0.185809
SIGLEC15	NA	1	1505	0.0289859
SIGLEC16	NA	5	1609	0.135562
SIGLEC17P	NA	0	1564	0
SIGLEC5	NA	13	2523	0.224776
SIGLEC6	NA	0	2155	0
SIGLEC7	NA	0	1754	0
SIGLEC8	NA	0	2949	0
SIGLEC9	NA	0	2020	0
SIGLECL1	NA	0	2183	0
SIGMAR1	NA	4705	1734	118.368
SIK1	NA	1826	4703	16.9375
SIK2	NA	3710	5742	28.186
SIK3	NA	1149	6475	7.74111
SIKE1	NA	1376	5553	10.8097
SIL1	NA	1208	1988	26.5078
SIM1	NA	0	3995	0
SIM2	NA	193	5225	1.61137
SIMC1	NA	570	3920	6.34325
SIN3A	NA	2056	6991	12.8294
SIN3B	NA	1686	5555	13.2403
SIPA1	NA	369	3706	4.34354
SIPA1L1	NA	795	8492	4.08395
SIPA1L2	NA	1	6488	0.00672376
SIPA1L3	NA	588	7994	3.20875
SIRPA	NA	464	4478	4.52019
SIRPB1	NA	50	4479	0.486981
SIRPB2	NA	0	2833	0
SIRPD	NA	1	812	0.0537239
SIRPG	NA	0	1716	0
SIRPG-AS1	NA	0	2796	0
SIRT1	NA	934	4313	9.44693
SIRT2	NA	3452	2399	62.7717
SIRT3	NA	798	2902	11.9958
SIRT4	NA	62	1210	2.23527
SIRT5	NA	424	5897	3.13659
SIRT6	NA	807	1636	21.5186
SIRT7	NA	1238	1731	31.1994
SIT1	NA	0	1236	0
SIVA1	NA	1216	771	68.8022
SIX1	NA	26	2687	0.422113
SIX2	NA	0	2154	0
SIX3	NA	0	2523	0
SIX3-AS1	NA	0	1169	0
SIX4	NA	556	6275	3.86531
SIX5	NA	934	3331	12.2319
SIX6	NA	0	1475	0
SKA1	NA	446	2918	6.66765
SKA2	NA	1440	3147	19.9613
SKA3	NA	1025	2919	15.3184
SKAP1	NA	2	1576	0.0553601
SKAP2	NA	72	4271	0.735404
SKI	NA	2571	5707	19.6525
SKIDA1	NA	1060	6596	7.01049
SKIL	NA	1104	7275	6.62002
SKINTL	NA	0	1511	0
SKIV2L	NA	19251	24407	34.4082
SKIV2L2	NA	1900	4204	19.7158
SKOR1	NA	50	2607	0.836666
SKOR2	NA	0	3090	0
SKP1	NA	4935	2699	79.7641
SKP1P2	NA	456	1882	10.5698
SKP2	NA	1105	3504	13.7569
SLA	NA	0	3617	0
SLA2	NA	31	2554	0.529498
SLAIN1	NA	8	3547	0.0983902
SLAIN2	NA	700	6011	5.08013
SLAMF1	NA	0	2303	0
SLAMF6	NA	0	2746	0
SLAMF7	NA	1	2933	0.0148734
SLAMF8	NA	0	3300	0
SLAMF9	NA	0	1156	0
SLBP	NA	2871	2232	56.1128
SLC10A1	NA	2	1631	0.0534933
SLC10A2	NA	0	3779	0
SLC10A3	NA	594	2161	11.991
SLC10A4	NA	2	2118	0.0411934
SLC10A5	NA	5	1317	0.165618
SLC10A6	NA	1	1502	0.0290438
SLC10A7	NA	76	5013	0.661362
SLC11A1	NA	7	3852	0.0792748
SLC11A2	NA	890	6805	5.70539
SLC12A1	NA	2	4805	0.0181577
SLC12A2	NA	655	6926	4.12555
SLC12A3	NA	1	5567	0.00783614
SLC12A4	NA	1598	5026	13.87
SLC12A5	NA	61	6256	0.42536
SLC12A6	NA	862	8295	4.5333
SLC12A7	NA	870	5304	7.15548
SLC12A8	NA	8	3515	0.099286
SLC12A9	NA	1084	3567	13.2571
SLC13A1	NA	0	3797	0
SLC13A2	NA	0	2645	0
SLC13A3	NA	30	4235	0.309023
SLC13A4	NA	162	2894	2.44197
SLC13A5	NA	0	3289	0
SLC14A1	NA	0	4441	0
SLC14A2	NA	0	4455	0
SLC14A2-AS1	NA	0	3247	0
SLC15A1	NA	1	3127	0.0139507
SLC15A2	NA	4	5523	0.0315943
SLC15A3	NA	74	2116	1.5256
SLC15A4	NA	721	2789	11.2774
SLC15A5	NA	0	2923	0
SLC16A1	NA	3993	4668	37.3157
SLC16A1-AS1	NA	59	1504	1.7113
SLC16A10	NA	70	2891	1.05627
SLC16A11	NA	7	1803	0.169366
SLC16A12	NA	0	4622	0
SLC16A12-AS1	NA	0	562	0
SLC16A13	NA	221	1748	5.51536
SLC16A14	NA	333	4398	3.30303
SLC16A2	NA	1488	4141	15.6755
SLC16A3	NA	2969	2482	52.1833
SLC16A4	NA	8	2649	0.131744
SLC16A5	NA	490	2121	10.0781
SLC16A6	NA	74	3955	0.816222
SLC16A7	NA	2	12407	0.00703212
SLC16A8	NA	17	1896	0.391141
SLC16A9	NA	546	3987	5.97406
SLC17A1	NA	0	1843	0
SLC17A2	NA	0	2566	0
SLC17A3	NA	0	1808	0
SLC17A4	NA	0	3700	0
SLC17A5	NA	451	3314	5.93673
SLC17A6	NA	0	3922	0
SLC17A7	NA	296	2976	4.33892
SLC17A8	NA	0	3983	0
SLC17A9	NA	27	2654	0.443799
SLC18A1	NA	2	2957	0.0295054
SLC18A2	NA	179	3872	2.0167
SLC18A3	NA	28	2420	0.504738
SLC18B1	NA	320	2425	5.75654
SLC19A1	NA	1426	2963	20.9948
SLC19A2	NA	382	3636	4.58314
SLC19A3	NA	0	3767	0
SLC1A1	NA	120	3739	1.40007
SLC1A2	NA	3	12437	0.0105227
SLC1A3	NA	5	4863	0.0448527
SLC1A4	NA	267	4778	2.43775
SLC1A5	NA	3986	3206	54.2372
SLC1A6	NA	125	4108	1.3274
SLC1A7	NA	1	3599	0.0121211
SLC20A1	NA	5794	3377	74.8464
SLC20A2	NA	567	4448	5.56085
SLC22A1	NA	10	1906	0.228876
SLC22A10	NA	0	2574	0
SLC22A11	NA	1	3885	0.0112288
SLC22A12	NA	0	3211	0
SLC22A13	NA	3	2560	0.0511216
SLC22A14	NA	0	1977	0
SLC22A15	NA	1	4720	0.00924232
SLC22A16	NA	3	1985	0.0659301
SLC22A17	NA	350	2458	6.21168
SLC22A18	NA	146	1625	3.91943
SLC22A18AS	NA	33	2299	0.626179
SLC22A2	NA	0	2512	0
SLC22A20	NA	18	2892	0.271517
SLC22A23	NA	629	7146	3.83982
SLC22A24	NA	0	2490	0
SLC22A25	NA	0	1644	0
SLC22A3	NA	0	3241	0
SLC22A31	NA	176	1860	4.12784
SLC22A4	NA	12	2192	0.238816
SLC22A5	NA	185	3352	2.40764
SLC22A6	NA	0	2222	0
SLC22A7	NA	0	2559	0
SLC22A8	NA	0	2184	0
SLC22A9	NA	0	2308	0
SLC23A1	NA	1	2361	0.0184768
SLC23A2	NA	911	7056	5.63226
SLC23A3	NA	3	2418	0.0541238
SLC24A1	NA	257	6654	1.6849
SLC24A2	NA	1	10840	0.00402433
SLC24A3	NA	0	3889	0
SLC24A4	NA	3	9873	0.0132555
SLC24A5	NA	93	1617	2.50897
SLC25A1	NA	3834	1946	85.9474
SLC25A10	NA	1314	2021	28.363
SLC25A11	NA	2072	1812	49.8833
SLC25A12	NA	340	3998	3.70988
SLC25A13	NA	2463	3193	33.6503
SLC25A14	NA	161	1743	4.02951
SLC25A15	NA	1296	4021	14.0603
SLC25A16	NA	267	2246	5.18591
SLC25A17	NA	1854	2644	30.5894
SLC25A18	NA	48	2140	0.978477
SLC25A19	NA	643	1732	16.1952
SLC25A2	NA	1	1435	0.0303998
SLC25A20	NA	218	1892	5.02642
SLC25A21	NA	109	3947	1.20471
SLC25A21-AS1	NA	125	1768	3.08426
SLC25A22	NA	2052	3233	27.6882
SLC25A23	NA	2038	3460	25.6952
SLC25A24	NA	914	3899	10.2262
SLC25A25	NA	664	4395	6.59071
SLC25A25-AS1	NA	130	3842	1.47608
SLC25A26	NA	382	2758	6.04216
SLC25A27	NA	1	2986	0.0146094
SLC25A28	NA	671	1555	18.8241
SLC25A29	NA	1180	2767	18.6036
SLC25A3	NA	9254	2037	198.181
SLC25A30	NA	232	3948	2.5635
SLC25A30-AS1	NA	2	701	0.124462
SLC25A31	NA	3	1812	0.0722248
SLC25A32	NA	896	3228	12.1087
SLC25A33	NA	585	1461	17.4674
SLC25A34	NA	49	3073	0.695595
SLC25A35	NA	1124	2785	17.6061
SLC25A36	NA	1445	4661	13.5242
SLC25A37	NA	507	1865	11.8591
SLC25A38	NA	1338	2124	27.4805
SLC25A39	NA	10697	1610	289.841
SLC25A3P1	NA	0	925	0
SLC25A4	NA	573	4420	5.6553
SLC25A40	NA	302	3142	4.19299
SLC25A41	NA	9	1551	0.253136
SLC25A42	NA	139	3269	1.85491
SLC25A43	NA	399	2544	6.84194
SLC25A44	NA	905	3824	10.3241
SLC25A45	NA	29	3611	0.350343
SLC25A46	NA	977	4874	8.74445
SLC25A47	NA	0	1733	0
SLC25A48	NA	13	1199	0.472985
SLC25A5	NA	9541	1351	308.079
SLC25A5-AS1	NA	818	3088	11.5558
SLC25A51	NA	394	4719	3.64225
SLC25A51P1	NA	10	1605	0.271799
SLC25A52	NA	44	1185	1.61979
SLC25A53	NA	0	6224	0
SLC25A6	NA	14187	2968	208.521
SLC26A1	NA	137	4096	1.4591
SLC26A10	NA	116	2409	2.10061
SLC26A11	NA	389	3053	5.55835
SLC26A2	NA	513	8075	2.77139
SLC26A3	NA	0	2894	0
SLC26A4	NA	5	4928	0.0442611
SLC26A4-AS1	NA	4	3888	0.0448804
SLC26A5	NA	1	2885	0.0151209
SLC26A6	NA	1732	2938	25.7169
SLC26A7	NA	8	5933	0.0588219
SLC26A8	NA	1	3608	0.0120908
SLC26A9	NA	0	4798	0
SLC27A1	NA	314	3594	3.81131
SLC27A2	NA	7	2391	0.127715
SLC27A3	NA	95	2413	1.71747
SLC27A4	NA	1219	3196	16.6387
SLC27A5	NA	335	2365	6.17927
SLC27A6	NA	0	2841	0
SLC28A1	NA	0	3438	0
SLC28A2	NA	1	2463	0.0177116
SLC28A3	NA	0	4813	0
SLC29A1	NA	1777	2985	25.9697
SLC29A2	NA	1381	2890	20.8458
SLC29A3	NA	251	2273	4.81723
SLC29A4	NA	588	2891	8.87263
SLC2A1	NA	2381	3670	28.302
SLC2A1-AS1	NA	46	1124	1.78531
SLC2A10	NA	78	4235	0.80346
SLC2A11	NA	0	3915	0
SLC2A12	NA	100	5599	0.779135
SLC2A13	NA	10	7003	0.062293
SLC2A14	NA	364	4543	3.49528
SLC2A2	NA	0	3439	0
SLC2A3	NA	2012	3938	22.2882
SLC2A4	NA	90	3149	1.24679
SLC2A4RG	NA	1650	2279	31.5837
SLC2A5	NA	8	2855	0.122238
SLC2A6	NA	571	2546	9.78365
SLC2A7	NA	0	1539	0
SLC2A8	NA	444	2169	8.9299
SLC2A9	NA	0	2079	0
SLC30A1	NA	456	2018	9.8575
SLC30A10	NA	1	2892	0.0150843
SLC30A2	NA	72	2499	1.25687
SLC30A3	NA	45	2093	0.937922
SLC30A4	NA	47	4283	0.478711
SLC30A5	NA	1008	4753	9.25158
SLC30A6	NA	869	4965	7.63526
SLC30A7	NA	481	8216	2.55392
SLC30A8	NA	0	5848	0
SLC30A9	NA	1756	3261	23.4908
SLC31A1	NA	949	4778	8.6645
SLC31A2	NA	63	1774	1.54921
SLC32A1	NA	0	2574	0
SLC33A1	NA	626	3810	7.16758
SLC34A1	NA	3	3461	0.0378132
SLC34A2	NA	3652	4252	37.468
SLC34A3	NA	17	2303	0.322017
SLC35A1	NA	407	1906	9.31525
SLC35A2	NA	776	3028	11.1797
SLC35A3	NA	278	6081	1.99431
SLC35A4	NA	3573	2933	53.1428
SLC35A5	NA	281	3259	3.76136
SLC35B1	NA	1472	1611	39.8598
SLC35B2	NA	907	2362	16.7514
SLC35B3	NA	587	2499	10.247
SLC35B4	NA	841	6815	5.38336
SLC35C1	NA	559	3934	6.1987
SLC35C2	NA	1345	2641	22.2166
SLC35D1	NA	597	6460	4.03148
SLC35D2	NA	284	3089	4.01073
SLC35D3	NA	2	2403	0.0363078
SLC35E1	NA	1150	5093	9.85025
SLC35E2	NA	1521	7297	9.09302
SLC35E2B	NA	2172	6421	14.7564
SLC35E3	NA	381	2347	7.08166
SLC35E4	NA	332	2542	5.69752
SLC35F1	NA	14	4852	0.125872
SLC35F2	NA	3818	3170	52.5412
SLC35F3	NA	2	3478	0.0250856
SLC35F4	NA	2	1720	0.0507253
SLC35F5	NA	605	4927	5.35668
SLC35F6	NA	1012	3912	11.2851
SLC35G1	NA	224	2403	4.06647
SLC35G2	NA	591	2060	12.5154
SLC35G3	NA	0	1874	0
SLC35G4	NA	0	1055	0
SLC35G5	NA	7	1201	0.25426
SLC35G6	NA	0	1195	0
SLC36A1	NA	586	6212	4.11519
SLC36A2	NA	0	3421	0
SLC36A3	NA	0	2983	0
SLC36A4	NA	1092	6288	7.57588
SLC37A1	NA	11	3094	0.155094
SLC37A2	NA	23	4196	0.23912
SLC37A3	NA	1037	3350	13.5038
SLC37A4	NA	503	2776	7.90445
SLC38A1	NA	4063	9973	17.7723
SLC38A10	NA	1874	5145	15.8894
SLC38A11	NA	0	1790	0
SLC38A2	NA	4830	4884	43.1414
SLC38A3	NA	122	2471	2.15382
SLC38A4	NA	1	3983	0.0109525
SLC38A5	NA	1452	1996	31.7343
SLC38A6	NA	284	2260	5.48193
SLC38A7	NA	1259	4594	11.9552
SLC38A8	NA	2	1425	0.0612263
SLC38A9	NA	345	3163	4.7582
SLC39A1	NA	4047	3097	57.0053
SLC39A10	NA	703	5525	5.55068
SLC39A11	NA	183	2782	2.86957
SLC39A12	NA	0	2808	0
SLC39A12-AS1	NA	0	1966	0
SLC39A13	NA	703	2450	12.5174
SLC39A14	NA	3209	5300	26.413
SLC39A2	NA	1	1418	0.0307643
SLC39A3	NA	1434	3947	15.8491
SLC39A4	NA	461	2640	7.61764
SLC39A5	NA	20	2108	0.413888
SLC39A6	NA	2162	3679	25.6359
SLC39A7	NA	3345	14724	9.91045
SLC39A8	NA	585	6021	4.23848
SLC39A9	NA	1453	5789	10.9493
SLC3A1	NA	208	2320	3.9111
SLC3A2	NA	4187	2902	62.9403
SLC40A1	NA	10	3355	0.130026
SLC41A1	NA	1780	5017	15.4774
SLC41A2	NA	83	3544	1.02166
SLC41A3	NA	638	2887	9.64045
SLC43A1	NA	266	2639	4.39709
SLC43A2	NA	891	8801	4.41641
SLC43A3	NA	0	2936	0
SLC44A1	NA	946	10521	3.92245
SLC44A2	NA	633	3551	7.77636
SLC44A3	NA	45	2577	0.761766
SLC44A4	NA	5636	19079	12.8866
SLC44A5	NA	1	4224	0.0103276
SLC45A1	NA	669	2527	11.549
SLC45A2	NA	9	3161	0.124206
SLC45A3	NA	166	3382	2.1412
SLC45A4	NA	296	7898	1.63492
SLC46A1	NA	2081	6489	13.99
SLC46A2	NA	4	2502	0.0697422
SLC46A3	NA	0	3344	0
SLC47A1	NA	79	3279	1.05101
SLC47A2	NA	2	2397	0.0363986
SLC48A1	NA	657	3034	9.44655
SLC4A1	NA	6	4953	0.0528453
SLC4A10	NA	0	5801	0
SLC4A11	NA	517	3538	6.37464
SLC4A1AP	NA	997	2970	14.6441
SLC4A2	NA	3682	5762	27.8762
SLC4A3	NA	330	4326	3.32775
SLC4A4	NA	0	8010	0
SLC4A5	NA	371	6396	2.5304
SLC4A7	NA	1730	8209	9.19346
SLC4A8	NA	141	13202	0.465911
SLC4A9	NA	2	3400	0.025661
SLC50A1	NA	445	1718	11.2995
SLC51A	NA	13	1455	0.389766
SLC51B	NA	1	940	0.0464083
SLC52A1	NA	7	2415	0.126446
SLC52A2	NA	1802	2230	35.2511
SLC52A3	NA	3	2695	0.0485608
SLC5A1	NA	0	5231	0
SLC5A10	NA	191	2434	3.42323
SLC5A11	NA	2	2505	0.0348294
SLC5A12	NA	0	6253	0
SLC5A2	NA	317	2273	6.08391
SLC5A3	NA	6480	11623	24.3209
SLC5A4	NA	0	2020	0
SLC5A5	NA	127	3576	1.54928
SLC5A6	NA	2370	3604	28.6871
SLC5A7	NA	0	5166	0
SLC5A8	NA	0	3286	0
SLC5A9	NA	6	3274	0.0799458
SLC6A1	NA	1	4494	0.00970711
SLC6A1-AS1	NA	0	584	0
SLC6A10P	NA	21	3839	0.23863
SLC6A11	NA	0	1991	0
SLC6A12	NA	13	3971	0.142813
SLC6A13	NA	23	3088	0.324918
SLC6A14	NA	0	4564	0
SLC6A15	NA	2	7841	0.0111271
SLC6A16	NA	106	2933	1.57658
SLC6A17	NA	957	6402	6.52108
SLC6A18	NA	0	2121	0
SLC6A19	NA	2	5172	0.0168692
SLC6A2	NA	0	5335	0
SLC6A20	NA	395	5432	3.1722
SLC6A3	NA	7	3934	0.0776224
SLC6A4	NA	4	6606	0.0264146
SLC6A5	NA	0	2863	0
SLC6A6	NA	1447	6907	9.13908
SLC6A7	NA	0	3739	0
SLC6A8	NA	579	3654	6.91247
SLC6A9	NA	270	3692	3.19025
SLC7A1	NA	1818	7343	10.8005
SLC7A10	NA	18	1946	0.403509
SLC7A11	NA	324	9648	1.46498
SLC7A11-AS1	NA	313	4654	2.93387
SLC7A13	NA	0	1865	0
SLC7A14	NA	2	10133	0.00861024
SLC7A2	NA	1022	7854	5.67653
SLC7A3	NA	0	2267	0
SLC7A4	NA	1	2313	0.0188603
SLC7A5	NA	5719	4543	54.9162
SLC7A5P1	NA	23	615	1.63146
SLC7A5P2	NA	114	2536	1.96101
SLC7A6	NA	2900	6356	19.9039
SLC7A6OS	NA	1157	1629	30.9839
SLC7A7	NA	435	2718	6.98173
SLC7A8	NA	973	4889	8.68192
SLC7A9	NA	12	1783	0.293598
SLC8A1	NA	2840	6244	19.8417
SLC8A1-AS1	NA	4	1002	0.174147
SLC8A2	NA	69	5111	0.588934
SLC8A3	NA	0	5628	0
SLC8B1	NA	282	2976	4.1337
SLC9A1	NA	927	4742	8.52789
SLC9A2	NA	0	5460	0
SLC9A3	NA	261	2777	4.10004
SLC9A3R1	NA	1043	2016	22.5692
SLC9A3R2	NA	418	2363	7.71677
SLC9A4	NA	2	4138	0.0210845
SLC9A5	NA	212	3735	2.4761
SLC9A6	NA	254	4730	2.34259
SLC9A7	NA	245	10034	1.06516
SLC9A7P1	NA	1	3305	0.0131993
SLC9A8	NA	309	6321	2.13253
SLC9A9	NA	3	3627	0.0360825
SLC9A9-AS1	NA	0	518	0
SLC9B1	NA	112	2375	2.05721
SLC9B2	NA	294	3349	3.82962
SLC9C1	NA	0	4123	0
SLC9C2	NA	0	4427	0
SLCO1A2	NA	1	7871	0.00554234
SLCO1B1	NA	0	2787	0
SLCO1B3	NA	0	3012	0
SLCO1B7	NA	0	1923	0
SLCO1C1	NA	0	3578	0
SLCO2A1	NA	4	4223	0.0413202
SLCO2B1	NA	1	4451	0.00980089
SLCO3A1	NA	4	5762	0.0302838
SLCO4A1	NA	448	2776	7.04015
SLCO4A1-AS1	NA	77	1423	2.36053
SLCO4C1	NA	0	5332	0
SLCO5A1	NA	0	4011	0
SLCO6A1	NA	0	2689	0
SLED1	NA	1	750	0.058165
SLFN11	NA	2	5276	0.0165367
SLFN12	NA	324	2802	5.04429
SLFN12L	NA	1	1767	0.024688
SLFN13	NA	0	8469	0
SLFN14	NA	0	2882	0
SLFN5	NA	42	4647	0.394276
SLFNL1	NA	36	2155	0.72875
SLFNL1-AS1	NA	121	4800	1.09968
SLIRP	NA	1866	535	152.153
SLIT1	NA	6	7931	0.0330025
SLIT1-AS1	NA	0	689	0
SLIT2	NA	17	6406	0.115767
SLIT2-IT1	NA	0	601	0
SLIT3	NA	1	9734	0.00448159
SLITRK1	NA	0	5189	0
SLITRK2	NA	0	4417	0
SLITRK3	NA	0	4222	0
SLITRK4	NA	0	9244	0
SLITRK5	NA	129	4446	1.26574
SLITRK6	NA	0	4181	0
SLK	NA	1332	7782	7.46683
SLMAP	NA	1116	5625	8.65496
SLMO1	NA	253	1856	5.94656
SLMO2	NA	732	2563	12.4591
SLMO2-ATP5E	NA	5932	1027	251.973
SLN	NA	0	730	0
SLPI	NA	0	596	0
SLTM	NA	4537	4147	47.7263
SLU7	NA	1854	3560	22.7187
SLURP1	NA	0	537	0
SLX1A	NA	3726	2340	69.4625
SLX1A-SULT1A3	NA	3438	4432	33.8399
SLX1B	NA	3726	2340	69.4625
SLX1B-SULT1A4	NA	3438	4432	33.8399
SLX4	NA	504	7291	3.01555
SLX4IP	NA	11	1407	0.341053
SMA4	NA	127	2260	2.45142
SMA5	NA	123	1759	3.05044
SMAD1	NA	231	3117	3.23295
SMAD1-AS1	NA	26	594	1.90946
SMAD1-AS2	NA	0	1123	0
SMAD2	NA	1742	10775	7.05268
SMAD3	NA	1946	6623	12.8177
SMAD4	NA	1065	8771	5.29692
SMAD5	NA	1282	7097	7.88019
SMAD5-AS1	NA	12	1809	0.289378
SMAD6	NA	1413	3010	20.4785
SMAD7	NA	345	3444	4.36998
SMAD9	NA	552	5592	4.30621
SMAGP	NA	171	1239	6.02071
SMAP1	NA	887	3611	10.7157
SMAP2	NA	597	3257	7.99613
SMARCA1	NA	2618	4108	27.8011
SMARCA2	NA	6	6886	0.0380108
SMARCA4	NA	6003	5875	44.5742
SMARCA5	NA	3208	7926	17.6565
SMARCA5-AS1	NA	224	1147	8.51938
SMARCAD1	NA	1522	5903	11.2477
SMARCAL1	NA	515	3318	6.77102
SMARCB1	NA	0	1703	0
SMARCC1	NA	4398	5757	33.3259
SMARCC2	NA	1950	5681	14.9738
SMARCD1	NA	2775	3429	35.3036
SMARCD2	NA	3300	2770	51.9706
SMARCD3	NA	683	1920	15.5182
SMARCE1	NA	3616	2421	65.1564
SMC1A	NA	2861	9930	12.5687
SMC1B	NA	8	4252	0.0820767
SMC2	NA	1006	6300	6.96595
SMC2-AS1	NA	0	7020	0
SMC3	NA	2645	4112	28.0605
SMC4	NA	2942	5733	22.3864
SMC5	NA	1077	5965	7.87641
SMC5-AS1	NA	3	1039	0.125959
SMC6	NA	2007	5259	16.6482
SMCHD1	NA	1528	8672	7.68648
SMCO1	NA	6	1810	0.144609
SMCO2	NA	3	1272	0.102886
SMCO3	NA	3	2104	0.0622012
SMCO4	NA	36	975	1.61072
SMCP	NA	0	770	0
SMCR2	NA	16	563	1.23975
SMCR5	NA	2	2844	0.0306778
SMCR8	NA	1333	8310	6.99765
SMDT1	NA	406	1571	11.2739
SMEK1	NA	3140	4613	29.694
SMEK2	NA	1737	5608	13.5119
SMEK3P	NA	0	3131	0
SMG1	NA	3859	16065	10.4789
SMG1P1	NA	658	5010	5.72943
SMG1P2	NA	3043	7745	17.1397
SMG1P3	NA	845	5052	7.29653
SMG1P5	NA	1585	4301	16.0762
SMG1P7	NA	91	1891	2.09929
SMG5	NA	3429	4563	32.7824
SMG6	NA	1625	7938	8.93029
SMG7	NA	1928	6076	13.8424
SMG7-AS1	NA	4	2454	0.0711064
SMG8	NA	1101	3266	14.706
SMG9	NA	944	2353	17.5014
SMIM1	NA	75	573	5.70992
SMIM10	NA	14	1536	0.397613
SMIM10L1	NA	1010	4840	9.10331
SMIM10L2A	NA	2	3456	0.0252452
SMIM10L2B	NA	74	2808	1.14963
SMIM11	NA	907	900	43.9631
SMIM12	NA	1402	6373	9.59682
SMIM13	NA	860	4691	7.99754
SMIM14	NA	219	1658	5.76213
SMIM15	NA	1868	2890	28.197
SMIM17	NA	17	2542	0.29174
SMIM18	NA	0	793	0
SMIM19	NA	603	1561	16.8515
SMIM2	NA	2	1214	0.0718678
SMIM2-AS1	NA	3	1256	0.104197
SMIM2-IT1	NA	0	478	0
SMIM20	NA	455	1014	19.5748
SMIM21	NA	0	4010	0
SMIM22	NA	2	1119	0.0779692
SMIM23	NA	0	519	0
SMIM24	NA	6	908	0.288263
SMIM3	NA	351	2334	6.56039
SMIM4	NA	316	449	30.7018
SMIM5	NA	3	5119	0.0255658
SMIM6	NA	0	828	0
SMIM7	NA	1242	1979	27.3778
SMIM8	NA	218	2437	3.90233
SMIM9	NA	1	1016	0.0429368
SMKR1	NA	81	1035	3.41403
SMLR1	NA	1	2514	0.0173523
SMN1	NA	6920	3248	92.9423
SMN2	NA	6920	3256	92.7139
SMNDC1	NA	1377	2029	29.6057
SMO	NA	960	3737	11.2065
SMOC1	NA	0	3698	0
SMOC2	NA	26	3150	0.360069
SMOX	NA	692	2323	12.9951
SMPD1	NA	606	2472	10.6942
SMPD2	NA	273	1680	7.08886
SMPD3	NA	211	5269	1.74694
SMPD4	NA	7658	4913	67.9973
SMPDL3A	NA	17	1971	0.376258
SMPDL3B	NA	4	2385	0.0731636
SMPX	NA	1	1037	0.0420673
SMR3A	NA	0	598	0
SMR3B	NA	0	785	0
SMS	NA	3118	1839	73.9635
SMTN	NA	1335	3850	15.1267
SMTNL1	NA	5	1649	0.132273
SMTNL2	NA	12	2403	0.217847
SMU1	NA	2932	7091	18.0376
SMUG1	NA	606	3017	8.76235
SMURF1	NA	1490	5763	11.2787
SMURF2	NA	664	3866	7.49255
SMYD1	NA	0	4429	0
SMYD2	NA	368	1685	9.52733
SMYD3	NA	511	1752	12.7236
SMYD4	NA	422	4334	4.24763
SMYD5	NA	754	2567	12.8135
SNAI1	NA	606	1706	15.4959
SNAI2	NA	0	2109	0
SNAI3	NA	78	1713	1.98637
SNAI3-AS1	NA	63	2826	0.972504
SNAP23	NA	1264	2641	20.8786
SNAP25	NA	0	2172	0
SNAP25-AS1	NA	0	2959	0
SNAP29	NA	808	4261	8.27224
SNAP47	NA	1459	2367	26.8893
SNAP91	NA	1	5301	0.00822935
SNAPC1	NA	454	2656	7.45677
SNAPC2	NA	1342	1688	34.6819
SNAPC3	NA	585	3095	8.24553
SNAPC4	NA	2048	4650	19.2132
SNAPC5	NA	268	785	14.8932
SNAPIN	NA	397	1052	16.4626
SNAR-A1	NA	0	244	0
SNAR-A10	NA	0	121	0
SNAR-A11	NA	0	121	0
SNAR-A12	NA	0	244	0
SNAR-A13	NA	0	244	0
SNAR-A14	NA	0	121	0
SNAR-A2	NA	0	244	0
SNAR-A3	NA	0	121	0
SNAR-A4	NA	0	121	0
SNAR-A5	NA	0	121	0
SNAR-A6	NA	0	121	0
SNAR-A7	NA	0	121	0
SNAR-A8	NA	0	121	0
SNAR-A9	NA	0	121	0
SNAR-B1	NA	2	240	0.363531
SNAR-B2	NA	2	240	0.363531
SNAR-C1	NA	0	360	0
SNAR-C2	NA	0	360	0
SNAR-C3	NA	0	119	0
SNAR-C4	NA	0	120	0
SNAR-C5	NA	0	360	0
SNAR-D	NA	0	119	0
SNAR-E	NA	0	120	0
SNAR-F	NA	0	123	0
SNAR-G1	NA	0	128	0
SNAR-G2	NA	0	119	0
SNAR-H	NA	0	120	0
SNAR-I	NA	0	121	0
SNCA	NA	3537	3479	44.351
SNCA-AS1	NA	8	821	0.425079
SNCAIP	NA	1	5633	0.00774432
SNCB	NA	121	1450	3.64033
SNCG	NA	288	826	15.2102
SND1	NA	4071	3508	50.625
SND1-IT1	NA	6	2569	0.101885
SNED1	NA	38	6834	0.242567
SNF8	NA	2880	1213	103.575
SNHG1	NA	3292	1118	128.452
SNHG10	NA	308	1961	6.85167
SNHG11	NA	311	1087	12.4811
SNHG12	NA	663	739	39.1374
SNHG15	NA	955	803	51.8813
SNHG16	NA	4047	2538	69.5608
SNHG17	NA	1764	1304	59.0125
SNHG18	NA	0	1487	0
SNHG19	NA	443	357	54.1326
SNHG20	NA	407	2169	8.18574
SNHG21	NA	215	1053	8.90704
SNHG22	NA	1	1615	0.0270116
SNHG24	NA	0	1004	0
SNHG3	NA	2872	2346	53.4047
SNHG4	NA	281	1546	7.92903
SNHG5	NA	2953	507	254.085
SNHG6	NA	1716	472	158.598
SNHG7	NA	1582	2676	25.7895
SNHG8	NA	1354	619	95.4226
SNHG9	NA	109	233	20.4077
SNIP1	NA	569	4605	5.39021
SNN	NA	606	3293	8.02794
SNORA1	NA	2	130	0.671135
SNORA10	NA	88	133	28.8638
SNORA11	NA	3	131	0.999018
SNORA11B	NA	0	127	0
SNORA11C	NA	0	127	0
SNORA11D	NA	1	127	0.343494
SNORA11E	NA	1	127	0.343494
SNORA12	NA	0	147	0
SNORA13	NA	9	133	2.95198
SNORA14A	NA	0	134	0
SNORA14B	NA	0	135	0
SNORA15	NA	10	133	3.27998
SNORA16A	NA	5	134	1.62775
SNORA16B	NA	0	133	0
SNORA17	NA	16	133	5.24797
SNORA18	NA	28	132	9.25353
SNORA19	NA	0	126	0
SNORA20	NA	6	132	1.9829
SNORA21	NA	7	133	2.29599
SNORA22	NA	0	134	0
SNORA23	NA	2	189	0.461627
SNORA24	NA	20	131	6.66012
SNORA25	NA	23	132	7.60111
SNORA26	NA	14	122	5.00601
SNORA27	NA	64	126	22.1581
SNORA28	NA	0	126	0
SNORA29	NA	0	140	0
SNORA2A	NA	3	135	0.969417
SNORA2B	NA	0	137	0
SNORA30	NA	0	129	0
SNORA31	NA	13	130	4.36238
SNORA32	NA	13	121	4.68685
SNORA33	NA	44	133	14.4319
SNORA34	NA	3	137	0.955265
SNORA35	NA	0	128	0
SNORA36A	NA	0	130	0
SNORA36B	NA	0	131	0
SNORA36C	NA	0	127	0
SNORA37	NA	0	129	0
SNORA38	NA	5	924	0.236059
SNORA38B	NA	0	132	0
SNORA4	NA	120	137	38.2106
SNORA40	NA	11	127	3.77844
SNORA41	NA	25	132	8.26208
SNORA43	NA	16	134	5.20881
SNORA44	NA	12	132	3.9658
SNORA45A	NA	15	130	5.03351
SNORA45B	NA	21	131	6.99312
SNORA46	NA	0	135	0
SNORA47	NA	1	138	0.316114
SNORA48	NA	873	135	282.1
SNORA49	NA	0	137	0
SNORA51	NA	7	132	2.31338
SNORA52	NA	1599	134	520.555
SNORA53	NA	9	250	1.57046
SNORA54	NA	0	123	0
SNORA55	NA	2	137	0.636843
SNORA56	NA	5	129	1.69084
SNORA57	NA	13	149	3.8061
SNORA58	NA	2	236	0.369693
SNORA59A	NA	3	304	0.430498
SNORA59B	NA	3	304	0.430498
SNORA5A	NA	4	134	1.3022
SNORA5B	NA	1	132	0.330483
SNORA5C	NA	6	137	1.91053
SNORA6	NA	12	149	3.51332
SNORA60	NA	1	136	0.320763
SNORA61	NA	45	130	15.1005
SNORA62	NA	53	154	15.0134
SNORA63	NA	143	135	46.2089
SNORA64	NA	44	134	14.3242
SNORA65	NA	6	136	1.92458
SNORA66	NA	6	133	1.96799
SNORA67	NA	159	137	50.6291
SNORA68	NA	30	133	9.83995
SNORA69	NA	4	132	1.32193
SNORA70	NA	75	135	24.2354
SNORA70B	NA	0	134	0
SNORA70C	NA	0	136	0
SNORA70D	NA	0	135	0
SNORA70E	NA	0	135	0
SNORA70F	NA	1	135	0.323139
SNORA70G	NA	0	142	0
SNORA71A	NA	10	138	3.16114
SNORA71B	NA	2	136	0.641526
SNORA71C	NA	5	138	1.58057
SNORA71D	NA	0	138	0
SNORA71E	NA	5	136	1.60382
SNORA72	NA	14	132	4.62676
SNORA73B	NA	66	158	18.2226
SNORA74A	NA	0	200	0
SNORA74B	NA	1	204	0.213842
SNORA75	NA	3	137	0.955265
SNORA76A	NA	0	136	0
SNORA76C	NA	6	133	1.96799
SNORA77	NA	0	125	0
SNORA78	NA	10	127	3.43494
SNORA79	NA	0	140	0
SNORA7A	NA	21	139	6.59064
SNORA7B	NA	7	139	2.19688
SNORA8	NA	42	139	13.1813
SNORA80A	NA	0	136	0
SNORA80B	NA	0	136	0
SNORA80E	NA	0	134	0
SNORA81	NA	113	178	27.6937
SNORA84	NA	0	133	0
SNORA9	NA	8	133	2.62399
SNORD10	NA	19	148	5.60035
SNORD100	NA	21	76	12.0539
SNORD101	NA	8	73	4.78069
SNORD102	NA	10	72	6.05886
SNORD103A	NA	0	176	0
SNORD103B	NA	0	176	0
SNORD104	NA	40	80	21.8119
SNORD105	NA	14	85	7.18509
SNORD105B	NA	31	92	14.6993
SNORD107	NA	0	75	0
SNORD108	NA	1	69	0.632229
SNORD109A	NA	0	134	0
SNORD109B	NA	0	134	0
SNORD11	NA	1	84	0.519331
SNORD110	NA	20	75	11.633
SNORD111	NA	0	94	0
SNORD111B	NA	0	101	0
SNORD113-1	NA	0	70	0
SNORD113-2	NA	0	71	0
SNORD113-4	NA	0	74	0
SNORD113-5	NA	0	77	0
SNORD113-6	NA	0	74	0
SNORD113-7	NA	0	76	0
SNORD113-9	NA	0	71	0
SNORD114-1	NA	0	71	0
SNORD114-10	NA	0	71	0
SNORD114-11	NA	0	74	0
SNORD114-12	NA	0	74	0
SNORD114-13	NA	0	73	0
SNORD114-14	NA	0	74	0
SNORD114-15	NA	0	71	0
SNORD114-16	NA	0	69	0
SNORD114-17	NA	0	74	0
SNORD114-18	NA	0	71	0
SNORD114-19	NA	0	74	0
SNORD114-2	NA	0	77	0
SNORD114-20	NA	0	71	0
SNORD114-21	NA	0	71	0
SNORD114-22	NA	0	71	0
SNORD114-23	NA	0	71	0
SNORD114-24	NA	0	71	0
SNORD114-25	NA	0	71	0
SNORD114-26	NA	0	71	0
SNORD114-27	NA	0	69	0
SNORD114-28	NA	0	71	0
SNORD114-29	NA	0	69	0
SNORD114-3	NA	0	74	0
SNORD114-30	NA	0	71	0
SNORD114-31	NA	0	74	0
SNORD114-4	NA	0	104	0
SNORD114-5	NA	0	69	0
SNORD114-6	NA	0	71	0
SNORD114-7	NA	0	76	0
SNORD114-8	NA	0	71	0
SNORD114-9	NA	0	71	0
SNORD115-1	NA	0	82	0
SNORD115-10	NA	0	406	0
SNORD115-11	NA	0	328	0
SNORD115-12	NA	0	243	0
SNORD115-13	NA	0	82	0
SNORD115-14	NA	0	81	0
SNORD115-15	NA	0	81	0
SNORD115-16	NA	0	82	0
SNORD115-17	NA	0	246	0
SNORD115-18	NA	0	246	0
SNORD115-19	NA	0	246	0
SNORD115-2	NA	0	82	0
SNORD115-20	NA	0	82	0
SNORD115-21	NA	0	81	0
SNORD115-22	NA	0	82	0
SNORD115-23	NA	0	82	0
SNORD115-24	NA	0	71	0
SNORD115-25	NA	0	82	0
SNORD115-26	NA	0	82	0
SNORD115-27	NA	0	76	0
SNORD115-28	NA	0	74	0
SNORD115-29	NA	0	328	0
SNORD115-3	NA	0	82	0
SNORD115-30	NA	0	82	0
SNORD115-31	NA	0	82	0
SNORD115-32	NA	0	82	0
SNORD115-33	NA	0	82	0
SNORD115-34	NA	0	82	0
SNORD115-35	NA	0	82	0
SNORD115-36	NA	0	328	0
SNORD115-37	NA	0	82	0
SNORD115-38	NA	0	82	0
SNORD115-39	NA	0	82	0
SNORD115-4	NA	0	82	0
SNORD115-40	NA	0	82	0
SNORD115-41	NA	0	82	0
SNORD115-42	NA	0	82	0
SNORD115-43	NA	0	328	0
SNORD115-44	NA	0	82	0
SNORD115-45	NA	0	53	0
SNORD115-46	NA	1	71	0.614419
SNORD115-47	NA	0	33	0
SNORD115-48	NA	0	76	0
SNORD115-5	NA	0	240	0
SNORD115-6	NA	0	82	0
SNORD115-7	NA	0	82	0
SNORD115-8	NA	0	82	0
SNORD115-9	NA	0	243	0
SNORD116-1	NA	0	97	0
SNORD116-10	NA	0	104	0
SNORD116-11	NA	0	94	0
SNORD116-12	NA	0	94	0
SNORD116-13	NA	0	94	0
SNORD116-14	NA	1	94	0.464083
SNORD116-15	NA	1	94	0.464083
SNORD116-16	NA	1	94	0.464083
SNORD116-17	NA	3	188	0.696124
SNORD116-18	NA	0	94	0
SNORD116-19	NA	3	188	0.696124
SNORD116-2	NA	0	195	0
SNORD116-20	NA	0	94	0
SNORD116-21	NA	2	94	0.928165
SNORD116-22	NA	1	94	0.464083
SNORD116-23	NA	0	94	0
SNORD116-24	NA	0	94	0
SNORD116-25	NA	0	94	0
SNORD116-26	NA	0	98	0
SNORD116-27	NA	1	94	0.464083
SNORD116-28	NA	0	93	0
SNORD116-29	NA	0	85	0
SNORD116-3	NA	0	194	0
SNORD116-30	NA	1	85	0.513221
SNORD116-4	NA	9	98	4.00626
SNORD116-5	NA	0	194	0
SNORD116-6	NA	0	98	0
SNORD116-7	NA	0	194	0
SNORD116-8	NA	0	97	0
SNORD116-9	NA	0	194	0
SNORD117	NA	3	608	0.215249
SNORD119	NA	12	96	5.45297
SNORD11B	NA	65	112	25.3174
SNORD12	NA	9	90	4.36238
SNORD121A	NA	1	91	0.479382
SNORD121B	NA	0	79	0
SNORD123	NA	0	88	0
SNORD124	NA	0	103	0
SNORD125	NA	0	96	0
SNORD126	NA	0	99	0
SNORD127	NA	2	99	0.881288
SNORD12B	NA	5	103	2.11766
SNORD12C	NA	3	79	1.6566
SNORD15A	NA	2	148	0.58951
SNORD15B	NA	19	146	5.67707
SNORD16	NA	8	100	3.4899
SNORD17	NA	5	237	0.920333
SNORD18A	NA	1	70	0.623197
SNORD18B	NA	3	70	1.86959
SNORD18C	NA	3	67	1.9533
SNORD19	NA	24	76	13.7759
SNORD19B	NA	95	93	44.5619
SNORD1A	NA	1	74	0.58951
SNORD1B	NA	0	86	0
SNORD1C	NA	3	78	1.67784
SNORD2	NA	3	70	1.86959
SNORD20	NA	6	80	3.27178
SNORD21	NA	16	95	7.34716
SNORD22	NA	76	126	26.3128
SNORD23	NA	162	110	64.2459
SNORD24	NA	4	75	2.3266
SNORD25	NA	9	67	5.85991
SNORD26	NA	14	75	8.1431
SNORD27	NA	8	72	4.84709
SNORD28	NA	17	75	9.88806
SNORD29	NA	34	65	22.8186
SNORD30	NA	14	70	8.72475
SNORD31	NA	25	68	16.0382
SNORD32A	NA	1572	82	836.3
SNORD32B	NA	0	488	0
SNORD33	NA	615	83	323.236
SNORD34	NA	152	66	100.467
SNORD35A	NA	17	86	8.6233
SNORD35B	NA	28	87	14.0398
SNORD36A	NA	84	72	50.8944
SNORD36B	NA	642	71	394.457
SNORD36C	NA	19	67	12.3709
SNORD37	NA	2	66	1.32193
SNORD38A	NA	47	71	28.8777
SNORD38B	NA	4	69	2.52891
SNORD41	NA	0	70	0
SNORD42A	NA	11	63	7.61685
SNORD42B	NA	2	67	1.3022
SNORD43	NA	2	62	1.40722
SNORD44	NA	47	61	33.6118
SNORD45A	NA	3	84	1.55799
SNORD45B	NA	5	71	3.0721
SNORD45C	NA	1	78	0.559279
SNORD46	NA	12	98	5.34169
SNORD47	NA	97	77	54.9546
SNORD48	NA	11	316	1.51855
SNORD49A	NA	10	71	6.14419
SNORD49B	NA	15	48	13.6324
SNORD4A	NA	25	72	15.1471
SNORD4B	NA	7	74	4.12657
SNORD5	NA	2	73	1.19517
SNORD50A	NA	6	75	3.4899
SNORD50B	NA	18	71	11.0595
SNORD51	NA	3	70	1.86959
SNORD52	NA	20	320	2.72649
SNORD53	NA	0	76	0
SNORD54	NA	17	63	11.7715
SNORD55	NA	44	74	25.9385
SNORD56	NA	1	71	0.614419
SNORD56B	NA	0	71	0
SNORD57	NA	274	72	166.013
SNORD58A	NA	8	65	5.36908
SNORD58B	NA	242	66	159.954
SNORD58C	NA	33	90	15.9954
SNORD59A	NA	1	75	0.58165
SNORD59B	NA	1	75	0.58165
SNORD6	NA	8	71	4.91535
SNORD60	NA	20	83	10.5118
SNORD61	NA	0	73	0
SNORD62A	NA	3	172	0.76088
SNORD62B	NA	3	172	0.76088
SNORD63	NA	0	68	0
SNORD64	NA	4	67	2.6044
SNORD65	NA	70	73	41.831
SNORD66	NA	9	76	5.16597
SNORD67	NA	1	111	0.393007
SNORD68	NA	77	72	46.6532
SNORD69	NA	2	77	1.13309
SNORD7	NA	1	97	0.44973
SNORD70	NA	0	88	0
SNORD71	NA	0	86	0
SNORD72	NA	3	80	1.63589
SNORD73A	NA	4	65	2.68454
SNORD74	NA	10	72	6.05886
SNORD75	NA	2	60	1.45413
SNORD76	NA	42	81	22.6197
SNORD77	NA	6	61	4.29086
SNORD78	NA	15	54	12.1177
SNORD79	NA	47	81	25.3126
SNORD8	NA	0	109	0
SNORD80	NA	49	71	30.1065
SNORD81	NA	29	43	29.4207
SNORD82	NA	0	75	0
SNORD83A	NA	30	95	13.7759
SNORD83B	NA	59	93	27.6753
SNORD84	NA	36	546	2.87629
SNORD85	NA	0	75	0
SNORD86	NA	86	86	43.6238
SNORD87	NA	8	76	4.59198
SNORD88A	NA	3	97	1.34919
SNORD88B	NA	14	97	6.29621
SNORD88C	NA	5	97	2.24865
SNORD89	NA	4	114	1.53066
SNORD9	NA	1	103	0.423532
SNORD90	NA	0	107	0
SNORD91A	NA	0	92	0
SNORD91B	NA	0	86	0
SNORD92	NA	0	89	0
SNORD93	NA	0	74	0
SNORD94	NA	4	137	1.27369
SNORD95	NA	1	63	0.692441
SNORD96A	NA	4	72	2.42354
SNORD96B	NA	0	72	0
SNORD97	NA	2	142	0.614419
SNORD98	NA	0	67	0
SNORD99	NA	18	80	9.81535
SNPH	NA	98	4994	0.856053
SNRK	NA	336	5215	2.81066
SNRK-AS1	NA	160	3475	2.00858
SNRNP200	NA	9047	7219	54.6702
SNRNP25	NA	815	1086	32.7379
SNRNP27	NA	559	1438	16.9581
SNRNP35	NA	582	2438	10.4139
SNRNP40	NA	3194	1624	85.797
SNRNP48	NA	869	4173	9.08437
SNRNP70	NA	6424	1991	140.753
SNRPA	NA	3723	1629	99.7
SNRPA1	NA	2026	1059	83.4578
SNRPB	NA	9010	1153	340.893
SNRPB2	NA	1864	1681	48.3728
SNRPC	NA	3446	1217	123.523
SNRPD1	NA	2618	1628	70.1517
SNRPD2	NA	7936	868	398.846
SNRPD2P2	NA	0	762	0
SNRPD3	NA	5910	3808	67.7039
SNRPE	NA	1520	1618	40.9815
SNRPF	NA	2029	793	111.617
SNRPG	NA	2331	579	175.625
SNRPN	NA	1299	1992	28.4474
SNTA1	NA	572	2340	10.6636
SNTB1	NA	1	4975	0.0087686
SNTB2	NA	600	9771	2.67877
SNTG1	NA	0	3667	0
SNTG2	NA	1	1887	0.0231181
SNTN	NA	0	1584	0
SNUPN	NA	1414	1943	31.7468
SNURF	NA	1297	1426	39.6774
SNW1	NA	3419	2125	70.1881
SNX1	NA	1782	8315	9.34908
SNX10	NA	483	3015	6.98848
SNX11	NA	405	2402	7.35538
SNX12	NA	1808	2550	30.9301
SNX13	NA	661	6371	4.52603
SNX14	NA	1148	3749	13.3583
SNX15	NA	379	1939	8.52677
SNX16	NA	200	3456	2.52452
SNX17	NA	1723	2698	27.8591
SNX18	NA	434	6654	2.84531
SNX19	NA	1563	6078	11.2182
SNX2	NA	1051	7110	6.44846
SNX20	NA	0	4404	0
SNX21	NA	671	3184	9.19333
SNX22	NA	8886	3661	105.884
SNX24	NA	276	2137	5.63414
SNX25	NA	150	3213	2.03659
SNX27	NA	1084	7085	6.67441
SNX29	NA	384	8175	2.04912
SNX29P1	NA	4	983	0.177513
SNX29P2	NA	2	1585	0.0550458
SNX3	NA	2967	1760	73.5408
SNX30	NA	495	7606	2.83904
SNX31	NA	9	2455	0.159924
SNX32	NA	9	1705	0.230272
SNX33	NA	588	3233	7.93405
SNX4	NA	1171	2530	20.1911
SNX5	NA	3448	2542	59.1718
SNX6	NA	2230	3130	31.0802
SNX7	NA	164	1897	3.77138
SNX8	NA	1857	4738	17.0978
SNX9	NA	767	4291	7.79758
SOAT1	NA	1309	7026	8.12746
SOAT2	NA	5	2073	0.105219
SOBP	NA	99	6232	0.692996
SOCS1	NA	312	1216	11.1929
SOCS2	NA	66	3921	0.734295
SOCS2-AS1	NA	5	574	0.379998
SOCS3	NA	1524	2737	24.2903
SOCS4	NA	1121	7012	6.97408
SOCS5	NA	388	4662	3.63064
SOCS6	NA	881	5846	6.57416
SOCS7	NA	620	7978	3.39017
SOD1	NA	3500	965	158.221
SOD2	NA	734	1775	18.0394
SOD3	NA	0	1529	0
SOGA1	NA	495	8726	2.47465
SOGA3	NA	364	11818	1.34363
SOHLH1	NA	3	1985	0.0659301
SOHLH2	NA	1	3399	0.0128343
SON	NA	6715	10808	27.1034
SORBS1	NA	5	7586	0.0287528
SORBS2	NA	283	8979	1.37493
SORBS3	NA	2296	3283	30.5087
SORCS1	NA	0	8152	0
SORCS2	NA	12	6053	0.0864836
SORCS3	NA	0	5764	0
SORCS3-AS1	NA	0	1294	0
SORD	NA	2921	2898	43.97
SORL1	NA	6	10973	0.0238533
SORT1	NA	421	7353	2.4977
SOS1	NA	800	8318	4.1956
SOS2	NA	364	5313	2.98872
SOST	NA	109	2300	2.06739
SOSTDC1	NA	2	1869	0.0466814
SOWAHA	NA	10	3474	0.125572
SOWAHB	NA	8	2921	0.119476
SOWAHC	NA	66	4654	0.618644
SOWAHD	NA	11	1590	0.3018
SOX1	NA	0	4108	0
SOX10	NA	0	2862	0
SOX11	NA	0	8719	0
SOX12	NA	2937	4658	27.506
SOX13	NA	28	4073	0.299893
SOX14	NA	0	2039	0
SOX15	NA	2593	1394	81.1452
SOX17	NA	0	2350	0
SOX18	NA	1	1705	0.0255858
SOX2	NA	0	2512	0
SOX2-OT	NA	0	4083	0
SOX21	NA	2	2919	0.0298895
SOX21-AS1	NA	0	2986	0
SOX3	NA	0	2074	0
SOX30	NA	12	3471	0.150817
SOX4	NA	19	4878	0.169916
SOX5	NA	0	4994	0
SOX6	NA	1	9363	0.00465917
SOX7	NA	36	3278	0.47909
SOX8	NA	6499	3049	92.9849
SOX9	NA	1	3934	0.0110889
SOX9-AS1	NA	0	4528	0
SP1	NA	1979	7698	11.2148
SP100	NA	88	7650	0.501816
SP110	NA	85	3104	1.19459
SP140	NA	1	3566	0.0122333
SP140L	NA	0	2668	0
SP2	NA	572	3112	8.01825
SP2-AS1	NA	21	2182	0.419844
SP3	NA	1732	6695	11.2855
SP4	NA	174	5800	1.30871
SP5	NA	0	1947	0
SP6	NA	235	4026	2.54635
SP7	NA	2	3317	0.0263031
SP8	NA	15	3729	0.175478
SP9	NA	1	1455	0.029982
SPA17	NA	281	937	13.0825
SPACA1	NA	0	1499	0
SPACA3	NA	0	819	0
SPACA4	NA	0	972	0
SPACA5	NA	0	1464	0
SPACA5B	NA	0	1190	0
SPACA6P	NA	89	1964	1.97684
SPACA6P-AS	NA	6	3962	0.0660633
SPACA7	NA	1	783	0.0557136
SPAG1	NA	200	4031	2.16441
SPAG11A	NA	0	756	0
SPAG11B	NA	0	1467	0
SPAG16	NA	441	2991	6.43199
SPAG17	NA	196	7125	1.20004
SPAG4	NA	103	1452	3.09452
SPAG5	NA	2467	3808	28.2615
SPAG5-AS1	NA	595	1365	19.0155
SPAG6	NA	678	3139	9.4224
SPAG7	NA	1577	1025	67.1168
SPAG8	NA	35	2332	0.654731
SPAG9	NA	6200	8793	30.7594
SPAM1	NA	0	3020	0
SPANXA1	NA	0	418	0
SPANXA2	NA	0	418	0
SPANXA2-OT1	NA	0	1699	0
SPANXB1	NA	0	938	0
SPANXC	NA	0	441	0
SPANXD	NA	0	692	0
SPANXN1	NA	0	613	0
SPANXN2	NA	0	543	0
SPANXN3	NA	0	590	0
SPANXN4	NA	0	431	0
SPANXN5	NA	0	561	0
SPARC	NA	4788	3590	58.1812
SPARCL1	NA	12	3126	0.167462
SPAST	NA	522	5213	4.36824
SPATA12	NA	1	2413	0.0180786
SPATA13	NA	10	10802	0.0403849
SPATA13-AS1	NA	0	433	0
SPATA16	NA	0	2107	0
SPATA17	NA	63	2275	1.20804
SPATA17-AS1	NA	7	420	0.727063
SPATA18	NA	244	4459	2.38713
SPATA19	NA	0	907	0
SPATA2	NA	785	4304	7.95647
SPATA20	NA	866	2774	13.6187
SPATA21	NA	0	2015	0
SPATA22	NA	1	1718	0.0253922
SPATA24	NA	24	678	1.5442
SPATA25	NA	20	719	1.21346
SPATA2L	NA	1350	2339	25.1783
SPATA3	NA	0	870	0
SPATA3-AS1	NA	3	3509	0.0372959
SPATA31A1	NA	2	8518	0.0102427
SPATA31A3	NA	3	4223	0.0309901
SPATA31A5	NA	4	8452	0.0206454
SPATA31A6	NA	1	4214	0.0103521
SPATA31A7	NA	4	8446	0.0206601
SPATA31C1	NA	0	3779	0
SPATA31C2	NA	0	3761	0
SPATA31D1	NA	0	4833	0
SPATA31D3	NA	0	4927	0
SPATA31D4	NA	0	4923	0
SPATA31D5P	NA	0	4864	0
SPATA31E1	NA	1	4447	0.00980971
SPATA32	NA	7	1284	0.237824
SPATA33	NA	471	2820	7.2861
SPATA4	NA	1	1233	0.0353802
SPATA41	NA	1	3156	0.0138225
SPATA42	NA	0	608	0
SPATA45	NA	5	504	0.432776
SPATA5	NA	394	8140	2.11152
SPATA5L1	NA	399	2609	6.67148
SPATA6	NA	196	5008	1.70732
SPATA6L	NA	38	3746	0.442526
SPATA7	NA	150	2013	3.25065
SPATA8	NA	0	1151	0
SPATA8-AS1	NA	0	656	0
SPATA9	NA	22	2801	0.342636
SPATC1	NA	0	2036	0
SPATC1L	NA	874	2316	16.4625
SPATS1	NA	255	1108	10.0398
SPATS2	NA	930	3926	10.3337
SPATS2L	NA	4	7133	0.0244631
SPC24	NA	124	654	8.27117
SPC25	NA	327	1346	10.598
SPCS1	NA	2690	1084	108.255
SPCS2	NA	1615	2708	26.0164
SPCS3	NA	2112	4596	20.0464
SPDEF	NA	1	1914	0.0227919
SPDL1	NA	1005	2667	16.4387
SPDYA	NA	270	2156	5.46309
SPDYC	NA	10	882	0.494601
SPDYE1	NA	27	2650	0.444469
SPDYE2	NA	102	3966	1.12194
SPDYE2B	NA	102	3966	1.12194
SPDYE3	NA	61	3185	0.835495
SPDYE4	NA	0	923	0
SPDYE5	NA	35	3147	0.485171
SPDYE6	NA	54	3145	0.749025
SPDYE7P	NA	7	1064	0.286999
SPDYE8P	NA	46	2884	0.695802
SPECC1	NA	34	6864	0.216085
SPECC1L	NA	1525	7174	9.27324
SPECC1L-ADORA2A	NA	408	6289	2.8301
SPEF1	NA	89	1587	2.44645
SPEF2	NA	75	6985	0.468401
SPEG	NA	690	11641	2.58572
SPEM1	NA	2	982	0.0888468
SPEN	NA	1517	12227	5.41239
SPERT	NA	0	1749	0
SPESP1	NA	0	1431	0
SPG11	NA	1062	7788	5.9487
SPG20	NA	58	5395	0.468986
SPG20-AS1	NA	0	777	0
SPG21	NA	2782	1933	62.7839
SPG7	NA	3020	4050	32.5293
SPHAR	NA	187	1122	7.27063
SPHK1	NA	463	2469	8.18056
SPHK2	NA	403	3235	5.43443
SPHKAP	NA	0	6913	0
SPI1	NA	1	1408	0.0309828
SPIB	NA	10	3530	0.12358
SPIC	NA	0	971	0
SPICE1	NA	345	5448	2.76252
SPIDR	NA	361	3435	4.58462
SPIN1	NA	2029	4534	19.522
SPIN2A	NA	115	1319	3.80344
SPIN2B	NA	198	1272	6.79049
SPIN3	NA	481	5580	3.7604
SPIN4	NA	253	4112	2.68405
SPINK1	NA	3	610	0.214543
SPINK13	NA	0	509	0
SPINK14	NA	0	294	0
SPINK2	NA	0	1033	0
SPINK4	NA	0	368	0
SPINK5	NA	2	3832	0.0227681
SPINK6	NA	0	733	0
SPINK7	NA	0	549	0
SPINK8	NA	5	440	0.495725
SPINK9	NA	0	453	0
SPINT1	NA	5	2519	0.0865895
SPINT2	NA	2801	1802	67.8081
SPINT3	NA	0	476	0
SPINT4	NA	0	380	0
SPIRE1	NA	948	5526	7.48377
SPIRE2	NA	457	3244	6.14552
SPN	NA	3	7037	0.0185976
SPNS1	NA	2265	2213	44.6488
SPNS2	NA	3320	4349	33.3021
SPNS3	NA	49	1893	1.12919
SPO11	NA	0	1817	0
SPOCD1	NA	3763	3962	41.4327
SPOCK1	NA	3	4827	0.0271124
SPOCK2	NA	54	6255	0.376608
SPOCK3	NA	1	3564	0.0122401
SPON1	NA	14	5137	0.118889
SPON2	NA	32	2477	0.563569
SPOP	NA	2255	3141	31.3186
SPOPL	NA	247	5734	1.87915
SPP1	NA	38704	1814	930.769
SPP2	NA	0	1019	0
SPPL2A	NA	445	2003	9.69175
SPPL2B	NA	1463	3814	16.7335
SPPL2C	NA	1	4366	0.0099917
SPPL3	NA	1292	4129	13.6503
SPR	NA	851	1459	25.4447
SPRED1	NA	600	7255	3.60776
SPRED2	NA	978	4650	9.17506
SPRED3	NA	431	5190	3.62271
SPRN	NA	219	3173	3.01091
SPRNP1	NA	12	2241	0.233594
SPRR1A	NA	0	655	0
SPRR1B	NA	0	619	0
SPRR2A	NA	0	677	0
SPRR2B	NA	0	675	0
SPRR2C	NA	0	678	0
SPRR2D	NA	0	682	0
SPRR2E	NA	0	681	0
SPRR2F	NA	0	671	0
SPRR2G	NA	0	650	0
SPRR3	NA	0	986	0
SPRR4	NA	0	745	0
SPRTN	NA	477	4622	4.50206
SPRY1	NA	4189	3041	60.0921
SPRY2	NA	11	2110	0.227423
SPRY3	NA	27	18271	0.0644651
SPRY4	NA	2862	5531	22.573
SPRY4-IT1	NA	9	689	0.569832
SPRYD3	NA	449	2932	6.68045
SPRYD4	NA	529	2105	10.9629
SPRYD7	NA	422	3218	5.72071
SPSB1	NA	440	3117	6.15799
SPSB2	NA	386	1287	13.0837
SPSB3	NA	864	1544	24.4112
SPSB4	NA	1	2908	0.0150013
SPTA1	NA	1	8017	0.00544141
SPTAN1	NA	2715	7907	14.9789
SPTB	NA	10	10391	0.0419823
SPTBN1	NA	2266	13024	7.58995
SPTBN2	NA	1231	7867	6.82609
SPTBN4	NA	202	9139	0.96422
SPTBN5	NA	64	11723	0.238158
SPTLC1	NA	2288	3363	29.6792
SPTLC2	NA	983	8164	5.25259
SPTLC3	NA	0	3845	0
SPTSSA	NA	1129	2534	19.4362
SPTSSB	NA	0	2306	0
SPTY2D1	NA	1177	5734	8.95451
SPTY2D1-AS1	NA	163	1437	4.94828
SPX	NA	0	583	0
SPZ1	NA	0	1871	0
SQLE	NA	1123	2989	16.3899
SQRDL	NA	161	2179	3.22323
SQSTM1	NA	9256	3336	121.038
SRA1	NA	1201	2104	24.9012
SRBD1	NA	958	3694	11.3134
SRC	NA	867	4241	8.91814
SRCAP	NA	2558	10474	10.654
SRCIN1	NA	188	7050	1.1633
SRD5A1	NA	238	2264	4.58589
SRD5A1P1	NA	23	2155	0.46559
SRD5A2	NA	1	2445	0.017842
SRD5A3	NA	331	4081	3.53822
SRD5A3-AS1	NA	2	926	0.0942198
SREBF1	NA	4956	5001	43.2312
SREBF2	NA	2937	5786	22.1436
SREK1	NA	1822	8931	8.89962
SREK1IP1	NA	831	6853	5.28985
SRF	NA	2274	4267	23.2483
SRFBP1	NA	361	2836	5.55296
SRGAP1	NA	356	8475	1.83246
SRGAP2	NA	1024	7845	5.69417
SRGAP2-AS1	NA	1	2504	0.0174216
SRGAP2B	NA	146	1230	5.17811
SRGAP2C	NA	282	2461	4.99874
SRGAP2D	NA	514	4601	4.87342
SRGAP3	NA	91	8992	0.441477
SRGAP3-AS3	NA	0	1223	0
SRGN	NA	0	1254	0
SRI	NA	1637	2405	29.6932
SRL	NA	2	4214	0.0207042
SRM	NA	5960	1273	204.24
SRMS	NA	1	2402	0.0181614
SRP14	NA	6303	1180	233.017
SRP14-AS1	NA	43	3320	0.565007
SRP19	NA	1110	2988	16.2056
SRP54	NA	1165	2281	22.2804
SRP68	NA	3308	3058	47.1901
SRP72	NA	2642	3876	29.7353
SRP9	NA	7152	1620	192.591
SRPK1	NA	4511	4390	44.8262
SRPK2	NA	1153	4115	12.2231
SRPK3	NA	6	2002	0.130741
SRPR	NA	2496	3092	35.2151
SRPRB	NA	1539	2827	23.7485
SRPX	NA	6	1903	0.137542
SRPX2	NA	61	2190	1.21509
SRR	NA	2350	2493	41.1215
SRRD	NA	516	1293	17.409
SRRM1	NA	2780	4150	29.2227
SRRM2	NA	18557	9353	86.5526
SRRM2-AS1	NA	20	1645	0.53038
SRRM3	NA	143	3703	1.68463
SRRM4	NA	0	8477	0
SRRM5	NA	482	2398	8.76841
SRRT	NA	4486	3013	64.9506
SRSF1	NA	12320	5643	95.241
SRSF10	NA	3149	16433	8.35948
SRSF11	NA	4358	2792	68.0918
SRSF12	NA	260	3599	3.15148
SRSF2	NA	7788	2963	114.661
SRSF3	NA	8731	3600	105.8
SRSF4	NA	3881	2530	66.9185
SRSF5	NA	5500	1651	145.325
SRSF6	NA	5050	4014	54.8829
SRSF7	NA	4208	2489	73.752
SRSF8	NA	5075	4347	50.9295
SRSF9	NA	6591	1163	247.226
SRXN1	NA	2289	2689	37.1346
SRY	NA	0	887	0
SS18	NA	3504	3558	42.9617
SS18L1	NA	720	4973	6.31593
SS18L2	NA	885	815	47.3706
SSB	NA	5619	2195	111.673
SSBP1	NA	2494	1339	81.2529
SSBP2	NA	89	4465	0.869544
SSBP3	NA	4114	3254	55.1531
SSBP3-AS1	NA	28	2621	0.46603
SSBP4	NA	2205	1787	53.8279
SSC4D	NA	61	2806	0.948343
SSC5D	NA	183	5119	1.55951
SSFA2	NA	43	7936	0.236369
SSH1	NA	3568	9191	16.935
SSH2	NA	546	10014	2.37853
SSH3	NA	18	2878	0.272838
SSMEM1	NA	0	1156	0
SSNA1	NA	1125	941	52.1538
SSPN	NA	135	4727	1.24587
SSPO	NA	74	15579	0.207212
SSR1	NA	4334	9776	19.3398
SSR2	NA	3605	1124	139.914
SSR3	NA	3472	4600	32.9265
SSR4	NA	1224	1194	44.7198
SSR4P1	NA	104	2257	2.01013
SSRP1	NA	8852	2819	136.984
SSSCA1	NA	717	880	35.5435
SSSCA1-AS1	NA	20	1194	0.730716
SST	NA	2	632	0.13805
SSTR1	NA	0	4291	0
SSTR2	NA	7	2964	0.103025
SSTR3	NA	2	4299	0.0202948
SSTR4	NA	0	1258	0
SSTR5	NA	11	2718	0.176549
SSTR5-AS1	NA	2	2933	0.0297469
SSU72	NA	3550	1303	118.852
SSUH2	NA	3	2119	0.0617609
SSX1	NA	0	1384	0
SSX2	NA	0	1476	0
SSX2B	NA	0	1475	0
SSX2IP	NA	803	6114	5.72946
SSX3	NA	0	1319	0
SSX4	NA	2	1217	0.0716907
SSX4B	NA	2	1228	0.0710485
SSX5	NA	0	1384	0
SSX6	NA	0	1286	0
SSX7	NA	0	1340	0
SSX8	NA	0	1447	0
SSX9	NA	0	580	0
ST13	NA	5985	3581	72.9093
ST13P4	NA	1277	1598	34.8608
ST14	NA	0	3300	0
ST18	NA	0	6330	0
ST20	NA	355	1516	10.2153
ST20-AS1	NA	138	2084	2.88871
ST20-MTHFS	NA	644	2282	12.311
ST3GAL1	NA	2	6971	0.0125158
ST3GAL2	NA	673	4450	6.59748
ST3GAL3	NA	178	2875	2.70088
ST3GAL4	NA	272	2625	4.52025
ST3GAL4-AS1	NA	22	752	1.27623
ST3GAL5	NA	335	2448	5.96976
ST3GAL5-AS1	NA	4	1116	0.156358
ST3GAL6	NA	0	3938	0
ST3GAL6-AS1	NA	0	769	0
ST5	NA	539	4705	4.99749
ST6GAL1	NA	365	4732	3.36489
ST6GAL2	NA	0	7068	0
ST6GALNAC1	NA	0	2714	0
ST6GALNAC2	NA	75	2105	1.55429
ST6GALNAC3	NA	0	3621	0
ST6GALNAC4	NA	804	1691	20.7413
ST6GALNAC5	NA	1	2032	0.0214684
ST6GALNAC6	NA	1830	2768	28.8409
ST7	NA	194	3159	2.67902
ST7-AS1	NA	83	1888	1.91778
ST7-AS2	NA	8	2405	0.14511
ST7-OT3	NA	10	1024	0.426013
ST7-OT4	NA	8	1572	0.222004
ST7L	NA	214	4812	1.94004
ST8SIA1	NA	6	9714	0.0269449
ST8SIA2	NA	0	5626	0
ST8SIA3	NA	0	10153	0
ST8SIA4	NA	0	7354	0
ST8SIA5	NA	70	2824	1.08133
ST8SIA6	NA	7	1398	0.218431
ST8SIA6-AS1	NA	0	557	0
STAB1	NA	382	7926	2.10248
STAB2	NA	11	8230	0.0583064
STAC	NA	0	3083	0
STAC2	NA	0	3277	0
STAC3	NA	41	1654	1.08136
STAG1	NA	750	5166	6.3333
STAG2	NA	1929	6609	12.7327
STAG3	NA	91	4399	0.902424
STAG3L1	NA	419	2136	8.55729
STAG3L2	NA	491	1884	11.369
STAG3L3	NA	420	2167	8.455
STAG3L4	NA	325	2202	6.43857
STAG3L5P	NA	29	729	1.73538
STAG3L5P-PVRIG2P-PILRB	NA	1459	3844	16.5575
STAM	NA	1359	3880	15.2796
STAM-AS1	NA	23	2635	0.380777
STAM2	NA	452	5701	3.45868
STAMBP	NA	982	6791	6.30814
STAMBPL1	NA	0	2094	0
STAP1	NA	2	1511	0.0577416
STAP2	NA	114	1537	3.2356
STAR	NA	2	2695	0.0323739
STARD10	NA	630	1988	13.8244
STARD13	NA	7	7519	0.0406126
STARD13-AS	NA	0	645	0
STARD3	NA	532	2847	8.15168
STARD3NL	NA	419	1744	10.4807
STARD4	NA	764	5576	5.97715
STARD4-AS1	NA	11	5525	0.0868528
STARD5	NA	3	1316	0.0994463
STARD6	NA	2	663	0.131595
STARD7	NA	4723	3379	60.9752
STARD7-AS1	NA	251	2483	4.40981
STARD8	NA	15	5133	0.12748
STARD9	NA	405	15584	1.1337
STAT1	NA	1533	4583	14.592
STAT2	NA	1040	4550	9.97115
STAT3	NA	2890	4973	25.3514
STAT4	NA	0	3089	0
STAT5A	NA	32	4489	0.310974
STAT5B	NA	590	5094	5.05262
STAT6	NA	1897	4267	19.394
STATH	NA	0	600	0
STAU1	NA	3093	3825	35.2754
STAU2	NA	789	5903	5.83079
STAU2-AS1	NA	5	2068	0.105473
STBD1	NA	127	2951	1.8774
STC1	NA	48	3877	0.540093
STC2	NA	82	5343	0.669502
STEAP1	NA	26	1313	0.863837
STEAP1B	NA	179	1692	4.61504
STEAP2	NA	10	7135	0.0611405
STEAP2-AS1	NA	0	627	0
STEAP3	NA	1143	4352	11.4573
STEAP3-AS1	NA	84	3218	1.13872
STEAP4	NA	0	4572	0
STH	NA	0	890	0
STIL	NA	824	5228	6.87567
STIM1	NA	395	4393	3.92247
STIM2	NA	763	5246	6.34482
STIP1	NA	6313	2904	94.8336
STK10	NA	918	6019	6.65337
STK11	NA	2116	3276	28.177
STK11IP	NA	665	3624	8.00491
STK16	NA	478	3127	6.66842
STK17A	NA	2135	3933	23.6808
STK17B	NA	4	5307	0.0328802
STK19	NA	16667	12445	58.4233
STK24	NA	2360	4986	20.6482
STK25	NA	5269	3164	72.6465
STK26	NA	220	3336	2.87687
STK3	NA	386	3338	5.04457
STK31	NA	7	3759	0.0812361
STK32A	NA	3	5309	0.0246508
STK32B	NA	139	3620	1.67506
STK32C	NA	307	2119	6.3202
STK33	NA	332	3014	4.80527
STK35	NA	1230	6411	8.36956
STK36	NA	983	4935	8.6894
STK38	NA	1457	3631	17.5048
STK38L	NA	398	5096	3.40704
STK39	NA	107	3274	1.4257
STK4	NA	1196	6330	8.24234
STK4-AS1	NA	0	2116	0
STK40	NA	1730	3909	19.3065
STKLD1	NA	53	3959	0.584001
STMN1	NA	12531	3602	151.763
STMN2	NA	0	2305	0
STMN3	NA	4785	2732	76.4055
STMN4	NA	2	2395	0.036429
STMND1	NA	0	1322	0
STOM	NA	1750	3328	22.9392
STOML1	NA	95	2244	1.84682
STOML2	NA	8410	1431	256.377
STOML3	NA	0	1998	0
STON1	NA	23	5633	0.178119
STON1-GTF2A1L	NA	8	4132	0.0844604
STON2	NA	1	13046	0.00334384
STOX1	NA	19	3593	0.230685
STOX2	NA	0	4654	0
STPG1	NA	329	3047	4.71028
STPG2	NA	0	1654	0
STPG2-AS1	NA	0	537	0
STRA13	NA	1049	796	57.4891
STRA6	NA	461	5340	3.76602
STRA8	NA	0	993	0
STRADA	NA	601	2883	9.09396
STRADB	NA	1757	2322	33.009
STRAP	NA	4022	1905	92.1023
STRBP	NA	1160	6607	7.65909
STRC	NA	57	5515	0.450871
STRIP1	NA	853	3458	10.7609
STRIP2	NA	890	5702	6.80904
STRN	NA	829	14110	2.56301
STRN3	NA	944	4222	9.75387
STRN4	NA	3708	3210	50.3916
STS	NA	126	6377	0.861941
STT3A	NA	1813	4314	18.3333
STT3B	NA	3112	4537	29.9222
STUB1	NA	1906	1695	49.0542
STX10	NA	1252	1393	39.2082
STX11	NA	0	5504	0
STX12	NA	328	3079	4.64716
STX16	NA	3002	4967	26.3657
STX16-NPEPL1	NA	836	4048	9.00926
STX17	NA	637	6908	4.02263
STX17-AS1	NA	12	552	0.948343
STX18	NA	2780	2157	56.2235
STX18-AS1	NA	128	2478	2.25337
STX18-IT1	NA	1	542	0.0804867
STX19	NA	0	1156	0
STX1A	NA	241	2125	4.94745
STX1B	NA	1455	4674	13.5799
STX2	NA	859	3465	10.8147
STX3	NA	2904	6475	19.565
STX4	NA	1235	1951	27.6142
STX5	NA	1158	1872	26.9852
STX6	NA	1385	5072	11.9122
STX7	NA	270	4270	2.75841
STX8	NA	613	968	27.6254
STXBP1	NA	851	3967	9.35816
STXBP2	NA	30	1984	0.659634
STXBP3	NA	522	2503	9.09773
STXBP4	NA	148	6046	1.06787
STXBP5	NA	708	9352	3.30257
STXBP5-AS1	NA	46	3072	0.653221
STXBP5L	NA	2	9365	0.00931634
STXBP6	NA	22	4967	0.19322
STYK1	NA	3	2995	0.0436966
STYX	NA	959	4863	8.60276
STYXL1	NA	604	1416	18.6079
SUB1	NA	2839	3507	35.3145
SUCLA2	NA	1417	2164	28.5651
SUCLG1	NA	1697	1457	50.8096
SUCLG2	NA	1782	2663	29.1917
SUCLG2-AS1	NA	19	2626	0.315633
SUCNR1	NA	0	1650	0
SUCO	NA	1650	6109	11.7825
SUDS3	NA	1366	4728	12.6037
SUFU	NA	413	5346	3.37011
SUGCT	NA	236	1728	5.95788
SUGP1	NA	1544	2089	32.2428
SUGP2	NA	3080	5030	26.712
SUGT1	NA	1108	1786	27.0633
SUGT1P1	NA	5	769	0.28364
SUGT1P3	NA	3	1049	0.124758
SULF1	NA	1	6043	0.00721889
SULF2	NA	4358	4451	42.7123
SULT1A1	NA	470	2236	9.16958
SULT1A2	NA	195	1398	6.08486
SULT1A3	NA	1558	2798	24.2909
SULT1A4	NA	1558	2798	24.2909
SULT1B1	NA	0	1309	0
SULT1C2	NA	2	2890	0.0301895
SULT1C2P1	NA	0	1874	0
SULT1C3	NA	0	915	0
SULT1C4	NA	0	1664	0
SULT1E1	NA	0	1780	0
SULT2A1	NA	10	1987	0.219546
SULT2B1	NA	10	1405	0.310489
SULT4A1	NA	542	2465	9.59192
SULT6B1	NA	0	934	0
SUMF1	NA	326	2161	6.58091
SUMF2	NA	2203	2054	46.7883
SUMO1	NA	4921	1527	140.585
SUMO1P1	NA	5	1209	0.180413
SUMO1P3	NA	1958	1206	70.8253
SUMO2	NA	4748	1066	194.302
SUMO3	NA	1196	1921	27.1598
SUMO4	NA	1	688	0.0634066
SUN1	NA	1397	4645	13.12
SUN2	NA	464	4320	4.68552
SUN3	NA	2	1534	0.0568758
SUN5	NA	0	1252	0
SUOX	NA	724	2462	12.8284
SUPT16H	NA	8955	4684	83.4011
SUPT20H	NA	1353	3550	16.6262
SUPT20HL1	NA	1	2664	0.0163753
SUPT20HL2	NA	0	2454	0
SUPT3H	NA	433	4509	4.1892
SUPT4H1	NA	1865	1530	53.1754
SUPT5H	NA	3635	3868	40.996
SUPT6H	NA	4325	5877	32.1036
SUPT7L	NA	2194	4740	20.1921
SUPV3L1	NA	1195	2647	19.6941
SURF1	NA	412	1043	17.232
SURF2	NA	541	845	27.9295
SURF4	NA	6006	3399	77.0828
SURF6	NA	3545	2330	66.3718
SUSD1	NA	87	3082	1.23143
SUSD2	NA	0	3183	0
SUSD3	NA	0	1326	0
SUSD4	NA	1	3218	0.0135562
SUSD5	NA	450	5005	3.92222
SUSD6	NA	303	5393	2.45096
SUV39H1	NA	442	3054	6.31359
SUV39H2	NA	648	3340	8.46353
SUV420H1	NA	1128	7394	6.65507
SUV420H2	NA	525	2309	9.91879
SUZ12	NA	1405	4477	13.6903
SUZ12P1	NA	168	728	10.067
SV2A	NA	1187	4549	11.383
SV2B	NA	0	11700	0
SV2C	NA	151	11603	0.567714
SVEP1	NA	0	12343	0
SVIL	NA	1403	8547	7.16089
SVIL-AS1	NA	2099	8048	11.3775
SVILP1	NA	12	1683	0.311043
SVIP	NA	62	1389	1.94721
SVOP	NA	13	6266	0.0905058
SVOPL	NA	3	1819	0.0719468
SWAP70	NA	2323	4882	20.7575
SWI5	NA	353	981	15.6974
SWSAP1	NA	206	1662	5.40704
SWT1	NA	218	3945	2.41064
SYAP1	NA	1245	3525	15.4075
SYBU	NA	500	4539	4.80544
SYCE1	NA	1	1839	0.0237215
SYCE1L	NA	14	877	0.696389
SYCE2	NA	32	933	1.49621
SYCE3	NA	9	442	0.888267
SYCN	NA	0	482	0
SYCP1	NA	0	3627	0
SYCP2	NA	144	5480	1.14632
SYCP2L	NA	52	3129	0.724972
SYCP3	NA	10	1129	0.386393
SYDE1	NA	1237	3303	16.3375
SYDE2	NA	155	4711	1.4353
SYF2	NA	1926	1777	47.2816
SYK	NA	0	5362	0
SYMPK	NA	4865	4188	50.6757
SYN1	NA	77	3210	1.04643
SYN2	NA	1	5705	0.00764659
SYN3	NA	0	3144	0
SYNC	NA	2952	3493	36.8673
SYNCRIP	NA	8384	8334	43.8855
SYNDIG1	NA	0	2523	0
SYNDIG1L	NA	1	2607	0.0167333
SYNE1	NA	172	27888	0.269051
SYNE1-AS1	NA	0	717	0
SYNE2	NA	331	22269	0.648411
SYNE3	NA	13	3275	0.173163
SYNE4	NA	41	1564	1.14359
SYNGAP1	NA	1381	12020	5.01202
SYNGR1	NA	592	5357	4.82085
SYNGR2	NA	1513	1694	38.9627
SYNGR3	NA	513	2051	10.9113
SYNGR4	NA	1	1015	0.0429791
SYNJ1	NA	200	7211	1.20992
SYNJ2	NA	991	7564	5.71538
SYNJ2-IT1	NA	1	599	0.0728277
SYNJ2BP	NA	911	7060	5.62907
SYNJ2BP-COX16	NA	1538	2027	33.0998
SYNM	NA	3204	7354	19.0061
SYNPO	NA	261	8251	1.37993
SYNPO2	NA	0	14041	0
SYNPO2L	NA	1	5086	0.00857723
SYNPR	NA	2	2987	0.0292091
SYNPR-AS1	NA	0	558	0
SYNRG	NA	1078	8240	5.70709
SYP	NA	273	2433	4.8949
SYP-AS1	NA	1	669	0.0652074
SYPL1	NA	1661	2469	29.3475
SYPL2	NA	49	3779	0.565643
SYS1	NA	656	5399	5.30046
SYS1-DBNDD2	NA	125	1344	4.05727
SYT1	NA	11	5327	0.090081
SYT10	NA	1	3286	0.0132756
SYT11	NA	517	5280	4.27149
SYT12	NA	26	3718	0.305061
SYT13	NA	0	5375	0
SYT14	NA	1109	5388	8.97898
SYT14P1	NA	2	2628	0.0331992
SYT15	NA	26	5693	0.19923
SYT16	NA	0	3137	0
SYT17	NA	13	3375	0.168032
SYT2	NA	22	7779	0.123374
SYT3	NA	141	3099	1.98482
SYT4	NA	0	4096	0
SYT5	NA	234	2187	4.66756
SYT6	NA	0	4593	0
SYT7	NA	224	6532	1.49598
SYT8	NA	3	1574	0.0831457
SYT9	NA	4	3958	0.0440867
SYTL1	NA	459	1966	10.1848
SYTL2	NA	240	5044	2.07568
SYTL3	NA	13	2896	0.195825
SYTL4	NA	10	4053	0.107633
SYTL5	NA	0	4883	0
SYVN1	NA	891	3051	12.7397
SZRD1	NA	3990	3766	46.2185
SZT2	NA	1357	13979	4.23474
T	NA	0	2484	0
TAAR1	NA	0	1020	0
TAAR2	NA	0	1056	0
TAAR3	NA	0	1078	0
TAAR5	NA	0	1147	0
TAAR6	NA	0	1038	0
TAAR8	NA	0	1029	0
TAAR9	NA	0	1049	0
TAB1	NA	982	3862	11.0923
TAB2	NA	1803	5029	15.64
TAB3	NA	433	6787	2.78313
TAC1	NA	0	1188	0
TAC3	NA	1221	955	55.7745
TAC4	NA	6	675	0.387767
TACC1	NA	648	8288	3.41074
TACC2	NA	550	10737	2.23462
TACC3	NA	3484	2837	53.5725
TACO1	NA	969	1469	28.7757
TACR1	NA	8	4993	0.0698959
TACR2	NA	0	2416	0
TACR3	NA	0	1753	0
TACSTD2	NA	3	2072	0.0631618
TADA1	NA	591	2247	11.4738
TADA2A	NA	143	2016	3.09434
TADA2B	NA	545	4310	5.51623
TADA3	NA	1629	3419	20.7848
TAF1	NA	1046	9871	4.62268
TAF10	NA	2148	817	114.693
TAF11	NA	1197	1562	33.43
TAF12	NA	1094	1450	32.9134
TAF13	NA	266	577	20.1108
TAF15	NA	4404	2191	87.6856
TAF1A	NA	346	2281	6.6172
TAF1A-AS1	NA	17	956	0.775737
TAF1B	NA	313	2299	5.93921
TAF1C	NA	1971	4202	20.4623
TAF1D	NA	1047	1311	34.8391
TAF1L	NA	112	6216	0.786014
TAF2	NA	1328	5020	11.5403
TAF3	NA	558	3298	7.38086
TAF4	NA	656	4628	6.18349
TAF4B	NA	595	4448	5.83546
TAF5	NA	701	3268	9.35749
TAF5L	NA	937	6115	6.68446
TAF6	NA	2708	2952	40.018
TAF6L	NA	512	2115	10.5605
TAF7	NA	4059	2295	77.1542
TAF7L	NA	30	2469	0.530058
TAF8	NA	518	4323	5.22718
TAF9	NA	2966	1582	81.7877
TAF9B	NA	505	2689	8.19264
TAGAP	NA	3	4197	0.0311821
TAGLN	NA	6867	1557	192.398
TAGLN2	NA	567	1754	14.1019
TAGLN3	NA	0	1576	0
TAL1	NA	6	5103	0.0512919
TAL2	NA	3	648	0.201962
TALDO1	NA	1607	1243	56.3986
TAMM41	NA	626	2600	10.5033
TANC1	NA	276	7512	1.60279
TANC2	NA	282	11747	1.04724
TANGO2	NA	199	2864	3.03112
TANGO6	NA	608	4818	5.50503
TANK	NA	251	2335	4.68932
TAOK1	NA	2000	12081	7.22188
TAOK2	NA	1741	6561	11.5758
TAOK3	NA	168	4384	1.67171
TAP1	NA	1689	24523	3.00455
TAP2	NA	1358	47726	1.24127
TAPBP	NA	1824	20421	3.89647
TAPBPL	NA	42	1818	1.00781
TAPT1	NA	280	4588	2.66231
TAPT1-AS1	NA	375	2547	6.42282
TARBP1	NA	1532	5130	13.0276
TARBP2	NA	1013	1988	22.2288
TARDBP	NA	6541	4217	67.665
TARID	NA	0	2984	0
TARM1	NA	0	897	0
TARP	NA	0	1027	0
TARS	NA	3182	3166	43.8442
TARS2	NA	1085	2789	16.9709
TARSL2	NA	290	3294	3.84059
TAS1R1	NA	9	2795	0.14047
TAS1R2	NA	1	2521	0.0173042
TAS1R3	NA	4	2559	0.0681888
TAS2R1	NA	0	1355	0
TAS2R10	NA	0	924	0
TAS2R13	NA	1	1637	0.0266486
TAS2R14	NA	25	954	1.14318
TAS2R16	NA	0	996	0
TAS2R19	NA	17	1002	0.740124
TAS2R20	NA	43	1914	0.980053
TAS2R3	NA	0	1101	0
TAS2R30	NA	1	960	0.0454414
TAS2R31	NA	6	1021	0.256359
TAS2R38	NA	0	1143	0
TAS2R39	NA	0	1017	0
TAS2R4	NA	5	900	0.242354
TAS2R40	NA	0	972	0
TAS2R41	NA	0	924	0
TAS2R42	NA	0	945	0
TAS2R43	NA	0	1027	0
TAS2R46	NA	2	930	0.0938146
TAS2R5	NA	11	1150	0.417271
TAS2R50	NA	0	1000	0
TAS2R60	NA	0	957	0
TAS2R7	NA	0	1096	0
TAS2R8	NA	0	930	0
TAS2R9	NA	0	1075	0
TASP1	NA	141	2351	2.61631
TAT	NA	2	2757	0.0316458
TAT-AS1	NA	8	810	0.430852
TATDN1	NA	608	1148	23.1039
TATDN2	NA	1468	4907	13.0507
TATDN3	NA	258	2609	4.31389
TAX1BP1	NA	1506	3668	17.911
TAX1BP3	NA	3010	1383	94.944
TAZ	NA	427	2086	8.9297
TBATA	NA	0	1583	0
TBC1D1	NA	959	6896	6.06659
TBC1D10A	NA	416	2018	8.99281
TBC1D10B	NA	1483	3288	19.6758
TBC1D10C	NA	10	1995	0.218666
TBC1D12	NA	191	5749	1.44932
TBC1D13	NA	799	3903	8.93041
TBC1D14	NA	1753	5316	14.3853
TBC1D15	NA	743	5888	5.50483
TBC1D16	NA	1124	11303	4.33806
TBC1D17	NA	714	2372	13.1313
TBC1D19	NA	67	3117	0.937694
TBC1D2	NA	570	3683	6.75144
TBC1D20	NA	945	4469	9.22454
TBC1D21	NA	0	1249	0
TBC1D22A	NA	485	5031	4.20543
TBC1D22A-AS1	NA	3	1951	0.0670791
TBC1D22B	NA	630	3591	7.65329
TBC1D23	NA	476	3886	5.34352
TBC1D24	NA	450	6595	2.9766
TBC1D25	NA	301	3812	3.44458
TBC1D26	NA	1	1869	0.0233407
TBC1D28	NA	1	1978	0.0220545
TBC1D29	NA	1	668	0.065305
TBC1D2B	NA	683	6067	4.911
TBC1D3	NA	582	2260	11.2341
TBC1D30	NA	150	7824	0.836345
TBC1D31	NA	224	3504	2.78873
TBC1D32	NA	221	6088	1.58358
TBC1D3B	NA	486	2110	10.0479
TBC1D3C	NA	582	2105	12.0613
TBC1D3F	NA	1890	6237	13.2193
TBC1D3H	NA	1879	6405	12.7977
TBC1D3K	NA	581	2065	12.2738
TBC1D3L	NA	581	2079	12.1912
TBC1D3P1-DHX40P1	NA	222	1129	8.57793
TBC1D3P2	NA	138	2062	2.91953
TBC1D3P5	NA	1	3083	0.0141498
TBC1D4	NA	48	6372	0.328616
TBC1D5	NA	1116	8084	6.02228
TBC1D7	NA	370	1327	12.1634
TBC1D8	NA	147	4147	1.54635
TBC1D8B	NA	4	6299	0.027702
TBC1D9	NA	324	5486	2.57639
TBC1D9B	NA	2836	5165	23.953
TBCA	NA	4856	2447	86.5701
TBCB	NA	1909	1577	52.8077
TBCC	NA	990	1651	26.1584
TBCCD1	NA	352	3152	4.87169
TBCD	NA	1451	4432	14.2821
TBCE	NA	733	2223	14.3843
TBCEL	NA	442	4039	4.77388
TBCK	NA	319	5558	2.50378
TBK1	NA	765	3087	10.8106
TBKBP1	NA	2110	4134	22.2656
TBL1X	NA	555	6018	4.02313
TBL1XR1	NA	1767	6550	11.7684
TBL1Y	NA	1	2407	0.0181237
TBL2	NA	1334	3038	19.1554
TBL3	NA	1111	2594	18.6839
TBP	NA	499	1904	11.4329
TBPL1	NA	602	1889	13.9023
TBPL2	NA	0	1295	0
TBR1	NA	1	3186	0.0136923
TBRG1	NA	670	5162	5.66213
TBRG4	NA	3746	2276	71.7991
TBX1	NA	1708	2804	26.5725
TBX10	NA	2	1548	0.0563615
TBX15	NA	630	3495	7.86351
TBX18	NA	0	6066	0
TBX19	NA	12	2822	0.185502
TBX2	NA	1336	3380	17.243
TBX2-AS1	NA	123	979	5.48082
TBX20	NA	0	1828	0
TBX21	NA	3	2572	0.0508831
TBX22	NA	0	2443	0
TBX3	NA	7	4783	0.0638441
TBX4	NA	11	2470	0.194276
TBX5	NA	0	4362	0
TBX5-AS1	NA	0	3638	0
TBX6	NA	3	1802	0.0726256
TBXA2R	NA	143	2601	2.39839
TBXAS1	NA	0	2695	0
TC2N	NA	7	5496	0.0555616
TCAF1	NA	1885	5960	13.7971
TCAF2	NA	4	6032	0.0289282
TCAF2P1	NA	3	2268	0.0577034
TCAIM	NA	654	5471	5.21476
TCAM1P	NA	0	3317	0
TCAP	NA	15	963	0.679498
TCEA1	NA	3627	3163	50.0232
TCEA2	NA	259	2363	4.78145
TCEA3	NA	32	1750	0.797692
TCEAL1	NA	101	1280	3.44219
TCEAL2	NA	1	1101	0.039622
TCEAL3	NA	80	1125	3.10213
TCEAL4	NA	2077	2118	42.7793
TCEAL5	NA	4	1166	0.149653
TCEAL6	NA	21	1532	0.597976
TCEAL7	NA	5	1184	0.184222
TCEAL8	NA	1855	1212	66.7674
TCEANC	NA	38	3407	0.486558
TCEANC2	NA	397	7499	2.30946
TCEB1	NA	2261	2330	42.3319
TCEB2	NA	7066	990	311.359
TCEB3	NA	3817	4943	33.6864
TCEB3-AS1	NA	367	1084	14.7693
TCEB3B	NA	2	3046	0.0286433
TCEB3C	NA	2	3754	0.0232412
TCEB3CL	NA	3	4923	0.0265837
TCEB3CL2	NA	2	3754	0.0232412
TCERG1	NA	2619	4201	27.1961
TCERG1L	NA	0	2617	0
TCERG1L-AS1	NA	0	472	0
TCF12	NA	1425	4963	12.5255
TCF15	NA	13	1227	0.462192
TCF19	NA	449	22121	0.885452
TCF20	NA	1660	7309	9.90771
TCF21	NA	0	3653	0
TCF23	NA	0	786	0
TCF24	NA	16	2450	0.28489
TCF25	NA	1756	2259	33.9103
TCF3	NA	5129	4678	47.8295
TCF4	NA	6	10834	0.0241594
TCF7	NA	360	4188	3.74989
TCF7L1	NA	804	2918	12.0197
TCF7L2	NA	374	4326	3.77145
TCFL5	NA	652	3952	7.19704
TCHH	NA	43	6995	0.268166
TCHHL1	NA	0	3603	0
TCHP	NA	374	3310	4.92909
TCIRG1	NA	66	3041	0.946784
TCL1A	NA	0	1620	0
TCL1B	NA	0	1166	0
TCL6	NA	0	3307	0
TCN1	NA	0	1567	0
TCN2	NA	269	2072	5.66351
TCOF1	NA	8110	5994	59.0238
TCONS_00029157	NA	2	2890	0.0301895
TCP1	NA	11039	2453	196.316
TCP10	NA	0	1273	0
TCP10L	NA	12	2697	0.194099
TCP10L2	NA	0	2185	0
TCP11	NA	3	2135	0.061298
TCP11L1	NA	172	3009	2.49362
TCP11L2	NA	13	2769	0.204806
TCP11X2	NA	0	1747	0
TCTA	NA	593	2147	12.0489
TCTE1	NA	15	1683	0.388804
TCTE3	NA	14	747	0.817581
TCTEX1D1	NA	0	2264	0
TCTEX1D2	NA	505	679	32.4448
TCTEX1D4	NA	112	1268	3.8532
TCTN1	NA	202	2229	3.95334
TCTN2	NA	228	2912	3.4156
TCTN3	NA	1664	2739	26.5024
TDG	NA	888	3244	11.9414
TDGF1	NA	0	2192	0
TDGF1P3	NA	0	2710	0
TDH	NA	0	1357	0
TDO2	NA	617	1703	15.805
TDP1	NA	756	3747	8.80159
TDP2	NA	1800	1925	40.7911
TDRD1	NA	0	4510	0
TDRD10	NA	1	2529	0.0172494
TDRD12	NA	2	1617	0.0539564
TDRD15	NA	0	7160	0
TDRD3	NA	310	3137	4.31092
TDRD5	NA	1	4290	0.0101687
TDRD6	NA	0	8977	0
TDRD7	NA	24	3762	0.278302
TDRD9	NA	6	4764	0.0549418
TDRG1	NA	0	1085	0
TDRKH	NA	422	3263	5.64181
TDRP	NA	1253	3423	15.9686
TEAD1	NA	1915	9416	8.87208
TEAD2	NA	1225	2328	22.9549
TEAD3	NA	1354	2991	19.7481
TEAD4	NA	754	2161	15.2209
TEC	NA	3	3620	0.0361523
TECPR1	NA	309	5745	2.34634
TECPR2	NA	499	9068	2.40056
TECR	NA	1458	1231	51.6681
TECRL	NA	0	2814	0
TECTA	NA	14	6468	0.0944238
TECTB	NA	6	2791	0.093781
TEDDM1	NA	0	2500	0
TEF	NA	406	4663	3.79825
TEFM	NA	424	1339	13.8137
TEK	NA	0	4771	0
TEKT1	NA	0	1413	0
TEKT2	NA	4	1509	0.115636
TEKT3	NA	1	1784	0.0244528
TEKT4	NA	6	2218	0.118008
TEKT4P2	NA	247	2911	3.7015
TEKT5	NA	2	1609	0.0542247
TELO2	NA	1499	3328	19.649
TEN1	NA	155	997	6.78203
TEN1-CDK3	NA	226	3330	2.96065
TENM1	NA	0	12893	0
TENM2	NA	61	9645	0.275899
TENM3	NA	0	10810	0
TENM4	NA	261	13548	0.840405
TEP1	NA	459	10694	1.87239
TEPP	NA	2	1621	0.0538233
TERC	NA	4	451	0.386907
TERF1	NA	813	2960	11.9818
TERF2	NA	1007	2983	14.7265
TERF2IP	NA	2429	2178	48.6511
TERT	NA	133	4013	1.44579
TES	NA	0	2858	0
TESC	NA	247	1024	10.5225
TESC-AS1	NA	0	465	0
TESK1	NA	748	2516	12.9692
TESK2	NA	251	3076	3.55968
TESPA1	NA	1	4140	0.0105371
TET1	NA	185	9584	0.84207
TET2	NA	300	15321	0.854196
TET2-AS1	NA	1	754	0.0578565
TET3	NA	605	11387	2.31776
TEX10	NA	9028	3274	120.292
TEX101	NA	10	1739	0.250856
TEX11	NA	5	3140	0.0694646
TEX12	NA	4	1144	0.152531
TEX13A	NA	0	1396	0
TEX13B	NA	0	1248	0
TEX14	NA	97	4946	0.855541
TEX15	NA	72	10112	0.310612
TEX19	NA	35	1936	0.788653
TEX2	NA	440	5270	3.64221
TEX21P	NA	4	1045	0.166981
TEX22	NA	168	2571	2.85056
TEX26	NA	0	998	0
TEX26-AS1	NA	0	2190	0
TEX261	NA	2064	3367	26.7417
TEX264	NA	620	1877	14.4096
TEX28	NA	2	1621	0.0538233
TEX29	NA	7	951	0.3211
TEX30	NA	548	1397	17.1123
TEX33	NA	0	1049	0
TEX35	NA	0	1391	0
TEX36	NA	0	922	0
TEX36-AS1	NA	1	749	0.0582427
TEX37	NA	5	796	0.274019
TEX38	NA	4	851	0.205047
TEX40	NA	9	744	0.527707
TEX41	NA	0	4786	0
TEX43	NA	0	459	0
TEX9	NA	61	1782	1.49329
TF	NA	2	2791	0.0312603
TFAM	NA	1727	5369	14.0321
TFAMP1	NA	7	2223	0.137367
TFAP2A	NA	733	4252	7.52028
TFAP2A-AS1	NA	45	1304	1.50542
TFAP2B	NA	0	5770	0
TFAP2C	NA	15	2865	0.228397
TFAP2D	NA	0	2040	0
TFAP2E	NA	6	2187	0.119681
TFAP4	NA	440	2140	8.96937
TFB1M	NA	428	2802	6.66345
TFB2M	NA	853	1786	20.8349
TFCP2	NA	1312	3715	15.4063
TFCP2L1	NA	51	9286	0.239588
TFDP1	NA	2836	2694	45.9232
TFDP2	NA	1417	10141	6.09554
TFDP3	NA	23	1680	0.59723
TFE3	NA	1673	3450	21.1544
TFEB	NA	248	2735	3.95565
TFEC	NA	7	6829	0.0447161
TFF1	NA	0	492	0
TFF2	NA	0	707	0
TFF3	NA	0	1054	0
TFG	NA	3007	2114	62.0514
TFIP11	NA	2057	2926	30.6678
TFPI	NA	5452	4141	57.4346
TFPI2	NA	29	2444	0.517631
TFPT	NA	1225	1205	44.3478
TFR2	NA	117	2982	1.7116
TFRC	NA	5345	5295	44.0357
TG	NA	8	8453	0.041286
TGDS	NA	537	1996	11.7365
TGFA	NA	0	4765	0
TGFA-IT1	NA	0	492	0
TGFB1	NA	2344	2583	39.5873
TGFB1I1	NA	2	1866	0.0467565
TGFB2	NA	17	5954	0.124556
TGFB2-AS1	NA	0	557	0
TGFB2-OT1	NA	7	1370	0.222895
TGFB3	NA	30	3458	0.37846
TGFBI	NA	0	2805	0
TGFBR1	NA	616	6527	4.11709
TGFBR2	NA	5	4703	0.0463787
TGFBR3	NA	1326	6802	8.50413
TGFBR3L	NA	14	1256	0.486252
TGFBRAP1	NA	1133	5683	8.69712
TGIF1	NA	4169	4131	44.0251
TGIF2	NA	841	3624	10.1235
TGIF2-C20orf24	NA	1772	1090	70.9186
TGIF2LX	NA	0	847	0
TGIF2LY	NA	0	861	0
TGM1	NA	50	2777	0.785448
TGM2	NA	1711	4085	18.2718
TGM3	NA	0	2677	0
TGM4	NA	1	2999	0.0145461
TGM5	NA	0	2767	0
TGM6	NA	0	2292	0
TGM7	NA	0	2312	0
TGOLN2	NA	2274	6424	15.4422
TGS1	NA	1779	3692	21.0202
TH	NA	2	1910	0.0456793
TH2LCRR	NA	158	929	7.41933
THADA	NA	2925	6786	18.8034
THAP1	NA	286	2167	5.75745
THAP10	NA	76	2047	1.61964
THAP11	NA	1086	1886	25.1195
THAP2	NA	87	4840	0.784146
THAP3	NA	2937	2972	43.11
THAP4	NA	3135	2318	58.9994
THAP5	NA	424	3789	4.88163
THAP6	NA	247	3578	3.01148
THAP7	NA	809	1242	28.4152
THAP7-AS1	NA	174	2971	2.55488
THAP8	NA	139	1825	3.32258
THAP9	NA	129	4038	1.39363
THAP9-AS1	NA	1373	2308	25.9512
THBD	NA	0	4032	0
THBS1	NA	33	7243	0.198755
THBS2	NA	26	5881	0.192861
THBS3	NA	2912	3316	38.3089
THBS4	NA	35	3636	0.419921
THCAT155	NA	0	5979	0
THCAT158	NA	1	776	0.0562162
THEG	NA	5	1326	0.164494
THEG5	NA	0	1696	0
THEGL	NA	0	1466	0
THEM4	NA	0	5171	0
THEM5	NA	0	1146	0
THEM6	NA	101	2264	1.94611
THEMIS	NA	0	4187	0
THEMIS2	NA	12	2724	0.192175
THG1L	NA	428	1305	14.3073
THNSL1	NA	292	3770	3.37882
THNSL2	NA	0	2317	0
THOC1	NA	1137	2120	23.3963
THOC2	NA	2042	5610	15.8787
THOC3	NA	2821	1601	76.8661
THOC5	NA	2430	2754	38.4916
THOC6	NA	515	1420	15.8213
THOC7	NA	1227	1278	41.8829
THOC7-AS1	NA	3	673	0.19446
THOP1	NA	3332	2550	57.0017
THPO	NA	4	2186	0.0798239
THRA	NA	112	3496	1.39756
THRA1/BTR	NA	0	728	0
THRAP3	NA	3831	4431	37.7167
THRB	NA	1	7684	0.00567722
THRB-AS1	NA	0	885	0
THRIL	NA	175	1981	3.85369
THRSP	NA	30	1180	1.10908
THSD1	NA	83	3347	1.0818
THSD4	NA	79	9425	0.365653
THSD4-AS1	NA	0	835	0
THSD4-AS2	NA	0	2139	0
THSD7A	NA	7	10585	0.028849
THSD7B	NA	0	5845	0
THTPA	NA	242	2675	3.94652
THUMPD1	NA	1523	4503	14.7544
THUMPD2	NA	578	2345	10.7525
THUMPD3	NA	648	3980	7.10256
THUMPD3-AS1	NA	233	1860	5.4647
THY1	NA	775	2397	14.1045
THYN1	NA	1117	1321	36.887
TIA1	NA	1527	4653	14.3162
TIAF1	NA	773	2089	16.1423
TIAL1	NA	3058	3942	33.8411
TIAM1	NA	9	7198	0.0545449
TIAM2	NA	59	6044	0.425844
TICAM1	NA	0	2722	0
TICAM2	NA	181	3203	2.46516
TICRR	NA	773	6669	5.05641
TIE1	NA	4	3982	0.043821
TIFA	NA	21	3073	0.298112
TIFAB	NA	13	1273	0.44549
TIGAR	NA	1589	8225	8.42774
TIGD1	NA	300	2621	4.99318
TIGD2	NA	827	2085	17.3031
TIGD3	NA	40	1966	0.887564
TIGD4	NA	33	2472	0.582356
TIGD5	NA	531	2412	9.60374
TIGD6	NA	143	4547	1.37194
TIGD7	NA	464	3430	5.90129
TIGIT	NA	1	2968	0.014698
TIMD4	NA	1	1369	0.0318654
TIMELESS	NA	2106	5138	17.8808
TIMM10	NA	918	674	59.4164
TIMM10B	NA	1647	2842	25.2809
TIMM13	NA	3192	1995	69.798
TIMM17A	NA	2565	1659	67.4472
TIMM17B	NA	1237	1100	49.0569
TIMM21	NA	1295	1534	36.8271
TIMM22	NA	1527	1673	39.8168
TIMM23	NA	3271	1349	105.777
TIMM23B	NA	912	2639	15.0757
TIMM44	NA	2107	2000	45.9576
TIMM50	NA	2146	2572	36.3984
TIMM8A	NA	589	1806	14.2272
TIMM8B	NA	1993	1140	76.2651
TIMM9	NA	927	1336	30.2689
TIMMDC1	NA	1416	1593	38.7767
TIMP1	NA	4433	916	211.118
TIMP2	NA	1942	3655	23.1785
TIMP3	NA	8	5486	0.0636147
TIMP4	NA	0	1633	0
TINAG	NA	0	1804	0
TINAGL1	NA	94	2281	1.79774
TINCR	NA	31	3733	0.362265
TINF2	NA	738	2177	14.7884
TIPARP	NA	273	4530	2.62898
TIPARP-AS1	NA	11	2543	0.188699
TIPIN	NA	735	1280	25.0496
TIPRL	NA	946	3307	12.479
TIRAP	NA	67	2485	1.17617
TISP43	NA	0	2215	0
TJAP1	NA	729	3119	10.1961
TJP1	NA	2057	8557	10.4866
TJP2	NA	70	6663	0.458302
TJP3	NA	70	3335	0.915641
TK1	NA	1691	1595	46.2494
TK2	NA	490	6137	3.48308
TKFC	NA	354	4241	3.64131
TKT	NA	12584	3090	177.657
TKTL1	NA	10	2899	0.150479
TKTL2	NA	0	2801	0
TLCD1	NA	350	1197	12.7555
TLCD2	NA	105	5901	0.776224
TLDC1	NA	770	5031	6.67667
TLDC2	NA	86	2089	1.7959
TLE1	NA	672	4153	7.05879
TLE2	NA	417	2954	6.15813
TLE3	NA	1404	5910	10.3634
TLE4	NA	642	5401	5.18542
TLE6	NA	73	2017	1.57885
TLK1	NA	1144	6032	8.27347
TLK2	NA	1346	5513	10.6508
TLL1	NA	2	7777	0.0112187
TLL2	NA	134	6771	0.863327
TLN1	NA	4877	8434	25.2257
TLN2	NA	334	11649	1.25078
TLR1	NA	1	2851	0.0153012
TLR10	NA	0	3990	0
TLR2	NA	0	3402	0
TLR3	NA	1	3041	0.0143452
TLR4	NA	0	5781	0
TLR5	NA	7	4267	0.0715647
TLR6	NA	4	5887	0.0296407
TLR7	NA	4	4992	0.0349549
TLR8	NA	1	4353	0.0100215
TLR8-AS1	NA	33	1589	0.905969
TLR9	NA	5	3870	0.0563615
TLX1	NA	0	2130	0
TLX1NB	NA	0	3031	0
TLX2	NA	11	2152	0.222984
TLX3	NA	1	1493	0.0292189
TM2D1	NA	260	1250	9.07374
TM2D2	NA	1231	3641	14.7489
TM2D3	NA	695	2159	14.0429
TM4SF1	NA	43564	1691	1123.85
TM4SF1-AS1	NA	75	931	3.51427
TM4SF18	NA	718	3925	7.98009
TM4SF19	NA	8	1059	0.329547
TM4SF19-AS1	NA	12	2061	0.253996
TM4SF19-TCTEX1D2	NA	115	1008	4.97692
TM4SF20	NA	1	2294	0.0190165
TM4SF4	NA	5	1607	0.13573
TM4SF5	NA	1	708	0.0616155
TM6SF1	NA	39	1909	0.891214
TM6SF2	NA	16	1483	0.470654
TM7SF2	NA	233	1601	6.34874
TM7SF3	NA	3552	4343	35.6785
TM9SF1	NA	881	2843	13.5183
TM9SF2	NA	1796	3515	22.2897
TM9SF3	NA	6882	6140	48.8956
TM9SF4	NA	1929	3978	21.1539
TMA16	NA	1000	1918	22.7444
TMA7	NA	3274	463	308.476
TMBIM1	NA	1779	2349	33.0382
TMBIM4	NA	314	2003	6.83867
TMBIM6	NA	8651	3356	112.452
TMC1	NA	0	3201	0
TMC2	NA	3	3169	0.0412974
TMC3	NA	0	3303	0
TMC3-AS1	NA	0	1077	0
TMC4	NA	19	2481	0.33408
TMC5	NA	2	6076	0.0143594
TMC6	NA	841	2958	12.4028
TMC7	NA	96	5196	0.805982
TMC8	NA	15	4419	0.148078
TMCC1	NA	522	6724	3.38662
TMCC1-AS1	NA	203	3497	2.53235
TMCC2	NA	280	4614	2.6473
TMCC3	NA	155	6106	1.10738
TMCO1	NA	2571	4670	24.0164
TMCO2	NA	1	741	0.0588715
TMCO3	NA	990	3086	13.9947
TMCO4	NA	943	2974	13.8323
TMCO5A	NA	0	1245	0
TMCO5B	NA	0	857	0
TMCO6	NA	348	1911	7.94405
TMED1	NA	784	1866	18.3285
TMED10	NA	5457	4144	57.4457
TMED10P1	NA	118	4033	1.27637
TMED11P	NA	5	533	0.409229
TMED2	NA	3947	2126	80.9892
TMED3	NA	1709	3342	22.3079
TMED4	NA	2088	3782	24.0842
TMED5	NA	1195	6185	8.42852
TMED6	NA	22	940	1.02098
TMED7	NA	1254	4063	13.464
TMED7-TICAM2	NA	379	3773	4.38203
TMED8	NA	24	978	1.07052
TMED9	NA	4641	1393	145.34
TMEFF1	NA	2080	2486	36.4994
TMEFF2	NA	2	5781	0.0150921
TMEM100	NA	10	2388	0.182679
TMEM101	NA	429	2040	9.17382
TMEM102	NA	146	1973	3.22811
TMEM104	NA	693	4749	6.36582
TMEM105	NA	7	3319	0.0920055
TMEM106A	NA	4	3333	0.0523538
TMEM106B	NA	392	6514	2.62519
TMEM106C	NA	1298	1588	35.6572
TMEM107	NA	443	1775	10.8875
TMEM108	NA	11	4159	0.115379
TMEM108-AS1	NA	0	2338	0
TMEM109	NA	1371	2388	25.0453
TMEM11	NA	1189	1688	30.7279
TMEM110	NA	460	4736	4.23711
TMEM110-MUSTN1	NA	136	1459	4.06637
TMEM114	NA	0	1125	0
TMEM115	NA	1435	2095	29.8807
TMEM116	NA	83	1820	1.98944
TMEM117	NA	47	2999	0.683667
TMEM119	NA	3	2701	0.0484529
TMEM120A	NA	513	1471	15.2135
TMEM120B	NA	3567	7510	20.7198
TMEM121	NA	375	1519	10.7695
TMEM123	NA	3525	3590	42.8339
TMEM125	NA	0	1786	0
TMEM126A	NA	296	818	15.7856
TMEM126B	NA	968	1341	31.4898
TMEM127	NA	984	4593	9.34592
TMEM128	NA	527	1767	13.0106
TMEM129	NA	1281	2837	19.6976
TMEM130	NA	69	3065	0.982069
TMEM131	NA	1951	6642	12.8139
TMEM132A	NA	1066	3520	13.2111
TMEM132B	NA	340	11089	1.33755
TMEM132C	NA	0	4947	0
TMEM132D	NA	0	5777	0
TMEM132E	NA	0	4639	0
TMEM133	NA	0	1856	0
TMEM134	NA	446	1117	17.4183
TMEM135	NA	801	9080	3.84831
TMEM136	NA	576	4462	5.6314
TMEM138	NA	854	1842	20.2251
TMEM139	NA	7	2522	0.121081
TMEM140	NA	457	2055	9.70125
TMEM141	NA	1054	858	53.5891
TMEM143	NA	171	2560	2.91393
TMEM144	NA	569	3318	7.48099
TMEM145	NA	100	1779	2.45215
TMEM147	NA	2161	966	97.589
TMEM147-AS1	NA	902	1627	24.1848
TMEM14A	NA	176	1014	7.57178
TMEM14B	NA	1458	1810	35.14
TMEM14C	NA	2904	1187	106.726
TMEM14E	NA	0	1293	0
TMEM150A	NA	382	1554	10.7235
TMEM150B	NA	3	982	0.13327
TMEM150C	NA	27	1888	0.623857
TMEM151A	NA	32	2530	0.551763
TMEM151B	NA	990	4619	9.34998
TMEM154	NA	0	3216	0
TMEM155	NA	1	2316	0.0188358
TMEM156	NA	226	1934	5.09771
TMEM158	NA	64	1859	1.50184
TMEM159	NA	49	2329	0.917804
TMEM160	NA	1527	655	101.7
TMEM161A	NA	1465	1827	34.9802
TMEM161B	NA	388	3486	4.85543
TMEM161B-AS1	NA	94	1391	2.94798
TMEM163	NA	0	1893	0
TMEM164	NA	309	5708	2.36155
TMEM165	NA	926	2078	19.4397
TMEM167A	NA	4933	4587	46.9143
TMEM167B	NA	494	2750	7.83642
TMEM168	NA	495	7392	2.92123
TMEM169	NA	1	3461	0.0126044
TMEM17	NA	33	1925	0.747836
TMEM170A	NA	1047	5071	9.00692
TMEM170B	NA	310	8413	1.60744
TMEM171	NA	2	1266	0.0689159
TMEM173	NA	143	2207	2.82655
TMEM174	NA	0	1758	0
TMEM175	NA	381	2356	7.05461
TMEM176A	NA	2	1038	0.0840535
TMEM176B	NA	65	1673	1.69489
TMEM177	NA	1134	1738	28.4634
TMEM178A	NA	259	1830	6.17407
TMEM178B	NA	2	10557	0.00826443
TMEM179	NA	5	3651	0.0597422
TMEM179B	NA	686	1043	28.6921
TMEM18	NA	499	2124	10.2487
TMEM180	NA	131	2834	2.01648
TMEM181	NA	1715	5397	13.8623
TMEM182	NA	65	3588	0.790286
TMEM183A	NA	2318	2220	45.5495
TMEM183B	NA	2261	1689	58.3975
TMEM184A	NA	227	6276	1.57785
TMEM184B	NA	1417	3878	15.9399
TMEM184C	NA	498	2973	7.30731
TMEM185A	NA	305	3091	4.30451
TMEM185B	NA	1464	5938	10.7553
TMEM186	NA	448	1448	13.4969
TMEM187	NA	30	1667	0.785071
TMEM189	NA	2071	2399	37.6594
TMEM189-UBE2V1	NA	6534	2918	97.6826
TMEM19	NA	214	4658	2.00418
TMEM190	NA	38	593	2.79545
TMEM191A	NA	45	1958	1.00259
TMEM191B	NA	69	1334	2.2564
TMEM191C	NA	63	1307	2.10275
TMEM192	NA	579	4495	5.61917
TMEM196	NA	0	3364	0
TMEM198	NA	325	2578	5.49951
TMEM198B	NA	310	3502	3.86161
TMEM199	NA	896	3148	12.4164
TMEM2	NA	34	6523	0.227381
TMEM200A	NA	2	5592	0.0156022
TMEM200B	NA	841	2616	14.0243
TMEM200C	NA	1	1920	0.0227207
TMEM201	NA	1834	6542	12.2296
TMEM202	NA	0	1296	0
TMEM203	NA	1144	1556	32.073
TMEM204	NA	2	1910	0.0456793
TMEM205	NA	2732	1295	92.031
TMEM206	NA	700	2145	14.2362
TMEM207	NA	0	1448	0
TMEM208	NA	705	794	38.734
TMEM209	NA	606	3547	7.45306
TMEM210	NA	0	510	0
TMEM211	NA	0	507	0
TMEM212	NA	2	1881	0.0463836
TMEM212-AS1	NA	0	427	0
TMEM213	NA	0	3390	0
TMEM214	NA	1268	3040	18.1957
TMEM215	NA	0	5383	0
TMEM216	NA	23	1320	0.760111
TMEM217	NA	107	2897	1.61123
TMEM218	NA	464	4254	4.75821
TMEM219	NA	892	999	38.9514
TMEM220	NA	200	3092	2.82172
TMEM220-AS1	NA	41	1360	1.31513
TMEM221	NA	59	1930	1.33358
TMEM222	NA	827	1855	19.4484
TMEM223	NA	449	937	20.904
TMEM225	NA	0	1107	0
TMEM229A	NA	0	2554	0
TMEM229B	NA	20	4068	0.214473
TMEM230	NA	2549	1795	61.9482
TMEM231	NA	685	3125	9.56233
TMEM232	NA	7	3192	0.0956662
TMEM233	NA	0	1573	0
TMEM234	NA	336	1082	13.5468
TMEM235	NA	1	2491	0.0175126
TMEM236	NA	31	10909	0.123965
TMEM237	NA	1644	5763	12.4445
TMEM238	NA	1	662	0.0658969
TMEM239	NA	2	701	0.124462
TMEM240	NA	4	1117	0.156218
TMEM241	NA	243	2992	3.54297
TMEM242	NA	467	5065	4.02217
TMEM243	NA	811	1043	33.9203
TMEM244	NA	1	545	0.0800436
TMEM245	NA	953	7997	5.19863
TMEM246	NA	453	4543	4.34989
TMEM246-AS1	NA	8	864	0.403924
TMEM247	NA	0	680	0
TMEM248	NA	2075	4238	21.359
TMEM249	NA	170	1674	4.43013
TMEM25	NA	182	3010	2.63772
TMEM251	NA	528	1362	16.9114
TMEM252	NA	0	1243	0
TMEM253	NA	29	1526	0.829023
TMEM254	NA	407	2865	6.19716
TMEM254-AS1	NA	46	4046	0.49597
TMEM255A	NA	1	3497	0.0124746
TMEM255B	NA	8	1031	0.338497
TMEM256	NA	1265	481	114.728
TMEM256-PLSCR3	NA	894	2049	19.0335
TMEM257	NA	0	2443	0
TMEM258	NA	1553	411	164.836
TMEM259	NA	7447	2708	119.965
TMEM26	NA	81	5155	0.685456
TMEM26-AS1	NA	2	1703	0.0512317
TMEM260	NA	396	4263	4.05231
TMEM261	NA	945	2486	16.5826
TMEM262	NA	23	512	1.95966
TMEM263	NA	906	3369	11.7314
TMEM265	NA	200	2100	4.15465
TMEM27	NA	15	1580	0.41415
TMEM30A	NA	2176	4544	20.8903
TMEM30B	NA	1	4442	0.00982075
TMEM30C	NA	0	518	0
TMEM31	NA	1	732	0.0595953
TMEM33	NA	1953	7717	11.0402
TMEM35	NA	28	2070	0.59008
TMEM37	NA	146	1687	3.77538
TMEM38A	NA	13	1625	0.34899
TMEM38B	NA	303	3543	3.73074
TMEM39A	NA	697	5018	6.05934
TMEM39B	NA	541	1818	12.9816
TMEM40	NA	16	2280	0.306132
TMEM41A	NA	679	2827	10.4777
TMEM41B	NA	2060	4140	21.7065
TMEM42	NA	331	983	14.6892
TMEM43	NA	2073	3342	27.0593
TMEM44	NA	275	2520	4.76053
TMEM44-AS1	NA	59	1434	1.79484
TMEM45A	NA	74	1564	2.06404
TMEM45B	NA	25	2207	0.494152
TMEM47	NA	1	4054	0.0107607
TMEM5	NA	411	2289	7.83284
TMEM5-AS1	NA	48	563	3.71926
TMEM50A	NA	1515	2302	28.7098
TMEM50B	NA	665	3127	9.2772
TMEM51	NA	866	2238	16.8803
TMEM51-AS1	NA	76	6979	0.475055
TMEM52	NA	169	958	7.69563
TMEM52B	NA	2	3086	0.028272
TMEM53	NA	244	2363	4.50453
TMEM54	NA	409	993	17.9679
TMEM55A	NA	244	2403	4.42955
TMEM55B	NA	816	1848	19.2624
TMEM56	NA	43	7185	0.261075
TMEM56-RWDD3	NA	109	1489	3.19341
TMEM57	NA	1797	3977	19.7113
TMEM59	NA	1581	7035	9.80372
TMEM59L	NA	314	1619	8.46069
TMEM60	NA	425	873	21.2372
TMEM61	NA	2	1225	0.0712225
TMEM62	NA	89	2768	1.40264
TMEM63A	NA	258	4453	2.52749
TMEM63B	NA	586	3199	7.9911
TMEM63C	NA	126	5402	1.01751
TMEM64	NA	52	4819	0.470728
TMEM65	NA	13	4307	0.131671
TMEM67	NA	255	5103	2.17991
TMEM68	NA	616	4478	6.00095
TMEM69	NA	1431	1471	42.4375
TMEM70	NA	1185	2192	23.5831
TMEM71	NA	0	2138	0
TMEM72	NA	0	2901	0
TMEM72-AS1	NA	0	3300	0
TMEM74	NA	3	2087	0.0627079
TMEM74B	NA	90	2228	1.76218
TMEM75	NA	6	2165	0.120897
TMEM79	NA	181	2354	3.35425
TMEM80	NA	238	2237	4.64124
TMEM81	NA	79	1332	2.5873
TMEM82	NA	1	1265	0.0344852
TMEM86A	NA	45	3651	0.53768
TMEM86B	NA	168	1751	4.18549
TMEM87A	NA	809	5204	6.78164
TMEM87B	NA	512	5212	4.28537
TMEM88	NA	18	874	0.89843
TMEM88B	NA	26	492	2.30532
TMEM89	NA	3	480	0.272649
TMEM8A	NA	1559	3656	18.6022
TMEM8B	NA	228	4139	2.40305
TMEM8C	NA	2	818	0.10666
TMEM9	NA	3344	2471	59.036
TMEM91	NA	119	1423	3.64809
TMEM92	NA	23	2816	0.356302
TMEM92-AS1	NA	0	746	0
TMEM95	NA	0	1169	0
TMEM97	NA	2626	2568	44.609
TMEM98	NA	30	1867	0.700971
TMEM99	NA	332	2166	6.68656
TMEM9B	NA	820	2298	15.5664
TMEM9B-AS1	NA	24	1053	0.994274
TMF1	NA	1179	6879	7.47673
TMIE	NA	3	1861	0.0703231
TMIGD1	NA	0	1201	0
TMIGD2	NA	4	1266	0.137832
TMIGD3	NA	1	2308	0.0189011
TMLHE	NA	299	4126	3.1613
TMLHE-AS1	NA	13	1702	0.333202
TMOD1	NA	243	3426	3.09416
TMOD2	NA	9	9184	0.0427498
TMOD3	NA	855	4666	7.99364
TMOD4	NA	3	1322	0.0989949
TMPO	NA	4201	6993	26.2067
TMPO-AS1	NA	420	3161	5.79626
TMPPE	NA	40	3971	0.439424
TMPRSS11A	NA	0	2428	0
TMPRSS11B	NA	0	2645	0
TMPRSS11BNL	NA	0	1383	0
TMPRSS11D	NA	1	2783	0.0156751
TMPRSS11E	NA	8	4272	0.0816925
TMPRSS11F	NA	1	2077	0.0210033
TMPRSS11GP	NA	0	341	0
TMPRSS12	NA	0	1461	0
TMPRSS13	NA	0	4675	0
TMPRSS15	NA	3	3944	0.0331824
TMPRSS2	NA	0	3320	0
TMPRSS3	NA	0	3489	0
TMPRSS4	NA	0	3543	0
TMPRSS4-AS1	NA	0	382	0
TMPRSS5	NA	32	2341	0.59631
TMPRSS6	NA	10	3392	0.128608
TMPRSS7	NA	1	2622	0.0166376
TMPRSS9	NA	19	3180	0.260645
TMSB10	NA	11724	482	1061.09
TMSB15A	NA	23	666	1.50653
TMSB15B	NA	0	666	0
TMSB4X	NA	32786	629	2273.85
TMSB4Y	NA	47	1667	1.22994
TMTC1	NA	0	9193	0
TMTC2	NA	6	4842	0.0540567
TMTC3	NA	492	7203	2.97972
TMTC4	NA	336	3840	3.81708
TMUB1	NA	1953	1898	44.8879
TMUB2	NA	676	2547	11.5782
TMX1	NA	1145	4103	12.1738
TMX2	NA	2712	1792	66.0199
TMX2-CTNND1	NA	3475	6251	24.2509
TMX3	NA	939	4745	8.63282
TMX4	NA	468	6164	3.31212
TNC	NA	1	8600	0.00507253
TNF	NA	288	13041	0.963396
TNFAIP1	NA	1999	3809	22.8942
TNFAIP2	NA	295	4175	3.0824
TNFAIP3	NA	38	4738	0.349874
TNFAIP6	NA	1	1424	0.0306347
TNFAIP8	NA	645	3506	8.02548
TNFAIP8L1	NA	517	3960	5.69533
TNFAIP8L2	NA	1	1178	0.0370321
TNFAIP8L2-SCNM1	NA	518	1948	11.6002
TNFAIP8L3	NA	1	2258	0.0193197
TNFRSF10A	NA	0	1750	0
TNFRSF10B	NA	7302	4152	76.7198
TNFRSF10C	NA	26	1494	0.759182
TNFRSF10D	NA	4413	3538	54.4126
TNFRSF11A	NA	13	4593	0.123472
TNFRSF11B	NA	0	2346	0
TNFRSF12A	NA	2243	1032	94.8141
TNFRSF13B	NA	0	1358	0
TNFRSF13C	NA	4	934	0.186826
TNFRSF14	NA	111	3501	1.3831
TNFRSF17	NA	0	994	0
TNFRSF18	NA	3	1200	0.109059
TNFRSF19	NA	0	4838	0
TNFRSF1A	NA	2281	2226	44.7016
TNFRSF1B	NA	3	3675	0.0356112
TNFRSF21	NA	34	3642	0.407251
TNFRSF25	NA	238	1913	5.42732
TNFRSF4	NA	2	1104	0.0790286
TNFRSF6B	NA	134	1155	5.06111
TNFRSF8	NA	9	3686	0.106515
TNFRSF9	NA	4	5993	0.0291165
TNFSF10	NA	0	3064	0
TNFSF11	NA	0	2727	0
TNFSF12	NA	1	1625	0.0268454
TNFSF12-TNFSF13	NA	36	1864	0.842519
TNFSF13	NA	71	2276	1.36085
TNFSF13B	NA	9	2671	0.146991
TNFSF14	NA	0	2894	0
TNFSF15	NA	0	6765	0
TNFSF18	NA	0	748	0
TNFSF4	NA	16	3722	0.187528
TNFSF8	NA	0	4605	0
TNFSF9	NA	3777	1665	98.9592
TNIK	NA	1	6091	0.00716201
TNIP1	NA	1397	3115	19.5642
TNIP2	NA	1020	2039	21.8226
TNIP3	NA	1	2746	0.0158863
TNK1	NA	16	2922	0.238871
TNK2	NA	1724	5212	14.4297
TNKS	NA	1423	9599	6.46699
TNKS1BP1	NA	2551	5820	19.121
TNKS2	NA	2714	6274	18.8707
TNKS2-AS1	NA	21	761	1.20381
TNMD	NA	0	1348	0
TNN	NA	0	5008	0
TNNC1	NA	322	696	20.1823
TNNC2	NA	70	681	4.48409
TNNI1	NA	96	6143	0.681732
TNNI2	NA	2	807	0.108113
TNNI3	NA	140	841	7.26198
TNNI3K	NA	3	3023	0.0432919
TNNT1	NA	3893	1354	125.426
TNNT2	NA	122	1338	3.97765
TNNT3	NA	4	1535	0.113678
TNP1	NA	0	401	0
TNP2	NA	0	597	0
TNPO1	NA	4023	8708	20.1537
TNPO2	NA	3616	5452	28.9332
TNPO3	NA	3156	4573	30.1064
TNR	NA	0	5190	0
TNRC18	NA	3619	10570	14.9361
TNRC18P1	NA	11	1890	0.253895
TNRC6A	NA	2090	8422	10.8257
TNRC6B	NA	1410	18695	3.29016
TNRC6C	NA	166	9780	0.740444
TNRC6C-AS1	NA	116	3188	1.58731
TNS1	NA	2	10276	0.00849042
TNS2	NA	658	5199	5.52115
TNS3	NA	3051	7618	17.4713
TNS4	NA	4	4072	0.0428524
TNXA	NA	437	16698	1.14167
TNXB	NA	680	88865	0.333812
TOB1	NA	2392	2518	41.4409
TOB1-AS1	NA	18	1415	0.554931
TOB2	NA	2359	4565	22.5429
TOB2P1	NA	12	3592	0.145736
TOE1	NA	718	2392	13.0944
TOLLIP	NA	1748	3660	20.8345
TOLLIP-AS1	NA	13	1000	0.567109
TOM1	NA	670	2525	11.5754
TOM1L1	NA	238	2340	4.43695
TOM1L2	NA	5323	5895	39.3909
TOMM20	NA	5891	3385	75.9195
TOMM20L	NA	27	610	1.93089
TOMM22	NA	2837	1379	89.7467
TOMM34	NA	2063	2049	43.9218
TOMM40	NA	5159	1802	124.892
TOMM40L	NA	782	2911	11.7189
TOMM5	NA	4193	905	202.115
TOMM6	NA	3714	854	189.717
TOMM7	NA	2500	779	139.999
TOMM70A	NA	2867	4381	28.5481
TONSL	NA	1695	4515	16.377
TONSL-AS1	NA	66	1196	2.40733
TOP1	NA	2788	3733	32.5805
TOP1MT	NA	1173	2194	23.323
TOP1P1	NA	459	2429	8.24344
TOP1P2	NA	55	1519	1.57953
TOP2A	NA	6331	5753	48.0066
TOP2B	NA	3167	5343	25.8575
TOP3A	NA	1246	4116	13.2058
TOP3B	NA	974	3206	13.2531
TOPAZ1	NA	1	5334	0.00817844
TOPBP1	NA	2005	5346	16.361
TOPORS	NA	976	4173	10.2029
TOPORS-AS1	NA	98	1806	2.36718
TOR1A	NA	1476	2106	30.5739
TOR1AIP1	NA	825	4054	8.87756
TOR1AIP2	NA	1834	14737	5.42892
TOR1B	NA	568	2769	8.94847
TOR2A	NA	443	2533	7.62942
TOR3A	NA	1434	2122	29.48
TOR4A	NA	1097	4069	11.7609
TOX	NA	0	4131	0
TOX2	NA	812	2824	12.5434
TOX3	NA	0	3384	0
TOX4	NA	2655	4526	25.5902
TP53	NA	1837	3098	25.8673
TP53AIP1	NA	0	3439	0
TP53BP1	NA	2772	6356	19.0253
TP53BP2	NA	5973	4789	54.409
TP53I11	NA	15039	4480	146.441
TP53I13	NA	744	1453	22.3373
TP53I3	NA	1861	2034	39.9134
TP53INP1	NA	2206	5652	17.0265
TP53INP2	NA	531	4124	5.61693
TP53RK	NA	766	3373	9.90685
TP53TG1	NA	233	709	14.3362
TP53TG3	NA	57	1887	1.31773
TP53TG3B	NA	57	1887	1.31773
TP53TG3C	NA	34	1158	1.28084
TP53TG3D	NA	100	1720	2.53627
TP53TG5	NA	8	981	0.355749
TP63	NA	1	6524	0.00668666
TP73	NA	177	5522	1.3983
TP73-AS1	NA	984	6455	6.65001
TPBG	NA	148	3477	1.85686
TPBGL	NA	23	2800	0.358338
TPCN1	NA	871	5467	6.95012
TPCN2	NA	282	5026	2.44765
TPD52	NA	204	4925	1.80695
TPD52L1	NA	83	1633	2.21725
TPD52L2	NA	4428	2428	79.5577
TPD52L3	NA	0	3495	0
TPGS1	NA	586	1114	22.9475
TPGS2	NA	2519	5311	20.6907
TPH1	NA	13	1815	0.312457
TPH2	NA	0	2360	0
TPI1	NA	13454	1856	316.225
TPI1P2	NA	78	2017	1.68699
TPI1P3	NA	789	1214	28.3519
TPK1	NA	62	2439	1.10893
TPM1	NA	3442	3349	44.8352
TPM2	NA	10782	1574	298.826
TPM3	NA	12555	11580	47.2968
TPM3P9	NA	149	2932	2.2169
TPM4	NA	10303	3003	149.669
TPMT	NA	457	3269	6.09852
TPO	NA	2	3146	0.0277328
TPP1	NA	2169	3533	26.7818
TPP2	NA	1546	4710	14.319
TPPP	NA	168	6022	1.217
TPPP2	NA	0	797	0
TPPP3	NA	159	1151	6.02622
TPR	NA	6013	9706	27.0255
TPRA1	NA	672	1946	15.0643
TPRG1	NA	0	3657	0
TPRG1-AS1	NA	0	697	0
TPRG1-AS2	NA	0	479	0
TPRG1L	NA	828	2427	14.8828
TPRKB	NA	741	752	42.9857
TPRN	NA	462	2631	7.66027
TPRX1	NA	152	1839	3.60566
TPRXL	NA	1	2260	0.0193026
TPSAB1	NA	0	1194	0
TPSB2	NA	0	1165	0
TPSD1	NA	0	855	0
TPSG1	NA	50	1105	1.97393
TPST1	NA	277	2051	5.89166
TPST2	NA	542	2075	11.3947
TPT1	NA	37786	4814	342.411
TPT1-AS1	NA	531	1526	15.1797
TPTE	NA	6	2765	0.0946628
TPTE2	NA	3	2884	0.0453784
TPTE2P1	NA	31	6477	0.208791
TPTE2P3	NA	3	2613	0.0500847
TPTE2P5	NA	115	4362	1.1501
TPTE2P6	NA	15	2714	0.241104
TPTEP1	NA	1	1430	0.0305061
TPX2	NA	3399	3662	40.4908
TRA2A	NA	1905	2234	37.1993
TRA2B	NA	6653	4288	67.684
TRABD	NA	2257	2315	42.5308
TRABD2A	NA	287	4297	2.91367
TRABD2B	NA	1	7029	0.00620626
TRADD	NA	85	1482	2.50204
TRAF1	NA	105	4575	1.0012
TRAF2	NA	609	2277	11.6675
TRAF3	NA	1306	7776	7.32673
TRAF3IP1	NA	948	4176	9.9031
TRAF3IP2	NA	642	6488	4.31666
TRAF3IP2-AS1	NA	127	7111	0.779105
TRAF3IP3	NA	32	2724	0.512467
TRAF4	NA	2354	2902	35.3861
TRAF5	NA	1	4119	0.0105909
TRAF6	NA	326	8021	1.77301
TRAF7	NA	2067	3667	24.5897
TRAFD1	NA	932	3179	12.7894
TRAIP	NA	579	2024	12.4793
TRAK1	NA	622	9979	2.71911
TRAK2	NA	1318	6527	8.80897
TRAM1	NA	2122	3099	29.8708
TRAM1L1	NA	24	2027	0.516512
TRAM2	NA	814	7057	5.03185
TRAM2-AS1	NA	138	2558	2.35343
TRANK1	NA	119	10484	0.495157
TRAP1	NA	5888	2296	111.871
TRAPPC1	NA	2893	869	145.229
TRAPPC10	NA	998	6969	6.24717
TRAPPC11	NA	509	4554	4.87582
TRAPPC12	NA	981	2524	16.9552
TRAPPC13	NA	572	4341	5.74817
TRAPPC2	NA	278	2860	4.24035
TRAPPC2B	NA	209	732	12.4554
TRAPPC2L	NA	822	629	57.0091
TRAPPC3	NA	2270	1753	56.4894
TRAPPC3L	NA	0	1108	0
TRAPPC4	NA	890	1201	32.3274
TRAPPC5	NA	2239	850	114.91
TRAPPC6A	NA	453	811	24.3669
TRAPPC6B	NA	2258	3351	29.395
TRAPPC8	NA	1478	6254	10.3096
TRAPPC9	NA	329	4598	3.12141
TRAT1	NA	0	1695	0
TRDMT1	NA	103	7670	0.585821
TRDN	NA	1	10994	0.00396796
TREH	NA	0	1853	0
TREM1	NA	0	3055	0
TREM2	NA	0	1055	0
TREML1	NA	0	1340	0
TREML2	NA	0	3823	0
TREML3P	NA	0	1137	0
TREML4	NA	0	2070	0
TREML5P	NA	0	213	0
TRERF1	NA	1036	7644	5.91238
TRERNA1	NA	0	596	0
TREX1	NA	133	2126	2.72905
TREX2	NA	9	1255	0.31284
TRG-AS1	NA	4	3516	0.0496289
TRH	NA	0	1890	0
TRHDE	NA	1	5552	0.00785731
TRHDE-AS1	NA	0	6030	0
TRHR	NA	0	1414	0
TRIAP1	NA	2756	1182	101.715
TRIB1	NA	536	3751	6.23363
TRIB2	NA	1010	4406	10
TRIB3	NA	685	2887	10.3506
TRIL	NA	0	5055	0
TRIM10	NA	1	26526	0.00164457
TRIM11	NA	1131	2691	18.3346
TRIM13	NA	677	7404	3.98883
TRIM14	NA	894	4611	8.45796
TRIM15	NA	1	17568	0.00248314
TRIM16	NA	412	2901	6.19545
TRIM16L	NA	138	1982	3.03738
TRIM17	NA	5	2635	0.0827776
TRIM2	NA	42	7336	0.249754
TRIM21	NA	329	1929	7.44024
TRIM22	NA	16	3091	0.225811
TRIM23	NA	354	3900	3.9597
TRIM24	NA	891	4004	9.70749
TRIM25	NA	696	5744	5.28589
TRIM26	NA	1196	27278	1.91268
TRIM27	NA	4095	12490	14.3026
TRIM28	NA	15490	2959	228.365
TRIM29	NA	2	3019	0.0288995
TRIM3	NA	398	3404	5.10055
TRIM31	NA	0	14609	0
TRIM31-AS1	NA	0	4121	0
TRIM32	NA	1164	3719	13.6537
TRIM33	NA	1083	8339	5.66549
TRIM34	NA	0	2501	0
TRIM35	NA	841	4230	8.67319
TRIM36	NA	3	5248	0.0249374
TRIM37	NA	1603	4799	14.5716
TRIM38	NA	10	5629	0.0774983
TRIM39	NA	793	25143	1.37588
TRIM39-RPP21	NA	684	10969	2.72027
TRIM4	NA	250	3458	3.15383
TRIM40	NA	2	16104	0.00541776
TRIM41	NA	1351	3663	16.0895
TRIM42	NA	0	2554	0
TRIM43	NA	3465	1625	93.0193
TRIM43B	NA	3817	1668	99.8273
TRIM44	NA	2184	6063	15.7141
TRIM45	NA	184	3581	2.24149
TRIM46	NA	14	3813	0.160171
TRIM47	NA	312	2263	6.01441
TRIM48	NA	526	1445	15.8797
TRIM49	NA	3471	2163	70.0038
TRIM49B	NA	805	1359	25.8404
TRIM49C	NA	2825	2163	56.9751
TRIM49D1	NA	3487	1474	103.2
TRIM49D2	NA	3603	1649	95.3162
TRIM5	NA	383	3659	4.56625
TRIM50	NA	24	2161	0.484484
TRIM51	NA	89	1627	2.3863
TRIM51HP	NA	8	1007	0.346564
TRIM52	NA	366	2228	7.1662
TRIM52-AS1	NA	219	1621	5.89365
TRIM53AP	NA	1527	1728	38.5495
TRIM54	NA	13	2060	0.275296
TRIM55	NA	8963	2851	137.145
TRIM56	NA	423	4723	3.90702
TRIM58	NA	1	5156	0.00846078
TRIM59	NA	20	3876	0.225097
TRIM6	NA	2	3511	0.0248498
TRIM6-TRIM34	NA	0	3478	0
TRIM60	NA	2	2016	0.0432776
TRIM61	NA	2	1580	0.05522
TRIM62	NA	191	3841	2.16926
TRIM63	NA	4	1770	0.0985848
TRIM64	NA	2752	1533	78.3122
TRIM64B	NA	4027	1533	114.594
TRIM64C	NA	372	1353	11.9941
TRIM65	NA	2622	3439	33.2601
TRIM66	NA	269	9753	1.2032
TRIM67	NA	4	8522	0.0204758
TRIM68	NA	375	3352	4.88034
TRIM69	NA	4	1911	0.0913109
TRIM7	NA	62	4829	0.56009
TRIM71	NA	344	3138	4.78221
TRIM72	NA	1	2152	0.0202713
TRIM73	NA	102	1358	3.2766
TRIM74	NA	101	1350	3.2637
TRIM77	NA	0	1353	0
TRIM8	NA	1447	2744	23.0042
TRIM9	NA	4	6909	0.0252562
TRIML1	NA	0	1645	0
TRIML2	NA	0	1709	0
TRIO	NA	1205	10227	5.13999
TRIOBP	NA	1290	10872	5.17611
TRIP10	NA	1889	2230	36.9531
TRIP11	NA	969	8088	5.22644
TRIP12	NA	5949	10100	25.6948
TRIP13	NA	1315	2861	20.0508
TRIP4	NA	441	2045	9.40738
TRIP6	NA	5476	1752	136.349
TRIQK	NA	171	4113	1.81368
TRIT1	NA	1343	2128	27.5314
TRMT1	NA	5987	2362	110.574
TRMT10A	NA	195	3870	2.1981
TRMT10B	NA	145	2407	2.62794
TRMT10C	NA	1907	1845	45.0897
TRMT11	NA	421	1951	9.41343
TRMT112	NA	2975	1394	93.0995
TRMT12	NA	687	2219	13.5059
TRMT13	NA	369	3143	5.12159
TRMT1L	NA	1117	4521	10.7781
TRMT2A	NA	868	2986	12.681
TRMT2B	NA	251	3590	3.05002
TRMT44	NA	269	2846	4.12326
TRMT5	NA	1422	5296	11.7132
TRMT6	NA	1147	2349	21.3012
TRMT61A	NA	959	3241	12.9081
TRMT61B	NA	675	1843	15.9772
TRMU	NA	744	1964	16.5255
TRNAU1AP	NA	265	2015	5.73712
TRNP1	NA	703	1949	15.735
TRNT1	NA	640	2275	12.2722
TRO	NA	195	4984	1.70679
TROAP	NA	1205	2852	18.4315
TROVE2	NA	585	3722	6.8565
TRPA1	NA	0	5190	0
TRPC1	NA	273	4170	2.85594
TRPC2	NA	1	1213	0.0359635
TRPC3	NA	1	3619	0.0120541
TRPC4	NA	0	3451	0
TRPC4AP	NA	2303	3170	31.6926
TRPC5	NA	0	5840	0
TRPC5OS	NA	1	3014	0.0144737
TRPC6	NA	1	4612	0.00945875
TRPC7	NA	3	2935	0.0445899
TRPM1	NA	3	6801	0.019243
TRPM2	NA	3	5879	0.0222608
TRPM2-AS	NA	0	873	0
TRPM3	NA	0	6698	0
TRPM4	NA	451	4096	4.8033
TRPM5	NA	1	3928	0.0111058
TRPM6	NA	11	8632	0.055591
TRPM7	NA	1447	10399	6.07016
TRPM8	NA	21	5621	0.162978
TRPS1	NA	844	10156	3.62529
TRPT1	NA	277	1063	11.3676
TRPV1	NA	403	4951	3.55087
TRPV2	NA	1347	2808	20.9264
TRPV3	NA	53	6113	0.37822
TRPV4	NA	3	3239	0.0404049
TRPV5	NA	0	2867	0
TRPV6	NA	0	2911	0
TRRAP	NA	3101	12677	10.6711
TRUB1	NA	613	3412	7.83745
TRUB2	NA	1585	1439	48.0498
TRY2P	NA	0	2055	0
TSACC	NA	26	1199	0.94597
TSC1	NA	1106	8616	5.5998
TSC2	NA	1193	5632	9.24062
TSC22D1	NA	2422	6780	15.5836
TSC22D1-AS1	NA	50	2842	0.767484
TSC22D2	NA	636	4998	5.55116
TSC22D3	NA	8	2807	0.124329
TSC22D4	NA	3216	2383	58.8729
TSEN15	NA	910	2193	18.102
TSEN2	NA	489	3604	5.91899
TSEN34	NA	2869	2751	45.4949
TSEN54	NA	683	1941	15.3504
TSFM	NA	1328	2404	24.0983
TSG1	NA	1	4798	0.00909207
TSG101	NA	1377	1548	38.8049
TSGA10	NA	184	3832	2.09467
TSGA10IP	NA	3	1726	0.0758235
TSGA13	NA	1	2255	0.0193454
TSHB	NA	0	564	0
TSHR	NA	0	4802	0
TSHZ1	NA	18	5380	0.145953
TSHZ2	NA	3	12581	0.0104023
TSHZ3	NA	3	4913	0.0266378
TSIX	NA	19	37027	0.0223851
TSKS	NA	2	1812	0.0481499
TSKU	NA	1151	2831	17.7361
TSL	NA	4	1312	0.132999
TSLP	NA	0	4264	0
TSN	NA	2921	3515	36.2518
TSNARE1	NA	253	4205	2.62469
TSNAX	NA	1009	2649	16.6162
TSNAX-DISC1	NA	235	9770	1.04929
TSNAXIP1	NA	44	2755	0.696714
TSPAN1	NA	61	1629	1.63355
TSPAN10	NA	2050	2147	41.6529
TSPAN11	NA	1	5562	0.00784318
TSPAN12	NA	1	2564	0.017014
TSPAN13	NA	9	1902	0.206422
TSPAN14	NA	569	5579	4.44917
TSPAN15	NA	235	1699	6.03389
TSPAN16	NA	2	1261	0.0691892
TSPAN17	NA	1469	2588	24.7617
TSPAN18	NA	1289	4234	13.2808
TSPAN19	NA	0	1020	0
TSPAN2	NA	0	3212	0
TSPAN3	NA	4783	3853	54.1533
TSPAN31	NA	367	1740	9.20111
TSPAN32	NA	0	1376	0
TSPAN33	NA	510	2781	8.00004
TSPAN4	NA	2066	1770	50.919
TSPAN5	NA	4	3397	0.0513674
TSPAN6	NA	1280	4483	12.4556
TSPAN7	NA	2	1806	0.0483098
TSPAN8	NA	0	1130	0
TSPAN9	NA	259	4351	2.59677
TSPEAR	NA	41	4029	0.443925
TSPEAR-AS1	NA	49	2553	0.837276
TSPEAR-AS2	NA	38	1045	1.58632
TSPO	NA	5	1169	0.186586
TSPO2	NA	0	1044	0
TSPY1	NA	0	1172	0
TSPY10	NA	0	1958	0
TSPY2	NA	0	1160	0
TSPY26P	NA	1	1215	0.0359043
TSPY3	NA	0	2322	0
TSPY4	NA	0	3362	0
TSPY8	NA	0	1115	0
TSPYL1	NA	3199	5259	26.5359
TSPYL2	NA	2480	2828	38.2556
TSPYL4	NA	1071	4131	11.3099
TSPYL5	NA	0	4463	0
TSPYL6	NA	0	3095	0
TSR1	NA	5388	4880	48.1649
TSR2	NA	1148	1326	37.7678
TSR3	NA	1686	1204	61.0878
TSSC1	NA	1155	1721	29.2768
TSSC2	NA	43	1477	1.27002
TSSC4	NA	804	2513	13.9568
TSSK1B	NA	2	2478	0.0352089
TSSK2	NA	30	1816	0.720657
TSSK3	NA	168	1315	5.57323
TSSK4	NA	12	1392	0.376067
TSSK6	NA	57	1442	1.72438
TST	NA	521	1159	19.61
TSTA3	NA	1577	1358	50.6588
TSTD1	NA	0	672	0
TSTD2	NA	329	4428	3.24124
TSTD3	NA	57	1926	1.29105
TTBK1	NA	8	7128	0.0489605
TTBK2	NA	61	5625	0.473076
TTC1	NA	2625	1482	77.2688
TTC12	NA	272	2315	5.12556
TTC13	NA	399	3289	5.29215
TTC14	NA	829	5755	6.28395
TTC16	NA	22	2884	0.332775
TTC17	NA	807	5308	6.63233
TTC19	NA	1470	3636	17.6367
TTC21A	NA	51	4258	0.522502
TTC21B	NA	217	5477	1.72838
TTC21B-AS1	NA	0	746	0
TTC22	NA	0	3073	0
TTC23	NA	276	4228	2.84772
TTC23L	NA	1	1356	0.0321709
TTC24	NA	3	2005	0.0652725
TTC25	NA	20	2095	0.416456
TTC26	NA	378	4333	3.80563
TTC27	NA	332	2918	4.96336
TTC28	NA	1545	11795	5.71418
TTC28-AS1	NA	316	5887	2.34162
TTC29	NA	1	1887	0.0231181
TTC3	NA	3559	9101	17.0593
TTC30A	NA	213	4669	1.99012
TTC30B	NA	102	2644	1.68291
TTC31	NA	417	2929	6.21069
TTC32	NA	175	819	9.32132
TTC33	NA	332	5506	2.63042
TTC34	NA	4	1775	0.0983071
TTC36	NA	9	679	0.578224
TTC37	NA	1770	5704	13.5368
TTC38	NA	601	2610	10.0452
TTC39A	NA	558	3978	6.11917
TTC39A-AS1	NA	2	650	0.134227
TTC39B	NA	40	3565	0.489467
TTC39C	NA	90	6258	0.627379
TTC39C-AS1	NA	3	936	0.13982
TTC3P1	NA	409	2542	7.01893
TTC4	NA	1281	2393	23.3523
TTC41P	NA	18	4516	0.173877
TTC5	NA	359	1865	8.39728
TTC7A	NA	874	5773	6.6044
TTC7B	NA	676	3434	8.58756
TTC8	NA	326	2511	5.66362
TTC9	NA	20	5217	0.167237
TTC9B	NA	4	843	0.206993
TTC9C	NA	452	1139	17.3116
TTF1	NA	789	3152	10.9198
TTF2	NA	807	4854	7.25265
TTI1	NA	1482	3965	16.3053
TTI2	NA	972	2763	15.3465
TTK	NA	638	3022	9.20978
TTL	NA	2789	5163	23.5651
TTLL1	NA	196	1876	4.55771
TTLL10	NA	1	3129	0.0139418
TTLL11	NA	79	3537	0.974351
TTLL12	NA	4769	3383	61.4962
TTLL13P	NA	5	1801	0.12111
TTLL2	NA	0	2877	0
TTLL3	NA	1371	4470	13.3799
TTLL4	NA	1563	4996	13.6477
TTLL5	NA	352	4757	3.22799
TTLL6	NA	148	3575	1.80596
TTLL7	NA	9	3648	0.107624
TTLL9	NA	6	1607	0.162877
TTN	NA	293	116854	0.109382
TTN-AS1	NA	107	6390	0.730476
TTPA	NA	0	2632	0
TTPAL	NA	646	6236	4.51908
TTR	NA	0	928	0
TTTY1	NA	0	940	0
TTTY10	NA	2	1628	0.0535919
TTTY11	NA	0	829	0
TTTY12	NA	0	978	0
TTTY13	NA	0	659	0
TTTY14	NA	23	1490	0.673387
TTTY15	NA	318	5242	2.64639
TTTY16	NA	0	192	0
TTTY17A	NA	0	332	0
TTTY17B	NA	0	332	0
TTTY17C	NA	0	332	0
TTTY18	NA	0	221	0
TTTY19	NA	0	269	0
TTTY1B	NA	0	940	0
TTTY2	NA	0	1633	0
TTTY20	NA	0	259	0
TTTY21	NA	0	307	0
TTTY21B	NA	0	307	0
TTTY22	NA	0	427	0
TTTY23	NA	0	512	0
TTTY23B	NA	0	512	0
TTTY2B	NA	0	1633	0
TTTY3	NA	0	344	0
TTTY3B	NA	0	344	0
TTTY4	NA	0	2692	0
TTTY4B	NA	0	2692	0
TTTY4C	NA	0	2692	0
TTTY5	NA	0	1562	0
TTTY6	NA	0	492	0
TTTY6B	NA	0	473	0
TTTY7	NA	0	1367	0
TTTY7B	NA	0	1111	0
TTTY8	NA	0	531	0
TTTY8B	NA	0	531	0
TTTY9A	NA	0	1637	0
TTTY9B	NA	0	1637	0
TTYH1	NA	37	1907	0.846397
TTYH2	NA	37	4090	0.39464
TTYH3	NA	3686	4822	33.3466
TUB	NA	1150	6602	7.59881
TUB-AS1	NA	0	2021	0
TUBA1A	NA	20394	2476	359.315
TUBA1B	NA	54792	1751	1365.07
TUBA1C	NA	38804	2118	799.234
TUBA3C	NA	0	1551	0
TUBA3D	NA	6	1632	0.160382
TUBA3E	NA	2	1540	0.0566543
TUBA3FP	NA	172	1960	3.82821
TUBA4A	NA	45	2590	0.757942
TUBA4B	NA	1	1380	0.0316114
TUBA8	NA	41	2124	0.842078
TUBAL3	NA	0	1798	0
TUBB	NA	62948	23323	117.739
TUBB1	NA	64	3496	0.798605
TUBB2A	NA	35256	1619	949.969
TUBB2B	NA	31143	2019	672.895
TUBB3	NA	11236	2006	244.345
TUBB4A	NA	1793	2722	28.7353
TUBB4B	NA	21031	1591	576.651
TUBB6	NA	21561	3309	284.247
TUBB8	NA	181	1504	5.24994
TUBBP5	NA	446	2660	7.31436
TUBD1	NA	561	2601	9.40905
TUBE1	NA	370	2297	7.0269
TUBG1	NA	2400	1951	53.6633
TUBG2	NA	871	1818	20.9001
TUBGCP2	NA	3071	5020	26.687
TUBGCP3	NA	952	5185	8.00961
TUBGCP4	NA	455	4184	4.74398
TUBGCP5	NA	774	4132	8.17154
TUBGCP6	NA	1008	6019	7.30566
TUFM	NA	6196	2071	130.513
TUFT1	NA	337	3250	4.52345
TUG1	NA	6157	7666	35.0367
TULP1	NA	47	2126	0.964401
TULP2	NA	3	1760	0.0743587
TULP3	NA	1069	3106	15.0141
TULP4	NA	480	11119	1.88321
TUNAR	NA	1	3197	0.0136452
TUSC1	NA	11	2470	0.194276
TUSC2	NA	1253	1684	32.4588
TUSC3	NA	1783	3884	20.0261
TUSC5	NA	1	3596	0.0121312
TUSC7	NA	0	2102	0
TUSC8	NA	0	1077	0
TUT1	NA	1145	2826	17.6749
TVP23A	NA	63	3339	0.82309
TVP23B	NA	844	1789	20.5805
TVP23C	NA	685	5196	5.75102
TVP23C-CDRT4	NA	493	2909	7.3931
TWF1	NA	2419	3456	30.5341
TWF2	NA	2137	1625	57.3686
TWIST1	NA	0	1666	0
TWIST2	NA	277	1443	8.37407
TWISTNB	NA	1030	3892	11.5448
TWSG1	NA	854	3756	9.91872
TXK	NA	0	2914	0
TXLNA	NA	3034	4796	27.5969
TXLNB	NA	5	4684	0.0465668
TXLNG	NA	1137	4396	11.283
TXLNGY	NA	744	4989	6.50553
TXN	NA	8897	868	447.144
TXN2	NA	2605	1336	85.0598
TXNDC11	NA	674	3221	9.12835
TXNDC12	NA	2609	4350	26.1642
TXNDC12-AS1	NA	0	391	0
TXNDC15	NA	495	3689	5.85356
TXNDC16	NA	572	4641	5.3766
TXNDC17	NA	1314	2075	27.6249
TXNDC2	NA	0	2129	0
TXNDC5	NA	5693	3496	71.0384
TXNDC8	NA	0	2072	0
TXNDC9	NA	1319	1530	37.6077
TXNIP	NA	152	2951	2.24697
TXNL1	NA	2338	1429	71.3733
TXNL4A	NA	3718	1808	89.7086
TXNL4B	NA	1602	2889	24.1901
TXNRD1	NA	34521	4610	326.667
TXNRD2	NA	1172	3062	16.6973
TXNRD3	NA	463	2919	6.91943
TXNRD3NB	NA	130	1134	5.00096
TYK2	NA	2282	4248	23.4344
TYMP	NA	114	1858	2.67659
TYMS	NA	6777	1583	186.758
TYMSOS	NA	1093	844	56.4938
TYR	NA	0	2065	0
TYRO3	NA	452	3971	4.96549
TYRO3P	NA	8	864	0.403924
TYROBP	NA	11	591	0.811948
TYRP1	NA	0	2876	0
TYSND1	NA	1489	4042	16.0702
TYW1	NA	809	3364	10.491
TYW1B	NA	441	3157	6.09379
TYW3	NA	1375	3549	16.9013
TYW5	NA	368	5370	2.98949
U2AF1	NA	4220	1020	180.483
U2AF1L4	NA	231	1270	7.93472
U2AF2	NA	6797	3131	94.7016
U2SURP	NA	3471	7464	20.2865
UACA	NA	3012	7262	18.0935
UAP1	NA	1016	2327	19.0467
UAP1L1	NA	1536	3365	19.9127
UBA1	NA	7520	3750	87.4802
UBA2	NA	3344	2665	54.7384
UBA3	NA	1252	2119	25.7749
UBA5	NA	801	3256	10.7318
UBA52	NA	10228	2811	158.728
UBA6	NA	1354	6447	9.16187
UBA6-AS1	NA	170	2290	3.23845
UBA7	NA	21	3313	0.276517
UBAC1	NA	1218	1867	28.4594
UBAC2	NA	1584	3311	20.8698
UBAC2-AS1	NA	93	1821	2.2279
UBALD1	NA	1193	1413	36.8317
UBALD2	NA	463	1589	12.711
UBAP1	NA	1138	3137	15.8253
UBAP1L	NA	14	1383	0.4416
UBAP2	NA	2167	4648	20.3384
UBAP2L	NA	4799	5128	40.825
UBASH3A	NA	0	2556	0
UBASH3B	NA	209	6903	1.32078
UBB	NA	15380	1626	412.628
UBC	NA	123019	2585	2076.04
UBD	NA	1	3990	0.0109333
UBE2A	NA	1198	1878	27.8282
UBE2B	NA	733	2634	12.1398
UBE2C	NA	2408	1259	83.4361
UBE2D1	NA	386	2655	6.34229
UBE2D2	NA	2458	2866	37.4135
UBE2D3	NA	6432	5336	52.584
UBE2D4	NA	153	3982	1.67615
UBE2DNL	NA	0	740	0
UBE2E1	NA	1765	1931	39.8736
UBE2E1-AS1	NA	2	778	0.112143
UBE2E2	NA	8	1760	0.19829
UBE2E3	NA	572	2097	11.8993
UBE2E4P	NA	253	1159	9.5227
UBE2F	NA	608	2422	10.951
UBE2F-SCLY	NA	585	2972	8.58678
UBE2G1	NA	3116	4208	32.3032
UBE2G2	NA	3750	3498	46.7665
UBE2H	NA	3280	5161	27.7245
UBE2I	NA	2706	3384	34.8835
UBE2J1	NA	1901	4342	19.0992
UBE2J2	NA	2380	2437	42.6034
UBE2K	NA	2934	5243	24.412
UBE2L3	NA	5005	3947	55.3172
UBE2L6	NA	1015	1743	25.4034
UBE2M	NA	4373	1524	125.175
UBE2MP1	NA	744	961	33.7732
UBE2N	NA	3212	2552	54.9058
UBE2NL	NA	124	1185	4.56485
UBE2O	NA	1327	5355	10.8102
UBE2Q1	NA	2470	3223	33.4318
UBE2Q1-AS1	NA	65	443	6.40078
UBE2Q2	NA	517	3540	6.37104
UBE2Q2L	NA	1	498	0.0875979
UBE2Q2P1	NA	17	2150	0.344932
UBE2Q2P2	NA	74	3054	1.05703
UBE2QL1	NA	1	6129	0.0071176
UBE2R2	NA	2451	4457	23.9896
UBE2S	NA	6752	1191	247.311
UBE2T	NA	1088	908	52.2717
UBE2U	NA	0	1136	0
UBE2V1	NA	6040	4304	61.2192
UBE2V2	NA	2061	1524	58.9951
UBE2W	NA	503	9088	2.41448
UBE2Z	NA	2872	3126	40.0792
UBE3A	NA	2692	5280	22.2415
UBE3B	NA	847	5977	6.18192
UBE3C	NA	1661	5181	13.9855
UBE3D	NA	229	1917	5.21119
UBE4A	NA	1105	6128	7.86623
UBE4B	NA	2489	5879	18.4691
UBFD1	NA	3422	4931	30.2739
UBIAD1	NA	841	3654	10.0404
UBL3	NA	275	4346	2.76036
UBL4A	NA	782	2382	14.3215
UBL4B	NA	2	1508	0.0578565
UBL5	NA	1969	531	161.761
UBL7	NA	2706	1891	62.4251
UBL7-AS1	NA	92	1684	2.38325
UBLCP1	NA	1826	2392	33.3014
UBN1	NA	1986	6307	13.7366
UBN2	NA	701	14444	2.11716
UBOX5	NA	369	4345	3.70476
UBOX5-AS1	NA	21	1794	0.510646
UBP1	NA	3884	4174	40.5929
UBQLN1	NA	5419	4168	56.7172
UBQLN2	NA	1451	3418	18.519
UBQLN3	NA	0	2345	0
UBQLN4	NA	2286	3614	27.5938
UBQLNL	NA	1	2334	0.0186906
UBR1	NA	862	7745	4.85522
UBR2	NA	493	8881	2.42163
UBR3	NA	717	7953	3.93289
UBR4	NA	7202	15882	19.782
UBR5	NA	3114	10883	12.4823
UBR5-AS1	NA	21	743	1.23297
UBR7	NA	983	3694	11.6086
UBTD1	NA	380	1693	9.79151
UBTD2	NA	1035	3015	14.9753
UBTF	NA	4351	5369	35.3524
UBTFL1	NA	13	1182	0.479788
UBXN1	NA	3023	1353	97.4683
UBXN10	NA	185	5578	1.44683
UBXN10-AS1	NA	17	509	1.45698
UBXN11	NA	2238	2072	47.1187
UBXN2A	NA	356	1893	8.20394
UBXN2B	NA	596	5068	5.13018
UBXN4	NA	2678	4014	29.1043
UBXN6	NA	1437	1993	31.4538
UBXN7	NA	626	4732	5.77102
UBXN8	NA	322	1447	9.70757
UCA1	NA	17702	2314	333.72
UCHL1	NA	6972	1124	270.592
UCHL1-AS1	NA	0	592	0
UCHL3	NA	324	1163	12.1531
UCHL5	NA	1487	6569	9.87495
UCK1	NA	932	2221	18.3059
UCK2	NA	2367	4920	20.9873
UCKL1	NA	978	2285	18.6714
UCKL1-AS1	NA	146	3571	1.78355
UCMA	NA	0	824	0
UCN	NA	67	615	4.75251
UCN2	NA	8	1485	0.23501
UCN3	NA	0	710	0
UCP1	NA	2	1000	0.0872475
UCP2	NA	7443	1646	197.261
UCP3	NA	81	3485	1.01392
UEVLD	NA	144	2868	2.19031
UFC1	NA	593	1122	23.0561
UFD1L	NA	1930	1783	47.2203
UFL1	NA	430	4205	4.46093
UFM1	NA	1430	3539	17.627
UFSP1	NA	44	996	1.92715
UFSP2	NA	687	2379	12.5975
UG0898H09	NA	0	7041	0
UGCG	NA	5508	4012	59.8903
UGDH	NA	1422	3196	19.4096
UGDH-AS1	NA	19	2967	0.279357
UGGT1	NA	1318	10960	5.246
UGGT2	NA	544	4929	4.81463
UGP2	NA	844	2437	15.1081
UGT1A1	NA	1	2357	0.0185082
UGT1A10	NA	1	2385	0.0182909
UGT1A3	NA	1	2345	0.0186029
UGT1A4	NA	1	2374	0.0183756
UGT1A5	NA	1	2345	0.0186029
UGT1A6	NA	2	2630	0.033174
UGT1A7	NA	1	2333	0.0186986
UGT1A8	NA	1	2396	0.0182069
UGT1A9	NA	1	2376	0.0183602
UGT2A1	NA	1	3417	0.0127667
UGT2A2	NA	1	2568	0.0169875
UGT2A3	NA	18	6132	0.128054
UGT2B10	NA	3	5504	0.0237775
UGT2B11	NA	0	1706	0
UGT2B15	NA	73	4518	0.704855
UGT2B17	NA	67	4148	0.704627
UGT2B28	NA	0	1833	0
UGT2B4	NA	1	2431	0.0179448
UGT2B7	NA	0	1887	0
UGT3A1	NA	0	5226	0
UGT3A2	NA	1	2385	0.0182909
UGT8	NA	0	3418	0
UHMK1	NA	1105	8658	5.5676
UHRF1	NA	3456	5197	29.0098
UHRF1BP1	NA	573	9633	2.59487
UHRF1BP1L	NA	697	5437	5.59238
UHRF2	NA	718	3720	8.41986
UIMC1	NA	1168	2974	17.1327
ULBP1	NA	6	3142	0.0833045
ULBP2	NA	21	1408	0.650639
ULBP3	NA	3	735	0.178056
ULK1	NA	1054	5222	8.80495
ULK2	NA	489	9139	2.33417
ULK3	NA	878	2818	13.5918
ULK4	NA	213	4359	2.13165
ULK4P1	NA	8	876	0.398391
ULK4P2	NA	8	876	0.398391
ULK4P3	NA	6	1146	0.228397
UMAD1	NA	418	2452	7.43668
UMOD	NA	0	2577	0
UMODL1	NA	0	5518	0
UMODL1-AS1	NA	0	2141	0
UMPS	NA	1890	6836	12.061
UNC119	NA	1066	1651	28.1665
UNC119B	NA	1726	4404	17.0969
UNC13A	NA	3186	9838	14.1274
UNC13B	NA	1123	6370	7.69066
UNC13C	NA	1	8140	0.00535919
UNC13D	NA	428	4391	4.2521
UNC45A	NA	1351	4047	14.5628
UNC45B	NA	1	5679	0.00768159
UNC50	NA	581	1142	22.1939
UNC5A	NA	18	3733	0.210348
UNC5B	NA	692	6890	4.38137
UNC5B-AS1	NA	119	647	8.02354
UNC5C	NA	0	9878	0
UNC5CL	NA	28	3128	0.390494
UNC5D	NA	0	7290	0
UNC79	NA	4	8471	0.0205991
UNC80	NA	66	13562	0.212297
UNC93A	NA	0	2111	0
UNC93B1	NA	393	2321	7.38653
UNCX	NA	15	1596	0.409998
UNG	NA	1873	2366	34.534
UNK	NA	646	5045	5.58592
UNKL	NA	889	6250	6.20505
UNQ6494	NA	0	2194	0
UOX	NA	1	1551	0.0281262
UPB1	NA	6	2067	0.126629
UPF1	NA	3265	5380	26.4743
UPF2	NA	1271	5457	10.1605
UPF3A	NA	1173	2386	21.4462
UPF3B	NA	1155	2404	20.959
UPK1A	NA	7	1368	0.223221
UPK1A-AS1	NA	2	795	0.109745
UPK1B	NA	0	2058	0
UPK2	NA	9	934	0.420358
UPK3A	NA	0	1046	0
UPK3B	NA	72	1694	1.85414
UPK3BL	NA	957	1342	31.1088
UPP1	NA	1223	2107	25.3213
UPP2	NA	0	2579	0
UPRT	NA	192	2620	3.19686
UQCC1	NA	1341	2448	23.8968
UQCC2	NA	1098	1338	35.7989
UQCC3	NA	740	1950	16.5547
UQCR10	NA	2836	975	126.889
UQCR11	NA	3062	1335	100.057
UQCRB	NA	3424	5223	28.5981
UQCRBP1	NA	554	797	30.3232
UQCRC1	NA	4296	1617	115.898
UQCRC2	NA	3694	1674	96.2642
UQCRFS1	NA	4990	1224	177.845
UQCRH	NA	3083	771	174.439
UQCRHL	NA	3649	538	295.879
UQCRQ	NA	1596	1585	43.9265
URAD	NA	0	522	0
URAHP	NA	279	2136	5.69805
URB1	NA	2403	10808	9.6991
URB1-AS1	NA	104	825	5.49924
URB2	NA	854	5613	6.63722
URGCP	NA	911	4465	8.90062
URGCP-MRPS24	NA	2134	838	111.09
URI1	NA	1595	3571	19.4847
URM1	NA	2119	4410	20.9612
UROC1	NA	1	3445	0.0126629
UROD	NA	2899	1458	86.7389
UROS	NA	1287	1354	41.4651
USB1	NA	1556	4840	14.0245
USE1	NA	228	856	11.6194
USF1	NA	1490	1835	35.422
USF2	NA	1146	1709	29.2527
USH1C	NA	0	3320	0
USH1G	NA	81	3568	0.990338
USH2A	NA	4	20185	0.00864479
USHBP1	NA	2	2490	0.0350392
USMG5	NA	3450	892	168.724
USO1	NA	1883	4063	20.2175
USP1	NA	1762	4198	18.3099
USP10	NA	2535	3499	31.6051
USP11	NA	1750	3290	23.2041
USP12	NA	870	4503	8.42831
USP12-AS1	NA	0	307	0
USP12-AS2	NA	3	784	0.166928
USP13	NA	849	7933	4.66867
USP14	NA	2867	4156	30.0937
USP15	NA	1649	9895	7.26989
USP16	NA	692	3036	9.94323
USP17L1	NA	0	1593	0
USP17L10	NA	0	1593	0
USP17L11	NA	3	4779	0.0273847
USP17L12	NA	0	3186	0
USP17L13	NA	3	1593	0.082154
USP17L15	NA	3	1680	0.0778996
USP17L17	NA	3	1593	0.082154
USP17L18	NA	3	3186	0.041077
USP17L19	NA	0	1593	0
USP17L2	NA	0	1593	0
USP17L20	NA	3	4779	0.0273847
USP17L21	NA	0	3186	0
USP17L22	NA	0	3186	0
USP17L24	NA	0	12744	0
USP17L25	NA	0	12744	0
USP17L26	NA	0	12744	0
USP17L27	NA	0	12744	0
USP17L28	NA	0	12744	0
USP17L29	NA	0	12744	0
USP17L3	NA	0	1593	0
USP17L30	NA	0	12744	0
USP17L4	NA	0	1593	0
USP17L5	NA	0	12744	0
USP17L6P	NA	0	1197	0
USP17L7	NA	0	1593	0
USP17L8	NA	0	1593	0
USP17L9P	NA	3	1593	0.082154
USP18	NA	11	2035	0.235804
USP19	NA	1926	5353	15.6958
USP2	NA	280	4067	3.00336
USP2-AS1	NA	76	1156	2.868
USP20	NA	403	4619	3.8061
USP21	NA	476	2354	8.82112
USP22	NA	7467	5220	62.4021
USP24	NA	1985	10802	8.0164
USP25	NA	749	5343	6.11533
USP26	NA	78	2794	1.21784
USP27X	NA	243	2699	3.92759
USP27X-AS1	NA	13	2290	0.247646
USP28	NA	590	4668	5.51372
USP29	NA	14	3606	0.169366
USP3	NA	320	5875	2.3761
USP3-AS1	NA	62	1722	1.57066
USP30	NA	186	4324	1.87651
USP30-AS1	NA	1	978	0.0446051
USP31	NA	635	10698	2.58937
USP32	NA	1584	7026	9.83491
USP32P1	NA	84	3901	0.939348
USP32P2	NA	33	4775	0.301484
USP33	NA	897	4625	8.46065
USP34	NA	3628	11310	13.9935
USP35	NA	240	4311	2.4286
USP36	NA	1594	5234	13.2855
USP37	NA	612	8032	3.32392
USP38	NA	611	7817	3.40976
USP39	NA	1637	2795	25.55
USP4	NA	863	4949	7.60706
USP40	NA	1034	5617	8.03044
USP42	NA	559	5120	4.76283
USP43	NA	93	4164	0.974306
USP44	NA	15	4386	0.149192
USP45	NA	343	6386	2.34309
USP46	NA	629	8429	3.25535
USP46-AS1	NA	24	878	1.19245
USP47	NA	1416	7981	7.73979
USP48	NA	2204	5188	18.5325
USP49	NA	468	10005	2.04057
USP5	NA	2178	3190	29.7845
USP50	NA	51	1392	1.59828
USP51	NA	262	4403	2.59583
USP53	NA	250	6595	1.65367
USP54	NA	345	6163	2.44203
USP6	NA	204	9866	0.902012
USP6NL	NA	479	6466	3.23164
USP7	NA	4665	5734	35.4909
USP8	NA	1089	5695	8.34175
USP9X	NA	3115	12401	10.9578
USP9Y	NA	568	10040	2.46796
USPL1	NA	866	3904	9.67679
UST	NA	3	4391	0.0298044
UTAT33	NA	446	573	33.955
UTF1	NA	106	1157	3.99665
UTP11L	NA	1474	2050	31.3666
UTP14A	NA	1343	2560	22.8854
UTP14C	NA	906	5529	7.14833
UTP15	NA	1009	5095	8.63913
UTP18	NA	1308	1884	30.2866
UTP20	NA	1550	9010	7.50464
UTP23	NA	425	3691	5.02306
UTP3	NA	3412	2073	71.8014
UTP6	NA	3277	2065	69.2277
UTRN	NA	4	12431	0.0140371
UTS2	NA	26	755	1.50228
UTS2B	NA	8	2408	0.144929
UTS2R	NA	1	1310	0.0333006
UTY	NA	436	8610	2.20906
UVRAG	NA	589	5166	4.97375
UVSSA	NA	167	4665	1.56167
UXS1	NA	723	2806	11.2402
UXT	NA	985	842	51.0326
UXT-AS1	NA	51	565	3.93772
VAC14	NA	1398	3096	19.6983
VAC14-AS1	NA	25	2227	0.489715
VAMP1	NA	410	3360	5.32314
VAMP2	NA	910	2155	18.4212
VAMP3	NA	2903	2205	57.433
VAMP4	NA	174	5155	1.47246
VAMP5	NA	11	665	0.721596
VAMP7	NA	771	5318	6.32454
VAMP8	NA	669	776	37.6086
VANGL1	NA	170	8769	0.845711
VANGL2	NA	336	5352	2.73871
VAPA	NA	3297	6994	20.5644
VAPB	NA	2411	7938	13.2498
VARS	NA	4323	26135	7.21582
VARS2	NA	941	21474	1.91161
VASH1	NA	874	6030	6.32291
VASH2	NA	43	4494	0.417406
VASN	NA	268	2806	4.16649
VASP	NA	4727	2290	90.0478
VAT1	NA	8722	2758	137.957
VAT1L	NA	0	3791	0
VAV1	NA	0	2937	0
VAV2	NA	1444	4851	12.9855
VAV3	NA	9	4867	0.0806686
VAV3-AS1	NA	0	619	0
VAX1	NA	0	5788	0
VAX2	NA	84	1146	3.19755
VBP1	NA	1822	2044	38.8858
VCAM1	NA	0	3203	0
VCAN	NA	7017	12416	24.6543
VCL	NA	23222	5486	184.658
VCP	NA	21458	3859	242.57
VCPIP1	NA	730	8176	3.89498
VCPKMT	NA	304	1891	7.01302
VCX	NA	1	967	0.0451125
VCX2	NA	3	815	0.160578
VCX3A	NA	3	995	0.131529
VCX3B	NA	2	1175	0.0742532
VCY	NA	0	549	0
VCY1B	NA	0	545	0
VDAC1	NA	9262	2241	180.296
VDAC2	NA	3777	2108	78.1627
VDAC3	NA	2918	1540	82.6586
VDR	NA	20	5166	0.168888
VEGFA	NA	703	3778	8.11739
VEGFB	NA	655	1805	15.8302
VEGFC	NA	0	2089	0
VENTX	NA	8	2412	0.144689
VENTXP1	NA	0	2716	0
VENTXP7	NA	0	960	0
VEPH1	NA	22	5099	0.188218
VEZF1	NA	708	4633	6.66644
VEZT	NA	886	4647	8.31734
VGF	NA	13094	2553	223.741
VGLL1	NA	0	1215	0
VGLL2	NA	0	2231	0
VGLL3	NA	0	10396	0
VGLL4	NA	2152	5108	18.3787
VHL	NA	2270	4560	21.7162
VHLL	NA	0	1014	0
VIL1	NA	2	2738	0.0318654
VILL	NA	104	2787	1.62787
VIM	NA	31280	2136	638.835
VIM-AS1	NA	10822	1992	236.996
VIMP	NA	972	1999	21.2118
VIP	NA	0	1587	0
VIPAS39	NA	639	2969	9.38888
VIPR1	NA	4	3369	0.0517943
VIPR1-AS1	NA	0	181	0
VIPR2	NA	0	4648	0
VIT	NA	2	3446	0.0253185
VKORC1	NA	2068	998	90.3948
VKORC1L1	NA	1387	5896	10.2622
VLDLR	NA	34	3636	0.407923
VLDLR-AS1	NA	4	884	0.197393
VMA21	NA	2283	4736	21.0289
VMAC	NA	54	1670	1.41059
VMO1	NA	16	804	0.868135
VMP1	NA	3352	2174	67.2617
VN1R1	NA	11	1566	0.306425
VN1R10P	NA	0	1202	0
VN1R2	NA	0	1311	0
VN1R4	NA	1	906	0.0481499
VN1R5	NA	0	1074	0
VNN1	NA	1	3844	0.0113485
VNN2	NA	0	2269	0
VNN3	NA	0	1763	0
VOPP1	NA	1218	3341	15.9035
VPRBP	NA	1064	5842	7.94517
VPREB1	NA	0	650	0
VPREB3	NA	0	585	0
VPS11	NA	960	3467	12.0793
VPS13A	NA	811	12595	2.80896
VPS13A-AS1	NA	3	442	0.296089
VPS13B	NA	718	14792	2.11749
VPS13C	NA	975	17061	2.49301
VPS13D	NA	914	16345	2.43941
VPS16	NA	605	2756	9.57634
VPS18	NA	1700	3895	19.0399
VPS25	NA	1752	1102	69.3547
VPS26A	NA	1958	2701	31.6236
VPS26B	NA	1284	3731	15.0128
VPS28	NA	740	1097	29.4272
VPS29	NA	1157	1393	36.2331
VPS33A	NA	1226	2603	20.5466
VPS33B	NA	493	2785	7.72227
VPS35	NA	3598	3285	47.7803
VPS36	NA	1114	4787	10.1518
VPS37A	NA	573	4585	5.45178
VPS37B	NA	2103	2749	33.3724
VPS37C	NA	532	2692	8.62104
VPS37D	NA	263	1605	7.14832
VPS39	NA	1795	4887	16.0231
VPS41	NA	1170	4894	10.4291
VPS45	NA	676	3154	9.34993
VPS4A	NA	2863	2176	57.3965
VPS4B	NA	935	3378	12.0747
VPS51	NA	1271	2760	20.0891
VPS52	NA	1465	21322	2.99732
VPS53	NA	1784	13655	5.69936
VPS54	NA	607	3994	6.62985
VPS72	NA	1777	1564	49.5649
VPS8	NA	572	5047	4.94409
VPS9D1	NA	534	2749	8.47402
VPS9D1-AS1	NA	134	1753	3.33462
VRK1	NA	946	1703	24.2326
VRK2	NA	746	2912	11.1756
VRK3	NA	915	2584	15.4473
VRTN	NA	4	3416	0.0510817
VSIG1	NA	0	3236	0
VSIG10	NA	360	5003	3.13903
VSIG10L	NA	459	3674	5.45
VSIG2	NA	3	1121	0.116745
VSIG4	NA	0	2192	0
VSIG8	NA	0	1818	0
VSNL1	NA	0	2005	0
VSTM1	NA	109	1187	4.00589
VSTM2A	NA	0	3112	0
VSTM2A-OT1	NA	0	3031	0
VSTM2B	NA	1	1243	0.0350956
VSTM2L	NA	253	1961	5.62816
VSTM4	NA	11	8104	0.0592129
VSTM5	NA	0	603	0
VSX1	NA	0	3734	0
VSX2	NA	4	2995	0.0582621
VTA1	NA	1769	3355	23.0016
VTCN1	NA	0	2947	0
VTI1A	NA	767	4392	7.61827
VTI1B	NA	1438	1330	47.1662
VTN	NA	481	1677	12.5122
VTRNA1-1	NA	0	98	0
VTRNA1-2	NA	0	88	0
VTRNA1-3	NA	0	88	0
VTRNA2-1	NA	1	100	0.436238
VWA1	NA	456	4659	4.26968
VWA2	NA	0	5857	0
VWA3A	NA	8	4604	0.0758015
VWA3B	NA	1	4747	0.00918976
VWA5A	NA	33	4056	0.354927
VWA5B1	NA	0	4475	0
VWA5B2	NA	8	4020	0.0868135
VWA7	NA	1206	17484	3.00905
VWA8	NA	736	7414	4.3306
VWA8-AS1	NA	2	2079	0.0419661
VWA9	NA	1725	2873	26.1925
VWC2	NA	0	1891	0
VWC2L	NA	0	908	0
VWC2L-IT1	NA	0	480	0
VWCE	NA	1649	3536	20.3438
VWDE	NA	1	5583	0.00781368
VWF	NA	28	8833	0.138284
WAC	NA	2868	5958	20.9992
WAC-AS1	NA	2275	5376	18.4606
WAPAL	NA	2336	6302	16.1703
WARS	NA	3308	2968	48.6211
WARS2	NA	350	2835	5.38565
WARS2-IT1	NA	0	562	0
WAS	NA	16	1830	0.38141
WASF1	NA	1642	3220	22.2454
WASF2	NA	3615	5695	27.6909
WASF3	NA	213	5001	1.858
WASH1	NA	2133	1837	50.653
WASH2P	NA	2269	1958	50.5528
WASH3P	NA	2652	2554	45.2977
WASH5P	NA	459	1137	17.6107
WASH7P	NA	3377	1769	83.2773
WASIR2	NA	14	1037	0.588942
WASL	NA	1043	4447	10.2315
WBP1	NA	1031	1223	36.7752
WBP11	NA	3881	2674	63.3148
WBP11P1	NA	184	2972	2.7008
WBP1L	NA	527	4396	5.22969
WBP2	NA	3094	1944	69.43
WBP2NL	NA	1	2316	0.0188358
WBP4	NA	510	2333	9.53627
WBP5	NA	1423	1089	57.0033
WBSCR16	NA	3149	3579	38.3826
WBSCR17	NA	1	3518	0.0124002
WBSCR22	NA	1786	1486	52.4307
WBSCR27	NA	46	930	2.15773
WBSCR28	NA	1	854	0.0510817
WDFY1	NA	3253	4664	30.4263
WDFY2	NA	281	3809	3.21824
WDFY3	NA	837	14317	2.55033
WDFY3-AS2	NA	14	1569	0.38925
WDFY4	NA	0	10013	0
WDHD1	NA	1420	6032	10.2695
WDPCP	NA	97	3455	1.22475
WDR1	NA	12857	3143	178.451
WDR11	NA	1128	4734	10.3945
WDR11-AS1	NA	0	2500	0
WDR12	NA	2300	2282	43.9679
WDR13	NA	876	2804	13.6285
WDR17	NA	109	7521	0.632229
WDR18	NA	1510	1551	42.4706
WDR19	NA	641	4520	6.18647
WDR20	NA	710	5942	5.21253
WDR24	NA	296	3269	3.95003
WDR25	NA	149	2199	2.95586
WDR26	NA	3552	6872	22.5483
WDR27	NA	402	3592	4.88217
WDR3	NA	2089	3877	23.5053
WDR31	NA	38	2507	0.66123
WDR33	NA	2610	11218	10.1496
WDR34	NA	2999	1818	71.9624
WDR35	NA	1463	6944	9.1909
WDR36	NA	1282	6592	8.48387
WDR37	NA	442	4611	4.18168
WDR38	NA	941	1388	29.5749
WDR4	NA	626	2642	10.3363
WDR41	NA	1188	2558	20.26
WDR43	NA	3108	3531	38.3978
WDR44	NA	176	4146	1.85185
WDR45	NA	1093	2050	23.2589
WDR45B	NA	2923	2587	49.2896
WDR46	NA	3336	11815	12.3173
WDR47	NA	405	4374	4.03924
WDR48	NA	949	4001	10.3472
WDR49	NA	2	2593	0.0336473
WDR5	NA	2882	3183	39.4985
WDR53	NA	497	1571	13.8008
WDR54	NA	527	1119	20.5449
WDR55	NA	658	2580	11.1258
WDR59	NA	2501	3663	29.7852
WDR5B	NA	167	4183	1.74161
WDR6	NA	6191	4259	63.4127
WDR60	NA	409	3772	4.73015
WDR61	NA	4405	1424	134.946
WDR62	NA	1419	4745	13.0458
WDR63	NA	12	3019	0.173397
WDR64	NA	0	4370	0
WDR66	NA	37	4295	0.375804
WDR7	NA	398	7282	2.38427
WDR70	NA	564	2122	11.5946
WDR72	NA	3	7942	0.0164784
WDR73	NA	1702	3828	19.3959
WDR74	NA	2337	1373	74.2526
WDR75	NA	2913	2732	46.5139
WDR76	NA	534	4027	5.78473
WDR77	NA	4504	2408	81.5953
WDR78	NA	160	3955	1.7648
WDR81	NA	1880	7227	11.3481
WDR82	NA	4517	4292	45.9107
WDR83	NA	1002	1505	29.0439
WDR83OS	NA	1885	861	95.5062
WDR86	NA	101	2218	1.98647
WDR86-AS1	NA	10	945	0.461627
WDR87	NA	0	9102	0
WDR88	NA	8	1722	0.202666
WDR89	NA	406	3666	4.83122
WDR90	NA	634	5541	4.99142
WDR91	NA	321	4619	3.03166
WDR92	NA	500	2898	7.52653
WDR93	NA	6	3744	0.0699099
WDSUB1	NA	296	2135	6.04807
WDTC1	NA	526	4819	4.76159
WDYHV1	NA	250	1669	6.53442
WEE1	NA	1603	4047	17.2792
WEE2	NA	2	3061	0.028503
WEE2-AS1	NA	20	2262	0.38571
WFDC1	NA	2	1474	0.059191
WFDC10A	NA	0	482	0
WFDC10B	NA	0	632	0
WFDC11	NA	0	615	0
WFDC12	NA	0	774	0
WFDC13	NA	0	1372	0
WFDC2	NA	1	566	0.0770738
WFDC21P	NA	13	621	0.913219
WFDC3	NA	9	1000	0.392614
WFDC5	NA	0	1018	0
WFDC6	NA	0	619	0
WFDC8	NA	0	1530	0
WFDC9	NA	0	659	0
WFIKKN1	NA	803	1948	17.9825
WFIKKN2	NA	2	3754	0.0232412
WFS1	NA	523	3640	6.26792
WHAMM	NA	903	3854	10.2211
WHAMMP1	NA	57	1567	1.58683
WHAMMP2	NA	44	5246	0.365888
WHAMMP3	NA	91	3588	1.1064
WHSC1	NA	3220	17077	8.2256
WHSC1L1	NA	1011	7052	6.25406
WI2-2373I1.2	NA	0	702	0
WIBG	NA	1701	1276	58.1536
WIF1	NA	268	2240	5.21927
WIPF1	NA	1	4711	0.00925998
WIPF2	NA	891	5525	7.03507
WIPF3	NA	0	4184	0
WIPI1	NA	362	1924	8.2078
WIPI2	NA	2052	4929	18.1611
WISP1	NA	0	5189	0
WISP2	NA	2	1404	0.0621421
WISP3	NA	0	1470	0
WIZ	NA	2932	4168	30.6874
WLS	NA	3128	3091	44.146
WNK1	NA	5601	11946	20.4534
WNK2	NA	952	8446	4.9171
WNK3	NA	238	11343	0.915319
WNK4	NA	36	4178	0.375887
WNT1	NA	0	2284	0
WNT10A	NA	13	2375	0.238783
WNT10B	NA	121	2369	2.22815
WNT11	NA	72	1927	1.62995
WNT16	NA	8	3228	0.108113
WNT2	NA	0	2906	0
WNT2B	NA	72	3592	0.874419
WNT3	NA	23	3355	0.29906
WNT3A	NA	7	2972	0.102748
WNT4	NA	28	3905	0.312795
WNT5A	NA	8	6245	0.0558831
WNT5B	NA	99	2311	1.86878
WNT6	NA	113	1700	2.8997
WNT7A	NA	0	1714	0
WNT7B	NA	5	3912	0.0557564
WNT8A	NA	0	2089	0
WNT8B	NA	11	1996	0.240412
WNT9A	NA	144	1240	5.06599
WNT9B	NA	0	1464	0
WRAP53	NA	739	2281	14.1333
WRAP73	NA	920	1699	23.6221
WRB	NA	662	1663	17.3656
WRN	NA	691	5746	5.24609
WRNIP1	NA	2073	2652	34.0996
WSB1	NA	2069	2832	31.8706
WSB2	NA	1798	2958	26.5164
WSCD1	NA	11	5821	0.0824363
WSCD2	NA	0	5185	0
WSPAR	NA	0	683	0
WT1	NA	0	3314	0
WT1-AS	NA	0	4294	0
WTAP	NA	3150	3500	39.2614
WTAPP1	NA	5	2642	0.0825582
WTH3DI	NA	939	3667	11.1706
WTIP	NA	868	2204	17.1803
WWC1	NA	632	6739	4.09114
WWC2	NA	828	8808	4.10087
WWC2-AS1	NA	0	404	0
WWC2-AS2	NA	13	2179	0.260261
WWC3	NA	455	6454	3.07543
WWOX	NA	253	2913	3.78881
WWP1	NA	448	4105	4.76089
WWP2	NA	608	6745	3.93228
WWTR1	NA	1035	5367	8.41263
WWTR1-AS1	NA	9	1698	0.231221
XAB2	NA	3356	2655	55.1418
XACT	NA	0	497	0
XAF1	NA	0	3624	0
XAGE1B	NA	0	1914	0
XAGE1E	NA	0	1914	0
XAGE2	NA	0	641	0
XAGE3	NA	0	568	0
XAGE5	NA	0	477	0
XBP1	NA	1886	1820	45.2057
XCL1	NA	0	1367	0
XCL2	NA	0	565	0
XCR1	NA	8	1373	0.254181
XDH	NA	0	5717	0
XG	NA	1	2934	0.0148684
XGY2	NA	0	726	0
XIAP	NA	731	8545	3.73189
XIRP1	NA	4	6462	0.0270033
XIRP2	NA	1	13021	0.00335026
XIRP2-AS1	NA	0	1871	0
XIST	NA	14	19280	0.031677
XK	NA	1	5085	0.00857891
XKR3	NA	1	1681	0.0259511
XKR4	NA	0	3909	0
XKR5	NA	23	5028	0.199552
XKR6	NA	0	3758	0
XKR7	NA	75	2910	1.12432
XKR8	NA	1	2692	0.016205
XKR9	NA	17	3402	0.217991
XKRX	NA	6	2851	0.0918073
XKRY	NA	0	1581	0
XKRY2	NA	0	1581	0
XLOC_007697	NA	0	250	0
XLOC_008559	NA	0	504	0
XLOC_009911	NA	0	498	0
XPA	NA	265	1700	6.80018
XPC	NA	4845	3720	56.8164
XPNPEP1	NA	1917	2539	32.9369
XPNPEP2	NA	2	3333	0.0261769
XPNPEP3	NA	700	9289	3.2874
XPO1	NA	7826	4830	70.6832
XPO4	NA	1488	9885	6.56673
XPO5	NA	4238	5364	34.4664
XPO6	NA	5344	4625	50.4055
XPO7	NA	2018	4863	18.1026
XPOT	NA	2980	3947	32.9361
XPR1	NA	1596	8496	8.19486
XRCC1	NA	1324	2102	27.4776
XRCC2	NA	276	3069	3.92315
XRCC3	NA	1041	2639	17.2082
XRCC4	NA	861	1704	22.0423
XRCC5	NA	7986	3430	101.568
XRCC6	NA	12832	2326	240.662
XRCC6BP1	NA	130	1160	4.88887
XRCC6P5	NA	103	2175	2.06586
XRN1	NA	443	10808	1.78806
XRN2	NA	1404	3435	17.8305
XRRA1	NA	668	5025	5.79914
XXYLT1	NA	1056	2875	16.0232
XXYLT1-AS1	NA	0	431	0
XXYLT1-AS2	NA	1	850	0.0513221
XYLB	NA	204	3683	2.4163
XYLT1	NA	5	9336	0.0233632
XYLT2	NA	569	3601	6.89306
YAE1D1	NA	392	3372	5.07133
YAF2	NA	279	9145	1.33089
YAP1	NA	2983	5704	22.8138
YARS	NA	4674	3117	65.4147
YARS2	NA	1226	2173	24.6124
YBEY	NA	422	1785	10.3133
YBX1	NA	21482	1546	606.162
YBX2	NA	411	1583	11.3262
YBX3	NA	8436	1974	186.429
YBX3P1	NA	647	1758	16.0549
YDJC	NA	1663	1338	54.22
YEATS2	NA	1628	6506	10.916
YEATS4	NA	349	1501	10.143
YES1	NA	2028	4685	18.8835
YIF1A	NA	1146	1121	44.5966
YIF1B	NA	1275	2952	18.8416
YIPF1	NA	443	1903	10.1552
YIPF2	NA	876	1835	20.8253
YIPF3	NA	1581	1576	43.7622
YIPF4	NA	432	1965	9.59057
YIPF5	NA	811	3453	10.2458
YIPF6	NA	736	6282	5.11097
YIPF7	NA	0	937	0
YJEFN3	NA	185	1032	7.82015
YKT6	NA	3066	2766	48.3552
YLPM1	NA	2385	8137	12.7864
YME1L1	NA	5323	4398	52.7988
YOD1	NA	1167	6521	7.80692
YPEL1	NA	374	4720	3.45663
YPEL2	NA	338	5232	2.8182
YPEL3	NA	2	1604	0.0543937
YPEL4	NA	44	1722	1.11466
YPEL5	NA	1943	2617	32.3886
YRDC	NA	1466	1836	34.8325
YTHDC1	NA	3175	12498	11.0822
YTHDC2	NA	920	6308	6.36238
YTHDF1	NA	2951	3252	39.586
YTHDF2	NA	4232	3063	60.2729
YTHDF3	NA	1712	5450	13.7035
YTHDF3-AS1	NA	36	718	2.18726
YWHAB	NA	7234	3223	97.9132
YWHAE	NA	15490	1860	363.297
YWHAEP1	NA	436	1825	10.4219
YWHAEP7	NA	0	2455	0
YWHAG	NA	7950	3747	92.5564
YWHAH	NA	4008	1793	97.5148
YWHAQ	NA	13138	2254	254.272
YWHAZ	NA	20258	3651	242.052
YY1	NA	2644	3159	36.512
YY1AP1	NA	2119	3870	23.886
YY1P2	NA	1	1851	0.0235677
YY2	NA	41	2741	0.652526
ZACN	NA	1130	1473	33.4656
ZADH2	NA	147	8051	0.796509
ZAK	NA	128	9858	0.566428
ZAN	NA	2	8733	0.00999056
ZAP70	NA	4	2543	0.0686178
ZAR1	NA	0	1460	0
ZAR1L	NA	3	1103	0.11865
ZASP	NA	156	699	9.73578
ZBBX	NA	21	3478	0.263398
ZBED1	NA	1680	9478	7.73243
ZBED2	NA	0	2203	0
ZBED3	NA	114	1419	3.50466
ZBED3-AS1	NA	31	1142	1.18418
ZBED4	NA	1645	6886	10.4213
ZBED5	NA	1107	2741	17.6182
ZBED5-AS1	NA	141	1113	5.52646
ZBED6	NA	57	2940	0.845767
ZBED6CL	NA	633	2874	9.60816
ZBED8	NA	70	2925	1.04399
ZBED9	NA	94	9754	0.420405
ZBP1	NA	0	2576	0
ZBTB1	NA	809	5668	6.22647
ZBTB10	NA	348	10212	1.48659
ZBTB11	NA	955	5119	8.13845
ZBTB11-AS1	NA	204	2784	3.19657
ZBTB12	NA	22945	9327	107.317
ZBTB14	NA	345	3776	3.98575
ZBTB16	NA	0	2425	0
ZBTB17	NA	952	2794	14.8639
ZBTB18	NA	382	4515	3.69087
ZBTB2	NA	1674	3244	22.5112
ZBTB20	NA	11	28312	0.016949
ZBTB20-AS1	NA	0	1719	0
ZBTB20-AS3	NA	0	545	0
ZBTB20-AS4	NA	0	675	0
ZBTB21	NA	665	7479	3.87884
ZBTB22	NA	277	13645	0.885583
ZBTB24	NA	740	5723	5.64068
ZBTB25	NA	351	4042	3.78821
ZBTB26	NA	136	2233	2.65689
ZBTB3	NA	68	2974	0.99745
ZBTB32	NA	22	1960	0.489655
ZBTB33	NA	409	5311	3.35947
ZBTB34	NA	400	6563	2.65877
ZBTB37	NA	38	2374	0.698274
ZBTB38	NA	250	8384	1.3008
ZBTB39	NA	714	6238	4.99317
ZBTB4	NA	705	6112	5.03187
ZBTB40	NA	1369	8992	6.64156
ZBTB41	NA	175	8474	0.900892
ZBTB42	NA	151	3531	1.86553
ZBTB43	NA	634	5972	4.63119
ZBTB44	NA	743	9557	3.39149
ZBTB45	NA	439	2352	8.14236
ZBTB46	NA	683	5233	5.69368
ZBTB46-AS1	NA	1	1088	0.0400954
ZBTB47	NA	421	5507	3.33496
ZBTB48	NA	478	2350	8.87326
ZBTB49	NA	112	2943	1.66016
ZBTB5	NA	772	4649	7.24404
ZBTB6	NA	274	4104	2.9125
ZBTB7A	NA	720	4441	7.07253
ZBTB7B	NA	629	4099	6.69416
ZBTB7C	NA	0	4171	0
ZBTB8A	NA	472	7368	2.79457
ZBTB8B	NA	136	4018	1.47656
ZBTB8OS	NA	938	1280	31.968
ZBTB9	NA	1278	5422	10.2824
ZC2HC1A	NA	77	3349	1.003
ZC2HC1B	NA	1	992	0.0439756
ZC2HC1C	NA	20	3986	0.218885
ZC3H10	NA	125	2497	2.18381
ZC3H11A	NA	2811	4778	25.6648
ZC3H12A	NA	141	2716	2.26471
ZC3H12B	NA	27	7256	0.162327
ZC3H12C	NA	38	8807	0.188226
ZC3H12D	NA	7	4907	0.0622308
ZC3H13	NA	1800	6411	12.2481
ZC3H14	NA	1950	5029	16.9152
ZC3H15	NA	3908	2133	79.9258
ZC3H18	NA	2063	3799	23.6894
ZC3H3	NA	1176	3277	15.655
ZC3H4	NA	1368	6116	9.75757
ZC3H6	NA	102	11539	0.385616
ZC3H7A	NA	1993	3816	22.7836
ZC3H7B	NA	3927	5928	28.8985
ZC3H8	NA	410	1604	11.1507
ZC3HAV1	NA	359	7869	1.99021
ZC3HAV1L	NA	129	1753	3.21019
ZC3HC1	NA	1401	2018	30.2859
ZC4H2	NA	0	3183	0
ZCCHC10	NA	1101	2423	19.8224
ZCCHC11	NA	1296	5850	9.66434
ZCCHC12	NA	37	2197	0.734674
ZCCHC13	NA	1	845	0.0516258
ZCCHC14	NA	1503	6911	9.48727
ZCCHC16	NA	0	2958	0
ZCCHC17	NA	1393	1921	31.6335
ZCCHC18	NA	1	2942	0.0148279
ZCCHC2	NA	409	7841	2.27549
ZCCHC24	NA	159	4931	1.40665
ZCCHC3	NA	3201	2760	50.5941
ZCCHC4	NA	319	2797	4.97532
ZCCHC5	NA	0	2648	0
ZCCHC6	NA	421	5680	3.23338
ZCCHC7	NA	666	2956	9.82863
ZCCHC8	NA	1378	4255	14.1277
ZCCHC9	NA	1169	1790	28.4895
ZCRB1	NA	1434	1844	33.9243
ZCWPW1	NA	106	2469	1.87287
ZCWPW2	NA	12	1712	0.305774
ZDBF2	NA	183	10505	0.759938
ZDHHC1	NA	305	2009	6.62282
ZDHHC11	NA	471	2606	7.88442
ZDHHC12	NA	492	1151	18.6472
ZDHHC13	NA	317	2434	5.68149
ZDHHC14	NA	182	2787	2.84877
ZDHHC15	NA	0	6525	0
ZDHHC16	NA	1135	2079	23.8158
ZDHHC17	NA	688	4771	6.29075
ZDHHC18	NA	1502	3139	20.8738
ZDHHC19	NA	2	1337	0.0652562
ZDHHC2	NA	613	4012	6.66535
ZDHHC20	NA	997	5585	7.78745
ZDHHC21	NA	244	9171	1.16064
ZDHHC22	NA	24	3408	0.30721
ZDHHC23	NA	228	3776	2.63406
ZDHHC24	NA	406	1317	13.4482
ZDHHC3	NA	1690	12686	5.81146
ZDHHC4	NA	731	1618	19.7089
ZDHHC5	NA	2329	4560	22.2807
ZDHHC6	NA	1044	2225	20.4689
ZDHHC7	NA	1430	3273	19.0596
ZDHHC8	NA	1530	5012	13.3169
ZDHHC8P1	NA	902	2548	15.443
ZDHHC9	NA	542	4878	4.84709
ZEB1	NA	751	6389	5.12779
ZEB1-AS1	NA	314	2213	6.18973
ZEB2	NA	0	11656	0
ZEB2-AS1	NA	0	429	0
ZER1	NA	1321	4298	13.4079
ZFAND1	NA	786	2291	14.9665
ZFAND2A	NA	458	901	22.175
ZFAND2B	NA	190	1323	6.26494
ZFAND3	NA	1584	3333	20.7321
ZFAND4	NA	71	4193	0.738681
ZFAND5	NA	2674	5999	19.4449
ZFAND6	NA	1572	2146	31.9555
ZFAS1	NA	1700	1028	72.1405
ZFAT	NA	228	5065	1.96372
ZFAT-AS1	NA	8	939	0.371662
ZFC3H1	NA	1928	7158	11.75
ZFHX2	NA	146	9182	0.693647
ZFHX3	NA	761	16168	2.0533
ZFHX4	NA	0	13958	0
ZFHX4-AS1	NA	0	1710	0
ZFP1	NA	353	3288	4.68345
ZFP14	NA	167	7496	0.971874
ZFP2	NA	72	2405	1.30599
ZFP28	NA	278	6617	1.83277
ZFP3	NA	2	4995	0.017467
ZFP30	NA	384	4611	3.63295
ZFP36	NA	435	1752	10.8312
ZFP36L1	NA	6514	4040	70.3379
ZFP36L2	NA	9876	3693	116.661
ZFP37	NA	234	2951	3.45915
ZFP41	NA	619	6215	4.34483
ZFP42	NA	0	2650	0
ZFP57	NA	0	8801	0
ZFP62	NA	847	4024	9.18224
ZFP64	NA	2276	4984	19.9213
ZFP69	NA	3	2159	0.0606166
ZFP69B	NA	62	2031	1.3317
ZFP82	NA	448	2616	7.47074
ZFP90	NA	1270	5094	10.876
ZFP91	NA	2162	5725	16.4742
ZFP91-CNTF	NA	265	3543	3.26286
ZFP92	NA	0	1251	0
ZFPL1	NA	362	1386	11.3938
ZFPM1	NA	648	3241	8.72206
ZFPM2	NA	0	4480	0
ZFPM2-AS1	NA	0	1078	0
ZFR	NA	3858	4715	35.6947
ZFR2	NA	646	5724	4.9233
ZFX	NA	521	7883	2.88316
ZFX-AS1	NA	2	417	0.209227
ZFY	NA	203	5616	1.57686
ZFYVE1	NA	686	4557	6.56702
ZFYVE16	NA	746	7818	4.16262
ZFYVE19	NA	463	2397	8.42629
ZFYVE21	NA	363	1507	10.5079
ZFYVE26	NA	5498	9675	24.79
ZFYVE27	NA	821	3064	11.689
ZFYVE28	NA	112	5864	0.833196
ZFYVE9	NA	387	5195	3.24974
ZG16	NA	0	1807	0
ZG16B	NA	45	828	2.37086
ZGLP1	NA	103	1980	2.26932
ZGPAT	NA	1078	2126	22.1197
ZGRF1	NA	297	6740	1.92229
ZHX1	NA	585	5403	4.72328
ZHX1-C8orf76	NA	515	1527	14.7127
ZHX2	NA	11	4359	0.110085
ZHX3	NA	1198	9991	5.23084
ZIC1	NA	0	5231	0
ZIC2	NA	1630	2975	23.9014
ZIC3	NA	0	3939	0
ZIC4	NA	0	5208	0
ZIC5	NA	457	4597	4.33676
ZIK1	NA	0	2676	0
ZIM2	NA	39	2260	0.7528
ZIM2-AS1	NA	0	2151	0
ZIM3	NA	3	2627	0.0498178
ZKSCAN1	NA	1562	9546	7.1381
ZKSCAN2	NA	914	7126	5.5953
ZKSCAN3	NA	186	4842	1.67576
ZKSCAN4	NA	175	5439	1.4036
ZKSCAN5	NA	948	4428	9.33951
ZKSCAN7	NA	110	4003	1.19875
ZKSCAN8	NA	1379	7565	7.95204
ZMAT1	NA	138	4166	1.44505
ZMAT2	NA	2514	1512	72.5332
ZMAT3	NA	1778	9116	8.50845
ZMAT4	NA	0	2467	0
ZMAT5	NA	536	1033	22.6354
ZMIZ1	NA	508	7555	2.93327
ZMIZ1-AS1	NA	2	2433	0.0358601
ZMIZ2	NA	1439	5209	12.0512
ZMPSTE24	NA	1739	3165	23.969
ZMYM1	NA	382	4670	3.56837
ZMYM2	NA	2032	10380	8.53984
ZMYM3	NA	2020	6570	13.4125
ZMYM4	NA	2132	6994	13.298
ZMYM5	NA	363	3471	4.56221
ZMYM6	NA	325	5144	2.75617
ZMYM6NB	NA	579	925	27.3061
ZMYND10	NA	14	1880	0.324858
ZMYND11	NA	1234	5200	10.3523
ZMYND12	NA	7	1774	0.172134
ZMYND15	NA	1	2448	0.0178202
ZMYND19	NA	1255	1370	39.9619
ZMYND8	NA	2986	6404	20.3405
ZNF10	NA	435	4403	4.30987
ZNF100	NA	234	4470	2.28366
ZNF101	NA	403	4748	3.70269
ZNF106	NA	6830	11247	26.4915
ZNF107	NA	602	9610	2.73273
ZNF112	NA	78	3735	0.911019
ZNF114	NA	4038	2652	66.4226
ZNF117	NA	410	6404	2.7929
ZNF12	NA	1103	5063	9.50366
ZNF121	NA	185	1675	4.81815
ZNF124	NA	259	5283	2.13866
ZNF131	NA	1071	3376	13.8392
ZNF132	NA	68	3031	0.978692
ZNF133	NA	829	3294	10.9788
ZNF134	NA	507	2248	9.83864
ZNF135	NA	0	4158	0
ZNF136	NA	249	3018	3.59918
ZNF137P	NA	24	2484	0.421486
ZNF138	NA	284	4956	2.49983
ZNF14	NA	291	2963	4.28435
ZNF140	NA	694	3380	8.95707
ZNF141	NA	58	1642	1.54091
ZNF142	NA	1053	6233	7.36978
ZNF143	NA	395	2947	5.8471
ZNF146	NA	3659	3856	41.3951
ZNF148	NA	740	9543	3.38275
ZNF154	NA	10	6914	0.0630948
ZNF155	NA	9	2821	0.139175
ZNF157	NA	8	1695	0.205894
ZNF16	NA	374	2616	6.23673
ZNF160	NA	904	4336	9.09499
ZNF165	NA	159	2377	2.91804
ZNF169	NA	51	2773	0.802312
ZNF17	NA	201	2678	3.27423
ZNF174	NA	540	2619	8.99459
ZNF175	NA	259	3785	2.98509
ZNF177	NA	69	2742	1.09775
ZNF18	NA	350	2853	5.35167
ZNF180	NA	342	4586	3.25323
ZNF181	NA	392	2951	5.79482
ZNF182	NA	368	3604	4.45437
ZNF184	NA	324	3102	4.55645
ZNF185	NA	39	4785	0.355554
ZNF189	NA	668	3452	8.44168
ZNF19	NA	82	2743	1.3041
ZNF192P1	NA	19	1649	0.502639
ZNF195	NA	1600	3703	18.8491
ZNF197	NA	766	6326	5.2823
ZNF197-AS1	NA	5	623	0.350111
ZNF2	NA	185	4013	2.01106
ZNF20	NA	154	3058	2.19688
ZNF200	NA	527	3658	6.28478
ZNF202	NA	695	4469	6.78418
ZNF204P	NA	82	4190	0.853735
ZNF205	NA	465	2328	8.71351
ZNF205-AS1	NA	68	1219	2.43348
ZNF207	NA	4540	2323	85.257
ZNF208	NA	5	9088	0.0240008
ZNF211	NA	505	2861	7.70011
ZNF212	NA	854	2810	13.2579
ZNF213	NA	316	3406	4.0473
ZNF213-AS1	NA	147	1125	5.70017
ZNF214	NA	75	2668	1.22631
ZNF215	NA	234	3658	2.79059
ZNF217	NA	6679	5635	51.706
ZNF219	NA	1696	3478	21.2725
ZNF22	NA	35	2204	0.692755
ZNF221	NA	15	2458	0.266215
ZNF222	NA	1	1711	0.0254961
ZNF223	NA	0	2419	0
ZNF224	NA	129	2483	2.2664
ZNF225	NA	82	2731	1.30983
ZNF226	NA	336	3299	4.44304
ZNF227	NA	302	3135	4.20235
ZNF229	NA	19	5480	0.15125
ZNF23	NA	510	3402	6.53972
ZNF230	NA	76	4132	0.802373
ZNF232	NA	292	2078	6.13
ZNF233	NA	16	2827	0.246898
ZNF234	NA	1	4600	0.00948343
ZNF235	NA	94	3190	1.28547
ZNF236	NA	354	8179	1.88811
ZNF239	NA	426	2508	7.40978
ZNF24	NA	2138	6513	14.3202
ZNF248	NA	252	6046	1.81826
ZNF25	NA	69	3736	0.805685
ZNF250	NA	288	6364	1.97417
ZNF251	NA	652	3007	9.45883
ZNF252P	NA	531	5430	4.26597
ZNF252P-AS1	NA	10	3236	0.134808
ZNF253	NA	9	2329	0.168576
ZNF254	NA	287	4752	2.63468
ZNF256	NA	407	2210	8.03388
ZNF257	NA	1	3520	0.0123931
ZNF26	NA	676	6562	4.49401
ZNF260	NA	1003	5582	7.83852
ZNF263	NA	2020	3285	26.825
ZNF264	NA	493	12163	1.76819
ZNF266	NA	698	3862	7.88436
ZNF267	NA	595	3463	7.49528
ZNF268	NA	922	5868	6.85431
ZNF271P	NA	1031	5134	8.76044
ZNF273	NA	142	4414	1.40339
ZNF274	NA	787	2894	11.8631
ZNF275	NA	451	6320	3.11303
ZNF276	NA	961	5214	8.04036
ZNF277	NA	240	2687	3.89643
ZNF28	NA	223	4712	2.06454
ZNF280A	NA	50	2158	1.01075
ZNF280B	NA	449	5729	3.41893
ZNF280C	NA	387	4695	3.59583
ZNF280D	NA	503	8154	2.69104
ZNF281	NA	1164	4890	10.3841
ZNF282	NA	1581	3744	18.4213
ZNF283	NA	102	2759	1.61277
ZNF284	NA	0	2208	0
ZNF285	NA	2	2932	0.029757
ZNF286A	NA	1132	5604	8.81194
ZNF286B	NA	839	5328	6.86943
ZNF287	NA	180	4278	1.8355
ZNF292	NA	779	10100	3.36465
ZNF295-AS1	NA	5	1376	0.158517
ZNF296	NA	3010	1586	82.7916
ZNF3	NA	2510	4154	26.3591
ZNF30	NA	233	2733	3.71911
ZNF30-AS1	NA	0	428	0
ZNF300	NA	0	3323	0
ZNF300P1	NA	0	2420	0
ZNF302	NA	927	3288	12.299
ZNF304	NA	423	4641	3.97605
ZNF311	NA	98	11101	0.385112
ZNF316	NA	1415	7239	8.52709
ZNF317	NA	1545	4221	15.9675
ZNF318	NA	667	8006	3.63441
ZNF319	NA	302	4221	3.12115
ZNF32	NA	230	1279	7.84478
ZNF32-AS1	NA	58	434	5.82991
ZNF32-AS2	NA	13	905	0.62664
ZNF32-AS3	NA	1	1928	0.0226264
ZNF320	NA	6	6145	0.0425944
ZNF321P	NA	17	2334	0.31774
ZNF322	NA	902	4892	8.04347
ZNF324	NA	486	3231	6.56179
ZNF324B	NA	256	2995	3.72878
ZNF326	NA	1530	3919	17.031
ZNF329	NA	451	3413	5.76452
ZNF330	NA	795	1898	18.2723
ZNF331	NA	836	6075	6.00321
ZNF333	NA	96	6357	0.658783
ZNF334	NA	0	4071	0
ZNF335	NA	1490	4452	14.6
ZNF337	NA	1414	4761	12.9561
ZNF337-AS1	NA	250	2472	4.41179
ZNF33A	NA	694	6472	4.67783
ZNF33B	NA	838	8465	4.31857
ZNF33BP1	NA	1	1238	0.0352373
ZNF34	NA	134	2836	2.06121
ZNF341	NA	244	3579	2.97407
ZNF341-AS1	NA	6	646	0.405174
ZNF343	NA	642	4173	6.71135
ZNF345	NA	6	3933	0.0665504
ZNF346	NA	550	6258	3.83398
ZNF347	NA	170	4563	1.62526
ZNF35	NA	306	2649	5.03921
ZNF350	NA	227	2341	4.23007
ZNF350-AS1	NA	4	726	0.240351
ZNF354A	NA	780	2555	13.3176
ZNF354B	NA	355	2197	7.0489
ZNF354C	NA	16	2373	0.294134
ZNF358	NA	1129	1953	25.2182
ZNF362	NA	395	3106	5.54778
ZNF365	NA	8	7522	0.0463959
ZNF366	NA	0	6278	0
ZNF367	NA	206	3702	2.42747
ZNF37A	NA	1386	7029	8.60187
ZNF37BP	NA	611	8710	3.06018
ZNF382	NA	133	2827	2.05234
ZNF383	NA	130	1694	3.34775
ZNF384	NA	1408	3511	17.4942
ZNF385A	NA	5307	2776	83.3975
ZNF385B	NA	26	4334	0.261702
ZNF385C	NA	90	2596	1.51238
ZNF385D	NA	12	1812	0.288899
ZNF385D-AS1	NA	0	732	0
ZNF385D-AS2	NA	0	421	0
ZNF391	NA	97	1596	2.65132
ZNF394	NA	599	2145	12.1821
ZNF395	NA	765	4802	6.94964
ZNF396	NA	0	2788	0
ZNF397	NA	215	3321	2.82418
ZNF398	NA	730	5791	5.49911
ZNF404	NA	26	1842	0.615754
ZNF407	NA	363	9037	1.75229
ZNF408	NA	896	2539	15.3946
ZNF41	NA	173	4375	1.72501
ZNF410	NA	1044	2925	15.5703
ZNF414	NA	424	1558	11.8719
ZNF415	NA	195	2975	2.85937
ZNF416	NA	331	2509	5.75507
ZNF417	NA	214	4709	1.98248
ZNF418	NA	6	3694	0.0708562
ZNF419	NA	368	2382	6.73952
ZNF420	NA	167	2973	2.45044
ZNF423	NA	8	4758	0.0733481
ZNF425	NA	244	3218	3.30771
ZNF426	NA	29	2551	0.495919
ZNF428	NA	1926	1395	60.229
ZNF429	NA	56	2361	1.0347
ZNF43	NA	141	5944	1.03482
ZNF430	NA	160	3919	1.78102
ZNF431	NA	161	3846	1.82616
ZNF432	NA	64	2573	1.08508
ZNF433	NA	50	2458	0.887383
ZNF436	NA	532	4814	4.82091
ZNF436-AS1	NA	147	2867	2.23673
ZNF438	NA	96	3834	1.0923
ZNF439	NA	21	2550	0.359255
ZNF44	NA	218	2794	3.40372
ZNF440	NA	338	4181	3.52663
ZNF441	NA	1	4448	0.0098075
ZNF442	NA	68	2825	1.05006
ZNF443	NA	182	2664	2.9803
ZNF444	NA	2018	2064	42.6515
ZNF445	NA	853	10249	3.6307
ZNF446	NA	281	2486	4.93093
ZNF449	NA	195	4059	2.09575
ZNF45	NA	381	3903	4.25843
ZNF451	NA	907	14373	2.75285
ZNF454	NA	1	2172	0.0200846
ZNF460	NA	63	3849	0.714029
ZNF461	NA	120	3208	1.63181
ZNF462	NA	11	8295	0.0578495
ZNF467	NA	775	2279	14.8348
ZNF468	NA	126	4286	1.28245
ZNF469	NA	231	13203	0.763243
ZNF470	NA	202	7141	1.234
ZNF471	NA	143	4966	1.25618
ZNF473	NA	955	4839	8.60936
ZNF474	NA	3	1964	0.0666351
ZNF479	NA	1	2067	0.0211049
ZNF48	NA	1197	3640	14.3455
ZNF480	NA	582	4751	5.34394
ZNF483	NA	38	5209	0.318238
ZNF484	NA	131	4031	1.41769
ZNF485	NA	72	2055	1.52842
ZNF486	NA	3	3897	0.0335826
ZNF487	NA	38	1491	1.11181
ZNF488	NA	117	3496	1.45995
ZNF490	NA	156	6098	1.11599
ZNF491	NA	0	2823	0
ZNF492	NA	24	4245	0.246636
ZNF493	NA	4	6284	0.0277682
ZNF496	NA	696	2428	12.505
ZNF497	NA	354	3562	4.33543
ZNF500	NA	380	3305	5.01574
ZNF501	NA	0	3382	0
ZNF502	NA	1	3396	0.0128456
ZNF503	NA	89	3695	1.05075
ZNF503-AS1	NA	19	1990	0.416508
ZNF503-AS2	NA	12	3339	0.156779
ZNF506	NA	30	3324	0.393716
ZNF507	NA	878	7718	4.96264
ZNF510	NA	242	5154	2.0483
ZNF511	NA	653	1110	25.6634
ZNF512	NA	4	3703	0.0471226
ZNF512B	NA	1293	5922	9.52474
ZNF513	NA	683	2354	12.6572
ZNF514	NA	596	3204	8.11478
ZNF516	NA	30	8626	0.151717
ZNF517	NA	200	2335	3.73651
ZNF518A	NA	796	8431	4.11867
ZNF518B	NA	785	6936	4.93723
ZNF519	NA	121	8875	0.594758
ZNF521	NA	1782	4971	15.6382
ZNF524	NA	133	1133	5.12088
ZNF525	NA	370	6094	2.64864
ZNF526	NA	966	3954	10.6577
ZNF527	NA	160	5126	1.36165
ZNF528	NA	1	3978	0.0109663
ZNF528-AS1	NA	1	1321	0.0330233
ZNF529	NA	787	7835	4.38186
ZNF529-AS1	NA	84	1846	1.98505
ZNF530	NA	133	2964	1.95748
ZNF532	NA	765	6464	5.16278
ZNF534	NA	9	2839	0.138293
ZNF536	NA	0	4935	0
ZNF540	NA	25	3531	0.308863
ZNF541	NA	4	4580	0.0380994
ZNF542P	NA	32	3813	0.366106
ZNF543	NA	87	3671	1.03385
ZNF544	NA	980	3510	12.1799
ZNF546	NA	131	8027	0.711936
ZNF547	NA	95	2862	1.44803
ZNF548	NA	188	4550	1.80248
ZNF549	NA	308	4121	3.2604
ZNF550	NA	258	4309	2.61196
ZNF551	NA	189	3721	2.21577
ZNF552	NA	168	2352	3.11598
ZNF554	NA	216	3698	2.54806
ZNF555	NA	270	8547	1.37808
ZNF556	NA	0	1634	0
ZNF557	NA	232	6001	1.6865
ZNF558	NA	678	4163	7.10471
ZNF559	NA	137	3568	1.67502
ZNF559-ZNF177	NA	71	3252	0.952426
ZNF560	NA	0	2802	0
ZNF561	NA	1385	4540	13.3081
ZNF561-AS1	NA	109	1834	2.59269
ZNF562	NA	469	5784	3.53727
ZNF563	NA	7	2773	0.110121
ZNF564	NA	234	2948	3.46267
ZNF565	NA	84	2220	1.65063
ZNF566	NA	298	5629	2.30945
ZNF567	NA	251	2851	3.84061
ZNF568	NA	2	5991	0.0145631
ZNF569	NA	290	4058	3.11752
ZNF57	NA	478	2003	10.4105
ZNF570	NA	14	2442	0.250095
ZNF571	NA	97	2396	1.76607
ZNF571-AS1	NA	5	3332	0.0654618
ZNF572	NA	0	3275	0
ZNF573	NA	29	2707	0.46734
ZNF574	NA	1787	3131	24.898
ZNF575	NA	23	1711	0.58641
ZNF576	NA	248	2057	5.25945
ZNF577	NA	73	3387	0.940223
ZNF578	NA	24	6741	0.155314
ZNF579	NA	2286	2168	45.9981
ZNF580	NA	1162	1577	32.1438
ZNF581	NA	1746	1226	62.1265
ZNF582	NA	46	2297	0.873615
ZNF582-AS1	NA	24	2061	0.507992
ZNF583	NA	150	2666	2.45445
ZNF584	NA	618	2259	11.9343
ZNF585A	NA	369	7090	2.27041
ZNF585B	NA	195	6210	1.36983
ZNF586	NA	309	2270	5.93821
ZNF587	NA	538	6937	3.38325
ZNF587B	NA	305	3340	3.98361
ZNF589	NA	607	3364	7.87147
ZNF592	NA	1295	8179	6.90705
ZNF593	NA	768	649	51.6226
ZNF594	NA	273	4877	2.44193
ZNF595	NA	400	3007	5.80296
ZNF596	NA	280	3134	3.89747
ZNF597	NA	177	5508	1.40185
ZNF598	NA	2985	3369	38.6515
ZNF599	NA	67	3115	0.938296
ZNF600	NA	59	2547	1.01052
ZNF605	NA	908	6308	6.27939
ZNF606	NA	298	4225	3.0769
ZNF607	NA	367	4538	3.52797
ZNF608	NA	1420	5645	10.9736
ZNF609	NA	1736	8617	8.78854
ZNF610	NA	12	2382	0.219767
ZNF611	NA	93	4713	0.860813
ZNF613	NA	111	2439	1.98534
ZNF614	NA	351	4676	3.27458
ZNF615	NA	4	4092	0.042643
ZNF616	NA	324	3047	4.63869
ZNF618	NA	807	9113	3.86309
ZNF619	NA	138	4184	1.43883
ZNF620	NA	211	2838	3.24335
ZNF621	NA	699	8483	3.5946
ZNF622	NA	1466	1692	37.797
ZNF623	NA	835	4334	8.40467
ZNF624	NA	115	4244	1.18208
ZNF625	NA	53	1695	1.36405
ZNF625-ZNF20	NA	179	3415	2.28658
ZNF626	NA	97	6834	0.619184
ZNF627	NA	362	3019	5.23081
ZNF628	NA	480	3847	5.44305
ZNF629	NA	2367	6087	16.9636
ZNF630	NA	1	2908	0.0150013
ZNF630-AS1	NA	0	395	0
ZNF638	NA	2684	6840	17.1179
ZNF639	NA	975	3361	12.6549
ZNF641	NA	246	4684	2.29109
ZNF644	NA	1427	6001	10.3735
ZNF645	NA	0	1547	0
ZNF646	NA	1132	6208	7.95459
ZNF648	NA	2	3649	0.02391
ZNF649	NA	168	3227	2.27109
ZNF649-AS1	NA	25	580	1.88034
ZNF652	NA	645	11553	2.4355
ZNF653	NA	297	2240	5.78404
ZNF654	NA	293	4957	2.57853
ZNF655	NA	1528	6092	10.9417
ZNF658	NA	250	4025	2.70955
ZNF658B	NA	405	8056	2.1931
ZNF660	NA	22	2205	0.435249
ZNF662	NA	2	5885	0.0148254
ZNF663P	NA	0	1151	0
ZNF664	NA	4114	4324	41.5051
ZNF664-FAM101A	NA	106	2413	1.91634
ZNF665	NA	4	3291	0.0530219
ZNF667	NA	1010	4462	9.8745
ZNF667-AS1	NA	1266	1782	30.992
ZNF668	NA	946	3935	10.4874
ZNF669	NA	118	1980	2.5998
ZNF670	NA	203	4198	2.10949
ZNF670-ZNF695	NA	106	1119	4.13237
ZNF671	NA	1	2434	0.0179227
ZNF672	NA	1203	3091	16.9781
ZNF674	NA	134	4091	1.42889
ZNF674-AS1	NA	150	2148	3.04635
ZNF675	NA	273	2209	5.39126
ZNF676	NA	6	2934	0.0892102
ZNF677	NA	0	3493	0
ZNF678	NA	177	8940	0.863692
ZNF679	NA	4	1567	0.111356
ZNF680	NA	297	4912	2.63768
ZNF681	NA	139	6497	0.933308
ZNF682	NA	13	3290	0.172374
ZNF683	NA	1	1732	0.0251869
ZNF684	NA	82	2097	1.70584
ZNF687	NA	614	5534	4.84008
ZNF688	NA	95	1827	2.26834
ZNF689	NA	765	3876	8.60996
ZNF69	NA	101	1659	2.65582
ZNF691	NA	479	1912	10.9288
ZNF692	NA	962	2383	17.6106
ZNF695	NA	186	3756	2.16028
ZNF696	NA	415	4684	3.86504
ZNF697	NA	302	5080	2.59338
ZNF699	NA	44	2094	0.916641
ZNF7	NA	1024	3815	11.7092
ZNF70	NA	0	4018	0
ZNF700	NA	514	2901	7.72927
ZNF701	NA	35	5596	0.272843
ZNF702P	NA	4	2997	0.0582233
ZNF703	NA	8220	3349	107.073
ZNF704	NA	80	14386	0.24259
ZNF705A	NA	124	3438	1.5734
ZNF705B	NA	8	1207	0.289139
ZNF705D	NA	40	3683	0.473785
ZNF705E	NA	120	3441	1.52132
ZNF705G	NA	14	925	0.660252
ZNF706	NA	1611	3115	22.5611
ZNF707	NA	484	3320	6.35961
ZNF708	NA	127	4215	1.31441
ZNF709	NA	125	4899	1.11308
ZNF71	NA	455	3127	6.34756
ZNF710	NA	373	4518	3.60152
ZNF711	NA	4	4167	0.0418755
ZNF713	NA	52	4537	0.499986
ZNF714	NA	292	8813	1.44538
ZNF716	NA	1	5210	0.00837308
ZNF717	NA	192	3988	2.10024
ZNF718	NA	226	5418	1.81967
ZNF720	NA	279	2774	4.38754
ZNF721	NA	1187	4692	11.0361
ZNF724P	NA	6	568	0.460815
ZNF726	NA	14	1964	0.310964
ZNF727	NA	0	1679	0
ZNF728	NA	2	2632	0.0331488
ZNF729	NA	0	3835	0
ZNF730	NA	26	2367	0.47918
ZNF732	NA	72	2179	1.44145
ZNF733P	NA	1	1766	0.024702
ZNF735	NA	0	1239	0
ZNF736	NA	2	9429	0.00925311
ZNF737	NA	14	8391	0.0727843
ZNF738	NA	236	11721	0.878356
ZNF74	NA	696	4040	7.51538
ZNF740	NA	976	4256	10.0039
ZNF746	NA	950	3800	10.9059
ZNF747	NA	1	3559	0.0122573
ZNF749	NA	124	2929	1.84682
ZNF750	NA	1	3191	0.0136709
ZNF75A	NA	670	2675	10.9263
ZNF75D	NA	236	6775	1.51959
ZNF76	NA	365	2676	5.95018
ZNF761	NA	638	4689	5.93559
ZNF763	NA	42	2623	0.698513
ZNF764	NA	350	2796	5.46077
ZNF765	NA	212	4577	2.02059
ZNF766	NA	556	2975	8.15288
ZNF767P	NA	582	3791	6.69719
ZNF768	NA	2818	2315	53.1023
ZNF77	NA	272	2040	5.8165
ZNF770	NA	5833	5448	46.7066
ZNF771	NA	551	1455	16.5201
ZNF772	NA	56	5419	0.450809
ZNF773	NA	242	2906	3.63281
ZNF774	NA	20	1838	0.474687
ZNF775	NA	848	2275	16.2606
ZNF776	NA	327	5292	2.69557
ZNF777	NA	1495	3072	21.2297
ZNF778	NA	316	3608	3.82071
ZNF780A	NA	232	7507	1.34817
ZNF780B	NA	279	8664	1.40478
ZNF781	NA	17	3142	0.236029
ZNF782	NA	65	3313	0.855884
ZNF783	NA	1432	4455	14.0223
ZNF784	NA	327	1996	7.14678
ZNF785	NA	4	3265	0.0534441
ZNF786	NA	368	3268	4.91235
ZNF787	NA	1568	2024	33.7955
ZNF788	NA	2	3769	0.0231487
ZNF789	NA	273	1766	6.74365
ZNF79	NA	359	2302	6.80319
ZNF790	NA	12	2853	0.183486
ZNF790-AS1	NA	1	1054	0.0413888
ZNF791	NA	182	2495	3.18218
ZNF792	NA	63	3888	0.706867
ZNF793	NA	1	7121	0.00612607
ZNF793-AS1	NA	1	876	0.0497988
ZNF799	NA	172	2588	2.89926
ZNF8	NA	244	2210	4.81638
ZNF80	NA	0	2946	0
ZNF800	NA	246	4489	2.39061
ZNF804A	NA	0	4685	0
ZNF804B	NA	0	4684	0
ZNF805	NA	381	10126	1.64138
ZNF806	NA	0	1867	0
ZNF808	NA	54	3311	0.711472
ZNF81	NA	97	7859	0.538428
ZNF812	NA	10	2011	0.216926
ZNF813	NA	39	4188	0.406239
ZNF814	NA	418	6283	2.90223
ZNF815P	NA	13	2821	0.201031
ZNF816	NA	93	2757	1.47153
ZNF816-ZNF321P	NA	23	2680	0.374383
ZNF818P	NA	0	3155	0
ZNF821	NA	142	2268	2.73129
ZNF823	NA	299	2459	5.3044
ZNF826P	NA	0	636	0
ZNF827	NA	75	7797	0.419621
ZNF829	NA	0	5247	0
ZNF83	NA	896	3413	11.4524
ZNF830	NA	840	1657	22.1146
ZNF831	NA	0	9403	0
ZNF833P	NA	22	2000	0.479861
ZNF835	NA	1	2774	0.0157259
ZNF836	NA	48	3333	0.628245
ZNF837	NA	182	2033	3.90533
ZNF839	NA	641	4305	6.49543
ZNF84	NA	1260	14872	3.69594
ZNF841	NA	3	3876	0.0337645
ZNF843	NA	8	2013	0.173368
ZNF844	NA	4	2834	0.061572
ZNF845	NA	335	4311	3.38992
ZNF846	NA	121	2133	2.47467
ZNF847P	NA	0	258	0
ZNF85	NA	129	3611	1.55842
ZNF850	NA	322	7721	1.81931
ZNF852	NA	113	1970	2.50228
ZNF853	NA	422	3578	5.14512
ZNF860	NA	106	3206	1.44233
ZNF862	NA	181	6897	1.14483
ZNF865	NA	1343	4949	11.8381
ZNF876P	NA	122	2607	2.04147
ZNF878	NA	45	1762	1.11411
ZNF879	NA	78	2604	1.3067
ZNF880	NA	2	2262	0.038571
ZNF883	NA	4	2379	0.0733481
ZNF890P	NA	4	1614	0.108113
ZNF891	NA	218	2303	4.12939
ZNF90	NA	1	3753	0.0116237
ZNF91	NA	465	5489	3.69558
ZNF92	NA	308	3342	4.02038
ZNF93	NA	13	2794	0.202974
ZNF98	NA	13	2260	0.250933
ZNF99	NA	5	7881	0.0276765
ZNFX1	NA	1328	7369	7.86163
ZNHIT1	NA	1826	1189	66.995
ZNHIT2	NA	498	1336	16.261
ZNHIT3	NA	1090	2663	17.8558
ZNHIT6	NA	1389	6197	9.77786
ZNRD1	NA	989	6865	6.28462
ZNRD1-AS1	NA	49	17895	0.11945
ZNRF1	NA	592	4633	5.5742
ZNRF2	NA	52	3460	0.655617
ZNRF2P1	NA	24	2034	0.514735
ZNRF2P2	NA	6	1050	0.249279
ZNRF3	NA	565	6770	3.64068
ZNRF3-AS1	NA	3	2170	0.0603094
ZNRF4	NA	2	1442	0.0605045
ZP1	NA	1	1972	0.0221216
ZP2	NA	0	2749	0
ZP3	NA	60	1574	1.66291
ZP4	NA	1	2474	0.0176329
ZPBP	NA	0	1226	0
ZPBP2	NA	1	2257	0.0193282
ZPLD1	NA	0	3619	0
ZPR1	NA	1612	1778	39.5509
ZRANB1	NA	1196	4942	10.5573
ZRANB2	NA	3372	3145	46.7725
ZRANB2-AS1	NA	270	1676	7.0277
ZRANB2-AS2	NA	7	783	0.389995
ZRANB3	NA	355	7058	2.19417
ZRSR2	NA	245	1511	7.07335
ZSCAN1	NA	0	2054	0
ZSCAN10	NA	229	2739	3.64726
ZSCAN12	NA	204	5989	1.48593
ZSCAN12P1	NA	77	4055	0.828368
ZSCAN16	NA	0	1275	0
ZSCAN16-AS1	NA	154	2186	3.07322
ZSCAN18	NA	2135	4707	19.7869
ZSCAN2	NA	215	4406	2.12871
ZSCAN20	NA	203	4218	2.09948
ZSCAN21	NA	540	1989	11.8436
ZSCAN22	NA	162	4643	1.52209
ZSCAN23	NA	6	3161	0.0828037
ZSCAN25	NA	512	4349	5.13575
ZSCAN26	NA	314	2931	4.67344
ZSCAN29	NA	702	5607	5.46172
ZSCAN30	NA	490	4346	4.91846
ZSCAN31	NA	46	3399	0.590378
ZSCAN32	NA	630	3266	8.41487
ZSCAN4	NA	2827	2246	54.9085
ZSCAN5A	NA	474	1922	10.7584
ZSCAN5B	NA	347	1626	9.30962
ZSCAN9	NA	229	1835	5.44406
ZSWIM1	NA	244	2787	3.81923
ZSWIM2	NA	0	2446	0
ZSWIM3	NA	76	2972	1.11555
ZSWIM4	NA	568	4339	5.7106
ZSWIM5	NA	186	5836	1.39034
ZSWIM6	NA	58	5503	0.459782
ZSWIM7	NA	552	2007	11.9982
ZSWIM8	NA	1094	6063	7.87142
ZSWIM8-AS1	NA	317	1460	9.47174
ZUFSP	NA	463	2211	9.13515
ZW10	NA	1075	2948	15.9076
ZWILCH	NA	952	3287	12.6346
ZWINT	NA	2776	1851	65.4239
ZXDA	NA	100	5204	0.838274
ZXDB	NA	345	5642	2.66753
ZXDC	NA	929	5954	6.8066
ZYG11A	NA	332	4271	3.39103
ZYG11B	NA	543	8142	2.90932
ZYX	NA	9606	2308	181.564
ZZEF1	NA	1089	11395	4.16905
ZZZ3	NA	731	6578	4.84782
