A1BG	NA	297	1766	8.36923
A1BG-AS1	NA	206	2130	4.8129
A1CF	NA	31	9529	0.161895
A2M	NA	75	4653	0.802136
A2M-AS1	NA	5	2187	0.113773
A2ML1	NA	3	5363	0.0278377
A2MP1	NA	0	1201	0
A3GALT2	NA	0	1023	0
A4GALT	NA	268	2092	6.37518
A4GNT	NA	1	1771	0.0280997
AA06	NA	0	632	0
AAAS	NA	1431	1837	38.7659
AACS	NA	855	3321	12.812
AACSP1	NA	1	2173	0.0229013
AADAC	NA	0	1606	0
AADACL2	NA	0	1500	0
AADACL2-AS1	NA	0	772	0
AADACL3	NA	1	4049	0.0122906
AADACL4	NA	2	1575	0.063193
AADACP1	NA	1	1289	0.0386071
AADAT	NA	107	2579	2.06468
AAED1	NA	229	1225	9.30291
AAGAB	NA	2811	3406	41.071
AAK1	NA	1705	21265	3.99005
AAMDC	NA	486	504	47.9872
AAMP	NA	3310	1835	89.7659
AANAT	NA	11	2149	0.254728
AAR2	NA	938	2765	16.8821
AARD	NA	1	1786	0.0278637
AARS	NA	2925	3344	43.5291
AARS2	NA	1172	4782	12.1966
AARSD1	NA	683	1364	24.9187
AASDH	NA	303	3906	3.86038
AASDHPPT	NA	882	2861	15.3416
AASS	NA	140	5871	1.18669
AATBC	NA	8	4598	0.0865846
AATF	NA	1194	2141	27.7528
AATK	NA	134	5358	1.24458
AATK-AS1	NA	1	1577	0.0315564
ABALON	NA	1650	1903	43.1484
ABAT	NA	1103	5930	9.25636
ABCA1	NA	1375	10502	6.51554
ABCA10	NA	24	6331	0.188651
ABCA11P	NA	234	1895	6.14506
ABCA12	NA	55	9370	0.292107
ABCA13	NA	6	17184	0.0173759
ABCA17P	NA	6	4188	0.0712958
ABCA2	NA	1102	8360	6.55987
ABCA3	NA	2149	6623	16.1473
ABCA4	NA	168	7325	1.14136
ABCA5	NA	447	9380	2.37151
ABCA6	NA	2	5296	0.0187932
ABCA7	NA	518	6818	3.78088
ABCA8	NA	3	6004	0.0248657
ABCA9	NA	4	6301	0.0315915
ABCA9-AS1	NA	0	523	0
ABCB1	NA	0	4716	0
ABCB10	NA	466	3857	6.01251
ABCB11	NA	2	4775	0.0208438
ABCB4	NA	0	3988	0
ABCB5	NA	0	7728	0
ABCB6	NA	245	3018	4.03986
ABCB7	NA	833	2528	16.3979
ABCB8	NA	831	4735	8.73375
ABCB9	NA	210	3909	2.67346
ABCC1	NA	2197	6563	16.6589
ABCC10	NA	434	5464	3.95274
ABCC11	NA	5	4908	0.0506973
ABCC12	NA	1	5168	0.00962935
ABCC13	NA	0	2924	0
ABCC2	NA	11	5446	0.100516
ABCC3	NA	15	5271	0.141618
ABCC4	NA	2776	6265	22.0505
ABCC5	NA	1077	7060	7.59155
ABCC5-AS1	NA	0	469	0
ABCC6	NA	381	5579	3.39851
ABCC6P1	NA	196	2724	3.58071
ABCC6P2	NA	134	706	9.44539
ABCC8	NA	61	4924	0.616498
ABCC9	NA	1	8462	0.00588094
ABCD1	NA	220	3664	2.98804
ABCD2	NA	2	5341	0.0186349
ABCD3	NA	661	3797	8.66324
ABCD4	NA	873	3157	13.7613
ABCE1	NA	1965	4194	23.316
ABCF1	NA	2106	23274	4.50305
ABCF2	NA	2377	4967	23.8152
ABCF3	NA	678	2572	13.1183
ABCG1	NA	763	3605	10.5327
ABCG2	NA	5813	4760	60.7733
ABCG4	NA	64	3935	0.809384
ABCG5	NA	0	2740	0
ABCG8	NA	1	2665	0.0186734
ABHD1	NA	76	1446	2.61556
ABHD10	NA	313	2806	5.55106
ABHD11	NA	842	1652	25.3642
ABHD11-AS1	NA	14	473	1.47294
ABHD12	NA	2570	2411	53.0464
ABHD12B	NA	2	1708	0.0582722
ABHD13	NA	363	5302	3.40711
ABHD14A	NA	151	1108	6.78198
ABHD14A-ACY1	NA	290	1879	7.68052
ABHD14B	NA	299	2437	6.1057
ABHD15	NA	230	3355	3.41157
ABHD16A	NA	2096	17304	6.02788
ABHD16B	NA	304	1776	8.51825
ABHD17A	NA	1185	1716	34.3653
ABHD17B	NA	573	3260	8.74695
ABHD17C	NA	31	2360	0.653686
ABHD2	NA	4413	9133	24.0458
ABHD3	NA	780	2504	15.5017
ABHD4	NA	1632	2509	32.3697
ABHD5	NA	272	5353	2.52866
ABHD6	NA	264	2393	5.49011
ABHD8	NA	1032	2090	24.5727
ABI1	NA	1207	3776	15.9072
ABI2	NA	1529	6927	10.9845
ABI3	NA	18	2109	0.424733
ABI3BP	NA	1	4473	0.0111255
ABL1	NA	2337	6152	18.9044
ABL2	NA	911	12649	3.58411
ABLIM1	NA	159	8303	0.952975
ABLIM2	NA	45	5080	0.440827
ABLIM3	NA	34	4778	0.354122
ABO	NA	0	1579	0
ABR	NA	3400	6656	25.4206
ABRA	NA	0	2754	0
ABRACL	NA	947	845	55.7716
ABT1	NA	1199	2263	26.3666
ABTB1	NA	203	2022	4.99614
ABTB2	NA	363	4903	3.68438
ACAA1	NA	957	1987	23.9681
ACAA2	NA	2645	1934	68.0595
ACACA	NA	2770	11380	12.1132
ACACB	NA	159	9249	0.855504
ACAD10	NA	323	4107	3.91379
ACAD11	NA	1716	3556	24.0146
ACAD8	NA	603	2201	13.6338
ACAD9	NA	907	2751	16.4073
ACADL	NA	0	2490	0
ACADM	NA	993	2733	18.0813
ACADS	NA	207	2087	4.93591
ACADSB	NA	416	5941	3.4846
ACADVL	NA	3513	2519	69.4016
ACAN	NA	99	8840	0.557317
ACAP1	NA	14	2508	0.277792
ACAP2	NA	1178	7170	8.17609
ACAP3	NA	1146	3759	15.1716
ACAT1	NA	1340	2134	31.2486
ACAT2	NA	1785	1909	46.532
ACBD3	NA	978	3565	13.6521
ACBD4	NA	95	2756	1.71539
ACBD5	NA	514	4255	6.0115
ACBD6	NA	1352	1616	41.6347
ACBD7	NA	773	3370	11.4148
ACCS	NA	0	2256	0
ACCSL	NA	0	1820	0
ACD	NA	504	2066	12.14
ACE	NA	137	5219	1.30633
ACE2	NA	130	3507	1.84471
ACER1	NA	0	1088	0
ACER2	NA	106	2852	1.84959
ACER3	NA	497	7502	3.29685
ACHE	NA	650	3086	10.4818
ACIN1	NA	5149	5143	49.8226
ACKR1	NA	0	2210	0
ACKR2	NA	11	2960	0.184936
ACKR3	NA	0	2100	0
ACKR4	NA	4	2592	0.0767971
ACLY	NA	5155	4369	58.7173
ACMSD	NA	5	1357	0.183362
ACO1	NA	1433	3620	19.6996
ACO2	NA	2113	2741	38.3628
ACOT1	NA	282	1603	8.75458
ACOT11	NA	118	3391	1.7317
ACOT12	NA	1	1989	0.0250199
ACOT13	NA	722	4393	8.17891
ACOT2	NA	592	2289	12.8705
ACOT4	NA	0	1632	0
ACOT6	NA	0	1004	0
ACOT7	NA	2849	2389	59.3466
ACOT8	NA	520	1171	22.0987
ACOT9	NA	1260	1727	36.3076
ACOX1	NA	821	7919	5.15932
ACOX2	NA	240	2309	5.17258
ACOX3	NA	428	2874	7.411
ACOXL	NA	5	2373	0.104856
ACP1	NA	2354	1882	62.2453
ACP2	NA	1372	2316	29.4805
ACP5	NA	80	1810	2.19954
ACP6	NA	529	1808	14.5605
ACPP	NA	7	3818	0.0912393
ACPT	NA	0	1347	0
ACR	NA	36	1370	1.30768
ACRBP	NA	1	1886	0.0263863
ACRC	NA	57	3178	0.892566
ACRV1	NA	4	1175	0.169411
ACSBG1	NA	10	2980	0.166995
ACSBG2	NA	5	2789	0.0892157
ACSF2	NA	731	2424	15.0074
ACSF3	NA	573	4296	6.63758
ACSL1	NA	531	4743	5.57136
ACSL3	NA	1646	4361	18.7829
ACSL4	NA	142	5335	1.32457
ACSL5	NA	368	3744	4.89138
ACSL6	NA	2	6915	0.0143932
ACSM1	NA	13	2051	0.315426
ACSM2A	NA	1	3336	0.0149174
ACSM2B	NA	1	2441	0.0203869
ACSM3	NA	59	2291	1.28158
ACSM4	NA	0	1743	0
ACSM5	NA	3	2419	0.061717
ACSM6	NA	0	1713	0
ACSS1	NA	1	4020	0.0123792
ACSS2	NA	733	3193	11.4242
ACSS3	NA	0	3033	0
ACTA1	NA	15	1492	0.500313
ACTA2	NA	2124	1851	57.1042
ACTA2-AS1	NA	914	2043	22.2637
ACTB	NA	150925	1812	4144.98
ACTBL2	NA	0	2794	0
ACTC1	NA	52	3693	0.700719
ACTG1	NA	127503	2105	3014.31
ACTG1P17	NA	9	1652	0.271114
ACTG1P20	NA	447	2652	8.38791
ACTG1P4	NA	29	1983	0.727771
ACTG2	NA	4	1331	0.149555
ACTL10	NA	3	2028	0.0736161
ACTL6A	NA	618	1946	15.8039
ACTL6B	NA	0	1531	0
ACTL7A	NA	0	1528	0
ACTL7B	NA	0	1407	0
ACTL8	NA	4	1861	0.106963
ACTL9	NA	0	1434	0
ACTN1	NA	16704	3791	219.274
ACTN1-AS1	NA	1	599	0.0830793
ACTN2	NA	147	5110	1.43158
ACTN3	NA	520	3331	7.7687
ACTN4	NA	13847	3954	174.276
ACTR10	NA	966	2441	19.6938
ACTR1A	NA	4048	2873	70.1172
ACTR1B	NA	1712	2258	37.7311
ACTR2	NA	5841	3937	73.8314
ACTR3	NA	5080	5881	42.9865
ACTR3B	NA	430	2217	9.65211
ACTR3BP2	NA	0	1338	0
ACTR3BP5	NA	3	1645	0.0907559
ACTR3C	NA	263	1420	9.21695
ACTR5	NA	256	2479	5.13905
ACTR6	NA	244	2619	4.63633
ACTR8	NA	824	3628	11.3026
ACTRT1	NA	0	1442	0
ACTRT2	NA	0	1422	0
ACTRT3	NA	83	2003	2.06213
ACVR1	NA	382	3112	6.10862
ACVR1B	NA	586	4807	6.06657
ACVR1C	NA	1	9077	0.00548248
ACVR2A	NA	92	5443	0.841142
ACVR2B	NA	443	11373	1.93842
ACVR2B-AS1	NA	18	2517	0.355884
ACVRL1	NA	60	4404	0.67799
ACY1	NA	257	1678	7.62186
ACY3	NA	0	1300	0
ACYP1	NA	157	976	8.00515
ACYP2	NA	120	1222	4.88686
ADA	NA	349	1532	11.3367
ADAD1	NA	0	2255	0
ADAD2	NA	0	2304	0
ADAL	NA	0	4942	0
ADAM10	NA	2338	5034	23.1127
ADAM11	NA	309	4402	3.49324
ADAM12	NA	8	8937	0.0445469
ADAM15	NA	1513	3424	21.99
ADAM17	NA	678	3553	9.49629
ADAM18	NA	0	3268	0
ADAM19	NA	768	6529	5.85375
ADAM1A	NA	74	2840	1.29668
ADAM2	NA	0	2671	0
ADAM20	NA	1	2792	0.017824
ADAM20P1	NA	8	3036	0.131132
ADAM21	NA	11	2664	0.205484
ADAM21P1	NA	1	2049	0.0242872
ADAM22	NA	243	9510	1.27158
ADAM23	NA	461	6225	3.68537
ADAM28	NA	1	7648	0.00650686
ADAM29	NA	1	3440	0.0144664
ADAM30	NA	0	2992	0
ADAM32	NA	5	2727	0.091244
ADAM33	NA	3	3559	0.0419482
ADAM3A	NA	0	2768	0
ADAM5	NA	0	1705	0
ADAM6	NA	0	1843	0
ADAM7	NA	0	3396	0
ADAM8	NA	104	3301	1.56786
ADAM9	NA	2709	4098	32.897
ADAMDEC1	NA	1	2438	0.020412
ADAMTS1	NA	2088	4651	22.3411
ADAMTS10	NA	194	4364	2.21226
ADAMTS12	NA	3	4954	0.0301359
ADAMTS13	NA	319	5257	3.01976
ADAMTS14	NA	110	5267	1.03932
ADAMTS15	NA	1	5676	0.00876753
ADAMTS16	NA	0	4974	0
ADAMTS17	NA	11	6331	0.0864649
ADAMTS18	NA	3	5913	0.0252483
ADAMTS19	NA	2	5089	0.0195577
ADAMTS19-AS1	NA	0	786	0
ADAMTS2	NA	6	7070	0.042233
ADAMTS20	NA	0	5733	0
ADAMTS3	NA	128	5822	1.0941
ADAMTS4	NA	11	4332	0.126364
ADAMTS5	NA	19	9663	0.0978501
ADAMTS6	NA	180	7268	1.23247
ADAMTS7	NA	655	5490	5.93729
ADAMTS7P1	NA	92	9966	0.459395
ADAMTS8	NA	4	3663	0.0543429
ADAMTS9	NA	1	7312	0.00680587
ADAMTS9-AS1	NA	0	3930	0
ADAMTS9-AS2	NA	0	2228	0
ADAMTSL1	NA	1	7996	0.00622367
ADAMTSL2	NA	0	4133	0
ADAMTSL3	NA	30	7352	0.203065
ADAMTSL4	NA	3530	4422	39.7261
ADAMTSL4-AS1	NA	32	1036	1.53713
ADAMTSL5	NA	533	2857	9.28403
ADAP1	NA	140	2789	2.49804
ADAP2	NA	57	2749	1.03186
ADAR	NA	5008	7092	35.1411
ADARB1	NA	2010	7145	13.9995
ADARB2	NA	1	8426	0.00590606
ADARB2-AS1	NA	0	644	0
ADAT1	NA	123	3603	1.69887
ADAT2	NA	385	7493	2.55696
ADAT3	NA	323	1626	9.88557
ADCK1	NA	326	2234	7.26196
ADCK2	NA	446	2364	9.38873
ADCK3	NA	484	2924	8.23735
ADCK4	NA	360	2497	7.1747
ADCK5	NA	193	1988	4.83126
ADCY1	NA	19	12931	0.0731208
ADCY10	NA	12	5469	0.109193
ADCY10P1	NA	23	4569	0.250511
ADCY2	NA	0	6553	0
ADCY3	NA	1131	4396	12.8034
ADCY4	NA	19	3720	0.254173
ADCY5	NA	25	6257	0.198835
ADCY6	NA	1301	6102	10.6102
ADCY7	NA	239	6264	1.89874
ADCY8	NA	2	4101	0.0242694
ADCY9	NA	385	7727	2.47953
ADCYAP1	NA	1	3377	0.0147363
ADCYAP1R1	NA	1	6575	0.00756874
ADD1	NA	4199	5017	41.6506
ADD2	NA	73	5943	0.611275
ADD3	NA	1572	4628	16.9036
ADD3-AS1	NA	23	1280	0.894206
ADGB	NA	1	5289	0.00940906
ADGRA1	NA	0	4277	0
ADGRA1-AS1	NA	0	470	0
ADGRA2	NA	1381	6034	11.3896
ADGRA3	NA	766	4567	8.34675
ADGRB1	NA	89	5528	0.801201
ADGRB2	NA	1822	5440	16.6674
ADGRB3	NA	1	5637	0.00882819
ADGRD1	NA	129	5384	1.19235
ADGRE1	NA	3	3244	0.0460214
ADGRE2	NA	91	6467	0.700258
ADGRE3	NA	1	2423	0.0205384
ADGRE4P	NA	37	2732	0.67397
ADGRE5	NA	1425	3492	20.3077
ADGRF1	NA	0	6080	0
ADGRF2	NA	0	5126	0
ADGRF3	NA	38	5399	0.350259
ADGRF4	NA	5	3162	0.0786915
ADGRF5	NA	0	6022	0
ADGRG1	NA	291	5018	2.8859
ADGRG2	NA	10	4853	0.102544
ADGRG3	NA	4	2670	0.0745535
ADGRG4	NA	0	9931	0
ADGRG5	NA	5	4028	0.0617732
ADGRG6	NA	1118	6961	7.99263
ADGRG7	NA	11	3281	0.166842
ADGRL1	NA	3128	7857	19.8121
ADGRL2	NA	3	6208	0.0240486
ADGRL3	NA	2	6125	0.0162496
ADGRL3-AS1	NA	0	467	0
ADGRL4	NA	0	3619	0
ADGRV1	NA	5	19333	0.0128703
ADH1A	NA	1	1500	0.0331763
ADH1B	NA	0	2814	0
ADH1C	NA	0	1758	0
ADH4	NA	0	2152	0
ADH5	NA	3805	2651	71.4273
ADH6	NA	5	3006	0.0827753
ADH7	NA	0	2397	0
ADHFE1	NA	98	1895	2.57357
ADI1	NA	1798	4616	19.384
ADIG	NA	0	772	0
ADIPOQ	NA	1	4629	0.0107506
ADIPOQ-AS1	NA	0	3442	0
ADIPOR1	NA	1575	2423	32.3479
ADIPOR2	NA	1969	3965	24.7128
ADIRF	NA	32	672	2.36974
ADK	NA	827	2439	16.8738
ADM	NA	1906	1590	59.6548
ADM2	NA	4	4273	0.0465851
ADM5	NA	60	2112	1.41376
ADNP	NA	2211	6517	16.8834
ADNP-AS1	NA	16	1031	0.772291
ADNP2	NA	1218	5387	11.2517
ADO	NA	691	3724	9.23396
ADORA1	NA	291	2919	4.96111
ADORA2A	NA	43	2957	0.723664
ADORA2A-AS1	NA	11	3761	0.145549
ADORA2B	NA	466	1885	12.3025
ADORA3	NA	0	2309	0
ADPGK	NA	1265	2775	22.6854
ADPGK-AS1	NA	25	2730	0.455719
ADPRH	NA	0	3682	0
ADPRHL1	NA	39	2178	0.8911
ADPRHL2	NA	964	1691	28.3696
ADPRM	NA	114	1518	3.73725
ADRA1A	NA	0	3560	0
ADRA1B	NA	798	2254	17.6185
ADRA1D	NA	13	2666	0.242663
ADRA2A	NA	2	3873	0.0256982
ADRA2B	NA	7	3362	0.103614
ADRA2C	NA	203	1958	5.15944
ADRB1	NA	35	2862	0.60858
ADRB2	NA	0	2042	0
ADRB3	NA	1	2646	0.0188074
ADRBK1	NA	729	3444	10.5338
ADRBK2	NA	662	9055	3.63822
ADRM1	NA	3314	1480	111.432
ADSL	NA	1458	1563	46.4214
ADSS	NA	1047	2782	18.7288
ADSSL1	NA	100	2078	2.39483
ADTRP	NA	1003	1858	26.8643
AEBP1	NA	12	4086	0.146151
AEBP2	NA	716	5807	6.13594
AEN	NA	3869	3116	61.7904
AES	NA	6929	1943	177.467
AFAP1	NA	610	7770	3.90687
AFAP1-AS1	NA	51	6794	0.373563
AFAP1L1	NA	16	4212	0.189039
AFAP1L2	NA	9	4157	0.107741
AFF1	NA	486	9709	2.49104
AFF2	NA	3	13887	0.0107506
AFF3	NA	30	8212	0.181799
AFF4	NA	2566	9580	13.3294
AFG3L1P	NA	420	3903	5.35513
AFG3L2	NA	3558	3209	55.1767
AFM	NA	0	1997	0
AFMID	NA	215	2160	4.95341
AFP	NA	0	2039	0
AFTPH	NA	443	4123	5.347
AGA	NA	242	2102	5.72931
AGAP1	NA	896	11367	3.92267
AGAP1-IT1	NA	10	664	0.749465
AGAP11	NA	156	3155	2.46062
AGAP2	NA	256	6088	2.09259
AGAP2-AS1	NA	72	1531	2.34033
AGAP3	NA	1729	5606	15.3483
AGAP4	NA	729	2898	12.5184
AGAP5	NA	430	2426	8.82058
AGAP6	NA	750	2772	13.4644
AGAP7P	NA	659	2407	13.6248
AGAP9	NA	439	2387	9.15233
AGBL1	NA	1	3493	0.0142469
AGBL1-AS1	NA	0	904	0
AGBL2	NA	6	3593	0.0831024
AGBL3	NA	11	3533	0.154942
AGBL4	NA	0	2988	0
AGBL4-IT1	NA	0	514	0
AGBL5	NA	3099	3415	45.1596
AGBL5-AS1	NA	4	407	0.489086
AGER	NA	279	12824	1.08268
AGFG1	NA	1646	8738	9.37427
AGFG2	NA	776	4811	8.02687
AGGF1	NA	459	4508	5.06697
AGK	NA	581	2925	9.88484
AGL	NA	487	8217	2.94941
AGMAT	NA	19	3154	0.299786
AGMO	NA	0	2475	0
AGO1	NA	669	7478	4.45205
AGO2	NA	427	3500	6.07127
AGO3	NA	198	3645	2.70326
AGO4	NA	549	7060	3.86979
AGPAT1	NA	2713	16442	8.21135
AGPAT2	NA	1159	1548	37.2591
AGPAT3	NA	1097	6609	8.2602
AGPAT4	NA	579	7879	3.65702
AGPAT4-IT1	NA	7	1851	0.188196
AGPAT5	NA	1810	5519	16.3207
AGPAT6	NA	1693	6310	13.352
AGPAT9	NA	293	2922	4.99007
AGPS	NA	3214	7665	20.8667
AGR2	NA	2	983	0.10125
AGR3	NA	0	750	0
AGRN	NA	13113	7394	88.2556
AGRP	NA	0	764	0
AGT	NA	4	2581	0.0771244
AGTPBP1	NA	2015	4539	22.092
AGTR1	NA	0	2571	0
AGTR2	NA	0	2899	0
AGTRAP	NA	975	1280	37.9065
AGXT	NA	0	1598	0
AGXT2	NA	0	2406	0
AHCTF1	NA	1723	8631	9.93445
AHCTF1P1	NA	790	8836	4.44929
AHCY	NA	6157	2538	120.725
AHCYL1	NA	2602	4968	26.0643
AHCYL2	NA	668	5778	5.75332
AHDC1	NA	1680	6358	13.1495
AHI1	NA	291	5898	2.45532
AHNAK	NA	37104	19265	95.8454
AHNAK2	NA	4809	18317	13.0653
AHR	NA	0	6247	0
AHRR	NA	41	5660	0.360485
AHSA1	NA	1813	1400	64.445
AHSA2	NA	813	3031	13.3482
AHSG	NA	0	1573	0
AHSP	NA	0	506	0
AICDA	NA	0	2794	0
AIDA	NA	2408	3006	39.8646
AIF1	NA	139	9312	0.742833
AIF1L	NA	678	3537	9.53925
AIFM1	NA	1932	3253	29.5558
AIFM2	NA	49	3250	0.750295
AIFM3	NA	109	2528	2.1457
AIG1	NA	1122	4731	11.8021
AIM1	NA	3	7542	0.0197949
AIM1L	NA	157	5245	1.48961
AIM2	NA	0	1484	0
AIMP1	NA	872	3260	13.3112
AIMP2	NA	1241	1219	50.6626
AIP	NA	449	1433	15.5926
AIPL1	NA	0	3594	0
AIRE	NA	0	2299	0
AIRN	NA	1	4374	0.0113773
AJAP1	NA	1	3317	0.0150029
AJUBA	NA	725	5198	6.94099
AK1	NA	1172	2266	25.7387
AK2	NA	3373	5771	29.0861
AK3	NA	2176	4621	23.4338
AK4	NA	2445	7226	16.8384
AK5	NA	1	4335	0.0114797
AK6	NA	1021	1303	38.9943
AK7	NA	15	3300	0.226202
AK8	NA	35	2106	0.827045
AK9	NA	40	7552	0.263583
AKAP1	NA	379	4664	4.0439
AKAP10	NA	476	3941	6.01063
AKAP11	NA	768	9920	3.85274
AKAP12	NA	9608	8789	54.4018
AKAP13	NA	1753	13606	6.41167
AKAP14	NA	3	912	0.163699
AKAP17A	NA	1539	6556	11.6821
AKAP2	NA	46	7098	0.322509
AKAP3	NA	30	3340	0.446986
AKAP4	NA	5	3005	0.0828028
AKAP5	NA	157	6487	1.20441
AKAP6	NA	32	10387	0.153313
AKAP7	NA	41	3461	0.589524
AKAP8	NA	1171	3543	16.4477
AKAP8L	NA	2634	2350	55.7786
AKAP9	NA	694	12463	2.77113
AKIP1	NA	633	1528	20.6158
AKIRIN1	NA	3026	2726	55.2411
AKIRIN2	NA	1356	1932	34.9279
AKNA	NA	468	7383	3.15451
AKNAD1	NA	0	3248	0
AKR1A1	NA	936	1580	29.4807
AKR1B1	NA	3101	1398	110.386
AKR1B10	NA	1	1596	0.0311808
AKR1B15	NA	1	1625	0.0306243
AKR1C1	NA	18	1379	0.649573
AKR1C2	NA	20	4155	0.23954
AKR1C3	NA	43	1980	1.08074
AKR1C4	NA	2	1192	0.0834975
AKR1C6P	NA	1	1397	0.0356224
AKR1C8P	NA	4	2127	0.0935863
AKR1D1	NA	22	2710	0.403992
AKR1E2	NA	31	1709	0.902691
AKR7A2	NA	1319	2619	25.0628
AKR7A2P1	NA	22	1324	0.826902
AKR7A3	NA	81	1241	3.24813
AKR7L	NA	122	2314	2.62371
AKT1	NA	3768	3248	57.7317
AKT1S1	NA	3011	3010	49.781
AKT2	NA	2851	5300	26.7695
AKT3	NA	1185	7341	8.03309
AKTIP	NA	603	2511	11.9506
ALAD	NA	460	3183	7.19185
ALAS1	NA	1141	2452	23.1571
ALAS2	NA	0	2134	0
ALB	NA	4	2247	0.0885883
ALCAM	NA	118	6373	0.92142
ALDH16A1	NA	583	3106	9.34086
ALDH18A1	NA	2934	3463	42.1626
ALDH1A1	NA	1	2369	0.0210065
ALDH1A2	NA	0	3799	0
ALDH1A3	NA	0	3607	0
ALDH1B1	NA	3161	3070	51.2396
ALDH1L1	NA	11	3514	0.15578
ALDH1L1-AS1	NA	1	437	0.113878
ALDH1L1-AS2	NA	0	2323	0
ALDH1L2	NA	33	7539	0.217831
ALDH2	NA	1704	2060	41.1644
ALDH3A1	NA	0	2256	0
ALDH3A2	NA	1025	3827	13.3286
ALDH3B1	NA	50	2982	0.834415
ALDH3B2	NA	3	2689	0.0555201
ALDH4A1	NA	1758	3581	24.4306
ALDH5A1	NA	563	5170	5.41923
ALDH6A1	NA	496	4847	5.09247
ALDH7A1	NA	2520	4936	25.4065
ALDH8A1	NA	5	2558	0.0972723
ALDH9A1	NA	1959	2500	38.9955
ALDOA	NA	12855	3223	198.487
ALDOB	NA	1	2426	0.020513
ALDOC	NA	451	1651	13.5941
ALG1	NA	750	3934	9.48738
ALG10	NA	86	3127	1.36864
ALG10B	NA	160	10074	0.790383
ALG11	NA	274	2565	5.31597
ALG12	NA	637	2373	13.3586
ALG13	NA	363	7005	2.5788
ALG14	NA	201	1094	9.1432
ALG1L	NA	41	921	2.21536
ALG1L2	NA	68	969	3.49225
ALG1L9P	NA	15	3870	0.192886
ALG2	NA	1106	2989	18.414
ALG3	NA	990	1833	26.8777
ALG5	NA	615	1213	25.231
ALG6	NA	170	3371	2.50963
ALG8	NA	1148	1743	32.7766
ALG9	NA	704	6665	5.25644
ALK	NA	0	6265	0
ALKBH1	NA	482	2585	9.2791
ALKBH2	NA	376	1197	15.632
ALKBH3	NA	246	1569	7.80246
ALKBH3-AS1	NA	6	1927	0.154949
ALKBH4	NA	463	2121	10.8633
ALKBH5	NA	2791	3433	40.4581
ALKBH6	NA	569	1060	26.7132
ALKBH7	NA	561	1331	20.9751
ALKBH8	NA	264	4067	3.23035
ALLC	NA	14	1444	0.482481
ALMS1	NA	566	12922	2.17975
ALMS1-IT1	NA	17	1761	0.480407
ALMS1P	NA	1	1592	0.0312591
ALOX12	NA	40	2358	0.844181
ALOX12-AS1	NA	23	651	1.75819
ALOX12B	NA	37	2502	0.735926
ALOX12P2	NA	10	2995	0.166159
ALOX15	NA	9	2684	0.166871
ALOX15B	NA	2	2715	0.0366589
ALOX15P1	NA	1	672	0.0740543
ALOX5	NA	20	2561	0.388633
ALOX5AP	NA	23	1270	0.901247
ALOXE3	NA	117	3454	1.68571
ALPI	NA	0	3274	0
ALPK1	NA	3	5412	0.0275856
ALPK2	NA	103	7300	0.702157
ALPK3	NA	116	10917	0.528779
ALPL	NA	47	2596	0.900975
ALPP	NA	173	2971	2.89776
ALPPL2	NA	563	2494	11.2339
ALS2	NA	2340	8341	13.961
ALS2CL	NA	112	5612	0.993162
ALS2CR11	NA	8	7407	0.0537486
ALS2CR12	NA	25	2345	0.530538
ALX1	NA	2	1293	0.0769752
ALX3	NA	44	1478	1.48149
ALX4	NA	867	5466	7.89349
ALYREF	NA	2820	1097	127.927
AMACR	NA	454	3352	6.74018
AMBN	NA	0	2002	0
AMBP	NA	2	1433	0.069455
AMBRA1	NA	1288	5816	11.0207
AMD1	NA	3722	3618	51.195
AMDHD1	NA	88	2136	2.05022
AMDHD2	NA	603	2283	13.1441
AMELX	NA	0	835	0
AMELY	NA	0	802	0
AMER1	NA	204	8443	1.20241
AMER2	NA	0	10605	0
AMER3	NA	0	6474	0
AMFR	NA	1457	3600	20.1408
AMH	NA	240	2018	5.91847
AMHR2	NA	54	1863	1.44245
AMICA1	NA	0	2442	0
AMIGO1	NA	6	2471	0.120836
AMIGO2	NA	2180	3951	27.458
AMIGO3	NA	135	2972	2.2605
AMMECR1	NA	438	5907	3.69
AMMECR1L	NA	844	4776	8.79423
AMN	NA	8	1557	0.255694
AMN1	NA	201	2406	4.15738
AMOT	NA	29	7386	0.195393
AMOTL1	NA	1148	8999	6.34844
AMOTL2	NA	5754	5238	54.6668
AMPD1	NA	0	2406	0
AMPD2	NA	1836	4772	19.1466
AMPD3	NA	67	5659	0.589189
AMPH	NA	2	3426	0.0290511
AMT	NA	114	2202	2.57636
AMTN	NA	0	1006	0
AMY1A	NA	6	4046	0.0737981
AMY1B	NA	6	3676	0.0812261
AMY1C	NA	6	3720	0.0802653
AMY2A	NA	10	1679	0.296394
AMY2B	NA	60	2242	1.33179
AMZ1	NA	1	4518	0.0110147
AMZ2	NA	927	1980	23.2988
AMZ2P1	NA	203	3442	2.93498
ANAPC1	NA	2229	7736	14.3388
ANAPC10	NA	291	1953	7.41499
ANAPC11	NA	776	1613	23.9413
ANAPC13	NA	1959	1842	52.9254
ANAPC15	NA	981	1268	38.5008
ANAPC16	NA	2182	3569	30.4248
ANAPC1P1	NA	22	1771	0.618192
ANAPC2	NA	960	2700	17.694
ANAPC4	NA	330	2675	6.13917
ANAPC5	NA	2655	2732	48.3619
ANAPC7	NA	1733	3644	23.6668
ANG	NA	76	1324	2.85657
ANGEL1	NA	753	4111	9.11522
ANGEL2	NA	436	5314	4.08305
ANGPT1	NA	109	4338	1.25042
ANGPT2	NA	2459	5267	23.2335
ANGPT4	NA	1	1921	0.0259055
ANGPTL1	NA	2	3546	0.028068
ANGPTL2	NA	401	3572	5.58666
ANGPTL3	NA	0	2951	0
ANGPTL4	NA	60	1905	1.56739
ANGPTL5	NA	2	2368	0.0420308
ANGPTL6	NA	151	1857	4.04655
ANGPTL7	NA	10	2290	0.217312
ANHX	NA	0	1765	0
ANK1	NA	977	9281	5.23865
ANK2	NA	196	14521	0.671706
ANK3	NA	216	18843	0.570458
ANKAR	NA	35	4416	0.39442
ANKDD1A	NA	36	3112	0.575682
ANKDD1B	NA	7	2552	0.136501
ANKEF1	NA	88	3922	1.11659
ANKFN1	NA	0	2426	0
ANKFY1	NA	1479	8212	8.9627
ANKH	NA	15	8207	0.090955
ANKHD1	NA	1568	8460	9.22349
ANKHD1-EIF4EBP3	NA	1678	8349	10.0018
ANKIB1	NA	941	6081	7.70077
ANKK1	NA	7	2543	0.136984
ANKLE1	NA	46	3218	0.711363
ANKLE2	NA	1680	4482	18.6534
ANKMY1	NA	149	3818	1.94209
ANKMY2	NA	906	2555	17.6464
ANKRA2	NA	270	2198	6.11302
ANKRD1	NA	345	1974	8.69744
ANKRD10	NA	5685	3095	91.4091
ANKRD11	NA	3661	10207	17.8493
ANKRD12	NA	377	11623	1.61415
ANKRD13A	NA	735	3908	9.35949
ANKRD13B	NA	446	3173	6.99495
ANKRD13C	NA	614	5667	5.39181
ANKRD13D	NA	417	2277	9.11366
ANKRD16	NA	147	2638	2.77308
ANKRD17	NA	2044	9516	10.6892
ANKRD18A	NA	337	3738	4.48653
ANKRD18B	NA	105	3753	1.39229
ANKRD18DP	NA	1	2895	0.0171898
ANKRD19P	NA	296	2307	6.38504
ANKRD2	NA	41	1509	1.35212
ANKRD20A1	NA	60	3511	0.850433
ANKRD20A11P	NA	0	1089	0
ANKRD20A12P	NA	1135	1744	32.3869
ANKRD20A19P	NA	0	5096	0
ANKRD20A2	NA	57	3511	0.807911
ANKRD20A3	NA	127	7860	0.804083
ANKRD20A4	NA	39	3517	0.551838
ANKRD20A5P	NA	21	3707	0.281914
ANKRD20A8P	NA	29	3670	0.393234
ANKRD20A9P	NA	25	37567	0.0331172
ANKRD22	NA	0	3983	0
ANKRD23	NA	53	2582	1.0215
ANKRD24	NA	257	4026	3.17672
ANKRD26	NA	352	6779	2.58402
ANKRD26P1	NA	8	6123	0.0650198
ANKRD26P3	NA	0	3726	0
ANKRD27	NA	1009	4453	11.2761
ANKRD28	NA	948	6620	7.1264
ANKRD29	NA	128	3361	1.89523
ANKRD30A	NA	0	4405	0
ANKRD30B	NA	0	4617	0
ANKRD30BL	NA	0	2168	0
ANKRD30BP2	NA	0	3418	0
ANKRD30BP3	NA	0	1314	0
ANKRD31	NA	24	6036	0.197871
ANKRD32	NA	246	3813	3.21061
ANKRD33	NA	1	2046	0.0243228
ANKRD33B	NA	2529	9333	13.4849
ANKRD34A	NA	110	3612	1.51553
ANKRD34B	NA	9	3935	0.11382
ANKRD34C	NA	0	5424	0
ANKRD34C-AS1	NA	0	693	0
ANKRD35	NA	5	3363	0.0739882
ANKRD36	NA	177	6268	1.40528
ANKRD36B	NA	233	5986	1.93704
ANKRD36BP1	NA	27	1850	0.726293
ANKRD36BP2	NA	2	1730	0.0575312
ANKRD37	NA	51	934	2.71733
ANKRD39	NA	211	898	11.693
ANKRD40	NA	985	4169	11.7577
ANKRD42	NA	359	6086	2.9355
ANKRD44	NA	2	6449	0.0154332
ANKRD44-IT1	NA	0	1069	0
ANKRD45	NA	10	2671	0.186314
ANKRD46	NA	457	4342	5.23776
ANKRD49	NA	196	1905	5.12013
ANKRD50	NA	776	8797	4.38982
ANKRD52	NA	2523	8656	14.5051
ANKRD53	NA	2	2120	0.0469476
ANKRD54	NA	559	2099	13.2531
ANKRD55	NA	4	2500	0.0796232
ANKRD6	NA	1236	5936	10.362
ANKRD60	NA	0	3407	0
ANKRD61	NA	3	1423	0.104915
ANKRD62	NA	0	4733	0
ANKRD62P1-PARP4P3	NA	2	1538	0.0647133
ANKRD63	NA	177	1143	7.70631
ANKRD65	NA	83	2192	1.88433
ANKRD66	NA	0	1057	0
ANKRD7	NA	3	1357	0.110017
ANKRD9	NA	382	1626	11.6913
ANKS1A	NA	841	6351	6.58982
ANKS1B	NA	182	7752	1.16836
ANKS3	NA	430	2953	7.24644
ANKS4B	NA	0	2906	0
ANKS6	NA	786	7147	5.47291
ANKUB1	NA	11	2473	0.221354
ANKZF1	NA	539	2637	10.1718
ANLN	NA	1163	4791	12.0802
ANO1	NA	5	5069	0.0490871
ANO1-AS2	NA	0	804	0
ANO10	NA	1053	2854	18.3609
ANO2	NA	6	3784	0.0789078
ANO3	NA	0	5936	0
ANO4	NA	0	4229	0
ANO5	NA	73	6661	0.545385
ANO6	NA	1495	7153	10.4009
ANO7	NA	84	4448	0.939797
ANO8	NA	231	4152	2.76869
ANO9	NA	1437	2875	24.8736
ANOS1	NA	89	6314	0.701463
ANP32A	NA	3597	2466	72.5884
ANP32A-IT1	NA	1	3281	0.0151675
ANP32AP1	NA	342	738	23.0616
ANP32B	NA	3619	1616	111.447
ANP32C	NA	187	705	13.1999
ANP32D	NA	10	396	1.25668
ANP32E	NA	2378	3553	33.3071
ANPEP	NA	0	3650	0
ANTXR1	NA	1034	7123	7.22399
ANTXR2	NA	7	8233	0.0423116
ANTXRL	NA	0	2285	0
ANTXRLP1	NA	0	1165	0
ANXA1	NA	1821	1536	58.9981
ANXA10	NA	0	1447	0
ANXA11	NA	4346	3629	59.5967
ANXA13	NA	1	1593	0.0312395
ANXA2	NA	24305	1812	667.509
ANXA2P1	NA	1503	1343	55.6933
ANXA2P2	NA	18586	1310	706.048
ANXA2P3	NA	232	1350	8.55212
ANXA2R	NA	35	1266	1.3758
ANXA3	NA	133	1618	4.09065
ANXA4	NA	1132	2142	26.2994
ANXA5	NA	6638	1599	206.59
ANXA6	NA	10542	3115	168.416
ANXA7	NA	2667	2204	60.2187
ANXA8	NA	27	2176	0.617482
ANXA8L1	NA	22	2213	0.494722
ANXA9	NA	76	1824	2.07352
AOAH	NA	59	2557	1.14826
AOAH-IT1	NA	0	573	0
AOC1	NA	5	2493	0.0998085
AOC2	NA	53	2665	0.989688
AOC3	NA	26	4154	0.311477
AOC4P	NA	3	2073	0.0720181
AOX1	NA	14	4933	0.141233
AOX2P	NA	0	3733	0
AP1AR	NA	206	2908	3.52527
AP1B1	NA	3413	4178	40.6525
AP1B1P1	NA	1	827	0.0601747
AP1G1	NA	1943	6848	14.1198
AP1G2	NA	1398	2954	23.5514
AP1M1	NA	1688	2391	35.1328
AP1M2	NA	623	1757	17.6456
AP1S1	NA	2270	1297	87.0975
AP1S2	NA	163	2329	3.48287
AP1S3	NA	619	4041	7.62292
AP2A1	NA	2882	3499	40.9892
AP2A2	NA	2331	4656	24.9143
AP2B1	NA	8093	5763	69.8844
AP2M1	NA	7340	1940	188.284
AP2S1	NA	3779	1254	149.968
AP3B1	NA	1837	4049	22.5778
AP3B2	NA	809	3787	10.631
AP3D1	NA	6418	5056	63.1702
AP3M1	NA	1573	5253	14.9019
AP3M2	NA	447	3670	6.06123
AP3S1	NA	1370	1289	52.8917
AP3S2	NA	1136	6053	9.33958
AP4B1	NA	377	3479	5.3927
AP4B1-AS1	NA	91	2148	2.10827
AP4E1	NA	545	6782	3.99906
AP4M1	NA	243	1868	6.47365
AP4S1	NA	142	6323	1.1176
AP5B1	NA	1258	6595	9.49261
AP5M1	NA	714	3095	11.4804
AP5S1	NA	210	1960	5.33191
AP5Z1	NA	1234	5519	11.1269
APAF1	NA	515	7191	3.564
APBA1	NA	0	6584	0
APBA2	NA	583	3637	7.9771
APBA3	NA	603	2158	13.9055
APBB1	NA	1323	3616	18.2075
APBB1IP	NA	0	2637	0
APBB2	NA	2474	9189	13.3983
APBB3	NA	327	2158	7.54077
APC	NA	605	11216	2.68434
APC2	NA	371	10151	1.8188
APCDD1	NA	7	2562	0.135969
APCDD1L	NA	13	3961	0.163327
APCDD1L-AS1	NA	7	2096	0.166198
APCS	NA	0	931	0
APEH	NA	1936	2758	34.9326
APELA	NA	0	2622	0
APEX1	NA	3544	1553	113.564
APEX2	NA	856	2095	20.3334
APH1A	NA	3416	2266	75.0201
APH1B	NA	381	4193	4.52189
API5	NA	3518	3830	45.7106
APIP	NA	303	1277	11.8079
APITD1	NA	208	1898	5.45364
APITD1-CORT	NA	136	2151	3.14643
APLF	NA	45	3849	0.581814
APLN	NA	6	3224	0.0926138
APLNR	NA	1	3876	0.0128391
APLP1	NA	1432	2450	29.0868
APLP2	NA	17636	3992	219.851
APMAP	NA	3373	2221	75.5766
APOA1	NA	30	897	1.66436
APOA1-AS	NA	5	563	0.441958
APOA1BP	NA	947	1121	42.0401
APOA2	NA	8	473	0.841683
APOA4	NA	0	1460	0
APOA5	NA	1	1932	0.025758
APOB	NA	0	14121	0
APOBEC1	NA	0	903	0
APOBEC2	NA	9	1634	0.274101
APOBEC3A	NA	94	1444	3.23952
APOBEC3A_B	NA	193	1103	8.70766
APOBEC3B	NA	453	1538	14.6576
APOBEC3B-AS1	NA	92	702	6.52184
APOBEC3C	NA	694	1109	31.1421
APOBEC3D	NA	75	2503	1.49115
APOBEC3F	NA	358	5031	3.54118
APOBEC3G	NA	137	1834	3.71741
APOBEC3H	NA	129	1146	5.60176
APOBEC4	NA	2	2778	0.0358276
APOBR	NA	91	3792	1.19424
APOC1	NA	724	461	78.1551
APOC1P1	NA	17	939	0.900955
APOC2	NA	0	729	0
APOC3	NA	0	533	0
APOC4	NA	0	615	0
APOC4-APOC2	NA	0	1829	0
APOD	NA	56	1130	2.46621
APOE	NA	21742	1460	741.082
APOF	NA	1	1689	0.0294639
APOH	NA	0	1201	0
APOL1	NA	58	3056	0.944483
APOL2	NA	607	2768	10.913
APOL3	NA	11	4099	0.133547
APOL4	NA	1	3415	0.0145723
APOL5	NA	0	1437	0
APOL6	NA	34	10139	0.16688
APOLD1	NA	187	4825	1.9287
APOM	NA	192	6370	1.49997
APOO	NA	489	1129	21.5543
APOOL	NA	364	6467	2.80103
APOOP5	NA	48	1051	2.27278
APOPT1	NA	417	3110	6.6726
APP	NA	22409	4015	277.752
APPBP2	NA	1318	6499	10.0923
APPL1	NA	1274	6060	10.462
APPL2	NA	545	3563	7.61203
APRT	NA	2297	807	141.647
APTR	NA	276	1978	6.94388
APTX	NA	1036	2376	21.6987
AQP1	NA	120	3172	1.88264
AQP10	NA	0	1791	0
AQP11	NA	51	2153	1.17882
AQP12A	NA	0	1084	0
AQP12B	NA	1	1114	0.0446719
AQP2	NA	1	4179	0.0119082
AQP3	NA	139	1871	3.69709
AQP4	NA	0	5217	0
AQP4-AS1	NA	1	2392	0.0208046
AQP5	NA	0	1825	0
AQP6	NA	11	2654	0.206258
AQP7	NA	13	1256	0.515078
AQP7P1	NA	106	3180	1.65882
AQP7P3	NA	61	529	5.73844
AQP8	NA	4	1308	0.152185
AQP9	NA	0	3021	0
AQR	NA	2049	5080	20.0723
AR	NA	0	10838	0
ARAF	NA	876	3129	13.9321
ARAP1	NA	1361	5646	11.996
ARAP2	NA	7	7362	0.0473175
ARAP3	NA	10	5262	0.0945733
ARC	NA	70	2948	1.18165
ARCN1	NA	3699	4015	45.8478
AREG	NA	0	2552	0
AREL1	NA	1685	5445	15.4
ARF1	NA	7985	2198	180.787
ARF3	NA	6057	3537	85.2201
ARF4	NA	5268	1740	150.666
ARF5	NA	3653	1096	165.867
ARF6	NA	2993	3939	37.8129
ARFGAP1	NA	3239	4298	37.5028
ARFGAP2	NA	1989	3022	32.7537
ARFGAP3	NA	1116	2833	19.6037
ARFGEF1	NA	1108	7225	7.6317
ARFGEF2	NA	786	9004	4.34417
ARFGEF3	NA	10	14882	0.0334394
ARFIP1	NA	543	3230	8.36598
ARFIP2	NA	1627	3846	21.0522
ARFRP1	NA	1118	2674	20.8065
ARG1	NA	1	1496	0.033265
ARG2	NA	1347	1980	33.8549
ARGFX	NA	1	5065	0.00982517
ARGFXP2	NA	0	1204	0
ARGLU1	NA	1697	1751	48.2298
ARHGAP1	NA	1665	3446	24.0447
ARHGAP10	NA	511	3056	8.32122
ARHGAP11A	NA	1207	6274	9.57376
ARHGAP11B	NA	74	1017	3.62102
ARHGAP12	NA	472	5105	4.60114
ARHGAP15	NA	0	1759	0
ARHGAP17	NA	1699	3509	24.0951
ARHGAP18	NA	203	3499	2.88717
ARHGAP19	NA	459	5565	4.10456
ARHGAP19-SLIT1	NA	44	1916	1.14282
ARHGAP20	NA	1	6868	0.00724585
ARHGAP21	NA	921	7167	6.39502
ARHGAP22	NA	149	4097	1.80984
ARHGAP23	NA	203	5906	1.7105
ARHGAP24	NA	50	5765	0.431609
ARHGAP25	NA	6	3411	0.0875365
ARHGAP26	NA	7	9041	0.0385302
ARHGAP26-AS1	NA	0	977	0
ARHGAP26-IT1	NA	0	388	0
ARHGAP27	NA	663	10054	3.28166
ARHGAP28	NA	0	5531	0
ARHGAP29	NA	165	9117	0.900641
ARHGAP30	NA	52	4425	0.584803
ARHGAP31	NA	17	8079	0.104715
ARHGAP31-AS1	NA	0	624	0
ARHGAP32	NA	9	10446	0.0428758
ARHGAP33	NA	295	4401	3.33573
ARHGAP35	NA	3044	8888	17.0436
ARHGAP36	NA	1	3089	0.0161102
ARHGAP39	NA	601	5270	5.67523
ARHGAP4	NA	462	3372	6.81827
ARHGAP40	NA	509	2838	8.92534
ARHGAP42	NA	1	4752	0.0104723
ARHGAP44	NA	44	4256	0.514483
ARHGAP5	NA	1271	9604	6.58587
ARHGAP5-AS1	NA	86	1281	3.34094
ARHGAP6	NA	0	6415	0
ARHGAP8	NA	451	1725	13.0109
ARHGAP9	NA	47	2975	0.786195
ARHGDIA	NA	8199	2382	171.293
ARHGDIB	NA	63	1216	2.57826
ARHGDIG	NA	84	942	4.4376
ARHGEF1	NA	820	3328	12.2617
ARHGEF10	NA	1102	5690	9.63804
ARHGEF10L	NA	447	4494	4.94987
ARHGEF11	NA	921	6889	6.65308
ARHGEF12	NA	1727	10022	8.57546
ARHGEF15	NA	11	4246	0.128924
ARHGEF16	NA	366	2904	6.27197
ARHGEF17	NA	1385	7813	8.82168
ARHGEF18	NA	1078	5876	9.1297
ARHGEF19	NA	44	3029	0.722891
ARHGEF2	NA	1472	4291	17.0714
ARHGEF25	NA	79	2946	1.33449
ARHGEF26	NA	421	5414	3.86975
ARHGEF26-AS1	NA	3	2598	0.0574648
ARHGEF28	NA	49	6508	0.374687
ARHGEF3	NA	1589	4785	16.5258
ARHGEF3-AS1	NA	0	487	0
ARHGEF33	NA	4	4304	0.0462495
ARHGEF34P	NA	1	4204	0.0118374
ARHGEF35	NA	0	2474	0
ARHGEF37	NA	9	4865	0.0920618
ARHGEF38	NA	19	6091	0.155233
ARHGEF38-IT1	NA	0	453	0
ARHGEF39	NA	628	3763	8.3051
ARHGEF4	NA	4	4247	0.0468703
ARHGEF40	NA	882	5985	7.33371
ARHGEF5	NA	1	5488	0.00906787
ARHGEF6	NA	7	5518	0.06313
ARHGEF7	NA	1247	8780	7.06792
ARHGEF7-AS1	NA	0	419	0
ARHGEF7-AS2	NA	5	1239	0.200825
ARHGEF9	NA	287	5881	2.42857
ARHGEF9-IT1	NA	0	394	0
ARID1A	NA	2431	8585	14.0917
ARID1B	NA	1274	9638	6.57812
ARID2	NA	420	8466	2.46883
ARID3A	NA	1242	2810	21.9956
ARID3B	NA	4654	4274	54.189
ARID3C	NA	2	1239	0.0803301
ARID4A	NA	433	5772	3.7332
ARID4B	NA	723	6395	5.62623
ARID5A	NA	185	2206	4.17336
ARID5B	NA	286	8214	1.73273
ARIH1	NA	1501	5251	14.2252
ARIH2	NA	1949	4062	23.8776
ARIH2OS	NA	48	1598	1.4948
ARL1	NA	1685	3241	25.8726
ARL10	NA	0	2405	0
ARL11	NA	5	3760	0.0661762
ARL13A	NA	1	1537	0.0323777
ARL13B	NA	325	3992	4.05147
ARL14	NA	36	1288	1.39093
ARL14EP	NA	389	2378	8.14062
ARL14EPL	NA	1	642	0.0775148
ARL15	NA	45	2486	0.900805
ARL16	NA	968	1207	39.9105
ARL17A	NA	2669	31166	4.26174
ARL17B	NA	239	1730	6.87498
ARL2	NA	1370	980	69.5687
ARL2-SNX15	NA	833	2463	16.8306
ARL2BP	NA	1738	2100	41.186
ARL3	NA	1359	3874	17.4574
ARL4A	NA	283	3428	4.10833
ARL4C	NA	4565	4012	56.6239
ARL4D	NA	547	1585	17.1742
ARL5A	NA	985	3169	15.468
ARL5B	NA	201	3589	2.78703
ARL5C	NA	0	941	0
ARL6	NA	28	2229	0.625126
ARL6IP1	NA	5718	2264	125.686
ARL6IP4	NA	2693	1871	71.6279
ARL6IP5	NA	2011	2128	47.0284
ARL6IP6	NA	251	2826	4.41999
ARL8A	NA	793	1795	21.9851
ARL8B	NA	2449	2985	40.8286
ARL9	NA	2	836	0.119054
ARMC1	NA	723	3042	11.8277
ARMC10	NA	719	2634	13.5842
ARMC12	NA	19	1224	0.772488
ARMC2	NA	52	3736	0.692654
ARMC2-AS1	NA	0	717	0
ARMC3	NA	0	4135	0
ARMC4	NA	2	3898	0.0255333
ARMC5	NA	410	5044	4.04509
ARMC6	NA	1058	2488	21.1619
ARMC7	NA	566	2822	9.98111
ARMC8	NA	657	6657	4.91141
ARMC9	NA	1671	7106	11.7023
ARMCX1	NA	0	2133	0
ARMCX2	NA	959	2903	16.4396
ARMCX3	NA	1189	3465	17.0765
ARMCX4	NA	100	15204	0.327312
ARMCX5	NA	270	3048	4.40827
ARMCX5-GPRASP2	NA	464	3940	5.86059
ARMCX6	NA	807	1936	20.7438
ARMS2	NA	2	808	0.123179
ARMT1	NA	715	2603	13.6695
ARNT	NA	788	4943	7.93332
ARNT2	NA	42	6558	0.318711
ARNTL	NA	36	2920	0.613535
ARNTL2	NA	373	7444	2.49357
ARNTL2-AS1	NA	2	813	0.122422
ARPC1A	NA	1781	1607	55.1528
ARPC1B	NA	2732	1531	88.8025
ARPC2	NA	4750	1571	150.466
ARPC3	NA	5012	953	261.721
ARPC4	NA	2749	2081	65.7389
ARPC4-TTLL3	NA	1710	3987	21.3437
ARPC5	NA	3465	2086	82.6625
ARPC5L	NA	1046	1025	50.7841
ARPIN	NA	429	6735	3.16985
ARPP19	NA	3631	5739	31.4854
ARPP21	NA	0	6873	0
ARR3	NA	4	1309	0.152069
ARRB1	NA	1382	7522	9.14312
ARRB2	NA	465	2025	11.4274
ARRDC1	NA	572	1598	17.8131
ARRDC1-AS1	NA	410	1545	13.2061
ARRDC2	NA	353	2945	5.96498
ARRDC3	NA	333	4161	3.98259
ARRDC3-AS1	NA	35	2502	0.696146
ARRDC4	NA	582	4067	7.12145
ARRDC5	NA	0	1638	0
ARSA	NA	1331	4315	15.3503
ARSB	NA	593	6675	4.42103
ARSD	NA	10	5183	0.0960148
ARSE	NA	0	2668	0
ARSF	NA	0	2349	0
ARSG	NA	32	2844	0.559938
ARSH	NA	0	1689	0
ARSI	NA	3321	3167	52.1844
ARSJ	NA	4	4678	0.0425519
ARSK	NA	248	3345	3.68956
ART1	NA	2	1312	0.0758605
ART3	NA	4	1728	0.115196
ART4	NA	0	1371	0
ART5	NA	584	1688	17.2171
ARTN	NA	22	1944	0.563178
ARV1	NA	181	1445	6.23348
ARVCF	NA	1243	4036	15.3264
ARX	NA	12	2874	0.207785
AS3MT	NA	38	2466	0.766849
ASAH1	NA	1072	2962	18.0106
ASAH2	NA	45	2418	0.926138
ASAH2B	NA	23	652	1.7555
ASAP1	NA	2616	6346	20.5143
ASAP1-IT1	NA	0	1179	0
ASAP1-IT2	NA	4	2031	0.0980098
ASAP2	NA	464	5717	4.03896
ASAP3	NA	956	4152	11.4583
ASB1	NA	965	6833	7.02806
ASB10	NA	0	2315	0
ASB11	NA	0	2978	0
ASB12	NA	3	1293	0.115463
ASB13	NA	457	2808	8.09914
ASB14	NA	69	3207	1.0707
ASB15	NA	2	3033	0.0328154
ASB16	NA	109	2139	2.53592
ASB16-AS1	NA	307	2258	6.76603
ASB17	NA	0	1107	0
ASB18	NA	2	1401	0.0710414
ASB2	NA	307	3332	4.58514
ASB3	NA	583	2818	10.2955
ASB4	NA	0	4322	0
ASB5	NA	1	3029	0.0164293
ASB6	NA	2120	4622	22.8258
ASB7	NA	386	5130	3.74446
ASB8	NA	286	2613	5.44686
ASB9	NA	20	2058	0.48362
ASB9P1	NA	1	1625	0.0306243
ASCC1	NA	834	3513	11.8143
ASCC2	NA	2149	2823	37.8831
ASCC3	NA	2644	11384	11.5581
ASCL1	NA	0	2484	0
ASCL2	NA	0	1849	0
ASCL3	NA	1	650	0.0765608
ASCL4	NA	0	2260	0
ASCL5	NA	5	1420	0.175227
ASF1A	NA	603	2508	11.9649
ASF1B	NA	1653	1731	47.5221
ASGR1	NA	128	1503	4.23809
ASGR2	NA	0	1544	0
ASH1L	NA	603	11774	2.54867
ASH1L-AS1	NA	188	1964	4.76361
ASH2L	NA	764	3301	11.5177
ASIC1	NA	574	4736	6.03142
ASIC2	NA	0	4271	0
ASIC3	NA	85	2314	1.828
ASIC4	NA	7	2844	0.122486
ASIC5	NA	0	1692	0
ASIP	NA	6	584	0.511279
ASL	NA	373	2118	8.764
ASMT	NA	46	2838	0.806613
ASMTL	NA	3162	4556	34.538
ASMTL-AS1	NA	592	6034	4.88243
ASNA1	NA	1969	1280	76.5518
ASNS	NA	2415	2526	47.5777
ASNSD1	NA	839	2471	16.897
ASPA	NA	0	1483	0
ASPDH	NA	3	1257	0.11877
ASPG	NA	0	1972	0
ASPH	NA	1506	12033	6.22832
ASPHD1	NA	857	1478	28.8553
ASPHD2	NA	239	3313	3.59001
ASPM	NA	1632	10888	7.45919
ASPN	NA	1	2524	0.0197165
ASPRV1	NA	19	2174	0.434924
ASPSCR1	NA	456	2125	10.6789
ASRGL1	NA	351	2419	7.22089
ASS1	NA	1	1848	0.0269288
ASTE1	NA	147	2853	2.5641
ASTL	NA	2	1296	0.0767971
ASTN1	NA	0	7705	0
ASTN2	NA	327	7923	2.05389
ASTN2-AS1	NA	1	1756	0.0283397
ASUN	NA	456	2976	7.6252
ASXL1	NA	2120	7425	14.2089
ASXL2	NA	225	7174	1.56078
ASXL3	NA	1	7642	0.00651197
ASZ1	NA	0	1865	0
ATAD1	NA	1165	3034	19.1086
ATAD2	NA	1481	5564	13.2461
ATAD2B	NA	365	8187	2.21864
ATAD3A	NA	1758	2807	31.1671
ATAD3B	NA	1888	2433	38.6171
ATAD3C	NA	154	3859	1.98594
ATAD5	NA	273	6865	1.97898
ATAT1	NA	298	18892	0.784979
ATCAY	NA	4	5036	0.039527
ATE1	NA	636	5514	5.73997
ATE1-AS1	NA	22	951	1.15123
ATF1	NA	349	2505	6.93326
ATF2	NA	893	4852	9.15905
ATF3	NA	3939	2545	77.0225
ATF4	NA	9261	2027	227.365
ATF5	NA	3090	2604	59.0523
ATF6	NA	1014	7546	6.68715
ATF6B	NA	1992	10464	9.47352
ATF7	NA	467	7351	3.16148
ATF7IP	NA	1242	10120	6.10746
ATF7IP2	NA	51	3708	0.684463
ATG10	NA	240	2426	4.92312
ATG101	NA	1188	1437	41.1414
ATG12	NA	799	4562	8.71588
ATG13	NA	2263	6074	18.5408
ATG14	NA	581	4743	6.09597
ATG16L1	NA	1294	3405	18.912
ATG16L2	NA	351	2145	8.14328
ATG2A	NA	1721	6373	13.4387
ATG2B	NA	605	11099	2.71263
ATG3	NA	955	3060	15.5311
ATG4A	NA	583	2314	12.5379
ATG4B	NA	1421	2897	24.4099
ATG4C	NA	211	2724	3.85474
ATG4D	NA	823	2052	19.9592
ATG5	NA	899	3404	13.1429
ATG7	NA	1785	5051	17.5865
ATG9A	NA	1625	3822	21.1584
ATG9B	NA	618	4987	6.16693
ATHL1	NA	1279	3268	19.4764
ATIC	NA	2396	2084	57.2148
ATL1	NA	40	2931	0.679147
ATL2	NA	1290	4711	13.6269
ATL3	NA	887	7502	5.88391
ATM	NA	1224	13147	4.63313
ATMIN	NA	1854	5160	17.8805
ATN1	NA	2525	4419	28.4352
ATOH1	NA	0	1065	0
ATOH7	NA	7	1519	0.229329
ATOH8	NA	429	5863	3.6413
ATOX1	NA	989	489	100.648
ATP10A	NA	406	5234	3.86022
ATP10B	NA	0	7566	0
ATP10D	NA	98	6550	0.744568
ATP11A	NA	991	8855	5.56935
ATP11A-AS1	NA	0	4024	0
ATP11AUN	NA	0	2241	0
ATP11B	NA	820	7320	5.57471
ATP11C	NA	7	6118	0.0569388
ATP12A	NA	0	3734	0
ATP13A1	NA	2403	3864	30.9483
ATP13A2	NA	3408	4040	41.9796
ATP13A3	NA	1850	7328	12.5634
ATP13A4	NA	3	7599	0.0196465
ATP13A4-AS1	NA	0	1542	0
ATP13A5	NA	0	3657	0
ATP13A5-AS1	NA	0	635	0
ATP1A1	NA	4525	4300	52.3685
ATP1A1-AS1	NA	1430	2635	27.0069
ATP1A2	NA	11	5457	0.100313
ATP1A3	NA	110	3711	1.4751
ATP1A4	NA	45	3955	0.566221
ATP1B1	NA	1876	2200	42.4355
ATP1B2	NA	42	3453	0.605302
ATP1B3	NA	4918	1853	132.079
ATP1B4	NA	0	4773	0
ATP2A1	NA	245	3588	3.39808
ATP2A1-AS1	NA	124	584	10.5664
ATP2A2	NA	3762	8314	22.5179
ATP2A3	NA	118	4885	1.20209
ATP2B1	NA	1401	6933	10.0563
ATP2B2	NA	3	8962	0.0166585
ATP2B2-IT2	NA	0	512	0
ATP2B3	NA	1	6574	0.0075699
ATP2B4	NA	1540	8920	8.59163
ATP2C1	NA	959	6245	7.64198
ATP2C2	NA	31	3538	0.436037
ATP4A	NA	1	3559	0.0139827
ATP4B	NA	0	1497	0
ATP5A1	NA	15736	2428	322.526
ATP5B	NA	15089	1843	407.432
ATP5C1	NA	1731	1146	75.1678
ATP5D	NA	1881	996	93.9829
ATP5E	NA	5931	439	672.331
ATP5EP2	NA	1664	368	225.022
ATP5F1	NA	3934	2101	93.1811
ATP5G1	NA	655	646	50.4578
ATP5G2	NA	3445	1287	133.208
ATP5G3	NA	4785	3482	68.3869
ATP5H	NA	2564	622	205.139
ATP5I	NA	2645	365	360.622
ATP5J	NA	2772	1296	106.441
ATP5J2	NA	4013	511	390.812
ATP5J2-PTCD1	NA	2137	5538	19.2031
ATP5L	NA	4055	1391	145.072
ATP5L2	NA	64	799	3.98614
ATP5O	NA	5924	806	365.763
ATP5S	NA	160	2187	3.64075
ATP5SL	NA	1468	1829	39.9422
ATP6AP1	NA	2644	2100	62.6559
ATP6AP1L	NA	90	2346	1.90912
ATP6AP2	NA	1673	2036	40.8919
ATP6V0A1	NA	2978	4161	35.6161
ATP6V0A2	NA	413	6541	3.14214
ATP6V0A4	NA	13	3357	0.192713
ATP6V0B	NA	1536	2068	36.9624
ATP6V0C	NA	4342	1231	175.53
ATP6V0CP3	NA	0	619	0
ATP6V0D1	NA	2959	1670	88.1755
ATP6V0D2	NA	1	2370	0.0209977
ATP6V0E1	NA	2803	882	158.152
ATP6V0E2	NA	915	2801	16.2565
ATP6V0E2-AS1	NA	109	3069	1.76746
ATP6V1A	NA	3066	4593	33.2197
ATP6V1B1	NA	32	1939	0.821281
ATP6V1B1-AS1	NA	7	944	0.369016
ATP6V1B2	NA	2068	3044	33.8085
ATP6V1C1	NA	1349	5704	11.7693
ATP6V1C2	NA	4661	3240	71.5902
ATP6V1D	NA	2585	1806	71.2299
ATP6V1E1	NA	3007	1405	106.507
ATP6V1E2	NA	59	1979	1.48363
ATP6V1F	NA	2606	817	158.735
ATP6V1G1	NA	3142	1611	97.0578
ATP6V1G2	NA	234	11221	1.03778
ATP6V1G2-DDX39B	NA	7762	17214	22.4394
ATP6V1G3	NA	0	678	0
ATP6V1H	NA	1474	2349	31.2273
ATP7A	NA	69	8529	0.402597
ATP7B	NA	753	6641	5.64262
ATP8A1	NA	62	8342	0.369863
ATP8A2	NA	8	5006	0.0795278
ATP8B1	NA	139	5937	1.16511
ATP8B2	NA	1502	6303	11.8588
ATP8B3	NA	62	5600	0.550964
ATP8B4	NA	10	5884	0.084576
ATP8B5P	NA	262	4418	2.95118
ATP9A	NA	914	7622	5.96756
ATP9B	NA	256	4479	2.84432
ATPAF1	NA	1252	2152	28.9522
ATPAF2	NA	699	1552	22.4133
ATPIF1	NA	4233	1925	109.43
ATR	NA	608	8251	3.66705
ATRAID	NA	1191	1398	42.3959
ATRIP	NA	313	3126	4.98282
ATRN	NA	1067	8731	6.08163
ATRNL1	NA	9	9118	0.0491205
ATRX	NA	1464	11220	6.49334
ATXN1	NA	8	10636	0.037431
ATXN10	NA	3166	3330	47.3136
ATXN1L	NA	734	7886	4.6319
ATXN2	NA	966	4702	10.2238
ATXN2L	NA	3034	4430	34.0825
ATXN3	NA	552	7080	3.87994
ATXN3L	NA	3	1751	0.0852618
ATXN7	NA	346	7524	2.28848
ATXN7L1	NA	120	7079	0.843585
ATXN7L2	NA	150	2382	3.13378
ATXN7L3	NA	1590	3614	21.8942
ATXN7L3B	NA	2176	3682	29.41
ATXN8OS	NA	0	1472	0
AUH	NA	167	1633	5.0892
AUNIP	NA	629	2408	12.9991
AUP1	NA	2997	1911	78.0451
AURKA	NA	1796	2547	35.0911
AURKAIP1	NA	3047	1147	132.199
AURKAPS1	NA	134	1537	4.33861
AURKB	NA	1796	1300	68.7516
AURKC	NA	15	1301	0.573764
AUTS2	NA	339	7006	2.40796
AVEN	NA	780	1531	25.3536
AVIL	NA	35	2994	0.581749
AVL9	NA	816	7065	5.74775
AVP	NA	1	619	0.080395
AVPI1	NA	644	1392	23.0232
AVPR1A	NA	5	7831	0.031774
AVPR1B	NA	0	1773	0
AVPR2	NA	6	2194	0.136093
AWAT1	NA	3	1399	0.106714
AWAT2	NA	0	2124	0
AXDND1	NA	2	3862	0.0257714
AXIN1	NA	1394	3660	18.954
AXIN2	NA	351	4232	4.12744
AXL	NA	1505	4900	15.2848
AZGP1	NA	1	1265	0.0393395
AZGP1P1	NA	1	1181	0.0421376
AZI2	NA	667	3751	8.84909
AZIN1	NA	3189	4385	36.1913
AZIN1-AS1	NA	20	884	1.12589
AZIN2	NA	103	2569	1.99523
AZU1	NA	33	912	1.80069
B2M	NA	6736	987	339.629
B3GALNT1	NA	0	3641	0
B3GALNT2	NA	1090	5611	9.66731
B3GALT1	NA	0	2168	0
B3GALT2	NA	1	3548	0.0140261
B3GALT4	NA	24	8430	0.141678
B3GALT5	NA	0	3007	0
B3GALT5-AS1	NA	0	2192	0
B3GALT6	NA	1130	2792	20.1411
B3GAT1	NA	3	3656	0.0408352
B3GAT2	NA	133	1925	3.43827
B3GAT3	NA	1671	2321	35.8279
B3GLCT	NA	435	4213	5.13828
B3GNT2	NA	1035	2749	18.7364
B3GNT3	NA	0	2720	0
B3GNT4	NA	36	1504	1.19117
B3GNT5	NA	5	4123	0.0603499
B3GNT6	NA	0	2546	0
B3GNT7	NA	13	3625	0.178466
B3GNT8	NA	24	1874	0.637325
B3GNT9	NA	116	2705	2.13408
B3GNTL1	NA	103	1383	3.70625
B4GALNT1	NA	304	3882	3.89706
B4GALNT2	NA	0	2110	0
B4GALNT3	NA	181	3438	2.61995
B4GALNT4	NA	599	3454	8.63026
B4GALT1	NA	1897	4199	22.4823
B4GALT1-AS1	NA	24	1346	0.887331
B4GALT2	NA	878	2425	18.0178
B4GALT3	NA	605	2415	12.4669
B4GALT4	NA	501	2344	10.6365
B4GALT4-AS1	NA	12	544	1.09775
B4GALT5	NA	1890	4727	19.8974
B4GALT6	NA	11	4814	0.113712
B4GALT7	NA	669	1727	19.2776
B4GAT1	NA	396	2070	9.52016
B9D1	NA	743	1775	20.831
B9D2	NA	136	1031	6.56447
BAALC	NA	14	2849	0.244543
BAALC-AS1	NA	1	726	0.0685461
BAALC-AS2	NA	0	496	0
BAAT	NA	6	3528	0.0846335
BABAM1	NA	2266	1498	75.2779
BACE1	NA	1101	6020	9.10145
BACE1-AS	NA	38	825	2.29218
BACE2	NA	0	8930	0
BACH1	NA	818	6870	5.92538
BACH1-IT2	NA	0	802	0
BACH2	NA	27	9280	0.144789
BAD	NA	1445	1224	58.7498
BAG1	NA	1072	3872	13.7778
BAG2	NA	961	2052	23.3059
BAG3	NA	1863	2569	36.0885
BAG4	NA	921	4464	10.2673
BAG5	NA	1016	5254	9.62328
BAG6	NA	6181	27003	11.3911
BAGE	NA	0	951	0
BAGE2	NA	3	1891	0.0789495
BAGE3	NA	3	1891	0.0789495
BAGE4	NA	3	1756	0.0850191
BAGE5	NA	3	1755	0.0850675
BAHCC1	NA	343	10289	1.65898
BAHD1	NA	1713	4832	17.6421
BAIAP2	NA	1211	4897	12.3065
BAIAP2-AS1	NA	742	4421	8.35224
BAIAP2L1	NA	1544	3670	20.9363
BAIAP2L2	NA	96	2145	2.22722
BAIAP3	NA	329	5080	3.22294
BAK1	NA	1818	2193	41.2548
BAMBI	NA	2707	1724	78.1395
BANCR	NA	9	675	0.663527
BANF1	NA	3406	1152	147.134
BANF2	NA	0	640	0
BANK1	NA	1	3558	0.0139866
BANP	NA	330	2696	6.09135
BAP1	NA	2374	3701	31.9213
BARD1	NA	260	5506	2.34994
BARHL1	NA	0	1907	0
BARHL2	NA	0	1496	0
BARX1	NA	4	1482	0.134317
BARX2	NA	0	1767	0
BASP1	NA	0	1963	0
BASP1P1	NA	0	1152	0
BATF	NA	0	940	0
BATF2	NA	41	2344	0.870454
BATF3	NA	206	981	10.45
BAX	NA	5255	1305	200.393
BAZ1A	NA	596	6016	4.93013
BAZ1B	NA	3499	6115	28.4752
BAZ2A	NA	2472	9141	13.4578
BAZ2B	NA	448	10723	2.07913
BBC3	NA	1836	2095	43.6122
BBIP1	NA	646	2460	13.0682
BBOX1	NA	0	1886	0
BBOX1-AS1	NA	1	1180	0.0421733
BBS1	NA	744	3370	10.9866
BBS10	NA	332	3583	4.61117
BBS12	NA	219	3432	3.17553
BBS2	NA	768	2814	13.5818
BBS4	NA	214	2874	3.7055
BBS5	NA	206	3157	3.24722
BBS7	NA	582	4282	6.76388
BBS9	NA	464	4019	5.74539
BBX	NA	22	9025	0.12131
BCAM	NA	1211	3431	17.5648
BCAN	NA	286	4050	3.51423
BCAP29	NA	894	6098	7.29575
BCAP31	NA	3693	2396	76.703
BCAR1	NA	6847	5392	63.1932
BCAR3	NA	1022	4262	11.9332
BCAR4	NA	1	1310	0.0379882
BCAS1	NA	46	3475	0.658753
BCAS2	NA	1310	1301	50.1088
BCAS3	NA	532	3609	7.33575
BCAS4	NA	499	1378	18.0207
BCAT1	NA	13	10227	0.0632579
BCAT2	NA	1392	2080	33.3039
BCCIP	NA	2213	3373	32.6501
BCDIN3D	NA	76	3249	1.16408
BCDIN3D-AS1	NA	40	3088	0.644618
BCHE	NA	0	2447	0
BCKDHA	NA	775	1774	21.7404
BCKDHB	NA	513	3712	6.87747
BCKDK	NA	1644	2221	36.836
BCL10	NA	664	3104	10.6455
BCL11A	NA	0	7446	0
BCL11B	NA	0	8043	0
BCL2	NA	170	6620	1.27794
BCL2A1	NA	2	943	0.105545
BCL2L1	NA	7267	2559	141.32
BCL2L10	NA	1	1313	0.0379014
BCL2L11	NA	718	6212	5.75192
BCL2L12	NA	956	1904	24.9868
BCL2L13	NA	1298	5513	11.7167
BCL2L14	NA	16	2231	0.356895
BCL2L15	NA	3	4973	0.0300208
BCL2L2	NA	836	3658	11.3732
BCL2L2-PABPN1	NA	4345	2130	101.515
BCL3	NA	239	1864	6.38075
BCL6	NA	172	3975	2.15333
BCL6B	NA	2	3525	0.0282352
BCL7A	NA	227	3783	2.98613
BCL7B	NA	1002	2065	24.1472
BCL7C	NA	1124	2190	25.5412
BCL9	NA	1056	6192	8.48697
BCL9L	NA	2332	7738	14.9975
BCLAF1	NA	3559	7263	24.3855
BCO1	NA	4	2427	0.0820181
BCO2	NA	8	3002	0.132617
BCOR	NA	878	6746	6.47691
BCORL1	NA	1031	7349	6.98152
BCORP1	NA	1	3668	0.0135672
BCR	NA	1908	6927	13.7073
BCRP2	NA	121	2334	2.57991
BCRP3	NA	201	1425	7.01941
BCS1L	NA	317	1720	9.17171
BCYRN1	NA	0	191	0
BDH1	NA	16	3689	0.215839
BDH2	NA	885	2920	15.0827
BDKRB1	NA	39	1301	1.49179
BDKRB2	NA	11	4197	0.130429
BDNF	NA	3567	7729	22.9667
BDNF-AS	NA	492	3049	8.03022
BDP1	NA	792	11075	3.55878
BEAN1	NA	12	3520	0.169652
BEAN1-AS1	NA	3	483	0.309096
BECN1	NA	1776	2143	41.2421
BECN2	NA	4	1296	0.153594
BEGAIN	NA	168	2807	2.97842
BEND2	NA	0	4696	0
BEND3	NA	279	6660	2.08473
BEND3P3	NA	31	5920	0.260591
BEND4	NA	9	8850	0.050608
BEND5	NA	0	1849	0
BEND6	NA	70	2698	1.29115
BEND7	NA	148	3094	2.38046
BEST1	NA	95	3380	1.39871
BEST2	NA	1	1910	0.0260547
BEST3	NA	10	5388	0.0923617
BEST4	NA	65	2096	1.54327
BET1	NA	455	3061	7.39721
BET1L	NA	1223	2956	20.5893
BEX1	NA	2949	862	170.25
BEX2	NA	1027	1176	43.4593
BEX4	NA	1540	1282	59.7795
BEX5	NA	7	1017	0.342528
BFAR	NA	1263	3043	20.6548
BFSP1	NA	143	3009	2.36501
BFSP2	NA	4	1577	0.126226
BGLAP	NA	24	545	2.19146
BGLT3	NA	0	993	0
BGN	NA	9	2444	0.183257
BHLHA15	NA	5	706	0.35244
BHLHA9	NA	0	708	0
BHLHB9	NA	82	4281	0.953209
BHLHE22	NA	0	3397	0
BHLHE23	NA	0	1057	0
BHLHE40	NA	747	3034	12.2525
BHLHE40-AS1	NA	27	2718	0.494349
BHLHE41	NA	372	3780	4.89746
BHMT	NA	2	2500	0.0398116
BHMT2	NA	1	2651	0.018772
BICC1	NA	5	5471	0.0454803
BICD1	NA	341	3589	4.72825
BICD2	NA	1473	6416	11.425
BID	NA	563	2660	10.5329
BIK	NA	177	953	9.24272
BIN1	NA	291	2714	5.33584
BIN2	NA	3	2993	0.0498809
BIN3	NA	1090	1847	29.3683
BIN3-IT1	NA	0	1839	0
BIRC2	NA	1956	4265	22.8228
BIRC3	NA	29	6912	0.208792
BIRC5	NA	2103	2700	38.761
BIRC6	NA	1370	15702	4.34195
BIRC6-AS2	NA	0	588	0
BIRC7	NA	1290	1368	46.927
BIRC8	NA	0	2022	0
BISPR	NA	81	2092	1.92683
BIVM	NA	1200	3885	15.3713
BIVM-ERCC5	NA	1208	5143	11.6888
BLACAT1	NA	252	2616	4.79383
BLACE	NA	3	2452	0.0608864
BLCAP	NA	2008	2540	39.3414
BLID	NA	0	862	0
BLK	NA	0	2590	0
BLM	NA	294	4831	3.02852
BLMH	NA	2011	2537	39.4467
BLNK	NA	9	1828	0.245011
BLOC1S1	NA	416	1004	20.6196
BLOC1S1-RDH5	NA	211	1213	8.65648
BLOC1S2	NA	3726	2939	63.0903
BLOC1S3	NA	219	2600	4.1917
BLOC1S4	NA	696	1546	22.4037
BLOC1S5	NA	384	2787	6.85668
BLOC1S5-TXNDC5	NA	4444	3352	65.9766
BLOC1S6	NA	1105	3941	13.9533
BLVRA	NA	2381	1175	100.842
BLVRB	NA	1231	856	71.5655
BLZF1	NA	186	2316	3.99663
BMF	NA	384	4778	3.99949
BMI1	NA	1585	3430	22.9961
BMP1	NA	971	4229	11.4262
BMP10	NA	0	1584	0
BMP15	NA	0	1262	0
BMP2	NA	1	3150	0.0157983
BMP2K	NA	206	4355	2.35396
BMP3	NA	1	5734	0.00867884
BMP4	NA	8317	2073	199.658
BMP5	NA	0	2170	0
BMP6	NA	1050	3105	16.8286
BMP7	NA	3312	4031	40.8881
BMP7-AS1	NA	0	1012	0
BMP8A	NA	38	5626	0.336127
BMP8B	NA	107	3773	1.41129
BMPER	NA	3	5031	0.0296747
BMPR1A	NA	996	3616	13.7073
BMPR1B	NA	0	5944	0
BMPR1B-AS1	NA	0	643	0
BMPR2	NA	743	12070	3.06338
BMS1	NA	2284	8048	14.123
BMS1P17	NA	118	1450	4.0498
BMS1P18	NA	118	1450	4.0498
BMS1P20	NA	357	2011	8.83437
BMS1P21	NA	1	818	0.0608368
BMS1P4	NA	68	1960	1.72652
BMS1P5	NA	262	8467	1.5399
BMS1P6	NA	78	4696	0.826582
BMX	NA	0	2685	0
BNC1	NA	2	4935	0.020168
BNC2	NA	444	12926	1.70938
BNIP1	NA	167	1386	5.99615
BNIP2	NA	926	2517	18.3083
BNIP3	NA	1183	1633	36.0511
BNIP3L	NA	1618	3500	23.0054
BNIPL	NA	2	2412	0.0412641
BOC	NA	79	5630	0.698294
BOD1	NA	1282	1934	32.9876
BOD1L1	NA	1042	10542	4.91886
BOD1L2	NA	6	3347	0.0892103
BOK	NA	1776	2647	33.3894
BOK-AS1	NA	36	826	2.16891
BOLA1	NA	3	857	0.174205
BOLA2	NA	2553	2024	62.7711
BOLA2B	NA	2553	2024	62.7711
BOLA3	NA	619	554	55.6033
BOLA3-AS1	NA	154	4190	1.82905
BOLL	NA	0	3616	0
BOP1	NA	2193	2427	44.9664
BORA	NA	344	3189	5.36814
BPESC1	NA	0	3514	0
BPGM	NA	312	2230	6.96257
BPHL	NA	452	2231	10.0823
BPI	NA	0	1845	0
BPIFA1	NA	0	1078	0
BPIFA2	NA	1	1052	0.0473047
BPIFA3	NA	0	1181	0
BPIFA4P	NA	0	1203	0
BPIFB1	NA	0	1727	0
BPIFB2	NA	0	1920	0
BPIFB3	NA	0	1556	0
BPIFB4	NA	5	2174	0.114454
BPIFB6	NA	0	1362	0
BPIFC	NA	0	1980	0
BPNT1	NA	485	2507	9.62736
BPTF	NA	1300	11292	5.72917
BPY2	NA	0	2408	0
BPY2B	NA	0	2408	0
BPY2C	NA	0	2408	0
BRAF	NA	184	2946	3.10817
BRAP	NA	997	4036	12.2932
BRAT1	NA	1342	3013	22.1653
BRCA1	NA	651	7362	4.40053
BRCA2	NA	157	11386	0.686196
BRCAT107	NA	0	1100	0
BRCAT54	NA	1	1395	0.0356735
BRCC3	NA	651	2932	11.0493
BRD1	NA	931	4762	9.72926
BRD2	NA	3035	33048	4.57018
BRD3	NA	999	5635	8.82249
BRD4	NA	1867	7453	12.4662
BRD7	NA	1194	2312	25.7002
BRD7P3	NA	15	2461	0.303319
BRD8	NA	1597	4675	16.9998
BRD9	NA	1388	2924	23.6228
BRDT	NA	4	4051	0.049138
BRDTP1	NA	0	817	0
BRE	NA	548	2103	12.9676
BRE-AS1	NA	10	1659	0.299967
BREA2	NA	10	1002	0.496652
BRF1	NA	815	5387	7.52888
BRF2	NA	517	2000	12.8641
BRI3	NA	1970	1116	87.8459
BRI3BP	NA	166	1272	6.49442
BRICD5	NA	166	1031	8.01252
BRINP1	NA	0	3196	0
BRINP2	NA	1	3667	0.0135709
BRINP3	NA	0	2884	0
BRIP1	NA	458	8166	2.7911
BRIX1	NA	703	1273	27.4819
BRK1	NA	4259	1176	180.227
BRMS1	NA	1518	1437	52.5696
BRMS1L	NA	331	2584	6.37463
BROX	NA	685	4538	7.51183
BRPF1	NA	522	4728	5.4943
BRPF3	NA	1025	6023	8.46897
BRS3	NA	0	1413	0
BRSK1	NA	358	3081	5.78244
BRSK2	NA	163	5604	1.44747
BRWD1	NA	864	19881	2.16269
BRWD1-AS1	NA	1	691	0.0720181
BRWD1-IT2	NA	15	1009	0.739809
BRWD3	NA	526	12793	2.04613
BSCL2	NA	1625	2598	31.1268
BSDC1	NA	1504	5281	14.1727
BSG	NA	16778	2391	349.205
BSN	NA	79	15959	0.246343
BSN-AS2	NA	4	2603	0.0764725
BSND	NA	3	1370	0.108973
BSPH1	NA	0	654	0
BSPRY	NA	51	2348	1.08092
BST1	NA	11	1480	0.369871
BST2	NA	7649	1019	373.551
BSX	NA	0	702	0
BTAF1	NA	1086	7038	7.67892
BTBD1	NA	2784	3290	42.1107
BTBD10	NA	796	2922	13.5567
BTBD11	NA	188	5911	1.58277
BTBD16	NA	1	1848	0.0269288
BTBD17	NA	1	1678	0.029657
BTBD18	NA	3	3048	0.0489808
BTBD19	NA	166	1572	5.25503
BTBD2	NA	2424	2618	46.0768
BTBD3	NA	513	5192	4.91702
BTBD6	NA	736	1987	18.4331
BTBD7	NA	868	9581	4.50846
BTBD8	NA	4	1447	0.137566
BTBD9	NA	453	9382	2.40283
BTC	NA	0	1323	0
BTD	NA	119	3189	1.857
BTF3	NA	6168	1249	245.755
BTF3L4	NA	915	4643	9.80713
BTF3P11	NA	0	640	0
BTG1	NA	356	4680	3.7855
BTG2	NA	1845	2711	33.8678
BTG3	NA	2952	1594	92.1611
BTG4	NA	30	1013	1.47378
BTK	NA	2	3095	0.032158
BTLA	NA	1	3215	0.0154788
BTN1A1	NA	1	2851	0.0174551
BTN2A1	NA	429	3686	5.79191
BTN2A2	NA	592	3878	7.59685
BTN2A3P	NA	50	2483	1.0021
BTN3A1	NA	56	4191	0.664951
BTN3A2	NA	73	4120	0.88175
BTN3A3	NA	49	3002	0.812279
BTNL10	NA	1	780	0.0638006
BTNL2	NA	13	12104	0.0534483
BTNL3	NA	2	2440	0.0407906
BTNL8	NA	0	2414	0
BTNL9	NA	78	3940	0.985185
BTRC	NA	935	6164	7.54864
BUB1	NA	2776	3636	37.994
BUB1B	NA	1032	3742	13.7245
BUB3	NA	2381	2764	42.8688
BUD13	NA	516	2206	11.6403
BUD31	NA	1071	1043	51.1005
BVES	NA	635	5787	5.46059
BVES-AS1	NA	5	1715	0.145086
BYSL	NA	731	1990	18.2803
BZRAP1	NA	0	7698	0
BZRAP1-AS1	NA	132	2999	2.19037
BZW1	NA	8205	3669	111.289
BZW2	NA	1903	1873	50.5616
C10orf10	NA	184	2060	4.44498
C10orf105	NA	25	4934	0.252151
C10orf107	NA	13	1252	0.516724
C10orf11	NA	3	1594	0.0936597
C10orf111	NA	11	1714	0.319375
C10orf113	NA	5	614	0.405248
C10orf12	NA	171	4545	1.87233
C10orf120	NA	0	1064	0
C10orf126	NA	1	2148	0.0231678
C10orf128	NA	1	2050	0.0242754
C10orf131	NA	3	1176	0.12695
C10orf142	NA	0	1110	0
C10orf2	NA	798	3665	10.8355
C10orf25	NA	18	3375	0.265411
C10orf32	NA	432	2435	8.82885
C10orf32-ASMT	NA	73	2731	1.33021
C10orf35	NA	413	1076	19.1011
C10orf53	NA	0	1192	0
C10orf54	NA	154	4773	1.60564
C10orf55	NA	712	2513	14.0996
C10orf62	NA	3	1242	0.120204
C10orf67	NA	0	2943	0
C10orf71	NA	0	5286	0
C10orf71-AS1	NA	0	695	0
C10orf76	NA	823	4101	9.98688
C10orf82	NA	0	994	0
C10orf88	NA	283	3087	4.56215
C10orf90	NA	9	3080	0.145416
C10orf91	NA	7	738	0.472021
C10orf95	NA	74	1469	2.50686
C10orf99	NA	0	828	0
C11orf1	NA	193	983	9.77065
C11orf16	NA	14	1925	0.361924
C11orf21	NA	0	2262	0
C11orf24	NA	942	2102	22.3017
C11orf30	NA	408	6910	2.93834
C11orf31	NA	1341	1294	51.572
C11orf39	NA	9	678	0.660591
C11orf40	NA	0	654	0
C11orf42	NA	0	1143	0
C11orf44	NA	0	3547	0
C11orf45	NA	0	3867	0
C11orf49	NA	841	2528	16.5554
C11orf52	NA	146	1140	6.37335
C11orf53	NA	5	1208	0.205979
C11orf54	NA	123	2726	2.24543
C11orf57	NA	750	3782	9.86869
C11orf58	NA	2943	3980	36.7982
C11orf63	NA	35	3864	0.450765
C11orf65	NA	12	1033	0.578097
C11orf68	NA	1176	1558	37.5629
C11orf70	NA	0	2264	0
C11orf71	NA	114	2235	2.53832
C11orf72	NA	1	2431	0.0204708
C11orf73	NA	585	1347	21.6126
C11orf74	NA	237	1207	9.77149
C11orf80	NA	191	2326	4.08642
C11orf84	NA	1741	2038	42.5123
C11orf85	NA	5	1339	0.185827
C11orf86	NA	2	1185	0.0839907
C11orf87	NA	0	5937	0
C11orf88	NA	547	795	34.2405
C11orf91	NA	0	903	0
C11orf94	NA	2	368	0.270459
C11orf95	NA	1516	5582	13.5154
C11orf96	NA	16	1328	0.599572
C11orf97	NA	0	604	0
C11orf98	NA	1804	809	110.971
C12orf10	NA	656	1215	26.8687
C12orf29	NA	316	2874	5.47167
C12orf4	NA	516	3861	6.65073
C12orf40	NA	0	2793	0
C12orf42	NA	1	3353	0.0148418
C12orf43	NA	523	2911	8.94086
C12orf45	NA	364	622	29.1226
C12orf49	NA	1911	5278	18.0182
C12orf50	NA	4	1705	0.11675
C12orf54	NA	3	889	0.167934
C12orf56	NA	0	2069	0
C12orf57	NA	1440	1088	65.8648
C12orf60	NA	46	1126	2.03301
C12orf65	NA	477	2085	11.385
C12orf66	NA	53	3941	0.669251
C12orf71	NA	2	966	0.103032
C12orf73	NA	195	1693	5.73188
C12orf74	NA	0	2369	0
C12orf75	NA	1539	1366	56.067
C12orf76	NA	185	1947	4.72852
C12orf77	NA	0	1509	0
C12orf79	NA	5	2444	0.10181
C12orf80	NA	3	1292	0.115552
C14orf1	NA	1295	1540	41.8474
C14orf105	NA	2	3509	0.0283639
C14orf119	NA	2683	2945	45.3372
C14orf132	NA	105	7857	0.665047
C14orf142	NA	263	1176	11.1293
C14orf159	NA	897	4324	10.3235
C14orf166	NA	2147	1051	101.66
C14orf169	NA	3	2467	0.0605162
C14orf177	NA	0	1289	0
C14orf178	NA	2	646	0.15407
C14orf180	NA	1	2368	0.0210154
C14orf2	NA	2578	921	139.297
C14orf28	NA	92	2906	1.57548
C14orf37	NA	133	3082	2.14753
C14orf39	NA	0	2763	0
C14orf79	NA	253	1890	6.6616
C14orf80	NA	616	2048	14.9682
C14orf93	NA	138	2490	2.75803
C15orf26	NA	0	1575	0
C15orf27	NA	44	2399	0.912729
C15orf32	NA	0	1764	0
C15orf38-AP3S2	NA	1228	6256	9.76835
C15orf39	NA	1053	4427	11.8369
C15orf40	NA	479	2656	8.97485
C15orf41	NA	189	3323	2.83042
C15orf43	NA	0	1275	0
C15orf48	NA	8	953	0.41775
C15orf52	NA	469	5327	4.38137
C15orf53	NA	0	2043	0
C15orf54	NA	0	3090	0
C15orf56	NA	65	2127	1.52078
C15orf57	NA	497	2882	8.58187
C15orf59	NA	241	5974	2.00757
C15orf59-AS1	NA	5	785	0.316971
C15orf61	NA	220	1297	8.44116
C15orf62	NA	56	2490	1.1192
C15orf65	NA	43	752	2.84558
C16orf13	NA	780	968	40.0995
C16orf45	NA	614	2342	13.0467
C16orf46	NA	80	2226	1.78848
C16orf47	NA	0	1307	0
C16orf52	NA	305	4442	3.41697
C16orf54	NA	0	2596	0
C16orf58	NA	1029	2813	18.2039
C16orf59	NA	351	1628	10.7293
C16orf62	NA	657	3894	8.39632
C16orf70	NA	431	2841	7.54963
C16orf71	NA	13	2706	0.239076
C16orf72	NA	1138	3979	14.2327
C16orf74	NA	40	897	2.21915
C16orf78	NA	0	1083	0
C16orf82	NA	0	2269	0
C16orf86	NA	4	1269	0.156862
C16orf87	NA	307	1383	11.0468
C16orf89	NA	0	1907	0
C16orf90	NA	0	904	0
C16orf91	NA	441	978	22.4398
C16orf92	NA	0	895	0
C16orf93	NA	135	1792	3.749
C16orf95	NA	54	1161	2.31463
C16orf96	NA	27	3426	0.39219
C16orf97	NA	0	448	0
C17orf100	NA	49	1559	1.56412
C17orf102	NA	0	3997	0
C17orf104	NA	33	4680	0.350903
C17orf105	NA	0	827	0
C17orf107	NA	20	3082	0.322936
C17orf112	NA	0	835	0
C17orf47	NA	0	2127	0
C17orf49	NA	446	903	24.5791
C17orf50	NA	5	1031	0.241341
C17orf51	NA	258	7912	1.62276
C17orf53	NA	279	2725	5.09515
C17orf58	NA	126	1566	4.00404
C17orf59	NA	510	1914	13.2601
C17orf62	NA	926	3195	14.4231
C17orf64	NA	0	960	0
C17orf67	NA	61	2012	1.50876
C17orf74	NA	10	1649	0.301786
C17orf75	NA	389	4583	4.22396
C17orf77	NA	0	2761	0
C17orf78	NA	1	1862	0.0267264
C17orf80	NA	780	4088	9.49518
C17orf82	NA	0	1530	0
C17orf85	NA	1170	8184	7.11443
C17orf89	NA	1116	560	99.1735
C17orf96	NA	1745	3229	26.8935
C17orf97	NA	63	1839	1.70482
C17orf98	NA	0	566	0
C17orf99	NA	0	1090	0
C18orf21	NA	405	1127	17.8834
C18orf25	NA	1373	5465	12.5026
C18orf32	NA	708	1653	21.3147
C18orf42	NA	0	2302	0
C18orf54	NA	250	5693	2.18534
C18orf61	NA	3	2713	0.0550289
C18orf63	NA	0	5065	0
C18orf65	NA	2	2076	0.0479427
C18orf8	NA	514	2226	11.491
C19orf12	NA	605	5181	5.81114
C19orf18	NA	36	915	1.95795
C19orf24	NA	546	895	30.3591
C19orf25	NA	652	2257	14.3759
C19orf26	NA	299	2564	5.80327
C19orf33	NA	16	461	1.72718
C19orf35	NA	2	2570	0.0387272
C19orf38	NA	8	1089	0.365579
C19orf43	NA	3673	910	200.863
C19orf44	NA	919	3897	11.7356
C19orf45	NA	1	1679	0.0296394
C19orf47	NA	832	2243	18.4592
C19orf48	NA	2446	2246	54.1959
C19orf52	NA	417	1396	14.8652
C19orf53	NA	1895	909	103.744
C19orf54	NA	631	2753	11.4062
C19orf57	NA	31	2420	0.637479
C19orf60	NA	520	880	29.4063
C19orf66	NA	521	2135	12.1439
C19orf67	NA	0	1447	0
C19orf68	NA	700	3588	9.70879
C19orf70	NA	837	1100	37.8663
C19orf71	NA	35	671	2.59576
C19orf73	NA	48	744	3.21061
C19orf80	NA	0	872	0
C19orf81	NA	183	765	11.9044
C19orf84	NA	5	1447	0.171957
C1D	NA	196	1284	7.59645
C1GALT1	NA	621	6237	4.95491
C1GALT1C1	NA	286	1904	7.47513
C1GALT1C1L	NA	0	1170	0
C1QA	NA	0	1098	0
C1QB	NA	0	1044	0
C1QBP	NA	3897	1163	166.752
C1QC	NA	0	1191	0
C1QL1	NA	117	1500	3.88163
C1QL2	NA	0	2049	0
C1QL3	NA	0	2493	0
C1QL4	NA	8	2065	0.192792
C1QTNF1	NA	80	3642	1.09312
C1QTNF1-AS1	NA	1	966	0.051516
C1QTNF2	NA	0	2397	0
C1QTNF3	NA	44	3826	0.572305
C1QTNF3-AMACR	NA	415	3612	5.71768
C1QTNF4	NA	30	1414	1.05582
C1QTNF5	NA	85	3925	1.0777
C1QTNF6	NA	524	2936	8.88167
C1QTNF7	NA	0	4839	0
C1QTNF8	NA	15	3406	0.219162
C1QTNF9	NA	37	1973	0.933242
C1QTNF9B	NA	74	1402	2.62666
C1QTNF9B-AS1	NA	73	905	4.01415
C1R	NA	149	2266	3.27225
C1RL	NA	51	3742	0.678244
C1RL-AS1	NA	1	5272	0.0094394
C1S	NA	199	2810	3.52425
C1orf100	NA	3	574	0.260093
C1orf101	NA	22	3194	0.342774
C1orf105	NA	17	1282	0.659904
C1orf106	NA	1074	4408	12.125
C1orf109	NA	483	2551	9.42229
C1orf110	NA	3	1552	0.0961943
C1orf111	NA	1	1173	0.042425
C1orf112	NA	205	3363	3.03352
C1orf115	NA	156	2972	2.61213
C1orf116	NA	7	5502	0.0633136
C1orf122	NA	1462	1318	55.2016
C1orf123	NA	598	1566	19.0033
C1orf127	NA	5	2761	0.0901204
C1orf131	NA	297	1444	10.2355
C1orf137	NA	0	386	0
C1orf140	NA	0	4492	0
C1orf141	NA	0	2533	0
C1orf145	NA	49	3534	0.69
C1orf146	NA	1	751	0.0662643
C1orf158	NA	2	1048	0.0949704
C1orf159	NA	423	2104	10.0049
C1orf162	NA	7	1030	0.338205
C1orf167	NA	43	4672	0.458021
C1orf168	NA	0	3460	0
C1orf174	NA	405	1666	12.0976
C1orf177	NA	0	1789	0
C1orf185	NA	0	911	0
C1orf186	NA	0	1665	0
C1orf189	NA	3	705	0.211764
C1orf194	NA	5	731	0.340386
C1orf195	NA	1	719	0.0692135
C1orf198	NA	2023	4132	24.3644
C1orf204	NA	0	2501	0
C1orf21	NA	2	10308	0.00965551
C1orf210	NA	1	1513	0.0328913
C1orf216	NA	798	2934	13.5351
C1orf220	NA	32	2577	0.617953
C1orf226	NA	729	4252	8.53206
C1orf228	NA	81	1685	2.39224
C1orf229	NA	17	2258	0.374666
C1orf233	NA	85	2089	2.02488
C1orf234	NA	0	510	0
C1orf27	NA	505	3896	6.45048
C1orf35	NA	741	1611	22.8898
C1orf43	NA	2731	2763	49.1881
C1orf50	NA	271	1015	13.2869
C1orf52	NA	567	3390	8.32344
C1orf53	NA	18	683	1.31151
C1orf54	NA	34	660	2.56363
C1orf56	NA	297	2028	7.288
C1orf61	NA	0	879	0
C1orf64	NA	1	927	0.0536834
C1orf68	NA	0	908	0
C1orf74	NA	153	4855	1.56827
C1orf87	NA	0	2028	0
C1orf94	NA	0	3293	0
C1orf95	NA	7	7705	0.0452111
C2	NA	2830	25975	5.42189
C2-AS1	NA	11	5334	0.102626
C20orf141	NA	11	751	0.728907
C20orf144	NA	1	570	0.0873061
C20orf166-AS1	NA	0	2449	0
C20orf173	NA	0	2400	0
C20orf194	NA	357	6909	2.57142
C20orf195	NA	24	1111	1.07502
C20orf196	NA	31	2148	0.718203
C20orf197	NA	3	3337	0.0447388
C20orf202	NA	2	1604	0.0620505
C20orf203	NA	0	4793	0
C20orf24	NA	2019	1253	80.1872
C20orf27	NA	1892	2129	44.2247
C20orf62	NA	0	700	0
C20orf78	NA	0	1033	0
C20orf85	NA	0	757	0
C20orf96	NA	347	1608	10.739
C21orf140	NA	9	961	0.466057
C21orf2	NA	358	2795	6.37413
C21orf33	NA	1533	1667	45.7642
C21orf58	NA	166	3802	2.17278
C21orf59	NA	1624	1427	56.6346
C21orf62	NA	4	4121	0.0483033
C21orf62-AS1	NA	10	1202	0.414014
C21orf91	NA	668	5433	6.11866
C21orf91-OT1	NA	0	497	0
C22orf15	NA	0	864	0
C22orf23	NA	210	2010	5.19928
C22orf24	NA	14	1598	0.435984
C22orf29	NA	1442	6635	10.8154
C22orf31	NA	9	1070	0.41858
C22orf34	NA	37	3815	0.482644
C22orf39	NA	555	2785	9.91716
C22orf42	NA	0	805	0
C22orf46	NA	667	4975	6.67194
C2CD2	NA	1380	6466	10.6209
C2CD2L	NA	248	3384	3.64704
C2CD3	NA	1496	8137	9.14928
C2CD4A	NA	6	3445	0.0866726
C2CD4B	NA	0	1576	0
C2CD4C	NA	143	3124	2.27795
C2CD4D	NA	0	1713	0
C2CD5	NA	825	4990	8.2276
C2orf15	NA	16	1408	0.565506
C2orf16	NA	0	6201	0
C2orf27A	NA	24	1219	0.979777
C2orf27B	NA	10	1325	0.375581
C2orf40	NA	0	782	0
C2orf42	NA	138	2524	2.72088
C2orf44	NA	488	3894	6.23654
C2orf47	NA	295	1511	9.71577
C2orf48	NA	5	1902	0.130821
C2orf49	NA	386	4371	4.39467
C2orf50	NA	2	1056	0.0942509
C2orf54	NA	39	2691	0.721225
C2orf57	NA	0	1420	0
C2orf61	NA	1	2384	0.0208744
C2orf66	NA	27	2256	0.595586
C2orf68	NA	534	4265	6.23077
C2orf69	NA	298	3728	3.97796
C2orf70	NA	0	695	0
C2orf71	NA	1	7046	0.0070628
C2orf72	NA	501	3579	6.96619
C2orf73	NA	1	1921	0.0259055
C2orf74	NA	8	976	0.407906
C2orf76	NA	81	950	4.24308
C2orf78	NA	6	3045	0.0980581
C2orf80	NA	2	1214	0.0819843
C2orf81	NA	1080	2229	24.112
C2orf82	NA	6	465	0.642123
C2orf83	NA	0	2087	0
C2orf88	NA	95	4472	1.05716
C2orf91	NA	141	3721	1.88573
C3	NA	350	5132	3.39392
C3AR1	NA	4	1955	0.10182
C3P1	NA	0	3763	0
C3orf14	NA	110	3835	1.4274
C3orf17	NA	836	4860	8.56031
C3orf18	NA	224	2827	3.94314
C3orf20	NA	2	3328	0.0299065
C3orf22	NA	0	2184	0
C3orf30	NA	0	1814	0
C3orf33	NA	126	1952	3.21226
C3orf35	NA	31	2821	0.546863
C3orf36	NA	6	1667	0.179116
C3orf38	NA	529	2630	10.0097
C3orf49	NA	1	1289	0.0386071
C3orf52	NA	23	2307	0.496135
C3orf56	NA	1	1739	0.0286167
C3orf58	NA	2	4593	0.0216697
C3orf62	NA	243	3590	3.36846
C3orf67	NA	5	2551	0.0975392
C3orf67-AS1	NA	0	2203	0
C3orf70	NA	2	5901	0.0168665
C3orf79	NA	0	580	0
C3orf80	NA	10	2578	0.193035
C3orf84	NA	0	702	0
C4A	NA	192	31797	0.300493
C4B	NA	355	48084	0.367407
C4BPA	NA	0	2243	0
C4BPB	NA	3	1220	0.122372
C4B_2	NA	355	48084	0.367407
C4orf17	NA	0	1636	0
C4orf19	NA	17	3794	0.222983
C4orf22	NA	0	946	0
C4orf26	NA	18	2062	0.434414
C4orf27	NA	525	1216	21.4855
C4orf29	NA	75	2187	1.7066
C4orf3	NA	2090	3040	34.2131
C4orf32	NA	33	2726	0.602432
C4orf33	NA	74	1944	1.89433
C4orf36	NA	3	908	0.16442
C4orf45	NA	0	817	0
C4orf46	NA	360	3734	4.79786
C4orf47	NA	6	974	0.306557
C4orf48	NA	432	540	39.8116
C4orf51	NA	0	845	0
C5	NA	438	5464	3.98917
C5AR1	NA	278	2341	5.90967
C5AR2	NA	0	1725	0
C5orf15	NA	1779	2281	38.8124
C5orf17	NA	0	1986	0
C5orf22	NA	673	3612	9.27229
C5orf24	NA	983	5141	9.51537
C5orf28	NA	222	2761	4.00135
C5orf30	NA	125	3010	2.06663
C5orf34	NA	175	2533	3.43813
C5orf38	NA	0	1927	0
C5orf42	NA	480	11199	2.13295
C5orf45	NA	1258	1201	52.1263
C5orf46	NA	0	542	0
C5orf47	NA	3	2522	0.0591965
C5orf49	NA	16	2385	0.33385
C5orf51	NA	825	5222	7.86207
C5orf52	NA	0	697	0
C5orf56	NA	11	805	0.680012
C5orf58	NA	0	1743	0
C5orf60	NA	0	1220	0
C5orf63	NA	1	6324	0.00786915
C5orf64	NA	0	3950	0
C5orf66	NA	758	2474	15.2472
C5orf66-AS1	NA	2	843	0.118065
C5orf66-AS2	NA	0	2160	0
C5orf67	NA	3	938	0.159161
C6	NA	0	3967	0
C6orf1	NA	149	1187	6.24676
C6orf10	NA	3	14975	0.00996951
C6orf106	NA	2816	4429	31.6407
C6orf118	NA	0	1839	0
C6orf120	NA	1233	4146	14.7997
C6orf132	NA	5	6742	0.0369063
C6orf136	NA	213	13775	0.769498
C6orf141	NA	16	1696	0.469476
C6orf15	NA	5	6816	0.0365056
C6orf163	NA	39	1304	1.48836
C6orf165	NA	44	2215	0.98855
C6orf201	NA	190	3068	3.0819
C6orf203	NA	196	1794	5.43692
C6orf222	NA	5	3735	0.0666191
C6orf223	NA	77	3623	1.05765
C6orf226	NA	35	552	3.15536
C6orf229	NA	2	821	0.121229
C6orf25	NA	146	17809	0.407974
C6orf47	NA	945	17327	2.71411
C6orf48	NA	1869	4300	21.6302
C6orf52	NA	38	881	2.14648
C6orf58	NA	0	1201	0
C6orf62	NA	2632	2472	52.9855
C6orf7	NA	8	905	0.439907
C6orf89	NA	1369	7239	9.41119
C6orf99	NA	4	1176	0.169267
C7	NA	0	4013	0
C7orf13	NA	88	2289	1.91318
C7orf25	NA	239	1825	6.5171
C7orf26	NA	534	2178	12.2012
C7orf31	NA	341	3609	4.70205
C7orf33	NA	0	1354	0
C7orf34	NA	0	768	0
C7orf43	NA	781	2556	15.2058
C7orf49	NA	763	4358	8.71278
C7orf50	NA	2531	1293	97.4122
C7orf55	NA	186	1474	6.27964
C7orf55-LUC7L2	NA	2375	2747	43.0254
C7orf57	NA	19	2134	0.443077
C7orf60	NA	288	3942	3.63576
C7orf61	NA	17	1004	0.842626
C7orf62	NA	0	1019	0
C7orf65	NA	2	2911	0.0341907
C7orf66	NA	0	435	0
C7orf69	NA	1	807	0.061666
C7orf71	NA	0	1956	0
C7orf72	NA	0	1404	0
C7orf73	NA	1486	2498	29.6037
C7orf76	NA	0	2707	0
C7orf77	NA	0	669	0
C8A	NA	2	2392	0.0416091
C8B	NA	0	2513	0
C8G	NA	4	877	0.226976
C8orf22	NA	0	2027	0
C8orf31	NA	7	2125	0.16393
C8orf33	NA	1459	2617	27.7441
C8orf34	NA	0	5363	0
C8orf34-AS1	NA	0	1600	0
C8orf37	NA	91	3373	1.34259
C8orf37-AS1	NA	1	878	0.0566794
C8orf4	NA	2	1841	0.0540625
C8orf44	NA	71	1885	1.87442
C8orf44-SGK3	NA	328	4563	3.5772
C8orf46	NA	38	3465	0.545758
C8orf48	NA	6	1446	0.206492
C8orf49	NA	1	1968	0.0252868
C8orf58	NA	415	2061	10.0205
C8orf59	NA	1174	1184	49.3442
C8orf74	NA	0	1036	0
C8orf76	NA	512	1342	18.9862
C8orf82	NA	384	1932	9.89108
C8orf86	NA	2	2250	0.0442351
C8orf87	NA	0	588	0
C8orf88	NA	10	1053	0.472597
C8orf89	NA	0	563	0
C9	NA	0	2692	0
C9orf106	NA	4	843	0.23613
C9orf114	NA	1424	4286	16.534
C9orf116	NA	152	722	10.4767
C9orf117	NA	53	1722	1.53166
C9orf129	NA	90	1154	3.88111
C9orf131	NA	6	3551	0.0840853
C9orf135	NA	7	1273	0.273646
C9orf135-AS1	NA	0	953	0
C9orf139	NA	1	3815	0.0130444
C9orf142	NA	331	812	20.2858
C9orf152	NA	0	2656	0
C9orf153	NA	4	1971	0.100993
C9orf156	NA	222	1647	6.70778
C9orf16	NA	1217	713	84.9416
C9orf163	NA	21	2573	0.406162
C9orf170	NA	0	3409	0
C9orf171	NA	1	1848	0.0269288
C9orf172	NA	72	2931	1.22246
C9orf173	NA	4	1207	0.16492
C9orf173-AS1	NA	9	1701	0.263304
C9orf24	NA	4	1331	0.149555
C9orf3	NA	422	5178	4.05574
C9orf40	NA	506	2325	10.8305
C9orf41	NA	101	2193	2.29194
C9orf41-AS1	NA	8	1809	0.220075
C9orf43	NA	11	2228	0.245695
C9orf47	NA	4	4896	0.0406573
C9orf50	NA	4	1620	0.122875
C9orf57	NA	0	1497	0
C9orf62	NA	0	1920	0
C9orf64	NA	0	2473	0
C9orf66	NA	1	2786	0.0178623
C9orf69	NA	1373	3205	21.3188
C9orf72	NA	145	4562	1.58173
C9orf78	NA	1196	1818	32.7384
C9orf84	NA	0	5413	0
C9orf85	NA	243	1315	9.19602
C9orf89	NA	292	906	16.0389
C9orf9	NA	93	719	6.43685
C9orf91	NA	332	4356	3.79289
C9orf92	NA	1	447	0.11133
CA1	NA	0	1511	0
CA10	NA	0	3867	0
CA11	NA	1962	1653	59.0671
CA12	NA	1818	4209	21.4949
CA13	NA	10	3855	0.129091
CA14	NA	679	1821	18.5558
CA2	NA	21	1666	0.627284
CA3	NA	1	1751	0.0284206
CA3-AS1	NA	0	1436	0
CA4	NA	3	1154	0.12937
CA5A	NA	0	1084	0
CA5B	NA	65	6032	0.536255
CA5BP1	NA	126	994	6.30818
CA6	NA	0	1463	0
CA7	NA	0	1849	0
CA8	NA	0	2278	0
CA9	NA	1	1554	0.0320235
CAAP1	NA	429	2969	7.19063
CAB39	NA	1573	4340	18.0368
CAB39L	NA	489	4176	5.82731
CABIN1	NA	0	7581	0
CABLES1	NA	3203	5240	30.419
CABLES2	NA	437	3785	5.7456
CABP1	NA	13	1960	0.330071
CABP2	NA	1	957	0.0520005
CABP4	NA	2	4335	0.0229594
CABP5	NA	0	1828	0
CABP7	NA	192	2980	3.2063
CABS1	NA	0	1544	0
CABYR	NA	31	2404	0.641722
CACFD1	NA	428	2880	7.39556
CACHD1	NA	43	5848	0.365915
CACNA1A	NA	21	8738	0.119599
CACNA1B	NA	314	9790	1.59612
CACNA1C	NA	62	14169	0.217757
CACNA1C-AS1	NA	5	2230	0.11158
CACNA1C-AS2	NA	1	609	0.0817151
CACNA1C-AS4	NA	1	737	0.0675231
CACNA1C-IT2	NA	0	588	0
CACNA1C-IT3	NA	0	430	0
CACNA1D	NA	3	7827	0.0190742
CACNA1E	NA	0	15088	0
CACNA1F	NA	3	6110	0.0244343
CACNA1G	NA	86	8267	0.51769
CACNA1G-AS1	NA	0	1433	0
CACNA1H	NA	638	8088	3.92554
CACNA1I	NA	19	10002	0.0945336
CACNA1S	NA	2	6168	0.0161363
CACNA2D1	NA	91	7864	0.575861
CACNA2D2	NA	233	5862	1.97802
CACNA2D3	NA	0	3675	0
CACNA2D3-AS1	NA	0	2078	0
CACNA2D4	NA	28	5343	0.260791
CACNB1	NA	424	4111	5.13261
CACNB2	NA	9	5992	0.0747464
CACNB3	NA	323	3235	4.96876
CACNB4	NA	25	8362	0.148782
CACNG1	NA	0	1318	0
CACNG2	NA	0	4523	0
CACNG3	NA	0	2703	0
CACNG4	NA	960	3430	13.9283
CACNG5	NA	0	926	0
CACNG6	NA	3	1899	0.0786169
CACNG7	NA	1161	2345	24.6382
CACNG8	NA	1014	8751	5.76633
CACTIN	NA	1105	3624	15.1738
CACTIN-AS1	NA	310	1913	8.06429
CACUL1	NA	1419	6740	10.4771
CACYBP	NA	1472	3315	22.0975
CAD	NA	2287	7114	15.9982
CADM1	NA	28	4394	0.317116
CADM2	NA	0	9881	0
CADM2-AS2	NA	0	768	0
CADM3	NA	0	3698	0
CADM3-AS1	NA	0	3294	0
CADM4	NA	2690	2176	61.5195
CADPS	NA	0	5551	0
CADPS2	NA	51	6090	0.416747
CAGE1	NA	16	3425	0.232476
CAHM	NA	28	886	1.57269
CALB1	NA	8	2535	0.157048
CALB2	NA	7	1470	0.236974
CALCA	NA	0	1412	0
CALCB	NA	1	1031	0.0482682
CALCOCO1	NA	3819	3046	62.3935
CALCOCO2	NA	3127	3817	40.7686
CALCR	NA	0	3986	0
CALCRL	NA	8	6155	0.0646817
CALD1	NA	322	5506	2.91031
CALHM1	NA	4	3056	0.0651368
CALHM2	NA	58	1949	1.48093
CALHM3	NA	39	1652	1.17483
CALM1	NA	6908	4256	80.7738
CALM2	NA	15211	4855	155.915
CALM3	NA	7844	2259	172.799
CALML3	NA	4	1380	0.144245
CALML3-AS1	NA	2	3709	0.0268345
CALML4	NA	298	4635	3.19953
CALML5	NA	0	876	0
CALML6	NA	50	1101	2.25997
CALN1	NA	0	9981	0
CALR	NA	16766	1911	436.605
CALR3	NA	2	1292	0.0770348
CALU	NA	7195	6365	56.2538
CALY	NA	543	983	27.4894
CAMK1	NA	28	1492	0.933918
CAMK1D	NA	41	8867	0.230105
CAMK1G	NA	626	2470	12.6124
CAMK2A	NA	202	4904	2.04984
CAMK2B	NA	73	4589	0.791634
CAMK2D	NA	1488	6094	12.1512
CAMK2G	NA	502	3914	6.38267
CAMK2N1	NA	100	2351	2.11674
CAMK2N2	NA	211	1360	7.72081
CAMK4	NA	1	2241	0.0222064
CAMKK1	NA	81	4470	0.901773
CAMKK2	NA	493	6261	3.91853
CAMKMT	NA	138	1555	4.4164
CAMKV	NA	43	3028	0.706695
CAMLG	NA	822	2242	18.2455
CAMP	NA	0	745	0
CAMSAP1	NA	1311	7631	8.5495
CAMSAP2	NA	856	7388	5.76589
CAMSAP3	NA	422	4185	5.01807
CAMTA1	NA	967	9283	5.18391
CAMTA2	NA	1173	4927	11.8477
CAND1	NA	2477	5992	20.5719
CAND1.11	NA	1	1019	0.0488366
CAND2	NA	403	4592	4.3674
CANT1	NA	1718	3674	23.2704
CANX	NA	10000	4950	100.534
CAP1	NA	8301	2773	148.97
CAP2	NA	588	3027	9.66684
CAPG	NA	214	1677	6.35039
CAPN1	NA	3167	3397	46.3951
CAPN10	NA	559	2644	10.5213
CAPN10-AS1	NA	84	3567	1.17191
CAPN11	NA	27	2728	0.492537
CAPN12	NA	1576	3129	25.0651
CAPN13	NA	0	2681	0
CAPN14	NA	2	3822	0.0260411
CAPN15	NA	1270	4744	13.3223
CAPN2	NA	5494	3727	73.3582
CAPN3	NA	25	3662	0.339736
CAPN5	NA	374	4390	4.23962
CAPN6	NA	5	3595	0.0692135
CAPN7	NA	566	4368	6.44842
CAPN8	NA	0	2101	0
CAPN9	NA	0	2593	0
CAPNS1	NA	6465	1821	176.676
CAPNS2	NA	0	1009	0
CAPRIN1	NA	5214	6861	37.8184
CAPRIN2	NA	623	4529	6.8455
CAPS	NA	89	2147	2.0629
CAPS2	NA	32	4558	0.349378
CAPSL	NA	0	1098	0
CAPZA1	NA	4339	2740	78.8059
CAPZA2	NA	1475	2356	31.1556
CAPZA3	NA	0	1078	0
CAPZB	NA	6561	2907	112.317
CARD10	NA	1167	3899	14.8949
CARD11	NA	0	4431	0
CARD14	NA	52	4912	0.526823
CARD16	NA	12	758	0.787828
CARD17	NA	0	466	0
CARD18	NA	0	660	0
CARD6	NA	2	4097	0.0242931
CARD8	NA	465	5766	4.01327
CARD8-AS1	NA	11	1963	0.278864
CARD9	NA	30	2123	0.703219
CARF	NA	72	6265	0.571914
CARHSP1	NA	1573	3721	21.0372
CARKD	NA	1023	2862	17.7879
CARM1	NA	1833	2968	30.7339
CARNS1	NA	16	3969	0.200613
CARS	NA	2094	2827	36.8613
CARS2	NA	1269	1909	33.0807
CARTPT	NA	4	915	0.21755
CASC1	NA	19	2738	0.345334
CASC10	NA	1988	1989	49.7395
CASC11	NA	7	1520	0.229179
CASC15	NA	0	1889	0
CASC16	NA	0	1001	0
CASC17	NA	0	2062	0
CASC18	NA	84	2704	1.54594
CASC19	NA	0	323	0
CASC2	NA	22	5214	0.209977
CASC20	NA	0	1563	0
CASC21	NA	3	585	0.255203
CASC23	NA	0	1583	0
CASC3	NA	1853	4180	22.0607
CASC4	NA	895	3985	11.1767
CASC5	NA	240	7685	1.55413
CASC6	NA	0	1608	0
CASC8	NA	5	1932	0.12879
CASC9	NA	0	1648	0
CASD1	NA	358	3879	4.59286
CASK	NA	941	8311	5.63451
CASKIN1	NA	843	5695	7.36637
CASKIN2	NA	552	5180	5.30309
CASP1	NA	14	2007	0.347136
CASP10	NA	133	6684	0.990227
CASP12	NA	1	1783	0.0279105
CASP14	NA	0	3144	0
CASP1P2	NA	1	2195	0.0226718
CASP2	NA	539	4355	6.15914
CASP3	NA	3073	2673	57.2115
CASP4	NA	18	1418	0.631707
CASP5	NA	0	1488	0
CASP6	NA	558	1661	16.718
CASP7	NA	380	3093	6.11397
CASP8	NA	331	3641	4.52404
CASP8AP2	NA	354	6763	2.60485
CASP9	NA	323	3304	4.86499
CASQ1	NA	205	1958	5.21028
CASQ2	NA	0	2700	0
CASR	NA	0	5141	0
CASS4	NA	0	3258	0
CAST	NA	2057	5161	19.8344
CASZ1	NA	133	8554	0.773752
CAT	NA	415	2300	8.97925
CATIP	NA	21	1323	0.789913
CATIP-AS1	NA	3	547	0.272931
CATIP-AS2	NA	4	1183	0.168265
CATSPER1	NA	3	2619	0.057004
CATSPER2	NA	98	1954	2.49587
CATSPER2P1	NA	36	1635	1.09573
CATSPER3	NA	8	1367	0.291233
CATSPER4	NA	0	1419	0
CATSPERB	NA	0	3623	0
CATSPERD	NA	1	2513	0.0198028
CATSPERG	NA	357	3724	4.77066
CAV1	NA	0	3658	0
CAV2	NA	0	3306	0
CAV3	NA	2	1431	0.0695521
CBFA2T2	NA	1004	7917	6.31092
CBFA2T3	NA	144	4553	1.57393
CBFB	NA	1411	3133	22.4123
CBL	NA	1357	11231	6.01286
CBLB	NA	428	3976	5.35694
CBLC	NA	3	1591	0.0938363
CBLL1	NA	628	4505	6.9372
CBLN1	NA	11	2434	0.224901
CBLN2	NA	2	2894	0.0343915
CBLN3	NA	83	2344	1.76214
CBLN4	NA	0	3107	0
CBR1	NA	1	1952	0.0254941
CBR3	NA	121	1112	5.41502
CBR3-AS1	NA	195	2126	4.56448
CBR4	NA	438	3501	6.22589
CBS	NA	1987	2728	36.2471
CBWD1	NA	1698	1821	46.4031
CBWD2	NA	691	1827	18.8217
CBWD3	NA	942	1723	27.2073
CBWD5	NA	3022	3761	39.9863
CBWD6	NA	1552	1719	44.9299
CBX1	NA	2455	2676	45.6546
CBX2	NA	904	4996	9.00462
CBX3	NA	4584	2453	92.9965
CBX3P2	NA	9	1429	0.313422
CBX4	NA	543	2649	10.2009
CBX5	NA	5185	11867	21.7434
CBX6	NA	2069	6165	16.7012
CBX7	NA	273	3962	3.429
CBX8	NA	267	1546	8.59451
CBY1	NA	517	1271	20.2425
CBY3	NA	0	810	0
CC2D1A	NA	577	3640	7.88849
CC2D1B	NA	1239	5654	10.9052
CC2D2A	NA	169	6413	1.31143
CC2D2B	NA	5	2114	0.117702
CCAR1	NA	2227	4759	23.2876
CCAR2	NA	2712	4202	32.1184
CCAT1	NA	8	2795	0.142439
CCAT2	NA	0	1752	0
CCBE1	NA	2	6260	0.0158992
CCBL1	NA	259	2519	5.11671
CCBL2	NA	778	2152	17.9911
CCDC101	NA	174	1151	7.52304
CCDC102A	NA	448	2429	9.17847
CCDC102B	NA	1	2919	0.0170485
CCDC103	NA	81	1799	2.24065
CCDC105	NA	0	1751	0
CCDC106	NA	802	1992	20.0357
CCDC107	NA	275	1258	10.8786
CCDC108	NA	27	8871	0.151464
CCDC109B	NA	409	1274	15.9762
CCDC110	NA	75	2896	1.28879
CCDC112	NA	158	2877	2.73298
CCDC113	NA	289	5266	2.73109
CCDC114	NA	47	3220	0.726376
CCDC115	NA	240	2489	4.7985
CCDC116	NA	8	2192	0.181622
CCDC117	NA	1057	4078	12.8987
CCDC12	NA	800	1167	34.1145
CCDC120	NA	520	4532	5.70996
CCDC121	NA	26	2844	0.45495
CCDC122	NA	3	2008	0.0743493
CCDC124	NA	1473	1083	67.6852
CCDC125	NA	5	3710	0.0670681
CCDC126	NA	65	2473	1.308
CCDC127	NA	524	1420	18.3638
CCDC129	NA	0	5715	0
CCDC13	NA	22	2830	0.386862
CCDC13-AS1	NA	0	554	0
CCDC130	NA	583	1632	17.7774
CCDC132	NA	229	5858	1.94539
CCDC134	NA	106	1327	3.97516
CCDC136	NA	343	4363	3.91227
CCDC137	NA	1111	2108	26.2279
CCDC138	NA	140	2529	2.75486
CCDC14	NA	895	4305	10.3459
CCDC140	NA	0	1699	0
CCDC141	NA	6	9127	0.0327147
CCDC142	NA	268	4339	3.07372
CCDC144A	NA	3	5968	0.0250157
CCDC144B	NA	3	8695	0.01717
CCDC144CP	NA	2	4204	0.0236748
CCDC144NL	NA	0	2806	0
CCDC144NL-AS1	NA	32	3469	0.459056
CCDC146	NA	39	3333	0.582303
CCDC148	NA	110	2979	1.83756
CCDC148-AS1	NA	2	795	0.125194
CCDC149	NA	49	4224	0.577287
CCDC15	NA	70	3893	0.894815
CCDC150	NA	125	3685	1.68808
CCDC151	NA	121	2255	2.67029
CCDC152	NA	29	3491	0.413397
CCDC153	NA	71	767	4.60662
CCDC154	NA	31	2191	0.704107
CCDC155	NA	5	2383	0.104416
CCDC157	NA	156	3003	2.58517
CCDC158	NA	1	3626	0.0137244
CCDC159	NA	25	1063	1.17038
CCDC160	NA	169	1299	6.47436
CCDC162P	NA	2	715	0.139201
CCDC163P	NA	47	2169	1.07835
CCDC166	NA	1	1320	0.0377004
CCDC167	NA	201	620	16.1333
CCDC168	NA	3	21470	0.00695359
CCDC169	NA	3	1539	0.0970068
CCDC169-SOHLH2	NA	5	2650	0.0938953
CCDC17	NA	47	2250	1.03952
CCDC170	NA	5	5283	0.0470987
CCDC171	NA	44	4359	0.502326
CCDC172	NA	0	1699	0
CCDC173	NA	24	2169	0.550644
CCDC174	NA	355	2960	5.96838
CCDC175	NA	14	2610	0.266936
CCDC176	NA	104	3107	1.66576
CCDC177	NA	2	4179	0.0238165
CCDC178	NA	1	3496	0.0142347
CCDC179	NA	0	800	0
CCDC18	NA	291	4790	3.02327
CCDC180	NA	132	5635	1.16573
CCDC181	NA	9	2402	0.186461
CCDC182	NA	0	849	0
CCDC183	NA	34	1716	0.98601
CCDC183-AS1	NA	56	2386	1.16798
CCDC184	NA	259	2344	5.49872
CCDC185	NA	0	2098	0
CCDC186	NA	206	6277	1.63318
CCDC22	NA	208	2319	4.46357
CCDC23	NA	278	798	17.3365
CCDC24	NA	178	1461	6.06303
CCDC25	NA	1407	3640	19.2359
CCDC26	NA	71	2026	1.74397
CCDC27	NA	1	2174	0.0228908
CCDC28A	NA	235	1496	7.81728
CCDC28B	NA	257	1665	7.68137
CCDC3	NA	7	3811	0.0914068
CCDC30	NA	10	3098	0.160634
CCDC33	NA	4	3843	0.0517975
CCDC34	NA	612	2943	10.3486
CCDC36	NA	1	3068	0.0162205
CCDC37	NA	4	2086	0.0954257
CCDC37-AS1	NA	0	933	0
CCDC38	NA	1	1954	0.025468
CCDC39	NA	27	3854	0.348636
CCDC40	NA	118	4981	1.17892
CCDC42	NA	2	1380	0.0721225
CCDC42B	NA	727	1514	23.8962
CCDC43	NA	1016	2138	23.6486
CCDC47	NA	1944	3419	28.2955
CCDC50	NA	1329	8949	7.39044
CCDC51	NA	738	1719	21.3649
CCDC53	NA	413	1015	20.249
CCDC54	NA	0	1294	0
CCDC57	NA	449	2997	7.45554
CCDC58	NA	474	746	31.6198
CCDC59	NA	747	1744	21.3154
CCDC6	NA	1890	5826	16.144
CCDC60	NA	0	2450	0
CCDC61	NA	103	1823	2.81171
CCDC62	NA	24	3216	0.371377
CCDC63	NA	1	1993	0.0249696
CCDC64	NA	740	3081	11.9525
CCDC64B	NA	6	1811	0.164874
CCDC65	NA	18	1815	0.493532
CCDC66	NA	326	3136	5.17322
CCDC67	NA	0	2666	0
CCDC68	NA	1	4206	0.0118318
CCDC69	NA	374	3399	5.4757
CCDC7	NA	47	7816	0.299249
CCDC70	NA	3	1154	0.12937
CCDC71	NA	967	1812	26.5575
CCDC71L	NA	2418	4424	27.1995
CCDC73	NA	1062	4032	13.1076
CCDC74A	NA	774	1668	23.0922
CCDC74B	NA	933	1553	29.8971
CCDC77	NA	333	2504	6.61804
CCDC78	NA	166	1611	5.12781
CCDC79	NA	2	2446	0.0406905
CCDC8	NA	1786	3334	26.6585
CCDC80	NA	219	4712	2.31291
CCDC81	NA	906	2781	16.2124
CCDC82	NA	258	2730	4.70302
CCDC83	NA	0	2357	0
CCDC84	NA	641	1518	21.0139
CCDC85A	NA	8	3983	0.0999538
CCDC85B	NA	1999	1232	80.7461
CCDC85C	NA	1707	5671	14.9794
CCDC86	NA	1289	2015	31.8345
CCDC87	NA	30	2915	0.512156
CCDC88A	NA	1221	9816	6.19014
CCDC88B	NA	363	4920	3.67165
CCDC88C	NA	393	7543	2.59279
CCDC89	NA	77	2434	1.57431
CCDC9	NA	528	2078	12.6447
CCDC90B	NA	1725	4423	19.4085
CCDC91	NA	300	2335	6.39373
CCDC92	NA	1283	2526	25.2763
CCDC93	NA	1069	6929	7.67762
CCDC94	NA	427	1397	15.2108
CCDC96	NA	126	2153	2.91237
CCDC97	NA	758	3322	11.3551
CCER1	NA	0	2962	0
CCER2	NA	12	1057	0.564971
CCHCR1	NA	1167	18109	3.20698
CCHE1	NA	0	2502	0
CCIN	NA	2	1943	0.0512244
CCK	NA	1	1614	0.030833
CCKAR	NA	1	1682	0.0295865
CCKBR	NA	32	2183	0.729484
CCL1	NA	0	594	0
CCL11	NA	0	925	0
CCL13	NA	0	851	0
CCL14	NA	0	554	0
CCL15	NA	8	1080	0.368626
CCL15-CCL14	NA	8	1471	0.270643
CCL16	NA	0	1512	0
CCL17	NA	0	615	0
CCL18	NA	4	781	0.254876
CCL19	NA	0	684	0
CCL2	NA	21	747	1.399
CCL20	NA	9	842	0.531925
CCL21	NA	1	895	0.0556028
CCL22	NA	0	2918	0
CCL23	NA	0	626	0
CCL24	NA	0	360	0
CCL25	NA	4	1002	0.198661
CCL26	NA	28	562	2.47937
CCL27	NA	5	459	0.542097
CCL28	NA	13	4194	0.154253
CCL3	NA	5	796	0.312591
CCL3L1	NA	6	1759	0.169748
CCL3L3	NA	6	1548	0.192886
CCL4	NA	2	667	0.149219
CCL4L1	NA	2	1644	0.0605407
CCL4L2	NA	2	2043	0.0487171
CCL5	NA	23	1311	0.873061
CCL7	NA	0	815	0
CCL8	NA	0	1250	0
CCM2	NA	669	2170	15.3421
CCM2L	NA	321	2532	6.30901
CCNA1	NA	87	2302	1.88076
CCNA2	NA	1965	2798	34.949
CCNB1	NA	3368	2167	77.3451
CCNB1IP1	NA	1223	1686	36.0984
CCNB2	NA	1149	1549	36.9138
CCNB3	NA	8	4511	0.0882545
CCNC	NA	1436	2307	30.9761
CCND1	NA	6515	4289	75.5924
CCND2	NA	10486	6522	80.0108
CCND2-AS1	NA	397	553	35.726
CCND3	NA	756	3161	11.9019
CCNDBP1	NA	610	3650	8.31681
CCNE1	NA	520	1947	13.291
CCNE2	NA	131	2726	2.39147
CCNF	NA	1084	4287	12.5833
CCNG1	NA	4150	2468	83.6802
CCNG2	NA	305	5474	2.77278
CCNH	NA	675	1638	20.5073
CCNI	NA	2639	1873	70.1167
CCNI2	NA	5	2645	0.0940728
CCNJ	NA	344	4138	4.13702
CCNJL	NA	225	3881	2.88508
CCNK	NA	1661	2606	31.7187
CCNL1	NA	1919	3038	31.4345
CCNL2	NA	5176	3631	70.9394
CCNO	NA	195	2065	4.69931
CCNT1	NA	991	7079	6.96661
CCNT2	NA	745	7010	5.28881
CCNT2-AS1	NA	11	1405	0.389615
CCNY	NA	1552	5127	15.0643
CCNYL1	NA	1737	3911	22.102
CCNYL2	NA	14	3305	0.210803
CCP110	NA	610	5587	5.43339
CCPG1	NA	1264	7223	8.70861
CCR1	NA	985	2676	18.3176
CCR10	NA	115	1244	4.60042
CCR2	NA	1	3581	0.0138968
CCR3	NA	6	1865	0.1601
CCR4	NA	3	1657	0.0900987
CCR5	NA	10	3661	0.135931
CCR6	NA	3	3687	0.0404919
CCR7	NA	5	2700	0.0921565
CCR8	NA	0	1487	0
CCR9	NA	0	2653	0
CCRL2	NA	43	1866	1.14677
CCRN4L	NA	190	1984	4.76575
CCS	NA	1342	1032	64.7131
CCSAP	NA	318	5121	3.09024
CCSER1	NA	40	8080	0.246359
CCSER2	NA	688	8100	4.22691
CCT2	NA	3409	2282	74.3414
CCT3	NA	14687	2382	306.839
CCT4	NA	6908	2349	146.349
CCT5	NA	6881	4032	84.9279
CCT6A	NA	5268	2664	98.4082
CCT6B	NA	110	1898	2.88414
CCT6P1	NA	206	1766	5.80492
CCT6P3	NA	344	2244	7.62878
CCT7	NA	7842	2032	192.054
CCT8	NA	8347	2315	179.432
CCT8L2	NA	0	2053	0
CCZ1	NA	1472	1824	40.1608
CCZ1B	NA	2516	1836	68.1958
CD101	NA	23	3563	0.321241
CD109	NA	37	9153	0.201168
CD14	NA	6	1806	0.165331
CD151	NA	2957	1549	94.9991
CD160	NA	18	1633	0.548537
CD163	NA	0	4190	0
CD163L1	NA	4	4645	0.0428542
CD164	NA	6313	3112	100.952
CD164L2	NA	1	1563	0.0318391
CD177	NA	5223	2222	116.976
CD180	NA	0	2715	0
CD19	NA	0	1958	0
CD1A	NA	0	2095	0
CD1B	NA	0	1396	0
CD1C	NA	0	2592	0
CD1D	NA	2	3783	0.0263095
CD1E	NA	0	2117	0
CD2	NA	0	1531	0
CD200	NA	0	2290	0
CD200R1	NA	3	2397	0.0622835
CD200R1L	NA	1	1365	0.0364575
CD207	NA	16	1872	0.425338
CD209	NA	11	4426	0.12368
CD22	NA	23	3295	0.34737
CD226	NA	2	3237	0.0307473
CD24	NA	93	2550	1.81494
CD244	NA	0	2525	0
CD247	NA	33	1681	0.976935
CD248	NA	15	2558	0.291817
CD27	NA	1	1320	0.0377004
CD27-AS1	NA	6	2364	0.126306
CD274	NA	21	3686	0.28352
CD276	NA	3484	3401	50.979
CD28	NA	0	4886	0
CD2AP	NA	477	5409	4.38855
CD2BP2	NA	2370	3648	32.3306
CD300A	NA	0	1893	0
CD300C	NA	13	1587	0.407649
CD300E	NA	0	3525	0
CD300LB	NA	0	2294	0
CD300LD	NA	0	644	0
CD300LF	NA	0	2060	0
CD300LG	NA	6	3528	0.0846335
CD302	NA	35	3979	0.437737
CD320	NA	1394	1251	55.453
CD33	NA	22	1610	0.680012
CD34	NA	2	2811	0.035407
CD36	NA	2	5427	0.0183396
CD37	NA	11	1243	0.440394
CD38	NA	0	1491	0
CD3D	NA	1	741	0.0671586
CD3E	NA	0	1513	0
CD3EAP	NA	706	3292	10.6725
CD3G	NA	0	1311	0
CD4	NA	22	3454	0.316971
CD40	NA	4	1828	0.108894
CD40LG	NA	0	1833	0
CD44	NA	40	6678	0.29808
CD46	NA	3184	3393	46.6991
CD47	NA	21	5346	0.195483
CD48	NA	0	1906	0
CD5	NA	17	3157	0.267975
CD52	NA	517	505	50.947
CD53	NA	2	1628	0.0611357
CD55	NA	341	3465	4.89746
CD58	NA	113	1719	3.27131
CD59	NA	3294	8080	20.2877
CD5L	NA	0	2237	0
CD6	NA	1	3290	0.015126
CD63	NA	10381	2060	250.779
CD68	NA	2570	1856	68.9088
CD69	NA	0	1676	0
CD7	NA	13	1283	0.504239
CD70	NA	4883	913	266.156
CD72	NA	41	1548	1.31805
CD74	NA	3798	1681	112.436
CD79A	NA	28	1258	1.10764
CD79B	NA	8	1264	0.314965
CD80	NA	6	2757	0.108301
CD81	NA	2892	1678	85.7681
CD81-AS1	NA	70	1174	2.96722
CD82	NA	227	1691	6.68039
CD83	NA	11	2521	0.21714
CD84	NA	1	8279	0.00601093
CD86	NA	7	2922	0.119217
CD8A	NA	83	3673	1.12454
CD8B	NA	0	1869	0
CD9	NA	1444	1314	54.6879
CD93	NA	0	6701	0
CD96	NA	1	4481	0.0111057
CD99	NA	2121	2387	44.2189
CD99L2	NA	1176	3745	15.627
CD99P1	NA	45	6632	0.337666
CDA	NA	11	959	0.570813
CDADC1	NA	116	3401	1.69735
CDAN1	NA	560	4730	5.89178
CDC123	NA	1426	1548	45.8425
CDC14A	NA	188	5392	1.73511
CDC14B	NA	490	5743	4.24597
CDC14C	NA	16	2893	0.275227
CDC16	NA	1381	2293	29.9716
CDC20	NA	2592	1674	77.0547
CDC20B	NA	3	2984	0.0500313
CDC23	NA	1212	3155	19.1171
CDC25A	NA	763	3706	10.2456
CDC25B	NA	542	4290	6.28726
CDC25C	NA	621	2570	12.0248
CDC26	NA	624	870	35.6932
CDC27	NA	2251	5871	19.0802
CDC34	NA	2619	1445	90.196
CDC37	NA	8693	1671	258.889
CDC37L1	NA	366	3515	5.18174
CDC37L1-AS1	NA	5	321	0.775148
CDC40	NA	417	3852	5.38728
CDC42	NA	7290	3155	114.987
CDC42BPA	NA	917	10506	4.34362
CDC42BPB	NA	3392	6701	25.1904
CDC42BPG	NA	429	4939	4.32253
CDC42EP1	NA	1864	2162	42.9052
CDC42EP2	NA	441	2023	10.8483
CDC42EP3	NA	184	5898	1.5525
CDC42EP4	NA	2009	3101	32.2402
CDC42EP5	NA	536	891	29.9369
CDC42P3	NA	21	1836	0.569202
CDC42SE1	NA	1777	3183	27.7824
CDC42SE2	NA	869	3656	11.8286
CDC45	NA	275	2073	6.60166
CDC5L	NA	954	6432	7.38111
CDC6	NA	898	3053	14.6376
CDC7	NA	571	3415	8.3208
CDC73	NA	683	5939	5.72304
CDCA2	NA	646	3720	8.6419
CDCA3	NA	705	2123	16.5257
CDCA4	NA	1003	2453	20.3481
CDCA5	NA	1443	2576	27.8766
CDCA7	NA	781	2810	13.8313
CDCA7L	NA	1195	2962	20.0772
CDCA8	NA	1489	2486	29.8067
CDCP1	NA	6	6267	0.0476443
CDCP2	NA	1	1959	0.025403
CDH1	NA	682	4815	7.04868
CDH10	NA	4	3436	0.0579331
CDH11	NA	0	3648	0
CDH12	NA	11	4345	0.125986
CDH13	NA	1212	4331	13.9262
CDH15	NA	6	2859	0.104438
CDH16	NA	3	2954	0.0505394
CDH17	NA	3	3804	0.0392464
CDH18	NA	0	3959	0
CDH19	NA	0	6241	0
CDH2	NA	10	4451	0.111805
CDH20	NA	0	2855	0
CDH22	NA	0	3903	0
CDH23	NA	241	13716	0.874398
CDH24	NA	1756	3553	24.5951
CDH26	NA	4	3420	0.0582041
CDH3	NA	11	4276	0.128019
CDH4	NA	201	6812	1.46839
CDH5	NA	10	4128	0.120554
CDH6	NA	5	8571	0.0290307
CDH7	NA	4	2958	0.0672948
CDH8	NA	0	4952	0
CDH9	NA	0	3075	0
CDHR1	NA	18	7323	0.122322
CDHR2	NA	10	4376	0.113721
CDHR3	NA	28	6500	0.21437
CDHR4	NA	24	2488	0.480043
CDHR5	NA	4	3489	0.057053
CDIP1	NA	3909	2887	67.3812
CDIPT	NA	2059	1906	53.7592
CDIPT-AS1	NA	1	810	0.0614376
CDK1	NA	1844	3318	27.6569
CDK10	NA	751	1798	20.7859
CDK11A	NA	2031	2627	38.4742
CDK11B	NA	2732	3120	43.5758
CDK12	NA	1353	8283	8.12886
CDK13	NA	1103	6975	7.86957
CDK14	NA	1	5485	0.00907283
CDK15	NA	3	4789	0.0311743
CDK16	NA	2347	3983	29.3239
CDK17	NA	319	4713	3.36832
CDK18	NA	2090	3274	31.7678
CDK19	NA	564	6448	4.35285
CDK2	NA	1395	2301	30.1701
CDK20	NA	215	2432	4.39941
CDK2AP1	NA	2502	2156	57.7508
CDK2AP2	NA	1101	1793	30.5581
CDK3	NA	61	1570	1.93352
CDK4	NA	6508	2002	161.772
CDK5	NA	553	1193	23.0677
CDK5R1	NA	71	3854	0.916782
CDK5R2	NA	225	2528	4.4292
CDK5RAP1	NA	1110	2130	25.9336
CDK5RAP2	NA	1423	6451	10.9773
CDK5RAP3	NA	2113	3117	33.7351
CDK6	NA	1142	11762	4.83175
CDK7	NA	595	1517	19.5187
CDK8	NA	193	1769	5.42937
CDK9	NA	1544	2472	31.0827
CDKAL1	NA	322	3271	4.89886
CDKL1	NA	38	2801	0.675134
CDKL2	NA	3	4715	0.0316635
CDKL3	NA	52	2407	1.0751
CDKL4	NA	4	1567	0.127031
CDKL5	NA	4	3518	0.0565827
CDKN1A	NA	11187	2637	211.117
CDKN1B	NA	1094	2522	21.587
CDKN1C	NA	169	1930	4.35762
CDKN2A	NA	901	2078	21.5774
CDKN2A-AS1	NA	3	616	0.24236
CDKN2AIP	NA	404	2374	8.46877
CDKN2AIPNL	NA	571	1254	22.6599
CDKN2B	NA	497	3984	6.20807
CDKN2B-AS1	NA	11	4208	0.130088
CDKN2C	NA	140	2478	2.81155
CDKN2D	NA	192	1423	6.71453
CDKN3	NA	478	891	26.6975
CDNF	NA	19	1330	0.710921
CDO1	NA	0	1614	0
CDON	NA	539	8116	3.30496
CDPF1	NA	189	1492	6.30395
CDR1	NA	0	1299	0
CDR2	NA	720	2702	13.2607
CDR2L	NA	995	3533	14.0152
CDRT1	NA	23	3775	0.303201
CDRT15	NA	10	567	0.877681
CDRT15L2	NA	0	1048	0
CDRT15P1	NA	8	1101	0.361595
CDRT15P2	NA	0	571	0
CDRT4	NA	629	2498	12.5308
CDRT7	NA	0	767	0
CDRT8	NA	0	719	0
CDS1	NA	106	4538	1.16241
CDS2	NA	1022	9323	5.45525
CDSN	NA	57	14398	0.197012
CDT1	NA	971	2675	18.064
CDV3	NA	13541	4520	149.084
CDX1	NA	2	1772	0.0561676
CDX2	NA	98	2351	2.0744
CDX4	NA	0	855	0
CDY1	NA	0	2669	0
CDY1B	NA	0	2669	0
CDY2A	NA	0	1960	0
CDY2B	NA	0	1960	0
CDYL	NA	774	4124	9.33989
CDYL2	NA	27	2235	0.601182
CEACAM1	NA	248	3612	3.41683
CEACAM16	NA	2	1692	0.0588233
CEACAM18	NA	0	1125	0
CEACAM19	NA	217	2248	4.80378
CEACAM20	NA	0	1809	0
CEACAM21	NA	17	1852	0.456802
CEACAM22P	NA	2	3016	0.0330003
CEACAM3	NA	0	1670	0
CEACAM4	NA	0	1205	0
CEACAM5	NA	0	3530	0
CEACAM6	NA	1	2601	0.0191328
CEACAM7	NA	0	2399	0
CEACAM8	NA	3	2303	0.0648257
CEBPA	NA	268	2631	5.06913
CEBPA-AS1	NA	89	2201	2.01229
CEBPB	NA	805	2108	19.004
CEBPB-AS1	NA	287	2973	4.80404
CEBPD	NA	100	1251	3.97798
CEBPE	NA	3	1547	0.0965052
CEBPG	NA	1272	3860	16.3991
CEBPZ	NA	1605	3327	24.0072
CEBPZOS	NA	1031	3335	15.3845
CECR1	NA	12	4868	0.122673
CECR2	NA	564	9662	2.9049
CECR3	NA	0	1914	0
CECR5	NA	1345	1880	35.6028
CECR5-AS1	NA	5	626	0.39748
CECR6	NA	145	5069	1.42353
CECR7	NA	215	2726	3.92493
CEL	NA	583	2386	12.1596
CELA1	NA	0	952	0
CELA2A	NA	0	920	0
CELA2B	NA	1	923	0.053916
CELA3A	NA	0	907	0
CELA3B	NA	0	1003	0
CELF1	NA	3406	9084	18.6589
CELF2	NA	26	9791	0.13215
CELF2-AS1	NA	0	2573	0
CELF2-AS2	NA	0	2275	0
CELF3	NA	8	5856	0.0679843
CELF4	NA	1	4054	0.0122754
CELF5	NA	113	5258	1.06949
CELF6	NA	72	3575	1.00225
CELP	NA	149	985	7.52783
CELSR1	NA	810	11389	3.53931
CELSR2	NA	608	10540	2.87067
CELSR3	NA	595	11962	2.47533
CELSR3-AS1	NA	1	200	0.248822
CEMIP	NA	7	7271	0.0479097
CEMP1	NA	363	1374	13.1474
CEND1	NA	133	1646	4.02107
CENPA	NA	427	1429	14.8701
CENPB	NA	1177	2840	20.6242
CENPBD1	NA	215	3058	3.49881
CENPBD1P1	NA	739	3341	11.0075
CENPC	NA	312	3349	4.63617
CENPE	NA	1258	8615	7.26683
CENPF	NA	4141	10296	20.015
CENPH	NA	382	1389	13.6861
CENPI	NA	128	2563	2.48531
CENPJ	NA	364	5232	3.46221
CENPK	NA	271	1731	7.79098
CENPL	NA	184	2787	3.28549
CENPM	NA	621	1693	18.2538
CENPN	NA	790	5307	7.40794
CENPO	NA	1473	4244	17.2722
CENPP	NA	226	3656	3.07625
CENPQ	NA	94	1728	2.7071
CENPT	NA	2264	2345	48.0456
CENPU	NA	1009	2550	19.6911
CENPV	NA	615	1164	26.2931
CENPVP1	NA	0	1302	0
CENPVP2	NA	0	1302	0
CENPW	NA	668	3998	8.31483
CEP104	NA	777	6458	5.98746
CEP112	NA	288	4102	3.49395
CEP120	NA	560	4711	5.91554
CEP126	NA	100	7046	0.70628
CEP128	NA	146	4457	1.63016
CEP131	NA	786	3619	10.8082
CEP135	NA	173	5735	1.50118
CEP152	NA	280	5637	2.47189
CEP162	NA	186	5218	1.7739
CEP164	NA	1177	5697	10.2813
CEP170	NA	1063	7214	7.33292
CEP170B	NA	2288	6810	16.7197
CEP170P1	NA	87	1070	4.04627
CEP19	NA	269	2202	6.07931
CEP192	NA	403	7976	2.51443
CEP250	NA	814	8324	4.86645
CEP290	NA	721	7955	4.5104
CEP295	NA	492	8044	3.04378
CEP295NL	NA	3	2167	0.0688941
CEP350	NA	1127	13456	4.168
CEP41	NA	10	9460	0.0526052
CEP44	NA	348	6552	2.64317
CEP55	NA	1068	2658	19.9957
CEP57	NA	724	3222	11.1823
CEP57L1	NA	227	3105	3.63818
CEP63	NA	478	6743	3.52772
CEP68	NA	723	5862	6.13779
CEP70	NA	650	2990	10.8184
CEP72	NA	272	2414	5.60727
CEP76	NA	254	3161	3.99879
CEP78	NA	887	2750	16.0513
CEP83	NA	353	3225	5.44709
CEP83-AS1	NA	18	2566	0.349088
CEP85	NA	583	4296	6.75342
CEP85L	NA	54	8042	0.334156
CEP89	NA	456	2671	8.49592
CEP95	NA	487	2689	9.01276
CEP97	NA	234	7693	1.5137
CEPT1	NA	439	2348	9.30435
CER1	NA	0	1205	0
CERCAM	NA	713	2808	12.6361
CERK	NA	2361	4445	26.4328
CERKL	NA	2	3288	0.0302704
CERS1	NA	955	3752	12.6666
CERS2	NA	2408	2544	47.1041
CERS3	NA	0	4240	0
CERS3-AS1	NA	0	532	0
CERS4	NA	762	1816	20.8814
CERS5	NA	1559	3962	19.5817
CERS6	NA	943	6851	6.84979
CERS6-AS1	NA	555	2985	9.25269
CES1	NA	0	2012	0
CES1P1	NA	0	2247	0
CES1P2	NA	0	1595	0
CES2	NA	1395	4203	16.5171
CES3	NA	250	4320	2.87989
CES4A	NA	3	2621	0.0569605
CES5A	NA	0	2480	0
CES5AP1	NA	21	880	1.18756
CETN1	NA	0	1678	0
CETN2	NA	1550	1080	71.4213
CETN3	NA	474	1430	16.4954
CETN4P	NA	7	629	0.553818
CETP	NA	1	1717	0.0289834
CFAP126	NA	25	783	1.5889
CFAP20	NA	617	1291	23.7837
CFAP221	NA	42	3170	0.65934
CFAP36	NA	590	1383	21.23
CFAP43	NA	44	5365	0.408134
CFAP44	NA	205	10539	0.967997
CFAP44-AS1	NA	0	686	0
CFAP45	NA	20	1795	0.554479
CFAP46	NA	118	8278	0.709375
CFAP47	NA	2	10646	0.00934896
CFAP52	NA	12	2193	0.272309
CFAP53	NA	41	1824	1.11861
CFAP54	NA	20	9782	0.101747
CFAP57	NA	65	5127	0.630913
CFAP58	NA	14	3313	0.210294
CFAP58-AS1	NA	0	1085	0
CFAP61	NA	2	4673	0.0212987
CFAP69	NA	45	3902	0.573911
CFAP70	NA	169	3704	2.27057
CFAP74	NA	6	5412	0.0551713
CFAP97	NA	733	6310	5.78088
CFAP99	NA	5	2144	0.116055
CFB	NA	103	17808	0.287834
CFC1	NA	0	1672	0
CFC1B	NA	0	1160	0
CFD	NA	2	1159	0.0858749
CFDP1	NA	1005	1279	39.1035
CFH	NA	0	4375	0
CFHR1	NA	0	1297	0
CFHR2	NA	0	1036	0
CFHR3	NA	0	1640	0
CFHR4	NA	0	2181	0
CFHR5	NA	0	2828	0
CFI	NA	10	2161	0.230285
CFL1	NA	22827	1257	903.718
CFL1P1	NA	10	2120	0.234738
CFL2	NA	1610	3514	22.8005
CFLAR	NA	1085	15921	3.3914
CFLAR-AS1	NA	4	1041	0.191218
CFP	NA	5	1775	0.140182
CFTR	NA	4	6131	0.0324675
CGA	NA	63	844	3.71465
CGB	NA	71	919	3.8447
CGB1	NA	66	732	4.48696
CGB2	NA	52	732	3.53518
CGB5	NA	48	880	2.71443
CGB7	NA	194	880	10.9708
CGB8	NA	87	887	4.88107
CGGBP1	NA	1418	4804	14.689
CGN	NA	903	5101	8.80952
CGNL1	NA	5736	7339	38.8948
CGREF1	NA	58	2698	1.06981
CGRRF1	NA	259	1323	9.74226
CH17-340M24.3	NA	28	598	2.33011
CH17-360D5.1	NA	0	1449	0
CH17-408M7.1	NA	1	1409	0.035319
CH25H	NA	0	1378	0
CHAC1	NA	789	1560	25.1694
CHAC2	NA	96	1275	3.74697
CHAD	NA	33	1695	0.968866
CHADL	NA	52	2533	1.02162
CHAF1A	NA	1013	3343	15.0797
CHAF1B	NA	473	2279	10.3285
CHAMP1	NA	957	3818	12.4737
CHAT	NA	1	2728	0.0182421
CHCHD1	NA	790	844	46.5805
CHCHD10	NA	0	721	0
CHCHD2	NA	5920	815	361.48
CHCHD3	NA	1837	1590	57.4952
CHCHD4	NA	355	1604	11.014
CHCHD5	NA	207	742	13.8831
CHCHD6	NA	232	1020	11.319
CHCHD7	NA	171	1730	4.91892
CHD1	NA	1064	6457	8.20031
CHD1L	NA	1119	3014	18.4759
CHD2	NA	2628	9521	13.7361
CHD3	NA	1025	7604	6.70813
CHD4	NA	10853	6545	82.5201
CHD5	NA	1828	9663	9.41421
CHD6	NA	921	10816	4.23753
CHD7	NA	72	11580	0.309417
CHD8	NA	2569	8383	15.2505
CHD9	NA	713	11510	3.08272
CHDH	NA	151	3706	2.02764
CHEK1	NA	619	4897	6.29043
CHEK2	NA	460	2101	10.8956
CHEK2P2	NA	2	864	0.115196
CHERP	NA	2246	4095	27.2945
CHFR	NA	757	3374	11.1653
CHGA	NA	40	2046	0.972913
CHGB	NA	126	2650	2.36616
CHI3L1	NA	496	1837	13.4367
CHI3L2	NA	17	1611	0.525137
CHIA	NA	0	1837	0
CHIAP2	NA	0	2803	0
CHIC1	NA	209	6916	1.50387
CHIC2	NA	347	1150	15.0159
CHID1	NA	1311	3817	17.0923
CHIT1	NA	2	2535	0.0392619
CHKA	NA	2572	2717	47.1087
CHKB	NA	719	1629	21.9648
CHKB-AS1	NA	35	1019	1.70928
CHKB-CPT1B	NA	1049	4276	12.2084
CHL1	NA	34	10502	0.161111
CHL1-AS1	NA	2	910	0.109373
CHM	NA	411	7934	2.57792
CHML	NA	324	7066	2.28187
CHMP1A	NA	2535	2591	48.6889
CHMP1B	NA	1506	3060	24.4919
CHMP1B2P	NA	0	6767	0
CHMP2A	NA	1740	1036	83.5813
CHMP2B	NA	1076	2628	20.3754
CHMP3	NA	2210	3192	34.4547
CHMP4A	NA	874	1356	32.0753
CHMP4B	NA	2705	1647	81.7322
CHMP4C	NA	0	1845	0
CHMP5	NA	682	2070	16.3958
CHMP6	NA	492	1664	14.714
CHMP7	NA	910	3410	13.2803
CHN1	NA	38	3310	0.571314
CHN2	NA	1	4764	0.0104459
CHODL	NA	27	2801	0.479701
CHODL-AS1	NA	1	461	0.107949
CHORDC1	NA	822	3385	12.0846
CHP1	NA	2029	3228	31.2801
CHP2	NA	0	2382	0
CHPF	NA	5281	3176	82.7476
CHPF2	NA	2482	3988	30.9718
CHPT1	NA	440	1567	13.9734
CHRAC1	NA	754	2548	14.7262
CHRD	NA	161	3740	2.14227
CHRDL1	NA	0	4159	0
CHRDL2	NA	1	2770	0.0179655
CHRFAM7A	NA	39	2858	0.679082
CHRM1	NA	0	2823	0
CHRM2	NA	1	2973	0.0167388
CHRM3	NA	0	2745	0
CHRM3-AS1	NA	0	483	0
CHRM3-AS2	NA	0	893	0
CHRM4	NA	21	1817	0.575154
CHRM5	NA	4	3039	0.0655011
CHRNA1	NA	0	2056	0
CHRNA10	NA	64	2007	1.58691
CHRNA2	NA	1	4067	0.0122362
CHRNA3	NA	116	3555	1.62382
CHRNA4	NA	24	5586	0.213811
CHRNA5	NA	196	3623	2.6922
CHRNA6	NA	0	2383	0
CHRNA7	NA	44	3433	0.63782
CHRNA9	NA	6	2276	0.131189
CHRNB1	NA	120	2437	2.45045
CHRNB2	NA	3	5718	0.0261094
CHRNB3	NA	0	1953	0
CHRNB4	NA	1	2448	0.0203286
CHRND	NA	1	2963	0.0167953
CHRNE	NA	242	2460	4.89553
CHRNG	NA	4	2187	0.0910187
CHST1	NA	9	3940	0.113675
CHST10	NA	398	2854	6.93983
CHST11	NA	1085	5768	9.36104
CHST12	NA	489	2133	11.4087
CHST13	NA	7	1784	0.195264
CHST14	NA	784	2198	17.7504
CHST15	NA	9	6524	0.0686512
CHST2	NA	653	4137	7.85502
CHST3	NA	1737	6973	12.3965
CHST4	NA	2	2307	0.0431422
CHST5	NA	20	3250	0.306243
CHST6	NA	14	6885	0.101191
CHST7	NA	87	2474	1.75
CHST8	NA	0	2898	0
CHST9	NA	0	2259	0
CHSY1	NA	1005	4550	10.9919
CHSY3	NA	1	3492	0.014251
CHTF18	NA	822	3090	13.2383
CHTF8	NA	2776	3004	45.9874
CHTOP	NA	1871	2166	42.9868
CHUK	NA	514	3524	7.2585
CHURC1	NA	1004	3613	13.8288
CHURC1-FNTB	NA	484	2894	8.32274
CIAO1	NA	1381	4036	17.0279
CIAPIN1	NA	2250	2182	51.3154
CIART	NA	86	2031	2.10721
CIB1	NA	1364	1308	51.8951
CIB2	NA	694	1716	20.1262
CIB3	NA	3	711	0.209977
CIB4	NA	0	745	0
CIC	NA	1833	8334	10.9453
CIDEA	NA	1	1585	0.0313972
CIDEB	NA	351	2242	7.79096
CIDEC	NA	4	1376	0.144664
CIDECP	NA	96	803	5.94943
CIITA	NA	0	4703	0
CILP	NA	74	4468	0.824211
CILP2	NA	32	4199	0.379248
CINP	NA	614	979	31.2108
CIPC	NA	657	4348	7.51961
CIR1	NA	704	1793	19.5394
CIRBP	NA	4676	3472	67.0215
CIRBP-AS1	NA	39	1356	1.43128
CIRH1A	NA	1029	2254	22.7186
CISD1	NA	481	2108	11.3552
CISD2	NA	786	5891	6.63977
CISD3	NA	1254	2636	23.674
CISH	NA	61	2268	1.33846
CISTR	NA	9	918	0.487887
CIT	NA	1253	8708	7.16065
CITED1	NA	7	1617	0.215431
CITED2	NA	6024	2117	141.607
CITED4	NA	174	1291	6.70722
CIZ1	NA	2213	3518	31.3044
CKAP2	NA	2358	4325	27.1317
CKAP2L	NA	612	4790	6.35822
CKAP4	NA	5576	3036	91.3988
CKAP5	NA	6237	6714	46.2289
CKB	NA	7052	1458	240.699
CKLF	NA	364	888	20.399
CKLF-CMTM1	NA	203	890	11.3508
CKM	NA	11	1658	0.330163
CKMT1A	NA	605	1779	16.9238
CKMT1B	NA	663	1779	18.5463
CKMT2	NA	2	1646	0.0604672
CKMT2-AS1	NA	137	2915	2.33885
CKS1B	NA	1612	924	86.8186
CKS2	NA	2844	616	229.757
CLASP1	NA	1442	8188	8.76409
CLASP2	NA	866	7674	5.61585
CLASRP	NA	366	2238	8.13843
CLC	NA	1	633	0.0786169
CLCA1	NA	0	3120	0
CLCA2	NA	8	4024	0.0989354
CLCA3P	NA	0	3412	0
CLCA4	NA	0	3208	0
CLCC1	NA	817	4845	8.39166
CLCF1	NA	194	1973	4.89321
CLCN1	NA	0	3096	0
CLCN2	NA	275	3290	4.15965
CLCN3	NA	949	6669	7.0815
CLCN4	NA	13	6788	0.0953062
CLCN5	NA	431	10632	2.01735
CLCN6	NA	529	5708	4.61202
CLCN7	NA	3023	4226	35.5982
CLCNKA	NA	10	2536	0.196232
CLCNKB	NA	4	2984	0.0667084
CLDN1	NA	65	3452	0.937049
CLDN10	NA	44	2939	0.745028
CLDN10-AS1	NA	0	895	0
CLDN11	NA	3	2859	0.0522188
CLDN12	NA	735	3664	9.98278
CLDN14	NA	0	2568	0
CLDN15	NA	310	2244	6.87477
CLDN16	NA	1	3273	0.0152046
CLDN17	NA	0	731	0
CLDN18	NA	12	3632	0.16442
CLDN19	NA	8	3602	0.110526
CLDN2	NA	2	3438	0.0289497
CLDN20	NA	6	1209	0.24697
CLDN22	NA	110	2708	2.02145
CLDN23	NA	15	1952	0.382412
CLDN24	NA	6	663	0.450357
CLDN25	NA	0	690	0
CLDN3	NA	1	1274	0.0390616
CLDN34	NA	1	645	0.0771543
CLDN4	NA	513	1831	13.9428
CLDN5	NA	4	2314	0.0860233
CLDN6	NA	197	1370	7.15592
CLDN7	NA	32	2044	0.779092
CLDN8	NA	0	2146	0
CLDN9	NA	29	2050	0.703986
CLDND1	NA	1193	2542	23.3552
CLDND2	NA	18	974	0.919672
CLEC10A	NA	0	1780	0
CLEC11A	NA	1414	1407	50.0121
CLEC12A	NA	0	2309	0
CLEC12B	NA	0	3500	0
CLEC14A	NA	0	2371	0
CLEC16A	NA	1090	7089	7.65176
CLEC17A	NA	1	2225	0.0223661
CLEC18A	NA	32	2411	0.660499
CLEC18B	NA	49	1943	1.255
CLEC18C	NA	24	1822	0.655515
CLEC19A	NA	0	2494	0
CLEC1A	NA	3	2905	0.0513919
CLEC1B	NA	0	970	0
CLEC2A	NA	0	1220	0
CLEC2B	NA	0	2038	0
CLEC2D	NA	3296	5441	30.1459
CLEC2L	NA	3	1288	0.115911
CLEC3A	NA	0	1997	0
CLEC3B	NA	8	962	0.413842
CLEC4A	NA	14	1281	0.543874
CLEC4C	NA	0	1314	0
CLEC4D	NA	0	1934	0
CLEC4E	NA	0	2158	0
CLEC4F	NA	25	2474	0.502875
CLEC4G	NA	0	1360	0
CLEC4GP1	NA	11	1935	0.282899
CLEC4M	NA	6	2404	0.124204
CLEC5A	NA	0	3535	0
CLEC6A	NA	0	1613	0
CLEC7A	NA	1	2819	0.0176532
CLEC9A	NA	0	1737	0
CLECL1	NA	0	1724	0
CLGN	NA	527	2822	9.29337
CLHC1	NA	177	5418	1.62575
CLIC1	NA	13247	12418	53.0867
CLIC2	NA	19	2694	0.350975
CLIC3	NA	205	813	12.5482
CLIC4	NA	2888	4434	32.4131
CLIC5	NA	6	8279	0.0360656
CLIC6	NA	5	3800	0.0654796
CLINT1	NA	1887	4040	23.244
CLIP1	NA	1060	5913	8.92108
CLIP1-AS1	NA	2	896	0.111081
CLIP2	NA	1493	5563	13.3558
CLIP3	NA	58	3628	0.795574
CLIP4	NA	474	5162	4.56962
CLK1	NA	884	3794	11.5951
CLK2	NA	1140	2179	26.0356
CLK2P1	NA	131	1812	3.59776
CLK3	NA	915	2751	16.552
CLK4	NA	309	2507	6.13372
CLLU1	NA	0	4250	0
CLLU1OS	NA	0	686	0
CLMN	NA	15	12750	0.0585465
CLMP	NA	22	2630	0.416281
CLN3	NA	1303	2347	27.6281
CLN5	NA	385	2800	6.84262
CLN6	NA	1262	2242	28.012
CLN8	NA	1087	7169	7.54554
CLNK	NA	0	1677	0
CLNS1A	NA	2693	1373	97.608
CLOCK	NA	532	11109	2.38318
CLP1	NA	614	1846	16.5522
CLPB	NA	376	3382	5.53266
CLPP	NA	1024	1151	44.2735
CLPS	NA	0	657	0
CLPSL1	NA	0	477	0
CLPSL2	NA	0	611	0
CLPTM1	NA	1573	2841	27.5535
CLPTM1L	NA	1628	2147	37.7348
CLPX	NA	1194	2351	25.2738
CLRN1	NA	0	3370	0
CLRN1-AS1	NA	0	2045	0
CLRN2	NA	0	823	0
CLRN3	NA	2	1143	0.087077
CLSPN	NA	721	8484	4.22916
CLSTN1	NA	5348	5226	50.9262
CLSTN2	NA	1829	4882	18.6438
CLSTN2-AS1	NA	0	2686	0
CLSTN3	NA	824	4002	10.2464
CLTA	NA	5144	1236	207.11
CLTB	NA	3121	1767	87.8976
CLTC	NA	9733	8587	56.4059
CLTCL1	NA	304	5514	2.74364
CLU	NA	3520	3303	53.0339
CLUAP1	NA	454	4221	5.35254
CLUH	NA	2539	5224	24.1868
CLUHP3	NA	51	1776	1.42905
CLUL1	NA	27	2241	0.599572
CLVS1	NA	208	3492	2.96421
CLVS2	NA	0	11477	0
CLYBL	NA	64	2942	1.08257
CLYBL-AS1	NA	0	1073	0
CLYBL-AS2	NA	1	678	0.073399
CMA1	NA	1	935	0.0532241
CMAHP	NA	0	3390	0
CMAS	NA	523	1794	14.5077
CMBL	NA	566	4047	6.9599
CMC1	NA	116	625	9.23629
CMC2	NA	856	730	58.354
CMC4	NA	232	1014	11.386
CMIP	NA	1043	4503	11.5266
CMKLR1	NA	1	5614	0.00886436
CMPK1	NA	2329	3508	33.0392
CMPK2	NA	1	4150	0.0119914
CMSS1	NA	721	1299	27.6214
CMTM1	NA	15	1118	0.667681
CMTM2	NA	6	1062	0.281155
CMTM3	NA	1673	2594	32.0956
CMTM4	NA	1244	8117	7.62684
CMTM5	NA	1	1401	0.0355207
CMTM6	NA	1559	3366	23.049
CMTM7	NA	773	1351	28.4737
CMTM8	NA	111	1170	4.72125
CMTR1	NA	960	4124	11.5844
CMTR2	NA	244	4221	2.8767
CMYA5	NA	9	12892	0.034741
CNBD1	NA	0	1459	0
CNBD2	NA	10	4142	0.120146
CNBP	NA	7727	3384	113.632
CNDP1	NA	0	2198	0
CNDP2	NA	1905	5367	17.6638
CNEP1R1	NA	250	2169	5.73588
CNFN	NA	57	528	5.3723
CNGA1	NA	2	3021	0.0329457
CNGA2	NA	0	3285	0
CNGA3	NA	8	3848	0.10346
CNGA4	NA	1	1911	0.0260411
CNGB1	NA	5	6338	0.0392588
CNGB3	NA	0	4347	0
CNIH1	NA	1371	1423	47.946
CNIH2	NA	225	1382	8.10203
CNIH3	NA	102	2372	2.13996
CNIH4	NA	837	2376	17.5307
CNKSR1	NA	50	2558	0.972723
CNKSR2	NA	2	7089	0.0140399
CNKSR3	NA	456	3228	7.02993
CNN1	NA	324	1908	8.45057
CNN2	NA	8697	2548	169.859
CNN3	NA	6223	2288	135.352
CNNM1	NA	7	5959	0.058458
CNNM2	NA	646	4472	7.1887
CNNM3	NA	537	4916	5.43603
CNNM4	NA	382	4800	3.96042
CNOT1	NA	6102	9113	33.322
CNOT10	NA	242	3230	3.72849
CNOT11	NA	2904	2518	57.3932
CNOT2	NA	961	4116	11.619
CNOT3	NA	1226	2887	21.1331
CNOT4	NA	555	5388	5.12608
CNOT6	NA	1171	6337	9.19587
CNOT6L	NA	337	8865	1.89178
CNOT7	NA	2614	3560	36.5406
CNOT8	NA	863	2973	14.4456
CNP	NA	3040	5222	28.9705
CNPPD1	NA	1056	2074	25.3381
CNPY1	NA	0	2234	0
CNPY2	NA	2130	1598	66.3319
CNPY3	NA	893	1765	25.1783
CNPY4	NA	362	1467	12.28
CNR1	NA	0	5955	0
CNR2	NA	1	1775	0.0280363
CNRIP1	NA	104	2312	2.23854
CNST	NA	747	5564	6.68118
CNTD1	NA	907	3277	13.7737
CNTD2	NA	6	1817	0.16433
CNTF	NA	17	1893	0.446908
CNTFR	NA	61	2111	1.43801
CNTFR-AS1	NA	0	884	0
CNTLN	NA	305	11011	1.37846
CNTN1	NA	2	7308	0.0136192
CNTN2	NA	3	7670	0.0194646
CNTN3	NA	0	4947	0
CNTN4	NA	1	5447	0.00913613
CNTN4-AS1	NA	0	1012	0
CNTN4-AS2	NA	0	426	0
CNTN5	NA	0	7705	0
CNTN6	NA	15	3831	0.194849
CNTNAP1	NA	1013	5454	9.24302
CNTNAP2	NA	2	9892	0.0100616
CNTNAP3	NA	1241	5229	11.8106
CNTNAP3B	NA	730	6380	5.69406
CNTNAP3P2	NA	650	5089	6.35624
CNTNAP4	NA	0	4935	0
CNTNAP5	NA	1	5374	0.00926023
CNTRL	NA	341	7431	2.28364
CNTROB	NA	814	4143	9.77753
COA1	NA	1347	3249	20.6318
COA3	NA	843	808	51.9201
COA4	NA	879	816	53.6066
COA5	NA	431	1767	12.1384
COA6	NA	515	1276	20.0852
COA7	NA	414	2114	9.74574
COASY	NA	563	2557	10.9571
COBL	NA	0	8038	0
COBLL1	NA	11	9759	0.0560928
COCH	NA	5	2882	0.0863367
COG1	NA	658	3034	10.7927
COG2	NA	560	2960	9.4149
COG3	NA	493	4596	5.3381
COG4	NA	1533	2822	27.0337
COG5	NA	1209	7553	7.96575
COG6	NA	340	7005	2.41541
COG7	NA	441	2937	7.4723
COG8	NA	1188	2495	23.6955
COIL	NA	581	2633	10.9811
COL10A1	NA	4	3290	0.0605039
COL11A1	NA	40174	7444	268.571
COL11A2	NA	369	42818	0.428864
COL12A1	NA	10	11579	0.0429782
COL13A1	NA	70	3137	1.11046
COL14A1	NA	0	6464	0
COL15A1	NA	3	5422	0.0275348
COL16A1	NA	1770	5584	15.7742
COL17A1	NA	1667	5610	14.7874
COL18A1	NA	8769	6799	64.1837
COL18A1-AS1	NA	6	3455	0.0864217
COL18A1-AS2	NA	0	552	0
COL19A1	NA	1	8725	0.00570367
COL1A1	NA	12679	5927	106.456
COL1A2	NA	77	5411	0.708162
COL20A1	NA	1	4172	0.0119282
COL21A1	NA	0	4173	0
COL22A1	NA	1	6359	0.00782584
COL23A1	NA	14	3063	0.227458
COL24A1	NA	1	6500	0.00765608
COL25A1	NA	0	6351	0
COL26A1	NA	2531	3032	41.5415
COL27A1	NA	1033	7810	6.58217
COL28A1	NA	13	3515	0.184051
COL2A1	NA	710	5087	6.9457
COL3A1	NA	13649	5490	123.722
COL4A1	NA	23	7454	0.153553
COL4A2	NA	40	6263	0.317832
COL4A2-AS1	NA	0	539	0
COL4A3	NA	14	8097	0.0860446
COL4A3BP	NA	1419	5618	12.5696
COL4A4	NA	36	10341	0.173245
COL4A5	NA	5	6512	0.0382098
COL4A6	NA	51	6891	0.368305
COL5A1	NA	287	8508	1.6787
COL5A2	NA	225	6930	1.61573
COL5A3	NA	58	6174	0.467499
COL6A1	NA	3858	4225	45.4418
COL6A2	NA	3394	4342	38.8993
COL6A3	NA	22	10696	0.102358
COL6A4P1	NA	1	2249	0.0221274
COL6A4P2	NA	0	9162	0
COL6A5	NA	0	9228	0
COL6A6	NA	0	8470	0
COL7A1	NA	405	9169	2.19813
COL8A1	NA	2	3091	0.0321996
COL8A2	NA	2	4534	0.0219517
COL9A1	NA	45	4010	0.558454
COL9A2	NA	70	2831	1.23049
COL9A3	NA	45	2485	0.901168
COLCA1	NA	0	6278	0
COLCA2	NA	0	1783	0
COLEC10	NA	0	1703	0
COLEC11	NA	3	2396	0.0623095
COLEC12	NA	3153	3134	50.0662
COLGALT1	NA	3204	3593	44.3767
COLGALT2	NA	265	5851	2.2539
COLQ	NA	60	3366	0.887068
COMMD1	NA	789	713	55.069
COMMD10	NA	361	1632	11.008
COMMD2	NA	857	3706	11.5079
COMMD3	NA	377	942	19.9164
COMMD3-BMI1	NA	1613	3388	23.6925
COMMD4	NA	1350	2203	30.4957
COMMD5	NA	757	1779	21.1758
COMMD6	NA	1045	2036	25.5422
COMMD7	NA	1275	1911	33.2024
COMMD8	NA	396	1411	13.9665
COMMD9	NA	644	2999	10.6863
COMP	NA	3	2452	0.0608864
COMT	NA	1466	2553	28.5761
COMTD1	NA	576	975	29.3993
COPA	NA	4723	5666	41.4821
COPB1	NA	3575	3527	50.4418
COPB2	NA	5221	3202	81.1432
COPE	NA	4608	1134	202.218
COPG1	NA	1848	3074	29.917
COPG2	NA	643	1734	18.4536
COPRS	NA	1884	937	100.06
COPS2	NA	2202	4108	26.6751
COPS3	NA	1870	1988	46.8107
COPS4	NA	931	1748	26.505
COPS5	NA	1507	1489	50.3661
COPS6	NA	2513	1425	87.7601
COPS7A	NA	542	2305	11.7017
COPS7B	NA	1565	2856	27.2694
COPS8	NA	1184	2323	25.3643
COPZ1	NA	3578	2020	88.1472
COPZ2	NA	2	919	0.108301
COQ10A	NA	260	1805	7.16829
COQ10B	NA	880	1974	22.1848
COQ2	NA	591	1641	17.9225
COQ3	NA	230	1265	9.04809
COQ4	NA	595	1576	18.788
COQ5	NA	789	1509	26.02
COQ6	NA	179	1846	4.82548
COQ7	NA	283	2753	5.11564
COQ9	NA	644	1689	18.9747
CORIN	NA	6	5320	0.0561254
CORO1A	NA	371	1933	9.55128
CORO1B	NA	2856	1979	71.8178
CORO1C	NA	5041	4270	58.7501
CORO2A	NA	576	5759	4.97731
CORO2B	NA	502	3997	6.25013
CORO6	NA	590	2397	12.2491
CORO7	NA	915	3837	11.8672
CORO7-PAM16	NA	1186	3658	16.1347
CORT	NA	35	1231	1.41491
COTL1	NA	6889	1858	184.514
COX10	NA	405	3002	6.71373
COX10-AS1	NA	115	1944	2.94389
COX11	NA	1059	2717	19.3966
COX14	NA	673	999	33.525
COX15	NA	1551	7689	10.0383
COX16	NA	1086	1717	31.476
COX17	NA	407	423	47.8821
COX18	NA	207	4537	2.2705
COX19	NA	562	4891	5.71819
COX20	NA	453	2616	8.61748
COX4I1	NA	5436	824	328.301
COX4I2	NA	0	684	0
COX5A	NA	3044	769	196.987
COX5B	NA	1334	505	131.457
COX6A1	NA	2392	572	208.106
COX6A2	NA	0	440	0
COX6B1	NA	2498	590	210.698
COX6B2	NA	356	1663	10.6531
COX6C	NA	3580	921	193.439
COX7A1	NA	8	762	0.522462
COX7A2	NA	2814	754	185.726
COX7A2L	NA	2602	1114	116.236
COX7B	NA	1565	456	170.793
COX7B2	NA	0	543	0
COX7C	NA	2903	407	354.954
COX8A	NA	3498	507	343.346
COX8C	NA	1	531	0.0937184
CP	NA	540	5233	5.13526
CPA1	NA	5	1507	0.165111
CPA2	NA	0	1329	0
CPA3	NA	1	1684	0.0295514
CPA4	NA	659	2817	11.6417
CPA5	NA	10	2078	0.239483
CPA6	NA	0	1904	0
CPAMD8	NA	1506	5988	12.5159
CPB1	NA	0	1460	0
CPB2	NA	0	1766	0
CPB2-AS1	NA	6	3508	0.085116
CPD	NA	2595	9208	14.0246
CPE	NA	1551	2428	31.7894
CPEB1	NA	780	3998	9.70893
CPEB1-AS1	NA	56	2138	1.30347
CPEB2	NA	16	6887	0.115614
CPEB2-AS1	NA	0	1630	0
CPEB3	NA	34	6011	0.281483
CPEB4	NA	295	8583	1.71042
CPED1	NA	104	5607	0.923044
CPLX1	NA	80	2140	1.86035
CPLX2	NA	0	4934	0
CPLX3	NA	3	2012	0.0742015
CPLX4	NA	1	1964	0.0253383
CPM	NA	123	6726	0.910055
CPN1	NA	1	1756	0.0283397
CPN2	NA	1	3028	0.0164348
CPNE1	NA	2273	2631	42.993
CPNE2	NA	643	2238	14.2978
CPNE3	NA	1305	4864	13.3517
CPNE4	NA	0	4516	0
CPNE5	NA	826	3339	12.3107
CPNE6	NA	1	2415	0.0206064
CPNE7	NA	7	2657	0.131107
CPNE8	NA	215	3461	3.09141
CPNE9	NA	6	2171	0.137534
CPO	NA	1	1209	0.0411617
CPOX	NA	321	2709	5.89679
CPPED1	NA	2082	6143	16.8663
CPQ	NA	61	1949	1.55753
CPS1	NA	271	6166	2.18718
CPS1-IT1	NA	0	2305	0
CPSF1	NA	3745	4494	41.4704
CPSF2	NA	1653	5072	16.2186
CPSF3	NA	938	2385	19.5719
CPSF3L	NA	1965	2629	37.1956
CPSF4	NA	1460	1826	39.7898
CPSF4L	NA	24	647	1.84598
CPSF6	NA	2360	6727	17.4586
CPSF7	NA	2264	3767	29.9089
CPT1A	NA	155	5485	1.40629
CPT1B	NA	416	3157	6.5575
CPT1C	NA	1244	3149	19.6593
CPT2	NA	1128	3094	18.143
CPTP	NA	631	2193	14.3189
CPVL	NA	53	1779	1.48258
CPXCR1	NA	0	1629	0
CPXM1	NA	1670	2400	34.6278
CPXM2	NA	0	3724	0
CPZ	NA	18	2540	0.352662
CR1	NA	1	9966	0.00499343
CR1L	NA	0	1837	0
CR2	NA	0	4170	0
CRABP1	NA	1	772	0.0644618
CRABP2	NA	20181	1164	862.798
CRACR2A	NA	0	3394	0
CRACR2B	NA	283	1830	7.69582
CRADD	NA	82	1188	3.43492
CRAMP1L	NA	564	7673	3.65791
CRAT	NA	991	2865	17.2135
CRAT37	NA	0	2138	0
CRAT40	NA	0	277	0
CRAT8	NA	0	552	0
CRB1	NA	1	5585	0.00891038
CRB2	NA	644	6186	5.18078
CRB3	NA	11	1106	0.494945
CRBN	NA	535	2591	10.2756
CRCP	NA	620	2923	10.5556
CRCT1	NA	0	695	0
CREB1	NA	660	9779	3.35868
CREB3	NA	936	1851	25.1645
CREB3L1	NA	822	2710	15.0946
CREB3L2	NA	1261	7636	8.21805
CREB3L3	NA	0	2618	0
CREB3L4	NA	113	1949	2.88527
CREB5	NA	3	8944	0.016692
CREBBP	NA	1843	10196	8.99529
CREBL2	NA	662	3813	8.63994
CREBRF	NA	241	8711	1.37679
CREBZF	NA	955	7575	6.27394
CREG1	NA	3913	2025	96.1622
CREG2	NA	3	3488	0.042802
CRELD1	NA	279	2890	4.80425
CRELD2	NA	544	1725	15.6938
CREM	NA	637	5876	5.39482
CRH	NA	2	1434	0.0694065
CRHBP	NA	76	1838	2.05773
CRHR1	NA	23	5329	0.214784
CRHR1-IT1	NA	77	5588	0.685731
CRHR2	NA	3	3590	0.0415859
CRIM1	NA	3472	5611	30.7935
CRIP1	NA	6	478	0.624659
CRIP2	NA	1716	3047	28.0262
CRIP3	NA	0	956	0
CRIPAK	NA	294	4443	3.29299
CRIPT	NA	391	6366	3.05654
CRISP1	NA	0	1967	0
CRISP2	NA	0	1413	0
CRISP3	NA	0	2246	0
CRISPLD1	NA	5	4585	0.0542688
CRISPLD2	NA	56	4589	0.607281
CRK	NA	1390	3225	21.4489
CRKL	NA	2306	5325	21.5506
CRLF1	NA	2458	1804	67.8055
CRLF2	NA	1	2402	0.0207179
CRLF3	NA	354	2941	5.99001
CRLS1	NA	698	4112	8.44738
CRMP1	NA	144	4587	1.56226
CRNDE	NA	21	1420	0.735954
CRNKL1	NA	874	4413	9.85592
CRNN	NA	13	1913	0.33818
CROCC	NA	944	6656	7.05795
CROCCP2	NA	360	1765	10.1503
CROCCP3	NA	203	5368	1.88193
CROT	NA	242	4099	2.93804
CRP	NA	0	2015	0
CRSP8P	NA	297	1362	10.8517
CRTAC1	NA	0	3066	0
CRTAM	NA	2	2624	0.0379303
CRTAP	NA	3889	6651	29.0985
CRTC1	NA	544	6992	3.87184
CRTC2	NA	952	2678	17.6907
CRTC3	NA	661	5251	6.26439
CRTC3-AS1	NA	12	654	0.91311
CRX	NA	31	4466	0.345432
CRY1	NA	1407	3294	21.2564
CRY2	NA	650	4368	7.40543
CRYAA	NA	9	1144	0.391504
CRYAB	NA	14157	1083	650.523
CRYBA1	NA	4	790	0.251972
CRYBA2	NA	2	885	0.112462
CRYBA4	NA	1	811	0.0613619
CRYBB1	NA	1	921	0.0540331
CRYBB2	NA	14	763	0.91311
CRYBB2P1	NA	261	1501	8.65325
CRYBB3	NA	6	863	0.345987
CRYBG3	NA	115	10752	0.532265
CRYGA	NA	1	606	0.0821196
CRYGB	NA	1	626	0.079496
CRYGC	NA	68	629	5.37995
CRYGD	NA	0	707	0
CRYGN	NA	0	2644	0
CRYGS	NA	19	842	1.12295
CRYL1	NA	420	1501	13.9248
CRYM	NA	21	1559	0.670336
CRYM-AS1	NA	4	2304	0.0863967
CRYZ	NA	1643	2303	35.5029
CRYZL1	NA	348	1710	10.1275
CS	NA	3549	2976	59.3462
CSAD	NA	237	3026	3.89762
CSAG1	NA	0	876	0
CSAG3	NA	1	1083	0.0459506
CSAG4	NA	0	753	0
CSDC2	NA	1024	2530	20.1418
CSDE1	NA	9809	4313	113.179
CSE1L	NA	2863	3627	39.282
CSE1L-AS1	NA	1	568	0.0876135
CSF1	NA	1710	4915	17.3138
CSF1R	NA	45	4022	0.556788
CSF2	NA	0	785	0
CSF2RA	NA	100	4596	1.08278
CSF2RB	NA	0	4846	0
CSF3	NA	2	1768	0.0562947
CSF3R	NA	0	3490	0
CSGALNACT1	NA	7	4887	0.0712812
CSGALNACT2	NA	257	3769	3.39333
CSH1	NA	0	918	0
CSH2	NA	1	1136	0.0438068
CSHL1	NA	0	841	0
CSK	NA	1174	2740	21.3225
CSMD1	NA	3	14317	0.0104277
CSMD2	NA	16	13920	0.0572006
CSMD2-AS1	NA	0	1364	0
CSMD3	NA	93	13353	0.346596
CSN1S1	NA	0	981	0
CSN1S2AP	NA	0	777	0
CSN1S2BP	NA	0	432	0
CSN2	NA	0	1070	0
CSN3	NA	0	808	0
CSNK1A1	NA	3510	2795	62.4949
CSNK1A1L	NA	102	2405	2.11059
CSNK1A1P1	NA	20	1690	0.588929
CSNK1D	NA	3847	3793	50.473
CSNK1E	NA	2401	2891	41.3298
CSNK1G1	NA	823	8163	5.01729
CSNK1G2	NA	1861	2904	31.8911
CSNK1G2-AS1	NA	2	1313	0.0758027
CSNK1G3	NA	650	4738	6.82713
CSNK2A1	NA	2622	2836	46.0093
CSNK2A2	NA	812	1658	24.372
CSNK2A3	NA	1004	1416	35.285
CSNK2B	NA	3170	7925	19.9058
CSPG4	NA	3425	8290	20.5601
CSPG4P1Y	NA	0	795	0
CSPG5	NA	56	2590	1.07599
CSPP1	NA	416	5209	3.97428
CSRNP1	NA	938	3188	14.6421
CSRNP2	NA	969	4702	10.2556
CSRNP3	NA	0	12040	0
CSRP1	NA	3590	2324	76.8737
CSRP2	NA	1314	923	70.8457
CSRP2BP	NA	896	3848	11.5876
CSRP3	NA	3	1464	0.101976
CST1	NA	96	760	6.28604
CST11	NA	1	553	0.08999
CST13P	NA	0	1157	0
CST2	NA	17	694	1.21901
CST3	NA	2120	2455	42.9738
CST4	NA	33	736	2.23129
CST5	NA	0	749	0
CST6	NA	0	609	0
CST7	NA	0	930	0
CST8	NA	0	918	0
CST9	NA	0	1689	0
CST9L	NA	0	958	0
CSTA	NA	6	827	0.361048
CSTB	NA	5520	940	292.234
CSTF1	NA	833	2572	16.1173
CSTF2	NA	487	2662	9.10417
CSTF2T	NA	1347	4110	16.3097
CSTF3	NA	1297	3181	20.2906
CSTF3-AS1	NA	4	2060	0.0966301
CSTL1	NA	0	736	0
CT45A1	NA	14	1028	0.677727
CT45A10	NA	8	1346	0.295777
CT45A2	NA	10	1009	0.493206
CT45A3	NA	14	1008	0.691174
CT45A4	NA	11	1008	0.543065
CT45A5	NA	10	1338	0.371932
CT45A6	NA	24	2016	0.592434
CT45A7	NA	38	2460	0.76872
CT45A8	NA	10	1009	0.493206
CT45A9	NA	10	1009	0.493206
CT47A1	NA	0	12930	0
CT47A10	NA	0	11637	0
CT47A11	NA	0	11637	0
CT47A12	NA	0	11637	0
CT47A2	NA	0	11637	0
CT47A3	NA	0	11637	0
CT47A4	NA	0	11637	0
CT47A5	NA	0	11637	0
CT47A6	NA	0	12930	0
CT47A7	NA	0	1293	0
CT47A8	NA	0	11637	0
CT47A9	NA	0	11637	0
CT47B1	NA	0	1329	0
CT55	NA	2	2161	0.0460569
CT62	NA	5	1831	0.135894
CT83	NA	0	574	0
CTAG1A	NA	0	748	0
CTAG1B	NA	0	748	0
CTAG2	NA	0	993	0
CTAGE1	NA	43	4315	0.495915
CTAGE10P	NA	7	2972	0.117211
CTAGE11P	NA	15	2629	0.283936
CTAGE15	NA	28	2587	0.538618
CTAGE4	NA	15	2626	0.28426
CTAGE5	NA	285	4075	3.48046
CTAGE6	NA	27	2662	0.504749
CTAGE7P	NA	43	2829	0.756406
CTAGE8	NA	26	3111	0.415904
CTAGE9	NA	17	2577	0.328287
CTB-113P19.1	NA	11	1970	0.277873
CTB-12O2.1	NA	1	403	0.123485
CTB-178M22.2	NA	12	518	1.15285
CTB-7E3.1	NA	0	566	0
CTBP1	NA	3565	2483	71.45
CTBP1-AS	NA	764	3886	9.78386
CTBP1-AS2	NA	323	2930	5.48598
CTBP2	NA	2595	5742	22.4902
CTBS	NA	241	3101	3.86754
CTC-338M12.4	NA	246	1013	12.085
CTC-436P18.1	NA	0	590	0
CTC1	NA	665	7072	4.6795
CTCF	NA	1061	3941	13.3976
CTCFL	NA	2	7949	0.0125209
CTD-2151A2.1	NA	1	1033	0.0481747
CTD-2194D22.4	NA	0	1633	0
CTD-2201E9.1	NA	0	1679	0
CTD-2201I18.1	NA	4	2716	0.0732909
CTD-2270F17.1	NA	0	1215	0
CTD-2297D10.2	NA	0	1584	0
CTD-2350J17.1	NA	0	385	0
CTD-3080P12.3	NA	0	1802	0
CTDNEP1	NA	2508	1855	67.2827
CTDP1	NA	904	3841	11.7123
CTDSP1	NA	1229	2780	22.0002
CTDSP2	NA	2763	5020	27.3903
CTDSPL	NA	1044	4455	11.662
CTDSPL2	NA	487	4874	4.97237
CTF1	NA	353	1664	10.557
CTGF	NA	20140	2343	427.767
CTGLF12P	NA	397	2139	9.23633
CTH	NA	272	2140	6.32521
CTHRC1	NA	0	1505	0
CTIF	NA	492	5818	4.20834
CTLA4	NA	0	1975	0
CTNNA1	NA	7429	4363	84.7354
CTNNA2	NA	41	4754	0.429185
CTNNA3	NA	2	12419	0.00801425
CTNNAL1	NA	2480	2594	47.5775
CTNNB1	NA	6703	3720	89.6697
CTNNBIP1	NA	1335	2995	22.1822
CTNNBL1	NA	957	2077	22.9295
CTNND1	NA	3993	6350	31.2929
CTNND2	NA	0	5830	0
CTNS	NA	1475	4431	16.5657
CTPS1	NA	1935	3462	27.8146
CTPS2	NA	721	4925	7.28532
CTR9	NA	1425	4598	15.4229
CTRB1	NA	0	872	0
CTRB2	NA	0	890	0
CTRC	NA	1	899	0.0553554
CTRL	NA	87	1182	3.66287
CTSA	NA	1404	2286	30.564
CTSB	NA	12196	3989	152.15
CTSC	NA	1	7623	0.0065282
CTSD	NA	11396	2123	267.13
CTSE	NA	12	2228	0.268031
CTSF	NA	6240	2014	154.186
CTSG	NA	0	924	0
CTSH	NA	308	1485	10.3215
CTSK	NA	90	1810	2.47448
CTSL	NA	733	1714	21.282
CTSL3P	NA	0	657	0
CTSLP2	NA	0	1105	0
CTSLP8	NA	0	569	0
CTSO	NA	384	2933	6.51537
CTSS	NA	171	4107	2.07201
CTSV	NA	942	4564	10.2713
CTSW	NA	3	1296	0.115196
CTSZ	NA	4	1500	0.132705
CTTN	NA	6274	3281	95.1608
CTTNBP2	NA	0	5969	0
CTTNBP2NL	NA	890	5900	7.50685
CTU1	NA	167	2107	3.94431
CTU2	NA	163	1723	4.70784
CTXN1	NA	1401	1263	55.2019
CTXN2	NA	1	2695	0.0184655
CTXN3	NA	2	1860	0.0535102
CUBN	NA	25	11933	0.104258
CUEDC1	NA	1370	4025	16.9385
CUEDC2	NA	1457	1196	60.6245
CUL1	NA	1537	3209	23.8355
CUL2	NA	1197	4690	12.7011
CUL3	NA	2481	6927	17.8238
CUL4A	NA	1888	4494	20.9068
CUL4B	NA	1312	5686	11.4828
CUL5	NA	741	6387	5.77352
CUL7	NA	1112	5596	9.88887
CUL9	NA	164	7771	1.05024
CUTA	NA	3127	2398	64.8931
CUTC	NA	219	1368	7.96668
CUX1	NA	1578	15587	5.03807
CUX2	NA	22	6844	0.159968
CUZD1	NA	25	2279	0.545903
CWC15	NA	1872	1575	59.1487
CWC22	NA	757	3279	11.4888
CWC25	NA	555	3220	8.57742
CWC27	NA	748	3053	12.1925
CWF19L1	NA	674	2681	12.5107
CWF19L2	NA	468	3279	7.10271
CWH43	NA	0	2614	0
CX3CL1	NA	62	3318	0.929897
CX3CR1	NA	1	3657	0.013608
CXADR	NA	1846	6169	14.8914
CXADRP2	NA	58	2459	1.17379
CXADRP3	NA	30	1610	0.927289
CXCL1	NA	0	1192	0
CXCL10	NA	1	1216	0.0409247
CXCL11	NA	0	1601	0
CXCL12	NA	0	5290	0
CXCL13	NA	1	1203	0.041367
CXCL14	NA	32	1973	0.807128
CXCL16	NA	132	2402	2.73477
CXCL17	NA	0	853	0
CXCL2	NA	0	1203	0
CXCL3	NA	0	1153	0
CXCL5	NA	5	2488	0.100009
CXCL6	NA	0	1659	0
CXCL8	NA	0	1705	0
CXCL9	NA	0	2708	0
CXCR1	NA	1	2486	0.0200179
CXCR2	NA	43	2940	0.727848
CXCR2P1	NA	2	2136	0.046596
CXCR3	NA	0	1868	0
CXCR4	NA	1	2005	0.0248202
CXCR5	NA	22	3107	0.352372
CXCR6	NA	1	1953	0.0254811
CXXC1	NA	1295	2966	21.7279
CXXC1P1	NA	0	1897	0
CXXC4	NA	190	5578	1.6951
CXXC5	NA	1602	1447	55.0952
CXorf21	NA	0	1927	0
CXorf23	NA	316	6492	2.4223
CXorf36	NA	1	6596	0.00754465
CXorf38	NA	311	4250	3.64159
CXorf40A	NA	372	3935	4.70455
CXorf40B	NA	755	1340	28.039
CXorf49	NA	1	1851	0.0268852
CXorf49B	NA	1	1851	0.0268852
CXorf51A	NA	0	438	0
CXorf51B	NA	0	438	0
CXorf56	NA	574	2433	11.7406
CXorf57	NA	0	3904	0
CXorf58	NA	4	1547	0.128674
CXorf65	NA	0	882	0
CXorf66	NA	0	1279	0
CXorf67	NA	9	1923	0.232907
CYB561	NA	11	3391	0.16143
CYB561A3	NA	340	3372	5.01777
CYB561D1	NA	281	5157	2.71162
CYB561D2	NA	325	2332	6.93545
CYB5A	NA	0	862	0
CYB5B	NA	3883	4286	45.0853
CYB5D1	NA	671	3746	8.91404
CYB5D2	NA	343	2002	8.52608
CYB5R1	NA	770	1643	23.3224
CYB5R2	NA	220	1995	5.48781
CYB5R3	NA	4785	3517	67.7063
CYB5R4	NA	173	2247	3.83145
CYB5RL	NA	58	3533	0.816966
CYBA	NA	3194	723	219.845
CYBB	NA	0	4318	0
CYBRD1	NA	1115	4402	12.605
CYC1	NA	1917	1234	77.3084
CYCS	NA	4600	5538	41.3356
CYCSP52	NA	0	310	0
CYFIP1	NA	2060	5266	19.4673
CYFIP2	NA	2142	6816	15.639
CYGB	NA	146	2166	3.35439
CYHR1	NA	1017	2566	19.7235
CYLC1	NA	0	2129	0
CYLC2	NA	0	2171	0
CYLD	NA	408	8805	2.30595
CYMP	NA	1	1241	0.0401003
CYP11A1	NA	32	2428	0.655875
CYP11B1	NA	0	3535	0
CYP11B2	NA	0	2936	0
CYP17A1	NA	1	1870	0.026612
CYP19A1	NA	0	4514	0
CYP1A1	NA	6	2608	0.114489
CYP1A2	NA	0	3127	0
CYP1B1	NA	3	5153	0.0289721
CYP1B1-AS1	NA	0	1753	0
CYP20A1	NA	267	10943	1.21421
CYP21A1P	NA	453	12998	1.73437
CYP21A2	NA	429	19662	1.0858
CYP24A1	NA	460	3266	7.00908
CYP26A1	NA	34	2479	0.68253
CYP26B1	NA	48	4556	0.524297
CYP26C1	NA	1	1569	0.0317173
CYP27A1	NA	10	2293	0.217028
CYP27B1	NA	70	2487	1.40069
CYP27C1	NA	185	4685	1.96509
CYP2A13	NA	1	1760	0.0282753
CYP2A6	NA	1	1764	0.0282112
CYP2A7	NA	0	2291	0
CYP2B6	NA	0	3052	0
CYP2B7P	NA	2	2910	0.0342024
CYP2C18	NA	5	2545	0.0977691
CYP2C19	NA	0	1789	0
CYP2C8	NA	0	2024	0
CYP2C9	NA	2	1861	0.0534815
CYP2D6	NA	106	1659	3.17965
CYP2D7	NA	87	1681	2.57556
CYP2E1	NA	29	1667	0.865729
CYP2F1	NA	3	1826	0.0817598
CYP2G1P	NA	1	2511	0.0198186
CYP2J2	NA	0	1857	0
CYP2R1	NA	194	1618	5.96682
CYP2S1	NA	21	2624	0.398268
CYP2U1	NA	181	4752	1.89549
CYP2W1	NA	2	2304	0.0431983
CYP39A1	NA	1	2444	0.0203619
CYP3A4	NA	0	2792	0
CYP3A43	NA	0	2022	0
CYP3A5	NA	10	4016	0.123916
CYP3A7	NA	13	2082	0.310729
CYP3A7-CYP3A51P	NA	9	2262	0.198002
CYP46A1	NA	43	2077	1.03027
CYP4A11	NA	0	2552	0
CYP4A22	NA	0	3058	0
CYP4B1	NA	2	2158	0.0461209
CYP4F11	NA	13	3395	0.190556
CYP4F12	NA	98	2081	2.34355
CYP4F2	NA	58	2406	1.19964
CYP4F22	NA	22	2609	0.419632
CYP4F24P	NA	4	2470	0.0805903
CYP4F29P	NA	82	1279	3.19053
CYP4F3	NA	14	3133	0.222376
CYP4F30P	NA	1	2249	0.0221274
CYP4F35P	NA	35	2876	0.605618
CYP4F62P	NA	1	2412	0.020632
CYP4F8	NA	6	1905	0.156739
CYP4V2	NA	63	4704	0.666489
CYP4X1	NA	5	2357	0.105567
CYP4Z1	NA	4	1907	0.104383
CYP4Z2P	NA	5	1474	0.168808
CYP51A1	NA	1639	3288	24.8066
CYP51A1-AS1	NA	8	2998	0.132794
CYP7A1	NA	0	2875	0
CYP7B1	NA	2	2395	0.041557
CYP8B1	NA	0	3950	0
CYR61	NA	9881	2293	214.445
CYS1	NA	214	2719	3.91673
CYSLTR1	NA	0	2919	0
CYSLTR2	NA	0	3246	0
CYSRT1	NA	480	1297	18.4171
CYSTM1	NA	1973	910	107.896
CYTH1	NA	654	4002	8.13243
CYTH2	NA	1373	4607	14.8311
CYTH3	NA	616	4467	6.86253
CYTH4	NA	2	3138	0.0317173
CYTIP	NA	0	2210	0
CYTL1	NA	5	1000	0.248822
CYYR1	NA	0	3079	0
D21S2088E	NA	0	1699	0
D2HGDH	NA	498	2622	9.45184
DAAM1	NA	198	5926	1.66274
DAAM2	NA	26	6333	0.204307
DAB1	NA	0	2580	0
DAB1-AS1	NA	0	1150	0
DAB2	NA	12	4601	0.129792
DAB2IP	NA	1435	6082	11.7415
DACH1	NA	1	5239	0.00949885
DACH2	NA	0	2508	0
DACT1	NA	15	4405	0.169459
DACT2	NA	0	4223	0
DACT3	NA	309	2897	5.30798
DACT3-AS1	NA	9	1666	0.268836
DAD1	NA	3625	697	258.818
DAG1	NA	6661	6593	50.2778
DAGLA	NA	237	5758	2.04831
DAGLB	NA	642	2910	10.979
DALRD3	NA	1681	2002	41.7853
DANCR	NA	1984	855	115.477
DAND5	NA	3	1732	0.0861972
DAO	NA	15	1596	0.467711
DAOA	NA	0	1118	0
DAOA-AS1	NA	0	2480	0
DAP	NA	2283	2342	48.5108
DAP3	NA	1773	2217	39.7981
DAPK1	NA	46	6275	0.364807
DAPK2	NA	502	2628	9.506
DAPK3	NA	3812	2310	82.1222
DAPL1	NA	0	543	0
DAPP1	NA	2	2999	0.0331874
DARS	NA	1717	3157	27.0655
DARS-AS1	NA	40	1126	1.76783
DARS2	NA	668	3348	9.92912
DAW1	NA	0	1669	0
DAXX	NA	1714	13079	6.52163
DAZ1	NA	0	4419	0
DAZ2	NA	0	7706	0
DAZ3	NA	0	7032	0
DAZ4	NA	0	7311	0
DAZAP1	NA	2559	2293	55.5374
DAZAP2	NA	2018	2823	35.5738
DAZL	NA	0	3399	0
DBET	NA	3	3363	0.0443929
DBF4	NA	753	3907	9.59116
DBF4B	NA	698	5160	6.73171
DBH	NA	6	2760	0.108184
DBH-AS1	NA	21	2233	0.468005
DBI	NA	2519	1436	87.2958
DBIL5P	NA	11	3004	0.182227
DBIL5P2	NA	1	1692	0.0294116
DBN1	NA	8616	3316	129.304
DBNDD1	NA	1344	2843	23.5257
DBNDD2	NA	128	2273	2.8024
DBNL	NA	1844	2219	41.3545
DBP	NA	244	1811	6.70488
DBR1	NA	446	2690	8.25092
DBT	NA	404	10815	1.85898
DBX1	NA	0	1032	0
DBX2	NA	0	2722	0
DCAF10	NA	768	8015	4.76845
DCAF11	NA	952	4472	10.5939
DCAF12	NA	1775	3671	24.0621
DCAF12L1	NA	0	3390	0
DCAF12L2	NA	0	2599	0
DCAF13	NA	951	2641	17.9197
DCAF13P3	NA	29	2437	0.592191
DCAF15	NA	1048	2258	23.0971
DCAF16	NA	656	4548	7.17799
DCAF17	NA	445	5828	3.79979
DCAF4	NA	429	2555	8.35576
DCAF4L1	NA	27	4772	0.281568
DCAF4L2	NA	0	3326	0
DCAF5	NA	1428	8124	8.74738
DCAF6	NA	988	3619	13.5859
DCAF7	NA	2121	6381	16.5414
DCAF8	NA	2314	4690	24.5533
DCAF8L1	NA	2	3457	0.0287906
DCAF8L2	NA	0	2013	0
DCAKD	NA	983	2396	20.4167
DCANP1	NA	2	3135	0.0317477
DCBLD1	NA	22	1978	0.553498
DCBLD2	NA	320	6093	2.6136
DCC	NA	1	10210	0.00487409
DCD	NA	0	709	0
DCDC1	NA	7	1742	0.199972
DCDC2	NA	9	4820	0.0929213
DCDC2B	NA	57	1349	2.10273
DCDC2C	NA	0	1482	0
DCDC5	NA	4	4759	0.0418277
DCHS1	NA	35	10759	0.161888
DCHS2	NA	2	12010	0.00828718
DCK	NA	220	2605	4.20276
DCLK1	NA	8	13692	0.0290765
DCLK2	NA	13	4398	0.147098
DCLK3	NA	0	5344	0
DCLRE1A	NA	215	4636	2.30789
DCLRE1B	NA	342	3788	4.49299
DCLRE1C	NA	288	6977	2.0542
DCN	NA	1	2509	0.0198344
DCP1A	NA	744	6067	6.10265
DCP1B	NA	669	2092	15.9142
DCP2	NA	1222	10198	5.96315
DCPS	NA	497	1483	16.6776
DCST1	NA	15	2297	0.324975
DCST2	NA	14	2419	0.288013
DCSTAMP	NA	78	1983	1.95745
DCT	NA	1	2397	0.0207612
DCTD	NA	1880	2042	45.8165
DCTN1	NA	5856	5272	55.2771
DCTN1-AS1	NA	1	2144	0.0232111
DCTN2	NA	3214	2119	75.4805
DCTN3	NA	855	984	43.2405
DCTN4	NA	1401	4313	16.1651
DCTN5	NA	1696	7853	10.7476
DCTN6	NA	349	1126	15.4243
DCTPP1	NA	816	1120	36.257
DCUN1D1	NA	801	7961	5.00708
DCUN1D2	NA	257	3029	4.22234
DCUN1D3	NA	195	2868	3.38357
DCUN1D4	NA	695	4702	7.35566
DCUN1D5	NA	1549	12732	6.05445
DCX	NA	0	9687	0
DCXR	NA	704	829	42.2608
DDA1	NA	851	4077	10.3874
DDAH1	NA	2165	4482	24.0384
DDAH2	NA	2597	15134	8.53961
DDB1	NA	8055	4356	92.0232
DDB2	NA	1121	1848	30.1872
DDC	NA	3	2487	0.0600295
DDC-AS1	NA	0	1776	0
DDHD1	NA	1442	12982	5.52768
DDHD2	NA	1164	5784	10.0148
DDI1	NA	0	2615	0
DDI2	NA	117	2680	2.17255
DDIAS	NA	334	3563	4.66498
DDIT3	NA	643	1178	27.1635
DDIT4	NA	5203	1752	147.788
DDIT4L	NA	0	2634	0
DDN	NA	18	3744	0.239252
DDO	NA	11	1709	0.32031
DDOST	NA	7713	2126	180.543
DDR1	NA	4993	23706	10.4815
DDR2	NA	368	3244	5.64529
DDRGK1	NA	1081	1254	42.8991
DDT	NA	0	723	0
DDTL	NA	0	1635	0
DDX1	NA	1995	2741	36.2204
DDX10	NA	773	3264	11.7855
DDX11	NA	971	3927	12.3049
DDX11-AS1	NA	15	2031	0.367537
DDX11L1	NA	72	1652	2.16891
DDX11L10	NA	84	1652	2.5304
DDX11L16	NA	74	3286	1.12069
DDX11L2	NA	197	2305	4.25319
DDX11L5	NA	76	1655	2.28526
DDX11L9	NA	101	1670	3.00971
DDX12P	NA	990	3909	12.6034
DDX17	NA	8677	4796	90.0347
DDX18	NA	1630	3765	21.5448
DDX19A	NA	1685	2900	28.9149
DDX19B	NA	1175	2341	24.9779
DDX20	NA	770	3510	10.917
DDX21	NA	2970	5021	29.4365
DDX23	NA	2736	3267	41.6761
DDX24	NA	3819	2948	64.4676
DDX25	NA	0	1834	0
DDX26B	NA	174	3848	2.25027
DDX26B-AS1	NA	0	398	0
DDX27	NA	1278	2695	23.5989
DDX28	NA	613	2594	11.7601
DDX31	NA	428	3786	5.62578
DDX39A	NA	2115	1540	68.3454
DDX39B	NA	8192	16055	25.3921
DDX3X	NA	5948	6738	43.9298
DDX3Y	NA	1427	4908	14.469
DDX4	NA	1	2962	0.016801
DDX41	NA	2269	2104	53.6671
DDX42	NA	3046	4011	37.7917
DDX43	NA	0	2696	0
DDX46	NA	1415	5851	12.035
DDX47	NA	2265	1817	62.0344
DDX49	NA	778	1836	21.0876
DDX5	NA	13842	3759	183.251
DDX50	NA	913	2538	17.9019
DDX51	NA	655	4717	6.91027
DDX52	NA	1347	6510	10.2969
DDX53	NA	0	2129	0
DDX54	NA	2634	4381	29.92
DDX55	NA	563	2622	10.6855
DDX56	NA	2714	2872	47.0268
DDX58	NA	298	4756	3.11813
DDX59	NA	221	2320	4.7405
DDX6	NA	2799	6320	22.0397
DDX60	NA	14	6073	0.114721
DDX60L	NA	21	7213	0.144885
DEAF1	NA	1449	2777	25.9664
DEAR	NA	6	370	0.806992
DEC1	NA	0	1251	0
DECR1	NA	538	1251	21.4015
DECR2	NA	239	1583	7.5134
DEDD	NA	899	2436	18.3655
DEDD2	NA	867	2286	18.8739
DEF6	NA	122	2296	2.64428
DEF8	NA	1708	4220	20.1416
DEFA1	NA	0	1494	0
DEFA10P	NA	0	291	0
DEFA11P	NA	0	301	0
DEFA1B	NA	0	1582	0
DEFA3	NA	0	491	0
DEFA4	NA	0	619	0
DEFA5	NA	0	458	0
DEFA6	NA	0	468	0
DEFA8P	NA	0	285	0
DEFA9P	NA	0	285	0
DEFB1	NA	2	463	0.214965
DEFB103A	NA	0	512	0
DEFB103B	NA	0	512	0
DEFB104A	NA	0	281	0
DEFB104B	NA	0	281	0
DEFB105A	NA	0	331	0
DEFB105B	NA	0	331	0
DEFB106A	NA	0	303	0
DEFB106B	NA	0	303	0
DEFB107A	NA	0	389	0
DEFB107B	NA	0	389	0
DEFB108B	NA	0	222	0
DEFB109P1	NA	2	189	0.526608
DEFB109P1B	NA	1	264	0.188502
DEFB110	NA	0	518	0
DEFB112	NA	0	342	0
DEFB113	NA	0	249	0
DEFB114	NA	0	210	0
DEFB115	NA	0	267	0
DEFB116	NA	0	309	0
DEFB118	NA	0	1137	0
DEFB119	NA	0	844	0
DEFB121	NA	0	630	0
DEFB122	NA	0	496	0
DEFB123	NA	0	533	0
DEFB124	NA	0	216	0
DEFB125	NA	0	665	0
DEFB126	NA	1	471	0.105657
DEFB127	NA	0	514	0
DEFB128	NA	0	373	0
DEFB129	NA	0	698	0
DEFB130	NA	0	480	0
DEFB131	NA	0	213	0
DEFB132	NA	0	2120	0
DEFB133	NA	0	186	0
DEFB134	NA	0	1096	0
DEFB135	NA	0	234	0
DEFB136	NA	0	237	0
DEFB4A	NA	0	449	0
DEFB4B	NA	0	298	0
DEFT1P	NA	0	992	0
DEFT1P2	NA	0	992	0
DEGS1	NA	1973	2063	47.5935
DEGS2	NA	35	1405	1.23968
DEK	NA	3725	2871	64.5673
DENND1A	NA	1327	5363	12.3135
DENND1B	NA	3	10932	0.0136566
DENND1C	NA	11	2819	0.194186
DENND2A	NA	670	3462	9.63091
DENND2C	NA	65	4514	0.716591
DENND2D	NA	29	3539	0.40779
DENND3	NA	421	5443	3.84914
DENND4A	NA	214	7338	1.45129
DENND4B	NA	1379	5688	12.0649
DENND4C	NA	450	8130	2.75449
DENND5A	NA	2617	4964	26.2356
DENND5B	NA	731	9774	3.7219
DENND5B-AS1	NA	142	564	12.5294
DENND6A	NA	349	4658	3.7286
DENND6B	NA	307	2006	7.616
DENR	NA	1994	2722	36.455
DEPDC1	NA	802	5438	7.3393
DEPDC1-AS1	NA	3	1247	0.119722
DEPDC1B	NA	1851	2504	36.7868
DEPDC4	NA	14	1154	0.603729
DEPDC5	NA	184	6173	1.48334
DEPDC7	NA	118	2159	2.71988
DEPTOR	NA	7	2636	0.132152
DERA	NA	365	1804	10.0688
DERL1	NA	1155	3340	17.209
DERL2	NA	827	4428	9.29432
DERL3	NA	0	3200	0
DES	NA	88	2248	1.94808
DESI1	NA	1273	3794	16.6975
DESI2	NA	2126	4096	25.8299
DET1	NA	86	2343	1.82661
DEXI	NA	798	1501	26.4571
DFFA	NA	1663	3393	24.3909
DFFB	NA	140	3229	2.15764
DFNA5	NA	400	2564	7.76357
DFNB31	NA	1139	4162	13.6189
DFNB59	NA	80	1524	2.61231
DGAT1	NA	658	3721	8.80006
DGAT2	NA	733	2454	14.8645
DGAT2L6	NA	0	1711	0
DGCR10	NA	1	927	0.0536834
DGCR11	NA	83	2214	1.86561
DGCR14	NA	660	5385	6.09927
DGCR2	NA	3632	4492	40.237
DGCR5	NA	153	3938	1.93346
DGCR6	NA	399	1214	16.3559
DGCR6L	NA	1015	1217	41.5045
DGCR8	NA	976	4520	10.7456
DGCR9	NA	23	2415	0.473948
DGKA	NA	611	3055	9.9529
DGKB	NA	4	7542	0.0263933
DGKD	NA	2374	6397	18.4682
DGKE	NA	231	7768	1.47987
DGKG	NA	3	5802	0.0257314
DGKH	NA	312	18967	0.818607
DGKI	NA	4	4780	0.0416439
DGKK	NA	21	7408	0.141071
DGKQ	NA	855	4643	9.16404
DGKZ	NA	873	5421	8.01409
DGUOK	NA	1149	1144	49.982
DGUOK-AS1	NA	21	571	1.83022
DHCR24	NA	5752	4286	66.7861
DHCR7	NA	1017	2665	18.9908
DHDDS	NA	893	3328	13.3533
DHDH	NA	20	1081	0.920712
DHFR	NA	1818	3917	23.0972
DHFRL1	NA	16	4163	0.191264
DHH	NA	5	1934	0.128657
DHODH	NA	169	2427	3.46527
DHPS	NA	569	1531	18.4951
DHRS1	NA	641	1725	18.4922
DHRS11	NA	281	1598	8.75083
DHRS12	NA	214	2779	3.83217
DHRS13	NA	325	1921	8.41929
DHRS2	NA	81	1687	2.3894
DHRS3	NA	751	1723	21.6907
DHRS4	NA	696	1299	26.6637
DHRS4-AS1	NA	427	3417	6.21874
DHRS4L1	NA	237	2007	5.87652
DHRS4L2	NA	767	1951	19.564
DHRS7	NA	693	1388	24.8464
DHRS7B	NA	568	1841	15.3537
DHRS7C	NA	1	1006	0.0494677
DHRS9	NA	0	2286	0
DHRSX	NA	615	5138	5.95663
DHTKD1	NA	854	5217	8.14623
DHX15	NA	3192	3015	52.686
DHX16	NA	2013	25602	3.91282
DHX29	NA	825	4473	9.17856
DHX30	NA	1659	5126	16.106
DHX32	NA	1594	3070	25.8386
DHX33	NA	874	5618	7.74193
DHX34	NA	609	4372	6.93197
DHX35	NA	236	3342	3.51419
DHX36	NA	1385	3611	19.0872
DHX37	NA	805	4551	8.80255
DHX38	NA	1523	4454	17.0165
DHX40	NA	1296	3667	17.5879
DHX57	NA	1116	4825	11.5103
DHX58	NA	67	2617	1.27406
DHX8	NA	1144	4556	12.4957
DHX9	NA	4163	4673	44.3333
DIABLO	NA	1364	3463	19.6011
DIAPH1	NA	4315	5790	37.087
DIAPH2	NA	141	5128	1.36833
DIAPH2-AS1	NA	0	977	0
DIAPH3	NA	1136	5138	11.0028
DIAPH3-AS1	NA	18	980	0.914042
DIAPH3-AS2	NA	0	367	0
DICER1	NA	1445	10712	6.713
DICER1-AS1	NA	29	803	1.79722
DIDO1	NA	2096	13328	7.82611
DIEXF	NA	524	8486	3.0729
DIMT1	NA	630	1557	20.1359
DIO1	NA	4	1860	0.10702
DIO2	NA	17	6716	0.125967
DIO2-AS1	NA	0	1595	0
DIO3	NA	1	2102	0.0236748
DIO3OS	NA	0	3454	0
DIP2A	NA	984	8025	6.10196
DIP2A-IT1	NA	1	427	0.116544
DIP2B	NA	1260	8715	7.19487
DIP2C	NA	584	7896	3.68066
DIRAS1	NA	574	3398	8.40636
DIRAS2	NA	0	4386	0
DIRAS3	NA	3	1631	0.0915349
DIRC1	NA	0	1454	0
DIRC2	NA	281	3337	4.19054
DIRC3	NA	2	3906	0.0254811
DIS3	NA	1649	7634	10.7495
DIS3L	NA	350	3839	4.53701
DIS3L2	NA	433	4944	4.35842
DISC1	NA	168	13339	0.626766
DISC1-IT1	NA	1	734	0.067799
DISC1FP1	NA	0	774	0
DISC2	NA	1	3892	0.0127864
DISP1	NA	164	4924	1.65747
DISP2	NA	78	5032	0.771389
DIXDC1	NA	938	7798	5.98603
DKC1	NA	2014	4523	22.1591
DKFZP434A062	NA	9	4782	0.0936597
DKFZP434H168	NA	0	1909	0
DKFZP434I0714	NA	42	3000	0.696703
DKFZP434K028	NA	0	936	0
DKFZP434L187	NA	0	4260	0
DKFZP586I1420	NA	38	2745	0.688907
DKFZp434J0226	NA	16	1634	0.48729
DKFZp434L192	NA	0	1062	0
DKFZp451B082	NA	0	4931	0
DKFZp686K1684	NA	2	1656	0.060102
DKFZp779M0652	NA	2	649	0.153357
DKK1	NA	8367	1805	230.681
DKK2	NA	5	3637	0.0684142
DKK3	NA	1333	2990	22.186
DKK4	NA	0	818	0
DKKL1	NA	5	1086	0.229118
DLAT	NA	929	4346	10.6376
DLC1	NA	10	8597	0.0578859
DLD	NA	2321	3613	31.9688
DLEC1	NA	38	5614	0.336846
DLEU1	NA	233	3963	2.92585
DLEU1-AS1	NA	0	731	0
DLEU2	NA	96	2768	1.72594
DLEU2L	NA	43	1657	1.29141
DLEU7	NA	3	3583	0.0416672
DLEU7-AS1	NA	0	1807	0
DLG1	NA	1015	5889	8.57717
DLG1-AS1	NA	11	1702	0.321627
DLG2	NA	482	9349	2.56567
DLG3	NA	744	6782	5.45927
DLG3-AS1	NA	7	484	0.719734
DLG4	NA	704	4814	7.27757
DLG5	NA	3829	7479	25.4778
DLG5-AS1	NA	81	3014	1.3374
DLGAP1	NA	358	7425	2.39942
DLGAP1-AS1	NA	110	993	5.51268
DLGAP1-AS2	NA	92	923	4.96027
DLGAP1-AS3	NA	5	1258	0.197792
DLGAP1-AS4	NA	6	757	0.394435
DLGAP1-AS5	NA	1	3220	0.0154548
DLGAP2	NA	3	10132	0.0147348
DLGAP2-AS1	NA	1	586	0.0849223
DLGAP3	NA	269	3856	3.47164
DLGAP4	NA	1580	6071	12.9514
DLGAP4-AS1	NA	9	1207	0.371069
DLGAP5	NA	1422	3084	22.9459
DLK1	NA	155	1590	4.85126
DLK2	NA	119	2270	2.6088
DLL1	NA	34	3310	0.511176
DLL3	NA	129	2383	2.69392
DLL4	NA	25	3420	0.363776
DLST	NA	2695	3566	37.6095
DLSTP1	NA	223	3012	3.68442
DLX1	NA	111	2382	2.319
DLX2	NA	341	2304	7.36532
DLX2-AS1	NA	4	950	0.209535
DLX3	NA	835	2602	15.9698
DLX4	NA	731	2317	15.7004
DLX5	NA	28	1424	0.978515
DLX6	NA	18	1875	0.477739
DLX6-AS1	NA	6	1990	0.150044
DMAP1	NA	636	1766	17.922
DMBT1	NA	0	7686	0
DMBT1P1	NA	0	3743	0
DMBX1	NA	56	2884	0.966301
DMC1	NA	8	2502	0.159119
DMD	NA	2	15708	0.0063362
DMGDH	NA	6	4188	0.0712958
DMKN	NA	1818	2536	35.675
DMP1	NA	14	2686	0.259383
DMPK	NA	1403	3705	18.8447
DMRT1	NA	2	2222	0.0447925
DMRT2	NA	0	2935	0
DMRT3	NA	0	2180	0
DMRTA1	NA	15	2302	0.324269
DMRTA2	NA	5	3083	0.0807079
DMRTB1	NA	0	1909	0
DMRTC1	NA	5	1100	0.226202
DMRTC1B	NA	5	1100	0.226202
DMRTC2	NA	0	1820	0
DMTF1	NA	1226	4442	13.7351
DMTN	NA	31	3333	0.462856
DMWD	NA	847	3308	12.742
DMXL1	NA	475	12852	1.83926
DMXL2	NA	504	10599	2.36638
DNA2	NA	329	4335	3.77682
DNAAF1	NA	34	2436	0.694578
DNAAF2	NA	434	2963	7.28916
DNAAF3	NA	245	2381	5.12066
DNAAF5	NA	1253	3414	18.2645
DNAH1	NA	150	13110	0.569388
DNAH10	NA	79	13680	0.287383
DNAH11	NA	396	13896	1.41816
DNAH12	NA	10	10111	0.0492182
DNAH14	NA	247	14457	0.850234
DNAH17	NA	68	13723	0.246592
DNAH17-AS1	NA	2	5163	0.0192774
DNAH2	NA	20	15960	0.0623615
DNAH3	NA	0	12394	0
DNAH5	NA	37	15573	0.118236
DNAH6	NA	24	12795	0.0933449
DNAH7	NA	7	12394	0.0281065
DNAH8	NA	0	14639	0
DNAH9	NA	2	14021	0.00709857
DNAI1	NA	2	2599	0.0382951
DNAI2	NA	0	2279	0
DNAJA1	NA	4404	1538	142.499
DNAJA1P5	NA	1	1781	0.0279419
DNAJA2	NA	2164	3048	35.3315
DNAJA3	NA	1448	2762	26.0894
DNAJA4	NA	15	3372	0.221372
DNAJB1	NA	3216	2681	59.6951
DNAJB11	NA	1490	1691	43.8493
DNAJB12	NA	823	4360	9.39362
DNAJB13	NA	62	1875	1.64555
DNAJB14	NA	729	6323	5.73752
DNAJB2	NA	1377	3125	21.9282
DNAJB3	NA	0	1266	0
DNAJB4	NA	348	2237	7.74164
DNAJB5	NA	975	2989	16.233
DNAJB5-AS1	NA	1	747	0.0666191
DNAJB6	NA	1644	3190	25.6467
DNAJB7	NA	38	2577	0.733819
DNAJB8	NA	0	2475	0
DNAJB8-AS1	NA	0	1798	0
DNAJB9	NA	443	2538	8.68624
DNAJC1	NA	2899	2091	68.9944
DNAJC10	NA	1987	6851	14.4332
DNAJC11	NA	2240	3293	33.8513
DNAJC12	NA	2	1528	0.0651368
DNAJC13	NA	958	7547	6.317
DNAJC14	NA	623	3330	9.31029
DNAJC15	NA	378	2776	6.77629
DNAJC16	NA	578	6299	4.56642
DNAJC17	NA	486	1018	23.7579
DNAJC18	NA	420	5102	4.09665
DNAJC19	NA	478	1640	14.5045
DNAJC2	NA	1319	2212	29.6742
DNAJC21	NA	850	6208	6.81376
DNAJC22	NA	107	4412	1.20689
DNAJC24	NA	334	3000	5.54045
DNAJC25	NA	264	2506	5.24255
DNAJC25-GNG10	NA	2164	1499	71.8415
DNAJC27	NA	85	4992	0.847352
DNAJC27-AS1	NA	1	4674	0.0106471
DNAJC28	NA	73	1910	1.90199
DNAJC3	NA	980	5591	8.72281
DNAJC3-AS1	NA	33	2905	0.565311
DNAJC30	NA	594	2534	11.6654
DNAJC4	NA	269	1380	9.70047
DNAJC5	NA	1909	5293	17.9483
DNAJC5B	NA	15	1380	0.540918
DNAJC5G	NA	0	2026	0
DNAJC6	NA	204	6320	1.60632
DNAJC7	NA	3794	2204	85.6654
DNAJC8	NA	4102	1764	115.722
DNAJC9	NA	1377	2369	28.926
DNAJC9-AS1	NA	62	2858	1.07957
DNAL1	NA	359	8570	2.08465
DNAL4	NA	598	1487	20.0129
DNALI1	NA	35	2649	0.657515
DNASE1	NA	226	3098	3.63033
DNASE1L1	NA	524	3647	7.15015
DNASE1L2	NA	35	1326	1.31354
DNASE1L3	NA	4	1076	0.184998
DNASE2	NA	1092	2008	27.0632
DNASE2B	NA	0	1345	0
DND1	NA	201	1603	6.23996
DNER	NA	8	3272	0.121674
DNHD1	NA	194	15680	0.615709
DNLZ	NA	321	750	21.2992
DNM1	NA	501	4065	6.13334
DNM1L	NA	1337	4654	14.2963
DNM1P35	NA	12	3567	0.167416
DNM1P41	NA	37	4444	0.414331
DNM1P46	NA	21	3831	0.272789
DNM2	NA	2499	3805	32.6837
DNM3	NA	354	8151	2.16128
DNM3-IT1	NA	0	391	0
DNM3OS	NA	2042	7957	12.771
DNMBP	NA	1794	6400	13.9496
DNMBP-AS1	NA	44	2651	0.825967
DNMT1	NA	3593	5400	33.1118
DNMT3A	NA	270	5664	2.37225
DNMT3B	NA	404	4630	4.3423
DNMT3L	NA	16	1706	0.466724
DNPEP	NA	1303	2438	26.5969
DNPH1	NA	1188	797	74.1784
DNTT	NA	0	2040	0
DNTTIP1	NA	489	1290	18.8642
DNTTIP2	NA	2084	2722	38.1004
DOC2A	NA	428	2432	8.7579
DOC2B	NA	1	1074	0.0463357
DOC2GP	NA	0	434	0
DOCK1	NA	992	6860	7.19627
DOCK10	NA	4	7650	0.0260207
DOCK11	NA	92	6638	0.689716
DOCK2	NA	2	6097	0.0163243
DOCK3	NA	838	8755	4.76329
DOCK4	NA	59	8336	0.35222
DOCK4-AS1	NA	0	2511	0
DOCK5	NA	30	7555	0.197609
DOCK6	NA	581	6400	4.51768
DOCK7	NA	1012	7998	6.29678
DOCK8	NA	11	7505	0.0729393
DOCK9	NA	242	8047	1.49658
DOCK9-AS1	NA	0	392	0
DOCK9-AS2	NA	14	1903	0.366108
DOHH	NA	960	2060	23.1912
DOK1	NA	483	2406	9.99013
DOK2	NA	1	1770	0.0281155
DOK3	NA	98	3538	1.37844
DOK4	NA	1249	2750	22.6021
DOK5	NA	7	2443	0.142592
DOK6	NA	9	8896	0.0503463
DOK7	NA	12	3844	0.155352
DOLK	NA	739	2204	16.686
DOLPP1	NA	523	2176	11.9609
DONSON	NA	791	2522	15.6081
DOPEY1	NA	196	8022	1.21589
DOPEY2	NA	899	7679	5.82606
DOT1L	NA	1763	7436	11.7987
DPAGT1	NA	623	2142	14.474
DPCD	NA	609	799	37.9306
DPCR1	NA	19	20219	0.0467642
DPEP1	NA	16	1833	0.434387
DPEP2	NA	2	1766	0.0563584
DPEP3	NA	0	1738	0
DPF1	NA	189	2515	3.73976
DPF2	NA	1347	2530	26.4952
DPF3	NA	4	4991	0.0398834
DPH1	NA	1506	2195	34.1437
DPH2	NA	660	2497	13.1536
DPH3	NA	1453	4065	17.7879
DPH3P1	NA	45	1626	1.37725
DPH5	NA	634	1807	17.4603
DPH6	NA	99	4053	1.21557
DPH6-AS1	NA	8	1477	0.269544
DPH7	NA	680	1849	18.3017
DPM1	NA	1509	1047	71.7236
DPM2	NA	975	1546	31.3845
DPM3	NA	272	547	24.7458
DPP10	NA	0	6218	0
DPP10-AS1	NA	0	730	0
DPP10-AS3	NA	0	756	0
DPP3	NA	1264	3083	20.403
DPP4	NA	1	3900	0.0127601
DPP6	NA	12	6770	0.0882089
DPP7	NA	255	1617	7.84783
DPP8	NA	389	4298	4.50405
DPP9	NA	1420	4269	16.5532
DPP9-AS1	NA	131	3071	2.12281
DPPA2	NA	0	1383	0
DPPA2P3	NA	0	1145	0
DPPA3	NA	4	1076	0.184998
DPPA4	NA	0	2817	0
DPPA5	NA	0	660	0
DPRX	NA	0	648	0
DPRXP4	NA	1	665	0.0748338
DPT	NA	0	1728	0
DPY19L1	NA	616	4865	6.30112
DPY19L1P1	NA	56	1901	1.46597
DPY19L2	NA	679	4057	8.32884
DPY19L2P1	NA	63	2814	1.11413
DPY19L2P2	NA	131	4610	1.41413
DPY19L2P3	NA	2	1677	0.0593494
DPY19L2P4	NA	49	2018	1.20835
DPY19L3	NA	667	6189	5.36321
DPY19L4	NA	407	6234	3.24898
DPY30	NA	1135	800	70.6034
DPYD	NA	0	5616	0
DPYD-AS1	NA	0	533	0
DPYD-AS2	NA	0	817	0
DPYS	NA	143	2123	3.35201
DPYSL2	NA	1236	5237	11.7451
DPYSL3	NA	76	5629	0.671896
DPYSL4	NA	372	2719	6.80853
DPYSL5	NA	588	5354	5.46536
DQX1	NA	60	2634	1.13359
DR1	NA	1104	3208	17.1259
DRAIC	NA	4	1705	0.11675
DRAM1	NA	3510	3543	49.301
DRAM2	NA	653	1886	17.2302
DRAP1	NA	1558	1005	77.1473
DRAXIN	NA	24	1773	0.673631
DRC1	NA	4	2491	0.0799109
DRC7	NA	5	3042	0.0817957
DRD1	NA	0	3373	0
DRD2	NA	2	2699	0.0368762
DRD3	NA	0	2101	0
DRD4	NA	12	1362	0.438454
DRD5	NA	3	2376	0.062834
DRD5P2	NA	29	2210	0.653018
DRG1	NA	1094	1450	37.5465
DRG2	NA	433	1997	10.7902
DRGX	NA	17	955	0.88586
DRICH1	NA	4	1300	0.153122
DROSHA	NA	1894	5497	17.1464
DRP2	NA	92	7118	0.643205
DSC1	NA	0	4256	0
DSC2	NA	0	5254	0
DSC3	NA	0	7699	0
DSCAM	NA	0	7109	0
DSCAM-AS1	NA	0	1769	0
DSCAM-IT1	NA	0	720	0
DSCAML1	NA	1	6900	0.00721225
DSCAS	NA	0	553	0
DSCC1	NA	186	2269	4.07942
DSCR10	NA	0	860	0
DSCR3	NA	1106	3251	16.93
DSCR4	NA	0	1098	0
DSCR8	NA	0	831	0
DSCR9	NA	7	1644	0.211893
DSE	NA	1096	4180	13.0483
DSEL	NA	21	9281	0.112601
DSG1	NA	0	7262	0
DSG1-AS1	NA	0	767	0
DSG2	NA	2	5653	0.0176064
DSG2-AS1	NA	0	1986	0
DSG3	NA	1	5551	0.00896496
DSG4	NA	0	3701	0
DSN1	NA	481	2517	9.51002
DSP	NA	24616	9730	125.9
DSPP	NA	0	4331	0
DST	NA	3861	24674	7.78717
DSTN	NA	4779	1746	136.211
DSTNP2	NA	103	1105	4.63868
DSTYK	NA	750	7909	4.7191
DTD1	NA	1260	1367	45.8692
DTD2	NA	394	2680	7.31612
DTHD1	NA	0	3780	0
DTL	NA	550	4597	5.95399
DTNA	NA	35	10729	0.162341
DTNB	NA	473	2733	8.61274
DTNBP1	NA	381	2559	7.40925
DTWD1	NA	314	2750	5.6822
DTWD2	NA	157	5925	1.31865
DTX1	NA	82	3288	1.24109
DTX2	NA	369	2819	6.51405
DTX2P1-UPK3BP1-PMS2P11	NA	133	1761	3.75848
DTX3	NA	653	2232	14.5592
DTX3L	NA	580	5767	5.00493
DTX4	NA	924	5854	7.85487
DTYMK	NA	1178	1209	48.4885
DUOX1	NA	9	5679	0.0788661
DUOX2	NA	12	6346	0.0941024
DUOXA1	NA	2	3289	0.0302612
DUOXA2	NA	0	1438	0
DUPD1	NA	0	663	0
DUS1L	NA	1893	1884	50.0022
DUS2	NA	245	2325	5.244
DUS3L	NA	762	2111	17.9633
DUS4L	NA	162	2380	3.38733
DUSP1	NA	1970	2024	48.4368
DUSP10	NA	111	2738	2.01748
DUSP11	NA	1085	1639	32.9435
DUSP12	NA	452	1274	17.6558
DUSP13	NA	83	1833	2.25338
DUSP14	NA	1158	1508	38.2144
DUSP15	NA	8	1733	0.229726
DUSP16	NA	1400	6312	11.0378
DUSP18	NA	59	3466	0.847116
DUSP19	NA	32	5365	0.296825
DUSP2	NA	467	1685	13.7923
DUSP21	NA	0	886	0
DUSP22	NA	496	3505	7.04228
DUSP23	NA	322	685	23.3929
DUSP26	NA	1	2043	0.0243585
DUSP27	NA	53	4034	0.653822
DUSP28	NA	62	1555	1.98418
DUSP3	NA	3615	4122	43.6435
DUSP4	NA	14	7341	0.0949057
DUSP5	NA	3320	2528	65.3553
DUSP5P1	NA	31	2472	0.624069
DUSP6	NA	5437	3395	79.6965
DUSP7	NA	873	3233	13.4378
DUSP8	NA	357	4473	3.97181
DUSP9	NA	9	2380	0.188185
DUT	NA	835	2246	18.501
DUX4	NA	0	1710	0
DUXA	NA	2	3346	0.0297457
DUXAP10	NA	1123	2393	23.3538
DUXAP8	NA	1084	2107	25.6026
DVL1	NA	1113	2924	18.9425
DVL2	NA	1714	3016	28.2813
DVL3	NA	2006	5062	19.721
DXO	NA	12379	9540	64.5739
DYDC1	NA	0	764	0
DYDC2	NA	5	2465	0.100942
DYM	NA	1214	2628	22.9886
DYNAP	NA	0	2135	0
DYNC1H1	NA	6299	14340	21.8596
DYNC1I1	NA	58	3390	0.851428
DYNC1I2	NA	2218	4670	23.6355
DYNC1LI1	NA	1153	2504	22.9147
DYNC1LI2	NA	3097	4336	35.5444
DYNC2H1	NA	703	13699	2.5538
DYNC2LI1	NA	121	1936	3.11028
DYNLL1	NA	6456	984	326.504
DYNLL2	NA	1330	1522	43.4867
DYNLRB1	NA	1965	1244	78.6071
DYNLRB2	NA	0	1419	0
DYNLT1	NA	2811	772	181.202
DYNLT3	NA	0	2216	0
DYRK1A	NA	1230	6911	8.85694
DYRK1B	NA	881	2570	17.0593
DYRK2	NA	602	6159	4.86414
DYRK3	NA	260	2261	5.72259
DYRK4	NA	316	2735	5.74976
DYSF	NA	59	7278	0.403422
DYTN	NA	0	2051	0
DYX1C1	NA	179	2371	3.757
DYX1C1-CCPG1	NA	1027	4838	10.5639
DZANK1	NA	240	3500	3.41242
DZIP1	NA	1973	7491	13.1071
DZIP1L	NA	369	3909	4.69765
DZIP3	NA	623	5542	5.59424
E2F1	NA	677	2700	12.478
E2F2	NA	203	5193	1.94535
E2F3	NA	766	5163	7.38323
E2F4	NA	1836	2100	43.5084
E2F5	NA	742	1856	19.8951
E2F6	NA	679	3450	9.79423
E2F7	NA	304	5741	2.63515
E2F8	NA	212	3970	2.65745
E4F1	NA	720	2651	13.5158
EAF1	NA	769	4488	8.52694
EAF2	NA	26	1020	1.26851
EAPP	NA	805	1348	29.7184
EARS2	NA	843	4186	10.0219
EBAG9	NA	354	2801	6.28941
EBF1	NA	0	5277	0
EBF2	NA	0	4872	0
EBF3	NA	7	4412	0.0789555
EBF4	NA	228	2911	3.89773
EBI3	NA	310	1137	13.5682
EBLN1	NA	1	1170	0.0425338
EBLN2	NA	18	1662	0.538966
EBLN3	NA	865	4375	9.83915
EBNA1BP2	NA	3553	1642	107.682
EBP	NA	913	1157	39.2696
EBPL	NA	828	1159	35.5522
ECD	NA	1146	2336	24.4136
ECE1	NA	3174	5737	27.5322
ECE2	NA	340	4362	3.87894
ECEL1	NA	190	2896	3.26494
ECEL1P2	NA	27	1295	1.03756
ECH1	NA	1608	1263	63.3581
ECHDC1	NA	1333	2391	27.7441
ECHDC2	NA	18	1590	0.563372
ECHDC3	NA	0	1654	0
ECHS1	NA	3471	1329	129.972
ECI1	NA	1561	1051	73.9128
ECI2	NA	1612	1573	50.9983
ECM1	NA	2890	2231	64.4641
ECM2	NA	4	3893	0.0511323
ECRP	NA	1	605	0.0822554
ECSCR	NA	108	745	7.21418
ECSIT	NA	590	1819	16.1413
ECT2	NA	1201	4500	13.2816
ECT2L	NA	6	4483	0.0666043
EDA	NA	42	5572	0.375109
EDA2R	NA	807	3585	11.2022
EDAR	NA	0	4214	0
EDARADD	NA	2667	3017	43.9914
EDC3	NA	1684	4069	20.5956
EDC4	NA	2182	4811	22.5704
EDDM3A	NA	2	879	0.11323
EDDM3B	NA	2	896	0.111081
EDEM1	NA	1068	6153	8.63782
EDEM2	NA	806	2129	18.8399
EDEM3	NA	652	6632	4.89241
EDF1	NA	5372	1083	246.847
EDIL3	NA	1	4760	0.0104547
EDN1	NA	496	2100	11.7539
EDN2	NA	28	1253	1.11206
EDN3	NA	0	2675	0
EDNRA	NA	4	4150	0.0479658
EDNRB	NA	1	4861	0.0102375
EDNRB-AS1	NA	0	2431	0
EDRF1	NA	585	4823	6.03612
EDRF1-AS1	NA	13	557	1.16147
EEA1	NA	631	8003	3.9237
EED	NA	341	2532	6.70209
EEF1A1	NA	202548	3512	2870.07
EEF1A2	NA	692	2007	17.1585
EEF1B2	NA	5433	1110	243.577
EEF1D	NA	7598	3160	119.655
EEF1DP3	NA	0	575	0
EEF1E1	NA	973	1245	38.8923
EEF1E1-BLOC1S5	NA	842	2992	14.0046
EEF1G	NA	33749	1538	1092
EEF2	NA	51584	3158	812.873
EEF2K	NA	506	7412	3.39731
EEF2KMT	NA	740	2406	15.3058
EEFSEC	NA	532	2229	11.8774
EEPD1	NA	160	4687	1.69881
EFCAB1	NA	0	3764	0
EFCAB10	NA	34	764	2.21465
EFCAB11	NA	132	4464	1.47153
EFCAB12	NA	8	2154	0.184826
EFCAB13	NA	20	4699	0.211809
EFCAB14	NA	1523	5767	13.1422
EFCAB14-AS1	NA	6	583	0.512156
EFCAB2	NA	149	4661	1.59084
EFCAB3	NA	0	1754	0
EFCAB5	NA	65	6339	0.510284
EFCAB6	NA	40	4929	0.403851
EFCAB6-AS1	NA	4	1997	0.0996785
EFCAB7	NA	70	2402	1.45026
EFCAB9	NA	0	704	0
EFCC1	NA	2	2691	0.0369859
EFEMP1	NA	2	3094	0.0321684
EFEMP2	NA	2932	2068	70.5559
EFHB	NA	7	2855	0.122015
EFHC1	NA	468	7029	3.31339
EFHC2	NA	6	3252	0.0918164
EFHD1	NA	260	2186	5.91892
EFHD2	NA	1502	2419	30.8997
EFNA1	NA	199	1566	6.32384
EFNA2	NA	45	2142	1.04547
EFNA3	NA	60	1782	1.67557
EFNA4	NA	207	1257	8.19511
EFNA5	NA	490	5335	4.57068
EFNB1	NA	494	3330	7.38248
EFNB2	NA	11	4387	0.12478
EFNB3	NA	941	3219	14.5475
EFR3A	NA	668	5414	6.14013
EFR3B	NA	304	7458	2.02848
EFS	NA	1	3120	0.0159502
EFTUD1	NA	447	3685	6.03656
EFTUD1P1	NA	11	1167	0.469074
EFTUD2	NA	3665	4561	39.9884
EGF	NA	21	5583	0.187185
EGFEM1P	NA	0	3842	0
EGFL6	NA	2	2432	0.0409247
EGFL7	NA	502	2569	9.72432
EGFL8	NA	479	9209	2.58847
EGFLAM	NA	5	5457	0.0455969
EGFLAM-AS2	NA	1	1897	0.0262333
EGFLAM-AS4	NA	0	1574	0
EGFR	NA	20	6571	0.151467
EGFR-AS1	NA	3	2821	0.0529222
EGLN1	NA	1258	7097	8.82115
EGLN2	NA	1836	2365	38.6332
EGLN3	NA	15	2722	0.274235
EGOT	NA	7	1462	0.23827
EGR1	NA	6038	3136	95.8157
EGR2	NA	10	3148	0.158083
EGR3	NA	9	4504	0.0994406
EGR4	NA	4	2373	0.0838845
EHBP1	NA	734	5397	6.76805
EHBP1L1	NA	60	5180	0.576423
EHD1	NA	1747	3939	22.0712
EHD2	NA	20	3584	0.277704
EHD3	NA	532	3906	6.77796
EHD4	NA	990	2893	17.0297
EHD4-AS1	NA	1	1174	0.0423888
EHF	NA	0	5639	0
EHHADH	NA	0	3973	0
EHHADH-AS1	NA	0	1416	0
EHMT1	NA	1232	5395	11.3642
EHMT1-IT1	NA	1	1751	0.0284206
EHMT2	NA	8628	27265	15.748
EI24	NA	3089	2456	62.5906
EID1	NA	5373	2091	127.874
EID2	NA	910	1392	32.5328
EID2B	NA	150	1335	5.59152
EID3	NA	83	1473	2.80411
EIF1	NA	6357	1326	238.577
EIF1AD	NA	644	2925	10.9567
EIF1AX	NA	2339	4431	26.2693
EIF1AX-AS1	NA	0	378	0
EIF1AY	NA	514	1404	18.2186
EIF1B	NA	1076	1012	52.9117
EIF1B-AS1	NA	0	2112	0
EIF2A	NA	959	3879	12.3032
EIF2AK1	NA	4782	4465	53.2976
EIF2AK2	NA	342	4345	3.91702
EIF2AK3	NA	369	4648	3.95075
EIF2AK4	NA	761	5534	6.84329
EIF2B1	NA	1467	1870	39.0398
EIF2B2	NA	1163	1541	37.5575
EIF2B3	NA	658	2176	15.0483
EIF2B4	NA	1549	1896	40.6568
EIF2B5	NA	815	2898	13.9952
EIF2B5-AS1	NA	0	571	0
EIF2D	NA	1202	2097	28.525
EIF2S1	NA	2330	4165	27.8394
EIF2S2	NA	4401	2592	84.496
EIF2S3	NA	5004	3465	71.8677
EIF3A	NA	7653	5305	71.7903
EIF3B	NA	4462	3081	72.0705
EIF3C	NA	17760	3502	252.375
EIF3CL	NA	17748	3053	289.296
EIF3D	NA	6239	1949	159.303
EIF3E	NA	4596	1508	151.67
EIF3F	NA	4635	1257	183.499
EIF3G	NA	4420	1127	195.172
EIF3H	NA	6110	1275	238.479
EIF3I	NA	4307	1458	147.007
EIF3IP1	NA	190	987	9.57979
EIF3J	NA	2613	2558	50.8345
EIF3J-AS1	NA	199	1851	5.35015
EIF3K	NA	1680	893	93.6219
EIF3L	NA	4997	2091	118.925
EIF3M	NA	2716	1720	78.5816
EIF4A1	NA	13638	1877	361.581
EIF4A2	NA	3545	1890	93.3413
EIF4A3	NA	3096	1734	88.8529
EIF4B	NA	9662	4063	118.342
EIF4E	NA	1366	5040	13.4878
EIF4E1B	NA	1	1974	0.02521
EIF4E2	NA	1479	3891	18.9159
EIF4E3	NA	2	6730	0.0147889
EIF4EBP1	NA	1096	859	63.4946
EIF4EBP2	NA	3662	7531	24.1983
EIF4EBP3	NA	240	691	17.2843
EIF4ENIF1	NA	876	3875	11.25
EIF4G1	NA	6759	6247	53.8432
EIF4G2	NA	20251	4359	231.195
EIF4G3	NA	2870	6970	20.4913
EIF4H	NA	10934	2546	213.718
EIF5	NA	3926	6269	31.1653
EIF5A	NA	13053	1818	357.303
EIF5A2	NA	299	5537	2.6873
EIF5AL1	NA	5630	3836	73.0381
EIF5B	NA	3813	4698	40.39
EIF6	NA	3214	1469	108.879
ELAC1	NA	329	2233	7.33207
ELAC2	NA	2538	3804	33.2025
ELANE	NA	0	924	0
ELAVL1	NA	3478	6058	28.5706
ELAVL2	NA	0	4302	0
ELAVL3	NA	30	4682	0.318867
ELAVL4	NA	0	4758	0
ELDR	NA	0	470	0
ELF1	NA	403	3739	5.36376
ELF2	NA	359	3560	5.01839
ELF3	NA	345	3247	5.28757
ELF4	NA	831	4272	9.68031
ELF5	NA	1	2575	0.019326
ELFN1	NA	347	3742	4.61472
ELFN1-AS1	NA	1	1008	0.0493695
ELFN2	NA	52	8790	0.294397
ELK1	NA	705	2918	12.0233
ELK2AP	NA	0	792	0
ELK3	NA	2181	4296	25.2645
ELK4	NA	589	11847	2.47415
ELL	NA	627	4027	7.74828
ELL2	NA	189	6046	1.55565
ELL3	NA	438	2113	10.3156
ELMO1	NA	104	6733	0.768678
ELMO1-AS1	NA	0	528	0
ELMO2	NA	864	3682	11.6775
ELMO3	NA	72	2512	1.42637
ELMOD1	NA	21	3127	0.334204
ELMOD2	NA	767	4409	8.65715
ELMOD3	NA	178	3095	2.86206
ELMSAN1	NA	628	8257	3.78492
ELN	NA	1	3999	0.0124442
ELOF1	NA	1646	1019	80.385
ELOVL1	NA	1682	1786	46.8667
ELOVL2	NA	788	4073	9.6279
ELOVL2-AS1	NA	14	2093	0.332873
ELOVL3	NA	18	1419	0.631262
ELOVL4	NA	928	3060	15.092
ELOVL5	NA	1670	3950	21.0397
ELOVL6	NA	845	3392	12.3971
ELOVL7	NA	1264	4228	14.8776
ELP2	NA	488	2820	8.61173
ELP3	NA	674	3321	10.0997
ELP4	NA	224	2763	4.03447
ELP5	NA	900	2324	19.272
ELP6	NA	695	1349	25.6385
ELSPBP1	NA	5	1059	0.23496
EMB	NA	395	4309	4.56184
EMBP1	NA	62	4231	0.729236
EMC1	NA	2116	6671	15.785
EMC10	NA	3159	2211	71.1018
EMC2	NA	230	1238	9.24542
EMC3	NA	1131	1080	52.1145
EMC3-AS1	NA	313	4695	3.31763
EMC4	NA	1485	1047	70.5829
EMC6	NA	1163	862	67.1417
EMC7	NA	1373	1053	64.8876
EMC8	NA	1253	1963	31.7651
EMC9	NA	398	835	23.7201
EMCN	NA	0	4037	0
EMD	NA	1485	1339	55.1906
EME1	NA	694	2354	14.6714
EME2	NA	51	1140	2.22631
EMG1	NA	850	1070	39.5325
EMID1	NA	94	2112	2.2149
EMILIN1	NA	55	3932	0.696095
EMILIN2	NA	262	4009	3.25226
EMILIN3	NA	272	3827	3.53696
EML1	NA	950	4520	10.4594
EML2	NA	1196	3099	19.2057
EML2-AS1	NA	129	1077	5.96065
EML3	NA	838	3258	12.8001
EML4	NA	3238	5561	28.9763
EML5	NA	33	7171	0.22901
EML6	NA	60	7852	0.380269
EMP1	NA	17888	2804	317.47
EMP2	NA	347	5215	3.31127
EMP3	NA	1934	829	116.097
EMX1	NA	0	2188	0
EMX2	NA	0	2896	0
EMX2OS	NA	0	7282	0
EN1	NA	0	2962	0
EN2	NA	10	3395	0.146582
ENAH	NA	4551	13172	17.1939
ENAM	NA	0	5674	0
ENC1	NA	2657	5728	23.0838
ENDOD1	NA	478	4693	5.0687
ENDOG	NA	539	1145	23.4263
ENDOU	NA	12	2459	0.242852
ENDOV	NA	228	3358	3.37889
ENG	NA	685	3426	9.94999
ENGASE	NA	456	4494	5.04953
ENHO	NA	66	1078	3.04681
ENKD1	NA	22	1538	0.711846
ENKUR	NA	9	3738	0.119818
ENO1	NA	38115	3253	583.084
ENO1-AS1	NA	14	446	1.56211
ENO2	NA	303	2423	6.22313
ENO3	NA	882	1527	28.7441
ENO4	NA	14	2865	0.243177
ENOPH1	NA	851	2191	19.3289
ENOSF1	NA	5439	5532	48.9279
ENOX1	NA	1	3124	0.0159297
ENOX1-AS2	NA	0	714	0
ENOX2	NA	267	4265	3.11539
ENPEP	NA	0	4995	0
ENPP1	NA	3	7442	0.0200609
ENPP2	NA	2	3437	0.0289581
ENPP3	NA	0	3165	0
ENPP4	NA	0	4680	0
ENPP5	NA	0	3878	0
ENPP6	NA	4	3936	0.0505737
ENPP7	NA	1	1859	0.0267695
ENPP7P13	NA	1	5438	0.00915125
ENSA	NA	4219	4145	50.6529
ENTHD1	NA	0	2710	0
ENTHD2	NA	588	2287	12.7947
ENTPD1	NA	456	13070	1.73624
ENTPD1-AS1	NA	9	4262	0.105087
ENTPD2	NA	4	2100	0.0947895
ENTPD3	NA	9	3189	0.140445
ENTPD3-AS1	NA	15	2039	0.366095
ENTPD4	NA	1251	5897	10.5571
ENTPD5	NA	67	2048	1.62804
ENTPD6	NA	1126	2762	20.2878
ENTPD7	NA	484	8555	2.81543
ENTPD8	NA	26	2222	0.582303
ENY2	NA	1019	2976	17.0397
EOGT	NA	405	4666	4.31946
EOMES	NA	20	3660	0.271937
EP300	NA	1541	8761	8.75323
EP300-AS1	NA	26	1377	0.939635
EP400	NA	1812	12317	7.32104
EP400NL	NA	74	1539	2.39283
EPAS1	NA	1771	5166	17.0602
EPB41	NA	1284	6292	10.1554
EPB41L1	NA	1515	6756	11.1594
EPB41L2	NA	1240	4617	13.3654
EPB41L3	NA	0	5280	0
EPB41L4A	NA	88	4707	0.930375
EPB41L4A-AS1	NA	293	1194	12.2119
EPB41L4A-AS2	NA	0	1398	0
EPB41L4B	NA	223	7884	1.4076
EPB41L5	NA	1101	9935	5.51492
EPB42	NA	0	2540	0
EPC1	NA	474	4981	4.73567
EPC2	NA	353	3641	4.82474
EPCAM	NA	204	1718	5.90917
EPDR1	NA	0	2731	0
EPG5	NA	974	12698	3.81719
EPGN	NA	1	2893	0.0172017
EPHA1	NA	16	3363	0.236762
EPHA1-AS1	NA	1	5016	0.00992115
EPHA10	NA	67	6643	0.501915
EPHA2	NA	4334	3964	54.4095
EPHA3	NA	2	6674	0.0149129
EPHA4	NA	0	6658	0
EPHA5	NA	18	9835	0.0910789
EPHA5-AS1	NA	6	1177	0.253685
EPHA6	NA	0	4587	0
EPHA7	NA	9	7489	0.0598051
EPHA8	NA	0	5409	0
EPHB1	NA	3	4675	0.0319344
EPHB2	NA	259	11039	1.16759
EPHB3	NA	247	4220	2.91276
EPHB4	NA	2370	4351	27.1068
EPHB6	NA	0	4059	0
EPHX1	NA	752	2373	15.7703
EPHX2	NA	252	2275	5.51237
EPHX3	NA	6	1938	0.15407
EPHX4	NA	143	1443	4.93162
EPM2A	NA	84	3465	1.20641
EPM2AIP1	NA	1019	7439	6.81678
EPN1	NA	3489	3263	53.2113
EPN2	NA	729	4835	7.50327
EPN2-AS1	NA	1	1190	0.0418189
EPN2-IT1	NA	1	826	0.0602476
EPN3	NA	31	3927	0.392844
EPO	NA	3	1330	0.112251
EPOR	NA	252	2691	4.66022
EPPIN	NA	0	2000	0
EPPIN-WFDC6	NA	0	1862	0
EPPK1	NA	524	8002	3.25876
EPRS	NA	3617	5015	35.892
EPS15	NA	1258	5483	11.4178
EPS15L1	NA	726	5152	7.01262
EPS8	NA	78	4082	0.950914
EPS8L1	NA	133	2735	2.41999
EPS8L2	NA	665	3141	10.5359
EPS8L3	NA	10	2321	0.21441
EPSTI1	NA	0	3201	0
EPT1	NA	1573	8129	9.62967
EPX	NA	2	2717	0.0366319
EPYC	NA	1	1539	0.0323356
EQTN	NA	0	1036	0
ERAL1	NA	1604	1825	43.7382
ERAP1	NA	1489	7592	9.76019
ERAP2	NA	381	5690	3.33221
ERAS	NA	1	826	0.0602476
ERBB2	NA	2723	5497	24.6514
ERBB2IP	NA	1373	7186	9.5083
ERBB3	NA	40	6193	0.321424
ERBB4	NA	0	11923	0
ERC1	NA	1703	9623	8.80691
ERC2	NA	57	6132	0.462586
ERC2-IT1	NA	0	2255	0
ERCC1	NA	2318	3806	30.3085
ERCC2	NA	1475	3019	24.3136
ERCC3	NA	1292	3009	21.3678
ERCC4	NA	240	6761	1.76653
ERCC5	NA	956	4085	11.6462
ERCC6	NA	302	8993	1.67118
ERCC6-PGBD3	NA	144	3697	1.93835
ERCC6L	NA	328	4207	3.8799
ERCC6L2	NA	629	12450	2.51421
ERCC8	NA	261	2550	5.09354
EREG	NA	0	4628	0
ERF	NA	2439	2873	42.247
ERG	NA	1	7684	0.00647638
ERGIC1	NA	2956	2936	50.1035
ERGIC2	NA	637	1777	17.839
ERGIC3	NA	1361	1366	49.5823
ERH	NA	4995	801	310.329
ERI1	NA	2539	4615	27.3786
ERI2	NA	239	4207	2.82712
ERI3	NA	1338	1755	37.9401
ERI3-IT1	NA	11	1120	0.488758
ERICH1	NA	587	3658	7.98572
ERICH1-AS1	NA	1	857	0.0580683
ERICH2	NA	155	2205	3.49818
ERICH3	NA	0	7159	0
ERICH3-AS1	NA	0	5047	0
ERICH4	NA	2	946	0.10521
ERICH5	NA	0	1550	0
ERICH6	NA	2	2072	0.0480352
ERICH6-AS1	NA	13	793	0.815811
ERICH6B	NA	0	2421	0
ERLEC1	NA	661	2582	12.7399
ERLIN1	NA	1366	3519	19.3175
ERLIN2	NA	1376	6135	11.1615
ERMAP	NA	172	3500	2.44557
ERMARD	NA	167	2222	3.74018
ERMN	NA	1	4161	0.0119597
ERMP1	NA	2104	5341	19.6039
ERN1	NA	37	4005	0.459747
ERN2	NA	111	3620	1.52593
ERO1L	NA	2222	5512	20.0611
ERO1LB	NA	153	5054	1.50652
ERP27	NA	21	1752	0.596492
ERP29	NA	3435	1472	116.128
ERP44	NA	2043	4864	20.9023
ERRFI1	NA	10623	3129	168.951
ERV3-1	NA	196	3266	2.98648
ERVFRD-1	NA	2	3304	0.0301238
ERVH48-1	NA	7	2294	0.151853
ERVK13-1	NA	214	8336	1.27754
ERVMER34-1	NA	0	2985	0
ERVV-1	NA	0	2490	0
ERVV-2	NA	0	2482	0
ESAM	NA	139	1869	3.70105
ESCO1	NA	631	4499	6.97964
ESCO2	NA	272	3358	4.03095
ESD	NA	2890	1192	120.654
ESF1	NA	716	3263	10.9198
ESM1	NA	0	2089	0
ESPL1	NA	686	6623	5.15453
ESPN	NA	15	3531	0.211404
ESPNL	NA	145	4822	1.49644
ESPNP	NA	1	2015	0.024697
ESR1	NA	7	6974	0.04995
ESR2	NA	17	5192	0.162942
ESRG	NA	3	3138	0.047576
ESRP1	NA	17	3806	0.22228
ESRP2	NA	181	4021	2.24008
ESRRA	NA	831	2489	16.6148
ESRRB	NA	16	3014	0.264178
ESRRG	NA	0	7375	0
ESX1	NA	0	1480	0
ESYT1	NA	2696	4277	31.369
ESYT2	NA	1138	5957	9.5068
ESYT3	NA	4	4447	0.0447623
ETAA1	NA	432	3283	6.54836
ETF1	NA	5467	4264	63.8045
ETFA	NA	3598	1354	132.24
ETFB	NA	1591	1450	54.6037
ETFDH	NA	175	2483	3.50736
ETHE1	NA	1561	963	80.6671
ETNK1	NA	845	7306	5.75568
ETNK2	NA	397	2720	7.26342
ETNPPL	NA	0	2141	0
ETS1	NA	857	5541	7.69684
ETS2	NA	12	4075	0.146546
ETV1	NA	72	7638	0.469108
ETV2	NA	16	1495	0.532597
ETV3	NA	62	2930	1.05304
ETV3L	NA	8	1977	0.201374
ETV4	NA	1325	2761	23.8819
ETV5	NA	2203	4102	26.7263
ETV6	NA	312	5978	2.59728
ETV7	NA	31	2244	0.687477
EVA1A	NA	625	2102	14.7968
EVA1B	NA	370	1245	14.7894
EVA1C	NA	34	1953	0.866356
EVADR	NA	0	673	0
EVC	NA	406	6661	3.03324
EVC2	NA	298	5130	2.8908
EVI2A	NA	2	3010	0.0330661
EVI2B	NA	2	1995	0.0498892
EVI5	NA	413	7436	2.76395
EVI5L	NA	707	3846	9.14808
EVL	NA	687	1842	18.5604
EVPL	NA	16	6587	0.120879
EVPLL	NA	0	1991	0
EVX1	NA	1	3156	0.0157682
EVX1-AS	NA	0	480	0
EVX2	NA	0	1617	0
EWSAT1	NA	18	2526	0.354616
EWSR1	NA	5927	2952	99.9167
EXD1	NA	8	3249	0.122535
EXD2	NA	496	5396	4.57435
EXD3	NA	303	4948	3.04742
EXO1	NA	341	3462	4.9017
EXO5	NA	119	2203	2.68814
EXOC1	NA	514	3582	7.14097
EXOC2	NA	746	4636	8.00783
EXOC3	NA	612	2762	11.0267
EXOC3-AS1	NA	142	1325	5.33325
EXOC3L1	NA	56	2497	1.11606
EXOC3L2	NA	3	1719	0.086849
EXOC3L4	NA	21	2579	0.405217
EXOC4	NA	1235	4345	14.1448
EXOC5	NA	1431	8511	8.36717
EXOC6	NA	276	3732	3.68033
EXOC6B	NA	223	2594	4.27814
EXOC7	NA	4554	5401	41.9603
EXOC8	NA	340	5142	3.29053
EXOG	NA	382	3146	6.04261
EXOSC1	NA	758	1150	32.8013
EXOSC10	NA	2545	2842	44.5639
EXOSC2	NA	724	2609	13.8097
EXOSC3	NA	962	1841	26.004
EXOSC4	NA	700	895	38.922
EXOSC5	NA	451	993	22.602
EXOSC6	NA	1026	1700	30.0343
EXOSC7	NA	797	1520	26.0936
EXOSC8	NA	508	1411	17.9166
EXOSC9	NA	600	1644	18.1622
EXPH5	NA	356	10203	1.73637
EXT1	NA	3459	3363	51.1851
EXT2	NA	1942	3852	25.089
EXTL1	NA	3844	4014	47.6569
EXTL2	NA	557	3372	8.22029
EXTL3	NA	2100	6340	16.4835
EXTL3-AS1	NA	3	780	0.191402
EYA1	NA	0	4504	0
EYA2	NA	11	2702	0.202594
EYA3	NA	789	6273	6.25924
EYA4	NA	0	5812	0
EYS	NA	3	13926	0.0107205
EZH1	NA	548	4646	5.86977
EZH2	NA	873	3036	14.3098
EZR	NA	7672	3257	117.222
EZR-AS1	NA	15	350	2.13276
F10	NA	8	1536	0.25919
F10-AS1	NA	2	455	0.218745
F11	NA	0	3278	0
F11-AS1	NA	0	1235	0
F11R	NA	3680	4830	37.9158
F12	NA	201	2051	4.87697
F13A1	NA	0	3863	0
F13B	NA	0	2217	0
F2	NA	1	2010	0.0247585
F2R	NA	5230	3810	68.3119
F2RL1	NA	2211	2883	38.1649
F2RL2	NA	6417	3429	93.1288
F2RL3	NA	0	2731	0
F3	NA	72	2393	1.4973
F5	NA	180	9179	0.975881
F7	NA	8	3198	0.124489
F8	NA	10	9204	0.0540683
F8A1	NA	635	3404	9.28333
F8A2	NA	286	2232	6.37663
F8A3	NA	286	2232	6.37663
F9	NA	0	2802	0
FA2H	NA	37	2427	0.758668
FAAH	NA	10	2095	0.237539
FAAH2	NA	1	2012	0.0247338
FAAHP1	NA	1	1267	0.0392774
FAAP100	NA	1159	3849	14.9849
FAAP20	NA	2195	6992	15.6226
FAAP24	NA	85	1604	2.63715
FABP1	NA	0	563	0
FABP12	NA	0	423	0
FABP2	NA	2	2249	0.0442548
FABP3	NA	44	1097	1.99602
FABP4	NA	0	838	0
FABP5	NA	1113	731	75.77
FABP5P3	NA	2	855	0.116408
FABP6	NA	4	867	0.229594
FABP7	NA	0	999	0
FABP9	NA	0	399	0
FADD	NA	1124	1853	30.1863
FADS1	NA	2891	4420	32.5496
FADS2	NA	3685	3852	47.607
FADS3	NA	2332	1793	64.7244
FADS6	NA	0	2287	0
FAF1	NA	1539	2583	29.6506
FAF2	NA	2390	4515	26.3427
FAH	NA	190	1797	5.26169
FAHD1	NA	1093	2744	19.8224
FAHD2A	NA	549	1298	21.0483
FAHD2B	NA	1001	1265	39.3789
FAHD2CP	NA	148	852	8.64454
FAIM	NA	466	1656	14.0038
FAIM2	NA	11	4744	0.11539
FALEC	NA	5	566	0.439616
FAM101A	NA	82	2150	1.89799
FAM101B	NA	2211	3620	30.3948
FAM102A	NA	1759	4336	20.1881
FAM102B	NA	270	5340	2.51618
FAM103A1	NA	795	1572	25.1672
FAM104A	NA	1421	2970	23.8099
FAM104B	NA	184	2277	4.02137
FAM105A	NA	35	7048	0.247128
FAM106A	NA	0	2281	0
FAM106B	NA	0	1759	0
FAM106CP	NA	0	1759	0
FAM107A	NA	8	4430	0.0898682
FAM107B	NA	1053	4605	11.3794
FAM109A	NA	455	3256	6.95419
FAM109B	NA	3	2332	0.0640195
FAM110A	NA	260	2125	6.08883
FAM110B	NA	1412	4368	16.0869
FAM110C	NA	0	3963	0
FAM110D	NA	41	1524	1.33881
FAM111A	NA	242	3941	3.05583
FAM111B	NA	0	3561	0
FAM114A1	NA	204	4138	2.45335
FAM114A2	NA	388	2880	6.70438
FAM117A	NA	1411	2361	29.7407
FAM117B	NA	365	5773	3.14638
FAM118A	NA	423	3364	6.25754
FAM118B	NA	658	2090	15.6675
FAM120A	NA	1843	7238	12.6715
FAM120AOS	NA	730	2765	13.1385
FAM120B	NA	829	5698	7.24022
FAM120C	NA	171	8441	1.00814
FAM122A	NA	364	3646	4.96826
FAM122B	NA	1531	4404	17.3001
FAM122C	NA	116	5388	1.0714
FAM124A	NA	20	4902	0.203038
FAM124B	NA	2	2594	0.0383689
FAM126A	NA	1024	6151	8.28464
FAM126B	NA	272	9333	1.45033
FAM127A	NA	2689	1243	107.656
FAM127B	NA	1594	1259	63.006
FAM127C	NA	657	2033	16.0823
FAM129A	NA	781	6969	5.57699
FAM129B	NA	2269	4077	27.6958
FAM129C	NA	14	2749	0.253439
FAM131A	NA	194	2805	3.44182
FAM131B	NA	129	4442	1.44521
FAM131C	NA	80	1701	2.34048
FAM132A	NA	27	1043	1.28825
FAM132B	NA	155	2902	2.65799
FAM133A	NA	0	3416	0
FAM133B	NA	519	2681	9.63363
FAM133CP	NA	97	2519	1.9163
FAM133DP	NA	491	2015	12.1262
FAM134A	NA	1562	4614	16.847
FAM134B	NA	1	3705	0.0134317
FAM134C	NA	703	3809	9.18468
FAM135A	NA	270	6397	2.10042
FAM135B	NA	0	6962	0
FAM136A	NA	1943	1807	53.5099
FAM138A	NA	3	2260	0.0660591
FAM138B	NA	3	1130	0.132118
FAM138C	NA	3	1130	0.132118
FAM138D	NA	1	1126	0.0441958
FAM138E	NA	3	1130	0.132118
FAM138F	NA	3	2260	0.0660591
FAM13A	NA	473	6268	3.75536
FAM13A-AS1	NA	97	3210	1.50379
FAM13B	NA	640	5620	5.66713
FAM13C	NA	20	3769	0.264073
FAM149A	NA	55	2704	1.01222
FAM149B1	NA	231	3132	3.67037
FAM150A	NA	0	1171	0
FAM150B	NA	1	1398	0.0355969
FAM151A	NA	63	1981	1.58262
FAM151B	NA	16	1705	0.466998
FAM153A	NA	1	1794	0.0277394
FAM153B	NA	1	1794	0.0277394
FAM153C	NA	1	1077	0.0462066
FAM155A	NA	66	3859	0.851116
FAM155A-IT1	NA	0	1807	0
FAM155B	NA	142	4019	1.75829
FAM156A	NA	665	2047	16.1668
FAM156B	NA	638	1699	18.6873
FAM157A	NA	11	1275	0.429341
FAM157B	NA	8	1278	0.311515
FAM157C	NA	4	961	0.207136
FAM159A	NA	0	698	0
FAM159B	NA	49	967	2.52168
FAM160A1	NA	221	4576	2.4034
FAM160A2	NA	598	3492	8.5221
FAM160B1	NA	387	6146	3.13356
FAM160B2	NA	922	3732	12.2944
FAM161A	NA	365	3860	4.70571
FAM161B	NA	67	3596	0.927203
FAM162A	NA	976	838	57.9596
FAM162B	NA	0	1036	0
FAM163A	NA	1	2909	0.0171071
FAM163B	NA	1	1131	0.0440004
FAM166A	NA	2185	1148	94.7173
FAM166B	NA	23	1108	1.03302
FAM167A	NA	62	4093	0.753823
FAM167A-AS1	NA	1	1222	0.0407238
FAM167B	NA	4	956	0.20822
FAM168A	NA	1696	7305	11.5538
FAM168B	NA	3084	5406	28.3895
FAM169A	NA	3321	6213	26.6003
FAM169B	NA	2	3298	0.0301786
FAM170A	NA	0	1375	0
FAM170B	NA	0	1411	0
FAM170B-AS1	NA	0	2000	0
FAM171A1	NA	1718	3950	21.6444
FAM171A2	NA	640	2634	12.0916
FAM171B	NA	122	3555	1.70781
FAM172A	NA	386	4720	4.06972
FAM172BP	NA	28	2295	0.607149
FAM173A	NA	437	874	24.8822
FAM173B	NA	241	2966	4.04357
FAM174A	NA	114	1355	4.18683
FAM174B	NA	204	2629	3.86153
FAM175A	NA	735	2823	12.9567
FAM175B	NA	625	2992	10.3953
FAM177A1	NA	554	3508	7.85905
FAM177B	NA	0	1345	0
FAM178A	NA	877	8016	5.44454
FAM178B	NA	2	3007	0.0330991
FAM179A	NA	83	3548	1.16416
FAM179B	NA	67	6488	0.513906
FAM180A	NA	1	1801	0.0276316
FAM180B	NA	2	1403	0.0709401
FAM181A	NA	1	2119	0.0234849
FAM181A-AS1	NA	0	2402	0
FAM181B	NA	0	1861	0
FAM182A	NA	3	5111	0.0292102
FAM182B	NA	4	6026	0.0330332
FAM183A	NA	11	517	1.05882
FAM183B	NA	2	1647	0.0604305
FAM183CP	NA	0	2840	0
FAM184A	NA	19	4161	0.227235
FAM184B	NA	49	3842	0.634685
FAM185A	NA	123	2258	2.71082
FAM186A	NA	2	7265	0.0136998
FAM186B	NA	20	3370	0.295338
FAM187B	NA	0	1179	0
FAM188A	NA	552	2375	11.5663
FAM188B	NA	117	2733	2.13042
FAM189A1	NA	8	4707	0.0845796
FAM189A2	NA	25	2482	0.501254
FAM189B	NA	1101	3193	17.1596
FAM192A	NA	1641	2848	28.674
FAM193A	NA	902	5206	8.62228
FAM193B	NA	1333	4611	14.3865
FAM195A	NA	694	910	37.9523
FAM195B	NA	1034	1421	36.2115
FAM196A	NA	7	4407	0.079045
FAM196B	NA	0	3548	0
FAM197Y2	NA	0	2335	0
FAM197Y5	NA	0	2335	0
FAM198A	NA	0	3433	0
FAM198B	NA	3661	5123	35.5627
FAM199X	NA	891	7601	5.83346
FAM19A1	NA	0	2222	0
FAM19A2	NA	3	4136	0.0360961
FAM19A3	NA	17	1133	0.746687
FAM19A4	NA	1	2294	0.0216933
FAM19A5	NA	575	2886	9.91496
FAM200A	NA	229	2488	4.58041
FAM200B	NA	581	4385	6.59365
FAM201A	NA	126	1727	3.63076
FAM204A	NA	690	2766	12.4141
FAM205A	NA	0	4298	0
FAM205BP	NA	0	6130	0
FAM205C	NA	0	1373	0
FAM206A	NA	361	1911	9.40083
FAM207A	NA	551	881	31.124
FAM208A	NA	1651	8770	9.36844
FAM208B	NA	733	8626	4.22877
FAM209A	NA	3	678	0.220197
FAM209B	NA	10	692	0.71914
FAM20A	NA	11	4624	0.118384
FAM20B	NA	832	5946	6.96335
FAM20C	NA	504	2780	9.02205
FAM210A	NA	445	4384	5.05137
FAM210B	NA	1924	3033	31.5684
FAM212A	NA	27	1040	1.29196
FAM212B	NA	502	6077	4.11087
FAM212B-AS1	NA	39	2131	0.910753
FAM213A	NA	962	2400	19.9473
FAM213B	NA	1175	2981	19.6153
FAM214A	NA	564	4646	6.04115
FAM214B	NA	522	3028	8.57895
FAM215A	NA	0	780	0
FAM216A	NA	447	1521	14.6251
FAM216B	NA	0	3302	0
FAM217A	NA	0	2270	0
FAM217B	NA	301	5266	2.8445
FAM218A	NA	7	2174	0.160235
FAM219A	NA	589	3645	8.04151
FAM219B	NA	1627	3550	22.8076
FAM21A	NA	2235	4708	23.6244
FAM21C	NA	2022	4645	21.6628
FAM21EP	NA	90	2177	2.05733
FAM220A	NA	393	2214	8.83353
FAM221A	NA	39	1488	1.30431
FAM221B	NA	3	3137	0.0475912
FAM222A	NA	56	3140	0.88752
FAM222A-AS1	NA	0	868	0
FAM222B	NA	991	4837	10.1957
FAM223A	NA	0	710	0
FAM223B	NA	0	710	0
FAM224A	NA	26	460	2.81278
FAM224B	NA	28	462	3.01603
FAM225A	NA	1	5802	0.00857713
FAM225B	NA	2	5806	0.0171424
FAM226A	NA	62	2022	1.52591
FAM226B	NA	62	2022	1.52591
FAM227A	NA	104	10362	0.49947
FAM227B	NA	61	1994	1.52238
FAM228A	NA	1	1834	0.0271344
FAM228B	NA	183	1622	5.61461
FAM229A	NA	118	699	8.40087
FAM229B	NA	161	2671	2.99966
FAM230B	NA	4	3322	0.0599211
FAM230C	NA	1	1962	0.0253642
FAM231A	NA	0	510	0
FAM231D	NA	178	1986	4.46026
FAM24A	NA	0	596	0
FAM24B	NA	234	772	15.0841
FAM24B-CUZD1	NA	43	2623	0.815811
FAM25A	NA	1	362	0.137471
FAM25BP	NA	0	349	0
FAM25C	NA	2	704	0.141376
FAM25G	NA	2	668	0.148995
FAM26D	NA	5	1491	0.166883
FAM26E	NA	17	3539	0.23905
FAM26F	NA	3	1132	0.131885
FAM27B	NA	45	703	3.18549
FAM27C	NA	36	703	2.5484
FAM27E2	NA	35	1767	0.985714
FAM27E3	NA	73	1507	2.41062
FAM27L	NA	0	609	0
FAM32A	NA	2570	1472	86.885
FAM35A	NA	773	3404	11.3008
FAM35BP	NA	333	3290	5.03695
FAM35DP	NA	360	3294	5.43874
FAM3A	NA	1021	1913	26.5601
FAM3B	NA	0	1384	0
FAM3C	NA	949	2542	18.5785
FAM3D	NA	0	1308	0
FAM41AY1	NA	0	2043	0
FAM41AY2	NA	0	2043	0
FAM41C	NA	43	1706	1.25432
FAM43A	NA	720	3145	11.3928
FAM43B	NA	153	2582	2.94886
FAM45A	NA	705	2694	13.023
FAM45B	NA	778	4824	8.02587
FAM46A	NA	0	5612	0
FAM46B	NA	657	2374	13.7722
FAM46C	NA	40	5720	0.348003
FAM46D	NA	0	3223	0
FAM47A	NA	0	2579	0
FAM47B	NA	0	2122	0
FAM47C	NA	0	3308	0
FAM47E	NA	34	2094	0.808019
FAM47E-STBD1	NA	288	3060	4.68372
FAM49A	NA	12	4699	0.127085
FAM49B	NA	1637	4526	17.9992
FAM50A	NA	1324	1352	48.7339
FAM50B	NA	3	1618	0.0922704
FAM53A	NA	65	3442	0.939771
FAM53B	NA	543	5740	4.70769
FAM53B-AS1	NA	0	1771	0
FAM53C	NA	1932	4712	20.4043
FAM57A	NA	1144	2080	27.3705
FAM57B	NA	6	1919	0.155595
FAM58A	NA	625	1288	24.1481
FAM60A	NA	2722	3156	42.9211
FAM63A	NA	242	3099	3.88609
FAM63B	NA	95	4993	0.946851
FAM64A	NA	500	1544	16.1154
FAM65A	NA	969	4480	10.7638
FAM65B	NA	3	8035	0.0185804
FAM65C	NA	21	4902	0.213189
FAM66A	NA	9	775	0.57791
FAM66B	NA	30	1432	1.04255
FAM66C	NA	58	3266	0.883754
FAM66D	NA	16	1071	0.743447
FAM66E	NA	13	1434	0.451143
FAM69A	NA	321	3099	5.1547
FAM69B	NA	1077	2334	22.9633
FAM69C	NA	0	2042	0
FAM71A	NA	10	2332	0.213398
FAM71B	NA	0	2032	0
FAM71C	NA	0	1867	0
FAM71D	NA	0	1790	0
FAM71E1	NA	402	1276	15.6782
FAM71E2	NA	25	3183	0.390862
FAM71F1	NA	58	2426	1.18975
FAM71F2	NA	40	5834	0.341203
FAM72A	NA	323	1867	8.6095
FAM72B	NA	364	2374	7.63028
FAM72C	NA	360	2337	7.6659
FAM72D	NA	375	2393	7.79845
FAM73A	NA	119	6410	0.923865
FAM73B	NA	685	3587	9.5034
FAM74A1	NA	3	1869	0.0798788
FAM74A3	NA	3	1883	0.0792849
FAM74A4	NA	3	1944	0.0767971
FAM74A6	NA	1	775	0.0642123
FAM74A7	NA	1	1893	0.0262887
FAM76A	NA	190	3459	2.73352
FAM76B	NA	297	3951	3.74084
FAM78A	NA	72	3936	0.910326
FAM78B	NA	2	1481	0.0672039
FAM81A	NA	6	3468	0.0860977
FAM81B	NA	0	1563	0
FAM83A	NA	0	5250	0
FAM83A-AS1	NA	0	1158	0
FAM83B	NA	1	6244	0.00796997
FAM83C	NA	3	3166	0.0471552
FAM83C-AS1	NA	0	368	0
FAM83D	NA	804	2429	16.4721
FAM83E	NA	18	2011	0.445431
FAM83F	NA	1	2071	0.0240292
FAM83G	NA	434	2930	7.37126
FAM83H	NA	5167	5597	45.9412
FAM83H-AS1	NA	71	2737	1.29093
FAM84A	NA	0	6353	0
FAM84B	NA	15180	5481	137.826
FAM86B1	NA	435	2438	8.87923
FAM86B2	NA	83	1267	3.26003
FAM86B3P	NA	120	2552	2.34002
FAM86C1	NA	317	2192	7.19678
FAM86C2P	NA	174	1859	4.65789
FAM86DP	NA	611	2506	12.1333
FAM86EP	NA	222	2939	3.75901
FAM86FP	NA	253	2143	5.87514
FAM86HP	NA	235	2116	5.52678
FAM86JP	NA	125	2041	3.0478
FAM87A	NA	9	4013	0.111607
FAM87B	NA	14	1944	0.358386
FAM89A	NA	49	1498	1.62781
FAM89B	NA	489	1458	16.6906
FAM8A1	NA	921	4745	9.65924
FAM90A1	NA	140	2516	2.76909
FAM90A10P	NA	1	607	0.0819843
FAM90A25P	NA	49	1896	1.28611
FAM90A27P	NA	16	496	1.60531
FAM90A2P	NA	23	790	1.44884
FAM90A7P	NA	58	3688	0.78263
FAM91A1	NA	643	5324	6.01025
FAM92A1	NA	499	2164	11.4753
FAM92A1P2	NA	0	2455	0
FAM92B	NA	27	1904	0.705694
FAM95A	NA	5	2398	0.103762
FAM95B1	NA	81	1543	2.61239
FAM95C	NA	875	2667	16.3269
FAM96A	NA	1267	3676	17.1522
FAM96B	NA	1585	855	92.2535
FAM98A	NA	1694	2813	29.9684
FAM98B	NA	1156	4388	13.1102
FAM98C	NA	279	1275	10.8896
FAM99A	NA	0	1430	0
FAM99B	NA	0	1066	0
FAM9A	NA	0	1589	0
FAM9B	NA	0	2103	0
FAM9C	NA	1	1255	0.039653
FAN1	NA	882	5897	7.44315
FANCA	NA	985	6185	7.92531
FANCB	NA	92	3008	1.52205
FANCC	NA	371	5838	3.16249
FANCD2	NA	525	5947	4.3932
FANCD2OS	NA	21	1077	0.970338
FANCE	NA	219	2555	4.26553
FANCF	NA	275	3309	4.13576
FANCG	NA	641	2631	12.1243
FANCI	NA	1666	4749	17.4579
FANCL	NA	757	1732	21.7504
FANCM	NA	196	7151	1.36398
FANK1	NA	117	1296	4.49263
FANK1-AS1	NA	0	446	0
FAP	NA	0	2786	0
FAR1	NA	1397	5275	13.1793
FAR2	NA	10	4085	0.121823
FAR2P1	NA	7	4524	0.0770008
FAR2P2	NA	0	2855	0
FARP1	NA	1244	6135	10.0908
FARP2	NA	235	4623	2.52967
FARS2	NA	339	1841	9.16359
FARSA	NA	2237	1853	60.0773
FARSB	NA	2022	2676	37.6023
FAS	NA	268	2689	4.95979
FAS-AS1	NA	2	1552	0.0641295
FASLG	NA	0	1896	0
FASN	NA	9258	8458	54.4715
FASTK	NA	1086	1871	28.8852
FASTKD1	NA	689	3012	11.3837
FASTKD2	NA	1060	6943	7.59763
FASTKD3	NA	215	2558	4.18271
FASTKD5	NA	763	2863	13.2624
FAT1	NA	2961	14764	9.98054
FAT2	NA	21	14536	0.0718942
FAT3	NA	1	19047	0.00261272
FAT4	NA	5	16116	0.0154395
FATE1	NA	0	1069	0
FAU	NA	6896	575	596.828
FAXC	NA	99	9760	0.504783
FAXDC2	NA	187	2997	3.10509
FBF1	NA	261	3862	3.36316
FBL	NA	5146	1165	219.818
FBLIM1	NA	2144	3773	28.2786
FBLL1	NA	25	1058	1.17591
FBLN1	NA	3244	4857	33.2378
FBLN2	NA	5	4665	0.0533382
FBLN5	NA	118	2633	2.23024
FBLN7	NA	1	2299	0.0216461
FBN1	NA	5337	11695	22.71
FBN2	NA	1256	10724	5.82844
FBN3	NA	94	8967	0.521675
FBP1	NA	9	1796	0.249377
FBP2	NA	15	1350	0.552939
FBRS	NA	1511	4108	18.3043
FBRSL1	NA	1107	4547	12.1155
FBXL12	NA	754	1852	20.2605
FBXL13	NA	20	3411	0.291788
FBXL14	NA	177	2111	4.17258
FBXL15	NA	425	2362	8.95424
FBXL16	NA	1404	3543	19.7204
FBXL17	NA	246	5200	2.35424
FBXL18	NA	810	8229	4.89844
FBXL19	NA	1552	3896	19.824
FBXL19-AS1	NA	111	3951	1.39809
FBXL2	NA	705	3000	11.6947
FBXL20	NA	418	10381	2.00381
FBXL21	NA	0	1794	0
FBXL22	NA	6	1519	0.196568
FBXL3	NA	465	3549	6.52028
FBXL4	NA	171	5464	1.55742
FBXL5	NA	1034	3644	14.1209
FBXL6	NA	640	1799	17.7039
FBXL7	NA	0	4853	0
FBXL8	NA	162	1599	5.04181
FBXO10	NA	480	4575	5.22119
FBXO11	NA	1387	4149	16.6361
FBXO15	NA	16	1850	0.430396
FBXO16	NA	195	1346	7.20957
FBXO17	NA	622	2442	12.6755
FBXO18	NA	1102	4167	13.1607
FBXO2	NA	5986	1715	173.697
FBXO21	NA	927	4233	10.8981
FBXO22	NA	1855	4300	21.4682
FBXO22-AS1	NA	664	448	73.7581
FBXO24	NA	29	2475	0.583099
FBXO25	NA	372	2441	7.58394
FBXO27	NA	777	2360	16.3843
FBXO28	NA	1643	5451	14.9996
FBXO3	NA	313	2793	5.5769
FBXO3-AS1	NA	0	386	0
FBXO30	NA	444	4407	5.01371
FBXO31	NA	634	6107	5.16632
FBXO32	NA	121	6946	0.866902
FBXO33	NA	382	5149	3.69199
FBXO34	NA	621	3594	8.59871
FBXO36	NA	96	2815	1.69712
FBXO38	NA	464	4199	5.4991
FBXO39	NA	0	1667	0
FBXO4	NA	135	2286	2.93885
FBXO40	NA	0	5722	0
FBXO41	NA	550	6928	3.9507
FBXO42	NA	1085	6238	8.65574
FBXO43	NA	39	3349	0.579521
FBXO44	NA	1680	3527	23.7041
FBXO45	NA	724	5733	6.28458
FBXO46	NA	900	2990	14.9793
FBXO47	NA	0	2302	0
FBXO48	NA	18	2712	0.330295
FBXO5	NA	551	2465	11.1238
FBXO6	NA	55	1549	1.76698
FBXO7	NA	2414	2315	51.8927
FBXO8	NA	328	2563	6.36861
FBXO9	NA	569	4982	5.68366
FBXW10	NA	4	4088	0.0486932
FBXW11	NA	1188	4638	12.7469
FBXW12	NA	0	1674	0
FBXW2	NA	1647	9186	8.9225
FBXW4	NA	1317	2212	29.6292
FBXW4P1	NA	93	2233	2.07259
FBXW5	NA	2305	2380	48.1963
FBXW7	NA	727	5030	7.1926
FBXW8	NA	347	4855	3.5568
FBXW9	NA	457	1737	13.0929
FCAMR	NA	1	2783	0.0178816
FCAR	NA	0	2618	0
FCER1A	NA	0	1165	0
FCER1G	NA	7	591	0.589427
FCER2	NA	4	1722	0.115597
FCF1	NA	649	2405	13.4292
FCGBP	NA	89	16390	0.270228
FCGR1A	NA	1	2176	0.0228697
FCGR1B	NA	3	2871	0.0520005
FCGR1C	NA	0	1335	0
FCGR2A	NA	5	2429	0.102438
FCGR2B	NA	0	2161	0
FCGR2C	NA	3	2488	0.0600054
FCGR3A	NA	0	2401	0
FCGR3B	NA	0	2739	0
FCGRT	NA	630	2101	14.9222
FCHO1	NA	392	3326	5.86521
FCHO2	NA	278	4981	2.77746
FCHSD1	NA	742	4320	8.54751
FCHSD2	NA	489	4490	5.41979
FCMR	NA	2	3085	0.0322622
FCN1	NA	0	1283	0
FCN2	NA	0	1057	0
FCN3	NA	0	1032	0
FCRL1	NA	0	3160	0
FCRL2	NA	0	2589	0
FCRL3	NA	0	3019	0
FCRL4	NA	0	3459	0
FCRL5	NA	0	5390	0
FCRL6	NA	0	2046	0
FCRLA	NA	7	2363	0.147419
FCRLB	NA	25	1996	0.623303
FDCSP	NA	0	565	0
FDFT1	NA	3816	4387	43.2873
FDPS	NA	2018	1647	60.9743
FDPSP2	NA	65	4981	0.649406
FDX1	NA	546	3155	8.61218
FDX1L	NA	759	846	44.6469
FDXACB1	NA	23	3066	0.373315
FDXR	NA	1330	2455	26.96
FECH	NA	890	7278	6.08552
FEM1A	NA	951	3844	12.3117
FEM1B	NA	1220	7122	8.52467
FEM1C	NA	380	5813	3.25314
FEN1	NA	2312	2294	50.155
FENDRR	NA	0	5569	0
FER	NA	398	13238	1.49617
FER1L4	NA	278	6713	2.06086
FER1L5	NA	31	6467	0.238549
FER1L6	NA	0	6051	0
FER1L6-AS1	NA	0	2315	0
FER1L6-AS2	NA	0	1748	0
FERD3L	NA	0	640	0
FERMT1	NA	6	5151	0.0579668
FERMT2	NA	6054	3441	87.5543
FERMT3	NA	45	2552	0.877509
FES	NA	13	2806	0.230555
FETUB	NA	1	1631	0.0305116
FEV	NA	56	1879	1.48314
FEZ1	NA	22	3031	0.361207
FEZ2	NA	1385	2092	32.9464
FEZF1	NA	0	2190	0
FEZF1-AS1	NA	0	2653	0
FEZF2	NA	0	2086	0
FFAR1	NA	1	923	0.053916
FFAR2	NA	0	2053	0
FFAR3	NA	0	1672	0
FFAR4	NA	0	3653	0
FGA	NA	0	3916	0
FGB	NA	0	3628	0
FGD1	NA	1314	4275	15.296
FGD2	NA	0	3045	0
FGD3	NA	39	4157	0.466879
FGD4	NA	128	8990	0.708549
FGD5	NA	155	5897	1.30804
FGD5-AS1	NA	1764	4379	20.0467
FGD5P1	NA	2	3377	0.0294726
FGD6	NA	579	9288	3.10224
FGF1	NA	167	5055	1.64405
FGF10	NA	0	627	0
FGF10-AS1	NA	0	1894	0
FGF11	NA	1145	3411	16.7049
FGF12	NA	0	6433	0
FGF12-AS1	NA	0	578	0
FGF13	NA	1	3452	0.0144161
FGF13-AS1	NA	0	833	0
FGF14	NA	1	3024	0.0164565
FGF14-AS1	NA	0	355	0
FGF14-AS2	NA	27	1128	1.19117
FGF14-IT1	NA	0	2130	0
FGF16	NA	0	351	0
FGF17	NA	7	1386	0.251336
FGF18	NA	17	1982	0.42684
FGF19	NA	1	2137	0.0232871
FGF2	NA	4722	6774	34.6897
FGF20	NA	19	1016	0.930635
FGF21	NA	4	885	0.224924
FGF22	NA	1	643	0.0773942
FGF23	NA	1	3018	0.0164892
FGF3	NA	0	1548	0
FGF4	NA	0	1220	0
FGF5	NA	28	5693	0.244758
FGF6	NA	1	744	0.0668878
FGF7	NA	11	3936	0.139078
FGF8	NA	23	1110	1.03116
FGF9	NA	0	4530	0
FGFBP1	NA	0	1358	0
FGFBP2	NA	0	1171	0
FGFBP3	NA	567	2564	11.0049
FGFR1	NA	7867	6303	62.1128
FGFR1OP	NA	754	3736	10.0435
FGFR1OP2	NA	558	3148	8.82103
FGFR2	NA	3960	5573	35.3611
FGFR3	NA	716	4438	8.0287
FGFR4	NA	159	3208	2.46651
FGFRL1	NA	524	3237	8.05579
FGG	NA	2	1982	0.0502164
FGGY	NA	45	3172	0.705991
FGL1	NA	0	1556	0
FGL2	NA	0	4268	0
FGR	NA	0	2773	0
FH	NA	1952	1867	52.0302
FHAD1	NA	629	5090	6.14968
FHDC1	NA	143	6480	1.0982
FHIT	NA	146	1090	6.6657
FHL1	NA	2115	4137	25.4416
FHL2	NA	7076	2251	156.434
FHL3	NA	655	1657	19.6715
FHL5	NA	0	2135	0
FHOD1	NA	883	3854	11.4017
FHOD3	NA	26	5538	0.233636
FIBCD1	NA	9	3323	0.134782
FIBIN	NA	0	3005	0
FIBP	NA	1404	1450	48.1858
FICD	NA	23	1651	0.693267
FIG4	NA	323	3105	5.17679
FIGF	NA	0	2074	0
FIGLA	NA	0	722	0
FIGN	NA	447	4535	4.90512
FIGNL1	NA	241	3974	3.01793
FIGNL2	NA	602	4694	6.38224
FILIP1	NA	3	5452	0.0273833
FILIP1L	NA	1714	4474	19.0649
FIP1L1	NA	867	2485	17.3625
FIRRE	NA	38	2928	0.645851
FIS1	NA	1809	739	121.819
FITM1	NA	1	1003	0.0496156
FITM2	NA	50	958	2.59731
FIZ1	NA	538	2660	10.0651
FJX1	NA	1400	2687	25.9287
FKBP10	NA	5643	2883	97.4058
FKBP11	NA	147	1337	5.47149
FKBP14	NA	409	5173	3.9346
FKBP15	NA	960	4336	11.018
FKBP1A	NA	8084	1997	201.45
FKBP1A-SDCBP2	NA	217	1687	6.40124
FKBP1AP1	NA	160	1643	4.84621
FKBP1B	NA	646	996	32.277
FKBP2	NA	401	935	21.3428
FKBP3	NA	2641	1347	97.5709
FKBP4	NA	2757	3741	36.6749
FKBP5	NA	1005	10628	4.70581
FKBP6	NA	44	1720	1.27305
FKBP7	NA	57	2904	0.976782
FKBP8	NA	9131	1795	253.147
FKBP9	NA	1795	3732	23.9355
FKBP9P1	NA	649	3093	10.442
FKBPL	NA	234	5376	2.16609
FKRP	NA	671	3474	9.61197
FKSG29	NA	0	608	0
FKTN	NA	579	7456	3.86449
FLAD1	NA	837	3156	13.198
FLCN	NA	834	4052	10.2427
FLG	NA	12	12747	0.0468482
FLG-AS1	NA	4	4139	0.0480933
FLG2	NA	0	9122	0
FLI1	NA	1	4373	0.0113799
FLII	NA	6527	4467	72.7139
FLJ10038	NA	249	5942	2.08539
FLJ12825	NA	31	3942	0.391349
FLJ13224	NA	6	1630	0.183182
FLJ16171	NA	0	2143	0
FLJ16779	NA	158	7638	1.02943
FLJ20021	NA	12	793	0.753057
FLJ21408	NA	5	601	0.414014
FLJ22447	NA	1	1368	0.0363776
FLJ22763	NA	0	1933	0
FLJ23867	NA	97	2716	1.7773
FLJ25758	NA	2	1463	0.0680308
FLJ26245	NA	3	1598	0.0934252
FLJ26850	NA	1	1436	0.0346549
FLJ27354	NA	10	789	0.630729
FLJ30679	NA	10	1980	0.251336
FLJ31104	NA	14	2287	0.304636
FLJ31356	NA	5	2850	0.0873061
FLJ31662	NA	0	2755	0
FLJ32255	NA	8	2759	0.144297
FLJ33360	NA	1	2419	0.0205723
FLJ33534	NA	0	1635	0
FLJ33581	NA	0	2376	0
FLJ34503	NA	0	2006	0
FLJ35934	NA	5	1879	0.132423
FLJ36000	NA	0	3798	0
FLJ36777	NA	0	2140	0
FLJ37035	NA	14	2527	0.275704
FLJ37201	NA	33	3662	0.448451
FLJ37453	NA	77	2732	1.40259
FLJ37505	NA	0	2020	0
FLJ38122	NA	1	3215	0.0154788
FLJ38576	NA	3	2459	0.0607131
FLJ40194	NA	0	722	0
FLJ40288	NA	0	1998	0
FLJ41200	NA	0	2328	0
FLJ41278	NA	0	3166	0
FLJ41941	NA	0	2379	0
FLJ42102	NA	0	2162	0
FLJ42351	NA	3	514	0.290454
FLJ42393	NA	0	2266	0
FLJ42627	NA	464	7148	3.23038
FLJ42969	NA	0	1948	0
FLJ43315	NA	2	2521	0.03948
FLJ43879	NA	1	3489	0.0142633
FLJ44635	NA	573	2269	12.5672
FLJ45079	NA	0	4704	0
FLJ45513	NA	12	2100	0.284369
FLJ46066	NA	0	1806	0
FLJ46284	NA	0	3366	0
FLJ46906	NA	61	1001	3.0326
FLNA	NA	41384	8510	242.004
FLNB	NA	11341	9560	59.0355
FLNC	NA	13493	9138	73.4813
FLOT1	NA	2647	12835	10.2631
FLOT2	NA	3339	2632	63.1321
FLRT1	NA	39	3247	0.597726
FLRT2	NA	0	7179	0
FLRT3	NA	1	4024	0.0123669
FLT1	NA	12	12010	0.0497231
FLT3	NA	1	3974	0.0125225
FLT3LG	NA	20	1194	0.833576
FLT4	NA	285	6389	2.21989
FLVCR1	NA	522	5939	4.37398
FLVCR1-AS1	NA	71	942	3.75083
FLVCR2	NA	165	3817	2.1512
FLYWCH1	NA	2035	5060	20.014
FLYWCH2	NA	1184	1027	57.3721
FMN1	NA	7	16648	0.0209245
FMN2	NA	0	6441	0
FMNL1	NA	220	3961	2.764
FMNL2	NA	710	5575	6.33772
FMNL3	NA	767	11192	3.41042
FMO1	NA	56	2351	1.18537
FMO2	NA	2	5304	0.0187649
FMO3	NA	1	2087	0.023845
FMO4	NA	113	2303	2.44177
FMO5	NA	33	3176	0.517074
FMO6P	NA	0	2125	0
FMO9P	NA	0	1362	0
FMOD	NA	1	3257	0.0152792
FMR1	NA	790	4411	8.91271
FMR1-AS1	NA	0	2387	0
FMR1NB	NA	1	1021	0.0487409
FN1	NA	153	8993	0.846655
FN3K	NA	175	1433	6.07731
FN3KRP	NA	776	1954	19.7632
FNBP1	NA	1256	5425	11.5215
FNBP1L	NA	1120	5517	10.1026
FNBP4	NA	2047	4112	24.7733
FNDC1	NA	3	6551	0.0227894
FNDC3A	NA	1084	6699	8.05265
FNDC3B	NA	973	7085	6.83428
FNDC4	NA	545	1671	16.2308
FNDC5	NA	878	3195	13.6755
FNDC7	NA	0	3060	0
FNDC8	NA	17	1355	0.624352
FNDC9	NA	1	2126	0.0234076
FNIP1	NA	554	6614	4.16836
FNIP2	NA	332	5786	2.85548
FNTA	NA	1214	1695	35.6425
FNTB	NA	315	2819	5.56077
FOCAD	NA	611	6096	4.98788
FOCAD-AS1	NA	4	423	0.470586
FOLH1	NA	0	2732	0
FOLH1B	NA	0	1974	0
FOLR1	NA	86	1250	3.4238
FOLR2	NA	0	1131	0
FOLR3	NA	51	845	3.00354
FOPNL	NA	884	2410	18.2539
FOS	NA	2744	2158	63.2779
FOSB	NA	131	3776	1.72647
FOSL1	NA	1721	1753	48.8561
FOSL2	NA	1265	3991	15.7735
FOXA1	NA	0	3380	0
FOXA2	NA	0	2612	0
FOXA3	NA	62	1989	1.55123
FOXB1	NA	0	1459	0
FOXB2	NA	0	1299	0
FOXC1	NA	626	3449	9.03235
FOXC2	NA	716	1681	21.1965
FOXC2-AS1	NA	102	319	15.9122
FOXCUT	NA	25	1610	0.772741
FOXD1	NA	144	2268	3.15965
FOXD2	NA	92	4675	0.979323
FOXD2-AS1	NA	190	2507	3.77154
FOXD3	NA	0	2068	0
FOXD3-AS1	NA	1	1235	0.0402951
FOXD4	NA	28	2187	0.637131
FOXD4L1	NA	14	2067	0.33706
FOXD4L3	NA	27	2218	0.60579
FOXD4L4	NA	13	1251	0.517137
FOXD4L5	NA	23	3109	0.368152
FOXD4L6	NA	29	2725	0.529604
FOXE1	NA	27	3461	0.388223
FOXE3	NA	3	1981	0.0753627
FOXF1	NA	2	2562	0.0388482
FOXF2	NA	27	2187	0.614376
FOXG1	NA	0	3206	0
FOXG1-AS1	NA	0	905	0
FOXH1	NA	450	2183	10.2584
FOXI1	NA	5	2296	0.108372
FOXI2	NA	0	3178	0
FOXI3	NA	8	1262	0.315464
FOXJ1	NA	15	2640	0.282753
FOXJ2	NA	366	5482	3.32247
FOXJ3	NA	1248	5778	10.7487
FOXK1	NA	1084	11191	4.82037
FOXK2	NA	2097	5262	19.832
FOXL1	NA	69	3190	1.07641
FOXL2	NA	5	2917	0.0853008
FOXL2NB	NA	11	4075	0.134334
FOXM1	NA	2009	3649	27.3984
FOXN1	NA	0	2697	0
FOXN2	NA	199	5463	1.81276
FOXN3	NA	1087	8092	6.68487
FOXN3-AS1	NA	128	1077	5.91444
FOXN3-AS2	NA	1	1261	0.0394643
FOXN4	NA	25	3352	0.371155
FOXO1	NA	117	5738	1.01472
FOXO3	NA	1639	7534	10.8261
FOXO3B	NA	1078	7259	7.39029
FOXO4	NA	274	3348	4.07272
FOXO6	NA	85	2389	1.77061
FOXP1	NA	25	8704	0.142936
FOXP1-AS1	NA	0	712	0
FOXP2	NA	0	7079	0
FOXP3	NA	33	2382	0.689433
FOXP4	NA	1531	5949	12.8071
FOXP4-AS1	NA	5	815	0.305304
FOXQ1	NA	0	2319	0
FOXR1	NA	0	1153	0
FOXR2	NA	0	2789	0
FOXRED1	NA	792	2195	17.956
FOXRED2	NA	1206	5068	11.8421
FOXS1	NA	51	1318	1.92564
FPGS	NA	1265	2532	24.8626
FPGT	NA	232	4722	2.44502
FPGT-TNNI3K	NA	8	3619	0.110007
FPR1	NA	4	1371	0.145192
FPR2	NA	0	2042	0
FPR3	NA	1	2517	0.0197714
FRA10AC1	NA	845	3089	13.6131
FRAS1	NA	2	16545	0.00601565
FRAT1	NA	194	2651	3.64176
FRAT2	NA	587	2205	13.248
FREM1	NA	272	10225	1.32381
FREM2	NA	3	16162	0.00923731
FREM3	NA	0	6623	0
FRG1	NA	364	1043	17.3675
FRG1B	NA	190	946	9.99498
FRG2	NA	10	4170	0.119339
FRG2B	NA	2	890	0.11183
FRG2C	NA	13	4138	0.156341
FRG2DP	NA	0	1820	0
FRG2EP	NA	13	4150	0.155889
FRK	NA	10	2849	0.174674
FRMD1	NA	0	4133	0
FRMD3	NA	439	6027	3.62479
FRMD4A	NA	2699	6804	19.7405
FRMD4B	NA	818	6498	6.2646
FRMD5	NA	51	5790	0.43834
FRMD6	NA	22	5280	0.207352
FRMD6-AS1	NA	6	2227	0.134076
FRMD6-AS2	NA	0	917	0
FRMD7	NA	6	3209	0.0930467
FRMD8	NA	825	3751	10.9453
FRMD8P1	NA	11	1800	0.304116
FRMPD1	NA	6	4916	0.0607378
FRMPD2	NA	176	5212	1.68046
FRMPD2B	NA	65	3894	0.830686
FRMPD3	NA	33	7304	0.22484
FRMPD3-AS1	NA	0	457	0
FRMPD4	NA	1	8465	0.00587885
FRRS1	NA	30	2678	0.557481
FRRS1L	NA	0	1189	0
FRS2	NA	431	7201	2.97854
FRS3	NA	167	2179	3.81398
FRY	NA	107	10717	0.496856
FRY-AS1	NA	1	2370	0.0209977
FRYL	NA	762	11706	3.23941
FRZB	NA	11	2767	0.197835
FSBP	NA	176	5403	1.62105
FSCB	NA	0	3146	0
FSCN1	NA	3396	2796	60.4436
FSCN2	NA	45	1742	1.28554
FSCN3	NA	0	1891	0
FSD1	NA	667	1847	17.9713
FSD1L	NA	108	7897	0.680583
FSD2	NA	82	6533	0.624627
FSHB	NA	0	1936	0
FSHR	NA	0	2774	0
FSIP1	NA	19	2813	0.336127
FSIP2	NA	5	21054	0.0118183
FST	NA	5	2098	0.1186
FSTL1	NA	9202	3840	119.253
FSTL3	NA	502	2511	9.94894
FSTL4	NA	15	5382	0.138697
FSTL5	NA	0	4835	0
FTCD	NA	32	2110	0.754722
FTCDNL1	NA	0	952	0
FTH1	NA	61580	1229	2493.49
FTH1P18	NA	0	913	0
FTH1P3	NA	4455	954	232.391
FTHL17	NA	0	813	0
FTL	NA	43826	871	2503.99
FTLP10	NA	0	1501	0
FTMT	NA	0	874	0
FTO	NA	747	4292	8.66125
FTO-IT1	NA	14	870	0.800808
FTSJ1	NA	557	2197	12.6167
FTSJ2	NA	1003	1601	31.1766
FTSJ3	NA	2093	3559	29.2658
FTX	NA	1697	2356	35.8448
FUBP1	NA	2939	2758	53.0304
FUBP3	NA	974	3157	15.3534
FUCA1	NA	878	2117	20.6392
FUCA2	NA	2776	2548	54.2175
FUK	NA	248	3907	3.15884
FUNDC1	NA	529	1170	22.5004
FUNDC2	NA	567	2964	9.51973
FUNDC2P2	NA	13	1519	0.425898
FUOM	NA	521	975	26.5921
FURIN	NA	2522	4532	27.6933
FUS	NA	7827	5119	76.0904
FUT1	NA	43	4246	0.503974
FUT10	NA	210	3547	2.94631
FUT11	NA	116	2177	2.65167
FUT2	NA	25	3099	0.401456
FUT3	NA	6	2590	0.115285
FUT4	NA	0	6048	0
FUT5	NA	2	1988	0.0500649
FUT6	NA	1	3137	0.0158637
FUT7	NA	2	2414	0.0412299
FUT8	NA	559	5651	4.92273
FUT8-AS1	NA	32	2025	0.786402
FUT9	NA	2	12798	0.00777692
FUZ	NA	725	1745	20.6758
FXN	NA	366	7454	2.44349
FXR1	NA	2056	8909	11.4845
FXR2	NA	2047	2987	34.1038
FXYD1	NA	1	1061	0.0469034
FXYD2	NA	3	669	0.223159
FXYD3	NA	15	2326	0.320923
FXYD4	NA	0	771	0
FXYD5	NA	0	1636	0
FXYD6	NA	3	2417	0.0617681
FXYD6-FXYD2	NA	4	1234	0.161311
FXYD7	NA	1	713	0.0697959
FYB	NA	0	4933	0
FYCO1	NA	635	8518	3.70984
FYN	NA	71	3876	0.911579
FYTTD1	NA	1560	4409	17.6078
FZD1	NA	44	4350	0.503365
FZD10	NA	0	3282	0
FZD10-AS1	NA	0	3678	0
FZD2	NA	3793	3819	49.4257
FZD3	NA	462	13787	1.6676
FZD4	NA	641	7394	4.31418
FZD5	NA	3005	6564	22.7822
FZD6	NA	11	3933	0.139184
FZD7	NA	1568	3851	20.2625
FZD8	NA	9	3186	0.140578
FZD9	NA	0	2342	0
FZR1	NA	1268	3624	17.4121
G0S2	NA	0	963	0
G2E3	NA	477	5802	4.09129
G3BP1	NA	2854	2835	50.098
G3BP2	NA	3146	4551	34.401
G6PC	NA	2	4161	0.0239195
G6PC2	NA	0	3081	0
G6PC3	NA	1659	1831	45.0897
G6PD	NA	1640	2515	32.4508
GAA	NA	1505	3775	19.8399
GAB1	NA	176	7910	1.10728
GAB2	NA	908	6236	7.24602
GAB3	NA	11	4842	0.113054
GAB4	NA	0	2629	0
GABARAP	NA	2568	893	143.108
GABARAPL1	NA	4002	1867	106.672
GABARAPL2	NA	1389	1002	68.9849
GABARAPL3	NA	31	1885	0.818408
GABBR1	NA	1004	23554	2.12123
GABBR2	NA	11	5788	0.0945766
GABPA	NA	598	5251	5.66733
GABPB1	NA	708	3264	10.7945
GABPB1-AS1	NA	316	4133	3.80488
GABPB2	NA	82	1953	2.08945
GABRA1	NA	0	4917	0
GABRA2	NA	23	3258	0.351315
GABRA3	NA	0	2785	0
GABRA4	NA	0	11973	0
GABRA5	NA	1065	3157	16.7878
GABRA6	NA	0	2519	0
GABRB1	NA	0	2211	0
GABRB2	NA	0	7409	0
GABRB3	NA	573	7536	3.78384
GABRD	NA	2	1925	0.0517034
GABRE	NA	0	3152	0
GABRG1	NA	0	6768	0
GABRG2	NA	0	4077	0
GABRG3	NA	12	2550	0.234186
GABRG3-AS1	NA	0	850	0
GABRP	NA	1	3309	0.0150391
GABRQ	NA	0	2000	0
GABRR1	NA	41	3508	0.581626
GABRR2	NA	17	2081	0.406534
GABRR3	NA	0	1521	0
GACAT1	NA	0	811	0
GACAT2	NA	3	818	0.18251
GACAT3	NA	0	984	0
GAD1	NA	325	3669	4.40814
GAD2	NA	0	2948	0
GADD45A	NA	3078	1380	110.996
GADD45B	NA	377	1375	13.6445
GADD45G	NA	4	1065	0.186909
GADD45GIP1	NA	1743	763	113.682
GADL1	NA	0	3655	0
GAGE1	NA	0	3141	0
GAGE10	NA	0	561	0
GAGE12B	NA	0	1395	0
GAGE12C	NA	0	3384	0
GAGE12D	NA	0	3510	0
GAGE12E	NA	0	3384	0
GAGE12F	NA	0	2990	0
GAGE12G	NA	0	2820	0
GAGE12H	NA	0	2256	0
GAGE12I	NA	0	1506	0
GAGE12J	NA	0	571	0
GAGE13	NA	0	543	0
GAGE2A	NA	0	2168	0
GAGE2B	NA	0	509	0
GAGE2C	NA	0	2152	0
GAGE2D	NA	0	1683	0
GAGE2E	NA	0	2071	0
GAGE4	NA	0	526	0
GAGE5	NA	0	522	0
GAGE6	NA	0	1050	0
GAGE7	NA	0	497	0
GAGE8	NA	0	2071	0
GAK	NA	2553	4535	28.0152
GAL	NA	0	778	0
GAL3ST1	NA	7	1791	0.194501
GAL3ST2	NA	0	1449	0
GAL3ST3	NA	9	3320	0.134904
GAL3ST4	NA	30	2540	0.58777
GALC	NA	202	4166	2.41297
GALE	NA	839	1858	22.4717
GALK1	NA	813	1361	29.7271
GALK2	NA	229	3718	3.06511
GALM	NA	652	2483	13.0674
GALNS	NA	489	2363	10.2983
GALNT1	NA	4561	3838	59.1391
GALNT10	NA	3543	5955	29.608
GALNT11	NA	1232	2746	22.327
GALNT12	NA	44	2735	0.800599
GALNT13	NA	261	5847	2.2214
GALNT14	NA	0	3417	0
GALNT15	NA	3	4641	0.0321684
GALNT16	NA	85	4309	0.981662
GALNT18	NA	2	2515	0.0395742
GALNT2	NA	2189	5206	20.9248
GALNT3	NA	7	3267	0.106627
GALNT4	NA	396	5394	3.65346
GALNT5	NA	0	3131	0
GALNT6	NA	371	4520	4.08465
GALNT7	NA	1160	4307	13.403
GALNT8	NA	1	2135	0.0233089
GALNT9	NA	13	2920	0.221554
GALNTL5	NA	0	1984	0
GALNTL6	NA	0	2849	0
GALP	NA	0	938	0
GALR1	NA	0	2785	0
GALR2	NA	12	1357	0.440069
GALR3	NA	4	1157	0.172047
GALT	NA	339	1405	12.0072
GAMT	NA	1793	2243	39.7805
GAN	NA	128	4544	1.40182
GANAB	NA	9805	4017	121.469
GANC	NA	168	6758	1.23712
GAP43	NA	13	2104	0.30748
GAPDH	NA	44780	1892	1177.83
GAPDHS	NA	89	1492	2.96853
GAPLINC	NA	7	501	0.695312
GAPT	NA	5	2538	0.0980388
GAPVD1	NA	1004	7147	6.99084
GAR1	NA	450	1267	17.6748
GAREM	NA	7	7037	0.0495028
GAREML	NA	324	5939	2.71488
GARNL3	NA	71	4076	0.86685
GARS	NA	3936	2749	71.2525
GART	NA	2469	4427	27.7544
GAS1	NA	0	2828	0
GAS2	NA	0	2538	0
GAS2L1	NA	486	2576	9.3888
GAS2L1P2	NA	4	2262	0.0880009
GAS2L2	NA	4	3014	0.0660445
GAS2L3	NA	197	6371	1.53879
GAS5	NA	1864	632	146.774
GAS5-AS1	NA	306	694	21.9423
GAS6	NA	646	2535	12.6816
GAS6-AS1	NA	171	895	9.50808
GAS6-AS2	NA	4	1942	0.102502
GAS7	NA	2549	8876	14.2913
GAS8	NA	598	3448	8.63085
GAS8-AS1	NA	12	994	0.600779
GAST	NA	4	470	0.423528
GATA1	NA	2	1479	0.0672948
GATA2	NA	4289	3764	56.7056
GATA2-AS1	NA	859	2358	18.1288
GATA3	NA	18	3070	0.291779
GATA3-AS1	NA	8	2371	0.167911
GATA4	NA	1	3883	0.012816
GATA5	NA	5	2595	0.0958853
GATA6	NA	65	3776	0.856645
GATA6-AS1	NA	10	1788	0.278325
GATAD1	NA	792	4597	8.57374
GATAD2A	NA	3048	5675	26.7281
GATAD2B	NA	812	7476	5.40513
GATB	NA	879	2232	19.5981
GATC	NA	3958	4346	45.3216
GATM	NA	853	2586	16.415
GATS	NA	628	6008	5.20175
GATSL2	NA	703	7991	4.37798
GATSL3	NA	334	1622	10.2474
GBA	NA	1814	2681	33.6713
GBA2	NA	1249	3611	17.2129
GBA3	NA	1	2223	0.0223862
GBAP1	NA	919	2036	22.4625
GBAS	NA	1368	2004	33.971
GBAT2	NA	59	439	6.68817
GBE1	NA	774	3099	12.4291
GBF1	NA	1898	6440	14.6666
GBGT1	NA	4	2059	0.096677
GBP1	NA	3	3050	0.0489487
GBP1P1	NA	0	1234	0
GBP2	NA	8	4132	0.0963495
GBP3	NA	51	3040	0.834865
GBP4	NA	1	6145	0.00809837
GBP5	NA	4	4051	0.049138
GBP6	NA	0	4867	0
GBP7	NA	0	2454	0
GBX1	NA	7	1092	0.319003
GBX2	NA	488	1800	13.4917
GC	NA	0	2266	0
GCA	NA	5	3225	0.0771543
GCAT	NA	285	1830	7.75021
GCC1	NA	744	4132	8.9605
GCC2	NA	1357	6977	9.67901
GCDH	NA	487	2309	10.496
GCFC2	NA	406	4999	4.04169
GCG	NA	0	1294	0
GCGR	NA	6	2053	0.145439
GCH1	NA	380	2925	6.46513
GCHFR	NA	1606	713	112.092
GCK	NA	2	3073	0.0323882
GCKR	NA	0	2188	0
GCLC	NA	625	3812	8.15918
GCLM	NA	516	5050	5.08485
GCM1	NA	3	2764	0.0540136
GCM2	NA	0	2365	0
GCN1L1	NA	4748	8668	27.2591
GCNT1	NA	121	6719	0.89619
GCNT2	NA	831	7303	5.66264
GCNT3	NA	5	2222	0.111981
GCNT4	NA	240	3436	3.47598
GCNT7	NA	2	2064	0.0482214
GCOM1	NA	734	6788	5.38113
GCSAM	NA	6	3342	0.0893438
GCSAML	NA	0	4427	0
GCSAML-AS1	NA	0	1913	0
GCSH	NA	1784	1538	57.7242
GCSHP3	NA	43	1000	2.13987
GDA	NA	0	5736	0
GDAP1	NA	219	3889	2.80237
GDAP1L1	NA	22	2959	0.369996
GDAP2	NA	353	10174	1.72664
GDE1	NA	1861	2937	31.5328
GDF1	NA	573	2564	11.1213
GDF10	NA	0	2647	0
GDF11	NA	763	4260	8.91322
GDF15	NA	7932	1200	328.943
GDF2	NA	0	1955	0
GDF3	NA	0	1224	0
GDF5	NA	20	2330	0.427163
GDF6	NA	1	3701	0.0134462
GDF7	NA	0	1994	0
GDF9	NA	28	2450	0.568737
GDI1	NA	2494	2481	50.0253
GDI2	NA	6321	2412	130.415
GDNF	NA	28	4181	0.333271
GDNF-AS1	NA	31	4635	0.332837
GDPD1	NA	42	3469	0.60251
GDPD2	NA	3	2439	0.0612109
GDPD3	NA	36	1098	1.63162
GDPD4	NA	1	2533	0.0196465
GDPD5	NA	1019	3174	15.9767
GDPGP1	NA	34	1351	1.2524
GEM	NA	285	2183	6.49697
GEMIN2	NA	217	1359	7.94621
GEMIN4	NA	1112	3741	14.7923
GEMIN5	NA	909	5404	8.37082
GEMIN6	NA	272	692	19.5606
GEMIN7	NA	835	1659	25.0472
GEMIN8	NA	146	3259	2.2294
GEMIN8P4	NA	48	1702	1.40346
GEN1	NA	587	6425	4.54658
GET4	NA	1579	2088	37.6332
GFAP	NA	0	4034	0
GFER	NA	733	2409	15.1421
GFI1	NA	59	2910	1.00897
GFI1B	NA	1	2465	0.0201884
GFM1	NA	1049	3800	13.7376
GFM2	NA	1666	3819	21.7093
GFOD1	NA	24	5153	0.231777
GFOD2	NA	560	6816	4.08863
GFPT1	NA	1683	8703	9.62354
GFPT2	NA	105	3011	1.73539
GFRA1	NA	4	9595	0.020746
GFRA2	NA	2	3330	0.0298886
GFRA3	NA	2	1931	0.0515427
GFRA4	NA	0	1517	0
GFRAL	NA	0	1911	0
GFY	NA	524	1557	16.748
GGA1	NA	1145	3636	15.6712
GGA2	NA	2621	5973	21.8371
GGA3	NA	1026	4200	12.1568
GGACT	NA	296	2903	5.07416
GGCT	NA	1071	1326	40.1944
GGCX	NA	1958	7462	13.058
GGH	NA	20	1492	0.667084
GGN	NA	31	2154	0.716202
GGNBP1	NA	0	999	0
GGNBP2	NA	1518	2845	26.5527
GGPS1	NA	1007	2969	16.8787
GGT1	NA	1906	2976	31.872
GGT3P	NA	441	2036	10.779
GGT5	NA	5	2589	0.0961076
GGT6	NA	6	2663	0.112124
GGT7	NA	1176	2640	22.1678
GGT8P	NA	58	2484	1.16197
GGTA1P	NA	62	1755	1.75806
GGTLC1	NA	114	1145	4.95472
GGTLC2	NA	597	978	30.3777
GH1	NA	1	846	0.0588233
GH2	NA	1	1157	0.0430117
GHDC	NA	25	2535	0.490774
GHET1	NA	12	1898	0.314633
GHITM	NA	4982	2449	101.236
GHR	NA	15	6143	0.121515
GHRH	NA	0	460	0
GHRHR	NA	0	1607	0
GHRL	NA	8	1350	0.294901
GHRLOS	NA	69	2135	1.60831
GHSR	NA	0	3089	0
GID4	NA	326	4232	3.83347
GID8	NA	1532	4427	17.2214
GIF	NA	3	1513	0.0986738
GIGYF1	NA	2058	6329	16.1819
GIGYF2	NA	1412	9139	7.68875
GIMAP1	NA	1	4416	0.0112691
GIMAP1-GIMAP5	NA	6	2262	0.132001
GIMAP2	NA	0	1442	0
GIMAP4	NA	0	1965	0
GIMAP5	NA	6	1877	0.159077
GIMAP6	NA	2	3912	0.025442
GIMAP7	NA	0	1229	0
GIMAP8	NA	4	4187	0.0475419
GIMD1	NA	0	654	0
GIN1	NA	80	3549	1.12177
GINM1	NA	267	1109	11.9812
GINS1	NA	870	3289	13.1636
GINS2	NA	865	1180	36.4799
GINS3	NA	323	2391	6.72268
GINS4	NA	718	3841	9.3025
GIP	NA	7	711	0.489946
GIPC1	NA	5107	1946	130.6
GIPC2	NA	4	3977	0.0500523
GIPC3	NA	0	4317	0
GIPR	NA	198	3289	2.99586
GIT1	NA	2204	3760	29.1705
GIT2	NA	818	6412	6.34862
GJA1	NA	19114	3169	300.157
GJA10	NA	0	1632	0
GJA3	NA	127	5205	1.21423
GJA4	NA	0	1622	0
GJA5	NA	208	3267	3.16835
GJA8	NA	2	1366	0.0728616
GJA9	NA	20	2322	0.428635
GJA9-MYCBP	NA	930	5271	8.7803
GJB1	NA	0	1733	0
GJB2	NA	97	2332	2.06996
GJB3	NA	6	2352	0.12695
GJB4	NA	20	2840	0.350454
GJB5	NA	77	1355	2.82795
GJB6	NA	0	2508	0
GJB7	NA	0	2280	0
GJC1	NA	2480	7818	15.7861
GJC2	NA	10	2381	0.209007
GJC3	NA	1	1116	0.0445918
GJD2	NA	90	1096	4.0865
GJD3	NA	283	4041	3.48512
GJD4	NA	1	1580	0.0314965
GK	NA	47	4577	0.511018
GK2	NA	0	1866	0
GK3P	NA	8	2232	0.178367
GK5	NA	269	10920	1.22588
GKAP1	NA	170	1873	4.5168
GKN1	NA	3	820	0.182065
GKN2	NA	73	800	4.54101
GLA	NA	887	1418	31.1291
GLB1	NA	2174	2692	40.1887
GLB1L	NA	149	2710	2.73613
GLB1L2	NA	323	3155	5.09475
GLB1L3	NA	0	2944	0
GLCCI1	NA	2496	4793	25.9153
GLCE	NA	326	5043	3.21698
GLDC	NA	1463	3809	19.1141
GLDN	NA	0	5083	0
GLE1	NA	801	3521	11.321
GLG1	NA	4593	9438	24.2179
GLI1	NA	140	3618	1.92566
GLI2	NA	259	6769	1.90412
GLI3	NA	10	8214	0.060585
GLI4	NA	402	1343	14.896
GLIDR	NA	467	3143	7.39422
GLIPR1	NA	916	3907	11.6673
GLIPR1L1	NA	2	1032	0.0964428
GLIPR1L2	NA	7	3499	0.0995574
GLIPR2	NA	567	2853	9.8901
GLIS1	NA	6	2816	0.106032
GLIS2	NA	543	3705	7.29342
GLIS2-AS1	NA	0	359	0
GLIS3	NA	1227	7767	7.8616
GLIS3-AS1	NA	52	730	3.54487
GLMN	NA	515	2032	12.6126
GLMP	NA	57	1851	1.53246
GLO1	NA	7390	2046	179.746
GLOD4	NA	1985	1837	53.7738
GLOD5	NA	0	737	0
GLP1R	NA	0	3123	0
GLP2R	NA	10	4573	0.108822
GLRA1	NA	0	1821	0
GLRA2	NA	0	3720	0
GLRA3	NA	0	3674	0
GLRA4	NA	0	2158	0
GLRB	NA	67	3214	1.03741
GLRX	NA	36	1658	1.08053
GLRX2	NA	259	1349	9.55449
GLRX3	NA	2480	1600	77.135
GLRX5	NA	1653	1171	70.2483
GLS	NA	1842	7406	12.3773
GLS2	NA	137	2721	2.5056
GLT1D1	NA	6	2721	0.109734
GLT6D1	NA	0	1526	0
GLT8D1	NA	1050	2574	20.3002
GLT8D2	NA	216	1877	5.72676
GLTP	NA	882	2356	18.63
GLTPD2	NA	17	1222	0.692305
GLTSCR1	NA	637	5739	5.52361
GLTSCR1L	NA	171	6515	1.30617
GLTSCR2	NA	2315	1522	75.693
GLUD1	NA	2390	3476	34.2167
GLUD1P3	NA	54	4069	0.660428
GLUD1P7	NA	1	486	0.102396
GLUD2	NA	556	2335	11.8497
GLUL	NA	6751	8561	39.2431
GLYAT	NA	0	2476	0
GLYATL1	NA	0	2442	0
GLYATL2	NA	0	1378	0
GLYATL3	NA	0	2130	0
GLYCAM1	NA	0	781	0
GLYCTK	NA	182	3800	2.38346
GLYCTK-AS1	NA	6	1154	0.258741
GLYR1	NA	2917	3732	38.8968
GM140	NA	0	259	0
GM2A	NA	2503	3688	33.7745
GMCL1	NA	230	2346	4.87887
GMCL1P1	NA	29	2923	0.493729
GMDS	NA	894	1760	25.2781
GMDS-AS1	NA	26	1588	0.814784
GMEB1	NA	173	2694	3.19572
GMEB2	NA	675	4210	7.97887
GMFB	NA	2174	4125	26.2274
GMFG	NA	7	659	0.528606
GMIP	NA	392	3541	5.50909
GML	NA	0	723	0
GMNC	NA	1	3624	0.0137319
GMNN	NA	716	1357	26.2575
GMPPA	NA	565	1871	15.0278
GMPPB	NA	278	1688	8.19581
GMPR	NA	17	1515	0.558413
GMPR2	NA	1108	2665	20.6901
GMPS	NA	1538	2456	31.1636
GNA11	NA	1876	4145	22.5231
GNA12	NA	1423	5394	13.1285
GNA13	NA	2080	6493	15.9418
GNA14	NA	2	2491	0.0399554
GNA14-AS1	NA	0	703	0
GNA15	NA	82	2294	1.77885
GNAI1	NA	27	3636	0.369538
GNAI2	NA	3680	3293	55.6129
GNAI3	NA	2750	4732	28.9206
GNAL	NA	165	7305	1.12404
GNAO1	NA	3	7923	0.018843
GNAQ	NA	1300	6343	10.1993
GNAS	NA	15997	5639	141.174
GNAS-AS1	NA	0	1157	0
GNAT1	NA	6	3599	0.0829639
GNAT2	NA	5	1365	0.182288
GNAT3	NA	0	1065	0
GNAZ	NA	238	3208	3.692
GNB1	NA	8959	3194	139.587
GNB1L	NA	128	1519	4.19345
GNB2	NA	3977	1664	118.938
GNB2L1	NA	25181	1109	1129.95
GNB3	NA	95	1730	2.73273
GNB4	NA	1463	6428	11.3263
GNB5	NA	673	3170	10.5651
GNE	NA	463	5476	4.20763
GNG10	NA	2153	1255	85.3729
GNG11	NA	55	954	2.86902
GNG12	NA	1289	4409	14.549
GNG12-AS1	NA	19	2247	0.420795
GNG13	NA	37	984	1.87123
GNG2	NA	0	3886	0
GNG3	NA	12	951	0.627943
GNG4	NA	204	5312	1.91114
GNG5	NA	2699	806	166.643
GNG7	NA	343	4246	4.02007
GNG8	NA	1	213	0.233636
GNGT1	NA	0	628	0
GNGT2	NA	221	1190	9.24198
GNL1	NA	2420	55373	2.17489
GNL2	NA	2145	2402	44.44
GNL3	NA	1524	2139	35.4563
GNL3L	NA	491	8690	2.81178
GNLY	NA	1	1087	0.0457815
GNMT	NA	10	1068	0.46596
GNPAT	NA	650	2680	12.0697
GNPDA1	NA	4826	2297	104.555
GNPDA2	NA	196	2377	4.10342
GNPNAT1	NA	4039	3928	51.1708
GNPTAB	NA	1360	5630	12.0213
GNPTG	NA	520	1245	20.7852
GNRH1	NA	57	2150	1.31934
GNRH2	NA	2	423	0.235293
GNRHR	NA	4	5837	0.0341028
GNRHR2	NA	256	1961	6.49654
GNS	NA	5617	5128	54.51
GOLGA1	NA	409	4882	4.16913
GOLGA2	NA	1134	4260	13.2472
GOLGA2P10	NA	3408	6866	24.701
GOLGA2P2Y	NA	3	1062	0.140578
GOLGA2P3Y	NA	3	1062	0.140578
GOLGA2P5	NA	91	4487	1.00926
GOLGA2P6	NA	5	2884	0.0862769
GOLGA2P7	NA	1751	3356	25.9647
GOLGA2P9	NA	0	2033	0
GOLGA3	NA	1577	9586	8.18679
GOLGA4	NA	2370	7952	14.8317
GOLGA5	NA	713	2967	11.9589
GOLGA6A	NA	1	3176	0.0156689
GOLGA6B	NA	1	3178	0.0156591
GOLGA6C	NA	6	5379	0.0555098
GOLGA6D	NA	0	3449	0
GOLGA6L1	NA	0	3822	0
GOLGA6L10	NA	357	4449	3.99324
GOLGA6L17P	NA	78	1846	2.10273
GOLGA6L2	NA	0	3151	0
GOLGA6L22	NA	0	3764	0
GOLGA6L4	NA	450	4563	4.90774
GOLGA6L5P	NA	547	5471	4.97554
GOLGA6L6	NA	0	4009	0
GOLGA6L7P	NA	1	1156	0.0430489
GOLGA6L9	NA	1053	9092	5.76353
GOLGA7	NA	1212	2088	28.8863
GOLGA7B	NA	6	6448	0.0463069
GOLGA8A	NA	5205	6557	39.5035
GOLGA8B	NA	4018	6550	30.5273
GOLGA8CP	NA	3	5282	0.0282646
GOLGA8DP	NA	0	5339	0
GOLGA8EP	NA	1	5269	0.00944477
GOLGA8F	NA	0	4511	0
GOLGA8G	NA	0	5282	0
GOLGA8H	NA	40	5260	0.378437
GOLGA8IP	NA	11	1899	0.288262
GOLGA8J	NA	30	5199	0.287158
GOLGA8K	NA	34	5188	0.326136
GOLGA8M	NA	30	5256	0.284044
GOLGA8N	NA	60	5329	0.560306
GOLGA8O	NA	38	5189	0.364435
GOLGA8R	NA	37	5172	0.35601
GOLGA8S	NA	17	5454	0.155115
GOLGA8T	NA	13	3471	0.186384
GOLGB1	NA	3637	11257	16.0783
GOLIM4	NA	1148	4327	13.2031
GOLM1	NA	2318	3263	35.3522
GOLPH3	NA	1669	2676	31.0377
GOLPH3L	NA	471	3171	7.3917
GOLT1A	NA	1	883	0.0563584
GOLT1B	NA	856	3272	13.0191
GON4L	NA	1883	8462	11.0738
GOPC	NA	961	4627	10.3358
GORAB	NA	268	3530	3.77815
GORASP1	NA	938	3782	12.3424
GORASP2	NA	1776	3265	27.0694
GOSR1	NA	931	5237	8.84681
GOSR2	NA	1244	4989	12.4087
GOT1	NA	1657	2127	38.7681
GOT1L1	NA	0	1377	0
GOT2	NA	4283	2462	86.5724
GP1BA	NA	15	2523	0.295865
GP1BB	NA	75	958	3.89597
GP2	NA	0	3453	0
GP5	NA	2	3493	0.0284938
GP6	NA	8	2266	0.175691
GP9	NA	0	894	0
GPA33	NA	14	2802	0.248645
GPAA1	NA	1462	2067	35.1987
GPALPP1	NA	196	1392	7.00707
GPAM	NA	553	6387	4.30872
GPANK1	NA	747	24490	1.51793
GPAT2	NA	146	2824	2.57281
GPATCH1	NA	222	3362	3.28606
GPATCH11	NA	240	3906	3.05773
GPATCH2	NA	397	7879	2.50749
GPATCH2L	NA	539	12673	2.11655
GPATCH3	NA	292	2129	6.82538
GPATCH4	NA	1517	2155	35.0314
GPATCH8	NA	1215	7479	8.08448
GPBAR1	NA	8	2003	0.19876
GPBP1	NA	1767	4644	18.9349
GPBP1L1	NA	2042	3738	27.1854
GPC1	NA	2396	3686	32.3483
GPC2	NA	150	2591	2.881
GPC3	NA	26570	2385	554.399
GPC4	NA	3378	3714	45.2624
GPC5	NA	5	2942	0.084576
GPC5-AS1	NA	0	591	0
GPC5-AS2	NA	0	415	0
GPC6	NA	382	7102	2.67672
GPC6-AS1	NA	0	698	0
GPC6-AS2	NA	0	651	0
GPCPD1	NA	488	5459	4.44863
GPD1	NA	4	3083	0.0645663
GPD1L	NA	1233	4062	15.1058
GPD2	NA	330	6155	2.66812
GPER1	NA	110	3082	1.77615
GPHA2	NA	10	747	0.666191
GPHB5	NA	0	542	0
GPHN	NA	355	4302	4.10655
GPI	NA	2825	4474	31.4226
GPIHBP1	NA	1	2281	0.021817
GPKOW	NA	671	1746	19.1248
GPLD1	NA	85	5832	0.725306
GPM6A	NA	0	4416	0
GPM6B	NA	1908	4073	23.3122
GPN1	NA	963	1969	24.3389
GPN2	NA	564	1510	18.5875
GPN3	NA	419	1764	11.8205
GPNMB	NA	984	2766	17.7036
GPR1	NA	27	2648	0.507417
GPR1-AS	NA	0	3708	0
GPR101	NA	0	1527	0
GPR107	NA	2065	8341	12.3203
GPR108	NA	999	2076	23.9474
GPR119	NA	2	1193	0.0834275
GPR12	NA	0	4848	0
GPR132	NA	9	3870	0.115731
GPR135	NA	13	1820	0.355461
GPR137	NA	756	2667	14.1065
GPR137B	NA	212	2042	5.16654
GPR137C	NA	387	3888	4.95341
GPR139	NA	0	1238	0
GPR141	NA	0	918	0
GPR142	NA	0	1389	0
GPR143	NA	17	1696	0.498819
GPR146	NA	44	2218	0.987213
GPR148	NA	0	1267	0
GPR149	NA	14	2323	0.299915
GPR15	NA	0	1252	0
GPR150	NA	0	1305	0
GPR151	NA	0	1260	0
GPR152	NA	0	1429	0
GPR153	NA	221	4082	2.69426
GPR155	NA	53	7599	0.347088
GPR156	NA	13	4193	0.15429
GPR157	NA	27	1153	1.16534
GPR158	NA	0	6662	0
GPR158-AS1	NA	0	2433	0
GPR160	NA	98	2013	2.42271
GPR161	NA	380	9095	2.07922
GPR162	NA	253	2516	5.00414
GPR17	NA	12	2599	0.229771
GPR171	NA	0	1795	0
GPR173	NA	2	4251	0.0234131
GPR174	NA	0	1258	0
GPR176	NA	36	4778	0.374952
GPR179	NA	3	7980	0.0187085
GPR18	NA	2	1661	0.0599211
GPR180	NA	312	8875	1.74947
GPR182	NA	2	1570	0.0633943
GPR183	NA	1	1785	0.0278793
GPR19	NA	39	1743	1.11349
GPR20	NA	24	1526	0.782666
GPR21	NA	0	1595	0
GPR22	NA	3	2966	0.050335
GPR25	NA	0	1224	0
GPR26	NA	0	10304	0
GPR27	NA	2	1128	0.0882349
GPR3	NA	337	2114	7.93313
GPR31	NA	0	960	0
GPR32	NA	0	1269	0
GPR33	NA	0	1077	0
GPR34	NA	0	1928	0
GPR35	NA	41	2596	0.785957
GPR37	NA	2	3815	0.0260889
GPR37L1	NA	11	2459	0.222615
GPR39	NA	3	2821	0.0529222
GPR4	NA	7	3047	0.114326
GPR45	NA	0	1725	0
GPR50	NA	0	2020	0
GPR52	NA	0	1472	0
GPR55	NA	1	3828	0.0130001
GPR6	NA	0	1947	0
GPR61	NA	19	2823	0.334936
GPR62	NA	73	2191	1.65806
GPR63	NA	2	6088	0.0163484
GPR65	NA	0	4522	0
GPR68	NA	59	3026	0.970293
GPR75	NA	8	2159	0.184398
GPR75-ASB3	NA	510	1966	12.9094
GPR78	NA	0	4498	0
GPR82	NA	2	3349	0.029719
GPR83	NA	3	4282	0.0348654
GPR84	NA	1	1509	0.0329785
GPR85	NA	1	5314	0.00936479
GPR87	NA	123	1519	4.02965
GPR88	NA	0	3465	0
GPR89A	NA	862	2032	21.1107
GPR89B	NA	512	2116	12.0413
GPRASP1	NA	78	6017	0.645111
GPRASP2	NA	440	3975	5.50852
GPRC5A	NA	1925	2851	33.6011
GPRC5B	NA	312	3359	4.62236
GPRC5C	NA	214	2434	4.37535
GPRC5D	NA	1	1038	0.0479427
GPRC6A	NA	0	2882	0
GPRIN1	NA	221	4208	2.61358
GPRIN2	NA	0	1823	0
GPRIN3	NA	9	6352	0.0705101
GPS1	NA	1876	2359	39.5753
GPS2	NA	1158	1157	49.8075
GPSM1	NA	1042	4793	10.8188
GPSM2	NA	243	3033	3.98707
GPSM3	NA	114	12887	0.440223
GPT	NA	8	1886	0.21109
GPT2	NA	1225	4311	14.1409
GPX1	NA	4	1183	0.168265
GPX2	NA	2	1499	0.0663969
GPX3	NA	585	1761	16.5316
GPX4	NA	4739	1231	191.579
GPX5	NA	0	2904	0
GPX6	NA	0	1712	0
GPX7	NA	0	1229	0
GPX8	NA	1164	3788	15.2919
GRAMD1A	NA	907	2640	17.0971
GRAMD1B	NA	812	8193	4.93211
GRAMD1C	NA	207	4104	2.51005
GRAMD2	NA	3	3292	0.0453504
GRAMD3	NA	14	3516	0.198152
GRAMD4	NA	616	4316	7.10262
GRAP	NA	19	2033	0.465089
GRAP2	NA	6	4053	0.0736706
GRAPL	NA	1	967	0.0514628
GRASP	NA	134	2090	3.19064
GRB10	NA	2	5276	0.0188645
GRB14	NA	60	3030	0.985436
GRB2	NA	3199	3304	48.183
GRB7	NA	48	2701	0.884375
GREB1	NA	558	10329	2.68841
GREB1L	NA	170	6052	1.39788
GREM1	NA	0	4138	0
GREM2	NA	0	4183	0
GRHL1	NA	67	3605	0.924888
GRHL2	NA	0	5229	0
GRHL3	NA	362	3422	5.26439
GRHPR	NA	1601	1235	64.5125
GRIA1	NA	1	6077	0.00818899
GRIA2	NA	2	5869	0.0169584
GRIA3	NA	0	5726	0
GRIA4	NA	1	7629	0.00652307
GRID1	NA	35	5849	0.297787
GRID1-AS1	NA	0	2102	0
GRID2	NA	0	5339	0
GRID2IP	NA	11	4632	0.11818
GRIFIN	NA	0	446	0
GRIK1	NA	5	3684	0.0675414
GRIK1-AS1	NA	0	1093	0
GRIK1-AS2	NA	3	1073	0.139137
GRIK2	NA	1	4811	0.0103439
GRIK3	NA	1	9219	0.00539804
GRIK4	NA	30	6302	0.236899
GRIK5	NA	86	4301	0.995058
GRIN1	NA	6	4445	0.0671737
GRIN2A	NA	1	14788	0.00336519
GRIN2B	NA	13	5941	0.108894
GRIN2C	NA	137	4909	1.38882
GRIN2D	NA	703	5093	6.86912
GRIN3A	NA	2	7771	0.0128077
GRIN3B	NA	374	3254	5.71971
GRINA	NA	3847	1968	97.2785
GRIP1	NA	9	5060	0.0885139
GRIP2	NA	517	7720	3.33267
GRIPAP1	NA	1386	3035	22.7261
GRK1	NA	2	2098	0.0474399
GRK4	NA	62	2314	1.33336
GRK5	NA	169	2558	3.2878
GRK6	NA	886	3061	14.4042
GRK7	NA	2	1746	0.057004
GRM1	NA	0	6839	0
GRM2	NA	4	3355	0.0593317
GRM3	NA	5	4260	0.058409
GRM4	NA	99	8394	0.586929
GRM5	NA	0	8053	0
GRM5-AS1	NA	0	4821	0
GRM6	NA	0	6141	0
GRM7	NA	0	4239	0
GRM7-AS1	NA	0	430	0
GRM7-AS2	NA	0	510	0
GRM7-AS3	NA	0	798	0
GRM8	NA	2	3931	0.025319
GRN	NA	8006	2346	169.827
GRP	NA	0	847	0
GRPEL1	NA	1106	1504	36.5954
GRPEL2	NA	654	4105	7.92838
GRPR	NA	10	2681	0.185619
GRSF1	NA	3232	6874	23.3981
GRTP1	NA	350	2250	7.74114
GRTP1-AS1	NA	28	1563	0.891494
GRWD1	NA	1394	2456	28.2458
GRXCR1	NA	0	992	0
GRXCR2	NA	0	747	0
GS1-124K5.11	NA	870	3566	12.1411
GS1-24F4.2	NA	12	1106	0.53994
GS1-259H13.2	NA	27	1121	1.19861
GS1-279B7.1	NA	0	666	0
GS1-594A7.3	NA	1	574	0.0866977
GS1-600G8.3	NA	0	2249	0
GSAP	NA	2	3251	0.0306149
GSC	NA	0	1189	0
GSC2	NA	0	618	0
GSDMA	NA	0	2164	0
GSDMB	NA	115	1809	3.16358
GSDMC	NA	4	2714	0.0733449
GSDMD	NA	3	2370	0.062993
GSE1	NA	2220	7586	14.5633
GSG1	NA	733	2969	12.2861
GSG1L	NA	3	5020	0.0297397
GSG2	NA	204	2796	3.63089
GSK3A	NA	2565	2179	58.58
GSK3B	NA	1649	7118	11.5288
GSKIP	NA	446	2776	7.9953
GSN	NA	6431	3483	91.885
GSN-AS1	NA	155	4763	1.61946
GSPT1	NA	5831	7774	37.3266
GSPT2	NA	604	2846	10.5614
GSR	NA	1006	3160	15.8427
GSS	NA	1384	1900	36.2495
GSTA1	NA	0	1259	0
GSTA2	NA	0	1309	0
GSTA3	NA	0	913	0
GSTA4	NA	415	1341	15.4006
GSTA5	NA	0	844	0
GSTA7P	NA	0	5697	0
GSTCD	NA	329	4355	3.75948
GSTK1	NA	0	1226	0
GSTM1	NA	344	1185	14.4464
GSTM2	NA	556	2018	13.7111
GSTM2P1	NA	66	1136	2.89125
GSTM3	NA	5	4127	0.0602914
GSTM4	NA	547	1917	14.1999
GSTM5	NA	219	1570	6.94167
GSTO1	NA	1510	1310	57.3621
GSTO2	NA	243	1591	7.60074
GSTP1	NA	8922	958	463.464
GSTT1	NA	0	1202	0
GSTT2	NA	0	1214	0
GSTT2B	NA	0	1094	0
GSTTP1	NA	0	721	0
GSTTP2	NA	0	2070	0
GSTZ1	NA	385	1722	11.1262
GSX1	NA	0	847	0
GSX2	NA	66	1212	2.70995
GTDC1	NA	151	4565	1.6461
GTF2A1	NA	744	6487	5.70754
GTF2A1L	NA	5	1702	0.146194
GTF2A2	NA	1541	1582	48.4748
GTF2B	NA	801	1645	24.2318
GTF2E1	NA	663	3033	10.8783
GTF2E2	NA	828	1536	26.8262
GTF2F1	NA	4524	2551	88.2535
GTF2F2	NA	1060	1453	36.3044
GTF2H1	NA	826	3515	11.6943
GTF2H2	NA	1980	1951	50.5042
GTF2H2B	NA	1180	4374	13.4253
GTF2H2C	NA	958	2105	22.6482
GTF2H2C_2	NA	957	1803	26.4141
GTF2H3	NA	638	3417	9.2917
GTF2H4	NA	449	10024	2.22908
GTF2H5	NA	850	7486	5.65052
GTF2I	NA	4982	4684	52.9306
GTF2IP1	NA	4733	3631	64.8679
GTF2IP20	NA	504	2947	8.51079
GTF2IP4	NA	4733	3636	64.7787
GTF2IRD1	NA	710	3529	10.0121
GTF2IRD1P1	NA	235	2426	4.82055
GTF2IRD2	NA	295	3755	3.90959
GTF2IRD2B	NA	231	3585	3.20658
GTF3A	NA	1294	1404	45.8656
GTF3C1	NA	6370	7107	44.6039
GTF3C2	NA	1607	3958	20.205
GTF3C2-AS1	NA	109	841	6.44986
GTF3C3	NA	961	4819	9.92398
GTF3C4	NA	673	3865	8.66533
GTF3C5	NA	1516	2441	30.9066
GTF3C6	NA	1496	950	78.366
GTPBP1	NA	1471	5047	14.5044
GTPBP10	NA	269	7542	1.77495
GTPBP2	NA	1430	3101	22.9485
GTPBP3	NA	770	2839	13.4972
GTPBP4	NA	1935	2517	38.2576
GTPBP6	NA	1198	2378	25.0706
GTPBP8	NA	126	1357	4.62073
GTSCR1	NA	0	598	0
GTSE1	NA	824	3112	13.1767
GTSE1-AS1	NA	14	1518	0.458961
GTSF1	NA	1	812	0.0612863
GTSF1L	NA	0	842	0
GUCA1A	NA	2	1904	0.0522736
GUCA1B	NA	19	2270	0.416531
GUCA1C	NA	0	925	0
GUCA2A	NA	0	575	0
GUCA2B	NA	0	597	0
GUCD1	NA	1340	3943	16.9121
GUCY1A2	NA	197	16219	0.604452
GUCY1A3	NA	264	10342	1.27034
GUCY1B2	NA	1	3022	0.0164674
GUCY1B3	NA	173	3794	2.26918
GUCY2C	NA	35	3842	0.453347
GUCY2D	NA	0	3623	0
GUCY2EP	NA	0	2799	0
GUCY2F	NA	0	3698	0
GUCY2GP	NA	19	2974	0.317931
GUF1	NA	862	4216	10.1748
GUK1	NA	1880	1280	73.0916
GULP1	NA	1775	4221	20.9268
GUSB	NA	1035	2299	22.4038
GUSBP1	NA	112	6074	0.91762
GUSBP10	NA	0	978	0
GUSBP11	NA	3	3416	0.0437042
GUSBP2	NA	62	1200	2.57117
GUSBP3	NA	90	3102	1.44384
GUSBP4	NA	168	2463	3.39441
GUSBP5	NA	0	1989	0
GUSBP9	NA	58	1220	2.36585
GVINP1	NA	7	8730	0.0399028
GXYLT1	NA	791	7488	5.25691
GXYLT1P3	NA	4	2292	0.086849
GXYLT2	NA	60	1544	1.93385
GYG1	NA	1322	2022	32.5364
GYG2	NA	179	3395	2.62381
GYG2P1	NA	122	824	7.36804
GYLTL1B	NA	0	2605	0
GYPA	NA	2	2695	0.036931
GYPB	NA	0	609	0
GYPC	NA	139	2067	3.34652
GYPE	NA	0	1884	0
GYS1	NA	2843	3618	39.1046
GYS2	NA	1	3132	0.015889
GZF1	NA	371	4741	3.89425
GZMA	NA	0	896	0
GZMB	NA	0	926	0
GZMH	NA	0	971	0
GZMK	NA	0	1045	0
GZMM	NA	4	941	0.211539
H19	NA	105	2597	2.01204
H1F0	NA	4408	2330	94.1467
H1FNT	NA	3	1300	0.114841
H1FOO	NA	1	1265	0.0393395
H1FX	NA	4260	1507	140.675
H1FX-AS1	NA	154	2193	3.49463
H2AFB1	NA	3	1034	0.144384
H2AFB2	NA	5	1188	0.209447
H2AFB3	NA	3	1034	0.144384
H2AFJ	NA	861	3667	11.6845
H2AFV	NA	3065	4704	32.4252
H2AFX	NA	4140	1593	129.331
H2AFY	NA	6724	2154	155.347
H2AFY2	NA	1004	2179	22.9296
H2AFZ	NA	6199	947	325.755
H2BFM	NA	1	1882	0.0264423
H2BFWT	NA	0	894	0
H2BFXP	NA	3	979	0.152496
H3F3A	NA	9440	1062	442.351
H3F3AP4	NA	9440	1042	450.841
H3F3B	NA	10828	2861	188.343
H3F3C	NA	1517	1057	71.4217
H6PD	NA	1435	9290	7.68698
HAAO	NA	2	1284	0.0775148
HABP2	NA	0	3149	0
HABP4	NA	1738	2665	32.4543
HACD1	NA	1125	1307	42.8348
HACD2	NA	81	1187	3.39589
HACD3	NA	2829	3208	43.8852
HACD4	NA	1	1416	0.0351444
HACE1	NA	446	4775	4.64816
HACL1	NA	738	2287	16.0587
HADH	NA	772	2033	18.8973
HADHA	NA	6721	3037	110.131
HADHB	NA	1998	2271	43.7822
HAGH	NA	1008	1610	31.1569
HAGHL	NA	288	1577	9.08825
HAGLR	NA	124	4660	1.32421
HAGLROS	NA	3	673	0.221833
HAL	NA	25	3913	0.317943
HAMP	NA	0	426	0
HAND1	NA	15	1738	0.429498
HAND2	NA	21	2368	0.441324
HAND2-AS1	NA	0	766	0
HAO1	NA	0	1746	0
HAO2	NA	0	1701	0
HAO2-IT1	NA	0	310	0
HAP1	NA	140	3958	1.76024
HAPLN1	NA	1	4678	0.010638
HAPLN2	NA	23	1771	0.646292
HAPLN3	NA	1663	2122	39.0002
HAPLN4	NA	39	3438	0.564519
HAR1A	NA	0	2794	0
HAR1B	NA	0	896	0
HARBI1	NA	76	1522	2.48496
HARS	NA	2515	2306	54.2748
HARS2	NA	550	2610	10.4868
HAS1	NA	5	2111	0.117869
HAS2	NA	0	3275	0
HAS2-AS1	NA	0	2287	0
HAS3	NA	589	4896	5.98678
HAT1	NA	1364	1670	40.646
HAUS1	NA	488	1165	20.8456
HAUS2	NA	632	3944	7.97443
HAUS3	NA	423	2435	8.64492
HAUS4	NA	676	1638	20.5377
HAUS5	NA	524	4309	6.05166
HAUS6	NA	516	6365	4.03433
HAUS7	NA	318	2320	6.82117
HAUS8	NA	301	1456	10.2879
HAVCR1	NA	0	1912	0
HAVCR1P1	NA	6	1255	0.237918
HAVCR2	NA	2	2430	0.0409584
HAX1	NA	898	1179	37.9037
HBA1	NA	5	606	0.410598
HBA2	NA	5	605	0.411277
HBB	NA	0	626	0
HBBP1	NA	0	659	0
HBD	NA	0	774	0
HBE1	NA	2	816	0.121972
HBEGF	NA	506	2358	10.6789
HBG1	NA	0	584	0
HBG2	NA	0	583	0
HBM	NA	0	510	0
HBP1	NA	664	2883	11.4615
HBQ1	NA	73	653	5.56326
HBS1L	NA	1232	9332	6.56985
HBZ	NA	11	589	0.929388
HCAR1	NA	4	2977	0.0668653
HCAR2	NA	1	2065	0.024099
HCAR3	NA	0	2137	0
HCCAT5	NA	1	1078	0.0461637
HCCS	NA	505	2356	10.6668
HCFC1	NA	2229	8426	13.1646
HCFC1-AS1	NA	0	786	0
HCFC1R1	NA	1228	1117	54.7098
HCFC2	NA	131	5735	1.13673
HCG11	NA	497	5679	4.35516
HCG14	NA	0	1962	0
HCG17	NA	7	5008	0.069559
HCG18	NA	1067	52133	1.01852
HCG2040054	NA	0	434	0
HCG22	NA	199	17128	0.578184
HCG23	NA	1	4923	0.0101086
HCG25	NA	128	4919	1.29495
HCG26	NA	1095	7080	7.69663
HCG27	NA	22	10012	0.109351
HCG4	NA	0	10543	0
HCG4B	NA	10	13705	0.0363112
HCG8	NA	46	13196	0.173474
HCG9	NA	0	4500	0
HCK	NA	5	2283	0.108989
HCLS1	NA	193	2038	4.71273
HCN1	NA	0	9669	0
HCN2	NA	377	3408	5.50505
HCN3	NA	199	3874	2.55631
HCN4	NA	9	7228	0.0619646
HCP5	NA	61	9081	0.334284
HCRT	NA	4	577	0.344988
HCRTR1	NA	46	2001	1.14401
HCRTR2	NA	0	1816	0
HCST	NA	18	507	1.76679
HDAC1	NA	2467	2091	58.7131
HDAC10	NA	649	2706	11.9354
HDAC11	NA	308	3015	5.08374
HDAC11-AS1	NA	3	509	0.293307
HDAC2	NA	3093	6929	22.2141
HDAC3	NA	1855	1945	47.4618
HDAC4	NA	285	8976	1.58009
HDAC5	NA	1847	5327	17.2546
HDAC6	NA	760	4099	9.22689
HDAC7	NA	3051	4301	35.3014
HDAC8	NA	399	3635	5.46246
HDAC9	NA	173	7905	1.08909
HDC	NA	30	2642	0.565078
HDDC2	NA	1750	1615	53.9244
HDDC3	NA	241	1120	10.7083
HDGF	NA	10420	2798	185.327
HDGFL1	NA	0	1073	0
HDGFRP2	NA	3046	2381	63.6634
HDGFRP3	NA	1216	2434	24.8618
HDHD1	NA	933	2447	18.9744
HDHD2	NA	536	2185	12.2077
HDHD3	NA	540	2004	13.4096
HDLBP	NA	13033	6576	98.6284
HDX	NA	0	6335	0
HEATR1	NA	2243	8484	13.1567
HEATR3	NA	259	2608	4.9421
HEATR4	NA	0	3551	0
HEATR5A	NA	542	7843	3.43904
HEATR5B	NA	450	6804	3.2913
HEATR6	NA	525	3935	6.63948
HEATR9	NA	1	1969	0.025274
HEBP1	NA	1993	1208	82.1032
HEBP2	NA	904	1282	35.0913
HECA	NA	729	5621	6.45407
HECTD1	NA	3807	9177	20.6444
HECTD2	NA	368	6430	2.84811
HECTD2-AS1	NA	5	1023	0.243228
HECTD3	NA	1007	3628	13.8128
HECTD4	NA	1102	15450	3.54955
HECW1	NA	6	6839	0.0436594
HECW2	NA	9	7241	0.0618534
HEG1	NA	2649	9156	14.3978
HEIH	NA	22	1665	0.657549
HELB	NA	30	3611	0.413441
HELLS	NA	836	3346	12.4337
HELQ	NA	521	5112	5.07185
HELT	NA	0	849	0
HELZ	NA	1706	13830	6.1387
HELZ2	NA	330	10129	1.62131
HEMGN	NA	0	2453	0
HEMK1	NA	287	5861	2.43686
HENMT1	NA	1	2041	0.0243824
HEPACAM	NA	51	3545	0.715935
HEPACAM2	NA	0	2356	0
HEPH	NA	0	4775	0
HEPHL1	NA	9	5951	0.0752614
HEPN1	NA	32	1428	1.11517
HERC1	NA	1245	15197	4.07691
HERC2	NA	3326	15340	10.7899
HERC2P10	NA	6	638	0.468005
HERC2P2	NA	3772	6075	30.899
HERC2P3	NA	1196	4278	13.9127
HERC2P4	NA	52	2708	0.955596
HERC2P7	NA	201	1764	5.67044
HERC2P9	NA	1537	2947	25.9545
HERC3	NA	81	4974	0.810399
HERC4	NA	1489	6115	12.1176
HERC5	NA	351	3518	4.96513
HERC6	NA	344	3889	4.4019
HERPUD1	NA	820	1922	21.2315
HERPUD2	NA	598	2910	10.2265
HES1	NA	483	1461	16.4519
HES2	NA	113	4260	1.32004
HES3	NA	0	697	0
HES4	NA	705	1040	33.7346
HES5	NA	0	1306	0
HES6	NA	596	1454	20.3987
HES7	NA	120	1682	3.55038
HESX1	NA	17	1173	0.721225
HEXA	NA	2327	2437	47.5183
HEXA-AS1	NA	6	2676	0.11158
HEXB	NA	4467	2437	91.2179
HEXDC	NA	432	2222	9.67519
HEXIM1	NA	2331	4785	24.2426
HEXIM2	NA	243	2701	4.47715
HEY1	NA	14	2578	0.270249
HEY2	NA	0	2672	0
HEYL	NA	25	4114	0.302409
HFE	NA	39	2222	0.873454
HFE2	NA	0	2215	0
HFM1	NA	60	4931	0.60553
HGC6.3	NA	8	1016	0.391846
HGD	NA	3	2010	0.0742754
HGF	NA	0	4284	0
HGFAC	NA	3	2134	0.0699595
HGH1	NA	1451	5062	14.2648
HGS	NA	2212	2972	37.0387
HGSNAT	NA	1126	5214	10.747
HHAT	NA	483	3962	6.0667
HHATL	NA	6	1999	0.149368
HHEX	NA	31	1759	0.877032
HHIP	NA	1	3555	0.0139985
HHIP-AS1	NA	8	1132	0.351693
HHIPL1	NA	2	3905	0.0254876
HHIPL2	NA	4	2574	0.0773341
HHLA1	NA	0	4105	0
HHLA2	NA	0	2912	0
HHLA3	NA	172	951	9.00052
HIAT1	NA	819	2637	15.4559
HIATL1	NA	1313	3298	19.8122
HIATL2	NA	190	786	12.0296
HIBADH	NA	2059	1998	51.2838
HIBCH	NA	702	1939	18.0169
HIC1	NA	452	3194	7.04244
HIC2	NA	895	6796	6.55374
HID1	NA	223	3342	3.32061
HID1-AS1	NA	0	830	0
HIF1A	NA	3113	4395	35.2484
HIF1A-AS1	NA	62	652	4.73221
HIF1A-AS2	NA	1695	2051	41.1267
HIF1AN	NA	1522	6912	10.958
HIF3A	NA	0	6394	0
HIGD1A	NA	5087	3055	82.8648
HIGD1B	NA	5	709	0.350948
HIGD1C	NA	0	294	0
HIGD2A	NA	1756	611	143.022
HIGD2B	NA	0	1117	0
HILPDA	NA	186	1412	6.55538
HILS1	NA	0	1049	0
HINFP	NA	542	2417	11.1594
HINT1	NA	5088	1068	237.08
HINT2	NA	583	652	44.498
HINT3	NA	740	3379	10.8984
HIP1	NA	1787	8040	11.0608
HIP1R	NA	603	5504	5.45203
HIPK1	NA	844	8502	4.94016
HIPK1-AS1	NA	3	2281	0.0654509
HIPK2	NA	244	15225	0.797539
HIPK3	NA	732	8113	4.49003
HIPK4	NA	8	2486	0.160143
HIRA	NA	1482	4013	18.378
HIRIP3	NA	378	3048	6.17158
HIST1H1A	NA	0	781	0
HIST1H1B	NA	3	790	0.188979
HIST1H1C	NA	297	732	20.1913
HIST1H1D	NA	2	777	0.128094
HIST1H1E	NA	5	785	0.316971
HIST1H1T	NA	0	725	0
HIST1H2AA	NA	0	500	0
HIST1H2AB	NA	1	477	0.104328
HIST1H2AC	NA	74	546	6.74464
HIST1H2AD	NA	30	510	2.92732
HIST1H2AE	NA	41	564	3.61763
HIST1H2AG	NA	10	498	0.999287
HIST1H2AH	NA	0	481	0
HIST1H2AI	NA	2	469	0.212215
HIST1H2AJ	NA	2	439	0.226718
HIST1H2AK	NA	5	460	0.540918
HIST1H2AL	NA	3	470	0.317646
HIST1H2AM	NA	19	487	1.94153
HIST1H2APS1	NA	0	429	0
HIST1H2BA	NA	0	437	0
HIST1H2BB	NA	0	431	0
HIST1H2BC	NA	26	438	2.95406
HIST1H2BD	NA	269	861	15.5478
HIST1H2BE	NA	25	435	2.86003
HIST1H2BF	NA	2	430	0.231463
HIST1H2BG	NA	48	445	5.36786
HIST1H2BH	NA	11	425	1.28802
HIST1H2BI	NA	0	437	0
HIST1H2BJ	NA	20	481	2.06921
HIST1H2BK	NA	1587	839	94.1314
HIST1H2BL	NA	1	453	0.109855
HIST1H2BM	NA	1	446	0.11158
HIST1H2BN	NA	30	449	3.32502
HIST1H2BO	NA	20	467	2.13124
HIST1H3A	NA	4	469	0.424431
HIST1H3B	NA	4	472	0.421733
HIST1H3C	NA	5	459	0.542097
HIST1H3D	NA	75	921	4.05248
HIST1H3E	NA	20	462	2.15431
HIST1H3F	NA	2	466	0.213582
HIST1H3G	NA	7	467	0.745935
HIST1H3H	NA	16	473	1.68337
HIST1H3I	NA	0	477	0
HIST1H3J	NA	1	478	0.10411
HIST1H4A	NA	0	372	0
HIST1H4B	NA	1	357	0.139396
HIST1H4C	NA	1	390	0.127601
HIST1H4D	NA	1	367	0.135598
HIST1H4E	NA	7	377	0.924009
HIST1H4F	NA	0	368	0
HIST1H4G	NA	0	367	0
HIST1H4H	NA	16	374	2.12896
HIST1H4I	NA	8	370	1.07599
HIST1H4J	NA	25	356	3.4947
HIST1H4K	NA	22	354	3.09271
HIST1H4L	NA	0	364	0
HIST2H2AA3	NA	540	534	50.3236
HIST2H2AA4	NA	540	534	50.3236
HIST2H2AB	NA	2	448	0.222163
HIST2H2AC	NA	143	437	16.2845
HIST2H2BA	NA	18	515	1.73934
HIST2H2BC	NA	88	582	7.52453
HIST2H2BE	NA	345	2223	7.72323
HIST2H2BF	NA	28	1067	1.30591
HIST2H3A	NA	9	507	0.883393
HIST2H3C	NA	9	507	0.883393
HIST2H3D	NA	3	457	0.326682
HIST2H4A	NA	62	396	7.79141
HIST2H4B	NA	62	396	7.79141
HIST3H2A	NA	95	496	9.53151
HIST3H2BB	NA	4	452	0.440394
HIST3H3	NA	0	481	0
HIST4H4	NA	1	412	0.120788
HIVEP1	NA	790	8874	4.43024
HIVEP2	NA	271	9724	1.3869
HIVEP3	NA	72	14115	0.253847
HJURP	NA	1148	3189	17.9146
HK1	NA	2438	4288	28.2943
HK2	NA	1136	7093	7.97018
HK3	NA	5	3068	0.0811025
HKDC1	NA	252	3689	3.39947
HKR1	NA	497	2929	8.44416
HLA-A	NA	999	11575	4.29501
HLA-B	NA	1751	9432	9.23851
HLA-C	NA	1458	10757	6.74506
HLA-DMA	NA	147	8997	0.813091
HLA-DMB	NA	107	11140	0.477989
HLA-DOA	NA	74	24387	0.151006
HLA-DOB	NA	477	8232	2.88358
HLA-DPA1	NA	38	14229	0.132901
HLA-DPB1	NA	143	32188	0.221086
HLA-DPB2	NA	0	5194	0
HLA-DQA1	NA	0	1542	0
HLA-DQA2	NA	32	9214	0.172831
HLA-DQB1	NA	1	4940	0.0100738
HLA-DQB2	NA	254	9677	1.30621
HLA-DRA	NA	32	8968	0.177572
HLA-DRB1	NA	7	6373	0.0546605
HLA-DRB3	NA	9	1158	0.386771
HLA-DRB4	NA	3	2378	0.0627811
HLA-DRB5	NA	2	1168	0.0852132
HLA-DRB6	NA	0	1568	0
HLA-E	NA	1898	17576	5.37398
HLA-F	NA	10	8305	0.0599211
HLA-F-AS1	NA	37	9078	0.20283
HLA-G	NA	0	7910	0
HLA-H	NA	124	9491	0.650174
HLA-J	NA	23	11964	0.095669
HLA-L	NA	80	24587	0.161921
HLCS	NA	818	7368	5.52489
HLF	NA	9	5599	0.0799929
HLTF	NA	1139	5351	10.5927
HLTF-AS1	NA	4	415	0.479658
HLX	NA	2	2278	0.0436914
HLX-AS1	NA	0	563	0
HM13	NA	2426	3489	34.6027
HM13-AS1	NA	3	489	0.305304
HMBOX1	NA	123	3518	1.73992
HMBS	NA	481	1692	14.147
HMCES	NA	729	1858	19.5255
HMCN1	NA	1141	18212	3.1178
HMCN2	NA	7	13997	0.0248876
HMG20A	NA	1182	4136	14.2219
HMG20B	NA	1673	1584	52.5606
HMGA1	NA	35856	2400	743.482
HMGA1P7	NA	0	2189	0
HMGA2	NA	12797	5124	124.285
HMGB1	NA	9782	3426	142.089
HMGB2	NA	6464	1653	194.602
HMGB3	NA	1733	3915	22.0286
HMGB3P1	NA	1	888	0.0560411
HMGB4	NA	0	2343	0
HMGCL	NA	788	1608	24.3871
HMGCLL1	NA	0	4630	0
HMGCR	NA	3082	4582	33.4732
HMGCS1	NA	9874	5450	90.1605
HMGCS2	NA	1	2466	0.0201802
HMGN1	NA	7134	1304	272.255
HMGN2	NA	5786	1969	146.235
HMGN2P46	NA	625	1927	16.1405
HMGN3	NA	3946	1470	133.586
HMGN3-AS1	NA	133	2993	2.21139
HMGN4	NA	1737	1968	43.9232
HMGN5	NA	58	2126	1.35764
HMGXB3	NA	1720	5406	15.8333
HMGXB4	NA	453	4251	5.30306
HMHA1	NA	1294	7078	9.09795
HMHB1	NA	0	384	0
HMMR	NA	704	3143	11.1467
HMMR-AS1	NA	114	1269	4.47057
HMOX1	NA	753	1590	23.5677
HMOX2	NA	1141	2817	20.1567
HMP19	NA	3	2452	0.0608864
HMSD	NA	0	625	0
HMX1	NA	52	2145	1.20641
HMX2	NA	1	1628	0.0305679
HMX3	NA	1	1074	0.0463357
HN1	NA	3771	3084	60.8502
HN1L	NA	4688	3683	63.344
HNCAT21	NA	2	1219	0.0816481
HNF1A	NA	35	3437	0.506767
HNF1A-AS1	NA	1	2455	0.0202707
HNF1B	NA	3	2809	0.0531483
HNF4A	NA	5	5470	0.0454886
HNF4A-AS1	NA	0	648	0
HNF4G	NA	0	4093	0
HNMT	NA	39	4178	0.464532
HNRNPA0	NA	8383	2967	140.605
HNRNPA1	NA	19944	1925	515.586
HNRNPA1L2	NA	11812	2365	248.549
HNRNPA1P10	NA	16350	1356	600.036
HNRNPA1P33	NA	488	542	44.8064
HNRNPA2B1	NA	26395	3702	354.817
HNRNPA3	NA	9586	5808	82.1354
HNRNPA3P1	NA	493	3006	8.16164
HNRNPAB	NA	4493	1816	123.123
HNRNPC	NA	15028	3251	230.04
HNRNPCL1	NA	431	1170	18.332
HNRNPCL2	NA	22	1156	0.947075
HNRNPCL3	NA	431	1006	21.3206
HNRNPCL4	NA	431	928	23.1126
HNRNPD	NA	8499	2257	187.394
HNRNPDL	NA	6365	4245	74.6174
HNRNPF	NA	5874	3369	86.7666
HNRNPH1	NA	8542	2290	185.628
HNRNPH2	NA	2486	2392	51.7201
HNRNPH3	NA	2715	2412	56.016
HNRNPK	NA	16806	3095	270.224
HNRNPKP3	NA	8	1882	0.211539
HNRNPL	NA	6790	2159	156.508
HNRNPLL	NA	971	3035	15.9214
HNRNPM	NA	6797	2636	128.319
HNRNPR	NA	5382	7840	34.1623
HNRNPU	NA	14831	6846	107.809
HNRNPU-AS1	NA	841	5045	8.29573
HNRNPUL1	NA	4587	3987	57.2535
HNRNPUL2	NA	5301	5147	51.2535
HNRNPUL2-BSCL2	NA	5077	4014	62.9433
HOGA1	NA	182	2482	3.64913
HOMER1	NA	273	4312	3.15067
HOMER2	NA	780	1992	19.4861
HOMER3	NA	1204	2649	22.6185
HOMEZ	NA	829	3741	11.0277
HOOK1	NA	0	5857	0
HOOK2	NA	766	2610	14.6052
HOOK3	NA	654	14440	2.25388
HOPX	NA	1	1896	0.0262471
HORMAD1	NA	3	1898	0.0786583
HORMAD2	NA	7	1895	0.183827
HORMAD2-AS1	NA	9	1152	0.388785
HOTAIR	NA	204	2579	3.93639
HOTAIRM1	NA	237	1044	11.2971
HOTS	NA	57	3887	0.72976
HOTTIP	NA	1	4665	0.0106676
HOXA-AS2	NA	22	1048	1.04467
HOXA-AS3	NA	333	4168	3.97591
HOXA1	NA	265	2547	5.1777
HOXA10	NA	280	3187	4.37216
HOXA10-AS	NA	212	1161	9.08706
HOXA10-HOXA9	NA	699	2110	16.486
HOXA11	NA	84	2653	1.57566
HOXA11-AS	NA	48	1549	1.54209
HOXA13	NA	20	2514	0.395899
HOXA2	NA	19	1778	0.531792
HOXA3	NA	106	3476	1.51756
HOXA4	NA	26	1728	0.748771
HOXA5	NA	44	1657	1.32145
HOXA6	NA	3	802	0.186151
HOXA7	NA	376	2015	9.28608
HOXA9	NA	781	2057	18.8945
HOXB-AS1	NA	36	797	2.24783
HOXB-AS3	NA	7	1412	0.246708
HOXB1	NA	0	1014	0
HOXB13	NA	609	3036	9.9824
HOXB2	NA	313	1602	9.72303
HOXB3	NA	182	3618	2.50335
HOXB4	NA	72	2033	1.76244
HOXB5	NA	38	1821	1.03847
HOXB6	NA	24	1676	0.712618
HOXB7	NA	115	1366	4.18954
HOXB8	NA	11	1823	0.300279
HOXB9	NA	74	2700	1.36392
HOXC-AS1	NA	31	548	2.81514
HOXC-AS2	NA	22	504	2.17226
HOXC-AS3	NA	69	368	9.33084
HOXC10	NA	1341	1959	34.0654
HOXC11	NA	247	2037	6.03428
HOXC12	NA	0	849	0
HOXC13	NA	1169	2396	24.2799
HOXC13-AS	NA	253	1408	8.94206
HOXC4	NA	248	2346	5.2607
HOXC5	NA	106	2175	2.4253
HOXC6	NA	698	2244	15.4793
HOXC8	NA	397	2288	8.63484
HOXC9	NA	388	1541	12.5299
HOXD-AS2	NA	72	692	5.17781
HOXD1	NA	30	1975	0.755916
HOXD10	NA	1	1804	0.0275856
HOXD11	NA	0	1463	0
HOXD12	NA	0	813	0
HOXD13	NA	1	2327	0.0213857
HOXD3	NA	48	2299	1.03902
HOXD4	NA	33	1296	1.26715
HOXD8	NA	52	2629	0.984311
HOXD9	NA	135	1885	3.56404
HP	NA	1	1431	0.034776
HP09025	NA	1	4192	0.0118713
HP09053	NA	145	2018	3.57574
HP1BP3	NA	3359	3921	42.6317
HPCA	NA	59	1406	2.08827
HPCAL1	NA	415	2740	7.53732
HPCAL4	NA	7	4983	0.069908
HPD	NA	1379	1942	35.3374
HPDL	NA	2	1802	0.0552325
HPGD	NA	0	3027	0
HPGDS	NA	0	1615	0
HPN	NA	9	2365	0.189379
HPN-AS1	NA	0	4617	0
HPR	NA	0	1242	0
HPRT1	NA	664	1415	23.3524
HPS1	NA	1111	4151	13.3193
HPS3	NA	961	4129	11.5824
HPS4	NA	525	5634	4.63727
HPS5	NA	614	4880	6.26135
HPS6	NA	730	2672	13.5958
HPSE	NA	204	4720	2.15084
HPSE2	NA	0	4419	0
HPVC1	NA	0	1198	0
HPX	NA	27	1623	0.827875
HPYR1	NA	0	982	0
HR	NA	13	5516	0.117284
HRAS	NA	1142	1234	46.0543
HRASLS	NA	4	1063	0.187261
HRASLS2	NA	12	742	0.804817
HRASLS5	NA	1	3113	0.015986
HRAT13	NA	0	2409	0
HRAT17	NA	0	707	0
HRAT5	NA	2	832	0.119626
HRAT56	NA	1	3193	0.0155855
HRAT92	NA	24	3506	0.340658
HRC	NA	56	2384	1.16896
HRCT1	NA	4	950	0.209535
HRG	NA	2	2003	0.04969
HRH1	NA	11	4818	0.113618
HRH2	NA	3	4048	0.0368808
HRH3	NA	0	2680	0
HRH4	NA	2	3668	0.0271344
HRK	NA	78	1839	2.11073
HRNR	NA	5	9632	0.0258329
HRSP12	NA	862	1011	42.4303
HS1BP3	NA	565	2403	11.7008
HS1BP3-IT1	NA	17	600	1.40999
HS2ST1	NA	1203	7265	8.24042
HS3ST1	NA	0	1965	0
HS3ST2	NA	0	1952	0
HS3ST3A1	NA	23	4199	0.272585
HS3ST3B1	NA	252	5400	2.32234
HS3ST4	NA	17	3203	0.264126
HS3ST5	NA	1	2744	0.0181357
HS3ST6	NA	8	1155	0.344689
HS6ST1	NA	1936	3952	24.3786
HS6ST2	NA	2211	4567	24.0922
HS6ST2-AS1	NA	1	549	0.0906457
HS6ST3	NA	2	7804	0.0127536
HSBP1	NA	4366	1989	109.237
HSBP1L1	NA	403	750	26.7401
HSCB	NA	251	1088	11.4806
HSD11B1	NA	1	1566	0.0317781
HSD11B1L	NA	115	2122	2.69694
HSD11B2	NA	1	1882	0.0264423
HSD17B1	NA	474	2231	10.573
HSD17B10	NA	2682	963	138.596
HSD17B11	NA	1807	1887	47.6547
HSD17B12	NA	1745	2545	34.1214
HSD17B13	NA	9	2397	0.18685
HSD17B14	NA	862	1237	34.6782
HSD17B2	NA	15	1434	0.520549
HSD17B3	NA	314	1134	13.7796
HSD17B4	NA	814	2938	13.7877
HSD17B6	NA	94	1618	2.89114
HSD17B7	NA	215	1749	6.11742
HSD17B7P2	NA	122	1401	4.33352
HSD17B8	NA	36	5970	0.300087
HSD3B1	NA	1	1680	0.0296217
HSD3B2	NA	0	1870	0
HSD3B7	NA	285	2378	5.96421
HSD3BP4	NA	6	8697	0.0343322
HSD52	NA	0	1043	0
HSDL1	NA	579	3668	7.85541
HSDL2	NA	1036	3373	15.2849
HSF1	NA	1353	2152	31.2878
HSF2	NA	455	2885	7.84847
HSF2BP	NA	147	1899	3.85223
HSF4	NA	214	2618	4.06784
HSF5	NA	0	4111	0
HSFX1	NA	4	1955	0.10182
HSFX2	NA	4	1962	0.101457
HSFY1	NA	0	2293	0
HSFY1P1	NA	0	1381	0
HSFY2	NA	0	2309	0
HSH2D	NA	37	3074	0.598987
HSP90AA1	NA	27150	4074	331.641
HSP90AB1	NA	33889	2895	582.545
HSP90AB4P	NA	23	3135	0.365098
HSP90B1	NA	12468	2862	216.794
HSP90B2P	NA	909	2752	16.4375
HSPA12A	NA	49	5722	0.426155
HSPA12B	NA	18	3148	0.284549
HSPA13	NA	733	3986	9.15137
HSPA14	NA	1033	6250	8.22508
HSPA1A	NA	1247	12145	5.10962
HSPA1B	NA	1778	12601	7.02177
HSPA1L	NA	118	12685	0.462926
HSPA2	NA	12	2769	0.215664
HSPA4	NA	5733	3385	84.2836
HSPA4L	NA	420	3270	6.39177
HSPA5	NA	18290	3970	229.268
HSPA6	NA	29	2358	0.612032
HSPA7	NA	16	2493	0.319387
HSPA8	NA	31786	2460	643.014
HSPA9	NA	9415	3506	133.637
HSPB1	NA	10267	897	569.601
HSPB11	NA	873	601	72.2869
HSPB2	NA	3912	841	231.485
HSPB2-C11orf52	NA	426	1527	13.8832
HSPB3	NA	0	784	0
HSPB6	NA	6	1460	0.204512
HSPB7	NA	28	2892	0.481814
HSPB8	NA	682	2002	16.9527
HSPB9	NA	0	616	0
HSPBAP1	NA	231	1954	5.88311
HSPBP1	NA	950	2064	22.9052
HSPD1	NA	16149	2436	329.904
HSPE1	NA	2399	953	125.273
HSPE1-MOB4	NA	1732	4279	20.143
HSPG2	NA	6300	14343	21.8585
HSPH1	NA	3041	5727	26.4246
HTATIP2	NA	1	2233	0.0222859
HTATSF1	NA	1684	3133	26.7486
HTATSF1P2	NA	243	4616	2.61975
HTN1	NA	0	570	0
HTN3	NA	0	578	0
HTR1A	NA	0	2245	0
HTR1B	NA	0	1173	0
HTR1D	NA	72	2835	1.26386
HTR1E	NA	0	2048	0
HTR1F	NA	0	3178	0
HTR2A	NA	0	5442	0
HTR2A-AS1	NA	0	441	0
HTR2B	NA	270	2232	6.0199
HTR2C	NA	2	4842	0.0205553
HTR3A	NA	0	2410	0
HTR3B	NA	0	1888	0
HTR3C	NA	4	1699	0.117162
HTR3D	NA	0	2068	0
HTR3E	NA	0	2523	0
HTR4	NA	0	4207	0
HTR5A	NA	0	4555	0
HTR5A-AS1	NA	0	2701	0
HTR6	NA	235	3388	3.45179
HTR7	NA	1	3351	0.0148506
HTR7P1	NA	646	4389	7.32464
HTRA1	NA	268	2120	6.29098
HTRA2	NA	807	2550	15.749
HTRA3	NA	0	3382	0
HTRA4	NA	1	2110	0.0235851
HTT	NA	3024	13646	11.028
HTT-AS	NA	0	740	0
HULC	NA	4	485	0.410429
HUNK	NA	1	7385	0.00673859
HUS1	NA	415	3075	6.71618
HUS1B	NA	9	1026	0.436531
HUWE1	NA	6854	14741	23.1386
HVCN1	NA	18	1814	0.493804
HYAL1	NA	431	2950	7.27068
HYAL2	NA	1368	2413	28.2129
HYAL3	NA	138	1987	3.45622
HYAL4	NA	0	2406	0
HYALP1	NA	0	983	0
HYDIN	NA	2	16506	0.00602987
HYDIN2	NA	1	8867	0.00561233
HYI	NA	413	1367	15.0349
HYKK	NA	43	1309	1.63474
HYLS1	NA	76	2518	1.50203
HYMAI	NA	8	3815	0.104355
HYOU1	NA	5012	4643	53.7195
HYPK	NA	489	1333	18.2557
HYPM	NA	3	501	0.297991
IAH1	NA	1	906	0.0549277
IAPP	NA	0	1976	0
IARS	NA	4215	4711	44.525
IARS2	NA	1675	3549	23.487
IBA57	NA	237	7904	1.49218
IBA57-AS1	NA	6	641	0.465814
IBSP	NA	0	1591	0
IBTK	NA	2017	6050	16.5909
ICA1	NA	465	2683	8.62486
ICA1L	NA	586	8958	3.25541
ICAM1	NA	1749	3246	26.814
ICAM2	NA	13	1523	0.424779
ICAM3	NA	185	1780	5.17215
ICAM4	NA	24	1489	0.802114
ICAM5	NA	562	3002	9.31634
ICE1	NA	1069	7948	6.69329
ICE2	NA	653	9732	3.33911
ICK	NA	365	6238	2.91184
ICMT	NA	2157	4815	22.2933
ICOS	NA	0	2643	0
ICOSLG	NA	100	3387	1.46928
ICT1	NA	467	900	25.8222
ID1	NA	8638	1232	348.917
ID2	NA	1613	1364	58.8491
ID2-AS1	NA	13	1573	0.411277
ID3	NA	13208	1239	530.5
ID4	NA	1328	3876	17.0504
IDE	NA	1683	5986	13.9916
IDH1	NA	5424	2781	97.0596
IDH1-AS1	NA	7	491	0.709473
IDH2	NA	950	1856	25.4721
IDH3A	NA	867	2665	16.1898
IDH3B	NA	2480	1843	66.9647
IDH3G	NA	1384	1723	39.9733
IDI1	NA	1771	2136	41.2607
IDI2	NA	110	1359	4.02803
IDI2-AS1	NA	85	1305	3.24137
IDNK	NA	44	1814	1.20708
IDO1	NA	0	1931	0
IDO2	NA	1	2294	0.0216933
IDS	NA	2652	6165	21.4072
IDUA	NA	510	2218	11.4427
IER2	NA	3332	2046	81.0436
IER3	NA	7181	6930	51.5669
IER3IP1	NA	1090	1504	36.066
IER5	NA	1977	2342	42.0087
IER5L	NA	2045	2710	37.5529
IFFO1	NA	692	2831	12.1643
IFFO2	NA	1393	5835	11.8804
IFI16	NA	52	2902	0.891714
IFI27	NA	129	819	7.83836
IFI27L1	NA	242	715	16.8434
IFI27L2	NA	842	467	89.7253
IFI30	NA	1458	1028	70.5804
IFI35	NA	194	1250	7.72345
IFI44	NA	0	1726	0
IFI44L	NA	0	5895	0
IFI6	NA	808	860	46.7555
IFIH1	NA	6	3600	0.0829408
IFIT1	NA	16	4728	0.168408
IFIT1B	NA	0	1972	0
IFIT2	NA	10	3495	0.142388
IFIT3	NA	27	2839	0.47328
IFIT5	NA	17	4034	0.209717
IFITM1	NA	1137	717	78.9152
IFITM10	NA	88	3709	1.18072
IFITM2	NA	892	730	60.8081
IFITM3	NA	3236	668	241.075
IFITM4P	NA	1	1741	0.0285839
IFITM5	NA	0	735	0
IFNA1	NA	0	863	0
IFNA10	NA	0	963	0
IFNA13	NA	0	705	0
IFNA14	NA	0	778	0
IFNA16	NA	0	939	0
IFNA17	NA	0	980	0
IFNA2	NA	0	1143	0
IFNA21	NA	0	1024	0
IFNA22P	NA	0	876	0
IFNA4	NA	0	981	0
IFNA5	NA	0	700	0
IFNA6	NA	0	570	0
IFNA7	NA	0	737	0
IFNA8	NA	0	1039	0
IFNAR1	NA	711	6094	5.80613
IFNAR2	NA	143	3163	2.24986
IFNB1	NA	0	840	0
IFNE	NA	0	1474	0
IFNG	NA	0	1210	0
IFNG-AS1	NA	0	1909	0
IFNGR1	NA	915	2120	21.4785
IFNGR2	NA	1165	2221	26.1034
IFNK	NA	0	1140	0
IFNL1	NA	0	856	0
IFNL2	NA	0	734	0
IFNL3	NA	0	595	0
IFNL4	NA	0	1637	0
IFNLR1	NA	98	4563	1.0688
IFNW1	NA	0	1514	0
IFRD1	NA	778	4138	9.3564
IFRD2	NA	1160	2109	27.3717
IFT122	NA	295	4570	3.21237
IFT140	NA	465	5268	4.39265
IFT172	NA	197	5467	1.79323
IFT20	NA	997	1233	40.2394
IFT22	NA	917	2543	17.945
IFT27	NA	392	1415	13.7863
IFT43	NA	213	1856	5.71112
IFT46	NA	420	1875	11.1472
IFT52	NA	600	2001	14.9219
IFT57	NA	772	3203	11.9944
IFT74	NA	469	2772	8.41975
IFT74-AS1	NA	0	417	0
IFT80	NA	697	4792	7.23828
IFT81	NA	412	3723	5.50711
IFT88	NA	156	3160	2.45673
IGBP1	NA	813	1660	24.3726
IGBP1P1	NA	101	575	8.74124
IGDCC3	NA	991	4479	11.0106
IGDCC4	NA	506	6485	3.88294
IGF1	NA	0	7814	0
IGF1R	NA	3767	12235	15.3219
IGF2	NA	8	6420	0.0620118
IGF2-AS	NA	0	2842	0
IGF2BP1	NA	4888	8769	27.7396
IGF2BP2	NA	3656	3809	47.7656
IGF2BP2-AS1	NA	0	1531	0
IGF2BP3	NA	2474	4159	29.6026
IGF2R	NA	3710	9091	20.3087
IGFALS	NA	2	2270	0.0438454
IGFBP1	NA	0	1650	0
IGFBP2	NA	79	1429	2.75115
IGFBP3	NA	29	2631	0.548525
IGFBP4	NA	2097	2236	46.6709
IGFBP5	NA	6	6239	0.0478581
IGFBP6	NA	1106	966	56.9767
IGFBP7	NA	395	1317	14.9256
IGFBP7-AS1	NA	30	1389	1.07483
IGFBPL1	NA	164	3559	2.29317
IGFL1	NA	0	769	0
IGFL2	NA	13	955	0.677422
IGFL3	NA	49	662	3.68347
IGFL4	NA	2	573	0.173698
IGFLR1	NA	41	1196	1.70597
IGFN1	NA	10537	11810	44.4004
IGHMBP2	NA	439	3954	5.52519
IGIP	NA	39	2871	0.676007
IGLL1	NA	0	900	0
IGLL3P	NA	1	675	0.0737252
IGLL5	NA	0	1058	0
IGLON5	NA	27	3100	0.433433
IGSF1	NA	16	5649	0.140951
IGSF10	NA	7	8787	0.039644
IGSF11	NA	0	3861	0
IGSF11-AS1	NA	0	1601	0
IGSF21	NA	0	1944	0
IGSF22	NA	6	4334	0.0688941
IGSF23	NA	6	989	0.301908
IGSF3	NA	444	7327	3.01562
IGSF5	NA	1	2066	0.0240874
IGSF6	NA	0	1044	0
IGSF8	NA	621	2334	13.2407
IGSF9	NA	13	4044	0.159975
IGSF9B	NA	106	4758	1.10867
IHH	NA	4	2072	0.0960705
IK	NA	1430	1935	36.7769
IKBIP	NA	2030	4099	24.6455
IKBKAP	NA	954	6114	7.76502
IKBKB	NA	549	4187	6.52513
IKBKE	NA	278	3474	3.98231
IKBKG	NA	456	2711	8.37057
IKZF1	NA	0	8317	0
IKZF2	NA	10	9657	0.051532
IKZF3	NA	12	10008	0.0596697
IKZF4	NA	111	5451	1.01337
IKZF5	NA	211	4809	2.18347
IL10	NA	0	1629	0
IL10RA	NA	0	3787	0
IL10RB	NA	327	1961	8.29831
IL10RB-AS1	NA	12	469	1.27329
IL11	NA	398	2378	8.32896
IL11RA	NA	59	1824	1.60971
IL12A	NA	92	1443	3.17279
IL12A-AS1	NA	16	2424	0.328479
IL12B	NA	5	2347	0.106017
IL12RB1	NA	0	3616	0
IL12RB2	NA	6	4221	0.0707384
IL13	NA	2	1282	0.0776357
IL13RA1	NA	1701	4006	21.1307
IL13RA2	NA	62	1373	2.24719
IL15	NA	36	2811	0.637325
IL15RA	NA	51	2211	1.14789
IL16	NA	13	8340	0.0775706
IL17A	NA	0	1859	0
IL17B	NA	2	695	0.143207
IL17C	NA	0	1045	0
IL17D	NA	170	1861	4.54592
IL17F	NA	0	808	0
IL17RA	NA	918	8608	5.30713
IL17RB	NA	75	2040	1.82958
IL17RC	NA	304	2857	5.29521
IL17RD	NA	3841	8720	21.9203
IL17RE	NA	94	2929	1.59709
IL17REL	NA	1	3635	0.0136904
IL18	NA	40	1147	1.73547
IL18BP	NA	175	2904	2.99889
IL18R1	NA	0	3718	0
IL18RAP	NA	0	2671	0
IL19	NA	0	1969	0
IL1A	NA	56	2928	0.95178
IL1B	NA	4	1498	0.132882
IL1F10	NA	0	1413	0
IL1R1	NA	0	5311	0
IL1R2	NA	0	1699	0
IL1RAP	NA	0	7043	0
IL1RAPL1	NA	0	2679	0
IL1RAPL2	NA	0	2985	0
IL1RL1	NA	2	5001	0.0199018
IL1RL2	NA	0	1964	0
IL1RN	NA	1	2113	0.0235516
IL2	NA	0	798	0
IL20	NA	1	1234	0.0403278
IL20RA	NA	0	3922	0
IL20RB	NA	376	2046	9.14538
IL21	NA	0	707	0
IL21-AS1	NA	0	3748	0
IL21R	NA	14	5094	0.136769
IL21R-AS1	NA	14	2614	0.266528
IL22	NA	0	1147	0
IL22RA1	NA	7	2962	0.117607
IL22RA2	NA	1	2897	0.0171779
IL23A	NA	68	1042	3.24759
IL23R	NA	0	2814	0
IL24	NA	1	1979	0.0251463
IL25	NA	1	1367	0.0364042
IL26	NA	0	1047	0
IL27	NA	2	1044	0.0953343
IL27RA	NA	1555	2659	29.1026
IL2RA	NA	0	3216	0
IL2RB	NA	21	4043	0.258485
IL2RG	NA	9	1534	0.291969
IL3	NA	0	924	0
IL31	NA	0	904	0
IL31RA	NA	1	4400	0.0113101
IL32	NA	2949	1483	98.9585
IL33	NA	0	2706	0
IL34	NA	79	1917	2.05081
IL36A	NA	0	477	0
IL36B	NA	0	1869	0
IL36G	NA	4	1212	0.164239
IL36RN	NA	1	2801	0.0177667
IL37	NA	2	838	0.11877
IL3RA	NA	27	3420	0.392878
IL4	NA	2	618	0.16105
IL4I1	NA	459	2496	9.1514
IL4R	NA	1281	3933	16.2086
IL5	NA	0	816	0
IL5RA	NA	0	6306	0
IL6	NA	3	1184	0.126092
IL6R	NA	817	6565	6.19308
IL6ST	NA	1638	9101	8.95662
IL7	NA	0	2076	0
IL7R	NA	1	4600	0.0108184
IL9	NA	0	591	0
IL9R	NA	6	4556	0.0655371
ILDR1	NA	0	2888	0
ILDR2	NA	12	8127	0.0734802
ILF2	NA	6460	1906	168.667
ILF3	NA	8602	7473	57.2828
ILF3-AS1	NA	386	2011	9.55201
ILK	NA	2555	2186	58.1648
ILKAP	NA	880	1443	30.3484
ILVBL	NA	662	2331	14.133
IMMP1L	NA	242	804	14.9789
IMMP2L	NA	321	1577	10.1296
IMMT	NA	4275	3001	70.8908
IMP3	NA	1301	1239	52.2547
IMP4	NA	411	1049	19.4978
IMPA1	NA	542	3597	7.49857
IMPA2	NA	323	1537	10.458
IMPACT	NA	830	3758	10.9911
IMPAD1	NA	1285	7230	8.84473
IMPDH1	NA	1417	2735	25.7829
IMPDH2	NA	4014	1691	118.128
IMPG1	NA	1	3559	0.0139827
IMPG2	NA	26	8352	0.154918
INA	NA	2242	3231	34.5317
INADL	NA	378	8504	2.21202
INAFM1	NA	434	936	23.0746
INAFM2	NA	5754	2660	107.648
INCA1	NA	84	1553	2.6917
INCENP	NA	764	4146	9.1703
INE1	NA	41	1008	2.02415
INE2	NA	23	1874	0.61077
INF2	NA	2043	5569	18.2562
ING1	NA	534	4221	6.29572
ING2	NA	321	2702	5.91207
ING3	NA	131	3025	2.15509
ING4	NA	437	1448	15.0187
ING5	NA	655	5198	6.27082
INGX	NA	0	769	0
INHA	NA	25	1431	0.869401
INHBA	NA	1	2175	0.0228802
INHBA-AS1	NA	1	4527	0.0109928
INHBB	NA	1	3203	0.0155368
INHBC	NA	4	3301	0.0603023
INHBE	NA	199	2437	4.06366
INIP	NA	165	1519	5.40562
INMT	NA	125	2559	2.43086
INMT-FAM188B	NA	121	3185	1.89058
INO80	NA	844	6330	6.63527
INO80B	NA	282	1261	11.1289
INO80B-WBP1	NA	1489	2112	35.0849
INO80C	NA	522	1232	21.0853
INO80D	NA	397	14136	1.3976
INO80E	NA	813	1477	27.3924
INPP1	NA	519	2163	11.9407
INPP4A	NA	597	6998	4.24541
INPP4B	NA	914	4123	11.032
INPP5A	NA	847	2938	14.3467
INPP5B	NA	414	4573	4.50525
INPP5D	NA	1704	5192	16.3326
INPP5E	NA	600	3380	8.83393
INPP5F	NA	486	5388	4.48878
INPP5J	NA	332	3595	4.59578
INPP5K	NA	443	3372	6.53786
INPPL1	NA	2982	4715	31.4735
INS	NA	0	644	0
INS-IGF2	NA	8	5255	0.0757595
INSC	NA	1	3234	0.0153879
INSIG1	NA	774	3081	12.5017
INSIG2	NA	183	2583	3.52571
INSL3	NA	63	900	3.48351
INSL4	NA	3	615	0.242754
INSL5	NA	0	718	0
INSL6	NA	0	708	0
INSM1	NA	0	2828	0
INSM2	NA	5	3013	0.082583
INSR	NA	596	9059	3.27405
INSRR	NA	8	4193	0.0949478
INTS1	NA	4257	6974	30.3767
INTS10	NA	737	2534	14.4737
INTS12	NA	505	1752	14.3442
INTS2	NA	301	6162	2.43088
INTS3	NA	1247	4482	13.8457
INTS4	NA	572	3149	9.03947
INTS4P2	NA	68	1767	1.9151
INTS5	NA	827	3285	12.5282
INTS6	NA	1030	9290	5.51748
INTS6-AS1	NA	23	787	1.45436
INTS7	NA	483	4571	5.25842
INTS8	NA	453	3563	6.32706
INTS9	NA	491	2796	8.73904
INTU	NA	191	3275	2.9023
INVS	NA	175	3977	2.18979
IP6K1	NA	2029	4993	20.2227
IP6K2	NA	3029	3655	41.2412
IP6K3	NA	933	2823	16.4471
IPCEF1	NA	0	6953	0
IPMK	NA	130	6133	1.05485
IPO11	NA	690	4633	7.4115
IPO11-LRRC70	NA	565	1818	15.4659
IPO13	NA	602	4027	7.43934
IPO4	NA	1736	3620	23.865
IPO5	NA	4091	6002	33.9198
IPO5P1	NA	554	5510	5.00354
IPO7	NA	3932	6192	31.6011
IPO8	NA	1004	5690	8.78094
IPO9	NA	2681	11416	11.687
IPO9-AS1	NA	79	842	4.66912
IPP	NA	160	3443	2.31261
IPPK	NA	597	4401	6.7506
IPW	NA	793	4498	8.77351
IQCA1	NA	17	3410	0.248093
IQCA1L	NA	1	2604	0.0191108
IQCB1	NA	640	2594	12.2781
IQCC	NA	108	2293	2.3439
IQCD	NA	53	1369	1.9266
IQCE	NA	703	7205	4.85558
IQCF1	NA	1	730	0.0681705
IQCF2	NA	0	587	0
IQCF3	NA	1	1301	0.038251
IQCF4	NA	0	967	0
IQCF5	NA	0	512	0
IQCF5-AS1	NA	0	2000	0
IQCF6	NA	0	446	0
IQCG	NA	155	2345	3.28934
IQCH	NA	58	5593	0.516063
IQCH-AS1	NA	224	6682	1.66825
IQCJ	NA	1	2628	0.0189363
IQCJ-SCHIP1	NA	821	2465	16.5747
IQCJ-SCHIP1-AS1	NA	1	597	0.0833576
IQCK	NA	201	3482	2.87268
IQGAP1	NA	8671	7210	59.8485
IQGAP2	NA	1819	6017	15.0443
IQGAP3	NA	1165	6052	9.57958
IQSEC1	NA	902	7700	5.82956
IQSEC2	NA	335	6967	2.39287
IQSEC3	NA	4	7394	0.0269216
IQUB	NA	1	3883	0.012816
IRAIN	NA	103	5356	0.95701
IRAK1	NA	4385	3571	61.1082
IRAK1BP1	NA	134	3448	1.934
IRAK2	NA	277	3469	3.9737
IRAK3	NA	1	8336	0.00596983
IRAK4	NA	153	4341	1.75397
IREB2	NA	1328	6367	10.3797
IRF1	NA	238	3554	3.33257
IRF2	NA	329	2286	7.16208
IRF2BP1	NA	776	2564	15.0613
IRF2BP2	NA	3583	4663	38.2385
IRF2BPL	NA	2116	4157	25.3312
IRF3	NA	1536	2010	38.029
IRF4	NA	0	5461	0
IRF5	NA	3	3128	0.0477281
IRF6	NA	13	4505	0.143605
IRF7	NA	110	2138	2.56038
IRF8	NA	0	2661	0
IRF9	NA	145	1678	4.30027
IRG1	NA	0	2090	0
IRGC	NA	0	1606	0
IRGM	NA	0	1659	0
IRGQ	NA	1594	9687	8.18877
IRS1	NA	1993	8736	11.3531
IRS2	NA	30	6998	0.213337
IRS4	NA	0	3881	0
IRX1	NA	0	1858	0
IRX2	NA	0	3057	0
IRX3	NA	37	2308	0.797784
IRX4	NA	1	2540	0.0195923
IRX5	NA	1	2062	0.0241341
IRX6	NA	0	2329	0
ISCA1	NA	787	2002	19.5628
ISCA2	NA	595	1088	27.215
ISCU	NA	1872	2411	38.6392
ISG15	NA	2151	666	160.726
ISG20	NA	102	3884	1.30689
ISG20L2	NA	1397	2723	25.531
ISL1	NA	20	2717	0.366319
ISL2	NA	71	1880	1.8794
ISLR	NA	10	2385	0.208656
ISLR2	NA	1	5013	0.00992709
ISM1	NA	3	2592	0.0575978
ISM1-AS1	NA	0	1046	0
ISM2	NA	77	2990	1.28156
ISOC1	NA	185	1940	4.74558
ISOC2	NA	1101	1169	46.8697
ISPD	NA	135	5524	1.21619
ISPD-AS1	NA	0	2332	0
IST1	NA	3515	4249	41.1679
ISX	NA	0	3095	0
ISY1	NA	712	3844	9.21757
ISY1-RAB43	NA	1397	5068	13.7176
ISYNA1	NA	6351	2728	115.856
ITCH	NA	1176	6524	8.97042
ITFG1	NA	1173	3399	17.1738
ITFG1-AS1	NA	57	880	3.22338
ITFG2	NA	214	2826	3.76844
ITFG3	NA	2036	3867	26.2013
ITGA1	NA	13	4796	0.134891
ITGA10	NA	19	5269	0.179451
ITGA11	NA	63	5009	0.625906
ITGA2	NA	13	7910	0.0817874
ITGA2B	NA	10	3334	0.149264
ITGA3	NA	1471	5027	14.5621
ITGA4	NA	6	6076	0.049142
ITGA5	NA	3756	4250	43.9801
ITGA6	NA	1455	5810	12.4625
ITGA7	NA	132	4413	1.48854
ITGA8	NA	0	6965	0
ITGA9	NA	19	3962	0.238649
ITGA9-AS1	NA	8	874	0.45551
ITGAD	NA	13	3912	0.165373
ITGAE	NA	602	3861	7.75919
ITGAL	NA	3	5209	0.0286607
ITGAM	NA	52	4745	0.545364
ITGAV	NA	8651	7210	59.7105
ITGAX	NA	137	4703	1.44966
ITGB1	NA	12675	4087	154.334
ITGB1BP1	NA	1663	1928	42.9245
ITGB1BP2	NA	16	1282	0.621086
ITGB2	NA	25	3220	0.38637
ITGB2-AS1	NA	49	2395	1.01815
ITGB3	NA	100	4894	1.01685
ITGB3BP	NA	383	1176	16.2073
ITGB4	NA	10	6078	0.0818764
ITGB5	NA	2377	4380	27.0069
ITGB6	NA	22	4687	0.233586
ITGB7	NA	8	2867	0.138862
ITGB8	NA	4	8777	0.0226795
ITGBL1	NA	29	5926	0.243532
ITIH1	NA	1	3256	0.0152839
ITIH2	NA	1	3189	0.015605
ITIH3	NA	52	3037	0.852076
ITIH4	NA	42	3283	0.636646
ITIH4-AS1	NA	4	395	0.503944
ITIH5	NA	12	7835	0.0762188
ITIH6	NA	0	4968	0
ITK	NA	1	4366	0.0113982
ITLN1	NA	0	1182	0
ITLN2	NA	3	1150	0.12982
ITM2A	NA	0	1834	0
ITM2B	NA	6395	1896	167.85
ITM2C	NA	3991	2277	87.2245
ITPA	NA	959	1412	33.799
ITPK1	NA	1118	4985	11.1608
ITPK1-AS1	NA	0	4682	0
ITPKA	NA	108	1849	2.90674
ITPKB	NA	769	6162	6.21047
ITPKB-IT1	NA	0	1347	0
ITPKC	NA	361	3385	5.30723
ITPR1	NA	490	10242	2.38084
ITPR1-AS1	NA	39	1432	1.35532
ITPR2	NA	1076	12583	4.25547
ITPR3	NA	3687	9031	20.3169
ITPRIP	NA	365	7185	2.52805
ITPRIPL1	NA	218	2502	4.336
ITPRIPL2	NA	799	7699	5.16454
ITSN1	NA	1513	7951	9.46971
ITSN2	NA	416	6738	3.07243
IVD	NA	1643	4665	17.5269
IVL	NA	61	2135	1.42184
IVNS1ABP	NA	9159	4197	108.6
IWS1	NA	2691	3000	44.6388
IYD	NA	0	7575	0
IZUMO1	NA	0	1621	0
IZUMO1R	NA	8	753	0.528706
IZUMO2	NA	0	814	0
IZUMO3	NA	0	743	0
IZUMO4	NA	33	1015	1.61796
JADE1	NA	1249	8817	7.04955
JADE2	NA	842	7014	5.97401
JADE3	NA	293	4997	2.91795
JAG1	NA	22	5987	0.182866
JAG2	NA	1116	5835	9.51794
JAGN1	NA	983	1658	29.5045
JAK1	NA	2159	5053	21.2629
JAK2	NA	148	5285	1.39359
JAK3	NA	235	5434	2.15213
JAKMIP1	NA	0	3435	0
JAKMIP2	NA	0	9270	0
JAKMIP2-AS1	NA	0	1920	0
JAKMIP3	NA	11	6488	0.0843726
JAM2	NA	35	4670	0.372967
JAM3	NA	1704	3668	23.1185
JARID2	NA	933	6207	7.48031
JARID2-AS1	NA	5	517	0.481281
JAZF1	NA	10	3199	0.155563
JAZF1-AS1	NA	0	1194	0
JCHAIN	NA	2	1409	0.070638
JDP2	NA	566	4274	6.59024
JHDM1D-AS1	NA	96	2380	2.00731
JKAMP	NA	601	2972	10.0634
JMJD1C	NA	912	9347	4.85559
JMJD1C-AS1	NA	57	1334	2.12637
JMJD4	NA	794	2595	15.2266
JMJD6	NA	621	5713	5.40937
JMJD7	NA	151	1422	5.28442
JMJD7-PLA2G4B	NA	254	3367	3.75414
JMJD8	NA	1850	2042	45.0854
JMY	NA	509	9129	2.77469
JOSD1	NA	1567	3435	22.7019
JOSD2	NA	240	1041	11.4731
JPH1	NA	8	4373	0.0910396
JPH2	NA	96	5941	0.804139
JPH3	NA	762	4658	8.14095
JPH4	NA	0	4404	0
JPX	NA	53	1670	1.57935
JRK	NA	730	9127	3.98029
JRKL	NA	170	3570	2.36974
JRKL-AS1	NA	0	648	0
JSRP1	NA	14	1145	0.608474
JTB	NA	1594	1574	50.3968
JUN	NA	1424	3323	21.3255
JUNB	NA	1468	1816	40.2281
JUND	NA	11091	1963	281.171
JUP	NA	6385	3508	90.5776
KAAG1	NA	5	1382	0.180045
KALRN	NA	3	14723	0.0101402
KANK1	NA	30	6696	0.222959
KANK2	NA	2008	5232	19.0992
KANK3	NA	97	2787	1.73203
KANK4	NA	50	5477	0.454304
KANSL1	NA	1020	11207	4.52929
KANSL1-AS1	NA	17	1044	0.810341
KANSL1L	NA	169	4743	1.77318
KANSL2	NA	647	2386	13.4944
KANSL3	NA	1234	5544	11.0767
KANTR	NA	23	2423	0.472383
KARS	NA	4983	2193	113.076
KAT2A	NA	1254	3112	20.0529
KAT2B	NA	180	4824	1.85688
KAT5	NA	693	2332	14.7885
KAT6A	NA	806	9936	4.03685
KAT6B	NA	674	8499	3.9465
KAT7	NA	976	3646	13.3215
KAT8	NA	368	1823	10.0457
KATNA1	NA	479	1986	12.0026
KATNAL1	NA	645	7669	4.18543
KATNAL2	NA	48	2833	0.843168
KATNB1	NA	675	2646	12.695
KATNBL1	NA	506	2740	9.19009
KATNBL1P6	NA	148	2156	3.41612
KAZALD1	NA	251	2514	4.96853
KAZN	NA	562	9368	2.98544
KBTBD11	NA	113	6717	0.837187
KBTBD11-OT1	NA	2	781	0.127438
KBTBD12	NA	0	5268	0
KBTBD13	NA	0	3123	0
KBTBD2	NA	816	3710	10.9455
KBTBD3	NA	40	4231	0.470475
KBTBD4	NA	485	2507	9.62736
KBTBD6	NA	364	5228	3.46486
KBTBD7	NA	55	2992	0.914789
KBTBD8	NA	190	4682	2.01949
KC6	NA	0	1712	0
KCCAT198	NA	4	549	0.362583
KCCAT211	NA	0	2957	0
KCCAT333	NA	3	1379	0.108262
KCMF1	NA	1388	7553	9.14512
KCNA1	NA	0	7983	0
KCNA10	NA	0	1959	0
KCNA2	NA	0	2820	0
KCNA3	NA	0	9027	0
KCNA4	NA	0	4179	0
KCNA5	NA	0	2870	0
KCNA6	NA	0	5978	0
KCNA7	NA	9	4372	0.102443
KCNAB1	NA	89	5316	0.833153
KCNAB1-AS1	NA	0	456	0
KCNAB1-AS2	NA	0	538	0
KCNAB2	NA	241	5758	2.08288
KCNAB3	NA	49	2458	0.992051
KCNB1	NA	4	3756	0.0529973
KCNB2	NA	0	3582	0
KCNC1	NA	32	8366	0.190349
KCNC2	NA	2	6077	0.016378
KCNC3	NA	908	6272	7.20443
KCNC4	NA	786	4437	8.81562
KCNC4-AS1	NA	14	1131	0.616006
KCND1	NA	293	4720	3.08919
KCND2	NA	0	5333	0
KCND3	NA	3	2693	0.0554376
KCND3-AS1	NA	0	448	0
KCND3-IT1	NA	0	376	0
KCNE1	NA	234	4136	2.8155
KCNE2	NA	11	803	0.681705
KCNE3	NA	25	3070	0.405248
KCNE4	NA	2	3177	0.031328
KCNE5	NA	0	1465	0
KCNF1	NA	40	2289	0.869629
KCNG1	NA	17	2220	0.381079
KCNG2	NA	30	1401	1.06562
KCNG3	NA	28	3824	0.364384
KCNG4	NA	0	2763	0
KCNH1	NA	163	8106	1.00069
KCNH2	NA	412	5464	3.75237
KCNH3	NA	20	3853	0.258316
KCNH4	NA	16	3923	0.202965
KCNH5	NA	0	3954	0
KCNH6	NA	5	4067	0.0611808
KCNH7	NA	1	4331	0.0114903
KCNH8	NA	1	5063	0.00982905
KCNIP1	NA	0	2763	0
KCNIP2	NA	31	2760	0.558949
KCNIP2-AS1	NA	12	970	0.615643
KCNIP3	NA	13	3017	0.214431
KCNIP4	NA	13	3166	0.204339
KCNIP4-IT1	NA	0	9848	0
KCNJ1	NA	0	2908	0
KCNJ10	NA	0	5306	0
KCNJ11	NA	97	3569	1.35252
KCNJ12	NA	81	5230	0.770731
KCNJ13	NA	60	3609	0.82734
KCNJ14	NA	28	2851	0.488743
KCNJ15	NA	0	3679	0
KCNJ16	NA	301	4505	3.325
KCNJ18	NA	30	2198	0.679224
KCNJ2	NA	910	5386	8.40804
KCNJ2-AS1	NA	334	2442	6.80645
KCNJ3	NA	0	4885	0
KCNJ4	NA	756	2122	17.7295
KCNJ5	NA	0	2899	0
KCNJ6	NA	0	2790	0
KCNJ8	NA	0	2389	0
KCNJ9	NA	1	3029	0.0164293
KCNK1	NA	76	2161	1.75016
KCNK10	NA	0	8178	0
KCNK12	NA	71	1424	2.48124
KCNK13	NA	16	2522	0.315714
KCNK15	NA	315	2532	6.19108
KCNK16	NA	0	1681	0
KCNK17	NA	0	1717	0
KCNK18	NA	0	1155	0
KCNK2	NA	1	3812	0.0130547
KCNK3	NA	12	3978	0.150119
KCNK4	NA	7	1810	0.192459
KCNK5	NA	0	3783	0
KCNK6	NA	63	2655	1.18085
KCNK7	NA	11	1563	0.35023
KCNK9	NA	6	4427	0.0674468
KCNMA1	NA	314	15599	1.00173
KCNMA1-AS1	NA	0	804	0
KCNMA1-AS2	NA	0	445	0
KCNMA1-AS3	NA	0	1234	0
KCNMB1	NA	0	1562	0
KCNMB2	NA	1	3043	0.0163538
KCNMB2-AS1	NA	3	2197	0.0679533
KCNMB3	NA	93	3495	1.32421
KCNMB4	NA	118	4725	1.2428
KCNN1	NA	78	2657	1.46091
KCNN2	NA	0	3021	0
KCNN3	NA	105	13233	0.394867
KCNN4	NA	201	2240	4.46547
KCNQ1	NA	19	3507	0.269611
KCNQ1-AS1	NA	0	1085	0
KCNQ1DN	NA	0	1094	0
KCNQ1OT1	NA	336	91671	0.182401
KCNQ2	NA	660	3381	9.71445
KCNQ3	NA	1	11310	0.00440004
KCNQ4	NA	63	4099	0.76486
KCNQ5	NA	0	6639	0
KCNQ5-AS1	NA	0	1101	0
KCNQ5-IT1	NA	0	563	0
KCNRG	NA	20	1625	0.612486
KCNS1	NA	1	4539	0.0109638
KCNS2	NA	4	3166	0.0628737
KCNS3	NA	0	2551	0
KCNT1	NA	8	4840	0.0822554
KCNT2	NA	35	5995	0.290535
KCNU1	NA	9	3742	0.11969
KCNV1	NA	0	2929	0
KCNV2	NA	3	2162	0.0690534
KCP	NA	455	5399	4.1939
KCTD1	NA	638	4229	7.50763
KCTD10	NA	2042	3970	25.5968
KCTD11	NA	670	3055	10.914
KCTD12	NA	9	6237	0.0718102
KCTD13	NA	337	2263	7.4108
KCTD14	NA	478	1897	12.5395
KCTD15	NA	982	4932	9.9085
KCTD16	NA	0	5183	0
KCTD17	NA	465	1766	13.1033
KCTD18	NA	200	2937	3.3888
KCTD19	NA	37	2911	0.632527
KCTD2	NA	816	4070	9.97735
KCTD20	NA	2703	5619	23.939
KCTD21	NA	282	3397	4.13117
KCTD21-AS1	NA	44	1083	2.02183
KCTD3	NA	748	3931	9.46931
KCTD4	NA	4	2119	0.0939396
KCTD5	NA	1672	2463	33.7825
KCTD6	NA	757	1907	19.7544
KCTD7	NA	370	5051	3.64539
KCTD8	NA	0	2593	0
KCTD9	NA	698	3401	10.2134
KDELC1	NA	1084	2107	25.6026
KDELC2	NA	1379	4311	15.9186
KDELR1	NA	8490	1557	271.356
KDELR2	NA	3445	2860	59.9436
KDELR3	NA	301	1896	7.90038
KDF1	NA	0	1803	0
KDM1A	NA	2513	3107	40.2505
KDM1B	NA	243	3875	3.12072
KDM2A	NA	2022	7712	13.0477
KDM2B	NA	915	5746	7.92456
KDM3A	NA	781	4918	7.90282
KDM3B	NA	2189	6813	15.9892
KDM4A	NA	1630	4509	17.9898
KDM4A-AS1	NA	136	1560	4.33844
KDM4B	NA	915	5603	8.12681
KDM4C	NA	420	7389	2.82868
KDM4D	NA	63	2972	1.0549
KDM4E	NA	165	2339	3.51054
KDM5A	NA	1174	10836	5.39161
KDM5B	NA	2878	6383	22.4381
KDM5C	NA	3242	6862	23.5116
KDM5D	NA	1276	5581	11.3778
KDM6A	NA	387	5940	3.24223
KDM6B	NA	593	6704	4.4019
KDM7A	NA	316	9178	1.7134
KDM8	NA	142	2672	2.64467
KDR	NA	0	6055	0
KDSR	NA	923	5198	8.8366
KEAP1	NA	2307	2701	42.5053
KEL	NA	3	2547	0.0586154
KERA	NA	0	2530	0
KGFLP1	NA	147	2225	3.28781
KGFLP2	NA	200	4707	2.11449
KHDC1	NA	91	3080	1.47031
KHDC1L	NA	321	634	25.1962
KHDC3L	NA	2	1022	0.0973865
KHDRBS1	NA	5312	3731	70.852
KHDRBS2	NA	0	2300	0
KHDRBS3	NA	5	1968	0.126434
KHK	NA	77	2550	1.50269
KHNYN	NA	2373	6417	18.4029
KHSRP	NA	4773	3250	73.0849
KIAA0020	NA	1474	2219	33.0567
KIAA0040	NA	3	4818	0.0309866
KIAA0087	NA	1	4320	0.0115196
KIAA0100	NA	3340	7435	22.3555
KIAA0101	NA	1071	1734	30.7369
KIAA0125	NA	1	9613	0.00517679
KIAA0141	NA	1113	4958	11.1714
KIAA0195	NA	1179	5464	10.738
KIAA0196	NA	1083	4165	12.94
KIAA0226	NA	919	7226	6.32903
KIAA0226L	NA	6	4440	0.0672493
KIAA0232	NA	1283	7857	8.12624
KIAA0319	NA	68	7172	0.471833
KIAA0319L	NA	1073	4812	11.0967
KIAA0355	NA	686	6683	5.10825
KIAA0368	NA	2835	7391	19.0884
KIAA0391	NA	1060	3148	16.7568
KIAA0408	NA	97	8124	0.594185
KIAA0430	NA	605	7763	3.87834
KIAA0513	NA	209	8625	1.20589
KIAA0556	NA	500	6623	3.75695
KIAA0586	NA	234	6587	1.76786
KIAA0753	NA	882	4685	9.36868
KIAA0754	NA	17	6979	0.12122
KIAA0825	NA	30	8276	0.180393
KIAA0895	NA	400	4934	4.03441
KIAA0895L	NA	505	3400	7.39149
KIAA0907	NA	1185	2992	19.7095
KIAA0922	NA	329	5019	3.26211
KIAA0930	NA	1824	6417	14.1453
KIAA1024	NA	37	6742	0.273107
KIAA1024L	NA	5	573	0.434245
KIAA1033	NA	767	5815	6.56395
KIAA1107	NA	57	4556	0.622602
KIAA1109	NA	564	15575	1.80207
KIAA1143	NA	693	5141	6.70819
KIAA1147	NA	500	7296	3.4104
KIAA1161	NA	257	6445	1.9844
KIAA1191	NA	2367	2830	41.6228
KIAA1210	NA	4	7824	0.025442
KIAA1211	NA	449	7013	3.18612
KIAA1211L	NA	258	3869	3.31849
KIAA1217	NA	239	9229	1.28873
KIAA1257	NA	5	1712	0.14534
KIAA1279	NA	971	2545	18.9868
KIAA1324	NA	13	8185	0.0790395
KIAA1324L	NA	2101	7173	14.5762
KIAA1328	NA	91	4854	0.932956
KIAA1407	NA	186	3976	2.32802
KIAA1429	NA	1469	6646	10.9997
KIAA1456	NA	1	10008	0.00497247
KIAA1462	NA	271	9300	1.45013
KIAA1467	NA	709	4711	7.4895
KIAA1468	NA	519	5454	4.73557
KIAA1522	NA	1995	5606	17.7096
KIAA1524	NA	624	4265	7.2809
KIAA1549	NA	768	12426	3.07574
KIAA1549L	NA	3	11620	0.012848
KIAA1551	NA	1431	6232	11.427
KIAA1586	NA	373	3109	5.97046
KIAA1614	NA	21	4155	0.251517
KIAA1644	NA	21	6741	0.15503
KIAA1656	NA	171	7605	1.11896
KIAA1671	NA	1559	10494	7.39307
KIAA1683	NA	51	4443	0.571233
KIAA1715	NA	402	8258	2.42254
KIAA1755	NA	9	6412	0.0698504
KIAA1804	NA	3	5809	0.0257004
KIAA1841	NA	225	5518	2.02918
KIAA1875	NA	25	7119	0.174759
KIAA1919	NA	168	3918	2.13385
KIAA1958	NA	228	7652	1.48279
KIAA2012	NA	17	4029	0.209977
KIAA2013	NA	1488	2823	26.2308
KIAA2018	NA	164	13707	0.595417
KIAA2022	NA	1	11717	0.0042472
KIAA2026	NA	297	7204	2.05165
KIDINS220	NA	3596	7361	24.311
KIF11	NA	1323	5078	12.9654
KIF12	NA	39	2003	0.968954
KIF13A	NA	1097	8714	6.26482
KIF13B	NA	256	8766	1.45331
KIF14	NA	484	7277	3.30988
KIF15	NA	160	4837	1.64613
KIF16B	NA	266	6246	2.11933
KIF17	NA	145	4098	1.76082
KIF18A	NA	2021	3463	29.0425
KIF18B	NA	962	4289	11.1619
KIF19	NA	0	3643	0
KIF1A	NA	7884	9223	42.5397
KIF1B	NA	2028	16016	6.30135
KIF1C	NA	4084	7917	25.6711
KIF20A	NA	801	3471	11.4841
KIF20B	NA	903	6450	6.96703
KIF21A	NA	433	6641	3.2447
KIF21B	NA	172	9940	0.861116
KIF22	NA	1489	2423	30.5816
KIF23	NA	1021	3723	13.6475
KIF24	NA	201	6227	1.60634
KIF25	NA	1	1510	0.0329566
KIF25-AS1	NA	16	1405	0.566713
KIF26A	NA	399	6757	2.93859
KIF26B	NA	259	7287	1.76877
KIF27	NA	53	4689	0.562491
KIF2A	NA	1197	4364	13.6499
KIF2B	NA	0	2335	0
KIF2C	NA	1180	3278	17.914
KIF3A	NA	465	6347	3.64589
KIF3B	NA	1186	6113	9.65495
KIF3C	NA	982	5431	8.99811
KIF4A	NA	749	4501	8.28118
KIF4B	NA	103	4426	1.1581
KIF5A	NA	3	3897	0.0383098
KIF5B	NA	3799	5889	32.1031
KIF5C	NA	1290	7296	8.79882
KIF6	NA	13	4236	0.152724
KIF7	NA	1583	4558	17.2833
KIF9	NA	104	3603	1.43644
KIF9-AS1	NA	71	2540	1.39105
KIFAP3	NA	2064	4573	22.4609
KIFC1	NA	1207	8100	7.41552
KIFC2	NA	1416	3266	21.5758
KIFC3	NA	1763	3708	23.661
KIN	NA	431	6394	3.35447
KIR2DL1	NA	0	1598	0
KIR2DL2	NA	0	1587	0
KIR2DL3	NA	0	1596	0
KIR2DL4	NA	43	3159	0.677389
KIR2DL5A	NA	0	1596	0
KIR2DL5B	NA	0	1632	0
KIR2DS1	NA	0	1101	0
KIR2DS2	NA	0	2552	0
KIR2DS3	NA	0	1113	0
KIR2DS4	NA	0	1608	0
KIR2DS5	NA	0	1601	0
KIR3DL1	NA	0	1901	0
KIR3DL2	NA	0	1885	0
KIR3DL3	NA	0	1723	0
KIR3DS1	NA	0	1767	0
KIR3DX1	NA	0	3601	0
KIRREL	NA	3619	7820	23.0304
KIRREL2	NA	70	2993	1.16389
KIRREL3	NA	2	4254	0.0233966
KIRREL3-AS2	NA	0	494	0
KIRREL3-AS3	NA	0	1768	0
KISS1	NA	87	714	6.06374
KISS1R	NA	12	1625	0.367492
KIT	NA	0	5176	0
KITLG	NA	100	5443	0.914284
KIZ	NA	90	2198	2.03767
KIZ-AS1	NA	0	1161	0
KL	NA	1	5006	0.00994097
KLB	NA	5	6079	0.0409315
KLC1	NA	2676	3158	42.169
KLC2	NA	841	3269	12.8027
KLC3	NA	435	1793	12.0734
KLC4	NA	172	3224	2.65493
KLF1	NA	0	1614	0
KLF10	NA	858	3594	11.8803
KLF11	NA	335	4296	3.88061
KLF12	NA	0	10909	0
KLF13	NA	805	7121	5.62567
KLF14	NA	7	1479	0.235532
KLF15	NA	125	2525	2.46359
KLF16	NA	1339	2887	23.0809
KLF17	NA	1	3128	0.0159094
KLF2	NA	149	1649	4.49661
KLF3	NA	725	5615	6.42551
KLF3-AS1	NA	30	2368	0.630462
KLF4	NA	82	2933	1.3913
KLF5	NA	134	3749	1.77873
KLF6	NA	2989	4662	31.9061
KLF7	NA	279	8880	1.56355
KLF8	NA	1	5421	0.00917995
KLF9	NA	408	5208	3.8986
KLHDC1	NA	17	2691	0.31438
KLHDC10	NA	799	6438	6.17612
KLHDC2	NA	439	1806	12.0967
KLHDC3	NA	1080	2019	26.6199
KLHDC4	NA	761	1930	19.6222
KLHDC7A	NA	291	5057	2.86365
KLHDC7B	NA	32	2991	0.532419
KLHDC8A	NA	6	3674	0.0812703
KLHDC8B	NA	475	1985	11.9084
KLHDC9	NA	66	1368	2.40092
KLHL1	NA	3	4150	0.0359743
KLHL10	NA	9	2009	0.222937
KLHL11	NA	435	7409	2.92179
KLHL12	NA	1082	3537	15.2234
KLHL13	NA	13	4768	0.135683
KLHL14	NA	0	4261	0
KLHL15	NA	329	6276	2.60875
KLHL17	NA	626	2564	12.15
KLHL18	NA	778	4726	8.19229
KLHL2	NA	511	3299	7.70829
KLHL20	NA	336	3464	4.82704
KLHL21	NA	1124	4516	12.386
KLHL22	NA	706	2616	13.4303
KLHL23	NA	510	4075	6.22819
KLHL24	NA	315	7328	2.13917
KLHL25	NA	458	3681	6.19183
KLHL26	NA	353	3122	5.6268
KLHL28	NA	134	6811	0.979069
KLHL29	NA	66	5084	0.646038
KLHL3	NA	281	7875	1.77572
KLHL30	NA	18	3685	0.243083
KLHL31	NA	18	5743	0.155974
KLHL32	NA	1	4278	0.0116327
KLHL33	NA	1	1863	0.026712
KLHL34	NA	0	3039	0
KLHL35	NA	0	1938	0
KLHL36	NA	782	7559	5.14828
KLHL38	NA	5	1834	0.135672
KLHL4	NA	0	5855	0
KLHL40	NA	1	2419	0.0205723
KLHL41	NA	3	2464	0.0605899
KLHL42	NA	556	6469	4.27718
KLHL5	NA	2487	7984	15.5015
KLHL6	NA	2	6320	0.0157483
KLHL6-AS1	NA	0	503	0
KLHL7	NA	576	4093	7.00326
KLHL7-AS1	NA	7	2564	0.135863
KLHL8	NA	347	5854	2.94983
KLHL9	NA	852	4412	9.61001
KLK1	NA	0	876	0
KLK10	NA	7	3286	0.106011
KLK11	NA	0	1520	0
KLK12	NA	0	1074	0
KLK13	NA	9	1258	0.356026
KLK14	NA	6	1133	0.263537
KLK15	NA	0	1309	0
KLK2	NA	0	2958	0
KLK3	NA	0	1906	0
KLK4	NA	14	1359	0.512659
KLK5	NA	19	1563	0.604943
KLK6	NA	1246	1711	36.24
KLK7	NA	2	2135	0.0466178
KLK8	NA	1	1148	0.0433489
KLK9	NA	1	1438	0.0346067
KLKB1	NA	6	2247	0.132882
KLKP1	NA	0	1125	0
KLLN	NA	48	4277	0.558498
KLRAP1	NA	31	2208	0.698686
KLRB1	NA	0	740	0
KLRC1	NA	2	1819	0.0547163
KLRC2	NA	1	1213	0.041026
KLRC3	NA	0	1145	0
KLRC4	NA	0	928	0
KLRC4-KLRK1	NA	1	1947	0.0255596
KLRD1	NA	2	3355	0.0296659
KLRF1	NA	0	1241	0
KLRF2	NA	0	731	0
KLRG1	NA	19	1788	0.528817
KLRG2	NA	1	1544	0.0322309
KLRK1	NA	1	1589	0.0313181
KMO	NA	247	5266	2.33419
KMT2A	NA	1497	16594	4.48942
KMT2B	NA	1045	8471	6.13905
KMT2C	NA	782	16862	2.3079
KMT2D	NA	1604	19419	4.11052
KMT2E	NA	754	6863	5.46735
KMT2E-AS1	NA	97	3600	1.34088
KNCN	NA	0	2392	0
KNDC1	NA	158	6773	1.1609
KNG1	NA	2	3433	0.0289918
KNOP1	NA	528	1950	13.4747
KNSTRN	NA	1057	2033	25.8736
KNTC1	NA	523	6965	3.7368
KPNA1	NA	2983	7012	21.1705
KPNA2	NA	7547	1980	189.683
KPNA3	NA	1578	4474	17.5522
KPNA4	NA	2916	8981	16.1578
KPNA5	NA	113	2158	2.60583
KPNA6	NA	2478	7372	16.7277
KPNA7	NA	0	1685	0
KPNB1	NA	7157	4453	79.983
KPRP	NA	1	2523	0.0197243
KPTN	NA	567	1781	15.843
KRAS	NA	1401	5889	11.839
KRBA1	NA	451	4065	5.52123
KRBA2	NA	20	2778	0.358276
KRBOX1	NA	6	691	0.432108
KRBOX1-AS1	NA	0	2142	0
KRBOX4	NA	279	2486	5.58499
KRCC1	NA	592	1827	16.1251
KREMEN1	NA	803	7479	5.34308
KREMEN2	NA	1018	2057	24.6282
KRI1	NA	1799	3005	29.7925
KRIT1	NA	541	5072	5.30808
KRR1	NA	1291	3357	19.1379
KRT1	NA	3	2451	0.0609113
KRT10	NA	566	2140	13.162
KRT12	NA	0	1992	0
KRT13	NA	11	1715	0.319189
KRT14	NA	0	1636	0
KRT15	NA	41	1840	1.10888
KRT16	NA	16	1717	0.463734
KRT16P1	NA	0	1815	0
KRT16P2	NA	0	1575	0
KRT16P3	NA	0	1955	0
KRT17	NA	529	1574	16.7252
KRT17P5	NA	0	3153	0
KRT18	NA	64764	1535	2099.64
KRT18P55	NA	33	1950	0.842168
KRT19	NA	94	1471	3.18006
KRT19P2	NA	0	575	0
KRT2	NA	1	2414	0.020615
KRT20	NA	2	1805	0.0551407
KRT222	NA	0	1735	0
KRT23	NA	0	2428	0
KRT24	NA	0	1881	0
KRT25	NA	0	1670	0
KRT26	NA	0	1730	0
KRT27	NA	0	1612	0
KRT28	NA	0	1692	0
KRT3	NA	4	2310	0.0861723
KRT31	NA	0	1595	0
KRT32	NA	0	2005	0
KRT33A	NA	0	1286	0
KRT33B	NA	2	1607	0.0619347
KRT34	NA	3	1713	0.0871532
KRT35	NA	1	1671	0.0297813
KRT36	NA	0	1644	0
KRT37	NA	1	1718	0.0289665
KRT38	NA	0	2837	0
KRT39	NA	0	1696	0
KRT4	NA	3	2147	0.0695359
KRT40	NA	0	1938	0
KRT42P	NA	3	2864	0.0521276
KRT5	NA	1	2303	0.0216086
KRT6A	NA	4	2450	0.0812482
KRT6B	NA	7	2282	0.152652
KRT6C	NA	4	2289	0.0869629
KRT7	NA	325	1702	9.50262
KRT71	NA	0	2265	0
KRT72	NA	2	2015	0.049394
KRT73	NA	0	2284	0
KRT73-AS1	NA	0	3808	0
KRT74	NA	1	2788	0.0178495
KRT75	NA	390	2125	9.13325
KRT76	NA	4	2529	0.0787102
KRT77	NA	2	3304	0.0301238
KRT78	NA	3	3002	0.0497313
KRT79	NA	8	2066	0.192699
KRT8	NA	116978	2265	2570.13
KRT80	NA	1214	3894	15.5147
KRT81	NA	42	1910	1.0943
KRT82	NA	1	2681	0.0185619
KRT83	NA	19	1875	0.50428
KRT84	NA	9	2073	0.216054
KRT85	NA	2	2747	0.0362319
KRT86	NA	26	2091	0.618784
KRT8P41	NA	86	1828	2.34122
KRT9	NA	1	2289	0.0217407
KRTAP1-1	NA	0	903	0
KRTAP1-3	NA	0	971	0
KRTAP1-4	NA	0	449	0
KRTAP1-5	NA	0	1176	0
KRTAP10-1	NA	0	1011	0
KRTAP10-10	NA	0	1100	0
KRTAP10-11	NA	0	1236	0
KRTAP10-12	NA	0	873	0
KRTAP10-2	NA	1	1149	0.0433111
KRTAP10-3	NA	0	738	0
KRTAP10-4	NA	0	1643	0
KRTAP10-5	NA	0	1150	0
KRTAP10-6	NA	0	1238	0
KRTAP10-7	NA	0	1580	0
KRTAP10-8	NA	0	876	0
KRTAP10-9	NA	0	1256	0
KRTAP11-1	NA	0	911	0
KRTAP12-1	NA	0	588	0
KRTAP12-2	NA	0	739	0
KRTAP12-3	NA	0	410	0
KRTAP12-4	NA	0	447	0
KRTAP13-1	NA	0	747	0
KRTAP13-2	NA	0	849	0
KRTAP13-3	NA	0	520	0
KRTAP13-4	NA	0	483	0
KRTAP15-1	NA	0	453	0
KRTAP16-1	NA	0	1554	0
KRTAP17-1	NA	0	779	0
KRTAP19-1	NA	0	273	0
KRTAP19-2	NA	0	159	0
KRTAP19-3	NA	0	494	0
KRTAP19-4	NA	0	255	0
KRTAP19-5	NA	0	219	0
KRTAP19-6	NA	0	330	0
KRTAP19-7	NA	0	192	0
KRTAP19-8	NA	0	318	0
KRTAP2-1	NA	0	773	0
KRTAP2-2	NA	0	713	0
KRTAP2-3	NA	0	852	0
KRTAP2-4	NA	0	764	0
KRTAP20-1	NA	0	171	0
KRTAP20-2	NA	0	198	0
KRTAP20-3	NA	0	273	0
KRTAP20-4	NA	0	224	0
KRTAP21-1	NA	0	240	0
KRTAP21-2	NA	0	252	0
KRTAP21-3	NA	0	253	0
KRTAP22-1	NA	0	147	0
KRTAP22-2	NA	0	293	0
KRTAP23-1	NA	0	208	0
KRTAP24-1	NA	0	1650	0
KRTAP25-1	NA	0	370	0
KRTAP26-1	NA	0	1158	0
KRTAP27-1	NA	0	682	0
KRTAP29-1	NA	0	1026	0
KRTAP3-1	NA	2	593	0.16784
KRTAP3-2	NA	0	694	0
KRTAP3-3	NA	0	704	0
KRTAP4-1	NA	0	739	0
KRTAP4-11	NA	0	1173	0
KRTAP4-12	NA	0	1075	0
KRTAP4-2	NA	0	763	0
KRTAP4-3	NA	0	942	0
KRTAP4-4	NA	0	1078	0
KRTAP4-5	NA	0	879	0
KRTAP4-6	NA	0	1055	0
KRTAP4-7	NA	1	938	0.0530538
KRTAP4-8	NA	0	1142	0
KRTAP4-9	NA	1	1100	0.0452404
KRTAP5-1	NA	13	942	0.686771
KRTAP5-10	NA	0	1058	0
KRTAP5-11	NA	0	1021	0
KRTAP5-2	NA	1	1118	0.0445121
KRTAP5-3	NA	0	899	0
KRTAP5-4	NA	0	1181	0
KRTAP5-5	NA	0	1127	0
KRTAP5-6	NA	1	561	0.0887068
KRTAP5-7	NA	0	898	0
KRTAP5-8	NA	0	1183	0
KRTAP5-9	NA	1	1188	0.0418893
KRTAP5-AS1	NA	8	2265	0.175769
KRTAP6-1	NA	0	219	0
KRTAP6-2	NA	0	189	0
KRTAP6-3	NA	0	616	0
KRTAP7-1	NA	0	693	0
KRTAP8-1	NA	0	556	0
KRTAP9-1	NA	0	753	0
KRTAP9-2	NA	0	1005	0
KRTAP9-3	NA	0	992	0
KRTAP9-4	NA	0	967	0
KRTAP9-6	NA	0	483	0
KRTAP9-7	NA	0	510	0
KRTAP9-8	NA	0	987	0
KRTAP9-9	NA	0	981	0
KRTCAP2	NA	1059	547	96.3448
KRTCAP3	NA	16	1068	0.745535
KRTDAP	NA	5	493	0.504711
KSR1	NA	270	4491	2.99185
KSR2	NA	11	17008	0.0321854
KTI12	NA	388	1696	11.3848
KTN1	NA	3127	4913	31.6738
KTN1-AS1	NA	89	1512	2.92926
KU-MEL-3	NA	3	1190	0.125457
KXD1	NA	1694	1627	51.8138
KY	NA	0	5704	0
KYNU	NA	1	2014	0.0247093
L1CAM	NA	4404	5242	41.809
L1TD1	NA	1	3990	0.0124723
L2HGDH	NA	381	6095	3.11079
L3HYPDH	NA	147	1381	5.29716
L3MBTL1	NA	145	3565	2.02408
L3MBTL2	NA	1029	3192	16.0425
L3MBTL3	NA	320	4215	3.77809
L3MBTL4	NA	0	3587	0
L3MBTL4-AS1	NA	0	2048	0
LACAT8	NA	2	789	0.126146
LACC1	NA	0	4550	0
LACE1	NA	54	2255	1.1917
LACRT	NA	0	508	0
LACTB	NA	1186	3797	15.544
LACTB2	NA	272	1553	8.716
LACTB2-AS1	NA	55	3715	0.736756
LACTBL1	NA	0	1733	0
LAD1	NA	32	2839	0.560924
LAG3	NA	21	1992	0.524626
LAGE3	NA	631	949	33.0889
LAIR1	NA	1	3448	0.0144329
LAIR2	NA	0	702	0
LALBA	NA	0	728	0
LAMA1	NA	8	9657	0.0412256
LAMA2	NA	8	9692	0.0410768
LAMA3	NA	280	11222	1.24167
LAMA4	NA	3	7567	0.0197295
LAMA5	NA	7816	11431	34.0267
LAMA5-AS1	NA	16	826	0.963961
LAMB1	NA	5845	5846	49.756
LAMB2	NA	6124	5808	52.4721
LAMB2P1	NA	4	1543	0.129007
LAMB3	NA	439	4495	4.8602
LAMB4	NA	20	5858	0.169903
LAMC1	NA	9906	7889	62.4879
LAMC2	NA	125	6503	0.956568
LAMC3	NA	27	6098	0.220341
LAMP1	NA	7243	2540	141.907
LAMP2	NA	2385	9388	12.6426
LAMP3	NA	1	3341	0.0148951
LAMP5	NA	0	2042	0
LAMP5-AS1	NA	0	1928	0
LAMTOR1	NA	2456	1179	103.665
LAMTOR2	NA	679	681	49.6183
LAMTOR3	NA	1174	4280	13.6504
LAMTOR4	NA	1324	612	107.66
LAMTOR5	NA	1620	848	95.069
LAMTOR5-AS1	NA	11	533	1.02703
LANCL1	NA	804	4610	8.6791
LANCL1-AS1	NA	0	2169	0
LANCL2	NA	559	4353	6.39062
LANCL3	NA	0	3332	0
LAP3	NA	1047	2100	24.8112
LAPTM4A	NA	5075	1765	143.091
LAPTM4B	NA	8973	2238	199.525
LAPTM5	NA	126	2240	2.79925
LARGE	NA	28	4201	0.331684
LARGE-AS1	NA	0	2746	0
LARP1	NA	5176	6595	39.057
LARP1B	NA	571	5804	4.89585
LARP4	NA	1249	6709	9.26455
LARP4B	NA	2145	8546	12.4906
LARP6	NA	970	2587	18.6593
LARP7	NA	828	2648	15.5608
LARS	NA	2725	4849	27.9662
LARS2	NA	1075	4203	12.7282
LARS2-AS1	NA	2	1854	0.0536834
LAS1L	NA	1694	2489	33.8694
LASP1	NA	7780	4279	90.4809
LAT	NA	52	1845	1.40258
LAT2	NA	37	2191	0.840386
LATS1	NA	405	7991	2.52216
LATS2	NA	1405	5542	12.6162
LAX1	NA	0	3337	0
LAYN	NA	2123	2772	38.1133
LBH	NA	944	2938	15.9897
LBHD1	NA	1822	1320	68.6901
LBP	NA	2	1894	0.0525496
LBR	NA	1352	3973	16.9347
LBX1	NA	55	1285	2.13
LBX1-AS1	NA	129	1323	4.85232
LBX2	NA	12	1678	0.355884
LBX2-AS1	NA	29	2449	0.58929
LCA10	NA	12	1374	0.434624
LCA5	NA	215	4719	2.2673
LCA5L	NA	39	2364	0.820988
LCAT	NA	524	1354	19.2589
LCE1A	NA	0	625	0
LCE1B	NA	1	1139	0.0436914
LCE1C	NA	0	695	0
LCE1D	NA	0	430	0
LCE1E	NA	5	1179	0.211045
LCE1F	NA	0	598	0
LCE2A	NA	0	592	0
LCE2B	NA	0	611	0
LCE2C	NA	0	593	0
LCE2D	NA	0	594	0
LCE3A	NA	0	270	0
LCE3B	NA	0	288	0
LCE3C	NA	0	425	0
LCE3D	NA	1	610	0.0815811
LCE3E	NA	0	547	0
LCE4A	NA	0	388	0
LCE5A	NA	0	819	0
LCE6A	NA	0	642	0
LCK	NA	7	2235	0.155862
LCLAT1	NA	370	5482	3.35879
LCMT1	NA	623	1370	22.6301
LCMT1-AS1	NA	10	573	0.86849
LCMT1-AS2	NA	1141	2607	21.7803
LCMT2	NA	0	2847	0
LCN1	NA	0	789	0
LCN10	NA	2	2017	0.0493451
LCN12	NA	9	689	0.650044
LCN15	NA	3	762	0.195923
LCN2	NA	1	822	0.0605407
LCN6	NA	0	711	0
LCN8	NA	0	918	0
LCN9	NA	1	524	0.0949704
LCNL1	NA	6	1836	0.162629
LCOR	NA	459	10524	2.17046
LCORL	NA	608	7729	3.91471
LCP1	NA	6	3790	0.0787828
LCP2	NA	0	2422	0
LCT	NA	2	6274	0.0158637
LCTL	NA	132	2981	2.20359
LDAH	NA	382	3981	4.77519
LDB1	NA	1645	2665	30.7177
LDB2	NA	1	3327	0.0149578
LDB3	NA	46	6521	0.351045
LDHA	NA	10773	2553	209.993
LDHAL6A	NA	0	2583	0
LDHAL6B	NA	1	1771	0.0280997
LDHB	NA	19069	1600	593.099
LDHC	NA	0	1284	0
LDHD	NA	55	2072	1.32097
LDLR	NA	1164	5283	10.9646
LDLRAD1	NA	3	2376	0.062834
LDLRAD2	NA	2873	4012	35.6364
LDLRAD3	NA	1295	4011	16.0671
LDLRAD4	NA	62	11054	0.279121
LDLRAD4-AS1	NA	0	2166	0
LDLRAP1	NA	1229	2935	20.8384
LDOC1	NA	0	1469	0
LDOC1L	NA	824	5324	7.70209
LEAP2	NA	4	707	0.281553
LECT1	NA	0	1446	0
LECT2	NA	0	1077	0
LEF1	NA	0	4128	0
LEF1-AS1	NA	0	1988	0
LEFTY1	NA	13	1626	0.397871
LEFTY2	NA	81	2187	1.84313
LEKR1	NA	1	4067	0.0122362
LELP1	NA	0	541	0
LEMD1	NA	10	961	0.517841
LEMD1-AS1	NA	0	2781	0
LEMD2	NA	1610	3108	25.7789
LEMD3	NA	637	4798	6.60692
LENEP	NA	2	649	0.153357
LENG1	NA	184	924	9.90981
LENG8	NA	3793	3725	50.6729
LENG8-AS1	NA	15	892	0.836847
LENG9	NA	402	1917	10.4357
LEO1	NA	1072	2188	24.3819
LEP	NA	0	3427	0
LEPR	NA	149	6891	1.07603
LEPROT	NA	1601	5121	15.5581
LEPROTL1	NA	559	3147	8.83964
LETM1	NA	1892	5462	17.2381
LETM2	NA	208	4234	2.44474
LETMD1	NA	615	2173	14.0843
LEUTX	NA	50	672	3.70272
LFNG	NA	98	3155	1.54578
LGALS1	NA	10346	558	922.694
LGALS12	NA	16	2302	0.345887
LGALS13	NA	0	595	0
LGALS14	NA	0	1083	0
LGALS16	NA	0	624	0
LGALS17A	NA	0	1130	0
LGALS2	NA	2	528	0.188502
LGALS3	NA	2626	2040	64.0596
LGALS3BP	NA	1986	2260	43.7311
LGALS4	NA	5	1279	0.194545
LGALS7	NA	14	494	1.41033
LGALS7B	NA	11	489	1.11945
LGALS8	NA	2083	6670	15.5411
LGALS8-AS1	NA	54	1440	1.86617
LGALS9	NA	16	1764	0.451379
LGALS9B	NA	0	1243	0
LGALS9C	NA	1	1719	0.0289497
LGALSL	NA	343	3827	4.46021
LGI1	NA	1681	2453	34.1028
LGI2	NA	28	6339	0.219815
LGI3	NA	2	3266	0.0304743
LGI4	NA	13	2888	0.224009
LGMN	NA	4129	2175	94.4725
LGR4	NA	926	5247	8.78253
LGR5	NA	0	4893	0
LGR6	NA	5	3640	0.0683578
LGSN	NA	1	5634	0.00883289
LHB	NA	9	523	0.856368
LHCGR	NA	0	3093	0
LHFP	NA	30	2158	0.691814
LHFPL1	NA	1	1765	0.0281952
LHFPL2	NA	956	5045	9.4301
LHFPL3	NA	0	3176	0
LHFPL3-AS1	NA	0	1775	0
LHFPL3-AS2	NA	2	1832	0.0543281
LHFPL4	NA	1	4880	0.0101976
LHFPL5	NA	1	2147	0.0231786
LHPP	NA	95	1685	2.80571
LHX1	NA	18	3431	0.261079
LHX2	NA	352	2416	7.25046
LHX3	NA	5	2579	0.0964802
LHX4	NA	33	1879	0.873991
LHX4-AS1	NA	203	2657	3.8021
LHX5	NA	0	2084	0
LHX5-AS1	NA	0	379	0
LHX6	NA	145	4354	1.65729
LHX8	NA	0	2446	0
LHX9	NA	0	2570	0
LIAS	NA	190	1958	4.82904
LIF	NA	1762	3969	22.0925
LIFR	NA	141	10403	0.674497
LIFR-AS1	NA	5	4644	0.0535793
LIG1	NA	1413	4387	16.0285
LIG3	NA	521	3900	6.64803
LIG4	NA	363	4356	4.14704
LILRA1	NA	0	3884	0
LILRA2	NA	0	2546	0
LILRA3	NA	2	1608	0.0618961
LILRA4	NA	5	1963	0.126756
LILRA5	NA	0	1614	0
LILRA6	NA	3	2315	0.0644896
LILRB1	NA	0	3464	0
LILRB2	NA	0	3153	0
LILRB3	NA	6	2825	0.105695
LILRB4	NA	0	3932	0
LILRB5	NA	1	2508	0.0198423
LILRP2	NA	0	2127	0
LIM2	NA	29	984	1.46664
LIMA1	NA	4726	4610	51.0167
LIMCH1	NA	3	6766	0.0220653
LIMD1	NA	722	6284	5.71769
LIMD1-AS1	NA	284	2300	6.14483
LIMD2	NA	1349	3225	20.8162
LIME1	NA	447	1851	12.0177
LIMK1	NA	2894	3526	40.8447
LIMK2	NA	1559	4959	15.6449
LIMS1	NA	785	5513	7.086
LIMS2	NA	661	3090	10.6454
LIMS3	NA	192	3129	3.05362
LIMS3-LOC440895	NA	78	3217	1.2066
LIMS3L	NA	192	3129	3.05362
LIN28A	NA	8586	4014	106.447
LIN28B	NA	1079	5505	9.75402
LIN37	NA	124	1150	5.36591
LIN52	NA	225	1798	6.22748
LIN54	NA	394	6281	3.12167
LIN7A	NA	0	1230	0
LIN7B	NA	164	755	10.8098
LIN7C	NA	558	4852	5.72312
LIN9	NA	257	3468	3.68785
LINC-PINT	NA	190	6207	1.52332
LINC-ROR	NA	2	2589	0.038443
LINC00028	NA	0	587	0
LINC00029	NA	0	1749	0
LINC00032	NA	0	2913	0
LINC00051	NA	0	1046	0
LINC00052	NA	205	1786	5.71205
LINC00092	NA	0	1721	0
LINC00094	NA	1160	5734	10.0675
LINC00102	NA	1	1337	0.037221
LINC00106	NA	20	732	1.35969
LINC00111	NA	1	454	0.109613
LINC00112	NA	3	524	0.284911
LINC00113	NA	59	524	5.60325
LINC00114	NA	0	1103	0
LINC00115	NA	25	1317	0.944656
LINC00116	NA	130	1619	3.99591
LINC00152	NA	731	952	38.212
LINC00158	NA	2	1476	0.0674316
LINC00159	NA	0	129	0
LINC00160	NA	0	694	0
LINC00161	NA	0	870	0
LINC00162	NA	0	734	0
LINC00163	NA	3	2155	0.0692777
LINC00167	NA	7	2863	0.121674
LINC00173	NA	65	2004	1.61412
LINC00174	NA	216	4424	2.42973
LINC00176	NA	32	5387	0.295612
LINC00184	NA	6	2270	0.131536
LINC00189	NA	0	989	0
LINC00200	NA	0	2434	0
LINC00202-1	NA	16	3620	0.219954
LINC00202-2	NA	0	6104	0
LINC00207	NA	0	822	0
LINC00208	NA	0	1927	0
LINC00210	NA	0	1584	0
LINC00211	NA	0	2488	0
LINC00221	NA	0	1753	0
LINC00222	NA	1	1753	0.0283882
LINC00226	NA	0	595	0
LINC00229	NA	0	826	0
LINC00235	NA	4	561	0.354827
LINC00238	NA	0	1172	0
LINC00239	NA	0	642	0
LINC00240	NA	16	977	0.814976
LINC00242	NA	10	2418	0.205808
LINC00243	NA	7	10526	0.0330944
LINC00244	NA	2	611	0.162895
LINC00251	NA	0	1054	0
LINC00254	NA	0	662	0
LINC00260	NA	4	1275	0.156124
LINC00261	NA	0	4911	0
LINC00264	NA	0	1083	0
LINC00265	NA	431	4644	4.61854
LINC00266-1	NA	4	723	0.275322
LINC00266-3	NA	5	884	0.281473
LINC00269	NA	0	2173	0
LINC00271	NA	0	1636	0
LINC00272	NA	0	738	0
LINC00273	NA	0	1452	0
LINC00276	NA	0	3503	0
LINC00278	NA	3	530	0.281686
LINC00280	NA	0	448	0
LINC00282	NA	25	4126	0.30153
LINC00284	NA	0	2564	0
LINC00290	NA	0	592	0
LINC00293	NA	0	2696	0
LINC00294	NA	501	3305	7.54373
LINC00297	NA	0	913	0
LINC00298	NA	0	2165	0
LINC00299	NA	1	2000	0.0248822
LINC00301	NA	0	851	0
LINC00303	NA	0	1514	0
LINC00304	NA	10	2243	0.221866
LINC00305	NA	0	869	0
LINC00307	NA	0	424	0
LINC00308	NA	0	727	0
LINC00309	NA	0	3306	0
LINC00310	NA	11	1807	0.302938
LINC00311	NA	8	1784	0.223159
LINC00312	NA	51	2887	0.87911
LINC00313	NA	10	579	0.85949
LINC00314	NA	0	583	0
LINC00316	NA	0	455	0
LINC00317	NA	0	612	0
LINC00319	NA	35	3002	0.580199
LINC00320	NA	0	2183	0
LINC00322	NA	0	907	0
LINC00323	NA	0	2019	0
LINC00324	NA	22	2094	0.522836
LINC00326	NA	0	1214	0
LINC00327	NA	1	2087	0.023845
LINC00330	NA	2	2035	0.0489086
LINC00331	NA	0	595	0
LINC00332	NA	0	836	0
LINC00333	NA	0	812	0
LINC00336	NA	5	2107	0.118093
LINC00337	NA	17	1640	0.515851
LINC00339	NA	142	1388	5.09118
LINC00341	NA	36	2824	0.634392
LINC00342	NA	255	3128	4.05689
LINC00343	NA	0	1688	0
LINC00346	NA	14	6322	0.110203
LINC00347	NA	0	2105	0
LINC00348	NA	0	948	0
LINC00350	NA	0	562	0
LINC00351	NA	0	1001	0
LINC00353	NA	0	655	0
LINC00354	NA	0	695	0
LINC00358	NA	0	1276	0
LINC00359	NA	0	734	0
LINC00363	NA	0	311	0
LINC00364	NA	0	629	0
LINC00365	NA	1	2625	0.0189579
LINC00366	NA	0	531	0
LINC00367	NA	2	751	0.132529
LINC00368	NA	2	3443	0.0289076
LINC00371	NA	15	2268	0.32913
LINC00375	NA	0	631	0
LINC00376	NA	0	692	0
LINC00377	NA	0	927	0
LINC00378	NA	0	513	0
LINC00379	NA	7	567	0.614376
LINC00380	NA	0	397	0
LINC00381	NA	0	727	0
LINC00382	NA	0	982	0
LINC00383	NA	0	1045	0
LINC00392	NA	0	366	0
LINC00395	NA	0	415	0
LINC00396	NA	0	439	0
LINC00397	NA	0	372	0
LINC00398	NA	0	906	0
LINC00399	NA	0	412	0
LINC00400	NA	0	664	0
LINC00403	NA	0	945	0
LINC00408	NA	0	1081	0
LINC00410	NA	0	2018	0
LINC00411	NA	0	410	0
LINC00412	NA	2	866	0.11493
LINC00417	NA	26	542	2.38723
LINC00421	NA	0	1054	0
LINC00423	NA	1	1356	0.0366995
LINC00424	NA	0	453	0
LINC00426	NA	29	1608	0.897494
LINC00428	NA	0	1042	0
LINC00431	NA	382	716	26.5503
LINC00433	NA	0	853	0
LINC00434	NA	0	960	0
LINC00437	NA	0	2359	0
LINC00440	NA	0	868	0
LINC00441	NA	5	1143	0.217692
LINC00442	NA	0	2138	0
LINC00443	NA	0	1223	0
LINC00445	NA	0	755	0
LINC00446	NA	0	608	0
LINC00448	NA	0	972	0
LINC00452	NA	0	1607	0
LINC00456	NA	0	779	0
LINC00457	NA	1	390	0.127601
LINC00458	NA	0	1456	0
LINC00460	NA	0	916	0
LINC00461	NA	0	4186	0
LINC00462	NA	0	1023	0
LINC00463	NA	0	1073	0
LINC00466	NA	1	1793	0.0277549
LINC00467	NA	41	758	2.69175
LINC00469	NA	1	1549	0.0321269
LINC00470	NA	0	2241	0
LINC00471	NA	12	1282	0.465814
LINC00472	NA	0	9566	0
LINC00473	NA	0	2430	0
LINC00474	NA	0	564	0
LINC00475	NA	1	2000	0.0248822
LINC00476	NA	146	9171	0.792238
LINC00477	NA	1	1710	0.029102
LINC00479	NA	11	2033	0.269262
LINC00482	NA	41	2970	0.686985
LINC00483	NA	0	825	0
LINC00485	NA	0	3719	0
LINC00486	NA	1	2474	0.020115
LINC00487	NA	0	2131	0
LINC00488	NA	0	2524	0
LINC00489	NA	0	543	0
LINC00491	NA	0	1796	0
LINC00492	NA	0	591	0
LINC00493	NA	564	492	57.0471
LINC00494	NA	66	3592	0.914381
LINC00499	NA	0	541	0
LINC00501	NA	0	2063	0
LINC00502	NA	0	540	0
LINC00504	NA	3	4671	0.0319618
LINC00506	NA	0	4640	0
LINC00507	NA	0	2129	0
LINC00508	NA	0	1427	0
LINC00511	NA	0	2265	0
LINC00514	NA	28	3221	0.4326
LINC00515	NA	6	450	0.663527
LINC00518	NA	30	3018	0.494677
LINC00520	NA	22	2069	0.529154
LINC00521	NA	0	3316	0
LINC00523	NA	0	1627	0
LINC00524	NA	0	418	0
LINC00525	NA	6	1188	0.251336
LINC00526	NA	38	1306	1.44797
LINC00528	NA	2	2192	0.0454056
LINC00534	NA	0	869	0
LINC00535	NA	6	1914	0.156002
LINC00536	NA	0	2692	0
LINC00538	NA	0	1905	0
LINC00539	NA	2	984	0.101147
LINC00540	NA	0	2142	0
LINC00544	NA	0	696	0
LINC00545	NA	3	400	0.373234
LINC00547	NA	0	3314	0
LINC00548	NA	0	2551	0
LINC00550	NA	0	3433	0
LINC00551	NA	0	1967	0
LINC00552	NA	2	2579	0.0385921
LINC00554	NA	0	3010	0
LINC00557	NA	0	1279	0
LINC00558	NA	0	3163	0
LINC00559	NA	0	3865	0
LINC00562	NA	8	2470	0.161181
LINC00563	NA	0	1400	0
LINC00564	NA	0	1118	0
LINC00565	NA	2	2478	0.040165
LINC00566	NA	0	569	0
LINC00570	NA	0	1330	0
LINC00571	NA	6	521	0.573104
LINC00572	NA	0	575	0
LINC00574	NA	3	2566	0.0581814
LINC00575	NA	0	910	0
LINC00577	NA	0	575	0
LINC00578	NA	0	1222	0
LINC00581	NA	0	987	0
LINC00582	NA	0	597	0
LINC00583	NA	0	384	0
LINC00587	NA	0	584	0
LINC00588	NA	0	1875	0
LINC00589	NA	0	1398	0
LINC00592	NA	13	1053	0.614376
LINC00593	NA	0	1330	0
LINC00595	NA	21	874	1.19571
LINC00597	NA	2	1497	0.0664856
LINC00598	NA	0	5257	0
LINC00599	NA	1	2922	0.017031
LINC00601	NA	0	1168	0
LINC00602	NA	0	2065	0
LINC00603	NA	0	562	0
LINC00605	NA	1	1558	0.0319413
LINC00606	NA	0	2869	0
LINC00607	NA	1	3690	0.0134863
LINC00608	NA	0	1556	0
LINC00609	NA	0	583	0
LINC00612	NA	0	2210	0
LINC00613	NA	0	549	0
LINC00615	NA	0	1406	0
LINC00616	NA	40	2016	0.987391
LINC00618	NA	3	361	0.413555
LINC00619	NA	0	1121	0
LINC00620	NA	1	994	0.0500649
LINC00622	NA	16	1590	0.500775
LINC00623	NA	540	3694	7.27472
LINC00624	NA	0	3373	0
LINC00626	NA	1	955	0.0521094
LINC00628	NA	1	1290	0.0385771
LINC00629	NA	7	1333	0.261329
LINC00630	NA	23	2117	0.540663
LINC00632	NA	0	2750	0
LINC00633	NA	0	631	0
LINC00634	NA	9	1506	0.297397
LINC00635	NA	0	1760	0
LINC00636	NA	0	1306	0
LINC00637	NA	0	2056	0
LINC00638	NA	30	2518	0.592905
LINC00639	NA	1	4306	0.011557
LINC00640	NA	0	674	0
LINC00641	NA	453	5715	3.94459
LINC00642	NA	0	709	0
LINC00643	NA	0	6635	0
LINC00644	NA	0	294	0
LINC00645	NA	6	3535	0.0844659
LINC00648	NA	0	2886	0
LINC00649	NA	11	4830	0.113335
LINC00652	NA	6	1799	0.165974
LINC00654	NA	0	3591	0
LINC00656	NA	1	1911	0.0260411
LINC00657	NA	7343	5343	68.3924
LINC00658	NA	0	1639	0
LINC00659	NA	5	706	0.35244
LINC00661	NA	2	3342	0.0297813
LINC00662	NA	150	2051	3.63953
LINC00663	NA	86	2371	1.80504
LINC00664	NA	0	3760	0
LINC00665	NA	5	2125	0.117093
LINC00667	NA	516	3977	6.45675
LINC00668	NA	0	1751	0
LINC00669	NA	42	2147	0.973502
LINC00670	NA	0	2767	0
LINC00671	NA	0	1844	0
LINC00672	NA	25	3692	0.336975
LINC00673	NA	13	2257	0.286636
LINC00674	NA	778	11193	3.45902
LINC00675	NA	4	1530	0.130103
LINC00676	NA	0	509	0
LINC00678	NA	4	962	0.206921
LINC00681	NA	0	504	0
LINC00682	NA	0	1424	0
LINC00683	NA	0	2221	0
LINC00684	NA	1	465	0.10702
LINC00685	NA	88	1340	3.26812
LINC00687	NA	0	524	0
LINC00689	NA	1	4013	0.0124008
LINC00690	NA	0	1367	0
LINC00691	NA	0	2241	0
LINC00692	NA	0	930	0
LINC00693	NA	1	1654	0.0300874
LINC00696	NA	1	3019	0.0164838
LINC00698	NA	0	1835	0
LINC00700	NA	0	2097	0
LINC00701	NA	0	5505	0
LINC00702	NA	1	565	0.0880788
LINC00703	NA	0	2598	0
LINC00704	NA	9	1394	0.321292
LINC00705	NA	0	1011	0
LINC00706	NA	0	703	0
LINC00707	NA	0	3070	0
LINC00708	NA	0	915	0
LINC00709	NA	0	713	0
LINC00710	NA	0	1112	0
LINC00824	NA	2	3888	0.025599
LINC00836	NA	3	2881	0.05182
LINC00837	NA	1	4014	0.0123977
LINC00838	NA	0	2958	0
LINC00839	NA	181	2306	3.90606
LINC00840	NA	0	1974	0
LINC00841	NA	0	981	0
LINC00842	NA	3	2877	0.0518921
LINC00844	NA	0	659	0
LINC00845	NA	1	693	0.0718102
LINC00847	NA	10	2082	0.239023
LINC00850	NA	0	662	0
LINC00851	NA	0	726	0
LINC00852	NA	24	1328	0.899358
LINC00853	NA	1	661	0.0752867
LINC00854	NA	0	966	0
LINC00856	NA	0	2815	0
LINC00857	NA	144	2161	3.3161
LINC00858	NA	0	2685	0
LINC00861	NA	0	5454	0
LINC00862	NA	2	1417	0.0702392
LINC00864	NA	0	1195	0
LINC00865	NA	0	4289	0
LINC00866	NA	0	418	0
LINC00867	NA	3	580	0.257403
LINC00869	NA	531	1612	16.3926
LINC00870	NA	0	2700	0
LINC00871	NA	0	1193	0
LINC00877	NA	0	2315	0
LINC00879	NA	0	1038	0
LINC00880	NA	31	2016	0.765228
LINC00881	NA	0	791	0
LINC00882	NA	2	603	0.165056
LINC00883	NA	2	4014	0.0247955
LINC00884	NA	8	1123	0.354511
LINC00885	NA	0	1828	0
LINC00886	NA	27	3337	0.402649
LINC00887	NA	0	3013	0
LINC00888	NA	197	1671	5.86691
LINC00889	NA	0	2908	0
LINC00890	NA	0	4595	0
LINC00891	NA	0	1064	0
LINC00892	NA	0	689	0
LINC00893	NA	69	2346	1.46366
LINC00894	NA	114	3182	1.78289
LINC00895	NA	0	710	0
LINC00896	NA	33	2206	0.744437
LINC00898	NA	0	4185	0
LINC00899	NA	1	1610	0.0309096
LINC00900	NA	0	2243	0
LINC00901	NA	0	1452	0
LINC00904	NA	0	471	0
LINC00905	NA	0	1815	0
LINC00906	NA	0	3444	0
LINC00907	NA	1	7910	0.00629134
LINC00908	NA	0	2243	0
LINC00909	NA	234	3474	3.35201
LINC00910	NA	6	4399	0.0678761
LINC00911	NA	0	591	0
LINC00917	NA	0	2618	0
LINC00919	NA	0	1658	0
LINC00920	NA	14	912	0.763929
LINC00921	NA	9	2442	0.183407
LINC00922	NA	0	1760	0
LINC00923	NA	2	1517	0.0656091
LINC00924	NA	0	2684	0
LINC00925	NA	27	4198	0.320067
LINC00926	NA	31	2516	0.613156
LINC00927	NA	0	2915	0
LINC00928	NA	0	2388	0
LINC00929	NA	8	1485	0.268092
LINC00930	NA	0	1762	0
LINC00933	NA	3	2775	0.0537995
LINC00934	NA	0	2291	0
LINC00935	NA	2	658	0.15126
LINC00936	NA	31	2998	0.514576
LINC00937	NA	13	661	0.978727
LINC00938	NA	227	2202	5.13013
LINC00939	NA	0	2078	0
LINC00940	NA	0	2352	0
LINC00941	NA	1	1895	0.0262609
LINC00942	NA	7	2244	0.155237
LINC00943	NA	0	2259	0
LINC00944	NA	0	621	0
LINC00945	NA	0	849	0
LINC00950	NA	13	5245	0.123344
LINC00951	NA	0	3122	0
LINC00954	NA	0	3015	0
LINC00955	NA	0	2483	0
LINC00957	NA	9	1757	0.254912
LINC00958	NA	4	1559	0.127683
LINC00959	NA	51	2671	0.950202
LINC00960	NA	4	2886	0.0689737
LINC00961	NA	29	1546	0.933487
LINC00963	NA	175	2119	4.10986
LINC00964	NA	0	3579	0
LINC00965	NA	50	8622	0.28859
LINC00967	NA	1	1503	0.0331101
LINC00968	NA	0	2520	0
LINC00969	NA	169	940	8.94702
LINC00970	NA	0	1129	0
LINC00971	NA	9	7309	0.0612779
LINC00974	NA	0	2141	0
LINC00977	NA	24	1153	1.03586
LINC00982	NA	238	3848	3.07795
LINC00987	NA	661	2469	13.3229
LINC00989	NA	0	2054	0
LINC00992	NA	0	3091	0
LINC00993	NA	0	653	0
LINC00994	NA	0	2129	0
LINC00996	NA	3	2043	0.0730756
LINC00997	NA	135	4639	1.4482
LINC00998	NA	621	1127	27.4213
LINC00999	NA	434	5253	4.11152
LINC01000	NA	1364	10263	6.61393
LINC01001	NA	1629	4614	17.5696
LINC01002	NA	1873	4874	19.1237
LINC01003	NA	96	1422	3.35963
LINC01004	NA	210	9419	1.10952
LINC01005	NA	0	2891	0
LINC01006	NA	16	758	1.05044
LINC01007	NA	0	2664	0
LINC01010	NA	0	2062	0
LINC01011	NA	37	2809	0.655495
LINC01012	NA	8	3194	0.124645
LINC01013	NA	6	1002	0.297991
LINC01014	NA	0	548	0
LINC01015	NA	0	12382	0
LINC01016	NA	0	3151	0
LINC01017	NA	0	625	0
LINC01018	NA	0	3366	0
LINC01019	NA	0	3199	0
LINC01020	NA	0	1749	0
LINC01021	NA	451	1106	20.2928
LINC01023	NA	8	437	0.91102
LINC01024	NA	15	3138	0.23788
LINC01028	NA	2	1173	0.0848499
LINC01029	NA	0	1310	0
LINC01030	NA	0	765	0
LINC01031	NA	0	779	0
LINC01032	NA	5	435	0.572006
LINC01033	NA	2	715	0.139201
LINC01036	NA	1	779	0.0638825
LINC01038	NA	0	457	0
LINC01039	NA	0	3923	0
LINC01040	NA	4	667	0.298438
LINC01044	NA	0	657	0
LINC01046	NA	0	405	0
LINC01047	NA	0	777	0
LINC01048	NA	0	529	0
LINC01049	NA	0	1002	0
LINC01050	NA	0	760	0
LINC01053	NA	0	1777	0
LINC01054	NA	1	316	0.157483
LINC01055	NA	0	706	0
LINC01056	NA	0	1234	0
LINC01057	NA	292	1331	10.9175
LINC01058	NA	0	535	0
LINC01060	NA	0	483	0
LINC01061	NA	609	4818	6.29028
LINC01063	NA	4	342	0.582041
LINC01065	NA	0	565	0
LINC01068	NA	2	636	0.156492
LINC01069	NA	0	2615	0
LINC01070	NA	0	1291	0
LINC01072	NA	1	431	0.115463
LINC01075	NA	0	669	0
LINC01080	NA	0	622	0
LINC01081	NA	0	736	0
LINC01082	NA	0	439	0
LINC01085	NA	0	1984	0
LINC01087	NA	0	3516	0
LINC01088	NA	1	1011	0.049223
LINC01089	NA	255	1521	8.34316
LINC01090	NA	0	496	0
LINC01091	NA	113	2675	2.1022
LINC01093	NA	0	1529	0
LINC01094	NA	0	4286	0
LINC01095	NA	0	1182	0
LINC01096	NA	0	1749	0
LINC01097	NA	0	2122	0
LINC01098	NA	0	1034	0
LINC01099	NA	0	1771	0
LINC01100	NA	0	618	0
LINC01101	NA	0	2015	0
LINC01102	NA	0	1505	0
LINC01103	NA	0	1459	0
LINC01104	NA	0	3115	0
LINC01105	NA	0	11868	0
LINC01106	NA	158	2182	3.60348
LINC01107	NA	1	2420	0.0205638
LINC01108	NA	0	3697	0
LINC01111	NA	0	1639	0
LINC01114	NA	0	2437	0
LINC01115	NA	0	1521	0
LINC01116	NA	4	1058	0.188146
LINC01117	NA	2	656	0.151721
LINC01118	NA	2	1043	0.0954257
LINC01119	NA	8	1210	0.329021
LINC01120	NA	0	3055	0
LINC01121	NA	2	1098	0.0906457
LINC01122	NA	0	4296	0
LINC01123	NA	132	2519	2.60775
LINC01124	NA	0	2129	0
LINC01125	NA	32	1369	1.16323
LINC01126	NA	9	1645	0.272268
LINC01127	NA	0	996	0
LINC01128	NA	509	9233	2.74343
LINC01132	NA	9	3793	0.118081
LINC01133	NA	0	1138	0
LINC01134	NA	2	1952	0.0509882
LINC01135	NA	0	1123	0
LINC01136	NA	2	2741	0.0363112
LINC01137	NA	10	1427	0.348735
LINC01138	NA	350	2052	8.4881
LINC01139	NA	81	1531	2.63287
LINC01140	NA	4	4642	0.0428819
LINC01141	NA	0	3783	0
LINC01142	NA	1	1725	0.028849
LINC01143	NA	0	650	0
LINC01144	NA	24	1710	0.698449
LINC01146	NA	0	831	0
LINC01150	NA	0	1203	0
LINC01151	NA	0	571	0
LINC01152	NA	0	3578	0
LINC01158	NA	0	2948	0
LINC01159	NA	0	3971	0
LINC01160	NA	17	1542	0.548636
LINC01162	NA	0	432	0
LINC01163	NA	0	3011	0
LINC01164	NA	5	3384	0.0735291
LINC01166	NA	26	2889	0.447863
LINC01167	NA	8	604	0.659132
LINC01168	NA	0	5397	0
LINC01169	NA	1	837	0.0594558
LINC01170	NA	1	737	0.0675231
LINC01176	NA	11	715	0.765608
LINC01177	NA	0	536	0
LINC01179	NA	0	2163	0
LINC01180	NA	0	2025	0
LINC01182	NA	0	2228	0
LINC01184	NA	145	2953	2.44357
LINC01185	NA	0	1705	0
LINC01186	NA	12	655	0.911716
LINC01187	NA	0	1334	0
LINC01189	NA	1	1169	0.0425701
LINC01191	NA	6	852	0.350454
LINC01192	NA	0	1519	0
LINC01193	NA	0	3402	0
LINC01194	NA	0	624	0
LINC01195	NA	0	448	0
LINC01197	NA	0	1378	0
LINC01198	NA	0	934	0
LINC01201	NA	0	294	0
LINC01202	NA	0	697	0
LINC01203	NA	1	580	0.0858009
LINC01204	NA	5	4720	0.0527166
LINC01205	NA	0	4009	0
LINC01206	NA	0	9557	0
LINC01207	NA	0	3123	0
LINC01208	NA	8	822	0.484326
LINC01209	NA	0	2399	0
LINC01210	NA	0	1321	0
LINC01212	NA	3	2026	0.0736888
LINC01213	NA	0	605	0
LINC01214	NA	11	818	0.669205
LINC01215	NA	6	2671	0.111788
LINC01216	NA	0	824	0
LINC01219	NA	0	722	0
LINC01220	NA	3	488	0.305929
LINC01221	NA	0	662	0
LINC01222	NA	0	768	0
LINC01224	NA	1	2563	0.0194165
LINC01225	NA	6	1168	0.25564
LINC01226	NA	13	2741	0.236023
LINC01227	NA	0	1436	0
LINC01229	NA	0	1215	0
LINC01230	NA	0	498	0
LINC01231	NA	0	1494	0
LINC01232	NA	18	1817	0.492989
LINC01233	NA	0	613	0
LINC01234	NA	47	2222	1.05262
LINC01237	NA	0	576	0
LINC01239	NA	13	2347	0.275645
LINC01241	NA	0	1237	0
LINC01242	NA	0	1255	0
LINC01246	NA	0	588	0
LINC01247	NA	0	4209	0
LINC01248	NA	0	702	0
LINC01249	NA	0	2674	0
LINC01250	NA	0	2344	0
LINC01251	NA	9	486	0.921565
LINC01252	NA	9	3671	0.122005
LINC01254	NA	0	1907	0
LINC01255	NA	0	641	0
LINC01256	NA	0	505	0
LINC01257	NA	1	2473	0.0201231
LINC01258	NA	0	2059	0
LINC01260	NA	17	1157	0.731198
LINC01262	NA	0	878	0
LINC01264	NA	0	500	0
LINC01265	NA	13	800	0.808673
LINC01266	NA	26	3851	0.335985
LINC01267	NA	6	2284	0.13073
LINC01268	NA	0	2750	0
LINC01269	NA	0	602	0
LINC01270	NA	7	2278	0.15292
LINC01271	NA	5	2250	0.110588
LINC01272	NA	0	2010	0
LINC01273	NA	0	705	0
LINC01276	NA	0	816	0
LINC01277	NA	11	1902	0.287807
LINC01278	NA	350	2886	6.0352
LINC01279	NA	8	5176	0.0769158
LINC01280	NA	0	1617	0
LINC01281	NA	0	1773	0
LINC01282	NA	0	880	0
LINC01284	NA	0	742	0
LINC01285	NA	0	836	0
LINC01287	NA	0	1008	0
LINC01288	NA	0	660	0
LINC01289	NA	0	3708	0
LINC01291	NA	1	494	0.100738
LINC01296	NA	842	1401	29.9084
LINC01298	NA	0	519	0
LINC01299	NA	0	2520	0
LINC01300	NA	0	796	0
LINC01301	NA	1	3485	0.0142796
LINC01304	NA	0	2416	0
LINC01305	NA	1	3122	0.0159399
LINC01307	NA	0	474	0
LINC01309	NA	0	492	0
LINC01310	NA	0	4015	0
LINC01311	NA	72	1127	3.17928
LINC01312	NA	0	3517	0
LINC01314	NA	8	6943	0.0573406
LINC01315	NA	44	1239	1.76726
LINC01317	NA	0	772	0
LINC01320	NA	0	1131	0
LINC01322	NA	0	753	0
LINC01324	NA	3	844	0.176888
LINC01327	NA	0	535	0
LINC01330	NA	0	2678	0
LINC01331	NA	0	568	0
LINC01333	NA	0	784	0
LINC01335	NA	0	389	0
LINC01336	NA	27	534	2.51618
LINC01337	NA	1	442	0.112589
LINC01338	NA	58	631	4.57423
LINC01339	NA	0	573	0
LINC01340	NA	0	729	0
LINC01341	NA	54	1123	2.39295
LINC01342	NA	0	1618	0
LINC01343	NA	0	2283	0
LINC01344	NA	0	571	0
LINC01346	NA	0	568	0
LINC01347	NA	270	3834	3.50454
LINC01349	NA	0	823	0
LINC01350	NA	0	603	0
LINC01351	NA	0	1423	0
LINC01352	NA	0	961	0
LINC01353	NA	0	902	0
LINC01354	NA	2	2860	0.0348003
LINC01355	NA	114	3511	1.61582
LINC01356	NA	451	1824	12.3047
LINC01358	NA	0	471	0
LINC01359	NA	0	1079	0
LINC01360	NA	0	4080	0
LINC01361	NA	0	1585	0
LINC01363	NA	8	1854	0.214734
LINC01364	NA	0	886	0
LINC01365	NA	0	533	0
LINC01366	NA	0	2242	0
LINC01370	NA	0	838	0
LINC01372	NA	9	490	0.914042
LINC01375	NA	0	1860	0
LINC01377	NA	0	649	0
LINC01378	NA	0	429	0
LINC01384	NA	0	659	0
LINC01386	NA	0	507	0
LINC01387	NA	0	603	0
LINC01389	NA	33	861	1.90735
LINC01391	NA	1	3538	0.0140657
LINC01392	NA	0	548	0
LINC01393	NA	0	1187	0
LINC01395	NA	2	977	0.101872
LINC01396	NA	0	527	0
LINC01397	NA	1	579	0.085949
LINC01398	NA	0	1129	0
LINC01399	NA	1	648	0.0767971
LINC01402	NA	0	279	0
LINC01405	NA	5	359	0.693099
LINC01410	NA	1	2877	0.0172974
LINC01411	NA	206	1079	9.50091
LINC01412	NA	0	423	0
LINC01413	NA	0	986	0
LINC01416	NA	0	2310	0
LINC01419	NA	0	1518	0
LINC01420	NA	824	694	59.0864
LINC01422	NA	1	564	0.0882349
LINC01423	NA	0	621	0
LINC01424	NA	24	1366	0.87434
LINC01425	NA	0	760	0
LINC01426	NA	10	3136	0.158688
LINC01427	NA	0	512	0
LINC01428	NA	0	874	0
LINC01429	NA	2	2327	0.0427714
LINC01430	NA	0	430	0
LINC01431	NA	10	636	0.782461
LINC01432	NA	0	677	0
LINC01433	NA	2	682	0.145937
LINC01435	NA	0	720	0
LINC01436	NA	2	1523	0.0653506
LINC01440	NA	0	636	0
LINC01441	NA	0	2290	0
LINC01443	NA	0	1871	0
LINC01444	NA	0	763	0
LINC01445	NA	0	1142	0
LINC01446	NA	0	3484	0
LINC01447	NA	20	2761	0.360482
LINC01448	NA	0	1170	0
LINC01449	NA	2	1214	0.0819843
LINC01450	NA	4	3252	0.0612109
LINC01455	NA	0	561	0
LINC01461	NA	4	560	0.355461
LINC01465	NA	32	1684	0.945644
LINC01467	NA	0	1187	0
LINC01468	NA	12	1174	0.508666
LINC01470	NA	0	2177	0
LINC01471	NA	0	1230	0
LINC01473	NA	7	602	0.578657
LINC01474	NA	0	638	0
LINC01475	NA	0	766	0
LINC01476	NA	0	546	0
LINC01477	NA	0	1226	0
LINC01478	NA	0	2069	0
LINC01479	NA	0	472	0
LINC01480	NA	189	478	19.6768
LINC01481	NA	53	1340	1.9683
LINC01482	NA	0	2616	0
LINC01483	NA	352	712	24.6027
LINC01484	NA	0	570	0
LINC01485	NA	1	741	0.0671586
LINC01486	NA	0	612	0
LINC01487	NA	1	405	0.122875
LINC01488	NA	12	3425	0.174357
LINC01489	NA	0	605	0
LINC01490	NA	0	1476	0
LINC01491	NA	0	439	0
LINC01492	NA	0	3732	0
LINC01493	NA	0	506	0
LINC01494	NA	3	1008	0.148109
LINC01495	NA	0	437	0
LINC01496	NA	0	543	0
LINC01497	NA	91	726	6.2377
LINC01498	NA	0	549	0
LINC01499	NA	0	553	0
LINC01500	NA	0	752	0
LINC01501	NA	0	2020	0
LINC01502	NA	1	2638	0.0188645
LINC01503	NA	709	752	46.9189
LINC01504	NA	2	2456	0.0405248
LINC01505	NA	0	2056	0
LINC01506	NA	0	351	0
LINC01507	NA	10	1124	0.442745
LINC01508	NA	0	1019	0
LINC01509	NA	0	960	0
LINC01510	NA	0	1358	0
LINC01511	NA	0	1622	0
LINC01512	NA	2	2282	0.0436148
LINC01514	NA	2	1339	0.0743308
LINC01515	NA	10	679	0.732909
LINC01516	NA	0	2977	0
LINC01517	NA	0	619	0
LINC01518	NA	0	1966	0
LINC01519	NA	0	2244	0
LINC01520	NA	0	1492	0
LINC01521	NA	246	4397	2.78419
LINC01522	NA	38	925	2.04438
LINC01523	NA	0	628	0
LINC01524	NA	0	4385	0
LINC01525	NA	0	565	0
LINC01526	NA	0	555	0
LINC01529	NA	0	2191	0
LINC01530	NA	17	1701	0.497352
LINC01531	NA	0	3312	0
LINC01532	NA	0	1948	0
LINC01533	NA	0	1269	0
LINC01534	NA	44	880	2.48822
LINC01535	NA	1	2070	0.0240408
LINC01537	NA	2	2447	0.0406739
LINC01538	NA	0	2407	0
LINC01539	NA	0	2392	0
LINC01541	NA	0	3103	0
LINC01543	NA	1	770	0.0646292
LINC01544	NA	0	3217	0
LINC01545	NA	2	520	0.191402
LINC01546	NA	0	674	0
LINC01547	NA	70	2185	1.59429
LINC01548	NA	0	595	0
LINC01549	NA	1	717	0.0694065
LINC01550	NA	0	1458	0
LINC01551	NA	0	3730	0
LINC01552	NA	0	640	0
LINC01553	NA	0	1815	0
LINC01554	NA	0	1916	0
LINC01555	NA	2	2884	0.0345107
LINC01556	NA	5	3183	0.0781723
LINC01558	NA	0	1650	0
LINC01559	NA	5	3202	0.0777085
LINC01560	NA	27	2512	0.534889
LINC01561	NA	0	2175	0
LINC01563	NA	2	872	0.114139
LINC01564	NA	0	566	0
LINC01565	NA	1	2697	0.0184518
LINC01566	NA	0	3366	0
LINC01567	NA	0	2907	0
LINC01568	NA	0	1328	0
LINC01569	NA	29	2093	0.689522
LINC01570	NA	0	786	0
LINC01571	NA	0	437	0
LINC01572	NA	18	1728	0.51838
LINC01573	NA	61	546	5.55977
LINC01574	NA	0	610	0
LINC01578	NA	1208	2035	29.5408
LINC01580	NA	0	1136	0
LINC01581	NA	0	3173	0
LINC01582	NA	0	747	0
LINC01583	NA	0	2567	0
LINC01584	NA	0	852	0
LINC01585	NA	1	1282	0.0388179
LINC01586	NA	12	2082	0.286827
LINC01587	NA	3	1053	0.141779
LINC01588	NA	22	9713	0.112717
LINC01589	NA	3	574	0.260093
LINC01590	NA	31	1558	0.990179
LINC01591	NA	0	1240	0
LINC01592	NA	0	2367	0
LINC01594	NA	2	611	0.162895
LINC01599	NA	3	977	0.152808
LINC01600	NA	8	2434	0.163564
LINC01602	NA	448	2109	10.5711
LINC01603	NA	0	1463	0
LINC01604	NA	50	756	3.2913
LINC01605	NA	39	2177	0.891509
LINC01606	NA	1	2813	0.0176909
LINC01607	NA	0	621	0
LINC01608	NA	0	752	0
LINC01609	NA	0	456	0
LINC01611	NA	0	571	0
LINCMD1	NA	0	366	0
LINCR-0001	NA	0	545	0
LINCR-0002	NA	1	1182	0.0421019
LINCR-0003	NA	1	1309	0.0380172
LINGO1	NA	1920	4674	20.4424
LINGO1-AS1	NA	0	1719	0
LINGO1-AS2	NA	0	664	0
LINGO2	NA	0	3412	0
LINGO3	NA	0	2130	0
LINGO4	NA	1	2667	0.0186594
LINS	NA	176	2512	3.48668
LIPA	NA	556	2793	9.90657
LIPC	NA	3	1604	0.0930757
LIPE	NA	318	3813	4.1503
LIPE-AS1	NA	58	2924	0.987121
LIPF	NA	0	1526	0
LIPG	NA	2038	4168	24.333
LIPH	NA	11	2474	0.221265
LIPI	NA	0	1743	0
LIPJ	NA	0	1484	0
LIPK	NA	0	1200	0
LIPM	NA	0	1484	0
LIPN	NA	0	1197	0
LIPT1	NA	86	2019	2.11974
LIPT2	NA	83	960	4.30256
LITAF	NA	3610	2926	61.3978
LIX1	NA	127	3967	1.59317
LIX1L	NA	1020	3997	12.6995
LKAAEAR1	NA	0	868	0
LL22NC01-81G9.3	NA	0	992	0
LL22NC03-63E9.3	NA	0	3108	0
LL22NC03-75H12.2	NA	0	984	0
LLGL1	NA	1327	4224	15.6339
LLGL2	NA	433	3764	5.72477
LLPH	NA	932	1217	38.1105
LLPH-AS1	NA	11	623	0.878667
LMAN1	NA	2374	4834	24.4396
LMAN1L	NA	1	1736	0.0286662
LMAN2	NA	3848	1832	104.527
LMAN2L	NA	884	2442	18.0147
LMBR1	NA	1160	4890	11.8051
LMBR1L	NA	341	2549	6.65739
LMBRD1	NA	279	2308	6.01573
LMBRD2	NA	77	3237	1.18377
LMCD1	NA	1051	3159	16.5567
LMCD1-AS1	NA	8	2147	0.185429
LMF1	NA	1660	4674	17.6742
LMF1-AS1	NA	1	1477	0.033693
LMF2	NA	2198	2599	42.0863
LMLN	NA	261	7154	1.81556
LMLN-AS1	NA	5	548	0.454056
LMNA	NA	8146	4104	98.7772
LMNB1	NA	2591	3403	37.89
LMNB2	NA	5222	4644	55.9583
LMNTD1	NA	0	3695	0
LMNTD2	NA	154	2098	3.65288
LMO1	NA	5	1629	0.152746
LMO2	NA	25	2416	0.514947
LMO3	NA	0	5156	0
LMO4	NA	42	5406	0.386628
LMO7	NA	552	8949	3.06962
LMO7-AS1	NA	125	593	10.49
LMO7DN	NA	2	1168	0.0852132
LMO7DN-IT1	NA	0	319	0
LMOD1	NA	459	3967	5.75798
LMOD2	NA	2	2149	0.0463141
LMOD3	NA	3	2315	0.0644896
LMTK2	NA	632	8945	3.51606
LMTK3	NA	1110	4972	11.1099
LMX1A	NA	2	3717	0.0267767
LMX1B	NA	2325	5830	19.846
LNP1	NA	47	2217	1.055
LNPEP	NA	341	4795	3.53904
LNX1	NA	24	3505	0.340755
LNX1-AS1	NA	0	553	0
LNX1-AS2	NA	0	1962	0
LNX2	NA	540	4804	5.59384
LOC100049716	NA	40	2338	0.851403
LOC100101148	NA	69	875	3.92429
LOC100101478	NA	3	979	0.152496
LOC100126784	NA	32	3739	0.425906
LOC100128006	NA	0	3727	0
LOC100128076	NA	19	2012	0.469943
LOC100128164	NA	20	7012	0.141941
LOC100128176	NA	0	2081	0
LOC100128233	NA	0	1442	0
LOC100128239	NA	3	2299	0.0649384
LOC100128288	NA	28	2129	0.654488
LOC100128317	NA	0	4790	0
LOC100128361	NA	53	2486	1.06095
LOC100128398	NA	46	1897	1.20673
LOC100128494	NA	967	4233	11.3684
LOC100128531	NA	3	973	0.153436
LOC100128554	NA	0	2453	0
LOC100128568	NA	2	639	0.155757
LOC100128573	NA	0	525	0
LOC100128593	NA	1	2702	0.0184177
LOC100128714	NA	28	1967	0.708391
LOC100128770	NA	14	3060	0.227681
LOC100128885	NA	0	4369	0
LOC100128993	NA	0	1011	0
LOC100129027	NA	2	3586	0.0277549
LOC100129034	NA	3310	5712	28.8376
LOC100129046	NA	39	1562	1.24252
LOC100129055	NA	1	2775	0.0179332
LOC100129083	NA	10	729	0.682641
LOC100129138	NA	19	1209	0.782072
LOC100129148	NA	199	460	21.5286
LOC100129175	NA	1	1993	0.0249696
LOC100129203	NA	1	1960	0.02539
LOC100129216	NA	0	213	0
LOC100129316	NA	0	5249	0
LOC100129345	NA	0	1670	0
LOC100129434	NA	5	2863	0.0869097
LOC100129461	NA	98	4470	1.09103
LOC100129518	NA	50	1717	1.44917
LOC100129520	NA	0	2982	0
LOC100129534	NA	95	2248	2.10304
LOC100129550	NA	155	5904	1.30649
LOC100129603	NA	0	559	0
LOC100129617	NA	9	1921	0.23315
LOC100129620	NA	5	2544	0.0978076
LOC100129636	NA	8	3318	0.119987
LOC100129697	NA	3	1562	0.0955784
LOC100129917	NA	46	1700	1.34657
LOC100129924	NA	1	983	0.0506251
LOC100129931	NA	1003	4300	11.6079
LOC100129935	NA	0	1831	0
LOC100129940	NA	99	6146	0.801608
LOC100129973	NA	27	1520	0.883975
LOC100130075	NA	3	1058	0.141109
LOC100130093	NA	509	2377	10.6563
LOC100130238	NA	9	3877	0.115522
LOC100130264	NA	0	1789	0
LOC100130298	NA	0	513	0
LOC100130331	NA	61	3125	0.971403
LOC100130357	NA	12	2305	0.259078
LOC100130370	NA	2	767	0.129764
LOC100130417	NA	749	1506	24.7501
LOC100130451	NA	2	1726	0.0576645
LOC100130452	NA	1	506	0.0983488
LOC100130476	NA	1	1964	0.0253383
LOC100130587	NA	0	3264	0
LOC100130673	NA	1	1597	0.0311612
LOC100130691	NA	74	5206	0.707371
LOC100130700	NA	0	600	0
LOC100130705	NA	233	3803	3.04894
LOC100130744	NA	44	2599	0.842492
LOC100130849	NA	0	564	0
LOC100130872	NA	0	4981	0
LOC100130880	NA	0	577	0
LOC100130899	NA	6	4246	0.0703219
LOC100130950	NA	21	1728	0.604777
LOC100130964	NA	0	520	0
LOC100130987	NA	23	850	1.34657
LOC100130992	NA	0	6477	0
LOC100131047	NA	0	2125	0
LOC100131257	NA	4	21017	0.00947128
LOC100131289	NA	1	828	0.060102
LOC100131303	NA	0	1185	0
LOC100131315	NA	0	585	0
LOC100131347	NA	1	2305	0.0215898
LOC100131496	NA	1	2253	0.0220881
LOC100131564	NA	237	4033	2.92442
LOC100131626	NA	4	572	0.348003
LOC100131635	NA	0	338	0
LOC100131655	NA	31	1295	1.19127
LOC100132057	NA	18	2970	0.301603
LOC100132062	NA	1695	8740	9.65112
LOC100132077	NA	4	2162	0.0920712
LOC100132078	NA	6	2587	0.115418
LOC100132111	NA	0	761	0
LOC100132146	NA	0	1826	0
LOC100132174	NA	0	2281	0
LOC100132215	NA	101	2162	2.3248
LOC100132287	NA	1695	8740	9.65112
LOC100132304	NA	1	465	0.10702
LOC100132352	NA	404	2577	7.80165
LOC100132356	NA	24	1785	0.669102
LOC100132735	NA	97	1294	3.73041
LOC100132741	NA	0	1064	0
LOC100132781	NA	0	2138	0
LOC100132831	NA	3	1980	0.0754007
LOC100133050	NA	2	701	0.141981
LOC100133077	NA	1	3222	0.0154452
LOC100133091	NA	185	2686	3.42756
LOC100133267	NA	0	480	0
LOC100133286	NA	0	1221	0
LOC100133315	NA	23	1245	0.919344
LOC100133331	NA	1690	8546	9.84109
LOC100133461	NA	0	1033	0
LOC100133669	NA	1	702	0.0708896
LOC100133920	NA	58	2029	1.42254
LOC100133985	NA	17	661	1.27987
LOC100134317	NA	2	597	0.166715
LOC100134368	NA	14	1571	0.443477
LOC100134391	NA	0	1140	0
LOC100134868	NA	57	1554	1.82534
LOC100144595	NA	0	2362	0
LOC100147773	NA	8	2147	0.185429
LOC100190940	NA	1	3211	0.0154981
LOC100190986	NA	82	2432	1.67791
LOC100192426	NA	0	616	0
LOC100233156	NA	123	1620	3.77842
LOC100240728	NA	0	697	0
LOC100240734	NA	0	491	0
LOC100240735	NA	12	905	0.659861
LOC100268168	NA	60	1997	1.49518
LOC100270746	NA	21	941	1.11058
LOC100270804	NA	39	2017	0.962229
LOC100271832	NA	1	1391	0.0357761
LOC100272216	NA	1	2049	0.0242872
LOC100272217	NA	23	2145	0.533605
LOC100286922	NA	0	1030	0
LOC100287010	NA	0	1084	0
LOC100287015	NA	201	2408	4.15393
LOC100287036	NA	2	1205	0.0825967
LOC100287042	NA	129	2597	2.47194
LOC100287072	NA	48	2143	1.11465
LOC100287225	NA	11	4771	0.114737
LOC100287592	NA	0	626	0
LOC100287632	NA	0	711	0
LOC100287704	NA	0	655	0
LOC100287728	NA	4	413	0.481981
LOC100287792	NA	0	2112	0
LOC100287834	NA	0	655	0
LOC100287846	NA	0	3510	0
LOC100287944	NA	7	569	0.612217
LOC100288069	NA	29	1371	1.05264
LOC100288123	NA	29	1698	0.849924
LOC100288152	NA	536	1781	14.9768
LOC100288162	NA	547	2152	12.6492
LOC100288181	NA	44	5684	0.385228
LOC100288254	NA	0	1802	0
LOC100288570	NA	21	856	1.22086
LOC100288637	NA	247	5878	2.09116
LOC100288748	NA	0	2183	0
LOC100288778	NA	2063	1875	54.7542
LOC100288798	NA	58	906	3.18581
LOC100288842	NA	6	583	0.512156
LOC100288846	NA	19	1359	0.695751
LOC100288866	NA	0	1221	0
LOC100288911	NA	403	716	28.0099
LOC100288966	NA	0	1826	0
LOC100289230	NA	29	1876	0.769281
LOC100289333	NA	0	374	0
LOC100289361	NA	13	623	1.03842
LOC100289473	NA	0	747	0
LOC100289495	NA	26	3908	0.331084
LOC100289511	NA	364	1431	12.6585
LOC100289561	NA	202	1041	9.65651
LOC100289580	NA	51	3776	0.672137
LOC100289650	NA	16	1873	0.42511
LOC100289656	NA	64	895	3.55858
LOC100289673	NA	1	1266	0.0393084
LOC100294145	NA	472	29520	0.795692
LOC100294362	NA	42	3698	0.5652
LOC100303749	NA	0	769	0
LOC100335030	NA	11	3160	0.173231
LOC100379224	NA	162	3361	2.39865
LOC100419583	NA	441	2054	10.6846
LOC100420587	NA	14	3126	0.222874
LOC100421746	NA	0	510	0
LOC100422212	NA	0	2122	0
LOC100422556	NA	12	455	1.31247
LOC100422737	NA	0	1387	0
LOC100499194	NA	0	2316	0
LOC100499484	NA	27	3218	0.417539
LOC100499484-C9ORF174	NA	145	6963	1.03631
LOC100499489	NA	125	2505	2.48326
LOC100500773	NA	0	1364	0
LOC100505478	NA	3	731	0.204232
LOC100505515	NA	0	599	0
LOC100505530	NA	2	1201	0.0828718
LOC100505549	NA	72	1982	1.80779
LOC100505622	NA	0	685	0
LOC100505625	NA	3	3364	0.0443798
LOC100505635	NA	0	665	0
LOC100505658	NA	0	2477	0
LOC100505666	NA	74	1836	2.00576
LOC100505715	NA	2	2191	0.0454263
LOC100505716	NA	4	2110	0.0943403
LOC100505736	NA	1	2256	0.0220587
LOC100505782	NA	0	2160	0
LOC100505795	NA	0	1963	0
LOC100505817	NA	1	1176	0.0423167
LOC100505841	NA	0	441	0
LOC100505878	NA	0	759	0
LOC100505887	NA	1	485	0.102607
LOC100505912	NA	4	885	0.224924
LOC100505915	NA	23	2598	0.440563
LOC100505918	NA	0	2441	0
LOC100505920	NA	7	970	0.359125
LOC100505921	NA	10	1170	0.425338
LOC100505938	NA	23	1073	1.06671
LOC100505942	NA	41	1109	1.83981
LOC100505978	NA	12	863	0.691974
LOC100505984	NA	2	504	0.197478
LOC100506022	NA	3	2438	0.061236
LOC100506023	NA	28	5619	0.247981
LOC100506071	NA	7	1991	0.174963
LOC100506076	NA	452	832	27.0355
LOC100506082	NA	5	448	0.555407
LOC100506083	NA	83	1471	2.80792
LOC100506085	NA	2	4365	0.0228016
LOC100506100	NA	12	576	1.03676
LOC100506122	NA	0	1785	0
LOC100506123	NA	440	705	31.0587
LOC100506124	NA	31	1595	0.96721
LOC100506125	NA	2	554	0.179655
LOC100506127	NA	111	13607	0.405957
LOC100506136	NA	12	1577	0.378677
LOC100506142	NA	17	1518	0.55731
LOC100506159	NA	0	979	0
LOC100506175	NA	1	638	0.0780008
LOC100506178	NA	24	2434	0.490693
LOC100506188	NA	0	1460	0
LOC100506207	NA	12	2868	0.20822
LOC100506258	NA	4	4498	0.0442548
LOC100506271	NA	1	1964	0.0253383
LOC100506272	NA	0	482	0
LOC100506274	NA	0	923	0
LOC100506281	NA	2	861	0.115597
LOC100506302	NA	178	1385	6.39573
LOC100506314	NA	5	1743	0.142755
LOC100506321	NA	38	895	2.11291
LOC100506368	NA	9	1209	0.370455
LOC100506371	NA	0	791	0
LOC100506384	NA	0	678	0
LOC100506388	NA	0	1017	0
LOC100506393	NA	0	526	0
LOC100506403	NA	0	457	0
LOC100506406	NA	0	393	0
LOC100506422	NA	0	2320	0
LOC100506444	NA	0	1616	0
LOC100506457	NA	34	2777	0.609288
LOC100506470	NA	0	467	0
LOC100506472	NA	18	3566	0.251195
LOC100506474	NA	0	1944	0
LOC100506476	NA	28	984	1.41606
LOC100506497	NA	0	3709	0
LOC100506526	NA	0	1181	0
LOC100506548	NA	630	3880	8.08032
LOC100506551	NA	18	4198	0.213378
LOC100506585	NA	0	4300	0
LOC100506603	NA	1521	1843	41.0699
LOC100506606	NA	22	2382	0.459622
LOC100506639	NA	68	1548	2.18604
LOC100506675	NA	0	1133	0
LOC100506679	NA	51	2082	1.21901
LOC100506682	NA	0	957	0
LOC100506688	NA	4	3517	0.0565988
LOC100506700	NA	0	637	0
LOC100506725	NA	1	1173	0.042425
LOC100506730	NA	81	2490	1.61885
LOC100506746	NA	15	1945	0.383788
LOC100506747	NA	1	1873	0.0265694
LOC100506790	NA	2	388	0.256518
LOC100506801	NA	7	2574	0.135335
LOC100506804	NA	8	1297	0.306951
LOC100506834	NA	0	4388	0
LOC100506844	NA	153	699	10.8927
LOC100506858	NA	0	444	0
LOC100506860	NA	196	947	10.2997
LOC100506869	NA	0	422	0
LOC100506895	NA	30	2916	0.51198
LOC100506985	NA	58	973	2.96643
LOC100506990	NA	702	4157	8.40382
LOC100507002	NA	101	700	7.18031
LOC100507006	NA	1	780	0.0638006
LOC100507053	NA	25	4825	0.257847
LOC100507065	NA	86	2509	1.70576
LOC100507073	NA	0	765	0
LOC100507091	NA	0	2191	0
LOC100507140	NA	0	2050	0
LOC100507144	NA	0	1107	0
LOC100507156	NA	171	4374	1.94553
LOC100507175	NA	0	1771	0
LOC100507194	NA	5	1442	0.172554
LOC100507195	NA	5	574	0.433489
LOC100507201	NA	0	843	0
LOC100507205	NA	0	479	0
LOC100507250	NA	7	1729	0.201476
LOC100507283	NA	2	2908	0.0342259
LOC100507291	NA	45	915	2.44743
LOC100507334	NA	15	881	0.847296
LOC100507346	NA	47	1957	1.19516
LOC100507351	NA	355	4229	4.17744
LOC100507373	NA	94	2887	1.62032
LOC100507377	NA	0	738	0
LOC100507384	NA	0	640	0
LOC100507387	NA	0	967	0
LOC100507388	NA	0	2546	0
LOC100507389	NA	2	1827	0.0544767
LOC100507391	NA	0	3647	0
LOC100507406	NA	0	791	0
LOC100507412	NA	308	2945	5.20457
LOC100507424	NA	314	877	17.8176
LOC100507431	NA	0	1453	0
LOC100507437	NA	35	1582	1.10098
LOC100507443	NA	1	437	0.113878
LOC100507462	NA	16	2712	0.293596
LOC100507468	NA	1	558	0.0891837
LOC100507472	NA	0	2054	0
LOC100507477	NA	82	1364	2.99171
LOC100507487	NA	152	2068	3.65774
LOC100507506	NA	1	2277	0.0218553
LOC100507534	NA	1	1325	0.0375581
LOC100507537	NA	0	795	0
LOC100507547	NA	54	9240	0.290831
LOC100507557	NA	233	4155	2.79064
LOC100507564	NA	49	1181	2.06474
LOC100507577	NA	466	2549	9.09779
LOC100507600	NA	0	1862	0
LOC100507634	NA	108	2048	2.6243
LOC100507639	NA	5	1025	0.242754
LOC100507642	NA	9	2575	0.173934
LOC100507661	NA	0	742	0
LOC100508046	NA	1	2567	0.0193862
LOC100630923	NA	1139	2911	19.4716
LOC100631378	NA	0	1715	0
LOC100652758	NA	25	1175	1.05882
LOC100652768	NA	243	1244	9.72088
LOC100652931	NA	0	207	0
LOC100652999	NA	51	2297	1.10491
LOC100996249	NA	0	674	0
LOC100996251	NA	5	2456	0.101312
LOC100996255	NA	6	1234	0.241967
LOC100996263	NA	0	436	0
LOC100996286	NA	18	1653	0.5419
LOC100996291	NA	5	2934	0.0848066
LOC100996324	NA	4	574	0.346791
LOC100996325	NA	1	1042	0.0477586
LOC100996338	NA	0	746	0
LOC100996342	NA	2	1175	0.0847055
LOC100996349	NA	0	486	0
LOC100996351	NA	3	2319	0.0643784
LOC100996385	NA	0	1550	0
LOC100996437	NA	23	844	1.35614
LOC100996447	NA	70	1640	2.12409
LOC100996455	NA	23	2356	0.485816
LOC100996579	NA	0	2377	0
LOC100996583	NA	1	698	0.0712958
LOC100996634	NA	0	1969	0
LOC100996635	NA	0	1664	0
LOC100996654	NA	0	628	0
LOC100996671	NA	0	966	0
LOC100996679	NA	0	696	0
LOC100996693	NA	1	815	0.0610607
LOC100996694	NA	0	642	0
LOC101054525	NA	0	1223	0
LOC101059948	NA	1	492	0.101147
LOC101060019	NA	0	629	0
LOC101060091	NA	21	590	1.77128
LOC101060321	NA	1906	6195	15.3109
LOC101060385	NA	0	694	0
LOC101060389	NA	536	2065	12.9171
LOC101060498	NA	0	1311	0
LOC101060524	NA	29	2210	0.653018
LOC101060542	NA	4	2637	0.0754865
LOC101060553	NA	10	4071	0.122241
LOC101241902	NA	1	1527	0.0325897
LOC101243545	NA	7266	2845	127.096
LOC101409256	NA	0	1945	0
LOC101448202	NA	0	865	0
LOC101559451	NA	9	472	0.948899
LOC101593348	NA	3	2351	0.0635021
LOC101805491	NA	0	741	0
LOC101926889	NA	0	2180	0
LOC101926892	NA	0	2367	0
LOC101926897	NA	0	2753	0
LOC101926898	NA	0	1344	0
LOC101926905	NA	0	1010	0
LOC101926908	NA	0	1722	0
LOC101926911	NA	3	1620	0.0921565
LOC101926913	NA	4	588	0.338534
LOC101926915	NA	0	3808	0
LOC101926933	NA	0	556	0
LOC101926935	NA	14	6282	0.110905
LOC101926940	NA	2	599	0.166159
LOC101926941	NA	21	591	1.76828
LOC101926942	NA	0	981	0
LOC101926943	NA	149	841	8.81678
LOC101926944	NA	0	528	0
LOC101926955	NA	0	4604	0
LOC101926960	NA	0	2034	0
LOC101926962	NA	0	1730	0
LOC101926963	NA	4	1310	0.151953
LOC101926964	NA	0	2344	0
LOC101926966	NA	0	1871	0
LOC101926975	NA	2	2232	0.0445918
LOC101927018	NA	0	682	0
LOC101927020	NA	0	502	0
LOC101927021	NA	152	3023	2.50222
LOC101927023	NA	12	711	0.839907
LOC101927027	NA	217	3033	3.56047
LOC101927040	NA	2	2118	0.046992
LOC101927043	NA	4	2749	0.0724111
LOC101927045	NA	57	2116	1.34054
LOC101927048	NA	0	1738	0
LOC101927051	NA	120	1945	3.0703
LOC101927053	NA	0	2260	0
LOC101927055	NA	0	1956	0
LOC101927056	NA	46	796	2.87584
LOC101927058	NA	0	1212	0
LOC101927062	NA	0	510	0
LOC101927066	NA	1	2218	0.0224367
LOC101927069	NA	0	2222	0
LOC101927070	NA	0	2117	0
LOC101927078	NA	0	2033	0
LOC101927079	NA	0	1436	0
LOC101927081	NA	2	822	0.121081
LOC101927082	NA	0	275	0
LOC101927087	NA	4	1771	0.112399
LOC101927100	NA	4	830	0.239829
LOC101927120	NA	0	2901	0
LOC101927123	NA	0	927	0
LOC101927124	NA	0	1213	0
LOC101927131	NA	0	2279	0
LOC101927132	NA	0	2624	0
LOC101927136	NA	0	3531	0
LOC101927139	NA	0	456	0
LOC101927142	NA	0	771	0
LOC101927143	NA	0	789	0
LOC101927151	NA	243	2011	6.01331
LOC101927153	NA	0	778	0
LOC101927156	NA	0	1765	0
LOC101927157	NA	4	1666	0.119483
LOC101927159	NA	0	1995	0
LOC101927164	NA	172	1323	6.46976
LOC101927166	NA	0	2265	0
LOC101927178	NA	175	912	9.54911
LOC101927179	NA	32	626	2.54387
LOC101927181	NA	38	2067	0.914877
LOC101927188	NA	0	2294	0
LOC101927189	NA	5	3168	0.0785424
LOC101927190	NA	0	3258	0
LOC101927196	NA	0	1468	0
LOC101927204	NA	34	2246	0.753336
LOC101927207	NA	0	1754	0
LOC101927211	NA	1	690	0.0721225
LOC101927229	NA	0	3067	0
LOC101927230	NA	10	455	1.09373
LOC101927237	NA	5	1957	0.127145
LOC101927239	NA	0	1077	0
LOC101927243	NA	0	680	0
LOC101927244	NA	0	2086	0
LOC101927248	NA	0	2381	0
LOC101927257	NA	2	1932	0.051516
LOC101927267	NA	113	4166	1.34983
LOC101927269	NA	0	507	0
LOC101927272	NA	0	1109	0
LOC101927274	NA	0	1720	0
LOC101927282	NA	0	1963	0
LOC101927284	NA	0	2894	0
LOC101927285	NA	0	2036	0
LOC101927286	NA	0	1726	0
LOC101927292	NA	0	3157	0
LOC101927296	NA	0	902	0
LOC101927305	NA	0	937	0
LOC101927310	NA	1	1397	0.0356224
LOC101927311	NA	0	766	0
LOC101927314	NA	0	2102	0
LOC101927318	NA	2	994	0.10013
LOC101927322	NA	11	1205	0.454282
LOC101927334	NA	0	437	0
LOC101927342	NA	0	369	0
LOC101927348	NA	0	885	0
LOC101927354	NA	2	761	0.130787
LOC101927356	NA	0	2651	0
LOC101927358	NA	0	648	0
LOC101927359	NA	2	2822	0.035269
LOC101927365	NA	19	1010	0.936164
LOC101927374	NA	0	2254	0
LOC101927378	NA	0	4272	0
LOC101927379	NA	1	1652	0.0301238
LOC101927391	NA	32	2411	0.660499
LOC101927394	NA	0	2683	0
LOC101927406	NA	0	1083	0
LOC101927410	NA	0	3566	0
LOC101927411	NA	0	2904	0
LOC101927412	NA	0	706	0
LOC101927415	NA	12	2316	0.257847
LOC101927416	NA	1	1293	0.0384876
LOC101927418	NA	0	414	0
LOC101927419	NA	0	2222	0
LOC101927421	NA	1	608	0.0818495
LOC101927431	NA	0	2852	0
LOC101927434	NA	0	643	0
LOC101927437	NA	1	543	0.0916473
LOC101927438	NA	4	1982	0.100433
LOC101927446	NA	0	2666	0
LOC101927450	NA	0	2423	0
LOC101927460	NA	0	1336	0
LOC101927464	NA	0	640	0
LOC101927468	NA	1	1409	0.035319
LOC101927472	NA	1	700	0.0710921
LOC101927476	NA	8	3001	0.132661
LOC101927478	NA	0	477	0
LOC101927481	NA	18	815	1.09909
LOC101927482	NA	0	1503	0
LOC101927488	NA	0	660	0
LOC101927495	NA	1	2345	0.0212215
LOC101927497	NA	2	855	0.116408
LOC101927501	NA	57	2228	1.27315
LOC101927502	NA	0	1448	0
LOC101927523	NA	0	1013	0
LOC101927526	NA	0	630	0
LOC101927539	NA	0	1403	0
LOC101927543	NA	1	1973	0.0252228
LOC101927549	NA	0	509	0
LOC101927550	NA	195	3400	2.85414
LOC101927557	NA	1	563	0.0883916
LOC101927560	NA	0	1991	0
LOC101927571	NA	4	347	0.573654
LOC101927572	NA	15	677	1.10261
LOC101927575	NA	0	2009	0
LOC101927577	NA	0	860	0
LOC101927580	NA	0	6584	0
LOC101927583	NA	4	2444	0.0814476
LOC101927587	NA	0	3165	0
LOC101927588	NA	0	1175	0
LOC101927592	NA	0	1336	0
LOC101927604	NA	9	794	0.564081
LOC101927606	NA	0	1703	0
LOC101927616	NA	0	852	0
LOC101927619	NA	0	2811	0
LOC101927620	NA	2	1076	0.0924991
LOC101927623	NA	1	2442	0.0203786
LOC101927630	NA	0	442	0
LOC101927636	NA	0	1301	0
LOC101927637	NA	0	723	0
LOC101927640	NA	0	536	0
LOC101927641	NA	0	2346	0
LOC101927650	NA	0	750	0
LOC101927651	NA	0	937	0
LOC101927653	NA	0	1976	0
LOC101927657	NA	0	1420	0
LOC101927661	NA	0	531	0
LOC101927666	NA	3	6113	0.0244223
LOC101927668	NA	0	822	0
LOC101927683	NA	0	2042	0
LOC101927686	NA	0	328	0
LOC101927691	NA	0	2409	0
LOC101927692	NA	0	2378	0
LOC101927694	NA	0	1656	0
LOC101927697	NA	1	3727	0.0133524
LOC101927701	NA	0	725	0
LOC101927708	NA	1	578	0.0860977
LOC101927709	NA	0	1167	0
LOC101927730	NA	15	650	1.14841
LOC101927735	NA	0	1566	0
LOC101927740	NA	1	2863	0.0173819
LOC101927746	NA	121	735	8.19252
LOC101927755	NA	66	1870	1.75639
LOC101927762	NA	3	407	0.366814
LOC101927765	NA	27	768	1.74953
LOC101927766	NA	2	5604	0.0177603
LOC101927768	NA	5	2007	0.123977
LOC101927769	NA	0	1124	0
LOC101927770	NA	14	1947	0.357834
LOC101927780	NA	5	5189	0.0479519
LOC101927787	NA	0	1373	0
LOC101927795	NA	78	877	4.42603
LOC101927797	NA	0	662	0
LOC101927798	NA	0	1041	0
LOC101927811	NA	0	909	0
LOC101927814	NA	2	1333	0.0746654
LOC101927815	NA	25	2508	0.496058
LOC101927817	NA	2	1968	0.0505737
LOC101927822	NA	0	582	0
LOC101927827	NA	2	3223	0.0308809
LOC101927829	NA	0	2041	0
LOC101927830	NA	13	1702	0.380105
LOC101927835	NA	0	520	0
LOC101927839	NA	0	712	0
LOC101927843	NA	0	897	0
LOC101927844	NA	0	1152	0
LOC101927845	NA	0	2096	0
LOC101927847	NA	0	531	0
LOC101927849	NA	0	2519	0
LOC101927851	NA	5	888	0.280205
LOC101927854	NA	1	643	0.0773942
LOC101927865	NA	2	601	0.165606
LOC101927869	NA	0	2007	0
LOC101927870	NA	0	2725	0
LOC101927876	NA	0	2470	0
LOC101927881	NA	0	1091	0
LOC101927884	NA	0	1185	0
LOC101927901	NA	5	3135	0.0793692
LOC101927905	NA	22	1009	1.08505
LOC101927907	NA	0	997	0
LOC101927911	NA	8	2547	0.156308
LOC101927914	NA	0	4049	0
LOC101927915	NA	0	990	0
LOC101927919	NA	8	1647	0.241722
LOC101927924	NA	0	2398	0
LOC101927926	NA	0	634	0
LOC101927932	NA	3	683	0.218585
LOC101927934	NA	4	1108	0.179655
LOC101927948	NA	0	1103	0
LOC101927950	NA	0	804	0
LOC101927954	NA	1	3645	0.0136528
LOC101927964	NA	0	2287	0
LOC101927967	NA	0	676	0
LOC101927969	NA	3	1949	0.0766
LOC101927972	NA	0	548	0
LOC101927973	NA	3	4486	0.0332799
LOC101927987	NA	0	669	0
LOC101928002	NA	0	2538	0
LOC101928008	NA	1	585	0.0850675
LOC101928009	NA	0	2254	0
LOC101928012	NA	0	1172	0
LOC101928020	NA	17	1542	0.548636
LOC101928030	NA	0	322	0
LOC101928034	NA	44	1390	1.57528
LOC101928035	NA	0	966	0
LOC101928043	NA	2	698	0.142592
LOC101928048	NA	0	381	0
LOC101928052	NA	0	1088	0
LOC101928053	NA	6	2335	0.127875
LOC101928063	NA	9	2216	0.202112
LOC101928068	NA	41	4834	0.422082
LOC101928069	NA	28	846	1.64705
LOC101928075	NA	0	2941	0
LOC101928093	NA	20	767	1.29764
LOC101928100	NA	5	2830	0.0879231
LOC101928103	NA	5	2240	0.111081
LOC101928105	NA	1	703	0.0707888
LOC101928107	NA	0	1353	0
LOC101928118	NA	0	2473	0
LOC101928128	NA	0	726	0
LOC101928131	NA	0	1555	0
LOC101928134	NA	0	560	0
LOC101928135	NA	0	1038	0
LOC101928137	NA	1	1256	0.0396214
LOC101928140	NA	1	1815	0.0274185
LOC101928150	NA	0	3470	0
LOC101928161	NA	0	531	0
LOC101928162	NA	0	759	0
LOC101928163	NA	0	1212	0
LOC101928167	NA	1	1037	0.0479889
LOC101928168	NA	0	512	0
LOC101928174	NA	9	2727	0.164239
LOC101928191	NA	2	1031	0.0965364
LOC101928201	NA	0	1184	0
LOC101928203	NA	0	2198	0
LOC101928205	NA	0	2063	0
LOC101928211	NA	0	564	0
LOC101928222	NA	17	1150	0.735649
LOC101928223	NA	2	1259	0.079054
LOC101928226	NA	0	398	0
LOC101928227	NA	0	405	0
LOC101928231	NA	0	1188	0
LOC101928233	NA	1	1688	0.0294813
LOC101928241	NA	1	1994	0.0249571
LOC101928253	NA	0	385	0
LOC101928254	NA	2	1918	0.0518921
LOC101928259	NA	1	599	0.0830793
LOC101928266	NA	0	5672	0
LOC101928269	NA	0	811	0
LOC101928270	NA	0	414	0
LOC101928272	NA	0	2270	0
LOC101928273	NA	0	1301	0
LOC101928279	NA	9	2386	0.187712
LOC101928280	NA	0	676	0
LOC101928283	NA	0	1436	0
LOC101928295	NA	4	3263	0.0610046
LOC101928298	NA	0	575	0
LOC101928303	NA	0	1078	0
LOC101928304	NA	1	676	0.0736161
LOC101928306	NA	2	669	0.148773
LOC101928307	NA	0	534	0
LOC101928314	NA	0	2602	0
LOC101928322	NA	0	505	0
LOC101928323	NA	7	502	0.693927
LOC101928324	NA	7	783	0.444893
LOC101928327	NA	0	393	0
LOC101928333	NA	0	1912	0
LOC101928335	NA	0	2090	0
LOC101928336	NA	2	2909	0.0342142
LOC101928358	NA	0	1142	0
LOC101928370	NA	0	1213	0
LOC101928371	NA	92	1747	2.62068
LOC101928372	NA	1	2136	0.023298
LOC101928381	NA	2	2526	0.0394018
LOC101928386	NA	0	1051	0
LOC101928398	NA	0	1053	0
LOC101928401	NA	0	2741	0
LOC101928402	NA	9	326	1.37387
LOC101928404	NA	1	2633	0.0189003
LOC101928414	NA	4	672	0.296217
LOC101928416	NA	1	476	0.104547
LOC101928417	NA	0	1493	0
LOC101928418	NA	0	1143	0
LOC101928435	NA	0	1598	0
LOC101928436	NA	0	527	0
LOC101928437	NA	0	3673	0
LOC101928438	NA	2	1544	0.0644618
LOC101928441	NA	0	1641	0
LOC101928443	NA	0	1995	0
LOC101928445	NA	4	1966	0.10125
LOC101928446	NA	1	4037	0.0123271
LOC101928449	NA	0	1372	0
LOC101928453	NA	13	1064	0.608025
LOC101928460	NA	0	2148	0
LOC101928461	NA	0	762	0
LOC101928471	NA	0	710	0
LOC101928476	NA	1	1918	0.025946
LOC101928489	NA	2	1973	0.0504455
LOC101928491	NA	0	1040	0
LOC101928495	NA	0	639	0
LOC101928505	NA	5	1662	0.149713
LOC101928509	NA	0	1328	0
LOC101928514	NA	8	3085	0.129049
LOC101928516	NA	0	669	0
LOC101928517	NA	0	1763	0
LOC101928519	NA	5	2132	0.116708
LOC101928523	NA	0	449	0
LOC101928525	NA	384	1117	17.1079
LOC101928530	NA	3	543	0.274942
LOC101928535	NA	0	3264	0
LOC101928539	NA	2	4065	0.0244844
LOC101928540	NA	0	846	0
LOC101928551	NA	0	1725	0
LOC101928565	NA	0	619	0
LOC101928567	NA	0	950	0
LOC101928569	NA	0	1175	0
LOC101928580	NA	0	2157	0
LOC101928590	NA	0	1213	0
LOC101928597	NA	4	2300	0.0865469
LOC101928600	NA	1	1184	0.0420308
LOC101928605	NA	0	990	0
LOC101928618	NA	0	1732	0
LOC101928622	NA	0	2404	0
LOC101928626	NA	0	798	0
LOC101928650	NA	4	634	0.313972
LOC101928651	NA	0	1668	0
LOC101928661	NA	0	2190	0
LOC101928663	NA	0	1179	0
LOC101928673	NA	29	1819	0.793387
LOC101928674	NA	16	1330	0.598671
LOC101928682	NA	0	704	0
LOC101928694	NA	1	2220	0.0224164
LOC101928696	NA	0	670	0
LOC101928697	NA	0	574	0
LOC101928700	NA	0	2141	0
LOC101928708	NA	0	1453	0
LOC101928710	NA	0	2411	0
LOC101928718	NA	33	2767	0.593505
LOC101928730	NA	0	1937	0
LOC101928731	NA	0	1949	0
LOC101928737	NA	0	545	0
LOC101928738	NA	0	1534	0
LOC101928739	NA	0	346	0
LOC101928748	NA	0	1524	0
LOC101928751	NA	0	1805	0
LOC101928766	NA	0	5271	0
LOC101928767	NA	0	738	0
LOC101928769	NA	0	660	0
LOC101928775	NA	0	389	0
LOC101928778	NA	0	1666	0
LOC101928782	NA	0	1229	0
LOC101928786	NA	1	3031	0.0164185
LOC101928790	NA	0	764	0
LOC101928791	NA	0	426	0
LOC101928794	NA	0	743	0
LOC101928796	NA	2	1067	0.0932793
LOC101928797	NA	0	1298	0
LOC101928804	NA	0	781	0
LOC101928809	NA	0	1684	0
LOC101928812	NA	0	1011	0
LOC101928823	NA	0	1309	0
LOC101928834	NA	0	1397	0
LOC101928837	NA	9	348	1.28701
LOC101928841	NA	50	9405	0.264564
LOC101928844	NA	0	1188	0
LOC101928847	NA	0	1933	0
LOC101928851	NA	0	1038	0
LOC101928855	NA	0	3204	0
LOC101928858	NA	0	1557	0
LOC101928861	NA	0	1396	0
LOC101928865	NA	6	1641	0.181954
LOC101928880	NA	2	498	0.199857
LOC101928882	NA	0	2873	0
LOC101928885	NA	0	2427	0
LOC101928886	NA	3	1660	0.0899358
LOC101928891	NA	39	685	2.83331
LOC101928894	NA	0	933	0
LOC101928896	NA	0	717	0
LOC101928909	NA	12	1242	0.480816
LOC101928911	NA	0	593	0
LOC101928936	NA	0	3974	0
LOC101928937	NA	0	1038	0
LOC101928940	NA	0	3831	0
LOC101928942	NA	0	782	0
LOC101928943	NA	1	536	0.0928442
LOC101928944	NA	0	1547	0
LOC101928961	NA	0	3780	0
LOC101928973	NA	2	540	0.184313
LOC101928977	NA	1	578	0.0860977
LOC101928978	NA	0	2838	0
LOC101928979	NA	6	1035	0.28849
LOC101928988	NA	5	1072	0.232111
LOC101928989	NA	0	1400	0
LOC101928992	NA	0	2591	0
LOC101928994	NA	7	1933	0.180213
LOC101928995	NA	0	1396	0
LOC101929019	NA	0	640	0
LOC101929023	NA	0	863	0
LOC101929034	NA	0	493	0
LOC101929057	NA	63	5149	0.608888
LOC101929058	NA	0	926	0
LOC101929064	NA	0	957	0
LOC101929066	NA	6	2518	0.118581
LOC101929073	NA	0	551	0
LOC101929076	NA	5	1988	0.125162
LOC101929080	NA	0	1701	0
LOC101929084	NA	0	3059	0
LOC101929089	NA	19	1046	0.903944
LOC101929095	NA	0	630	0
LOC101929099	NA	15	1814	0.411504
LOC101929106	NA	0	2674	0
LOC101929116	NA	0	2096	0
LOC101929122	NA	0	821	0
LOC101929123	NA	0	1702	0
LOC101929124	NA	0	3355	0
LOC101929125	NA	0	706	0
LOC101929128	NA	132	713	9.21306
LOC101929140	NA	11	1921	0.284961
LOC101929144	NA	0	1838	0
LOC101929147	NA	168	5118	1.63354
LOC101929148	NA	0	2939	0
LOC101929153	NA	0	801	0
LOC101929154	NA	0	470	0
LOC101929162	NA	45	1714	1.30654
LOC101929164	NA	0	1024	0
LOC101929172	NA	0	1633	0
LOC101929181	NA	3	1284	0.116272
LOC101929194	NA	0	1225	0
LOC101929199	NA	0	2802	0
LOC101929207	NA	0	358	0
LOC101929210	NA	0	1014	0
LOC101929217	NA	0	351	0
LOC101929224	NA	2	736	0.13523
LOC101929229	NA	2	445	0.223661
LOC101929231	NA	69	861	3.9881
LOC101929234	NA	0	1372	0
LOC101929237	NA	0	3891	0
LOC101929239	NA	0	1805	0
LOC101929241	NA	0	1572	0
LOC101929259	NA	0	1762	0
LOC101929260	NA	18	2528	0.354336
LOC101929268	NA	0	2372	0
LOC101929279	NA	0	2042	0
LOC101929282	NA	1	936	0.0531672
LOC101929284	NA	0	780	0
LOC101929294	NA	0	887	0
LOC101929295	NA	0	1926	0
LOC101929297	NA	0	1545	0
LOC101929312	NA	0	1651	0
LOC101929315	NA	0	942	0
LOC101929319	NA	0	1878	0
LOC101929331	NA	1	616	0.0807865
LOC101929337	NA	0	1195	0
LOC101929340	NA	4	1517	0.131218
LOC101929353	NA	0	526	0
LOC101929371	NA	0	791	0
LOC101929372	NA	14	1838	0.379055
LOC101929374	NA	11	917	0.596957
LOC101929378	NA	0	1807	0
LOC101929380	NA	0	1471	0
LOC101929384	NA	0	761	0
LOC101929395	NA	0	499	0
LOC101929406	NA	0	1519	0
LOC101929412	NA	44	2130	1.028
LOC101929413	NA	0	2006	0
LOC101929415	NA	0	2643	0
LOC101929420	NA	0	2243	0
LOC101929427	NA	1	560	0.0888652
LOC101929431	NA	0	4850	0
LOC101929439	NA	6	2354	0.126842
LOC101929441	NA	8	1126	0.353567
LOC101929448	NA	0	417	0
LOC101929450	NA	0	5540	0
LOC101929452	NA	0	530	0
LOC101929454	NA	0	1070	0
LOC101929464	NA	0	490	0
LOC101929468	NA	0	2968	0
LOC101929470	NA	2	1867	0.0533096
LOC101929473	NA	0	2323	0
LOC101929486	NA	0	3031	0
LOC101929488	NA	0	1831	0
LOC101929497	NA	0	495	0
LOC101929504	NA	0	544	0
LOC101929505	NA	0	2135	0
LOC101929512	NA	1	574	0.0866977
LOC101929516	NA	281	641	21.8156
LOC101929517	NA	0	1381	0
LOC101929524	NA	0	1674	0
LOC101929526	NA	0	1694	0
LOC101929528	NA	0	1690	0
LOC101929529	NA	0	350	0
LOC101929532	NA	0	3603	0
LOC101929541	NA	4	912	0.218265
LOC101929549	NA	1	1249	0.0398435
LOC101929550	NA	0	5391	0
LOC101929551	NA	0	737	0
LOC101929555	NA	6	2243	0.133119
LOC101929563	NA	0	4817	0
LOC101929565	NA	0	333	0
LOC101929567	NA	5	8839	0.0281505
LOC101929570	NA	0	2999	0
LOC101929572	NA	1	2082	0.0239023
LOC101929574	NA	0	598	0
LOC101929577	NA	6	3526	0.0846815
LOC101929579	NA	0	470	0
LOC101929584	NA	0	1007	0
LOC101929586	NA	2	2519	0.0395113
LOC101929592	NA	0	456	0
LOC101929595	NA	2	2810	0.0354196
LOC101929596	NA	1	1132	0.0439616
LOC101929607	NA	0	1487	0
LOC101929608	NA	0	1253	0
LOC101929613	NA	1	440	0.113101
LOC101929622	NA	5	965	0.257847
LOC101929625	NA	0	567	0
LOC101929626	NA	3	358	0.417021
LOC101929631	NA	0	1728	0
LOC101929633	NA	0	629	0
LOC101929645	NA	0	4805	0
LOC101929646	NA	0	660	0
LOC101929653	NA	1	4335	0.0114797
LOC101929657	NA	13	3429	0.188667
LOC101929660	NA	0	2057	0
LOC101929662	NA	0	2667	0
LOC101929679	NA	6	993	0.300692
LOC101929680	NA	0	2304	0
LOC101929681	NA	0	672	0
LOC101929694	NA	0	2020	0
LOC101929696	NA	8	701	0.567926
LOC101929698	NA	4	1771	0.112399
LOC101929705	NA	87	2296	1.88568
LOC101929709	NA	45	1601	1.39875
LOC101929710	NA	0	473	0
LOC101929715	NA	7	882	0.394956
LOC101929717	NA	2	2414	0.0412299
LOC101929718	NA	575	1398	20.4682
LOC101929719	NA	3	583	0.256078
LOC101929721	NA	0	575	0
LOC101929723	NA	57	898	3.15877
LOC101929733	NA	0	463	0
LOC101929741	NA	1	1549	0.0321269
LOC101929753	NA	0	1311	0
LOC101929754	NA	0	622	0
LOC101929762	NA	0	1913	0
LOC101929767	NA	57	695	4.0814
LOC101929771	NA	0	423	0
LOC101929829	NA	106	1658	3.18157
LOC101929897	NA	2	647	0.153832
LOC101929983	NA	45	1436	1.55947
LOC101930010	NA	22	827	1.32384
LOC101930071	NA	20	292	3.40853
LOC101930452	NA	7	4388	0.0793873
LOC102031319	NA	1	298	0.166995
LOC102467079	NA	0	1009	0
LOC102467080	NA	0	979	0
LOC102467081	NA	1	550	0.0904809
LOC102467147	NA	0	656	0
LOC102467212	NA	1	432	0.115196
LOC102467213	NA	0	572	0
LOC102467214	NA	0	832	0
LOC102467216	NA	0	476	0
LOC102467217	NA	0	699	0
LOC102467222	NA	0	966	0
LOC102467223	NA	0	396	0
LOC102467224	NA	0	879	0
LOC102467225	NA	0	543	0
LOC102467226	NA	1	504	0.0987391
LOC102467655	NA	0	454	0
LOC102477328	NA	0	639	0
LOC102503427	NA	0	665	0
LOC102546226	NA	0	1626	0
LOC102546228	NA	0	566	0
LOC102546229	NA	2	705	0.141176
LOC102546294	NA	0	2100	0
LOC102546298	NA	5	407	0.611357
LOC102546299	NA	0	582	0
LOC102577426	NA	0	467	0
LOC102606465	NA	82	1326	3.07744
LOC102606466	NA	0	829	0
LOC102723344	NA	0	1204	0
LOC102723354	NA	37	903	2.03908
LOC102723362	NA	0	439	0
LOC102723373	NA	0	584	0
LOC102723376	NA	0	826	0
LOC102723377	NA	0	425	0
LOC102723385	NA	6	782	0.381825
LOC102723427	NA	0	510	0
LOC102723439	NA	49	517	4.71656
LOC102723448	NA	0	590	0
LOC102723505	NA	0	363	0
LOC102723517	NA	0	582	0
LOC102723544	NA	0	503	0
LOC102723582	NA	2	621	0.160272
LOC102723604	NA	0	529	0
LOC102723617	NA	0	374	0
LOC102723649	NA	0	520	0
LOC102723661	NA	0	813	0
LOC102723701	NA	4	2086	0.0954257
LOC102723703	NA	6	921	0.324199
LOC102723704	NA	154	1506	5.0888
LOC102723709	NA	1	440	0.113101
LOC102723729	NA	15	409	1.8251
LOC102723766	NA	1	822	0.0605407
LOC102723769	NA	114	1380	4.11098
LOC102723778	NA	0	506	0
LOC102723809	NA	2	561	0.177414
LOC102723824	NA	7	1460	0.238597
LOC102723828	NA	0	752	0
LOC102723831	NA	0	885	0
LOC102723833	NA	0	461	0
LOC102723854	NA	54	2156	1.24642
LOC102723859	NA	536	2063	12.9296
LOC102723883	NA	0	492	0
LOC102723885	NA	91	574	7.88949
LOC102723895	NA	0	624	0
LOC102723927	NA	37	2170	0.848519
LOC102723968	NA	4	1532	0.129933
LOC102724000	NA	0	773	0
LOC102724009	NA	67	582	5.7289
LOC102724020	NA	0	670	0
LOC102724034	NA	5	1150	0.216367
LOC102724050	NA	17	1206	0.70149
LOC102724053	NA	0	770	0
LOC102724058	NA	0	740	0
LOC102724084	NA	0	565	0
LOC102724094	NA	28	407	3.4236
LOC102724096	NA	0	804	0
LOC102724153	NA	17	2143	0.394772
LOC102724163	NA	0	543	0
LOC102724188	NA	0	503	0
LOC102724190	NA	6	1817	0.16433
LOC102724201	NA	0	604	0
LOC102724238	NA	250	1428	8.71227
LOC102724279	NA	273	449	30.2577
LOC102724297	NA	164	951	8.58189
LOC102724301	NA	0	523	0
LOC102724312	NA	31	1194	1.29204
LOC102724321	NA	0	429	0
LOC102724323	NA	0	464	0
LOC102724421	NA	0	508	0
LOC102724434	NA	0	2026	0
LOC102724450	NA	0	378	0
LOC102724467	NA	5	767	0.32441
LOC102724484	NA	0	1298	0
LOC102724511	NA	0	530	0
LOC102724539	NA	3	495	0.301603
LOC102724552	NA	4	694	0.286827
LOC102724555	NA	0	555	0
LOC102724589	NA	5	344	0.723321
LOC102724596	NA	0	1168	0
LOC102724601	NA	2	448	0.222163
LOC102724604	NA	0	760	0
LOC102724612	NA	0	3222	0
LOC102724623	NA	0	579	0
LOC102724651	NA	0	568	0
LOC102724659	NA	0	1868	0
LOC102724661	NA	0	677	0
LOC102724663	NA	0	969	0
LOC102724691	NA	5	642	0.387574
LOC102724699	NA	5	1832	0.13582
LOC102724710	NA	0	587	0
LOC102724719	NA	2	420	0.236974
LOC102724776	NA	62	449	6.87171
LOC102724784	NA	0	974	0
LOC102724804	NA	0	985	0
LOC102724814	NA	536	3245	8.21996
LOC102724849	NA	0	822	0
LOC102724862	NA	536	2065	12.9171
LOC102724874	NA	0	196	0
LOC102724890	NA	0	750	0
LOC102724913	NA	0	574	0
LOC102724919	NA	2	542	0.183633
LOC102724927	NA	1	1378	0.0361136
LOC102724933	NA	1	1269	0.0392155
LOC102724957	NA	0	471	0
LOC102724958	NA	0	1079	0
LOC102725079	NA	0	1123	0
LOC102800447	NA	0	686	0
LOC103021295	NA	534	464	57.2721
LOC103091866	NA	168	1510	5.53671
LOC103171574	NA	12	1311	0.45551
LOC103191607	NA	0	839	0
LOC103312105	NA	0	526	0
LOC103344931	NA	121	4237	1.42117
LOC103352541	NA	3	576	0.25919
LOC103611081	NA	99	3999	1.23198
LOC103908605	NA	96	1044	4.57605
LOC104054148	NA	0	2464	0
LOC104613533	NA	0	479	0
LOC104968399	NA	1268	1370	46.0594
LOC105274304	NA	22	1731	0.632478
LOC105370306	NA	0	561	0
LOC105372441	NA	0	463	0
LOC105372795	NA	3	1026	0.14551
LOC105373300	NA	0	921	0
LOC105373383	NA	8	554	0.718621
LOC105375734	NA	0	569	0
LOC105376360	NA	0	2238	0
LOC105376671	NA	2	1574	0.0632332
LOC105377348	NA	19	1175	0.804702
LOC105378732	NA	0	567	0
LOC105447645	NA	20	1399	0.71143
LOC105447648	NA	0	518	0
LOC105616981	NA	0	922	0
LOC105667213	NA	0	948	0
LOC105747689	NA	31	1893	0.814949
LOC105748977	NA	4	802	0.248202
LOC105755953	NA	0	366	0
LOC113230	NA	119	1365	4.33844
LOC115110	NA	19	4619	0.204703
LOC143666	NA	26	2078	0.622655
LOC145474	NA	0	1843	0
LOC145783	NA	29	3017	0.478346
LOC145845	NA	0	2987	0
LOC146513	NA	0	2061	0
LOC146880	NA	2267	4968	22.7086
LOC148413	NA	759	1748	21.6083
LOC148696	NA	0	4218	0
LOC148709	NA	33	2321	0.707552
LOC149373	NA	0	1347	0
LOC149684	NA	0	413	0
LOC149950	NA	0	845	0
LOC150776	NA	1470	3788	19.312
LOC150935	NA	0	1017	0
LOC151121	NA	0	2256	0
LOC151174	NA	1	1959	0.025403
LOC151475	NA	2	2609	0.0381483
LOC151484	NA	3	1893	0.0788661
LOC152225	NA	2	2051	0.0485271
LOC152578	NA	0	727	0
LOC153684	NA	24	2260	0.528473
LOC153910	NA	6	2530	0.118019
LOC154449	NA	0	1330	0
LOC154761	NA	5	2527	0.0984656
LOC155060	NA	227	3154	3.58166
LOC157273	NA	1	3442	0.014458
LOC158434	NA	0	2662	0
LOC158435	NA	0	2422	0
LOC171391	NA	81	979	4.11739
LOC1720	NA	0	967	0
LOC200726	NA	0	1376	0
LOC200772	NA	0	2272	0
LOC202181	NA	104	2857	1.81152
LOC220729	NA	310	1527	10.1028
LOC221122	NA	2	1238	0.080395
LOC221946	NA	3	1826	0.0817598
LOC253573	NA	14	2295	0.303574
LOC254028	NA	0	2031	0
LOC254896	NA	72	1241	2.88722
LOC255187	NA	0	792	0
LOC255654	NA	0	964	0
LOC256880	NA	0	498	0
LOC257396	NA	25	2370	0.524942
LOC283038	NA	17	3149	0.268656
LOC283045	NA	0	2621	0
LOC283140	NA	7	2749	0.126719
LOC283177	NA	0	2737	0
LOC283194	NA	0	2603	0
LOC283214	NA	0	1504	0
LOC283299	NA	34	2503	0.675986
LOC283332	NA	0	2340	0
LOC283335	NA	63	2863	1.09506
LOC283352	NA	0	545	0
LOC283440	NA	2	571	0.174306
LOC283575	NA	1	2939	0.0169325
LOC283585	NA	0	1763	0
LOC283683	NA	4	1445	0.137756
LOC283710	NA	2	1032	0.0964428
LOC283731	NA	0	2566	0
LOC283788	NA	479	3662	6.50934
LOC283856	NA	0	2678	0
LOC283922	NA	125	2317	2.68475
LOC284009	NA	2	576	0.172793
LOC284023	NA	60	2525	1.18252
LOC284080	NA	6	2533	0.117879
LOC284294	NA	0	1713	0
LOC284344	NA	648	1721	18.7376
LOC284379	NA	0	1225	0
LOC284395	NA	0	2582	0
LOC284412	NA	12	2344	0.254767
LOC284454	NA	312	1774	8.75227
LOC284578	NA	0	2363	0
LOC284581	NA	14	2594	0.268582
LOC284632	NA	3	1846	0.080874
LOC284648	NA	7	1490	0.233793
LOC284661	NA	0	2074	0
LOC284788	NA	0	1684	0
LOC284798	NA	0	3356	0
LOC284825	NA	4	2420	0.0822554
LOC284865	NA	335	2227	7.4859
LOC284930	NA	0	1815	0
LOC284933	NA	1	1408	0.0353441
LOC284950	NA	0	3108	0
LOC285000	NA	0	1416	0
LOC285043	NA	0	692	0
LOC285074	NA	717	2201	16.2113
LOC285484	NA	0	1485	0
LOC285593	NA	1	3022	0.0164674
LOC285626	NA	1	1580	0.0314965
LOC285627	NA	1	2012	0.0247338
LOC285629	NA	0	2322	0
LOC285692	NA	0	1845	0
LOC285696	NA	0	3316	0
LOC285740	NA	1	2825	0.0176158
LOC285762	NA	0	3469	0
LOC285766	NA	0	2050	0
LOC285768	NA	0	2340	0
LOC285804	NA	0	1953	0
LOC285819	NA	5	2904	0.0856827
LOC285847	NA	7	1732	0.201127
LOC285889	NA	0	2698	0
LOC286059	NA	12	2636	0.226545
LOC286083	NA	0	3006	0
LOC286114	NA	1	1644	0.0302704
LOC286177	NA	0	2969	0
LOC286238	NA	0	682	0
LOC286297	NA	196	5184	1.88153
LOC286359	NA	0	2017	0
LOC286370	NA	0	2720	0
LOC286437	NA	13	2318	0.279093
LOC338694	NA	2	988	0.100738
LOC338797	NA	0	1794	0
LOC338963	NA	4	1362	0.146151
LOC339059	NA	0	2137	0
LOC339166	NA	0	1821	0
LOC339260	NA	0	1688	0
LOC339298	NA	0	2794	0
LOC339529	NA	0	1799	0
LOC339539	NA	4	2365	0.0841683
LOC339568	NA	0	1514	0
LOC339593	NA	0	2274	0
LOC339622	NA	0	2716	0
LOC339666	NA	0	1557	0
LOC339803	NA	0	2557	0
LOC339807	NA	0	1771	0
LOC339862	NA	1	2331	0.021349
LOC339874	NA	2	1978	0.050318
LOC339975	NA	0	2432	0
LOC340017	NA	0	1392	0
LOC340074	NA	1	2042	0.0243705
LOC340107	NA	0	2290	0
LOC340113	NA	0	2008	0
LOC340357	NA	0	772	0
LOC340512	NA	0	2277	0
LOC341056	NA	187	2046	4.54837
LOC343052	NA	0	660	0
LOC344887	NA	0	2166	0
LOC344967	NA	326	1613	10.0578
LOC349160	NA	0	1538	0
LOC374443	NA	42	3401	0.614557
LOC375196	NA	1	1057	0.0470809
LOC387810	NA	0	2065	0
LOC388242	NA	13	2956	0.218856
LOC388282	NA	1	1289	0.0386071
LOC388406	NA	0	644	0
LOC388436	NA	10	3472	0.143331
LOC388692	NA	183	2307	3.94751
LOC388780	NA	10	835	0.595982
LOC388813	NA	0	1663	0
LOC388849	NA	20	633	1.57234
LOC388882	NA	5	1582	0.157283
LOC388942	NA	1	1810	0.0274942
LOC389033	NA	0	401	0
LOC389199	NA	6	1296	0.230391
LOC389247	NA	3	781	0.191157
LOC389332	NA	0	1696	0
LOC389602	NA	0	2536	0
LOC389641	NA	0	1970	0
LOC389705	NA	10	923	0.53916
LOC389765	NA	30	1764	0.846335
LOC389831	NA	1196	2413	24.6657
LOC389834	NA	335	8205	2.03182
LOC389895	NA	0	1245	0
LOC389906	NA	571	1791	15.8657
LOC390705	NA	0	870	0
LOC391003	NA	1	2120	0.0234738
LOC391322	NA	0	563	0
LOC392196	NA	0	1440	0
LOC392232	NA	0	2678	0
LOC392364	NA	0	1014	0
LOC392452	NA	0	670	0
LOC399715	NA	3	2966	0.050335
LOC399815	NA	81	2112	1.90858
LOC399886	NA	0	2597	0
LOC400043	NA	7	1395	0.249714
LOC400541	NA	6	571	0.522919
LOC400548	NA	1	2005	0.0248202
LOC400553	NA	0	414	0
LOC400558	NA	1	1326	0.0375298
LOC400612	NA	4	2926	0.0680308
LOC400620	NA	0	2474	0
LOC400655	NA	0	2654	0
LOC400661	NA	0	2337	0
LOC400684	NA	24	951	1.25589
LOC400685	NA	0	2080	0
LOC400706	NA	24	3226	0.370226
LOC400736	NA	148	4328	1.70174
LOC400794	NA	0	1752	0
LOC400867	NA	0	3823	0
LOC400927	NA	39	494	3.92878
LOC400927-CSNK1E	NA	2422	2997	40.2168
LOC400940	NA	0	3463	0
LOC400958	NA	2	3029	0.0328587
LOC400997	NA	0	3212	0
LOC401010	NA	267	2734	4.85996
LOC401052	NA	108	1897	2.83319
LOC401127	NA	51	1649	1.53911
LOC401134	NA	1	4079	0.0122002
LOC401177	NA	0	2312	0
LOC401242	NA	274	11153	1.22258
LOC401286	NA	0	4520	0
LOC401312	NA	1	2592	0.0191993
LOC401320	NA	60	3871	0.771343
LOC401324	NA	0	3629	0
LOC401357	NA	15	3613	0.206606
LOC401463	NA	0	2701	0
LOC401557	NA	0	3729	0
LOC401585	NA	2	375	0.265411
LOC403312	NA	1	3421	0.0145468
LOC403323	NA	115	1802	3.17587
LOC407835	NA	1309	1726	37.7414
LOC414300	NA	1	1104	0.0450765
LOC439933	NA	0	1780	0
LOC439994	NA	249	1164	10.6455
LOC440028	NA	1166	2311	25.1084
LOC440040	NA	12	2181	0.273807
LOC440117	NA	0	1482	0
LOC440173	NA	0	2016	0
LOC440300	NA	499	7750	3.20419
LOC440311	NA	646	1702	18.8883
LOC440390	NA	2	4083	0.0243764
LOC440434	NA	542	1652	16.3271
LOC440446	NA	1	2645	0.0188146
LOC440461	NA	2	1643	0.0605776
LOC440600	NA	15	2609	0.286112
LOC440602	NA	1	2351	0.0211674
LOC440700	NA	1	1210	0.0411277
LOC440704	NA	0	2216	0
LOC440895	NA	21	856	1.22086
LOC440896	NA	3	3182	0.0469181
LOC440910	NA	0	1739	0
LOC440982	NA	0	661	0
LOC441025	NA	0	1143	0
LOC441081	NA	3	5287	0.0282378
LOC441155	NA	543	3824	7.06645
LOC441178	NA	0	2557	0
LOC441204	NA	23	1631	0.701768
LOC441242	NA	86	3415	1.25322
LOC441454	NA	16	1381	0.576562
LOC441455	NA	6	1647	0.181291
LOC441601	NA	1	1015	0.0490291
LOC441666	NA	124	6661	0.926407
LOC442028	NA	0	3330	0
LOC442132	NA	0	2070	0
LOC442497	NA	0	2247	0
LOC494127	NA	10	1340	0.371377
LOC494141	NA	7	2764	0.126032
LOC51145	NA	0	697	0
LOC541472	NA	3	1364	0.109453
LOC541473	NA	76	1013	3.73357
LOC550113	NA	0	2787	0
LOC553103	NA	15	1801	0.414474
LOC55338	NA	0	2898	0
LOC554206	NA	31	1037	1.48766
LOC554223	NA	0	7167	0
LOC554249	NA	250	1424	8.73674
LOC574538	NA	1	2904	0.0171365
LOC606724	NA	182	1142	7.93094
LOC613037	NA	1838	3455	26.4738
LOC613038	NA	13	2956	0.218856
LOC613266	NA	0	2407	0
LOC63930	NA	0	3366	0
LOC641367	NA	31	2694	0.572643
LOC641746	NA	4	1142	0.174306
LOC642236	NA	225	1071	10.4547
LOC642361	NA	291	1701	8.5135
LOC642366	NA	18	6698	0.133736
LOC642423	NA	1085	1224	44.1131
LOC642426	NA	11	1273	0.430015
LOC642776	NA	3	2101	0.0710583
LOC642846	NA	540	3499	7.68014
LOC642852	NA	925	7165	6.42459
LOC642929	NA	0	985	0
LOC642943	NA	0	5053	0
LOC643072	NA	49	2456	0.992858
LOC643201	NA	27	4292	0.313057
LOC643339	NA	5	578	0.430489
LOC643355	NA	1	3035	0.0163969
LOC643387	NA	646	2659	12.0902
LOC643406	NA	0	3799	0
LOC643441	NA	0	2171	0
LOC643542	NA	0	2991	0
LOC643623	NA	0	2963	0
LOC643711	NA	0	4350	0
LOC643733	NA	0	619	0
LOC643770	NA	3	1825	0.0818046
LOC643802	NA	0	1344	0
LOC643923	NA	0	972	0
LOC644145	NA	0	388	0
LOC644172	NA	69	3512	0.977719
LOC644189	NA	0	1724	0
LOC644285	NA	17	5214	0.162255
LOC644554	NA	0	1058	0
LOC644656	NA	54	1143	2.35108
LOC644669	NA	0	2097	0
LOC644762	NA	186	1614	5.73494
LOC644838	NA	0	2100	0
LOC644919	NA	0	831	0
LOC644936	NA	177	1381	6.37822
LOC645166	NA	981	1528	31.9496
LOC645354	NA	28	2214	0.629361
LOC645382	NA	6	3036	0.0983488
LOC645434	NA	4	1690	0.117786
LOC645513	NA	57	1048	2.70666
LOC645752	NA	0	3117	0
LOC645949	NA	0	2127	0
LOC646029	NA	10	1845	0.269726
LOC646214	NA	358	8226	2.16578
LOC646268	NA	3	835	0.178795
LOC646471	NA	119	3653	1.62113
LOC646522	NA	0	975	0
LOC646626	NA	46	888	2.57789
LOC646736	NA	0	935	0
LOC646743	NA	0	2229	0
LOC646762	NA	14	5784	0.120453
LOC646813	NA	0	608	0
LOC646903	NA	63	1964	1.59632
LOC646938	NA	2	481	0.206921
LOC647323	NA	0	1615	0
LOC647859	NA	110	578	9.47075
LOC648987	NA	163	3507	2.31298
LOC649133	NA	0	2128	0
LOC649324	NA	28	2214	0.629361
LOC649352	NA	0	523	0
LOC650226	NA	0	1667	0
LOC650293	NA	0	651	0
LOC652276	NA	214	2714	3.92395
LOC653160	NA	69	1887	1.81969
LOC653513	NA	9	870	0.514805
LOC653602	NA	0	2058	0
LOC653653	NA	31	1160	1.32991
LOC653712	NA	23	1104	1.03676
LOC653786	NA	9	2661	0.168313
LOC654342	NA	1527	605	125.604
LOC654841	NA	19	2502	0.377908
LOC727751	NA	1435	3238	22.0544
LOC727896	NA	126	3409	1.83934
LOC727924	NA	0	1600	0
LOC728024	NA	104	1491	3.47117
LOC728040	NA	0	763	0
LOC728084	NA	8	2509	0.158675
LOC728095	NA	7	869	0.400865
LOC728175	NA	0	1878	0
LOC728323	NA	16	1528	0.521094
LOC728392	NA	1246	1493	41.5315
LOC728485	NA	31	1885	0.818408
LOC728554	NA	1255	1827	34.1841
LOC728613	NA	272	2576	5.25464
LOC728673	NA	270	2259	5.94795
LOC728730	NA	53	2517	1.04788
LOC728739	NA	15	622	1.20011
LOC728743	NA	316	3369	4.66773
LOC728752	NA	26	1414	0.915047
LOC728989	NA	45	1076	2.08123
LOC729080	NA	134	1070	6.23219
LOC729083	NA	0	896	0
LOC729159	NA	0	1309	0
LOC729218	NA	610	5853	5.18646
LOC729296	NA	0	1259	0
LOC729348	NA	0	1675	0
LOC729506	NA	0	1591	0
LOC729603	NA	42	3131	0.667553
LOC729609	NA	0	628	0
LOC729658	NA	0	2204	0
LOC729683	NA	23	2348	0.487472
LOC729732	NA	53	3982	0.66236
LOC729737	NA	1586	5474	14.4184
LOC729739	NA	8	490	0.812482
LOC729867	NA	115	1578	3.62669
LOC729930	NA	16	1105	0.720572
LOC729950	NA	65	2321	1.39366
LOC729966	NA	0	687	0
LOC729970	NA	49	952	2.56141
LOC729987	NA	0	2265	0
LOC730101	NA	829	3784	10.9024
LOC730102	NA	3	2974	0.0501996
LOC730159	NA	0	631	0
LOC730183	NA	24	582	2.05214
LOC730202	NA	37	679	2.71176
LOC730668	NA	0	4162	0
LOC731157	NA	2	475	0.209535
LOC731424	NA	2	3390	0.0293596
LOC79160	NA	6	967	0.308777
LOC79999	NA	10	3472	0.143331
LOC80078	NA	10	3885	0.128094
LOC81691	NA	94	2888	1.61976
LOC90246	NA	322	2752	5.82274
LOC90768	NA	0	5299	0
LOC90784	NA	619	3653	8.43258
LOC91450	NA	7	993	0.350807
LOC93622	NA	584	1668	17.4235
LOH12CR1	NA	159	2092	3.78229
LOH12CR2	NA	7	1538	0.226496
LONP1	NA	4679	3398	68.525
LONP2	NA	1012	4958	10.1577
LONRF1	NA	191	3584	2.65207
LONRF2	NA	5	13912	0.0178855
LONRF3	NA	2	4041	0.0246298
LOR	NA	15	1229	0.607378
LOX	NA	10	5399	0.0921735
LOXHD1	NA	0	7869	0
LOXL1	NA	2184	2361	46.0337
LOXL1-AS1	NA	548	2844	9.58894
LOXL2	NA	6375	3810	83.2674
LOXL3	NA	661	3790	8.67924
LOXL4	NA	23	3657	0.312984
LPA	NA	0	6489	0
LPAL2	NA	0	2502	0
LPAR1	NA	1	3168	0.0157085
LPAR2	NA	229	1794	6.35232
LPAR3	NA	1	1721	0.028916
LPAR4	NA	0	2832	0
LPAR5	NA	7	2920	0.119298
LPAR6	NA	11	3458	0.158302
LPCAT1	NA	2854	3946	35.9929
LPCAT2	NA	18	5388	0.166251
LPCAT3	NA	1483	2297	32.1292
LPCAT4	NA	777	1908	20.2657
LPGAT1	NA	1396	7782	8.92717
LPIN1	NA	906	6461	6.97827
LPIN2	NA	1686	6229	13.4697
LPIN3	NA	773	4436	8.67177
LPL	NA	0	3747	0
LPO	NA	0	2979	0
LPP	NA	2526	18484	6.80075
LPP-AS1	NA	0	495	0
LPP-AS2	NA	69	2883	1.19103
LPPR1	NA	2	2676	0.0371932
LPPR2	NA	572	2743	10.3774
LPPR3	NA	544	2387	11.3414
LPPR4	NA	405	5022	4.01327
LPPR5	NA	90	4015	1.11552
LPXN	NA	80	2143	1.85775
LRAT	NA	0	4987	0
LRBA	NA	1748	9965	8.72939
LRCH1	NA	162	8082	0.997507
LRCH2	NA	61	4925	0.616372
LRCH3	NA	140	2306	3.02126
LRCH4	NA	1672	3236	25.7127
LRCOL1	NA	27	874	1.53735
LRFN1	NA	446	3132	7.08651
LRFN2	NA	0	3221	0
LRFN3	NA	530	2515	10.4871
LRFN4	NA	1150	2528	22.6381
LRFN5	NA	0	3732	0
LRG1	NA	87	1780	2.43231
LRGUK	NA	12	2700	0.221176
LRIF1	NA	919	3335	13.7132
LRIG1	NA	231	4762	2.41403
LRIG2	NA	244	4536	2.67693
LRIG3	NA	42	4200	0.497645
LRIT1	NA	0	2301	0
LRIT2	NA	0	3179	0
LRIT3	NA	7	3584	0.0971963
LRMP	NA	2	2869	0.0346912
LRP1	NA	3480	14888	11.6322
LRP1-AS	NA	3	879	0.169845
LRP10	NA	3795	3250	58.1096
LRP11	NA	995	3618	13.6859
LRP12	NA	378	4149	4.53386
LRP1B	NA	0	16531	0
LRP2	NA	1	15735	0.00316266
LRP2BP	NA	36	5158	0.347329
LRP3	NA	1120	3698	15.072
LRP4	NA	579	8227	3.50233
LRP4-AS1	NA	23	1540	0.743236
LRP5	NA	1219	5353	11.3325
LRP5L	NA	156	3998	1.94179
LRP6	NA	1182	10083	5.83374
LRP8	NA	503	7778	3.21825
LRPAP1	NA	4637	10703	21.5601
LRPPRC	NA	5824	6619	43.7873
LRR1	NA	477	2073	11.4509
LRRC1	NA	833	3180	13.0358
LRRC10	NA	0	2598	0
LRRC10B	NA	11	2219	0.246692
LRRC14	NA	812	5434	7.43628
LRRC14B	NA	2	1573	0.0632734
LRRC15	NA	77	5940	0.645095
LRRC16A	NA	7	5431	0.0641413
LRRC16B	NA	12	4600	0.12982
LRRC17	NA	10	2270	0.219227
LRRC18	NA	0	1619	0
LRRC19	NA	8	3608	0.110343
LRRC2	NA	0	5135	0
LRRC2-AS1	NA	1	633	0.0786169
LRRC20	NA	2675	3625	36.7228
LRRC23	NA	94	1800	2.59881
LRRC24	NA	385	1772	10.8123
LRRC25	NA	2	2403	0.0414186
LRRC26	NA	12	1195	0.499727
LRRC27	NA	53	9418	0.280051
LRRC28	NA	191	1551	6.12832
LRRC29	NA	74	1493	2.46656
LRRC3	NA	72	2529	1.41678
LRRC3-AS1	NA	6	784	0.380851
LRRC30	NA	0	906	0
LRRC31	NA	4	2546	0.0781846
LRRC32	NA	207	4446	2.31697
LRRC34	NA	5	2413	0.103117
LRRC36	NA	5	2541	0.0979231
LRRC37A	NA	691	10351	3.32212
LRRC37A11P	NA	4	3580	0.0556028
LRRC37A2	NA	447	10349	2.14946
LRRC37A3	NA	381	5858	3.23665
LRRC37A4P	NA	1372	12306	5.54826
LRRC37A5P	NA	0	1095	0
LRRC37A6P	NA	9	6454	0.0693958
LRRC37A8P	NA	7	6804	0.051198
LRRC37B	NA	178	3027	2.92636
LRRC37BP1	NA	464	4597	5.023
LRRC38	NA	0	1908	0
LRRC39	NA	62	1946	1.58551
LRRC3B	NA	0	1691	0
LRRC3C	NA	0	878	0
LRRC4	NA	47	3707	0.63095
LRRC40	NA	537	2945	9.0742
LRRC41	NA	2707	2948	45.6962
LRRC42	NA	1814	1788	50.4881
LRRC43	NA	1	2089	0.0238222
LRRC45	NA	169	2701	3.11374
LRRC46	NA	26	1922	0.673193
LRRC47	NA	2002	2648	37.6241
LRRC48	NA	25	2586	0.481095
LRRC49	NA	146	3649	1.99113
LRRC4B	NA	1132	2957	19.0509
LRRC4C	NA	0	3731	0
LRRC52	NA	0	1122	0
LRRC55	NA	1	5407	0.00920372
LRRC56	NA	63	2774	1.1302
LRRC57	NA	372	2415	7.66559
LRRC58	NA	679	7683	4.39803
LRRC59	NA	4190	2915	71.5311
LRRC6	NA	140	1987	3.50631
LRRC61	NA	178	1963	4.51252
LRRC63	NA	0	2114	0
LRRC66	NA	41	3329	0.6129
LRRC69	NA	10	1323	0.376149
LRRC7	NA	0	6245	0
LRRC70	NA	27	2249	0.597439
LRRC71	NA	25	1971	0.631209
LRRC72	NA	0	937	0
LRRC73	NA	42	1782	1.1729
LRRC74A	NA	0	1734	0
LRRC74B	NA	8	5139	0.0774695
LRRC75A	NA	330	2819	5.82557
LRRC75A-AS1	NA	8154	2507	161.859
LRRC75B	NA	231	1240	9.27064
LRRC8A	NA	1914	4762	20.0019
LRRC8B	NA	358	8061	2.21011
LRRC8C	NA	903	7207	6.23523
LRRC8D	NA	1398	4052	17.1695
LRRC8E	NA	13	3745	0.172747
LRRC9	NA	1	4915	0.010125
LRRCC1	NA	16	3875	0.205479
LRRD1	NA	2	2661	0.0374029
LRRFIP1	NA	1594	7773	10.2051
LRRFIP2	NA	1988	3867	25.5836
LRRIQ1	NA	5	5444	0.0457058
LRRIQ3	NA	12	2862	0.208656
LRRIQ4	NA	0	1824	0
LRRK1	NA	3	7671	0.0194621
LRRK2	NA	1	9224	0.00539511
LRRN1	NA	4	3823	0.0520685
LRRN2	NA	468	3322	7.01077
LRRN3	NA	49	3727	0.654269
LRRN4	NA	68	2955	1.14517
LRRN4CL	NA	7	2585	0.134759
LRRTM1	NA	5	2212	0.112488
LRRTM2	NA	1	5628	0.00884231
LRRTM3	NA	0	6181	0
LRRTM4	NA	0	4816	0
LRSAM1	NA	599	3450	8.64027
LRTM1	NA	0	1467	0
LRTM2	NA	18	3989	0.224558
LRTOMT	NA	883	5806	7.56839
LRWD1	NA	593	2198	13.426
LSAMP	NA	1628	9478	8.54786
LSAMP-AS1	NA	1	548	0.0908111
LSG1	NA	1360	3572	18.9473
LSM1	NA	1675	1161	71.7963
LSM10	NA	874	927	46.9193
LSM11	NA	185	6584	1.3983
LSM12	NA	1863	2484	37.3234
LSM14A	NA	2621	3772	34.5792
LSM14B	NA	1202	2594	23.0597
LSM2	NA	5948	5243	56.4561
LSM3	NA	956	695	68.453
LSM4	NA	4102	1825	111.854
LSM5	NA	1319	3265	20.1039
LSM6	NA	357	787	22.5742
LSM7	NA	1882	520	180.109
LSM8	NA	663	12520	2.63529
LSMEM1	NA	32	1806	0.881763
LSMEM2	NA	273	1494	9.09351
LSP1	NA	16	3512	0.226718
LSP1P3	NA	13	444	1.45707
LSR	NA	2108	2278	46.0507
LSS	NA	2371	4766	24.7569
LST1	NA	9	7152	0.0626231
LTA	NA	12	11235	0.053153
LTA4H	NA	3070	2446	62.4599
LTB	NA	137	7146	0.954063
LTB4R	NA	303	4620	3.26378
LTB4R2	NA	93	1560	2.96673
LTBP1	NA	4115	6348	32.2591
LTBP2	NA	2785	8554	16.2023
LTBP3	NA	2308	4702	24.4271
LTBP4	NA	2327	5446	21.2637
LTBR	NA	39	2495	0.777882
LTC4S	NA	20	667	1.49219
LTF	NA	2	2826	0.035219
LTK	NA	8	3127	0.127316
LTN1	NA	2745	7756	17.6126
LTV1	NA	744	1814	20.4106
LUC7L	NA	1193	2082	28.5154
LUC7L2	NA	2360	3019	38.9017
LUC7L3	NA	2866	3517	40.553
LUCAT1	NA	0	1009	0
LUM	NA	0	2116	0
LUNAR1	NA	4	480	0.414704
LURAP1	NA	232	1849	6.24411
LURAP1L	NA	1	2690	0.0184998
LURAP1L-AS1	NA	0	944	0
LUZP1	NA	1771	8487	10.3845
LUZP2	NA	0	5297	0
LUZP4	NA	0	1739	0
LUZP6	NA	4401	3884	56.3887
LVCAT1	NA	0	2821	0
LVCAT5	NA	0	4115	0
LVCAT8	NA	103	1383	3.70625
LVRN	NA	1	4621	0.0107692
LXN	NA	5	1116	0.222959
LY6D	NA	1	802	0.0620505
LY6E	NA	2576	1176	109.008
LY6G5B	NA	850	5418	7.80728
LY6G5C	NA	12462	5082	122.032
LY6G6C	NA	250	6167	2.01737
LY6G6D	NA	45	2814	0.795807
LY6G6E	NA	33	5544	0.296217
LY6G6F	NA	234	6286	1.85251
LY6H	NA	7	1157	0.301082
LY6K	NA	70	1957	1.78003
LY75	NA	1	6930	0.00718102
LY75-CD302	NA	35	8919	0.195286
LY86	NA	0	879	0
LY86-AS1	NA	0	2023	0
LY9	NA	0	3478	0
LY96	NA	22	615	1.78019
LYAR	NA	1029	1604	31.925
LYG1	NA	29	990	1.45775
LYG2	NA	3	868	0.171997
LYL1	NA	0	1788	0
LYN	NA	616	4158	7.37252
LYNX1	NA	0	5492	0
LYPD1	NA	2	3002	0.0331542
LYPD2	NA	0	534	0
LYPD3	NA	45	1706	1.31266
LYPD4	NA	0	2137	0
LYPD5	NA	3	2813	0.0530727
LYPD6	NA	841	4308	9.71493
LYPD6B	NA	1083	1573	34.2625
LYPD8	NA	0	435	0
LYPLA1	NA	1060	2790	18.9069
LYPLA2	NA	1669	1624	51.1434
LYPLA2P2	NA	201	1601	6.24776
LYPLAL1	NA	268	2114	6.30884
LYPLAL1-AS1	NA	0	1627	0
LYRM1	NA	443	2292	9.61853
LYRM2	NA	1234	5598	10.9699
LYRM4	NA	1050	2350	22.2352
LYRM5	NA	178	1135	7.80448
LYRM7	NA	229	6247	1.82425
LYRM9	NA	142	1481	4.77148
LYSMD1	NA	161	2508	3.19461
LYSMD2	NA	12	1875	0.318493
LYSMD3	NA	245	4260	2.86204
LYSMD4	NA	338	2972	5.65962
LYST	NA	198	16733	0.588859
LYVE1	NA	16	2500	0.318493
LYZ	NA	1	1516	0.0328262
LYZL1	NA	1	812	0.0612863
LYZL2	NA	1	774	0.0642952
LYZL4	NA	0	906	0
LYZL6	NA	0	1069	0
LZIC	NA	358	1407	12.6622
LZTFL1	NA	784	4514	8.64319
LZTR1	NA	1499	4315	17.2878
LZTS1	NA	58	5459	0.528731
LZTS1-AS1	NA	0	892	0
LZTS2	NA	3865	2848	67.535
LZTS3	NA	673	4101	8.16667
M1AP	NA	6	2795	0.106829
M6PR	NA	4347	2566	84.3049
MAATS1	NA	0	4433	0
MAB21L1	NA	4	2907	0.0684754
MAB21L2	NA	0	2769	0
MAB21L3	NA	0	3229	0
MACC1	NA	1	9158	0.00543399
MACC1-AS1	NA	0	639	0
MACF1	NA	4419	17689	12.432
MACROD1	NA	247	1257	9.7787
MACROD2	NA	0	5106	0
MACROD2-AS1	NA	0	1784	0
MACROD2-IT1	NA	0	665	0
MAD1L1	NA	1464	3340	21.8129
MAD2L1	NA	766	1436	26.5457
MAD2L1BP	NA	1138	1629	34.7649
MAD2L2	NA	1568	1328	58.7581
MADCAM1	NA	4	1537	0.129511
MADD	NA	700	6412	5.43281
MAEA	NA	2718	2709	49.9298
MAEL	NA	4	2011	0.0989846
MAF	NA	4	6878	0.0289413
MAF1	NA	1249	1775	35.0174
MAFA	NA	30	2373	0.629134
MAFA-AS1	NA	2	417	0.238679
MAFB	NA	49	3393	0.718674
MAFF	NA	354	2530	6.9631
MAFG	NA	1022	5254	9.68011
MAFG-AS1	NA	82	1895	2.1534
MAFIP	NA	232	5339	2.16246
MAFK	NA	473	3350	7.02645
MAFTRR	NA	0	685	0
MAG	NA	1	2532	0.0196542
MAGEA1	NA	0	1709	0
MAGEA10	NA	0	2743	0
MAGEA10-MAGEA5	NA	0	1873	0
MAGEA11	NA	0	2083	0
MAGEA12	NA	0	1943	0
MAGEA2	NA	2	2272	0.0438068
MAGEA2B	NA	2	1616	0.0615897
MAGEA3	NA	0	1724	0
MAGEA4	NA	0	1955	0
MAGEA5	NA	0	1664	0
MAGEA6	NA	0	1762	0
MAGEA8	NA	0	2363	0
MAGEA8-AS1	NA	1	596	0.0834975
MAGEA9	NA	2	1807	0.0550797
MAGEA9B	NA	2	1814	0.0548671
MAGEB1	NA	0	1968	0
MAGEB10	NA	0	1953	0
MAGEB16	NA	0	1818	0
MAGEB17	NA	8	1363	0.292088
MAGEB18	NA	0	1812	0
MAGEB2	NA	0	1612	0
MAGEB3	NA	0	2306	0
MAGEB4	NA	0	2252	0
MAGEB5	NA	0	1216	0
MAGEB6	NA	0	1949	0
MAGEC1	NA	0	4321	0
MAGEC2	NA	0	1994	0
MAGEC3	NA	0	2691	0
MAGED1	NA	4338	2971	72.6619
MAGED2	NA	3398	2457	68.8237
MAGED4	NA	1600	2683	29.6769
MAGED4B	NA	1600	2683	29.6769
MAGEE1	NA	138	3701	1.85558
MAGEE2	NA	0	2257	0
MAGEF1	NA	2111	1682	62.4571
MAGEH1	NA	311	1480	10.4573
MAGEL2	NA	0	4298	0
MAGI1	NA	609	9168	3.30569
MAGI1-AS1	NA	0	591	0
MAGI2	NA	72	6880	0.520791
MAGI2-AS2	NA	0	476	0
MAGI2-AS3	NA	0	9308	0
MAGI3	NA	179	7221	1.2336
MAGIX	NA	26	2809	0.460618
MAGOH	NA	1181	756	77.7406
MAGOH2P	NA	139	640	10.8082
MAGOHB	NA	433	3373	6.38839
MAGT1	NA	1421	4021	17.5865
MAK	NA	34	3979	0.425231
MAK16	NA	721	3574	10.0392
MAL	NA	11	1137	0.481451
MAL2	NA	4	2819	0.070613
MALAT1	NA	17654	8751	100.393
MALL	NA	3	3061	0.0487728
MALRD1	NA	4	6880	0.0289328
MALSU1	NA	625	755	41.1958
MALT1	NA	368	5030	3.64082
MAMDC2	NA	4	3618	0.0550188
MAMDC2-AS1	NA	6	1560	0.191402
MAMDC4	NA	220	3660	2.99131
MAML1	NA	1332	5723	11.5824
MAML2	NA	53	7111	0.370907
MAML3	NA	4	7088	0.0280838
MAMLD1	NA	1	4860	0.0102396
MAMSTR	NA	63	2283	1.37326
MAN1A1	NA	4	5027	0.0395978
MAN1A2	NA	747	5388	6.89942
MAN1B1	NA	1317	2900	22.5999
MAN1B1-AS1	NA	90	1872	2.39252
MAN1C1	NA	322	4641	3.45274
MAN2A1	NA	1120	7114	7.83473
MAN2A2	NA	1315	6269	10.4387
MAN2B1	NA	2495	3224	38.5119
MAN2B2	NA	678	4186	8.06028
MAN2C1	NA	1795	3332	26.8089
MANBA	NA	1282	3311	19.2685
MANBAL	NA	1311	1315	49.6131
MANEA	NA	77	4616	0.830127
MANEA-AS1	NA	1	2416	0.0205979
MANEAL	NA	661	3107	10.5872
MANF	NA	1103	963	56.9992
MANSC1	NA	262	2297	5.67623
MANSC4	NA	1	1095	0.045447
MAOA	NA	58	5438	0.530772
MAOB	NA	0	2595	0
MAP10	NA	0	5455	0
MAP1A	NA	2350	10275	11.3817
MAP1B	NA	2756	11979	11.4493
MAP1LC3A	NA	12	1143	0.522462
MAP1LC3B	NA	3082	2288	67.0342
MAP1LC3B2	NA	909	832	54.3701
MAP1LC3C	NA	61	1192	2.54667
MAP1S	NA	1620	3593	22.4377
MAP2	NA	6	9989	0.0298916
MAP2K1	NA	1041	2586	20.0328
MAP2K2	NA	6045	1733	173.587
MAP2K3	NA	1159	2374	24.2953
MAP2K4	NA	982	3873	12.6178
MAP2K4P1	NA	47	2539	0.921202
MAP2K5	NA	291	2571	5.63262
MAP2K6	NA	59	1869	1.57095
MAP2K7	NA	883	3546	12.392
MAP3K1	NA	232	7511	1.53713
MAP3K10	NA	595	3436	8.61754
MAP3K11	NA	1372	3573	19.1091
MAP3K12	NA	1048	3640	14.3278
MAP3K13	NA	19	11626	0.0813285
MAP3K14	NA	1461	4485	16.2109
MAP3K14-AS1	NA	60	1633	1.82846
MAP3K15	NA	303	4633	3.25462
MAP3K19	NA	1	4377	0.0113695
MAP3K2	NA	915	10870	4.18901
MAP3K3	NA	662	4826	6.82638
MAP3K4	NA	464	5736	4.02558
MAP3K5	NA	15	5195	0.14369
MAP3K6	NA	420	4348	4.80706
MAP3K7	NA	1486	5167	14.312
MAP3K7CL	NA	44	3880	0.56434
MAP3K8	NA	93	3013	1.53604
MAP3K9	NA	479	11631	2.04945
MAP4	NA	8393	8714	47.9313
MAP4K1	NA	51	2812	0.902557
MAP4K2	NA	407	3004	6.74239
MAP4K3	NA	714	4362	8.14577
MAP4K4	NA	4130	7998	25.6973
MAP4K5	NA	1157	4435	12.9825
MAP6	NA	142	5596	1.26279
MAP6D1	NA	233	2138	5.42335
MAP7	NA	9	5478	0.0817598
MAP7D1	NA	3693	3571	51.4647
MAP7D2	NA	16	4259	0.186953
MAP7D3	NA	1011	6536	7.69766
MAP9	NA	1620	7331	10.9969
MAPK1	NA	3148	6080	25.7662
MAPK10	NA	8	4620	0.0861723
MAPK11	NA	948	2431	19.4063
MAPK12	NA	3174	1853	85.2415
MAPK13	NA	57	6348	0.446846
MAPK14	NA	1327	4542	14.5393
MAPK15	NA	26	1888	0.685316
MAPK1IP1L	NA	2366	6469	18.2011
MAPK3	NA	1252	1933	32.2324
MAPK4	NA	6	4736	0.0630462
MAPK6	NA	1766	4225	20.801
MAPK7	NA	484	3320	7.25482
MAPK8	NA	702	5923	5.89814
MAPK8IP1	NA	623	3205	9.67341
MAPK8IP2	NA	1123	3380	16.5342
MAPK8IP3	NA	2085	5636	18.41
MAPK9	NA	1159	5897	9.78074
MAPKAP1	NA	2557	3691	34.4752
MAPKAPK2	NA	1978	3517	27.9881
MAPKAPK3	NA	1912	3153	30.1775
MAPKAPK5	NA	612	2291	13.2937
MAPKAPK5-AS1	NA	554	2285	12.0654
MAPKBP1	NA	812	7250	5.57362
MAPRE1	NA	3907	2623	74.125
MAPRE2	NA	788	4880	8.03574
MAPRE3	NA	496	2387	10.3407
MAPT	NA	48	13627	0.175291
MAPT-AS1	NA	0	1680	0
MAPT-IT1	NA	0	6007	0
MARC1	NA	7	2243	0.155306
MARC2	NA	0	1573	0
MARCH1	NA	36	5733	0.312493
MARCH10	NA	10	4258	0.116873
MARCH11	NA	0	1528	0
MARCH2	NA	854	1651	25.7413
MARCH3	NA	120	4196	1.4232
MARCH4	NA	45	4450	0.503236
MARCH5	NA	1055	3926	13.3728
MARCH6	NA	1477	9697	7.57989
MARCH7	NA	1697	3840	21.9923
MARCH8	NA	564	6310	4.44805
MARCH9	NA	530	2985	8.83591
MARCKS	NA	0	4304	0
MARCKSL1	NA	4620	1562	147.191
MARCO	NA	1	1835	0.0271196
MARK1	NA	234	7102	1.63966
MARK2	NA	906	5179	8.70566
MARK2P9	NA	1	946	0.0526052
MARK3	NA	2168	3530	30.5636
MARK4	NA	1438	5243	13.6489
MARS	NA	2521	2915	43.0382
MARS2	NA	265	3087	4.27198
MARVELD1	NA	2516	3237	38.6801
MARVELD2	NA	2	2160	0.0460782
MARVELD3	NA	82	4261	0.957683
MAS1	NA	1	1134	0.043884
MAS1L	NA	0	5058	0
MASP1	NA	7	9994	0.0348561
MASP2	NA	49	2611	0.933918
MAST1	NA	223	4923	2.25421
MAST2	NA	1677	5738	14.5443
MAST3	NA	462	5893	3.90144
MAST4	NA	18	11847	0.0756108
MASTL	NA	462	3626	6.34065
MAT1A	NA	13	3404	0.190052
MAT2A	NA	4913	3006	81.335
MAT2B	NA	827	2515	16.3639
MATK	NA	380	2551	7.41298
MATN1	NA	24	3830	0.31184
MATN1-AS1	NA	31	2050	0.752536
MATN2	NA	1256	4108	15.2152
MATN3	NA	1	2583	0.0192662
MATN4	NA	7	2342	0.148741
MATR3	NA	6402	5989	53.1962
MAU2	NA	889	4853	9.11614
MAVS	NA	1961	11771	8.29056
MAX	NA	1101	3037	18.0411
MAZ	NA	4722	2861	82.1349
MB	NA	16	1389	0.573241
MB21D1	NA	2	1802	0.0552325
MB21D2	NA	17	3367	0.251261
MBD1	NA	1305	4811	13.4988
MBD2	NA	1536	5611	13.6229
MBD3	NA	3184	2499	63.4054
MBD3L1	NA	0	748	0
MBD3L2	NA	702	774	45.1352
MBD3L3	NA	679	773	43.7129
MBD3L4	NA	701	773	45.1293
MBD3L5	NA	611	773	39.3352
MBD4	NA	721	2973	12.0687
MBD5	NA	232	6016	1.91911
MBD6	NA	517	4150	6.19958
MBIP	NA	385	1648	11.6258
MBL1P	NA	0	1424	0
MBL2	NA	18	3569	0.250984
MBLAC1	NA	78	1499	2.58948
MBLAC2	NA	58	4280	0.674379
MBNL1	NA	703	6523	5.36324
MBNL1-AS1	NA	33	6656	0.246729
MBNL2	NA	385	4735	4.04632
MBNL3	NA	31	11843	0.130263
MBOAT1	NA	100	4319	1.15222
MBOAT2	NA	1146	3804	14.9921
MBOAT4	NA	2	1663	0.0598491
MBOAT7	NA	3384	3089	54.517
MBP	NA	18	6900	0.12982
MBTD1	NA	373	5382	3.44893
MBTPS1	NA	1819	4380	20.667
MBTPS2	NA	389	4525	4.2781
MC1R	NA	428	3099	6.87293
MC2R	NA	0	3730	0
MC3R	NA	0	1084	0
MC4R	NA	0	1438	0
MC5R	NA	1	1319	0.037729
MCAM	NA	3023	3332	45.1495
MCAT	NA	583	2093	13.8618
MCC	NA	64	9266	0.343722
MCCC1	NA	766	3398	11.2182
MCCC2	NA	3072	3673	41.6217
MCCD1	NA	46	5672	0.403591
MCEE	NA	104	870	5.94886
MCEMP1	NA	0	1308	0
MCF2	NA	0	4241	0
MCF2L	NA	82	6687	0.610242
MCF2L-AS1	NA	14	1155	0.603206
MCF2L2	NA	55	5013	0.54599
MCFD2	NA	3456	4696	36.624
MCHR1	NA	21	2423	0.431306
MCHR2	NA	0	2383	0
MCHR2-AS1	NA	0	548	0
MCIDAS	NA	35	2104	0.827831
MCL1	NA	6400	4085	77.9664
MCM10	NA	399	4550	4.36396
MCM2	NA	2374	3506	33.6968
MCM3	NA	4313	3208	66.9059
MCM3AP	NA	2611	6194	20.9776
MCM3AP-AS1	NA	528	4707	5.58225
MCM4	NA	2865	4915	29.0082
MCM5	NA	1021	2546	19.9566
MCM6	NA	2893	3787	38.0166
MCM7	NA	5083	3653	69.2453
MCM8	NA	284	3920	3.60539
MCM8-AS1	NA	18	1131	0.792008
MCM9	NA	136	6147	1.10102
MCMBP	NA	1750	4496	19.3701
MCMDC2	NA	548	5604	4.86634
MCOLN1	NA	199	2098	4.72027
MCOLN2	NA	19	3053	0.309704
MCOLN3	NA	76	2850	1.32705
MCPH1	NA	993	5026	9.8321
MCPH1-AS1	NA	150	4132	1.80655
MCRS1	NA	1851	1995	46.1725
MCTP1	NA	14	5400	0.129019
MCTP2	NA	0	8602	0
MCTS1	NA	713	9962	3.56174
MCTS2P	NA	159	835	9.47611
MCU	NA	660	3660	8.97393
MCUR1	NA	590	5471	5.36667
MDC1	NA	1540	55335	1.38497
MDFI	NA	1	2036	0.0244423
MDFIC	NA	5	5519	0.0450847
MDGA1	NA	1469	8907	8.20748
MDGA2	NA	0	6259	0
MDH1	NA	4461	1883	117.897
MDH1B	NA	97	2831	1.70511
MDH2	NA	3580	2730	65.2589
MDK	NA	4993	1683	147.638
MDM1	NA	188	5005	1.86928
MDM2	NA	8011	7565	52.6984
MDM4	NA	906	10077	4.47421
MDN1	NA	1824	18208	4.9852
MDP1	NA	185	781	11.788
MDS2	NA	4	1027	0.193825
ME1	NA	0	3517	0
ME2	NA	1668	4622	17.9591
ME3	NA	1478	2579	28.5196
MEA1	NA	1739	866	99.9312
MEAF6	NA	733	4965	7.3469
MEAT6	NA	0	1071	0
MECOM	NA	7	6826	0.051033
MECP2	NA	882	10241	4.28594
MECR	NA	721	2666	13.4584
MED1	NA	1406	8148	8.58725
MED10	NA	669	1028	32.3856
MED11	NA	301	970	15.4424
MED12	NA	583	6969	4.16311
MED12L	NA	28	10440	0.133468
MED13	NA	1132	10465	5.38303
MED13L	NA	1571	9378	8.33653
MED14	NA	818	6768	6.01468
MED14OS	NA	11	904	0.605541
MED15	NA	1494	3829	19.4171
MED15P9	NA	157	1835	4.25778
MED16	NA	1810	2924	30.805
MED17	NA	515	3497	7.32877
MED18	NA	270	1869	7.18909
MED19	NA	400	1514	13.1478
MED20	NA	293	2747	5.30797
MED21	NA	613	2955	10.3234
MED22	NA	1338	3915	17.0076
MED23	NA	501	5586	4.4633
MED24	NA	2577	3737	34.3171
MED25	NA	1012	2343	21.4945
MED26	NA	410	3184	6.40812
MED27	NA	775	1799	21.4383
MED28	NA	2022	2394	42.0317
MED29	NA	1339	3567	18.6809
MED30	NA	120	985	6.06268
MED31	NA	239	1656	7.18219
MED4	NA	1439	2287	31.3122
MED4-AS1	NA	336	544	30.7369
MED6	NA	1090	2407	22.5356
MED7	NA	362	1475	12.2134
MED8	NA	1081	2050	26.2417
MED9	NA	431	2222	9.65279
MEDAG	NA	0	2390	0
MEF2A	NA	973	5918	8.18196
MEF2B	NA	199	1451	6.82504
MEF2BNB	NA	597	2130	13.9481
MEF2BNB-MEF2B	NA	404	2242	8.96738
MEF2C	NA	8	6864	0.0580006
MEF2C-AS1	NA	0	3186	0
MEF2D	NA	818	6073	6.70301
MEFV	NA	2	3674	0.0270901
MEG3	NA	29	10567	0.136573
MEG8	NA	0	498	0
MEG9	NA	2	2640	0.0377004
MEGF10	NA	23	8128	0.14082
MEGF11	NA	115	5914	0.96769
MEGF6	NA	937	7439	6.26823
MEGF8	NA	2678	11167	11.9342
MEGF9	NA	238	6210	1.90724
MEI1	NA	3	4006	0.0372675
MEI4	NA	1	2587	0.0192364
MEIG1	NA	6	625	0.477739
MEIKIN	NA	0	1560	0
MEIOB	NA	607	1884	16.0335
MEIS1	NA	0	3181	0
MEIS1-AS2	NA	0	701	0
MEIS1-AS3	NA	0	4099	0
MEIS2	NA	3085	4422	34.7181
MEIS3	NA	1274	2166	29.2705
MEIS3P1	NA	176	2856	3.06672
MELK	NA	884	2609	16.8616
MEMO1	NA	1212	1973	30.57
MEN1	NA	2008	3646	27.4073
MEOX1	NA	226	2338	4.81043
MEOX2	NA	0	2371	0
MEOX2-AS1	NA	0	2098	0
MEP1A	NA	1	2929	0.0169903
MEP1B	NA	0	2311	0
MEPCE	NA	1053	3281	15.9714
MEPE	NA	3	2301	0.064882
MERTK	NA	413	3626	5.66816
MESDC1	NA	985	3051	16.0662
MESDC2	NA	1504	6176	12.1188
MESP1	NA	5	1162	0.214133
MESP2	NA	2	1611	0.0617809
MEST	NA	1187	3008	19.6378
MESTIT1	NA	1	3242	0.0153499
MET	NA	4	6676	0.029817
METAP1	NA	967	2770	17.3727
METAP1D	NA	37	1534	1.20032
METAP2	NA	2853	3504	40.5189
METRN	NA	2018	1092	91.9641
METRNL	NA	731	1612	22.5669
METTL1	NA	334	1307	12.7172
METTL10	NA	379	3660	5.15321
METTL11B	NA	1	938	0.0530538
METTL12	NA	90	1382	3.24081
METTL13	NA	1047	3407	15.2931
METTL14	NA	468	3504	6.64663
METTL15	NA	588	4416	6.62625
METTL16	NA	887	5753	7.67271
METTL17	NA	1078	1786	30.037
METTL18	NA	127	1475	4.28481
METTL20	NA	27	2381	0.564318
METTL21A	NA	451	5539	4.05196
METTL21B	NA	153	2840	2.68097
METTL21C	NA	1	1102	0.0451583
METTL21EP	NA	2	2312	0.0430489
METTL22	NA	262	1570	8.30465
METTL23	NA	345	1317	13.0363
METTL24	NA	12	1101	0.542392
METTL25	NA	77	2094	1.82993
METTL2A	NA	467	2519	9.22589
METTL2B	NA	509	2182	11.6087
METTL3	NA	1437	2022	35.3668
METTL4	NA	179	3687	2.41601
METTL5	NA	1377	1027	66.7242
METTL6	NA	458	3010	7.57214
METTL7A	NA	376	3390	5.5196
METTL7B	NA	9	1505	0.297595
METTL8	NA	718	8134	4.39278
METTL9	NA	1571	3336	23.4353
MEX3A	NA	896	6124	7.28102
MEX3B	NA	0	3530	0
MEX3C	NA	1017	4142	12.2189
MEX3D	NA	1014	2850	17.7057
MFAP1	NA	1369	2063	33.0236
MFAP2	NA	1081	1174	45.8223
MFAP3	NA	794	5346	7.39114
MFAP3L	NA	70	7284	0.478242
MFAP4	NA	38	1961	0.96433
MFAP5	NA	36	3003	0.596577
MFF	NA	1442	2291	31.3227
MFGE8	NA	16993	1989	425.162
MFHAS1	NA	762	5255	7.21609
MFI2	NA	728	4811	7.53036
MFI2-AS1	NA	96	951	5.02355
MFN1	NA	454	3513	6.43128
MFN2	NA	2423	4677	25.7813
MFNG	NA	2	2136	0.046596
MFRP	NA	85	3925	1.0777
MFSD1	NA	445	2486	8.90796
MFSD10	NA	2022	2050	49.0848
MFSD11	NA	1294	3631	17.7349
MFSD12	NA	2098	2135	48.9021
MFSD2A	NA	180	2213	4.04772
MFSD2B	NA	4	1508	0.132001
MFSD3	NA	874	1601	27.1669
MFSD4	NA	18	4088	0.21912
MFSD5	NA	630	2216	14.1478
MFSD6	NA	99	4797	1.02703
MFSD6L	NA	0	2240	0
MFSD7	NA	31	2131	0.723932
MFSD8	NA	439	4545	4.80674
MFSD9	NA	178	2706	3.2735
MGA	NA	603	12042	2.49194
MGAM	NA	1	6484	0.00767497
MGAM2	NA	0	7872	0
MGARP	NA	9	1339	0.334489
MGAT1	NA	3620	3938	45.7459
MGAT2	NA	1156	2711	21.2201
MGAT3	NA	574	5209	5.48374
MGAT3-AS1	NA	0	498	0
MGAT4A	NA	218	8515	1.27406
MGAT4B	NA	4955	3369	73.1918
MGAT4C	NA	2	1934	0.0514628
MGAT4D	NA	0	1341	0
MGAT4EP	NA	1	2807	0.0177287
MGAT5	NA	97	8145	0.592653
MGAT5B	NA	133	4448	1.48801
MGC12916	NA	36	2006	0.893082
MGC15885	NA	0	2315	0
MGC16025	NA	2	2127	0.0467931
MGC16142	NA	15	1291	0.578209
MGC16275	NA	27	2485	0.540701
MGC27345	NA	181	10079	0.893677
MGC27382	NA	0	1191	0
MGC2889	NA	0	2194	0
MGC32805	NA	0	1424	0
MGC34796	NA	0	1887	0
MGC39584	NA	0	1206	0
MGC45922	NA	3	936	0.159502
MGC57346	NA	291	5305	2.72978
MGC57346-CRHR1	NA	61	5577	0.544313
MGC70870	NA	18	3110	0.288026
MGC72080	NA	303	698	21.6026
MGEA5	NA	3740	5202	35.7784
MGLL	NA	17	4809	0.175919
MGME1	NA	894	2127	20.9165
MGMT	NA	700	1265	27.5377
MGP	NA	1	1473	0.0337844
MGRN1	NA	1589	6471	12.22
MGST1	NA	0	2354	0
MGST2	NA	0	1334	0
MGST3	NA	515	1518	16.8832
MHRT	NA	1	876	0.0568088
MIA	NA	3	670	0.222826
MIA-RAB4B	NA	178	1394	6.35443
MIA2	NA	0	2281	0
MIA3	NA	739	8410	4.37288
MIAT	NA	25	10182	0.122187
MIATNB	NA	10	1682	0.295865
MIB1	NA	1830	9567	9.51908
MIB2	NA	1122	3574	15.6228
MICA	NA	821	11950	3.41897
MICAL1	NA	2955	3949	37.2383
MICAL2	NA	936	7760	6.00252
MICAL3	NA	1305	14775	4.39544
MICALCL	NA	13	3044	0.212529
MICALL1	NA	2636	4495	29.1834
MICALL2	NA	702	3099	11.2729
MICB	NA	566	20626	1.36559
MICU1	NA	1397	2674	25.9989
MICU2	NA	1182	1933	30.4302
MICU3	NA	380	3987	4.74304
MID1	NA	44	8739	0.250559
MID1IP1	NA	1	3783	0.0131548
MID1IP1-AS1	NA	0	696	0
MID2	NA	21	7345	0.142281
MIDN	NA	1795	3793	23.5506
MIEF1	NA	1440	6058	11.8291
MIEF2	NA	678	2645	12.7563
MIEN1	NA	826	754	54.5165
MIER1	NA	738	7731	4.75051
MIER2	NA	819	2762	14.7564
MIER3	NA	794	5222	7.56664
MIF	NA	1	561	0.0887068
MIF-AS1	NA	1	2192	0.0227028
MIF4GD	NA	361	1440	12.4757
MIIP	NA	512	1801	14.1474
MILR1	NA	5	631	0.39433
MIMT1	NA	3	1288	0.115911
MINA	NA	379	5342	3.53065
MINK1	NA	1434	5041	14.1564
MINOS1	NA	1153	4231	13.5614
MINOS1-NBL1	NA	1117	2210	25.1525
MINOS1P1	NA	4	2279	0.0873444
MINPP1	NA	566	3303	8.52761
MIOS	NA	1296	3323	19.4086
MIOX	NA	2	1437	0.0692616
MIP	NA	5	2608	0.0954074
MIPEP	NA	430	2429	8.80969
MIPEPP3	NA	18	2088	0.429004
MIPOL1	NA	132	6386	1.02864
MIR1-1	NA	0	71	0
MIR1-1HG	NA	1	1220	0.0407906
MIR1-2	NA	0	85	0
MIR100	NA	0	80	0
MIR100HG	NA	0	3082	0
MIR101-1	NA	0	75	0
MIR101-2	NA	0	79	0
MIR103A1	NA	0	78	0
MIR103A2	NA	1	78	0.638006
MIR103B1	NA	0	62	0
MIR103B2	NA	1	62	0.802653
MIR105-1	NA	0	81	0
MIR105-2	NA	0	81	0
MIR106A	NA	0	81	0
MIR106B	NA	0	82	0
MIR107	NA	0	81	0
MIR10A	NA	0	110	0
MIR10B	NA	0	110	0
MIR1178	NA	0	91	0
MIR1179	NA	0	91	0
MIR1180	NA	0	69	0
MIR1181	NA	8	81	4.91501
MIR1182	NA	1	97	0.513036
MIR1183	NA	0	89	0
MIR1184-1	NA	40	198	10.0534
MIR1184-2	NA	40	198	10.0534
MIR1184-3	NA	40	198	10.0534
MIR1185-1	NA	0	85	0
MIR1185-2	NA	0	85	0
MIR1193	NA	0	78	0
MIR1197	NA	0	88	0
MIR1199	NA	1	119	0.418189
MIR1200	NA	0	76	0
MIR1202	NA	0	83	0
MIR1203	NA	0	85	0
MIR1204	NA	15	67	11.1413
MIR1205	NA	0	63	0
MIR1206	NA	0	59	0
MIR1207	NA	0	87	0
MIR1208	NA	0	73	0
MIR122	NA	0	85	0
MIR1224	NA	0	85	0
MIR1225	NA	0	90	0
MIR1226	NA	86	75	57.0633
MIR1227	NA	0	88	0
MIR1228	NA	11	73	7.49876
MIR1229	NA	36	69	25.9641
MIR1231	NA	6	92	3.24551
MIR1233-1	NA	10	164	3.03442
MIR1233-2	NA	10	164	3.03442
MIR1234	NA	0	120	0
MIR1236	NA	4	612	0.325258
MIR1237	NA	25	102	12.1972
MIR1238	NA	41	83	24.5825
MIR124-1	NA	0	85	0
MIR124-2	NA	0	109	0
MIR124-2HG	NA	0	7214	0
MIR124-3	NA	0	87	0
MIR1243	NA	0	93	0
MIR1244-1	NA	1786	246	361.298
MIR1244-2	NA	1786	246	361.298
MIR1244-3	NA	1786	246	361.298
MIR1244-4	NA	1786	246	361.298
MIR1245A	NA	0	69	0
MIR1245B	NA	0	68	0
MIR1246	NA	0	73	0
MIR1247	NA	0	136	0
MIR1248	NA	78	106	36.6192
MIR1249	NA	0	66	0
MIR1250	NA	0	113	0
MIR1251	NA	0	70	0
MIR1252	NA	0	65	0
MIR1253	NA	0	105	0
MIR1254-1	NA	0	97	0
MIR1254-2	NA	0	63	0
MIR1255A	NA	0	113	0
MIR1255B1	NA	0	63	0
MIR1255B2	NA	0	67	0
MIR1256	NA	0	119	0
MIR1257	NA	0	117	0
MIR1258	NA	0	73	0
MIR125A	NA	0	86	0
MIR125B1	NA	0	88	0
MIR125B2	NA	0	89	0
MIR126	NA	0	85	0
MIR1260A	NA	0	73	0
MIR1260B	NA	0	89	0
MIR1261	NA	0	82	0
MIR1262	NA	0	93	0
MIR1263	NA	0	86	0
MIR1264	NA	0	69	0
MIR1265	NA	0	86	0
MIR1266	NA	0	84	0
MIR1267	NA	0	78	0
MIR1268A	NA	0	208	0
MIR1269A	NA	0	105	0
MIR1269B	NA	0	75	0
MIR127	NA	0	97	0
MIR1270	NA	0	166	0
MIR1271	NA	0	86	0
MIR1272	NA	0	129	0
MIR1273A	NA	0	103	0
MIR1273C	NA	0	77	0
MIR1273E	NA	0	100	0
MIR1273F	NA	0	99	0
MIR1273G	NA	0	100	0
MIR1273H	NA	0	80	0
MIR1275	NA	0	80	0
MIR1276	NA	0	83	0
MIR1277	NA	0	78	0
MIR1278	NA	0	81	0
MIR1279	NA	0	62	0
MIR128-1	NA	0	82	0
MIR128-2	NA	0	84	0
MIR1281	NA	0	54	0
MIR1282	NA	64	101	31.5339
MIR1283-1	NA	0	87	0
MIR1283-2	NA	0	87	0
MIR1284	NA	0	120	0
MIR1286	NA	0	78	0
MIR1287	NA	0	90	0
MIR1288	NA	0	75	0
MIR1289-1	NA	0	144	0
MIR1289-2	NA	0	111	0
MIR129-1	NA	0	72	0
MIR129-2	NA	0	90	0
MIR1290	NA	0	78	0
MIR1291	NA	0	87	0
MIR1292	NA	1	66	0.754007
MIR1293	NA	0	71	0
MIR1294	NA	0	142	0
MIR1295A	NA	0	79	0
MIR1295B	NA	0	60	0
MIR1296	NA	0	92	0
MIR1297	NA	0	77	0
MIR1298	NA	0	112	0
MIR1299	NA	0	83	0
MIR1301	NA	0	82	0
MIR1302-1	NA	0	143	0
MIR1302-10	NA	2	552	0.180306
MIR1302-11	NA	2	552	0.180306
MIR1302-2	NA	2	552	0.180306
MIR1302-3	NA	1	138	0.360612
MIR1302-4	NA	0	150	0
MIR1302-5	NA	0	150	0
MIR1302-6	NA	0	90	0
MIR1302-7	NA	0	72	0
MIR1302-8	NA	0	128	0
MIR1302-9	NA	2	552	0.180306
MIR1303	NA	0	86	0
MIR1304	NA	3	91	1.64059
MIR1305	NA	0	86	0
MIR1306	NA	16	85	9.36743
MIR1307	NA	37	149	12.3576
MIR130A	NA	0	89	0
MIR130B	NA	0	82	0
MIR132	NA	0	101	0
MIR1321	NA	0	79	0
MIR1322	NA	0	71	0
MIR1323	NA	0	73	0
MIR1324	NA	0	96	0
MIR133A1	NA	0	88	0
MIR133A1HG	NA	2	4234	0.0235071
MIR133A2	NA	0	102	0
MIR133B	NA	0	119	0
MIR134	NA	0	73	0
MIR1343	NA	0	84	0
MIR135A1	NA	0	90	0
MIR135A2	NA	0	100	0
MIR135B	NA	0	97	0
MIR136	NA	0	82	0
MIR137	NA	0	102	0
MIR137HG	NA	0	2469	0
MIR138-1	NA	0	99	0
MIR138-2	NA	0	84	0
MIR139	NA	0	68	0
MIR140	NA	0	100	0
MIR141	NA	0	95	0
MIR142	NA	0	87	0
MIR143	NA	0	106	0
MIR143HG	NA	5	1003	0.248078
MIR144	NA	0	86	0
MIR145	NA	0	88	0
MIR1468	NA	0	86	0
MIR1469	NA	0	47	0
MIR146A	NA	0	99	0
MIR146B	NA	0	73	0
MIR1470	NA	0	61	0
MIR1471	NA	0	57	0
MIR147A	NA	0	72	0
MIR147B	NA	0	80	0
MIR148A	NA	0	68	0
MIR148B	NA	0	99	0
MIR149	NA	2	89	1.1183
MIR150	NA	0	84	0
MIR151B	NA	0	96	0
MIR152	NA	0	87	0
MIR153-1	NA	0	90	0
MIR153-2	NA	0	87	0
MIR1537	NA	0	61	0
MIR1538	NA	3	61	2.44743
MIR1539	NA	0	50	0
MIR154	NA	0	84	0
MIR155	NA	0	65	0
MIR155HG	NA	0	1474	0
MIR15A	NA	0	83	0
MIR15B	NA	0	98	0
MIR16-1	NA	0	89	0
MIR16-2	NA	0	81	0
MIR17	NA	0	84	0
MIR17HG	NA	43	5018	0.426439
MIR181A1	NA	0	110	0
MIR181A1HG	NA	0	604	0
MIR181A2	NA	0	110	0
MIR181A2HG	NA	20	617	1.61311
MIR181B1	NA	0	110	0
MIR181B2	NA	0	89	0
MIR181C	NA	0	110	0
MIR181D	NA	1	137	0.363244
MIR182	NA	0	110	0
MIR1825	NA	20	53	18.7791
MIR1827	NA	0	66	0
MIR183	NA	0	110	0
MIR184	NA	0	84	0
MIR185	NA	0	82	0
MIR186	NA	0	86	0
MIR187	NA	0	109	0
MIR188	NA	0	86	0
MIR18A	NA	0	71	0
MIR18B	NA	0	71	0
MIR1908	NA	0	80	0
MIR1909	NA	21	80	13.0632
MIR190A	NA	0	85	0
MIR190B	NA	0	79	0
MIR191	NA	0	92	0
MIR1910	NA	0	80	0
MIR1911	NA	0	80	0
MIR1912	NA	0	80	0
MIR1913	NA	0	80	0
MIR1914	NA	11	80	6.84262
MIR1915	NA	4	80	2.48822
MIR192	NA	0	110	0
MIR193A	NA	1	88	0.565506
MIR193B	NA	0	83	0
MIR194-1	NA	0	85	0
MIR194-2	NA	0	85	0
MIR195	NA	0	87	0
MIR196A1	NA	0	70	0
MIR196A2	NA	0	110	0
MIR196B	NA	5	84	2.96217
MIR197	NA	0	75	0
MIR1972-1	NA	0	77	0
MIR1972-2	NA	0	77	0
MIR1973	NA	0	44	0
MIR1976	NA	0	52	0
MIR198	NA	61	62	48.9618
MIR199A1	NA	0	71	0
MIR199A2	NA	5	110	2.26202
MIR199B	NA	0	110	0
MIR19A	NA	0	82	0
MIR19B1	NA	0	87	0
MIR19B2	NA	0	96	0
MIR200A	NA	0	90	0
MIR200B	NA	0	95	0
MIR200C	NA	0	68	0
MIR202	NA	0	110	0
MIR202HG	NA	1	815	0.0610607
MIR203A	NA	0	110	0
MIR203B	NA	0	86	0
MIR204	NA	0	110	0
MIR205	NA	0	110	0
MIR2052	NA	0	55	0
MIR2052HG	NA	0	2125	0
MIR2053	NA	0	91	0
MIR2054	NA	0	49	0
MIR205HG	NA	1	890	0.0559152
MIR206	NA	0	86	0
MIR208A	NA	0	71	0
MIR208B	NA	0	77	0
MIR20A	NA	0	71	0
MIR20B	NA	1	69	0.721225
MIR21	NA	0	72	0
MIR210	NA	0	110	0
MIR210HG	NA	128	2303	2.76589
MIR211	NA	0	110	0
MIR2110	NA	0	75	0
MIR2113	NA	0	89	0
MIR2114	NA	0	80	0
MIR2115	NA	0	100	0
MIR2116	NA	0	80	0
MIR2117	NA	0	80	0
MIR212	NA	2	110	0.904809
MIR214	NA	67	110	30.3111
MIR215	NA	0	110	0
MIR216A	NA	0	110	0
MIR216B	NA	0	82	0
MIR217	NA	0	110	0
MIR217HG	NA	0	685	0
MIR218-1	NA	0	110	0
MIR218-2	NA	0	110	0
MIR219A1	NA	2	660	0.150801
MIR219A2	NA	0	97	0
MIR219B	NA	0	88	0
MIR22	NA	5	85	2.92732
MIR221	NA	1	110	0.452404
MIR222	NA	0	110	0
MIR223	NA	0	110	0
MIR224	NA	0	81	0
MIR2276	NA	0	89	0
MIR2277	NA	0	93	0
MIR2278	NA	0	96	0
MIR22HG	NA	447	2737	8.12741
MIR2355	NA	0	87	0
MIR2392	NA	0	84	0
MIR23A	NA	0	73	0
MIR23B	NA	0	97	0
MIR23C	NA	0	100	0
MIR24-1	NA	1	68	0.731831
MIR24-2	NA	0	73	0
MIR2467	NA	0	81	0
MIR25	NA	5	84	2.96217
MIR2681	NA	0	105	0
MIR2682	NA	0	109	0
MIR26A1	NA	0	77	0
MIR26A2	NA	0	84	0
MIR26B	NA	0	77	0
MIR27A	NA	0	78	0
MIR27B	NA	0	97	0
MIR28	NA	0	86	0
MIR2861	NA	5	90	2.76469
MIR2909	NA	0	69	0
MIR296	NA	0	80	0
MIR298	NA	0	88	0
MIR299	NA	0	63	0
MIR29A	NA	0	64	0
MIR29B1	NA	0	81	0
MIR29B2	NA	0	81	0
MIR29C	NA	0	88	0
MIR300	NA	0	82	0
MIR301A	NA	0	86	0
MIR301B	NA	0	78	0
MIR302A	NA	0	69	0
MIR302B	NA	0	73	0
MIR302C	NA	0	68	0
MIR302D	NA	0	68	0
MIR302E	NA	0	72	0
MIR302F	NA	0	51	0
MIR3064	NA	51	66	38.4544
MIR3065	NA	1	79	0.62993
MIR3074	NA	1	81	0.614376
MIR30A	NA	0	71	0
MIR30B	NA	0	88	0
MIR30C1	NA	0	89	0
MIR30C2	NA	0	72	0
MIR30D	NA	0	70	0
MIR30E	NA	0	92	0
MIR31	NA	0	71	0
MIR3115	NA	0	68	0
MIR3116-1	NA	0	74	0
MIR3116-2	NA	0	68	0
MIR3117	NA	0	78	0
MIR3118-1	NA	0	152	0
MIR3118-2	NA	0	150	0
MIR3118-3	NA	0	150	0
MIR3118-4	NA	0	150	0
MIR3119-1	NA	0	85	0
MIR3119-2	NA	0	85	0
MIR3120	NA	30	81	18.4313
MIR3121	NA	0	77	0
MIR3122	NA	0	73	0
MIR3123	NA	0	75	0
MIR3124	NA	0	67	0
MIR3125	NA	0	78	0
MIR3126	NA	0	74	0
MIR3127	NA	0	76	0
MIR3128	NA	0	66	0
MIR3129	NA	0	76	0
MIR3130-1	NA	0	75	0
MIR3130-2	NA	0	75	0
MIR3131	NA	0	63	0
MIR3132	NA	0	75	0
MIR3133	NA	0	78	0
MIR3134	NA	0	69	0
MIR3135A	NA	0	77	0
MIR3135B	NA	1	544	0.0914789
MIR3136	NA	0	78	0
MIR3137	NA	0	75	0
MIR3138	NA	0	82	0
MIR3139	NA	1	76	0.654796
MIR3140	NA	0	90	0
MIR3141	NA	0	61	0
MIR3142	NA	0	82	0
MIR3143	NA	0	63	0
MIR3144	NA	0	79	0
MIR3145	NA	0	82	0
MIR3146	NA	0	79	0
MIR3147	NA	0	66	0
MIR3148	NA	0	77	0
MIR3149	NA	0	83	0
MIR3150A	NA	0	80	0
MIR3150B	NA	0	86	0
MIR3151	NA	0	76	0
MIR3152	NA	0	74	0
MIR3153	NA	0	82	0
MIR3154	NA	0	84	0
MIR3155A	NA	0	82	0
MIR3155B	NA	0	56	0
MIR3156-1	NA	0	75	0
MIR3156-2	NA	0	77	0
MIR3156-3	NA	0	77	0
MIR3157	NA	0	85	0
MIR3158-1	NA	0	81	0
MIR3158-2	NA	0	81	0
MIR3160-1	NA	0	85	0
MIR3160-2	NA	0	81	0
MIR3161	NA	0	77	0
MIR3162	NA	0	82	0
MIR3163	NA	0	146	0
MIR3164	NA	1	83	0.599572
MIR3165	NA	0	75	0
MIR3166	NA	0	92	0
MIR3167	NA	0	85	0
MIR3168	NA	0	82	0
MIR3169	NA	0	83	0
MIR3170	NA	0	77	0
MIR3171	NA	0	74	0
MIR3173	NA	1	68	0.731831
MIR3174	NA	0	87	0
MIR3175	NA	0	77	0
MIR3176	NA	0	90	0
MIR3177	NA	0	82	0
MIR3178	NA	0	84	0
MIR3179-1	NA	10	168	2.96217
MIR3179-2	NA	10	168	2.96217
MIR3179-3	NA	10	168	2.96217
MIR3179-4	NA	10	168	2.96217
MIR3180-1	NA	0	188	0
MIR3180-2	NA	0	176	0
MIR3180-3	NA	0	188	0
MIR3180-4	NA	0	153	0
MIR3180-5	NA	0	153	0
MIR3181	NA	0	73	0
MIR3182	NA	0	63	0
MIR3183	NA	0	84	0
MIR3184	NA	0	75	0
MIR3185	NA	11	68	8.05014
MIR3186	NA	0	85	0
MIR3187	NA	23	70	16.3512
MIR3188	NA	0	85	0
MIR3189	NA	7	73	4.77194
MIR3190	NA	7	80	4.35439
MIR3191	NA	7	76	4.58357
MIR3192	NA	1	77	0.646292
MIR3193	NA	0	55	0
MIR3194	NA	0	73	0
MIR3195	NA	0	84	0
MIR3196	NA	0	64	0
MIR3197	NA	0	73	0
MIR3198-1	NA	0	80	0
MIR3198-2	NA	67	80	41.6778
MIR3199-1	NA	0	88	0
MIR3199-2	NA	0	86	0
MIR31HG	NA	0	2148	0
MIR32	NA	0	70	0
MIR3200	NA	0	85	0
MIR3201	NA	0	52	0
MIR3202-1	NA	0	81	0
MIR3202-2	NA	0	79	0
MIR320A	NA	0	82	0
MIR320B1	NA	0	79	0
MIR320B2	NA	0	138	0
MIR320C1	NA	0	88	0
MIR320C2	NA	0	50	0
MIR320D1	NA	0	48	0
MIR320D2	NA	0	48	0
MIR320E	NA	0	53	0
MIR323A	NA	0	86	0
MIR323B	NA	0	82	0
MIR324	NA	59	83	35.3748
MIR325	NA	0	98	0
MIR325HG	NA	0	1403	0
MIR326	NA	0	95	0
MIR328	NA	1	75	0.663527
MIR329-1	NA	0	80	0
MIR329-2	NA	0	84	0
MIR330	NA	0	94	0
MIR331	NA	0	94	0
MIR335	NA	0	94	0
MIR337	NA	0	93	0
MIR338	NA	0	67	0
MIR339	NA	0	94	0
MIR33A	NA	0	69	0
MIR33B	NA	1	96	0.51838
MIR340	NA	0	95	0
MIR342	NA	0	99	0
MIR345	NA	0	98	0
MIR346	NA	0	95	0
MIR34A	NA	0	110	0
MIR34B	NA	1	84	0.592434
MIR34C	NA	1	77	0.646292
MIR3529	NA	1	78	0.638006
MIR3591	NA	0	73	0
MIR3605	NA	3	100	1.49293
MIR3606	NA	1	63	0.789913
MIR3607	NA	1	79	0.62993
MIR3609	NA	0	80	0
MIR361	NA	0	72	0
MIR3610	NA	0	73	0
MIR3611	NA	0	83	0
MIR3612	NA	0	87	0
MIR3613	NA	0	87	0
MIR3614	NA	16	86	9.25851
MIR3615	NA	0	87	0
MIR3616	NA	0	92	0
MIR3617	NA	0	79	0
MIR3618	NA	5	88	2.82753
MIR3619	NA	0	83	0
MIR362	NA	0	64	0
MIR3620	NA	187	79	117.797
MIR3621	NA	0	85	0
MIR3622A	NA	0	83	0
MIR3622B	NA	0	95	0
MIR363	NA	0	75	0
MIR3646	NA	0	84	0
MIR3648-1	NA	29	180	8.01761
MIR3648-2	NA	29	180	8.01761
MIR3649	NA	0	66	0
MIR3650	NA	0	60	0
MIR3651	NA	0	90	0
MIR3652	NA	41	131	15.5751
MIR3653	NA	0	110	0
MIR3654	NA	2665	112	1184.13
MIR3655	NA	0	83	0
MIR3656	NA	57	69	41.1098
MIR3657	NA	0	117	0
MIR3658	NA	33	56	29.3255
MIR3659	NA	0	99	0
MIR365A	NA	0	87	0
MIR365B	NA	0	111	0
MIR3660	NA	0	100	0
MIR3661	NA	107	96	55.4667
MIR3662	NA	1	95	0.523837
MIR3663	NA	0	97	0
MIR3663HG	NA	0	2524	0
MIR3664	NA	0	99	0
MIR3665	NA	0	105	0
MIR3666	NA	0	111	0
MIR3667	NA	0	74	0
MIR3668	NA	0	75	0
MIR367	NA	7	68	5.12282
MIR3670-1	NA	0	130	0
MIR3670-2	NA	0	130	0
MIR3670-3	NA	0	130	0
MIR3670-4	NA	0	130	0
MIR3671	NA	0	88	0
MIR3672	NA	0	82	0
MIR3674	NA	0	68	0
MIR3675	NA	0	148	0
MIR3677	NA	0	60	0
MIR3678	NA	0	94	0
MIR3679	NA	0	68	0
MIR3680-1	NA	0	174	0
MIR3680-2	NA	0	174	0
MIR3681	NA	0	72	0
MIR3682	NA	2	84	1.18487
MIR3683	NA	0	82	0
MIR3684	NA	0	74	0
MIR3685	NA	0	62	0
MIR3686	NA	0	86	0
MIR3687-1	NA	56	61	45.6854
MIR3687-2	NA	56	61	45.6854
MIR3688-1	NA	0	93	0
MIR3688-2	NA	0	87	0
MIR3689A	NA	0	78	0
MIR3689B	NA	0	148	0
MIR3689C	NA	0	72	0
MIR3689D1	NA	0	74	0
MIR3689D2	NA	0	80	0
MIR3689E	NA	0	72	0
MIR3689F	NA	0	66	0
MIR369	NA	0	70	0
MIR3690	NA	2	150	0.663527
MIR3691	NA	0	90	0
MIR3692	NA	0	69	0
MIR370	NA	0	75	0
MIR3713	NA	0	45	0
MIR3714	NA	0	65	0
MIR371A	NA	0	67	0
MIR371B	NA	0	66	0
MIR372	NA	0	67	0
MIR373	NA	0	69	0
MIR374A	NA	0	72	0
MIR374B	NA	1	72	0.691174
MIR374C	NA	1	70	0.710921
MIR375	NA	0	64	0
MIR376A1	NA	0	68	0
MIR376A2	NA	0	80	0
MIR376B	NA	0	100	0
MIR376C	NA	0	66	0
MIR377	NA	0	69	0
MIR378A	NA	0	66	0
MIR378B	NA	0	57	0
MIR378C	NA	0	81	0
MIR378D1	NA	0	54	0
MIR378D2	NA	0	98	0
MIR378E	NA	0	79	0
MIR378F	NA	0	78	0
MIR378G	NA	0	41	0
MIR378H	NA	0	83	0
MIR378I	NA	1	76	0.654796
MIR378J	NA	2	109	0.91311
MIR379	NA	0	67	0
MIR380	NA	0	61	0
MIR381	NA	0	75	0
MIR381HG	NA	0	425	0
MIR382	NA	0	76	0
MIR383	NA	0	73	0
MIR384	NA	0	88	0
MIR3907	NA	0	151	0
MIR3908	NA	0	126	0
MIR3909	NA	1	119	0.418189
MIR3910-1	NA	0	111	0
MIR3910-2	NA	0	79	0
MIR3911	NA	1	109	0.456555
MIR3912	NA	0	105	0
MIR3913-1	NA	0	102	0
MIR3913-2	NA	0	100	0
MIR3914-1	NA	0	99	0
MIR3914-2	NA	0	95	0
MIR3915	NA	0	97	0
MIR3916	NA	5	94	2.64705
MIR3917	NA	0	93	0
MIR3918	NA	3	93	1.60531
MIR3919	NA	0	89	0
MIR3920	NA	0	86	0
MIR3921	NA	0	85	0
MIR3922	NA	0	84	0
MIR3923	NA	0	83	0
MIR3924	NA	0	81	0
MIR3925	NA	0	77	0
MIR3926-1	NA	0	73	0
MIR3926-2	NA	0	63	0
MIR3927	NA	0	71	0
MIR3928	NA	0	58	0
MIR3929	NA	0	55	0
MIR3934	NA	2	107	0.930177
MIR3935	NA	0	104	0
MIR3936	NA	2	110	0.904809
MIR3937	NA	0	106	0
MIR3938	NA	0	103	0
MIR3939	NA	0	106	0
MIR3940	NA	158	102	77.0862
MIR3941	NA	0	103	0
MIR3942	NA	1	109	0.456555
MIR3943	NA	0	100	0
MIR3944	NA	0	108	0
MIR3945	NA	0	98	0
MIR3960	NA	4	91	2.18745
MIR3972	NA	0	87	0
MIR3973	NA	0	107	0
MIR3974	NA	0	96	0
MIR3975	NA	0	70	0
MIR3976	NA	0	139	0
MIR3976HG	NA	0	1690	0
MIR3977	NA	0	70	0
MIR3978	NA	0	101	0
MIR409	NA	0	79	0
MIR410	NA	0	80	0
MIR411	NA	0	96	0
MIR412	NA	0	91	0
MIR421	NA	0	85	0
MIR422A	NA	0	90	0
MIR423	NA	0	94	0
MIR424	NA	0	98	0
MIR425	NA	1	87	0.572006
MIR4251	NA	0	61	0
MIR4252	NA	0	63	0
MIR4253	NA	5	68	3.65915
MIR4254	NA	0	76	0
MIR4255	NA	0	72	0
MIR4256	NA	0	64	0
MIR4257	NA	4	86	2.31463
MIR4258	NA	0	91	0
MIR4259	NA	0	101	0
MIR4260	NA	2	67	1.48551
MIR4261	NA	0	58	0
MIR4262	NA	0	54	0
MIR4263	NA	2	83	1.19914
MIR4264	NA	0	66	0
MIR4265	NA	0	99	0
MIR4266	NA	0	55	0
MIR4267	NA	0	82	0
MIR4268	NA	0	64	0
MIR4269	NA	0	84	0
MIR4270	NA	0	70	0
MIR4271	NA	2	67	1.48551
MIR4272	NA	0	64	0
MIR4273	NA	1	168	0.296217
MIR4274	NA	0	91	0
MIR4275	NA	0	87	0
MIR4276	NA	0	70	0
MIR4277	NA	0	84	0
MIR4278	NA	0	69	0
MIR4279	NA	0	58	0
MIR4280	NA	0	76	0
MIR4281	NA	0	62	0
MIR4282	NA	0	67	0
MIR4283-1	NA	0	80	0
MIR4283-2	NA	0	80	0
MIR4284	NA	0	81	0
MIR4285	NA	0	85	0
MIR4286	NA	0	93	0
MIR4287	NA	0	78	0
MIR4288	NA	0	67	0
MIR4289	NA	0	70	0
MIR429	NA	0	83	0
MIR4290	NA	0	95	0
MIR4291	NA	0	65	0
MIR4292	NA	4	67	2.97101
MIR4293	NA	0	78	0
MIR4294	NA	0	76	0
MIR4295	NA	0	85	0
MIR4296	NA	0	88	0
MIR4297	NA	0	76	0
MIR4298	NA	0	73	0
MIR4299	NA	0	72	0
MIR4300	NA	0	96	0
MIR4301	NA	0	66	0
MIR4302	NA	0	60	0
MIR4303	NA	0	66	0
MIR4304	NA	0	62	0
MIR4305	NA	0	102	0
MIR4306	NA	0	91	0
MIR4307	NA	0	84	0
MIR4308	NA	0	81	0
MIR4309	NA	0	83	0
MIR431	NA	0	114	0
MIR4310	NA	0	57	0
MIR4311	NA	0	100	0
MIR4312	NA	0	76	0
MIR4313	NA	0	101	0
MIR4314	NA	0	92	0
MIR4315-1	NA	5	219	1.13618
MIR4315-2	NA	5	219	1.13618
MIR4316	NA	0	71	0
MIR4317	NA	0	65	0
MIR4318	NA	0	81	0
MIR4319	NA	0	85	0
MIR432	NA	0	94	0
MIR4320	NA	0	65	0
MIR4321	NA	10	80	6.22056
MIR4322	NA	0	73	0
MIR4323	NA	0	69	0
MIR4324	NA	0	72	0
MIR4325	NA	0	90	0
MIR4326	NA	0	59	0
MIR4327	NA	0	85	0
MIR4328	NA	0	56	0
MIR4329	NA	0	71	0
MIR433	NA	0	93	0
MIR4330	NA	0	105	0
MIR4417	NA	0	73	0
MIR4418	NA	0	62	0
MIR4419A	NA	0	77	0
MIR4419B	NA	0	68	0
MIR4420	NA	0	77	0
MIR4421	NA	0	69	0
MIR4422	NA	0	83	0
MIR4423	NA	0	80	0
MIR4424	NA	0	86	0
MIR4425	NA	0	84	0
MIR4426	NA	2500	183	679.843
MIR4427	NA	0	68	0
MIR4428	NA	0	73	0
MIR4429	NA	0	73	0
MIR4430	NA	1	49	1.0156
MIR4431	NA	0	94	0
MIR4432	NA	0	84	0
MIR4433A	NA	0	81	0
MIR4433B	NA	0	102	0
MIR4434	NA	0	53	0
MIR4435-1	NA	0	80	0
MIR4435-2	NA	0	74	0
MIR4435-2HG	NA	968	1105	43.5946
MIR4436A	NA	0	85	0
MIR4436B1	NA	0	91	0
MIR4436B2	NA	0	91	0
MIR4437	NA	0	60	0
MIR4438	NA	0	93	0
MIR4439	NA	0	80	0
MIR4440	NA	0	98	0
MIR4441	NA	0	100	0
MIR4442	NA	0	67	0
MIR4443	NA	0	53	0
MIR4444-1	NA	2	146	0.681705
MIR4444-2	NA	2	146	0.681705
MIR4445	NA	0	70	0
MIR4446	NA	0	67	0
MIR4447	NA	0	91	0
MIR4449	NA	0	66	0
MIR4450	NA	0	65	0
MIR4451	NA	0	66	0
MIR4452	NA	0	71	0
MIR4453	NA	0	89	0
MIR4454	NA	0	263	0
MIR4455	NA	0	58	0
MIR4456	NA	0	43	0
MIR4457	NA	0	68	0
MIR4458	NA	0	75	0
MIR4458HG	NA	206	3244	3.16014
MIR4459	NA	0	129	0
MIR4460	NA	0	86	0
MIR4461	NA	1	74	0.672493
MIR4462	NA	0	58	0
MIR4463	NA	0	67	0
MIR4464	NA	0	92	0
MIR4465	NA	0	70	0
MIR4466	NA	0	54	0
MIR4467	NA	0	63	0
MIR4468	NA	0	64	0
MIR4469	NA	0	79	0
MIR4470	NA	0	72	0
MIR4471	NA	0	83	0
MIR4472-1	NA	0	80	0
MIR4472-2	NA	0	67	0
MIR4473	NA	0	91	0
MIR4474	NA	0	78	0
MIR4475	NA	0	61	0
MIR4476	NA	0	70	0
MIR4477A	NA	1	81	0.614376
MIR4477B	NA	1	81	0.614376
MIR4478	NA	0	86	0
MIR4479	NA	0	71	0
MIR448	NA	0	111	0
MIR4480	NA	0	71	0
MIR4481	NA	0	60	0
MIR4482	NA	0	70	0
MIR4483	NA	0	62	0
MIR4484	NA	0	83	0
MIR4485	NA	9	57	7.85755
MIR4486	NA	0	63	0
MIR4487	NA	0	73	0
MIR4488	NA	0	62	0
MIR4489	NA	0	62	0
MIR4490	NA	0	84	0
MIR4491	NA	0	66	0
MIR4492	NA	0	80	0
MIR4493	NA	0	73	0
MIR4494	NA	0	84	0
MIR4495	NA	0	66	0
MIR4496	NA	0	61	0
MIR4497	NA	0	89	0
MIR4498	NA	0	66	0
MIR4499	NA	0	69	0
MIR449A	NA	0	91	0
MIR449B	NA	0	97	0
MIR449C	NA	0	92	0
MIR4500	NA	0	76	0
MIR4500HG	NA	0	1675	0
MIR4501	NA	0	64	0
MIR4502	NA	0	81	0
MIR4503	NA	0	83	0
MIR4504	NA	0	92	0
MIR4505	NA	0	73	0
MIR4506	NA	0	77	0
MIR4507	NA	0	52	0
MIR4508	NA	0	70	0
MIR4509-1	NA	0	188	0
MIR4509-2	NA	0	188	0
MIR4509-3	NA	0	188	0
MIR450A1	NA	0	91	0
MIR450A2	NA	0	100	0
MIR450B	NA	0	78	0
MIR4510	NA	0	68	0
MIR4511	NA	0	87	0
MIR4512	NA	0	77	0
MIR4513	NA	0	86	0
MIR4514	NA	0	57	0
MIR4515	NA	0	81	0
MIR4516	NA	0	86	0
MIR4517	NA	5	79	3.14965
MIR4518	NA	0	83	0
MIR4519	NA	0	58	0
MIR451A	NA	0	72	0
MIR451B	NA	0	68	0
MIR452	NA	0	85	0
MIR4520-1	NA	0	70	0
MIR4520-2	NA	0	54	0
MIR4521	NA	0	60	0
MIR4522	NA	0	87	0
MIR4523	NA	0	69	0
MIR4524A	NA	0	69	0
MIR4524B	NA	0	115	0
MIR4525	NA	0	75	0
MIR4526	NA	0	87	0
MIR4527	NA	0	70	0
MIR4528	NA	0	90	0
MIR4529	NA	0	78	0
MIR4530	NA	0	56	0
MIR4531	NA	0	47	0
MIR4532	NA	0	51	0
MIR4533	NA	0	71	0
MIR4534	NA	0	60	0
MIR4535	NA	0	59	0
MIR4536-1	NA	0	88	0
MIR4536-2	NA	0	88	0
MIR4537	NA	0	138	0
MIR4538	NA	0	113	0
MIR4539	NA	0	42	0
MIR454	NA	0	115	0
MIR4540	NA	0	55	0
MIR455	NA	0	96	0
MIR4632	NA	0	61	0
MIR4633	NA	0	79	0
MIR4634	NA	0	54	0
MIR4635	NA	0	79	0
MIR4636	NA	0	80	0
MIR4637	NA	0	84	0
MIR4638	NA	0	68	0
MIR4639	NA	0	69	0
MIR4640	NA	0	540	0
MIR4641	NA	0	66	0
MIR4642	NA	1	82	0.606884
MIR4643	NA	0	78	0
MIR4644	NA	0	84	0
MIR4645	NA	0	77	0
MIR4646	NA	6	441	0.677068
MIR4647	NA	42	80	26.1264
MIR4648	NA	0	72	0
MIR4649	NA	0	64	0
MIR4650-1	NA	0	76	0
MIR4650-2	NA	0	76	0
MIR4651	NA	0	73	0
MIR4652	NA	0	78	0
MIR4653	NA	3	83	1.79872
MIR4654	NA	0	76	0
MIR4655	NA	0	74	0
MIR4656	NA	0	75	0
MIR4657	NA	1	53	0.938953
MIR4658	NA	22	65	16.8434
MIR4659A	NA	0	81	0
MIR4659B	NA	0	73	0
MIR466	NA	0	84	0
MIR4660	NA	0	74	0
MIR4661	NA	0	74	0
MIR4662A	NA	0	67	0
MIR4662B	NA	0	81	0
MIR4663	NA	0	76	0
MIR4664	NA	8	71	5.60727
MIR4665	NA	0	79	0
MIR4666A	NA	1	79	0.62993
MIR4666B	NA	0	81	0
MIR4667	NA	0	66	0
MIR4668	NA	0	70	0
MIR4669	NA	0	62	0
MIR4670	NA	0	75	0
MIR4671	NA	0	73	0
MIR4672	NA	0	81	0
MIR4673	NA	0	59	0
MIR4674	NA	0	87	0
MIR4675	NA	0	77	0
MIR4676	NA	0	72	0
MIR4677	NA	0	80	0
MIR4678	NA	1	74	0.672493
MIR4679-1	NA	0	75	0
MIR4679-2	NA	0	77	0
MIR4680	NA	13	66	9.8021
MIR4681	NA	0	72	0
MIR4682	NA	0	80	0
MIR4683	NA	0	81	0
MIR4684	NA	0	82	0
MIR4685	NA	0	69	0
MIR4686	NA	0	76	0
MIR4687	NA	6	80	3.73234
MIR4688	NA	32	83	19.1863
MIR4689	NA	0	70	0
MIR4690	NA	42	60	34.8351
MIR4691	NA	0	85	0
MIR4692	NA	0	63	0
MIR4693	NA	0	75	0
MIR4694	NA	0	80	0
MIR4695	NA	0	74	0
MIR4696	NA	0	70	0
MIR4697	NA	10	78	6.38006
MIR4697HG	NA	299	5306	2.80429
MIR4698	NA	0	80	0
MIR4699	NA	0	74	0
MIR4700	NA	32	74	21.5198
MIR4701	NA	2	63	1.57983
MIR4703	NA	0	79	0
MIR4704	NA	0	75	0
MIR4705	NA	0	71	0
MIR4706	NA	0	82	0
MIR4707	NA	7	80	4.35439
MIR4708	NA	0	66	0
MIR4709	NA	627	72	433.366
MIR4710	NA	1	56	0.888652
MIR4711	NA	0	70	0
MIR4712	NA	2	82	1.21377
MIR4713	NA	0	75	0
MIR4714	NA	0	77	0
MIR4715	NA	0	79	0
MIR4716	NA	0	84	0
MIR4717	NA	0	72	0
MIR4718	NA	0	51	0
MIR4719	NA	0	84	0
MIR4720	NA	0	76	0
MIR4721	NA	130	89	72.6897
MIR4722	NA	2	60	1.65882
MIR4723	NA	0	81	0
MIR4724	NA	5	89	2.79576
MIR4725	NA	0	90	0
MIR4726	NA	0	58	0
MIR4727	NA	0	55	0
MIR4728	NA	0	67	0
MIR4729	NA	0	72	0
MIR4730	NA	0	76	0
MIR4731	NA	0	70	0
MIR4732	NA	0	76	0
MIR4733	NA	0	76	0
MIR4734	NA	1	70	0.710921
MIR4735	NA	0	69	0
MIR4736	NA	0	47	0
MIR4737	NA	8	81	4.91501
MIR4738	NA	0	87	0
MIR4739	NA	0	74	0
MIR4740	NA	0	63	0
MIR4741	NA	0	90	0
MIR4742	NA	0	85	0
MIR4743	NA	0	69	0
MIR4744	NA	0	82	0
MIR4745	NA	58	62	46.5539
MIR4746	NA	6	71	4.20545
MIR4747	NA	0	54	0
MIR4748	NA	0	82	0
MIR4749	NA	45	61	36.7115
MIR4750	NA	0	56	0
MIR4751	NA	128	74	86.0791
MIR4752	NA	0	72	0
MIR4753	NA	0	83	0
MIR4754	NA	0	89	0
MIR4755	NA	0	72	0
MIR4756	NA	0	78	0
MIR4757	NA	0	77	0
MIR4758	NA	1	71	0.700908
MIR4759	NA	0	83	0
MIR4760	NA	0	80	0
MIR4761	NA	77	82	46.7301
MIR4762	NA	0	75	0
MIR4763	NA	1	92	0.540918
MIR4764	NA	0	88	0
MIR4765	NA	0	77	0
MIR4766	NA	0	76	0
MIR4767	NA	0	78	0
MIR4768	NA	0	74	0
MIR4769	NA	0	77	0
MIR4770	NA	0	58	0
MIR4771-1	NA	0	74	0
MIR4771-2	NA	0	74	0
MIR4772	NA	0	78	0
MIR4773-1	NA	0	78	0
MIR4773-2	NA	0	78	0
MIR4774	NA	0	76	0
MIR4775	NA	26	75	17.2517
MIR4776-1	NA	0	80	0
MIR4776-2	NA	0	80	0
MIR4777	NA	0	86	0
MIR4778	NA	0	80	0
MIR4779	NA	0	83	0
MIR4780	NA	0	81	0
MIR4781	NA	0	76	0
MIR4782	NA	0	79	0
MIR4783	NA	0	82	0
MIR4784	NA	0	77	0
MIR4785	NA	0	73	0
MIR4786	NA	0	80	0
MIR4787	NA	3	84	1.7773
MIR4788	NA	0	80	0
MIR4789	NA	0	82	0
MIR4790	NA	0	79	0
MIR4791	NA	0	84	0
MIR4792	NA	0	74	0
MIR4793	NA	4	87	2.28802
MIR4794	NA	0	75	0
MIR4795	NA	0	89	0
MIR4796	NA	0	81	0
MIR4797	NA	0	71	0
MIR4798	NA	0	75	0
MIR4799	NA	0	74	0
MIR4800	NA	14	80	8.70879
MIR4801	NA	0	82	0
MIR4802	NA	0	80	0
MIR4803	NA	0	74	0
MIR4804	NA	0	73	0
MIR483	NA	0	76	0
MIR484	NA	0	79	0
MIR485	NA	0	73	0
MIR486-1	NA	0	68	0
MIR486-2	NA	0	64	0
MIR487A	NA	0	80	0
MIR487B	NA	0	84	0
MIR488	NA	0	83	0
MIR489	NA	0	84	0
MIR490	NA	0	128	0
MIR491	NA	0	84	0
MIR492	NA	0	116	0
MIR493	NA	0	89	0
MIR494	NA	0	81	0
MIR495	NA	0	82	0
MIR496	NA	0	102	0
MIR497	NA	0	112	0
MIR497HG	NA	215	794	13.4753
MIR498	NA	0	124	0
MIR4999	NA	0	91	0
MIR499A	NA	0	122	0
MIR499B	NA	0	73	0
MIR5000	NA	0	103	0
MIR5001	NA	1	100	0.497645
MIR5002	NA	0	97	0
MIR5003	NA	0	27	0
MIR5004	NA	0	214	0
MIR5006	NA	0	110	0
MIR5007	NA	0	95	0
MIR5008	NA	0	94	0
MIR5009	NA	0	66	0
MIR500A	NA	0	84	0
MIR500B	NA	0	79	0
MIR501	NA	0	84	0
MIR5010	NA	7	120	2.90293
MIR5011	NA	0	103	0
MIR502	NA	0	86	0
MIR503	NA	0	71	0
MIR503HG	NA	65	786	4.11538
MIR504	NA	0	83	0
MIR5047	NA	117	100	58.2245
MIR505	NA	0	84	0
MIR506	NA	0	124	0
MIR507	NA	0	94	0
MIR508	NA	0	115	0
MIR5087	NA	0	76	0
MIR5088	NA	76	79	47.8747
MIR5089	NA	0	84	0
MIR509-1	NA	0	185	0
MIR509-2	NA	0	182	0
MIR509-3	NA	0	227	0
MIR5090	NA	0	85	0
MIR5091	NA	0	93	0
MIR5092	NA	0	88	0
MIR5093	NA	0	100	0
MIR5094	NA	0	85	0
MIR5095	NA	0	173	0
MIR5096	NA	0	206	0
MIR510	NA	0	74	0
MIR5100	NA	0	119	0
MIR511	NA	0	174	0
MIR512-1	NA	0	168	0
MIR512-2	NA	0	196	0
MIR513A1	NA	0	129	0
MIR513A2	NA	0	127	0
MIR513B	NA	0	84	0
MIR513C	NA	0	84	0
MIR514A1	NA	0	98	0
MIR514A2	NA	0	176	0
MIR514A3	NA	0	176	0
MIR514B	NA	0	80	0
MIR515-1	NA	0	166	0
MIR515-2	NA	0	166	0
MIR516A1	NA	0	90	0
MIR516A2	NA	0	90	0
MIR516B1	NA	0	90	0
MIR516B2	NA	0	85	0
MIR517A	NA	0	87	0
MIR517B	NA	0	67	0
MIR517C	NA	0	95	0
MIR5186	NA	0	120	0
MIR5187	NA	3	76	1.96439
MIR5188	NA	0	113	0
MIR5189	NA	0	114	0
MIR518A1	NA	0	85	0
MIR518A2	NA	0	87	0
MIR518B	NA	0	83	0
MIR518C	NA	0	101	0
MIR518D	NA	0	87	0
MIR518E	NA	0	88	0
MIR518F	NA	0	87	0
MIR5190	NA	0	80	0
MIR5191	NA	0	120	0
MIR5192	NA	0	92	0
MIR5193	NA	3	109	1.36966
MIR5194	NA	0	120	0
MIR5195	NA	0	115	0
MIR5196	NA	0	115	0
MIR5197	NA	0	112	0
MIR519A1	NA	0	85	0
MIR519A2	NA	0	87	0
MIR519B	NA	0	81	0
MIR519C	NA	0	87	0
MIR519D	NA	0	88	0
MIR519E	NA	0	84	0
MIR520A	NA	0	85	0
MIR520B	NA	0	61	0
MIR520C	NA	0	87	0
MIR520D	NA	0	87	0
MIR520E	NA	0	87	0
MIR520F	NA	0	87	0
MIR520G	NA	0	90	0
MIR520H	NA	0	88	0
MIR521-1	NA	0	87	0
MIR521-2	NA	0	87	0
MIR522	NA	0	87	0
MIR523	NA	0	87	0
MIR524	NA	0	87	0
MIR525	NA	0	85	0
MIR526A1	NA	0	85	0
MIR526A2	NA	0	65	0
MIR526B	NA	0	83	0
MIR527	NA	0	85	0
MIR532	NA	0	91	0
MIR539	NA	0	78	0
MIR541	NA	0	84	0
MIR542	NA	0	97	0
MIR543	NA	0	78	0
MIR544A	NA	0	91	0
MIR544B	NA	0	78	0
MIR545	NA	0	106	0
MIR548A1	NA	0	97	0
MIR548A2	NA	0	84	0
MIR548A3	NA	0	83	0
MIR548AA1	NA	3	44	3.39303
MIR548AA2	NA	0	84	0
MIR548AB	NA	0	84	0
MIR548AC	NA	0	85	0
MIR548AD	NA	0	30	0
MIR548AE1	NA	0	70	0
MIR548AE2	NA	0	67	0
MIR548AG1	NA	0	66	0
MIR548AG2	NA	0	64	0
MIR548AH	NA	0	76	0
MIR548AI	NA	0	84	0
MIR548AJ1	NA	0	72	0
MIR548AJ2	NA	0	51	0
MIR548AK	NA	0	57	0
MIR548AL	NA	0	60	0
MIR548AM	NA	0	74	0
MIR548AN	NA	0	81	0
MIR548AO	NA	0	39	0
MIR548AP	NA	0	67	0
MIR548AQ	NA	0	115	0
MIR548AR	NA	2	57	1.74612
MIR548AS	NA	0	20	0
MIR548AT	NA	0	58	0
MIR548AU	NA	0	107	0
MIR548AV	NA	0	28	0
MIR548AW	NA	0	65	0
MIR548AX	NA	0	45	0
MIR548AY	NA	0	50	0
MIR548AZ	NA	0	85	0
MIR548B	NA	0	97	0
MIR548BA	NA	0	56	0
MIR548BB	NA	0	66	0
MIR548C	NA	0	97	0
MIR548D1	NA	3	44	3.39303
MIR548D2	NA	0	83	0
MIR548F1	NA	0	82	0
MIR548F2	NA	0	98	0
MIR548F3	NA	0	173	0
MIR548F4	NA	0	105	0
MIR548F5	NA	0	73	0
MIR548G	NA	0	83	0
MIR548H1	NA	0	102	0
MIR548H2	NA	0	84	0
MIR548H3	NA	0	162	0
MIR548H4	NA	0	83	0
MIR548H5	NA	0	60	0
MIR548I1	NA	0	149	0
MIR548I2	NA	0	149	0
MIR548I3	NA	0	149	0
MIR548I4	NA	0	61	0
MIR548J	NA	0	112	0
MIR548K	NA	0	116	0
MIR548L	NA	0	86	0
MIR548M	NA	0	35	0
MIR548N	NA	0	79	0
MIR548O	NA	0	114	0
MIR548O2	NA	0	63	0
MIR548P	NA	0	84	0
MIR548Q	NA	1	81	0.614376
MIR548S	NA	0	82	0
MIR548T	NA	0	53	0
MIR548U	NA	0	81	0
MIR548V	NA	0	80	0
MIR548W	NA	0	72	0
MIR548X	NA	0	30	0
MIR548X2	NA	0	100	0
MIR548Y	NA	0	110	0
MIR548Z	NA	0	97	0
MIR549A	NA	0	96	0
MIR550A1	NA	0	97	0
MIR550A2	NA	0	97	0
MIR550A3	NA	0	95	0
MIR550B1	NA	0	97	0
MIR550B2	NA	0	97	0
MIR551A	NA	0	95	0
MIR551B	NA	0	96	0
MIR552	NA	0	96	0
MIR553	NA	0	68	0
MIR554	NA	0	96	0
MIR555	NA	3	96	1.55514
MIR556	NA	0	95	0
MIR557	NA	0	98	0
MIR5571	NA	0	113	0
MIR5572	NA	0	137	0
MIR5579	NA	0	58	0
MIR558	NA	0	94	0
MIR5580	NA	1	58	0.858009
MIR5581	NA	0	60	0
MIR5582	NA	0	68	0
MIR5583-1	NA	0	59	0
MIR5583-2	NA	0	59	0
MIR5584	NA	0	60	0
MIR5585	NA	0	59	0
MIR5586	NA	0	22	0
MIR5587	NA	0	53	0
MIR5588	NA	0	63	0
MIR5589	NA	0	60	0
MIR559	NA	0	96	0
MIR5590	NA	0	54	0
MIR5591	NA	0	65	0
MIR561	NA	0	97	0
MIR563	NA	0	79	0
MIR564	NA	1	94	0.52941
MIR566	NA	0	94	0
MIR567	NA	0	98	0
MIR568	NA	0	95	0
MIR5680	NA	0	84	0
MIR5681A	NA	0	75	0
MIR5681B	NA	0	60	0
MIR5682	NA	0	76	0
MIR5683	NA	0	76	0
MIR5684	NA	0	63	0
MIR5685	NA	0	79	0
MIR5687	NA	0	77	0
MIR5688	NA	0	83	0
MIR5689	NA	0	78	0
MIR569	NA	0	96	0
MIR5690	NA	0	73	0
MIR5691	NA	0	68	0
MIR5692A1	NA	0	138	0
MIR5692A2	NA	0	118	0
MIR5692B	NA	0	33	0
MIR5692C1	NA	0	23	0
MIR5692C2	NA	0	21	0
MIR5693	NA	0	73	0
MIR5694	NA	0	62	0
MIR5695	NA	0	69	0
MIR5696	NA	0	85	0
MIR5697	NA	0	78	0
MIR5698	NA	0	23	0
MIR5699	NA	0	90	0
MIR570	NA	9	97	4.61732
MIR5700	NA	0	71	0
MIR5701-1	NA	0	164	0
MIR5701-2	NA	0	164	0
MIR5701-3	NA	0	164	0
MIR5702	NA	0	84	0
MIR5703	NA	0	56	0
MIR5704	NA	0	77	0
MIR5705	NA	0	89	0
MIR5706	NA	0	80	0
MIR5707	NA	0	81	0
MIR5708	NA	0	85	0
MIR571	NA	0	96	0
MIR572	NA	0	95	0
MIR573	NA	0	99	0
MIR5739	NA	0	80	0
MIR574	NA	0	96	0
MIR575	NA	0	94	0
MIR577	NA	0	96	0
MIR578	NA	0	96	0
MIR5787	NA	0	55	0
MIR579	NA	0	98	0
MIR580	NA	0	97	0
MIR581	NA	0	96	0
MIR583	NA	0	75	0
MIR585	NA	0	94	0
MIR586	NA	0	97	0
MIR587	NA	0	96	0
MIR588	NA	0	83	0
MIR589	NA	0	99	0
MIR590	NA	0	97	0
MIR591	NA	0	95	0
MIR592	NA	0	97	0
MIR593	NA	0	100	0
MIR595	NA	0	96	0
MIR596	NA	0	77	0
MIR597	NA	0	97	0
MIR598	NA	0	97	0
MIR599	NA	0	95	0
MIR600	NA	0	98	0
MIR600HG	NA	201	5984	1.67157
MIR601	NA	0	79	0
MIR602	NA	0	98	0
MIR603	NA	0	97	0
MIR604	NA	0	94	0
MIR605	NA	0	83	0
MIR606	NA	0	96	0
MIR6068	NA	0	60	0
MIR6069	NA	0	79	0
MIR607	NA	0	96	0
MIR6070	NA	0	103	0
MIR6071	NA	0	78	0
MIR6072	NA	0	71	0
MIR6073	NA	0	89	0
MIR6074	NA	0	107	0
MIR6075	NA	0	95	0
MIR6076	NA	0	113	0
MIR6077	NA	0	164	0
MIR6078	NA	0	100	0
MIR6079	NA	0	62	0
MIR608	NA	0	100	0
MIR6080	NA	7	66	5.27805
MIR6081	NA	0	97	0
MIR6082	NA	0	109	0
MIR6083	NA	0	106	0
MIR6084	NA	58	110	26.2395
MIR6085	NA	0	110	0
MIR6086	NA	0	55	0
MIR6087	NA	345	49	350.383
MIR6088	NA	0	51	0
MIR6089	NA	0	128	0
MIR609	NA	0	95	0
MIR6090	NA	0	60	0
MIR610	NA	0	96	0
MIR611	NA	0	67	0
MIR612	NA	36	100	17.9152
MIR6124	NA	0	85	0
MIR6125	NA	0	96	0
MIR6126	NA	7	89	3.91406
MIR6127	NA	0	109	0
MIR6128	NA	0	109	0
MIR6129	NA	0	109	0
MIR613	NA	0	95	0
MIR6130	NA	0	106	0
MIR6131	NA	0	109	0
MIR6132	NA	0	109	0
MIR6133	NA	0	108	0
MIR6134	NA	0	109	0
MIR614	NA	19	90	10.5058
MIR615	NA	0	96	0
MIR616	NA	0	95	0
MIR6165	NA	0	84	0
MIR617	NA	0	97	0
MIR618	NA	0	98	0
MIR619	NA	0	99	0
MIR620	NA	0	95	0
MIR621	NA	13	96	6.73894
MIR622	NA	831	96	430.774
MIR623	NA	0	98	0
MIR624	NA	0	97	0
MIR625	NA	0	85	0
MIR626	NA	0	94	0
MIR627	NA	0	97	0
MIR628	NA	0	95	0
MIR629	NA	0	97	0
MIR630	NA	0	97	0
MIR631	NA	4	75	2.65411
MIR632	NA	0	94	0
MIR633	NA	0	98	0
MIR634	NA	0	97	0
MIR635	NA	1	98	0.507801
MIR636	NA	4	99	2.01069
MIR637	NA	21	99	10.5561
MIR638	NA	20	100	9.9529
MIR639	NA	0	98	0
MIR640	NA	0	96	0
MIR641	NA	2	99	1.00534
MIR642A	NA	0	97	0
MIR642B	NA	0	77	0
MIR643	NA	0	94	0
MIR644A	NA	0	94	0
MIR645	NA	0	94	0
MIR646	NA	0	94	0
MIR646HG	NA	0	2043	0
MIR647	NA	4	96	2.07352
MIR648	NA	0	94	0
MIR649	NA	0	97	0
MIR6499	NA	0	62	0
MIR650	NA	0	96	0
MIR6500	NA	0	86	0
MIR6501	NA	3	67	2.22826
MIR6502	NA	0	76	0
MIR6503	NA	0	29	0
MIR6504	NA	0	61	0
MIR6505	NA	1	71	0.700908
MIR6506	NA	1	66	0.754007
MIR6507	NA	0	70	0
MIR6508	NA	0	60	0
MIR6509	NA	0	84	0
MIR651	NA	0	97	0
MIR6510	NA	0	54	0
MIR6511A1	NA	15	201	3.71377
MIR6511A2	NA	15	201	3.71377
MIR6511A3	NA	15	201	3.71377
MIR6511A4	NA	15	201	3.71377
MIR6511B1	NA	0	170	0
MIR6511B2	NA	0	142	0
MIR6512	NA	0	77	0
MIR6513	NA	0	64	0
MIR6514	NA	0	70	0
MIR6515	NA	345	57	301.206
MIR6516	NA	8	81	4.91501
MIR652	NA	0	98	0
MIR653	NA	0	96	0
MIR654	NA	0	81	0
MIR655	NA	0	97	0
MIR656	NA	0	78	0
MIR657	NA	0	98	0
MIR658	NA	1	100	0.497645
MIR659	NA	1	97	0.513036
MIR660	NA	0	97	0
MIR661	NA	0	89	0
MIR662	NA	0	95	0
MIR663A	NA	7	93	3.74571
MIR663AHG	NA	0	1213	0
MIR663B	NA	0	115	0
MIR664A	NA	0	78	0
MIR664B	NA	0	61	0
MIR665	NA	0	72	0
MIR668	NA	0	66	0
MIR670	NA	0	98	0
MIR670HG	NA	0	902	0
MIR671	NA	80	118	33.7386
MIR6715A	NA	0	79	0
MIR6715B	NA	0	77	0
MIR6716	NA	1	80	0.622056
MIR6717	NA	1	73	0.681705
MIR6718	NA	0	80	0
MIR6719	NA	0	87	0
MIR6720	NA	2	98	1.0156
MIR6721	NA	0	609	0
MIR6722	NA	0	78	0
MIR6723	NA	2534	89	1416.89
MIR6724-1	NA	2	184	0.540918
MIR6724-2	NA	2	184	0.540918
MIR6724-3	NA	2	184	0.540918
MIR6724-4	NA	2	184	0.540918
MIR6726	NA	0	61	0
MIR6727	NA	2	65	1.53122
MIR6728	NA	0	89	0
MIR6729	NA	36	65	27.5619
MIR6730	NA	1	88	0.565506
MIR6731	NA	0	72	0
MIR6732	NA	0	60	0
MIR6733	NA	2	61	1.63162
MIR6734	NA	1	68	0.731831
MIR6735	NA	0	73	0
MIR6736	NA	0	59	0
MIR6737	NA	0	70	0
MIR6738	NA	0	64	0
MIR6739	NA	1	75	0.663527
MIR6740	NA	0	113	0
MIR6741	NA	0	63	0
MIR6742	NA	1	62	0.802653
MIR6743	NA	23	71	16.1209
MIR6744	NA	0	66	0
MIR6745	NA	0	127	0
MIR6746	NA	1	63	0.789913
MIR6747	NA	5	61	4.07906
MIR6748	NA	5	71	3.50454
MIR6749	NA	1	69	0.721225
MIR675	NA	4	73	2.72682
MIR6750	NA	2	75	1.32705
MIR6751	NA	0	63	0
MIR6752	NA	25	71	17.5227
MIR6753	NA	1	164	0.303442
MIR6754	NA	0	66	0
MIR6755	NA	0	66	0
MIR6756	NA	0	63	0
MIR6757	NA	0	69	0
MIR6758	NA	6	63	4.73948
MIR6759	NA	2	65	1.53122
MIR676	NA	0	67	0
MIR6760	NA	0	68	0
MIR6761	NA	0	72	0
MIR6762	NA	0	86	0
MIR6763	NA	5	65	3.82804
MIR6764	NA	0	61	0
MIR6765	NA	1	87	0.572006
MIR6766	NA	0	72	0
MIR6767	NA	0	66	0
MIR6768	NA	1	72	0.691174
MIR6769A	NA	0	73	0
MIR6769B	NA	0	62	0
MIR6770-1	NA	2	120	0.829408
MIR6770-2	NA	2	120	0.829408
MIR6770-3	NA	2	120	0.829408
MIR6771	NA	0	60	0
MIR6772	NA	2	64	1.55514
MIR6773	NA	0	74	0
MIR6774	NA	0	70	0
MIR6775	NA	0	69	0
MIR6776	NA	0	59	0
MIR6777	NA	2	66	1.50801
MIR6778	NA	0	73	0
MIR6779	NA	0	64	0
MIR6780A	NA	1	68	0.731831
MIR6780B	NA	1	79	0.62993
MIR6781	NA	0	64	0
MIR6782	NA	0	69	0
MIR6783	NA	0	64	0
MIR6784	NA	1	67	0.742754
MIR6785	NA	45	81	27.6469
MIR6786	NA	34	113	14.9734
MIR6787	NA	0	61	0
MIR6788	NA	0	66	0
MIR6789	NA	9	98	4.57021
MIR6790	NA	11	63	8.68904
MIR6791	NA	0	67	0
MIR6792	NA	9	67	6.68478
MIR6793	NA	2	63	1.57983
MIR6794	NA	6	68	4.39098
MIR6795	NA	0	68	0
MIR6796	NA	0	62	0
MIR6797	NA	9	72	6.22056
MIR6798	NA	164	67	121.812
MIR6799	NA	0	69	0
MIR6800	NA	46	82	27.9167
MIR6801	NA	0	79	0
MIR6802	NA	1	65	0.765608
MIR6803	NA	0	65	0
MIR6804	NA	1	68	0.731831
MIR6805	NA	4	62	3.21061
MIR6806	NA	0	64	0
MIR6807	NA	637	92	344.565
MIR6808	NA	1	59	0.843466
MIR6809	NA	0	116	0
MIR6810	NA	0	70	0
MIR6811	NA	0	58	0
MIR6812	NA	0	64	0
MIR6813	NA	0	56	0
MIR6814	NA	0	70	0
MIR6815	NA	0	61	0
MIR6816	NA	0	66	0
MIR6817	NA	0	66	0
MIR6818	NA	0	65	0
MIR6819	NA	1	61	0.815811
MIR6820	NA	1	62	0.802653
MIR6821	NA	71	74	47.747
MIR6822	NA	0	61	0
MIR6823	NA	0	61	0
MIR6824	NA	6	63	4.73948
MIR6825	NA	0	66	0
MIR6826	NA	1	98	0.507801
MIR6827	NA	0	59	0
MIR6828	NA	0	60	0
MIR6829	NA	0	67	0
MIR6830	NA	0	70	0
MIR6831	NA	3	81	1.84313
MIR6832	NA	25	504	2.46848
MIR6833	NA	20	427	2.33089
MIR6834	NA	215	405	26.4182
MIR6835	NA	6	64	4.66542
MIR6836	NA	1	63	0.789913
MIR6837	NA	0	64	0
MIR6838	NA	0	56	0
MIR6839	NA	0	113	0
MIR6840	NA	1	71	0.700908
MIR6841	NA	0	72	0
MIR6842	NA	0	65	0
MIR6843	NA	1	151	0.329566
MIR6844	NA	0	62	0
MIR6845	NA	1	61	0.815811
MIR6846	NA	0	60	0
MIR6847	NA	2	69	1.44245
MIR6848	NA	0	70	0
MIR6849	NA	0	69	0
MIR6850	NA	610	61	497.645
MIR6851	NA	1	67	0.742754
MIR6852	NA	0	66	0
MIR6853	NA	15	74	10.0874
MIR6854	NA	0	69	0
MIR6855	NA	0	67	0
MIR6856	NA	0	67	0
MIR6857	NA	2	93	1.0702
MIR6858	NA	210	67	155.978
MIR6859-1	NA	21	204	5.12282
MIR6859-2	NA	21	204	5.12282
MIR6859-3	NA	21	204	5.12282
MIR6859-4	NA	21	204	5.12282
MIR6860	NA	0	66	0
MIR6861	NA	0	64	0
MIR6862-1	NA	2	70	1.42184
MIR6862-2	NA	2	70	1.42184
MIR6863	NA	0	90	0
MIR6864	NA	1	70	0.710921
MIR6865	NA	1	65	0.765608
MIR6866	NA	7	69	5.04857
MIR6867	NA	0	67	0
MIR6868	NA	0	58	0
MIR6869	NA	11	62	8.82918
MIR6870	NA	0	60	0
MIR6871	NA	0	56	0
MIR6872	NA	1	62	0.802653
MIR6873	NA	0	315	0
MIR6874	NA	0	71	0
MIR6875	NA	37	72	25.5734
MIR6876	NA	0	73	0
MIR6877	NA	0	64	0
MIR6878	NA	0	66	0
MIR6879	NA	83	66	62.5826
MIR6880	NA	0	62	0
MIR6881	NA	1	76	0.654796
MIR6882	NA	0	66	0
MIR6883	NA	0	78	0
MIR6884	NA	2	78	1.27601
MIR6885	NA	1	66	0.754007
MIR6886	NA	3	61	2.44743
MIR6887	NA	0	65	0
MIR6888	NA	0	67	0
MIR6889	NA	0	59	0
MIR6890	NA	0	61	0
MIR6891	NA	2	561	0.177414
MIR6892	NA	168	115	72.6994
MIR6893	NA	0	69	0
MIR6894	NA	2	57	1.74612
MIR6895	NA	1	78	0.638006
MIR7-1	NA	3	110	1.35721
MIR7-2	NA	2	110	0.904809
MIR7-3	NA	0	110	0
MIR7-3HG	NA	0	768	0
MIR708	NA	0	88	0
MIR7106	NA	7	65	5.35925
MIR7107	NA	0	80	0
MIR7108	NA	2	87	1.14401
MIR7109	NA	1	65	0.765608
MIR711	NA	3	76	1.96439
MIR7110	NA	7	86	4.0506
MIR7111	NA	7	72	4.83821
MIR7112	NA	12	130	4.59365
MIR7113	NA	0	59	0
MIR7114	NA	0	61	0
MIR7150	NA	0	94	0
MIR7151	NA	0	60	0
MIR7152	NA	0	54	0
MIR7153	NA	0	57	0
MIR7154	NA	0	73	0
MIR7155	NA	0	56	0
MIR7156	NA	0	60	0
MIR7157	NA	0	60	0
MIR7158	NA	0	71	0
MIR7159	NA	0	66	0
MIR7160	NA	0	52	0
MIR7161	NA	1	84	0.592434
MIR7162	NA	0	69	0
MIR718	NA	0	70	0
MIR744	NA	0	98	0
MIR7515	NA	0	67	0
MIR7515HG	NA	0	689	0
MIR758	NA	0	88	0
MIR759	NA	0	91	0
MIR760	NA	0	80	0
MIR761	NA	4	59	3.37386
MIR762	NA	50	83	29.9786
MIR762HG	NA	252	1575	7.96232
MIR764	NA	0	85	0
MIR7641-1	NA	0	61	0
MIR7641-2	NA	76	1359	2.783
MIR765	NA	0	114	0
MIR766	NA	0	111	0
MIR767	NA	0	109	0
MIR769	NA	0	118	0
MIR770	NA	0	98	0
MIR7702	NA	0	59	0
MIR7703	NA	0	77	0
MIR7704	NA	1	59	0.843466
MIR7705	NA	92	57	80.3216
MIR7706	NA	0	67	0
MIR7843	NA	0	79	0
MIR7844	NA	14	122	5.71068
MIR7845	NA	0	99	0
MIR7846	NA	0	96	0
MIR7847	NA	0	103	0
MIR7848	NA	0	101	0
MIR7849	NA	0	106	0
MIR7850	NA	0	79	0
MIR7851	NA	0	160	0
MIR7852	NA	0	82	0
MIR7853	NA	0	103	0
MIR7854	NA	0	65	0
MIR7855	NA	0	61	0
MIR7856	NA	0	56	0
MIR7973-1	NA	0	76	0
MIR7973-2	NA	0	76	0
MIR7974	NA	0	79	0
MIR7975	NA	0	68	0
MIR7976	NA	0	66	0
MIR7977	NA	0	49	0
MIR7978	NA	0	59	0
MIR802	NA	0	94	0
MIR8052	NA	0	69	0
MIR8053	NA	0	73	0
MIR8054	NA	0	86	0
MIR8055	NA	6	97	3.07822
MIR8056	NA	0	82	0
MIR8057	NA	0	69	0
MIR8058	NA	0	89	0
MIR8059	NA	0	81	0
MIR8060	NA	0	76	0
MIR8061	NA	0	75	0
MIR8062	NA	0	85	0
MIR8063	NA	0	81	0
MIR8064	NA	0	90	0
MIR8065	NA	0	100	0
MIR8066	NA	0	78	0
MIR8067	NA	0	77	0
MIR8068	NA	0	68	0
MIR8069-1	NA	0	258	0
MIR8069-2	NA	0	258	0
MIR8070	NA	0	88	0
MIR8071-1	NA	0	130	0
MIR8071-2	NA	0	130	0
MIR8072	NA	0	80	0
MIR8073	NA	0	72	0
MIR8074	NA	0	81	0
MIR8075	NA	2	80	1.24411
MIR8076	NA	0	83	0
MIR8077	NA	0	75	0
MIR8078	NA	0	84	0
MIR8079	NA	0	72	0
MIR8080	NA	0	89	0
MIR8081	NA	0	95	0
MIR8082	NA	0	81	0
MIR8083	NA	0	89	0
MIR8084	NA	0	89	0
MIR8085	NA	1	65	0.765608
MIR8086	NA	0	93	0
MIR8087	NA	0	78	0
MIR8088	NA	0	86	0
MIR8089	NA	0	82	0
MIR8485	NA	0	91	0
MIR873	NA	0	77	0
MIR874	NA	0	78	0
MIR875	NA	0	76	0
MIR876	NA	0	81	0
MIR877	NA	57	602	4.71192
MIR885	NA	0	74	0
MIR887	NA	0	79	0
MIR888	NA	0	77	0
MIR889	NA	0	79	0
MIR890	NA	0	77	0
MIR891A	NA	0	79	0
MIR891B	NA	0	79	0
MIR892A	NA	0	75	0
MIR892B	NA	0	77	0
MIR892C	NA	0	77	0
MIR9-1	NA	0	89	0
MIR9-2	NA	0	87	0
MIR9-3	NA	0	90	0
MIR920	NA	0	75	0
MIR921	NA	0	56	0
MIR922	NA	2	81	1.22875
MIR924	NA	0	53	0
MIR92A1	NA	0	78	0
MIR92A2	NA	0	75	0
MIR92B	NA	0	96	0
MIR93	NA	3	80	1.86617
MIR933	NA	0	77	0
MIR934	NA	0	83	0
MIR935	NA	15	91	8.20294
MIR936	NA	1	98	0.507801
MIR937	NA	12	86	6.94388
MIR938	NA	0	83	0
MIR939	NA	3	82	1.82065
MIR940	NA	0	94	0
MIR941-1	NA	0	144	0
MIR941-2	NA	0	216	0
MIR941-3	NA	0	216	0
MIR941-4	NA	0	216	0
MIR941-5	NA	0	216	0
MIR942	NA	0	86	0
MIR943	NA	2	94	1.05882
MIR944	NA	0	88	0
MIR95	NA	0	81	0
MIR9500	NA	0	65	0
MIR96	NA	0	77	0
MIR98	NA	0	119	0
MIR99A	NA	0	81	0
MIR99AHG	NA	21	3802	0.27487
MIR99B	NA	0	70	0
MIRLET7A1	NA	0	80	0
MIRLET7A2	NA	0	72	0
MIRLET7A3	NA	0	74	0
MIRLET7B	NA	0	83	0
MIRLET7BHG	NA	1	4717	0.01055
MIRLET7C	NA	0	84	0
MIRLET7D	NA	5	87	2.86003
MIRLET7DHG	NA	28	1349	1.03292
MIRLET7E	NA	0	79	0
MIRLET7F1	NA	0	87	0
MIRLET7F2	NA	0	83	0
MIRLET7G	NA	0	84	0
MIRLET7I	NA	2	84	1.18487
MIS12	NA	430	2846	7.51888
MIS18A	NA	596	1571	18.8795
MIS18BP1	NA	264	4777	2.75023
MISP	NA	54	2851	0.942575
MITD1	NA	644	910	35.2179
MITF	NA	3415	6095	27.8828
MIXL1	NA	0	2030	0
MKI67	NA	3829	12495	15.25
MKKS	NA	997	3202	15.4951
MKL1	NA	1258	4694	13.337
MKL2	NA	587	8816	3.31349
MKLN1	NA	1710	11417	7.45356
MKLN1-AS	NA	49	2046	1.19182
MKNK1	NA	736	2911	12.5822
MKNK1-AS1	NA	41	2445	0.834497
MKNK2	NA	3679	3785	48.3708
MKRN1	NA	2798	3782	36.8168
MKRN2	NA	693	2846	12.1176
MKRN2OS	NA	3	1084	0.137725
MKRN3	NA	0	2713	0
MKRN7P	NA	0	1633	0
MKRN9P	NA	61	1826	1.66245
MKS1	NA	514	2542	10.0625
MKX	NA	0	3639	0
MKX-AS1	NA	0	776	0
MLANA	NA	0	1524	0
MLC1	NA	3	4174	0.0357675
MLEC	NA	3983	6496	30.5129
MLF1	NA	581	2638	10.9603
MLF2	NA	8251	1923	213.524
MLH1	NA	878	2921	14.9583
MLH3	NA	211	7896	1.32983
MLIP	NA	2	6490	0.0153357
MLIP-IT1	NA	0	643	0
MLK7-AS1	NA	9	2537	0.176539
MLKL	NA	2	2537	0.039231
MLLT1	NA	1991	4505	21.9936
MLLT10	NA	824	5900	6.95016
MLLT10P1	NA	3	555	0.268997
MLLT11	NA	1144	2158	26.3812
MLLT3	NA	28	6987	0.199428
MLLT4	NA	700	10549	3.30222
MLLT4-AS1	NA	4	2311	0.086135
MLLT6	NA	1734	7500	11.5056
MLN	NA	7	572	0.609006
MLNR	NA	0	1239	0
MLPH	NA	7	4290	0.0812008
MLST8	NA	1168	2057	28.2571
MLX	NA	881	2562	17.1126
MLXIP	NA	1483	8421	8.76389
MLXIPL	NA	91	3278	1.3815
MLYCD	NA	217	2195	4.91977
MMAA	NA	40	5943	0.334945
MMAB	NA	394	4225	4.64076
MMACHC	NA	526	2850	9.1846
MMADHC	NA	3506	1437	121.416
MMD	NA	171	2723	3.12513
MMD2	NA	6	2859	0.104438
MME	NA	7510	6032	61.9581
MMEL1	NA	231	2902	3.96127
MMGT1	NA	698	3648	9.52182
MMP1	NA	30	2055	0.726489
MMP10	NA	8	1759	0.226331
MMP11	NA	0	2261	0
MMP12	NA	0	1876	0
MMP13	NA	0	2719	0
MMP14	NA	20518	3594	284.103
MMP15	NA	338	4437	3.79094
MMP16	NA	174	6335	1.36685
MMP17	NA	16	2408	0.330661
MMP19	NA	672	3392	9.859
MMP2	NA	69	4124	0.832626
MMP20	NA	5	1956	0.12721
MMP21	NA	1	1914	0.0260003
MMP23A	NA	147	1812	4.03719
MMP23B	NA	74	1240	2.96982
MMP24	NA	1266	4333	14.54
MMP24-AS1	NA	2287	1749	65.0723
MMP25	NA	592	3551	8.29642
MMP25-AS1	NA	320	2339	6.80831
MMP26	NA	0	991	0
MMP27	NA	0	1647	0
MMP28	NA	16	3152	0.252612
MMP3	NA	1	1828	0.0272235
MMP7	NA	132	1119	5.87034
MMP8	NA	0	3147	0
MMP9	NA	198	2336	4.21805
MMRN1	NA	625	4969	6.25937
MMRN2	NA	98	4179	1.16701
MMS19	NA	2274	3785	29.8981
MMS22L	NA	322	8643	1.85401
MN1	NA	136	7556	0.895708
MNAT1	NA	686	1383	24.6843
MND1	NA	103	1106	4.63449
MNDA	NA	0	1667	0
MNS1	NA	47	2023	1.15617
MNT	NA	464	4842	4.76884
MNX1	NA	64	2614	1.21841
MNX1-AS1	NA	24	987	1.21008
MOAP1	NA	766	2417	15.7715
MOB1A	NA	772	1329	28.9076
MOB1B	NA	794	8534	4.63007
MOB2	NA	584	1755	16.5598
MOB3A	NA	1134	3331	16.9417
MOB3B	NA	79	6525	0.602513
MOB3C	NA	173	2985	2.88417
MOB4	NA	776	3947	9.78395
MOBP	NA	1	8785	0.00566471
MOCOS	NA	0	2727	0
MOCS1	NA	127	4420	1.42988
MOCS2	NA	579	4181	6.89157
MOCS3	NA	364	3049	5.94105
MOG	NA	3	11537	0.0129404
MOGAT1	NA	0	1096	0
MOGAT2	NA	0	1005	0
MOGAT3	NA	23	1408	0.812914
MOGS	NA	2047	2895	35.1875
MOK	NA	262	3789	3.44109
MON1A	NA	220	2230	4.9095
MON1B	NA	462	3332	6.90012
MON2	NA	736	10518	3.48228
MORC1	NA	0	3767	0
MORC2	NA	1076	4765	11.2375
MORC2-AS1	NA	113	2133	2.63638
MORC3	NA	459	4246	5.37963
MORC4	NA	596	3834	7.73595
MORF4L1	NA	4758	2159	109.671
MORF4L2	NA	5985	2204	135.136
MORF4L2-AS1	NA	20	2870	0.346791
MORN1	NA	122	6378	0.951908
MORN2	NA	208	741	13.969
MORN3	NA	31	1158	1.33221
MORN4	NA	438	2574	8.46808
MORN5	NA	3	708	0.210867
MOS	NA	0	1041	0
MOSPD1	NA	4314	2441	87.9492
MOSPD2	NA	230	3376	3.39035
MOSPD3	NA	345	1399	12.2722
MOV10	NA	1376	4498	15.2236
MOV10L1	NA	10	4309	0.11549
MOXD1	NA	1	3048	0.0163269
MOXD2P	NA	0	1503	0
MPC1	NA	539	1427	18.7968
MPC1L	NA	0	574	0
MPC2	NA	1836	2523	36.2139
MPDU1	NA	1188	1618	36.5391
MPDZ	NA	462	7696	2.98742
MPEG1	NA	5	4512	0.0551468
MPG	NA	1341	1396	47.8039
MPHOSPH10	NA	932	2485	18.6642
MPHOSPH6	NA	583	1101	26.3512
MPHOSPH8	NA	1155	4268	13.4672
MPHOSPH9	NA	318	4485	3.52845
MPI	NA	775	3062	12.5955
MPL	NA	2	3645	0.0273056
MPLKIP	NA	755	941	39.9279
MPND	NA	262	1657	7.86862
MPO	NA	1	3215	0.0154788
MPP1	NA	236	2197	5.34566
MPP2	NA	962	5626	8.50932
MPP3	NA	156	2835	2.73836
MPP4	NA	235	2458	4.75779
MPP5	NA	589	5608	5.22669
MPP6	NA	225	8131	1.37708
MPP7	NA	30	5206	0.286772
MPPE1	NA	231	3220	3.57006
MPPED1	NA	0	2508	0
MPPED2	NA	0	7209	0
MPRIP	NA	1809	11023	8.16692
MPST	NA	1355	1633	41.2926
MPV17	NA	725	1007	35.8285
MPV17L	NA	101	2309	2.17679
MPV17L2	NA	556	1358	20.3749
MPZ	NA	29	1955	0.738195
MPZL1	NA	3760	5010	37.3482
MPZL2	NA	0	3186	0
MPZL3	NA	0	3986	0
MR1	NA	388	7860	2.45657
MRAP	NA	85	1231	3.43622
MRAP2	NA	10	2213	0.224873
MRAS	NA	740	5126	7.18411
MRC1	NA	5	5191	0.0479334
MRC2	NA	1457	5992	12.1006
MRE11A	NA	596	5245	5.65484
MREG	NA	171	3213	2.64853
MRFAP1	NA	9447	2182	215.456
MRFAP1L1	NA	0	1591	0
MRGBP	NA	548	1636	16.6693
MRGPRD	NA	0	966	0
MRGPRE	NA	0	1296	0
MRGPRF	NA	2	2283	0.0435957
MRGPRF-AS1	NA	0	1568	0
MRGPRG	NA	0	870	0
MRGPRG-AS1	NA	0	1790	0
MRGPRX1	NA	0	1190	0
MRGPRX2	NA	0	2408	0
MRGPRX3	NA	1	1639	0.0303627
MRGPRX4	NA	0	1444	0
MRI1	NA	21	3266	0.31998
MRLN	NA	0	549	0
MRM1	NA	135	1833	3.66514
MRO	NA	18	5334	0.167934
MROH1	NA	804	5903	6.77802
MROH2A	NA	10	5324	0.093472
MROH2B	NA	0	5280	0
MROH5	NA	0	4506	0
MROH6	NA	150	3250	2.29682
MROH7	NA	8	4406	0.0903577
MROH7-TTC4	NA	742	6547	5.64003
MROH8	NA	191	3665	2.59346
MROH9	NA	1	3696	0.0134644
MRPL1	NA	352	1359	12.8897
MRPL10	NA	1509	1996	37.6226
MRPL11	NA	2190	1699	64.1461
MRPL12	NA	2033	1015	99.6761
MRPL13	NA	1243	1110	55.7273
MRPL14	NA	1184	774	76.1255
MRPL15	NA	961	1749	27.3434
MRPL16	NA	1145	1182	48.2067
MRPL17	NA	1526	2366	32.0966
MRPL18	NA	1036	977	52.7697
MRPL19	NA	1356	7827	8.62152
MRPL2	NA	601	1327	22.5384
MRPL20	NA	2103	733	142.776
MRPL21	NA	1101	709	77.2789
MRPL22	NA	580	3173	9.09657
MRPL23	NA	717	742	48.0878
MRPL23-AS1	NA	0	1904	0
MRPL24	NA	543	927	29.1501
MRPL27	NA	1513	703	107.103
MRPL28	NA	3134	1140	136.809
MRPL3	NA	1872	1764	52.8113
MRPL30	NA	1142	4536	12.5289
MRPL32	NA	919	892	51.2708
MRPL33	NA	889	518	85.4066
MRPL34	NA	961	968	49.4046
MRPL35	NA	918	3311	13.7976
MRPL36	NA	686	614	55.6001
MRPL37	NA	2343	1483	78.6232
MRPL38	NA	1789	1575	56.5261
MRPL39	NA	932	1171	39.6076
MRPL4	NA	1324	2404	27.4077
MRPL40	NA	582	774	37.4198
MRPL41	NA	1212	604	99.8586
MRPL42	NA	1044	3247	16.0007
MRPL42P5	NA	27	667	2.01445
MRPL43	NA	1027	2929	17.449
MRPL44	NA	1220	1748	34.7327
MRPL45	NA	1113	1705	32.4856
MRPL45P2	NA	208	1396	7.41477
MRPL46	NA	780	1000	38.8163
MRPL47	NA	1721	1180	72.5803
MRPL48	NA	371	980	18.8394
MRPL49	NA	1384	2162	31.8566
MRPL50	NA	1155	1021	56.2958
MRPL51	NA	3483	677	256.026
MRPL52	NA	961	1301	36.7592
MRPL53	NA	912	655	69.2904
MRPL54	NA	513	623	40.9778
MRPL55	NA	797	906	43.7774
MRPL57	NA	1171	2655	21.9489
MRPL9	NA	1372	1688	40.4484
MRPS10	NA	1383	2140	32.1609
MRPS11	NA	825	1501	27.3522
MRPS12	NA	1112	1323	41.8278
MRPS14	NA	739	2237	16.4399
MRPS15	NA	2134	965	110.049
MRPS16	NA	2562	2634	48.4042
MRPS17	NA	456	585	38.7908
MRPS18A	NA	937	1189	39.2173
MRPS18B	NA	977	10513	4.62474
MRPS18C	NA	431	1101	19.4809
MRPS2	NA	2032	2200	45.9643
MRPS21	NA	1944	1541	62.7788
MRPS22	NA	547	1122	24.2613
MRPS23	NA	1260	1492	42.0263
MRPS24	NA	1172	696	83.7988
MRPS25	NA	1143	4566	12.4575
MRPS26	NA	877	1039	42.0053
MRPS27	NA	1951	2823	34.3927
MRPS28	NA	638	707	44.9077
MRPS30	NA	691	1672	20.5665
MRPS31	NA	482	1339	17.9137
MRPS31P5	NA	225	3495	3.20372
MRPS33	NA	933	817	56.8302
MRPS34	NA	1948	1024	94.6692
MRPS35	NA	987	1897	25.8922
MRPS36	NA	331	1329	12.3943
MRPS5	NA	1747	1661	52.3411
MRPS6	NA	6726	990	338.097
MRPS7	NA	1547	1415	54.4068
MRPS9	NA	1039	1458	35.4632
MRRF	NA	475	1999	11.825
MRS2	NA	922	4490	10.2189
MRS2P2	NA	9	2690	0.166498
MRTO4	NA	1264	2273	27.6737
MRVI1	NA	652	6667	4.86672
MRVI1-AS1	NA	40	900	2.21176
MS4A1	NA	0	3594	0
MS4A10	NA	0	2296	0
MS4A12	NA	5	1165	0.213582
MS4A13	NA	0	925	0
MS4A14	NA	1	3572	0.0139318
MS4A15	NA	1	2280	0.0218265
MS4A2	NA	0	3648	0
MS4A3	NA	0	1655	0
MS4A4A	NA	59	1795	1.63571
MS4A5	NA	0	722	0
MS4A6A	NA	4	2543	0.0782768
MS4A6E	NA	19	660	1.43261
MS4A7	NA	0	3008	0
MS4A8	NA	0	1354	0
MSANTD1	NA	13	1670	0.387388
MSANTD2	NA	372	2382	7.77179
MSANTD3	NA	2435	2170	55.8417
MSANTD3-TMEFF1	NA	1308	2434	26.7428
MSANTD4	NA	616	4087	7.50059
MSC	NA	0	2058	0
MSC-AS1	NA	0	4915	0
MSGN1	NA	45	582	3.84777
MSH2	NA	1263	3209	19.5863
MSH3	NA	356	4447	3.98385
MSH4	NA	3	3277	0.045558
MSH5	NA	1221	19346	3.14083
MSH5-SAPCD1	NA	1806	24649	3.64618
MSH6	NA	1818	4479	20.1991
MSI1	NA	899	2975	15.0381
MSI2	NA	468	3059	7.61353
MSL1	NA	1372	3820	17.8735
MSL2	NA	623	4770	6.49964
MSL3	NA	370	4962	3.71077
MSL3P1	NA	6	1990	0.150044
MSLN	NA	19	2193	0.431156
MSMB	NA	0	495	0
MSMO1	NA	1619	2228	36.1619
MSMP	NA	78	677	5.73358
MSN	NA	7189	3970	90.1151
MSR1	NA	0	5490	0
MSRA	NA	177	2102	4.19045
MSRB1	NA	746	1367	27.1575
MSRB2	NA	575	1811	15.8004
MSRB3	NA	2428	4666	25.8955
MSS51	NA	45	2423	0.924227
MST1	NA	55	2331	1.17419
MST1L	NA	28	4668	0.298502
MST1P2	NA	35	2636	0.660758
MST1R	NA	3	4771	0.0312919
MSTN	NA	3	2819	0.0529597
MSTO1	NA	1000	2801	17.7667
MSTO2P	NA	1720	4464	19.1745
MSX1	NA	7543	1937	193.791
MSX2	NA	3556	2208	80.1461
MSX2P1	NA	73	2161	1.68108
MT1A	NA	0	396	0
MT1B	NA	0	380	0
MT1DP	NA	0	569	0
MT1E	NA	0	506	0
MT1F	NA	0	483	0
MT1G	NA	0	405	0
MT1H	NA	0	397	0
MT1HL1	NA	0	316	0
MT1IP	NA	0	374	0
MT1JP	NA	0	408	0
MT1L	NA	0	426	0
MT1M	NA	0	440	0
MT1X	NA	0	404	0
MT2A	NA	49	419	5.81971
MT3	NA	0	582	0
MT4	NA	0	294	0
MTA1	NA	1767	2840	30.9626
MTA2	NA	5391	3069	87.4162
MTA3	NA	942	6724	6.97177
MTAP	NA	484	4921	4.89454
MTBP	NA	124	3087	1.99896
MTCH1	NA	6618	2409	136.713
MTCH2	NA	3187	2628	60.3499
MTCL1	NA	618	6092	5.04834
MTCP1	NA	130	2320	2.78853
MTDH	NA	2080	7667	13.5007
MTERF1	NA	386	2112	9.09522
MTERF2	NA	315	1790	8.75744
MTERF3	NA	353	1532	11.4666
MTERF4	NA	1113	4566	12.1305
MTF1	NA	356	7972	2.2223
MTF2	NA	1064	4128	12.8269
MTFMT	NA	399	2746	7.23089
MTFP1	NA	521	1278	20.2874
MTFR1	NA	580	3060	9.43249
MTFR1L	NA	982	2403	20.3366
MTFR2	NA	218	1793	6.05056
MTG1	NA	652	1614	20.1031
MTG2	NA	503	2936	8.52573
MTHFD1	NA	1528	3448	22.0534
MTHFD1L	NA	1169	3673	15.8385
MTHFD2	NA	1687	2285	36.7408
MTHFD2L	NA	14	2359	0.295338
MTHFD2P1	NA	2	2595	0.0383541
MTHFR	NA	508	7150	3.53572
MTHFS	NA	541	2542	10.5911
MTHFSD	NA	199	3289	3.01099
MTIF2	NA	769	3018	12.6802
MTIF3	NA	554	1232	22.3779
MTL5	NA	119	5103	1.16049
MTM1	NA	92	3436	1.33246
MTMR1	NA	499	4800	5.17343
MTMR10	NA	831	4961	8.33588
MTMR11	NA	222	3003	3.67889
MTMR12	NA	722	5185	6.9296
MTMR14	NA	499	2525	9.83465
MTMR2	NA	938	4862	9.6008
MTMR3	NA	1024	9019	5.65017
MTMR4	NA	623	5829	5.3188
MTMR6	NA	483	5214	4.60994
MTMR7	NA	164	5287	1.54367
MTMR8	NA	26	2661	0.486237
MTMR9	NA	344	7405	2.31181
MTMR9LP	NA	6	2324	0.12848
MTNR1A	NA	0	1105	0
MTNR1B	NA	1	1662	0.0299425
MTO1	NA	499	3119	7.96168
MTOR	NA	2331	8725	13.2952
MTOR-AS1	NA	9	706	0.634392
MTPAP	NA	600	5620	5.31294
MTPN	NA	4401	3884	56.3887
MTR	NA	953	10558	4.49191
MTRF1	NA	136	2174	3.11314
MTRF1L	NA	845	4058	10.3625
MTRNR2L1	NA	4	1555	0.128012
MTRNR2L10	NA	3	1121	0.133179
MTRNR2L2	NA	523	1036	25.1224
MTRNR2L3	NA	6	1383	0.215898
MTRNR2L4	NA	3	1231	0.121278
MTRNR2L5	NA	0	1738	0
MTRNR2L6	NA	6	1395	0.214041
MTRNR2L7	NA	0	1494	0
MTRNR2L8	NA	2403	1290	92.7008
MTRNR2L9	NA	4863	527	459.212
MTRR	NA	362	3298	5.46232
MTSS1	NA	60	5174	0.577091
MTSS1L	NA	2294	4977	22.9375
MTTP	NA	4	4095	0.04861
MTURN	NA	540	5814	4.62209
MTUS1	NA	1485	7565	9.76871
MTUS2	NA	1	7196	0.00691558
MTUS2-AS1	NA	0	1114	0
MTVR2	NA	0	812	0
MTX1	NA	991	1648	29.9251
MTX2	NA	754	1592	23.5694
MTX3	NA	510	7934	3.19888
MUC1	NA	316	1838	8.55581
MUC12	NA	54	16321	0.164652
MUC13	NA	13	2876	0.224944
MUC15	NA	0	3392	0
MUC16	NA	1	43816	0.00113576
MUC17	NA	2	14350	0.00693582
MUC19	NA	170	24831	0.340702
MUC2	NA	1	8622	0.0057718
MUC20	NA	257	2591	4.93612
MUC21	NA	64	16677	0.190977
MUC22	NA	213	43981	0.241009
MUC3A	NA	148	5837	1.2618
MUC4	NA	160	16804	0.473835
MUC5AC	NA	1	5930	0.00839199
MUC5B	NA	6	17916	0.0166659
MUC6	NA	40	8003	0.248729
MUC7	NA	0	2774	0
MUCL1	NA	2	489	0.203536
MUL1	NA	1009	2458	20.4281
MUM1	NA	769	4214	9.08137
MUM1L1	NA	0	4309	0
MURC	NA	224	3096	3.60053
MUS81	NA	711	2400	14.7427
MUSK	NA	0	2786	0
MUSTN1	NA	14	729	0.955697
MUT	NA	575	3886	7.36351
MUTYH	NA	298	2280	6.50431
MVB12A	NA	370	1763	10.4441
MVB12B	NA	399	6760	2.93728
MVD	NA	905	1857	24.2525
MVK	NA	263	2077	6.30143
MVP	NA	1514	2925	25.7584
MX1	NA	0	3660	0
MX2	NA	0	2961	0
MXD1	NA	324	5616	2.87103
MXD3	NA	2449	3161	38.5553
MXD4	NA	3770	3773	49.7249
MXI1	NA	352	3835	4.56769
MXRA5	NA	0	9792	0
MXRA7	NA	3822	6322	30.0854
MXRA8	NA	209	3113	3.34108
MYADM	NA	3275	4191	38.8878
MYADML	NA	0	2157	0
MYADML2	NA	4	2452	0.0811819
MYB	NA	4	3678	0.0541213
MYBBP1A	NA	2373	4568	25.8518
MYBL1	NA	615	5192	5.89468
MYBL2	NA	2503	2777	44.8543
MYBPC1	NA	1	4028	0.0123546
MYBPC2	NA	6	3598	0.0829869
MYBPC3	NA	3	4217	0.0354028
MYBPH	NA	12	1806	0.330661
MYBPHL	NA	22	1372	0.797973
MYC	NA	1673	2366	35.1885
MYCBP	NA	909	2565	17.6358
MYCBP2	NA	583	15025	1.93096
MYCBP2-AS1	NA	5	517	0.481281
MYCBPAP	NA	17	3190	0.265203
MYCL	NA	227	4951	2.28167
MYCN	NA	0	3038	0
MYCNOS	NA	0	1908	0
MYCNUT	NA	0	1040	0
MYCT1	NA	7	3043	0.114476
MYD88	NA	10	2873	0.173214
MYDGF	NA	1481	1051	70.1248
MYEF2	NA	806	6892	5.81982
MYEOV	NA	381	2494	7.60235
MYEOV2	NA	1453	989	73.112
MYF5	NA	0	1520	0
MYF6	NA	0	1337	0
MYH1	NA	3	6020	0.0247996
MYH10	NA	6773	7762	43.4237
MYH11	NA	81	6942	0.580657
MYH13	NA	2	5992	0.0166103
MYH14	NA	460	6912	3.31187
MYH15	NA	21	7074	0.147732
MYH16	NA	9	2267	0.197565
MYH2	NA	6	6151	0.0485428
MYH3	NA	110	6038	0.906607
MYH4	NA	0	6015	0
MYH6	NA	4	5941	0.0335058
MYH7	NA	3	6055	0.0246562
MYH7B	NA	62	6584	0.468621
MYH8	NA	1	6038	0.00824188
MYH9	NA	25369	7554	167.127
MYHAS	NA	1	3940	0.0126306
MYL1	NA	0	1151	0
MYL10	NA	23	1009	1.13437
MYL12A	NA	7255	1474	244.94
MYL12B	NA	10521	1178	444.459
MYL2	NA	2	829	0.120059
MYL3	NA	30	929	1.60703
MYL4	NA	244	949	12.7951
MYL5	NA	60	661	4.5172
MYL6	NA	17984	809	1106.26
MYL6B	NA	1248	1064	58.3704
MYL7	NA	140	597	11.6701
MYL9	NA	7868	1197	327.107
MYLIP	NA	34	3071	0.550958
MYLK	NA	154	8183	0.936543
MYLK-AS1	NA	28	801	1.73958
MYLK-AS2	NA	0	500	0
MYLK2	NA	30	2793	0.534527
MYLK3	NA	218	8205	1.3222
MYLK4	NA	25	5760	0.215992
MYLPF	NA	7	655	0.531834
MYNN	NA	327	5367	3.03205
MYO10	NA	3	11430	0.0130615
MYO15A	NA	27	11863	0.113263
MYO15B	NA	33	9918	0.165581
MYO16	NA	1	7524	0.0066141
MYO16-AS1	NA	0	547	0
MYO18A	NA	2433	7583	15.9669
MYO18B	NA	5	8565	0.0290511
MYO19	NA	835	4756	8.73704
MYO1A	NA	172	3669	2.33292
MYO1B	NA	46	5095	0.449297
MYO1C	NA	3295	5095	32.1833
MYO1D	NA	88	6246	0.701133
MYO1E	NA	1020	5110	9.93342
MYO1F	NA	20	4173	0.238507
MYO1G	NA	3	3279	0.0455302
MYO1H	NA	3	4258	0.0350619
MYO3A	NA	0	5784	0
MYO3B	NA	61	6365	0.476926
MYO5A	NA	1087	12225	4.42487
MYO5B	NA	202	9520	1.05593
MYO5C	NA	163	6975	1.16296
MYO6	NA	1220	8678	6.99616
MYO7A	NA	248	7746	1.59329
MYO7B	NA	5	6715	0.0370547
MYO9A	NA	249	8698	1.42462
MYO9B	NA	1725	7623	11.2612
MYOC	NA	317	2045	7.71411
MYOCD	NA	0	8564	0
MYOD1	NA	8	1806	0.220441
MYOF	NA	6031	6843	43.8594
MYOG	NA	1	1533	0.0324622
MYOM1	NA	12	5847	0.102133
MYOM2	NA	48	5011	0.47669
MYOM3	NA	15	5800	0.128701
MYOT	NA	6	2272	0.13142
MYOZ1	NA	35	1583	1.10029
MYOZ2	NA	0	2597	0
MYOZ3	NA	2	3837	0.0259393
MYPN	NA	80	6449	0.61733
MYPOP	NA	198	1887	5.22171
MYRF	NA	607	5996	5.03787
MYRFL	NA	1	3122	0.0159399
MYRIP	NA	4	5329	0.0373537
MYSM1	NA	613	7768	3.92709
MYT1	NA	11	5535	0.0988996
MYT1L	NA	0	7182	0
MYT1L-AS1	NA	0	3242	0
MYZAP	NA	15	2398	0.311287
MZB1	NA	2	827	0.120349
MZF1	NA	471	2921	8.02433
MZF1-AS1	NA	105	2606	2.00509
MZT1	NA	477	2412	9.84149
MZT2A	NA	1674	693	120.21
MZT2B	NA	2414	933	128.758
N4BP1	NA	1176	7106	8.23572
N4BP2	NA	530	9666	2.72866
N4BP2L1	NA	29	3116	0.463148
N4BP2L2	NA	932	5284	8.77754
N4BP2L2-IT2	NA	32	4890	0.325657
N4BP3	NA	430	5987	3.5742
N6AMT1	NA	200	1543	6.45036
N6AMT2	NA	295	872	16.8355
NAA10	NA	1822	1118	81.101
NAA11	NA	4	1516	0.131305
NAA15	NA	1449	5554	12.9832
NAA16	NA	300	4592	3.25116
NAA20	NA	660	1333	24.6396
NAA25	NA	822	5819	7.0298
NAA30	NA	650	4475	7.22836
NAA35	NA	684	2657	12.811
NAA38	NA	971	999	48.3697
NAA40	NA	1275	3885	16.332
NAA50	NA	3884	6160	31.3775
NAA60	NA	1264	2890	21.7655
NAAA	NA	237	2562	4.60351
NAALAD2	NA	14	3196	0.217992
NAALADL1	NA	11	2687	0.203725
NAALADL2	NA	16	4912	0.162099
NAALADL2-AS1	NA	0	371	0
NAALADL2-AS2	NA	0	807	0
NAALADL2-AS3	NA	0	408	0
NAB1	NA	325	4469	3.61903
NAB2	NA	1996	2711	36.6396
NABP1	NA	558	4016	6.91449
NABP2	NA	245	1401	8.70257
NACA	NA	12249	3472	175.566
NACA2	NA	1387	770	89.6407
NACAD	NA	13	4761	0.135883
NACAP1	NA	560	703	39.6417
NACC1	NA	3080	4500	34.061
NACC2	NA	1405	6899	10.1347
NADK	NA	2516	4226	29.6279
NADK2	NA	597	4167	7.12969
NADSYN1	NA	760	2430	15.5642
NAE1	NA	2035	1920	52.7452
NAF1	NA	282	2313	6.06727
NAGA	NA	843	3726	11.2591
NAGK	NA	383	1801	10.5829
NAGLU	NA	1199	2782	21.4477
NAGPA	NA	334	2209	7.52437
NAGPA-AS1	NA	4	1237	0.16092
NAGS	NA	73	2072	1.75329
NAIF1	NA	180	3398	2.63614
NAIP	NA	306	6551	2.32452
NALCN	NA	0	6923	0
NALCN-AS1	NA	1	2846	0.0174858
NAMA	NA	1	2233	0.0222859
NAMPT	NA	2346	4581	25.4852
NANOG	NA	24	2103	0.567926
NANOGNB	NA	0	907	0
NANOS1	NA	601	4627	6.4639
NANOS2	NA	0	1564	0
NANOS3	NA	49	833	2.92732
NANP	NA	156	3799	2.0435
NANS	NA	1553	1240	62.326
NAP1L1	NA	21170	5185	203.185
NAP1L2	NA	18	2574	0.348003
NAP1L3	NA	1	2758	0.0180437
NAP1L4	NA	4389	2518	86.742
NAP1L5	NA	266	1958	6.76065
NAP1L6	NA	0	2044	0
NAPA	NA	2253	1860	60.2793
NAPA-AS1	NA	22	656	1.66893
NAPB	NA	370	3883	4.74192
NAPEPLD	NA	203	5363	1.88368
NAPG	NA	488	3715	6.53703
NAPRT	NA	61	1703	1.78252
NAPSA	NA	7	1392	0.250252
NAPSB	NA	1	1330	0.0374169
NARF	NA	451	2084	10.7696
NARFL	NA	379	2228	8.46532
NARR	NA	924	839	54.8062
NARS	NA	5129	2865	89.0897
NARS2	NA	777	2519	15.3501
NASP	NA	3712	3291	56.1306
NAT1	NA	46	3113	0.735357
NAT10	NA	1376	4041	16.9453
NAT14	NA	1430	1350	52.7135
NAT16	NA	11	2935	0.186511
NAT2	NA	3	1317	0.113359
NAT6	NA	186	1549	5.97559
NAT8	NA	0	1073	0
NAT8B	NA	0	832	0
NAT8L	NA	1220	5871	10.3411
NAT9	NA	814	2159	18.7625
NATD1	NA	900	4785	9.36009
NAV1	NA	2089	13265	7.83702
NAV2	NA	891	11758	3.77106
NAV2-AS2	NA	39	853	2.27528
NAV2-AS4	NA	0	1369	0
NAV2-AS5	NA	0	3306	0
NAV3	NA	6	9826	0.0303874
NBAS	NA	1024	7300	6.98066
NBAT1	NA	0	2295	0
NBEA	NA	1012	11210	4.49257
NBEAL1	NA	43	9058	0.236241
NBEAL2	NA	893	8828	5.03395
NBEAP1	NA	7	548	0.635678
NBL1	NA	1096	3281	16.6236
NBN	NA	996	4724	10.4923
NBPF1	NA	1936	5947	16.2004
NBPF10	NA	391	11423	1.7034
NBPF11	NA	4957	11382	21.673
NBPF12	NA	2649	7109	18.5436
NBPF13P	NA	2	1149	0.0866223
NBPF14	NA	3275	10086	16.1589
NBPF15	NA	3708	4802	38.4271
NBPF18P	NA	1	1004	0.0495662
NBPF20	NA	2818	17619	7.95938
NBPF22P	NA	2	2680	0.0371377
NBPF25P	NA	4373	7155	30.4151
NBPF3	NA	197	4418	2.21901
NBPF4	NA	1	2499	0.0199138
NBPF6	NA	0	2222	0
NBPF7	NA	6	1611	0.185343
NBPF8	NA	3360	4622	36.1767
NBPF9	NA	6228	6896	44.9439
NBR1	NA	1471	5300	13.812
NBR2	NA	92	1366	3.35164
NCALD	NA	5	4487	0.0554541
NCAM1	NA	1	8526	0.00583679
NCAM1-AS1	NA	0	713	0
NCAM2	NA	7	5002	0.0696424
NCAN	NA	3	6406	0.0233053
NCAPD2	NA	2446	4806	25.3275
NCAPD3	NA	918	5605	8.15055
NCAPG	NA	1241	4752	12.9962
NCAPG2	NA	953	6181	7.6728
NCAPH	NA	584	6059	4.79658
NCAPH2	NA	1051	3790	13.8001
NCBP1	NA	1370	5380	12.6724
NCBP2	NA	2080	2661	38.899
NCBP2-AS2	NA	665	1391	23.7911
NCCRP1	NA	77	1973	1.94215
NCDN	NA	865	3705	11.6184
NCEH1	NA	184	4315	2.12205
NCF1	NA	2	1459	0.0682173
NCF1B	NA	2	1516	0.0656524
NCF1C	NA	2	1442	0.0690215
NCF2	NA	41	2494	0.818101
NCF4	NA	0	1643	0
NCK1	NA	525	4575	5.71068
NCK1-AS1	NA	26	1188	1.08912
NCK2	NA	438	2667	8.1728
NCKAP1	NA	3239	5015	32.141
NCKAP1L	NA	3	3945	0.0378437
NCKAP5	NA	0	7594	0
NCKAP5L	NA	1439	4900	14.6145
NCKIPSD	NA	647	3000	10.7325
NCL	NA	23901	2717	437.77
NCLN	NA	2314	3733	30.8479
NCMAP	NA	1	3990	0.0124723
NCOA1	NA	589	6951	4.21684
NCOA2	NA	143	6157	1.15581
NCOA3	NA	1187	8026	7.35989
NCOA4	NA	2546	4082	31.0388
NCOA5	NA	1093	3207	16.9606
NCOA6	NA	1304	7062	9.18903
NCOA7	NA	1392	7071	9.79666
NCOA7-AS1	NA	0	496	0
NCOR1	NA	2365	10135	11.6125
NCOR1P1	NA	0	419	0
NCOR2	NA	4091	8881	22.9238
NCR1	NA	0	1153	0
NCR2	NA	0	1084	0
NCR3	NA	357	9792	1.81433
NCR3LG1	NA	39	6382	0.304108
NCRNA00250	NA	0	519	0
NCRUPAR	NA	0	486	0
NCS1	NA	2080	5010	20.6607
NCSTN	NA	1726	3074	27.9419
NDC1	NA	1227	4825	12.6551
NDC80	NA	502	2172	11.5017
NDE1	NA	446	4003	5.54458
NDEL1	NA	693	2433	14.1746
NDFIP1	NA	1713	3597	23.6994
NDFIP2	NA	546	4655	5.83704
NDFIP2-AS1	NA	0	431	0
NDN	NA	1	1897	0.0262333
NDNF	NA	0	2871	0
NDNL2	NA	554	1668	16.5285
NDOR1	NA	928	4877	9.46923
NDP	NA	0	2002	0
NDRG1	NA	16	3478	0.228934
NDRG2	NA	263	2743	4.77144
NDRG3	NA	937	3024	15.4198
NDRG4	NA	707	4311	8.16133
NDST1	NA	2773	8232	16.7635
NDST2	NA	741	3996	9.2281
NDST3	NA	0	5947	0
NDST4	NA	0	3343	0
NDUFA1	NA	1321	486	135.265
NDUFA10	NA	2016	4915	20.412
NDUFA11	NA	4380	2938	74.1894
NDUFA12	NA	1273	583	108.662
NDUFA13	NA	1748	542	160.495
NDUFA2	NA	1625	893	90.5569
NDUFA3	NA	899	354	126.379
NDUFA4	NA	3284	2058	79.4104
NDUFA4L2	NA	9	1188	0.377004
NDUFA5	NA	1002	6506	7.66431
NDUFA6	NA	1755	1184	73.7641
NDUFA6-AS1	NA	58	1658	1.74086
NDUFA7	NA	893	585	75.9653
NDUFA8	NA	1354	843	79.9302
NDUFA9	NA	1156	1609	35.7537
NDUFAB1	NA	2363	667	176.302
NDUFAF1	NA	812	1731	23.3442
NDUFAF2	NA	589	719	40.7667
NDUFAF3	NA	870	1691	25.6033
NDUFAF4	NA	349	2411	7.20357
NDUFAF4P1	NA	4	2328	0.085506
NDUFAF5	NA	117	2410	2.41595
NDUFAF6	NA	200	1804	5.51713
NDUFAF7	NA	486	2211	10.9387
NDUFB1	NA	1202	419	142.761
NDUFB10	NA	1097	697	78.3237
NDUFB11	NA	2295	1124	101.61
NDUFB2	NA	637	495	64.0404
NDUFB2-AS1	NA	68	1648	2.05339
NDUFB3	NA	971	778	62.1097
NDUFB4	NA	991	1560	31.6132
NDUFB5	NA	1245	1059	58.505
NDUFB6	NA	1005	861	58.0875
NDUFB7	NA	1965	546	179.097
NDUFB8	NA	2873	951	150.34
NDUFB9	NA	1624	719	112.403
NDUFC1	NA	1515	1453	51.888
NDUFC2	NA	5923	2475	119.093
NDUFC2-KCTD14	NA	4119	2436	84.1461
NDUFS1	NA	2296	3572	31.9875
NDUFS2	NA	1100	2275	24.062
NDUFS3	NA	1409	959	73.1159
NDUFS4	NA	555	676	40.8569
NDUFS5	NA	5481	571	477.687
NDUFS6	NA	1202	548	109.155
NDUFS7	NA	698	786	44.1929
NDUFS8	NA	1192	804	73.7802
NDUFV1	NA	2465	1631	75.2112
NDUFV2	NA	956	930	51.1558
NDUFV2-AS1	NA	19	845	1.11896
NDUFV3	NA	964	2130	22.5225
NEAT1	NA	18138	22741	39.6917
NEB	NA	41	26307	0.077559
NEBL	NA	3776	9926	18.9312
NEBL-AS1	NA	11	632	0.866154
NECAB1	NA	12	5140	0.116182
NECAB2	NA	150	1606	4.64799
NECAB3	NA	806	2039	19.6715
NECAP1	NA	487	2593	9.34644
NECAP2	NA	1458	2081	34.8662
NEDD1	NA	301	4098	3.65523
NEDD4	NA	478	7720	3.08127
NEDD4L	NA	127	9662	0.654118
NEDD8	NA	3916	625	311.804
NEDD8-MDP1	NA	1083	772	69.8121
NEDD9	NA	4758	5780	40.9653
NEFH	NA	1853	3719	24.7953
NEFL	NA	1	3840	0.0129595
NEFM	NA	1	3627	0.0137206
NEGR1	NA	2	5669	0.0175567
NEGR1-IT1	NA	0	534	0
NEIL1	NA	127	2530	2.49806
NEIL2	NA	382	2751	6.91023
NEIL3	NA	137	2402	2.83836
NEK1	NA	323	5757	2.79207
NEK10	NA	45	4630	0.483672
NEK11	NA	96	3324	1.43724
NEK2	NA	751	3274	11.4151
NEK3	NA	661	2734	12.0316
NEK4	NA	424	3726	5.66295
NEK5	NA	5	2924	0.0850966
NEK6	NA	1272	3263	19.3995
NEK7	NA	193	4132	2.32443
NEK8	NA	126	2858	2.19396
NEK9	NA	2991	5543	26.8529
NELFA	NA	1164	2468	23.4708
NELFB	NA	1486	2566	28.8192
NELFCD	NA	1353	2305	29.211
NELFE	NA	1867	9366	9.91996
NELL1	NA	6	3351	0.0891038
NELL2	NA	4	4234	0.0470142
NEMF	NA	1105	4373	12.5748
NEMP1	NA	1400	5617	12.4035
NEMP2	NA	146	3637	1.99769
NENF	NA	1280	949	67.1218
NEO1	NA	496	7088	3.48239
NES	NA	14962	5557	133.989
NET1	NA	1470	4336	16.8713
NETO1	NA	0	8173	0
NETO2	NA	901	3692	12.1446
NEU1	NA	9948	16568	29.8803
NEU2	NA	0	1143	0
NEU3	NA	73	2748	1.32198
NEU4	NA	2	2747	0.0362319
NEURL1	NA	1648	4315	19.0062
NEURL1-AS1	NA	11	1065	0.513999
NEURL1B	NA	130	6414	1.00863
NEURL2	NA	92	1454	3.14879
NEURL3	NA	82	2069	1.9723
NEURL4	NA	1108	5187	10.6302
NEUROD1	NA	0	3002	0
NEUROD2	NA	0	3032	0
NEUROD4	NA	0	3956	0
NEUROD6	NA	0	2161	0
NEUROG1	NA	0	1668	0
NEUROG2	NA	2	2287	0.0435195
NEUROG3	NA	0	1255	0
NEXN	NA	663	3389	9.73557
NEXN-AS1	NA	52	2292	1.12904
NF1	NA	1223	13260	4.58989
NF1P2	NA	0	1932	0
NF2	NA	1355	6925	9.73731
NFAM1	NA	128	5604	1.13666
NFASC	NA	30	11057	0.135022
NFAT5	NA	2319	13672	8.44089
NFATC1	NA	586	5657	5.15503
NFATC2	NA	121	7797	0.772285
NFATC2IP	NA	1655	3858	21.3479
NFATC3	NA	1028	6525	7.84029
NFATC4	NA	1776	6288	14.0556
NFE2	NA	100	2048	2.42991
NFE2L1	NA	6224	4874	63.5483
NFE2L2	NA	2488	3342	37.0479
NFE2L3	NA	4285	3710	57.4773
NFIA	NA	31	10023	0.153916
NFIA-AS1	NA	0	392	0
NFIA-AS2	NA	8	1989	0.200159
NFIB	NA	3	9179	0.0162647
NFIC	NA	910	8168	5.54428
NFIL3	NA	100	2451	2.03038
NFIX	NA	64	5892	0.540551
NFKB1	NA	649	4085	7.90628
NFKB2	NA	1210	3885	15.4994
NFKBIA	NA	2069	1567	65.7069
NFKBIB	NA	808	2347	17.1324
NFKBID	NA	98	1834	2.65917
NFKBIE	NA	1207	2581	23.2723
NFKBIL1	NA	422	11242	1.86805
NFKBIZ	NA	65	4197	0.770715
NFRKB	NA	1230	5226	11.7127
NFS1	NA	819	2507	16.2573
NFU1	NA	706	1194	29.4252
NFX1	NA	919	6152	7.43394
NFXL1	NA	412	4151	4.93928
NFYA	NA	486	6219	3.88898
NFYB	NA	1184	3482	16.9216
NFYC	NA	725	3428	10.5249
NFYC-AS1	NA	91	3182	1.42318
NGB	NA	1	1876	0.0265269
NGDN	NA	507	1588	15.8883
NGEF	NA	12	3443	0.173446
NGF	NA	0	1049	0
NGFR	NA	17	3420	0.247367
NGFRAP1	NA	6657	1354	244.669
NGLY1	NA	646	2860	11.2405
NGRN	NA	2916	1760	82.4507
NHEG1	NA	0	1360	0
NHEJ1	NA	386	2103	9.13414
NHLH1	NA	12	2559	0.233362
NHLH2	NA	0	2679	0
NHLRC1	NA	0	2134	0
NHLRC2	NA	248	6392	1.93079
NHLRC3	NA	293	3554	4.1027
NHLRC4	NA	26	2106	0.614376
NHP2	NA	1916	854	111.65
NHP2L1	NA	2683	1732	77.089
NHS	NA	0	9131	0
NHS-AS1	NA	0	383	0
NHSL1	NA	289	7832	1.8363
NHSL2	NA	20	3678	0.270606
NICN1	NA	580	3227	8.94435
NID1	NA	1835	5881	15.5276
NID2	NA	10	5046	0.0986217
NIF3L1	NA	347	1740	9.9243
NIFK	NA	1281	1738	36.6791
NIFK-AS1	NA	506	2697	9.33661
NIM1K	NA	9	3275	0.136757
NIN	NA	522	10937	2.37515
NINJ1	NA	1790	1281	69.5382
NINJ2	NA	12	1457	0.409865
NINL	NA	810	4972	8.10725
NIP7	NA	1013	2319	21.7384
NIPA1	NA	2242	6589	16.9331
NIPA2	NA	1991	3503	28.2846
NIPAL1	NA	6	2190	0.136341
NIPAL2	NA	20	2255	0.44137
NIPAL3	NA	436	5426	3.99877
NIPAL4	NA	27	3279	0.409772
NIPBL	NA	1341	10389	6.42354
NIPBL-AS1	NA	393	5334	3.66656
NIPSNAP1	NA	2990	2236	66.5455
NIPSNAP3A	NA	176	1633	5.36347
NIPSNAP3B	NA	40	5935	0.335397
NISCH	NA	2950	6854	21.4189
NIT1	NA	549	3196	8.54841
NIT2	NA	656	1271	25.6849
NKAIN1	NA	81	2922	1.37951
NKAIN2	NA	2	3471	0.0286744
NKAIN3	NA	0	3178	0
NKAIN4	NA	226	1430	7.86488
NKAP	NA	496	1585	15.573
NKAPL	NA	1	1662	0.0299425
NKAPP1	NA	4	2420	0.0822554
NKD1	NA	6	8716	0.0342573
NKD2	NA	329	2070	7.90943
NKG7	NA	2	826	0.120495
NKILA	NA	28	2598	0.536338
NKIRAS1	NA	370	1995	9.22951
NKIRAS2	NA	1242	2541	24.3241
NKPD1	NA	8	4687	0.0849405
NKRF	NA	476	3992	5.93384
NKTR	NA	1501	7302	10.2296
NKX1-1	NA	0	1347	0
NKX1-2	NA	3	971	0.153752
NKX2-1	NA	0	2509	0
NKX2-1-AS1	NA	0	1775	0
NKX2-2	NA	0	2080	0
NKX2-3	NA	0	2096	0
NKX2-4	NA	0	1619	0
NKX2-5	NA	0	1961	0
NKX2-6	NA	0	906	0
NKX2-8	NA	0	1803	0
NKX3-1	NA	119	3281	1.80493
NKX3-2	NA	28	2241	0.621779
NKX6-1	NA	0	1116	0
NKX6-2	NA	1	1019	0.0488366
NKX6-3	NA	0	551	0
NLE1	NA	511	2742	9.27413
NLGN1	NA	82	4947	0.824881
NLGN1-AS1	NA	0	814	0
NLGN2	NA	3480	4646	37.2752
NLGN3	NA	45	3985	0.561958
NLGN4X	NA	28	6679	0.208625
NLGN4Y	NA	602	6344	4.72229
NLGN4Y-AS1	NA	3	532	0.280627
NLK	NA	444	3538	6.24518
NLN	NA	1119	8661	6.42957
NLRC3	NA	20	6609	0.150596
NLRC4	NA	31	3517	0.438641
NLRC5	NA	46	6724	0.340447
NLRP1	NA	90	6099	0.734351
NLRP10	NA	2	2020	0.0492718
NLRP11	NA	15	4041	0.184723
NLRP12	NA	8	3866	0.102979
NLRP13	NA	0	3157	0
NLRP14	NA	3	3823	0.0390514
NLRP2	NA	2	3669	0.027127
NLRP3	NA	1	4495	0.0110711
NLRP4	NA	16	3674	0.216721
NLRP5	NA	3	3883	0.038448
NLRP6	NA	4	2763	0.0720441
NLRP7	NA	3	3421	0.0436403
NLRP8	NA	0	3934	0
NLRP9	NA	7	3484	0.0999861
NLRX1	NA	10	4258	0.116873
NMB	NA	57	1030	2.75396
NMBR	NA	0	1354	0
NMD3	NA	1031	2728	18.8076
NME1	NA	3064	1031	147.894
NME1-NME2	NA	6508	1295	250.091
NME2	NA	5856	1244	234.261
NME3	NA	647	1014	31.7531
NME4	NA	2716	2067	65.3896
NME5	NA	0	1226	0
NME6	NA	246	3304	3.70523
NME7	NA	787	1702	23.011
NME8	NA	0	2311	0
NME9	NA	5	2133	0.116654
NMI	NA	2	1479	0.0672948
NMNAT1	NA	312	4395	3.53277
NMNAT2	NA	89	5765	0.768264
NMNAT3	NA	1	2067	0.0240757
NMRAL1	NA	1205	1523	39.3737
NMRK1	NA	69	1450	2.3681
NMRK2	NA	686	1141	29.9198
NMS	NA	0	485	0
NMT1	NA	3306	4897	33.5964
NMT2	NA	670	5061	6.58807
NMU	NA	16	973	0.818327
NMUR1	NA	0	3274	0
NMUR2	NA	0	2064	0
NNAT	NA	10	1302	0.382216
NNMT	NA	7	1578	0.220755
NNT	NA	266	4846	2.7316
NNT-AS1	NA	15	3304	0.225928
NOA1	NA	612	2272	13.4049
NOB1	NA	1697	1775	47.5777
NOBOX	NA	0	2076	0
NOC2L	NA	5163	2800	91.7622
NOC3L	NA	822	3492	11.7143
NOC4L	NA	374	1685	11.0457
NOD1	NA	140	4496	1.54961
NOD2	NA	0	4624	0
NODAL	NA	6	2086	0.143139
NOG	NA	19	1892	0.499749
NOL10	NA	1016	3498	14.4542
NOL11	NA	1125	2624	21.3358
NOL12	NA	288	2840	5.04654
NOL3	NA	274	1896	7.1917
NOL4	NA	2	4623	0.0215291
NOL4L	NA	651	6984	4.6387
NOL6	NA	1343	4853	13.7716
NOL7	NA	787	874	44.8108
NOL8	NA	935	5229	8.89841
NOL9	NA	862	6712	6.39109
NOLC1	NA	4298	3970	53.876
NOM1	NA	750	6077	6.14174
NOMO1	NA	5120	4247	59.9939
NOMO2	NA	8445	4253	98.8152
NOMO3	NA	5063	4316	58.3776
NONO	NA	7373	3218	114.019
NOP10	NA	2202	535	204.825
NOP14	NA	1971	3655	26.8361
NOP14-AS1	NA	432	3866	5.56085
NOP16	NA	859	1902	22.4751
NOP2	NA	2249	2981	37.5446
NOP56	NA	3558	2193	80.7397
NOP58	NA	2218	1965	56.1718
NOP9	NA	1255	6043	10.335
NOS1	NA	0	12534	0
NOS1AP	NA	78	6885	0.563781
NOS2	NA	84	4206	0.99387
NOS3	NA	398	5123	3.86615
NOSIP	NA	1694	1367	61.6687
NOSTRIN	NA	9	2819	0.158879
NOTCH1	NA	1812	9295	9.70127
NOTCH2	NA	2777	11825	11.6868
NOTCH2NL	NA	234	5318	2.18971
NOTCH3	NA	951	8071	5.86371
NOTCH4	NA	25	43362	0.0286913
NOTO	NA	0	1448	0
NOTUM	NA	31	2217	0.69585
NOV	NA	1	2601	0.0191328
NOVA1	NA	32	4291	0.371117
NOVA2	NA	24	1877	0.636307
NOX1	NA	10	2529	0.196775
NOX3	NA	0	2044	0
NOX4	NA	0	5381	0
NOX5	NA	5	3126	0.0795977
NOXA1	NA	34	1633	1.03613
NOXO1	NA	43	1636	1.30799
NOXRED1	NA	13	1856	0.348566
NPAP1	NA	0	8053	0
NPAS1	NA	1399	2043	34.0776
NPAS2	NA	0	4004	0
NPAS3	NA	1	5984	0.00831626
NPAS4	NA	12	3302	0.180852
NPAT	NA	368	5936	3.08513
NPB	NA	51	617	4.11343
NPBWR1	NA	0	987	0
NPBWR2	NA	0	1002	0
NPC1	NA	1951	4814	20.1684
NPC1L1	NA	41	5251	0.388563
NPC2	NA	5123	897	284.218
NPDC1	NA	2445	1528	79.6297
NPEPL1	NA	441	2373	9.24827
NPEPPS	NA	2124	4339	24.3604
NPFF	NA	34	592	2.8581
NPFFR1	NA	0	1311	0
NPFFR2	NA	3	2449	0.060961
NPHP1	NA	188	2750	3.40208
NPHP3	NA	578	5398	5.32862
NPHP3-ACAD11	NA	2058	7788	13.1504
NPHP3-AS1	NA	3	2490	0.0599572
NPHP4	NA	328	5556	2.93786
NPHS1	NA	29	5024	0.287255
NPHS2	NA	1	1874	0.0265552
NPIPA1	NA	1212	1102	54.7319
NPIPA2	NA	1426	2176	32.6122
NPIPA3	NA	1432	2196	32.4512
NPIPA5	NA	2083	1088	95.2752
NPIPA7	NA	1394	1159	59.8548
NPIPA8	NA	1394	1159	59.8548
NPIPB15	NA	80	1388	2.86827
NPIPB3	NA	3533	3620	48.5685
NPIPB5	NA	3597	3816	46.9085
NPIPB6	NA	152	1405	5.38377
NPIPB9	NA	111	1491	3.7048
NPL	NA	21	3166	0.330087
NPLOC4	NA	4403	4665	46.9696
NPM1	NA	14871	1780	415.757
NPM2	NA	3	1721	0.0867481
NPM3	NA	1020	877	57.8789
NPNT	NA	4	4733	0.0420575
NPPA	NA	21	854	1.22372
NPPA-AS1	NA	147	1662	4.40155
NPPB	NA	181	698	12.9045
NPPC	NA	18	701	1.27783
NPR1	NA	9	4185	0.10702
NPR2	NA	18	3430	0.261155
NPR3	NA	0	7597	0
NPRL2	NA	333	1664	9.95888
NPRL3	NA	1180	3177	18.4835
NPS	NA	0	322	0
NPSR1	NA	0	1970	0
NPSR1-AS1	NA	0	6188	0
NPTN	NA	1644	2454	33.3386
NPTN-IT1	NA	10	2606	0.190961
NPTX1	NA	15	5437	0.137294
NPTX2	NA	13	2713	0.238459
NPTXR	NA	2134	5815	18.2627
NPVF	NA	1	1188	0.0418893
NPW	NA	9	1016	0.440827
NPY	NA	0	560	0
NPY1R	NA	0	2958	0
NPY2R	NA	4	3628	0.0548671
NPY4R	NA	0	1956	0
NPY5R	NA	0	1843	0
NPY6R	NA	0	2987	0
NQO1	NA	2436	2629	46.1112
NQO2	NA	1879	1787	52.3265
NR0B1	NA	1	1585	0.0313972
NR0B2	NA	1	1271	0.0391538
NR1D1	NA	69	2775	1.23739
NR1D2	NA	350	5498	3.16798
NR1H2	NA	382	2090	9.09571
NR1H3	NA	222	2315	4.77223
NR1H4	NA	0	2589	0
NR1I2	NA	0	4560	0
NR1I3	NA	107	1408	3.78182
NR2C1	NA	1298	4533	14.2498
NR2C2	NA	810	8481	4.75289
NR2C2AP	NA	624	1303	23.832
NR2E1	NA	14	3352	0.207847
NR2E3	NA	9	2813	0.159218
NR2F1	NA	3610	3726	48.2152
NR2F1-AS1	NA	375	6748	2.76551
NR2F2	NA	1376	6110	11.2072
NR2F2-AS1	NA	16	1836	0.433678
NR2F6	NA	2830	1804	78.0674
NR3C1	NA	1	9455	0.0052633
NR3C2	NA	1	5898	0.00843752
NR4A1	NA	704	3942	8.88742
NR4A2	NA	1	3531	0.0140936
NR4A3	NA	22	6311	0.173478
NR5A1	NA	11	3095	0.176869
NR5A2	NA	0	5225	0
NR6A1	NA	658	7064	4.63548
NRADDP	NA	5	1012	0.245872
NRAP	NA	0	5535	0
NRARP	NA	73	2621	1.38604
NRAS	NA	2172	4454	24.2677
NRAV	NA	358	1897	9.39151
NRBF2	NA	664	1901	17.3822
NRBP1	NA	2056	2199	46.5283
NRBP2	NA	2083	3723	27.843
NRCAM	NA	2	6685	0.0148884
NRD1	NA	5352	4082	65.2473
NRDE2	NA	557	4010	6.91242
NREP	NA	8	3408	0.116818
NREP-AS1	NA	0	610	0
NRF1	NA	362	3693	4.87808
NRG1	NA	52	7788	0.332274
NRG1-IT1	NA	0	630	0
NRG1-IT3	NA	0	505	0
NRG2	NA	49	4004	0.609006
NRG3	NA	0	4198	0
NRG3-AS1	NA	0	490	0
NRG4	NA	87	2181	1.9851
NRGN	NA	457	1218	18.6719
NRIP1	NA	1558	7556	10.2611
NRIP2	NA	27	2777	0.483846
NRIP3	NA	0	3809	0
NRIR	NA	0	832	0
NRK	NA	0	8062	0
NRL	NA	85	1974	2.14285
NRM	NA	579	12769	2.25653
NRN1	NA	0	2622	0
NRN1L	NA	14	633	1.10064
NRON	NA	1	2730	0.0182288
NRP1	NA	709	5914	5.96602
NRP2	NA	24	7719	0.154728
NRROS	NA	679	2553	13.2354
NRSN1	NA	0	2408	0
NRSN2	NA	1491	2386	31.0976
NRSN2-AS1	NA	79	1394	2.82023
NRTN	NA	56	1104	2.52429
NRXN1	NA	2	10626	0.00936655
NRXN2	NA	82	7400	0.551444
NRXN3	NA	0	14380	0
NSA2	NA	1033	1503	34.2027
NSD1	NA	2032	13059	7.74343
NSDHL	NA	936	1630	28.5764
NSF	NA	1086	5563	9.71495
NSFL1C	NA	2545	3574	35.4367
NSFP1	NA	141	2348	2.98841
NSG1	NA	1311	2806	23.2506
NSL1	NA	663	13220	2.49575
NSMAF	NA	996	3782	13.1056
NSMCE1	NA	630	1062	29.5213
NSMCE2	NA	378	1212	15.5206
NSMCE4A	NA	952	1405	33.7194
NSMF	NA	3042	3654	41.4296
NSRP1	NA	757	2515	14.9788
NSUN2	NA	2952	3372	43.5661
NSUN3	NA	59	1435	2.04607
NSUN4	NA	412	5799	3.5356
NSUN5	NA	1858	2447	37.786
NSUN5P1	NA	1192	2048	28.9645
NSUN5P2	NA	1185	1767	33.3735
NSUN6	NA	271	2570	5.24754
NSUN7	NA	0	3698	0
NT5C	NA	587	1037	28.1695
NT5C1A	NA	0	1107	0
NT5C1B	NA	9	2927	0.153017
NT5C1B-RDH14	NA	424	2988	7.06163
NT5C2	NA	3537	3534	49.8067
NT5C3A	NA	361	2140	8.39485
NT5C3B	NA	1541	1646	46.59
NT5DC1	NA	655	3129	10.4173
NT5DC2	NA	5460	2360	115.133
NT5DC3	NA	499	7214	3.44226
NT5E	NA	49	4068	0.599425
NT5M	NA	48	1588	1.50422
NTAN1	NA	974	1219	39.7626
NTF3	NA	0	1397	0
NTF4	NA	226	999	11.258
NTHL1	NA	184	1067	8.58169
NTM	NA	234	4185	2.78253
NTM-IT	NA	0	764	0
NTMT1	NA	1397	2063	33.699
NTN1	NA	301	5954	2.51581
NTN3	NA	4	1986	0.100231
NTN4	NA	650	3615	8.94797
NTN5	NA	15	1910	0.390821
NTNG1	NA	587	3477	8.40143
NTNG2	NA	17	3091	0.273697
NTPCR	NA	746	902	41.1578
NTRK1	NA	6	2857	0.104511
NTRK2	NA	3	20458	0.00729756
NTRK3	NA	2	5238	0.0190013
NTRK3-AS1	NA	0	2663	0
NTS	NA	1	1239	0.040165
NTSR1	NA	6	4132	0.0722621
NTSR2	NA	1	1608	0.0309481
NUAK1	NA	1706	6821	12.4466
NUAK2	NA	1201	3437	17.3893
NUB1	NA	740	3173	11.606
NUBP1	NA	320	1287	12.3735
NUBP2	NA	1019	1581	32.0746
NUBPL	NA	176	3403	2.57377
NUCB1	NA	3258	2579	62.8665
NUCB1-AS1	NA	207	433	23.7904
NUCB2	NA	374	1612	11.5459
NUCKS1	NA	9220	6464	70.9822
NUDC	NA	3937	1813	108.066
NUDCD1	NA	608	4082	7.41225
NUDCD2	NA	386	948	20.2628
NUDCD3	NA	1204	4917	12.1856
NUDT1	NA	221	838	13.124
NUDT10	NA	1	2075	0.0239829
NUDT11	NA	65	2396	1.35004
NUDT12	NA	228	3500	3.2418
NUDT13	NA	22	2296	0.476837
NUDT14	NA	715	867	41.0399
NUDT15	NA	1085	2484	21.7369
NUDT16	NA	1377	6777	10.1115
NUDT16L1	NA	984	1420	34.4847
NUDT16P1	NA	5	2364	0.105255
NUDT17	NA	99	1091	4.51575
NUDT18	NA	180	1519	5.89704
NUDT19	NA	630	2967	10.5668
NUDT2	NA	284	1075	13.1471
NUDT21	NA	3076	4407	34.7346
NUDT22	NA	309	1126	13.6565
NUDT3	NA	726	2394	15.0915
NUDT4	NA	4135	5056	40.6994
NUDT4P1	NA	3997	3796	52.3995
NUDT4P2	NA	3997	3833	51.8937
NUDT5	NA	2918	1204	120.609
NUDT6	NA	463	1373	16.7815
NUDT7	NA	97	1326	3.64039
NUDT8	NA	83	816	5.06183
NUDT9	NA	1419	2816	25.0766
NUDT9P1	NA	0	1077	0
NUF2	NA	315	1989	7.88125
NUFIP1	NA	337	3487	4.80947
NUFIP2	NA	2133	10880	9.75622
NUGGC	NA	1	3887	0.0128028
NUMA1	NA	4438	7585	29.1173
NUMB	NA	1677	3644	22.902
NUMBL	NA	818	3649	11.1558
NUP107	NA	714	3124	11.3738
NUP133	NA	1583	4170	18.8914
NUP153	NA	1345	6030	11.1
NUP155	NA	746	4747	7.82058
NUP160	NA	1221	5383	11.2878
NUP188	NA	1938	5695	16.9348
NUP205	NA	1642	6265	13.0428
NUP210	NA	2740	7208	18.9171
NUP210L	NA	3	5882	0.0253814
NUP210P1	NA	0	876	0
NUP214	NA	1097	7600	7.18311
NUP35	NA	210	2006	5.20964
NUP37	NA	1008	1205	41.6287
NUP43	NA	1072	3873	13.7742
NUP50	NA	2220	5501	20.0831
NUP50-AS1	NA	440	1518	14.4245
NUP54	NA	961	2557	18.703
NUP62	NA	2684	3619	36.9074
NUP62CL	NA	0	1762	0
NUP85	NA	888	2363	18.7012
NUP88	NA	1404	2495	28.0037
NUP93	NA	1843	3716	24.6814
NUP98	NA	2806	7759	17.9971
NUPL1	NA	772	4335	8.86233
NUPL2	NA	516	1797	14.2896
NUPR1	NA	4716	912	257.335
NUPR1L	NA	0	600	0
NUS1	NA	1561	4807	16.1603
NUSAP1	NA	2035	2454	41.2676
NUTF2	NA	3089	886	173.502
NUTM1	NA	0	4196	0
NUTM2A	NA	140	3288	2.11893
NUTM2A-AS1	NA	224	822	13.5611
NUTM2B	NA	123	3292	1.85937
NUTM2B-AS1	NA	465	5206	4.44497
NUTM2D	NA	89	5543	0.799033
NUTM2F	NA	5	2561	0.0971583
NUTM2G	NA	23	5249	0.218057
NVL	NA	917	3006	15.181
NWD1	NA	2	8403	0.0118445
NWD2	NA	0	7477	0
NXF1	NA	2281	4147	27.3723
NXF2	NA	0	2401	0
NXF2B	NA	0	2401	0
NXF3	NA	21	1895	0.55148
NXF4	NA	0	3615	0
NXF5	NA	0	2062	0
NXN	NA	4691	3121	74.7982
NXNL1	NA	3	908	0.16442
NXNL2	NA	39	1630	1.19068
NXPE1	NA	0	1925	0
NXPE2	NA	0	1778	0
NXPE3	NA	833	9053	4.57902
NXPE4	NA	0	2163	0
NXPH1	NA	1	2921	0.0170368
NXPH2	NA	0	2560	0
NXPH3	NA	513	5552	4.5982
NXPH4	NA	38	1804	1.04825
NXT1	NA	524	1117	23.3452
NXT2	NA	87	2966	1.45971
NYAP1	NA	754	3583	10.4723
NYAP2	NA	0	4590	0
NYNRIN	NA	4040	7857	25.5885
NYX	NA	1	2629	0.0189291
OACYLP	NA	0	591	0
OAF	NA	634	1862	16.9445
OARD1	NA	367	1174	15.5567
OAS1	NA	1	1989	0.0250199
OAS2	NA	2	6169	0.0161337
OAS3	NA	147	6639	1.10188
OASL	NA	1	2085	0.0238679
OAT	NA	2071	2092	49.2649
OAZ1	NA	8327	1181	350.88
OAZ2	NA	1572	1934	40.4497
OAZ3	NA	172	1172	7.30332
OBFC1	NA	403	6481	3.09444
OBP2A	NA	0	754	0
OBP2B	NA	0	1068	0
OBSCN	NA	683	28628	1.18727
OBSL1	NA	2776	7275	18.9892
OC90	NA	0	1782	0
OCA2	NA	88	3140	1.39467
OCEL1	NA	228	1133	10.0144
OCIAD1	NA	2331	2332	49.7432
OCIAD2	NA	15	825	0.904809
OCLM	NA	0	884	0
OCLN	NA	910	6576	6.88651
OCM	NA	1	696	0.0715007
OCM2	NA	0	587	0
OCRL	NA	1173	5154	11.3259
OCSTAMP	NA	1	1958	0.025416
ODAM	NA	0	1288	0
ODC1	NA	7432	2626	140.841
ODF1	NA	1	994	0.0500649
ODF2	NA	976	4861	9.9918
ODF2L	NA	573	6471	4.40659
ODF3	NA	0	1284	0
ODF3B	NA	4	970	0.205214
ODF3L1	NA	19	1193	0.792561
ODF3L2	NA	12	1604	0.372303
ODF4	NA	1	1149	0.0433111
OFD1	NA	522	3651	7.11506
OGDH	NA	2635	4840	27.0929
OGDHL	NA	651	3762	8.61156
OGFOD1	NA	1285	3020	21.1746
OGFOD2	NA	359	2789	6.40568
OGFOD3	NA	812	4513	8.95386
OGFR	NA	1399	2420	28.7688
OGFR-AS1	NA	10	668	0.744977
OGFRL1	NA	38	1740	1.08681
OGFRP1	NA	8	1242	0.320544
OGG1	NA	413	2841	7.23433
OGN	NA	1	3067	0.0162258
OGT	NA	2802	5482	25.436
OIP5	NA	294	1236	11.8372
OIP5-AS1	NA	570	1894	14.9766
OIT3	NA	1	2393	0.0207959
OLA1	NA	2711	4356	30.9714
OLAH	NA	54	1834	1.46526
OLFM1	NA	45	3855	0.580908
OLFM2	NA	471	2314	10.1292
OLFM3	NA	0	4500	0
OLFM4	NA	0	2919	0
OLFML1	NA	508	2903	8.70836
OLFML2A	NA	527	6752	3.88417
OLFML2B	NA	117	3774	1.54278
OLFML3	NA	91	2113	2.14319
OLIG1	NA	0	2279	0
OLIG2	NA	0	2514	0
OLIG3	NA	0	2196	0
OLMALINC	NA	67	988	3.37472
OLR1	NA	43	2516	0.850506
OMA1	NA	167	1934	4.29714
OMD	NA	0	2542	0
OMG	NA	3	1895	0.0787828
OMP	NA	0	492	0
ONECUT1	NA	0	2407	0
ONECUT2	NA	6	16122	0.0185205
ONECUT3	NA	0	1485	0
OOEP	NA	1	677	0.0735074
OOSP1	NA	0	1163	0
OOSP2	NA	0	1632	0
OPA1	NA	1410	6493	10.8067
OPA1-AS1	NA	0	502	0
OPA3	NA	945	9563	4.91765
OPALIN	NA	1	4009	0.0124132
OPCML	NA	4	6545	0.0304137
OPHN1	NA	115	7531	0.759915
OPLAH	NA	3	4031	0.0370363
OPN1LW	NA	0	1261	0
OPN1MW	NA	0	3996	0
OPN1MW2	NA	0	2566	0
OPN1SW	NA	23	1098	1.04243
OPN3	NA	317	2632	5.99367
OPN4	NA	0	2405	0
OPN5	NA	2	3777	0.0263513
OPRD1	NA	0	1774	0
OPRK1	NA	0	5196	0
OPRL1	NA	74	3604	1.0218
OPRM1	NA	0	19723	0
OPTC	NA	2	1444	0.0689259
OPTN	NA	1793	3597	24.8062
OR10A2	NA	0	912	0
OR10A3	NA	3	945	0.157983
OR10A4	NA	0	995	0
OR10A5	NA	0	954	0
OR10A6	NA	3	945	0.157983
OR10A7	NA	0	951	0
OR10AD1	NA	0	954	0
OR10AG1	NA	0	906	0
OR10C1	NA	0	4659	0
OR10G2	NA	0	1105	0
OR10G3	NA	0	942	0
OR10G4	NA	0	936	0
OR10G7	NA	0	936	0
OR10G8	NA	0	936	0
OR10G9	NA	0	936	0
OR10H1	NA	2	1120	0.0888652
OR10H2	NA	0	1029	0
OR10H3	NA	0	951	0
OR10H4	NA	0	951	0
OR10H5	NA	1	948	0.0524942
OR10J1	NA	0	1089	0
OR10J3	NA	0	990	0
OR10J5	NA	0	930	0
OR10K1	NA	0	942	0
OR10K2	NA	0	939	0
OR10P1	NA	0	942	0
OR10Q1	NA	0	1037	0
OR10R2	NA	0	1008	0
OR10S1	NA	0	996	0
OR10T2	NA	0	945	0
OR10V1	NA	0	930	0
OR10V2P	NA	0	770	0
OR10W1	NA	0	1469	0
OR10X1	NA	0	981	0
OR10Z1	NA	0	942	0
OR11A1	NA	3	9419	0.0158502
OR11G2	NA	0	1038	0
OR11H1	NA	0	981	0
OR11H12	NA	0	981	0
OR11H2	NA	0	1085	0
OR11H4	NA	0	975	0
OR11H6	NA	0	993	0
OR11L1	NA	0	969	0
OR12D2	NA	0	4461	0
OR12D3	NA	2	7799	0.0127618
OR13A1	NA	0	2078	0
OR13C2	NA	0	957	0
OR13C3	NA	0	1044	0
OR13C4	NA	0	957	0
OR13C5	NA	0	957	0
OR13C8	NA	0	963	0
OR13C9	NA	0	957	0
OR13D1	NA	0	1041	0
OR13F1	NA	0	960	0
OR13G1	NA	0	924	0
OR13H1	NA	0	927	0
OR13J1	NA	1	939	0.0529973
OR14A16	NA	0	930	0
OR14C36	NA	0	939	0
OR14I1	NA	0	936	0
OR14J1	NA	0	4050	0
OR1A1	NA	0	930	0
OR1A2	NA	0	932	0
OR1B1	NA	0	957	0
OR1C1	NA	0	945	0
OR1D2	NA	0	939	0
OR1D4	NA	0	590	0
OR1D5	NA	0	939	0
OR1E1	NA	0	945	0
OR1E2	NA	0	972	0
OR1F1	NA	10	939	0.529973
OR1F2P	NA	4	985	0.202089
OR1G1	NA	0	942	0
OR1I1	NA	0	1068	0
OR1J1	NA	0	969	0
OR1J2	NA	0	942	0
OR1J4	NA	0	942	0
OR1K1	NA	0	951	0
OR1L1	NA	0	933	0
OR1L3	NA	0	975	0
OR1L4	NA	0	936	0
OR1L6	NA	0	936	0
OR1L8	NA	0	930	0
OR1M1	NA	0	942	0
OR1N1	NA	0	936	0
OR1N2	NA	0	993	0
OR1Q1	NA	0	945	0
OR1S1	NA	0	978	0
OR1S2	NA	0	978	0
OR2A1	NA	0	933	0
OR2A1-AS1	NA	0	946	0
OR2A12	NA	0	933	0
OR2A14	NA	0	933	0
OR2A2	NA	0	957	0
OR2A20P	NA	0	930	0
OR2A25	NA	0	933	0
OR2A4	NA	0	1758	0
OR2A42	NA	0	933	0
OR2A5	NA	0	936	0
OR2A7	NA	0	933	0
OR2A9P	NA	0	985	0
OR2AE1	NA	0	972	0
OR2AG1	NA	0	998	0
OR2AG2	NA	0	951	0
OR2AK2	NA	0	1008	0
OR2AP1	NA	0	930	0
OR2AT4	NA	0	963	0
OR2B11	NA	0	954	0
OR2B2	NA	0	1212	0
OR2B3	NA	3	4563	0.0327183
OR2B6	NA	3	942	0.158486
OR2C1	NA	0	1036	0
OR2C3	NA	0	2742	0
OR2D2	NA	1	927	0.0536834
OR2D3	NA	0	993	0
OR2F1	NA	0	1089	0
OR2F2	NA	0	954	0
OR2G2	NA	0	954	0
OR2G3	NA	0	930	0
OR2G6	NA	0	951	0
OR2H1	NA	3	13076	0.0114174
OR2H2	NA	0	3672	0
OR2J2	NA	0	4303	0
OR2J3	NA	32	4575	0.34808
OR2K2	NA	0	951	0
OR2L13	NA	0	2046	0
OR2L1P	NA	0	925	0
OR2L2	NA	0	1134	0
OR2L3	NA	0	939	0
OR2L5	NA	0	939	0
OR2L8	NA	0	939	0
OR2M1P	NA	0	645	0
OR2M2	NA	0	1044	0
OR2M3	NA	0	939	0
OR2M4	NA	0	936	0
OR2M5	NA	0	939	0
OR2M7	NA	0	939	0
OR2S2	NA	0	1047	0
OR2T1	NA	0	1110	0
OR2T10	NA	0	939	0
OR2T11	NA	0	951	0
OR2T12	NA	0	963	0
OR2T2	NA	0	975	0
OR2T27	NA	0	954	0
OR2T29	NA	0	948	0
OR2T3	NA	0	957	0
OR2T33	NA	0	963	0
OR2T34	NA	0	957	0
OR2T35	NA	0	972	0
OR2T4	NA	0	1047	0
OR2T5	NA	0	948	0
OR2T6	NA	0	927	0
OR2T8	NA	0	939	0
OR2V1	NA	0	948	0
OR2V2	NA	0	948	0
OR2W1	NA	0	4005	0
OR2W3	NA	0	945	0
OR2W5	NA	0	1342	0
OR2Y1	NA	0	936	0
OR2Z1	NA	0	1056	0
OR3A1	NA	0	948	0
OR3A2	NA	0	1085	0
OR3A3	NA	0	966	0
OR3A4P	NA	0	1202	0
OR4A15	NA	0	1035	0
OR4A16	NA	0	987	0
OR4A47	NA	0	930	0
OR4A5	NA	0	1071	0
OR4B1	NA	0	930	0
OR4C11	NA	0	1045	0
OR4C12	NA	0	1063	0
OR4C13	NA	0	1029	0
OR4C15	NA	0	1113	0
OR4C16	NA	0	933	0
OR4C3	NA	0	990	0
OR4C45	NA	0	919	0
OR4C46	NA	0	930	0
OR4C6	NA	0	930	0
OR4D1	NA	0	933	0
OR4D10	NA	0	936	0
OR4D11	NA	0	936	0
OR4D2	NA	0	924	0
OR4D5	NA	0	957	0
OR4D6	NA	0	945	0
OR4D9	NA	0	945	0
OR4E2	NA	0	942	0
OR4F13P	NA	0	2054	0
OR4F15	NA	0	939	0
OR4F16	NA	65	1878	1.72241
OR4F17	NA	1	918	0.0542097
OR4F21	NA	9	939	0.476976
OR4F29	NA	65	1878	1.72241
OR4F3	NA	65	1878	1.72241
OR4F4	NA	1	918	0.0542097
OR4F5	NA	0	918	0
OR4F6	NA	0	939	0
OR4K1	NA	1	1076	0.0462495
OR4K13	NA	0	915	0
OR4K14	NA	0	933	0
OR4K15	NA	0	1047	0
OR4K17	NA	0	1032	0
OR4K2	NA	0	945	0
OR4K5	NA	0	972	0
OR4L1	NA	0	939	0
OR4M1	NA	0	942	0
OR4M2	NA	0	1084	0
OR4N2	NA	1	1008	0.0493695
OR4N3P	NA	0	934	0
OR4N4	NA	0	1434	0
OR4N5	NA	0	927	0
OR4P4	NA	0	939	0
OR4Q3	NA	0	942	0
OR4S1	NA	0	930	0
OR4S2	NA	0	936	0
OR4X1	NA	0	918	0
OR4X2	NA	0	912	0
OR51A2	NA	0	942	0
OR51A4	NA	0	942	0
OR51A7	NA	0	939	0
OR51B2	NA	0	1055	0
OR51B4	NA	0	933	0
OR51B5	NA	0	1934	0
OR51B6	NA	0	939	0
OR51D1	NA	0	1124	0
OR51E1	NA	0	3104	0
OR51E2	NA	0	2785	0
OR51F1	NA	0	939	0
OR51F2	NA	0	1029	0
OR51G1	NA	0	966	0
OR51G2	NA	0	945	0
OR51I1	NA	0	1012	0
OR51I2	NA	0	1070	0
OR51L1	NA	0	948	0
OR51M1	NA	0	1058	0
OR51Q1	NA	0	1096	0
OR51S1	NA	0	972	0
OR51T1	NA	0	1065	0
OR51V1	NA	0	966	0
OR52A1	NA	0	939	0
OR52A5	NA	0	951	0
OR52B2	NA	0	972	0
OR52B4	NA	0	1124	0
OR52B6	NA	0	1008	0
OR52D1	NA	0	1064	0
OR52E2	NA	0	978	0
OR52E4	NA	0	939	0
OR52E6	NA	0	942	0
OR52E8	NA	0	954	0
OR52H1	NA	0	963	0
OR52I1	NA	0	975	0
OR52I2	NA	0	1115	0
OR52J3	NA	0	936	0
OR52K1	NA	0	1030	0
OR52K2	NA	2	1067	0.0932793
OR52L1	NA	0	1094	0
OR52M1	NA	0	954	0
OR52N1	NA	0	963	0
OR52N2	NA	0	966	0
OR52N4	NA	0	1037	0
OR52N5	NA	0	1034	0
OR52R1	NA	0	948	0
OR52W1	NA	0	963	0
OR56A1	NA	0	1071	0
OR56A3	NA	0	948	0
OR56A4	NA	0	1098	0
OR56A5	NA	0	942	0
OR56B1	NA	0	1091	0
OR56B4	NA	1	1152	0.0431983
OR5A1	NA	0	948	0
OR5A2	NA	0	975	0
OR5AC2	NA	0	930	0
OR5AK2	NA	0	930	0
OR5AK4P	NA	0	927	0
OR5AN1	NA	0	936	0
OR5AP2	NA	0	951	0
OR5AR1	NA	0	933	0
OR5AS1	NA	0	975	0
OR5AU1	NA	0	1089	0
OR5B12	NA	0	1054	0
OR5B17	NA	0	945	0
OR5B2	NA	0	1049	0
OR5B21	NA	0	930	0
OR5B3	NA	0	945	0
OR5C1	NA	2	963	0.103353
OR5D13	NA	0	945	0
OR5D14	NA	0	945	0
OR5D16	NA	0	987	0
OR5D18	NA	0	942	0
OR5E1P	NA	4	521	0.382069
OR5F1	NA	0	945	0
OR5H1	NA	1	942	0.0528286
OR5H14	NA	1	933	0.0533382
OR5H15	NA	1	942	0.0528286
OR5H2	NA	0	945	0
OR5H6	NA	0	978	0
OR5I1	NA	0	945	0
OR5J2	NA	0	939	0
OR5K1	NA	0	1097	0
OR5K2	NA	1	951	0.0523286
OR5K3	NA	0	966	0
OR5K4	NA	0	966	0
OR5L1	NA	0	936	0
OR5L2	NA	0	936	0
OR5M1	NA	0	948	0
OR5M10	NA	0	948	0
OR5M11	NA	0	918	0
OR5M3	NA	0	1051	0
OR5M8	NA	0	936	0
OR5M9	NA	0	933	0
OR5P2	NA	1	969	0.0513565
OR5P3	NA	3	936	0.159502
OR5R1	NA	0	975	0
OR5T1	NA	0	981	0
OR5T2	NA	0	1080	0
OR5T3	NA	0	1023	0
OR5V1	NA	1	4379	0.0113644
OR5W2	NA	0	933	0
OR6A2	NA	0	1384	0
OR6B1	NA	0	936	0
OR6B2	NA	0	939	0
OR6B3	NA	0	996	0
OR6C1	NA	0	939	0
OR6C2	NA	0	939	0
OR6C3	NA	0	936	0
OR6C4	NA	0	930	0
OR6C6	NA	0	945	0
OR6C65	NA	0	939	0
OR6C68	NA	0	939	0
OR6C70	NA	0	939	0
OR6C74	NA	0	939	0
OR6C75	NA	0	939	0
OR6C76	NA	0	939	0
OR6F1	NA	0	927	0
OR6K2	NA	0	975	0
OR6K3	NA	0	948	0
OR6K6	NA	0	1032	0
OR6M1	NA	0	942	0
OR6N1	NA	0	939	0
OR6N2	NA	0	954	0
OR6P1	NA	0	954	0
OR6Q1	NA	0	954	0
OR6S1	NA	0	996	0
OR6T1	NA	0	972	0
OR6V1	NA	0	942	0
OR6W1P	NA	0	1502	0
OR6X1	NA	0	939	0
OR6Y1	NA	0	978	0
OR7A10	NA	0	930	0
OR7A17	NA	0	930	0
OR7A5	NA	0	2138	0
OR7C1	NA	0	963	0
OR7C2	NA	0	960	0
OR7D2	NA	1	3224	0.0154356
OR7D4	NA	0	1022	0
OR7E12P	NA	52	1209	2.14041
OR7E14P	NA	18	1159	0.772874
OR7E156P	NA	3	2647	0.056401
OR7E24	NA	0	1020	0
OR7E2P	NA	1	1024	0.0485981
OR7E37P	NA	60	1203	2.48202
OR7E47P	NA	0	2010	0
OR7E5P	NA	0	1833	0
OR7E91P	NA	0	1230	0
OR7G1	NA	0	936	0
OR7G2	NA	0	1038	0
OR7G3	NA	0	939	0
OR8A1	NA	0	981	0
OR8B12	NA	0	933	0
OR8B2	NA	0	942	0
OR8B3	NA	0	942	0
OR8B4	NA	0	930	0
OR8B8	NA	0	936	0
OR8D1	NA	0	927	0
OR8D2	NA	0	936	0
OR8D4	NA	0	945	0
OR8G1	NA	0	933	0
OR8G2	NA	0	1025	0
OR8G5	NA	0	1041	0
OR8H1	NA	0	936	0
OR8H2	NA	0	939	0
OR8H3	NA	0	939	0
OR8I2	NA	0	933	0
OR8J1	NA	0	1074	0
OR8J3	NA	0	948	0
OR8K1	NA	0	960	0
OR8K3	NA	0	939	0
OR8K5	NA	0	924	0
OR8S1	NA	2	1080	0.0921565
OR8U1	NA	0	930	0
OR8U8	NA	0	866	0
OR9A2	NA	0	933	0
OR9A4	NA	0	945	0
OR9G1	NA	0	918	0
OR9G4	NA	0	984	0
OR9G9	NA	0	918	0
OR9I1	NA	0	945	0
OR9K2	NA	0	1008	0
OR9Q1	NA	0	2438	0
OR9Q2	NA	0	1085	0
ORAI1	NA	1513	1502	50.1289
ORAI2	NA	1890	10811	8.69993
ORAI3	NA	967	2188	21.9937
ORAOV1	NA	446	2527	8.78313
ORC1	NA	448	3169	7.03518
ORC2	NA	726	3652	9.89294
ORC3	NA	557	2572	10.7771
ORC4	NA	952	7039	6.73047
ORC5	NA	514	2255	11.3432
ORC6	NA	678	1687	20.0002
ORM1	NA	0	839	0
ORM2	NA	0	844	0
ORMDL1	NA	1055	2182	24.0612
ORMDL2	NA	875	1334	32.6416
ORMDL3	NA	1455	2139	33.851
OS9	NA	3145	2862	54.6853
OSBP	NA	3659	5083	35.823
OSBP2	NA	268	5227	2.55154
OSBPL10	NA	2525	4213	29.8256
OSBPL10-AS1	NA	0	544	0
OSBPL11	NA	424	4638	4.54941
OSBPL1A	NA	1474	4866	15.0746
OSBPL2	NA	786	4100	9.54022
OSBPL3	NA	1304	7185	9.03172
OSBPL5	NA	280	3887	3.58478
OSBPL6	NA	122	7457	0.81417
OSBPL7	NA	556	3656	7.56812
OSBPL8	NA	1710	7241	11.7521
OSBPL9	NA	2846	4258	33.262
OSCAR	NA	13	2063	0.313591
OSCP1	NA	189	1665	5.64894
OSER1	NA	765	2242	16.9803
OSER1-AS1	NA	70	1851	1.88196
OSGEP	NA	528	1625	16.1696
OSGEPL1	NA	56	2316	1.20329
OSGEPL1-AS1	NA	9	915	0.489487
OSGIN1	NA	302	1940	7.74684
OSGIN2	NA	953	4503	10.532
OSM	NA	2	1853	0.0537124
OSMR	NA	2	6147	0.0161915
OSMR-AS1	NA	0	657	0
OSR1	NA	38	1894	0.998443
OSR2	NA	316	2126	7.39679
OST4	NA	3756	485	385.393
OSTC	NA	1665	1152	71.9252
OSTCP1	NA	38	1186	1.59448
OSTF1	NA	103	1313	3.90384
OSTM1	NA	1241	4467	13.8253
OSTN	NA	3	402	0.371377
OTC	NA	0	1647	0
OTOA	NA	10	3809	0.13065
OTOF	NA	30	7449	0.200421
OTOG	NA	1	8839	0.0056301
OTOGL	NA	6	8083	0.0369401
OTOL1	NA	0	1434	0
OTOP1	NA	0	1869	0
OTOP2	NA	1	2147	0.0231786
OTOP3	NA	0	2433	0
OTOR	NA	1	1482	0.0335793
OTOS	NA	0	566	0
OTP	NA	2	2678	0.0371654
OTUB1	NA	2783	2502	55.3536
OTUB2	NA	94	3873	1.20781
OTUD1	NA	86	3113	1.3748
OTUD3	NA	1168	6514	8.92308
OTUD4	NA	882	7434	5.90426
OTUD5	NA	2437	3080	39.3753
OTUD6A	NA	0	1689	0
OTUD6B	NA	185	3438	2.67785
OTUD6B-AS1	NA	366	6008	3.03159
OTUD7A	NA	9	3042	0.147232
OTUD7B	NA	784	6415	6.0819
OTULIN	NA	350	7896	2.20587
OTX1	NA	103	3067	1.67126
OTX2	NA	2310	2447	46.9783
OTX2-AS1	NA	21	2427	0.430595
OVAAL	NA	3	1491	0.10013
OVCA2	NA	1280	1076	59.1994
OVCH1	NA	0	3420	0
OVCH1-AS1	NA	2	1726	0.0576645
OVCH2	NA	49	1729	1.41033
OVGP1	NA	27	2242	0.599305
OVOL1	NA	11	3022	0.181141
OVOL1-AS1	NA	1	544	0.0914789
OVOL2	NA	57	1859	1.52586
OVOL3	NA	6	623	0.479273
OXA1L	NA	4643	1719	134.413
OXCT1	NA	410	3558	5.73453
OXCT1-AS1	NA	3	1726	0.0864968
OXCT2	NA	26	1824	0.709362
OXER1	NA	3	1763	0.0846815
OXGR1	NA	0	2285	0
OXLD1	NA	801	1602	24.8822
OXNAD1	NA	195	3968	2.44558
OXR1	NA	96	5408	0.883393
OXSM	NA	161	1527	5.24694
OXSR1	NA	1829	4523	20.1236
OXT	NA	0	513	0
OXTR	NA	41	4360	0.467969
P2RX1	NA	0	2864	0
P2RX2	NA	15	1969	0.37911
P2RX3	NA	2	1457	0.0683109
P2RX4	NA	429	2114	10.0988
P2RX5	NA	11	2308	0.237179
P2RX5-TAX1BP3	NA	4811	6285	38.0934
P2RX6	NA	23	2744	0.417122
P2RX6P	NA	0	124	0
P2RX7	NA	0	4065	0
P2RY1	NA	0	3108	0
P2RY10	NA	0	1790	0
P2RY11	NA	877	1976	22.0868
P2RY12	NA	0	2398	0
P2RY13	NA	2	2769	0.035944
P2RY14	NA	0	2834	0
P2RY2	NA	1	8936	0.00556899
P2RY4	NA	3	1639	0.0910882
P2RY6	NA	1	3189	0.015605
P2RY8	NA	461	8468	2.70919
P3H1	NA	2243	3105	35.949
P3H2	NA	3872	3934	48.9802
P3H2-AS1	NA	5	730	0.340853
P3H3	NA	893	2671	16.6378
P3H4	NA	746	2602	14.2676
P4HA1	NA	1040	3010	17.1944
P4HA2	NA	1105	2705	20.3289
P4HA2-AS1	NA	169	836	10.06
P4HA3	NA	59	2299	1.27712
P4HB	NA	14402	2578	278.009
P4HTM	NA	3	2282	0.0654222
PA2G4	NA	3847	2626	72.9033
PA2G4P4	NA	1321	2751	23.8964
PAAF1	NA	362	1718	10.4859
PABPC1	NA	26457	2860	460.356
PABPC1L	NA	348	2129	8.13436
PABPC1L2A	NA	2	2175	0.0457605
PABPC1L2B	NA	2	2200	0.0452404
PABPC1L2B-AS1	NA	0	1167	0
PABPC1P2	NA	3	3934	0.0379495
PABPC3	NA	2369	2429	48.5352
PABPC4	NA	4168	3204	64.7373
PABPC4L	NA	60	4943	0.60406
PABPC5	NA	0	3447	0
PABPC5-AS1	NA	0	401	0
PABPN1	NA	4719	3102	75.7056
PABPN1L	NA	2	1307	0.0761507
PACERR	NA	0	793	0
PACRG	NA	7	1810	0.192459
PACRG-AS1	NA	0	2135	0
PACRGL	NA	92	2296	1.99405
PACS1	NA	2999	4493	33.2169
PACS2	NA	1147	6863	8.31704
PACSIN1	NA	2	4498	0.0221274
PACSIN2	NA	2031	3515	28.7544
PACSIN3	NA	1189	2138	27.6754
PADI1	NA	4	3847	0.0517437
PADI2	NA	146	4363	1.66528
PADI3	NA	32	3188	0.499518
PADI4	NA	4	2265	0.0878843
PADI6	NA	0	2396	0
PAEP	NA	7	840	0.414704
PAF1	NA	1921	2357	40.559
PAFAH1B1	NA	3281	5614	29.084
PAFAH1B2	NA	2158	6412	16.7486
PAFAH1B3	NA	840	1232	33.9303
PAFAH2	NA	401	3581	5.57262
PAG1	NA	7	10743	0.0324259
PAGE1	NA	0	664	0
PAGE2	NA	2	501	0.198661
PAGE2B	NA	2	508	0.195923
PAGE3	NA	0	825	0
PAGE4	NA	0	560	0
PAGE5	NA	0	751	0
PAGR1	NA	1434	3825	18.6568
PAH	NA	1	2681	0.0185619
PAICS	NA	5139	3519	72.674
PAIP1	NA	1671	2875	28.924
PAIP2	NA	2216	1664	66.2729
PAIP2B	NA	262	6300	2.06957
PAK1	NA	879	3479	12.5734
PAK1IP1	NA	299	1495	9.9529
PAK2	NA	3005	6139	24.3594
PAK3	NA	1	3279	0.0151767
PAK4	NA	1108	3064	17.9958
PAK6	NA	170	4884	1.73218
PAK7	NA	0	4777	0
PALB2	NA	480	4058	5.88639
PALD1	NA	683	4569	7.43908
PALLD	NA	95	6983	0.677019
PALM	NA	1415	2874	24.5013
PALM2	NA	6	9558	0.0312395
PALM2-AKAP2	NA	48	7518	0.31773
PALM3	NA	1158	2260	25.4988
PALMD	NA	1299	2578	25.0753
PAM	NA	75	5337	0.699332
PAM16	NA	500	584	42.6066
PAMR1	NA	95	3697	1.27877
PAN2	NA	357	5564	3.19301
PAN3	NA	656	5632	5.79643
PAN3-AS1	NA	56	2191	1.27194
PANDAR	NA	214	1506	7.07145
PANK1	NA	491	7171	3.40739
PANK2	NA	826	2463	16.6892
PANK3	NA	745	3387	10.9461
PANK4	NA	600	2679	11.1455
PANO1	NA	27	1675	0.802174
PANX1	NA	240	2768	4.31484
PANX2	NA	122	3103	1.95658
PANX3	NA	0	1599	0
PAOX	NA	194	1945	4.96366
PAPD4	NA	771	3523	10.8908
PAPD5	NA	434	8112	2.66245
PAPD7	NA	741	4087	9.02263
PAPL	NA	0	2961	0
PAPLN	NA	28	5833	0.238883
PAPOLA	NA	3906	8321	23.3602
PAPOLB	NA	3	4257	0.0350701
PAPOLG	NA	407	7386	2.74224
PAPPA	NA	711	10970	3.22539
PAPPA-AS1	NA	295	2449	5.9945
PAPPA2	NA	0	7695	0
PAPSS1	NA	2305	2542	45.1248
PAPSS2	NA	448	3858	5.77877
PAQR3	NA	224	3739	2.98134
PAQR4	NA	1156	2793	20.5971
PAQR5	NA	19	5578	0.16951
PAQR6	NA	227	2400	4.70689
PAQR7	NA	1245	3023	20.4951
PAQR8	NA	1057	4738	11.102
PAQR9	NA	68	2105	1.60759
PAQR9-AS1	NA	3	516	0.289328
PARD3	NA	3197	6133	25.9412
PARD3-AS1	NA	15	337	2.21504
PARD3B	NA	22	8174	0.133939
PARD6A	NA	61	1263	2.40351
PARD6B	NA	344	4615	3.70942
PARD6G	NA	405	3834	5.25681
PARD6G-AS1	NA	13	3737	0.173117
PARG	NA	969	4301	11.2118
PARGP1	NA	188	1448	6.46114
PARK2	NA	33	4073	0.403199
PARK7	NA	3310	961	171.405
PARL	NA	1575	1412	55.5093
PARM1	NA	1	5054	0.00984656
PARN	NA	848	3083	13.6881
PARP1	NA	4953	3985	61.8528
PARP10	NA	214	3518	3.02718
PARP11	NA	262	4679	2.78656
PARP12	NA	69	3796	0.904571
PARP14	NA	1198	7708	7.73454
PARP15	NA	2	5214	0.0190888
PARP16	NA	168	2534	3.2993
PARP2	NA	427	1887	11.261
PARP3	NA	370	2400	7.67203
PARP4	NA	2192	5469	19.9458
PARP6	NA	928	2626	17.5862
PARP8	NA	7	7348	0.0474077
PARP9	NA	373	7975	2.32754
PARPBP	NA	186	3081	3.00428
PARS2	NA	232	2386	4.83879
PART1	NA	6	9499	0.0314335
PARTICL	NA	49	1420	1.71723
PARVA	NA	1876	8719	10.7074
PARVB	NA	539	2172	12.3495
PARVG	NA	13	3759	0.172104
PASD1	NA	1	3250	0.0153122
PASK	NA	485	6224	3.87786
PATE1	NA	0	1508	0
PATE2	NA	0	1637	0
PATE3	NA	0	1336	0
PATE4	NA	0	1986	0
PATL1	NA	1760	4127	21.2226
PATL2	NA	17	1951	0.433622
PATZ1	NA	982	4817	10.1451
PAUPAR	NA	2	2737	0.0363643
PAWR	NA	887	1951	22.6249
PAX1	NA	0	5352	0
PAX2	NA	164	4234	1.92758
PAX3	NA	0	4125	0
PAX4	NA	0	2010	0
PAX5	NA	3	8966	0.0166511
PAX6	NA	191	7351	1.29302
PAX7	NA	0	6313	0
PAX8	NA	15	4055	0.184086
PAX8-AS1	NA	17	4621	0.183076
PAX9	NA	3	3106	0.0480662
PAXBP1	NA	922	4296	10.6804
PAXBP1-AS1	NA	33	3943	0.416492
PAXIP1	NA	744	3712	9.97435
PAXIP1-AS1	NA	133	2271	2.91443
PAXIP1-AS2	NA	249	1769	7.00473
PBDC1	NA	676	1314	25.6018
PBK	NA	785	2150	18.1698
PBLD	NA	71	2854	1.23801
PBOV1	NA	0	2501	0
PBRM1	NA	1033	7574	6.78726
PBX1	NA	2	6903	0.0144182
PBX2	NA	2772	21982	6.27546
PBX3	NA	685	3104	10.9822
PBX4	NA	130	1730	3.73953
PBXIP1	NA	1978	3196	30.7992
PC	NA	453	4241	5.31557
PCA3	NA	0	3735	0
PCAT1	NA	17	1992	0.424697
PCAT18	NA	0	2598	0
PCAT19	NA	0	3472	0
PCAT2	NA	0	575	0
PCAT29	NA	0	864	0
PCAT4	NA	1	2091	0.0237994
PCAT5	NA	0	3550	0
PCAT6	NA	83	764	5.40635
PCAT7	NA	102	1310	3.87479
PCBD1	NA	1073	1412	37.8168
PCBD2	NA	189	2378	3.95521
PCBP1	NA	6337	1750	180.204
PCBP1-AS1	NA	41	2386	0.855132
PCBP2	NA	5203	3171	81.6539
PCBP2-OT1	NA	590	590	49.7645
PCBP3	NA	134	1989	3.35266
PCBP4	NA	3080	2255	67.971
PCCA	NA	347	2564	6.7349
PCCA-AS1	NA	1	463	0.107483
PCCB	NA	716	1876	18.9933
PCDH1	NA	92	5615	0.815376
PCDH10	NA	1	9528	0.00522297
PCDH11X	NA	0	8413	0
PCDH11Y	NA	0	11012	0
PCDH12	NA	21	6562	0.159259
PCDH15	NA	1	12463	0.00399298
PCDH17	NA	0	8009	0
PCDH18	NA	52	5928	0.436531
PCDH19	NA	2	9756	0.0102018
PCDH20	NA	0	4777	0
PCDH7	NA	0	9938	0
PCDH8	NA	0	4003	0
PCDH9	NA	3	6227	0.0239752
PCDH9-AS2	NA	0	538	0
PCDH9-AS3	NA	0	522	0
PCDH9-AS4	NA	0	429	0
PCDHA1	NA	1033	5591	9.19455
PCDHA10	NA	1028	5567	9.18949
PCDHA11	NA	1159	6954	8.29408
PCDHA12	NA	1125	5454	10.265
PCDHA13	NA	1034	5293	9.72161
PCDHA2	NA	1036	6045	8.5287
PCDHA3	NA	1027	5341	9.56902
PCDHA4	NA	1077	5460	9.81618
PCDHA5	NA	1028	5317	9.62157
PCDHA6	NA	1034	5448	9.44502
PCDHA7	NA	1030	5236	9.78943
PCDHA8	NA	1034	5311	9.68866
PCDHA9	NA	1031	9254	5.54433
PCDHAC1	NA	1061	5662	9.32535
PCDHAC2	NA	1110	6126	9.01707
PCDHB1	NA	0	2587	0
PCDHB10	NA	24	3262	0.36614
PCDHB11	NA	5	3271	0.0760692
PCDHB12	NA	16	3408	0.233636
PCDHB13	NA	9	3503	0.127856
PCDHB14	NA	17	3963	0.213474
PCDHB15	NA	12	2885	0.206993
PCDHB16	NA	22	4532	0.241575
PCDHB17P	NA	22	2411	0.454093
PCDHB18P	NA	3	3197	0.046698
PCDHB19P	NA	0	4624	0
PCDHB2	NA	241	2774	4.32345
PCDHB3	NA	52	3582	0.722433
PCDHB4	NA	31	3872	0.398424
PCDHB5	NA	27	2922	0.459836
PCDHB6	NA	12	3266	0.182846
PCDHB7	NA	16	3756	0.211989
PCDHB8	NA	19	2711	0.348774
PCDHB9	NA	36	4411	0.406149
PCDHGA1	NA	190	4653	2.03208
PCDHGA10	NA	197	4734	2.07089
PCDHGA11	NA	191	5298	1.79408
PCDHGA12	NA	189	4813	1.95418
PCDHGA2	NA	189	4916	1.91324
PCDHGA3	NA	189	4671	2.01359
PCDHGA4	NA	191	4887	1.94496
PCDHGA5	NA	189	4623	2.0345
PCDHGA6	NA	191	4638	2.04938
PCDHGA7	NA	189	5063	1.85769
PCDHGA8	NA	189	5669	1.65911
PCDHGA9	NA	189	4668	2.01489
PCDHGB1	NA	189	4614	2.03847
PCDHGB2	NA	191	4617	2.0587
PCDHGB3	NA	189	4757	1.97719
PCDHGB4	NA	189	4593	2.04779
PCDHGB5	NA	189	4638	2.02792
PCDHGB6	NA	189	4644	2.0253
PCDHGB7	NA	219	4966	2.19461
PCDHGB8P	NA	1	1973	0.0252228
PCDHGC3	NA	189	4973	1.89131
PCDHGC4	NA	189	4797	1.9607
PCDHGC5	NA	225	4818	2.324
PCED1A	NA	1523	2403	31.5403
PCED1B	NA	321	2331	6.85303
PCED1B-AS1	NA	7	2502	0.139229
PCF11	NA	681	5912	5.73234
PCGEM1	NA	0	1590	0
PCGF1	NA	344	906	18.8951
PCGF2	NA	1319	2604	25.2071
PCGF3	NA	1056	5665	9.27649
PCGF5	NA	38	8075	0.234186
PCGF6	NA	370	2230	8.25689
PCID2	NA	1087	2677	20.207
PCIF1	NA	430	2697	7.93427
PCK1	NA	1	2685	0.0185343
PCK2	NA	2081	3317	31.221
PCLO	NA	160	22303	0.357007
PCM1	NA	2209	8783	12.5162
PCMT1	NA	1938	1849	52.1599
PCMTD1	NA	344	4394	3.89599
PCMTD2	NA	681	3912	8.66299
PCNA	NA	4683	1442	161.614
PCNA-AS1	NA	732	384	94.8636
PCNAP1	NA	0	1054	0
PCNP	NA	2200	2239	48.8977
PCNT	NA	989	10560	4.66071
PCNX	NA	1793	12919	6.90671
PCNXL2	NA	170	6817	1.24101
PCNXL3	NA	1627	6566	12.3312
PCNXL4	NA	970	3932	12.2766
PCOLCE	NA	1715	1620	52.6828
PCOLCE-AS1	NA	236	2538	4.62743
PCOLCE2	NA	296	2030	7.2563
PCP2	NA	5	836	0.297635
PCP4	NA	0	556	0
PCP4L1	NA	0	1424	0
PCSK1	NA	0	5243	0
PCSK1N	NA	17	1057	0.800375
PCSK2	NA	0	5051	0
PCSK4	NA	158	2703	2.90891
PCSK5	NA	40	12191	0.163283
PCSK6	NA	59	6333	0.46362
PCSK7	NA	1921	3915	24.4183
PCSK9	NA	4	3892	0.0511454
PCTP	NA	281	2290	6.10647
PCYOX1	NA	1405	5377	13.0034
PCYOX1L	NA	423	2567	8.20038
PCYT1A	NA	695	1583	21.8486
PCYT1B	NA	9	5842	0.0766656
PCYT1B-AS1	NA	0	275	0
PCYT2	NA	1126	3901	14.3642
PDAP1	NA	4251	2687	78.7305
PDC	NA	2	1325	0.0751162
PDCD1	NA	5	2112	0.117814
PDCD10	NA	982	1568	31.1663
PDCD11	NA	2119	6416	16.4356
PDCD1LG2	NA	6	2418	0.123485
PDCD2	NA	1436	4443	16.0841
PDCD2L	NA	273	1157	11.7422
PDCD4	NA	1153	3698	15.5161
PDCD4-AS1	NA	180	2015	4.44546
PDCD5	NA	700	604	57.6741
PDCD6	NA	1922	2064	46.3408
PDCD6IP	NA	2193	6646	16.4209
PDCD6IPP2	NA	84	2100	1.99058
PDCD7	NA	871	2851	15.2034
PDCL	NA	533	3085	8.59789
PDCL2	NA	0	861	0
PDCL3	NA	466	1075	21.5723
PDCL3P4	NA	140	983	7.08752
PDDC1	NA	1371	4362	15.6412
PDE10A	NA	3	8323	0.0179375
PDE11A	NA	233	9790	1.18438
PDE12	NA	733	3993	9.13533
PDE1A	NA	1	6263	0.00794579
PDE1B	NA	53	3783	0.697203
PDE1C	NA	6	6906	0.0432359
PDE2A	NA	55	4696	0.582847
PDE3A	NA	1	7610	0.00653936
PDE3B	NA	173	6090	1.41367
PDE4A	NA	465	5869	3.94283
PDE4B	NA	0	5837	0
PDE4C	NA	104	5811	0.89064
PDE4D	NA	49	11192	0.217875
PDE4DIP	NA	872	13477	3.2199
PDE5A	NA	74	7217	0.510264
PDE6A	NA	9	5642	0.0793833
PDE6B	NA	49	3546	0.687665
PDE6C	NA	8	2969	0.134091
PDE6D	NA	757	1971	19.113
PDE6G	NA	17	1023	0.826976
PDE6H	NA	1	747	0.0666191
PDE7A	NA	1014	6844	7.37306
PDE7B	NA	0	5387	0
PDE8A	NA	701	4094	8.52098
PDE8B	NA	48	4404	0.542392
PDE9A	NA	64	2215	1.43789
PDF	NA	731	1158	31.4144
PDGFA	NA	299	2807	5.30088
PDGFB	NA	521	3432	7.55458
PDGFC	NA	629	3069	10.1994
PDGFD	NA	5	3993	0.0623147
PDGFRA	NA	32	6574	0.242237
PDGFRB	NA	1822	5714	15.8682
PDGFRL	NA	400	1905	10.4492
PDHA1	NA	1948	3507	27.6422
PDHA2	NA	1	1387	0.0358792
PDHB	NA	4164	1610	128.708
PDHX	NA	554	2988	9.22675
PDIA2	NA	18	1726	0.518981
PDIA3	NA	8801	3054	143.411
PDIA3P1	NA	6214	2099	147.326
PDIA4	NA	6571	2952	110.773
PDIA5	NA	487	1862	13.0157
PDIA6	NA	8962	3478	128.232
PDIK1L	NA	196	4600	2.1204
PDILT	NA	0	2127	0
PDK1	NA	282	5825	2.4092
PDK2	NA	658	3392	9.65361
PDK3	NA	675	13136	2.55717
PDK4	NA	0	3700	0
PDLIM1	NA	127	1580	4.00006
PDLIM2	NA	575	5860	4.88303
PDLIM3	NA	3198	3040	52.3509
PDLIM4	NA	9	2295	0.195155
PDLIM5	NA	39	9180	0.211418
PDLIM7	NA	7680	2277	167.849
PDP1	NA	510	4452	5.70078
PDP2	NA	419	7030	2.96605
PDPK1	NA	1042	7243	7.15927
PDPN	NA	0	2980	0
PDPR	NA	874	7999	5.43745
PDRG1	NA	1241	1373	44.9801
PDS5A	NA	2569	7594	16.835
PDS5B	NA	526	7498	3.49108
PDSS1	NA	178	1618	5.47471
PDSS2	NA	329	3552	4.60938
PDX1	NA	0	2573	0
PDX1-AS1	NA	0	2002	0
PDXDC1	NA	1833	6334	14.4014
PDXDC2P	NA	411	4182	4.89077
PDXK	NA	2225	7381	15.0015
PDXP	NA	764	2005	18.9626
PDYN	NA	0	3011	0
PDZD11	NA	911	1246	36.3848
PDZD2	NA	125	11642	0.534321
PDZD3	NA	2	2363	0.0421198
PDZD4	NA	495	4191	5.8777
PDZD7	NA	463	4420	5.21289
PDZD8	NA	580	6484	4.45148
PDZD9	NA	3	1331	0.112166
PDZK1	NA	70	2300	1.51457
PDZK1IP1	NA	10	894	0.55665
PDZK1P1	NA	116	4258	1.35573
PDZRN3	NA	6	5361	0.0556961
PDZRN3-AS1	NA	0	2886	0
PDZRN4	NA	0	4094	0
PEA15	NA	4063	2796	72.3151
PEAK1	NA	1272	11817	5.35673
PEAR1	NA	846	4866	8.65203
PEBP1	NA	5888	1491	196.521
PEBP4	NA	0	894	0
PECAM1	NA	3	4453	0.0335265
PECR	NA	41	1874	1.08876
PEF1	NA	1317	2217	29.5624
PEG10	NA	3722	6628	27.9456
PEG3	NA	461	9030	2.54058
PEG3-AS1	NA	53	1314	2.00724
PELI1	NA	254	3767	3.3555
PELI2	NA	10	5696	0.0873674
PELI3	NA	214	2863	3.71974
PELO	NA	864	2921	14.7198
PELP1	NA	3234	3756	42.8483
PEMT	NA	297	1264	11.6931
PENK	NA	0	1414	0
PEPD	NA	1654	2010	40.9505
PER1	NA	926	4709	9.78593
PER2	NA	154	6342	1.20841
PER3	NA	401	6386	3.12489
PER4	NA	0	1548	0
PERM1	NA	127	3454	1.82979
PERP	NA	834	4302	9.64751
PES1	NA	3050	2871	52.8672
PET100	NA	345	429	40.0204
PET117	NA	478	1158	20.5418
PEX1	NA	559	4417	6.29802
PEX10	NA	1040	2074	24.9542
PEX11A	NA	170	2742	3.08533
PEX11B	NA	759	2404	15.7118
PEX11G	NA	55	1139	2.40303
PEX12	NA	113	2683	2.09593
PEX13	NA	627	4515	6.91082
PEX14	NA	618	1926	15.968
PEX16	NA	429	1908	11.1892
PEX19	NA	1825	3669	24.7534
PEX2	NA	325	4541	3.56165
PEX26	NA	1082	4331	12.4325
PEX3	NA	310	2772	5.56529
PEX5	NA	695	4313	8.01909
PEX5L	NA	10	9475	0.0525219
PEX6	NA	583	3498	8.29408
PEX7	NA	74	1482	2.48487
PF4	NA	0	856	0
PF4V1	NA	0	741	0
PFAS	NA	1026	5385	9.48159
PFDN1	NA	3201	1324	120.314
PFDN2	NA	926	642	71.7787
PFDN4	NA	788	1346	29.134
PFDN5	NA	2289	687	165.809
PFDN6	NA	754	3665	10.238
PFKFB1	NA	11	1885	0.290403
PFKFB2	NA	544	9143	2.96094
PFKFB3	NA	1396	4864	14.2827
PFKFB4	NA	238	3490	3.39368
PFKL	NA	1540	3412	22.4611
PFKM	NA	1008	3823	13.1213
PFKP	NA	2681	2969	44.9372
PFN1	NA	27998	1365	1020.74
PFN1P2	NA	27	1905	0.705324
PFN2	NA	6353	2106	150.121
PFN3	NA	0	530	0
PFN4	NA	21	1536	0.680374
PGA3	NA	5	1413	0.176095
PGA4	NA	6	1413	0.211314
PGA5	NA	6	1413	0.211314
PGAM1	NA	11941	1720	345.487
PGAM1P5	NA	5	2143	0.116109
PGAM2	NA	19	857	1.1033
PGAM4	NA	3195	1678	94.7542
PGAM5	NA	1461	3254	22.3436
PGAP1	NA	232	11113	1.03891
PGAP2	NA	670	2905	11.4775
PGAP3	NA	344	2700	6.34037
PGBD1	NA	293	3135	4.65104
PGBD2	NA	157	2709	2.8841
PGBD3	NA	94	2266	2.06437
PGBD4	NA	44	2318	0.944624
PGBD5	NA	84	3354	1.24634
PGC	NA	7	1813	0.192141
PGCP1	NA	0	608	0
PGD	NA	4214	2545	82.3998
PGF	NA	237	1911	6.17173
PGGT1B	NA	370	2727	6.75206
PGK1	NA	6371	2423	130.85
PGK2	NA	8	1690	0.235572
PGLS	NA	1393	1034	67.0425
PGLYRP1	NA	3	952	0.156821
PGLYRP2	NA	1	1881	0.0264564
PGLYRP3	NA	0	1173	0
PGLYRP4	NA	1	2128	0.0233856
PGM1	NA	1084	3353	16.0885
PGM2	NA	919	3238	14.124
PGM2L1	NA	630	8513	3.68279
PGM3	NA	1061	6361	8.3006
PGM5	NA	1	3338	0.0149085
PGM5-AS1	NA	0	763	0
PGM5P2	NA	4	1972	0.100942
PGM5P3-AS1	NA	1	810	0.0614376
PGM5P4-AS1	NA	1	1391	0.0357761
PGP	NA	1215	3136	19.2806
PGPEP1	NA	1131	7095	7.93286
PGPEP1L	NA	47	1576	1.48409
PGR	NA	1	13037	0.00381717
PGRMC1	NA	4227	1919	109.617
PGRMC2	NA	3488	3790	45.7991
PGS1	NA	545	2378	11.4052
PHACTR1	NA	5	2881	0.0863667
PHACTR2	NA	3306	9776	16.8291
PHACTR3	NA	2	3379	0.0294552
PHACTR4	NA	1116	6492	8.55471
PHAX	NA	1048	3641	14.3239
PHB	NA	6539	2048	158.892
PHB2	NA	4473	1443	154.26
PHC1	NA	3143	5176	30.2183
PHC2	NA	3332	4175	39.7162
PHC3	NA	550	12687	2.15736
PHEX	NA	13	6169	0.104869
PHEX-AS1	NA	1	1907	0.0260957
PHF1	NA	769	4590	8.33745
PHF10	NA	698	1673	20.7625
PHF11	NA	234	1902	6.12245
PHF12	NA	1245	5821	10.6437
PHF13	NA	1393	3670	18.8888
PHF14	NA	694	8696	3.97155
PHF19	NA	1359	4774	14.1663
PHF2	NA	414	5349	3.85165
PHF20	NA	1378	5889	11.6447
PHF20L1	NA	472	8329	2.82013
PHF21A	NA	728	7342	4.93443
PHF21B	NA	258	3961	3.24141
PHF23	NA	2227	2182	50.7908
PHF24	NA	28	6058	0.230011
PHF3	NA	1270	9256	6.8281
PHF5A	NA	1058	1065	49.4374
PHF6	NA	1041	4936	10.4953
PHF7	NA	69	2226	1.54257
PHF8	NA	788	7232	5.42235
PHGDH	NA	1551	2015	38.3051
PHGR1	NA	0	435	0
PHIP	NA	1130	11966	4.69947
PHKA1	NA	624	6161	5.04026
PHKA2	NA	634	5325	5.92501
PHKA2-AS1	NA	94	1296	3.60946
PHKB	NA	847	5694	7.40262
PHKG1	NA	522	2226	11.6698
PHKG2	NA	942	5510	8.50783
PHLDA1	NA	2332	5913	19.6264
PHLDA2	NA	40	920	2.16367
PHLDA3	NA	7243	2824	127.636
PHLDB1	NA	1128	5811	9.66002
PHLDB2	NA	2	6624	0.0150255
PHLDB3	NA	562	2489	11.2365
PHLPP1	NA	392	6411	3.04285
PHLPP2	NA	522	9035	2.87516
PHOSPHO1	NA	265	2173	6.06884
PHOSPHO2	NA	129	1373	4.67562
PHOSPHO2-KLHL23	NA	525	4206	6.21169
PHOX2A	NA	14	1699	0.410066
PHOX2B	NA	0	3030	0
PHPT1	NA	3696	1618	113.677
PHRF1	NA	1547	5563	13.8389
PHTF1	NA	577	3244	8.85145
PHTF2	NA	779	6593	5.87995
PHYH	NA	737	1937	18.9347
PHYHD1	NA	360	2137	8.38335
PHYHIP	NA	116	3337	1.7299
PHYHIPL	NA	8	3732	0.106676
PHYKPL	NA	677	2970	11.3436
PI15	NA	0	6732	0
PI16	NA	8	2332	0.170719
PI3	NA	19	554	1.70672
PI4K2A	NA	2118	4187	25.1734
PI4K2B	NA	1092	3601	15.091
PI4KA	NA	2315	6752	17.0623
PI4KAP1	NA	1735	2360	36.5853
PI4KAP2	NA	1812	2272	39.6889
PI4KB	NA	1653	4354	18.8931
PIANP	NA	425	3035	6.96867
PIAS1	NA	338	2280	7.37737
PIAS2	NA	688	7164	4.77917
PIAS3	NA	840	2902	14.4046
PIAS4	NA	706	3207	10.9553
PIBF1	NA	187	3113	2.98939
PICALM	NA	3715	4337	42.6274
PICK1	NA	599	2207	13.5065
PID1	NA	0	2822	0
PIDD1	NA	2110	3008	34.9079
PIEZO1	NA	3570	7833	22.6809
PIEZO2	NA	0	9713	0
PIF1	NA	528	2713	9.68509
PIFO	NA	2	2359	0.0421912
PIGA	NA	211	3626	2.89584
PIGB	NA	193	2197	4.37166
PIGBOS1	NA	139	1015	6.81504
PIGC	NA	972	1500	32.2474
PIGF	NA	721	1133	31.6683
PIGG	NA	864	5170	8.31654
PIGH	NA	380	1438	13.1506
PIGK	NA	494	4625	5.31539
PIGL	NA	138	1152	5.96137
PIGM	NA	227	4322	2.61373
PIGN	NA	430	4875	4.38948
PIGO	NA	673	4209	7.95712
PIGP	NA	273	1236	10.9917
PIGQ	NA	983	2985	16.3881
PIGR	NA	0	4275	0
PIGS	NA	1688	2873	29.2386
PIGT	NA	1140	2277	24.915
PIGU	NA	490	1832	13.3104
PIGV	NA	124	2955	2.08826
PIGW	NA	286	2255	6.31159
PIGX	NA	352	3093	5.66347
PIGY	NA	1159	1356	42.5347
PIGZ	NA	98	2739	1.78055
PIH1D1	NA	1531	1246	61.1472
PIH1D2	NA	76	1455	2.59938
PIH1D3	NA	0	1927	0
PIK3AP1	NA	127	4811	1.31368
PIK3C2A	NA	1527	8288	9.16872
PIK3C2B	NA	365	7606	2.38812
PIK3C2G	NA	0	4967	0
PIK3C3	NA	578	3103	9.2697
PIK3CA	NA	610	3709	8.18451
PIK3CB	NA	1005	6252	7.99957
PIK3CD	NA	1448	5411	13.3171
PIK3CD-AS1	NA	0	1823	0
PIK3CD-AS2	NA	67	958	3.4804
PIK3CG	NA	52	7359	0.351645
PIK3IP1	NA	186	2473	3.7429
PIK3IP1-AS1	NA	0	422	0
PIK3R1	NA	192	7661	1.2472
PIK3R2	NA	2388	4015	29.5984
PIK3R3	NA	1214	6271	9.63389
PIK3R4	NA	718	5039	7.09087
PIK3R5	NA	3	4612	0.0323707
PIK3R6	NA	0	3563	0
PIKFYVE	NA	884	10435	4.21579
PILRA	NA	79	1316	2.98738
PILRB	NA	770	1438	26.6472
PIM1	NA	1026	2709	18.8477
PIM2	NA	389	2187	8.85157
PIM3	NA	1878	2379	39.2845
PIN1	NA	1876	1173	79.5893
PIN1P1	NA	13	996	0.649537
PIN4	NA	459	2582	8.84659
PIN4P1	NA	235	2346	4.98493
PINK1	NA	2188	2660	40.9341
PINK1-AS	NA	2956	4443	33.1091
PINLYP	NA	6	959	0.311352
PINX1	NA	667	1570	21.142
PIP	NA	0	576	0
PIP4K2A	NA	1697	3833	22.0324
PIP4K2B	NA	1890	5732	16.4087
PIP4K2C	NA	858	3219	13.2643
PIP5K1A	NA	1821	3807	23.8038
PIP5K1B	NA	10	2941	0.169209
PIP5K1C	NA	1747	6108	14.2336
PIP5K1P1	NA	15	4243	0.175929
PIP5KL1	NA	127	1708	3.70029
PIPOX	NA	6	2412	0.123792
PIPSL	NA	1263	3776	16.6453
PIR	NA	119	1560	3.79614
PIR-FIGF	NA	67	2582	1.29133
PIRT	NA	1	3466	0.0143579
PISD	NA	1680	2679	31.2073
PISRT1	NA	0	531	0
PITHD1	NA	984	1622	30.1901
PITPNA	NA	2600	3641	35.5363
PITPNA-AS1	NA	220	554	19.7621
PITPNB	NA	1873	3034	30.7215
PITPNC1	NA	339	6367	2.64963
PITPNM1	NA	1683	4226	19.8187
PITPNM2	NA	310	6941	2.22259
PITPNM3	NA	120	7151	0.835092
PITRM1	NA	3030	3490	43.2053
PITRM1-AS1	NA	605	4076	7.38654
PITX1	NA	1171	2383	24.4541
PITX2	NA	0	4321	0
PITX3	NA	28	1388	1.00389
PIWIL1	NA	16	3648	0.218265
PIWIL2	NA	11	4099	0.133547
PIWIL3	NA	0	3801	0
PIWIL4	NA	1	3199	0.0155563
PJA1	NA	507	2880	8.76062
PJA2	NA	1922	4869	19.6441
PKD1	NA	3114	14138	10.961
PKD1L1	NA	54	9075	0.296119
PKD1L2	NA	351	8230	2.1224
PKD1L3	NA	14	5195	0.13411
PKD1P1	NA	3568	6295	28.2065
PKD1P6	NA	2865	5250	27.1572
PKD2	NA	1870	5079	18.3224
PKD2L1	NA	27	3073	0.437241
PKD2L2	NA	75	2982	1.25162
PKDCC	NA	2730	2501	54.3211
PKDREJ	NA	9	7660	0.05847
PKHD1	NA	0	17407	0
PKHD1L1	NA	1	14017	0.0035503
PKI55	NA	250	3304	3.76547
PKIA	NA	0	4201	0
PKIA-AS1	NA	0	2011	0
PKIB	NA	13	2408	0.268662
PKIG	NA	1429	1758	40.4513
PKLR	NA	45	3164	0.707776
PKM	NA	52307	3181	818.306
PKMYT1	NA	1408	2233	31.3786
PKN1	NA	1519	3136	24.1047
PKN2	NA	1266	6104	10.3214
PKN2-AS1	NA	11	3542	0.154548
PKN3	NA	809	3377	11.9217
PKNOX1	NA	550	5352	5.11406
PKNOX2	NA	54	3730	0.720451
PKNOX2-AS1	NA	0	586	0
PKP1	NA	4	5447	0.0365445
PKP2	NA	501	4439	5.61658
PKP3	NA	62	2953	1.04484
PKP4	NA	2204	4771	22.9891
PLA1A	NA	6	1918	0.155676
PLA2G10	NA	2	997	0.0998285
PLA2G12A	NA	637	5235	6.05539
PLA2G12B	NA	0	1092	0
PLA2G15	NA	520	2723	9.50332
PLA2G16	NA	1704	1417	59.8438
PLA2G1B	NA	0	565	0
PLA2G2A	NA	1	1032	0.0482214
PLA2G2C	NA	0	453	0
PLA2G2D	NA	0	1970	0
PLA2G2E	NA	0	487	0
PLA2G2F	NA	0	2719	0
PLA2G3	NA	144	2699	2.65509
PLA2G4A	NA	4	2928	0.0679843
PLA2G4B	NA	192	2735	3.49352
PLA2G4C	NA	200	2567	3.87725
PLA2G4D	NA	30	3584	0.416555
PLA2G4E	NA	2	4779	0.0208263
PLA2G4E-AS1	NA	2	2499	0.0398275
PLA2G4F	NA	4	3492	0.057004
PLA2G5	NA	4	1894	0.105099
PLA2G6	NA	296	3269	4.50605
PLA2G7	NA	0	1983	0
PLA2R1	NA	3	6619	0.0225553
PLAA	NA	1987	4954	19.96
PLAC1	NA	10	1126	0.441958
PLAC4	NA	0	10009	0
PLAC8	NA	5613	2049	136.324
PLAC8L1	NA	8	725	0.549125
PLAC9	NA	21	673	1.55283
PLAG1	NA	28	7338	0.189889
PLAGL1	NA	748	4132	9.00867
PLAGL2	NA	1089	5656	9.5816
PLAT	NA	177	3173	2.77602
PLAU	NA	4541	2690	84.0076
PLAUR	NA	308	2011	7.62181
PLB1	NA	67	5180	0.643672
PLBD1	NA	1	1932	0.025758
PLBD1-AS1	NA	1	586	0.0849223
PLBD2	NA	491	2832	8.62795
PLCB1	NA	0	7207	0
PLCB2	NA	4499	5620	39.8382
PLCB3	NA	1107	5728	9.61754
PLCB4	NA	256	5658	2.25163
PLCD1	NA	126	3200	1.95948
PLCD3	NA	2854	3468	40.9538
PLCD4	NA	76	3237	1.1684
PLCE1	NA	346	8342	2.06408
PLCE1-AS1	NA	20	1408	0.706882
PLCE1-AS2	NA	1	2382	0.0208919
PLCG1	NA	2110	5205	20.1735
PLCG1-AS1	NA	119	1794	3.30099
PLCG2	NA	374	8707	2.13758
PLCH1	NA	384	6536	2.92374
PLCH2	NA	9	6844	0.0654413
PLCL1	NA	1	6608	0.00753095
PLCL2	NA	4	4352	0.0457394
PLCXD1	NA	521	10750	2.41184
PLCXD2	NA	2	2148	0.0463357
PLCXD2-AS1	NA	0	961	0
PLCXD3	NA	0	7739	0
PLCZ1	NA	0	2159	0
PLD1	NA	54	6025	0.446022
PLD2	NA	612	3496	8.71163
PLD3	NA	6027	2499	120.02
PLD4	NA	4	2006	0.0992313
PLD5	NA	0	3441	0
PLD6	NA	284	2577	5.48433
PLEC	NA	7637	16463	23.0852
PLEK	NA	2	2852	0.034898
PLEK2	NA	144	1460	4.90828
PLEKHA1	NA	411	4215	4.85248
PLEKHA2	NA	300	5640	2.64705
PLEKHA3	NA	191	2469	3.84974
PLEKHA4	NA	1036	3083	16.7227
PLEKHA5	NA	361	9582	1.87487
PLEKHA6	NA	106	7414	0.711497
PLEKHA7	NA	26	4808	0.269109
PLEKHA8	NA	494	8804	2.79233
PLEKHA8P1	NA	108	1869	2.87564
PLEKHB1	NA	380	2892	6.5389
PLEKHB2	NA	1793	4472	19.9525
PLEKHD1	NA	0	1812	0
PLEKHF1	NA	568	1739	16.2543
PLEKHF2	NA	356	2965	5.9751
PLEKHG1	NA	47	7237	0.323191
PLEKHG2	NA	1872	7607	12.2465
PLEKHG3	NA	274	4639	2.93931
PLEKHG4	NA	994	5089	9.72016
PLEKHG4B	NA	416	11515	1.79783
PLEKHG5	NA	770	5996	6.3907
PLEKHG6	NA	13	3580	0.180709
PLEKHG7	NA	8	3267	0.12186
PLEKHH1	NA	676	6540	5.14385
PLEKHH2	NA	138	6954	0.987561
PLEKHH3	NA	1158	3252	17.7206
PLEKHJ1	NA	2226	1900	58.303
PLEKHM1	NA	1020	10598	4.78956
PLEKHM1P	NA	247	2922	4.20665
PLEKHM2	NA	2562	4122	30.9308
PLEKHM3	NA	451	9807	2.28855
PLEKHN1	NA	186	2436	3.79975
PLEKHO1	NA	1209	2807	21.434
PLEKHO2	NA	647	3721	8.65295
PLEKHS1	NA	0	4379	0
PLET1	NA	0	1541	0
PLG	NA	0	4218	0
PLGLA	NA	4	841	0.236692
PLGLB1	NA	38	3010	0.628256
PLGLB2	NA	38	3014	0.627422
PLGRKT	NA	447	997	22.3117
PLIN1	NA	11	2964	0.184686
PLIN2	NA	1534	2098	36.3864
PLIN3	NA	3531	2340	75.0933
PLIN4	NA	118	6353	0.924321
PLIN5	NA	6	2441	0.122322
PLK1	NA	1961	2227	43.8205
PLK2	NA	501	2838	8.78506
PLK3	NA	560	2358	11.8185
PLK4	NA	287	3995	3.57507
PLK5	NA	4	1933	0.102979
PLLP	NA	20	1497	0.664856
PLN	NA	0	1714	0
PLOD1	NA	2672	3031	43.8703
PLOD2	NA	3	4059	0.0367809
PLOD3	NA	2015	2977	33.6834
PLP1	NA	1	3200	0.0155514
PLP2	NA	1397	1048	66.3368
PLRG1	NA	1373	3358	20.3474
PLS1	NA	269	4128	3.24289
PLS3	NA	4636	4264	54.106
PLS3-AS1	NA	17	2068	0.409089
PLSCR1	NA	22	2210	0.495393
PLSCR2	NA	0	1808	0
PLSCR3	NA	922	2069	22.1763
PLSCR4	NA	0	3658	0
PLSCR5	NA	0	1969	0
PLTP	NA	3311	2224	74.0873
PLVAP	NA	15	2304	0.323988
PLXDC1	NA	113	6252	0.899454
PLXDC2	NA	2	12263	0.0081162
PLXNA1	NA	2309	9066	12.6744
PLXNA2	NA	288	11443	1.25248
PLXNA3	NA	1473	6752	10.8565
PLXNA4	NA	4	15412	0.0129158
PLXNB1	NA	2399	7354	16.234
PLXNB2	NA	11372	6335	89.3326
PLXNB3	NA	135	6377	1.05351
PLXNC1	NA	30	7589	0.196724
PLXND1	NA	1048	6977	7.47502
PM20D1	NA	1	2183	0.0227964
PM20D2	NA	926	4712	9.77969
PMAIP1	NA	9	1936	0.231343
PMCH	NA	56	757	3.68139
PMCHL1	NA	0	573	0
PMCHL2	NA	0	1842	0
PMEL	NA	3496	2202	79.0085
PMEPA1	NA	130	5517	1.17263
PMF1	NA	846	1234	34.1173
PMF1-BGLAP	NA	354	1001	17.599
PMFBP1	NA	95	3787	1.24838
PML	NA	1211	7704	7.82253
PMM1	NA	658	1283	25.5222
PMM2	NA	965	2323	20.6727
PMP2	NA	0	3566	0
PMP22	NA	118	2109	2.78436
PMPCA	NA	2491	2171	57.0997
PMPCB	NA	1506	3919	19.1236
PMS1	NA	473	3647	6.45424
PMS2	NA	557	2836	9.77392
PMS2CL	NA	293	1738	8.38953
PMS2P1	NA	249	1518	8.16295
PMS2P2	NA	79	639	6.15242
PMS2P3	NA	247	1501	8.18909
PMS2P4	NA	76	891	4.24478
PMS2P5	NA	243	3257	3.71286
PMS2P7	NA	68	668	5.06585
PMS2P9	NA	71	2332	1.51513
PMVK	NA	1045	1299	40.0338
PNCK	NA	10	1939	0.25665
PNISR	NA	3430	3221	52.9935
PNKD	NA	1105	3745	14.6835
PNKP	NA	1074	1721	31.0558
PNLDC1	NA	5	1941	0.128193
PNLIP	NA	0	1498	0
PNLIPRP1	NA	0	1527	0
PNLIPRP2	NA	1	1481	0.033602
PNLIPRP3	NA	0	2308	0
PNMA1	NA	2177	2643	40.9903
PNMA2	NA	274	4846	2.81376
PNMA3	NA	1	3751	0.013267
PNMA5	NA	1	3439	0.0144706
PNMA6A	NA	548	4556	5.98572
PNMAL1	NA	956	3696	12.872
PNMAL2	NA	1	4722	0.0105389
PNMT	NA	4	1048	0.189941
PNN	NA	4809	3606	66.3665
PNO1	NA	757	1981	19.0165
PNOC	NA	0	1340	0
PNP	NA	5916	2421	121.605
PNPLA1	NA	4	2599	0.0765902
PNPLA2	NA	1090	2427	22.3499
PNPLA3	NA	165	2805	2.92732
PNPLA4	NA	386	2901	6.62154
PNPLA5	NA	0	2540	0
PNPLA6	NA	1050	5028	10.3923
PNPLA7	NA	49	4842	0.503606
PNPLA8	NA	503	4973	5.03349
PNPO	NA	1451	3465	20.8393
PNPT1	NA	1028	4613	11.0899
PNRC1	NA	1283	2133	29.9334
PNRC2	NA	3285	2414	67.7201
POC1A	NA	797	2267	17.4955
POC1B	NA	1019	3622	14.0006
POC1B-GALNT4	NA	406	5495	3.67687
POC5	NA	329	2241	7.3059
PODN	NA	1	3417	0.0145638
PODNL1	NA	76	3605	1.04913
PODXL	NA	1103	5984	9.17283
PODXL2	NA	1091	2209	24.5781
POF1B	NA	0	4034	0
POFUT1	NA	1349	6135	10.9425
POFUT2	NA	1053	4823	10.865
POGK	NA	887	3852	11.4593
POGLUT1	NA	308	3675	4.17074
POGZ	NA	2143	6626	16.095
POLA1	NA	407	5439	3.72387
POLA2	NA	683	3654	9.3019
POLB	NA	224	1334	8.35626
POLD1	NA	1009	3545	14.1643
POLD2	NA	3465	2311	74.6144
POLD3	NA	444	4143	5.3332
POLD4	NA	970	1760	27.427
POLDIP2	NA	4591	2734	83.5658
POLDIP3	NA	1918	3492	27.3334
POLE	NA	2253	8005	14.0062
POLE2	NA	221	1945	5.65447
POLE3	NA	1381	2473	27.79
POLE4	NA	828	696	59.2026
POLG	NA	2144	4448	23.9872
POLG2	NA	271	1594	8.46059
POLH	NA	991	8412	5.86265
POLI	NA	597	6058	4.90416
POLK	NA	189	4512	2.08455
POLL	NA	1246	2873	21.5825
POLM	NA	343	2869	5.94954
POLN	NA	91	3256	1.39084
POLQ	NA	485	8780	2.74895
POLR1A	NA	1048	6637	7.85795
POLR1B	NA	598	5503	5.40781
POLR1C	NA	470	1320	17.7192
POLR1D	NA	1874	3020	30.8804
POLR1E	NA	429	1962	10.8812
POLR2A	NA	4474	6738	33.0434
POLR2B	NA	2779	4223	32.7482
POLR2C	NA	1792	1804	49.4335
POLR2D	NA	1027	2325	21.982
POLR2E	NA	5202	2866	90.3262
POLR2F	NA	905	3273	13.7601
POLR2G	NA	524	837	31.1548
POLR2H	NA	994	1770	27.9468
POLR2I	NA	811	872	46.2833
POLR2J	NA	2032	976	103.608
POLR2J2	NA	1366	1987	34.2115
POLR2J3	NA	1788	1680	52.9636
POLR2J4	NA	1094	6511	8.3616
POLR2K	NA	746	971	38.2331
POLR2L	NA	4145	876	235.472
POLR2M	NA	748	4307	8.64264
POLR3A	NA	1517	6635	11.378
POLR3B	NA	317	4414	3.57393
POLR3C	NA	928	4013	11.508
POLR3D	NA	442	1929	11.4028
POLR3E	NA	684	3731	9.12327
POLR3F	NA	542	2324	11.606
POLR3G	NA	85	3285	1.28767
POLR3GL	NA	412	1165	17.5991
POLR3H	NA	2932	4580	31.858
POLR3K	NA	548	824	33.0958
POLRMT	NA	1593	3800	20.8618
POM121	NA	4238	9209	22.9017
POM121C	NA	3024	5865	25.6586
POM121L10P	NA	265	9547	1.38133
POM121L12	NA	0	1270	0
POM121L1P	NA	21	3995	0.261591
POM121L2	NA	0	3170	0
POM121L4P	NA	0	2167	0
POM121L8P	NA	25	7712	0.161322
POM121L9P	NA	38	5224	0.361993
POMC	NA	0	1295	0
POMGNT1	NA	1518	3529	21.4062
POMGNT2	NA	429	2556	8.35249
POMK	NA	16	1623	0.490593
POMP	NA	1853	1461	63.1168
POMT1	NA	639	3386	9.39147
POMT2	NA	974	4874	9.94473
POMZP3	NA	201	1552	6.44502
PON1	NA	2	1752	0.0568088
PON2	NA	949	1654	28.5529
PON3	NA	3	1191	0.125351
POP1	NA	653	4771	6.8112
POP4	NA	594	2594	11.3956
POP5	NA	399	801	24.7891
POP7	NA	829	932	44.2648
POPDC2	NA	39	1769	1.09713
POPDC3	NA	684	1911	17.8121
POR	NA	1296	2499	25.8082
PORCN	NA	139	2122	3.25979
POSTN	NA	36	3380	0.530036
POT1	NA	410	4299	4.74609
POT1-AS1	NA	3	4156	0.0359224
POTEA	NA	0	1976	0
POTEB	NA	0	3374	0
POTEB2	NA	0	3374	0
POTEB3	NA	0	5034	0
POTEC	NA	0	2243	0
POTED	NA	0	1826	0
POTEE	NA	3988	3440	57.6921
POTEF	NA	443	4337	5.08316
POTEG	NA	0	1975	0
POTEH	NA	0	2037	0
POTEH-AS1	NA	1	2984	0.0166771
POTEI	NA	3973	3228	61.2498
POTEJ	NA	3971	3277	60.3036
POTEKP	NA	0	621	0
POTEM	NA	72	6666	0.53751
POU1F1	NA	0	1340	0
POU2AF1	NA	26	3031	0.426881
POU2F1	NA	1053	14269	3.67244
POU2F2	NA	62	7185	0.429422
POU2F3	NA	5	3081	0.0807603
POU3F1	NA	11	2928	0.186957
POU3F2	NA	2	4087	0.0243526
POU3F3	NA	1	4506	0.0110441
POU3F4	NA	0	1507	0
POU4F1	NA	14	3814	0.18267
POU4F2	NA	1	3141	0.0158435
POU4F3	NA	2	1182	0.0842039
POU5F1	NA	45	18423	0.121555
POU5F1B	NA	44	1585	1.38147
POU5F1P3	NA	11	1084	0.50499
POU5F1P4	NA	4	1083	0.183802
POU5F1P5	NA	0	937	0
POU5F2	NA	1	1295	0.0384282
POU6F1	NA	56	5301	0.525714
POU6F2	NA	0	2324	0
POU6F2-AS1	NA	0	380	0
PP12613	NA	0	2224	0
PP14571	NA	12	2017	0.29607
PP2D1	NA	90	2447	1.83032
PP7080	NA	399	1743	11.3919
PPA1	NA	2829	1302	108.129
PPA2	NA	1661	1673	49.4075
PPAN	NA	671	1728	19.3241
PPAN-P2RY11	NA	1324	3269	20.1555
PPAP2A	NA	651	1823	17.7711
PPAP2B	NA	127	3308	1.91055
PPAP2C	NA	8	1532	0.259867
PPAPDC1A	NA	6	1521	0.19631
PPAPDC1B	NA	280	2625	5.30821
PPAPDC2	NA	703	2979	11.7437
PPAPDC3	NA	46	2095	1.09268
PPARA	NA	212	10049	1.04986
PPARD	NA	903	4460	10.0756
PPARG	NA	0	2263	0
PPARGC1A	NA	0	6318	0
PPARGC1B	NA	121	10827	0.556156
PPAT	NA	800	3702	10.7541
PPBP	NA	0	1307	0
PPBPP2	NA	0	1362	0
PPCDC	NA	278	2422	5.71203
PPCS	NA	750	3112	11.9934
PPDPF	NA	2588	777	165.754
PPEF1	NA	0	2872	0
PPEF1-AS1	NA	0	491	0
PPEF2	NA	2	3413	0.0291617
PPFIA1	NA	1523	5662	13.386
PPFIA2	NA	0	6568	0
PPFIA3	NA	957	4742	10.0432
PPFIA4	NA	97	6478	0.745161
PPFIBP1	NA	898	6170	7.24287
PPFIBP2	NA	257	4041	3.16493
PPHLN1	NA	1121	4585	12.1671
PPIA	NA	21961	2445	446.985
PPIAL4A	NA	186	1570	5.89567
PPIAL4C	NA	186	1570	5.89567
PPIAL4D	NA	9	785	0.570548
PPIAL4E	NA	9	785	0.570548
PPIAL4F	NA	9	785	0.570548
PPIAL4G	NA	779	738	52.5292
PPIAP30	NA	3	626	0.238488
PPIB	NA	10642	1028	515.169
PPIC	NA	566	1236	22.7886
PPID	NA	394	1834	10.691
PPIE	NA	718	4737	7.54294
PPIEL	NA	20	2637	0.377433
PPIF	NA	2026	2200	45.8286
PPIG	NA	1853	2706	34.0775
PPIH	NA	253	800	15.738
PPIL1	NA	1771	1736	50.7678
PPIL2	NA	1316	4102	15.9654
PPIL3	NA	304	1272	11.8934
PPIL4	NA	1171	2534	22.9969
PPIL6	NA	57	4326	0.655704
PPIP5K1	NA	946	5927	7.94284
PPIP5K2	NA	482	6244	3.84153
PPL	NA	3746	6238	29.8842
PPM1A	NA	665	11414	2.89937
PPM1B	NA	1211	5389	11.1829
PPM1D	NA	969	4777	10.0946
PPM1E	NA	107	6545	0.813568
PPM1F	NA	910	5185	8.73398
PPM1G	NA	5237	2302	113.213
PPM1H	NA	3681	6200	29.5457
PPM1J	NA	365	1714	10.5975
PPM1K	NA	398	6590	3.0055
PPM1L	NA	9	3056	0.146558
PPM1M	NA	52	2342	1.10493
PPM1N	NA	58	1714	1.68398
PPME1	NA	6901	2755	124.655
PPOX	NA	227	1768	6.38945
PPP1CA	NA	4309	1503	142.671
PPP1CB	NA	3835	4998	38.1846
PPP1CC	NA	4088	2511	81.0184
PPP1R10	NA	1638	29962	2.72059
PPP1R11	NA	718	12705	2.81235
PPP1R12A	NA	1498	5944	12.5416
PPP1R12B	NA	378	11990	1.56889
PPP1R12C	NA	2527	2965	42.4131
PPP1R13B	NA	325	4959	3.26144
PPP1R13L	NA	598	3178	9.36412
PPP1R14A	NA	654	777	41.8867
PPP1R14B	NA	2096	987	105.68
PPP1R14C	NA	13	2211	0.2926
PPP1R14D	NA	0	873	0
PPP1R15A	NA	3083	2383	64.3827
PPP1R15B	NA	1546	5276	14.5822
PPP1R16A	NA	707	2274	15.4721
PPP1R16B	NA	4	6251	0.0318442
PPP1R17	NA	0	1966	0
PPP1R18	NA	3975	30377	6.51196
PPP1R1A	NA	0	1834	0
PPP1R1B	NA	66	2053	1.59983
PPP1R1C	NA	8	3948	0.10084
PPP1R2	NA	957	3473	13.7128
PPP1R21	NA	266	3215	4.11737
PPP1R26	NA	655	4932	6.60903
PPP1R26-AS1	NA	58	2927	0.986109
PPP1R27	NA	2	799	0.124567
PPP1R2P3	NA	172	1991	4.29909
PPP1R2P9	NA	1	870	0.0572006
PPP1R32	NA	17	1539	0.549705
PPP1R35	NA	759	930	40.6142
PPP1R36	NA	1	1406	0.0353944
PPP1R37	NA	751	2952	12.6603
PPP1R3A	NA	3	4296	0.0347517
PPP1R3B	NA	1668	5859	14.1675
PPP1R3C	NA	2154	2573	41.6606
PPP1R3D	NA	16	3466	0.229726
PPP1R3E	NA	150	4495	1.66066
PPP1R3F	NA	110	3430	1.59595
PPP1R3G	NA	16	1736	0.458659
PPP1R42	NA	3	1083	0.137852
PPP1R7	NA	1298	2966	21.7783
PPP1R8	NA	1254	2852	21.881
PPP1R9A	NA	375	10543	1.77005
PPP1R9B	NA	1431	4051	17.5791
PPP2CA	NA	6228	2643	117.266
PPP2CB	NA	2081	1970	52.5685
PPP2R1A	NA	7480	2509	148.361
PPP2R1B	NA	3667	5877	31.0509
PPP2R2A	NA	1290	4007	16.021
PPP2R2B	NA	3	3603	0.0414359
PPP2R2B-IT1	NA	0	447	0
PPP2R2C	NA	16	5127	0.155302
PPP2R2D	NA	877	5253	8.30829
PPP2R3A	NA	97	7281	0.66298
PPP2R3B	NA	897	4852	9.20007
PPP2R3C	NA	408	2068	9.81814
PPP2R4	NA	4800	3034	78.7309
PPP2R5A	NA	1449	3415	21.1153
PPP2R5B	NA	408	2750	7.38324
PPP2R5C	NA	1261	5035	12.4634
PPP2R5D	NA	1695	3064	27.5296
PPP2R5E	NA	1519	4225	17.8917
PPP3CA	NA	115	4676	1.22389
PPP3CB	NA	1099	4645	11.7742
PPP3CB-AS1	NA	67	3095	1.07729
PPP3CC	NA	196	2348	4.15411
PPP3R1	NA	1626	3011	26.8738
PPP3R2	NA	0	3387	0
PPP4C	NA	2509	1486	84.0236
PPP4R1	NA	2432	4099	29.526
PPP4R1-AS1	NA	5	587	0.423888
PPP4R1L	NA	105	2398	2.17901
PPP4R2	NA	457	1462	15.5557
PPP4R4	NA	53	4321	0.610395
PPP5C	NA	1471	2232	32.7973
PPP5D1	NA	17	1241	0.681705
PPP6C	NA	1546	4350	17.6864
PPP6R1	NA	3781	3637	51.7348
PPP6R2	NA	1598	4109	19.3535
PPP6R3	NA	2125	5228	20.2275
PPRC1	NA	1173	5374	10.8623
PPT1	NA	5114	2504	101.636
PPT2	NA	991	16913	2.9159
PPT2-EGFL8	NA	744	20145	1.83791
PPTC7	NA	183	3748	2.4298
PPWD1	NA	690	2206	15.5655
PPY	NA	5	457	0.544469
PPY2P	NA	1	657	0.075745
PQBP1	NA	869	1295	33.3941
PQLC1	NA	1895	2544	37.0691
PQLC2	NA	786	3461	11.3016
PQLC2L	NA	0	2755	0
PQLC3	NA	193	1956	4.9103
PRAC1	NA	1	383	0.129933
PRAC2	NA	60	657	4.5447
PRADC1	NA	285	1083	13.0959
PRAF2	NA	1551	1310	58.9196
PRAM1	NA	4	2209	0.0901123
PRAME	NA	7	3214	0.108386
PRAMEF1	NA	83	2436	1.69559
PRAMEF10	NA	6	3050	0.0978974
PRAMEF11	NA	29	1689	0.854453
PRAMEF12	NA	146	1778	4.0864
PRAMEF14	NA	148	4328	1.70174
PRAMEF15	NA	104	3724	1.38977
PRAMEF16	NA	1	1586	0.0313774
PRAMEF17	NA	2	3158	0.0315165
PRAMEF19	NA	9	4246	0.105483
PRAMEF2	NA	94	1642	2.84888
PRAMEF20	NA	6	3194	0.0934837
PRAMEF22	NA	0	1446	0
PRAMEF26	NA	52	1785	1.44972
PRAMEF4	NA	50	1840	1.3523
PRAMEF5	NA	50	1855	1.34136
PRAMEF6	NA	51	1720	1.47558
PRAMEF7	NA	46	1558	1.4693
PRAMEF8	NA	46	1558	1.4693
PRAMEF9	NA	45	1436	1.55947
PRAP1	NA	219	777	14.0263
PRB1	NA	0	1173	0
PRB2	NA	0	1428	0
PRB3	NA	0	1101	0
PRB4	NA	0	918	0
PRC1	NA	1979	3190	30.8727
PRC1-AS1	NA	362	1528	11.7898
PRCAT47	NA	5	2333	0.106653
PRCC	NA	1768	2123	41.4431
PRCD	NA	45	2242	0.998841
PRCP	NA	2843	2206	64.1344
PRDM1	NA	1	5398	0.00921906
PRDM10	NA	236	6574	1.7865
PRDM11	NA	113	11334	0.496152
PRDM12	NA	8	2492	0.159758
PRDM13	NA	18	3204	0.279576
PRDM14	NA	1	2344	0.0212306
PRDM15	NA	276	7778	1.76588
PRDM16	NA	569	8723	3.24613
PRDM2	NA	598	9583	3.10541
PRDM4	NA	1503	4187	17.8639
PRDM5	NA	93	5349	0.865227
PRDM6	NA	11	3027	0.180842
PRDM7	NA	2	3222	0.0308904
PRDM8	NA	11	4219	0.129749
PRDM9	NA	0	3691	0
PRDX1	NA	20865	1348	770.279
PRDX2	NA	6530	1038	313.066
PRDX3	NA	3129	1629	95.5882
PRDX4	NA	921	921	49.7645
PRDX5	NA	3196	905	175.743
PRDX6	NA	9899	1670	294.981
PREB	NA	1580	2164	36.3345
PRELID1	NA	2862	1273	111.882
PRELID2	NA	188	5083	1.84059
PRELP	NA	0	5819	0
PREP	NA	1356	2943	22.9292
PREPL	NA	1458	7373	9.84086
PREX1	NA	541	6633	4.05889
PREX2	NA	0	5414	0
PRF1	NA	11	2534	0.216026
PRG1	NA	8	493	0.807537
PRG2	NA	1	1544	0.0322309
PRG3	NA	0	869	0
PRG4	NA	279	5050	2.74937
PRH1	NA	169	1174	7.16371
PRH1-PRR4	NA	215	1645	6.50417
PRH2	NA	26	4323	0.299301
PRICKLE1	NA	208	4798	2.15736
PRICKLE2	NA	56	8322	0.334873
PRICKLE2-AS1	NA	11	6505	0.0841521
PRICKLE2-AS2	NA	0	798	0
PRICKLE2-AS3	NA	2	3091	0.0321996
PRICKLE3	NA	1090	2890	18.7693
PRICKLE4	NA	137	1646	4.142
PRIM1	NA	184	1462	6.26311
PRIM2	NA	616	2723	11.2578
PRIMA1	NA	0	3650	0
PRIMPOL	NA	144	2296	3.12112
PRKAA1	NA	788	5130	7.64414
PRKAA2	NA	2	9352	0.0106425
PRKAB1	NA	834	2401	17.286
PRKAB2	NA	573	5462	5.22063
PRKACA	NA	3239	3408	47.2967
PRKACB	NA	612	6629	4.59434
PRKACG	NA	6	1591	0.187673
PRKAG1	NA	897	1964	22.7285
PRKAG2	NA	1637	4446	18.3231
PRKAG2-AS1	NA	3	791	0.18874
PRKAG3	NA	0	2299	0
PRKAR1A	NA	3495	5235	33.2239
PRKAR1B	NA	1164	2977	19.4578
PRKAR2A	NA	264	2381	5.51778
PRKAR2A-AS1	NA	30	3468	0.430489
PRKAR2B	NA	1555	3661	21.1373
PRKCA	NA	2287	8770	12.9774
PRKCA-AS1	NA	0	1356	0
PRKCB	NA	2	8014	0.0124194
PRKCD	NA	550	2835	9.65449
PRKCDBP	NA	1319	1037	63.2974
PRKCE	NA	138	5520	1.24411
PRKCG	NA	121	3128	1.92503
PRKCH	NA	21	3860	0.270739
PRKCI	NA	1479	4884	15.07
PRKCQ	NA	22	3285	0.333278
PRKCQ-AS1	NA	116	2253	2.56222
PRKCSH	NA	3812	2778	68.2873
PRKCZ	NA	1213	3079	19.6052
PRKD1	NA	13	3677	0.175942
PRKD2	NA	972	3920	12.3396
PRKD3	NA	343	5902	2.89211
PRKDC	NA	8412	13508	30.9904
PRKG1	NA	1742	7122	12.1721
PRKG1-AS1	NA	651	2253	14.3794
PRKG2	NA	0	5004	0
PRKRA	NA	637	2172	14.5948
PRKRIP1	NA	969	2181	22.1099
PRKRIR	NA	1706	3417	24.8458
PRKX	NA	658	6084	5.38216
PRKX-AS1	NA	0	514	0
PRKXP1	NA	127	11532	0.548048
PRKY	NA	426	7217	2.93746
PRL	NA	0	1455	0
PRLH	NA	0	264	0
PRLHR	NA	0	1980	0
PRLR	NA	5	12338	0.0201672
PRM1	NA	1	409	0.121674
PRM2	NA	0	774	0
PRM3	NA	1	397	0.125351
PRMT1	NA	2764	1568	87.7226
PRMT2	NA	2073	7953	12.9714
PRMT3	NA	423	2733	7.7023
PRMT5	NA	2925	2616	55.6426
PRMT5-AS1	NA	1141	2104	26.9873
PRMT6	NA	1385	2650	26.009
PRMT7	NA	521	3097	8.37175
PRMT8	NA	0	2497	0
PRMT9	NA	378	3528	5.33191
PRNCR1	NA	515	12722	2.01452
PRND	NA	3	4038	0.0369721
PRNP	NA	2292	2964	38.4819
PRNT	NA	0	2333	0
PRO1804	NA	0	2038	0
PROB1	NA	44	3251	0.673527
PROC	NA	8	1780	0.223661
PROCA1	NA	83	2151	1.92025
PROCR	NA	4286	1484	143.727
PRODH	NA	146	2408	3.01728
PRODH2	NA	0	1677	0
PROK1	NA	1	1372	0.0362715
PROK2	NA	0	1613	0
PROKR1	NA	0	1182	0
PROKR2	NA	0	1155	0
PROL1	NA	0	1099	0
PROM1	NA	10	4307	0.115543
PROM2	NA	15	4732	0.157749
PROP1	NA	1	1464	0.0339921
PRORSD1P	NA	11	2153	0.254254
PRORY	NA	0	858	0
PROS1	NA	1052	3580	14.6235
PROSC	NA	758	2569	14.6833
PROSER1	NA	935	5169	9.0017
PROSER2	NA	507	3333	7.56994
PROSER2-AS1	NA	4	3156	0.0630729
PROSER3	NA	205	2146	4.75383
PROX1	NA	0	8721	0
PROX1-AS1	NA	0	3399	0
PROX2	NA	13	3878	0.166823
PROZ	NA	13	1555	0.416038
PRPF18	NA	350	1705	10.2156
PRPF19	NA	4703	2340	100.018
PRPF3	NA	900	2463	18.1843
PRPF31	NA	1359	2183	30.9803
PRPF38A	NA	1171	2772	21.0224
PRPF38B	NA	1415	3756	18.7478
PRPF39	NA	532	2868	9.23107
PRPF4	NA	1077	2924	18.3298
PRPF40A	NA	3709	7528	24.5187
PRPF40B	NA	220	3887	2.81662
PRPF4B	NA	1856	7482	12.3447
PRPF6	NA	1773	3101	28.4529
PRPF8	NA	7697	7295	52.5068
PRPH	NA	61	1833	1.6561
PRPH2	NA	3	3027	0.0493206
PRPS1	NA	2749	2156	63.452
PRPS1L1	NA	24	1087	1.09876
PRPS2	NA	460	2540	9.01247
PRPSAP1	NA	903	2359	19.0493
PRPSAP2	NA	1009	2151	23.3437
PRR11	NA	1138	6473	8.74896
PRR12	NA	627	6943	4.49407
PRR13	NA	3437	1195	143.13
PRR14	NA	677	2118	15.9068
PRR14L	NA	868	10828	3.98925
PRR15	NA	0	1678	0
PRR15L	NA	5	1517	0.164023
PRR16	NA	0	2272	0
PRR18	NA	1	2704	0.018404
PRR19	NA	144	1530	4.68372
PRR20A	NA	0	9235	0
PRR20B	NA	0	9235	0
PRR20C	NA	0	9235	0
PRR20D	NA	0	9235	0
PRR20E	NA	0	9235	0
PRR21	NA	0	1170	0
PRR22	NA	115	1392	4.11129
PRR23A	NA	0	2307	0
PRR23B	NA	0	1896	0
PRR23C	NA	0	2791	0
PRR23D1	NA	2	1588	0.0626757
PRR23D2	NA	2	1587	0.0627152
PRR25	NA	6	1209	0.24697
PRR26	NA	1	4512	0.0110294
PRR27	NA	0	4797	0
PRR29	NA	25	3107	0.400422
PRR3	NA	548	21914	1.24445
PRR30	NA	0	2063	0
PRR32	NA	0	1227	0
PRR34	NA	0	1836	0
PRR34-AS1	NA	0	1635	0
PRR35	NA	2	2217	0.0448935
PRR36	NA	313	4517	3.44837
PRR4	NA	44	564	3.88234
PRR5	NA	809	3109	12.9493
PRR5-ARHGAP8	NA	518	2161	11.9287
PRR5L	NA	74	4214	0.87389
PRR7	NA	376	1563	11.9715
PRR7-AS1	NA	4	1600	0.124411
PRR9	NA	0	1229	0
PRRC1	NA	978	4698	10.3597
PRRC2A	NA	7480	46602	7.98761
PRRC2B	NA	5025	11059	22.612
PRRC2C	NA	4179	10384	20.0275
PRRG1	NA	2	6092	0.0163377
PRRG2	NA	38	1393	1.35754
PRRG3	NA	0	1662	0
PRRG4	NA	18	5538	0.161748
PRRT1	NA	97	15168	0.318246
PRRT2	NA	299	3156	4.7147
PRRT3	NA	461	3761	6.09982
PRRT3-AS1	NA	21	614	1.70204
PRRT4	NA	8	3545	0.112304
PRRX1	NA	30	4071	0.366724
PRRX2	NA	90	1309	3.42155
PRRX2-AS1	NA	0	502	0
PRSS1	NA	0	817	0
PRSS12	NA	39	4573	0.424407
PRSS16	NA	114	2865	1.98016
PRSS21	NA	0	1168	0
PRSS22	NA	13	1386	0.466767
PRSS23	NA	11476	11431	49.9604
PRSS27	NA	30	1462	1.02116
PRSS3	NA	0	1230	0
PRSS30P	NA	70	2963	1.17567
PRSS33	NA	534	1694	15.6873
PRSS35	NA	1	2606	0.0190961
PRSS36	NA	6	2839	0.105173
PRSS37	NA	0	1197	0
PRSS38	NA	1	1243	0.0400358
PRSS3P2	NA	0	862	0
PRSS41	NA	7	957	0.364004
PRSS42	NA	0	882	0
PRSS45	NA	0	946	0
PRSS46	NA	0	984	0
PRSS48	NA	0	987	0
PRSS50	NA	0	1347	0
PRSS53	NA	93	2028	2.2821
PRSS54	NA	47	1810	1.29223
PRSS55	NA	0	1353	0
PRSS56	NA	1	2157	0.0230712
PRSS57	NA	2	1078	0.0923274
PRSS58	NA	0	918	0
PRSS8	NA	468	1940	12.005
PRTFDC1	NA	491	1984	12.3157
PRTG	NA	1201	12112	4.93454
PRTN3	NA	3	1001	0.149144
PRUNE	NA	409	3083	6.60191
PRUNE2	NA	2	13275	0.00749748
PRX	NA	188	5506	1.69919
PRY	NA	0	1238	0
PRY2	NA	0	1238	0
PSAP	NA	28684	2834	503.686
PSAPL1	NA	8	4680	0.0850675
PSAT1	NA	3830	2256	84.4849
PSCA	NA	3	1284	0.116272
PSD	NA	62	4708	0.655352
PSD2	NA	15	4510	0.165514
PSD3	NA	10	11828	0.0420735
PSD4	NA	19	5039	0.187641
PSEN1	NA	1324	6090	10.8191
PSEN2	NA	731	2298	15.8302
PSENEN	NA	1138	834	67.9041
PSG1	NA	4085	2979	68.2403
PSG10P	NA	285	1742	8.14172
PSG11	NA	667	1609	20.6295
PSG2	NA	931	1612	28.7412
PSG3	NA	4817	1908	125.637
PSG4	NA	2213	2168	50.7974
PSG5	NA	3432	1640	104.141
PSG6	NA	667	1843	18.0103
PSG7	NA	602	2038	14.6998
PSG8	NA	3520	2131	82.2013
PSG9	NA	7314	1740	209.182
PSIP1	NA	3542	3964	44.4667
PSKH1	NA	1232	3481	17.6127
PSKH2	NA	0	1158	0
PSMA1	NA	4138	2057	100.11
PSMA2	NA	3890	1464	132.229
PSMA3	NA	748	998	37.2984
PSMA3-AS1	NA	655	2608	12.4984
PSMA4	NA	3433	1221	139.919
PSMA5	NA	3485	3864	44.8833
PSMA6	NA	2837	1283	110.04
PSMA7	NA	5970	1032	287.882
PSMA8	NA	0	1899	0
PSMB1	NA	5535	917	300.378
PSMB10	NA	426	1006	21.0732
PSMB11	NA	0	1894	0
PSMB2	NA	4643	4845	47.6897
PSMB3	NA	1992	796	124.536
PSMB4	NA	4060	925	218.426
PSMB5	NA	5197	1454	177.872
PSMB6	NA	2345	872	133.828
PSMB7	NA	4720	1015	231.417
PSMB8	NA	77	14174	0.270345
PSMB8-AS1	NA	483	12688	1.89441
PSMB9	NA	102	8312	0.610681
PSMC1	NA	2885	1586	90.5237
PSMC2	NA	1901	3210	29.4711
PSMC3	NA	5099	1580	160.601
PSMC3IP	NA	548	1980	13.7732
PSMC4	NA	2965	1914	77.0908
PSMC5	NA	2377	1600	73.9314
PSMC6	NA	801	1593	25.0228
PSMD1	NA	8328	3325	124.643
PSMD10	NA	1196	1574	37.8134
PSMD11	NA	2837	4018	35.1373
PSMD12	NA	2052	1797	56.8262
PSMD13	NA	2374	1842	64.1373
PSMD14	NA	1331	1717	38.5769
PSMD2	NA	6131	3165	96.4
PSMD3	NA	3553	2187	80.8474
PSMD4	NA	2569	1331	96.0518
PSMD5	NA	594	3479	8.49673
PSMD5-AS1	NA	124	3798	1.62475
PSMD6	NA	2511	1841	67.8754
PSMD6-AS2	NA	42	2549	0.819972
PSMD7	NA	1537	1670	45.8012
PSMD8	NA	3975	1539	128.534
PSMD9	NA	1390	2352	29.4101
PSME1	NA	834	1181	35.1428
PSME2	NA	1803	829	108.233
PSME3	NA	3112	3803	40.7224
PSME4	NA	3004	7099	21.0583
PSMF1	NA	2194	3842	28.4184
PSMG1	NA	1655	1140	72.2458
PSMG2	NA	628	1159	26.9647
PSMG3	NA	1166	1411	41.1236
PSMG3-AS1	NA	265	6062	2.17545
PSMG4	NA	347	1042	16.5722
PSORS1C1	NA	14	5292	0.131652
PSORS1C2	NA	4	6532	0.0304743
PSORS1C3	NA	3	4151	0.0359657
PSPC1	NA	2190	3142	34.6863
PSPH	NA	964	2118	22.6501
PSPN	NA	7	471	0.7396
PSRC1	NA	922	1774	25.8641
PSTK	NA	105	1706	3.06288
PSTPIP1	NA	7	1855	0.187791
PSTPIP2	NA	4311	3024	70.944
PTAFR	NA	144	4533	1.58087
PTAR1	NA	450	10051	2.22804
PTBP1	NA	6453	3281	97.8757
PTBP2	NA	326	3858	4.20509
PTBP3	NA	2947	8234	17.811
PTCD1	NA	1415	5505	12.7914
PTCD2	NA	143	2109	3.37426
PTCD3	NA	1791	6734	13.2356
PTCH1	NA	891	8999	4.92723
PTCH2	NA	185	4634	1.98671
PTCHD1	NA	0	5291	0
PTCHD1-AS	NA	0	557	0
PTCHD2	NA	11	5214	0.104988
PTCHD3	NA	0	2528	0
PTCHD4	NA	536	5177	5.15236
PTCRA	NA	0	1170	0
PTCSC3	NA	0	1152	0
PTDSS1	NA	1327	2562	25.7758
PTDSS2	NA	1218	2445	24.7907
PTEN	NA	1372	8861	7.70533
PTENP1	NA	522	3917	6.63188
PTENP1-AS	NA	6	872	0.342416
PTER	NA	0	3905	0
PTF1A	NA	0	1333	0
PTGDR	NA	0	3033	0
PTGDR2	NA	215	2910	3.67676
PTGDS	NA	21	812	1.28701
PTGER1	NA	12	1421	0.420249
PTGER2	NA	46	2478	0.923796
PTGER3	NA	2	10280	0.00968181
PTGER4	NA	18	3416	0.262225
PTGER4P2-CDK2AP2P2	NA	1	3705	0.0134317
PTGES	NA	1075	1787	29.9367
PTGES2	NA	1682	2424	34.5313
PTGES2-AS1	NA	12	2106	0.283558
PTGES3	NA	7523	3399	110.144
PTGES3L	NA	40	2006	0.992313
PTGES3L-AARSD1	NA	698	2273	15.2818
PTGFR	NA	0	5431	0
PTGFRN	NA	2284	6312	18.0073
PTGIR	NA	24	2086	0.572554
PTGIS	NA	778	5603	6.91001
PTGR1	NA	1	1578	0.0315364
PTGR2	NA	128	2681	2.37593
PTGS1	NA	10	5697	0.0873521
PTGS2	NA	0	4493	0
PTH	NA	0	814	0
PTH1R	NA	92	2146	2.13343
PTH2	NA	6	459	0.650516
PTH2R	NA	0	3108	0
PTHLH	NA	2	2639	0.0377147
PTK2	NA	2749	4670	29.2939
PTK2B	NA	175	4805	1.81244
PTK6	NA	17	2525	0.335048
PTK7	NA	4710	4446	52.7195
PTMA	NA	11480	1207	473.319
PTMS	NA	5617	1150	243.067
PTN	NA	13	1545	0.41873
PTOV1	NA	2087	1917	54.1776
PTOV1-AS1	NA	435	2148	10.078
PTOV1-AS2	NA	523	1101	23.6393
PTP4A1	NA	4312	5089	42.1663
PTP4A2	NA	4660	3929	59.0233
PTP4A3	NA	563	2785	10.0601
PTPDC1	NA	273	4863	2.79369
PTPMT1	NA	1577	2740	28.6418
PTPN1	NA	1686	3563	23.5484
PTPN11	NA	3008	6577	22.7599
PTPN12	NA	1073	3297	16.1957
PTPN13	NA	43	8577	0.24949
PTPN14	NA	1429	13443	5.29
PTPN18	NA	368	3669	4.99137
PTPN2	NA	988	4103	11.9833
PTPN20	NA	4	6182	0.0321996
PTPN21	NA	589	6215	4.71622
PTPN22	NA	1	3654	0.0136192
PTPN23	NA	1506	5282	14.1888
PTPN3	NA	47	9799	0.238691
PTPN4	NA	253	11380	1.10636
PTPN5	NA	2	4014	0.0247955
PTPN6	NA	252	2552	4.91405
PTPN7	NA	1	4309	0.011549
PTPN9	NA	744	3945	9.38524
PTPRA	NA	1133	3975	14.1844
PTPRB	NA	2	11414	0.0087199
PTPRC	NA	0	7415	0
PTPRCAP	NA	29	907	1.59115
PTPRD	NA	13	10170	0.0636124
PTPRD-AS1	NA	0	1334	0
PTPRD-AS2	NA	0	2834	0
PTPRE	NA	16	5511	0.14448
PTPRF	NA	3960	7733	25.484
PTPRG	NA	25	6648	0.187141
PTPRG-AS1	NA	27	2772	0.484719
PTPRH	NA	120	3928	1.5203
PTPRJ	NA	851	9053	4.67796
PTPRK	NA	47	6569	0.356056
PTPRM	NA	1	5600	0.00888652
PTPRN	NA	275	3910	3.50006
PTPRN2	NA	0	5194	0
PTPRO	NA	0	7636	0
PTPRQ	NA	0	7550	0
PTPRR	NA	7	4483	0.077705
PTPRS	NA	2940	7347	19.9139
PTPRT	NA	4	12694	0.0156813
PTPRU	NA	622	5640	5.48821
PTPRVP	NA	4	4095	0.04861
PTPRZ1	NA	0	8159	0
PTRF	NA	22352	3634	306.091
PTRH1	NA	300	815	18.3182
PTRH2	NA	654	2220	14.6604
PTRHD1	NA	734	572	63.8586
PTS	NA	536	934	28.5586
PTTG1	NA	1170	1160	50.1935
PTTG1IP	NA	5714	2826	100.621
PTTG2	NA	16	576	1.38235
PTTG3P	NA	199	609	16.2613
PTX3	NA	380	1938	9.75774
PTX4	NA	0	1422	0
PUF60	NA	4155	2065	100.131
PUM1	NA	1887	5385	17.4384
PUM2	NA	2004	6493	15.3593
PURA	NA	408	5294	3.83527
PURB	NA	995	9093	5.44547
PURG	NA	37	3771	0.488275
PUS1	NA	969	2082	23.1613
PUS10	NA	86	3810	1.12329
PUS3	NA	301	1844	8.12316
PUS7	NA	664	3482	9.48984
PUS7L	NA	180	4423	2.02523
PUSL1	NA	481	1240	19.3038
PVALB	NA	0	572	0
PVR	NA	2075	6097	16.9364
PVRIG	NA	146	1569	4.63073
PVRIG2P	NA	342	1264	13.4648
PVRL1	NA	678	6113	5.51944
PVRL2	NA	5040	3575	70.1575
PVRL3	NA	0	6841	0
PVRL3-AS1	NA	0	1128	0
PVRL4	NA	281	3502	3.9931
PVT1	NA	351	1699	10.281
PWAR1	NA	0	2412	0
PWAR4	NA	1	342	0.14551
PWAR5	NA	71	3373	1.04752
PWARSN	NA	50	1797	1.38465
PWP1	NA	875	1853	23.4992
PWP2	NA	756	3260	11.5405
PWRN1	NA	0	1438	0
PWRN2	NA	0	5128	0
PWRN3	NA	0	849	0
PWRN4	NA	0	618	0
PWWP2A	NA	460	5771	3.96667
PWWP2B	NA	470	2612	8.95456
PXDC1	NA	412	2194	9.34502
PXDN	NA	1800	6849	13.0787
PXDNL	NA	0	4807	0
PXK	NA	394	3226	6.07787
PXMP2	NA	355	957	18.4602
PXMP4	NA	3	5724	0.026082
PXN	NA	7148	4216	84.373
PXN-AS1	NA	317	763	20.6754
PXT1	NA	2	2107	0.0472373
PXYLP1	NA	165	3553	2.31104
PYCARD	NA	287	773	18.4766
PYCARD-AS1	NA	121	1095	5.49909
PYCR1	NA	962	2298	20.8327
PYCR2	NA	1349	1771	37.9064
PYCRL	NA	617	2678	11.4655
PYDC1	NA	0	547	0
PYDC2	NA	0	294	0
PYGB	NA	1817	4131	21.8887
PYGL	NA	251	2846	4.38893
PYGM	NA	67	3616	0.922074
PYGO1	NA	1094	8396	6.48432
PYGO2	NA	886	3180	13.8652
PYHIN1	NA	0	2093	0
PYROXD1	NA	1030	4124	12.4291
PYROXD2	NA	62	2065	1.49414
PYURF	NA	1159	1356	42.5347
PYY	NA	3	1052	0.141914
PYY2	NA	31	1070	1.44178
PZP	NA	1	4610	0.0107949
QARS	NA	3399	2821	59.9608
QDPR	NA	1296	1653	39.0168
QKI	NA	1886	16362	5.73621
QPCT	NA	24	1703	0.70132
QPCTL	NA	791	2311	17.0332
QPRT	NA	2000	1554	64.047
QRFP	NA	2	411	0.242163
QRFPR	NA	1	2347	0.0212034
QRICH1	NA	2458	3315	36.8993
QRICH2	NA	202	5457	1.84212
QRSL1	NA	396	4118	4.78551
QSER1	NA	1057	9337	5.63362
QSOX1	NA	2677	3316	40.1748
QSOX2	NA	732	4527	8.04674
QTRT1	NA	515	1334	19.2119
QTRTD1	NA	1159	4024	14.3333
R3HCC1	NA	716	1589	22.4238
R3HCC1L	NA	359	3565	5.01135
R3HDM1	NA	1125	4893	11.4419
R3HDM2	NA	497	3974	6.22369
R3HDM4	NA	1331	1809	36.615
R3HDML	NA	0	762	0
RAB10	NA	2583	3785	33.9608
RAB11A	NA	3369	4929	34.0143
RAB11B	NA	1984	1628	60.6467
RAB11B-AS1	NA	159	1022	7.74223
RAB11FIP1	NA	1668	7856	10.5661
RAB11FIP2	NA	292	6061	2.3975
RAB11FIP3	NA	864	4448	9.66648
RAB11FIP4	NA	936	8901	5.23307
RAB11FIP5	NA	726	4342	8.32083
RAB12	NA	425	2138	9.89238
RAB13	NA	3427	1714	99.5
RAB14	NA	1721	4363	19.6298
RAB15	NA	899	3391	13.1932
RAB17	NA	42	1999	1.04558
RAB18	NA	1255	5090	12.27
RAB19	NA	0	952	0
RAB1A	NA	5195	2643	97.8156
RAB1B	NA	3102	1955	78.9614
RAB20	NA	74	1522	2.41956
RAB21	NA	647	2627	12.2564
RAB22A	NA	883	8651	5.07942
RAB23	NA	678	4979	6.77653
RAB24	NA	587	1839	15.8846
RAB25	NA	2	1085	0.0917318
RAB26	NA	152	1826	4.1425
RAB27A	NA	373	3699	5.01816
RAB27B	NA	1	7003	0.00710617
RAB28	NA	432	1884	11.411
RAB29	NA	406	3494	5.78259
RAB2A	NA	1653	3812	21.5794
RAB2B	NA	268	3002	4.44267
RAB30	NA	233	10414	1.11342
RAB30-AS1	NA	176	673	13.0142
RAB31	NA	3338	3994	41.5909
RAB32	NA	1148	1203	47.4893
RAB33A	NA	1	1108	0.0449138
RAB33B	NA	128	3868	1.64681
RAB34	NA	4007	1916	104.074
RAB35	NA	1516	2945	25.6173
RAB36	NA	180	3822	2.3437
RAB37	NA	10	3603	0.13812
RAB38	NA	0	1460	0
RAB39A	NA	16	1858	0.428542
RAB39B	NA	152	3512	2.15382
RAB3A	NA	65	1501	2.15502
RAB3B	NA	1267	12844	4.90903
RAB3C	NA	0	1009	0
RAB3D	NA	986	4273	11.4832
RAB3GAP1	NA	1378	4938	13.8873
RAB3GAP2	NA	1123	7329	7.62526
RAB3IL1	NA	207	2602	3.95897
RAB3IP	NA	140	10222	0.681572
RAB40A	NA	112	1346	4.14088
RAB40AL	NA	57	1029	2.75663
RAB40B	NA	677	1759	19.1532
RAB40C	NA	830	2933	14.0827
RAB41	NA	5	1071	0.232327
RAB42	NA	0	1333	0
RAB43	NA	999	4679	10.6251
RAB44	NA	7	4233	0.0822942
RAB4A	NA	1110	3035	18.2005
RAB4B	NA	177	1189	7.40817
RAB4B-EGLN2	NA	1907	2849	33.3102
RAB5A	NA	1138	2535	22.34
RAB5B	NA	3144	5428	28.8245
RAB5C	NA	3397	2031	83.2349
RAB6A	NA	2961	3560	41.3912
RAB6B	NA	670	5560	5.9968
RAB6C	NA	632	3077	10.2214
RAB6C-AS1	NA	37	2460	0.74849
RAB7A	NA	4676	2232	104.256
RAB8A	NA	1793	2177	40.9866
RAB8B	NA	475	4875	4.84885
RAB9A	NA	802	1362	29.3033
RAB9B	NA	9	3799	0.117894
RAB9BP1	NA	0	625	0
RABAC1	NA	2514	807	155.028
RABEP1	NA	2341	6132	18.9985
RABEP2	NA	448	2280	9.77829
RABEPK	NA	379	1664	11.3346
RABGAP1	NA	993	4999	9.88521
RABGAP1L	NA	259	10393	1.24016
RABGEF1	NA	942	5417	8.6539
RABGGTA	NA	478	2293	10.3739
RABGGTB	NA	1122	1709	32.6716
RABIF	NA	333	3227	5.13529
RABL2A	NA	620	2218	13.9107
RABL2B	NA	1080	2616	20.545
RABL3	NA	353	3883	4.52404
RABL6	NA	3642	3890	46.5918
RAC1	NA	5919	2398	122.834
RAC2	NA	17	1511	0.559892
RAC3	NA	1005	1060	47.1824
RACGAP1	NA	1420	3459	20.4295
RACGAP1P	NA	55	2794	0.979616
RAD1	NA	501	4682	5.32508
RAD17	NA	627	3866	8.07096
RAD18	NA	559	5739	4.84725
RAD21	NA	3281	3750	43.5406
RAD21-AS1	NA	7	2010	0.173309
RAD21L1	NA	1	1808	0.0275246
RAD23A	NA	1274	1821	34.816
RAD23B	NA	6102	4442	68.3618
RAD50	NA	1309	6597	9.87445
RAD51	NA	312	2420	6.41592
RAD51-AS1	NA	7	1135	0.306918
RAD51AP1	NA	321	2269	7.04028
RAD51AP2	NA	0	3589	0
RAD51B	NA	186	3854	2.40171
RAD51C	NA	712	1513	23.4186
RAD51D	NA	144	2583	2.77433
RAD51L3-RFFL	NA	465	3904	5.92738
RAD52	NA	225	3756	2.9811
RAD54B	NA	574	8477	3.36969
RAD54L	NA	540	3146	8.5419
RAD54L2	NA	121	4705	1.27981
RAD9A	NA	790	2313	16.997
RAD9B	NA	25	3037	0.409652
RADIL	NA	152	3670	2.06109
RAE1	NA	998	2170	22.8871
RAET1E	NA	1	2554	0.0194849
RAET1E-AS1	NA	31	1376	1.12115
RAET1G	NA	1	1181	0.0421376
RAET1K	NA	9	1883	0.237855
RAET1L	NA	7	802	0.434353
RAF1	NA	2455	3275	37.3044
RAG1	NA	4	6580	0.030252
RAG2	NA	6	2820	0.105882
RAI1	NA	1930	7660	12.5386
RAI1-AS1	NA	2	718	0.13862
RAI14	NA	3367	5856	28.6129
RAI2	NA	0	2742	0
RALA	NA	2148	2810	38.0406
RALB	NA	1532	2261	33.7192
RALBP1	NA	1864	4354	21.3048
RALGAPA1	NA	373	8087	2.29531
RALGAPA1P	NA	276	7496	1.83231
RALGAPA2	NA	199	9426	1.05062
RALGAPB	NA	1847	8676	10.5942
RALGDS	NA	1327	4435	14.8901
RALGPS1	NA	179	7634	1.16686
RALGPS2	NA	1687	7591	11.0595
RALY	NA	2729	4773	28.4532
RALY-AS1	NA	29	672	2.14757
RALYL	NA	1	3354	0.0148374
RAMP1	NA	3	974	0.153279
RAMP2	NA	17	786	1.07633
RAMP2-AS1	NA	6	3257	0.0916755
RAMP3	NA	0	1347	0
RAN	NA	8957	2546	175.075
RANBP1	NA	2891	1991	72.2597
RANBP10	NA	653	5305	6.12558
RANBP17	NA	173	4576	1.88139
RANBP2	NA	3896	11711	16.5556
RANBP3	NA	1665	3401	24.3628
RANBP3L	NA	3	2618	0.0570258
RANBP6	NA	725	4622	7.80598
RANBP9	NA	899	3113	14.3714
RANGAP1	NA	8374	4589	90.8102
RANGRF	NA	652	1166	27.8271
RAP1A	NA	998	5323	9.33026
RAP1B	NA	3786	2151	87.5911
RAP1GAP	NA	73	3596	1.01024
RAP1GAP2	NA	435	6663	3.24892
RAP1GDS1	NA	978	3761	12.9406
RAP2A	NA	709	4358	8.09615
RAP2B	NA	1508	8413	8.92011
RAP2C	NA	1027	4196	12.1802
RAP2C-AS1	NA	30	3422	0.436276
RAPGEF1	NA	2020	6483	15.5058
RAPGEF2	NA	505	6820	3.68491
RAPGEF3	NA	489	6602	3.68598
RAPGEF4	NA	5	5142	0.0483902
RAPGEF4-AS1	NA	0	4621	0
RAPGEF5	NA	35	6622	0.263026
RAPGEF6	NA	280	9380	1.48551
RAPGEFL1	NA	262	4004	3.25632
RAPH1	NA	572	10501	2.71072
RAPSN	NA	19	1671	0.565844
RARA	NA	324	4361	3.69725
RARA-AS1	NA	31	1790	0.861843
RARB	NA	19	3549	0.26642
RARG	NA	649	3431	9.41334
RARRES1	NA	2	1666	0.0597413
RARRES2	NA	111	741	7.4546
RARRES3	NA	127	765	8.26156
RARS	NA	2087	2138	48.5774
RARS2	NA	1067	1832	28.984
RASA1	NA	451	4451	5.04241
RASA2	NA	333	5652	2.93198
RASA3	NA	680	4200	8.05711
RASA4	NA	298	5606	2.64535
RASA4B	NA	521	5588	4.63982
RASA4CP	NA	69	1527	2.24869
RASAL1	NA	15	4002	0.186524
RASAL2	NA	860	11040	3.87658
RASAL2-AS1	NA	31	2338	0.659837
RASAL3	NA	2	3290	0.030252
RASD1	NA	4	1746	0.114008
RASD2	NA	244	2972	4.08564
RASEF	NA	1	5576	0.00892477
RASGEF1A	NA	580	3341	8.63915
RASGEF1B	NA	3	2962	0.0504029
RASGEF1C	NA	19	2216	0.426681
RASGRF1	NA	43	7338	0.291615
RASGRF2	NA	71	8156	0.433212
RASGRF2-AS1	NA	0	539	0
RASGRP1	NA	5	5028	0.0494874
RASGRP2	NA	21	2582	0.404746
RASGRP3	NA	58	5293	0.545313
RASGRP4	NA	18	3218	0.27836
RASIP1	NA	52	3302	0.783693
RASL10A	NA	38	1490	1.26916
RASL10B	NA	1542	3194	24.0253
RASL11A	NA	119	1543	3.83796
RASL11B	NA	253	1957	6.43353
RASL12	NA	2	2640	0.0377004
RASSF1	NA	515	2344	10.9338
RASSF1-AS1	NA	5	786	0.316568
RASSF10	NA	0	2684	0
RASSF2	NA	416	5449	3.79923
RASSF3	NA	954	3492	13.5955
RASSF4	NA	132	2495	2.63283
RASSF5	NA	20	4166	0.238908
RASSF6	NA	3	6123	0.0243824
RASSF7	NA	910	1757	25.7744
RASSF8	NA	436	7068	3.0698
RASSF8-AS1	NA	87	1084	3.99401
RASSF9	NA	0	1796	0
RAVER1	NA	2319	3592	32.128
RAVER2	NA	495	4361	5.64857
RAX	NA	0	3197	0
RAX2	NA	3	2153	0.0693421
RB1	NA	908	4772	9.46902
RB1CC1	NA	1247	6667	9.30798
RBAK	NA	729	6652	5.45375
RBAK-RBAKDN	NA	11	858	0.638006
RBAKDN	NA	10	579	0.85949
RBBP4	NA	3663	8018	22.7348
RBBP5	NA	577	4411	6.50966
RBBP6	NA	4637	7256	31.8024
RBBP7	NA	3227	2381	67.4465
RBBP8	NA	588	3555	8.23109
RBBP8NL	NA	0	2833	0
RBBP9	NA	574	3857	7.40597
RBCK1	NA	1076	2762	19.3869
RBFA	NA	434	5679	3.8031
RBFADN	NA	2	808	0.123179
RBFOX1	NA	0	5703	0
RBFOX2	NA	2455	7329	16.6696
RBFOX3	NA	18	2990	0.299586
RBKS	NA	107	2390	2.22795
RBL1	NA	214	5814	1.83172
RBL2	NA	688	4886	7.00736
RBM10	NA	1437	3433	20.8306
RBM11	NA	29	1967	0.733691
RBM12	NA	2542	6702	18.8752
RBM12B	NA	455	5101	4.4389
RBM12B-AS1	NA	7	709	0.491328
RBM14	NA	2282	5407	21.0029
RBM14-RBM4	NA	2651	1614	81.7383
RBM15	NA	418	3431	6.06283
RBM15B	NA	2746	6638	20.5865
RBM17	NA	1471	3961	18.4811
RBM18	NA	556	3287	8.41772
RBM19	NA	1508	5646	13.2917
RBM20	NA	154	7235	1.05926
RBM22	NA	1371	2346	29.0823
RBM23	NA	1209	2604	23.1049
RBM24	NA	545	2724	9.95655
RBM25	NA	2939	4303	33.9897
RBM26	NA	930	5239	8.83393
RBM26-AS1	NA	12	2471	0.241673
RBM27	NA	983	6540	7.47989
RBM28	NA	930	2809	16.476
RBM3	NA	5061	4432	56.8272
RBM33	NA	985	10325	4.74751
RBM34	NA	1331	2071	31.9829
RBM38	NA	1661	2484	33.2765
RBM39	NA	4835	3019	79.699
RBM4	NA	3849	4230	45.2822
RBM41	NA	329	6391	2.56181
RBM42	NA	2080	1650	62.7334
RBM43	NA	79	3914	1.00444
RBM44	NA	5	4283	0.0580954
RBM45	NA	270	1815	7.40298
RBM46	NA	1	3852	0.0129191
RBM47	NA	512	5248	4.85507
RBM48	NA	178	1717	5.15904
RBM4B	NA	854	1844	23.0471
RBM5	NA	1615	3131	25.669
RBM5-AS1	NA	46	1386	1.65164
RBM6	NA	1517	3739	20.1906
RBM7	NA	575	3750	7.63056
RBM8A	NA	1973	4959	19.7994
RBMS1	NA	759	4286	8.8127
RBMS2	NA	921	8486	5.40103
RBMS3	NA	4	8365	0.0237965
RBMS3-AS1	NA	0	554	0
RBMS3-AS3	NA	0	880	0
RBMX	NA	5633	3418	82.0139
RBMX2	NA	521	1528	16.9681
RBMXL1	NA	875	5087	8.55985
RBMXL2	NA	1	2215	0.022467
RBMXL3	NA	0	3469	0
RBMY1A1	NA	0	3774	0
RBMY1A3P	NA	0	427	0
RBMY1B	NA	0	3842	0
RBMY1D	NA	0	3762	0
RBMY1E	NA	0	1881	0
RBMY1F	NA	1	1881	0.0264564
RBMY1J	NA	1	1881	0.0264564
RBMY2EP	NA	0	534	0
RBMY2FP	NA	0	2042	0
RBMY3AP	NA	0	317	0
RBP1	NA	5	1954	0.12734
RBP2	NA	86	688	6.22056
RBP3	NA	4	4276	0.0465524
RBP4	NA	0	929	0
RBP5	NA	8	940	0.423528
RBP7	NA	4	655	0.303905
RBPJ	NA	4805	6278	38.0883
RBPJL	NA	0	2509	0
RBPMS	NA	1679	3444	24.2609
RBPMS-AS1	NA	76	909	4.16073
RBPMS2	NA	1560	1994	38.9331
RBSN	NA	623	6993	4.43347
RBX1	NA	822	906	45.1506
RC3H1	NA	982	11129	4.39112
RC3H2	NA	445	4198	5.27518
RCAN1	NA	2025	3597	28.0159
RCAN2	NA	11	3994	0.137058
RCAN3	NA	239	3030	3.92532
RCAN3AS	NA	1	429	0.116001
RCBTB1	NA	1295	4033	15.9794
RCBTB2	NA	235	3251	3.59725
RCC1	NA	1451	3027	23.8547
RCC2	NA	3516	4163	42.0303
RCCD1	NA	21	2767	0.377685
RCE1	NA	434	1471	14.6824
RCHY1	NA	568	4501	6.27999
RCL1	NA	370	2303	7.99516
RCN1	NA	5108	2516	101.032
RCN2	NA	1953	2267	42.8717
RCN3	NA	80	1854	2.14734
RCOR1	NA	1251	5756	10.8157
RCOR2	NA	953	2604	18.2126
RCOR3	NA	467	4985	4.66199
RCSD1	NA	16	2991	0.266209
RCVRN	NA	0	1175	0
RD3	NA	18	4266	0.209977
RD3L	NA	1	1201	0.0414359
RDH10	NA	2260	3963	28.3794
RDH10-AS1	NA	15	3261	0.228908
RDH11	NA	1513	2566	29.3428
RDH12	NA	1	1878	0.0264987
RDH13	NA	553	2767	9.9457
RDH14	NA	462	1600	14.3695
RDH16	NA	11	1723	0.317707
RDH5	NA	19	1342	0.704564
RDH8	NA	1	1714	0.0290341
RDM1	NA	23	1308	0.875064
RDX	NA	2460	5548	22.0657
REC114	NA	2	925	0.107599
REC8	NA	70	2331	1.49443
RECK	NA	190	4412	2.14308
RECQL	NA	1472	3779	19.3843
RECQL4	NA	893	3816	11.6456
RECQL5	NA	766	5185	7.3519
REEP1	NA	109	3913	1.38623
REEP2	NA	1900	2266	41.7266
REEP3	NA	458	5205	4.37889
REEP4	NA	876	1694	25.7342
REEP5	NA	2514	3116	40.1502
REEP6	NA	362	1373	13.1207
REG1A	NA	0	808	0
REG1B	NA	0	806	0
REG1P	NA	0	2925	0
REG3A	NA	0	1097	0
REG3G	NA	0	955	0
REG4	NA	6	2262	0.132001
REL	NA	42	7827	0.267038
RELA	NA	1496	2578	28.8781
RELB	NA	457	2275	9.99665
RELL1	NA	323	4036	3.98264
RELL2	NA	301	2583	5.79911
RELN	NA	43	11571	0.184934
RELT	NA	544	3643	7.43121
REM1	NA	0	1670	0
REM2	NA	7	1859	0.187386
REN	NA	7	1465	0.237783
RENBP	NA	283	1471	9.574
REP15	NA	9	1139	0.393223
REPIN1	NA	10760	3351	159.793
REPS1	NA	1256	4019	15.5522
REPS2	NA	14	7953	0.0876025
RER1	NA	2304	3104	36.9386
RERE	NA	1968	8321	11.7698
REREP3	NA	2	804	0.123792
RERG	NA	0	2325	0
RERG-AS1	NA	0	335	0
RERGL	NA	0	1147	0
RESP18	NA	0	795	0
REST	NA	1141	7460	7.61143
RET	NA	22	6397	0.171146
RETN	NA	1	478	0.10411
RETNLB	NA	0	573	0
RETSAT	NA	1607	3311	24.1533
REV1	NA	872	4734	9.16659
REV3L	NA	1101	11071	4.94903
REXO1	NA	1183	4581	12.8512
REXO1L2P	NA	0	8625	0
REXO2	NA	986	1160	42.2998
REXO4	NA	1003	2492	20.0296
RFC1	NA	1638	4899	16.639
RFC2	NA	1056	1846	28.4677
RFC3	NA	869	2865	15.0944
RFC4	NA	1037	1585	32.5589
RFC5	NA	487	2473	9.79996
RFESD	NA	23	2841	0.40288
RFFL	NA	475	4346	5.43906
RFK	NA	779	2707	14.3209
RFNG	NA	956	1828	26.0256
RFPL1	NA	22	1496	0.731831
RFPL1S	NA	58	5115	0.564289
RFPL2	NA	29	2722	0.530187
RFPL3	NA	10	1501	0.331542
RFPL3S	NA	15	1362	0.548067
RFPL4A	NA	91	908	4.98741
RFPL4AL1	NA	83	864	4.78062
RFPL4B	NA	280	1900	7.33371
RFT1	NA	474	5098	4.62699
RFTN1	NA	1680	3002	27.8496
RFTN2	NA	10	3113	0.15986
RFWD2	NA	1157	2789	20.6445
RFWD3	NA	1831	4952	18.4004
RFX1	NA	303	4377	3.44497
RFX2	NA	471	4112	5.70016
RFX3	NA	764	10633	3.57567
RFX3-AS1	NA	7	1109	0.314113
RFX4	NA	4	4377	0.0454782
RFX5	NA	1616	3618	22.2276
RFX6	NA	0	3507	0
RFX7	NA	1027	7195	7.10329
RFX8	NA	0	1729	0
RFXANK	NA	1037	1632	31.6212
RFXAP	NA	185	2825	3.25891
RGAG1	NA	6	5426	0.0550289
RGAG4	NA	326	4338	3.73979
RGCC	NA	39	1108	1.75164
RGL1	NA	1354	5512	12.2244
RGL2	NA	961	16710	2.86198
RGL3	NA	1	2561	0.0194317
RGL4	NA	0	2885	0
RGMA	NA	144	4015	1.78483
RGMB	NA	144	4580	1.56465
RGMB-AS1	NA	9	2030	0.220631
RGN	NA	3	2257	0.0661469
RGP1	NA	100	1717	2.89834
RGPD1	NA	768	6692	5.71117
RGPD2	NA	748	5500	6.76797
RGPD3	NA	1500	5873	12.7102
RGPD4	NA	1682	7172	11.6709
RGPD4-AS1	NA	0	1581	0
RGPD5	NA	3462	7790	22.1161
RGPD6	NA	3462	7809	22.0623
RGPD8	NA	3606	7299	24.5857
RGR	NA	0	1475	0
RGS1	NA	164	1403	5.81709
RGS10	NA	632	974	32.2907
RGS11	NA	10	2434	0.204456
RGS12	NA	412	7024	2.91899
RGS13	NA	0	1562	0
RGS14	NA	669	2406	13.8373
RGS16	NA	2	2432	0.0409247
RGS17	NA	1	1466	0.0339458
RGS18	NA	0	2145	0
RGS19	NA	268	1691	7.88698
RGS2	NA	307	1350	11.3168
RGS20	NA	193	2744	3.5002
RGS21	NA	0	1793	0
RGS22	NA	0	4628	0
RGS3	NA	1642	7307	11.1829
RGS4	NA	19	3978	0.237689
RGS5	NA	615	7424	4.12246
RGS6	NA	0	6427	0
RGS7	NA	0	2576	0
RGS7BP	NA	0	4703	0
RGS8	NA	0	912	0
RGS9	NA	240	2581	4.62746
RGS9BP	NA	38	2894	0.653438
RGSL1	NA	0	3760	0
RHAG	NA	0	1928	0
RHBDD1	NA	353	5157	3.40641
RHBDD2	NA	1449	1878	38.3966
RHBDD3	NA	751	1738	21.5035
RHBDF1	NA	1634	2992	27.1775
RHBDF2	NA	800	3605	11.0434
RHBDL1	NA	140	1463	4.76215
RHBDL2	NA	37	2003	0.919264
RHBDL3	NA	92	4661	0.982264
RHBG	NA	11	2025	0.270326
RHCE	NA	62	1618	1.90692
RHCG	NA	6	1980	0.150801
RHD	NA	6	3007	0.0992973
RHEB	NA	1500	2075	35.9743
RHEBL1	NA	47	1287	1.81735
RHNO1	NA	809	2464	16.3391
RHO	NA	1	2768	0.0179785
RHOA	NA	13240	1921	342.989
RHOB	NA	6271	2373	131.51
RHOBTB1	NA	4541	4792	47.1579
RHOBTB2	NA	1087	5823	9.28971
RHOBTB3	NA	2388	5566	21.3506
RHOC	NA	10852	1621	333.155
RHOD	NA	4	1133	0.175691
RHOF	NA	1685	2435	34.4366
RHOG	NA	852	1319	32.1451
RHOH	NA	299	3279	4.53784
RHOJ	NA	0	3619	0
RHOQ	NA	3180	4542	34.8417
RHOT1	NA	397	3615	5.46515
RHOT2	NA	1661	2542	32.5172
RHOU	NA	273	4758	2.85534
RHOV	NA	83	1705	2.42255
RHOXF1	NA	1	769	0.0647133
RHOXF1-AS1	NA	1	2103	0.0236636
RHOXF1P1	NA	0	780	0
RHOXF2	NA	0	1297	0
RHOXF2B	NA	0	1309	0
RHPN1	NA	746	3715	9.99309
RHPN1-AS1	NA	39	2013	0.964141
RHPN2	NA	327	3531	4.60861
RIBC1	NA	56	2827	0.985784
RIBC2	NA	32	1404	1.13423
RIC1	NA	756	6971	5.39692
RIC3	NA	30	5861	0.254724
RIC8A	NA	2738	3783	36.0178
RIC8B	NA	358	4989	3.57099
RICTOR	NA	707	9613	3.65999
RIF1	NA	863	10179	4.21915
RIIAD1	NA	0	455	0
RILP	NA	184	1791	5.1126
RILPL1	NA	843	2624	15.9876
RILPL2	NA	704	1801	19.4526
RIMBP2	NA	1150	6322	9.05238
RIMBP3	NA	109	5793	0.936359
RIMBP3B	NA	110	5416	1.01073
RIMBP3C	NA	110	5793	0.94495
RIMKLA	NA	99	10569	0.466145
RIMKLB	NA	149	6559	1.13049
RIMS1	NA	0	9059	0
RIMS2	NA	1442	7973	9.00043
RIMS3	NA	526	7229	3.62099
RIMS4	NA	504	5210	4.81407
RIN1	NA	563	2684	10.4387
RIN2	NA	42	4507	0.463747
RIN3	NA	571	3847	7.38641
RING1	NA	841	10428	4.01342
RINL	NA	222	3060	3.61037
RINT1	NA	419	2976	7.00649
RIOK1	NA	628	2578	12.1226
RIOK2	NA	916	4684	9.73191
RIOK3	NA	1463	4033	18.0524
RIPK1	NA	739	3864	9.51759
RIPK2	NA	725	2585	13.9572
RIPK3	NA	0	1921	0
RIPK4	NA	18	3872	0.231343
RIPPLY1	NA	0	1186	0
RIPPLY2	NA	0	816	0
RIPPLY3	NA	0	2234	0
RIT1	NA	878	3481	12.5519
RIT2	NA	0	1166	0
RITA1	NA	1162	2053	28.1668
RLBP1	NA	64	1752	1.81788
RLF	NA	601	6250	4.78535
RLIM	NA	1971	10629	9.22813
RLN1	NA	0	1004	0
RLN2	NA	0	922	0
RLN3	NA	1	452	0.110098
RLTPR	NA	257	4479	2.85543
RMDN1	NA	750	3064	12.1813
RMDN2	NA	19	3324	0.284454
RMDN2-AS1	NA	2	526	0.189219
RMDN3	NA	1236	2331	26.3874
RMI1	NA	203	3494	2.8913
RMI2	NA	623	1451	21.3668
RMND1	NA	259	2003	6.43485
RMND5A	NA	1583	6183	12.7409
RMND5B	NA	652	2106	15.4067
RMRP	NA	11	268	2.04257
RMST	NA	4	2099	0.0948347
RNA45S5	NA	414955	13357	1546.01
RNA5-8S5	NA	1654	312	263.816
RNASE1	NA	63	970	3.23213
RNASE10	NA	0	651	0
RNASE11	NA	0	1766	0
RNASE12	NA	0	743	0
RNASE13	NA	1	1607	0.0309673
RNASE2	NA	0	735	0
RNASE3	NA	1	716	0.0695035
RNASE4	NA	138	1996	3.44063
RNASE6	NA	1	1061	0.0469034
RNASE7	NA	4	1498	0.132882
RNASE8	NA	0	634	0
RNASE9	NA	0	1247	0
RNASEH1	NA	769	2103	18.1973
RNASEH1-AS1	NA	161	1373	5.83546
RNASEH2A	NA	627	1142	27.3225
RNASEH2B	NA	239	2158	5.51145
RNASEH2B-AS1	NA	2	624	0.159502
RNASEH2C	NA	1436	2785	25.6595
RNASEK	NA	2424	1028	117.344
RNASEK-C17orf49	NA	2841	1909	74.0602
RNASEL	NA	8	4241	0.0938731
RNASET2	NA	1405	1250	55.9353
RND1	NA	75	1665	2.24164
RND2	NA	874	4152	10.4755
RND3	NA	3276	2807	58.0793
RNF10	NA	3087	3847	39.9332
RNF103	NA	515	5096	5.02918
RNF103-CHMP3	NA	2197	3373	32.4141
RNF11	NA	1254	3074	20.3008
RNF111	NA	372	6213	2.97962
RNF112	NA	3	3228	0.0462495
RNF113A	NA	243	1297	9.32365
RNF113B	NA	0	1378	0
RNF114	NA	1314	2467	26.5061
RNF115	NA	489	1950	12.4794
RNF121	NA	568	2754	10.2637
RNF122	NA	72	1872	1.91402
RNF123	NA	475	4295	5.50364
RNF125	NA	104	5888	0.878992
RNF126	NA	1541	1650	46.477
RNF126P1	NA	29	1318	1.09497
RNF128	NA	0	3411	0
RNF13	NA	652	2964	10.9468
RNF130	NA	867	2263	19.0658
RNF133	NA	0	1443	0
RNF135	NA	6	2220	0.134499
RNF138	NA	622	3664	8.44801
RNF138P1	NA	47	5701	0.410267
RNF139	NA	744	3312	11.179
RNF139-AS1	NA	18	5821	0.153884
RNF14	NA	469	4523	5.16019
RNF141	NA	2116	4084	25.784
RNF144A	NA	128	5739	1.10992
RNF144A-AS1	NA	12	2348	0.254333
RNF144B	NA	3	5036	0.0296453
RNF145	NA	2857	4312	32.9724
RNF146	NA	637	2908	10.901
RNF148	NA	2	1302	0.0764432
RNF149	NA	1278	2968	21.4282
RNF150	NA	50	4661	0.533839
RNF151	NA	1	796	0.0625182
RNF152	NA	19	1805	0.523837
RNF157	NA	695	4891	7.07142
RNF157-AS1	NA	86	2177	1.96589
RNF165	NA	10	7040	0.0706882
RNF166	NA	462	2711	8.48071
RNF167	NA	1796	1708	52.3285
RNF168	NA	591	5344	5.50352
RNF169	NA	547	7823	3.47963
RNF17	NA	0	5107	0
RNF170	NA	367	5479	3.33338
RNF175	NA	0	1569	0
RNF180	NA	3	5060	0.0295046
RNF181	NA	694	716	48.2354
RNF182	NA	86	3797	1.12714
RNF183	NA	2	1210	0.0822554
RNF185	NA	1350	3477	19.3218
RNF186	NA	0	1250	0
RNF187	NA	3736	3133	59.3425
RNF19A	NA	1055	4824	10.8834
RNF19B	NA	876	2737	15.9275
RNF2	NA	714	3551	10.0062
RNF20	NA	654	3942	8.25621
RNF207	NA	28	3971	0.350895
RNF208	NA	66	1077	3.04963
RNF212	NA	0	3097	0
RNF212B	NA	64	2436	1.30744
RNF213	NA	1836	23207	3.93707
RNF214	NA	290	2797	5.15971
RNF215	NA	507	1920	13.1409
RNF216	NA	1439	5850	12.2412
RNF216-IT1	NA	0	337	0
RNF216P1	NA	826	2430	16.9158
RNF217	NA	281	5493	2.54575
RNF217-AS1	NA	29	5342	0.270155
RNF219	NA	413	3534	5.81571
RNF219-AS1	NA	132	2418	2.71667
RNF220	NA	934	3010	15.4419
RNF222	NA	1	3066	0.0162311
RNF223	NA	43	1122	1.9072
RNF224	NA	19	1503	0.629092
RNF225	NA	2	990	0.100534
RNF24	NA	213	3560	2.97748
RNF25	NA	1224	1561	39.021
RNF26	NA	2000	2815	35.3567
RNF31	NA	513	3556	7.17919
RNF32	NA	52	3813	0.678666
RNF34	NA	791	2091	18.8253
RNF38	NA	481	5560	4.30517
RNF39	NA	91	16050	0.282154
RNF4	NA	1543	3674	20.9
RNF40	NA	2910	6057	23.9086
RNF41	NA	1056	5712	9.20016
RNF43	NA	9	5828	0.0768498
RNF44	NA	1274	4153	15.2661
RNF5	NA	1537	7959	9.61026
RNF5P1	NA	1537	8531	8.96589
RNF6	NA	1078	3938	13.6227
RNF7	NA	2063	2265	45.3263
RNF8	NA	714	5737	6.19345
RNFT1	NA	256	2016	6.3193
RNFT2	NA	140	2898	2.40408
RNGTT	NA	654	4836	6.72994
RNH1	NA	2269	2209	51.1162
RNLS	NA	39	3585	0.541371
RNMT	NA	926	6249	7.37429
RNMTL1	NA	445	1801	12.2961
RNPC3	NA	101	1885	2.66643
RNPEP	NA	2283	2413	47.0834
RNPEPL1	NA	277	3018	4.56752
RNPS1	NA	5105	2750	92.381
RNU1-13P	NA	0	324	0
RNU11	NA	2	135	0.737252
RNU12	NA	1	149	0.33399
RNU4ATAC	NA	0	130	0
RNU5D-1	NA	0	64	0
RNU5E-1	NA	0	65	0
RNU5F-1	NA	0	72	0
RNU6-16P	NA	0	30	0
RNU6-19P	NA	0	87	0
RNU6-2	NA	11	958	0.571409
RNU6-28P	NA	0	171	0
RNU6-31P	NA	0	54	0
RNU6-33P	NA	0	28	0
RNU6-34P	NA	0	28	0
RNU6-35P	NA	0	30	0
RNU6-48P	NA	0	28	0
RNU6-52P	NA	0	96	0
RNU6-53P	NA	0	49	0
RNU6-57P	NA	0	27	0
RNU6-64P	NA	0	31	0
RNU6-66P	NA	0	78	0
RNU6-67P	NA	0	27	0
RNU6-69P	NA	0	28	0
RNU6-71P	NA	0	82	0
RNU6-72P	NA	1	46	1.08184
RNU6-76P	NA	0	50	0
RNU6-78P	NA	1	30	1.65882
RNU6-79P	NA	0	35	0
RNU6-81P	NA	0	48	0
RNU6-83P	NA	0	76	0
RNU6ATAC	NA	7	125	2.78681
RNU86	NA	37	55	33.4779
RNVU1-19	NA	0	168	0
RNVU1-20	NA	3	163	0.915911
RNVU1-8	NA	0	141	0
RNY4	NA	0	34	0
RNY5	NA	0	46	0
ROBO1	NA	95	7901	0.598358
ROBO2	NA	0	9024	0
ROBO3	NA	174	4554	1.90141
ROBO4	NA	34	3837	0.440968
ROCK1	NA	1663	6648	12.4486
ROCK1P1	NA	441	2460	8.9212
ROCK2	NA	606	6401	4.71134
ROGDI	NA	558	1741	15.9498
ROM1	NA	72	1878	1.9079
ROMO1	NA	1312	461	141.629
ROPN1	NA	0	1103	0
ROPN1B	NA	0	1087	0
ROPN1L	NA	16	1078	0.73862
ROPN1L-AS1	NA	2	803	0.123946
ROR1	NA	4	6573	0.0302842
ROR1-AS1	NA	1	3454	0.0144078
ROR2	NA	88	4097	1.0689
RORA	NA	56	11535	0.241596
RORA-AS1	NA	12	2483	0.240505
RORA-AS2	NA	0	1025	0
RORB	NA	0	3604	0
RORB-AS1	NA	0	824	0
RORC	NA	3	3214	0.046451
ROS1	NA	0	7368	0
RP1	NA	0	7100	0
RP11-87M18.2	NA	0	1861	0
RP1L1	NA	17	7977	0.106054
RP2	NA	155	3829	2.01449
RP9	NA	606	1120	26.9261
RP9P	NA	390	1297	14.9639
RPA1	NA	2119	4345	24.2695
RPA2	NA	2086	1956	53.072
RPA3	NA	677	1594	21.1359
RPA4	NA	3	1544	0.0966927
RPAIN	NA	1825	3133	28.9883
RPAP1	NA	1120	4682	11.9044
RPAP2	NA	303	3112	4.84532
RPAP3	NA	1472	3687	19.868
RPARP-AS1	NA	224	1592	7.00204
RPE	NA	798	3407	11.656
RPE65	NA	67	2608	1.27846
RPEL1	NA	109	2130	2.54663
RPF1	NA	865	1975	21.7956
RPF2	NA	844	3692	11.3763
RPGR	NA	155	5717	1.34922
RPGRIP1	NA	10	3946	0.126114
RPGRIP1L	NA	241	6924	1.73213
RPH3A	NA	0	4592	0
RPH3AL	NA	200	2754	3.61398
RPIA	NA	347	1834	9.41564
RPL10	NA	16188	2585	311.639
RPL10A	NA	12684	719	877.904
RPL10L	NA	1	809	0.0615136
RPL11	NA	11764	634	923.39
RPL12	NA	12606	660	950.502
RPL13	NA	19799	4726	208.482
RPL13A	NA	16324	1180	688.437
RPL13AP17	NA	0	1790	0
RPL13AP20	NA	5818	660	438.682
RPL13AP3	NA	39	1473	1.31759
RPL13AP5	NA	9887	658	747.753
RPL13AP6	NA	233	653	17.7567
RPL13P5	NA	36	624	2.87103
RPL14	NA	10607	968	545.302
RPL15	NA	21548	4716	227.38
RPL17	NA	17099	1163	731.662
RPL17-C18orf32	NA	16353	2049	397.169
RPL18	NA	20246	887	1135.89
RPL18A	NA	13752	671	1019.91
RPL19	NA	18292	732	1243.57
RPL19P12	NA	839	1134	36.8187
RPL21	NA	8652	566	760.711
RPL21P28	NA	8607	562	762.141
RPL21P44	NA	4	1784	0.11158
RPL22	NA	11077	2085	264.384
RPL22L1	NA	2127	1962	53.9496
RPL23	NA	18703	577	1613.08
RPL23A	NA	11892	970	610.102
RPL23AP32	NA	3	620	0.240796
RPL23AP53	NA	832	5788	7.15343
RPL23AP64	NA	5	633	0.393084
RPL23AP7	NA	691	1873	18.3595
RPL23AP82	NA	756	1864	20.1835
RPL23AP87	NA	408	2256	8.99996
RPL23P8	NA	1576	523	149.96
RPL24	NA	10821	562	958.188
RPL26	NA	20573	582	1759.12
RPL26L1	NA	915	710	64.1331
RPL27	NA	9982	490	1013.77
RPL27A	NA	11789	4879	120.245
RPL28	NA	11074	5183	106.327
RPL29	NA	16079	695	1151.31
RPL29P2	NA	4	649	0.306715
RPL3	NA	41594	1338	1547.01
RPL30	NA	14221	554	1277.44
RPL31	NA	7623	1481	256.148
RPL31P11	NA	11	1548	0.353624
RPL32	NA	16984	1859	454.653
RPL32P3	NA	63	2079	1.50801
RPL34	NA	4357	1014	213.83
RPL34-AS1	NA	0	3773	0
RPL35	NA	13676	460	1479.52
RPL35A	NA	6143	483	632.926
RPL36	NA	5143	604	423.74
RPL36A	NA	3753	2911	64.1588
RPL36A-HNRNPH2	NA	6004	2659	112.368
RPL36AL	NA	4270	577	368.275
RPL37	NA	18092	1570	573.464
RPL37A	NA	12496	418	1487.7
RPL38	NA	2115	392	268.5
RPL39	NA	8515	419	1011.32
RPL39L	NA	259	703	18.3343
RPL3L	NA	0	1529	0
RPL4	NA	39272	1441	1356.25
RPL41	NA	27975	584	2383.84
RPL5	NA	13124	1031	633.472
RPL6	NA	22376	1130	985.425
RPL7	NA	19105	837	1135.9
RPL7A	NA	13507	890	755.246
RPL7L1	NA	700	1275	27.3217
RPL8	NA	34042	975	1737.52
RPL9	NA	10292	896	571.625
RPLP0	NA	46537	1264	1832.19
RPLP0P2	NA	215	3525	3.03528
RPLP1	NA	10811	512	1050.79
RPLP2	NA	6145	493	620.29
RPN1	NA	7432	2341	157.988
RPN2	NA	4267	2555	83.1096
RPP14	NA	678	3598	9.37752
RPP21	NA	363	4112	4.39312
RPP25	NA	571	2333	12.1798
RPP25L	NA	594	1102	26.8241
RPP30	NA	407	5794	3.49571
RPP38	NA	670	1659	20.0978
RPP40	NA	226	1185	9.49095
RPPH1	NA	15	341	2.18905
RPRD1A	NA	1280	5305	12.0073
RPRD1B	NA	1110	3872	14.2662
RPRD2	NA	842	8221	5.09691
RPRM	NA	424	1471	14.3441
RPRML	NA	19	1093	0.865074
RPS10	NA	13677	880	773.442
RPS10-NUDT3	NA	12706	2527	250.221
RPS10P7	NA	1708	689	123.364
RPS11	NA	14105	646	1086.58
RPS12	NA	6566	503	649.61
RPS13	NA	11549	529	1086.45
RPS14	NA	14532	786	920.073
RPS14P3	NA	694	838	41.2131
RPS15	NA	8528	687	617.746
RPS15A	NA	10239	543	938.377
RPS15AP10	NA	0	906	0
RPS16	NA	14153	590	1193.76
RPS16P5	NA	0	3158	0
RPS17	NA	51914	1978	1306.1
RPS18	NA	15318	2858	266.722
RPS18P9	NA	1495	969	76.778
RPS19	NA	17350	849	1016.98
RPS19BP1	NA	2154	1018	105.297
RPS2	NA	47929	942	2532.02
RPS20	NA	19037	1321	717.159
RPS21	NA	154	396	19.3529
RPS23	NA	14243	3314	213.879
RPS24	NA	15647	2962	262.885
RPS25	NA	8377	492	847.311
RPS26	NA	4013	682	292.822
RPS26P11	NA	2572	553	231.454
RPS27	NA	9969	351	1413.4
RPS27A	NA	9760	1373	353.752
RPS27L	NA	5926	1084	272.052
RPS28	NA	4056	382	528.39
RPS29	NA	5560	1518	182.273
RPS2P32	NA	66	1025	3.20435
RPS3	NA	16911	2746	306.47
RPS3A	NA	21836	2031	535.036
RPS4X	NA	18342	956	954.791
RPS4Y1	NA	6096	897	338.199
RPS4Y2	NA	0	888	0
RPS5	NA	9078	741	609.665
RPS6	NA	35436	829	2127.21
RPS6KA1	NA	1744	3383	25.6545
RPS6KA2	NA	755	6053	6.2072
RPS6KA2-AS1	NA	0	861	0
RPS6KA2-IT1	NA	4	579	0.343796
RPS6KA3	NA	514	7710	3.31763
RPS6KA4	NA	1170	3137	18.5606
RPS6KA5	NA	115	4313	1.3269
RPS6KA6	NA	52	8205	0.315387
RPS6KB1	NA	699	5483	6.34422
RPS6KB2	NA	911	1770	25.6133
RPS6KC1	NA	477	4399	5.39615
RPS6KL1	NA	386	5195	3.69761
RPS7	NA	6117	728	418.145
RPS7P5	NA	0	953	0
RPS8	NA	16888	705	1192.09
RPS9	NA	12060	713	841.739
RPSA	NA	21502	1185	902.984
RPSAP52	NA	17	1144	0.739507
RPSAP58	NA	27588	1379	995.579
RPSAP9	NA	5880	1440	203.205
RPTN	NA	0	3569	0
RPTOR	NA	961	6856	6.97545
RPUSD1	NA	1356	2050	32.9174
RPUSD2	NA	388	2116	9.12506
RPUSD3	NA	763	1227	30.9456
RPUSD4	NA	612	2512	12.1242
RQCD1	NA	1608	3858	20.7417
RRAD	NA	436	1476	14.7001
RRAGA	NA	928	1650	27.9888
RRAGB	NA	181	2207	4.08127
RRAGC	NA	834	2733	15.1861
RRAGD	NA	606	4926	6.12206
RRAS	NA	1451	983	73.4571
RRAS2	NA	1481	2752	26.781
RRBP1	NA	4606	3792	60.4471
RREB1	NA	684	8905	3.82245
RRH	NA	3	1556	0.095947
RRM1	NA	2072	3191	32.3134
RRM2	NA	1992	3434	28.8675
RRM2B	NA	2656	5200	25.4182
RRN3	NA	1195	3780	15.7324
RRN3P1	NA	205	1609	6.34041
RRN3P2	NA	126	2396	2.617
RRN3P3	NA	137	2492	2.73585
RRNAD1	NA	325	2269	7.12801
RRP1	NA	952	1807	26.2179
RRP12	NA	1367	4426	15.3701
RRP15	NA	645	7771	4.1305
RRP1B	NA	2314	5087	22.6371
RRP36	NA	1173	1159	50.3656
RRP7A	NA	2366	5455	21.5844
RRP7BP	NA	631	2316	13.5585
RRP8	NA	338	1751	9.60617
RRP9	NA	953	1582	29.9782
RRS1	NA	1241	1706	36.2003
RRS1-AS1	NA	9	4368	0.102537
RS1	NA	1	3026	0.0164456
RSAD1	NA	591	2630	11.1828
RSAD2	NA	2	3512	0.0283397
RSBN1	NA	355	6739	2.62152
RSBN1L	NA	295	3220	4.55917
RSC1A1	NA	180	1854	4.8315
RSF1	NA	1186	5134	11.496
RSG1	NA	70	1560	2.23302
RSL1D1	NA	5238	5135	50.7627
RSL24D1	NA	2237	1473	75.5758
RSPH1	NA	41	1429	1.42781
RSPH10B	NA	23	3106	0.368507
RSPH10B2	NA	23	3106	0.368507
RSPH14	NA	3	1252	0.119244
RSPH3	NA	124	2177	2.83454
RSPH4A	NA	42	2840	0.735954
RSPH6A	NA	1	2484	0.020034
RSPH9	NA	15	1059	0.70488
RSPO1	NA	262	3089	4.22088
RSPO2	NA	1	3422	0.0145425
RSPO3	NA	14	4583	0.152019
RSPO4	NA	12	2709	0.220441
RSPRY1	NA	915	4416	10.3113
RSRC1	NA	177	1739	5.06516
RSRC2	NA	1835	2452	37.2422
RSRP1	NA	949	1465	32.2365
RSU1	NA	1252	3753	16.6014
RSU1P2	NA	0	1844	0
RTBDN	NA	52	2365	1.09419
RTCA	NA	754	2623	14.3052
RTCA-AS1	NA	7	780	0.446604
RTCB	NA	3262	2066	78.573
RTEL1	NA	554	5197	5.30489
RTEL1-TNFRSF6B	NA	511	5772	4.40569
RTF1	NA	1679	5021	16.641
RTFDC1	NA	1342	1745	38.2716
RTKN	NA	1035	2849	18.0787
RTKN2	NA	232	8403	1.37396
RTL1	NA	0	4193	0
RTN1	NA	37	3678	0.500622
RTN2	NA	813	2288	17.6829
RTN3	NA	2253	4976	22.532
RTN4	NA	9636	5202	92.182
RTN4IP1	NA	292	2636	5.51261
RTN4R	NA	1364	1919	35.3719
RTN4RL1	NA	1018	3625	13.9752
RTN4RL2	NA	93	2220	2.08473
RTP1	NA	3	2217	0.0673403
RTP2	NA	0	1346	0
RTP3	NA	0	817	0
RTP4	NA	0	1011	0
RTP5	NA	0	1798	0
RTTN	NA	430	7093	3.01688
RUFY1	NA	768	2976	12.8425
RUFY2	NA	530	6268	4.20791
RUFY3	NA	1542	7856	9.76793
RUFY4	NA	0	3729	0
RUNDC1	NA	520	3828	6.76007
RUNDC3A	NA	51	2433	1.04315
RUNDC3A-AS1	NA	99	5081	0.969629
RUNDC3B	NA	4	4101	0.0485389
RUNX1	NA	93	7981	0.579889
RUNX1-IT1	NA	0	1491	0
RUNX1T1	NA	0	8992	0
RUNX2	NA	5	5769	0.043131
RUNX3	NA	4	4767	0.0417575
RUSC1	NA	857	4530	9.41461
RUSC1-AS1	NA	718	1306	27.359
RUSC2	NA	602	5857	5.11494
RUVBL1	NA	2767	1768	77.8837
RUVBL1-AS1	NA	0	588	0
RUVBL2	NA	1899	1488	63.5099
RWDD1	NA	771	1690	22.7032
RWDD2A	NA	205	1415	7.2097
RWDD2B	NA	441	1705	12.8716
RWDD3	NA	410	1385	14.7317
RWDD4	NA	635	2635	11.9926
RXFP1	NA	0	5190	0
RXFP2	NA	0	2803	0
RXFP3	NA	0	2533	0
RXFP4	NA	0	1146	0
RXRA	NA	936	7310	6.37203
RXRB	NA	530	18110	1.45639
RXRG	NA	0	2703	0
RYBP	NA	1332	4449	14.8991
RYK	NA	1868	2940	31.6191
RYR1	NA	14	15391	0.0452669
RYR2	NA	2	16365	0.00608182
RYR3	NA	35	15574	0.111838
S100A1	NA	1359	594	113.855
S100A10	NA	257	1055	12.1227
S100A11	NA	89	594	7.4563
S100A12	NA	0	466	0
S100A13	NA	4078	1402	144.75
S100A14	NA	396	1060	18.5913
S100A16	NA	5036	1068	234.657
S100A2	NA	217	962	11.2255
S100A3	NA	382	738	25.7589
S100A4	NA	13142	564	1159.58
S100A5	NA	171	710	11.9855
S100A6	NA	26156	683	1905.77
S100A7	NA	0	439	0
S100A7A	NA	0	4279	0
S100A7L2	NA	0	480	0
S100A8	NA	1	523	0.095152
S100A9	NA	1	577	0.086247
S100B	NA	0	1135	0
S100G	NA	1	453	0.109855
S100P	NA	6	510	0.585465
S100PBP	NA	615	4435	6.90083
S100Z	NA	62	1147	2.68997
S1PR1	NA	0	3050	0
S1PR2	NA	200	3584	2.77704
S1PR3	NA	27	4388	0.306208
S1PR4	NA	3	1595	0.0936009
S1PR5	NA	155	2510	3.07311
SAA1	NA	194	677	14.2604
SAA2	NA	104	2331	2.22029
SAA2-SAA4	NA	88	850	5.15209
SAA3P	NA	1	642	0.0775148
SAA4	NA	7	665	0.523837
SAAL1	NA	612	1531	19.8928
SAC3D1	NA	870	1567	27.6293
SACM1L	NA	685	3707	9.19576
SACS	NA	1008	15860	3.16284
SACS-AS1	NA	0	2234	0
SAE1	NA	5008	2618	95.195
SAFB	NA	2599	3112	41.561
SAFB2	NA	2250	3318	33.7463
SAG	NA	12	1749	0.341437
SAGE1	NA	0	3046	0
SALL1	NA	2	5360	0.0185688
SALL2	NA	1103	5274	10.4077
SALL3	NA	0	5550	0
SALL4	NA	1562	3484	22.3112
SALRNA1	NA	0	1201	0
SALRNA2	NA	1	2066	0.0240874
SALRNA3	NA	0	1021	0
SAMD1	NA	1002	1299	38.3865
SAMD10	NA	20	2181	0.456346
SAMD11	NA	4955	2554	96.5478
SAMD12	NA	0	10491	0
SAMD12-AS1	NA	0	701	0
SAMD13	NA	1	1803	0.0276009
SAMD14	NA	93	3300	1.40245
SAMD15	NA	35	2025	0.860127
SAMD3	NA	1	2620	0.0189941
SAMD4A	NA	1311	7051	9.25277
SAMD4B	NA	1595	4499	17.6427
SAMD5	NA	15	6324	0.118037
SAMD7	NA	0	2505	0
SAMD8	NA	903	7009	6.41138
SAMD9	NA	1	6855	0.00725959
SAMD9L	NA	0	7155	0
SAMHD1	NA	502	3189	7.83373
SAMM50	NA	873	1756	24.7405
SAMSN1	NA	0	2465	0
SAMSN1-AS1	NA	0	840	0
SAP130	NA	1686	4173	20.1061
SAP18	NA	2367	2301	51.1919
SAP25	NA	59	835	3.51629
SAP30	NA	448	1109	20.1032
SAP30BP	NA	1144	2827	20.1382
SAP30L	NA	400	6269	3.17527
SAP30L-AS1	NA	26	3450	0.375037
SAPCD1	NA	551	5473	5.01009
SAPCD1-AS1	NA	456	3810	5.95607
SAPCD2	NA	856	3833	11.1136
SAR1A	NA	2401	3071	38.9074
SAR1B	NA	715	6651	5.34981
SARAF	NA	2834	2155	65.4444
SARDH	NA	81	3481	1.15798
SARM1	NA	1257	7293	8.57726
SARNP	NA	1817	1308	69.13
SARS	NA	3229	4884	32.9012
SARS2	NA	925	2136	21.5506
SART1	NA	1041	3601	14.3862
SART3	NA	1871	4370	21.3065
SASH1	NA	275	7709	1.77523
SASH3	NA	0	2693	0
SASS6	NA	233	4038	2.8715
SAT1	NA	8340	1187	349.651
SAT2	NA	1009	963	52.1416
SATB1	NA	12	5861	0.101889
SATB1-AS1	NA	0	843	0
SATB2	NA	12	6337	0.0942361
SATB2-AS1	NA	0	3316	0
SATL1	NA	44	2152	1.01749
SAV1	NA	1149	3141	18.2042
SAXO1	NA	0	2313	0
SAXO2	NA	6	3130	0.0953952
SAYSD1	NA	263	6425	2.03705
SBDS	NA	2674	1605	82.9098
SBDSP1	NA	757	1796	20.9753
SBF1	NA	2861	8053	17.6799
SBF1P1	NA	21	6125	0.170621
SBF2	NA	609	7439	4.07401
SBF2-AS1	NA	975	2708	17.9174
SBK1	NA	485	4992	4.83489
SBK2	NA	89	1062	4.17047
SBK3	NA	5	1269	0.196078
SBNO1	NA	1542	10981	6.98815
SBNO2	NA	1523	5110	14.832
SBSN	NA	16	1986	0.400922
SBSPON	NA	160	3798	2.09645
SC5D	NA	1373	7157	9.54683
SCAF1	NA	3499	4313	40.3724
SCAF11	NA	2718	7596	17.8067
SCAF4	NA	1249	4269	14.5598
SCAF8	NA	1405	5251	13.3154
SCAI	NA	385	12210	1.56915
SCAMP1	NA	884	6256	7.03194
SCAMP1-AS1	NA	174	1550	5.58647
SCAMP2	NA	924	1291	35.6177
SCAMP3	NA	856	1572	27.0982
SCAMP4	NA	1459	2526	28.7436
SCAMP5	NA	486	3540	6.83207
SCAND1	NA	1199	1510	39.515
SCAND2P	NA	218	4509	2.406
SCAP	NA	2135	4255	24.97
SCAPER	NA	138	5035	1.36395
SCARA3	NA	1100	3832	14.2852
SCARA5	NA	10	4151	0.119886
SCARB1	NA	4798	2742	87.0788
SCARB2	NA	2301	4767	24.021
SCARF1	NA	48	3522	0.678221
SCARF2	NA	1865	3508	26.4569
SCARNA1	NA	1	166	0.299786
SCARNA10	NA	1	330	0.150801
SCARNA11	NA	0	137	0
SCARNA12	NA	53	270	9.76859
SCARNA13	NA	19	275	3.43827
SCARNA14	NA	2	137	0.726489
SCARNA15	NA	3	127	1.17554
SCARNA16	NA	15	187	3.9918
SCARNA17	NA	23	421	2.71873
SCARNA18	NA	3	134	1.11413
SCARNA2	NA	3	420	0.355461
SCARNA20	NA	0	130	0
SCARNA21	NA	0	138	0
SCARNA22	NA	3	125	1.19435
SCARNA23	NA	0	130	0
SCARNA27	NA	0	126	0
SCARNA3	NA	0	144	0
SCARNA4	NA	0	129	0
SCARNA5	NA	1	278	0.179009
SCARNA6	NA	3	266	0.561254
SCARNA7	NA	1	330	0.150801
SCARNA8	NA	0	131	0
SCARNA9	NA	30	353	4.22928
SCARNA9L	NA	2	348	0.286003
SCART1	NA	27	4900	0.274213
SCCPDH	NA	1057	2475	21.253
SCD	NA	16452	5468	149.73
SCD5	NA	1131	4294	13.1075
SCEL	NA	0	3226	0
SCEL-AS1	NA	0	569	0
SCFD1	NA	327	2295	7.09063
SCFD2	NA	352	3174	5.51894
SCG2	NA	662	2572	12.8087
SCG3	NA	1	3310	0.0150346
SCG5	NA	3	1244	0.120011
SCGB1A1	NA	6	452	0.660591
SCGB1B2P	NA	14	602	1.15731
SCGB1C1	NA	0	431	0
SCGB1C2	NA	0	358	0
SCGB1D1	NA	0	429	0
SCGB1D2	NA	0	438	0
SCGB1D4	NA	0	434	0
SCGB2A1	NA	0	521	0
SCGB2A2	NA	0	506	0
SCGB2B2	NA	1	427	0.116544
SCGB2B3P	NA	0	180	0
SCGB3A1	NA	0	466	0
SCGB3A2	NA	0	518	0
SCGN	NA	1	1479	0.0336474
SCHIP1	NA	822	2984	13.7086
SCHLAP1	NA	0	1675	0
SCIMP	NA	8	2423	0.164307
SCIN	NA	0	3297	0
SCLT1	NA	243	5607	2.15673
SCLY	NA	396	2527	7.79847
SCMH1	NA	996	3801	13.0401
SCML1	NA	31	2937	0.525264
SCML2	NA	151	4198	1.79
SCML4	NA	0	4962	0
SCN10A	NA	0	5874	0
SCN11A	NA	10	6523	0.0762908
SCN1A	NA	1	8342	0.00596554
SCN1B	NA	47	1979	1.18188
SCN2A	NA	21	9191	0.113704
SCN2B	NA	1	4922	0.0101106
SCN3A	NA	1	9217	0.00539921
SCN3B	NA	11	6066	0.0902422
SCN4A	NA	2	7805	0.012752
SCN4B	NA	2	4819	0.0206535
SCN5A	NA	46	8597	0.266275
SCN7A	NA	1	7280	0.00683578
SCN8A	NA	291	11556	1.25316
SCN9A	NA	0	9760	0
SCNM1	NA	478	2085	11.4088
SCNN1A	NA	821	3822	10.6899
SCNN1B	NA	1	2597	0.0191623
SCNN1D	NA	138	3054	2.24869
SCNN1G	NA	6	3499	0.0853349
SCO1	NA	1578	1754	44.771
SCO2	NA	521	1360	19.0642
SCOC	NA	893	2350	18.9105
SCOC-AS1	NA	4	2017	0.0986901
SCP2	NA	986	3700	13.2616
SCP2D1	NA	0	666	0
SCPEP1	NA	336	1945	8.59685
SCRG1	NA	94	903	5.18036
SCRIB	NA	3680	5218	35.0965
SCRN1	NA	3869	5552	34.6792
SCRN2	NA	736	1834	19.9709
SCRN3	NA	137	3053	2.23313
SCRT1	NA	5	3778	0.0658609
SCRT2	NA	0	3577	0
SCT	NA	1	514	0.0968181
SCTR	NA	5	1823	0.136491
SCUBE1	NA	645	3868	8.29837
SCUBE2	NA	18	4707	0.190304
SCUBE3	NA	619	7713	3.99381
SCX	NA	274	2006	6.79734
SCYL1	NA	1457	2649	27.3714
SCYL2	NA	627	3804	8.20251
SCYL3	NA	359	3090	5.7817
SDAD1	NA	1392	3104	22.3171
SDC1	NA	3065	3373	45.2203
SDC2	NA	373	3485	5.3263
SDC3	NA	3208	5121	31.1745
SDC4	NA	2641	2612	50.317
SDC4P	NA	0	467	0
SDCBP	NA	7030	2167	161.442
SDCBP2	NA	39	1794	1.08184
SDCBP2-AS1	NA	52	2694	0.960562
SDCCAG3	NA	1451	2379	30.3524
SDCCAG8	NA	238	2617	4.52577
SDE2	NA	414	4009	5.13906
SDF2	NA	884	1582	27.8077
SDF2L1	NA	464	874	26.4196
SDF4	NA	4083	2138	95.0367
SDHA	NA	2612	2790	46.5896
SDHAF1	NA	464	1131	20.4162
SDHAF2	NA	790	1219	32.251
SDHAF3	NA	252	2057	6.09657
SDHAF4	NA	82	525	7.77274
SDHAP1	NA	761	2491	15.203
SDHAP2	NA	525	2303	11.3445
SDHAP3	NA	588	1152	25.4006
SDHB	NA	1338	1145	58.1527
SDHC	NA	2676	2879	46.2556
SDHD	NA	1099	1579	34.6366
SDK1	NA	3	10619	0.0140591
SDK2	NA	155	10722	0.719408
SDPR	NA	9	3250	0.137809
SDR16C5	NA	4	3037	0.0655443
SDR16C6P	NA	0	525	0
SDR39U1	NA	1062	1401	37.723
SDR42E1	NA	1	2775	0.0179332
SDR9C7	NA	11	1765	0.310147
SDS	NA	1	1604	0.0310252
SDSL	NA	411	1418	14.424
SEBOX	NA	0	573	0
SEC11A	NA	2971	1643	89.988
SEC11C	NA	396	823	23.945
SEC13	NA	2726	2174	62.4002
SEC14L1	NA	3471	6245	27.6593
SEC14L1P1	NA	78	2572	1.50919
SEC14L2	NA	443	4855	4.54082
SEC14L3	NA	0	2372	0
SEC14L4	NA	0	2517	0
SEC14L5	NA	39	6456	0.300622
SEC14L6	NA	0	1261	0
SEC16A	NA	3177	9358	16.8948
SEC16B	NA	8	4024	0.0989354
SEC1P	NA	197	2649	3.70087
SEC22A	NA	375	3416	5.46302
SEC22B	NA	934	1883	24.684
SEC22C	NA	960	6524	7.3228
SEC23A	NA	2617	3841	33.9062
SEC23B	NA	1370	3747	18.1952
SEC23IP	NA	1162	7306	7.91491
SEC24A	NA	572	7059	4.03248
SEC24B	NA	582	4782	6.05666
SEC24B-AS1	NA	27	957	1.40401
SEC24C	NA	1843	4545	20.1795
SEC24D	NA	559	4063	6.84675
SEC31A	NA	4898	4273	57.0434
SEC31B	NA	413	4612	4.45636
SEC61A1	NA	8807	3636	120.538
SEC61A2	NA	704	3503	10.0012
SEC61B	NA	2001	562	177.186
SEC61G	NA	1739	466	185.709
SEC62	NA	1763	6541	13.4131
SEC63	NA	1862	6500	14.2556
SECISBP2	NA	495	3725	6.613
SECISBP2L	NA	707	7176	4.90294
SECTM1	NA	25	2282	0.545185
SEH1L	NA	970	3506	13.7683
SEL1L	NA	1123	8576	6.5165
SEL1L2	NA	0	2671	0
SEL1L3	NA	3934	4754	41.1808
SELE	NA	0	3875	0
SELENBP1	NA	9	1962	0.228277
SELK	NA	551	818	33.5211
SELL	NA	3	2495	0.0598371
SELM	NA	1073	691	77.2754
SELO	NA	613	2315	13.1774
SELP	NA	0	3171	0
SELPLG	NA	24	2784	0.429004
SELT	NA	1067	3490	15.2145
SELV	NA	121	1704	3.53375
SEMA3A	NA	1	5659	0.00879387
SEMA3B	NA	2520	3366	37.2568
SEMA3B-AS1	NA	11	338	1.61955
SEMA3C	NA	76	5174	0.730982
SEMA3D	NA	1	6258	0.00795214
SEMA3E	NA	7	6729	0.0517687
SEMA3F	NA	2983	3516	42.2206
SEMA3G	NA	9	4700	0.0952937
SEMA4A	NA	64	3453	0.922365
SEMA4B	NA	523	3942	6.60244
SEMA4C	NA	795	3552	11.1382
SEMA4D	NA	375	6793	2.74719
SEMA4F	NA	682	6107	5.55746
SEMA4G	NA	382	4401	4.31948
SEMA5A	NA	6	11808	0.0252868
SEMA5B	NA	16	5707	0.139518
SEMA6A	NA	719	6982	5.1247
SEMA6A-AS1	NA	25	967	1.28657
SEMA6B	NA	4680	3942	59.0811
SEMA6C	NA	153	4022	1.89308
SEMA6D	NA	0	6959	0
SEMA7A	NA	427	3447	6.16462
SEMG1	NA	0	1663	0
SEMG2	NA	0	1982	0
SENCR	NA	0	1298	0
SENP1	NA	532	5419	4.88553
SENP2	NA	908	3194	14.1472
SENP3	NA	1370	2494	27.3366
SENP3-EIF4A1	NA	14458	4304	167.169
SENP5	NA	990	6307	7.81146
SENP6	NA	1530	7986	9.53414
SENP7	NA	235	5173	2.26071
SENP8	NA	44	2295	0.954091
SEP15	NA	2450	1840	66.2625
SEPHS1	NA	1856	3260	28.3322
SEPHS2	NA	1447	2351	30.6292
SEPN1	NA	4070	4332	46.7547
SEPP1	NA	46	2203	1.03911
SEPSECS	NA	399	5645	3.51745
SEPSECS-AS1	NA	15	1120	0.666489
SEPT1	NA	43	1592	1.34414
SEPT10	NA	513	3256	7.84066
SEPT11	NA	4977	5803	42.681
SEPT12	NA	1	1524	0.0326539
SEPT14	NA	0	3785	0
SEPT2	NA	9266	4196	109.895
SEPT3	NA	123	4656	1.31465
SEPT4	NA	25	3148	0.395207
SEPT4-AS1	NA	6	653	0.457254
SEPT5	NA	253	2457	5.1243
SEPT5-GP1BB	NA	340	4671	3.62234
SEPT6	NA	1211	5714	10.5469
SEPT7	NA	3331	4348	38.1245
SEPT7-AS1	NA	3	806	0.185228
SEPT7P2	NA	166	2237	3.69285
SEPT7P9	NA	20	671	1.48329
SEPT8	NA	1818	5904	15.3238
SEPT9	NA	5739	7303	39.107
SEPW1	NA	2887	880	163.261
SERAC1	NA	490	4287	5.68803
SERBP1	NA	12930	6764	95.1293
SERF1A	NA	1298	4594	14.0606
SERF1B	NA	1298	4566	14.1468
SERF2	NA	8920	3925	113.095
SERF2-C15ORF63	NA	1245	1776	34.8856
SERGEF	NA	310	1650	9.34969
SERHL	NA	202	1357	7.40783
SERHL2	NA	127	2145	2.94643
SERINC1	NA	2464	3128	39.2007
SERINC2	NA	1535	3549	21.524
SERINC3	NA	1013	2725	18.4996
SERINC4	NA	219	2535	4.29918
SERINC5	NA	581	7345	3.93644
SERP1	NA	2407	3172	37.7627
SERP2	NA	0	784	0
SERPINA1	NA	1	3687	0.0134973
SERPINA10	NA	1	2536	0.0196232
SERPINA11	NA	0	1471	0
SERPINA12	NA	3	2276	0.0655947
SERPINA13P	NA	0	1718	0
SERPINA2	NA	0	1060	0
SERPINA3	NA	6	1590	0.187791
SERPINA4	NA	0	2009	0
SERPINA5	NA	1	2337	0.0212942
SERPINA6	NA	0	1492	0
SERPINA7	NA	0	1596	0
SERPINA9	NA	2	1939	0.0513301
SERPINB1	NA	2	2794	0.0356224
SERPINB10	NA	0	1194	0
SERPINB11	NA	0	1918	0
SERPINB12	NA	0	3594	0
SERPINB13	NA	0	3207	0
SERPINB2	NA	0	2166	0
SERPINB3	NA	0	1777	0
SERPINB4	NA	0	1770	0
SERPINB5	NA	1	2633	0.0189003
SERPINB6	NA	2036	3032	33.4171
SERPINB7	NA	2	2367	0.0420486
SERPINB8	NA	47	3786	0.617784
SERPINB9	NA	1206	4150	14.4617
SERPINB9P1	NA	2	1252	0.079496
SERPINC1	NA	2	1599	0.0622445
SERPIND1	NA	1	2221	0.0224063
SERPINE1	NA	12057	3190	188.091
SERPINE2	NA	695	3049	11.3435
SERPINE3	NA	8	1441	0.276278
SERPINF1	NA	4486	1533	145.625
SERPINF2	NA	53	2345	1.12474
SERPING1	NA	2833	1983	71.0957
SERPINH1	NA	10561	2320	226.536
SERPINI1	NA	3	1989	0.0750596
SERPINI2	NA	1	1769	0.0281314
SERTAD1	NA	795	1204	32.8594
SERTAD2	NA	1998	5548	17.9217
SERTAD3	NA	951	1679	28.187
SERTAD4	NA	165	2008	4.08921
SERTAD4-AS1	NA	217	800	13.4986
SERTM1	NA	7	3206	0.108656
SESN1	NA	1064	3631	14.5826
SESN2	NA	2921	3528	41.2024
SESN3	NA	184	9828	0.931692
SESTD1	NA	65	10448	0.309599
SET	NA	12115	3452	174.651
SETBP1	NA	0	10972	0
SETD1A	NA	895	6449	6.90638
SETD1B	NA	688	8195	4.17791
SETD2	NA	1773	8433	10.4628
SETD3	NA	1384	3300	20.8709
SETD4	NA	490	3713	6.56736
SETD5	NA	1858	7110	13.0046
SETD6	NA	691	2979	11.5432
SETD7	NA	1006	8632	5.79971
SETD8	NA	772	2751	13.9652
SETD9	NA	94	1922	2.43385
SETDB1	NA	553	4659	5.9068
SETDB2	NA	743	6221	5.94358
SETMAR	NA	305	3038	4.99611
SETSIP	NA	630	1037	30.233
SETX	NA	1668	11016	7.53515
SEZ6	NA	0	4297	0
SEZ6L	NA	0	6573	0
SEZ6L2	NA	2465	3557	34.4868
SF1	NA	5792	4227	68.1892
SF3A1	NA	3092	5143	29.9187
SF3A2	NA	1818	1650	54.8314
SF3A3	NA	2965	2836	52.0281
SF3B1	NA	7251	5969	60.4527
SF3B2	NA	4469	2894	76.8478
SF3B3	NA	3722	9720	19.0559
SF3B4	NA	3053	1993	76.2323
SF3B5	NA	2050	737	138.422
SF3B6	NA	3714	771	239.722
SFI1	NA	337	4391	3.81932
SFMBT1	NA	192	4558	2.09627
SFMBT2	NA	42	8064	0.25919
SFN	NA	1964	1315	74.3251
SFPQ	NA	8662	3073	140.273
SFR1	NA	124	1529	4.03584
SFRP1	NA	242	4467	2.69599
SFRP2	NA	0	1990	0
SFRP4	NA	0	2973	0
SFRP5	NA	17	1883	0.449281
SFSWAP	NA	875	3405	12.7882
SFT2D1	NA	676	1117	30.1171
SFT2D2	NA	100	856	5.81361
SFT2D3	NA	492	2811	8.71011
SFTA1P	NA	9	693	0.646292
SFTA2	NA	1	2724	0.0182689
SFTA3	NA	0	1486	0
SFTPA1	NA	0	2278	0
SFTPA2	NA	0	2201	0
SFTPB	NA	3	3667	0.0407127
SFTPC	NA	0	1189	0
SFTPD	NA	11	1283	0.426664
SFXN1	NA	1566	2991	26.0552
SFXN2	NA	401	2562	7.78906
SFXN3	NA	1644	3090	26.4766
SFXN4	NA	306	1509	10.0914
SFXN5	NA	858	4140	10.3135
SGCA	NA	246	1433	8.54296
SGCB	NA	796	4279	9.25743
SGCD	NA	1	10144	0.00490581
SGCE	NA	451	1810	12.3999
SGCG	NA	0	1655	0
SGCZ	NA	0	2178	0
SGIP1	NA	0	11104	0
SGK1	NA	66	3965	0.828362
SGK2	NA	1	2457	0.0202542
SGK223	NA	1244	4714	13.1326
SGK3	NA	327	4608	3.53146
SGK494	NA	65	3779	0.855965
SGMS1	NA	393	3753	5.21115
SGMS1-AS1	NA	25	2585	0.481281
SGMS2	NA	38	6543	0.289019
SGOL1	NA	233	3735	3.10445
SGOL1-AS1	NA	24	819	1.4583
SGOL2	NA	558	4676	5.93853
SGPL1	NA	1169	5769	10.084
SGPP1	NA	612	3365	9.05078
SGPP2	NA	17	1200	0.704997
SGSH	NA	971	2768	17.4571
SGSM1	NA	5	6124	0.0406307
SGSM2	NA	1621	4867	16.5745
SGSM3	NA	1008	3018	16.6211
SGTA	NA	3082	2315	66.2523
SGTB	NA	725	5453	6.61641
SH2B1	NA	1106	5571	9.87965
SH2B2	NA	157	1946	4.01492
SH2B3	NA	584	5572	5.2158
SH2D1A	NA	0	2517	0
SH2D1B	NA	2	2535	0.0392619
SH2D2A	NA	188	1845	5.07085
SH2D3A	NA	413	2356	8.72357
SH2D3C	NA	396	4255	4.63143
SH2D4A	NA	2	3503	0.0284125
SH2D4B	NA	1	4101	0.0121347
SH2D5	NA	1148	3834	14.9008
SH2D6	NA	17	894	0.946305
SH2D7	NA	2	1892	0.0526052
SH3BGR	NA	60	1286	2.32183
SH3BGRL	NA	980	2062	23.6514
SH3BGRL2	NA	517	4646	5.53772
SH3BGRL3	NA	5580	1115	249.046
SH3BP1	NA	526	2576	10.1615
SH3BP2	NA	354	9790	1.79945
SH3BP4	NA	2105	5183	20.2111
SH3BP5	NA	2103	3559	29.4057
SH3BP5-AS1	NA	1893	5575	16.8976
SH3BP5L	NA	1188	3182	18.5796
SH3D19	NA	1683	5553	15.0826
SH3D21	NA	111	2579	2.14186
SH3GL1	NA	2826	2540	55.3679
SH3GL1P1	NA	37	2497	0.737399
SH3GL1P2	NA	11	2490	0.219843
SH3GL2	NA	30	2733	0.546262
SH3GL3	NA	44	2514	0.870978
SH3GLB1	NA	958	6488	7.34809
SH3GLB2	NA	1421	2305	30.6791
SH3KBP1	NA	1118	5072	10.9694
SH3PXD2A	NA	2495	11247	11.0396
SH3PXD2A-AS1	NA	0	2023	0
SH3PXD2B	NA	728	7975	4.54277
SH3RF1	NA	26	5265	0.245751
SH3RF2	NA	285	3043	4.66082
SH3RF3	NA	6	5614	0.0531861
SH3RF3-AS1	NA	2	2792	0.0356479
SH3TC1	NA	57	4260	0.665863
SH3TC2	NA	32	26580	0.0599121
SH3YL1	NA	190	7230	1.30778
SHANK1	NA	62	6643	0.464459
SHANK2	NA	4	10646	0.0186979
SHANK2-AS1	NA	0	2252	0
SHANK2-AS3	NA	0	1683	0
SHANK3	NA	701	7054	4.94541
SHARPIN	NA	1220	1816	33.4321
SHB	NA	1440	6021	11.9018
SHBG	NA	26	1550	0.834759
SHC1	NA	9250	3717	123.842
SHC2	NA	1335	2494	26.6382
SHC3	NA	1	9768	0.00509465
SHC4	NA	3	4556	0.0327685
SHCBP1	NA	520	3232	8.00666
SHCBP1L	NA	0	2365	0
SHD	NA	3	2576	0.0579555
SHE	NA	2	6183	0.0160972
SHF	NA	210	3115	3.35491
SHFM1	NA	4705	498	470.165
SHH	NA	3	1576	0.0947294
SHISA2	NA	8	2889	0.137804
SHISA3	NA	2	1971	0.0504967
SHISA4	NA	54	1661	1.61787
SHISA5	NA	4496	3486	64.1828
SHISA6	NA	0	7415	0
SHISA7	NA	19	6035	0.156674
SHISA8	NA	22	1405	0.779231
SHISA9	NA	549	9899	2.75995
SHKBP1	NA	1430	2365	30.0902
SHMT1	NA	1338	2553	26.081
SHMT2	NA	1987	2862	34.55
SHOC2	NA	694	3947	8.75008
SHOX	NA	0	8768	0
SHOX2	NA	59	3223	0.910985
SHPK	NA	537	3838	6.96288
SHPRH	NA	391	7360	2.64374
SHQ1	NA	477	2848	8.33485
SHROOM1	NA	244	4113	2.95223
SHROOM2	NA	127	7445	0.848904
SHROOM3	NA	3442	11019	15.5449
SHROOM4	NA	9	9560	0.0468494
SHTN1	NA	695	5936	5.82654
SI	NA	0	6011	0
SIAE	NA	736	3278	11.1735
SIAH1	NA	744	2498	14.8218
SIAH2	NA	679	2620	12.897
SIAH3	NA	0	3994	0
SIDT1	NA	0	5017	0
SIDT2	NA	634	3919	8.0507
SIGIRR	NA	311	1847	8.3794
SIGLEC1	NA	4	6720	0.0296217
SIGLEC10	NA	23	3394	0.337237
SIGLEC11	NA	1	3165	0.0157234
SIGLEC12	NA	1	2351	0.0211674
SIGLEC14	NA	58	2113	1.36599
SIGLEC15	NA	2	1505	0.0661322
SIGLEC16	NA	1	1609	0.0309288
SIGLEC17P	NA	2	1564	0.0636375
SIGLEC5	NA	38	2523	0.749525
SIGLEC6	NA	0	2155	0
SIGLEC7	NA	0	1754	0
SIGLEC8	NA	0	2949	0
SIGLEC9	NA	1	2020	0.0246359
SIGLECL1	NA	1	2183	0.0227964
SIGMAR1	NA	2514	1734	72.1499
SIK1	NA	979	4703	10.3592
SIK2	NA	1973	5742	17.0995
SIK3	NA	1158	6475	8.89997
SIKE1	NA	881	5553	7.89529
SIL1	NA	1368	1988	34.2444
SIM1	NA	0	3995	0
SIM2	NA	185	5225	1.762
SIMC1	NA	427	3920	5.42078
SIN3A	NA	1464	6991	10.4213
SIN3B	NA	1656	5555	14.8353
SIPA1	NA	290	3706	3.89415
SIPA1L1	NA	1638	8492	9.59895
SIPA1L2	NA	3	6488	0.0230107
SIPA1L3	NA	559	7994	3.4799
SIRPA	NA	418	4478	4.64528
SIRPB1	NA	63	4479	0.699969
SIRPB2	NA	4	2833	0.070264
SIRPD	NA	0	812	0
SIRPG	NA	1	1716	0.0290003
SIRPG-AS1	NA	0	2796	0
SIRT1	NA	615	4313	7.09603
SIRT2	NA	1020	2399	21.1587
SIRT3	NA	736	2902	12.6212
SIRT4	NA	64	1210	2.63217
SIRT5	NA	279	5897	2.35447
SIRT6	NA	565	1636	17.1864
SIRT7	NA	658	1731	18.9168
SIT1	NA	1	1236	0.0402625
SIVA1	NA	1110	771	71.6454
SIX1	NA	46	2687	0.851941
SIX2	NA	0	2154	0
SIX3	NA	0	2523	0
SIX3-AS1	NA	0	1169	0
SIX4	NA	740	6275	5.86864
SIX5	NA	672	3331	10.0395
SIX6	NA	0	1475	0
SKA1	NA	350	2918	5.96901
SKA2	NA	1493	3147	23.6093
SKA3	NA	527	2919	8.98455
SKAP1	NA	9	1576	0.284188
SKAP2	NA	161	4271	1.87593
SKI	NA	1838	5707	16.0272
SKIDA1	NA	723	6596	5.45478
SKIL	NA	1022	7275	6.99097
SKINTL	NA	0	1511	0
SKIV2L	NA	16811	24407	34.2767
SKIV2L2	NA	1117	4204	13.2224
SKOR1	NA	17	2607	0.32451
SKOR2	NA	0	3090	0
SKP1	NA	5071	2699	93.4997
SKP1P2	NA	489	1882	12.9303
SKP2	NA	765	3504	10.8647
SLA	NA	1	3617	0.0137585
SLA2	NA	23	2554	0.448153
SLAIN1	NA	8	3547	0.11224
SLAIN2	NA	688	6011	5.69589
SLAMF1	NA	0	2303	0
SLAMF6	NA	0	2746	0
SLAMF7	NA	16	2933	0.271474
SLAMF8	NA	0	3300	0
SLAMF9	NA	1	1156	0.0430489
SLBP	NA	1891	2232	42.1616
SLC10A1	NA	0	1631	0
SLC10A2	NA	0	3779	0
SLC10A3	NA	797	2161	18.3537
SLC10A4	NA	3	2118	0.070488
SLC10A5	NA	4	1317	0.151145
SLC10A6	NA	0	1502	0
SLC10A7	NA	126	5013	1.25081
SLC11A1	NA	16	3852	0.206706
SLC11A2	NA	666	6805	4.87041
SLC12A1	NA	0	4805	0
SLC12A2	NA	618	6926	4.44044
SLC12A3	NA	7	5567	0.0625744
SLC12A4	NA	2603	5026	25.7734
SLC12A5	NA	53	6256	0.421598
SLC12A6	NA	778	8295	4.66748
SLC12A7	NA	1088	5304	10.2081
SLC12A8	NA	59	3515	0.835307
SLC12A9	NA	868	3567	12.1098
SLC13A1	NA	1	3797	0.0131063
SLC13A2	NA	1	2645	0.0188146
SLC13A3	NA	13	4235	0.15276
SLC13A4	NA	207	2894	3.55952
SLC13A5	NA	1	3289	0.0151306
SLC14A1	NA	0	4441	0
SLC14A2	NA	0	4455	0
SLC14A2-AS1	NA	0	3247	0
SLC15A1	NA	0	3127	0
SLC15A2	NA	14	5523	0.126146
SLC15A3	NA	116	2116	2.72811
SLC15A4	NA	621	2789	11.0806
SLC15A5	NA	0	2923	0
SLC16A1	NA	6406	4668	68.2929
SLC16A1-AS1	NA	36	1504	1.19117
SLC16A10	NA	79	2891	1.35987
SLC16A11	NA	7	1803	0.193207
SLC16A12	NA	81	4622	0.872117
SLC16A12-AS1	NA	0	562	0
SLC16A13	NA	191	1748	5.43765
SLC16A14	NA	337	4398	3.81324
SLC16A2	NA	1558	4141	18.7233
SLC16A3	NA	3175	2482	63.6593
SLC16A4	NA	38	2649	0.713873
SLC16A5	NA	465	2121	10.9102
SLC16A6	NA	21	3955	0.264236
SLC16A7	NA	0	12407	0
SLC16A8	NA	23	1896	0.603683
SLC16A9	NA	406	3987	5.06757
SLC17A1	NA	0	1843	0
SLC17A2	NA	1	2566	0.0193938
SLC17A3	NA	0	1808	0
SLC17A4	NA	0	3700	0
SLC17A5	NA	341	3314	5.12061
SLC17A6	NA	0	3922	0
SLC17A7	NA	259	2976	4.33098
SLC17A8	NA	2	3983	0.0249884
SLC17A9	NA	13	2654	0.24376
SLC18A1	NA	9	2957	0.151464
SLC18A2	NA	155	3872	1.99212
SLC18A3	NA	63	2420	1.29552
SLC18B1	NA	353	2425	7.24407
SLC19A1	NA	743	2963	12.4789
SLC19A2	NA	382	3636	5.22828
SLC19A3	NA	0	3767	0
SLC1A1	NA	794	3739	10.5678
SLC1A2	NA	0	12437	0
SLC1A3	NA	11	4863	0.112566
SLC1A4	NA	812	4778	8.45726
SLC1A5	NA	3098	3206	48.0881
SLC1A6	NA	41	4108	0.496676
SLC1A7	NA	6	3599	0.0829639
SLC20A1	NA	4430	3377	65.2818
SLC20A2	NA	867	4448	9.70005
SLC22A1	NA	9	1906	0.234984
SLC22A10	NA	0	2574	0
SLC22A11	NA	3	3885	0.0384282
SLC22A12	NA	0	3211	0
SLC22A13	NA	3	2560	0.0583178
SLC22A14	NA	4	1977	0.100687
SLC22A15	NA	2	4720	0.0210867
SLC22A16	NA	3	1985	0.0752108
SLC22A17	NA	516	2458	10.4469
SLC22A18	NA	265	1625	8.11544
SLC22A18AS	NA	41	2299	0.887492
SLC22A2	NA	1	2512	0.0198107
SLC22A20	NA	12	2892	0.206492
SLC22A23	NA	291	7146	2.02651
SLC22A24	NA	0	2490	0
SLC22A25	NA	0	1644	0
SLC22A3	NA	0	3241	0
SLC22A31	NA	47	1860	1.25749
SLC22A4	NA	36	2192	0.8173
SLC22A5	NA	175	3352	2.59809
SLC22A6	NA	2	2222	0.0447925
SLC22A7	NA	0	2559	0
SLC22A8	NA	2	2184	0.0455719
SLC22A9	NA	7	2308	0.150932
SLC23A1	NA	2	2361	0.0421554
SLC23A2	NA	872	7056	6.15003
SLC23A3	NA	5	2418	0.102904
SLC24A1	NA	182	6654	1.36116
SLC24A2	NA	1	10840	0.00459082
SLC24A3	NA	0	3889	0
SLC24A4	NA	0	9873	0
SLC24A5	NA	128	1617	3.9393
SLC25A1	NA	3055	1946	78.1246
SLC25A10	NA	684	2021	16.8426
SLC25A11	NA	1423	1812	39.0811
SLC25A12	NA	369	3998	4.59307
SLC25A13	NA	3009	3193	46.8968
SLC25A14	NA	128	1743	3.65454
SLC25A15	NA	720	4021	8.91083
SLC25A16	NA	273	2246	6.04885
SLC25A17	NA	1206	2644	22.6989
SLC25A18	NA	80	2140	1.86035
SLC25A19	NA	206	1732	5.91887
SLC25A2	NA	3	1435	0.104037
SLC25A20	NA	269	1892	7.0754
SLC25A21	NA	102	3947	1.28603
SLC25A21-AS1	NA	54	1768	1.51996
SLC25A22	NA	1390	3233	21.3958
SLC25A23	NA	2446	3460	35.1803
SLC25A24	NA	715	3899	9.12583
SLC25A25	NA	433	4395	4.90285
SLC25A25-AS1	NA	89	3842	1.1528
SLC25A26	NA	324	2758	5.84616
SLC25A27	NA	1	2986	0.0166659
SLC25A28	NA	499	1555	15.9694
SLC25A29	NA	1992	2767	35.8261
SLC25A3	NA	8536	2037	208.537
SLC25A30	NA	384	3948	4.84032
SLC25A30-AS1	NA	2	701	0.141981
SLC25A31	NA	0	1812	0
SLC25A32	NA	461	3228	7.10701
SLC25A33	NA	354	1461	12.0579
SLC25A34	NA	70	3073	1.13359
SLC25A35	NA	751	2785	13.4194
SLC25A36	NA	1066	4661	11.3815
SLC25A37	NA	377	1865	10.0596
SLC25A38	NA	830	2124	19.4466
SLC25A39	NA	9104	1610	281.401
SLC25A3P1	NA	0	925	0
SLC25A4	NA	1014	4420	11.4166
SLC25A40	NA	183	3142	2.89844
SLC25A41	NA	7	1551	0.224598
SLC25A42	NA	223	3269	3.39476
SLC25A43	NA	300	2544	5.86845
SLC25A44	NA	704	3824	9.16166
SLC25A45	NA	30	3611	0.413441
SLC25A46	NA	834	4874	8.5153
SLC25A47	NA	0	1733	0
SLC25A48	NA	3	1199	0.124515
SLC25A5	NA	5150	1351	189.702
SLC25A5-AS1	NA	446	3088	7.18749
SLC25A51	NA	402	4719	4.23931
SLC25A51P1	NA	5	1605	0.15503
SLC25A52	NA	40	1185	1.67981
SLC25A53	NA	2	6224	0.0159912
SLC25A6	NA	12310	2968	206.402
SLC26A1	NA	118	4096	1.43365
SLC26A10	NA	82	2409	1.69393
SLC26A11	NA	445	3053	7.25359
SLC26A2	NA	745	8075	4.59128
SLC26A3	NA	0	2894	0
SLC26A4	NA	5	4928	0.0504916
SLC26A4-AS1	NA	4	3888	0.051198
SLC26A5	NA	0	2885	0
SLC26A6	NA	1307	2938	22.1383
SLC26A7	NA	0	5933	0
SLC26A8	NA	3	3608	0.0413785
SLC26A9	NA	2	4798	0.0207438
SLC27A1	NA	359	3594	4.97091
SLC27A2	NA	51	2391	1.06148
SLC27A3	NA	96	2413	1.97986
SLC27A4	NA	871	3196	13.5622
SLC27A5	NA	208	2365	4.37675
SLC27A6	NA	0	2841	0
SLC28A1	NA	2	3438	0.0289497
SLC28A2	NA	0	2463	0
SLC28A3	NA	13	4813	0.134415
SLC29A1	NA	1546	2985	25.7742
SLC29A2	NA	985	2890	16.9613
SLC29A3	NA	366	2273	8.01311
SLC29A4	NA	573	2891	9.86339
SLC2A1	NA	2823	3670	38.2793
SLC2A1-AS1	NA	116	1124	5.13584
SLC2A10	NA	113	4235	1.32784
SLC2A11	NA	0	3915	0
SLC2A12	NA	273	5599	2.42645
SLC2A13	NA	33	7003	0.234504
SLC2A14	NA	590	4543	6.46292
SLC2A2	NA	2	3439	0.0289413
SLC2A3	NA	3282	3938	41.4746
SLC2A4	NA	61	3149	0.963999
SLC2A4RG	NA	1367	2279	29.85
SLC2A5	NA	6	2855	0.104584
SLC2A6	NA	730	2546	14.2687
SLC2A7	NA	0	1539	0
SLC2A8	NA	573	2169	13.1466
SLC2A9	NA	2	2079	0.0478735
SLC30A1	NA	536	2018	13.2179
SLC30A10	NA	1	2892	0.0172076
SLC30A2	NA	33	2499	0.657154
SLC30A3	NA	166	2093	3.94692
SLC30A4	NA	37	4283	0.429906
SLC30A5	NA	842	4753	8.81584
SLC30A6	NA	686	4965	6.87582
SLC30A7	NA	419	8216	2.53789
SLC30A8	NA	0	5848	0
SLC30A9	NA	1689	3261	25.775
SLC31A1	NA	1102	4778	11.4777
SLC31A2	NA	156	1774	4.37613
SLC32A1	NA	0	2574	0
SLC33A1	NA	560	3810	7.31447
SLC34A1	NA	2	3461	0.0287573
SLC34A2	NA	694	4252	8.12243
SLC34A3	NA	17	2303	0.367345
SLC35A1	NA	468	1906	12.2192
SLC35A2	NA	711	3028	11.6851
SLC35A3	NA	273	6081	2.23412
SLC35A4	NA	2180	2933	36.9883
SLC35A5	NA	360	3259	5.49715
SLC35B1	NA	901	1611	27.8323
SLC35B2	NA	1147	2362	24.1659
SLC35B3	NA	395	2499	7.86594
SLC35B4	NA	712	6815	5.19917
SLC35C1	NA	617	3934	7.80496
SLC35C2	NA	923	2641	17.3921
SLC35D1	NA	565	6460	4.35247
SLC35D2	NA	630	3089	10.1494
SLC35D3	NA	0	2403	0
SLC35E1	NA	1149	5093	11.2271
SLC35E2	NA	1326	7297	9.04313
SLC35E2B	NA	1783	6421	13.8187
SLC35E3	NA	215	2347	4.55874
SLC35E4	NA	235	2542	4.60057
SLC35F1	NA	2	4852	0.020513
SLC35F2	NA	2230	3170	35.0078
SLC35F3	NA	2	3478	0.0286167
SLC35F4	NA	1	1720	0.0289328
SLC35F5	NA	868	4927	8.76712
SLC35F6	NA	1051	3912	13.3698
SLC35G1	NA	215	2403	4.4525
SLC35G2	NA	436	2060	10.5327
SLC35G3	NA	0	1874	0
SLC35G4	NA	0	1055	0
SLC35G5	NA	1	1201	0.0414359
SLC35G6	NA	1	1195	0.0416439
SLC36A1	NA	556	6212	4.45413
SLC36A2	NA	1	3421	0.0145468
SLC36A3	NA	1	2983	0.0166827
SLC36A4	NA	598	6288	4.73269
SLC37A1	NA	171	3094	2.7504
SLC37A2	NA	6	4196	0.0711599
SLC37A3	NA	698	3350	10.3688
SLC37A4	NA	560	2776	10.0389
SLC38A1	NA	4339	9973	21.6513
SLC38A10	NA	2740	5145	26.5024
SLC38A11	NA	0	1790	0
SLC38A2	NA	5302	4884	54.0236
SLC38A3	NA	243	2471	4.89388
SLC38A4	NA	2	3983	0.0249884
SLC38A5	NA	629	1996	15.6823
SLC38A6	NA	297	2260	6.53985
SLC38A7	NA	978	4594	10.5942
SLC38A8	NA	1	1425	0.0349225
SLC38A9	NA	435	3163	6.84399
SLC39A1	NA	3537	3097	56.8347
SLC39A10	NA	565	5525	5.08904
SLC39A11	NA	190	2782	3.39873
SLC39A12	NA	0	2808	0
SLC39A12-AS1	NA	0	1966	0
SLC39A13	NA	946	2450	19.2152
SLC39A14	NA	2704	5300	25.3893
SLC39A2	NA	1	1418	0.0350948
SLC39A3	NA	785	3947	9.89742
SLC39A4	NA	674	2640	12.705
SLC39A5	NA	20	2108	0.472149
SLC39A6	NA	1382	3679	18.6938
SLC39A7	NA	4077	14724	13.7795
SLC39A8	NA	1902	6021	15.7203
SLC39A9	NA	1308	5789	11.2441
SLC3A1	NA	134	2320	2.87433
SLC3A2	NA	5421	2902	92.9612
SLC40A1	NA	235	3355	3.48574
SLC41A1	NA	1298	5017	12.8751
SLC41A2	NA	262	3544	3.67898
SLC41A3	NA	852	2887	14.6863
SLC43A1	NA	256	2639	4.82748
SLC43A2	NA	761	8801	4.30301
SLC43A3	NA	3	2936	0.0508493
SLC44A1	NA	1434	10521	6.78284
SLC44A2	NA	932	3551	13.0613
SLC44A3	NA	68	2577	1.31315
SLC44A4	NA	5098	19079	13.2973
SLC44A5	NA	0	4224	0
SLC45A1	NA	110	2527	2.16624
SLC45A2	NA	22	3161	0.346352
SLC45A3	NA	179	3382	2.6339
SLC45A4	NA	246	7898	1.55002
SLC46A1	NA	1527	6489	11.7106
SLC46A2	NA	4	2502	0.0795595
SLC46A3	NA	0	3344	0
SLC47A1	NA	54	3279	0.819543
SLC47A2	NA	4	2397	0.0830446
SLC48A1	NA	2133	3034	34.986
SLC4A1	NA	2	4953	0.0200947
SLC4A10	NA	0	5801	0
SLC4A11	NA	207	3538	2.9116
SLC4A1AP	NA	776	2970	13.0024
SLC4A2	NA	3136	5762	27.0846
SLC4A3	NA	514	4326	5.91284
SLC4A4	NA	0	8010	0
SLC4A5	NA	238	6396	1.85177
SLC4A7	NA	643	8209	3.89799
SLC4A8	NA	315	13202	1.18738
SLC4A9	NA	6	3400	0.0878197
SLC50A1	NA	450	1718	13.0349
SLC51A	NA	13	1455	0.444631
SLC51B	NA	12	940	0.635291
SLC52A1	NA	0	2415	0
SLC52A2	NA	1364	2230	30.4389
SLC52A3	NA	6	2695	0.110793
SLC5A1	NA	2	5231	0.0190268
SLC5A10	NA	165	2434	3.37352
SLC5A11	NA	0	2505	0
SLC5A12	NA	0	6253	0
SLC5A2	NA	290	2273	6.34919
SLC5A3	NA	4647	11623	19.8964
SLC5A4	NA	0	2020	0
SLC5A5	NA	51	3576	0.709729
SLC5A6	NA	2723	3604	37.5995
SLC5A7	NA	0	5166	0
SLC5A8	NA	0	3286	0
SLC5A9	NA	65	3274	0.987994
SLC6A1	NA	0	4494	0
SLC6A1-AS1	NA	0	584	0
SLC6A10P	NA	35	3839	0.453701
SLC6A11	NA	0	1991	0
SLC6A12	NA	64	3971	0.802047
SLC6A13	NA	36	3088	0.580156
SLC6A14	NA	0	4564	0
SLC6A15	NA	0	7841	0
SLC6A16	NA	31	2933	0.52598
SLC6A17	NA	1437	6402	11.1702
SLC6A18	NA	0	2121	0
SLC6A19	NA	4	5172	0.0384876
SLC6A2	NA	0	5335	0
SLC6A20	NA	103	5432	0.94362
SLC6A3	NA	0	3934	0
SLC6A4	NA	18	6606	0.135598
SLC6A5	NA	0	2863	0
SLC6A6	NA	2495	6907	17.9763
SLC6A7	NA	0	3739	0
SLC6A8	NA	539	3654	7.34074
SLC6A9	NA	382	3692	5.14898
SLC7A1	NA	1786	7343	12.104
SLC7A10	NA	20	1946	0.511454
SLC7A11	NA	527	9648	2.71827
SLC7A11-AS1	NA	304	4654	3.25062
SLC7A13	NA	0	1865	0
SLC7A14	NA	6	10133	0.0294668
SLC7A2	NA	912	7854	5.77861
SLC7A3	NA	0	2267	0
SLC7A4	NA	7	2313	0.150606
SLC7A5	NA	4700	4543	51.4843
SLC7A5P1	NA	19	615	1.53744
SLC7A5P2	NA	74	2536	1.45212
SLC7A6	NA	2450	6356	19.1823
SLC7A6OS	NA	843	1629	25.7529
SLC7A7	NA	1568	2718	28.7089
SLC7A8	NA	4319	4889	43.9625
SLC7A9	NA	11	1783	0.307016
SLC8A1	NA	1793	6244	14.2902
SLC8A1-AS1	NA	4	1002	0.198661
SLC8A2	NA	46	5111	0.44789
SLC8A3	NA	0	5628	0
SLC8B1	NA	281	2976	4.69887
SLC9A1	NA	883	4742	9.26656
SLC9A2	NA	1	5460	0.00911438
SLC9A3	NA	232	2777	4.15749
SLC9A3R1	NA	1628	2016	40.1868
SLC9A3R2	NA	476	2363	10.0245
SLC9A4	NA	0	4138	0
SLC9A5	NA	215	3735	2.86462
SLC9A6	NA	427	4730	4.49248
SLC9A7	NA	708	10034	3.51139
SLC9A7P1	NA	2	3305	0.0301147
SLC9A8	NA	376	6321	2.9602
SLC9A9	NA	6	3627	0.0823234
SLC9A9-AS1	NA	0	518	0
SLC9B1	NA	96	2375	2.01153
SLC9B2	NA	198	3349	2.94218
SLC9C1	NA	0	4123	0
SLC9C2	NA	3	4427	0.0337234
SLCO1A2	NA	2	7871	0.012645
SLCO1B1	NA	0	2787	0
SLCO1B3	NA	0	3012	0
SLCO1B7	NA	0	1923	0
SLCO1C1	NA	0	3578	0
SLCO2A1	NA	1148	4223	13.5282
SLCO2B1	NA	9	4451	0.100625
SLCO3A1	NA	6	5762	0.05182
SLCO4A1	NA	177	2776	3.17302
SLCO4A1-AS1	NA	28	1423	0.979203
SLCO4C1	NA	1	5332	0.00933318
SLCO5A1	NA	1	4011	0.012407
SLCO6A1	NA	0	2689	0
SLED1	NA	0	750	0
SLFN11	NA	3	5276	0.0282967
SLFN12	NA	256	2802	4.54665
SLFN12L	NA	1	1767	0.0281633
SLFN13	NA	1	8469	0.00587608
SLFN14	NA	0	2882	0
SLFN5	NA	174	4647	1.86336
SLFNL1	NA	27	2155	0.623499
SLFNL1-AS1	NA	100	4800	1.03676
SLIRP	NA	1082	535	100.645
SLIT1	NA	17	7931	0.10667
SLIT1-AS1	NA	0	689	0
SLIT2	NA	14	6406	0.108758
SLIT2-IT1	NA	0	601	0
SLIT3	NA	6	9734	0.0306746
SLITRK1	NA	1	5189	0.00959038
SLITRK2	NA	0	4417	0
SLITRK3	NA	0	4222	0
SLITRK4	NA	0	9244	0
SLITRK5	NA	377	4446	4.2198
SLITRK6	NA	0	4181	0
SLK	NA	1112	7782	7.11104
SLMAP	NA	1101	5625	9.74057
SLMO1	NA	174	1856	4.66542
SLMO2	NA	588	2563	11.4169
SLMO2-ATP5E	NA	6078	1027	294.517
SLN	NA	71	730	4.84011
SLPI	NA	0	596	0
SLTM	NA	3050	4147	36.6004
SLU7	NA	1407	3560	19.6682
SLURP1	NA	0	537	0
SLX1A	NA	2208	2340	46.9573
SLX1A-SULT1A3	NA	2721	4432	30.5526
SLX1B	NA	2208	2340	46.9573
SLX1B-SULT1A4	NA	2721	4432	30.5526
SLX4	NA	340	7291	2.32066
SLX4IP	NA	7	1407	0.247585
SMA4	NA	130	2260	2.86256
SMA5	NA	104	1759	2.9423
SMAD1	NA	177	3117	2.8259
SMAD1-AS1	NA	17	594	1.42424
SMAD1-AS2	NA	0	1123	0
SMAD2	NA	2556	10775	11.8049
SMAD3	NA	1754	6623	13.1794
SMAD4	NA	1058	8771	6.00283
SMAD5	NA	943	7097	6.61236
SMAD5-AS1	NA	4	1809	0.110038
SMAD6	NA	1482	3010	24.502
SMAD7	NA	672	3444	9.71015
SMAD9	NA	771	5592	6.86131
SMAGP	NA	270	1239	10.8446
SMAP1	NA	987	3611	13.6022
SMAP2	NA	523	3257	7.99104
SMARCA1	NA	2984	4108	36.1483
SMARCA2	NA	6	6886	0.0433615
SMARCA4	NA	4733	5875	40.0911
SMARCA5	NA	2927	7926	18.3776
SMARCA5-AS1	NA	171	1147	7.41912
SMARCAD1	NA	756	5903	6.37336
SMARCAL1	NA	463	3318	6.94423
SMARCB1	NA	90576	1703	2646.78
SMARCC1	NA	2908	5757	25.1373
SMARCC2	NA	1977	5681	17.3181
SMARCD1	NA	2291	3429	33.2489
SMARCD2	NA	2370	2770	42.5783
SMARCD3	NA	598	1920	15.4996
SMARCE1	NA	2501	2421	51.4089
SMC1A	NA	2090	9930	10.4741
SMC1B	NA	5	4252	0.0585189
SMC2	NA	721	6300	5.69527
SMC2-AS1	NA	1	7020	0.00708896
SMC3	NA	1596	4112	19.3152
SMC4	NA	2718	5733	23.5932
SMC5	NA	739	5965	6.16529
SMC5-AS1	NA	7	1039	0.335276
SMC6	NA	2151	5259	20.3543
SMCHD1	NA	932	8672	5.34831
SMCO1	NA	2	1810	0.0549884
SMCO2	NA	4	1272	0.156492
SMCO3	NA	2	2104	0.0473047
SMCO4	NA	109	975	5.56342
SMCP	NA	0	770	0
SMCR2	NA	15	563	1.32587
SMCR5	NA	1	2844	0.0174981
SMCR8	NA	851	8310	5.09622
SMDT1	NA	463	1571	14.6664
SMEK1	NA	2041	4613	22.0181
SMEK2	NA	1358	5608	12.0507
SMEK3P	NA	0	3131	0
SMG1	NA	2375	16065	7.35703
SMG1P1	NA	421	5010	4.18181
SMG1P2	NA	1805	7745	11.5978
SMG1P3	NA	537	5052	5.28969
SMG1P5	NA	952	4301	11.0151
SMG1P7	NA	148	1891	3.89484
SMG5	NA	2974	4563	32.4347
SMG6	NA	1650	7938	10.3441
SMG7	NA	1471	6076	12.048
SMG7-AS1	NA	8	2454	0.162231
SMG8	NA	673	3266	10.2546
SMG9	NA	726	2353	15.3545
SMIM1	NA	73	573	6.33998
SMIM10	NA	15	1536	0.485981
SMIM10L1	NA	1018	4840	10.467
SMIM10L2A	NA	5	3456	0.0719972
SMIM10L2B	NA	76	2808	1.3469
SMIM11	NA	379	900	20.9564
SMIM12	NA	1319	6373	10.2996
SMIM13	NA	833	4691	8.83688
SMIM14	NA	364	1658	10.9254
SMIM15	NA	952	2890	16.393
SMIM17	NA	8	2542	0.156615
SMIM18	NA	0	793	0
SMIM19	NA	534	1561	17.0239
SMIM2	NA	5	1214	0.204961
SMIM2-AS1	NA	3	1256	0.118864
SMIM2-IT1	NA	0	478	0
SMIM20	NA	514	1014	25.2258
SMIM21	NA	0	4010	0
SMIM22	NA	1	1119	0.0444723
SMIM23	NA	0	519	0
SMIM24	NA	1	908	0.0548067
SMIM3	NA	508	2334	10.8313
SMIM4	NA	372	449	41.2303
SMIM5	NA	10	5119	0.0972153
SMIM6	NA	0	828	0
SMIM7	NA	1098	1979	27.6106
SMIM8	NA	140	2437	2.85885
SMIM9	NA	0	1016	0
SMKR1	NA	50	1035	2.40408
SMLR1	NA	3	2514	0.0593848
SMN1	NA	3418	3248	52.3692
SMN2	NA	3418	3256	52.2405
SMNDC1	NA	1010	2029	24.7719
SMO	NA	1251	3737	16.6592
SMOC1	NA	9	3698	0.121114
SMOC2	NA	167	3150	2.63831
SMOX	NA	495	2323	10.6041
SMPD1	NA	910	2472	18.3195
SMPD2	NA	178	1680	5.27267
SMPD3	NA	77	5269	0.727247
SMPD4	NA	4602	4913	46.6143
SMPDL3A	NA	68	1971	1.71689
SMPDL3B	NA	33	2385	0.688565
SMPX	NA	1	1037	0.0479889
SMR3A	NA	0	598	0
SMR3B	NA	0	785	0
SMS	NA	3887	1839	105.185
SMTN	NA	1060	3850	13.7014
SMTNL1	NA	7	1649	0.21125
SMTNL2	NA	27	2403	0.559152
SMU1	NA	1929	7091	13.5377
SMUG1	NA	681	3017	11.2329
SMURF1	NA	1288	5763	11.1221
SMURF2	NA	1032	3866	13.2843
SMYD1	NA	3	4429	0.0337082
SMYD2	NA	661	1685	19.5219
SMYD3	NA	638	1752	18.122
SMYD4	NA	289	4334	3.3184
SMYD5	NA	493	2567	9.55742
SNAI1	NA	371	1706	10.8222
SNAI2	NA	1	2109	0.0235963
SNAI3	NA	44	1713	1.27825
SNAI3-AS1	NA	65	2826	1.14462
SNAP23	NA	1633	2641	30.7707
SNAP25	NA	0	2172	0
SNAP25-AS1	NA	0	2959	0
SNAP29	NA	1124	4261	13.1273
SNAP47	NA	1095	2367	23.0216
SNAP91	NA	1	5301	0.00938776
SNAPC1	NA	179	2656	3.35386
SNAPC2	NA	955	1688	28.1547
SNAPC3	NA	465	3095	7.47673
SNAPC4	NA	1111	4650	11.89
SNAPC5	NA	191	785	12.1083
SNAPIN	NA	517	1052	24.4565
SNAR-A1	NA	0	244	0
SNAR-A10	NA	0	121	0
SNAR-A11	NA	0	121	0
SNAR-A12	NA	0	244	0
SNAR-A13	NA	0	244	0
SNAR-A14	NA	0	121	0
SNAR-A2	NA	0	244	0
SNAR-A3	NA	0	121	0
SNAR-A4	NA	0	121	0
SNAR-A5	NA	0	121	0
SNAR-A6	NA	0	121	0
SNAR-A7	NA	0	121	0
SNAR-A8	NA	0	121	0
SNAR-A9	NA	0	121	0
SNAR-B1	NA	0	240	0
SNAR-B2	NA	0	240	0
SNAR-C1	NA	0	360	0
SNAR-C2	NA	0	360	0
SNAR-C3	NA	0	119	0
SNAR-C4	NA	0	120	0
SNAR-C5	NA	0	360	0
SNAR-D	NA	0	119	0
SNAR-E	NA	0	120	0
SNAR-F	NA	0	123	0
SNAR-G1	NA	0	128	0
SNAR-G2	NA	0	119	0
SNAR-H	NA	0	120	0
SNAR-I	NA	0	121	0
SNCA	NA	2237	3479	31.9986
SNCA-AS1	NA	3	821	0.181843
SNCAIP	NA	0	5633	0
SNCB	NA	50	1450	1.71602
SNCG	NA	372	826	22.4121
SND1	NA	4156	3508	58.957
SND1-IT1	NA	1	2569	0.0193712
SNED1	NA	31	6834	0.225739
SNF8	NA	2733	1213	112.124
SNHG1	NA	1844	1118	82.0803
SNHG10	NA	139	1961	3.52742
SNHG11	NA	220	1087	10.0719
SNHG12	NA	357	739	24.0405
SNHG15	NA	429	803	26.5865
SNHG16	NA	3614	2538	70.8624
SNHG17	NA	1134	1304	43.2768
SNHG18	NA	2	1487	0.0669327
SNHG19	NA	256	357	35.6855
SNHG20	NA	203	2169	4.65753
SNHG21	NA	99	1053	4.67871
SNHG22	NA	9	1615	0.277325
SNHG24	NA	0	1004	0
SNHG3	NA	1874	2346	39.7522
SNHG4	NA	150	1546	4.82838
SNHG5	NA	1952	507	191.598
SNHG6	NA	1507	472	158.888
SNHG7	NA	1147	2676	21.3303
SNHG8	NA	859	619	69.0593
SNHG9	NA	49	233	10.4655
SNIP1	NA	355	4605	3.83635
SNN	NA	688	3293	10.3972
SNORA1	NA	7	130	2.67963
SNORA10	NA	44	133	16.4634
SNORA11	NA	2	131	0.759763
SNORA11B	NA	0	127	0
SNORA11C	NA	0	127	0
SNORA11D	NA	1	127	0.391846
SNORA11E	NA	1	127	0.391846
SNORA12	NA	2	147	0.677068
SNORA13	NA	3	133	1.12251
SNORA14A	NA	0	134	0
SNORA14B	NA	0	135	0
SNORA15	NA	9	133	3.36752
SNORA16A	NA	5	134	1.85688
SNORA16B	NA	0	133	0
SNORA17	NA	6	133	2.24501
SNORA18	NA	11	132	4.14704
SNORA19	NA	0	126	0
SNORA20	NA	6	132	2.26202
SNORA21	NA	0	133	0
SNORA22	NA	3	134	1.11413
SNORA23	NA	1	189	0.263304
SNORA24	NA	10	131	3.79882
SNORA25	NA	12	132	4.52404
SNORA26	NA	13	122	5.30277
SNORA27	NA	52	126	20.5377
SNORA28	NA	1	126	0.394956
SNORA29	NA	1	140	0.355461
SNORA2A	NA	1	135	0.368626
SNORA2B	NA	0	137	0
SNORA30	NA	0	129	0
SNORA31	NA	11	130	4.21084
SNORA32	NA	9	121	3.70149
SNORA33	NA	29	133	10.8509
SNORA34	NA	4	137	1.45298
SNORA35	NA	0	128	0
SNORA36A	NA	0	130	0
SNORA36B	NA	0	131	0
SNORA36C	NA	0	127	0
SNORA37	NA	0	129	0
SNORA38	NA	1	924	0.0538577
SNORA38B	NA	1	132	0.377004
SNORA4	NA	106	137	38.5039
SNORA40	NA	9	127	3.52662
SNORA41	NA	3	132	1.13101
SNORA43	NA	11	134	4.08515
SNORA44	NA	15	132	5.65506
SNORA45A	NA	3	130	1.14841
SNORA45B	NA	4	131	1.51953
SNORA46	NA	0	135	0
SNORA47	NA	0	138	0
SNORA48	NA	419	135	154.454
SNORA49	NA	0	137	0
SNORA51	NA	1	132	0.377004
SNORA52	NA	1245	134	462.364
SNORA53	NA	2	250	0.398116
SNORA54	NA	0	123	0
SNORA55	NA	1	137	0.363244
SNORA56	NA	1	129	0.385771
SNORA57	NA	15	149	5.00985
SNORA58	NA	0	236	0
SNORA59A	NA	3	304	0.491097
SNORA59B	NA	3	304	0.491097
SNORA5A	NA	1	134	0.371377
SNORA5B	NA	0	132	0
SNORA5C	NA	0	137	0
SNORA6	NA	4	149	1.33596
SNORA60	NA	2	136	0.731831
SNORA61	NA	30	130	11.4841
SNORA62	NA	38	154	12.2796
SNORA63	NA	119	135	43.8665
SNORA64	NA	32	134	11.8841
SNORA65	NA	5	136	1.82958
SNORA66	NA	2	133	0.748338
SNORA67	NA	75	137	27.2433
SNORA68	NA	21	133	7.85755
SNORA69	NA	1	132	0.377004
SNORA70	NA	57	135	21.0117
SNORA70B	NA	0	134	0
SNORA70C	NA	0	136	0
SNORA70D	NA	0	135	0
SNORA70E	NA	0	135	0
SNORA70F	NA	0	135	0
SNORA70G	NA	1	142	0.350454
SNORA71A	NA	2	138	0.721225
SNORA71B	NA	1	136	0.365915
SNORA71C	NA	2	138	0.721225
SNORA71D	NA	0	138	0
SNORA71E	NA	6	136	2.19549
SNORA72	NA	8	132	3.01603
SNORA73B	NA	73	158	22.9925
SNORA74A	NA	1	200	0.248822
SNORA74B	NA	2	204	0.487887
SNORA75	NA	1	137	0.363244
SNORA76A	NA	0	136	0
SNORA76C	NA	5	133	1.87085
SNORA77	NA	1	125	0.398116
SNORA78	NA	5	127	1.95923
SNORA79	NA	2	140	0.710921
SNORA7A	NA	11	139	3.9382
SNORA7B	NA	4	139	1.43207
SNORA8	NA	25	139	8.95045
SNORA80A	NA	0	136	0
SNORA80B	NA	0	136	0
SNORA80E	NA	0	134	0
SNORA81	NA	82	178	22.9252
SNORA84	NA	0	133	0
SNORA9	NA	3	133	1.12251
SNORD10	NA	11	148	3.69871
SNORD100	NA	6	76	3.92878
SNORD101	NA	0	73	0
SNORD102	NA	11	72	7.60291
SNORD103A	NA	0	176	0
SNORD103B	NA	0	176	0
SNORD104	NA	25	80	15.5514
SNORD105	NA	7	85	4.09825
SNORD105B	NA	8	92	4.32735
SNORD107	NA	0	75	0
SNORD108	NA	1	69	0.721225
SNORD109A	NA	0	134	0
SNORD109B	NA	0	134	0
SNORD11	NA	1	84	0.592434
SNORD110	NA	12	75	7.96232
SNORD111	NA	0	94	0
SNORD111B	NA	0	101	0
SNORD113-1	NA	0	70	0
SNORD113-2	NA	0	71	0
SNORD113-4	NA	0	74	0
SNORD113-5	NA	0	77	0
SNORD113-6	NA	0	74	0
SNORD113-7	NA	0	76	0
SNORD113-9	NA	0	71	0
SNORD114-1	NA	0	71	0
SNORD114-10	NA	0	71	0
SNORD114-11	NA	0	74	0
SNORD114-12	NA	0	74	0
SNORD114-13	NA	0	73	0
SNORD114-14	NA	0	74	0
SNORD114-15	NA	0	71	0
SNORD114-16	NA	0	69	0
SNORD114-17	NA	0	74	0
SNORD114-18	NA	0	71	0
SNORD114-19	NA	0	74	0
SNORD114-2	NA	0	77	0
SNORD114-20	NA	0	71	0
SNORD114-21	NA	0	71	0
SNORD114-22	NA	0	71	0
SNORD114-23	NA	0	71	0
SNORD114-24	NA	0	71	0
SNORD114-25	NA	0	71	0
SNORD114-26	NA	0	71	0
SNORD114-27	NA	0	69	0
SNORD114-28	NA	0	71	0
SNORD114-29	NA	0	69	0
SNORD114-3	NA	0	74	0
SNORD114-30	NA	0	71	0
SNORD114-31	NA	0	74	0
SNORD114-4	NA	0	104	0
SNORD114-5	NA	0	69	0
SNORD114-6	NA	0	71	0
SNORD114-7	NA	0	76	0
SNORD114-8	NA	0	71	0
SNORD114-9	NA	0	71	0
SNORD115-1	NA	0	82	0
SNORD115-10	NA	0	406	0
SNORD115-11	NA	0	328	0
SNORD115-12	NA	0	243	0
SNORD115-13	NA	0	82	0
SNORD115-14	NA	0	81	0
SNORD115-15	NA	0	81	0
SNORD115-16	NA	0	82	0
SNORD115-17	NA	0	246	0
SNORD115-18	NA	0	246	0
SNORD115-19	NA	0	246	0
SNORD115-2	NA	0	82	0
SNORD115-20	NA	0	82	0
SNORD115-21	NA	0	81	0
SNORD115-22	NA	0	82	0
SNORD115-23	NA	0	82	0
SNORD115-24	NA	0	71	0
SNORD115-25	NA	0	82	0
SNORD115-26	NA	0	82	0
SNORD115-27	NA	0	76	0
SNORD115-28	NA	0	74	0
SNORD115-29	NA	0	328	0
SNORD115-3	NA	0	82	0
SNORD115-30	NA	0	82	0
SNORD115-31	NA	0	82	0
SNORD115-32	NA	0	82	0
SNORD115-33	NA	0	82	0
SNORD115-34	NA	0	82	0
SNORD115-35	NA	0	82	0
SNORD115-36	NA	0	328	0
SNORD115-37	NA	0	82	0
SNORD115-38	NA	0	82	0
SNORD115-39	NA	0	82	0
SNORD115-4	NA	0	82	0
SNORD115-40	NA	0	82	0
SNORD115-41	NA	0	82	0
SNORD115-42	NA	0	82	0
SNORD115-43	NA	0	328	0
SNORD115-44	NA	0	82	0
SNORD115-45	NA	0	53	0
SNORD115-46	NA	0	71	0
SNORD115-47	NA	0	33	0
SNORD115-48	NA	0	76	0
SNORD115-5	NA	0	240	0
SNORD115-6	NA	0	82	0
SNORD115-7	NA	0	82	0
SNORD115-8	NA	0	82	0
SNORD115-9	NA	0	243	0
SNORD116-1	NA	0	97	0
SNORD116-10	NA	0	104	0
SNORD116-11	NA	0	94	0
SNORD116-12	NA	0	94	0
SNORD116-13	NA	0	94	0
SNORD116-14	NA	0	94	0
SNORD116-15	NA	1	94	0.52941
SNORD116-16	NA	0	94	0
SNORD116-17	NA	10	188	2.64705
SNORD116-18	NA	0	94	0
SNORD116-19	NA	10	188	2.64705
SNORD116-2	NA	0	195	0
SNORD116-20	NA	1	94	0.52941
SNORD116-21	NA	3	94	1.58823
SNORD116-22	NA	2	94	1.05882
SNORD116-23	NA	0	94	0
SNORD116-24	NA	0	94	0
SNORD116-25	NA	0	94	0
SNORD116-26	NA	0	98	0
SNORD116-27	NA	0	94	0
SNORD116-28	NA	0	93	0
SNORD116-29	NA	0	85	0
SNORD116-3	NA	4	194	1.02607
SNORD116-30	NA	1	85	0.585465
SNORD116-4	NA	5	98	2.539
SNORD116-5	NA	1	194	0.256518
SNORD116-6	NA	0	98	0
SNORD116-7	NA	1	194	0.256518
SNORD116-8	NA	0	97	0
SNORD116-9	NA	4	194	1.02607
SNORD117	NA	3	608	0.245548
SNORD119	NA	7	96	3.62866
SNORD11B	NA	47	112	20.8833
SNORD12	NA	3	90	1.65882
SNORD121A	NA	0	91	0
SNORD121B	NA	1	79	0.62993
SNORD123	NA	0	88	0
SNORD124	NA	1	103	0.48315
SNORD125	NA	0	96	0
SNORD126	NA	0	99	0
SNORD127	NA	1	99	0.502672
SNORD12B	NA	6	103	2.8989
SNORD12C	NA	1	79	0.62993
SNORD15A	NA	1	148	0.336247
SNORD15B	NA	10	146	3.40853
SNORD16	NA	8	100	3.98116
SNORD17	NA	3	237	0.62993
SNORD18A	NA	3	70	2.13276
SNORD18B	NA	1	70	0.710921
SNORD18C	NA	2	67	1.48551
SNORD19	NA	7	76	4.58357
SNORD19B	NA	41	93	21.9392
SNORD1A	NA	0	74	0
SNORD1B	NA	3	86	1.73597
SNORD1C	NA	0	78	0
SNORD2	NA	1	70	0.710921
SNORD20	NA	3	80	1.86617
SNORD21	NA	3	95	1.57151
SNORD22	NA	55	126	21.7226
SNORD23	NA	151	110	68.3131
SNORD24	NA	1	75	0.663527
SNORD25	NA	10	67	7.42754
SNORD26	NA	9	75	5.97174
SNORD27	NA	14	72	9.67643
SNORD28	NA	24	75	15.9246
SNORD29	NA	18	65	13.7809
SNORD30	NA	4	70	2.84369
SNORD31	NA	11	68	8.05014
SNORD32A	NA	1312	82	796.232
SNORD32B	NA	0	488	0
SNORD33	NA	594	83	356.146
SNORD34	NA	105	66	79.1708
SNORD35A	NA	11	86	6.36523
SNORD35B	NA	19	87	10.8681
SNORD36A	NA	60	72	41.4704
SNORD36B	NA	467	71	327.324
SNORD36C	NA	8	67	5.94203
SNORD37	NA	4	66	3.01603
SNORD38A	NA	26	71	18.2236
SNORD38B	NA	3	69	2.16367
SNORD41	NA	0	70	0
SNORD42A	NA	7	63	5.52939
SNORD42B	NA	1	67	0.742754
SNORD43	NA	3	62	2.40796
SNORD44	NA	23	61	18.7637
SNORD45A	NA	4	84	2.36974
SNORD45B	NA	9	71	6.30818
SNORD45C	NA	0	78	0
SNORD46	NA	5	98	2.539
SNORD47	NA	76	77	49.1182
SNORD48	NA	13	316	2.04727
SNORD49A	NA	7	71	4.90636
SNORD49B	NA	2	48	2.07352
SNORD4A	NA	23	72	15.897
SNORD4B	NA	6	74	4.03496
SNORD5	NA	4	73	2.72682
SNORD50A	NA	8	75	5.30821
SNORD50B	NA	8	71	5.60727
SNORD51	NA	1	70	0.710921
SNORD52	NA	20	320	3.11028
SNORD53	NA	0	76	0
SNORD54	NA	8	63	6.3193
SNORD55	NA	22	74	14.7948
SNORD56	NA	0	71	0
SNORD56B	NA	0	71	0
SNORD57	NA	150	72	103.676
SNORD58A	NA	6	65	4.59365
SNORD58B	NA	199	66	150.047
SNORD58C	NA	22	90	12.1647
SNORD59A	NA	2	75	1.32705
SNORD59B	NA	0	75	0
SNORD6	NA	5	71	3.50454
SNORD60	NA	11	83	6.59529
SNORD61	NA	0	73	0
SNORD62A	NA	2	172	0.578657
SNORD62B	NA	2	172	0.578657
SNORD63	NA	1	68	0.731831
SNORD64	NA	0	67	0
SNORD65	NA	27	73	18.406
SNORD66	NA	9	76	5.89316
SNORD67	NA	0	111	0
SNORD68	NA	34	72	23.4999
SNORD69	NA	0	77	0
SNORD7	NA	0	97	0
SNORD70	NA	0	88	0
SNORD71	NA	0	86	0
SNORD72	NA	0	80	0
SNORD73A	NA	5	65	3.82804
SNORD74	NA	2	72	1.38235
SNORD75	NA	1	60	0.829408
SNORD76	NA	29	81	17.8169
SNORD77	NA	4	61	3.26325
SNORD78	NA	7	54	6.45095
SNORD79	NA	35	81	21.5032
SNORD8	NA	0	109	0
SNORD80	NA	32	71	22.4291
SNORD81	NA	23	43	26.6182
SNORD82	NA	1	75	0.663527
SNORD83A	NA	23	95	12.0482
SNORD83B	NA	43	93	23.0094
SNORD84	NA	53	546	4.83062
SNORD85	NA	0	75	0
SNORD86	NA	21	86	12.1518
SNORD87	NA	16	76	10.4767
SNORD88A	NA	1	97	0.513036
SNORD88B	NA	5	97	2.56518
SNORD88C	NA	2	97	1.02607
SNORD89	NA	5	114	2.18265
SNORD9	NA	4	103	1.9326
SNORD90	NA	0	107	0
SNORD91A	NA	0	92	0
SNORD91B	NA	1	86	0.578657
SNORD92	NA	1	89	0.559152
SNORD93	NA	3	74	2.01748
SNORD94	NA	2	137	0.726489
SNORD95	NA	2	63	1.57983
SNORD96A	NA	5	72	3.45587
SNORD96B	NA	0	72	0
SNORD97	NA	1	142	0.350454
SNORD98	NA	0	67	0
SNORD99	NA	2	80	1.24411
SNPH	NA	150	4994	1.49473
SNRK	NA	525	5215	5.00985
SNRK-AS1	NA	229	3475	3.27944
SNRNP200	NA	6915	7219	47.6689
SNRNP25	NA	717	1086	32.8556
SNRNP27	NA	434	1438	15.0193
SNRNP35	NA	509	2438	10.3897
SNRNP40	NA	1837	1624	56.2915
SNRNP48	NA	479	4173	5.71224
SNRNP70	NA	5377	1991	134.397
SNRPA	NA	2029	1629	61.9841
SNRPA1	NA	1469	1059	69.0312
SNRPB	NA	6164	1153	266.044
SNRPB2	NA	1069	1681	31.6468
SNRPC	NA	2184	1217	89.3062
SNRPD1	NA	1332	1628	40.7164
SNRPD2	NA	5427	868	311.143
SNRPD2P2	NA	0	762	0
SNRPD3	NA	3904	3808	51.0191
SNRPE	NA	1035	1618	31.8333
SNRPF	NA	1585	793	99.4662
SNRPG	NA	1922	579	165.194
SNRPN	NA	2051	1992	51.2384
SNTA1	NA	727	2340	15.461
SNTB1	NA	67	4975	0.670195
SNTB2	NA	569	9771	2.89796
SNTG1	NA	0	3667	0
SNTG2	NA	0	1887	0
SNTN	NA	1	1584	0.031417
SNUPN	NA	774	1943	19.8238
SNURF	NA	2040	1426	71.1918
SNW1	NA	2176	2125	50.9588
SNX1	NA	1497	8315	8.9594
SNX10	NA	593	3015	9.78784
SNX11	NA	390	2402	8.08
SNX12	NA	1490	2550	29.0781
SNX13	NA	595	6371	4.6476
SNX14	NA	1219	3749	16.1811
SNX15	NA	385	1939	9.88104
SNX16	NA	191	3456	2.75029
SNX17	NA	1200	2698	22.1339
SNX18	NA	341	6654	2.5503
SNX19	NA	1368	6078	11.2007
SNX2	NA	1967	7110	13.7675
SNX20	NA	0	4404	0
SNX21	NA	706	3184	11.0345
SNX22	NA	8300	3661	112.823
SNX24	NA	420	2137	9.78057
SNX25	NA	321	3213	4.9718
SNX27	NA	976	7085	6.85535
SNX29	NA	505	8175	3.07414
SNX29P1	NA	6	983	0.303751
SNX29P2	NA	8	1585	0.251177
SNX3	NA	3302	1760	93.365
SNX30	NA	538	7606	3.52002
SNX31	NA	4	2455	0.0810827
SNX32	NA	4	1705	0.11675
SNX33	NA	711	3233	10.9442
SNX4	NA	980	2530	19.2764
SNX5	NA	2647	2542	51.8201
SNX6	NA	1836	3130	29.1909
SNX7	NA	258	1897	6.76818
SNX8	NA	1594	4738	16.7422
SNX9	NA	906	4291	10.5073
SOAT1	NA	1061	7026	7.51496
SOAT2	NA	7	2073	0.168042
SOBP	NA	143	6232	1.1419
SOCS1	NA	261	1216	10.6814
SOCS2	NA	43	3921	0.545747
SOCS2-AS1	NA	2	574	0.173395
SOCS3	NA	622	2737	11.3093
SOCS4	NA	613	7012	4.35049
SOCS5	NA	495	4662	5.28387
SOCS6	NA	979	5846	8.33381
SOCS7	NA	381	7978	2.37657
SOD1	NA	2783	965	143.518
SOD2	NA	654	1775	18.3358
SOD3	NA	0	1529	0
SOGA1	NA	499	8726	2.8458
SOGA3	NA	132	11818	0.55584
SOHLH1	NA	1	1985	0.0250703
SOHLH2	NA	3	3399	0.0439228
SON	NA	5007	10808	23.0543
SORBS1	NA	38	7586	0.249282
SORBS2	NA	438	8979	2.42754
SORBS3	NA	2417	3283	36.6375
SORCS1	NA	0	8152	0
SORCS2	NA	68	6053	0.559059
SORCS3	NA	0	5764	0
SORCS3-AS1	NA	0	1294	0
SORD	NA	1074	2898	18.4427
SORL1	NA	59	10973	0.267575
SORT1	NA	1780	7353	12.0469
SOS1	NA	759	8318	4.54091
SOS2	NA	347	5313	3.25019
SOST	NA	282	2300	6.10156
SOSTDC1	NA	1	1869	0.0266263
SOWAHA	NA	62	3474	0.88814
SOWAHB	NA	44	2921	0.749619
SOWAHC	NA	62	4654	0.662956
SOWAHD	NA	7	1590	0.219089
SOX1	NA	0	4108	0
SOX10	NA	1	2862	0.017388
SOX11	NA	0	8719	0
SOX12	NA	2202	4658	23.5254
SOX13	NA	130	4073	1.58836
SOX14	NA	0	2039	0
SOX15	NA	796	1394	28.4165
SOX17	NA	0	2350	0
SOX18	NA	0	1705	0
SOX2	NA	0	2512	0
SOX2-OT	NA	0	4083	0
SOX21	NA	3	2919	0.0511454
SOX21-AS1	NA	1	2986	0.0166659
SOX3	NA	0	2074	0
SOX30	NA	1	3471	0.0143372
SOX4	NA	230	4878	2.34642
SOX5	NA	0	4994	0
SOX6	NA	4	9363	0.0212601
SOX7	NA	56	3278	0.850156
SOX8	NA	5030	3049	82.0975
SOX9	NA	1	3934	0.0126498
SOX9-AS1	NA	0	4528	0
SP1	NA	1571	7698	10.1559
SP100	NA	77	7650	0.500898
SP110	NA	202	3104	3.23854
SP140	NA	49	3566	0.683808
SP140L	NA	72	2668	1.34297
SP2	NA	493	3112	7.88364
SP2-AS1	NA	12	2182	0.273682
SP3	NA	1362	6695	10.1239
SP4	NA	122	5800	1.04677
SP5	NA	0	1947	0
SP6	NA	227	4026	2.8059
SP7	NA	2	3317	0.0300057
SP8	NA	0	3729	0
SP9	NA	1	1455	0.0342024
SPA17	NA	273	937	14.4992
SPACA1	NA	0	1499	0
SPACA3	NA	0	819	0
SPACA4	NA	0	972	0
SPACA5	NA	2	1464	0.0679843
SPACA5B	NA	2	1190	0.0836378
SPACA6P	NA	89	1964	2.25511
SPACA6P-AS	NA	9	3962	0.113044
SPACA7	NA	1	783	0.0635562
SPAG1	NA	407	4031	5.0246
SPAG11A	NA	0	756	0
SPAG11B	NA	0	1467	0
SPAG16	NA	426	2991	7.08782
SPAG17	NA	141	7125	0.984813
SPAG4	NA	86	1452	2.94748
SPAG5	NA	2057	3808	26.8817
SPAG5-AS1	NA	454	1365	16.5517
SPAG6	NA	347	3139	5.5012
SPAG7	NA	1317	1025	63.9413
SPAG8	NA	37	2332	0.789574
SPAG9	NA	3633	8793	20.5612
SPAM1	NA	0	3020	0
SPANXA1	NA	2	418	0.238108
SPANXA2	NA	2	418	0.238108
SPANXA2-OT1	NA	0	1699	0
SPANXB1	NA	2	938	0.106108
SPANXC	NA	0	441	0
SPANXD	NA	0	692	0
SPANXN1	NA	0	613	0
SPANXN2	NA	0	543	0
SPANXN3	NA	0	590	0
SPANXN4	NA	0	431	0
SPANXN5	NA	0	561	0
SPARC	NA	29739	3590	412.241
SPARCL1	NA	57	3126	0.907414
SPAST	NA	422	5213	4.02851
SPATA12	NA	9	2413	0.185611
SPATA13	NA	15	10802	0.0691046
SPATA13-AS1	NA	0	433	0
SPATA16	NA	0	2107	0
SPATA17	NA	28	2275	0.612486
SPATA17-AS1	NA	8	420	0.947895
SPATA18	NA	244	4459	2.72315
SPATA19	NA	1	907	0.0548671
SPATA2	NA	509	4304	5.88525
SPATA20	NA	1209	2774	21.689
SPATA21	NA	0	2015	0
SPATA22	NA	0	1718	0
SPATA24	NA	39	678	2.86256
SPATA25	NA	11	719	0.761348
SPATA2L	NA	578	2339	12.2975
SPATA3	NA	0	870	0
SPATA3-AS1	NA	2	3509	0.0283639
SPATA31A1	NA	21	8518	0.122688
SPATA31A3	NA	13	4223	0.153194
SPATA31A5	NA	22	8452	0.129534
SPATA31A6	NA	9	4214	0.106284
SPATA31A7	NA	22	8446	0.129626
SPATA31C1	NA	1	3779	0.0131687
SPATA31C2	NA	1	3761	0.0132317
SPATA31D1	NA	0	4833	0
SPATA31D3	NA	0	4927	0
SPATA31D4	NA	0	4923	0
SPATA31D5P	NA	0	4864	0
SPATA31E1	NA	0	4447	0
SPATA32	NA	5	1284	0.193787
SPATA33	NA	301	2820	5.31174
SPATA4	NA	3	1233	0.121081
SPATA41	NA	5	3156	0.0788411
SPATA42	NA	0	608	0
SPATA45	NA	1	504	0.0987391
SPATA5	NA	314	8140	1.91966
SPATA5L1	NA	325	2609	6.1991
SPATA6	NA	189	5008	1.87809
SPATA6L	NA	44	3746	0.584527
SPATA7	NA	220	2013	5.43874
SPATA8	NA	1	1151	0.0432359
SPATA8-AS1	NA	0	656	0
SPATA9	NA	12	2801	0.2132
SPATC1	NA	0	2036	0
SPATC1L	NA	664	2316	14.2675
SPATS1	NA	58	1108	2.605
SPATS2	NA	1035	3926	13.1193
SPATS2L	NA	54	7133	0.376739
SPC24	NA	81	654	6.16349
SPC25	NA	324	1346	11.979
SPCS1	NA	1943	1084	89.1996
SPCS2	NA	1217	2708	22.3646
SPCS3	NA	1838	4596	19.9015
SPDEF	NA	3	1914	0.0780008
SPDL1	NA	725	2667	13.528
SPDYA	NA	225	2156	5.19342
SPDYC	NA	12	882	0.677068
SPDYE1	NA	26	2650	0.488255
SPDYE2	NA	111	3966	1.3928
SPDYE2B	NA	111	3966	1.3928
SPDYE3	NA	59	3185	0.921854
SPDYE4	NA	0	923	0
SPDYE5	NA	33	3147	0.521839
SPDYE6	NA	64	3145	1.0127
SPDYE7P	NA	12	1064	0.561254
SPDYE8P	NA	43	2884	0.741981
SPECC1	NA	216	6864	1.56602
SPECC1L	NA	1461	7174	10.1346
SPECC1L-ADORA2A	NA	351	6289	2.77744
SPEF1	NA	50	1587	1.56788
SPEF2	NA	54	6985	0.384722
SPEG	NA	991	11641	4.23646
SPEM1	NA	0	982	0
SPEN	NA	1101	12227	4.48112
SPERT	NA	0	1749	0
SPESP1	NA	0	1431	0
SPG11	NA	1009	7788	6.4474
SPG20	NA	57	5395	0.525779
SPG20-AS1	NA	0	777	0
SPG21	NA	1615	1933	41.5777
SPG7	NA	2295	4050	28.1999
SPHAR	NA	156	1122	6.91913
SPHK1	NA	2103	2469	42.3875
SPHK2	NA	581	3235	8.93761
SPHKAP	NA	0	6913	0
SPI1	NA	0	1408	0
SPIB	NA	3	3530	0.0422928
SPIC	NA	0	971	0
SPICE1	NA	300	5448	2.74034
SPIDR	NA	324	3435	4.69394
SPIN1	NA	2000	4534	21.9517
SPIN2A	NA	111	1319	4.18791
SPIN2B	NA	176	1272	6.88565
SPIN3	NA	299	5580	2.66659
SPIN4	NA	186	4112	2.25102
SPINK1	NA	19	610	1.55004
SPINK13	NA	0	509	0
SPINK14	NA	0	294	0
SPINK2	NA	2	1033	0.0963495
SPINK4	NA	0	368	0
SPINK5	NA	0	3832	0
SPINK6	NA	0	733	0
SPINK7	NA	0	549	0
SPINK8	NA	1	440	0.113101
SPINK9	NA	0	453	0
SPINT1	NA	7	2519	0.13829
SPINT2	NA	6240	1802	172.325
SPINT3	NA	0	476	0
SPINT4	NA	0	380	0
SPIRE1	NA	1487	5526	13.3912
SPIRE2	NA	293	3244	4.49476
SPN	NA	40	7037	0.282873
SPNS1	NA	1387	2213	31.1899
SPNS2	NA	2333	4349	26.6959
SPNS3	NA	174	1893	4.57423
SPO11	NA	0	1817	0
SPOCD1	NA	2931	3962	36.8147
SPOCK1	NA	24	4827	0.247431
SPOCK2	NA	99	6255	0.787639
SPOCK3	NA	0	3564	0
SPON1	NA	18	5137	0.174374
SPON2	NA	9	2477	0.180816
SPOP	NA	1504	3141	23.8287
SPOPL	NA	247	5734	2.14367
SPP1	NA	23004	1814	631.082
SPP2	NA	0	1019	0
SPPL2A	NA	913	2003	22.6835
SPPL2B	NA	1031	3814	13.4523
SPPL2C	NA	0	4366	0
SPPL3	NA	1428	4129	17.2109
SPR	NA	579	1459	19.7489
SPRED1	NA	570	7255	3.90982
SPRED2	NA	1130	4650	12.0933
SPRED3	NA	423	5190	4.05595
SPRN	NA	147	3173	2.30551
SPRNP1	NA	4	2241	0.0888255
SPRR1A	NA	0	655	0
SPRR1B	NA	0	619	0
SPRR2A	NA	0	677	0
SPRR2B	NA	0	675	0
SPRR2C	NA	0	678	0
SPRR2D	NA	1	682	0.0729685
SPRR2E	NA	0	681	0
SPRR2F	NA	0	671	0
SPRR2G	NA	0	650	0
SPRR3	NA	5	986	0.252355
SPRR4	NA	0	745	0
SPRTN	NA	340	4622	3.66074
SPRY1	NA	2359	3041	38.6039
SPRY2	NA	40	2110	0.943403
SPRY3	NA	23	18271	0.0626448
SPRY4	NA	2647	5531	23.8161
SPRY4-IT1	NA	10	689	0.722271
SPRYD3	NA	496	2932	8.41855
SPRYD4	NA	315	2105	7.44694
SPRYD7	NA	378	3218	5.84555
SPSB1	NA	761	3117	12.1498
SPSB2	NA	365	1287	14.1135
SPSB3	NA	914	1544	29.459
SPSB4	NA	142	2908	2.43004
SPTA1	NA	0	8017	0
SPTAN1	NA	5180	7907	32.6015
SPTB	NA	12	10391	0.0574703
SPTBN1	NA	5283	13024	20.1863
SPTBN2	NA	811	7867	5.13016
SPTBN4	NA	128	9139	0.696997
SPTBN5	NA	199	11723	0.844761
SPTLC1	NA	1778	3363	26.3102
SPTLC2	NA	1703	8164	10.3808
SPTLC3	NA	54	3845	0.698903
SPTSSA	NA	1216	2534	23.8807
SPTSSB	NA	0	2306	0
SPTY2D1	NA	767	5734	6.65667
SPTY2D1-AS1	NA	107	1437	3.7055
SPX	NA	8	583	0.682875
SPZ1	NA	0	1871	0
SQLE	NA	906	2989	15.0842
SQRDL	NA	150	2179	3.42573
SQSTM1	NA	9224	3336	137.598
SRA1	NA	1052	2104	24.8822
SRBD1	NA	806	3694	10.8582
SRC	NA	906	4241	10.6311
SRCAP	NA	1796	10474	8.53323
SRCIN1	NA	242	7050	1.70823
SRD5A1	NA	488	2264	10.7266
SRD5A1P1	NA	43	2155	0.992981
SRD5A2	NA	0	2445	0
SRD5A3	NA	295	4081	3.59729
SRD5A3-AS1	NA	3	926	0.161224
SREBF1	NA	3698	5001	36.7985
SREBF2	NA	4243	5786	36.4934
SREK1	NA	1381	8931	7.69508
SREK1IP1	NA	616	6853	4.47321
SRF	NA	1906	4267	22.229
SRFBP1	NA	135	2836	2.3689
SRGAP1	NA	213	8475	1.25072
SRGAP2	NA	2015	7845	12.7821
SRGAP2-AS1	NA	6	2504	0.119244
SRGAP2B	NA	226	1230	9.14372
SRGAP2C	NA	447	2461	9.0389
SRGAP2D	NA	845	4601	9.13953
SRGAP3	NA	129	8992	0.713926
SRGAP3-AS3	NA	0	1223	0
SRGN	NA	1	1254	0.0396846
SRI	NA	1029	2405	21.2922
SRL	NA	3	4214	0.035428
SRM	NA	2415	1273	94.4079
SRMS	NA	1	2402	0.0207179
SRP14	NA	6881	1180	290.194
SRP14-AS1	NA	61	3320	0.914348
SRP19	NA	831	2988	13.8401
SRP54	NA	1076	2281	23.4751
SRP68	NA	2556	3058	41.5952
SRP72	NA	1767	3876	22.6868
SRP9	NA	5790	1620	177.862
SRPK1	NA	2757	4390	31.253
SRPK2	NA	1026	4115	12.4079
SRPK3	NA	9	2002	0.223717
SRPR	NA	1532	3092	24.6569
SRPRB	NA	1316	2827	23.1659
SRPX	NA	26	1903	0.679914
SRPX2	NA	195	2190	4.43109
SRR	NA	1190	2493	23.7544
SRRD	NA	274	1293	10.5456
SRRM1	NA	1940	4150	23.2634
SRRM2	NA	16003	9353	85.1471
SRRM2-AS1	NA	31	1645	0.937811
SRRM3	NA	173	3703	2.32494
SRRM4	NA	0	8477	0
SRRM5	NA	417	2398	8.65379
SRRT	NA	2502	3013	41.3245
SRSF1	NA	6521	5643	57.5074
SRSF10	NA	2423	16433	7.33764
SRSF11	NA	3029	2792	53.9888
SRSF12	NA	353	3599	4.88104
SRSF2	NA	5553	2963	93.2643
SRSF3	NA	6351	3600	87.7929
SRSF4	NA	2739	2530	53.8755
SRSF5	NA	4747	1651	143.084
SRSF6	NA	3799	4014	47.099
SRSF7	NA	3128	2489	62.5405
SRSF8	NA	3501	4347	40.0795
SRSF9	NA	5474	1163	234.231
SRXN1	NA	1529	2689	28.2967
SRY	NA	0	887	0
SS18	NA	2644	3558	36.9807
SS18L1	NA	541	4973	5.41375
SS18L2	NA	515	815	31.4463
SSB	NA	3038	2195	68.8768
SSBP1	NA	1491	1339	55.4136
SSBP2	NA	467	4465	5.20493
SSBP3	NA	3638	3254	55.6371
SSBP3-AS1	NA	11	2621	0.208855
SSBP4	NA	1241	1787	34.5595
SSC4D	NA	464	2806	8.22905
SSC5D	NA	148	5119	1.43879
SSFA2	NA	77	7936	0.482846
SSH1	NA	1902	9191	10.2983
SSH2	NA	790	10014	3.9259
SSH3	NA	11	2878	0.190205
SSMEM1	NA	0	1156	0
SSNA1	NA	1136	941	60.077
SSPN	NA	217	4727	2.28451
SSPO	NA	70	15579	0.223603
SSR1	NA	4285	9776	21.8127
SSR2	NA	3343	1124	148.01
SSR3	NA	5197	4600	56.2231
SSR4	NA	1063	1194	44.3046
SSR4P1	NA	93	2257	2.05055
SSRP1	NA	5731	2819	101.171
SSSCA1	NA	406	880	22.9595
SSSCA1-AS1	NA	11	1194	0.458467
SST	NA	1	632	0.0787413
SSTR1	NA	0	4291	0
SSTR2	NA	31	2964	0.520479
SSTR3	NA	20	4299	0.231517
SSTR4	NA	0	1258	0
SSTR5	NA	14	2718	0.256329
SSTR5-AS1	NA	6	2933	0.101803
SSU72	NA	2232	1303	85.2451
SSUH2	NA	5	2119	0.117424
SSX1	NA	0	1384	0
SSX2	NA	0	1476	0
SSX2B	NA	0	1475	0
SSX2IP	NA	740	6114	6.02318
SSX3	NA	0	1319	0
SSX4	NA	0	1217	0
SSX4B	NA	0	1228	0
SSX5	NA	0	1384	0
SSX6	NA	2	1286	0.0773942
SSX7	NA	0	1340	0
SSX8	NA	0	1447	0
SSX9	NA	0	580	0
ST13	NA	5163	3581	71.7493
ST13P4	NA	1216	1598	37.8684
ST14	NA	5	3300	0.0754007
ST18	NA	0	6330	0
ST20	NA	238	1516	7.81263
ST20-AS1	NA	150	2084	3.5819
ST20-MTHFS	NA	519	2282	11.318
ST3GAL1	NA	3	6971	0.0214164
ST3GAL2	NA	761	4450	8.51029
ST3GAL3	NA	197	2875	3.40995
ST3GAL4	NA	368	2625	6.97651
ST3GAL4-AS1	NA	60	752	3.97057
ST3GAL5	NA	659	2448	13.3966
ST3GAL5-AS1	NA	6	1116	0.267551
ST3GAL6	NA	0	3938	0
ST3GAL6-AS1	NA	0	769	0
ST5	NA	1228	4705	12.9885
ST6GAL1	NA	207	4732	2.17693
ST6GAL2	NA	1	7068	0.00704082
ST6GALNAC1	NA	11	2714	0.201698
ST6GALNAC2	NA	273	2105	6.45402
ST6GALNAC3	NA	21	3621	0.288609
ST6GALNAC4	NA	678	1691	19.9529
ST6GALNAC5	NA	0	2032	0
ST6GALNAC6	NA	1846	2768	33.1883
ST7	NA	273	3159	4.30064
ST7-AS1	NA	142	1888	3.74288
ST7-AS2	NA	12	2405	0.248305
ST7-OT3	NA	24	1024	1.16636
ST7-OT4	NA	20	1572	0.633136
ST7L	NA	250	4812	2.58544
ST8SIA1	NA	3	9714	0.0153689
ST8SIA2	NA	7	5626	0.0619181
ST8SIA3	NA	0	10153	0
ST8SIA4	NA	1	7354	0.006767
ST8SIA5	NA	28	2824	0.493416
ST8SIA6	NA	6	1398	0.213582
ST8SIA6-AS1	NA	0	557	0
STAB1	NA	561	7926	3.52232
STAB2	NA	16	8230	0.0967475
STAC	NA	0	3083	0
STAC2	NA	0	3277	0
STAC3	NA	25	1654	0.752184
STAG1	NA	606	5166	5.83765
STAG2	NA	1110	6609	8.35809
STAG3	NA	124	4399	1.40277
STAG3L1	NA	489	2136	11.3927
STAG3L2	NA	521	1884	13.7618
STAG3L3	NA	489	2167	11.2297
STAG3L4	NA	298	2202	6.7347
STAG3L5P	NA	46	729	3.14015
STAG3L5P-PVRIG2P-PILRB	NA	1399	3844	18.1115
STAM	NA	1255	3880	16.0965
STAM-AS1	NA	17	2635	0.321061
STAM2	NA	431	5701	3.76223
STAMBP	NA	892	6791	6.53658
STAMBPL1	NA	2	2094	0.0475306
STAP1	NA	0	1511	0
STAP2	NA	298	1537	9.64855
STAR	NA	6	2695	0.110793
STARD10	NA	883	1988	22.1036
STARD13	NA	21	7519	0.138988
STARD13-AS	NA	0	645	0
STARD3	NA	692	2847	12.0959
STARD3NL	NA	527	1744	15.0378
STARD4	NA	1309	5576	11.6825
STARD4-AS1	NA	16	5525	0.144114
STARD5	NA	13	1316	0.491595
STARD6	NA	1	663	0.0750596
STARD7	NA	3302	3379	48.6305
STARD7-AS1	NA	136	2483	2.72572
STARD8	NA	70	5133	0.678651
STARD9	NA	278	15584	0.887739
STAT1	NA	1429	4583	15.5168
STAT2	NA	916	4550	10.0185
STAT3	NA	3476	4973	34.7841
STAT4	NA	2	3089	0.0322205
STAT5A	NA	43	4489	0.476693
STAT5B	NA	796	5094	7.77631
STAT6	NA	2431	4267	28.3519
STATH	NA	0	600	0
STAU1	NA	2637	3825	34.3082
STAU2	NA	1054	5903	8.88561
STAU2-AS1	NA	7	2068	0.168448
STBD1	NA	299	2951	5.04222
STC1	NA	40	3877	0.513433
STC2	NA	533	5343	4.96434
STEAP1	NA	11	1313	0.416915
STEAP1B	NA	61	1692	1.79411
STEAP2	NA	8	7135	0.0557976
STEAP2-AS1	NA	0	627	0
STEAP3	NA	1264	4352	14.4537
STEAP3-AS1	NA	94	3218	1.45366
STEAP4	NA	0	4572	0
STH	NA	0	890	0
STIL	NA	497	5228	4.73086
STIM1	NA	716	4393	8.11094
STIM2	NA	696	5246	6.60238
STIP1	NA	3490	2904	59.8065
STK10	NA	914	6019	7.55686
STK11	NA	1838	3276	27.9204
STK11IP	NA	598	3624	8.21169
STK16	NA	612	3127	9.73965
STK17A	NA	1934	3933	24.471
STK17B	NA	42	5307	0.39384
STK19	NA	14691	12445	58.7457
STK24	NA	2412	4986	24.0738
STK25	NA	5270	3164	82.8884
STK26	NA	289	3336	4.31113
STK3	NA	288	3338	4.29364
STK31	NA	5	3759	0.0661938
STK32A	NA	5	5309	0.046868
STK32B	NA	136	3620	1.86961
STK32C	NA	148	2119	3.47576
STK33	NA	476	3014	7.85929
STK35	NA	926	6411	7.18795
STK36	NA	783	4935	7.89576
STK38	NA	1892	3631	25.9307
STK38L	NA	358	5096	3.49601
STK39	NA	484	3274	7.35675
STK4	NA	1141	6330	8.97019
STK4-AS1	NA	2	2116	0.0470364
STK40	NA	1615	3909	20.5602
STKLD1	NA	33	3959	0.414809
STMN1	NA	10949	3602	151.269
STMN2	NA	0	2305	0
STMN3	NA	2584	2732	47.0686
STMN4	NA	14	2395	0.290899
STMND1	NA	0	1322	0
STOM	NA	3650	3328	54.5794
STOML1	NA	157	2244	3.48174
STOML2	NA	4807	1431	167.168
STOML3	NA	1	1998	0.0249072
STON1	NA	176	5633	1.55486
STON1-GTF2A1L	NA	45	4132	0.541966
STON2	NA	81	13046	0.308978
STOX1	NA	31	3593	0.429362
STOX2	NA	4	4654	0.0427714
STPG1	NA	174	3047	2.84182
STPG2	NA	0	1654	0
STPG2-AS1	NA	1	537	0.0926713
STRA13	NA	594	796	37.1358
STRA6	NA	1530	5340	14.2584
STRA8	NA	1	993	0.0501153
STRADA	NA	599	2883	10.3396
STRADB	NA	1387	2322	29.7258
STRAP	NA	3234	1905	84.4821
STRBP	NA	1050	6607	7.90869
STRC	NA	58	5515	0.523362
STRIP1	NA	783	3458	11.2682
STRIP2	NA	736	5702	6.42348
STRN	NA	627	14110	2.21136
STRN3	NA	757	4222	8.92272
STRN4	NA	2570	3210	39.8426
STS	NA	199	6377	1.55295
STT3A	NA	1546	4314	17.834
STT3B	NA	2798	4537	30.6901
STUB1	NA	2057	1695	60.3927
STX10	NA	995	1393	35.5461
STX11	NA	1	5504	0.00904151
STX12	NA	355	3079	5.73771
STX16	NA	2583	4967	25.8791
STX16-NPEPL1	NA	851	4048	10.4619
STX17	NA	674	6908	4.85542
STX17-AS1	NA	19	552	1.71291
STX18	NA	1433	2157	33.061
STX18-AS1	NA	82	2478	1.64677
STX18-IT1	NA	0	542	0
STX19	NA	5	1156	0.215244
STX1A	NA	256	2125	5.99516
STX1B	NA	465	4674	4.9509
STX2	NA	794	3465	11.4035
STX3	NA	3516	6475	27.0227
STX4	NA	653	1951	16.6562
STX5	NA	1243	1872	33.0434
STX6	NA	1222	5072	11.9898
STX7	NA	473	4270	5.51255
STX8	NA	616	968	31.6683
STXBP1	NA	840	3967	10.5375
STXBP2	NA	9	1984	0.225746
STXBP3	NA	444	2503	8.82758
STXBP4	NA	114	6046	0.938332
STXBP5	NA	606	9352	3.22469
STXBP5-AS1	NA	36	3072	0.583178
STXBP5L	NA	3	9365	0.0159416
STXBP6	NA	28	4967	0.280533
STYK1	NA	35	2995	0.581555
STYX	NA	763	4863	7.808
STYXL1	NA	844	1416	29.6619
SUB1	NA	2485	3507	35.2623
SUCLA2	NA	1299	2164	29.8725
SUCLG1	NA	4103	1457	140.14
SUCLG2	NA	1096	2663	20.4814
SUCLG2-AS1	NA	23	2626	0.435866
SUCNR1	NA	0	1650	0
SUCO	NA	1291	6109	10.5166
SUDS3	NA	1118	4728	11.7675
SUFU	NA	652	5346	6.06929
SUGCT	NA	782	1728	22.5207
SUGP1	NA	1184	2089	28.2054
SUGP2	NA	2391	5030	23.6554
SUGT1	NA	630	1786	17.5541
SUGT1P1	NA	11	769	0.711846
SUGT1P3	NA	3	1049	0.14232
SULF1	NA	5	6043	0.0411753
SULF2	NA	8381	4451	93.7039
SULT1A1	NA	927	2236	20.6313
SULT1A2	NA	368	1398	13.0997
SULT1A3	NA	1566	2798	27.8525
SULT1A4	NA	1566	2798	27.8525
SULT1B1	NA	0	1309	0
SULT1C2	NA	50	2890	0.860977
SULT1C2P1	NA	0	1874	0
SULT1C3	NA	0	915	0
SULT1C4	NA	4	1664	0.119626
SULT1E1	NA	0	1780	0
SULT2A1	NA	1	1987	0.025045
SULT2B1	NA	14	1405	0.495874
SULT4A1	NA	437	2465	8.82235
SULT6B1	NA	0	934	0
SUMF1	NA	756	2161	17.4095
SUMF2	NA	1772	2054	42.9322
SUMO1	NA	4425	1527	144.209
SUMO1P1	NA	2	1209	0.0823234
SUMO1P3	NA	1754	1206	72.3772
SUMO2	NA	3984	1066	185.987
SUMO3	NA	1051	1921	27.2267
SUMO4	NA	3	688	0.216996
SUN1	NA	1216	4645	13.0277
SUN2	NA	1171	4320	13.4894
SUN3	NA	3	1534	0.097323
SUN5	NA	0	1252	0
SUOX	NA	710	2462	14.3513
SUPT16H	NA	5814	4684	61.77
SUPT20H	NA	1136	3550	15.9246
SUPT20HL1	NA	3	2664	0.0560411
SUPT20HL2	NA	2	2454	0.0405579
SUPT3H	NA	347	4509	3.82974
SUPT4H1	NA	1801	1530	58.579
SUPT5H	NA	3107	3868	39.9737
SUPT6H	NA	3745	5877	31.7114
SUPT7L	NA	1897	4740	19.9163
SUPV3L1	NA	772	2647	14.5139
SURF1	NA	414	1043	19.7531
SURF2	NA	272	845	16.0189
SURF4	NA	5250	3399	76.8648
SURF6	NA	1564	2330	33.4041
SUSD1	NA	83	3082	1.34019
SUSD2	NA	0	3183	0
SUSD3	NA	0	1326	0
SUSD4	NA	6	3218	0.0927865
SUSD5	NA	1174	5005	11.673
SUSD6	NA	539	5393	4.97368
SUV39H1	NA	348	3054	5.67061
SUV39H2	NA	428	3340	6.37701
SUV420H1	NA	1010	7394	6.79769
SUV420H2	NA	527	2309	11.3581
SUZ12	NA	902	4477	10.0263
SUZ12P1	NA	136	728	9.29666
SV2A	NA	1263	4549	13.8168
SV2B	NA	1	11700	0.00425338
SV2C	NA	87	11603	0.373137
SVEP1	NA	1	12343	0.0040318
SVIL	NA	3193	8547	18.5911
SVIL-AS1	NA	1192	8048	7.37069
SVILP1	NA	39	1683	1.15319
SVIP	NA	62	1389	2.22131
SVOP	NA	6	6266	0.0476519
SVOPL	NA	6	1819	0.164149
SWAP70	NA	1758	4882	17.9201
SWI5	NA	452	981	22.9292
SWSAP1	NA	142	1662	4.25184
SWT1	NA	135	3945	1.70297
SYAP1	NA	1126	3525	15.8964
SYBU	NA	1186	4539	13.003
SYCE1	NA	1	1839	0.0270606
SYCE1L	NA	15	877	0.85116
SYCE2	NA	18	933	0.960087
SYCE3	NA	1	442	0.112589
SYCN	NA	0	482	0
SYCP1	NA	0	3627	0
SYCP2	NA	148	5480	1.344
SYCP2L	NA	45	3129	0.715693
SYCP3	NA	10	1129	0.440784
SYDE1	NA	1228	3303	18.5016
SYDE2	NA	220	4711	2.32396
SYF2	NA	1293	1777	36.2102
SYK	NA	0	5362	0
SYMPK	NA	3152	4188	37.4541
SYN1	NA	30	3210	0.465089
SYN2	NA	1	5705	0.00872296
SYN3	NA	0	3144	0
SYNC	NA	2250	3493	32.0556
SYNCRIP	NA	4917	8334	29.3607
SYNDIG1	NA	0	2523	0
SYNDIG1L	NA	3	2607	0.0572664
SYNE1	NA	173	27888	0.308708
SYNE1-AS1	NA	2	717	0.138813
SYNE2	NA	1114	22269	2.48945
SYNE3	NA	73	3275	1.10925
SYNE4	NA	54	1564	1.71821
SYNGAP1	NA	1125	12020	4.65766
SYNGR1	NA	888	5357	8.24918
SYNGR2	NA	2006	1694	58.9301
SYNGR3	NA	914	2051	22.1769
SYNGR4	NA	1	1015	0.0490291
SYNJ1	NA	204	7211	1.40784
SYNJ2	NA	1400	7564	9.21077
SYNJ2-IT1	NA	0	599	0
SYNJ2BP	NA	827	7060	5.82935
SYNJ2BP-COX16	NA	1077	2027	26.4412
SYNM	NA	3764	7354	25.471
SYNPO	NA	1087	8251	6.55605
SYNPO2	NA	5	14041	0.0177211
SYNPO2L	NA	9	5086	0.0880614
SYNPR	NA	0	2987	0
SYNPR-AS1	NA	1	558	0.0891837
SYNRG	NA	816	8240	4.92813
SYP	NA	27	2433	0.552257
SYP-AS1	NA	1	669	0.0743864
SYPL1	NA	2126	2469	42.8511
SYPL2	NA	30	3779	0.395061
SYS1	NA	592	5399	5.45667
SYS1-DBNDD2	NA	152	1344	5.62813
SYT1	NA	7	5327	0.0653936
SYT10	NA	0	3286	0
SYT11	NA	800	5280	7.54007
SYT12	NA	30	3718	0.401542
SYT13	NA	4	5375	0.037034
SYT14	NA	656	5388	6.05893
SYT14P1	NA	0	2628	0
SYT15	NA	29	5693	0.253499
SYT16	NA	0	3137	0
SYT17	NA	26	3375	0.383371
SYT2	NA	15	7779	0.0959593
SYT3	NA	68	3099	1.09196
SYT4	NA	0	4096	0
SYT5	NA	65	2187	1.47905
SYT6	NA	0	4593	0
SYT7	NA	836	6532	6.36912
SYT8	NA	6	1574	0.189699
SYT9	NA	17	3958	0.213743
SYTL1	NA	715	1966	18.0985
SYTL2	NA	612	5044	6.03804
SYTL3	NA	25	2896	0.429597
SYTL4	NA	19	4053	0.23329
SYTL5	NA	19	4883	0.193636
SYVN1	NA	725	3051	11.8254
SZRD1	NA	3787	3766	50.042
SZT2	NA	884	13979	3.14699
T	NA	0	2484	0
TAAR1	NA	0	1020	0
TAAR2	NA	0	1056	0
TAAR3	NA	0	1078	0
TAAR5	NA	0	1147	0
TAAR6	NA	0	1038	0
TAAR8	NA	0	1029	0
TAAR9	NA	0	1049	0
TAB1	NA	843	3862	10.8626
TAB2	NA	2446	5029	24.2044
TAB3	NA	809	6787	5.93185
TAC1	NA	0	1188	0
TAC3	NA	47	955	2.44914
TAC4	NA	1	675	0.0737252
TACC1	NA	1012	8288	6.07646
TACC2	NA	493	10737	2.28499
TACC3	NA	2868	2837	50.3083
TACO1	NA	702	1469	23.7813
TACR1	NA	0	4993	0
TACR2	NA	1	2416	0.0205979
TACR3	NA	0	1753	0
TACSTD2	NA	0	2072	0
TADA1	NA	377	2247	8.34945
TADA2A	NA	109	2016	2.69064
TADA2B	NA	638	4310	7.36653
TADA3	NA	1793	3419	26.0976
TAF1	NA	654	9871	3.29713
TAF10	NA	2045	817	124.564
TAF11	NA	1144	1562	36.4472
TAF12	NA	882	1450	30.2705
TAF13	NA	192	577	16.5594
TAF15	NA	3769	2191	85.6058
TAF1A	NA	104	2281	2.26896
TAF1A-AS1	NA	31	956	1.6137
TAF1B	NA	203	2299	4.39417
TAF1C	NA	1607	4202	19.0318
TAF1D	NA	605	1311	22.9653
TAF1L	NA	59	6216	0.472346
TAF2	NA	706	5020	6.99875
TAF3	NA	335	3298	5.05491
TAF4	NA	561	4628	6.03239
TAF4B	NA	240	4448	2.68513
TAF5	NA	468	3268	7.12662
TAF5L	NA	654	6115	5.32232
TAF6	NA	2164	2952	36.4805
TAF6L	NA	281	2115	6.61174
TAF7	NA	3544	2295	76.8477
TAF7L	NA	18	2469	0.362803
TAF8	NA	268	4323	3.0851
TAF9	NA	2024	1582	63.6684
TAF9B	NA	432	2689	7.99489
TAGAP	NA	2	4197	0.0237143
TAGLN	NA	11356	1557	362.958
TAGLN2	NA	2492	1754	70.703
TAGLN3	NA	1	1576	0.0315765
TAL1	NA	5	5103	0.04876
TAL2	NA	2	648	0.153594
TALDO1	NA	2051	1243	82.1134
TAMM41	NA	412	2600	7.88576
TANC1	NA	857	7512	5.67734
TANC2	NA	655	11747	2.77481
TANGO2	NA	303	2864	5.26489
TANGO6	NA	499	4818	5.15411
TANK	NA	360	2335	7.67247
TAOK1	NA	1691	12081	6.96563
TAOK2	NA	1481	6561	11.2332
TAOK3	NA	226	4384	2.56541
TAP1	NA	1722	24523	3.49445
TAP2	NA	1533	47726	1.59848
TAPBP	NA	2214	20421	5.39536
TAPBPL	NA	65	1818	1.77926
TAPT1	NA	269	4588	2.91775
TAPT1-AS1	NA	366	2547	7.15108
TARBP1	NA	827	5130	8.02246
TARBP2	NA	933	1988	23.3553
TARDBP	NA	5297	4217	62.5095
TARID	NA	0	2984	0
TARM1	NA	0	897	0
TARP	NA	1	1027	0.0484562
TARS	NA	2952	3166	46.4008
TARS2	NA	747	2789	13.3288
TARSL2	NA	406	3294	6.13369
TAS1R1	NA	7	2795	0.124634
TAS1R2	NA	0	2521	0
TAS1R3	NA	4	2559	0.0777874
TAS2R1	NA	0	1355	0
TAS2R10	NA	2	924	0.107715
TAS2R13	NA	1	1637	0.0303998
TAS2R14	NA	24	954	1.25194
TAS2R16	NA	0	996	0
TAS2R19	NA	10	1002	0.496652
TAS2R20	NA	42	1914	1.09201
TAS2R3	NA	0	1101	0
TAS2R30	NA	0	960	0
TAS2R31	NA	2	1021	0.0974819
TAS2R38	NA	0	1143	0
TAS2R39	NA	0	1017	0
TAS2R4	NA	0	900	0
TAS2R40	NA	0	972	0
TAS2R41	NA	0	924	0
TAS2R42	NA	0	945	0
TAS2R43	NA	0	1027	0
TAS2R46	NA	3	930	0.160531
TAS2R5	NA	2	1150	0.0865469
TAS2R50	NA	0	1000	0
TAS2R60	NA	0	957	0
TAS2R7	NA	0	1096	0
TAS2R8	NA	0	930	0
TAS2R9	NA	0	1075	0
TASP1	NA	150	2351	3.17511
TAT	NA	1	2757	0.0180502
TAT-AS1	NA	4	810	0.245751
TATDN1	NA	279	1148	12.0943
TATDN2	NA	1127	4907	11.4295
TATDN3	NA	129	2609	2.46057
TAX1BP1	NA	2054	3668	27.867
TAX1BP3	NA	3719	1383	133.821
TAZ	NA	466	2086	11.1171
TBATA	NA	2	1583	0.0628737
TBC1D1	NA	1305	6896	9.41744
TBC1D10A	NA	543	2018	13.3905
TBC1D10B	NA	1454	3288	22.0066
TBC1D10C	NA	23	1995	0.573726
TBC1D12	NA	274	5749	2.3718
TBC1D13	NA	695	3903	8.86147
TBC1D14	NA	1172	5316	10.9714
TBC1D15	NA	517	5888	4.36961
TBC1D16	NA	1010	11303	4.4468
TBC1D17	NA	589	2372	12.3572
TBC1D19	NA	59	3117	0.941965
TBC1D2	NA	570	3683	7.70181
TBC1D20	NA	1071	4469	11.9261
TBC1D21	NA	0	1249	0
TBC1D22A	NA	510	5031	5.0447
TBC1D22A-AS1	NA	4	1951	0.102029
TBC1D22B	NA	564	3591	7.81598
TBC1D23	NA	640	3886	8.1959
TBC1D24	NA	417	6595	3.1466
TBC1D25	NA	269	3812	3.51171
TBC1D26	NA	8	1869	0.21301
TBC1D28	NA	14	1978	0.352226
TBC1D29	NA	0	668	0
TBC1D2B	NA	926	6067	7.5955
TBC1D3	NA	537	2260	11.8246
TBC1D30	NA	98	7824	0.623328
TBC1D31	NA	155	3504	2.20134
TBC1D32	NA	146	6088	1.19343
TBC1D3B	NA	500	2110	11.7925
TBC1D3C	NA	540	2105	12.7662
TBC1D3F	NA	1921	6237	15.3275
TBC1D3H	NA	1907	6405	14.8167
TBC1D3K	NA	536	2065	12.9171
TBC1D3L	NA	537	2079	12.854
TBC1D3P1-DHX40P1	NA	156	1129	6.87623
TBC1D3P2	NA	115	2062	2.77542
TBC1D3P5	NA	0	3083	0
TBC1D4	NA	42	6372	0.328015
TBC1D5	NA	664	8084	4.08753
TBC1D7	NA	309	1327	11.588
TBC1D8	NA	220	4147	2.64003
TBC1D8B	NA	0	6299	0
TBC1D9	NA	644	5486	5.84184
TBC1D9B	NA	2363	5165	22.7674
TBCA	NA	3044	2447	61.9056
TBCB	NA	1979	1577	62.4502
TBCC	NA	580	1651	17.4824
TBCCD1	NA	217	3152	3.42605
TBCD	NA	1381	4432	15.5065
TBCE	NA	444	2223	9.93947
TBCEL	NA	377	4039	4.64501
TBCK	NA	360	5558	3.22332
TBK1	NA	392	3087	6.3193
TBKBP1	NA	1177	4134	14.1686
TBL1X	NA	1196	6018	9.89005
TBL1XR1	NA	2059	6550	15.6435
TBL1Y	NA	0	2407	0
TBL2	NA	1011	3038	16.5609
TBL3	NA	673	2594	12.9111
TBP	NA	312	1904	8.15469
TBPL1	NA	595	1889	15.6749
TBPL2	NA	2	1295	0.0768564
TBR1	NA	0	3186	0
TBRG1	NA	670	5162	6.45917
TBRG4	NA	2119	2276	46.3317
TBX1	NA	1273	2804	22.5928
TBX10	NA	0	1548	0
TBX15	NA	366	3495	5.21139
TBX18	NA	0	6066	0
TBX19	NA	48	2822	0.846455
TBX2	NA	431	3380	6.34571
TBX2-AS1	NA	38	979	1.93161
TBX20	NA	0	1828	0
TBX21	NA	0	2572	0
TBX22	NA	0	2443	0
TBX3	NA	3	4783	0.0312134
TBX4	NA	7	2470	0.141033
TBX5	NA	0	4362	0
TBX5-AS1	NA	0	3638	0
TBX6	NA	0	1802	0
TBXA2R	NA	130	2601	2.48727
TBXAS1	NA	0	2695	0
TC2N	NA	6	5496	0.0543281
TCAF1	NA	1669	5960	13.9357
TCAF2	NA	13	6032	0.107251
TCAF2P1	NA	5	2268	0.10971
TCAIM	NA	772	5471	7.02215
TCAM1P	NA	1	3317	0.0150029
TCAP	NA	17	963	0.878501
TCEA1	NA	2600	3163	40.9066
TCEA2	NA	246	2363	5.18073
TCEA3	NA	21	1750	0.597174
TCEAL1	NA	113	1280	4.39327
TCEAL2	NA	1	1101	0.0451994
TCEAL3	NA	165	1125	7.29879
TCEAL4	NA	1597	2118	37.5231
TCEAL5	NA	13	1166	0.554836
TCEAL6	NA	29	1532	0.942017
TCEAL7	NA	15	1184	0.630462
TCEAL8	NA	1695	1212	69.5964
TCEANC	NA	12	3407	0.175279
TCEANC2	NA	216	7499	1.43341
TCEB1	NA	1713	2330	36.5865
TCEB2	NA	9248	990	464.871
TCEB3	NA	2160	4943	21.7462
TCEB3-AS1	NA	263	1084	12.0739
TCEB3B	NA	1	3046	0.0163377
TCEB3C	NA	2	3754	0.0265128
TCEB3CL	NA	3	4923	0.0303257
TCEB3CL2	NA	2	3754	0.0265128
TCERG1	NA	1550	4201	18.3611
TCERG1L	NA	2	2617	0.0380317
TCERG1L-AS1	NA	5	472	0.527166
TCF12	NA	1336	4963	13.3962
TCF15	NA	8	1227	0.324463
TCF19	NA	366	22121	0.823372
TCF20	NA	955	7309	6.50227
TCF21	NA	0	3653	0
TCF23	NA	1	786	0.0633136
TCF24	NA	27	2450	0.548425
TCF25	NA	1694	2259	37.3179
TCF3	NA	3091	4678	32.882
TCF4	NA	5	10834	0.0229668
TCF7	NA	416	4188	4.94318
TCF7L1	NA	1099	2918	18.7427
TCF7L2	NA	714	4326	8.21356
TCFL5	NA	480	3952	6.04427
TCHH	NA	6	6995	0.0426858
TCHHL1	NA	0	3603	0
TCHP	NA	260	3310	3.90899
TCIRG1	NA	103	3041	1.68555
TCL1A	NA	0	1620	0
TCL1B	NA	0	1166	0
TCL6	NA	0	3307	0
TCN1	NA	3	1567	0.0952734
TCN2	NA	282	2072	6.77297
TCOF1	NA	3462	5994	28.7429
TCONS_00029157	NA	2	2890	0.0344391
TCP1	NA	5573	2453	113.061
TCP10	NA	0	1273	0
TCP10L	NA	6	2697	0.110711
TCP10L2	NA	0	2185	0
TCP11	NA	8	2135	0.186471
TCP11L1	NA	584	3009	9.65851
TCP11L2	NA	40	2769	0.71888
TCP11X2	NA	0	1747	0
TCTA	NA	741	2147	17.1754
TCTE1	NA	9	1683	0.26612
TCTE3	NA	6	747	0.399715
TCTEX1D1	NA	0	2264	0
TCTEX1D2	NA	471	679	34.52
TCTEX1D4	NA	45	1268	1.76609
TCTN1	NA	261	2229	5.82707
TCTN2	NA	235	2912	4.01602
TCTN3	NA	1616	2739	29.3609
TDG	NA	763	3244	11.7048
TDGF1	NA	1	2192	0.0227028
TDGF1P3	NA	0	2710	0
TDH	NA	3	1357	0.110017
TDO2	NA	754	1703	22.0331
TDP1	NA	449	3747	5.96324
TDP2	NA	1360	1925	35.1583
TDRD1	NA	0	4510	0
TDRD10	NA	16	2529	0.314841
TDRD12	NA	1	1617	0.0307758
TDRD15	NA	0	7160	0
TDRD3	NA	173	3137	2.74442
TDRD5	NA	0	4290	0
TDRD6	NA	0	8977	0
TDRD7	NA	243	3762	3.21445
TDRD9	NA	1	4764	0.0104459
TDRG1	NA	0	1085	0
TDRKH	NA	354	3263	5.39891
TDRP	NA	1096	3423	15.9339
TEAD1	NA	2661	9416	14.0636
TEAD2	NA	709	2328	15.1559
TEAD3	NA	2117	2991	35.2228
TEAD4	NA	535	2161	12.3202
TEC	NA	6	3620	0.0824826
TECPR1	NA	351	5745	3.04044
TECPR2	NA	645	9068	3.53971
TECR	NA	1192	1231	48.1879
TECRL	NA	0	2814	0
TECTA	NA	22	6468	0.169267
TECTB	NA	5	2791	0.0891517
TEDDM1	NA	0	2500	0
TEF	NA	204	4663	2.17713
TEFM	NA	363	1339	13.491
TEK	NA	1	4771	0.0104306
TEKT1	NA	0	1413	0
TEKT2	NA	3	1509	0.0989354
TEKT3	NA	3	1784	0.0836847
TEKT4	NA	3	2218	0.06731
TEKT4P2	NA	203	2911	3.47035
TEKT5	NA	0	1609	0
TELO2	NA	1143	3328	17.0916
TEN1	NA	184	997	9.18422
TEN1-CDK3	NA	260	3330	3.88552
TENM1	NA	0	12893	0
TENM2	NA	192	9645	0.990646
TENM3	NA	3	10810	0.0138107
TENM4	NA	1240	13548	4.55477
TEP1	NA	635	10694	2.95497
TEPP	NA	0	1621	0
TERC	NA	8	451	0.88274
TERF1	NA	1571	2960	26.4122
TERF2	NA	666	2983	11.1107
TERF2IP	NA	1881	2178	42.9784
TERT	NA	10	4013	0.124008
TES	NA	1	2858	0.0174123
TESC	NA	204	1024	9.91402
TESC-AS1	NA	0	465	0
TESK1	NA	596	2516	11.7884
TESK2	NA	233	3076	3.76955
TESPA1	NA	0	4140	0
TET1	NA	184	9584	0.955412
TET2	NA	275	15321	0.893234
TET2-AS1	NA	2	754	0.132001
TET3	NA	393	11387	1.71752
TEX10	NA	4736	3274	71.9868
TEX101	NA	4	1739	0.114467
TEX11	NA	1	3140	0.0158486
TEX12	NA	2	1144	0.0870009
TEX13A	NA	0	1396	0
TEX13B	NA	1	1248	0.0398754
TEX14	NA	37	4946	0.372278
TEX15	NA	36	10112	0.177168
TEX19	NA	16	1936	0.411277
TEX2	NA	733	5270	6.9217
TEX21P	NA	4	1045	0.190486
TEX22	NA	76	2571	1.47106
TEX26	NA	0	998	0
TEX26-AS1	NA	3	2190	0.0681705
TEX261	NA	1830	3367	27.0475
TEX264	NA	514	1877	13.6276
TEX28	NA	0	1621	0
TEX29	NA	4	951	0.209314
TEX30	NA	518	1397	18.4524
TEX33	NA	0	1049	0
TEX35	NA	0	1391	0
TEX36	NA	0	922	0
TEX36-AS1	NA	0	749	0
TEX37	NA	24	796	1.50044
TEX38	NA	4	851	0.233911
TEX40	NA	2	744	0.133776
TEX41	NA	0	4786	0
TEX43	NA	0	459	0
TEX9	NA	99	1782	2.76469
TF	NA	5	2791	0.0891517
TFAM	NA	896	5369	8.3049
TFAMP1	NA	3	2223	0.0671586
TFAP2A	NA	635	4252	7.4319
TFAP2A-AS1	NA	31	1304	1.18305
TFAP2B	NA	0	5770	0
TFAP2C	NA	7	2865	0.121589
TFAP2D	NA	0	2040	0
TFAP2E	NA	14	2187	0.318566
TFAP4	NA	212	2140	4.92994
TFB1M	NA	412	2802	7.31726
TFB2M	NA	364	1786	10.1424
TFCP2	NA	949	3715	12.7124
TFCP2L1	NA	34	9286	0.182209
TFDP1	NA	1873	2694	34.5987
TFDP2	NA	1369	10141	6.71804
TFDP3	NA	2	1680	0.0592434
TFE3	NA	2029	3450	29.2673
TFEB	NA	310	2735	5.64058
TFEC	NA	0	6829	0
TFF1	NA	0	492	0
TFF2	NA	0	707	0
TFF3	NA	0	1054	0
TFG	NA	3179	2114	74.8351
TFIP11	NA	1031	2926	17.5349
TFPI	NA	2976	4141	35.7641
TFPI2	NA	70	2444	1.42533
TFPT	NA	803	1205	33.1626
TFR2	NA	37	2982	0.617467
TFRC	NA	2934	5295	27.5749
TG	NA	5	8453	0.029436
TGDS	NA	345	1996	8.60158
TGFA	NA	5	4765	0.0522188
TGFA-IT1	NA	0	492	0
TGFB1	NA	2513	2583	48.4159
TGFB1I1	NA	3	1866	0.0800072
TGFB2	NA	6	5954	0.050149
TGFB2-AS1	NA	0	557	0
TGFB2-OT1	NA	1	1370	0.0363244
TGFB3	NA	37	3458	0.532471
TGFBI	NA	13	2805	0.230638
TGFBR1	NA	995	6527	7.58628
TGFBR2	NA	8	4703	0.0846515
TGFBR3	NA	976	6802	7.14057
TGFBR3L	NA	11	1256	0.435836
TGFBRAP1	NA	921	5683	8.06495
TGIF1	NA	4104	4131	49.4392
TGIF2	NA	485	3624	6.65998
TGIF2-C20orf24	NA	1687	1090	77.0208
TGIF2LX	NA	0	847	0
TGIF2LY	NA	0	861	0
TGM1	NA	274	2777	4.91014
TGM2	NA	6049	4085	73.6904
TGM3	NA	52	2677	0.966662
TGM4	NA	4	2999	0.0663748
TGM5	NA	4	2767	0.07194
TGM6	NA	3	2292	0.0651368
TGM7	NA	1	2312	0.0215244
TGOLN2	NA	2273	6424	17.6081
TGS1	NA	869	3692	11.7133
TH	NA	21	1910	0.547149
TH2LCRR	NA	127	929	6.80311
THADA	NA	1942	6786	14.2415
THAP1	NA	178	2167	4.08772
THAP10	NA	81	2047	1.96919
THAP11	NA	517	1886	13.6417
THAP2	NA	56	4840	0.575788
THAP3	NA	1765	2972	29.5539
THAP4	NA	1713	2318	36.7759
THAP5	NA	280	3789	3.6775
THAP6	NA	171	3578	2.37835
THAP7	NA	494	1242	19.7936
THAP7-AS1	NA	128	2971	2.14401
THAP8	NA	118	1825	3.21765
THAP9	NA	130	4038	1.60213
THAP9-AS1	NA	879	2308	18.9528
THBD	NA	0	4032	0
THBS1	NA	108	7243	0.742036
THBS2	NA	11	5881	0.093081
THBS3	NA	4473	3316	67.128
THBS4	NA	32	3636	0.437971
THCAT155	NA	0	5979	0
THCAT158	NA	1	776	0.0641295
THEG	NA	0	1326	0
THEG5	NA	0	1696	0
THEGL	NA	0	1466	0
THEM4	NA	0	5171	0
THEM5	NA	2	1146	0.086849
THEM6	NA	164	2264	3.60485
THEMIS	NA	1	4187	0.0118855
THEMIS2	NA	23	2724	0.420185
THG1L	NA	262	1305	9.99103
THNSL1	NA	184	3770	2.42882
THNSL2	NA	0	2317	0
THOC1	NA	983	2120	23.0748
THOC2	NA	1404	5610	12.4544
THOC3	NA	1606	1601	49.9199
THOC5	NA	1491	2754	26.9422
THOC6	NA	355	1420	12.4411
THOC7	NA	1233	1278	48.0122
THOC7-AS1	NA	0	673	0
THOP1	NA	1729	2550	33.7423
THPO	NA	25	2186	0.569127
THRA	NA	147	3496	2.0925
THRA1/BTR	NA	0	728	0
THRAP3	NA	2930	4431	32.9068
THRB	NA	10	7684	0.0647638
THRB-AS1	NA	0	885	0
THRIL	NA	100	1981	2.51209
THRSP	NA	19	1180	0.801293
THSD1	NA	298	3347	4.43078
THSD4	NA	735	9425	3.88084
THSD4-AS1	NA	0	835	0
THSD4-AS2	NA	0	2139	0
THSD7A	NA	5	10585	0.0235071
THSD7B	NA	0	5845	0
THTPA	NA	172	2675	3.19981
THUMPD1	NA	982	4503	10.8525
THUMPD2	NA	333	2345	7.06677
THUMPD3	NA	428	3980	5.35156
THUMPD3-AS1	NA	229	1860	6.12692
THY1	NA	1912	2397	39.6953
THYN1	NA	1110	1321	41.8157
TIA1	NA	1249	4653	13.3582
TIAF1	NA	945	2089	22.5119
TIAL1	NA	2207	3942	27.8616
TIAM1	NA	6	7198	0.0414819
TIAM2	NA	123	6044	1.01275
TICAM1	NA	1	2722	0.0182823
TICAM2	NA	238	3203	3.69777
TICRR	NA	444	6669	3.31316
TIE1	NA	95	3982	1.18725
TIFA	NA	79	3073	1.27933
TIFAB	NA	5	1273	0.195461
TIGAR	NA	1277	8225	7.72635
TIGD1	NA	173	2621	3.28472
TIGD2	NA	833	2085	19.8819
TIGD3	NA	22	1966	0.556876
TIGD4	NA	23	2472	0.463019
TIGD5	NA	398	2412	8.21155
TIGD6	NA	135	4547	1.4775
TIGD7	NA	206	3430	2.98877
TIGIT	NA	0	2968	0
TIMD4	NA	3	1369	0.109053
TIMELESS	NA	1300	5138	12.5913
TIMM10	NA	487	674	35.9574
TIMM10B	NA	873	2842	15.2866
TIMM13	NA	2280	1995	56.8737
TIMM17A	NA	1965	1659	58.9435
TIMM17B	NA	1136	1100	51.3932
TIMM21	NA	688	1534	22.3194
TIMM22	NA	947	1673	28.1691
TIMM23	NA	2596	1349	95.7662
TIMM23B	NA	638	2639	12.031
TIMM44	NA	1434	2000	35.6811
TIMM50	NA	1120	2572	21.6704
TIMM8A	NA	251	1806	6.91633
TIMM8B	NA	1436	1140	62.6858
TIMM9	NA	655	1336	24.398
TIMMDC1	NA	1137	1593	35.5193
TIMP1	NA	2028	916	110.177
TIMP2	NA	4511	3655	61.4193
TIMP3	NA	11	5486	0.099783
TIMP4	NA	0	1633	0
TINAG	NA	0	1804	0
TINAGL1	NA	1955	2281	42.6522
TINCR	NA	10	3733	0.13331
TINF2	NA	684	2177	15.6357
TIPARP	NA	1504	4530	16.5223
TIPARP-AS1	NA	17	2543	0.332677
TIPIN	NA	351	1280	13.6464
TIPRL	NA	833	3307	12.5352
TIRAP	NA	92	2485	1.84239
TISP43	NA	0	2215	0
TJAP1	NA	632	3119	10.0837
TJP1	NA	2346	8557	13.6435
TJP2	NA	539	6663	4.02567
TJP3	NA	94	3335	1.40266
TK1	NA	1325	1595	41.3404
TK2	NA	361	6137	2.92732
TKFC	NA	334	4241	3.9192
TKT	NA	11927	3090	192.085
TKTL1	NA	2	2899	0.0343322
TKTL2	NA	0	2801	0
TLCD1	NA	208	1197	8.64746
TLCD2	NA	153	5901	1.29028
TLDC1	NA	1452	5031	14.3626
TLDC2	NA	91	2089	2.16782
TLE1	NA	899	4153	10.7725
TLE2	NA	416	2954	7.00813
TLE3	NA	1488	5910	12.5295
TLE4	NA	563	5401	5.18745
TLE6	NA	47	2017	1.15961
TLK1	NA	1103	6032	9.09984
TLK2	NA	1152	5513	10.3988
TLL1	NA	0	7777	0
TLL2	NA	125	6771	0.918707
TLN1	NA	5762	8434	33.9985
TLN2	NA	1155	11649	4.93416
TLR1	NA	0	2851	0
TLR10	NA	1	3990	0.0124723
TLR2	NA	0	3402	0
TLR3	NA	21	3041	0.343655
TLR4	NA	53	5781	0.456239
TLR5	NA	2	4267	0.0233253
TLR6	NA	4	5887	0.0338131
TLR7	NA	12	4992	0.119626
TLR8	NA	1	4353	0.0114322
TLR8-AS1	NA	13	1589	0.407136
TLR9	NA	1	3870	0.012859
TLX1	NA	4	2130	0.0934544
TLX1NB	NA	2	3031	0.032837
TLX2	NA	1	2152	0.0231248
TLX3	NA	2	1493	0.0666638
TM2D1	NA	252	1250	10.0325
TM2D2	NA	1564	3641	21.3765
TM2D3	NA	446	2159	10.2802
TM4SF1	NA	11273	1691	331.753
TM4SF1-AS1	NA	18	931	0.962149
TM4SF18	NA	1600	3925	20.2862
TM4SF19	NA	24	1059	1.12781
TM4SF19-AS1	NA	22	2061	0.531208
TM4SF19-TCTEX1D2	NA	130	1008	6.41804
TM4SF20	NA	2	2294	0.0433867
TM4SF4	NA	29	1607	0.898052
TM4SF5	NA	0	708	0
TM6SF1	NA	28	1909	0.729914
TM6SF2	NA	37	1483	1.2416
TM7SF2	NA	650	1601	20.2042
TM7SF3	NA	3630	4343	41.5945
TM9SF1	NA	783	2843	13.7058
TM9SF2	NA	2037	3515	28.8393
TM9SF3	NA	5209	6140	42.2188
TM9SF4	NA	1744	3978	21.8173
TMA16	NA	528	1918	13.6995
TMA7	NA	2424	463	260.538
TMBIM1	NA	2522	2349	53.4296
TMBIM4	NA	361	2003	8.96904
TMBIM6	NA	9537	3356	141.42
TMC1	NA	1	3201	0.0155465
TMC2	NA	1	3169	0.0157035
TMC3	NA	0	3303	0
TMC3-AS1	NA	0	1077	0
TMC4	NA	19	2481	0.381107
TMC5	NA	2	6076	0.0163807
TMC6	NA	1577	2958	26.531
TMC7	NA	159	5196	1.52282
TMC8	NA	45	4419	0.506767
TMCC1	NA	587	6724	4.3444
TMCC1-AS1	NA	90	3497	1.28076
TMCC2	NA	322	4614	3.47294
TMCC3	NA	680	6106	5.54207
TMCO1	NA	3243	4670	34.5581
TMCO2	NA	0	741	0
TMCO3	NA	1652	3086	26.64
TMCO4	NA	400	2974	6.69327
TMCO5A	NA	0	1245	0
TMCO5B	NA	0	857	0
TMCO6	NA	209	1911	5.44258
TMED1	NA	809	1866	21.5753
TMED10	NA	5867	4144	70.4557
TMED10P1	NA	161	4033	1.98663
TMED11P	NA	0	533	0
TMED2	NA	3267	2126	76.4725
TMED3	NA	1196	3342	17.8092
TMED4	NA	1819	3782	23.9349
TMED5	NA	1194	6185	9.60692
TMED6	NA	12	940	0.635291
TMED7	NA	1252	4063	15.3348
TMED7-TICAM2	NA	430	3773	5.67154
TMED8	NA	16	978	0.814143
TMED9	NA	5662	1393	202.273
TMEFF1	NA	814	2486	16.2946
TMEFF2	NA	0	5781	0
TMEM100	NA	3	2388	0.0625182
TMEM101	NA	468	2040	11.4166
TMEM102	NA	165	1973	4.16175
TMEM104	NA	598	4749	6.26641
TMEM105	NA	14	3319	0.209914
TMEM106A	NA	4	3333	0.0597234
TMEM106B	NA	393	6514	3.00237
TMEM106C	NA	2280	1588	71.4503
TMEM107	NA	281	1775	7.87821
TMEM108	NA	5	4159	0.0598275
TMEM108-AS1	NA	0	2338	0
TMEM109	NA	665	2388	13.8582
TMEM11	NA	824	1688	24.2926
TMEM110	NA	362	4736	3.80379
TMEM110-MUSTN1	NA	114	1459	3.88838
TMEM114	NA	0	1125	0
TMEM115	NA	1338	2095	31.7828
TMEM116	NA	89	1820	2.43354
TMEM117	NA	68	2999	1.12837
TMEM119	NA	20	2701	0.368489
TMEM120A	NA	578	1471	19.554
TMEM120B	NA	2953	7510	19.5678
TMEM121	NA	199	1519	6.51951
TMEM123	NA	3473	3590	48.1426
TMEM125	NA	5	1786	0.139318
TMEM126A	NA	147	818	8.94301
TMEM126B	NA	632	1341	23.4535
TMEM127	NA	1326	4593	14.367
TMEM128	NA	481	1767	13.5465
TMEM129	NA	1669	2837	29.2763
TMEM130	NA	624	3065	10.1315
TMEM131	NA	1763	6642	13.2091
TMEM132A	NA	2060	3520	29.1235
TMEM132B	NA	501	11089	2.24836
TMEM132C	NA	0	4947	0
TMEM132D	NA	0	5777	0
TMEM132E	NA	6	4639	0.0643645
TMEM133	NA	0	1856	0
TMEM134	NA	483	1117	21.5186
TMEM135	NA	719	9080	3.9406
TMEM136	NA	587	4462	6.54679
TMEM138	NA	534	1842	14.4268
TMEM139	NA	37	2522	0.73009
TMEM140	NA	298	2055	7.21646
TMEM141	NA	668	858	38.7444
TMEM143	NA	149	2560	2.89645
TMEM144	NA	446	3318	6.68926
TMEM145	NA	15	1779	0.419599
TMEM147	NA	1342	966	69.1345
TMEM147-AS1	NA	607	1627	18.5661
TMEM14A	NA	171	1014	8.39224
TMEM14B	NA	1215	1810	33.4054
TMEM14C	NA	2478	1187	103.889
TMEM14E	NA	0	1293	0
TMEM150A	NA	389	1554	12.4571
TMEM150B	NA	3	982	0.15203
TMEM150C	NA	48	1888	1.2652
TMEM151A	NA	53	2530	1.0425
TMEM151B	NA	177	4619	1.90697
TMEM154	NA	5	3216	0.0773702
TMEM155	NA	0	2316	0
TMEM156	NA	183	1934	4.70884
TMEM158	NA	44	1859	1.17786
TMEM159	NA	93	2329	1.98716
TMEM160	NA	1432	655	108.798
TMEM161A	NA	745	1827	20.2926
TMEM161B	NA	297	3486	4.23983
TMEM161B-AS1	NA	55	1391	1.96768
TMEM163	NA	0	1893	0
TMEM164	NA	1007	5708	8.77941
TMEM165	NA	1095	2078	26.2234
TMEM167A	NA	4024	4587	43.6565
TMEM167B	NA	508	2750	9.19286
TMEM168	NA	383	7392	2.57844
TMEM169	NA	3	3461	0.0431359
TMEM17	NA	36	1925	0.930661
TMEM170A	NA	635	5071	6.2316
TMEM170B	NA	343	8413	2.02891
TMEM171	NA	7	1266	0.275159
TMEM173	NA	561	2207	12.6497
TMEM174	NA	1	1758	0.0283074
TMEM175	NA	339	2356	7.16051
TMEM176A	NA	3	1038	0.143828
TMEM176B	NA	37	1673	1.10059
TMEM177	NA	601	1738	17.2086
TMEM178A	NA	1109	1830	30.1578
TMEM178B	NA	34	10557	0.160272
TMEM179	NA	2	3651	0.0272607
TMEM179B	NA	829	1043	39.5539
TMEM18	NA	385	2124	9.0204
TMEM180	NA	95	2834	1.66818
TMEM181	NA	1078	5397	9.93999
TMEM182	NA	54	3588	0.748964
TMEM183A	NA	1598	2220	35.8215
TMEM183B	NA	1560	1689	45.9637
TMEM184A	NA	261	6276	2.06956
TMEM184B	NA	2188	3878	28.0775
TMEM184C	NA	451	2973	7.54921
TMEM185A	NA	408	3091	6.56872
TMEM185B	NA	1126	5938	9.43665
TMEM186	NA	233	1448	8.00768
TMEM187	NA	59	1667	1.76131
TMEM189	NA	1365	2399	28.3154
TMEM189-UBE2V1	NA	6162	2918	105.089
TMEM19	NA	261	4658	2.78844
TMEM190	NA	118	593	9.90255
TMEM191A	NA	40	1958	1.01664
TMEM191B	NA	78	1334	2.90977
TMEM191C	NA	69	1307	2.6272
TMEM192	NA	331	4495	3.66453
TMEM196	NA	0	3364	0
TMEM198	NA	219	2578	4.22747
TMEM198B	NA	633	3502	8.99512
TMEM199	NA	658	3148	10.4019
TMEM2	NA	382	6523	2.91431
TMEM200A	NA	9	5592	0.0800931
TMEM200B	NA	771	2616	14.6668
TMEM200C	NA	0	1920	0
TMEM201	NA	971	6542	7.38632
TMEM202	NA	0	1296	0
TMEM203	NA	988	1556	31.5985
TMEM204	NA	5	1910	0.130274
TMEM205	NA	2151	1295	82.659
TMEM206	NA	465	2145	10.7881
TMEM207	NA	0	1448	0
TMEM208	NA	616	794	38.6082
TMEM209	NA	308	3547	4.32125
TMEM210	NA	0	510	0
TMEM211	NA	0	507	0
TMEM212	NA	0	1881	0
TMEM212-AS1	NA	0	427	0
TMEM213	NA	0	3390	0
TMEM214	NA	1352	3040	22.1321
TMEM215	NA	0	5383	0
TMEM216	NA	12	1320	0.452404
TMEM217	NA	120	2897	2.06135
TMEM218	NA	183	4254	2.14079
TMEM219	NA	960	999	47.8217
TMEM220	NA	164	3092	2.63951
TMEM220-AS1	NA	31	1360	1.13434
TMEM221	NA	49	1930	1.26345
TMEM222	NA	713	1855	19.1278
TMEM223	NA	336	937	17.8451
TMEM225	NA	0	1107	0
TMEM229A	NA	0	2554	0
TMEM229B	NA	344	4068	4.20821
TMEM230	NA	2611	1795	72.3872
TMEM231	NA	406	3125	6.4654
TMEM232	NA	7	3192	0.109133
TMEM233	NA	0	1573	0
TMEM234	NA	337	1082	15.4997
TMEM235	NA	0	2491	0
TMEM236	NA	53	10909	0.241775
TMEM237	NA	1374	5763	11.8647
TMEM238	NA	2	662	0.150346
TMEM239	NA	4	701	0.283963
TMEM240	NA	10	1117	0.445519
TMEM241	NA	181	2992	3.01049
TMEM242	NA	524	5065	5.14839
TMEM243	NA	570	1043	27.1963
TMEM244	NA	0	545	0
TMEM245	NA	1047	7997	6.51537
TMEM246	NA	496	4543	5.43324
TMEM246-AS1	NA	2	864	0.115196
TMEM247	NA	0	680	0
TMEM248	NA	2140	4238	25.1288
TMEM249	NA	116	1674	3.44844
TMEM25	NA	276	3010	4.56312
TMEM251	NA	331	1362	12.094
TMEM252	NA	0	1243	0
TMEM253	NA	21	1526	0.684832
TMEM254	NA	326	2865	5.66256
TMEM254-AS1	NA	26	4046	0.319792
TMEM255A	NA	0	3497	0
TMEM255B	NA	22	1031	1.0619
TMEM256	NA	1237	481	127.981
TMEM256-PLSCR3	NA	971	2049	23.5829
TMEM257	NA	0	2443	0
TMEM258	NA	1008	411	122.05
TMEM259	NA	5487	2708	100.834
TMEM26	NA	62	5155	0.598525
TMEM26-AS1	NA	4	1703	0.116887
TMEM260	NA	444	4263	5.18307
TMEM261	NA	1268	2486	25.3827
TMEM262	NA	20	512	1.94393
TMEM263	NA	1034	3369	15.2735
TMEM265	NA	188	2100	4.45511
TMEM27	NA	63	1580	1.98428
TMEM30A	NA	2917	4544	31.9461
TMEM30B	NA	0	4442	0
TMEM30C	NA	0	518	0
TMEM31	NA	1	732	0.0679843
TMEM33	NA	1091	7717	7.03551
TMEM35	NA	93	2070	2.2358
TMEM37	NA	369	1687	10.8851
TMEM38A	NA	5	1625	0.153122
TMEM38B	NA	241	3543	3.38505
TMEM39A	NA	571	5018	5.66272
TMEM39B	NA	343	1818	9.38901
TMEM40	NA	37	2280	0.807582
TMEM41A	NA	543	2827	9.55859
TMEM41B	NA	1280	4140	15.3861
TMEM42	NA	255	983	12.9094
TMEM43	NA	2312	3342	34.4271
TMEM44	NA	250	2520	4.93695
TMEM44-AS1	NA	47	1434	1.63105
TMEM45A	NA	147	1564	4.67735
TMEM45B	NA	8	2207	0.180388
TMEM47	NA	0	4054	0
TMEM5	NA	272	2289	5.91347
TMEM5-AS1	NA	28	563	2.47497
TMEM50A	NA	1498	2302	32.3837
TMEM50B	NA	896	3127	14.2593
TMEM51	NA	595	2238	13.2305
TMEM51-AS1	NA	31	6979	0.221049
TMEM52	NA	50	958	2.59731
TMEM52B	NA	137	3086	2.20925
TMEM53	NA	250	2363	5.26497
TMEM54	NA	645	993	32.3244
TMEM55A	NA	175	2403	3.62413
TMEM55B	NA	610	1848	16.4266
TMEM56	NA	186	7185	1.28827
TMEM56-RWDD3	NA	151	1489	5.04663
TMEM57	NA	791	3977	9.89784
TMEM59	NA	2575	7035	18.2151
TMEM59L	NA	1981	1619	60.8916
TMEM60	NA	542	873	30.8962
TMEM61	NA	0	1225	0
TMEM62	NA	206	2768	3.70357
TMEM63A	NA	478	4453	5.34189
TMEM63B	NA	789	3199	12.2739
TMEM63C	NA	186	5402	1.71348
TMEM64	NA	108	4819	1.11529
TMEM65	NA	9	4307	0.103989
TMEM67	NA	198	5103	1.9309
TMEM68	NA	480	4478	5.33429
TMEM69	NA	1126	1471	38.093
TMEM70	NA	862	2192	19.5698
TMEM71	NA	2	2138	0.0465524
TMEM72	NA	0	2901	0
TMEM72-AS1	NA	0	3300	0
TMEM74	NA	2	2087	0.04769
TMEM74B	NA	136	2228	3.03769
TMEM75	NA	7	2165	0.160901
TMEM79	NA	77	2354	1.62781
TMEM80	NA	174	2237	3.87082
TMEM81	NA	79	1332	2.9515
TMEM82	NA	2	1265	0.078679
TMEM86A	NA	79	3651	1.0768
TMEM86B	NA	85	1751	2.41575
TMEM87A	NA	784	5204	7.49719
TMEM87B	NA	693	5212	6.61681
TMEM88	NA	35	874	1.99286
TMEM88B	NA	12	492	1.21377
TMEM89	NA	3	480	0.311028
TMEM8A	NA	2130	3656	28.993
TMEM8B	NA	363	4139	4.36446
TMEM8C	NA	0	818	0
TMEM9	NA	4189	2471	84.364
TMEM91	NA	115	1423	4.02173
TMEM92	NA	129	2816	2.27969
TMEM92-AS1	NA	0	746	0
TMEM95	NA	0	1169	0
TMEM97	NA	1668	2568	32.3237
TMEM98	NA	66	1867	1.75922
TMEM99	NA	329	2166	7.55887
TMEM9B	NA	857	2298	18.5588
TMEM9B-AS1	NA	19	1053	0.897935
TMF1	NA	933	6879	6.74957
TMIE	NA	3	1861	0.0802222
TMIGD1	NA	0	1201	0
TMIGD2	NA	3	1266	0.117925
TMIGD3	NA	0	2308	0
TMLHE	NA	265	4126	3.19622
TMLHE-AS1	NA	13	1702	0.380105
TMOD1	NA	399	3426	5.79569
TMOD2	NA	39	9184	0.211326
TMOD3	NA	1120	4666	11.9452
TMOD4	NA	7	1322	0.263503
TMPO	NA	2225	6993	15.8338
TMPO-AS1	NA	250	3161	3.93582
TMPPE	NA	19	3971	0.238108
TMPRSS11A	NA	1	2428	0.0204961
TMPRSS11B	NA	0	2645	0
TMPRSS11BNL	NA	0	1383	0
TMPRSS11D	NA	0	2783	0
TMPRSS11E	NA	6	4272	0.069894
TMPRSS11F	NA	0	2077	0
TMPRSS11GP	NA	0	341	0
TMPRSS12	NA	1	1461	0.0340619
TMPRSS13	NA	0	4675	0
TMPRSS15	NA	2	3944	0.0252355
TMPRSS2	NA	0	3320	0
TMPRSS3	NA	0	3489	0
TMPRSS4	NA	0	3543	0
TMPRSS4-AS1	NA	0	382	0
TMPRSS5	NA	18	2341	0.38264
TMPRSS6	NA	6	3392	0.0880268
TMPRSS7	NA	2	2622	0.0379592
TMPRSS9	NA	21	3180	0.328633
TMSB10	NA	41161	482	4249.7
TMSB15A	NA	50	666	3.73607
TMSB15B	NA	9	666	0.672493
TMSB4X	NA	35613	629	2817.59
TMSB4Y	NA	26	1667	0.776171
TMTC1	NA	19	9193	0.102853
TMTC2	NA	9	4842	0.0924991
TMTC3	NA	519	7203	3.5857
TMTC4	NA	234	3840	3.03252
TMUB1	NA	1815	1898	47.5883
TMUB2	NA	810	2547	15.8262
TMX1	NA	771	4103	9.35131
TMX2	NA	1778	1792	49.3757
TMX2-CTNND1	NA	4061	6251	32.3298
TMX3	NA	814	4745	8.53705
TMX4	NA	492	6164	3.97212
TNC	NA	3	8600	0.0173597
TNF	NA	606	13041	2.3125
TNFAIP1	NA	2598	3809	33.9428
TNFAIP2	NA	384	4175	4.57714
TNFAIP3	NA	90	4738	0.945294
TNFAIP6	NA	4	1424	0.139788
TNFAIP8	NA	595	3506	8.44549
TNFAIP8L1	NA	329	3960	4.13447
TNFAIP8L2	NA	3	1178	0.126735
TNFAIP8L2-SCNM1	NA	433	1948	11.0616
TNFAIP8L3	NA	37	2258	0.81545
TNFRSF10A	NA	0	1750	0
TNFRSF10B	NA	6275	4152	75.2101
TNFRSF10C	NA	40	1494	1.33238
TNFRSF10D	NA	3420	3538	48.1047
TNFRSF11A	NA	48	4593	0.520073
TNFRSF11B	NA	0	2346	0
TNFRSF12A	NA	2974	1032	143.41
TNFRSF13B	NA	0	1358	0
TNFRSF13C	NA	5	934	0.266405
TNFRSF14	NA	74	3501	1.05186
TNFRSF17	NA	2	994	0.10013
TNFRSF18	NA	0	1200	0
TNFRSF19	NA	9	4838	0.0925755
TNFRSF1A	NA	1863	2226	41.6493
TNFRSF1B	NA	1	3675	0.0135414
TNFRSF21	NA	118	3642	1.61236
TNFRSF25	NA	287	1913	7.46597
TNFRSF4	NA	6	1104	0.270459
TNFRSF6B	NA	78	1155	3.36072
TNFRSF8	NA	7	3686	0.0945066
TNFRSF9	NA	166	5993	1.37843
TNFSF10	NA	6	3064	0.0974501
TNFSF11	NA	0	2727	0
TNFSF12	NA	4	1625	0.122497
TNFSF12-TNFSF13	NA	26	1864	0.69414
TNFSF13	NA	42	2276	0.918325
TNFSF13B	NA	12	2671	0.223577
TNFSF14	NA	1	2894	0.0171957
TNFSF15	NA	9	6765	0.0662055
TNFSF18	NA	5	748	0.33265
TNFSF4	NA	34	3722	0.454592
TNFSF8	NA	0	4605	0
TNFSF9	NA	4602	1665	137.547
TNIK	NA	2	6091	0.0163403
TNIP1	NA	2315	3115	36.9839
TNIP2	NA	817	2039	19.94
TNIP3	NA	0	2746	0
TNK1	NA	27	2922	0.459836
TNK2	NA	1917	5212	18.3036
TNKS	NA	1226	9599	6.356
TNKS1BP1	NA	3486	5820	29.8074
TNKS2	NA	1433	6274	11.3664
TNKS2-AS1	NA	12	761	0.784723
TNMD	NA	3	1348	0.110752
TNN	NA	0	5008	0
TNNC1	NA	1932	696	138.139
TNNC2	NA	170	681	12.4229
TNNI1	NA	792	6143	6.416
TNNI2	NA	2	807	0.123332
TNNI3	NA	52	841	3.077
TNNI3K	NA	2	3023	0.0329239
TNNT1	NA	3181	1354	116.913
TNNT2	NA	470	1338	17.4808
TNNT3	NA	0	1535	0
TNP1	NA	0	401	0
TNP2	NA	0	597	0
TNPO1	NA	3034	8708	17.3387
TNPO2	NA	2194	5452	20.0263
TNPO3	NA	2406	4573	26.1827
TNR	NA	0	5190	0
TNRC18	NA	2985	10570	14.0536
TNRC18P1	NA	2	1890	0.0526608
TNRC6A	NA	1479	8422	8.73922
TNRC6B	NA	1152	18695	3.06653
TNRC6C	NA	361	9780	1.83691
TNRC6C-AS1	NA	260	3188	4.05858
TNS1	NA	61	10276	0.29541
TNS2	NA	324	5199	3.10131
TNS3	NA	4088	7618	26.7048
TNS4	NA	5	4072	0.0611057
TNXA	NA	307	16698	0.914942
TNXB	NA	612	88865	0.342721
TOB1	NA	1599	2518	31.6018
TOB1-AS1	NA	28	1415	0.984739
TOB2	NA	1804	4565	19.666
TOB2P1	NA	25	3592	0.346356
TOE1	NA	390	2392	8.11378
TOLLIP	NA	1544	3660	20.9935
TOLLIP-AS1	NA	8	1000	0.398116
TOM1	NA	1026	2525	20.2211
TOM1L1	NA	220	2340	4.67871
TOM1L2	NA	2595	5895	21.9065
TOMM20	NA	4611	3385	67.7885
TOMM20L	NA	26	610	2.12111
TOMM22	NA	1670	1379	60.2659
TOMM34	NA	2284	2049	55.472
TOMM40	NA	2733	1802	75.4752
TOMM40L	NA	656	2911	11.2145
TOMM5	NA	2638	905	145.059
TOMM6	NA	2112	854	123.071
TOMM7	NA	1829	779	116.841
TOMM70A	NA	1427	4381	16.2095
TONSL	NA	1097	4515	12.0912
TONSL-AS1	NA	46	1196	1.91402
TOP1	NA	1793	3733	23.9024
TOP1MT	NA	598	2194	13.5639
TOP1P1	NA	308	2429	6.3102
TOP1P2	NA	45	1519	1.47426
TOP2A	NA	5871	5753	50.7852
TOP2B	NA	3161	5343	29.4414
TOP3A	NA	563	4116	6.80695
TOP3B	NA	917	3206	14.2339
TOPAZ1	NA	0	5334	0
TOPBP1	NA	1576	5346	14.6706
TOPORS	NA	539	4173	6.42776
TOPORS-AS1	NA	63	1806	1.73597
TOR1A	NA	1261	2106	29.7973
TOR1AIP1	NA	720	4054	8.83829
TOR1AIP2	NA	1516	14737	5.11929
TOR1B	NA	552	2769	9.92055
TOR2A	NA	559	2533	10.9824
TOR3A	NA	1110	2122	26.0314
TOR4A	NA	660	4069	8.0719
TOX	NA	0	4131	0
TOX2	NA	273	2824	4.8108
TOX3	NA	0	3384	0
TOX4	NA	2142	4526	23.5518
TP53	NA	1572	3098	25.2517
TP53AIP1	NA	0	3439	0
TP53BP1	NA	2453	6356	19.2058
TP53BP2	NA	2219	4789	23.0586
TP53I11	NA	8825	4480	98.0294
TP53I13	NA	789	1453	27.0228
TP53I3	NA	1277	2034	31.2435
TP53INP1	NA	2550	5652	22.4521
TP53INP2	NA	1308	4124	15.7837
TP53RK	NA	500	3373	7.37689
TP53TG1	NA	285	709	20.0041
TP53TG3	NA	28	1887	0.738424
TP53TG3B	NA	28	1887	0.738424
TP53TG3C	NA	15	1158	0.644618
TP53TG3D	NA	43	1720	1.24411
TP53TG5	NA	11	981	0.558012
TP63	NA	0	6524	0
TP73	NA	195	5522	1.75735
TP73-AS1	NA	954	6455	7.35481
TPBG	NA	150	3477	2.14687
TPBGL	NA	25	2800	0.444326
TPCN1	NA	1057	5467	9.62156
TPCN2	NA	248	5026	2.45555
TPD52	NA	215	4925	2.17246
TPD52L1	NA	891	1633	27.1526
TPD52L2	NA	3801	2428	77.9056
TPD52L3	NA	0	3495	0
TPGS1	NA	497	1114	22.2019
TPGS2	NA	3515	5311	32.9358
TPH1	NA	3	1815	0.0822554
TPH2	NA	2	2360	0.0421733
TPI1	NA	9258	1856	248.233
TPI1P2	NA	59	2017	1.45568
TPI1P3	NA	555	1214	22.7507
TPK1	NA	25	2439	0.510091
TPM1	NA	27391	3349	407.017
TPM2	NA	13089	1574	413.829
TPM3	NA	9947	11580	42.7468
TPM3P9	NA	77	2932	1.30691
TPM4	NA	14271	3003	236.493
TPMT	NA	598	3269	9.10345
TPO	NA	0	3146	0
TPP1	NA	2799	3533	39.4256
TPP2	NA	1246	4710	13.1649
TPPP	NA	360	6022	2.97496
TPPP2	NA	0	797	0
TPPP3	NA	279	1151	12.0628
TPR	NA	4336	9706	22.2315
TPRA1	NA	1048	1946	26.8002
TPRG1	NA	1	3657	0.013608
TPRG1-AS1	NA	1	697	0.0713981
TPRG1-AS2	NA	0	479	0
TPRG1L	NA	1039	2427	21.3042
TPRKB	NA	481	752	31.8307
TPRN	NA	364	2631	6.88494
TPRX1	NA	14	1839	0.378849
TPRXL	NA	1	2260	0.0220197
TPSAB1	NA	0	1194	0
TPSB2	NA	0	1165	0
TPSD1	NA	1	855	0.0582041
TPSG1	NA	33	1105	1.48618
TPST1	NA	516	2051	12.52
TPST2	NA	606	2075	14.5336
TPT1	NA	39539	4814	408.733
TPT1-AS1	NA	756	1526	24.654
TPTE	NA	8	2765	0.143984
TPTE2	NA	3	2884	0.0517661
TPTE2P1	NA	50	6477	0.384163
TPTE2P3	NA	6	2613	0.11427
TPTE2P5	NA	82	4362	0.935509
TPTE2P6	NA	11	2714	0.201698
TPTEP1	NA	1	1430	0.0348003
TPX2	NA	3439	3662	46.7341
TRA2A	NA	2155	2234	48.0047
TRA2B	NA	4186	4288	48.5807
TRABD	NA	1195	2315	25.6884
TRABD2A	NA	1038	4297	12.0213
TRABD2B	NA	22	7029	0.155757
TRADD	NA	102	1482	3.42509
TRAF1	NA	380	4575	4.13344
TRAF2	NA	631	2277	13.7907
TRAF3	NA	1265	7776	8.09569
TRAF3IP1	NA	624	4176	7.43607
TRAF3IP2	NA	631	6488	4.83992
TRAF3IP2-AS1	NA	159	7111	1.11272
TRAF3IP3	NA	24	2724	0.438454
TRAF4	NA	1981	2902	33.9709
TRAF5	NA	0	4119	0
TRAF6	NA	292	8021	1.81165
TRAF7	NA	1633	3667	22.1613
TRAFD1	NA	884	3179	13.8383
TRAIP	NA	347	2024	8.53176
TRAK1	NA	1064	9979	5.30608
TRAK2	NA	1344	6527	10.2472
TRAM1	NA	2261	3099	36.3077
TRAM1L1	NA	36	2027	0.883829
TRAM2	NA	1856	7057	13.0881
TRAM2-AS1	NA	161	2558	3.13217
TRANK1	NA	150	10484	0.712006
TRAP1	NA	3571	2296	77.3994
TRAPPC1	NA	3744	869	214.405
TRAPPC10	NA	840	6969	5.9983
TRAPPC11	NA	479	4554	5.23434
TRAPPC12	NA	960	2524	18.9279
TRAPPC13	NA	433	4341	4.96384
TRAPPC2	NA	301	2860	5.23745
TRAPPC2B	NA	176	732	11.9652
TRAPPC2L	NA	695	629	54.9862
TRAPPC3	NA	1608	1753	45.6482
TRAPPC3L	NA	1	1108	0.0449138
TRAPPC4	NA	737	1201	30.5382
TRAPPC5	NA	1463	850	85.6535
TRAPPC6A	NA	572	811	35.099
TRAPPC6B	NA	1218	3351	18.0881
TRAPPC8	NA	1212	6254	9.64416
TRAPPC9	NA	410	4598	4.43746
TRAT1	NA	0	1695	0
TRDMT1	NA	127	7670	0.824001
TRDN	NA	1	10994	0.00452651
TREH	NA	6	1853	0.161137
TREM1	NA	0	3055	0
TREM2	NA	57	1055	2.6887
TREML1	NA	10	1340	0.371377
TREML2	NA	1	3823	0.0130171
TREML3P	NA	0	1137	0
TREML4	NA	0	2070	0
TREML5P	NA	0	213	0
TRERF1	NA	962	7644	6.26288
TRERNA1	NA	0	596	0
TREX1	NA	180	2126	4.21336
TREX2	NA	3	1255	0.118959
TRG-AS1	NA	4	3516	0.0566149
TRH	NA	0	1890	0
TRHDE	NA	3	5552	0.02689
TRHDE-AS1	NA	0	6030	0
TRHR	NA	0	1414	0
TRIAP1	NA	1638	1182	68.963
TRIB1	NA	781	3751	10.3615
TRIB2	NA	409	4406	4.61954
TRIB3	NA	1101	2887	18.9784
TRIL	NA	0	5055	0
TRIM10	NA	2	26526	0.00375213
TRIM11	NA	944	2691	17.4573
TRIM13	NA	486	7404	3.26655
TRIM14	NA	517	4611	5.57975
TRIM15	NA	1	17568	0.00283268
TRIM16	NA	696	2901	11.9394
TRIM16L	NA	281	1982	7.05541
TRIM17	NA	11	2635	0.207746
TRIM2	NA	182	7336	1.23462
TRIM21	NA	465	1929	11.9961
TRIM22	NA	475	3091	7.64741
TRIM23	NA	265	3900	3.38143
TRIM24	NA	1257	4004	15.6229
TRIM25	NA	858	5744	7.43348
TRIM26	NA	788	27278	1.43758
TRIM27	NA	2898	12490	11.5466
TRIM28	NA	8880	2959	149.344
TRIM29	NA	27	3019	0.445062
TRIM3	NA	340	3404	4.9706
TRIM31	NA	3	14609	0.0102193
TRIM31-AS1	NA	0	4121	0
TRIM32	NA	917	3719	12.2705
TRIM33	NA	1020	8339	6.08703
TRIM34	NA	7	2501	0.139285
TRIM35	NA	502	4230	5.90586
TRIM36	NA	9	5248	0.0853431
TRIM37	NA	1238	4799	12.8378
TRIM38	NA	98	5629	0.866392
TRIM39	NA	539	25143	1.06682
TRIM39-RPP21	NA	452	10969	2.05065
TRIM4	NA	217	3458	3.12287
TRIM40	NA	4	16104	0.0123608
TRIM41	NA	909	3663	12.3494
TRIM42	NA	0	2554	0
TRIM43	NA	845	1625	25.8775
TRIM43B	NA	917	1668	27.3585
TRIM44	NA	1936	6063	15.8905
TRIM45	NA	315	3581	4.3775
TRIM46	NA	10	3813	0.130513
TRIM47	NA	99	2263	2.17706
TRIM48	NA	50	1445	1.72195
TRIM49	NA	644	2163	14.8166
TRIM49B	NA	134	1359	4.90687
TRIM49C	NA	538	2163	12.3779
TRIM49D1	NA	370	1474	12.4918
TRIM49D2	NA	379	1649	11.4377
TRIM5	NA	415	3659	5.64424
TRIM50	NA	25	2161	0.575711
TRIM51	NA	4	1627	0.122347
TRIM51HP	NA	0	1007	0
TRIM52	NA	300	2228	6.70078
TRIM52-AS1	NA	200	1621	6.13997
TRIM53AP	NA	200	1728	5.75978
TRIM54	NA	77	2060	1.86013
TRIM55	NA	4714	2851	82.2833
TRIM56	NA	308	4723	3.24528
TRIM58	NA	0	5156	0
TRIM59	NA	9	3876	0.115552
TRIM6	NA	5	3511	0.0708694
TRIM6-TRIM34	NA	7	3478	0.100159
TRIM60	NA	3	2016	0.0740543
TRIM61	NA	1	1580	0.0314965
TRIM62	NA	456	3841	5.908
TRIM63	NA	46	1770	1.29331
TRIM64	NA	347	1533	11.2644
TRIM64B	NA	495	1533	16.0688
TRIM64C	NA	46	1353	1.69192
TRIM65	NA	1379	3439	19.955
TRIM66	NA	183	9753	0.933754
TRIM67	NA	7	8522	0.0408767
TRIM68	NA	250	3352	3.71155
TRIM69	NA	16	1911	0.416657
TRIM7	NA	20	4829	0.206107
TRIM71	NA	150	3138	2.3788
TRIM72	NA	1	2152	0.0231248
TRIM73	NA	98	1358	3.59125
TRIM74	NA	98	1350	3.61253
TRIM77	NA	0	1353	0
TRIM8	NA	1827	2744	33.134
TRIM9	NA	6	6909	0.0432171
TRIML1	NA	0	1645	0
TRIML2	NA	6	1709	0.174714
TRIO	NA	1645	10227	8.00456
TRIOBP	NA	1610	10872	7.36947
TRIP10	NA	1415	2230	31.577
TRIP11	NA	1086	8088	6.68203
TRIP12	NA	4608	10100	22.7044
TRIP13	NA	695	2861	12.0889
TRIP4	NA	466	2045	11.34
TRIP6	NA	3785	1752	107.511
TRIQK	NA	245	4113	2.96433
TRIT1	NA	882	2128	20.6261
TRMT1	NA	2802	2362	59.0348
TRMT10A	NA	128	3870	1.64596
TRMT10B	NA	112	2407	2.31559
TRMT10C	NA	1053	1845	28.4022
TRMT11	NA	314	1951	8.00925
TRMT112	NA	2460	1394	87.8197
TRMT12	NA	493	2219	11.0563
TRMT13	NA	213	3143	3.37252
TRMT1L	NA	672	4521	7.39698
TRMT2A	NA	701	2986	11.6828
TRMT2B	NA	269	3590	3.72887
TRMT44	NA	173	2846	3.02504
TRMT5	NA	1011	5296	9.49998
TRMT6	NA	710	2349	15.0416
TRMT61A	NA	452	3241	6.94031
TRMT61B	NA	501	1843	13.5279
TRMU	NA	400	1964	10.1353
TRNAU1AP	NA	279	2015	6.89047
TRNP1	NA	608	1949	15.5243
TRNT1	NA	384	2275	8.39981
TRO	NA	295	4984	2.94553
TROAP	NA	1019	2852	17.7805
TROVE2	NA	427	3722	5.70915
TRPA1	NA	0	5190	0
TRPC1	NA	517	4170	6.16984
TRPC2	NA	9	1213	0.369234
TRPC3	NA	0	3619	0
TRPC4	NA	0	3451	0
TRPC4AP	NA	2132	3170	33.4694
TRPC5	NA	0	5840	0
TRPC5OS	NA	0	3014	0
TRPC6	NA	6	4612	0.0647413
TRPC7	NA	1	2935	0.0169555
TRPM1	NA	11	6801	0.0804896
TRPM2	NA	4	5879	0.0338592
TRPM2-AS	NA	0	873	0
TRPM3	NA	2	6698	0.0148595
TRPM4	NA	440	4096	5.3458
TRPM5	NA	2	3928	0.0253383
TRPM6	NA	20	8632	0.115302
TRPM7	NA	1871	10399	8.95368
TRPM8	NA	11	5621	0.0973865
TRPS1	NA	959	10156	4.69911
TRPT1	NA	335	1063	15.6831
TRPV1	NA	260	4951	2.61336
TRPV2	NA	1272	2808	22.5429
TRPV3	NA	46	6113	0.374475
TRPV4	NA	2	3239	0.0307283
TRPV5	NA	0	2867	0
TRPV6	NA	0	2911	0
TRRAP	NA	2335	12677	9.16621
TRUB1	NA	517	3412	7.54052
TRUB2	NA	1100	1439	38.041
TRY2P	NA	0	2055	0
TSACC	NA	21	1199	0.871605
TSC1	NA	1263	8616	7.29486
TSC2	NA	1210	5632	10.6916
TSC22D1	NA	3005	6780	22.0564
TSC22D1-AS1	NA	40	2842	0.700415
TSC22D2	NA	1173	4998	11.6794
TSC22D3	NA	27	2807	0.478675
TSC22D4	NA	2352	2383	49.1171
TSEN15	NA	760	2193	17.2462
TSEN2	NA	197	3604	2.7202
TSEN34	NA	2058	2751	37.2284
TSEN54	NA	485	1941	12.4347
TSFM	NA	845	2404	17.4921
TSG1	NA	0	4798	0
TSG101	NA	1314	1548	42.242
TSGA10	NA	176	3832	2.28563
TSGA10IP	NA	1	1726	0.0288323
TSGA13	NA	0	2255	0
TSHB	NA	0	564	0
TSHR	NA	0	4802	0
TSHZ1	NA	7	5380	0.0647493
TSHZ2	NA	0	12581	0
TSHZ3	NA	4	4913	0.0405166
TSIX	NA	4	37027	0.00537602
TSKS	NA	8	1812	0.219711
TSKU	NA	1151	2831	20.2328
TSL	NA	1	1312	0.0379303
TSLP	NA	0	4264	0
TSN	NA	2183	3515	30.9064
TSNARE1	NA	231	4205	2.73379
TSNAX	NA	621	2649	11.6662
TSNAX-DISC1	NA	214	9770	1.09003
TSNAXIP1	NA	38	2755	0.686407
TSPAN1	NA	60	1629	1.83295
TSPAN10	NA	1450	2147	33.609
TSPAN11	NA	1	5562	0.00894723
TSPAN12	NA	4	2564	0.0776357
TSPAN13	NA	20	1902	0.523286
TSPAN14	NA	1007	5579	8.98241
TSPAN15	NA	1167	1699	34.182
TSPAN16	NA	0	1261	0
TSPAN17	NA	1473	2588	28.3242
TSPAN18	NA	1742	4234	20.4747
TSPAN19	NA	0	1020	0
TSPAN2	NA	7	3212	0.108453
TSPAN3	NA	5904	3853	76.2548
TSPAN31	NA	466	1740	13.3277
TSPAN32	NA	0	1376	0
TSPAN33	NA	716	2781	12.8124
TSPAN4	NA	1266	1770	35.5943
TSPAN5	NA	40	3397	0.585982
TSPAN6	NA	1557	4483	17.2838
TSPAN7	NA	0	1806	0
TSPAN8	NA	0	1130	0
TSPAN9	NA	981	4351	11.2202
TSPEAR	NA	25	4029	0.308789
TSPEAR-AS1	NA	61	2553	1.18905
TSPEAR-AS2	NA	28	1045	1.3334
TSPO	NA	1	1169	0.0425701
TSPO2	NA	0	1044	0
TSPY1	NA	0	1172	0
TSPY10	NA	0	1958	0
TSPY2	NA	0	1160	0
TSPY26P	NA	3	1215	0.122875
TSPY3	NA	0	2322	0
TSPY4	NA	0	3362	0
TSPY8	NA	0	1115	0
TSPYL1	NA	2960	5259	28.0097
TSPYL2	NA	1946	2828	34.2439
TSPYL4	NA	987	4131	11.89
TSPYL5	NA	0	4463	0
TSPYL6	NA	0	3095	0
TSR1	NA	2366	4880	24.1276
TSR2	NA	880	1326	33.0262
TSR3	NA	1238	1204	51.1698
TSSC1	NA	885	1721	25.5907
TSSC2	NA	21	1477	0.707552
TSSC4	NA	718	2513	14.2184
TSSK1B	NA	3	2478	0.0602476
TSSK2	NA	14	1816	0.383647
TSSK3	NA	200	1315	7.56874
TSSK4	NA	10	1392	0.357504
TSSK6	NA	25	1442	0.862769
TST	NA	604	1159	25.9342
TSTA3	NA	1281	1358	46.9428
TSTD1	NA	1	672	0.0740543
TSTD2	NA	486	4428	5.46196
TSTD3	NA	82	1926	2.11874
TTBK1	NA	7	7128	0.0488709
TTBK2	NA	77	5625	0.681221
TTC1	NA	1747	1482	58.663
TTC12	NA	304	2315	6.53495
TTC13	NA	311	3289	4.70561
TTC14	NA	827	5755	7.15121
TTC16	NA	24	2884	0.414129
TTC17	NA	832	5308	7.80031
TTC19	NA	1437	3636	19.6677
TTC21A	NA	44	4258	0.514241
TTC21B	NA	252	5477	2.28969
TTC21B-AS1	NA	0	746	0
TTC22	NA	0	3073	0
TTC23	NA	366	4228	4.3079
TTC23L	NA	0	1356	0
TTC24	NA	1	2005	0.0248202
TTC25	NA	13	2095	0.308801
TTC26	NA	221	4333	2.53818
TTC27	NA	212	2918	3.61552
TTC28	NA	1490	11795	6.28649
TTC28-AS1	NA	271	5887	2.29084
TTC29	NA	1	1887	0.0263723
TTC3	NA	3547	9101	19.3951
TTC30A	NA	75	4669	0.799387
TTC30B	NA	82	2644	1.54338
TTC31	NA	491	2929	8.34222
TTC32	NA	107	819	6.50159
TTC33	NA	262	5506	2.36802
TTC34	NA	3	1775	0.084109
TTC36	NA	7	679	0.513036
TTC37	NA	1465	5704	12.7814
TTC38	NA	492	2610	9.38089
TTC39A	NA	621	3978	7.76867
TTC39A-AS1	NA	1	650	0.0765608
TTC39B	NA	100	3565	1.39592
TTC39C	NA	275	6258	2.18684
TTC39C-AS1	NA	3	936	0.159502
TTC3P1	NA	472	2542	9.2403
TTC4	NA	741	2393	15.4097
TTC41P	NA	9	4516	0.0991764
TTC5	NA	219	1865	5.84366
TTC7A	NA	1296	5773	11.1718
TTC7B	NA	775	3434	11.2311
TTC8	NA	229	2511	4.53846
TTC9	NA	77	5217	0.734496
TTC9B	NA	1	843	0.0590326
TTC9C	NA	367	1139	16.0347
TTF1	NA	327	3152	5.16275
TTF2	NA	434	4854	4.44948
TTI1	NA	761	3965	9.55127
TTI2	NA	531	2763	9.56386
TTK	NA	526	3022	8.66185
TTL	NA	2317	5163	22.3328
TTLL1	NA	198	1876	5.25233
TTLL10	NA	0	3129	0
TTLL11	NA	83	3537	1.16778
TTLL12	NA	2289	3383	33.6716
TTLL13P	NA	2	1801	0.0552632
TTLL2	NA	0	2877	0
TTLL3	NA	1425	4470	15.8645
TTLL4	NA	1287	4996	12.8196
TTLL5	NA	321	4757	3.35808
TTLL6	NA	227	3575	3.15987
TTLL7	NA	29	3648	0.395606
TTLL9	NA	4	1607	0.123869
TTN	NA	264	116854	0.112429
TTN-AS1	NA	79	6390	0.615242
TTPA	NA	0	2632	0
TTPAL	NA	760	6236	6.06495
TTR	NA	0	928	0
TTTY1	NA	0	940	0
TTTY10	NA	0	1628	0
TTTY11	NA	0	829	0
TTTY12	NA	0	978	0
TTTY13	NA	0	659	0
TTTY14	NA	26	1490	0.868374
TTTY15	NA	301	5242	2.85752
TTTY16	NA	0	192	0
TTTY17A	NA	0	332	0
TTTY17B	NA	0	332	0
TTTY17C	NA	0	332	0
TTTY18	NA	0	221	0
TTTY19	NA	0	269	0
TTTY1B	NA	0	940	0
TTTY2	NA	0	1633	0
TTTY20	NA	0	259	0
TTTY21	NA	0	307	0
TTTY21B	NA	0	307	0
TTTY22	NA	0	427	0
TTTY23	NA	0	512	0
TTTY23B	NA	0	512	0
TTTY2B	NA	0	1633	0
TTTY3	NA	0	344	0
TTTY3B	NA	0	344	0
TTTY4	NA	0	2692	0
TTTY4B	NA	0	2692	0
TTTY4C	NA	0	2692	0
TTTY5	NA	0	1562	0
TTTY6	NA	0	492	0
TTTY6B	NA	0	473	0
TTTY7	NA	0	1367	0
TTTY7B	NA	0	1111	0
TTTY8	NA	0	531	0
TTTY8B	NA	0	531	0
TTTY9A	NA	0	1637	0
TTTY9B	NA	0	1637	0
TTYH1	NA	20	1907	0.521914
TTYH2	NA	9	4090	0.109506
TTYH3	NA	4477	4822	46.204
TUB	NA	648	6602	4.88449
TUB-AS1	NA	0	2021	0
TUBA1A	NA	24380	2476	490.007
TUBA1B	NA	47065	1751	1337.62
TUBA1C	NA	35193	2118	826.894
TUBA3C	NA	1	1551	0.0320854
TUBA3D	NA	3	1632	0.0914789
TUBA3E	NA	3	1540	0.0969438
TUBA3FP	NA	64	1960	1.62496
TUBA4A	NA	40	2590	0.768564
TUBA4B	NA	0	1380	0
TUBA8	NA	23	2124	0.538881
TUBAL3	NA	0	1798	0
TUBB	NA	47417	23323	101.174
TUBB1	NA	25	3496	0.355867
TUBB2A	NA	30178	1619	927.605
TUBB2B	NA	28801	2019	709.89
TUBB3	NA	8023	2006	199.033
TUBB4A	NA	1573	2722	28.7581
TUBB4B	NA	17819	1591	557.356
TUBB6	NA	19799	3309	297.76
TUBB8	NA	164	1504	5.42645
TUBBP5	NA	492	2660	9.20456
TUBD1	NA	364	2601	6.96435
TUBE1	NA	175	2297	3.79137
TUBG1	NA	1638	1951	41.7807
TUBG2	NA	589	1818	16.1228
TUBGCP2	NA	2446	5020	24.2478
TUBGCP3	NA	646	5185	6.20017
TUBGCP4	NA	302	4184	3.59199
TUBGCP5	NA	447	4132	5.38353
TUBGCP6	NA	846	6019	6.99464
TUFM	NA	3928	2071	94.3867
TUFT1	NA	533	3250	8.16138
TUG1	NA	4760	7666	30.8999
TULP1	NA	28	2126	0.655412
TULP2	NA	0	1760	0
TULP3	NA	708	3106	11.3436
TULP4	NA	1084	11119	4.85158
TUNAR	NA	6	3197	0.093396
TUSC1	NA	16	2470	0.322361
TUSC2	NA	1257	1684	37.1461
TUSC3	NA	2015	3884	25.8176
TUSC5	NA	0	3596	0
TUSC7	NA	0	2102	0
TUSC8	NA	0	1077	0
TUT1	NA	832	2826	14.6511
TVP23A	NA	48	3339	0.715393
TVP23B	NA	798	1789	22.1979
TVP23C	NA	889	5196	8.51436
TVP23C-CDRT4	NA	847	2909	14.4897
TWF1	NA	2117	3456	30.4836
TWF2	NA	1744	1625	53.4088
TWIST1	NA	0	1666	0
TWIST2	NA	145	1443	5.00059
TWISTNB	NA	582	3892	7.44166
TWSG1	NA	1302	3756	17.2506
TXK	NA	4	2914	0.0683109
TXLNA	NA	2563	4796	26.5943
TXLNB	NA	4	4684	0.0424974
TXLNG	NA	598	4396	6.7696
TXLNGY	NA	694	4989	6.92254
TXN	NA	5234	868	300.078
TXN2	NA	1873	1336	69.7671
TXNDC11	NA	749	3221	11.5721
TXNDC12	NA	2076	4350	23.7497
TXNDC12-AS1	NA	1	391	0.127275
TXNDC15	NA	588	3689	7.9321
TXNDC16	NA	571	4641	6.12272
TXNDC17	NA	1044	2075	25.0381
TXNDC2	NA	3	2129	0.0701238
TXNDC5	NA	4498	3496	64.0277
TXNDC8	NA	0	2072	0
TXNDC9	NA	1100	1530	35.7784
TXNIP	NA	199	2951	3.35586
TXNL1	NA	1609	1429	56.0329
TXNL4A	NA	2710	1808	74.5917
TXNL4B	NA	380	2889	6.54569
TXNRD1	NA	22518	4610	243.08
TXNRD2	NA	1891	3062	30.7331
TXNRD3	NA	458	2919	7.8082
TXNRD3NB	NA	123	1134	5.39774
TYK2	NA	2137	4248	25.0345
TYMP	NA	76	1858	2.03558
TYMS	NA	5337	1583	167.778
TYMSOS	NA	707	844	41.6866
TYR	NA	0	2065	0
TYRO3	NA	1022	3971	12.8077
TYRO3P	NA	7	864	0.403185
TYROBP	NA	9	591	0.757835
TYRP1	NA	0	2876	0
TYSND1	NA	700	4042	8.61829
TYW1	NA	551	3364	8.15108
TYW1B	NA	257	3157	4.05115
TYW3	NA	860	3549	12.059
TYW5	NA	380	5370	3.52151
U2AF1	NA	2667	1020	130.12
U2AF1L4	NA	167	1270	6.54384
U2AF2	NA	4461	3131	70.9037
U2SURP	NA	2138	7464	14.2546
UACA	NA	3064	7262	20.9968
UAP1	NA	696	2327	14.8844
UAP1L1	NA	1070	3365	15.8241
UBA1	NA	8040	3750	106.695
UBA2	NA	2108	2665	39.3634
UBA3	NA	1339	2119	31.4463
UBA5	NA	662	3256	10.118
UBA52	NA	8265	2811	146.319
UBA6	NA	1332	6447	10.2817
UBA6-AS1	NA	266	2290	5.7805
UBA7	NA	141	3313	2.11796
UBAC1	NA	1155	1867	30.7863
UBAC2	NA	1149	3311	17.2695
UBAC2-AS1	NA	39	1821	1.0658
UBALD1	NA	896	1413	31.5563
UBALD2	NA	540	1589	16.9118
UBAP1	NA	1511	3137	23.9701
UBAP1L	NA	15	1383	0.539745
UBAP2	NA	1764	4648	18.8865
UBAP2L	NA	2870	5128	27.8518
UBASH3A	NA	1	2556	0.0194697
UBASH3B	NA	752	6903	5.42125
UBB	NA	9099	1626	278.479
UBC	NA	97920	2585	1885.08
UBD	NA	473	3990	5.8994
UBE2A	NA	1266	1878	33.5473
UBE2B	NA	865	2634	16.3426
UBE2C	NA	1694	1259	66.9587
UBE2D1	NA	356	2655	6.67275
UBE2D2	NA	2175	2866	37.7661
UBE2D3	NA	6051	5336	56.4327
UBE2D4	NA	235	3982	2.93688
UBE2DNL	NA	0	740	0
UBE2E1	NA	2210	1931	56.9547
UBE2E1-AS1	NA	9	778	0.575682
UBE2E2	NA	29	1760	0.819983
UBE2E3	NA	874	2097	20.7411
UBE2E4P	NA	367	1159	15.758
UBE2F	NA	702	2422	14.4239
UBE2F-SCLY	NA	478	2972	8.00385
UBE2G1	NA	2223	4208	26.2896
UBE2G2	NA	2737	3498	38.9381
UBE2H	NA	3959	5161	38.1743
UBE2I	NA	2265	3384	33.3087
UBE2J1	NA	5849	4342	67.0365
UBE2J2	NA	1631	2437	33.3057
UBE2K	NA	1954	5243	18.5466
UBE2L3	NA	4492	3947	56.636
UBE2L6	NA	1292	1743	36.888
UBE2M	NA	2508	1524	81.8959
UBE2MP1	NA	423	961	21.9047
UBE2N	NA	2767	2552	53.957
UBE2NL	NA	110	1185	4.61949
UBE2O	NA	1030	5355	9.57188
UBE2Q1	NA	2458	3223	37.9526
UBE2Q1-AS1	NA	59	443	6.62778
UBE2Q2	NA	754	3540	10.5996
UBE2Q2L	NA	4	498	0.399715
UBE2Q2P1	NA	37	2150	0.856412
UBE2Q2P2	NA	71	3054	1.15693
UBE2QL1	NA	39	6129	0.316661
UBE2R2	NA	2283	4457	25.4908
UBE2S	NA	4550	1191	190.116
UBE2T	NA	686	908	37.5974
UBE2U	NA	0	1136	0
UBE2V1	NA	5824	4304	67.3393
UBE2V2	NA	1503	1524	49.0788
UBE2W	NA	555	9088	3.03909
UBE2Z	NA	2687	3126	42.7758
UBE3A	NA	1653	5280	15.5797
UBE3B	NA	805	5977	6.70243
UBE3C	NA	1290	5181	12.3907
UBE3D	NA	124	1917	3.21899
UBE4A	NA	943	6128	7.65795
UBE4B	NA	2027	5879	17.1581
UBFD1	NA	2278	4931	22.99
UBIAD1	NA	455	3654	6.19673
UBL3	NA	486	4346	5.56501
UBL4A	NA	868	2382	18.1342
UBL4B	NA	1	1508	0.0330003
UBL5	NA	1752	531	164.195
UBL7	NA	1527	1891	40.1853
UBL7-AS1	NA	55	1684	1.62532
UBLCP1	NA	1192	2392	24.799
UBN1	NA	1529	6307	12.0644
UBN2	NA	538	14444	1.85359
UBOX5	NA	305	4345	3.49325
UBOX5-AS1	NA	27	1794	0.748964
UBP1	NA	2876	4174	34.2891
UBQLN1	NA	3464	4168	41.359
UBQLN2	NA	1984	3418	28.8861
UBQLN3	NA	0	2345	0
UBQLN4	NA	1899	3614	26.1491
UBQLNL	NA	0	2334	0
UBR1	NA	899	7745	5.77641
UBR2	NA	471	8881	2.63924
UBR3	NA	498	7953	3.11615
UBR4	NA	5312	15882	16.6446
UBR5	NA	2577	10883	11.7838
UBR5-AS1	NA	12	743	0.803733
UBR7	NA	861	3694	11.5991
UBTD1	NA	483	1693	14.1974
UBTD2	NA	1041	3015	17.1824
UBTF	NA	2925	5369	27.1114
UBTFL1	NA	5	1182	0.21051
UBXN1	NA	2182	1353	80.2558
UBXN10	NA	89	5578	0.794019
UBXN10-AS1	NA	6	509	0.586615
UBXN11	NA	1645	2072	39.509
UBXN2A	NA	309	1893	8.12321
UBXN2B	NA	573	5068	5.62649
UBXN4	NA	2841	4014	35.222
UBXN6	NA	1827	1993	45.6195
UBXN7	NA	329	4732	3.45996
UBXN8	NA	231	1447	7.94444
UCA1	NA	27748	2314	596.744
UCHL1	NA	6951	1124	307.752
UCHL1-AS1	NA	0	592	0
UCHL3	NA	455	1163	19.4693
UCHL5	NA	728	6569	5.51508
UCK1	NA	710	2221	15.9085
UCK2	NA	1137	4920	11.5005
UCKL1	NA	884	2285	19.2524
UCKL1-AS1	NA	126	3571	1.7559
UCMA	NA	0	824	0
UCN	NA	31	615	2.50845
UCN2	NA	26	1485	0.871298
UCN3	NA	0	710	0
UCP1	NA	1	1000	0.0497645
UCP2	NA	10235	1646	309.441
UCP3	NA	65	3485	0.928176
UEVLD	NA	194	2868	3.36622
UFC1	NA	663	1122	29.4063
UFD1L	NA	1609	1783	44.9081
UFL1	NA	273	4205	3.23085
UFM1	NA	1254	3539	17.6334
UFSP1	NA	25	996	1.24911
UFSP2	NA	670	2379	14.0152
UG0898H09	NA	0	7041	0
UGCG	NA	3934	4012	48.797
UGDH	NA	1156	3196	17.9999
UGDH-AS1	NA	15	2967	0.25159
UGGT1	NA	1179	10960	5.35332
UGGT2	NA	594	4929	5.99718
UGP2	NA	1521	2437	31.0594
UGT1A1	NA	2	2357	0.042227
UGT1A10	NA	2	2385	0.0417312
UGT1A3	NA	2	2345	0.0424431
UGT1A4	NA	2	2374	0.0419246
UGT1A5	NA	2	2345	0.0424431
UGT1A6	NA	2	2630	0.0378437
UGT1A7	NA	2	2333	0.0426614
UGT1A8	NA	2	2396	0.0415396
UGT1A9	NA	2	2376	0.0418893
UGT2A1	NA	0	3417	0
UGT2A2	NA	0	2568	0
UGT2A3	NA	23	6132	0.186657
UGT2B10	NA	1	5504	0.00904151
UGT2B11	NA	0	1706	0
UGT2B15	NA	44	4518	0.484648
UGT2B17	NA	44	4148	0.527878
UGT2B28	NA	0	1833	0
UGT2B4	NA	0	2431	0
UGT2B7	NA	0	1887	0
UGT3A1	NA	3	5226	0.0285674
UGT3A2	NA	17	2385	0.354715
UGT8	NA	0	3418	0
UHMK1	NA	810	8658	4.65572
UHRF1	NA	1882	5197	18.0213
UHRF1BP1	NA	813	9633	4.19999
UHRF1BP1L	NA	725	5437	6.63588
UHRF2	NA	650	3720	8.69541
UIMC1	NA	996	2974	16.6663
ULBP1	NA	7	3142	0.110869
ULBP2	NA	25	1408	0.883603
ULBP3	NA	8	735	0.541654
ULK1	NA	899	5222	8.56727
ULK2	NA	499	9139	2.7172
ULK3	NA	682	2818	12.0438
ULK4	NA	137	4359	1.56406
ULK4P1	NA	8	876	0.45447
ULK4P2	NA	8	876	0.45447
ULK4P3	NA	6	1146	0.260547
UMAD1	NA	324	2452	6.57573
UMOD	NA	0	2577	0
UMODL1	NA	1	5518	0.00901857
UMODL1-AS1	NA	0	2141	0
UMPS	NA	867	6836	6.31156
UNC119	NA	766	1651	23.0888
UNC119B	NA	1873	4404	21.1646
UNC13A	NA	503	9838	2.54437
UNC13B	NA	1173	6370	9.16385
UNC13C	NA	0	8140	0
UNC13D	NA	551	4391	6.24465
UNC45A	NA	1304	4047	16.0348
UNC45B	NA	6	5679	0.0525774
UNC50	NA	474	1142	20.6553
UNC5A	NA	113	3733	1.5064
UNC5B	NA	3069	6890	22.1665
UNC5B-AS1	NA	319	647	24.5361
UNC5C	NA	0	9878	0
UNC5CL	NA	17	3128	0.270459
UNC5D	NA	0	7290	0
UNC79	NA	12	8471	0.0704963
UNC80	NA	9	13562	0.0330247
UNC93A	NA	0	2111	0
UNC93B1	NA	322	2321	6.90399
UNCX	NA	1	1596	0.0311808
UNG	NA	967	2366	20.3391
UNK	NA	530	5045	5.22798
UNKL	NA	690	6250	5.494
UNQ6494	NA	0	2194	0
UOX	NA	2	1551	0.0641709
UPB1	NA	26	2067	0.625968
UPF1	NA	2601	5380	24.059
UPF2	NA	1030	5457	9.39297
UPF3A	NA	1039	2386	21.6703
UPF3B	NA	1028	2404	21.2803
UPK1A	NA	11	1368	0.400153
UPK1A-AS1	NA	2	795	0.125194
UPK1B	NA	0	2058	0
UPK2	NA	11	934	0.586091
UPK3A	NA	0	1046	0
UPK3B	NA	73	1694	2.14451
UPK3BL	NA	764	1342	28.3309
UPP1	NA	1960	2107	46.2926
UPP2	NA	2	2579	0.0385921
UPRT	NA	142	2620	2.69716
UQCC1	NA	1052	2448	21.3857
UQCC2	NA	1090	1338	40.5406
UQCC3	NA	603	1950	15.3887
UQCR10	NA	2312	975	118.006
UQCR11	NA	2783	1335	103.741
UQCRB	NA	3249	5223	30.9563
UQCRBP1	NA	618	797	38.5878
UQCRC1	NA	5287	1617	162.712
UQCRC2	NA	2717	1674	80.7707
UQCRFS1	NA	3246	1224	131.973
UQCRH	NA	2242	771	144.711
UQCRHL	NA	2700	538	249.747
UQCRQ	NA	1393	1585	43.7362
URAD	NA	0	522	0
URAHP	NA	233	2136	5.42843
URB1	NA	1079	10808	4.96816
URB1-AS1	NA	56	825	3.37795
URB2	NA	423	5613	3.75029
URGCP	NA	953	4465	10.6216
URGCP-MRPS24	NA	1193	838	70.8461
URI1	NA	1065	3571	14.8416
URM1	NA	1435	4410	16.1932
UROC1	NA	0	3445	0
UROD	NA	1630	1458	55.6352
UROS	NA	1189	1354	43.7001
USB1	NA	1791	4840	18.4149
USE1	NA	180	856	10.4645
USF1	NA	1095	1835	29.696
USF2	NA	1180	1709	34.3605
USH1C	NA	0	3320	0
USH1G	NA	21	3568	0.292896
USH2A	NA	5	20185	0.0123271
USHBP1	NA	0	2490	0
USMG5	NA	2891	892	161.288
USO1	NA	1513	4063	18.5315
USP1	NA	980	4198	11.6172
USP10	NA	1817	3499	25.8423
USP11	NA	2027	3290	30.6604
USP12	NA	832	4503	9.19477
USP12-AS1	NA	0	307	0
USP12-AS2	NA	3	784	0.190425
USP13	NA	760	7933	4.76756
USP14	NA	1899	4156	22.7389
USP15	NA	873	9895	4.39054
USP16	NA	647	3036	10.6053
USP17L1	NA	0	1593	0
USP17L10	NA	0	1593	0
USP17L11	NA	0	4779	0
USP17L12	NA	0	3186	0
USP17L13	NA	3	1593	0.0937184
USP17L15	NA	0	1680	0
USP17L17	NA	3	1593	0.0937184
USP17L18	NA	0	3186	0
USP17L19	NA	0	1593	0
USP17L2	NA	0	1593	0
USP17L20	NA	3	4779	0.0312395
USP17L21	NA	0	3186	0
USP17L22	NA	3	3186	0.0468592
USP17L24	NA	0	12744	0
USP17L25	NA	0	12744	0
USP17L26	NA	0	12744	0
USP17L27	NA	0	12744	0
USP17L28	NA	0	12744	0
USP17L29	NA	0	12744	0
USP17L3	NA	0	1593	0
USP17L30	NA	0	12744	0
USP17L4	NA	0	1593	0
USP17L5	NA	0	12744	0
USP17L6P	NA	3	1197	0.124723
USP17L7	NA	0	1593	0
USP17L8	NA	0	1593	0
USP17L9P	NA	1	1593	0.0312395
USP18	NA	15	2035	0.366814
USP19	NA	1417	5353	13.1732
USP2	NA	230	4067	2.81432
USP2-AS1	NA	17	1156	0.731831
USP20	NA	555	4619	5.9795
USP21	NA	323	2354	6.82835
USP22	NA	6818	5220	64.9989
USP24	NA	1644	10802	7.57386
USP25	NA	732	5343	6.81782
USP26	NA	3	2794	0.0534336
USP27X	NA	203	2699	3.74294
USP27X-AS1	NA	12	2290	0.260775
USP28	NA	449	4668	4.78669
USP29	NA	1	3606	0.0138005
USP3	NA	349	5875	2.95622
USP3-AS1	NA	54	1722	1.56056
USP30	NA	206	4324	2.37083
USP30-AS1	NA	10	978	0.508839
USP31	NA	590	10698	2.74454
USP32	NA	1293	7026	9.1582
USP32P1	NA	98	3901	1.25017
USP32P2	NA	33	4775	0.343922
USP33	NA	1067	4625	11.4808
USP34	NA	3469	11310	15.2638
USP35	NA	395	4311	4.55973
USP36	NA	880	5234	8.36698
USP37	NA	371	8032	2.29863
USP38	NA	505	7817	3.21493
USP39	NA	1133	2795	20.1729
USP4	NA	777	4949	7.8131
USP40	NA	1030	5617	9.12541
USP42	NA	351	5120	3.41159
USP43	NA	59	4164	0.705117
USP44	NA	26	4386	0.295002
USP45	NA	305	6386	2.37679
USP46	NA	945	8429	5.57924
USP46-AS1	NA	19	878	1.07691
USP47	NA	1308	7981	8.15587
USP48	NA	1986	5188	19.0502
USP49	NA	477	10005	2.37258
USP5	NA	1875	3190	29.2503
USP50	NA	33	1392	1.17976
USP51	NA	173	4403	1.95532
USP53	NA	253	6595	1.90909
USP54	NA	341	6163	2.75348
USP6	NA	155	9866	0.781826
USP6NL	NA	556	6466	4.27916
USP7	NA	2978	5734	25.8456
USP8	NA	814	5695	7.11296
USP9X	NA	2795	12401	11.2162
USP9Y	NA	723	10040	3.58364
USPL1	NA	549	3904	6.99813
UST	NA	7	4391	0.0793331
UTAT33	NA	346	573	30.0498
UTF1	NA	30	1157	1.29035
UTP11L	NA	790	2050	19.1775
UTP14A	NA	581	2560	11.2942
UTP14C	NA	687	5529	6.18343
UTP15	NA	379	5095	3.70181
UTP18	NA	693	1884	18.3051
UTP20	NA	638	9010	3.52383
UTP23	NA	194	3691	2.61564
UTP3	NA	1896	2073	45.5154
UTP6	NA	1662	2065	40.0526
UTRN	NA	54	12431	0.216176
UTS2	NA	19	755	1.25235
UTS2B	NA	2	2408	0.0413326
UTS2R	NA	2	1310	0.0759763
UTY	NA	373	8610	2.15588
UVRAG	NA	512	5166	4.93214
UVSSA	NA	153	4665	1.63215
UXS1	NA	1340	2806	23.7649
UXT	NA	985	842	58.2162
UXT-AS1	NA	37	565	3.25891
VAC14	NA	1053	3096	16.9257
VAC14-AS1	NA	19	2227	0.424574
VAMP1	NA	467	3360	6.91667
VAMP2	NA	871	2155	20.1136
VAMP3	NA	2507	2205	56.5803
VAMP4	NA	150	5155	1.44805
VAMP5	NA	37	665	2.76885
VAMP7	NA	805	5318	7.53299
VAMP8	NA	1455	776	93.3084
VANGL1	NA	321	8769	1.82169
VANGL2	NA	874	5352	8.12671
VAPA	NA	3580	6994	25.4728
VAPB	NA	2151	7938	13.4849
VARS	NA	4013	26135	7.64128
VARS2	NA	462	21474	1.07065
VASH1	NA	3952	6030	32.6151
VASH2	NA	54	4494	0.597971
VASN	NA	989	2806	17.5399
VASP	NA	2819	2290	61.2603
VAT1	NA	8978	2758	161.996
VAT1L	NA	7	3791	0.0918891
VAV1	NA	4	2937	0.067776
VAV2	NA	1973	4851	20.2402
VAV3	NA	39	4867	0.39877
VAV3-AS1	NA	0	619	0
VAX1	NA	0	5788	0
VAX2	NA	81	1146	3.51739
VBP1	NA	1409	2044	34.3044
VCAM1	NA	0	3203	0
VCAN	NA	6813	12416	27.3071
VCL	NA	14456	5486	131.133
VCP	NA	19004	3859	245.07
VCPIP1	NA	642	8176	3.90763
VCPKMT	NA	173	1891	4.55275
VCX	NA	2	967	0.102926
VCX2	NA	1	815	0.0610607
VCX3A	NA	2	995	0.100029
VCX3B	NA	6	1175	0.254117
VCY	NA	2	549	0.181291
VCY1B	NA	2	545	0.182622
VDAC1	NA	5553	2241	123.312
VDAC2	NA	2937	2108	69.3351
VDAC3	NA	1810	1540	58.4894
VDR	NA	181	5166	1.74359
VEGFA	NA	1444	3778	19.0206
VEGFB	NA	670	1805	18.4721
VEGFC	NA	2	2089	0.0476443
VENTX	NA	2	2412	0.0412641
VENTXP1	NA	1	2716	0.0183227
VENTXP7	NA	0	960	0
VEPH1	NA	114	5099	1.1126
VEZF1	NA	723	4633	7.76597
VEZT	NA	1529	4647	16.374
VGF	NA	5060	2553	98.6323
VGLL1	NA	0	1215	0
VGLL2	NA	0	2231	0
VGLL3	NA	0	10396	0
VGLL4	NA	2504	5108	24.3951
VHL	NA	1566	4560	17.0902
VHLL	NA	0	1014	0
VIL1	NA	2	2738	0.036351
VILL	NA	48	2787	0.857085
VIM	NA	48819	2136	1137.38
VIM-AS1	NA	15231	1992	380.504
VIMP	NA	834	1999	20.7622
VIP	NA	1	1587	0.0313576
VIPAS39	NA	449	2969	7.52585
VIPR1	NA	5	3369	0.0738565
VIPR1-AS1	NA	0	181	0
VIPR2	NA	0	4648	0
VIT	NA	0	3446	0
VKORC1	NA	1486	998	74.0982
VKORC1L1	NA	947	5896	7.99304
VLDLR	NA	284	3636	3.887
VLDLR-AS1	NA	30	884	1.68884
VMA21	NA	1341	4736	14.0908
VMAC	NA	60	1670	1.78795
VMO1	NA	15	804	0.928442
VMP1	NA	3134	2174	71.7396
VN1R1	NA	11	1566	0.349559
VN1R10P	NA	0	1202	0
VN1R2	NA	1	1311	0.0379592
VN1R4	NA	0	906	0
VN1R5	NA	0	1074	0
VNN1	NA	0	3844	0
VNN2	NA	1	2269	0.0219323
VNN3	NA	0	1763	0
VOPP1	NA	2136	3341	31.8159
VPRBP	NA	690	5842	5.8777
VPREB1	NA	0	650	0
VPREB3	NA	0	585	0
VPS11	NA	686	3467	9.84668
VPS13A	NA	871	12595	3.44144
VPS13A-AS1	NA	2	442	0.225179
VPS13B	NA	622	14792	2.09258
VPS13C	NA	1015	17061	2.96061
VPS13D	NA	610	16345	1.85722
VPS16	NA	526	2756	9.49787
VPS18	NA	1585	3895	20.2508
VPS25	NA	2018	1102	91.1295
VPS26A	NA	1566	2701	28.8527
VPS26B	NA	999	3731	13.3248
VPS28	NA	845	1097	38.3327
VPS29	NA	1398	1393	49.9431
VPS33A	NA	1004	2603	19.1946
VPS33B	NA	457	2785	8.16602
VPS35	NA	3203	3285	48.5223
VPS36	NA	1033	4787	10.7388
VPS37A	NA	549	4585	5.95871
VPS37B	NA	1680	2749	30.4126
VPS37C	NA	473	2692	8.74391
VPS37D	NA	247	1605	7.65846
VPS39	NA	1801	4887	18.3396
VPS41	NA	924	4894	9.39567
VPS45	NA	598	3154	9.43537
VPS4A	NA	1786	2176	40.8453
VPS4B	NA	909	3378	13.3913
VPS51	NA	1342	2760	24.1971
VPS52	NA	1259	21322	2.93844
VPS53	NA	1698	13655	6.18822
VPS54	NA	611	3994	7.61295
VPS72	NA	1057	1564	33.6324
VPS8	NA	480	5047	4.7329
VPS9D1	NA	875	2749	15.8399
VPS9D1-AS1	NA	139	1753	3.94596
VRK1	NA	518	1703	15.1368
VRK2	NA	559	2912	9.55301
VRK3	NA	685	2584	13.1922
VRTN	NA	4	3416	0.0582722
VSIG1	NA	1	3236	0.0153784
VSIG10	NA	295	5003	2.93434
VSIG10L	NA	237	3674	3.21018
VSIG2	NA	22	1121	0.976645
VSIG4	NA	0	2192	0
VSIG8	NA	0	1818	0
VSNL1	NA	1	2005	0.0248202
VSTM1	NA	189	1187	7.92375
VSTM2A	NA	0	3112	0
VSTM2A-OT1	NA	0	3031	0
VSTM2B	NA	0	1243	0
VSTM2L	NA	530	1961	13.4499
VSTM4	NA	3	8104	0.0184222
VSTM5	NA	2	603	0.165056
VSX1	NA	0	3734	0
VSX2	NA	0	2995	0
VTA1	NA	995	3355	14.7588
VTCN1	NA	9	2947	0.151978
VTI1A	NA	667	4392	7.55759
VTI1B	NA	1608	1330	60.1664
VTN	NA	574	1677	17.0333
VTRNA1-1	NA	0	98	0
VTRNA1-2	NA	0	88	0
VTRNA1-3	NA	0	88	0
VTRNA2-1	NA	1	100	0.497645
VWA1	NA	344	4659	3.67439
VWA2	NA	0	5857	0
VWA3A	NA	7	4604	0.0756628
VWA3B	NA	0	4747	0
VWA5A	NA	9	4056	0.110424
VWA5B1	NA	0	4475	0
VWA5B2	NA	23	4020	0.284722
VWA7	NA	1202	17484	3.42124
VWA8	NA	550	7414	3.69173
VWA8-AS1	NA	1	2079	0.0239367
VWA9	NA	1088	2873	18.8457
VWC2	NA	0	1891	0
VWC2L	NA	1	908	0.0548067
VWC2L-IT1	NA	0	480	0
VWCE	NA	1147	3536	16.1425
VWDE	NA	2	5583	0.0178272
VWF	NA	261	8833	1.47046
WAC	NA	2705	5958	22.5936
WAC-AS1	NA	1833	5376	16.9677
WAPAL	NA	1574	6302	12.4293
WARS	NA	5562	2968	93.2581
WARS2	NA	342	2835	6.00334
WARS2-IT1	NA	0	562	0
WAS	NA	13	1830	0.353518
WASF1	NA	1414	3220	21.8531
WASF2	NA	2577	5695	22.5185
WASF3	NA	259	5001	2.57729
WASH1	NA	1660	1837	44.9695
WASH2P	NA	1853	1958	47.0958
WASH3P	NA	2175	2554	42.3797
WASH5P	NA	409	1137	17.9012
WASH7P	NA	2657	1769	74.7452
WASIR2	NA	12	1037	0.575867
WASL	NA	1078	4447	12.0634
WBP1	NA	1300	1223	52.8977
WBP11	NA	2323	2674	43.2322
WBP11P1	NA	100	2972	1.67444
WBP1L	NA	851	4396	9.63366
WBP2	NA	3214	1944	82.2752
WBP2NL	NA	0	2316	0
WBP4	NA	555	2333	11.8385
WBP5	NA	2034	1089	92.9486
WBSCR16	NA	2489	3579	34.6085
WBSCR17	NA	0	3518	0
WBSCR22	NA	934	1486	31.2786
WBSCR27	NA	58	930	3.10359
WBSCR28	NA	5	854	0.291361
WDFY1	NA	2284	4664	24.3701
WDFY2	NA	464	3809	6.06215
WDFY3	NA	954	14317	3.31601
WDFY3-AS2	NA	17	1569	0.539195
WDFY4	NA	1	10013	0.00496999
WDHD1	NA	758	6032	6.25356
WDPCP	NA	96	3455	1.38275
WDR1	NA	15381	3143	243.534
WDR11	NA	1053	4734	11.0693
WDR11-AS1	NA	1	2500	0.0199058
WDR12	NA	964	2282	21.0223
WDR13	NA	960	2804	17.0378
WDR17	NA	32	7521	0.211736
WDR18	NA	980	1551	31.4437
WDR19	NA	424	4520	4.66817
WDR20	NA	582	5942	4.87427
WDR24	NA	250	3269	3.80579
WDR25	NA	289	2199	6.54022
WDR26	NA	2444	6872	17.6985
WDR27	NA	303	3592	4.19784
WDR3	NA	510	3877	6.54627
WDR31	NA	35	2507	0.694758
WDR33	NA	1947	11218	8.63714
WDR34	NA	2125	1818	58.1681
WDR35	NA	669	6944	4.79442
WDR36	NA	547	6592	4.12943
WDR37	NA	518	4611	5.59055
WDR38	NA	740	1388	26.5315
WDR4	NA	347	2642	6.53606
WDR41	NA	1188	2558	23.1119
WDR43	NA	1475	3531	20.7881
WDR44	NA	181	4146	2.17255
WDR45	NA	1202	2050	29.179
WDR45B	NA	2416	2587	46.4751
WDR46	NA	1769	11815	7.45099
WDR47	NA	284	4374	3.23117
WDR48	NA	782	4001	9.72653
WDR49	NA	0	2593	0
WDR5	NA	1617	3183	25.2809
WDR53	NA	282	1571	8.9329
WDR54	NA	550	1119	24.4598
WDR55	NA	399	2580	7.69614
WDR59	NA	1612	3663	21.9002
WDR5B	NA	125	4183	1.48711
WDR6	NA	6310	4259	73.7295
WDR60	NA	268	3772	3.53576
WDR61	NA	1959	1424	68.4611
WDR62	NA	744	4745	7.8029
WDR63	NA	14	3019	0.230773
WDR64	NA	0	4370	0
WDR66	NA	89	4295	1.03121
WDR7	NA	316	7282	2.15951
WDR70	NA	402	2122	9.42758
WDR72	NA	1	7942	0.00626599
WDR73	NA	1135	3828	14.7551
WDR74	NA	1243	1373	45.0526
WDR75	NA	1181	2732	21.5124
WDR76	NA	241	4027	2.97821
WDR77	NA	3431	2408	70.9061
WDR78	NA	108	3955	1.35893
WDR81	NA	920	7227	6.33504
WDR82	NA	3377	4292	39.1553
WDR83	NA	710	1505	23.4769
WDR83OS	NA	1638	861	94.6739
WDR86	NA	246	2218	5.51942
WDR86-AS1	NA	27	945	1.42184
WDR87	NA	0	9102	0
WDR88	NA	6	1722	0.173395
WDR89	NA	295	3666	4.00451
WDR90	NA	374	5541	3.35895
WDR91	NA	484	4619	5.21455
WDR92	NA	405	2898	6.95467
WDR93	NA	10	3744	0.132918
WDSUB1	NA	211	2135	4.91818
WDTC1	NA	829	4819	8.56086
WDYHV1	NA	230	1669	6.8579
WEE1	NA	1104	4047	13.5755
WEE2	NA	6	3061	0.0975456
WEE2-AS1	NA	36	2262	0.792008
WFDC1	NA	4	1474	0.135046
WFDC10A	NA	1	482	0.103246
WFDC10B	NA	2	632	0.157483
WFDC11	NA	0	615	0
WFDC12	NA	1	774	0.0642952
WFDC13	NA	0	1372	0
WFDC2	NA	0	566	0
WFDC21P	NA	1341	621	107.462
WFDC3	NA	9	1000	0.44788
WFDC5	NA	0	1018	0
WFDC6	NA	0	619	0
WFDC8	NA	0	1530	0
WFDC9	NA	0	659	0
WFIKKN1	NA	1468	1948	37.5022
WFIKKN2	NA	7	3754	0.0927947
WFS1	NA	1216	3640	16.6246
WHAMM	NA	580	3854	7.48921
WHAMMP1	NA	48	1567	1.52438
WHAMMP2	NA	76	5246	0.72095
WHAMMP3	NA	105	3588	1.45632
WHSC1	NA	2845	17077	8.29068
WHSC1L1	NA	925	7052	6.52753
WI2-2373I1.2	NA	0	702	0
WIBG	NA	1783	1276	69.5377
WIF1	NA	95	2240	2.11055
WIPF1	NA	2	4711	0.0211269
WIPF2	NA	695	5525	6.25997
WIPF3	NA	0	4184	0
WIPI1	NA	637	1924	16.4761
WIPI2	NA	1913	4929	19.3142
WISP1	NA	0	5189	0
WISP2	NA	0	1404	0
WISP3	NA	0	1470	0
WIZ	NA	1750	4168	20.8944
WLS	NA	3015	3091	48.5409
WNK1	NA	3319	11946	13.8262
WNK2	NA	722	8446	4.25408
WNK3	NA	163	11343	0.715121
WNK4	NA	39	4178	0.464532
WNT1	NA	0	2284	0
WNT10A	NA	7	2375	0.146674
WNT10B	NA	85	2369	1.78556
WNT11	NA	210	1927	5.42322
WNT16	NA	6	3228	0.0924991
WNT2	NA	0	2906	0
WNT2B	NA	58	3592	0.803547
WNT3	NA	40	3355	0.593317
WNT3A	NA	5	2972	0.0837222
WNT4	NA	47	3905	0.598958
WNT5A	NA	40	6245	0.318748
WNT5B	NA	150	2311	3.23006
WNT6	NA	117	1700	3.42497
WNT7A	NA	0	1714	0
WNT7B	NA	40	3912	0.508839
WNT8A	NA	0	2089	0
WNT8B	NA	13	1996	0.324117
WNT9A	NA	28	1240	1.12371
WNT9B	NA	3	1464	0.101976
WRAP53	NA	425	2281	9.27221
WRAP73	NA	666	1699	19.5074
WRB	NA	728	1663	21.7851
WRN	NA	373	5746	3.23045
WRNIP1	NA	1537	2652	28.8416
WSB1	NA	1696	2832	29.8025
WSB2	NA	1502	2958	25.2692
WSCD1	NA	13	5821	0.111139
WSCD2	NA	0	5185	0
WSPAR	NA	0	683	0
WT1	NA	0	3314	0
WT1-AS	NA	0	4294	0
WTAP	NA	2385	3500	33.9109
WTAPP1	NA	0	2642	0
WTH3DI	NA	718	3667	9.74391
WTIP	NA	752	2204	16.9795
WWC1	NA	789	6739	5.82641
WWC2	NA	828	8808	4.67813
WWC2-AS1	NA	2	404	0.246359
WWC2-AS2	NA	8	2179	0.182706
WWC3	NA	898	6454	6.92416
WWOX	NA	245	2913	4.18548
WWP1	NA	432	4105	5.23709
WWP2	NA	648	6745	4.78093
WWTR1	NA	1151	5367	10.6724
WWTR1-AS1	NA	5	1698	0.146539
XAB2	NA	1886	2655	35.3506
XACT	NA	2	497	0.20026
XAF1	NA	7	3624	0.0961235
XAGE1B	NA	0	1914	0
XAGE1E	NA	0	1914	0
XAGE2	NA	0	641	0
XAGE3	NA	0	568	0
XAGE5	NA	0	477	0
XBP1	NA	1656	1820	45.2802
XCL1	NA	0	1367	0
XCL2	NA	0	565	0
XCR1	NA	0	1373	0
XDH	NA	3	5717	0.026114
XG	NA	3	2934	0.0508839
XGY2	NA	0	726	0
XIAP	NA	949	8545	5.5268
XIRP1	NA	95	6462	0.731604
XIRP2	NA	0	13021	0
XIRP2-AS1	NA	0	1871	0
XIST	NA	2	19280	0.00516229
XK	NA	0	5085	0
XKR3	NA	0	1681	0
XKR4	NA	0	3909	0
XKR5	NA	41	5028	0.405796
XKR6	NA	0	3758	0
XKR7	NA	31	2910	0.530137
XKR8	NA	2	2692	0.0369721
XKR9	NA	11	3402	0.160908
XKRX	NA	6	2851	0.104731
XKRY	NA	0	1581	0
XKRY2	NA	0	1581	0
XLOC_007697	NA	0	250	0
XLOC_008559	NA	0	504	0
XLOC_009911	NA	0	498	0
XPA	NA	305	1700	8.92834
XPC	NA	3839	3720	51.3564
XPNPEP1	NA	1671	2539	32.7517
XPNPEP2	NA	2	3333	0.0298617
XPNPEP3	NA	586	9289	3.13941
XPO1	NA	5699	4830	58.718
XPO4	NA	870	9885	4.37988
XPO5	NA	2197	5364	20.3827
XPO6	NA	4063	4625	43.7174
XPO7	NA	1182	4863	12.0958
XPOT	NA	1623	3947	20.4631
XPR1	NA	1853	8496	10.8538
XRCC1	NA	1310	2102	31.014
XRCC2	NA	97	3069	1.57288
XRCC3	NA	648	2639	12.2195
XRCC4	NA	1149	1704	33.556
XRCC5	NA	5574	3430	80.8709
XRCC6	NA	10055	2326	215.126
XRCC6BP1	NA	88	1160	3.77524
XRCC6P5	NA	82	2175	1.87618
XRN1	NA	449	10808	2.06738
XRN2	NA	1000	3435	14.4875
XRRA1	NA	494	5025	4.89227
XXYLT1	NA	1326	2875	22.9523
XXYLT1-AS1	NA	0	431	0
XXYLT1-AS2	NA	1	850	0.0585465
XYLB	NA	167	3683	2.25649
XYLT1	NA	5	9336	0.0266519
XYLT2	NA	795	3601	10.9866
YAE1D1	NA	344	3372	5.0768
YAF2	NA	271	9145	1.47471
YAP1	NA	2577	5704	22.483
YARS	NA	3423	3117	54.6499
YARS2	NA	760	2173	17.405
YBEY	NA	305	1785	8.50318
YBX1	NA	14112	1546	454.254
YBX2	NA	461	1583	14.4924
YBX3	NA	8102	1974	204.251
YBX3P1	NA	549	1758	15.5408
YDJC	NA	772	1338	28.7131
YEATS2	NA	1317	6506	10.0738
YEATS4	NA	241	1501	7.99017
YES1	NA	1376	4685	14.616
YIF1A	NA	1059	1121	47.0121
YIF1B	NA	1152	2952	19.4203
YIPF1	NA	654	1903	17.1025
YIPF2	NA	992	1835	26.9027
YIPF3	NA	1977	1576	62.4267
YIPF4	NA	442	1965	11.1938
YIPF5	NA	828	3453	11.9331
YIPF6	NA	730	6282	5.78288
YIPF7	NA	0	937	0
YJEFN3	NA	81	1032	3.90593
YKT6	NA	3217	2766	57.8787
YLPM1	NA	1537	8137	9.40003
YME1L1	NA	4265	4398	48.2596
YOD1	NA	496	6521	3.78518
YPEL1	NA	371	4720	3.91157
YPEL2	NA	359	5232	3.41465
YPEL3	NA	1	1604	0.0310252
YPEL4	NA	55	1722	1.58946
YPEL5	NA	3465	2617	65.8899
YRDC	NA	614	1836	16.6424
YTHDC1	NA	2058	12498	8.19454
YTHDC2	NA	647	6308	5.10425
YTHDF1	NA	2209	3252	33.8037
YTHDF2	NA	2763	3063	44.8904
YTHDF3	NA	1276	5450	11.6513
YTHDF3-AS1	NA	22	718	1.52482
YWHAB	NA	6716	3223	103.698
YWHAE	NA	14150	1860	378.585
YWHAEP1	NA	438	1825	11.9435
YWHAEP7	NA	0	2455	0
YWHAG	NA	5587	3747	74.2018
YWHAH	NA	5717	1793	158.675
YWHAQ	NA	14976	2254	330.645
YWHAZ	NA	24962	3651	340.241
YY1	NA	1570	3159	24.7326
YY1AP1	NA	1696	3870	21.8089
YY1P2	NA	1	1851	0.0268852
YY2	NA	29	2741	0.526512
ZACN	NA	1199	1473	40.5076
ZADH2	NA	196	8051	1.21151
ZAK	NA	212	9858	1.0702
ZAN	NA	2	8733	0.0113969
ZAP70	NA	5	2543	0.097846
ZAR1	NA	0	1460	0
ZAR1L	NA	2	1103	0.0902348
ZASP	NA	251	699	17.8697
ZBBX	NA	14	3478	0.200317
ZBED1	NA	1260	9478	6.61566
ZBED2	NA	0	2203	0
ZBED3	NA	50	1419	1.75351
ZBED3-AS1	NA	22	1142	0.958686
ZBED4	NA	815	6886	5.88993
ZBED5	NA	915	2741	16.6124
ZBED5-AS1	NA	158	1113	7.0645
ZBED6	NA	37	2940	0.626288
ZBED6CL	NA	675	2874	11.6879
ZBED8	NA	78	2925	1.32705
ZBED9	NA	99	9754	0.505094
ZBP1	NA	0	2576	0
ZBTB1	NA	746	5668	6.54981
ZBTB10	NA	417	10212	2.0321
ZBTB11	NA	432	5119	4.1997
ZBTB11-AS1	NA	120	2784	2.14502
ZBTB12	NA	19653	9327	104.859
ZBTB14	NA	184	3776	2.42496
ZBTB16	NA	0	2425	0
ZBTB17	NA	725	2794	12.9131
ZBTB18	NA	276	4515	3.04208
ZBTB2	NA	902	3244	13.8371
ZBTB20	NA	50	28312	0.0878859
ZBTB20-AS1	NA	0	1719	0
ZBTB20-AS3	NA	0	545	0
ZBTB20-AS4	NA	0	675	0
ZBTB21	NA	519	7479	3.45337
ZBTB22	NA	351	13645	1.28013
ZBTB24	NA	448	5723	3.8956
ZBTB25	NA	302	4042	3.71818
ZBTB26	NA	74	2233	1.64916
ZBTB3	NA	51	2974	0.853392
ZBTB32	NA	4	1960	0.10156
ZBTB33	NA	304	5311	2.8485
ZBTB34	NA	402	6563	3.0482
ZBTB37	NA	24	2374	0.503095
ZBTB38	NA	286	8384	1.6976
ZBTB39	NA	515	6238	4.10848
ZBTB4	NA	1001	6112	8.15024
ZBTB40	NA	981	8992	5.42916
ZBTB41	NA	123	8474	0.722331
ZBTB42	NA	157	3531	2.21269
ZBTB43	NA	506	5972	4.21648
ZBTB44	NA	515	9557	2.68167
ZBTB45	NA	365	2352	7.72281
ZBTB46	NA	972	5233	9.24347
ZBTB46-AS1	NA	3	1088	0.137218
ZBTB47	NA	306	5507	2.7652
ZBTB48	NA	317	2350	6.71291
ZBTB49	NA	108	2943	1.82622
ZBTB5	NA	638	4649	6.82937
ZBTB6	NA	197	4104	2.38879
ZBTB7A	NA	499	4441	5.59164
ZBTB7B	NA	799	4099	9.70037
ZBTB7C	NA	1	4171	0.0119311
ZBTB8A	NA	295	7368	1.99247
ZBTB8B	NA	60	4018	0.743123
ZBTB8OS	NA	647	1280	25.1544
ZBTB9	NA	681	5422	6.25039
ZC2HC1A	NA	102	3349	1.51567
ZC2HC1B	NA	0	992	0
ZC2HC1C	NA	21	3986	0.262181
ZC3H10	NA	116	2497	2.31185
ZC3H11A	NA	2879	4778	29.9858
ZC3H12A	NA	285	2716	5.22197
ZC3H12B	NA	26	7256	0.178318
ZC3H12C	NA	65	8807	0.367286
ZC3H12D	NA	18	4907	0.182548
ZC3H13	NA	1160	6411	9.00434
ZC3H14	NA	1170	5029	11.5777
ZC3H15	NA	2110	2133	49.2279
ZC3H18	NA	1199	3799	15.7061
ZC3H3	NA	835	3277	12.6803
ZC3H4	NA	1048	6116	8.52734
ZC3H6	NA	117	11539	0.504588
ZC3H7A	NA	1907	3816	24.8692
ZC3H7B	NA	4358	5928	36.5846
ZC3H8	NA	296	1604	9.18347
ZC3HAV1	NA	564	7869	3.5668
ZC3HAV1L	NA	89	1753	2.52655
ZC3HC1	NA	1079	2018	26.6085
ZC4H2	NA	0	3183	0
ZCCHC10	NA	617	2423	12.6722
ZCCHC11	NA	918	5850	7.8092
ZCCHC12	NA	58	2197	1.31376
ZCCHC13	NA	0	845	0
ZCCHC14	NA	1733	6911	12.4789
ZCCHC16	NA	0	2958	0
ZCCHC17	NA	1575	1921	40.8012
ZCCHC18	NA	10	2942	0.169152
ZCCHC2	NA	389	7841	2.46887
ZCCHC24	NA	382	4931	3.85521
ZCCHC3	NA	1751	2760	31.5716
ZCCHC4	NA	150	2797	2.66881
ZCCHC5	NA	0	2648	0
ZCCHC6	NA	437	5680	3.82871
ZCCHC7	NA	422	2956	7.1044
ZCCHC8	NA	695	4255	8.1284
ZCCHC9	NA	690	1790	19.183
ZCRB1	NA	1023	1844	27.608
ZCWPW1	NA	96	2469	1.93495
ZCWPW2	NA	12	1712	0.348817
ZDBF2	NA	254	10505	1.20325
ZDHHC1	NA	382	2009	9.46244
ZDHHC11	NA	243	2606	4.64036
ZDHHC12	NA	691	1151	29.876
ZDHHC13	NA	348	2434	7.11506
ZDHHC14	NA	270	2787	4.8211
ZDHHC15	NA	3	6525	0.0228802
ZDHHC16	NA	1160	2079	27.7666
ZDHHC17	NA	803	4771	8.37579
ZDHHC18	NA	929	3139	14.728
ZDHHC19	NA	0	1337	0
ZDHHC2	NA	564	4012	6.99581
ZDHHC20	NA	985	5585	8.77673
ZDHHC21	NA	324	9171	1.75812
ZDHHC22	NA	83	3408	1.21199
ZDHHC23	NA	532	3776	7.01131
ZDHHC24	NA	446	1317	16.8527
ZDHHC3	NA	2143	12686	8.40654
ZDHHC4	NA	766	1618	23.5597
ZDHHC5	NA	1918	4560	20.9316
ZDHHC6	NA	851	2225	19.0335
ZDHHC7	NA	1657	3273	25.1939
ZDHHC8	NA	1464	5012	14.5362
ZDHHC8P1	NA	995	2548	19.4332
ZDHHC9	NA	843	4878	8.60014
ZEB1	NA	485	6389	3.77771
ZEB1-AS1	NA	158	2213	3.553
ZEB2	NA	4	11656	0.0170777
ZEB2-AS1	NA	0	429	0
ZER1	NA	1517	4298	17.5646
ZFAND1	NA	547	2291	11.8818
ZFAND2A	NA	562	901	31.0407
ZFAND2B	NA	191	1323	7.18444
ZFAND3	NA	2050	3333	30.6082
ZFAND4	NA	58	4193	0.688371
ZFAND5	NA	2671	5999	22.1572
ZFAND6	NA	1528	2146	35.4334
ZFAS1	NA	1090	1028	52.7659
ZFAT	NA	173	5065	1.69975
ZFAT-AS1	NA	7	939	0.370981
ZFC3H1	NA	1451	7158	10.0878
ZFHX2	NA	255	9182	1.38205
ZFHX3	NA	1073	16168	3.30265
ZFHX4	NA	2	13958	0.00713061
ZFHX4-AS1	NA	0	1710	0
ZFP1	NA	245	3288	3.70812
ZFP14	NA	87	7496	0.577576
ZFP2	NA	51	2405	1.0553
ZFP28	NA	204	6617	1.53422
ZFP3	NA	3	4995	0.0298886
ZFP30	NA	226	4611	2.43912
ZFP36	NA	359	1752	10.1972
ZFP36L1	NA	4758	4040	58.6088
ZFP36L2	NA	9098	3693	122.599
ZFP37	NA	111	2951	1.87186
ZFP41	NA	542	6215	4.33988
ZFP42	NA	0	2650	0
ZFP57	NA	1	8801	0.00565441
ZFP62	NA	481	4024	5.94849
ZFP64	NA	892	4984	8.90649
ZFP69	NA	5	2159	0.115249
ZFP69B	NA	21	2031	0.514552
ZFP82	NA	207	2616	3.93779
ZFP90	NA	984	5094	9.61293
ZFP91	NA	1389	5725	12.0739
ZFP91-CNTF	NA	142	3543	1.99451
ZFP92	NA	0	1251	0
ZFPL1	NA	421	1386	15.1161
ZFPM1	NA	507	3241	7.78482
ZFPM2	NA	0	4480	0
ZFPM2-AS1	NA	7	1078	0.323146
ZFR	NA	2257	4715	23.8215
ZFR2	NA	467	5724	4.0601
ZFX	NA	515	7883	3.25114
ZFX-AS1	NA	2	417	0.238679
ZFY	NA	183	5616	1.6216
ZFYVE1	NA	781	4557	8.52887
ZFYVE16	NA	699	7818	4.4494
ZFYVE19	NA	336	2397	6.97575
ZFYVE21	NA	514	1507	16.9734
ZFYVE26	NA	1936	9675	9.95804
ZFYVE27	NA	757	3064	12.2949
ZFYVE28	NA	210	5864	1.78215
ZFYVE9	NA	411	5195	3.93709
ZG16	NA	0	1807	0
ZG16B	NA	27	828	1.62276
ZGLP1	NA	83	1980	2.08609
ZGPAT	NA	934	2126	21.8627
ZGRF1	NA	221	6740	1.63174
ZHX1	NA	478	5403	4.40263
ZHX1-C8orf76	NA	415	1527	13.5247
ZHX2	NA	57	4359	0.65074
ZHX3	NA	737	9991	3.67095
ZIC1	NA	0	5231	0
ZIC2	NA	853	2975	14.2686
ZIC3	NA	0	3939	0
ZIC4	NA	0	5208	0
ZIC5	NA	329	4597	3.56157
ZIK1	NA	1	2676	0.0185966
ZIM2	NA	9	2260	0.198177
ZIM2-AS1	NA	0	2151	0
ZIM3	NA	0	2627	0
ZKSCAN1	NA	1223	9546	6.37565
ZKSCAN2	NA	443	7126	3.0937
ZKSCAN3	NA	216	4842	2.21998
ZKSCAN4	NA	175	5439	1.60117
ZKSCAN5	NA	655	4428	7.36128
ZKSCAN7	NA	90	4003	1.11886
ZKSCAN8	NA	944	7565	6.20987
ZMAT1	NA	127	4166	1.51706
ZMAT2	NA	1705	1512	56.1167
ZMAT3	NA	2421	9116	13.2163
ZMAT4	NA	0	2467	0
ZMAT5	NA	313	1033	15.0787
ZMIZ1	NA	905	7555	5.9612
ZMIZ1-AS1	NA	14	2433	0.286355
ZMIZ2	NA	2074	5209	19.8141
ZMPSTE24	NA	1170	3165	18.3964
ZMYM1	NA	183	4670	1.95009
ZMYM2	NA	1522	10380	7.29687
ZMYM3	NA	2240	6570	16.9669
ZMYM4	NA	1830	6994	13.021
ZMYM5	NA	310	3471	4.44454
ZMYM6	NA	261	5144	2.52499
ZMYM6NB	NA	433	925	23.2952
ZMYND10	NA	21	1880	0.55588
ZMYND11	NA	1115	5200	10.6707
ZMYND12	NA	7	1774	0.196365
ZMYND15	NA	7	2448	0.1423
ZMYND19	NA	707	1370	25.6814
ZMYND8	NA	1981	6404	15.394
ZNF10	NA	246	4403	2.78039
ZNF100	NA	133	4470	1.48069
ZNF101	NA	193	4748	2.02286
ZNF106	NA	5264	11247	23.2916
ZNF107	NA	284	9610	1.47067
ZNF112	NA	47	3735	0.62622
ZNF114	NA	823	2652	15.4435
ZNF117	NA	485	6404	3.76886
ZNF12	NA	716	5063	7.0376
ZNF121	NA	86	1675	2.55507
ZNF124	NA	357	5283	3.36285
ZNF131	NA	915	3376	13.4877
ZNF132	NA	26	3031	0.426881
ZNF133	NA	729	3294	11.0135
ZNF134	NA	306	2248	6.77399
ZNF135	NA	0	4158	0
ZNF136	NA	104	3018	1.71488
ZNF137P	NA	23	2484	0.460782
ZNF138	NA	217	4956	2.17895
ZNF14	NA	198	2963	3.32547
ZNF140	NA	489	3380	7.19966
ZNF141	NA	17	1642	0.515223
ZNF142	NA	554	6233	4.42316
ZNF143	NA	273	2947	4.61001
ZNF146	NA	1835	3856	23.682
ZNF148	NA	622	9543	3.24358
ZNF154	NA	7	6914	0.0503835
ZNF155	NA	20	2821	0.352815
ZNF157	NA	6	1695	0.176158
ZNF16	NA	207	2616	3.93779
ZNF160	NA	592	4336	6.79441
ZNF165	NA	80	2377	1.67487
ZNF169	NA	26	2773	0.466598
ZNF17	NA	140	2678	2.60158
ZNF174	NA	314	2619	5.96642
ZNF175	NA	196	3785	2.57697
ZNF177	NA	50	2742	0.907449
ZNF18	NA	267	2853	4.65725
ZNF180	NA	253	4586	2.7454
ZNF181	NA	263	2951	4.43513
ZNF182	NA	252	3604	3.47965
ZNF184	NA	193	3102	3.09624
ZNF185	NA	16	4785	0.166402
ZNF189	NA	479	3452	6.90533
ZNF19	NA	73	2743	1.32439
ZNF192P1	NA	13	1649	0.392322
ZNF195	NA	967	3703	12.9955
ZNF197	NA	540	6326	4.248
ZNF197-AS1	NA	3	623	0.239636
ZNF2	NA	113	4013	1.40129
ZNF20	NA	115	3058	1.87146
ZNF200	NA	295	3658	4.01327
ZNF202	NA	355	4469	3.9531
ZNF204P	NA	80	4190	0.950157
ZNF205	NA	488	2328	10.4317
ZNF205-AS1	NA	65	1219	2.65356
ZNF207	NA	3643	2323	78.0422
ZNF208	NA	4	9088	0.0219034
ZNF211	NA	441	2861	7.67079
ZNF212	NA	408	2810	7.22559
ZNF213	NA	316	3406	4.61702
ZNF213-AS1	NA	94	1125	4.1581
ZNF214	NA	74	2668	1.38027
ZNF215	NA	122	3658	1.65972
ZNF217	NA	2537	5635	22.4051
ZNF219	NA	1538	3478	22.0063
ZNF22	NA	37	2204	0.835429
ZNF221	NA	23	2458	0.465656
ZNF222	NA	0	1711	0
ZNF223	NA	0	2419	0
ZNF224	NA	165	2483	3.30694
ZNF225	NA	91	2731	1.65821
ZNF226	NA	363	3299	5.47575
ZNF227	NA	196	3135	3.11127
ZNF229	NA	10	5480	0.0908111
ZNF23	NA	411	3402	6.01211
ZNF230	NA	41	4132	0.493791
ZNF232	NA	153	2078	3.66408
ZNF233	NA	18	2827	0.316859
ZNF234	NA	0	4600	0
ZNF235	NA	57	3190	0.889209
ZNF236	NA	231	8179	1.4055
ZNF239	NA	117	2508	2.32155
ZNF24	NA	1459	6513	11.1479
ZNF248	NA	221	6046	1.81905
ZNF25	NA	30	3736	0.399608
ZNF250	NA	159	6364	1.24333
ZNF251	NA	486	3007	8.04308
ZNF252P	NA	304	5430	2.78608
ZNF252P-AS1	NA	8	3236	0.123027
ZNF253	NA	7	2329	0.149571
ZNF254	NA	190	4752	1.98974
ZNF256	NA	185	2210	4.16581
ZNF257	NA	0	3520	0
ZNF26	NA	289	6562	2.1917
ZNF260	NA	682	5582	6.08015
ZNF263	NA	1059	3285	16.0428
ZNF264	NA	355	12163	1.45247
ZNF266	NA	743	3862	9.57406
ZNF267	NA	328	3463	4.71347
ZNF268	NA	690	5868	5.85165
ZNF271P	NA	853	5134	8.26823
ZNF273	NA	80	4414	0.901939
ZNF274	NA	493	2894	8.4775
ZNF275	NA	338	6320	2.66146
ZNF276	NA	639	5214	6.09887
ZNF277	NA	283	2687	5.24129
ZNF28	NA	137	4712	1.44689
ZNF280A	NA	72	2158	1.66035
ZNF280B	NA	222	5729	1.92839
ZNF280C	NA	165	4695	1.74891
ZNF280D	NA	404	8154	2.46564
ZNF281	NA	985	4890	10.0241
ZNF282	NA	966	3744	12.8399
ZNF283	NA	112	2759	2.02016
ZNF284	NA	0	2208	0
ZNF285	NA	1	2932	0.0169729
ZNF286A	NA	1018	5604	9.04002
ZNF286B	NA	742	5328	6.93042
ZNF287	NA	85	4278	0.988776
ZNF292	NA	529	10100	2.60648
ZNF295-AS1	NA	3	1376	0.108498
ZNF296	NA	475	1586	14.9042
ZNF3	NA	1136	4154	13.6092
ZNF30	NA	96	2733	1.74804
ZNF30-AS1	NA	0	428	0
ZNF300	NA	2	3323	0.0299515
ZNF300P1	NA	0	2420	0
ZNF302	NA	671	3288	10.1557
ZNF304	NA	230	4641	2.46624
ZNF311	NA	95	11101	0.425874
ZNF316	NA	1068	7239	7.34196
ZNF317	NA	1081	4221	12.7447
ZNF318	NA	497	8006	3.0893
ZNF319	NA	317	4221	3.73735
ZNF32	NA	84	1279	3.26835
ZNF32-AS1	NA	19	434	2.17863
ZNF32-AS2	NA	5	905	0.274942
ZNF32-AS3	NA	0	1928	0
ZNF320	NA	11	6145	0.0890821
ZNF321P	NA	9	2334	0.191894
ZNF322	NA	675	4892	6.86652
ZNF324	NA	368	3231	5.66801
ZNF324B	NA	138	2995	2.29299
ZNF326	NA	750	3919	9.5237
ZNF329	NA	386	3413	5.62821
ZNF330	NA	764	1898	20.0317
ZNF331	NA	458	6075	3.75179
ZNF333	NA	41	6357	0.32096
ZNF334	NA	0	4071	0
ZNF335	NA	885	4452	9.89254
ZNF337	NA	884	4761	9.24004
ZNF337-AS1	NA	124	2472	2.49628
ZNF33A	NA	603	6472	4.63659
ZNF33B	NA	731	8465	4.29744
ZNF33BP1	NA	0	1238	0
ZNF34	NA	113	2836	1.98286
ZNF341	NA	98	3579	1.36265
ZNF341-AS1	NA	3	646	0.231104
ZNF343	NA	325	4173	3.87574
ZNF345	NA	7	3933	0.0885714
ZNF346	NA	479	6258	3.80908
ZNF347	NA	103	4563	1.12333
ZNF35	NA	276	2649	5.18498
ZNF350	NA	205	2341	4.35785
ZNF350-AS1	NA	2	726	0.137092
ZNF354A	NA	341	2555	6.64176
ZNF354B	NA	228	2197	5.16445
ZNF354C	NA	7	2373	0.146798
ZNF358	NA	1139	1953	29.0229
ZNF362	NA	482	3106	7.72263
ZNF365	NA	36	7522	0.238171
ZNF366	NA	0	6278	0
ZNF367	NA	179	3702	2.40622
ZNF37A	NA	613	7029	4.33997
ZNF37BP	NA	460	8710	2.62821
ZNF382	NA	103	2827	1.81314
ZNF383	NA	72	1694	2.11514
ZNF384	NA	903	3511	12.799
ZNF385A	NA	3388	2776	60.7356
ZNF385B	NA	50	4334	0.574117
ZNF385C	NA	127	2596	2.43455
ZNF385D	NA	7	1812	0.192247
ZNF385D-AS1	NA	0	732	0
ZNF385D-AS2	NA	0	421	0
ZNF391	NA	45	1596	1.40313
ZNF394	NA	425	2145	9.8601
ZNF395	NA	718	4802	7.44084
ZNF396	NA	0	2788	0
ZNF397	NA	125	3321	1.8731
ZNF398	NA	510	5791	4.38264
ZNF404	NA	14	1842	0.378232
ZNF407	NA	249	9037	1.37118
ZNF408	NA	493	2539	9.66282
ZNF41	NA	132	4375	1.50147
ZNF410	NA	817	2925	13.9
ZNF414	NA	394	1558	12.5849
ZNF415	NA	133	2975	2.22477
ZNF416	NA	210	2509	4.16522
ZNF417	NA	143	4709	1.51122
ZNF418	NA	3	3694	0.0404151
ZNF419	NA	304	2382	6.35114
ZNF420	NA	106	2973	1.77431
ZNF423	NA	8	4758	0.083673
ZNF425	NA	216	3218	3.34031
ZNF426	NA	21	2551	0.409665
ZNF428	NA	1848	1395	65.9246
ZNF429	NA	53	2361	1.11712
ZNF43	NA	71	5944	0.594428
ZNF430	NA	143	3919	1.81585
ZNF431	NA	163	3846	2.1091
ZNF432	NA	41	2573	0.792983
ZNF433	NA	27	2458	0.54664
ZNF436	NA	431	4814	4.45544
ZNF436-AS1	NA	155	2867	2.69044
ZNF438	NA	90	3834	1.16818
ZNF439	NA	16	2550	0.312248
ZNF44	NA	254	2794	4.52404
ZNF440	NA	280	4181	3.33271
ZNF441	NA	0	4448	0
ZNF442	NA	62	2825	1.09218
ZNF443	NA	128	2664	2.39109
ZNF444	NA	1330	2064	32.0672
ZNF445	NA	902	10249	4.3797
ZNF446	NA	228	2486	4.56408
ZNF449	NA	119	4059	1.45897
ZNF45	NA	325	3903	4.14385
ZNF451	NA	742	14373	2.56907
ZNF454	NA	4	2172	0.0916473
ZNF460	NA	51	3849	0.659389
ZNF461	NA	102	3208	1.58229
ZNF462	NA	53	8295	0.317965
ZNF467	NA	352	2279	7.68631
ZNF468	NA	109	4286	1.26559
ZNF469	NA	403	13203	1.51898
ZNF470	NA	168	7141	1.17077
ZNF471	NA	124	4966	1.24261
ZNF473	NA	328	4839	3.37317
ZNF474	NA	1	1964	0.0253383
ZNF479	NA	0	2067	0
ZNF48	NA	969	3640	13.2477
ZNF480	NA	344	4751	3.60324
ZNF483	NA	17	5209	0.162411
ZNF484	NA	105	4031	1.29627
ZNF485	NA	32	2055	0.774922
ZNF486	NA	0	3897	0
ZNF487	NA	31	1491	1.03467
ZNF488	NA	115	3496	1.63699
ZNF490	NA	106	6098	0.865044
ZNF491	NA	0	2823	0
ZNF492	NA	6	4245	0.0703385
ZNF493	NA	3	6284	0.0237577
ZNF496	NA	437	2428	8.95679
ZNF497	NA	266	3562	3.71627
ZNF500	NA	288	3305	4.33651
ZNF501	NA	1	3382	0.0147145
ZNF502	NA	0	3396	0
ZNF503	NA	192	3695	2.58587
ZNF503-AS1	NA	18	1990	0.450131
ZNF503-AS2	NA	19	3339	0.283176
ZNF506	NA	15	3324	0.224569
ZNF507	NA	537	7718	3.46249
ZNF510	NA	163	5154	1.57385
ZNF511	NA	600	1110	26.8997
ZNF512	NA	2	3703	0.0268779
ZNF512B	NA	1165	5922	9.78987
ZNF513	NA	711	2354	15.0308
ZNF514	NA	401	3204	6.22833
ZNF516	NA	94	8626	0.542298
ZNF517	NA	153	2335	3.2608
ZNF518A	NA	624	8431	3.6832
ZNF518B	NA	340	6936	2.43944
ZNF519	NA	80	8875	0.448581
ZNF521	NA	1184	4971	11.853
ZNF524	NA	161	1133	7.07157
ZNF525	NA	184	6094	1.50257
ZNF526	NA	413	3954	5.19796
ZNF527	NA	98	5126	0.951409
ZNF528	NA	0	3978	0
ZNF528-AS1	NA	0	1321	0
ZNF529	NA	478	7835	3.03605
ZNF529-AS1	NA	80	1846	2.15664
ZNF530	NA	101	2964	1.69575
ZNF532	NA	700	6464	5.3891
ZNF534	NA	6	2839	0.105173
ZNF536	NA	0	4935	0
ZNF540	NA	23	3531	0.324153
ZNF541	NA	0	4580	0
ZNF542P	NA	40	3813	0.522051
ZNF543	NA	85	3671	1.15227
ZNF544	NA	938	3510	13.2989
ZNF546	NA	83	8027	0.51457
ZNF547	NA	78	2862	1.35627
ZNF548	NA	110	4550	1.2031
ZNF549	NA	200	4121	2.41517
ZNF550	NA	179	4309	2.06726
ZNF551	NA	60	3721	0.802437
ZNF552	NA	163	2352	3.44881
ZNF554	NA	206	3698	2.77217
ZNF555	NA	202	8547	1.17614
ZNF556	NA	0	1634	0
ZNF557	NA	138	6001	1.14439
ZNF558	NA	488	4163	5.83355
ZNF559	NA	72	3568	1.00422
ZNF559-ZNF177	NA	51	3252	0.780439
ZNF560	NA	0	2802	0
ZNF561	NA	828	4540	9.07599
ZNF561-AS1	NA	163	1834	4.42291
ZNF562	NA	341	5784	2.9339
ZNF563	NA	18	2773	0.32303
ZNF564	NA	144	2948	2.43083
ZNF565	NA	28	2220	0.62766
ZNF566	NA	100	5629	0.884073
ZNF567	NA	158	2851	2.75791
ZNF568	NA	1	5991	0.00830654
ZNF569	NA	175	4058	2.14608
ZNF57	NA	214	2003	5.31683
ZNF570	NA	11	2442	0.224164
ZNF571	NA	49	2396	1.01772
ZNF571-AS1	NA	3	3332	0.044806
ZNF572	NA	0	3275	0
ZNF573	NA	12	2707	0.220604
ZNF574	NA	920	3131	14.6226
ZNF575	NA	16	1711	0.465361
ZNF576	NA	149	2057	3.60472
ZNF577	NA	36	3387	0.528941
ZNF578	NA	12	6741	0.0885883
ZNF579	NA	1394	2168	31.998
ZNF580	NA	1120	1577	35.3432
ZNF581	NA	961	1226	39.0079
ZNF582	NA	24	2297	0.51996
ZNF582-AS1	NA	15	2061	0.362187
ZNF583	NA	79	2666	1.47464
ZNF584	NA	344	2259	7.57813
ZNF585A	NA	303	7090	2.12675
ZNF585B	NA	167	6210	1.33827
ZNF586	NA	206	2270	4.51607
ZNF587	NA	356	6937	2.55386
ZNF587B	NA	163	3340	2.42863
ZNF589	NA	411	3364	6.08003
ZNF592	NA	1019	8179	6.20003
ZNF593	NA	477	649	36.5758
ZNF594	NA	293	4877	2.98975
ZNF595	NA	154	3007	2.54863
ZNF596	NA	265	3134	4.20791
ZNF597	NA	115	5508	1.03902
ZNF598	NA	1916	3369	28.3018
ZNF599	NA	65	3115	1.03842
ZNF600	NA	63	2547	1.23092
ZNF605	NA	529	6308	4.17334
ZNF606	NA	249	4225	2.93287
ZNF607	NA	238	4538	2.60995
ZNF608	NA	1488	5645	13.1177
ZNF609	NA	1354	8617	7.81956
ZNF610	NA	2	2382	0.0417838
ZNF611	NA	95	4713	1.0031
ZNF613	NA	148	2439	3.01974
ZNF614	NA	253	4676	2.69256
ZNF615	NA	1	4092	0.0121614
ZNF616	NA	141	3047	2.30285
ZNF618	NA	469	9113	2.56113
ZNF619	NA	111	4184	1.32023
ZNF620	NA	161	2838	2.82314
ZNF621	NA	593	8483	3.47876
ZNF622	NA	1052	1692	30.941
ZNF623	NA	527	4334	6.0512
ZNF624	NA	40	4244	0.469034
ZNF625	NA	27	1695	0.792709
ZNF625-ZNF20	NA	131	3415	1.90897
ZNF626	NA	72	6834	0.524297
ZNF627	NA	329	3019	5.42316
ZNF628	NA	317	3847	4.10069
ZNF629	NA	1786	6087	14.6015
ZNF630	NA	0	2908	0
ZNF630-AS1	NA	0	395	0
ZNF638	NA	2271	6840	16.5227
ZNF639	NA	717	3361	10.6162
ZNF641	NA	477	4684	5.06782
ZNF644	NA	1011	6001	8.38392
ZNF645	NA	0	1547	0
ZNF646	NA	543	6208	4.35279
ZNF648	NA	2	3649	0.0272757
ZNF649	NA	49	3227	0.755643
ZNF649-AS1	NA	12	580	1.02961
ZNF652	NA	686	11553	2.95494
ZNF653	NA	198	2240	4.39883
ZNF654	NA	315	4957	3.16236
ZNF655	NA	1149	6092	9.38598
ZNF658	NA	304	4025	3.75861
ZNF658B	NA	495	8056	3.05777
ZNF660	NA	13	2205	0.293396
ZNF662	NA	10	5885	0.0845616
ZNF663P	NA	0	1151	0
ZNF664	NA	3126	4324	35.9768
ZNF664-FAM101A	NA	91	2413	1.87674
ZNF665	NA	0	3291	0
ZNF667	NA	470	4462	5.24189
ZNF667-AS1	NA	737	1782	20.5816
ZNF668	NA	411	3935	5.19777
ZNF669	NA	54	1980	1.35721
ZNF670	NA	131	4198	1.55292
ZNF670-ZNF695	NA	54	1119	2.4015
ZNF671	NA	0	2434	0
ZNF672	NA	1119	3091	18.0157
ZNF674	NA	121	4091	1.47189
ZNF674-AS1	NA	110	2148	2.54846
ZNF675	NA	154	2209	3.46932
ZNF676	NA	2	2934	0.0339226
ZNF677	NA	0	3493	0
ZNF678	NA	138	8940	0.768177
ZNF679	NA	2	1567	0.0635156
ZNF680	NA	199	4912	2.01611
ZNF681	NA	122	6497	0.934473
ZNF682	NA	10	3290	0.15126
ZNF683	NA	0	1732	0
ZNF684	NA	36	2097	0.854326
ZNF687	NA	729	5534	6.55553
ZNF688	NA	128	1827	3.48651
ZNF689	NA	343	3876	4.40382
ZNF69	NA	80	1659	2.39973
ZNF691	NA	291	1912	7.57399
ZNF692	NA	499	2383	10.4207
ZNF695	NA	98	3756	1.29843
ZNF696	NA	246	4684	2.61359
ZNF697	NA	394	5080	3.85969
ZNF699	NA	18	2094	0.427775
ZNF7	NA	544	3815	7.09617
ZNF70	NA	5	4018	0.0619269
ZNF700	NA	387	2901	6.6387
ZNF701	NA	42	5596	0.3735
ZNF702P	NA	1	2997	0.0166048
ZNF703	NA	3238	3349	48.1151
ZNF704	NA	71	14386	0.245605
ZNF705A	NA	49	3438	0.709267
ZNF705B	NA	5	1207	0.20615
ZNF705D	NA	20	3683	0.270239
ZNF705E	NA	17	3441	0.245858
ZNF705G	NA	1	925	0.0537995
ZNF706	NA	1935	3115	30.9131
ZNF707	NA	501	3320	7.50964
ZNF708	NA	131	4215	1.54665
ZNF709	NA	65	4899	0.660276
ZNF71	NA	359	3127	5.71329
ZNF710	NA	408	4518	4.494
ZNF711	NA	0	4167	0
ZNF713	NA	46	4537	0.504555
ZNF714	NA	196	8813	1.10676
ZNF716	NA	0	5210	0
ZNF717	NA	136	3988	1.69708
ZNF718	NA	111	5418	1.01954
ZNF720	NA	215	2774	3.85702
ZNF721	NA	545	4692	5.7804
ZNF724P	NA	2	568	0.175227
ZNF726	NA	8	1964	0.202707
ZNF727	NA	1	1679	0.0296394
ZNF728	NA	2	2632	0.037815
ZNF729	NA	3	3835	0.0389292
ZNF730	NA	19	2367	0.399462
ZNF732	NA	47	2179	1.0734
ZNF733P	NA	0	1766	0
ZNF735	NA	1	1239	0.040165
ZNF736	NA	2	9429	0.0105556
ZNF737	NA	15	8391	0.0889605
ZNF738	NA	181	11721	0.768482
ZNF74	NA	407	4040	5.0134
ZNF740	NA	839	4256	9.81025
ZNF746	NA	688	3800	9.00999
ZNF747	NA	1	3559	0.0139827
ZNF749	NA	85	2929	1.44417
ZNF750	NA	2	3191	0.0311905
ZNF75A	NA	514	2675	9.56222
ZNF75D	NA	340	6775	2.49741
ZNF76	NA	368	2676	6.84355
ZNF761	NA	326	4689	3.45985
ZNF763	NA	29	2623	0.550198
ZNF764	NA	262	2796	4.6632
ZNF765	NA	132	4577	1.4352
ZNF766	NA	224	2975	3.74697
ZNF767P	NA	490	3791	6.43223
ZNF768	NA	1993	2315	42.8426
ZNF77	NA	177	2040	4.3178
ZNF770	NA	2362	5448	21.5756
ZNF771	NA	398	1455	13.6126
ZNF772	NA	65	5419	0.596917
ZNF773	NA	175	2906	2.99683
ZNF774	NA	39	1838	1.05594
ZNF775	NA	923	2275	20.1902
ZNF776	NA	302	5292	2.83992
ZNF777	NA	849	3072	13.7533
ZNF778	NA	192	3608	2.64822
ZNF780A	NA	359	7507	2.37984
ZNF780B	NA	297	8664	1.70592
ZNF781	NA	9	3142	0.142546
ZNF782	NA	74	3313	1.11155
ZNF783	NA	762	4455	8.51191
ZNF784	NA	217	1996	5.41027
ZNF785	NA	5	3265	0.076209
ZNF786	NA	281	3268	4.27902
ZNF787	NA	1274	2024	31.3241
ZNF788	NA	2	3769	0.0264073
ZNF789	NA	210	1766	5.91764
ZNF79	NA	198	2302	4.28035
ZNF790	NA	12	2853	0.209314
ZNF790-AS1	NA	1	1054	0.0472149
ZNF791	NA	140	2495	2.7924
ZNF792	NA	64	3888	0.819169
ZNF793	NA	2	7121	0.0139768
ZNF793-AS1	NA	0	876	0
ZNF799	NA	127	2588	2.44208
ZNF8	NA	158	2210	3.55782
ZNF80	NA	0	2946	0
ZNF800	NA	200	4489	2.21718
ZNF804A	NA	0	4685	0
ZNF804B	NA	0	4684	0
ZNF805	NA	293	10126	1.43996
ZNF806	NA	0	1867	0
ZNF808	NA	30	3311	0.450901
ZNF81	NA	54	7859	0.341937
ZNF812	NA	4	2011	0.0989846
ZNF813	NA	19	4188	0.22577
ZNF814	NA	307	6283	2.43159
ZNF815P	NA	30	2821	0.529222
ZNF816	NA	69	2757	1.24547
ZNF816-ZNF321P	NA	13	2680	0.241395
ZNF818P	NA	1	3155	0.0157732
ZNF821	NA	148	2268	3.24742
ZNF823	NA	284	2459	5.74751
ZNF826P	NA	0	636	0
ZNF827	NA	76	7797	0.485071
ZNF829	NA	0	5247	0
ZNF83	NA	1132	3413	16.5055
ZNF830	NA	508	1657	15.2567
ZNF831	NA	0	9403	0
ZNF833P	NA	28	2000	0.696703
ZNF835	NA	0	2774	0
ZNF836	NA	43	3333	0.642026
ZNF837	NA	172	2033	4.21028
ZNF839	NA	496	4305	5.73361
ZNF84	NA	803	14872	2.68699
ZNF841	NA	1	3876	0.0128391
ZNF843	NA	13	2013	0.32138
ZNF844	NA	7	2834	0.122919
ZNF845	NA	136	4311	1.56993
ZNF846	NA	101	2133	2.35641
ZNF847P	NA	0	258	0
ZNF85	NA	78	3611	1.07495
ZNF850	NA	76	7721	0.489846
ZNF852	NA	191	1970	4.82488
ZNF853	NA	346	3578	4.81233
ZNF860	NA	68	3206	1.05552
ZNF862	NA	259	6897	1.86878
ZNF865	NA	912	4949	9.17058
ZNF876P	NA	69	2607	1.31713
ZNF878	NA	35	1762	0.988512
ZNF879	NA	44	2604	0.840875
ZNF880	NA	1	2262	0.0220002
ZNF883	NA	8	2379	0.167346
ZNF890P	NA	7	1614	0.215831
ZNF891	NA	98	2303	2.11764
ZNF90	NA	0	3753	0
ZNF91	NA	297	5489	2.69267
ZNF92	NA	177	3342	2.63564
ZNF93	NA	6	2794	0.106867
ZNF98	NA	4	2260	0.0880788
ZNF99	NA	3	7881	0.0189435
ZNFX1	NA	782	7369	5.28102
ZNHIT1	NA	1518	1189	63.5345
ZNHIT2	NA	389	1336	14.4898
ZNHIT3	NA	686	2663	12.8195
ZNHIT6	NA	637	6197	5.11538
ZNRD1	NA	428	6865	3.10258
ZNRD1-AS1	NA	49	17895	0.136265
ZNRF1	NA	836	4633	8.97974
ZNRF2	NA	69	3460	0.992413
ZNRF2P1	NA	17	2034	0.415927
ZNRF2P2	NA	0	1050	0
ZNRF3	NA	410	6770	3.0138
ZNRF3-AS1	NA	9	2170	0.206397
ZNRF4	NA	0	1442	0
ZP1	NA	2	1972	0.0504711
ZP2	NA	2	2749	0.0362055
ZP3	NA	65	1574	2.05508
ZP4	NA	6	2474	0.12069
ZPBP	NA	0	1226	0
ZPBP2	NA	0	2257	0
ZPLD1	NA	0	3619	0
ZPR1	NA	1001	1778	28.017
ZRANB1	NA	1055	4942	10.6235
ZRANB2	NA	1938	3145	30.6657
ZRANB2-AS1	NA	146	1676	4.33509
ZRANB2-AS2	NA	4	783	0.254225
ZRANB3	NA	257	7058	1.81205
ZRSR2	NA	216	1511	7.11392
ZSCAN1	NA	0	2054	0
ZSCAN10	NA	34	2739	0.617741
ZSCAN12	NA	151	5989	1.25471
ZSCAN12P1	NA	40	4055	0.490895
ZSCAN16	NA	4	1275	0.156124
ZSCAN16-AS1	NA	120	2186	2.73181
ZSCAN18	NA	1451	4707	15.3406
ZSCAN2	NA	180	4406	2.03305
ZSCAN20	NA	116	4218	1.36858
ZSCAN21	NA	399	1989	9.98292
ZSCAN22	NA	150	4643	1.60773
ZSCAN23	NA	9	3161	0.141689
ZSCAN25	NA	466	4349	5.33232
ZSCAN26	NA	387	2931	6.57075
ZSCAN29	NA	505	5607	4.48209
ZSCAN30	NA	523	4346	5.98869
ZSCAN31	NA	50	3399	0.732046
ZSCAN32	NA	356	3266	5.42442
ZSCAN4	NA	254	2246	5.62786
ZSCAN5A	NA	166	1922	4.29808
ZSCAN5B	NA	24	1626	0.734531
ZSCAN9	NA	132	1835	3.57979
ZSWIM1	NA	186	2787	3.3212
ZSWIM2	NA	1	2446	0.0203453
ZSWIM3	NA	121	2972	2.02608
ZSWIM4	NA	476	4339	5.4593
ZSWIM5	NA	161	5836	1.37287
ZSWIM6	NA	181	5503	1.63681
ZSWIM7	NA	359	2007	8.90157
ZSWIM8	NA	1130	6063	9.27493
ZSWIM8-AS1	NA	317	1460	10.805
ZUFSP	NA	314	2211	7.06741
ZW10	NA	690	2948	11.6477
ZWILCH	NA	698	3287	10.5676
ZWINT	NA	1947	1851	52.3455
ZXDA	NA	90	5204	0.860647
ZXDB	NA	272	5642	2.39914
ZXDC	NA	692	5954	5.78385
ZYG11A	NA	159	4271	1.85262
ZYG11B	NA	562	8142	3.43498
ZYX	NA	8846	2308	190.735
ZZEF1	NA	1044	11395	4.55938
ZZZ3	NA	786	6578	5.94632
