A1BG	NA	374	1766	8.5792
A1BG-AS1	NA	296	2130	5.62961
A1CF	NA	494	9529	2.10013
A2M	NA	4	4653	0.0348251
A2M-AS1	NA	0	2187	0
A2ML1	NA	1	5363	0.00755367
A2MP1	NA	0	1201	0
A3GALT2	NA	0	1023	0
A4GALT	NA	113	2092	2.18818
A4GNT	NA	1	1771	0.0228743
AA06	NA	0	632	0
AAAS	NA	2046	1837	45.1193
AACS	NA	768	3321	9.36824
AACSP1	NA	0	2173	0
AADAC	NA	0	1606	0
AADACL2	NA	0	1500	0
AADACL2-AS1	NA	0	772	0
AADACL3	NA	0	4049	0
AADACL4	NA	0	1575	0
AADACP1	NA	1	1289	0.0314277
AADAT	NA	131	2579	2.05772
AAED1	NA	297	1225	9.82169
AAGAB	NA	4121	3406	49.0144
AAK1	NA	845	21265	1.60975
AAMDC	NA	299	504	24.0329
AAMP	NA	4760	1835	105.084
AANAT	NA	3	2149	0.0565524
AAR2	NA	1652	2765	24.2036
AARD	NA	0	1786	0
AARS	NA	3680	3344	44.5808
AARS2	NA	1606	4782	13.6051
AARSD1	NA	997	1364	29.6106
AASDH	NA	289	3906	2.99731
AASDHPPT	NA	1663	2861	23.5473
AASS	NA	30	5871	0.207002
AATBC	NA	7	4598	0.061673
AATF	NA	2880	2141	54.4931
AATK	NA	143	5358	1.08118
AATK-AS1	NA	0	1577	0
ABALON	NA	1432	1903	30.4839
ABAT	NA	219	5930	1.49608
ABCA1	NA	1286	10502	4.96061
ABCA10	NA	31	6331	0.198361
ABCA11P	NA	381	1895	8.14482
ABCA12	NA	6	9370	0.0259405
ABCA13	NA	2	17184	0.00471489
ABCA17P	NA	9	4188	0.0870566
ABCA2	NA	1024	8360	4.96203
ABCA3	NA	1092	6623	6.67934
ABCA4	NA	3	7325	0.0165913
ABCA5	NA	990	9380	4.27561
ABCA6	NA	14	5296	0.107089
ABCA7	NA	408	6818	2.4242
ABCA8	NA	1	6004	0.00674722
ABCA9	NA	22	6301	0.141442
ABCA9-AS1	NA	0	523	0
ABCB1	NA	0	4716	0
ABCB10	NA	453	3857	4.75789
ABCB11	NA	0	4775	0
ABCB4	NA	1	3988	0.0101581
ABCB5	NA	1	7728	0.00524202
ABCB6	NA	325	3018	4.36245
ABCB7	NA	630	2528	10.0955
ABCB8	NA	1074	4735	9.18862
ABCB9	NA	556	3909	5.76202
ABCC1	NA	2411	6563	14.882
ABCC10	NA	325	5464	2.40956
ABCC11	NA	6	4908	0.0495236
ABCC12	NA	1	5168	0.00783869
ABCC13	NA	0	2924	0
ABCC2	NA	10	5446	0.0743855
ABCC3	NA	1	5271	0.00768551
ABCC4	NA	957	6265	6.18809
ABCC5	NA	1445	7060	8.29142
ABCC5-AS1	NA	0	469	0
ABCC6	NA	234	5579	1.69913
ABCC6P1	NA	57	2724	0.847683
ABCC6P2	NA	106	706	6.08229
ABCC8	NA	19	4924	0.156315
ABCC9	NA	0	8462	0
ABCD1	NA	284	3664	3.13999
ABCD2	NA	1	5341	0.00758478
ABCD3	NA	474	3797	5.05712
ABCD4	NA	712	3157	9.13632
ABCE1	NA	4363	4194	42.1427
ABCF1	NA	3351	23274	5.83269
ABCF2	NA	5109	4967	41.6685
ABCF3	NA	852	2572	13.4194
ABCG1	NA	73	3605	0.82032
ABCG2	NA	3996	4760	34.0083
ABCG4	NA	46	3935	0.473564
ABCG5	NA	1	2740	0.0147848
ABCG8	NA	1	2665	0.0152009
ABHD1	NA	109	1446	3.05368
ABHD10	NA	479	2806	6.91534
ABHD11	NA	935	1652	22.9281
ABHD11-AS1	NA	3	473	0.256937
ABHD12	NA	1583	2411	26.598
ABHD12B	NA	0	1708	0
ABHD13	NA	407	5302	3.10971
ABHD14A	NA	147	1108	5.37457
ABHD14A-ACY1	NA	430	1879	9.27059
ABHD14B	NA	487	2437	8.09542
ABHD15	NA	310	3355	3.74313
ABHD16A	NA	2313	17304	5.41496
ABHD16B	NA	339	1776	7.73255
ABHD17A	NA	1217	1716	28.7302
ABHD17B	NA	586	3260	7.28192
ABHD17C	NA	20	2360	0.343308
ABHD2	NA	2535	9133	11.2442
ABHD3	NA	473	2504	7.65231
ABHD4	NA	1515	2509	24.4612
ABHD5	NA	252	5353	1.90708
ABHD6	NA	266	2393	4.50303
ABHD8	NA	1224	2090	23.7247
ABI1	NA	1120	3776	12.0158
ABI2	NA	1822	6927	10.6554
ABI3	NA	2	2109	0.0384166
ABI3BP	NA	2	4473	0.0181133
ABL1	NA	2174	6152	14.3156
ABL2	NA	1319	12649	4.2243
ABLIM1	NA	84	8303	0.409836
ABLIM2	NA	29	5080	0.23126
ABLIM3	NA	0	4778	0
ABO	NA	0	1579	0
ABR	NA	2988	6656	18.1858
ABRA	NA	1	2754	0.0147096
ABRACL	NA	944	845	45.2565
ABT1	NA	2294	2263	41.0653
ABTB1	NA	64	2022	1.28223
ABTB2	NA	228	4903	1.88382
ACAA1	NA	952	1987	19.4091
ACAA2	NA	2596	1934	54.3769
ACACA	NA	4104	11380	14.6094
ACACB	NA	136	9249	0.595676
ACAD10	NA	281	4107	2.77171
ACAD11	NA	1707	3556	19.4463
ACAD8	NA	503	2201	9.25793
ACAD9	NA	1043	2751	15.3589
ACADL	NA	0	2490	0
ACADM	NA	956	2733	14.1705
ACADS	NA	97	2087	1.88285
ACADSB	NA	317	5941	2.16155
ACADVL	NA	4159	2519	66.8847
ACAN	NA	17	8840	0.0779045
ACAP1	NA	30	2508	0.484573
ACAP2	NA	1533	7170	8.66141
ACAP3	NA	971	3759	10.4644
ACAT1	NA	1900	2134	36.0682
ACAT2	NA	3104	1909	65.8691
ACBD3	NA	1242	3565	14.1133
ACBD4	NA	52	2756	0.764346
ACBD5	NA	790	4255	7.52131
ACBD6	NA	1907	1616	47.8052
ACBD7	NA	359	3370	4.31549
ACCS	NA	0	2256	0
ACCSL	NA	0	1820	0
ACD	NA	937	2066	18.3728
ACE	NA	58	5219	0.450201
ACE2	NA	1	3507	0.0115513
ACER1	NA	2	1088	0.0744675
ACER2	NA	112	2852	1.59087
ACER3	NA	388	7502	2.09518
ACHE	NA	595	3086	7.81064
ACIN1	NA	5339	5143	42.0542
ACKR1	NA	0	2210	0
ACKR2	NA	3	2960	0.0410578
ACKR3	NA	1	2100	0.0192906
ACKR4	NA	8	2592	0.125032
ACLY	NA	6720	4369	62.3093
ACMSD	NA	8	1357	0.238823
ACO1	NA	1120	3620	12.5336
ACO2	NA	3491	2741	51.5949
ACOT1	NA	511	1603	12.9138
ACOT11	NA	95	3391	1.13491
ACOT12	NA	1	1989	0.0203672
ACOT13	NA	1459	4393	13.4543
ACOT2	NA	1066	2289	18.8659
ACOT4	NA	0	1632	0
ACOT6	NA	0	1004	0
ACOT7	NA	3112	2389	52.7703
ACOT8	NA	448	1171	15.4984
ACOT9	NA	1261	1727	29.5793
ACOX1	NA	1233	7919	6.30752
ACOX2	NA	308	2309	5.40372
ACOX3	NA	445	2874	6.27248
ACOXL	NA	1	2373	0.0170714
ACP1	NA	3226	1882	69.4401
ACP2	NA	709	2316	12.4015
ACP5	NA	4	1810	0.0895256
ACP6	NA	451	1808	10.1052
ACPP	NA	1	3818	0.0106104
ACPT	NA	1	1347	0.0300745
ACR	NA	26	1370	0.768809
ACRBP	NA	5	1886	0.107397
ACRC	NA	74	3178	0.943287
ACRV1	NA	3	1175	0.103431
ACSBG1	NA	23	2980	0.312664
ACSBG2	NA	6	2789	0.0871502
ACSF2	NA	358	2424	5.98296
ACSF3	NA	785	4296	7.40238
ACSL1	NA	398	4743	3.39935
ACSL3	NA	1335	4361	12.4011
ACSL4	NA	84	5335	0.637838
ACSL5	NA	69	3744	0.746585
ACSL6	NA	0	6915	0
ACSM1	NA	2	2051	0.039503
ACSM2A	NA	0	3336	0
ACSM2B	NA	0	2441	0
ACSM3	NA	66	2291	1.16704
ACSM4	NA	0	1743	0
ACSM5	NA	0	2419	0
ACSM6	NA	0	1713	0
ACSS1	NA	3	4020	0.0302316
ACSS2	NA	907	3193	11.5073
ACSS3	NA	0	3033	0
ACTA1	NA	9	1492	0.244365
ACTA2	NA	3162	1851	69.2024
ACTA2-AS1	NA	1330	2043	26.3724
ACTB	NA	114008	1812	2548.84
ACTBL2	NA	1	2794	0.014499
ACTC1	NA	34	3693	0.372963
ACTG1	NA	107159	2105	2062.26
ACTG1P17	NA	21	1652	0.514962
ACTG1P20	NA	359	2652	5.48387
ACTG1P4	NA	19	1983	0.388147
ACTG2	NA	14	1331	0.426104
ACTL10	NA	8	2028	0.159804
ACTL6A	NA	1012	1946	21.067
ACTL6B	NA	8	1531	0.21168
ACTL7A	NA	0	1528	0
ACTL7B	NA	0	1407	0
ACTL8	NA	30	1861	0.653041
ACTL9	NA	0	1434	0
ACTN1	NA	9030	3791	96.4939
ACTN1-AS1	NA	0	599	0
ACTN2	NA	69	5110	0.547008
ACTN3	NA	536	3331	6.51863
ACTN4	NA	6065	3954	62.1384
ACTR10	NA	746	2441	12.3805
ACTR1A	NA	4029	2873	56.8104
ACTR1B	NA	1318	2258	23.646
ACTR2	NA	7106	3937	73.1182
ACTR3	NA	5121	5881	35.2752
ACTR3B	NA	879	2217	16.0616
ACTR3BP2	NA	4	1338	0.121107
ACTR3BP5	NA	3	1645	0.073879
ACTR3C	NA	368	1420	10.4985
ACTR5	NA	338	2479	5.52339
ACTR6	NA	435	2619	6.72852
ACTR8	NA	850	3628	9.49112
ACTRT1	NA	0	1442	0
ACTRT2	NA	0	1422	0
ACTRT3	NA	104	2003	2.10338
ACVR1	NA	297	3112	3.86619
ACVR1B	NA	543	4807	4.57606
ACVR1C	NA	1	9077	0.00446297
ACVR2A	NA	80	5443	0.595412
ACVR2B	NA	776	11373	2.76409
ACVR2B-AS1	NA	25	2517	0.402367
ACVRL1	NA	32	4404	0.294353
ACY1	NA	402	1678	9.7051
ACY3	NA	0	1300	0
ACYP1	NA	233	976	9.67101
ACYP2	NA	153	1222	5.07208
ADA	NA	525	1532	13.8825
ADAD1	NA	0	2255	0
ADAD2	NA	1	2304	0.0175826
ADAL	NA	2	4942	0.0163943
ADAM10	NA	1197	5034	9.63267
ADAM11	NA	701	4402	6.4511
ADAM12	NA	2	8937	0.00906576
ADAM15	NA	904	3424	10.6955
ADAM17	NA	753	3553	8.5855
ADAM18	NA	0	3268	0
ADAM19	NA	12	6529	0.0744561
ADAM1A	NA	80	2840	1.14114
ADAM2	NA	0	2671	0
ADAM20	NA	0	2792	0
ADAM20P1	NA	4	3036	0.0533733
ADAM21	NA	3	2664	0.0456197
ADAM21P1	NA	4	2049	0.0790831
ADAM22	NA	203	9510	0.864732
ADAM23	NA	293	6225	1.90675
ADAM28	NA	3	7648	0.0158906
ADAM29	NA	0	3440	0
ADAM30	NA	0	2992	0
ADAM32	NA	3	2727	0.0445658
ADAM33	NA	2	3559	0.022765
ADAM3A	NA	0	2768	0
ADAM5	NA	0	1705	0
ADAM6	NA	0	1843	0
ADAM7	NA	1	3396	0.0119288
ADAM8	NA	115	3301	1.4113
ADAM9	NA	1986	4098	19.6324
ADAMDEC1	NA	0	2438	0
ADAMTS1	NA	2467	4651	21.4876
ADAMTS10	NA	192	4364	1.78231
ADAMTS12	NA	1	4954	0.0081773
ADAMTS13	NA	184	5257	1.4179
ADAMTS14	NA	7	5267	0.0538394
ADAMTS15	NA	1	5676	0.00713713
ADAMTS16	NA	0	4974	0
ADAMTS17	NA	7	6331	0.0447911
ADAMTS18	NA	1	5913	0.00685106
ADAMTS19	NA	0	5089	0
ADAMTS19-AS1	NA	0	786	0
ADAMTS2	NA	7	7070	0.0401092
ADAMTS20	NA	1	5733	0.00706617
ADAMTS3	NA	349	5822	2.42839
ADAMTS4	NA	13	4332	0.121568
ADAMTS5	NA	0	9663	0
ADAMTS6	NA	57	7268	0.317706
ADAMTS7	NA	833	5490	6.14665
ADAMTS7P1	NA	86	9966	0.349577
ADAMTS8	NA	6	3663	0.066356
ADAMTS9	NA	0	7312	0
ADAMTS9-AS1	NA	0	3930	0
ADAMTS9-AS2	NA	0	2228	0
ADAMTSL1	NA	1	7996	0.00506633
ADAMTSL2	NA	1	4133	0.00980168
ADAMTSL3	NA	26	7352	0.143263
ADAMTSL4	NA	1689	4422	15.4731
ADAMTSL4-AS1	NA	10	1036	0.391026
ADAMTSL5	NA	240	2857	3.40304
ADAP1	NA	156	2789	2.26591
ADAP2	NA	76	2749	1.11997
ADAR	NA	6669	7092	38.0941
ADARB1	NA	2630	7145	14.9114
ADARB2	NA	0	8426	0
ADARB2-AS1	NA	0	644	0
ADAT1	NA	168	3603	1.88891
ADAT2	NA	604	7493	3.26548
ADAT3	NA	483	1626	12.0335
ADCK1	NA	334	2234	6.0566
ADCK2	NA	489	2364	8.37968
ADCK3	NA	1419	2924	19.6594
ADCK4	NA	517	2497	8.3876
ADCK5	NA	141	1988	2.87322
ADCY1	NA	60	12931	0.187968
ADCY10	NA	5	5469	0.0370363
ADCY10P1	NA	36	4569	0.319188
ADCY2	NA	0	6553	0
ADCY3	NA	1614	4396	14.8734
ADCY4	NA	0	3720	0
ADCY5	NA	21	6257	0.135962
ADCY6	NA	984	6102	6.53264
ADCY7	NA	128	6264	0.827797
ADCY8	NA	3	4101	0.0296345
ADCY9	NA	379	7727	1.98698
ADCYAP1	NA	0	3377	0
ADCYAP1R1	NA	3	6575	0.0184838
ADD1	NA	3614	5017	29.1817
ADD2	NA	142	5943	0.96794
ADD3	NA	708	4628	6.19735
ADD3-AS1	NA	11	1280	0.348136
ADGB	NA	0	5289	0
ADGRA1	NA	1	4277	0.00947167
ADGRA1-AS1	NA	0	470	0
ADGRA2	NA	2057	6034	13.81
ADGRA3	NA	1399	4567	12.4095
ADGRB1	NA	263	5528	1.92732
ADGRB2	NA	1683	5440	12.5329
ADGRB3	NA	0	5637	0
ADGRD1	NA	10	5384	0.0752421
ADGRE1	NA	3	3244	0.0374633
ADGRE2	NA	89	6467	0.55751
ADGRE3	NA	2	2423	0.0334382
ADGRE4P	NA	3	2732	0.0444843
ADGRE5	NA	1012	3492	11.7401
ADGRF1	NA	0	6080	0
ADGRF2	NA	0	5126	0
ADGRF3	NA	32	5399	0.240106
ADGRF4	NA	0	3162	0
ADGRF5	NA	0	6022	0
ADGRG1	NA	155	5018	1.25132
ADGRG2	NA	4	4853	0.0333899
ADGRG3	NA	0	2670	0
ADGRG4	NA	0	9931	0
ADGRG5	NA	3	4028	0.0301716
ADGRG6	NA	1217	6961	7.08247
ADGRG7	NA	2	3281	0.0246939
ADGRL1	NA	4442	7857	22.9028
ADGRL2	NA	3	6208	0.0195765
ADGRL3	NA	0	6125	0
ADGRL3-AS1	NA	0	467	0
ADGRL4	NA	2	3619	0.0223876
ADGRV1	NA	3	19333	0.0062862
ADH1A	NA	1	1500	0.0270069
ADH1B	NA	1	2814	0.014396
ADH1C	NA	0	1758	0
ADH4	NA	0	2152	0
ADH5	NA	4952	2651	75.6723
ADH6	NA	2	3006	0.026953
ADH7	NA	0	2397	0
ADHFE1	NA	93	1895	1.98811
ADI1	NA	3581	4616	31.4271
ADIG	NA	0	772	0
ADIPOQ	NA	2	4629	0.0175028
ADIPOQ-AS1	NA	2	3442	0.0235388
ADIPOR1	NA	2487	2423	41.5804
ADIPOR2	NA	2183	3965	22.3037
ADIRF	NA	43	672	2.59218
ADK	NA	825	2439	13.7028
ADM	NA	3085	1590	78.6002
ADM2	NA	8	4273	0.0758443
ADM5	NA	110	2112	2.10991
ADNP	NA	2441	6517	15.1735
ADNP-AS1	NA	24	1031	0.943015
ADNP2	NA	1536	5387	11.5507
ADO	NA	1297	3724	14.109
ADORA1	NA	70	2919	0.971471
ADORA2A	NA	25	2957	0.342495
ADORA2A-AS1	NA	3	3761	0.0323135
ADORA2B	NA	291	1885	6.25385
ADORA3	NA	0	2309	0
ADPGK	NA	1533	2775	22.3792
ADPGK-AS1	NA	30	2730	0.445169
ADPRH	NA	0	3682	0
ADPRHL1	NA	26	2178	0.483594
ADPRHL2	NA	890	1691	21.3212
ADPRM	NA	159	1518	4.24318
ADRA1A	NA	0	3560	0
ADRA1B	NA	478	2254	8.59092
ADRA1D	NA	2	2666	0.0303903
ADRA2A	NA	1	3873	0.0104597
ADRA2B	NA	6	3362	0.0722969
ADRA2C	NA	376	1958	7.77931
ADRB1	NA	26	2862	0.368018
ADRB2	NA	0	2042	0
ADRB3	NA	0	2646	0
ADRBK1	NA	1139	3444	13.3976
ADRBK2	NA	527	9055	2.3577
ADRM1	NA	4870	1480	133.301
ADSL	NA	2788	1563	72.2603
ADSS	NA	1258	2782	18.3185
ADSSL1	NA	60	2078	1.16969
ADTRP	NA	998	1858	21.7596
AEBP1	NA	14	4086	0.138802
AEBP2	NA	969	5807	6.75986
AEN	NA	4688	3116	60.9475
AES	NA	7942	1943	165.586
AFAP1	NA	232	7770	1.20958
AFAP1-AS1	NA	22	6794	0.131179
AFAP1L1	NA	8	4212	0.0769427
AFAP1L2	NA	1	4157	0.00974509
AFF1	NA	179	9709	0.746869
AFF2	NA	3	13887	0.00875142
AFF3	NA	10	8212	0.0493307
AFF4	NA	3001	9580	12.6901
AFG3L1P	NA	512	3903	5.31419
AFG3L2	NA	5679	3209	71.6916
AFM	NA	0	1997	0
AFMID	NA	350	2160	6.56417
AFP	NA	0	2039	0
AFTPH	NA	435	4123	4.27407
AGA	NA	218	2102	4.20136
AGAP1	NA	824	11367	2.93662
AGAP1-IT1	NA	15	664	0.915143
AGAP11	NA	158	3155	2.02873
AGAP2	NA	463	6088	3.08086
AGAP2-AS1	NA	114	1531	3.01645
AGAP3	NA	1698	5606	12.2702
AGAP4	NA	503	2898	7.0313
AGAP5	NA	349	2426	5.82774
AGAP6	NA	520	2772	7.59934
AGAP7P	NA	442	2407	7.43896
AGAP9	NA	316	2387	5.36291
AGBL1	NA	0	3493	0
AGBL1-AS1	NA	0	904	0
AGBL2	NA	10	3593	0.112748
AGBL3	NA	14	3533	0.160528
AGBL4	NA	0	2988	0
AGBL4-IT1	NA	0	514	0
AGBL5	NA	2971	3415	35.2434
AGBL5-AS1	NA	2	407	0.199068
AGER	NA	156	12824	0.492796
AGFG1	NA	1961	8738	9.09141
AGFG2	NA	1461	4811	12.3021
AGGF1	NA	552	4508	4.96045
AGK	NA	899	2925	12.4509
AGL	NA	557	8217	2.74605
AGMAT	NA	23	3154	0.295415
AGMO	NA	0	2475	0
AGO1	NA	791	7478	4.28506
AGO2	NA	590	3500	6.82889
AGO3	NA	312	3645	3.46755
AGO4	NA	340	7060	1.95092
AGPAT1	NA	3588	16442	8.84023
AGPAT2	NA	1358	1548	35.5381
AGPAT3	NA	631	6609	3.86776
AGPAT4	NA	309	7879	1.58874
AGPAT4-IT1	NA	2	1851	0.0437713
AGPAT5	NA	3103	5519	22.7765
AGPAT6	NA	1710	6310	10.9782
AGPAT9	NA	67	2922	0.928882
AGPS	NA	2521	7665	13.3238
AGR2	NA	0	983	0
AGR3	NA	0	750	0
AGRN	NA	5040	7394	27.6132
AGRP	NA	0	764	0
AGT	NA	0	2581	0
AGTPBP1	NA	2532	4539	22.598
AGTR1	NA	0	2571	0
AGTR2	NA	0	2899	0
AGTRAP	NA	1003	1280	31.7436
AGXT	NA	3	1598	0.0760519
AGXT2	NA	0	2406	0
AHCTF1	NA	3460	8631	16.2398
AHCTF1P1	NA	1727	8836	7.91776
AHCY	NA	11527	2538	183.988
AHCYL1	NA	2787	4968	22.7259
AHCYL2	NA	2069	5778	14.506
AHDC1	NA	1842	6358	11.7364
AHI1	NA	757	5898	5.19944
AHNAK	NA	23720	19265	49.8783
AHNAK2	NA	4848	18317	10.722
AHR	NA	2	6247	0.0129695
AHRR	NA	58	5660	0.415124
AHSA1	NA	3500	1400	101.276
AHSA2	NA	800	3031	10.6923
AHSG	NA	1	1573	0.0257536
AHSP	NA	1	506	0.08006
AICDA	NA	0	2794	0
AIDA	NA	2623	3006	35.3488
AIF1	NA	227	9312	0.987526
AIF1L	NA	497	3537	5.69229
AIFM1	NA	2399	3253	29.8753
AIFM2	NA	62	3250	0.772813
AIFM3	NA	64	2528	1.02558
AIG1	NA	307	4731	2.62876
AIM1	NA	3	7542	0.0161139
AIM1L	NA	87	5245	0.671954
AIM2	NA	0	1484	0
AIMP1	NA	1631	3260	20.2676
AIMP2	NA	1958	1219	65.0691
AIP	NA	694	1433	19.6191
AIPL1	NA	0	3594	0
AIRE	NA	7	2299	0.123346
AIRN	NA	0	4374	0
AJAP1	NA	1	3317	0.0122129
AJUBA	NA	353	5198	2.75109
AK1	NA	1155	2266	20.6485
AK2	NA	5856	5771	41.107
AK3	NA	2388	4621	20.9346
AK4	NA	1871	7226	10.4892
AK5	NA	0	4335	0
AK6	NA	1694	1303	52.6665
AK7	NA	19	3300	0.233241
AK8	NA	52	2106	1.00026
AK9	NA	21	7552	0.112648
AKAP1	NA	675	4664	5.86288
AKAP10	NA	634	3941	6.51701
AKAP11	NA	849	9920	3.46706
AKAP12	NA	3747	8789	17.2707
AKAP13	NA	1014	13606	3.01907
AKAP14	NA	4	912	0.177677
AKAP17A	NA	2034	6556	12.5683
AKAP2	NA	2	7098	0.0114146
AKAP3	NA	27	3340	0.327479
AKAP4	NA	0	3005	0
AKAP5	NA	26	6487	0.162366
AKAP6	NA	10	10387	0.039001
AKAP7	NA	42	3461	0.491602
AKAP8	NA	1756	3543	20.0779
AKAP8L	NA	3546	2350	61.1275
AKAP9	NA	779	12463	2.5321
AKIP1	NA	1087	1528	28.8185
AKIRIN1	NA	3725	2726	55.3562
AKIRIN2	NA	1530	1932	32.0812
AKNA	NA	430	7383	2.3594
AKNAD1	NA	0	3248	0
AKR1A1	NA	1259	1580	32.2801
AKR1B1	NA	3501	1398	101.45
AKR1B10	NA	2	1596	0.0507648
AKR1B15	NA	0	1625	0
AKR1C1	NA	6	1379	0.17626
AKR1C2	NA	9	4155	0.087748
AKR1C3	NA	2	1980	0.0409195
AKR1C4	NA	1	1192	0.0339852
AKR1C6P	NA	0	1397	0
AKR1C8P	NA	0	2127	0
AKR1D1	NA	11	2710	0.164433
AKR1E2	NA	55	1709	1.30373
AKR7A2	NA	1468	2619	22.7068
AKR7A2P1	NA	25	1324	0.764923
AKR7A3	NA	120	1241	3.9172
AKR7L	NA	186	2314	3.25623
AKT1	NA	3777	3248	47.1082
AKT1S1	NA	5114	3010	68.8272
AKT2	NA	3381	5300	25.8425
AKT3	NA	925	7341	5.10449
AKTIP	NA	408	2511	6.58232
ALAD	NA	366	3183	4.65812
ALAS1	NA	1557	2452	25.7237
ALAS2	NA	0	2134	0
ALB	NA	10	2247	0.180286
ALCAM	NA	4	6373	0.0254262
ALDH16A1	NA	949	3106	12.3774
ALDH18A1	NA	3569	3463	41.7503
ALDH1A1	NA	1	2369	0.0171002
ALDH1A2	NA	0	3799	0
ALDH1A3	NA	4	3607	0.0449241
ALDH1B1	NA	2799	3070	36.9343
ALDH1L1	NA	0	3514	0
ALDH1L1-AS1	NA	0	437	0
ALDH1L1-AS2	NA	0	2323	0
ALDH1L2	NA	40	7539	0.214937
ALDH2	NA	1058	2060	20.8058
ALDH3A1	NA	0	2256	0
ALDH3A2	NA	1014	3827	10.7336
ALDH3B1	NA	15	2982	0.203774
ALDH3B2	NA	1	2689	0.0150652
ALDH4A1	NA	764	3581	8.64281
ALDH5A1	NA	441	5170	3.45552
ALDH6A1	NA	480	4847	4.01175
ALDH7A1	NA	7889	4936	64.746
ALDH8A1	NA	2	2558	0.0316734
ALDH9A1	NA	2005	2500	32.4893
ALDOA	NA	19704	3223	247.662
ALDOB	NA	0	2426	0
ALDOC	NA	1249	1651	30.6465
ALG1	NA	1288	3934	13.2632
ALG10	NA	112	3127	1.45096
ALG10B	NA	228	10074	0.916851
ALG11	NA	388	2565	6.12788
ALG12	NA	837	2373	14.2887
ALG13	NA	509	7005	2.94358
ALG14	NA	177	1094	6.55423
ALG1L	NA	56	921	2.46317
ALG1L2	NA	122	969	5.10037
ALG1L9P	NA	30	3870	0.314034
ALG2	NA	1195	2989	16.196
ALG3	NA	2126	1833	46.9858
ALG5	NA	975	1213	32.5619
ALG6	NA	294	3371	3.53309
ALG8	NA	1988	1743	46.2046
ALG9	NA	1877	6665	11.4085
ALK	NA	5	6265	0.0323307
ALKBH1	NA	811	2585	12.7094
ALKBH2	NA	1156	1197	39.1228
ALKBH3	NA	404	1569	10.431
ALKBH3-AS1	NA	2	1927	0.042045
ALKBH4	NA	713	2121	13.618
ALKBH5	NA	3675	3433	43.366
ALKBH6	NA	632	1060	24.1533
ALKBH7	NA	688	1331	20.94
ALKBH8	NA	495	4067	4.93057
ALLC	NA	7	1444	0.19638
ALMS1	NA	730	12922	2.28854
ALMS1-IT1	NA	40	1761	0.920167
ALMS1P	NA	3	1592	0.0763386
ALOX12	NA	46	2358	0.790278
ALOX12-AS1	NA	28	651	1.74238
ALOX12B	NA	30	2502	0.485735
ALOX12P2	NA	1	2995	0.013526
ALOX15	NA	5	2684	0.0754663
ALOX15B	NA	7	2715	0.104447
ALOX15P1	NA	0	672	0
ALOX5	NA	1	2561	0.0158182
ALOX5AP	NA	0	1270	0
ALOXE3	NA	271	3454	3.17843
ALPI	NA	0	3274	0
ALPK1	NA	2	5412	0.0149706
ALPK2	NA	2	7300	0.0110987
ALPK3	NA	4	10917	0.014843
ALPL	NA	72	2596	1.12355
ALPP	NA	654	2971	8.91746
ALPPL2	NA	2575	2494	41.826
ALS2	NA	3077	8341	14.9443
ALS2CL	NA	59	5612	0.425893
ALS2CR11	NA	5	7407	0.027346
ALS2CR12	NA	12	2345	0.207302
ALX1	NA	0	1293	0
ALX3	NA	52	1478	1.42526
ALX4	NA	1303	5466	9.65696
ALYREF	NA	13568	1097	501.043
AMACR	NA	535	3352	6.4657
AMBN	NA	2	2002	0.0404699
AMBP	NA	0	1433	0
AMBRA1	NA	1518	5816	10.5734
AMD1	NA	4583	3618	51.3153
AMDHD1	NA	13	2136	0.246552
AMDHD2	NA	963	2283	17.0878
AMELX	NA	0	835	0
AMELY	NA	0	802	0
AMER1	NA	563	8443	2.70133
AMER2	NA	0	10605	0
AMER3	NA	0	6474	0
AMFR	NA	1388	3600	15.619
AMH	NA	248	2018	4.97848
AMHR2	NA	9	1863	0.195702
AMICA1	NA	0	2442	0
AMIGO1	NA	2	2471	0.0327886
AMIGO2	NA	4755	3951	48.7539
AMIGO3	NA	130	2972	1.77199
AMMECR1	NA	397	5907	2.72263
AMMECR1L	NA	1151	4776	9.76286
AMN	NA	4	1557	0.104073
AMN1	NA	188	2406	3.1654
AMOT	NA	1	7386	0.00548475
AMOTL1	NA	93	8999	0.418653
AMOTL2	NA	8456	5238	65.3981
AMPD1	NA	2	2406	0.0336744
AMPD2	NA	2996	4772	25.4336
AMPD3	NA	9	5659	0.0644271
AMPH	NA	0	3426	0
AMT	NA	51	2202	0.93825
AMTN	NA	0	1006	0
AMY1A	NA	14	4046	0.140174
AMY1B	NA	14	3676	0.154283
AMY1C	NA	14	3720	0.152458
AMY2A	NA	13	1679	0.31366
AMY2B	NA	95	2242	1.71654
AMZ1	NA	1	4518	0.00896643
AMZ2	NA	1864	1980	38.137
AMZ2P1	NA	323	3442	3.80152
ANAPC1	NA	3670	7736	19.2183
ANAPC10	NA	585	1953	12.1344
ANAPC11	NA	1274	1613	31.9964
ANAPC13	NA	2909	1842	63.9764
ANAPC15	NA	842	1268	26.9004
ANAPC16	NA	1667	3569	18.9215
ANAPC1P1	NA	38	1771	0.869222
ANAPC2	NA	1245	2700	18.6798
ANAPC4	NA	423	2675	6.40593
ANAPC5	NA	4222	2732	62.6042
ANAPC7	NA	2157	3644	23.9794
ANG	NA	52	1324	1.59104
ANGEL1	NA	903	4111	8.89828
ANGEL2	NA	650	5314	4.95516
ANGPT1	NA	103	4338	0.961864
ANGPT2	NA	4600	5267	35.3802
ANGPT4	NA	0	1921	0
ANGPTL1	NA	4	3546	0.0456969
ANGPTL2	NA	445	3572	5.04678
ANGPTL3	NA	6	2951	0.082366
ANGPTL4	NA	36	1905	0.76555
ANGPTL5	NA	0	2368	0
ANGPTL6	NA	128	1857	2.79231
ANGPTL7	NA	0	2290	0
ANHX	NA	0	1765	0
ANK1	NA	452	9281	1.97292
ANK2	NA	112	14521	0.312455
ANK3	NA	101	18843	0.217139
ANKAR	NA	18	4416	0.165124
ANKDD1A	NA	55	3112	0.71596
ANKDD1B	NA	2	2552	0.0317479
ANKEF1	NA	85	3922	0.877965
ANKFN1	NA	0	2426	0
ANKFY1	NA	1399	8212	6.90136
ANKH	NA	21	8207	0.103657
ANKHD1	NA	2422	8460	11.5976
ANKHD1-EIF4EBP3	NA	2522	8349	12.237
ANKIB1	NA	820	6081	5.46267
ANKK1	NA	13	2543	0.207092
ANKLE1	NA	64	3218	0.805675
ANKLE2	NA	1957	4482	17.6882
ANKMY1	NA	231	3818	2.45099
ANKMY2	NA	134	2555	2.12461
ANKRA2	NA	319	2198	5.87934
ANKRD1	NA	55	1974	1.12871
ANKRD10	NA	6260	3095	81.9369
ANKRD11	NA	4197	10207	16.6574
ANKRD12	NA	440	11623	1.53356
ANKRD13A	NA	450	3908	4.6647
ANKRD13B	NA	958	3173	12.231
ANKRD13C	NA	643	5667	4.59646
ANKRD13D	NA	477	2277	8.48636
ANKRD16	NA	325	2638	4.99085
ANKRD17	NA	2833	9516	12.0603
ANKRD18A	NA	184	3738	1.99409
ANKRD18B	NA	71	3753	0.766383
ANKRD18DP	NA	12	2895	0.167918
ANKRD19P	NA	355	2307	6.23371
ANKRD2	NA	6	1509	0.161075
ANKRD20A1	NA	80	3511	0.92305
ANKRD20A11P	NA	0	1089	0
ANKRD20A12P	NA	889	1744	20.6501
ANKRD20A19P	NA	2	5096	0.0158989
ANKRD20A2	NA	74	3511	0.853821
ANKRD20A3	NA	160	7860	0.824638
ANKRD20A4	NA	60	3517	0.691106
ANKRD20A5P	NA	6	3707	0.0655684
ANKRD20A8P	NA	40	3670	0.44153
ANKRD20A9P	NA	26	37567	0.0280371
ANKRD22	NA	0	3983	0
ANKRD23	NA	59	2582	0.925682
ANKRD24	NA	341	4026	3.4312
ANKRD26	NA	413	6779	2.46803
ANKRD26P1	NA	12	6123	0.0793931
ANKRD26P3	NA	0	3726	0
ANKRD27	NA	1571	4453	14.2919
ANKRD28	NA	1267	6620	7.75326
ANKRD29	NA	35	3361	0.421857
ANKRD30A	NA	0	4405	0
ANKRD30B	NA	0	4617	0
ANKRD30BL	NA	0	2168	0
ANKRD30BP2	NA	1	3418	0.0118521
ANKRD30BP3	NA	0	1314	0
ANKRD31	NA	98	6036	0.657722
ANKRD32	NA	405	3813	4.30283
ANKRD33	NA	6	2046	0.118799
ANKRD33B	NA	1391	9333	6.0377
ANKRD34A	NA	114	3612	1.27857
ANKRD34B	NA	9	3935	0.0926539
ANKRD34C	NA	0	5424	0
ANKRD34C-AS1	NA	0	693	0
ANKRD35	NA	2	3363	0.0240918
ANKRD36	NA	138	6268	0.8919
ANKRD36B	NA	188	5986	1.27229
ANKRD36BP1	NA	26	1850	0.569334
ANKRD36BP2	NA	2	1730	0.0468328
ANKRD37	NA	49	934	2.12527
ANKRD39	NA	309	898	13.9395
ANKRD40	NA	1231	4169	11.9617
ANKRD42	NA	561	6086	3.73419
ANKRD44	NA	2	6449	0.0125633
ANKRD44-IT1	NA	0	1069	0
ANKRD45	NA	11	2671	0.166834
ANKRD46	NA	567	4342	5.29004
ANKRD49	NA	186	1905	3.95534
ANKRD50	NA	633	8797	2.91498
ANKRD52	NA	2297	8656	10.75
ANKRD53	NA	6	2120	0.114652
ANKRD54	NA	1250	2099	24.1248
ANKRD55	NA	0	2500	0
ANKRD6	NA	607	5936	4.14248
ANKRD60	NA	1	3407	0.0118903
ANKRD61	NA	8	1423	0.227746
ANKRD62	NA	1	4733	0.00855912
ANKRD62P1-PARP4P3	NA	2	1538	0.0526792
ANKRD63	NA	235	1143	8.3289
ANKRD65	NA	115	2192	2.12531
ANKRD66	NA	0	1057	0
ANKRD7	NA	1	1357	0.0298529
ANKRD9	NA	351	1626	8.74485
ANKS1A	NA	532	6351	3.3934
ANKS1B	NA	145	7752	0.75774
ANKS3	NA	427	2953	5.85774
ANKS4B	NA	0	2906	0
ANKS6	NA	1417	7147	8.03178
ANKUB1	NA	5	2473	0.0819052
ANKZF1	NA	586	2637	9.0023
ANLN	NA	1126	4791	9.5209
ANO1	NA	7	5069	0.0559425
ANO1-AS2	NA	0	804	0
ANO10	NA	695	2854	9.86499
ANO2	NA	0	3784	0
ANO3	NA	0	5936	0
ANO4	NA	0	4229	0
ANO5	NA	84	6661	0.510864
ANO6	NA	1098	7153	6.21842
ANO7	NA	113	4448	1.02915
ANO8	NA	329	4152	3.21
ANO9	NA	244	2875	3.43809
ANOS1	NA	8	6314	0.0513276
ANP32A	NA	5328	2466	87.526
ANP32A-IT1	NA	1	3281	0.0123469
ANP32AP1	NA	502	738	27.5558
ANP32B	NA	6204	1616	155.524
ANP32C	NA	259	705	14.8825
ANP32D	NA	10	396	1.02299
ANP32E	NA	3514	3553	40.0657
ANPEP	NA	5	3650	0.0554936
ANTXR1	NA	693	7123	3.94127
ANTXR2	NA	4	8233	0.0196819
ANTXRL	NA	0	2285	0
ANTXRLP1	NA	0	1165	0
ANXA1	NA	21	1536	0.553852
ANXA10	NA	1	1447	0.0279961
ANXA11	NA	2902	3629	32.3949
ANXA13	NA	0	1593	0
ANXA2	NA	12772	1812	285.54
ANXA2P1	NA	833	1343	25.1267
ANXA2P2	NA	9739	1310	301.168
ANXA2P3	NA	95	1350	2.85073
ANXA2R	NA	12	1266	0.383984
ANXA3	NA	0	1618	0
ANXA4	NA	1252	2142	23.6783
ANXA5	NA	7086	1599	179.522
ANXA6	NA	5885	3115	76.534
ANXA7	NA	2932	2204	53.8912
ANXA8	NA	4	2176	0.0744675
ANXA8L1	NA	3	2213	0.0549169
ANXA9	NA	28	1824	0.621869
AOAH	NA	30	2557	0.475287
AOAH-IT1	NA	0	573	0
AOC1	NA	1	2493	0.0162496
AOC2	NA	69	2665	1.04886
AOC3	NA	62	4154	0.604632
AOC4P	NA	3	2073	0.0586257
AOX1	NA	2	4933	0.0164242
AOX2P	NA	0	3733	0
AP1AR	NA	406	2908	5.65584
AP1B1	NA	3584	4178	34.7508
AP1B1P1	NA	0	827	0
AP1G1	NA	2265	6848	13.3989
AP1G2	NA	1174	2954	16.0999
AP1M1	NA	3117	2391	52.8108
AP1M2	NA	859	1757	19.8056
AP1S1	NA	1940	1297	60.5937
AP1S2	NA	43	2329	0.747937
AP1S3	NA	924	4041	9.26294
AP2A1	NA	2348	3499	27.1844
AP2A2	NA	2206	4656	19.1937
AP2B1	NA	6927	5763	48.6925
AP2M1	NA	5331	1940	111.32
AP2S1	NA	4889	1254	157.939
AP3B1	NA	2100	4049	21.0105
AP3B2	NA	1689	3787	18.0676
AP3D1	NA	9338	5056	74.8191
AP3M1	NA	1448	5253	11.1668
AP3M2	NA	774	3670	8.5436
AP3S1	NA	1595	1289	50.1272
AP3S2	NA	1138	6053	7.61618
AP4B1	NA	581	3479	6.76531
AP4B1-AS1	NA	123	2148	2.31973
AP4E1	NA	358	6782	2.13841
AP4M1	NA	416	1868	9.02157
AP4S1	NA	233	6323	1.49279
AP5B1	NA	2065	6595	12.6844
AP5M1	NA	1031	3095	13.4947
AP5S1	NA	210	1960	4.34039
AP5Z1	NA	1444	5519	10.5992
APAF1	NA	438	7191	2.46746
APBA1	NA	0	6584	0
APBA2	NA	607	3637	6.761
APBA3	NA	681	2158	12.7838
APBB1	NA	1393	3616	15.6059
APBB1IP	NA	1	2637	0.0153623
APBB2	NA	904	9189	3.98535
APBB3	NA	297	2158	5.57533
APC	NA	782	11216	2.82445
APC2	NA	741	10151	2.95716
APCDD1	NA	4	2562	0.063248
APCDD1L	NA	1	3961	0.0102273
APCDD1L-AS1	NA	0	2096	0
APCS	NA	0	931	0
APEH	NA	2133	2758	31.3301
APELA	NA	0	2622	0
APEX1	NA	5005	1553	130.556
APEX2	NA	1784	2095	34.4966
APH1A	NA	5962	2266	106.585
APH1B	NA	130	4193	1.25598
API5	NA	5917	3830	62.5848
APIP	NA	577	1277	18.3042
APITD1	NA	248	1898	5.29324
APITD1-CORT	NA	183	2151	3.44649
APLF	NA	46	3849	0.484145
APLN	NA	23	3224	0.289001
APLNR	NA	0	3876	0
APLP1	NA	1834	2450	30.3249
APLP2	NA	7395	3992	75.0436
APMAP	NA	2352	2221	42.8997
APOA1	NA	6	897	0.270972
APOA1-AS	NA	1	563	0.0719544
APOA1BP	NA	1138	1121	41.1247
APOA2	NA	18	473	1.54162
APOA4	NA	0	1460	0
APOA5	NA	0	1932	0
APOB	NA	0	14121	0
APOBEC1	NA	0	903	0
APOBEC2	NA	3	1634	0.0743764
APOBEC3A	NA	82	1444	2.30045
APOBEC3A_B	NA	163	1103	5.98657
APOBEC3B	NA	367	1538	9.66664
APOBEC3B-AS1	NA	84	702	4.84739
APOBEC3C	NA	1227	1109	44.8207
APOBEC3D	NA	63	2503	1.01964
APOBEC3F	NA	329	5031	2.64916
APOBEC3G	NA	77	1834	1.70082
APOBEC3H	NA	141	1146	4.98426
APOBEC4	NA	0	2778	0
APOBR	NA	26	3792	0.277761
APOC1	NA	2163	461	190.073
APOC1P1	NA	60	939	2.58852
APOC2	NA	0	729	0
APOC3	NA	0	533	0
APOC4	NA	1	615	0.0658705
APOC4-APOC2	NA	1	1829	0.0221489
APOD	NA	21	1130	0.752847
APOE	NA	18325	1460	508.46
APOF	NA	2	1689	0.0479696
APOH	NA	1	1201	0.0337305
APOL1	NA	1	3056	0.013256
APOL2	NA	412	2768	6.02972
APOL3	NA	0	4099	0
APOL4	NA	0	3415	0
APOL5	NA	0	1437	0
APOL6	NA	2	10139	0.00799099
APOLD1	NA	200	4825	1.67918
APOM	NA	208	6370	1.32279
APOO	NA	1113	1129	39.9362
APOOL	NA	482	6467	3.01933
APOOP5	NA	103	1051	3.97009
APOPT1	NA	427	3110	5.56203
APP	NA	10162	4015	102.532
APPBP2	NA	1033	6499	6.43902
APPL1	NA	1882	6060	12.5809
APPL2	NA	474	3563	5.38925
APRT	NA	3339	807	167.613
APTR	NA	294	1978	6.02125
APTX	NA	2022	2376	34.4747
AQP1	NA	15	3172	0.191568
AQP10	NA	0	1791	0
AQP11	NA	30	2153	0.564473
AQP12A	NA	1	1084	0.0373712
AQP12B	NA	2	1114	0.0727295
AQP2	NA	0	4179	0
AQP3	NA	4	1871	0.0866068
AQP4	NA	0	5217	0
AQP4-AS1	NA	0	2392	0
AQP5	NA	4	1825	0.0887898
AQP6	NA	26	2654	0.396861
AQP7	NA	23	1256	0.741829
AQP7P1	NA	222	3180	2.82808
AQP7P3	NA	170	529	13.0184
AQP8	NA	61	1308	1.88924
AQP9	NA	0	3021	0
AQR	NA	5309	5080	42.3365
AR	NA	0	10838	0
ARAF	NA	837	3129	10.8364
ARAP1	NA	1169	5646	8.38763
ARAP2	NA	1	7362	0.00550263
ARAP3	NA	0	5262	0
ARC	NA	167	2948	2.29485
ARCN1	NA	4198	4015	42.3568
AREG	NA	6	2552	0.0952437
AREL1	NA	2447	5445	18.2055
ARF1	NA	10433	2198	192.286
ARF3	NA	8540	3537	97.8112
ARF4	NA	5254	1740	122.323
ARF5	NA	3439	1096	127.112
ARF6	NA	2798	3939	28.7758
ARFGAP1	NA	3694	4298	34.8174
ARFGAP2	NA	2552	3022	34.2099
ARFGAP3	NA	1431	2833	20.4625
ARFGEF1	NA	1133	7225	6.35269
ARFGEF2	NA	1294	9004	5.8219
ARFGEF3	NA	3	14882	0.00816631
ARFIP1	NA	677	3230	8.49087
ARFIP2	NA	2152	3846	22.6673
ARFRP1	NA	1155	2674	17.4979
ARG1	NA	4	1496	0.108316
ARG2	NA	1796	1980	36.7457
ARGFX	NA	0	5065	0
ARGFXP2	NA	0	1204	0
ARGLU1	NA	1892	1751	43.7724
ARHGAP1	NA	1743	3446	20.4903
ARHGAP10	NA	238	3056	3.15493
ARHGAP11A	NA	1422	6274	9.18165
ARHGAP11B	NA	92	1017	3.66465
ARHGAP12	NA	347	5105	2.75359
ARHGAP15	NA	0	1759	0
ARHGAP17	NA	1853	3509	21.3923
ARHGAP18	NA	367	3499	4.24901
ARHGAP19	NA	870	5565	6.33315
ARHGAP19-SLIT1	NA	80	1916	1.69145
ARHGAP20	NA	0	6868	0
ARHGAP21	NA	527	7167	2.97878
ARHGAP22	NA	158	4097	1.56227
ARHGAP23	NA	196	5906	1.3444
ARHGAP24	NA	92	5765	0.646479
ARHGAP25	NA	0	3411	0
ARHGAP26	NA	6	9041	0.0268844
ARHGAP26-AS1	NA	0	977	0
ARHGAP26-IT1	NA	0	388	0
ARHGAP27	NA	1045	10054	4.21059
ARHGAP28	NA	0	5531	0
ARHGAP29	NA	9	9117	0.0399905
ARHGAP30	NA	30	4425	0.274646
ARHGAP31	NA	6	8079	0.0300857
ARHGAP31-AS1	NA	0	624	0
ARHGAP32	NA	9	10446	0.0349026
ARHGAP33	NA	270	4401	2.4853
ARHGAP35	NA	2668	8888	12.1604
ARHGAP36	NA	0	3089	0
ARHGAP39	NA	967	5270	7.4333
ARHGAP4	NA	406	3372	4.87758
ARHGAP40	NA	5	2838	0.0713713
ARHGAP42	NA	1	4752	0.0085249
ARHGAP44	NA	99	4256	0.942322
ARHGAP5	NA	812	9604	3.42507
ARHGAP5-AS1	NA	48	1281	1.51795
ARHGAP6	NA	1	6415	0.00631494
ARHGAP8	NA	421	1725	9.88687
ARHGAP9	NA	25	2975	0.340423
ARHGDIA	NA	8247	2382	140.256
ARHGDIB	NA	1	1216	0.0333144
ARHGDIG	NA	46	942	1.97821
ARHGEF1	NA	765	3328	9.31202
ARHGEF10	NA	799	5690	5.68853
ARHGEF10L	NA	140	4494	1.262
ARHGEF11	NA	1028	6889	6.04509
ARHGEF12	NA	1490	10022	6.02279
ARHGEF15	NA	10	4246	0.0954082
ARHGEF16	NA	291	2904	4.0594
ARHGEF17	NA	649	7813	3.36506
ARHGEF18	NA	892	5876	6.14963
ARHGEF19	NA	107	3029	1.43104
ARHGEF2	NA	1801	4291	17.0028
ARHGEF25	NA	68	2946	0.935065
ARHGEF26	NA	459	5414	3.43447
ARHGEF26-AS1	NA	12	2598	0.187115
ARHGEF28	NA	4	6508	0.0248988
ARHGEF3	NA	609	4785	5.15586
ARHGEF3-AS1	NA	0	487	0
ARHGEF33	NA	2	4304	0.0188245
ARHGEF34P	NA	1	4204	0.00963614
ARHGEF35	NA	0	2474	0
ARHGEF37	NA	3	4865	0.0249807
ARHGEF38	NA	10	6091	0.0665085
ARHGEF38-IT1	NA	0	453	0
ARHGEF39	NA	593	3763	6.3839
ARHGEF4	NA	20	4247	0.190772
ARHGEF40	NA	752	5985	5.09002
ARHGEF5	NA	0	5488	0
ARHGEF6	NA	11	5518	0.0807564
ARHGEF7	NA	1808	8780	8.34199
ARHGEF7-AS1	NA	0	419	0
ARHGEF7-AS2	NA	12	1239	0.392352
ARHGEF9	NA	249	5881	1.7152
ARHGEF9-IT1	NA	0	394	0
ARID1A	NA	3294	8585	15.5435
ARID1B	NA	1426	9638	5.99375
ARID2	NA	752	8466	3.59837
ARID3A	NA	1400	2810	20.1831
ARID3B	NA	5687	4274	53.9032
ARID3C	NA	3	1239	0.098088
ARID4A	NA	473	5772	3.31971
ARID4B	NA	681	6395	4.31392
ARID5A	NA	204	2206	3.7462
ARID5B	NA	144	8214	0.710189
ARIH1	NA	2043	5251	15.7613
ARIH2	NA	2876	4062	28.6824
ARIH2OS	NA	93	1598	2.35761
ARL1	NA	1811	3241	22.6363
ARL10	NA	0	2405	0
ARL11	NA	2	3760	0.0215481
ARL13A	NA	2	1537	0.0527135
ARL13B	NA	330	3992	3.3488
ARL14	NA	3	1288	0.0943564
ARL14EP	NA	710	2378	12.0952
ARL14EPL	NA	0	642	0
ARL15	NA	9	2486	0.146658
ARL16	NA	1180	1207	39.6041
ARL17A	NA	2555	31166	3.32105
ARL17B	NA	257	1730	6.01801
ARL2	NA	2476	980	102.351
ARL2-SNX15	NA	1180	2463	19.4081
ARL2BP	NA	1865	2100	35.977
ARL3	NA	1370	3874	14.3261
ARL4A	NA	298	3428	3.52161
ARL4C	NA	6094	4012	61.5329
ARL4D	NA	378	1585	9.66114
ARL5A	NA	1062	3169	13.5759
ARL5B	NA	358	3589	4.04088
ARL5C	NA	0	941	0
ARL6	NA	45	2229	0.81784
ARL6IP1	NA	5142	2264	92.0071
ARL6IP4	NA	2748	1871	59.4989
ARL6IP5	NA	1013	2128	19.2843
ARL6IP6	NA	414	2826	5.93464
ARL8A	NA	874	1795	19.7248
ARL8B	NA	2818	2985	38.2439
ARL9	NA	0	836	0
ARMC1	NA	1267	3042	16.8726
ARMC10	NA	1154	2634	17.7483
ARMC12	NA	23	1224	0.761224
ARMC2	NA	67	3736	0.726497
ARMC2-AS1	NA	0	717	0
ARMC3	NA	2	4135	0.0195939
ARMC4	NA	0	3898	0
ARMC5	NA	659	5044	5.29269
ARMC6	NA	2113	2488	34.4045
ARMC7	NA	499	2822	7.16324
ARMC8	NA	701	6657	4.26585
ARMC9	NA	3430	7106	19.554
ARMCX1	NA	0	2133	0
ARMCX2	NA	1018	2903	14.2058
ARMCX3	NA	874	3465	10.2182
ARMCX4	NA	86	15204	0.229143
ARMCX5	NA	444	3048	5.90111
ARMCX5-GPRASP2	NA	394	3940	4.05103
ARMCX6	NA	933	1936	19.5228
ARMS2	NA	1	808	0.0501366
ARMT1	NA	755	2603	11.75
ARNT	NA	1330	4943	10.9
ARNT2	NA	6	6558	0.0370634
ARNTL	NA	18	2920	0.249721
ARNTL2	NA	283	7444	1.54009
ARNTL2-AS1	NA	2	813	0.0996564
ARPC1A	NA	1863	1607	46.9638
ARPC1B	NA	3319	1531	87.8209
ARPC2	NA	5054	1571	130.324
ARPC3	NA	5777	953	245.57
ARPC4	NA	3401	2081	66.2065
ARPC4-TTLL3	NA	1363	3987	13.8489
ARPC5	NA	3069	2086	59.6003
ARPC5L	NA	1619	1025	63.9866
ARPIN	NA	482	6735	2.89918
ARPP19	NA	4234	5739	29.8869
ARPP21	NA	0	6873	0
ARR3	NA	1	1309	0.0309475
ARRB1	NA	362	7522	1.94958
ARRB2	NA	816	2025	16.3242
ARRDC1	NA	331	1598	8.39106
ARRDC1-AS1	NA	555	1545	14.5523
ARRDC2	NA	770	2945	10.5918
ARRDC3	NA	525	4161	5.11125
ARRDC3-AS1	NA	21	2502	0.340015
ARRDC4	NA	2574	4067	25.6389
ARRDC5	NA	0	1638	0
ARSA	NA	804	4315	7.54816
ARSB	NA	495	6675	3.00414
ARSD	NA	2	5183	0.015632
ARSE	NA	0	2668	0
ARSF	NA	0	2349	0
ARSG	NA	65	2844	0.925869
ARSH	NA	0	1689	0
ARSI	NA	5923	3167	75.7634
ARSJ	NA	6	4678	0.0519585
ARSK	NA	196	3345	2.3737
ART1	NA	0	1312	0
ART3	NA	2	1728	0.046887
ART4	NA	0	1371	0
ART5	NA	177	1688	4.24783
ARTN	NA	13	1944	0.270902
ARV1	NA	326	1445	9.13936
ARVCF	NA	344	4036	3.45281
ARX	NA	12	2874	0.169145
AS3MT	NA	16	2466	0.262841
ASAH1	NA	673	2962	9.20441
ASAH2	NA	44	2418	0.737161
ASAH2B	NA	35	652	2.17463
ASAP1	NA	2606	6346	16.6357
ASAP1-IT1	NA	0	1179	0
ASAP1-IT2	NA	0	2031	0
ASAP2	NA	188	5717	1.33216
ASAP3	NA	931	4152	9.0836
ASB1	NA	1048	6833	6.21321
ASB10	NA	0	2315	0
ASB11	NA	0	2978	0
ASB12	NA	3	1293	0.0939915
ASB13	NA	632	2808	9.11771
ASB14	NA	88	3207	1.1116
ASB15	NA	0	3033	0
ASB16	NA	133	2139	2.51888
ASB16-AS1	NA	385	2258	6.90721
ASB17	NA	0	1107	0
ASB18	NA	1	1401	0.0289153
ASB2	NA	1041	3332	12.6564
ASB3	NA	833	2818	11.9748
ASB4	NA	0	4322	0
ASB5	NA	1	3029	0.0133742
ASB6	NA	4490	4622	39.3534
ASB7	NA	560	5130	4.42218
ASB8	NA	238	2613	3.6898
ASB9	NA	0	2058	0
ASB9P1	NA	5	1625	0.124647
ASCC1	NA	1098	3513	12.6616
ASCC2	NA	2673	2823	38.3578
ASCC3	NA	3270	11384	11.6364
ASCL1	NA	0	2484	0
ASCL2	NA	2	1849	0.0438186
ASCL3	NA	0	650	0
ASCL4	NA	0	2260	0
ASCL5	NA	2	1420	0.0570568
ASF1A	NA	908	2508	14.6664
ASF1B	NA	2338	1731	54.7159
ASGR1	NA	131	1503	3.53084
ASGR2	NA	0	1544	0
ASH1L	NA	716	11774	2.46351
ASH1L-AS1	NA	287	1964	5.91979
ASH2L	NA	825	3301	10.1245
ASIC1	NA	663	4736	5.6711
ASIC2	NA	0	4271	0
ASIC3	NA	91	2314	1.5931
ASIC4	NA	21	2844	0.299127
ASIC5	NA	1	1692	0.0239423
ASIP	NA	1	584	0.069367
ASL	NA	463	2118	8.85566
ASMT	NA	51	2838	0.727987
ASMTL	NA	6862	4556	61.0145
ASMTL-AS1	NA	708	6034	4.75328
ASNA1	NA	3076	1280	97.3514
ASNS	NA	3536	2526	56.7081
ASNSD1	NA	1036	2471	16.9845
ASPA	NA	0	1483	0
ASPDH	NA	7	1257	0.225595
ASPG	NA	1	1972	0.0205428
ASPH	NA	2103	12033	7.07997
ASPHD1	NA	985	1478	26.9978
ASPHD2	NA	295	3313	3.60717
ASPM	NA	1186	10888	4.41268
ASPN	NA	1	2524	0.0160501
ASPRV1	NA	26	2174	0.484484
ASPSCR1	NA	518	2125	9.87499
ASRGL1	NA	236	2419	3.95223
ASS1	NA	3	1848	0.0657635
ASTE1	NA	210	2853	2.98183
ASTL	NA	1	1296	0.031258
ASTN1	NA	0	7705	0
ASTN2	NA	824	7923	4.21312
ASTN2-AS1	NA	0	1756	0
ASUN	NA	1299	2976	17.6824
ASXL1	NA	2101	7425	11.4629
ASXL2	NA	426	7174	2.40555
ASXL3	NA	0	7642	0
ASZ1	NA	0	1865	0
ATAD1	NA	1295	3034	17.291
ATAD2	NA	2055	5564	14.962
ATAD2B	NA	395	8187	1.95451
ATAD3A	NA	3216	2807	46.413
ATAD3B	NA	3814	2433	63.5045
ATAD3C	NA	294	3859	3.0863
ATAD5	NA	363	6865	2.14206
ATAT1	NA	344	18892	0.737643
ATCAY	NA	23	5036	0.185015
ATE1	NA	992	5514	7.28804
ATE1-AS1	NA	24	951	1.02234
ATF1	NA	616	2505	9.96182
ATF2	NA	968	4852	8.08203
ATF3	NA	4858	2545	77.3278
ATF4	NA	10480	2027	209.447
ATF5	NA	5376	2604	83.6342
ATF6	NA	861	7546	4.62224
ATF6B	NA	1714	10464	6.63558
ATF7	NA	561	7351	3.09159
ATF7IP	NA	1170	10120	4.68351
ATF7IP2	NA	44	3708	0.480705
ATG10	NA	217	2426	3.62355
ATG101	NA	1693	1437	47.7272
ATG12	NA	1266	4562	11.242
ATG13	NA	2233	6074	14.8929
ATG14	NA	565	4743	4.82571
ATG16L1	NA	1194	3405	14.2054
ATG16L2	NA	259	2145	4.89146
ATG2A	NA	2277	6373	14.4739
ATG2B	NA	468	11099	1.70816
ATG3	NA	1564	3060	20.7053
ATG4A	NA	202	2314	3.53634
ATG4B	NA	1743	2897	24.3733
ATG4C	NA	277	2724	4.11944
ATG4D	NA	881	2052	17.3926
ATG5	NA	1065	3404	12.6744
ATG7	NA	1708	5051	13.6986
ATG9A	NA	1715	3822	18.1777
ATG9B	NA	847	4987	6.88034
ATHL1	NA	1133	3268	14.0447
ATIC	NA	5041	2084	97.9907
ATL1	NA	19	2931	0.262605
ATL2	NA	1885	4711	16.2093
ATL3	NA	892	7502	4.81674
ATM	NA	1472	13147	4.53573
ATMIN	NA	1757	5160	13.7939
ATN1	NA	3841	4419	35.2116
ATOH1	NA	0	1065	0
ATOH7	NA	14	1519	0.373367
ATOH8	NA	116	5863	0.801501
ATOX1	NA	1172	489	97.0923
ATP10A	NA	588	5234	4.55103
ATP10B	NA	0	7566	0
ATP10D	NA	31	6550	0.191728
ATP11A	NA	1344	8855	6.1486
ATP11A-AS1	NA	1	4024	0.0100672
ATP11AUN	NA	0	2241	0
ATP11B	NA	708	7320	3.91821
ATP11C	NA	5	6118	0.0331075
ATP12A	NA	0	3734	0
ATP13A1	NA	2802	3864	29.3763
ATP13A2	NA	3772	4040	37.823
ATP13A3	NA	1710	7328	9.45315
ATP13A4	NA	0	7599	0
ATP13A4-AS1	NA	1	1542	0.0262713
ATP13A5	NA	0	3657	0
ATP13A5-AS1	NA	0	635	0
ATP1A1	NA	4946	4300	46.5963
ATP1A1-AS1	NA	1565	2635	24.0602
ATP1A2	NA	0	5457	0
ATP1A3	NA	339	3711	3.70062
ATP1A4	NA	2	3955	0.0204856
ATP1B1	NA	1083	2200	19.9421
ATP1B2	NA	38	3453	0.445813
ATP1B3	NA	3878	1853	84.7809
ATP1B4	NA	0	4773	0
ATP2A1	NA	505	3588	5.70171
ATP2A1-AS1	NA	298	584	20.6714
ATP2A2	NA	5267	8314	25.6637
ATP2A3	NA	66	4885	0.547325
ATP2B1	NA	982	6933	5.73794
ATP2B2	NA	1	8962	0.00452023
ATP2B2-IT2	NA	0	512	0
ATP2B3	NA	0	6574	0
ATP2B4	NA	572	8920	2.59775
ATP2C1	NA	916	6245	5.94195
ATP2C2	NA	12	3538	0.137401
ATP4A	NA	9	3559	0.102443
ATP4B	NA	1	1497	0.027061
ATP5A1	NA	20998	2428	350.344
ATP5B	NA	24124	1843	530.261
ATP5C1	NA	2732	1146	96.5744
ATP5D	NA	2764	996	112.42
ATP5E	NA	6325	439	583.663
ATP5EP2	NA	1768	368	194.626
ATP5F1	NA	5060	2101	97.5642
ATP5G1	NA	1416	646	88.7967
ATP5G2	NA	5742	1287	180.738
ATP5G3	NA	7228	3482	84.0921
ATP5H	NA	3692	622	240.457
ATP5I	NA	3494	365	387.789
ATP5J	NA	3586	1296	112.091
ATP5J2	NA	4957	511	392.974
ATP5J2-PTCD1	NA	3417	5538	24.9953
ATP5L	NA	4237	1391	123.395
ATP5L2	NA	50	799	2.53506
ATP5O	NA	8509	806	427.671
ATP5S	NA	189	2187	3.50089
ATP5SL	NA	1666	1829	36.9001
ATP6AP1	NA	2012	2100	38.8128
ATP6AP1L	NA	79	2346	1.36416
ATP6AP2	NA	1715	2036	34.1234
ATP6V0A1	NA	3270	4161	31.8358
ATP6V0A2	NA	512	6541	3.17097
ATP6V0A4	NA	0	3357	0
ATP6V0B	NA	1917	2068	37.5524
ATP6V0C	NA	5209	1231	171.42
ATP6V0CP3	NA	0	619	0
ATP6V0D1	NA	3310	1670	80.2929
ATP6V0D2	NA	0	2370	0
ATP6V0E1	NA	3260	882	149.732
ATP6V0E2	NA	638	2801	9.22727
ATP6V0E2-AS1	NA	103	3069	1.35958
ATP6V1A	NA	1639	4593	14.456
ATP6V1B1	NA	19	1939	0.396955
ATP6V1B1-AS1	NA	0	944	0
ATP6V1B2	NA	2370	3044	31.5406
ATP6V1C1	NA	2262	5704	16.0649
ATP6V1C2	NA	4001	3240	50.0253
ATP6V1D	NA	2011	1806	45.1087
ATP6V1E1	NA	5967	1405	172.046
ATP6V1E2	NA	123	1979	2.51782
ATP6V1F	NA	3739	817	185.396
ATP6V1G1	NA	5418	1611	136.241
ATP6V1G2	NA	197	11221	0.711214
ATP6V1G2-DDX39B	NA	10299	17214	24.237
ATP6V1G3	NA	0	678	0
ATP6V1H	NA	1535	2349	26.4723
ATP7A	NA	96	8529	0.455973
ATP7B	NA	293	6641	1.78731
ATP8A1	NA	26	8342	0.126261
ATP8A2	NA	3	5006	0.0242771
ATP8B1	NA	47	5937	0.320698
ATP8B2	NA	1842	6303	11.8388
ATP8B3	NA	45	5600	0.325529
ATP8B4	NA	3	5884	0.0206545
ATP8B5P	NA	309	4418	2.83334
ATP9A	NA	894	7622	4.75154
ATP9B	NA	312	4479	2.82189
ATPAF1	NA	1149	2152	21.6294
ATPAF2	NA	1265	1552	33.0191
ATPIF1	NA	5205	1925	109.536
ATR	NA	893	8251	4.38441
ATRAID	NA	1263	1398	36.5984
ATRIP	NA	562	3126	7.28305
ATRN	NA	1037	8731	4.8115
ATRNL1	NA	5	9118	0.0222145
ATRX	NA	1324	11220	4.78036
ATXN1	NA	3	10636	0.0114264
ATXN10	NA	4001	3330	48.6732
ATXN1L	NA	893	7886	4.58734
ATXN2	NA	1104	4702	9.51157
ATXN2L	NA	4700	4430	42.9794
ATXN3	NA	617	7080	3.53035
ATXN3L	NA	4	1751	0.0925422
ATXN7	NA	381	7524	2.05136
ATXN7L1	NA	179	7079	1.02435
ATXN7L2	NA	223	2382	3.79253
ATXN7L3	NA	1895	3614	21.2416
ATXN7L3B	NA	3091	3682	34.008
ATXN8OS	NA	0	1472	0
AUH	NA	177	1633	4.39089
AUNIP	NA	703	2408	11.8267
AUP1	NA	4728	1911	100.227
AURKA	NA	2501	2547	39.7787
AURKAIP1	NA	4960	1147	175.18
AURKAPS1	NA	191	1537	5.03414
AURKB	NA	2551	1300	79.4937
AURKC	NA	23	1301	0.71617
AUTS2	NA	279	7006	1.61324
AVEN	NA	757	1531	20.0303
AVIL	NA	41	2994	0.554751
AVL9	NA	1157	7065	6.63418
AVP	NA	1	619	0.0654448
AVPI1	NA	1914	1392	55.7017
AVPR1A	NA	2	7831	0.0103461
AVPR1B	NA	0	1773	0
AVPR2	NA	9	2194	0.166177
AWAT1	NA	19	1399	0.550176
AWAT2	NA	0	2124	0
AXDND1	NA	1	3862	0.0104895
AXIN1	NA	1797	3660	19.8899
AXIN2	NA	208	4232	1.99106
AXL	NA	558	4900	4.61322
AZGP1	NA	0	1265	0
AZGP1P1	NA	0	1181	0
AZI2	NA	847	3751	9.1475
AZIN1	NA	3591	4385	33.1751
AZIN1-AS1	NA	14	884	0.641566
AZIN2	NA	109	2569	1.71881
AZU1	NA	31	912	1.377
B2M	NA	3817	987	156.665
B3GALNT1	NA	0	3641	0
B3GALNT2	NA	1270	5611	9.16915
B3GALT1	NA	0	2168	0
B3GALT2	NA	2	3548	0.0228356
B3GALT4	NA	27	8430	0.129748
B3GALT5	NA	0	3007	0
B3GALT5-AS1	NA	0	2192	0
B3GALT6	NA	1494	2792	21.6771
B3GAT1	NA	6	3656	0.066483
B3GAT2	NA	101	1925	2.12548
B3GAT3	NA	2153	2321	37.5781
B3GLCT	NA	146	4213	1.40387
B3GNT2	NA	385	2749	5.67351
B3GNT3	NA	1	2720	0.0148935
B3GNT4	NA	54	1504	1.45449
B3GNT5	NA	4	4123	0.0393018
B3GNT6	NA	0	2546	0
B3GNT7	NA	6	3625	0.0670516
B3GNT8	NA	12	1874	0.259405
B3GNT9	NA	176	2705	2.63579
B3GNTL1	NA	227	1383	6.6492
B4GALNT1	NA	485	3882	5.06118
B4GALNT2	NA	0	2110	0
B4GALNT3	NA	58	3438	0.68342
B4GALNT4	NA	914	3454	10.7199
B4GALT1	NA	1213	4199	11.7026
B4GALT1-AS1	NA	4	1346	0.120387
B4GALT2	NA	1008	2425	16.8389
B4GALT3	NA	943	2415	15.8183
B4GALT4	NA	463	2344	8.00183
B4GALT4-AS1	NA	9	544	0.670208
B4GALT5	NA	2018	4727	17.2942
B4GALT6	NA	13	4814	0.109396
B4GALT7	NA	658	1727	15.4347
B4GAT1	NA	419	2070	8.19992
B9D1	NA	1014	1775	23.1422
B9D2	NA	226	1031	8.88005
BAALC	NA	3	2849	0.0426574
BAALC-AS1	NA	0	726	0
BAALC-AS2	NA	0	496	0
BAAT	NA	17	3528	0.195203
BABAM1	NA	3350	1498	90.5939
BACE1	NA	441	6020	2.96762
BACE1-AS	NA	30	825	1.4731
BACE2	NA	0	8930	0
BACH1	NA	704	6870	4.15128
BACH1-IT2	NA	0	802	0
BACH2	NA	37	9280	0.161518
BAD	NA	1854	1224	61.3612
BAG1	NA	1358	3872	14.2079
BAG2	NA	1511	2052	29.83
BAG3	NA	1246	2569	19.6481
BAG4	NA	1189	4464	10.7901
BAG5	NA	1521	5254	11.7275
BAG6	NA	7065	27003	10.599
BAGE	NA	0	951	0
BAGE2	NA	4	1891	0.0856908
BAGE3	NA	4	1891	0.0856908
BAGE4	NA	4	1756	0.0922787
BAGE5	NA	4	1755	0.0923313
BAHCC1	NA	329	10289	1.29535
BAHD1	NA	1990	4832	16.6837
BAIAP2	NA	1239	4897	10.2496
BAIAP2-AS1	NA	678	4421	6.21262
BAIAP2L1	NA	1927	3670	21.2707
BAIAP2L2	NA	93	2145	1.75639
BAIAP3	NA	481	5080	3.83572
BAK1	NA	2494	2193	46.0706
BAMBI	NA	4446	1724	104.472
BANCR	NA	1	675	0.0600153
BANF1	NA	4816	1152	169.356
BANF2	NA	0	640	0
BANK1	NA	1	3558	0.0113857
BANP	NA	416	2696	6.25085
BAP1	NA	2749	3701	30.09
BARD1	NA	263	5506	1.93502
BARHL1	NA	0	1907	0
BARHL2	NA	0	1496	0
BARX1	NA	2	1482	0.0546698
BARX2	NA	0	1767	0
BASP1	NA	4	1963	0.0825478
BASP1P1	NA	0	1152	0
BATF	NA	0	940	0
BATF2	NA	57	2344	0.985106
BATF3	NA	516	981	21.3082
BAX	NA	4861	1305	150.897
BAZ1A	NA	697	6016	4.69343
BAZ1B	NA	5518	6115	36.5554
BAZ2A	NA	2889	9141	12.8032
BAZ2B	NA	247	10723	0.933139
BBC3	NA	1789	2095	34.5933
BBIP1	NA	642	2460	10.5722
BBOX1	NA	0	1886	0
BBOX1-AS1	NA	0	1180	0
BBS1	NA	640	3370	7.69336
BBS10	NA	295	3583	3.33535
BBS12	NA	273	3432	3.22241
BBS2	NA	953	2814	13.7194
BBS4	NA	667	2874	9.40167
BBS5	NA	379	3157	4.86329
BBS7	NA	604	4282	5.71421
BBS9	NA	312	4019	3.14487
BBX	NA	4	9025	0.0179547
BCAM	NA	818	3431	9.65825
BCAN	NA	216	4050	2.16055
BCAP29	NA	645	6098	4.28487
BCAP31	NA	4648	2396	78.586
BCAR1	NA	10853	5392	81.5391
BCAR3	NA	308	4262	2.92754
BCAR4	NA	0	1310	0
BCAS1	NA	62	3475	0.722774
BCAS2	NA	1950	1301	60.7188
BCAS3	NA	253	3609	2.83988
BCAS4	NA	671	1378	19.726
BCAT1	NA	9	10227	0.03565
BCAT2	NA	975	2080	18.9892
BCCIP	NA	4025	3373	48.341
BCDIN3D	NA	114	3249	1.42142
BCDIN3D-AS1	NA	60	3088	0.787118
BCHE	NA	0	2447	0
BCKDHA	NA	1256	1774	28.6815
BCKDHB	NA	466	3712	5.08562
BCKDK	NA	1907	2221	34.7831
BCL10	NA	659	3104	8.60062
BCL11A	NA	0	7446	0
BCL11B	NA	0	8043	0
BCL2	NA	176	6620	1.07701
BCL2A1	NA	2	943	0.085918
BCL2L1	NA	6008	2559	95.1098
BCL2L10	NA	2	1313	0.0617065
BCL2L11	NA	239	6212	1.55859
BCL2L12	NA	1603	1904	34.1061
BCL2L13	NA	2078	5513	15.2695
BCL2L14	NA	2	2231	0.0363159
BCL2L15	NA	2	4973	0.0162921
BCL2L2	NA	1131	3658	12.5252
BCL2L2-PABPN1	NA	5858	2130	111.413
BCL3	NA	314	1864	6.82417
BCL6	NA	18	3975	0.183443
BCL6B	NA	1	3525	0.0114923
BCL7A	NA	423	3783	4.5297
BCL7B	NA	1274	2065	24.9928
BCL7C	NA	1885	2190	34.8685
BCL9	NA	1118	6192	7.31437
BCL9L	NA	3028	7738	15.8523
BCLAF1	NA	5612	7263	31.3017
BCO1	NA	7	2427	0.116841
BCO2	NA	17	3002	0.229406
BCOR	NA	1136	6746	6.82178
BCORL1	NA	1007	7349	5.55095
BCORP1	NA	0	3668	0
BCR	NA	1714	6927	10.0238
BCRP2	NA	92	2334	1.59681
BCRP3	NA	158	1425	4.49167
BCS1L	NA	592	1720	13.9431
BCYRN1	NA	0	191	0
BDH1	NA	21	3689	0.230609
BDH2	NA	576	2920	7.99108
BDKRB1	NA	0	1301	0
BDKRB2	NA	0	4197	0
BDNF	NA	3479	7729	18.2346
BDNF-AS	NA	482	3049	6.40406
BDP1	NA	1136	11075	4.15528
BEAN1	NA	3	3520	0.0345259
BEAN1-AS1	NA	0	483	0
BECN1	NA	2065	2143	39.0359
BECN2	NA	10	1296	0.31258
BEGAIN	NA	54	2807	0.779322
BEND2	NA	0	4696	0
BEND3	NA	497	6660	3.02307
BEND3P3	NA	53	5920	0.362677
BEND4	NA	27	8850	0.123591
BEND5	NA	0	1849	0
BEND6	NA	22	2698	0.330329
BEND7	NA	89	3094	1.16529
BEST1	NA	62	3380	0.743089
BEST2	NA	6	1910	0.127258
BEST3	NA	0	5388	0
BEST4	NA	77	2096	1.48821
BET1	NA	535	3061	7.08038
BET1L	NA	1615	2956	22.1327
BEX1	NA	4939	862	232.112
BEX2	NA	2435	1176	83.8798
BEX4	NA	1893	1282	59.8175
BEX5	NA	0	1017	0
BFAR	NA	1879	3043	25.0144
BFSP1	NA	97	3009	1.30592
BFSP2	NA	7	1577	0.179818
BGLAP	NA	42	545	3.1219
BGLT3	NA	0	993	0
BGN	NA	0	2444	0
BHLHA15	NA	1	706	0.0573801
BHLHA9	NA	1	708	0.057218
BHLHB9	NA	78	4281	0.7381
BHLHE22	NA	0	3397	0
BHLHE23	NA	3	1057	0.114977
BHLHE40	NA	1483	3034	19.8012
BHLHE40-AS1	NA	29	2718	0.432229
BHLHE41	NA	319	3780	3.41873
BHMT	NA	0	2500	0
BHMT2	NA	1	2651	0.0152812
BICC1	NA	2	5471	0.0148091
BICD1	NA	201	3589	2.26876
BICD2	NA	1306	6416	8.24603
BID	NA	739	2660	11.2546
BIK	NA	156	953	6.63128
BIN1	NA	395	2714	5.89594
BIN2	NA	6	2993	0.0812102
BIN3	NA	1029	1847	22.5691
BIN3-IT1	NA	0	1839	0
BIRC2	NA	2655	4265	25.218
BIRC3	NA	22	6912	0.128939
BIRC5	NA	2553	2700	38.3048
BIRC6	NA	1462	15702	3.77188
BIRC6-AS2	NA	0	588	0
BIRC7	NA	2779	1368	82.294
BIRC8	NA	2	2022	0.0400696
BISPR	NA	194	2092	3.75669
BIVM	NA	803	3885	8.37318
BIVM-ERCC5	NA	1020	5143	8.03433
BLACAT1	NA	324	2616	5.01734
BLACE	NA	0	2452	0
BLCAP	NA	1213	2540	19.3461
BLID	NA	0	862	0
BLK	NA	1	2590	0.0156411
BLM	NA	555	4831	4.65395
BLMH	NA	2500	2537	39.9195
BLNK	NA	1	1828	0.022161
BLOC1S1	NA	385	1004	15.5343
BLOC1S1-RDH5	NA	204	1213	6.81295
BLOC1S2	NA	3873	2939	53.3843
BLOC1S3	NA	596	2600	9.28622
BLOC1S4	NA	1071	1546	28.0638
BLOC1S5	NA	691	2787	10.044
BLOC1S5-TXNDC5	NA	6276	3352	75.8481
BLOC1S6	NA	1821	3941	18.7184
BLVRA	NA	2322	1175	80.0553
BLVRB	NA	2449	856	115.899
BLZF1	NA	259	2316	4.5303
BMF	NA	186	4778	1.577
BMI1	NA	4206	3430	49.6754
BMP1	NA	262	4229	2.50974
BMP10	NA	0	1584	0
BMP15	NA	0	1262	0
BMP2	NA	0	3150	0
BMP2K	NA	150	4355	1.3953
BMP3	NA	1	5734	0.00706493
BMP4	NA	7806	2073	152.544
BMP5	NA	0	2170	0
BMP6	NA	2180	3105	28.442
BMP7	NA	1792	4031	18.0091
BMP7-AS1	NA	1	1012	0.04003
BMP8A	NA	36	5626	0.25922
BMP8B	NA	59	3773	0.633477
BMPER	NA	0	5031	0
BMPR1A	NA	979	3616	10.9678
BMPR1B	NA	0	5944	0
BMPR1B-AS1	NA	0	643	0
BMPR2	NA	457	12070	1.53382
BMS1	NA	3553	8048	17.8843
BMS1P17	NA	114	1450	3.18495
BMS1P18	NA	114	1450	3.18495
BMS1P20	NA	378	2011	7.61457
BMS1P21	NA	0	818	0
BMS1P4	NA	91	1960	1.88084
BMS1P5	NA	249	8467	1.19134
BMS1P6	NA	91	4696	0.785017
BMX	NA	0	2685	0
BNC1	NA	4	4935	0.0328351
BNC2	NA	312	12926	0.977814
BNIP1	NA	266	1386	7.77471
BNIP2	NA	1136	2517	18.2836
BNIP3	NA	1970	1633	48.8704
BNIP3L	NA	1161	3500	13.4379
BNIPL	NA	8	2412	0.134363
BOC	NA	12	5630	0.0863453
BOD1	NA	1939	1934	40.6151
BOD1L1	NA	1385	10542	5.32222
BOD1L2	NA	8	3347	0.0968278
BOK	NA	1670	2647	25.5581
BOK-AS1	NA	22	826	1.07897
BOLA1	NA	4	857	0.18908
BOLA2	NA	4958	2024	99.2343
BOLA2B	NA	4958	2024	99.2343
BOLA3	NA	1204	554	88.0405
BOLA3-AS1	NA	415	4190	4.01236
BOLL	NA	2	3616	0.0224062
BOP1	NA	5175	2427	86.3787
BORA	NA	457	3189	5.80534
BPESC1	NA	0	3514	0
BPGM	NA	320	2230	5.81314
BPHL	NA	492	2231	8.9337
BPI	NA	0	1845	0
BPIFA1	NA	0	1078	0
BPIFA2	NA	0	1052	0
BPIFA3	NA	0	1181	0
BPIFA4P	NA	0	1203	0
BPIFB1	NA	0	1727	0
BPIFB2	NA	1	1920	0.0210991
BPIFB3	NA	1	1556	0.0260349
BPIFB4	NA	20	2174	0.37268
BPIFB6	NA	0	1362	0
BPIFC	NA	0	1980	0
BPNT1	NA	733	2507	11.8445
BPTF	NA	1679	11292	6.02346
BPY2	NA	4	2408	0.0672929
BPY2B	NA	4	2408	0.0672929
BPY2C	NA	4	2408	0.0672929
BRAF	NA	223	2946	3.06646
BRAP	NA	1315	4036	13.199
BRAT1	NA	2233	3013	30.0231
BRCA1	NA	1318	7362	7.25246
BRCA2	NA	278	11386	0.989098
BRCAT107	NA	0	1100	0
BRCAT54	NA	12	1395	0.348476
BRCC3	NA	795	2932	10.9842
BRD1	NA	1212	4762	10.3105
BRD2	NA	4638	33048	5.68527
BRD3	NA	1779	5635	12.7893
BRD4	NA	2712	7453	14.7409
BRD7	NA	1715	2312	30.0498
BRD7P3	NA	14	2461	0.230453
BRD8	NA	2135	4675	18.5004
BRD9	NA	1496	2924	20.7262
BRDT	NA	81	4051	0.810007
BRDTP1	NA	1	817	0.0495843
BRE	NA	583	2103	11.2304
BRE-AS1	NA	15	1659	0.366278
BREA2	NA	14	1002	0.566013
BRF1	NA	1017	5387	7.64786
BRF2	NA	845	2000	17.1156
BRI3	NA	1695	1116	61.5278
BRI3BP	NA	276	1272	8.78998
BRICD5	NA	228	1031	8.95864
BRINP1	NA	0	3196	0
BRINP2	NA	1	3667	0.0110473
BRINP3	NA	1	2884	0.0140466
BRIP1	NA	399	8166	1.97938
BRIX1	NA	1555	1273	49.4843
BRK1	NA	4463	1176	153.739
BRMS1	NA	2511	1437	70.7874
BRMS1L	NA	524	2584	8.21494
BROX	NA	903	4538	8.061
BRPF1	NA	832	4728	7.12872
BRPF3	NA	1349	6023	9.07329
BRS3	NA	0	1413	0
BRSK1	NA	395	3081	5.19363
BRSK2	NA	453	5604	3.27466
BRWD1	NA	1003	19881	2.04375
BRWD1-AS1	NA	0	691	0
BRWD1-IT2	NA	24	1009	0.963576
BRWD3	NA	666	12793	2.10896
BSCL2	NA	2700	2598	42.1008
BSDC1	NA	1395	5281	10.701
BSG	NA	17020	2391	288.367
BSN	NA	135	15959	0.342684
BSN-AS2	NA	20	2603	0.311259
BSND	NA	0	1370	0
BSPH1	NA	0	654	0
BSPRY	NA	1	2348	0.0172531
BST1	NA	22	1480	0.602181
BST2	NA	7271	1019	289.059
BSX	NA	0	702	0
BTAF1	NA	1699	7038	9.77935
BTBD1	NA	3050	3290	37.5552
BTBD10	NA	705	2922	9.77405
BTBD11	NA	58	5911	0.397496
BTBD16	NA	3	1848	0.0657635
BTBD17	NA	0	1678	0
BTBD18	NA	2	3048	0.0265816
BTBD19	NA	165	1572	4.25204
BTBD2	NA	3447	2618	53.3381
BTBD3	NA	838	5192	6.53846
BTBD6	NA	724	1987	14.7607
BTBD7	NA	641	9581	2.71027
BTBD8	NA	2	1447	0.0559922
BTBD9	NA	245	9382	1.05788
BTC	NA	0	1323	0
BTD	NA	110	3189	1.39735
BTF3	NA	9497	1249	308.028
BTF3L4	NA	1170	4643	10.2083
BTF3P11	NA	0	640	0
BTG1	NA	275	4680	2.38042
BTG2	NA	2097	2711	31.3354
BTG3	NA	1441	1594	36.622
BTG4	NA	154	1013	6.15853
BTK	NA	2	3095	0.0261779
BTLA	NA	0	3215	0
BTN1A1	NA	5	2851	0.0710458
BTN2A1	NA	421	3686	4.62693
BTN2A2	NA	378	3878	3.94866
BTN2A3P	NA	30	2483	0.489452
BTN3A1	NA	26	4191	0.251317
BTN3A2	NA	24	4120	0.235983
BTN3A3	NA	25	3002	0.337361
BTNL10	NA	0	780	0
BTNL2	NA	6	12104	0.0200811
BTNL3	NA	0	2440	0
BTNL8	NA	0	2414	0
BTNL9	NA	171	3940	1.75819
BTRC	NA	988	6164	6.49322
BUB1	NA	2090	3636	23.2856
BUB1B	NA	1476	3742	15.979
BUB3	NA	3680	2764	53.9356
BUD13	NA	701	2206	12.873
BUD31	NA	1877	1043	72.9031
BVES	NA	387	5787	2.70909
BVES-AS1	NA	3	1715	0.0708636
BYSL	NA	1617	1990	32.9172
BZRAP1	NA	0	7698	0
BZRAP1-AS1	NA	169	2999	2.28284
BZW1	NA	10289	3669	113.603
BZW2	NA	1390	1873	30.0637
C10orf10	NA	7	2060	0.137656
C10orf105	NA	10	4934	0.0821045
C10orf107	NA	5	1252	0.161782
C10orf11	NA	0	1594	0
C10orf111	NA	9	1714	0.212715
C10orf113	NA	5	614	0.329889
C10orf12	NA	190	4545	1.6935
C10orf120	NA	0	1064	0
C10orf126	NA	2	2148	0.0377191
C10orf128	NA	0	2050	0
C10orf131	NA	2	1176	0.0688951
C10orf142	NA	0	1110	0
C10orf2	NA	2379	3665	26.2958
C10orf25	NA	7	3375	0.0840214
C10orf32	NA	425	2435	7.07059
C10orf32-ASMT	NA	47	2731	0.697175
C10orf35	NA	552	1076	20.7823
C10orf53	NA	0	1192	0
C10orf54	NA	36	4773	0.305546
C10orf55	NA	2134	2513	34.4007
C10orf62	NA	0	1242	0
C10orf67	NA	0	2943	0
C10orf71	NA	0	5286	0
C10orf71-AS1	NA	2	695	0.116577
C10orf76	NA	868	4101	8.57424
C10orf82	NA	0	994	0
C10orf88	NA	443	3087	5.81344
C10orf90	NA	0	3080	0
C10orf91	NA	6	738	0.329352
C10orf95	NA	119	1469	3.28164
C10orf99	NA	0	828	0
C11orf1	NA	334	983	13.7644
C11orf16	NA	4	1925	0.0841773
C11orf21	NA	1	2262	0.0179091
C11orf24	NA	1218	2102	23.4736
C11orf30	NA	418	6910	2.45055
C11orf31	NA	1121	1294	35.0943
C11orf39	NA	9	678	0.537748
C11orf40	NA	0	654	0
C11orf42	NA	1	1143	0.0354421
C11orf44	NA	0	3547	0
C11orf45	NA	1	3867	0.0104759
C11orf49	NA	799	2528	12.8037
C11orf52	NA	198	1140	7.03601
C11orf53	NA	5	1208	0.167675
C11orf54	NA	170	2726	2.52632
C11orf57	NA	1255	3782	13.4427
C11orf58	NA	4910	3980	49.9763
C11orf63	NA	22	3864	0.230649
C11orf65	NA	18	1033	0.705892
C11orf68	NA	1721	1558	44.7486
C11orf70	NA	1	2264	0.0178933
C11orf71	NA	304	2235	5.51013
C11orf72	NA	0	2431	0
C11orf73	NA	645	1347	19.398
C11orf74	NA	262	1207	8.79346
C11orf80	NA	112	2326	1.95063
C11orf84	NA	3434	2038	68.2593
C11orf85	NA	3	1339	0.0907625
C11orf86	NA	0	1185	0
C11orf87	NA	0	5937	0
C11orf88	NA	1059	795	53.9628
C11orf91	NA	12	903	0.538343
C11orf94	NA	2	368	0.220165
C11orf95	NA	1777	5582	12.8963
C11orf96	NA	19	1328	0.579591
C11orf97	NA	0	604	0
C11orf98	NA	2864	809	143.414
C12orf10	NA	1089	1215	36.3093
C12orf29	NA	473	2874	6.66715
C12orf4	NA	569	3861	5.97005
C12orf40	NA	0	2793	0
C12orf42	NA	2	3353	0.0241636
C12orf43	NA	940	2911	13.0813
C12orf45	NA	1037	622	67.5389
C12orf49	NA	1665	5278	12.7794
C12orf50	NA	27	1705	0.641513
C12orf54	NA	3	889	0.136705
C12orf56	NA	1	2069	0.0195797
C12orf57	NA	2189	1088	81.5047
C12orf60	NA	60	1126	2.15863
C12orf65	NA	748	2085	14.5332
C12orf66	NA	135	3941	1.38769
C12orf71	NA	1	966	0.0419362
C12orf73	NA	333	1693	7.96807
C12orf74	NA	0	2369	0
C12orf75	NA	749	1366	22.2125
C12orf76	NA	301	1947	6.26277
C12orf77	NA	0	1509	0
C12orf79	NA	2	2444	0.0331508
C12orf80	NA	0	1292	0
C14orf1	NA	1736	1540	45.6662
C14orf105	NA	0	3509	0
C14orf119	NA	3043	2945	41.8584
C14orf132	NA	25	7857	0.128899
C14orf142	NA	537	1176	18.4983
C14orf159	NA	644	4324	6.03345
C14orf166	NA	3131	1051	120.683
C14orf169	NA	6	2467	0.0985253
C14orf177	NA	0	1289	0
C14orf178	NA	2	646	0.125419
C14orf180	NA	1	2368	0.0171074
C14orf2	NA	3723	921	163.757
C14orf28	NA	100	2906	1.39402
C14orf37	NA	27	3082	0.354893
C14orf39	NA	2	2763	0.0293234
C14orf79	NA	415	1890	8.89513
C14orf80	NA	974	2048	19.2661
C14orf93	NA	130	2490	2.115
C15orf26	NA	1	1575	0.0257208
C15orf27	NA	8	2399	0.135091
C15orf32	NA	0	1764	0
C15orf38-AP3S2	NA	1224	6256	7.92594
C15orf39	NA	1328	4427	12.1522
C15orf40	NA	649	2656	9.8988
C15orf41	NA	104	3323	1.26785
C15orf43	NA	0	1275	0
C15orf48	NA	0	953	0
C15orf52	NA	326	5327	2.47914
C15orf53	NA	0	2043	0
C15orf54	NA	0	3090	0
C15orf56	NA	93	2127	1.77126
C15orf57	NA	669	2882	9.40368
C15orf59	NA	210	5974	1.42403
C15orf59-AS1	NA	2	785	0.103211
C15orf61	NA	536	1297	16.7414
C15orf62	NA	59	2490	0.959883
C15orf65	NA	34	752	1.83158
C16orf13	NA	1363	968	57.0409
C16orf45	NA	359	2342	6.20974
C16orf46	NA	78	2226	1.4195
C16orf47	NA	0	1307	0
C16orf52	NA	286	4442	2.60827
C16orf54	NA	0	2596	0
C16orf58	NA	1265	2813	18.2174
C16orf59	NA	538	1628	13.3873
C16orf62	NA	799	3894	8.31221
C16orf70	NA	622	2841	8.86921
C16orf71	NA	12	2706	0.179647
C16orf72	NA	1566	3979	15.9435
C16orf74	NA	18	897	0.812916
C16orf78	NA	0	1083	0
C16orf82	NA	0	2269	0
C16orf86	NA	7	1269	0.223461
C16orf87	NA	278	1383	8.14308
C16orf89	NA	1	1907	0.021243
C16orf90	NA	1	904	0.0448123
C16orf91	NA	1070	978	44.3211
C16orf92	NA	7	895	0.316841
C16orf93	NA	177	1792	4.0013
C16orf95	NA	133	1161	4.64072
C16orf96	NA	19	3426	0.224663
C16orf97	NA	0	448	0
C17orf100	NA	54	1559	1.40318
C17orf102	NA	0	3997	0
C17orf104	NA	50	4680	0.432803
C17orf105	NA	0	827	0
C17orf107	NA	24	3082	0.31546
C17orf112	NA	0	835	0
C17orf47	NA	1	2127	0.0190458
C17orf49	NA	605	903	27.1415
C17orf50	NA	3	1031	0.117877
C17orf51	NA	464	7912	2.37573
C17orf53	NA	410	2725	6.09513
C17orf58	NA	240	1566	6.20848
C17orf59	NA	717	1914	15.1755
C17orf62	NA	1044	3195	13.2372
C17orf64	NA	3	960	0.126595
C17orf67	NA	66	2012	1.32887
C17orf74	NA	6	1649	0.1474
C17orf75	NA	567	4583	5.01186
C17orf77	NA	0	2761	0
C17orf78	NA	1	1862	0.0217564
C17orf80	NA	876	4088	8.68079
C17orf82	NA	0	1530	0
C17orf85	NA	1494	8184	7.39522
C17orf89	NA	1705	560	123.34
C17orf96	NA	2122	3229	26.6222
C17orf97	NA	171	1839	3.76687
C17orf98	NA	3	566	0.214719
C17orf99	NA	0	1090	0
C18orf21	NA	712	1127	25.593
C18orf25	NA	2584	5465	19.1544
C18orf32	NA	785	1653	19.2381
C18orf42	NA	0	2302	0
C18orf54	NA	348	5693	2.4763
C18orf61	NA	1	2713	0.0149319
C18orf63	NA	1	5065	0.00799809
C18orf65	NA	0	2076	0
C18orf8	NA	636	2226	11.5744
C19orf12	NA	586	5181	4.58194
C19orf18	NA	36	915	1.59385
C19orf24	NA	1265	895	57.2576
C19orf25	NA	1419	2257	25.4693
C19orf26	NA	392	2564	6.19347
C19orf33	NA	4	461	0.3515
C19orf35	NA	2	2570	0.0315256
C19orf38	NA	21	1089	0.781191
C19orf43	NA	4900	910	218.133
C19orf44	NA	1708	3897	17.7551
C19orf45	NA	19	1679	0.458425
C19orf47	NA	1100	2243	19.8669
C19orf48	NA	5165	2246	93.1593
C19orf52	NA	664	1396	19.2685
C19orf53	NA	3310	909	147.513
C19orf54	NA	554	2753	8.1521
C19orf57	NA	54	2420	0.90395
C19orf60	NA	579	880	26.654
C19orf66	NA	433	2135	8.21591
C19orf67	NA	0	1447	0
C19orf68	NA	883	3588	9.96952
C19orf70	NA	903	1100	33.2553
C19orf71	NA	62	671	3.74313
C19orf73	NA	48	744	2.61357
C19orf80	NA	1	872	0.0464568
C19orf81	NA	272	765	14.4037
C19orf84	NA	12	1447	0.335953
C1D	NA	351	1284	11.0741
C1GALT1	NA	698	6237	4.53362
C1GALT1C1	NA	280	1904	5.9574
C1GALT1C1L	NA	0	1170	0
C1QA	NA	0	1098	0
C1QB	NA	0	1044	0
C1QBP	NA	9938	1163	346.167
C1QC	NA	0	1191	0
C1QL1	NA	507	1500	13.6925
C1QL2	NA	0	2049	0
C1QL3	NA	0	2493	0
C1QL4	NA	32	2065	0.627763
C1QTNF1	NA	8	3642	0.0889848
C1QTNF1-AS1	NA	0	966	0
C1QTNF2	NA	1	2397	0.0169004
C1QTNF3	NA	16	3826	0.169411
C1QTNF3-AMACR	NA	487	3612	5.46194
C1QTNF4	NA	44	1414	1.26058
C1QTNF5	NA	40	3925	0.412844
C1QTNF6	NA	303	2936	4.18073
C1QTNF7	NA	0	4839	0
C1QTNF8	NA	16	3406	0.190301
C1QTNF9	NA	39	1973	0.800762
C1QTNF9B	NA	78	1402	2.25378
C1QTNF9B-AS1	NA	73	905	3.26768
C1R	NA	33	2266	0.589956
C1RL	NA	26	3742	0.281472
C1RL-AS1	NA	1	5272	0.00768405
C1S	NA	70	2810	1.00915
C1orf100	NA	0	574	0
C1orf101	NA	6	3194	0.0760996
C1orf105	NA	78	1282	2.46475
C1orf106	NA	817	4408	7.50838
C1orf109	NA	964	2551	15.3085
C1orf110	NA	0	1552	0
C1orf111	NA	0	1173	0
C1orf112	NA	329	3363	3.9631
C1orf115	NA	56	2972	0.763317
C1orf116	NA	3	5502	0.0220885
C1orf122	NA	2310	1318	71.0007
C1orf123	NA	812	1566	21.0054
C1orf127	NA	2	2761	0.0293447
C1orf131	NA	510	1444	14.3077
C1orf137	NA	0	386	0
C1orf140	NA	0	4492	0
C1orf141	NA	0	2533	0
C1orf145	NA	28	3534	0.320965
C1orf146	NA	2	751	0.107884
C1orf158	NA	0	1048	0
C1orf159	NA	627	2104	12.0722
C1orf162	NA	7	1030	0.275313
C1orf167	NA	44	4672	0.381519
C1orf168	NA	0	3460	0
C1orf174	NA	896	1666	21.7871
C1orf177	NA	0	1789	0
C1orf185	NA	0	911	0
C1orf186	NA	0	1665	0
C1orf189	NA	42	705	2.41338
C1orf194	NA	1	731	0.0554177
C1orf195	NA	0	719	0
C1orf198	NA	714	4132	7.00009
C1orf204	NA	0	2501	0
C1orf21	NA	0	10308	0
C1orf210	NA	3	1513	0.0803245
C1orf216	NA	1314	2934	18.1427
C1orf220	NA	6	2577	0.0943198
C1orf226	NA	30	4252	0.285821
C1orf228	NA	67	1685	1.6108
C1orf229	NA	11	2258	0.197349
C1orf233	NA	315	2089	6.10855
C1orf234	NA	1	510	0.079432
C1orf27	NA	645	3896	6.70667
C1orf35	NA	970	1611	24.3917
C1orf43	NA	3024	2763	44.337
C1orf50	NA	275	1015	10.9757
C1orf52	NA	623	3390	7.44482
C1orf53	NA	37	683	2.19456
C1orf54	NA	30	660	1.84138
C1orf56	NA	311	2028	6.21238
C1orf61	NA	8	879	0.368695
C1orf64	NA	0	927	0
C1orf68	NA	0	908	0
C1orf74	NA	301	4855	2.51156
C1orf87	NA	1	2028	0.0199755
C1orf94	NA	0	3293	0
C1orf95	NA	3	7705	0.015773
C2	NA	3407	25975	5.31352
C2-AS1	NA	7	5334	0.0531632
C20orf141	NA	0	751	0
C20orf144	NA	1	570	0.0710708
C20orf166-AS1	NA	0	2449	0
C20orf173	NA	0	2400	0
C20orf194	NA	319	6909	1.87043
C20orf195	NA	31	1111	1.13035
C20orf196	NA	59	2148	1.11271
C20orf197	NA	0	3337	0
C20orf202	NA	2	1604	0.0505116
C20orf203	NA	0	4793	0
C20orf24	NA	2322	1253	75.0718
C20orf27	NA	3831	2129	72.8958
C20orf62	NA	0	700	0
C20orf78	NA	0	1033	0
C20orf85	NA	0	757	0
C20orf96	NA	527	1608	13.2767
C21orf140	NA	13	961	0.548007
C21orf2	NA	312	2795	4.52208
C21orf33	NA	1939	1667	47.1203
C21orf58	NA	144	3802	1.53432
C21orf59	NA	3242	1427	92.0354
C21orf62	NA	3	4121	0.0294907
C21orf62-AS1	NA	10	1202	0.337024
C21orf91	NA	608	5433	4.53346
C21orf91-OT1	NA	1	497	0.0815097
C22orf15	NA	0	864	0
C22orf23	NA	177	2010	3.56733
C22orf24	NA	14	1598	0.354909
C22orf29	NA	1711	6635	10.4466
C22orf31	NA	1	1070	0.0378601
C22orf34	NA	74	3815	0.785784
C22orf39	NA	824	2785	11.9858
C22orf42	NA	0	805	0
C22orf46	NA	749	4975	6.09894
C2CD2	NA	1762	6466	11.0392
C2CD2L	NA	270	3384	3.23221
C2CD3	NA	2308	8137	11.4905
C2CD4A	NA	16	3445	0.188147
C2CD4B	NA	6	1576	0.154227
C2CD4C	NA	168	3124	2.17853
C2CD4D	NA	0	1713	0
C2CD5	NA	1111	4990	9.01944
C2orf15	NA	8	1408	0.230172
C2orf16	NA	0	6201	0
C2orf27A	NA	23	1219	0.764346
C2orf27B	NA	6	1325	0.183443
C2orf40	NA	1	782	0.0518035
C2orf42	NA	209	2524	3.35446
C2orf44	NA	842	3894	8.75955
C2orf47	NA	600	1511	16.0862
C2orf48	NA	11	1902	0.234287
C2orf49	NA	736	4371	6.82123
C2orf50	NA	3	1056	0.115086
C2orf54	NA	36	2691	0.541944
C2orf57	NA	0	1420	0
C2orf61	NA	2	2384	0.0339852
C2orf66	NA	6	2256	0.10774
C2orf68	NA	559	4265	5.30956
C2orf69	NA	457	3728	4.96599
C2orf70	NA	0	695	0
C2orf71	NA	0	7046	0
C2orf72	NA	522	3579	5.90846
C2orf73	NA	0	1921	0
C2orf74	NA	6	976	0.249039
C2orf76	NA	174	950	7.41979
C2orf78	NA	11	3045	0.146343
C2orf80	NA	9	1214	0.300324
C2orf81	NA	2068	2229	37.5843
C2orf82	NA	10	465	0.87119
C2orf83	NA	1	2087	0.0194108
C2orf88	NA	34	4472	0.307995
C2orf91	NA	2	3721	0.0217739
C3	NA	154	5132	1.21563
C3AR1	NA	1	1955	0.0207214
C3P1	NA	1	3763	0.0107654
C3orf14	NA	324	3835	3.42252
C3orf17	NA	1159	4860	9.6608
C3orf18	NA	176	2827	2.52204
C3orf20	NA	3	3328	0.0365177
C3orf22	NA	0	2184	0
C3orf30	NA	0	1814	0
C3orf33	NA	162	1952	3.36203
C3orf35	NA	13	2821	0.186684
C3orf36	NA	0	1667	0
C3orf38	NA	777	2630	11.9683
C3orf49	NA	1	1289	0.0314277
C3orf52	NA	1	2307	0.0175597
C3orf56	NA	1	1739	0.0232952
C3orf58	NA	7	4593	0.0617401
C3orf62	NA	233	3590	2.62922
C3orf67	NA	10	2551	0.158802
C3orf67-AS1	NA	0	2203	0
C3orf70	NA	7	5901	0.048055
C3orf79	NA	1	580	0.0698454
C3orf80	NA	27	2578	0.424274
C3orf84	NA	0	702	0
C4A	NA	344	31797	0.438266
C4B	NA	636	48084	0.535824
C4BPA	NA	0	2243	0
C4BPB	NA	0	1220	0
C4B_2	NA	636	48084	0.535824
C4orf17	NA	0	1636	0
C4orf19	NA	2	3794	0.0213549
C4orf22	NA	2	946	0.0856455
C4orf26	NA	2	2062	0.0392923
C4orf27	NA	760	1216	25.319
C4orf29	NA	78	2187	1.44481
C4orf3	NA	2860	3040	38.1117
C4orf32	NA	19	2726	0.282354
C4orf33	NA	14	1944	0.291741
C4orf36	NA	12	908	0.535379
C4orf45	NA	0	817	0
C4orf46	NA	647	3734	7.01933
C4orf47	NA	15	974	0.623876
C4orf48	NA	417	540	31.283
C4orf51	NA	0	845	0
C5	NA	187	5464	1.38643
C5AR1	NA	386	2341	6.67962
C5AR2	NA	0	1725	0
C5orf15	NA	1615	2281	28.6822
C5orf17	NA	0	1986	0
C5orf22	NA	1078	3612	12.0903
C5orf24	NA	955	5141	7.52526
C5orf28	NA	212	2761	3.11054
C5orf30	NA	162	3010	2.18029
C5orf34	NA	213	2533	3.40651
C5orf38	NA	0	1927	0
C5orf42	NA	377	11199	1.36373
C5orf45	NA	1300	1201	43.8497
C5orf46	NA	0	542	0
C5orf47	NA	0	2522	0
C5orf49	NA	19	2385	0.322724
C5orf51	NA	1045	5222	8.10672
C5orf52	NA	0	697	0
C5orf56	NA	2	805	0.100647
C5orf58	NA	0	1743	0
C5orf60	NA	2	1220	0.0664104
C5orf63	NA	1	6324	0.00640581
C5orf64	NA	0	3950	0
C5orf66	NA	1078	2474	17.6516
C5orf66-AS1	NA	3	843	0.144165
C5orf66-AS2	NA	0	2160	0
C5orf67	NA	0	938	0
C6	NA	0	3967	0
C6orf1	NA	341	1187	11.6378
C6orf10	NA	3	14975	0.00811559
C6orf106	NA	2478	4429	22.6653
C6orf118	NA	0	1839	0
C6orf120	NA	1705	4146	16.6595
C6orf132	NA	23	6742	0.138199
C6orf136	NA	275	13775	0.808736
C6orf141	NA	7	1696	0.167201
C6orf15	NA	4	6816	0.0237737
C6orf163	NA	22	1304	0.683457
C6orf165	NA	70	2215	1.28024
C6orf201	NA	152	3068	2.00703
C6orf203	NA	278	1794	6.27752
C6orf222	NA	4	3735	0.0433846
C6orf223	NA	9	3623	0.100633
C6orf226	NA	34	552	2.4952
C6orf229	NA	0	821	0
C6orf25	NA	147	17809	0.334383
C6orf47	NA	1021	17327	2.38709
C6orf48	NA	1898	4300	17.8811
C6orf52	NA	80	881	3.67858
C6orf58	NA	0	1201	0
C6orf62	NA	2518	2472	41.2642
C6orf7	NA	79	905	3.53626
C6orf89	NA	1340	7239	7.49881
C6orf99	NA	7	1176	0.241133
C7	NA	1	4013	0.0100948
C7orf13	NA	121	2289	2.14144
C7orf25	NA	416	1825	9.23414
C7orf26	NA	756	2178	14.0614
C7orf31	NA	339	3609	3.80521
C7orf33	NA	0	1354	0
C7orf34	NA	0	768	0
C7orf43	NA	667	2556	10.5714
C7orf49	NA	1152	4358	10.7086
C7orf50	NA	2807	1293	87.9447
C7orf55	NA	252	1474	6.92578
C7orf55-LUC7L2	NA	3591	2747	52.9569
C7orf57	NA	26	2134	0.493565
C7orf60	NA	211	3942	2.16836
C7orf61	NA	14	1004	0.564885
C7orf62	NA	0	1019	0
C7orf65	NA	3	2911	0.0417489
C7orf66	NA	0	435	0
C7orf69	NA	31	807	1.55616
C7orf71	NA	0	1956	0
C7orf72	NA	0	1404	0
C7orf73	NA	1492	2498	24.1959
C7orf76	NA	0	2707	0
C7orf77	NA	1	669	0.0605536
C8A	NA	0	2392	0
C8B	NA	0	2513	0
C8G	NA	6	877	0.277152
C8orf22	NA	0	2027	0
C8orf31	NA	18	2125	0.343146
C8orf33	NA	3316	2617	51.3306
C8orf34	NA	1	5363	0.00755367
C8orf34-AS1	NA	0	1600	0
C8orf37	NA	154	3373	1.84957
C8orf37-AS1	NA	2	878	0.0922787
C8orf4	NA	0	1841	0
C8orf44	NA	64	1885	1.37542
C8orf44-SGK3	NA	166	4563	1.47375
C8orf46	NA	13	3465	0.151987
C8orf48	NA	8	1446	0.224124
C8orf49	NA	0	1968	0
C8orf58	NA	608	2061	11.9506
C8orf59	NA	1641	1184	56.1465
C8orf74	NA	0	1036	0
C8orf76	NA	678	1342	20.4665
C8orf82	NA	502	1932	10.526
C8orf86	NA	1	2250	0.0180046
C8orf87	NA	0	588	0
C8orf88	NA	14	1053	0.538599
C8orf89	NA	0	563	0
C9	NA	0	2692	0
C9orf106	NA	3	843	0.144165
C9orf114	NA	2165	4286	20.4631
C9orf116	NA	273	722	15.3176
C9orf117	NA	91	1722	2.14079
C9orf129	NA	138	1154	4.84439
C9orf131	NA	1	3551	0.0114081
C9orf135	NA	0	1273	0
C9orf135-AS1	NA	0	953	0
C9orf139	NA	2	3815	0.0212374
C9orf142	NA	614	812	30.6322
C9orf152	NA	1	2656	0.0152524
C9orf153	NA	2	1971	0.0411064
C9orf156	NA	282	1647	6.9362
C9orf16	NA	1400	713	79.5434
C9orf163	NA	15	2573	0.236166
C9orf170	NA	0	3409	0
C9orf171	NA	19	1848	0.416502
C9orf172	NA	58	2931	0.801637
C9orf173	NA	5	1207	0.167814
C9orf173-AS1	NA	6	1701	0.142894
C9orf24	NA	3	1331	0.091308
C9orf3	NA	161	5178	1.25959
C9orf40	NA	1046	2325	18.2253
C9orf41	NA	227	2193	4.19327
C9orf41-AS1	NA	14	1809	0.313513
C9orf43	NA	2	2228	0.0363648
C9orf47	NA	1	4896	0.00827417
C9orf50	NA	4	1620	0.100026
C9orf57	NA	0	1497	0
C9orf62	NA	0	1920	0
C9orf64	NA	0	2473	0
C9orf66	NA	0	2786	0
C9orf69	NA	1311	3205	16.5707
C9orf72	NA	159	4562	1.41191
C9orf78	NA	2096	1818	46.705
C9orf84	NA	3	5413	0.0224517
C9orf85	NA	244	1315	7.51675
C9orf89	NA	322	906	14.3977
C9orf9	NA	175	719	9.85996
C9orf91	NA	659	4356	6.12863
C9orf92	NA	1	447	0.0906272
CA1	NA	1	1511	0.0268103
CA10	NA	0	3867	0
CA11	NA	2894	1653	70.9237
CA12	NA	339	4209	3.26277
CA13	NA	3	3855	0.0315256
CA14	NA	1902	1821	42.3123
CA2	NA	27	1666	0.65653
CA3	NA	1	1751	0.0231355
CA3-AS1	NA	1	1436	0.0282105
CA4	NA	7	1154	0.24573
CA5A	NA	0	1084	0
CA5B	NA	90	6032	0.604431
CA5BP1	NA	176	994	7.17286
CA6	NA	1	1463	0.0276899
CA7	NA	7	1849	0.153365
CA8	NA	0	2278	0
CA9	NA	1	1554	0.0260684
CAAP1	NA	546	2969	7.44986
CAB39	NA	1487	4340	13.8799
CAB39L	NA	1209	4176	11.7282
CABIN1	NA	0	7581	0
CABLES1	NA	6983	5240	53.9854
CABLES2	NA	286	3785	3.06102
CABP1	NA	22	1960	0.454708
CABP2	NA	0	957	0
CABP4	NA	1	4335	0.00934494
CABP5	NA	0	1828	0
CABP7	NA	447	2980	6.07655
CABS1	NA	0	1544	0
CABYR	NA	32	2404	0.539239
CACFD1	NA	301	2880	4.23389
CACHD1	NA	21	5848	0.145471
CACNA1A	NA	53	8738	0.245714
CACNA1B	NA	447	9790	1.84965
CACNA1C	NA	37	14169	0.105786
CACNA1C-AS1	NA	4	2230	0.0726643
CACNA1C-AS2	NA	1	609	0.0665194
CACNA1C-AS4	NA	0	737	0
CACNA1C-IT2	NA	0	588	0
CACNA1C-IT3	NA	0	430	0
CACNA1D	NA	1	7827	0.00517572
CACNA1E	NA	1	15088	0.00268494
CACNA1F	NA	3	6110	0.0198905
CACNA1G	NA	95	8267	0.465523
CACNA1G-AS1	NA	0	1433	0
CACNA1H	NA	947	8088	4.74324
CACNA1I	NA	14	10002	0.0567031
CACNA1S	NA	2	6168	0.0131356
CACNA2D1	NA	72	7864	0.370898
CACNA2D2	NA	174	5862	1.20246
CACNA2D3	NA	1	3675	0.0110232
CACNA2D3-AS1	NA	0	2078	0
CACNA2D4	NA	0	5343	0
CACNB1	NA	527	4111	5.19313
CACNB2	NA	7	5992	0.0473252
CACNB3	NA	255	3235	3.19324
CACNB4	NA	13	8362	0.0629795
CACNG1	NA	0	1318	0
CACNG2	NA	4	4523	0.0358261
CACNG3	NA	0	2703	0
CACNG4	NA	84	3430	0.99209
CACNG5	NA	1	926	0.0437477
CACNG6	NA	4	1899	0.0853298
CACNG7	NA	2132	2345	36.8307
CACNG8	NA	877	8751	4.05983
CACTIN	NA	1539	3624	17.2035
CACTIN-AS1	NA	456	1913	9.65641
CACUL1	NA	1748	6740	10.5062
CACYBP	NA	3033	3315	37.0642
CAD	NA	3333	7114	18.9796
CADM1	NA	1	4394	0.00921947
CADM2	NA	0	9881	0
CADM2-AS2	NA	0	768	0
CADM3	NA	0	3698	0
CADM3-AS1	NA	0	3294	0
CADM4	NA	2167	2176	40.3428
CADPS	NA	2	5551	0.0145957
CADPS2	NA	86	6090	0.572067
CAGE1	NA	10	3425	0.118278
CAHM	NA	30	886	1.37168
CALB1	NA	3	2535	0.0479412
CALB2	NA	10	1470	0.275581
CALCA	NA	0	1412	0
CALCB	NA	0	1031	0
CALCOCO1	NA	2305	3046	30.6554
CALCOCO2	NA	1512	3817	16.0471
CALCR	NA	1	3986	0.0101632
CALCRL	NA	20	6155	0.131634
CALD1	NA	24	5506	0.17658
CALHM1	NA	2	3056	0.026512
CALHM2	NA	58	1949	1.20554
CALHM3	NA	1	1652	0.024522
CALM1	NA	4513	4256	42.9566
CALM2	NA	11663	4855	97.3166
CALM3	NA	6378	2259	114.376
CALML3	NA	0	1380	0
CALML3-AS1	NA	0	3709	0
CALML4	NA	346	4635	3.02407
CALML5	NA	0	876	0
CALML6	NA	37	1101	1.36138
CALN1	NA	0	9981	0
CALR	NA	14732	1911	312.296
CALR3	NA	5	1292	0.156774
CALU	NA	4987	6365	31.74
CALY	NA	515	983	21.2236
CAMK1	NA	37	1492	1.00461
CAMK1D	NA	10	8867	0.0456866
CAMK1G	NA	710	2470	11.6447
CAMK2A	NA	246	4904	2.03213
CAMK2B	NA	30	4589	0.264831
CAMK2D	NA	2281	6094	15.1631
CAMK2G	NA	579	3914	5.99271
CAMK2N1	NA	135	2351	2.3262
CAMK2N2	NA	256	1360	7.62548
CAMK4	NA	3	2241	0.0542307
CAMKK1	NA	109	4470	0.987836
CAMKK2	NA	928	6261	6.00441
CAMKMT	NA	79	1555	2.05808
CAMKV	NA	109	3028	1.45827
CAMLG	NA	1123	2242	20.2913
CAMP	NA	0	745	0
CAMSAP1	NA	1716	7631	9.10965
CAMSAP2	NA	931	7388	5.10492
CAMSAP3	NA	294	4185	2.84589
CAMTA1	NA	1148	9283	5.00979
CAMTA2	NA	1550	4927	12.7443
CAND1	NA	3176	5992	21.4721
CAND1.11	NA	6	1019	0.23853
CAND2	NA	476	4592	4.19924
CANT1	NA	1613	3674	17.7853
CANX	NA	12080	4950	98.8616
CAP1	NA	11087	2773	161.968
CAP2	NA	476	3027	6.37031
CAPG	NA	63	1677	1.52186
CAPN1	NA	2591	3397	30.8985
CAPN10	NA	604	2644	9.25425
CAPN10-AS1	NA	104	3567	1.18113
CAPN11	NA	6	2728	0.089099
CAPN12	NA	1006	3129	13.0244
CAPN13	NA	0	2681	0
CAPN14	NA	0	3822	0
CAPN15	NA	1918	4744	16.3783
CAPN2	NA	5366	3727	58.3253
CAPN3	NA	22	3662	0.243372
CAPN5	NA	273	4390	2.51921
CAPN6	NA	0	3595	0
CAPN7	NA	678	4368	6.28801
CAPN8	NA	4	2101	0.0771258
CAPN9	NA	0	2593	0
CAPNS1	NA	6563	1821	146.002
CAPNS2	NA	0	1009	0
CAPRIN1	NA	7584	6861	44.7792
CAPRIN2	NA	595	4529	5.32207
CAPS	NA	75	2147	1.41513
CAPS2	NA	51	4558	0.453275
CAPSL	NA	0	1098	0
CAPZA1	NA	4487	2740	66.3394
CAPZA2	NA	1545	2356	26.5656
CAPZA3	NA	0	1078	0
CAPZB	NA	6302	2907	87.8212
CARD10	NA	766	3899	7.95869
CARD11	NA	1	4431	0.00914248
CARD14	NA	43	4912	0.35463
CARD16	NA	1	758	0.0534437
CARD17	NA	0	466	0
CARD18	NA	0	660	0
CARD6	NA	0	4097	0
CARD8	NA	364	5766	2.55736
CARD8-AS1	NA	10	1963	0.20637
CARD9	NA	52	2123	0.992246
CARF	NA	64	6265	0.413833
CARHSP1	NA	963	3721	10.4841
CARKD	NA	1057	2862	14.9614
CARM1	NA	2462	2968	33.6039
CARNS1	NA	17	3969	0.173514
CARS	NA	2498	2827	35.7958
CARS2	NA	1788	1909	37.9426
CARTPT	NA	0	915	0
CASC1	NA	9	2738	0.13316
CASC10	NA	1793	1989	36.5184
CASC11	NA	10	1520	0.266515
CASC15	NA	1	1889	0.0214454
CASC16	NA	0	1001	0
CASC17	NA	0	2062	0
CASC18	NA	11	2704	0.164798
CASC19	NA	0	323	0
CASC2	NA	28	5214	0.217547
CASC20	NA	0	1563	0
CASC21	NA	0	585	0
CASC23	NA	0	1583	0
CASC3	NA	2492	4180	24.1511
CASC4	NA	783	3985	7.95975
CASC5	NA	296	7685	1.56032
CASC6	NA	0	1608	0
CASC8	NA	1	1932	0.0209681
CASC9	NA	0	1648	0
CASD1	NA	392	3879	4.09385
CASK	NA	677	8311	3.2999
CASKIN1	NA	1207	5695	8.58577
CASKIN2	NA	788	5180	6.16258
CASP1	NA	1	2007	0.0201845
CASP10	NA	125	6684	0.757599
CASP12	NA	0	1783	0
CASP14	NA	0	3144	0
CASP1P2	NA	0	2195	0
CASP2	NA	659	4355	6.13004
CASP3	NA	1517	2673	22.9907
CASP4	NA	0	1418	0
CASP5	NA	0	1488	0
CASP6	NA	570	1661	13.9018
CASP7	NA	247	3093	3.23506
CASP8	NA	468	3641	5.20704
CASP8AP2	NA	674	6763	4.03726
CASP9	NA	316	3304	3.87448
CASQ1	NA	16	1958	0.331034
CASQ2	NA	0	2700	0
CASR	NA	0	5141	0
CASS4	NA	2	3258	0.0248682
CAST	NA	1442	5161	11.3187
CASZ1	NA	47	8554	0.222584
CAT	NA	503	2300	8.85943
CATIP	NA	12	1323	0.367441
CATIP-AS1	NA	2	547	0.148118
CATIP-AS2	NA	0	1183	0
CATSPER1	NA	0	2619	0
CATSPER2	NA	48	1954	0.995136
CATSPER2P1	NA	21	1635	0.520316
CATSPER3	NA	12	1367	0.355614
CATSPER4	NA	0	1419	0
CATSPERB	NA	0	3623	0
CATSPERD	NA	1	2513	0.0161203
CATSPERG	NA	157	3724	1.70787
CAV1	NA	0	3658	0
CAV2	NA	0	3306	0
CAV3	NA	0	1431	0
CBFA2T2	NA	715	7917	3.65857
CBFA2T3	NA	233	4553	2.07312
CBFB	NA	1690	3133	21.852
CBL	NA	1602	11231	5.77843
CBLB	NA	103	3976	1.04944
CBLC	NA	23	1591	0.58563
CBLL1	NA	900	4505	8.09307
CBLN1	NA	4	2434	0.0665741
CBLN2	NA	31	2894	0.433939
CBLN3	NA	53	2344	0.915976
CBLN4	NA	0	3107	0
CBR1	NA	1	1952	0.0207532
CBR3	NA	589	1112	21.4574
CBR3-AS1	NA	240	2126	4.57313
CBR4	NA	638	3501	7.38235
CBS	NA	2102	2728	31.2143
CBWD1	NA	2390	1821	53.1684
CBWD2	NA	826	1827	18.315
CBWD3	NA	1284	1723	30.1888
CBWD5	NA	4451	3761	47.9424
CBWD6	NA	2209	1719	52.0578
CBX1	NA	3620	2676	54.801
CBX2	NA	1318	4996	10.6871
CBX3	NA	6323	2453	104.422
CBX3P2	NA	13	1429	0.368533
CBX4	NA	794	2649	12.1424
CBX5	NA	6650	11867	22.7011
CBX6	NA	3013	6165	19.7985
CBX7	NA	298	3962	3.04697
CBX8	NA	302	1546	7.9134
CBY1	NA	780	1271	24.8608
CBY3	NA	0	810	0
CC2D1A	NA	542	3640	6.03203
CC2D1B	NA	1473	5654	10.5539
CC2D2A	NA	251	6413	1.58554
CC2D2B	NA	1	2114	0.0191629
CCAR1	NA	3224	4759	27.4439
CCAR2	NA	4571	4202	44.0678
CCAT1	NA	2	2795	0.0289877
CCAT2	NA	0	1752	0
CCBE1	NA	2	6260	0.0129426
CCBL1	NA	314	2519	5.04972
CCBL2	NA	1258	2152	23.6812
CCDC101	NA	246	1151	8.65816
CCDC102A	NA	401	2429	6.68779
CCDC102B	NA	4	2919	0.0555126
CCDC103	NA	83	1799	1.86901
CCDC105	NA	0	1751	0
CCDC106	NA	1188	1992	24.1598
CCDC107	NA	276	1258	8.8878
CCDC108	NA	17	8871	0.0776323
CCDC109B	NA	296	1274	9.41213
CCDC110	NA	36	2896	0.503582
CCDC112	NA	117	2877	1.64745
CCDC113	NA	558	5266	4.29259
CCDC114	NA	72	3220	0.905821
CCDC115	NA	507	2489	8.2518
CCDC116	NA	4	2192	0.073924
CCDC117	NA	1772	4078	17.6028
CCDC12	NA	1171	1167	40.6492
CCDC120	NA	106	4532	0.947506
CCDC121	NA	70	2844	0.99709
CCDC122	NA	0	2008	0
CCDC124	NA	2188	1083	81.8436
CCDC125	NA	10	3710	0.109192
CCDC126	NA	61	2473	0.999244
CCDC127	NA	589	1420	16.8032
CCDC129	NA	0	5715	0
CCDC13	NA	53	2830	0.758674
CCDC13-AS1	NA	0	554	0
CCDC130	NA	584	1632	14.4963
CCDC132	NA	206	5858	1.42457
CCDC134	NA	95	1327	2.90014
CCDC136	NA	222	4363	2.06126
CCDC137	NA	1881	2108	36.148
CCDC138	NA	245	2529	3.92449
CCDC14	NA	714	4305	6.71879
CCDC140	NA	0	1699	0
CCDC141	NA	2	9127	0.00887703
CCDC142	NA	406	4339	3.79055
CCDC144A	NA	2	5968	0.0135758
CCDC144B	NA	2	8695	0.00931808
CCDC144CP	NA	1	4204	0.00963614
CCDC144NL	NA	0	2806	0
CCDC144NL-AS1	NA	79	3469	0.922547
CCDC146	NA	26	3333	0.316012
CCDC148	NA	37	2979	0.50315
CCDC148-AS1	NA	2	795	0.101913
CCDC149	NA	22	4224	0.210991
CCDC15	NA	79	3893	0.82207
CCDC150	NA	170	3685	1.86886
CCDC151	NA	236	2255	4.23966
CCDC152	NA	14	3491	0.162459
CCDC153	NA	32	767	1.69013
CCDC154	NA	24	2191	0.443746
CCDC155	NA	3	2383	0.0509992
CCDC157	NA	269	3003	3.6288
CCDC158	NA	1	3626	0.0111722
CCDC159	NA	22	1063	0.838408
CCDC160	NA	479	1299	14.938
CCDC162P	NA	2	715	0.113316
CCDC163P	NA	50	2169	0.933848
CCDC166	NA	2	1320	0.0613793
CCDC167	NA	194	620	12.6758
CCDC168	NA	9	21470	0.0169815
CCDC169	NA	0	1539	0
CCDC169-SOHLH2	NA	1	2650	0.0152869
CCDC17	NA	55	2250	0.990253
CCDC170	NA	3	5283	0.0230042
CCDC171	NA	57	4359	0.529729
CCDC172	NA	0	1699	0
CCDC173	NA	42	2169	0.784433
CCDC174	NA	499	2960	6.82928
CCDC175	NA	22	2610	0.341466
CCDC176	NA	100	3107	1.30384
CCDC177	NA	8	4179	0.0775503
CCDC178	NA	0	3496	0
CCDC179	NA	0	800	0
CCDC18	NA	268	4790	2.26655
CCDC180	NA	114	5635	0.819552
CCDC181	NA	4	2402	0.067461
CCDC182	NA	0	849	0
CCDC183	NA	49	1716	1.15676
CCDC183-AS1	NA	65	2386	1.10359
CCDC184	NA	315	2344	5.44401
CCDC185	NA	0	2098	0
CCDC186	NA	196	6277	1.26494
CCDC22	NA	283	2319	4.94369
CCDC23	NA	292	798	14.8233
CCDC24	NA	119	1461	3.29961
CCDC25	NA	1545	3640	17.1946
CCDC26	NA	75	2026	1.49964
CCDC27	NA	2	2174	0.037268
CCDC28A	NA	260	1496	7.04057
CCDC28B	NA	225	1665	5.47437
CCDC3	NA	6	3811	0.0637791
CCDC30	NA	13	3098	0.169992
CCDC33	NA	2	3843	0.0210827
CCDC34	NA	881	2943	12.1269
CCDC36	NA	0	3068	0
CCDC37	NA	7	2086	0.135941
CCDC37-AS1	NA	0	933	0
CCDC38	NA	1	1954	0.020732
CCDC39	NA	26	3854	0.273292
CCDC40	NA	154	4981	1.25248
CCDC42	NA	0	1380	0
CCDC42B	NA	1062	1514	28.4161
CCDC43	NA	2387	2138	45.2283
CCDC47	NA	3170	3419	37.56
CCDC50	NA	420	8949	1.90126
CCDC51	NA	719	1719	16.9441
CCDC53	NA	374	1015	14.927
CCDC54	NA	0	1294	0
CCDC57	NA	407	2997	5.5014
CCDC58	NA	946	746	51.371
CCDC59	NA	2003	1744	46.5265
CCDC6	NA	3820	5826	26.5619
CCDC60	NA	0	2450	0
CCDC61	NA	169	1823	3.75548
CCDC62	NA	31	3216	0.390491
CCDC63	NA	0	1993	0
CCDC64	NA	420	3081	5.52234
CCDC64B	NA	16	1811	0.357905
CCDC65	NA	23	1815	0.513354
CCDC66	NA	418	3136	5.39966
CCDC67	NA	0	2666	0
CCDC68	NA	0	4206	0
CCDC69	NA	149	3399	1.77583
CCDC7	NA	61	7816	0.316163
CCDC70	NA	3	1154	0.105313
CCDC71	NA	1375	1812	30.7405
CCDC71L	NA	6274	4424	57.4507
CCDC73	NA	1900	4032	19.0897
CCDC74A	NA	793	1668	19.2594
CCDC74B	NA	948	1553	24.7288
CCDC77	NA	565	2504	9.14071
CCDC78	NA	348	1611	8.75084
CCDC79	NA	1	2446	0.0165619
CCDC8	NA	3023	3334	36.7315
CCDC80	NA	25	4712	0.214932
CCDC81	NA	127	2781	1.84999
CCDC82	NA	320	2730	4.74846
CCDC83	NA	1	2357	0.0171872
CCDC84	NA	553	1518	14.7577
CCDC85A	NA	14	3983	0.142391
CCDC85B	NA	3688	1232	121.268
CCDC85C	NA	1609	5671	11.4938
CCDC86	NA	4321	2015	86.871
CCDC87	NA	52	2915	0.722654
CCDC88A	NA	1436	9816	5.92633
CCDC88B	NA	256	4920	2.10785
CCDC88C	NA	343	7543	1.84211
CCDC89	NA	88	2434	1.46463
CCDC9	NA	834	2078	16.2587
CCDC90B	NA	2378	4423	21.7801
CCDC91	NA	448	2335	7.77243
CCDC92	NA	931	2526	14.9308
CCDC93	NA	834	6929	4.87597
CCDC94	NA	588	1397	17.0509
CCDC96	NA	81	2153	1.52408
CCDC97	NA	1035	3322	12.6214
CCER1	NA	0	2962	0
CCER2	NA	8	1057	0.306606
CCHCR1	NA	937	18109	2.0961
CCHE1	NA	0	2502	0
CCIN	NA	0	1943	0
CCK	NA	1	1614	0.0250993
CCKAR	NA	0	1682	0
CCKBR	NA	6	2183	0.111343
CCL1	NA	0	594	0
CCL11	NA	0	925	0
CCL13	NA	0	851	0
CCL14	NA	0	554	0
CCL15	NA	0	1080	0
CCL15-CCL14	NA	0	1471	0
CCL16	NA	0	1512	0
CCL17	NA	1	615	0.0658705
CCL18	NA	0	781	0
CCL19	NA	0	684	0
CCL2	NA	1	747	0.0542307
CCL20	NA	3	842	0.144336
CCL21	NA	0	895	0
CCL22	NA	12	2918	0.166595
CCL23	NA	0	626	0
CCL24	NA	0	360	0
CCL25	NA	4	1002	0.161718
CCL26	NA	11	562	0.792907
CCL27	NA	3	459	0.264773
CCL28	NA	1	4194	0.00965912
CCL3	NA	0	796	0
CCL3L1	NA	2	1759	0.0460606
CCL3L3	NA	2	1548	0.0523389
CCL4	NA	1	667	0.0607351
CCL4L1	NA	0	1644	0
CCL4L2	NA	0	2043	0
CCL5	NA	13	1311	0.401704
CCL7	NA	0	815	0
CCL8	NA	0	1250	0
CCM2	NA	583	2170	10.8837
CCM2L	NA	306	2532	4.8958
CCNA1	NA	330	2302	5.8073
CCNA2	NA	3072	2798	44.4774
CCNB1	NA	4927	2167	92.1063
CCNB1IP1	NA	2065	1686	49.6168
CCNB2	NA	1268	1549	33.1615
CCNB3	NA	17	4511	0.152666
CCNC	NA	1582	2307	27.7795
CCND1	NA	4617	4289	43.6084
CCND2	NA	8529	6522	52.9765
CCND2-AS1	NA	320	553	23.4418
CCND3	NA	1214	3161	15.5582
CCNDBP1	NA	339	3650	3.76247
CCNE1	NA	1223	1947	25.4464
CCNE2	NA	174	2726	2.58577
CCNF	NA	1137	4287	10.7442
CCNG1	NA	4615	2468	75.7517
CCNG2	NA	239	5474	1.76872
CCNH	NA	1070	1638	26.4628
CCNI	NA	2508	1873	54.2445
CCNI2	NA	5	2645	0.0765791
CCNJ	NA	573	4138	5.60958
CCNJL	NA	65	3881	0.678478
CCNK	NA	2395	2606	37.2303
CCNL1	NA	2230	3038	29.736
CCNL2	NA	4103	3631	45.7763
CCNO	NA	282	2065	5.53216
CCNT1	NA	1925	7079	11.016
CCNT2	NA	813	7010	4.69827
CCNT2-AS1	NA	14	1405	0.403662
CCNY	NA	1773	5127	14.0091
CCNYL1	NA	882	3911	9.1358
CCNYL2	NA	13	3305	0.159345
CCP110	NA	903	5587	6.54749
CCPG1	NA	806	7223	4.52047
CCR1	NA	2522	2676	38.179
CCR10	NA	141	1244	4.59161
CCR2	NA	0	3581	0
CCR3	NA	42	1865	0.912297
CCR4	NA	19	1657	0.464512
CCR5	NA	23	3661	0.254504
CCR6	NA	6	3687	0.0659241
CCR7	NA	3	2700	0.0450115
CCR8	NA	0	1487	0
CCR9	NA	2	2653	0.0305393
CCRL2	NA	195	1866	4.2334
CCRN4L	NA	391	1984	7.98364
CCS	NA	1805	1032	70.8538
CCSAP	NA	335	5121	2.65006
CCSER1	NA	50	8080	0.250683
CCSER2	NA	624	8100	3.1208
CCT2	NA	6335	2282	112.46
CCT3	NA	23009	2382	391.311
CCT4	NA	12208	2349	210.536
CCT5	NA	11699	4032	117.542
CCT6A	NA	8903	2664	135.384
CCT6B	NA	81	1898	1.72884
CCT6P1	NA	251	1766	5.7577
CCT6P3	NA	420	2244	7.58215
CCT7	NA	13888	2032	276.874
CCT8	NA	18457	2315	322.98
CCT8L2	NA	0	2053	0
CCZ1	NA	1880	1824	41.7541
CCZ1B	NA	3330	1836	73.4746
CD101	NA	29	3563	0.329722
CD109	NA	27	9153	0.1195
CD14	NA	7	1806	0.157017
CD151	NA	1726	1549	45.1393
CD160	NA	9	1633	0.223266
CD163	NA	0	4190	0
CD163L1	NA	0	4645	0
CD164	NA	5492	3112	71.4919
CD164L2	NA	3	1563	0.077755
CD177	NA	7770	2222	141.659
CD180	NA	0	2715	0
CD19	NA	1	1958	0.0206897
CD1A	NA	0	2095	0
CD1B	NA	0	1396	0
CD1C	NA	0	2592	0
CD1D	NA	2	3783	0.021417
CD1E	NA	0	2117	0
CD2	NA	1	1531	0.02646
CD200	NA	0	2290	0
CD200R1	NA	4	2397	0.0676017
CD200R1L	NA	0	1365	0
CD207	NA	5	1872	0.108201
CD209	NA	5	4426	0.045764
CD22	NA	8	3295	0.0983559
CD226	NA	2	3237	0.0250296
CD24	NA	14	2550	0.22241
CD244	NA	0	2525	0
CD247	NA	137	1681	3.30156
CD248	NA	23	2558	0.364245
CD27	NA	6	1320	0.184138
CD27-AS1	NA	23	2364	0.394136
CD274	NA	2	3686	0.0219806
CD276	NA	1943	3401	23.1437
CD28	NA	0	4886	0
CD2AP	NA	384	5409	2.87594
CD2BP2	NA	3293	3648	36.5681
CD300A	NA	0	1893	0
CD300C	NA	8	1587	0.204211
CD300E	NA	0	3525	0
CD300LB	NA	0	2294	0
CD300LD	NA	0	644	0
CD300LF	NA	1	2060	0.0196652
CD300LG	NA	2	3528	0.022965
CD302	NA	29	3979	0.29525
CD320	NA	1960	1251	63.4694
CD33	NA	10	1610	0.251617
CD34	NA	0	2811	0
CD36	NA	1	5427	0.00746459
CD37	NA	22	1243	0.716997
CD38	NA	0	1491	0
CD3D	NA	0	741	0
CD3E	NA	1	1513	0.0267748
CD3EAP	NA	1976	3292	24.316
CD3G	NA	0	1311	0
CD4	NA	33	3454	0.387041
CD40	NA	2	1828	0.044322
CD40LG	NA	0	1833	0
CD44	NA	1	6678	0.00606624
CD46	NA	1084	3393	12.9423
CD47	NA	3	5346	0.0227331
CD48	NA	0	1906	0
CD5	NA	5	3157	0.0641595
CD52	NA	392	505	31.4456
CD53	NA	0	1628	0
CD55	NA	288	3465	3.36709
CD58	NA	66	1719	1.55537
CD59	NA	2488	8080	12.474
CD5L	NA	0	2237	0
CD6	NA	0	3290	0
CD63	NA	11360	2060	223.397
CD68	NA	7368	1856	160.819
CD69	NA	0	1676	0
CD7	NA	22	1283	0.694643
CD70	NA	4087	913	181.343
CD72	NA	46	1548	1.2038
CD74	NA	1839	1681	44.318
CD79A	NA	16	1258	0.515235
CD79B	NA	3	1264	0.0961479
CD80	NA	3	2757	0.0440809
CD81	NA	2584	1678	62.383
CD81-AS1	NA	58	1174	2.00136
CD82	NA	191	1691	4.57568
CD83	NA	30	2521	0.482075
CD84	NA	0	8279	0
CD86	NA	1	2922	0.0138639
CD8A	NA	95	3673	1.04778
CD8B	NA	0	1869	0
CD9	NA	1267	1314	39.0613
CD93	NA	0	6701	0
CD96	NA	0	4481	0
CD99	NA	1236	2387	20.9764
CD99L2	NA	883	3745	9.55157
CD99P1	NA	62	6632	0.378715
CDA	NA	5	959	0.211211
CDADC1	NA	105	3401	1.25069
CDAN1	NA	692	4730	5.92667
CDC123	NA	2675	1548	70.0033
CDC14A	NA	114	5392	0.856487
CDC14B	NA	500	5743	3.52693
CDC14C	NA	22	2893	0.308063
CDC16	NA	1895	2293	33.4789
CDC20	NA	4607	1674	111.488
CDC20B	NA	0	2984	0
CDC23	NA	1903	3155	24.4346
CDC25A	NA	1596	3706	17.4459
CDC25B	NA	569	4290	5.37305
CDC25C	NA	750	2570	11.8221
CDC26	NA	957	870	44.5614
CDC27	NA	2252	5871	15.539
CDC34	NA	3945	1445	110.597
CDC37	NA	13356	1671	323.792
CDC37L1	NA	409	3515	4.71372
CDC37L1-AS1	NA	8	321	1.0096
CDC40	NA	658	3852	6.91999
CDC42	NA	6805	3155	87.3765
CDC42BPA	NA	929	10506	3.58215
CDC42BPB	NA	4085	6701	24.6955
CDC42BPG	NA	196	4939	1.60762
CDC42EP1	NA	2045	2162	38.3181
CDC42EP2	NA	411	2023	8.23023
CDC42EP3	NA	2	5898	0.013737
CDC42EP4	NA	2801	3101	36.5912
CDC42EP5	NA	971	891	44.1476
CDC42P3	NA	18	1836	0.39716
CDC42SE1	NA	2041	3183	25.976
CDC42SE2	NA	903	3656	10.0057
CDC45	NA	473	2073	9.24331
CDC5L	NA	1356	6432	8.54043
CDC6	NA	1894	3053	25.1315
CDC7	NA	1213	3415	14.3892
CDC73	NA	1105	5939	7.53728
CDCA2	NA	705	3720	7.67736
CDCA3	NA	659	2123	12.5748
CDCA4	NA	1638	2453	27.0509
CDCA5	NA	2820	2576	44.3475
CDCA7	NA	1953	2810	28.1554
CDCA7L	NA	1431	2962	19.5713
CDCA8	NA	1784	2486	29.071
CDCP1	NA	0	6267	0
CDCP2	NA	1	1959	0.0206791
CDH1	NA	68	4815	0.572109
CDH10	NA	3	3436	0.0353699
CDH11	NA	0	3648	0
CDH12	NA	3	4345	0.0279703
CDH13	NA	473	4331	4.42424
CDH15	NA	12	2859	0.170033
CDH16	NA	1	2954	0.0137137
CDH17	NA	1	3804	0.0106494
CDH18	NA	0	3959	0
CDH19	NA	0	6241	0
CDH2	NA	2	4451	0.0182028
CDH20	NA	1	2855	0.0141893
CDH22	NA	1	3903	0.0103793
CDH23	NA	104	13716	0.307165
CDH24	NA	656	3553	7.47953
CDH26	NA	7	3420	0.0829159
CDH3	NA	10	4276	0.0947389
CDH4	NA	210	6812	1.24885
CDH5	NA	1	4128	0.00981355
CDH6	NA	2	8571	0.00945288
CDH7	NA	0	2958	0
CDH8	NA	1	4952	0.0081806
CDH9	NA	0	3075	0
CDHR1	NA	18	7323	0.0995748
CDHR2	NA	6	4376	0.0555443
CDHR3	NA	21	6500	0.13088
CDHR4	NA	0	2488	0
CDHR5	NA	0	3489	0
CDIP1	NA	5165	2887	72.4752
CDIPT	NA	2221	1906	47.2054
CDIPT-AS1	NA	3	810	0.150038
CDK1	NA	3617	3318	44.1609
CDK10	NA	790	1798	17.7993
CDK11A	NA	2690	2627	41.4818
CDK11B	NA	3779	3120	49.0668
CDK12	NA	2305	8283	11.2732
CDK13	NA	1114	6975	6.47004
CDK14	NA	4	5485	0.0295426
CDK15	NA	4	4789	0.0338362
CDK16	NA	1812	3983	18.4295
CDK17	NA	358	4713	3.07717
CDK18	NA	269	3274	3.32843
CDK19	NA	448	6448	2.81461
CDK2	NA	917	2301	16.1443
CDK20	NA	385	2432	6.41303
CDK2AP1	NA	3779	2156	71.0058
CDK2AP2	NA	1183	1793	26.7282
CDK3	NA	61	1570	1.57397
CDK4	NA	12346	2002	249.82
CDK5	NA	593	1193	20.1363
CDK5R1	NA	144	3854	1.51362
CDK5R2	NA	390	2528	6.24962
CDK5RAP1	NA	1761	2130	33.4923
CDK5RAP2	NA	1991	6451	12.5029
CDK5RAP3	NA	2730	3117	35.4807
CDK6	NA	444	11762	1.52921
CDK7	NA	512	1517	13.6726
CDK8	NA	319	1769	7.30514
CDK9	NA	1851	2472	30.3336
CDKAL1	NA	361	3271	4.47087
CDKL1	NA	36	2801	0.520661
CDKL2	NA	4	4715	0.0343672
CDKL3	NA	85	2407	1.43057
CDKL4	NA	2	1567	0.0517043
CDKL5	NA	1	3518	0.0115152
CDKN1A	NA	8819	2637	135.48
CDKN1B	NA	1362	2522	21.8775
CDKN1C	NA	94	1930	1.97304
CDKN2A	NA	239	2078	4.65927
CDKN2A-AS1	NA	1	616	0.0657635
CDKN2AIP	NA	503	2374	8.58328
CDKN2AIPNL	NA	876	1254	28.2991
CDKN2B	NA	32	3984	0.325384
CDKN2B-AS1	NA	2	4208	0.019254
CDKN2C	NA	97	2478	1.58576
CDKN2D	NA	165	1423	4.69726
CDKN3	NA	732	891	33.2812
CDNF	NA	25	1330	0.761472
CDO1	NA	2	1614	0.0501987
CDON	NA	73	8116	0.364373
CDPF1	NA	375	1492	10.1819
CDR1	NA	0	1299	0
CDR2	NA	650	2702	9.74527
CDR2L	NA	1451	3533	16.6376
CDRT1	NA	50	3775	0.536561
CDRT15	NA	2	567	0.142894
CDRT15L2	NA	0	1048	0
CDRT15P1	NA	5	1101	0.183971
CDRT15P2	NA	0	571	0
CDRT4	NA	268	2498	4.34618
CDRT7	NA	0	767	0
CDRT8	NA	0	719	0
CDS1	NA	10	4538	0.0892691
CDS2	NA	902	9323	3.91937
CDSN	NA	4	14398	0.0112544
CDT1	NA	1500	2675	22.7161
CDV3	NA	12094	4520	108.392
CDX1	NA	1	1772	0.0228614
CDX2	NA	148	2351	2.5502
CDX4	NA	0	855	0
CDY1	NA	0	2669	0
CDY1B	NA	0	2669	0
CDY2A	NA	0	1960	0
CDY2B	NA	0	1960	0
CDYL	NA	833	4124	8.18262
CDYL2	NA	4	2235	0.0725017
CEACAM1	NA	242	3612	2.71415
CEACAM16	NA	3	1692	0.0718268
CEACAM18	NA	0	1125	0
CEACAM19	NA	121	2248	2.18049
CEACAM20	NA	0	1809	0
CEACAM21	NA	22	1852	0.481224
CEACAM22P	NA	4	3016	0.0537272
CEACAM3	NA	0	1670	0
CEACAM4	NA	0	1205	0
CEACAM5	NA	0	3530	0
CEACAM6	NA	0	2601	0
CEACAM7	NA	1	2399	0.0168863
CEACAM8	NA	17	2303	0.299034
CEBPA	NA	809	2631	12.4564
CEBPA-AS1	NA	178	2201	3.27617
CEBPB	NA	1151	2108	22.1193
CEBPB-AS1	NA	427	2973	5.81834
CEBPD	NA	132	1251	4.27447
CEBPE	NA	2	1547	0.0523728
CEBPG	NA	1613	3860	16.9283
CEBPZ	NA	3242	3327	39.4754
CEBPZOS	NA	1327	3335	16.1191
CECR1	NA	6	4868	0.0499306
CECR2	NA	225	9662	0.943368
CECR3	NA	0	1914	0
CECR5	NA	2301	1880	49.5821
CECR5-AS1	NA	15	626	0.970695
CECR6	NA	139	5069	1.11086
CECR7	NA	267	2726	3.96781
CEL	NA	185	2386	3.14099
CELA1	NA	0	952	0
CELA2A	NA	0	920	0
CELA2B	NA	0	923	0
CELA3A	NA	0	907	0
CELA3B	NA	1	1003	0.0403892
CELF1	NA	3896	9084	17.3743
CELF2	NA	35	9791	0.144813
CELF2-AS1	NA	0	2573	0
CELF2-AS2	NA	0	2275	0
CELF3	NA	8	5856	0.055342
CELF4	NA	2	4054	0.0199854
CELF5	NA	210	5258	1.61795
CELF6	NA	122	3575	1.38245
CELP	NA	55	985	2.262
CELSR1	NA	923	11389	3.28308
CELSR2	NA	610	10540	2.34453
CELSR3	NA	581	11962	1.96761
CELSR3-AS1	NA	1	200	0.202552
CEMIP	NA	6	7271	0.033429
CEMP1	NA	534	1374	15.7442
CEND1	NA	199	1646	4.89767
CENPA	NA	480	1429	13.6074
CENPB	NA	2013	2840	28.7138
CENPBD1	NA	305	3058	4.04044
CENPBD1P1	NA	923	3341	11.1916
CENPC	NA	355	3349	4.29417
CENPE	NA	1221	8615	5.74151
CENPF	NA	4154	10296	16.3442
CENPH	NA	570	1389	16.6241
CENPI	NA	98	2563	1.54897
CENPJ	NA	511	5232	3.95657
CENPK	NA	334	1731	7.81655
CENPL	NA	270	2787	3.92458
CENPM	NA	868	1693	20.7696
CENPN	NA	979	5307	7.47308
CENPO	NA	2059	4244	19.6538
CENPP	NA	349	3656	3.8671
CENPQ	NA	123	1728	2.88355
CENPT	NA	1346	2345	23.2524
CENPU	NA	1110	2550	17.6339
CENPV	NA	2389	1164	83.1436
CENPVP1	NA	1	1302	0.0311139
CENPVP2	NA	1	1302	0.0311139
CENPW	NA	629	3998	6.37344
CEP104	NA	1132	6458	7.10091
CEP112	NA	394	4102	3.89105
CEP120	NA	645	4711	5.54642
CEP126	NA	66	7046	0.379461
CEP128	NA	230	4457	2.0905
CEP131	NA	1032	3619	11.552
CEP135	NA	253	5735	1.78712
CEP152	NA	431	5637	3.09738
CEP162	NA	178	5218	1.38192
CEP164	NA	1394	5697	9.91248
CEP170	NA	1604	7214	9.00729
CEP170B	NA	1766	6810	10.5053
CEP170P1	NA	112	1070	4.24033
CEP19	NA	393	2202	7.23005
CEP192	NA	583	7976	2.96107
CEP250	NA	1074	8324	5.22683
CEP290	NA	1006	7955	5.12299
CEP295	NA	674	8044	3.39433
CEP295NL	NA	4	2167	0.0747768
CEP350	NA	1055	13456	3.17616
CEP41	NA	90	9460	0.385405
CEP44	NA	331	6552	2.04654
CEP55	NA	1390	2658	21.1849
CEP57	NA	988	3222	12.4222
CEP57L1	NA	307	3105	4.00537
CEP63	NA	508	6743	3.05194
CEP68	NA	811	5862	5.60455
CEP70	NA	559	2990	7.57367
CEP72	NA	402	2414	6.74613
CEP76	NA	376	3161	4.81869
CEP78	NA	1082	2750	15.939
CEP83	NA	656	3225	8.24024
CEP83-AS1	NA	38	2566	0.599919
CEP85	NA	795	4296	7.49668
CEP85L	NA	112	8042	0.564183
CEP89	NA	506	2671	7.67437
CEP95	NA	697	2689	10.5004
CEP97	NA	298	7693	1.56923
CEPT1	NA	523	2348	9.02338
CER1	NA	0	1205	0
CERCAM	NA	287	2808	4.14048
CERK	NA	2514	4445	22.9118
CERKL	NA	14	3288	0.172489
CERS1	NA	1393	3752	15.0402
CERS2	NA	3072	2544	48.9181
CERS3	NA	2	4240	0.0191086
CERS3-AS1	NA	0	532	0
CERS4	NA	1284	1816	28.6428
CERS5	NA	1773	3962	18.1284
CERS6	NA	1148	6851	6.78819
CERS6-AS1	NA	721	2985	9.78491
CES1	NA	0	2012	0
CES1P1	NA	0	2247	0
CES1P2	NA	0	1595	0
CES2	NA	1573	4203	15.1613
CES3	NA	177	4320	1.6598
CES4A	NA	1	2621	0.0154561
CES5A	NA	0	2480	0
CES5AP1	NA	5	880	0.230172
CETN1	NA	0	1678	0
CETN2	NA	1758	1080	65.9418
CETN3	NA	687	1430	19.462
CETN4P	NA	13	629	0.837257
CETP	NA	0	1717	0
CFAP126	NA	23	783	1.18996
CFAP20	NA	1128	1291	35.3956
CFAP221	NA	46	3170	0.587847
CFAP36	NA	669	1383	19.5961
CFAP43	NA	45	5365	0.339788
CFAP44	NA	145	10539	0.557358
CFAP44-AS1	NA	0	686	0
CFAP45	NA	2	1795	0.0451369
CFAP46	NA	135	8278	0.660654
CFAP47	NA	5	10646	0.0190261
CFAP52	NA	13	2193	0.240143
CFAP53	NA	45	1824	0.999433
CFAP54	NA	18	9782	0.0745437
CFAP57	NA	66	5127	0.521491
CFAP58	NA	26	3313	0.31792
CFAP58-AS1	NA	0	1085	0
CFAP61	NA	4	4673	0.0346761
CFAP69	NA	37	3902	0.384132
CFAP70	NA	104	3704	1.13744
CFAP74	NA	7	5412	0.052397
CFAP97	NA	1453	6310	9.32829
CFAP99	NA	2	2144	0.0377895
CFB	NA	262	17808	0.596008
CFC1	NA	0	1672	0
CFC1B	NA	0	1160	0
CFD	NA	6	1159	0.209717
CFDP1	NA	1307	1279	41.3972
CFH	NA	0	4375	0
CFHR1	NA	0	1297	0
CFHR2	NA	0	1036	0
CFHR3	NA	0	1640	0
CFHR4	NA	0	2181	0
CFHR5	NA	1	2828	0.0143247
CFI	NA	2	2161	0.0374922
CFL1	NA	29022	1257	935.315
CFL1P1	NA	4	2120	0.0764346
CFL2	NA	1131	3514	13.0385
CFLAR	NA	1337	15921	3.40194
CFLAR-AS1	NA	12	1041	0.466978
CFP	NA	20	1775	0.456454
CFTR	NA	2	6131	0.0132149
CGA	NA	12	844	0.575976
CGB	NA	98	919	4.31993
CGB1	NA	85	732	4.70407
CGB2	NA	51	732	2.82244
CGB5	NA	47	880	2.16362
CGB7	NA	166	880	7.64172
CGB8	NA	96	887	4.38443
CGGBP1	NA	1509	4804	12.7248
CGN	NA	427	5101	3.39108
CGNL1	NA	8695	7339	47.9953
CGREF1	NA	77	2698	1.15615
CGRRF1	NA	274	1323	8.3899
CH17-340M24.3	NA	26	598	1.76132
CH17-360D5.1	NA	0	1449	0
CH17-408M7.1	NA	0	1409	0
CH25H	NA	1	1378	0.0293979
CHAC1	NA	787	1560	20.4369
CHAC2	NA	146	1275	4.63883
CHAD	NA	5	1695	0.1195
CHADL	NA	85	2533	1.35941
CHAF1A	NA	1763	3343	21.364
CHAF1B	NA	811	2279	14.4159
CHAMP1	NA	1819	3818	19.3002
CHAT	NA	0	2728	0
CHCHD1	NA	803	844	38.5424
CHCHD10	NA	0	721	0
CHCHD2	NA	9998	815	496.96
CHCHD3	NA	2789	1590	71.0587
CHCHD4	NA	813	1604	20.533
CHCHD5	NA	248	742	13.5398
CHCHD6	NA	331	1020	13.146
CHCHD7	NA	124	1730	2.90363
CHD1	NA	1566	6457	9.82487
CHD1L	NA	1447	3014	19.4487
CHD2	NA	2763	9521	11.7561
CHD3	NA	1072	7604	5.71108
CHD4	NA	12566	6545	77.7774
CHD5	NA	3370	9663	14.1281
CHD6	NA	837	10816	3.13491
CHD7	NA	69	11580	0.241383
CHD8	NA	3401	8383	16.4351
CHD9	NA	880	11510	3.09723
CHDH	NA	191	3706	2.08782
CHEK1	NA	1044	4897	8.63647
CHEK2	NA	1099	2101	21.1903
CHEK2P2	NA	3	864	0.140661
CHERP	NA	4533	4095	44.8433
CHFR	NA	786	3374	9.4372
CHGA	NA	80	2046	1.58398
CHGB	NA	122	2650	1.865
CHI3L1	NA	83	1837	1.83035
CHI3L2	NA	5	1611	0.12573
CHIA	NA	0	1837	0
CHIAP2	NA	0	2803	0
CHIC1	NA	171	6916	1.00163
CHIC2	NA	236	1150	8.31343
CHID1	NA	1228	3817	13.0329
CHIT1	NA	0	2535	0
CHKA	NA	2462	2717	36.7083
CHKB	NA	753	1629	18.7258
CHKB-AS1	NA	41	1019	1.62995
CHKB-CPT1B	NA	1121	4276	10.6202
CHL1	NA	22	10502	0.0848626
CHL1-AS1	NA	0	910	0
CHM	NA	575	7934	2.9359
CHML	NA	359	7066	2.0582
CHMP1A	NA	3947	2591	61.7114
CHMP1B	NA	3204	3060	42.4167
CHMP1B2P	NA	0	6767	0
CHMP2A	NA	1386	1036	54.1963
CHMP2B	NA	1572	2628	24.2322
CHMP3	NA	2334	3192	29.6213
CHMP4A	NA	1432	1356	42.7808
CHMP4B	NA	2480	1647	60.9992
CHMP4C	NA	0	1845	0
CHMP5	NA	1119	2070	21.8991
CHMP6	NA	606	1664	14.7532
CHMP7	NA	1374	3410	16.3229
CHN1	NA	45	3310	0.550745
CHN2	NA	1	4764	0.00850343
CHODL	NA	18	2801	0.260331
CHODL-AS1	NA	0	461	0
CHORDC1	NA	2032	3385	24.3182
CHP1	NA	1774	3228	22.2631
CHP2	NA	0	2382	0
CHPF	NA	3181	3176	40.5741
CHPF2	NA	1410	3988	14.3229
CHPT1	NA	561	1567	14.5031
CHRAC1	NA	836	2548	13.2915
CHRD	NA	66	3740	0.714888
CHRDL1	NA	0	4159	0
CHRDL2	NA	8	2770	0.116997
CHRFAM7A	NA	32	2858	0.45358
CHRM1	NA	1	2823	0.0143501
CHRM2	NA	0	2973	0
CHRM3	NA	1	2745	0.0147579
CHRM3-AS1	NA	0	483	0
CHRM3-AS2	NA	0	893	0
CHRM4	NA	20	1817	0.445904
CHRM5	NA	7	3039	0.0933111
CHRNA1	NA	3	2056	0.0591104
CHRNA10	NA	46	2007	0.928488
CHRNA2	NA	2	4067	0.0199215
CHRNA3	NA	116	3555	1.32186
CHRNA4	NA	191	5586	1.38515
CHRNA5	NA	284	3623	3.17553
CHRNA6	NA	0	2383	0
CHRNA7	NA	35	3433	0.41301
CHRNA9	NA	6	2276	0.106794
CHRNB1	NA	188	2437	3.12513
CHRNB2	NA	8	5718	0.0566776
CHRNB3	NA	0	1953	0
CHRNB4	NA	0	2448	0
CHRND	NA	1	2963	0.0136721
CHRNE	NA	219	2460	3.60641
CHRNG	NA	12	2187	0.222279
CHST1	NA	0	3940	0
CHST10	NA	684	2854	9.70885
CHST11	NA	542	5768	3.80662
CHST12	NA	563	2133	10.6926
CHST13	NA	3	1784	0.0681228
CHST14	NA	595	2198	10.9662
CHST15	NA	2	6524	0.0124189
CHST2	NA	259	4137	2.53618
CHST3	NA	1635	6973	9.49869
CHST4	NA	0	2307	0
CHST5	NA	28	3250	0.349012
CHST6	NA	6	6885	0.0353031
CHST7	NA	53	2474	0.867845
CHST8	NA	2	2898	0.0279574
CHST9	NA	0	2259	0
CHSY1	NA	786	4550	6.99805
CHSY3	NA	0	3492	0
CHTF18	NA	916	3090	12.0089
CHTF8	NA	3625	3004	48.8848
CHTOP	NA	2448	2166	45.7845
CHUK	NA	693	3524	7.96642
CHURC1	NA	1427	3613	16.0001
CHURC1-FNTB	NA	605	2894	8.46882
CIAO1	NA	1884	4036	18.9102
CIAPIN1	NA	3925	2182	72.8703
CIART	NA	308	2031	6.14337
CIB1	NA	2430	1308	75.26
CIB2	NA	686	1716	16.1947
CIB3	NA	0	711	0
CIB4	NA	0	745	0
CIC	NA	1941	8334	9.43491
CIDEA	NA	6	1585	0.153351
CIDEB	NA	423	2242	7.64312
CIDEC	NA	3	1376	0.088322
CIDECP	NA	171	803	8.62673
CIITA	NA	1	4703	0.00861372
CILP	NA	2	4468	0.0181335
CILP2	NA	50	4199	0.482381
CINP	NA	826	979	34.1793
CIPC	NA	1012	4348	9.42881
CIR1	NA	706	1793	15.9511
CIRBP	NA	3875	3472	45.2124
CIRBP-AS1	NA	104	1356	3.10699
CIRH1A	NA	2228	2254	40.043
CISD1	NA	790	2108	15.1818
CISD2	NA	1063	5891	7.30988
CISD3	NA	1804	2636	27.7241
CISH	NA	103	2268	1.83976
CISTR	NA	7	918	0.308902
CIT	NA	1031	8708	4.7963
CITED1	NA	29	1617	0.72653
CITED2	NA	11392	2117	217.994
CITED4	NA	175	1291	5.49133
CIZ1	NA	3147	3518	36.2382
CKAP2	NA	2468	4325	23.1166
CKAP2L	NA	592	4790	5.00671
CKAP4	NA	4602	3036	61.406
CKAP5	NA	7434	6714	44.8546
CKB	NA	9735	1458	270.486
CKLF	NA	693	888	31.6145
CKLF-CMTM1	NA	390	890	17.7517
CKM	NA	24	1658	0.586398
CKMT1A	NA	1968	1779	44.8141
CKMT1B	NA	2139	1779	48.708
CKMT2	NA	7	1646	0.17228
CKMT2-AS1	NA	148	2915	2.05679
CKS1B	NA	2821	924	123.679
CKS2	NA	4242	616	278.969
CLASP1	NA	1733	8188	8.57406
CLASP2	NA	1230	7674	6.49306
CLASRP	NA	502	2238	9.08677
CLC	NA	4	633	0.255989
CLCA1	NA	0	3120	0
CLCA2	NA	0	4024	0
CLCA3P	NA	0	3412	0
CLCA4	NA	1	3208	0.0126279
CLCC1	NA	827	4845	6.91477
CLCF1	NA	256	1973	5.25628
CLCN1	NA	0	3096	0
CLCN2	NA	411	3290	5.06071
CLCN3	NA	851	6669	5.16934
CLCN4	NA	2	6788	0.0119359
CLCN5	NA	514	10632	1.95846
CLCN6	NA	462	5708	3.27887
CLCN7	NA	4521	4226	43.3382
CLCNKA	NA	6	2536	0.0958446
CLCNKB	NA	1	2984	0.0135758
CLDN1	NA	66	3452	0.774531
CLDN10	NA	52	2939	0.716753
CLDN10-AS1	NA	0	895	0
CLDN11	NA	3	2859	0.0425082
CLDN12	NA	1102	3664	12.1841
CLDN14	NA	9	2568	0.141975
CLDN15	NA	372	2244	6.71562
CLDN16	NA	1	3273	0.0123771
CLDN17	NA	0	731	0
CLDN18	NA	3	3632	0.0334612
CLDN19	NA	4	3602	0.0449865
CLDN2	NA	3	3438	0.0353493
CLDN20	NA	1	1209	0.0335073
CLDN22	NA	98	2708	1.46603
CLDN23	NA	17	1952	0.352805
CLDN24	NA	7	663	0.427711
CLDN25	NA	0	690	0
CLDN3	NA	1	1274	0.0317978
CLDN34	NA	0	645	0
CLDN4	NA	273	1831	6.04004
CLDN5	NA	1	2314	0.0175066
CLDN6	NA	127	1370	3.75534
CLDN7	NA	32	2044	0.634213
CLDN8	NA	0	2146	0
CLDN9	NA	12	2050	0.237134
CLDND1	NA	1192	2542	18.9962
CLDND2	NA	42	974	1.74685
CLEC10A	NA	0	1780	0
CLEC11A	NA	2202	1407	63.4
CLEC12A	NA	0	2309	0
CLEC12B	NA	0	3500	0
CLEC14A	NA	0	2371	0
CLEC16A	NA	791	7089	4.5202
CLEC17A	NA	1	2225	0.0182069
CLEC18A	NA	15	2411	0.252034
CLEC18B	NA	28	1943	0.583783
CLEC18C	NA	10	1822	0.22234
CLEC19A	NA	0	2494	0
CLEC1A	NA	0	2905	0
CLEC1B	NA	0	970	0
CLEC2A	NA	1	1220	0.0332052
CLEC2B	NA	0	2038	0
CLEC2D	NA	7687	5441	57.2327
CLEC2L	NA	2	1288	0.0629042
CLEC3A	NA	0	1997	0
CLEC3B	NA	7	962	0.294774
CLEC4A	NA	13	1281	0.411112
CLEC4C	NA	1	1314	0.0308298
CLEC4D	NA	0	1934	0
CLEC4E	NA	0	2158	0
CLEC4F	NA	25	2474	0.409361
CLEC4G	NA	0	1360	0
CLEC4GP1	NA	9	1935	0.18842
CLEC4M	NA	9	2404	0.151661
CLEC5A	NA	1	3535	0.0114598
CLEC6A	NA	0	1613	0
CLEC7A	NA	0	2819	0
CLEC9A	NA	0	1737	0
CLECL1	NA	1	1724	0.0234979
CLGN	NA	456	2822	6.54597
CLHC1	NA	194	5418	1.45054
CLIC1	NA	8914	12418	29.0795
CLIC2	NA	22	2694	0.330819
CLIC3	NA	22	813	1.09622
CLIC4	NA	1210	4434	11.0549
CLIC5	NA	0	8279	0
CLIC6	NA	29	3800	0.309158
CLINT1	NA	2385	4040	23.9151
CLIP1	NA	967	5913	6.62498
CLIP1-AS1	NA	0	896	0
CLIP2	NA	2152	5563	15.6711
CLIP3	NA	50	3628	0.558301
CLIP4	NA	196	5162	1.53817
CLK1	NA	1209	3794	12.9091
CLK2	NA	1378	2179	25.6187
CLK2P1	NA	155	1812	3.46529
CLK3	NA	1201	2751	17.6855
CLK4	NA	377	2507	6.0919
CLLU1	NA	0	4250	0
CLLU1OS	NA	0	686	0
CLMN	NA	4	12750	0.0127091
CLMP	NA	16	2630	0.246451
CLN3	NA	1765	2347	30.4647
CLN5	NA	422	2800	6.10549
CLN6	NA	2197	2242	39.6972
CLN8	NA	859	7169	4.85401
CLNK	NA	0	1677	0
CLNS1A	NA	5327	1373	157.173
CLOCK	NA	488	11109	1.77955
CLP1	NA	1438	1846	31.5568
CLPB	NA	470	3382	5.62976
CLPP	NA	1876	1151	66.0273
CLPS	NA	0	657	0
CLPSL1	NA	0	477	0
CLPSL2	NA	0	611	0
CLPTM1	NA	1730	2841	24.6684
CLPTM1L	NA	2675	2147	50.4728
CLPX	NA	1891	2351	32.584
CLRN1	NA	0	3370	0
CLRN1-AS1	NA	0	2045	0
CLRN2	NA	0	823	0
CLRN3	NA	0	1143	0
CLSPN	NA	1044	8484	4.98501
CLSTN1	NA	3741	5226	28.9991
CLSTN2	NA	447	4882	3.70916
CLSTN2-AS1	NA	1	2686	0.015082
CLSTN3	NA	323	4002	3.26957
CLTA	NA	6077	1236	199.176
CLTB	NA	2149	1767	49.2681
CLTC	NA	11574	8587	54.6019
CLTCL1	NA	228	5514	1.67507
CLU	NA	1437	3303	17.6244
CLUAP1	NA	699	4221	6.70853
CLUH	NA	4867	5224	37.7419
CLUHP3	NA	49	1776	1.11768
CLUL1	NA	45	2241	0.813461
CLVS1	NA	226	3492	2.6218
CLVS2	NA	0	11477	0
CLYBL	NA	77	2942	1.06026
CLYBL-AS1	NA	0	1073	0
CLYBL-AS2	NA	0	678	0
CMA1	NA	1	935	0.0433266
CMAHP	NA	0	3390	0
CMAS	NA	695	1794	15.6938
CMBL	NA	1270	4047	12.7127
CMC1	NA	247	625	16.0097
CMC2	NA	1211	730	67.2028
CMC4	NA	287	1014	11.4659
CMIP	NA	1350	4503	12.145
CMKLR1	NA	0	5614	0
CMPK1	NA	2743	3508	31.6761
CMPK2	NA	3	4150	0.0292846
CMSS1	NA	799	1299	24.9174
CMTM1	NA	23	1118	0.833397
CMTM2	NA	5	1062	0.190727
CMTM3	NA	1290	2594	20.1458
CMTM4	NA	1801	8117	8.98843
CMTM5	NA	1	1401	0.0289153
CMTM6	NA	1591	3366	19.1479
CMTM7	NA	773	1351	23.1787
CMTM8	NA	169	1170	5.85149
CMTR1	NA	1003	4124	9.85254
CMTR2	NA	494	4221	4.74108
CMYA5	NA	6	12892	0.0188537
CNBD1	NA	0	1459	0
CNBD2	NA	2	4142	0.0195608
CNBP	NA	14358	3384	171.882
CNDP1	NA	1	2198	0.0184305
CNDP2	NA	2577	5367	19.4513
CNEP1R1	NA	205	2169	3.82878
CNFN	NA	54	528	4.1431
CNGA1	NA	1	3021	0.0134096
CNGA2	NA	0	3285	0
CNGA3	NA	33	3848	0.347412
CNGA4	NA	1	1911	0.0211985
CNGB1	NA	0	6338	0
CNGB3	NA	0	4347	0
CNIH1	NA	2456	1423	69.9181
CNIH2	NA	594	1382	17.4118
CNIH3	NA	59	2372	1.00763
CNIH4	NA	1415	2376	24.1255
CNKSR1	NA	101	2558	1.59951
CNKSR2	NA	1	7089	0.00571453
CNKSR3	NA	167	3228	2.09579
CNN1	NA	190	1908	4.03405
CNN2	NA	7340	2548	116.698
CNN3	NA	6277	2288	111.138
CNNM1	NA	23	5959	0.156358
CNNM2	NA	652	4472	5.90625
CNNM3	NA	657	4916	5.41401
CNNM4	NA	480	4800	4.05103
CNOT1	NA	7935	9113	35.2737
CNOT10	NA	623	3230	7.8136
CNOT11	NA	2671	2518	42.9718
CNOT2	NA	1076	4116	10.5902
CNOT3	NA	1853	2887	26.0013
CNOT4	NA	638	5388	4.79688
CNOT6	NA	1277	6337	8.16344
CNOT6L	NA	272	8865	1.24296
CNOT7	NA	3378	3560	38.4393
CNOT8	NA	1637	2973	22.3059
CNP	NA	3191	5222	24.7546
CNPPD1	NA	1056	2074	20.6263
CNPY1	NA	0	2234	0
CNPY2	NA	3403	1598	86.2683
CNPY3	NA	1080	1765	24.7882
CNPY4	NA	447	1467	12.3436
CNR1	NA	0	5955	0
CNR2	NA	0	1775	0
CNRIP1	NA	37	2312	0.648306
CNST	NA	1305	5564	9.50144
CNTD1	NA	1023	3277	12.6463
CNTD2	NA	13	1817	0.289837
CNTF	NA	23	1893	0.492202
CNTFR	NA	58	2111	1.11303
CNTFR-AS1	NA	0	884	0
CNTLN	NA	507	11011	1.86529
CNTN1	NA	2	7308	0.0110866
CNTN2	NA	5	7670	0.0264083
CNTN3	NA	0	4947	0
CNTN4	NA	0	5447	0
CNTN4-AS1	NA	0	1012	0
CNTN4-AS2	NA	0	426	0
CNTN5	NA	1	7705	0.00525767
CNTN6	NA	1	3831	0.0105744
CNTNAP1	NA	652	5454	4.84282
CNTNAP2	NA	2	9892	0.00819052
CNTNAP3	NA	341	5229	2.64181
CNTNAP3B	NA	213	6380	1.35246
CNTNAP3P2	NA	194	5089	1.54431
CNTNAP4	NA	0	4935	0
CNTNAP5	NA	1	5374	0.00753821
CNTRL	NA	303	7431	1.65181
CNTROB	NA	760	4143	7.4313
COA1	NA	1800	3249	22.4434
COA3	NA	1177	808	59.0107
COA4	NA	2292	816	113.786
COA5	NA	553	1767	12.6781
COA6	NA	1285	1276	40.7961
COA7	NA	728	2114	13.9506
COASY	NA	836	2557	13.2447
COBL	NA	0	8038	0
COBLL1	NA	2	9759	0.00830215
COCH	NA	3	2882	0.042169
COG1	NA	596	3034	7.95786
COG2	NA	816	2960	11.1677
COG3	NA	452	4596	3.98405
COG4	NA	1777	2822	25.5092
COG5	NA	914	7553	4.90222
COG6	NA	294	7005	1.70022
COG7	NA	736	2937	10.1517
COG8	NA	1936	2495	31.4341
COIL	NA	1208	2633	18.5858
COL10A1	NA	0	3290	0
COL11A1	NA	14526	7444	79.0507
COL11A2	NA	266	42818	0.251664
COL12A1	NA	4	11579	0.0139944
COL13A1	NA	2	3137	0.0258274
COL14A1	NA	1	6464	0.00626707
COL15A1	NA	1	5422	0.00747147
COL16A1	NA	736	5584	5.33947
COL17A1	NA	42	5610	0.303286
COL18A1	NA	4411	6799	26.282
COL18A1-AS1	NA	3	3455	0.0351754
COL18A1-AS2	NA	0	552	0
COL19A1	NA	0	8725	0
COL1A1	NA	5932	5927	40.5445
COL1A2	NA	96	5411	0.71872
COL20A1	NA	7	4172	0.0679704
COL21A1	NA	2	4173	0.0194154
COL22A1	NA	0	6359	0
COL23A1	NA	15	3063	0.198386
COL24A1	NA	1	6500	0.00623236
COL25A1	NA	2	6351	0.0127572
COL26A1	NA	1675	3032	22.3796
COL27A1	NA	751	7810	3.89542
COL28A1	NA	9	3515	0.103725
COL2A1	NA	14	5087	0.111489
COL3A1	NA	5587	5490	41.2261
COL4A1	NA	2	7454	0.0108694
COL4A2	NA	0	6263	0
COL4A2-AS1	NA	0	539	0
COL4A3	NA	7	8097	0.0350219
COL4A3BP	NA	1470	5618	10.5999
COL4A4	NA	9	10341	0.035257
COL4A5	NA	0	6512	0
COL4A6	NA	0	6891	0
COL5A1	NA	27	8508	0.128559
COL5A2	NA	109	6930	0.637176
COL5A3	NA	35	6174	0.22965
COL6A1	NA	1696	4225	16.2617
COL6A2	NA	1721	4342	16.0567
COL6A3	NA	60	10696	0.227246
COL6A4P1	NA	0	2249	0
COL6A4P2	NA	1	9162	0.00442156
COL6A5	NA	0	9228	0
COL6A6	NA	1	8470	0.0047828
COL7A1	NA	121	9169	0.5346
COL8A1	NA	0	3091	0
COL8A2	NA	6	4534	0.0536087
COL9A1	NA	9	4010	0.090921
COL9A2	NA	114	2831	1.63129
COL9A3	NA	66	2485	1.07593
COLCA1	NA	1	6278	0.00645275
COLCA2	NA	0	1783	0
COLEC10	NA	0	1703	0
COLEC11	NA	2	2396	0.033815
COLEC12	NA	28	3134	0.36193
COLGALT1	NA	3022	3593	34.0724
COLGALT2	NA	81	5851	0.560816
COLQ	NA	36	3366	0.433266
COMMD1	NA	658	713	37.3854
COMMD10	NA	279	1632	6.92548
COMMD2	NA	1026	3706	11.2152
COMMD3	NA	537	942	23.0935
COMMD3-BMI1	NA	4227	3388	50.5423
COMMD4	NA	1883	2203	34.6259
COMMD5	NA	899	1779	20.4715
COMMD6	NA	921	2036	18.3252
COMMD7	NA	574	1911	12.1679
COMMD8	NA	428	1411	12.288
COMMD9	NA	731	2999	9.87431
COMP	NA	14	2452	0.231299
COMT	NA	1498	2553	23.7699
COMTD1	NA	588	975	24.4308
COPA	NA	4124	5666	29.4855
COPB1	NA	4004	3527	45.9891
COPB2	NA	5482	3202	69.3559
COPE	NA	4836	1134	172.758
COPG1	NA	1900	3074	25.0389
COPG2	NA	752	1734	17.5685
COPRS	NA	2227	937	96.2823
COPS2	NA	3602	4108	35.5205
COPS3	NA	3170	1988	64.5965
COPS4	NA	1096	1748	25.4001
COPS5	NA	1937	1489	52.6988
COPS6	NA	3141	1425	89.2933
COPS7A	NA	1198	2305	21.0548
COPS7B	NA	2375	2856	33.6877
COPS8	NA	1542	2323	26.8906
COPZ1	NA	4195	2020	84.1291
COPZ2	NA	2	919	0.0881618
COQ10A	NA	308	1805	6.91257
COQ10B	NA	976	1974	20.0294
COQ2	NA	632	1641	15.6018
COQ3	NA	294	1265	9.41505
COQ4	NA	669	1576	17.1963
COQ5	NA	779	1509	20.9129
COQ6	NA	230	1846	5.04733
COQ7	NA	409	2753	6.01843
COQ9	NA	945	1689	22.6656
CORIN	NA	8	5320	0.0609178
CORO1A	NA	372	1933	7.79609
CORO1B	NA	2553	1979	52.2602
CORO1C	NA	4305	4270	40.8424
CORO2A	NA	359	5759	2.5253
CORO2B	NA	243	3997	2.46285
CORO6	NA	212	2397	3.58289
CORO7	NA	576	3837	6.0813
CORO7-PAM16	NA	1382	3658	15.3049
CORT	NA	29	1231	0.954346
COTL1	NA	7247	1858	158.008
COX10	NA	644	3002	8.69043
COX10-AS1	NA	128	1944	2.66735
COX11	NA	1613	2717	24.0498
COX14	NA	877	999	35.5631
COX15	NA	2030	7689	10.6953
COX16	NA	1717	1717	40.5103
COX17	NA	381	423	36.488
COX18	NA	350	4537	3.12511
COX19	NA	630	4891	5.21806
COX20	NA	401	2616	6.20973
COX4I1	NA	6404	824	314.84
COX4I2	NA	0	684	0
COX5A	NA	4601	769	242.377
COX5B	NA	1932	505	154.982
COX6A1	NA	3362	572	238.104
COX6A2	NA	0	440	0
COX6B1	NA	2628	590	180.443
COX6B2	NA	519	1663	12.6427
COX6C	NA	3429	921	150.825
COX7A1	NA	1	762	0.0531632
COX7A2	NA	4648	754	249.724
COX7A2L	NA	2947	1114	107.167
COX7B	NA	2088	456	185.495
COX7B2	NA	0	543	0
COX7C	NA	3697	407	367.977
COX8A	NA	4491	507	358.84
COX8C	NA	2	531	0.152581
CP	NA	1849	5233	14.3137
CPA1	NA	0	1507	0
CPA2	NA	1	1329	0.0304818
CPA3	NA	0	1684	0
CPA4	NA	3	2817	0.043142
CPA5	NA	3	2078	0.0584846
CPA6	NA	0	1904	0
CPAMD8	NA	268	5988	1.81309
CPB1	NA	1	1460	0.0277468
CPB2	NA	3	1766	0.0688171
CPB2-AS1	NA	11	3508	0.127028
CPD	NA	1486	9208	6.53762
CPE	NA	178	2428	2.96987
CPEB1	NA	1035	3998	10.4873
CPEB1-AS1	NA	76	2138	1.44003
CPEB2	NA	7	6887	0.041175
CPEB2-AS1	NA	0	1630	0
CPEB3	NA	42	6011	0.283053
CPEB4	NA	143	8583	0.674936
CPED1	NA	105	5607	0.758621
CPLX1	NA	572	2140	10.828
CPLX2	NA	2	4934	0.0164209
CPLX3	NA	4	2012	0.0805374
CPLX4	NA	0	1964	0
CPM	NA	40	6726	0.240918
CPN1	NA	1	1756	0.0230697
CPN2	NA	0	3028	0
CPNE1	NA	2079	2631	32.011
CPNE2	NA	594	2238	10.7521
CPNE3	NA	1581	4864	13.1675
CPNE4	NA	0	4516	0
CPNE5	NA	779	3339	9.4512
CPNE6	NA	0	2415	0
CPNE7	NA	19	2657	0.289686
CPNE8	NA	233	3461	2.72722
CPNE9	NA	10	2171	0.186598
CPO	NA	1	1209	0.0335073
CPOX	NA	413	2709	6.17599
CPPED1	NA	1705	6143	11.2437
CPQ	NA	64	1949	1.33025
CPS1	NA	273	6166	1.7936
CPS1-IT1	NA	0	2305	0
CPSF1	NA	4168	4494	37.5717
CPSF2	NA	2470	5072	19.728
CPSF3	NA	1384	2385	23.5079
CPSF3L	NA	2747	2629	42.3286
CPSF4	NA	1867	1826	41.4199
CPSF4L	NA	40	647	2.5045
CPSF6	NA	3558	6727	21.4265
CPSF7	NA	3049	3767	32.789
CPT1A	NA	230	5485	1.6987
CPT1B	NA	459	3157	5.88985
CPT1C	NA	1450	3149	18.6535
CPT2	NA	1137	3094	14.887
CPTP	NA	837	2193	15.4615
CPVL	NA	1	1779	0.0227714
CPXCR1	NA	0	1629	0
CPXM1	NA	1048	2400	17.6895
CPXM2	NA	0	3724	0
CPZ	NA	25	2540	0.398724
CR1	NA	0	9966	0
CR1L	NA	0	1837	0
CR2	NA	0	4170	0
CRABP1	NA	1	772	0.0524745
CRABP2	NA	20701	1164	720.451
CRACR2A	NA	1	3394	0.0119359
CRACR2B	NA	475	1830	10.515
CRADD	NA	91	1188	3.10306
CRAMP1L	NA	902	7673	4.7622
CRAT	NA	1018	2865	14.3942
CRAT37	NA	0	2138	0
CRAT40	NA	0	277	0
CRAT8	NA	0	552	0
CRB1	NA	2	5585	0.0145068
CRB2	NA	630	6186	4.12569
CRB3	NA	1	1106	0.0366278
CRBN	NA	679	2591	10.6162
CRCP	NA	968	2923	13.4157
CRCT1	NA	0	695	0
CREB1	NA	499	9779	2.06715
CREB3	NA	758	1851	16.5893
CREB3L1	NA	706	2710	10.5536
CREB3L2	NA	710	7636	3.76668
CREB3L3	NA	2	2618	0.0309475
CREB3L4	NA	94	1949	1.95381
CREB5	NA	1	8944	0.00452933
CREBBP	NA	2519	10196	10.0084
CREBL2	NA	392	3813	4.16471
CREBRF	NA	196	8711	0.911494
CREBZF	NA	1000	7575	5.3479
CREG1	NA	13073	2025	261.527
CREG2	NA	1	3488	0.0116142
CRELD1	NA	236	2890	3.30811
CRELD2	NA	962	1725	22.5919
CREM	NA	2560	5876	17.6492
CRH	NA	39	1434	1.10175
CRHBP	NA	99	1838	2.182
CRHR1	NA	24	5329	0.182445
CRHR1-IT1	NA	46	5588	0.333478
CRHR2	NA	1	3590	0.0112842
CRIM1	NA	1145	5611	8.26668
CRIP1	NA	22	478	1.86449
CRIP2	NA	2460	3047	32.7061
CRIP3	NA	1	956	0.0423748
CRIPAK	NA	447	4443	4.07565
CRIPT	NA	334	6366	2.12542
CRISP1	NA	0	1967	0
CRISP2	NA	1	1413	0.0286697
CRISP3	NA	0	2246	0
CRISPLD1	NA	1	4585	0.00883541
CRISPLD2	NA	23	4589	0.203037
CRK	NA	2043	3225	25.6628
CRKL	NA	2899	5325	22.0544
CRLF1	NA	1146	1804	25.7344
CRLF2	NA	0	2402	0
CRLF3	NA	595	2941	8.19573
CRLS1	NA	1006	4112	9.91085
CRMP1	NA	112	4587	0.989134
CRNDE	NA	22	1420	0.627625
CRNKL1	NA	1402	4413	12.87
CRNN	NA	0	1913	0
CROCC	NA	1837	6656	11.1805
CROCCP2	NA	593	1765	13.6106
CROCCP3	NA	136	5368	1.02634
CROT	NA	225	4099	2.22367
CRP	NA	0	2015	0
CRSP8P	NA	389	1362	11.5701
CRTAC1	NA	1	3066	0.0132128
CRTAM	NA	0	2624	0
CRTAP	NA	4446	6651	27.08
CRTC1	NA	595	6992	3.44732
CRTC2	NA	1129	2678	17.0785
CRTC3	NA	616	5251	4.75231
CRTC3-AS1	NA	10	654	0.619424
CRX	NA	78	4466	0.707525
CRY1	NA	1992	3294	24.4981
CRY2	NA	814	4368	7.54932
CRYAA	NA	7	1144	0.247878
CRYAB	NA	37543	1083	1404.32
CRYBA1	NA	4	790	0.205116
CRYBA2	NA	2	885	0.0915488
CRYBA4	NA	2	811	0.0999022
CRYBB1	NA	0	921	0
CRYBB2	NA	16	763	0.849496
CRYBB2P1	NA	257	1501	6.93615
CRYBB3	NA	5	863	0.234706
CRYBG3	NA	222	10752	0.83643
CRYGA	NA	1	606	0.0668487
CRYGB	NA	3	626	0.194139
CRYGC	NA	677	629	43.6017
CRYGD	NA	0	707	0
CRYGN	NA	0	2644	0
CRYGS	NA	29	842	1.39525
CRYL1	NA	211	1501	5.69466
CRYM	NA	8	1559	0.207879
CRYM-AS1	NA	8	2304	0.140661
CRYZ	NA	2341	2303	41.1788
CRYZL1	NA	448	1710	10.6132
CS	NA	4734	2976	64.4408
CSAD	NA	186	3026	2.49006
CSAG1	NA	0	876	0
CSAG3	NA	0	1083	0
CSAG4	NA	0	753	0
CSDC2	NA	479	2530	7.66974
CSDE1	NA	12563	4313	117.999
CSE1L	NA	4902	3627	54.7509
CSE1L-AS1	NA	2	568	0.142642
CSF1	NA	568	4915	4.68156
CSF1R	NA	57	4022	0.574115
CSF2	NA	0	785	0
CSF2RA	NA	100	4596	0.881426
CSF2RB	NA	0	4846	0
CSF3	NA	24	1768	0.549914
CSF3R	NA	0	3490	0
CSGALNACT1	NA	1	4887	0.00828941
CSGALNACT2	NA	430	3769	4.62177
CSH1	NA	1	918	0.0441289
CSH2	NA	0	1136	0
CSHL1	NA	0	841	0
CSK	NA	1613	2740	23.8479
CSMD1	NA	2	14317	0.00565905
CSMD2	NA	1	13920	0.00291023
CSMD2-AS1	NA	0	1364	0
CSMD3	NA	39	13353	0.118318
CSN1S1	NA	0	981	0
CSN1S2AP	NA	0	777	0
CSN1S2BP	NA	0	432	0
CSN2	NA	0	1070	0
CSN3	NA	0	808	0
CSNK1A1	NA	5820	2795	84.3543
CSNK1A1L	NA	156	2405	2.6277
CSNK1A1P1	NA	24	1690	0.575295
CSNK1D	NA	4481	3793	47.8584
CSNK1E	NA	3775	2891	52.8974
CSNK1G1	NA	955	8163	4.73936
CSNK1G2	NA	2237	2904	31.2058
CSNK1G2-AS1	NA	2	1313	0.0617065
CSNK1G3	NA	730	4738	6.24157
CSNK2A1	NA	4374	2836	62.4796
CSNK2A2	NA	1209	1658	29.5398
CSNK2A3	NA	1674	1416	47.8915
CSNK2B	NA	4535	7925	23.1816
CSPG4	NA	1530	8290	7.47658
CSPG4P1Y	NA	0	795	0
CSPG5	NA	84	2590	1.31385
CSPP1	NA	452	5209	3.5152
CSRNP1	NA	895	3188	11.3729
CSRNP2	NA	1106	4702	9.5288
CSRNP3	NA	0	12040	0
CSRP1	NA	3026	2324	52.7471
CSRP2	NA	169	923	7.41739
CSRP2BP	NA	1159	3848	12.2015
CSRP3	NA	1	1464	0.027671
CST1	NA	0	760	0
CST11	NA	0	553	0
CST13P	NA	0	1157	0
CST2	NA	0	694	0
CST3	NA	1947	2455	32.1277
CST4	NA	0	736	0
CST5	NA	0	749	0
CST6	NA	0	609	0
CST7	NA	0	930	0
CST8	NA	0	918	0
CST9	NA	0	1689	0
CST9L	NA	0	958	0
CSTA	NA	2	827	0.0979694
CSTB	NA	14850	940	639.977
CSTF1	NA	1161	2572	18.2864
CSTF2	NA	702	2662	10.683
CSTF2T	NA	1437	4110	14.1638
CSTF3	NA	2573	3181	32.7674
CSTF3-AS1	NA	5	2060	0.0983261
CSTL1	NA	0	736	0
CT45A1	NA	6	1028	0.236442
CT45A10	NA	4	1346	0.120387
CT45A2	NA	2	1009	0.080298
CT45A3	NA	6	1008	0.241133
CT45A4	NA	2	1008	0.0803777
CT45A5	NA	2	1338	0.0605536
CT45A6	NA	8	2016	0.160755
CT45A7	NA	14	2460	0.230547
CT45A8	NA	2	1009	0.080298
CT45A9	NA	2	1009	0.080298
CT47A1	NA	0	12930	0
CT47A10	NA	0	11637	0
CT47A11	NA	0	11637	0
CT47A12	NA	0	11637	0
CT47A2	NA	0	11637	0
CT47A3	NA	0	11637	0
CT47A4	NA	0	11637	0
CT47A5	NA	0	11637	0
CT47A6	NA	0	12930	0
CT47A7	NA	0	1293	0
CT47A8	NA	0	11637	0
CT47A9	NA	0	11637	0
CT47B1	NA	0	1329	0
CT55	NA	1	2161	0.0187461
CT62	NA	0	1831	0
CT83	NA	0	574	0
CTAG1A	NA	0	748	0
CTAG1B	NA	0	748	0
CTAG2	NA	0	993	0
CTAGE1	NA	80	4315	0.751061
CTAGE10P	NA	18	2972	0.245352
CTAGE11P	NA	35	2629	0.539316
CTAGE15	NA	39	2587	0.610709
CTAGE4	NA	26	2626	0.401092
CTAGE5	NA	524	4075	5.20918
CTAGE6	NA	39	2662	0.593502
CTAGE7P	NA	59	2829	0.84486
CTAGE8	NA	34	3111	0.442736
CTAGE9	NA	30	2577	0.471599
CTB-113P19.1	NA	6	1970	0.123382
CTB-12O2.1	NA	3	403	0.301566
CTB-178M22.2	NA	17	518	1.32949
CTB-7E3.1	NA	0	566	0
CTBP1	NA	4221	2483	68.8659
CTBP1-AS	NA	972	3886	10.1328
CTBP1-AS2	NA	516	2930	7.13424
CTBP2	NA	2589	5742	18.2656
CTBS	NA	194	3101	2.53435
CTC-338M12.4	NA	321	1013	12.8369
CTC-436P18.1	NA	8	590	0.549293
CTC1	NA	665	7072	3.8093
CTCF	NA	1653	3941	16.9915
CTCFL	NA	5	7949	0.0254814
CTD-2151A2.1	NA	1	1033	0.0392162
CTD-2194D22.4	NA	2	1633	0.0496146
CTD-2201E9.1	NA	0	1679	0
CTD-2201I18.1	NA	0	2716	0
CTD-2270F17.1	NA	1	1215	0.0333418
CTD-2297D10.2	NA	0	1584	0
CTD-2350J17.1	NA	0	385	0
CTD-3080P12.3	NA	0	1802	0
CTDNEP1	NA	3576	1855	78.0943
CTDP1	NA	1548	3841	16.3265
CTDSP1	NA	1355	2780	19.7451
CTDSP2	NA	2912	5020	23.4992
CTDSPL	NA	801	4455	7.28368
CTDSPL2	NA	792	4874	6.58272
CTF1	NA	292	1664	7.10878
CTGF	NA	11575	2343	200.131
CTGLF12P	NA	294	2139	5.56804
CTH	NA	252	2140	4.77038
CTHRC1	NA	0	1505	0
CTIF	NA	366	5818	2.54843
CTLA4	NA	0	1975	0
CTNNA1	NA	5511	4363	51.1695
CTNNA2	NA	26	4754	0.221554
CTNNA3	NA	1	12419	0.00326196
CTNNAL1	NA	2369	2594	36.9965
CTNNB1	NA	6032	3720	65.6877
CTNNBIP1	NA	1439	2995	19.4639
CTNNBL1	NA	1560	2077	30.4266
CTNND1	NA	3500	6350	22.3285
CTNND2	NA	2	5830	0.0138972
CTNS	NA	1514	4431	13.8417
CTPS1	NA	3603	3462	42.1602
CTPS2	NA	645	4925	5.30541
CTR9	NA	1948	4598	17.1627
CTRB1	NA	0	872	0
CTRB2	NA	2	890	0.0910345
CTRC	NA	1	899	0.0450616
CTRL	NA	90	1182	3.08454
CTSA	NA	1526	2286	27.0423
CTSB	NA	6275	3989	63.7258
CTSC	NA	1	7623	0.00531422
CTSD	NA	7258	2123	138.495
CTSE	NA	0	2228	0
CTSF	NA	8003	2014	160.975
CTSG	NA	0	924	0
CTSH	NA	222	1485	6.05609
CTSK	NA	68	1810	1.52194
CTSL	NA	521	1714	12.3138
CTSL3P	NA	0	657	0
CTSLP2	NA	1	1105	0.0366609
CTSLP8	NA	0	569	0
CTSO	NA	654	2933	9.03299
CTSS	NA	47	4107	0.463595
CTSV	NA	613	4564	5.44102
CTSW	NA	0	1296	0
CTSZ	NA	5	1500	0.135034
CTTN	NA	6757	3281	83.4283
CTTNBP2	NA	0	5969	0
CTTNBP2NL	NA	858	5900	5.89116
CTU1	NA	420	2107	8.07515
CTU2	NA	304	1723	7.1475
CTXN1	NA	2494	1263	79.9943
CTXN2	NA	1	2695	0.0150317
CTXN3	NA	0	1860	0
CUBN	NA	14	11933	0.0475274
CUEDC1	NA	1940	4025	19.5255
CUEDC2	NA	2694	1196	91.2499
CUL1	NA	2017	3209	25.4626
CUL2	NA	2134	4690	18.4326
CUL3	NA	3340	6927	19.5329
CUL4A	NA	3289	4494	29.6481
CUL4B	NA	1495	5686	10.6512
CUL5	NA	1095	6387	6.94517
CUL7	NA	1418	5596	10.2651
CUL9	NA	165	7771	0.860147
CUTA	NA	3735	2398	63.0968
CUTC	NA	430	1368	12.7335
CUX1	NA	1022	15587	2.65616
CUX2	NA	2	6844	0.0118382
CUZD1	NA	19	2279	0.337734
CWC15	NA	2066	1575	53.1393
CWC22	NA	1395	3279	17.2345
CWC25	NA	874	3220	10.9957
CWC27	NA	994	3053	13.1894
CWF19L1	NA	978	2681	14.7777
CWF19L2	NA	641	3279	7.91922
CWH43	NA	0	2614	0
CX3CL1	NA	3	3318	0.0366278
CX3CR1	NA	3	3657	0.0332324
CXADR	NA	1956	6169	12.8446
CXADRP2	NA	59	2459	0.971984
CXADRP3	NA	34	1610	0.855498
CXCL1	NA	0	1192	0
CXCL10	NA	2	1216	0.0666288
CXCL11	NA	1	1601	0.0253031
CXCL12	NA	1	5290	0.00765791
CXCL13	NA	1	1203	0.0336744
CXCL14	NA	119	1973	2.44335
CXCL16	NA	109	2402	1.83831
CXCL17	NA	0	853	0
CXCL2	NA	0	1203	0
CXCL3	NA	0	1153	0
CXCL5	NA	11	2488	0.179105
CXCL6	NA	0	1659	0
CXCL8	NA	0	1705	0
CXCL9	NA	0	2708	0
CXCR1	NA	1	2486	0.0162954
CXCR2	NA	6	2940	0.0826742
CXCR2P1	NA	1	2136	0.0189655
CXCR3	NA	0	1868	0
CXCR4	NA	3	2005	0.060614
CXCR5	NA	29	3107	0.378114
CXCR6	NA	3	1953	0.0622279
CXXC1	NA	2025	2966	27.6579
CXXC1P1	NA	0	1897	0
CXXC4	NA	107	5578	0.77709
CXXC5	NA	1207	1447	33.7913
CXorf21	NA	0	1927	0
CXorf23	NA	159	6492	0.992166
CXorf36	NA	0	6596	0
CXorf38	NA	444	4250	4.23214
CXorf40A	NA	532	3935	5.47687
CXorf40B	NA	1127	1340	34.071
CXorf49	NA	0	1851	0
CXorf49B	NA	0	1851	0
CXorf51A	NA	0	438	0
CXorf51B	NA	0	438	0
CXorf56	NA	715	2433	11.905
CXorf57	NA	0	3904	0
CXorf58	NA	1	1547	0.0261864
CXorf65	NA	0	882	0
CXorf66	NA	0	1279	0
CXorf67	NA	12	1923	0.252795
CYB561	NA	2	3391	0.0238929
CYB561A3	NA	410	3372	4.92563
CYB561D1	NA	211	5157	1.65749
CYB561D2	NA	344	2332	5.9758
CYB5A	NA	0	862	0
CYB5B	NA	5001	4286	47.2684
CYB5D1	NA	1166	3746	12.6095
CYB5D2	NA	322	2002	6.51565
CYB5R1	NA	527	1643	12.9939
CYB5R2	NA	295	1995	5.99025
CYB5R3	NA	4174	3517	48.0779
CYB5R4	NA	237	2247	4.27279
CYB5RL	NA	62	3533	0.710909
CYBA	NA	3410	723	191.065
CYBB	NA	0	4318	0
CYBRD1	NA	588	4402	5.41119
CYC1	NA	3237	1234	106.266
CYCS	NA	9632	5538	70.4578
CYCSP52	NA	0	310	0
CYFIP1	NA	2248	5266	17.2934
CYFIP2	NA	2923	6816	17.3726
CYGB	NA	111	2166	2.07601
CYHR1	NA	927	2566	14.6349
CYLC1	NA	0	2129	0
CYLC2	NA	0	2171	0
CYLD	NA	321	8805	1.47687
CYMP	NA	0	1241	0
CYP11A1	NA	12	2428	0.200216
CYP11B1	NA	0	3535	0
CYP11B2	NA	0	2936	0
CYP17A1	NA	2	1870	0.0433266
CYP19A1	NA	0	4514	0
CYP1A1	NA	13	2608	0.20193
CYP1A2	NA	1	3127	0.012955
CYP1B1	NA	4	5153	0.031446
CYP1B1-AS1	NA	0	1753	0
CYP20A1	NA	303	10943	1.12169
CYP21A1P	NA	1055	12998	3.28808
CYP21A2	NA	775	19662	1.59676
CYP24A1	NA	275	3266	3.41101
CYP26A1	NA	16	2479	0.261462
CYP26B1	NA	79	4556	0.70244
CYP26C1	NA	3	1569	0.0774576
CYP27A1	NA	9	2293	0.159003
CYP27B1	NA	94	2487	1.53115
CYP27C1	NA	111	4685	0.959797
CYP2A13	NA	0	1760	0
CYP2A6	NA	0	1764	0
CYP2A7	NA	0	2291	0
CYP2B6	NA	0	3052	0
CYP2B7P	NA	0	2910	0
CYP2C18	NA	1	2545	0.0159176
CYP2C19	NA	1	1789	0.0226441
CYP2C8	NA	0	2024	0
CYP2C9	NA	0	1861	0
CYP2D6	NA	98	1659	2.39302
CYP2D7	NA	88	1681	2.12071
CYP2E1	NA	34	1667	0.826246
CYP2F1	NA	0	1826	0
CYP2G1P	NA	0	2511	0
CYP2J2	NA	1	1857	0.0218149
CYP2R1	NA	274	1618	6.86022
CYP2S1	NA	9	2624	0.138946
CYP2U1	NA	86	4752	0.733142
CYP2W1	NA	6	2304	0.105496
CYP39A1	NA	0	2444	0
CYP3A4	NA	0	2792	0
CYP3A43	NA	0	2022	0
CYP3A5	NA	3	4016	0.0302617
CYP3A7	NA	1	2082	0.0194574
CYP3A7-CYP3A51P	NA	2	2262	0.0358182
CYP46A1	NA	22	2077	0.429094
CYP4A11	NA	0	2552	0
CYP4A22	NA	0	3058	0
CYP4B1	NA	0	2158	0
CYP4F11	NA	24	3395	0.286376
CYP4F12	NA	95	2081	1.84934
CYP4F2	NA	75	2406	1.26279
CYP4F22	NA	88	2609	1.36639
CYP4F24P	NA	13	2470	0.213212
CYP4F29P	NA	76	1279	2.40718
CYP4F3	NA	29	3133	0.374976
CYP4F30P	NA	1	2249	0.0180126
CYP4F35P	NA	22	2876	0.309884
CYP4F62P	NA	1	2412	0.0167953
CYP4F8	NA	1	1905	0.0212653
CYP4V2	NA	38	4704	0.327252
CYP4X1	NA	0	2357	0
CYP4Z1	NA	0	1907	0
CYP4Z2P	NA	0	1474	0
CYP51A1	NA	2265	3288	27.9063
CYP51A1-AS1	NA	7	2998	0.0945872
CYP7A1	NA	2	2875	0.0281811
CYP7B1	NA	4	2395	0.0676582
CYP8B1	NA	1	3950	0.0102558
CYR61	NA	4727	2293	83.5117
CYS1	NA	130	2719	1.93687
CYSLTR1	NA	0	2919	0
CYSLTR2	NA	0	3246	0
CYSRT1	NA	890	1297	27.7981
CYSTM1	NA	1541	910	68.6005
CYTH1	NA	741	4002	7.50079
CYTH2	NA	1235	4607	10.8596
CYTH3	NA	458	4467	4.15351
CYTH4	NA	2	3138	0.0258192
CYTIP	NA	0	2210	0
CYTL1	NA	7	1000	0.283572
CYYR1	NA	0	3079	0
D21S2088E	NA	0	1699	0
D2HGDH	NA	578	2622	8.9302
DAAM1	NA	41	5926	0.280277
DAAM2	NA	1	6333	0.00639671
DAB1	NA	0	2580	0
DAB1-AS1	NA	0	1150	0
DAB2	NA	1	4601	0.00880468
DAB2IP	NA	712	6082	4.74241
DACH1	NA	1	5239	0.00773246
DACH2	NA	0	2508	0
DACT1	NA	1	4405	0.00919644
DACT2	NA	0	4223	0
DACT3	NA	323	2897	4.51669
DACT3-AS1	NA	14	1666	0.340423
DAD1	NA	4392	697	255.267
DAG1	NA	4015	6593	24.67
DAGLA	NA	153	5758	1.07643
DAGLB	NA	565	2910	7.86541
DALRD3	NA	1532	2002	30.9999
DANCR	NA	2372	855	112.387
DAND5	NA	0	1732	0
DAO	NA	48	1596	1.21836
DAOA	NA	0	1118	0
DAOA-AS1	NA	0	2480	0
DAP	NA	1275	2342	22.0541
DAP3	NA	2879	2217	52.6068
DAPK1	NA	3	6275	0.0193675
DAPK2	NA	415	2628	6.39718
DAPK3	NA	3380	2310	59.2749
DAPL1	NA	0	543	0
DAPP1	NA	2	2999	0.0270159
DARS	NA	2536	3157	32.5417
DARS-AS1	NA	50	1126	1.79886
DARS2	NA	727	3348	8.7966
DAW1	NA	1	1669	0.0242722
DAXX	NA	2492	13079	7.71861
DAZ1	NA	0	4419	0
DAZ2	NA	0	7706	0
DAZ3	NA	0	7032	0
DAZ4	NA	0	7311	0
DAZAP1	NA	4007	2293	70.7915
DAZAP2	NA	1886	2823	27.0643
DAZL	NA	1	3399	0.0119183
DBET	NA	12	3363	0.144551
DBF4	NA	1311	3907	13.5933
DBF4B	NA	889	5160	6.9794
DBH	NA	14	2760	0.205487
DBH-AS1	NA	48	2233	0.8708
DBI	NA	2917	1436	82.2901
DBIL5P	NA	20	3004	0.269709
DBIL5P2	NA	0	1692	0
DBN1	NA	10587	3316	129.337
DBNDD1	NA	1008	2843	14.3631
DBNDD2	NA	160	2273	2.85159
DBNL	NA	1960	2219	35.782
DBP	NA	722	1811	16.1504
DBR1	NA	790	2690	11.8971
DBT	NA	410	10815	1.53576
DBX1	NA	0	1032	0
DBX2	NA	0	2722	0
DCAF10	NA	910	8015	4.59943
DCAF11	NA	1048	4472	9.49348
DCAF12	NA	2210	3671	24.3879
DCAF12L1	NA	0	3390	0
DCAF12L2	NA	0	2599	0
DCAF13	NA	1919	2641	29.4356
DCAF13P3	NA	40	2437	0.664921
DCAF15	NA	1438	2258	25.7989
DCAF16	NA	975	4548	8.6846
DCAF17	NA	725	5828	5.03946
DCAF4	NA	842	2555	13.3502
DCAF4L1	NA	25	4772	0.212229
DCAF4L2	NA	0	3326	0
DCAF5	NA	1436	8124	7.16062
DCAF6	NA	599	3619	6.70508
DCAF7	NA	2683	6381	17.0333
DCAF8	NA	2159	4690	18.6486
DCAF8L1	NA	4	3457	0.0468734
DCAF8L2	NA	0	2013	0
DCAKD	NA	1338	2396	22.6222
DCANP1	NA	6	3135	0.0775317
DCBLD1	NA	23	1978	0.47105
DCBLD2	NA	28	6093	0.186163
DCC	NA	1	10210	0.00396771
DCD	NA	0	709	0
DCDC1	NA	7	1742	0.162786
DCDC2	NA	1	4820	0.00840463
DCDC2B	NA	48	1349	1.44144
DCDC2C	NA	0	1482	0
DCDC5	NA	1	4759	0.00851236
DCHS1	NA	25	10759	0.0941313
DCHS2	NA	0	12010	0
DCK	NA	376	2605	5.84717
DCLK1	NA	27	13692	0.0798845
DCLK2	NA	6	4398	0.0552665
DCLK3	NA	0	5344	0
DCLRE1A	NA	306	4636	2.67389
DCLRE1B	NA	514	3788	5.49691
DCLRE1C	NA	392	6977	2.27606
DCN	NA	0	2509	0
DCP1A	NA	1060	6067	7.07779
DCP1B	NA	712	2092	13.7875
DCP2	NA	1659	10198	6.59018
DCPS	NA	737	1483	20.1322
DCST1	NA	27	2297	0.476177
DCST2	NA	15	2419	0.251201
DCSTAMP	NA	263	1983	5.37278
DCT	NA	1	2397	0.0169004
DCTD	NA	2501	2042	49.6162
DCTN1	NA	6145	5272	47.2185
DCTN1-AS1	NA	1	2144	0.0188947
DCTN2	NA	3033	2119	57.9839
DCTN3	NA	778	984	32.0295
DCTN4	NA	1691	4313	15.8829
DCTN5	NA	2472	7853	12.752
DCTN6	NA	422	1126	15.1824
DCTPP1	NA	2205	1120	79.7547
DCUN1D1	NA	897	7961	4.56447
DCUN1D2	NA	246	3029	3.29004
DCUN1D3	NA	249	2868	3.51711
DCUN1D4	NA	848	4702	7.30599
DCUN1D5	NA	2373	12732	7.55035
DCX	NA	0	9687	0
DCXR	NA	1227	829	59.9592
DDA1	NA	1221	4077	12.1322
DDAH1	NA	1141	4482	10.3129
DDAH2	NA	1978	15134	5.29466
DDB1	NA	9882	4356	91.9015
DDB2	NA	1422	1848	31.1719
DDC	NA	0	2487	0
DDC-AS1	NA	0	1776	0
DDHD1	NA	1857	12982	5.79477
DDHD2	NA	1057	5784	7.40308
DDI1	NA	0	2615	0
DDI2	NA	282	2680	4.26265
DDIAS	NA	542	3563	6.16239
DDIT3	NA	893	1178	30.7094
DDIT4	NA	9370	1752	216.656
DDIT4L	NA	0	2634	0
DDN	NA	79	3744	0.854785
DDO	NA	1	1709	0.0237041
DDOST	NA	8080	2126	153.962
DDR1	NA	5273	23706	9.01084
DDR2	NA	296	3244	3.69638
DDRGK1	NA	1447	1254	46.7452
DDT	NA	0	723	0
DDTL	NA	0	1635	0
DDX1	NA	3028	2741	44.752
DDX10	NA	1632	3264	20.2552
DDX11	NA	1449	3927	14.9477
DDX11-AS1	NA	37	2031	0.738002
DDX11L1	NA	89	1652	2.18246
DDX11L10	NA	79	1652	1.93724
DDX11L16	NA	96	3286	1.1835
DDX11L2	NA	219	2305	3.84892
DDX11L5	NA	99	1655	2.42328
DDX11L9	NA	104	1670	2.5228
DDX12P	NA	1447	3909	14.9958
DDX17	NA	8224	4796	69.4656
DDX18	NA	2862	3765	30.7943
DDX19A	NA	2344	2900	32.7435
DDX19B	NA	1391	2341	24.0709
DDX20	NA	1428	3510	16.4811
DDX21	NA	8416	5021	67.9018
DDX23	NA	3866	3267	47.9379
DDX24	NA	6118	2948	84.0713
DDX25	NA	2	1834	0.044177
DDX26B	NA	183	3848	1.92656
DDX26B-AS1	NA	5	398	0.508924
DDX27	NA	2483	2695	37.3236
DDX28	NA	1244	2594	19.4275
DDX31	NA	1125	3786	12.0375
DDX39A	NA	4285	1540	112.719
DDX39B	NA	10737	16055	27.0918
DDX3X	NA	8531	6738	51.2902
DDX3Y	NA	2099	4908	17.325
DDX4	NA	3	2962	0.0410301
DDX41	NA	3417	2104	65.7908
DDX42	NA	3983	4011	40.2275
DDX43	NA	8	2696	0.120209
DDX46	NA	2118	5851	14.6643
DDX47	NA	2786	1817	62.1144
DDX49	NA	1584	1836	34.9501
DDX5	NA	16851	3759	181.601
DDX50	NA	1329	2538	21.2129
DDX51	NA	1185	4717	10.177
DDX52	NA	1807	6510	11.2446
DDX53	NA	0	2129	0
DDX54	NA	4038	4381	37.3387
DDX55	NA	1074	2622	16.5935
DDX56	NA	5641	2872	79.5678
DDX58	NA	324	4756	2.75975
DDX59	NA	264	2320	4.6098
DDX6	NA	3179	6320	20.377
DDX60	NA	2	6073	0.0133411
DDX60L	NA	19	7213	0.10671
DEAF1	NA	1711	2777	24.9597
DEAR	NA	11	370	1.20436
DEC1	NA	0	1251	0
DECR1	NA	426	1251	13.7949
DECR2	NA	318	1583	8.13789
DEDD	NA	1141	2436	18.9747
DEDD2	NA	1472	2286	26.0854
DEF6	NA	156	2296	2.75244
DEF8	NA	1749	4220	16.7897
DEFA1	NA	0	1494	0
DEFA10P	NA	0	291	0
DEFA11P	NA	0	301	0
DEFA1B	NA	0	1582	0
DEFA3	NA	0	491	0
DEFA4	NA	0	619	0
DEFA5	NA	0	458	0
DEFA6	NA	0	468	0
DEFA8P	NA	0	285	0
DEFA9P	NA	0	285	0
DEFB1	NA	3	463	0.262486
DEFB103A	NA	0	512	0
DEFB103B	NA	0	512	0
DEFB104A	NA	0	281	0
DEFB104B	NA	0	281	0
DEFB105A	NA	0	331	0
DEFB105B	NA	0	331	0
DEFB106A	NA	0	303	0
DEFB106B	NA	0	303	0
DEFB107A	NA	0	389	0
DEFB107B	NA	0	389	0
DEFB108B	NA	0	222	0
DEFB109P1	NA	3	189	0.643021
DEFB109P1B	NA	3	264	0.460345
DEFB110	NA	0	518	0
DEFB112	NA	0	342	0
DEFB113	NA	0	249	0
DEFB114	NA	0	210	0
DEFB115	NA	0	267	0
DEFB116	NA	0	309	0
DEFB118	NA	0	1137	0
DEFB119	NA	0	844	0
DEFB121	NA	0	630	0
DEFB122	NA	1	496	0.0816741
DEFB123	NA	0	533	0
DEFB124	NA	0	216	0
DEFB125	NA	0	665	0
DEFB126	NA	0	471	0
DEFB127	NA	0	514	0
DEFB128	NA	0	373	0
DEFB129	NA	0	698	0
DEFB130	NA	0	480	0
DEFB131	NA	0	213	0
DEFB132	NA	0	2120	0
DEFB133	NA	0	186	0
DEFB134	NA	0	1096	0
DEFB135	NA	0	234	0
DEFB136	NA	0	237	0
DEFB4A	NA	2	449	0.180447
DEFB4B	NA	2	298	0.271881
DEFT1P	NA	0	992	0
DEFT1P2	NA	0	992	0
DEGS1	NA	6523	2063	128.09
DEGS2	NA	6	1405	0.172998
DEK	NA	4661	2871	65.7676
DENND1A	NA	1591	5363	12.0179
DENND1B	NA	5	10932	0.0185283
DENND1C	NA	3	2819	0.0431114
DENND2A	NA	120	3462	1.40417
DENND2C	NA	42	4514	0.376924
DENND2D	NA	9	3539	0.103021
DENND3	NA	269	5443	2.00207
DENND4A	NA	292	7338	1.61202
DENND4B	NA	1401	5688	9.97802
DENND4C	NA	425	8130	2.1177
DENND5A	NA	2191	4964	17.8804
DENND5B	NA	494	9774	2.04748
DENND5B-AS1	NA	114	564	8.18826
DENND6A	NA	425	4658	3.6962
DENND6B	NA	165	2006	3.33211
DENR	NA	3485	2722	51.8657
DEPDC1	NA	858	5438	6.39166
DEPDC1-AS1	NA	10	1247	0.324862
DEPDC1B	NA	2699	2504	43.6651
DEPDC4	NA	11	1154	0.386147
DEPDC5	NA	330	6173	2.16563
DEPDC7	NA	55	2159	1.03199
DEPTOR	NA	15	2636	0.230522
DERA	NA	324	1804	7.27569
DERL1	NA	1433	3340	17.3806
DERL2	NA	1067	4428	9.76164
DERL3	NA	0	3200	0
DES	NA	12	2248	0.216247
DESI1	NA	2147	3794	22.9245
DESI2	NA	3104	4096	30.6992
DET1	NA	92	2343	1.59067
DEXI	NA	793	1501	21.4022
DFFA	NA	3531	3393	42.158
DFFB	NA	218	3229	2.73498
DFNA5	NA	223	2564	3.52332
DFNB31	NA	1982	4162	19.2916
DFNB59	NA	51	1524	1.35566
DGAT1	NA	860	3721	9.36278
DGAT2	NA	927	2454	15.3028
DGAT2L6	NA	0	1711	0
DGCR10	NA	0	927	0
DGCR11	NA	56	2214	1.02465
DGCR14	NA	957	5385	7.19933
DGCR2	NA	2031	4492	18.3162
DGCR5	NA	225	3938	2.31458
DGCR6	NA	425	1214	14.182
DGCR6L	NA	1094	1217	36.416
DGCR8	NA	1240	4520	11.1135
DGCR9	NA	15	2415	0.251617
DGKA	NA	210	3055	2.78467
DGKB	NA	2	7542	0.0107426
DGKD	NA	1463	6397	9.26475
DGKE	NA	209	7768	1.08994
DGKG	NA	0	5802	0
DGKH	NA	239	18967	0.510464
DGKI	NA	2	4780	0.0169499
DGKK	NA	0	7408	0
DGKQ	NA	818	4643	7.13708
DGKZ	NA	687	5421	5.13385
DGUOK	NA	1446	1144	51.2045
DGUOK-AS1	NA	7	571	0.496624
DHCR24	NA	4489	4286	42.429
DHCR7	NA	1663	2665	25.2791
DHDDS	NA	1280	3328	15.5809
DHDH	NA	76	1081	2.84809
DHFR	NA	2126	3917	21.9875
DHFRL1	NA	46	4163	0.447628
DHH	NA	1	1934	0.0209464
DHODH	NA	510	2427	8.51268
DHPS	NA	933	1531	24.6872
DHRS1	NA	284	1725	6.66953
DHRS11	NA	423	1598	10.7233
DHRS12	NA	208	2779	3.03208
DHRS13	NA	456	1921	9.6162
DHRS2	NA	30	1687	0.720397
DHRS3	NA	135	1723	3.17405
DHRS4	NA	755	1299	23.5453
DHRS4-AS1	NA	617	3417	7.31486
DHRS4L1	NA	297	2007	5.9948
DHRS4L2	NA	875	1951	18.1684
DHRS7	NA	761	1388	22.2106
DHRS7B	NA	549	1841	12.0805
DHRS7C	NA	0	1006	0
DHRS9	NA	0	2286	0
DHRSX	NA	583	5138	4.59664
DHTKD1	NA	1189	5217	9.23266
DHX15	NA	5270	3015	70.8091
DHX16	NA	3444	25602	5.44948
DHX29	NA	1384	4473	12.5344
DHX30	NA	3235	5126	25.5659
DHX32	NA	1746	3070	23.0394
DHX33	NA	1770	5618	12.7631
DHX34	NA	1320	4372	12.2309
DHX35	NA	491	3342	5.9517
DHX36	NA	3143	3611	35.26
DHX37	NA	1965	4551	17.4913
DHX38	NA	3311	4454	30.1144
DHX40	NA	1672	3667	18.471
DHX57	NA	1366	4825	11.4688
DHX58	NA	40	2617	0.619187
DHX8	NA	1367	4556	12.1549
DHX9	NA	7229	4673	62.6684
DIABLO	NA	2044	3463	23.9108
DIAPH1	NA	4231	5790	29.6026
DIAPH2	NA	96	5128	0.758384
DIAPH2-AS1	NA	0	977	0
DIAPH3	NA	757	5138	5.96853
DIAPH3-AS1	NA	7	980	0.28936
DIAPH3-AS2	NA	0	367	0
DICER1	NA	1785	10712	6.75046
DICER1-AS1	NA	38	803	1.91705
DIDO1	NA	2422	13328	7.36165
DIEXF	NA	1643	8486	7.84333
DIMT1	NA	1689	1557	43.9447
DIO1	NA	2	1860	0.0435595
DIO2	NA	4	6716	0.0241277
DIO2-AS1	NA	0	1595	0
DIO3	NA	0	2102	0
DIO3OS	NA	0	3454	0
DIP2A	NA	793	8025	4.00308
DIP2A-IT1	NA	2	427	0.189744
DIP2B	NA	1133	8715	5.26658
DIP2C	NA	548	7896	2.81151
DIRAS1	NA	1621	3398	19.3253
DIRAS2	NA	0	4386	0
DIRAS3	NA	5	1631	0.124189
DIRC1	NA	0	1454	0
DIRC2	NA	293	3337	3.55695
DIRC3	NA	2	3906	0.0207426
DIS3	NA	2817	7634	14.9486
DIS3L	NA	469	3839	4.94904
DIS3L2	NA	454	4944	3.72
DISC1	NA	124	13339	0.376586
DISC1-IT1	NA	0	734	0
DISC1FP1	NA	0	774	0
DISC2	NA	6	3892	0.0624517
DISP1	NA	99	4924	0.814485
DISP2	NA	194	5032	1.56181
DIXDC1	NA	1808	7798	9.3925
DKC1	NA	5008	4523	44.8542
DKFZP434A062	NA	12	4782	0.101657
DKFZP434H168	NA	0	1909	0
DKFZP434I0714	NA	61	3000	0.82371
DKFZP434K028	NA	0	936	0
DKFZP434L187	NA	0	4260	0
DKFZP586I1420	NA	34	2745	0.501767
DKFZp434J0226	NA	4	1634	0.0991685
DKFZp434L192	NA	0	1062	0
DKFZp451B082	NA	0	4931	0
DKFZp686K1684	NA	0	1656	0
DKFZp779M0652	NA	3	649	0.187259
DKK1	NA	8077	1805	181.275
DKK2	NA	0	3637	0
DKK3	NA	354	2990	4.79621
DKK4	NA	0	818	0
DKKL1	NA	20	1086	0.746047
DLAT	NA	1561	4346	14.5505
DLC1	NA	0	8597	0
DLD	NA	2329	3613	26.1136
DLEC1	NA	34	5614	0.245342
DLEU1	NA	382	3963	3.90486
DLEU1-AS1	NA	0	731	0
DLEU2	NA	105	2768	1.5367
DLEU2L	NA	35	1657	0.85568
DLEU7	NA	0	3583	0
DLEU7-AS1	NA	0	1807	0
DLG1	NA	1197	5889	8.23414
DLG1-AS1	NA	9	1702	0.214214
DLG2	NA	224	9349	0.970619
DLG3	NA	472	6782	2.81936
DLG3-AS1	NA	0	484	0
DLG4	NA	1216	4814	10.2328
DLG5	NA	6671	7479	36.1338
DLG5-AS1	NA	125	3014	1.68009
DLGAP1	NA	539	7425	2.94075
DLGAP1-AS1	NA	249	993	10.1582
DLGAP1-AS2	NA	70	923	3.07229
DLGAP1-AS3	NA	183	1258	5.893
DLGAP1-AS4	NA	28	757	1.4984
DLGAP1-AS5	NA	2	3220	0.0251617
DLGAP2	NA	9	10132	0.0359843
DLGAP2-AS1	NA	1	586	0.0691303
DLGAP3	NA	256	3856	2.68948
DLGAP4	NA	1302	6071	8.68794
DLGAP4-AS1	NA	16	1207	0.537005
DLGAP5	NA	1363	3084	17.9039
DLK1	NA	119	1590	3.03191
DLK2	NA	86	2270	1.53475
DLL1	NA	18	3310	0.220298
DLL3	NA	402	2383	6.83389
DLL4	NA	6	3420	0.0710708
DLST	NA	2807	3566	31.888
DLSTP1	NA	245	3012	3.29516
DLX1	NA	237	2382	4.03063
DLX2	NA	379	2304	6.66381
DLX2-AS1	NA	6	950	0.255855
DLX3	NA	805	2602	12.533
DLX4	NA	499	2317	8.7245
DLX5	NA	35	1424	0.995689
DLX6	NA	31	1875	0.669771
DLX6-AS1	NA	4	1990	0.0814278
DMAP1	NA	471	1766	10.8043
DMBT1	NA	2	7686	0.0105413
DMBT1P1	NA	0	3743	0
DMBX1	NA	23	2884	0.323071
DMC1	NA	14	2502	0.226677
DMD	NA	8	15708	0.0206317
DMGDH	NA	4	4188	0.0386918
DMKN	NA	1843	2536	29.4403
DMP1	NA	13	2686	0.196066
DMPK	NA	1047	3705	11.4479
DMRT1	NA	0	2222	0
DMRT2	NA	0	2935	0
DMRT3	NA	0	2180	0
DMRTA1	NA	2	2302	0.0351958
DMRTA2	NA	1	3083	0.0131399
DMRTB1	NA	0	1909	0
DMRTC1	NA	1	1100	0.0368276
DMRTC1B	NA	1	1100	0.0368276
DMRTC2	NA	0	1820	0
DMTF1	NA	1203	4442	10.9712
DMTN	NA	38	3333	0.461864
DMWD	NA	1157	3308	14.1688
DMXL1	NA	437	12852	1.37745
DMXL2	NA	615	10599	2.35059
DNA2	NA	621	4335	5.80321
DNAAF1	NA	46	2436	0.764974
DNAAF2	NA	749	2963	10.2404
DNAAF3	NA	404	2381	6.87366
DNAAF5	NA	1875	3414	22.2486
DNAH1	NA	121	13110	0.373894
DNAH10	NA	66	13680	0.195445
DNAH11	NA	448	13896	1.30603
DNAH12	NA	16	10111	0.064105
DNAH14	NA	414	14457	1.16008
DNAH17	NA	49	13723	0.144648
DNAH17-AS1	NA	0	5163	0
DNAH2	NA	16	15960	0.0406119
DNAH3	NA	1	12394	0.00326854
DNAH5	NA	15	15573	0.0390198
DNAH6	NA	10	12795	0.0316611
DNAH7	NA	3	12394	0.00980563
DNAH8	NA	0	14639	0
DNAH9	NA	0	14021	0
DNAI1	NA	6	2599	0.0935214
DNAI2	NA	0	2279	0
DNAJA1	NA	8616	1538	226.942
DNAJA1P5	NA	0	1781	0
DNAJA2	NA	3069	3048	40.7894
DNAJA3	NA	2960	2762	43.4144
DNAJA4	NA	22	3372	0.264302
DNAJB1	NA	4060	2681	61.3472
DNAJB11	NA	1527	1691	36.5815
DNAJB12	NA	889	4360	8.26002
DNAJB13	NA	80	1875	1.72844
DNAJB14	NA	995	6323	6.37479
DNAJB2	NA	890	3125	11.5373
DNAJB3	NA	0	1266	0
DNAJB4	NA	278	2237	5.03436
DNAJB5	NA	770	2989	10.4359
DNAJB5-AS1	NA	2	747	0.108461
DNAJB6	NA	2161	3190	27.4429
DNAJB7	NA	35	2577	0.550199
DNAJB8	NA	0	2475	0
DNAJB8-AS1	NA	0	1798	0
DNAJB9	NA	351	2538	5.60249
DNAJC1	NA	2131	2091	41.2853
DNAJC10	NA	2128	6851	12.583
DNAJC11	NA	3858	3293	47.4609
DNAJC12	NA	0	1528	0
DNAJC13	NA	1050	7547	5.63613
DNAJC14	NA	570	3330	6.9342
DNAJC15	NA	256	2776	3.73582
DNAJC16	NA	544	6299	3.49859
DNAJC17	NA	797	1018	31.7159
DNAJC18	NA	430	5102	3.41424
DNAJC19	NA	1032	1640	25.4919
DNAJC2	NA	2518	2212	46.1144
DNAJC21	NA	959	6208	6.25796
DNAJC22	NA	11	4412	0.101
DNAJC24	NA	432	3000	5.83349
DNAJC25	NA	562	2506	9.08492
DNAJC25-GNG10	NA	2482	1499	67.0758
DNAJC27	NA	89	4992	0.72224
DNAJC27-AS1	NA	8	4674	0.0693373
DNAJC28	NA	65	1910	1.37862
DNAJC3	NA	831	5591	6.02112
DNAJC3-AS1	NA	61	2905	0.850647
DNAJC30	NA	785	2534	12.5496
DNAJC4	NA	210	1380	6.16462
DNAJC5	NA	1809	5293	13.8453
DNAJC5B	NA	47	1380	1.3797
DNAJC5G	NA	1	2026	0.0199952
DNAJC6	NA	104	6320	0.666626
DNAJC7	NA	5532	2204	101.68
DNAJC8	NA	6608	1764	151.753
DNAJC9	NA	1850	2369	31.6353
DNAJC9-AS1	NA	26	2858	0.368533
DNAL1	NA	376	8570	1.77735
DNAL4	NA	582	1487	15.8554
DNALI1	NA	75	2649	1.14695
DNASE1	NA	272	3098	3.55675
DNASE1L1	NA	508	3647	5.64279
DNASE1L2	NA	26	1326	0.79432
DNASE1L3	NA	0	1076	0
DNASE2	NA	1166	2008	23.5234
DNASE2B	NA	0	1345	0
DND1	NA	291	1603	7.35403
DNER	NA	9	3272	0.111428
DNHD1	NA	277	15680	0.715648
DNLZ	NA	635	750	34.2988
DNM1	NA	438	4065	4.36495
DNM1L	NA	1790	4654	15.5809
DNM1P35	NA	3	3567	0.0340709
DNM1P41	NA	27	4444	0.246125
DNM1P46	NA	32	3831	0.338379
DNM2	NA	2326	3805	24.764
DNM3	NA	856	8151	4.25431
DNM3-IT1	NA	0	391	0
DNM3OS	NA	2782	7957	14.1636
DNMBP	NA	2276	6400	14.4065
DNMBP-AS1	NA	65	2651	0.993275
DNMT1	NA	5244	5400	39.34
DNMT3A	NA	380	5664	2.71785
DNMT3B	NA	266	4630	2.32738
DNMT3L	NA	9	1706	0.213712
DNPEP	NA	1853	2438	30.7898
DNPH1	NA	2014	797	102.369
DNTT	NA	0	2040	0
DNTTIP1	NA	598	1290	18.7792
DNTTIP2	NA	4461	2722	66.3911
DOC2A	NA	739	2432	12.3097
DOC2B	NA	0	1074	0
DOC2GP	NA	0	434	0
DOCK1	NA	1533	6860	9.05282
DOCK10	NA	0	7650	0
DOCK11	NA	19	6638	0.115953
DOCK2	NA	0	6097	0
DOCK3	NA	461	8755	2.1331
DOCK4	NA	16	8336	0.077755
DOCK4-AS1	NA	1	2511	0.0161331
DOCK5	NA	6	7555	0.0321723
DOCK6	NA	1006	6400	6.36772
DOCK7	NA	1170	7998	5.92612
DOCK8	NA	16	7505	0.0863645
DOCK9	NA	119	8047	0.599072
DOCK9-AS1	NA	0	392	0
DOCK9-AS2	NA	7	1903	0.149013
DOHH	NA	2002	2060	39.3698
DOK1	NA	340	2406	5.72465
DOK2	NA	2	1770	0.0457744
DOK3	NA	83	3538	0.950356
DOK4	NA	1413	2750	20.8149
DOK5	NA	1	2443	0.0165822
DOK6	NA	4	8896	0.0182151
DOK7	NA	14	3844	0.14754
DOLK	NA	1112	2204	20.439
DOLPP1	NA	610	2176	11.3563
DONSON	NA	892	2522	14.328
DOPEY1	NA	187	8022	0.944332
DOPEY2	NA	315	7679	1.66177
DOT1L	NA	3438	7436	18.7298
DPAGT1	NA	1141	2142	21.579
DPCD	NA	1738	799	88.1189
DPCR1	NA	9	20219	0.0180322
DPEP1	NA	19	1833	0.419911
DPEP2	NA	3	1766	0.0688171
DPEP3	NA	1	1738	0.0233086
DPF1	NA	250	2515	4.02687
DPF2	NA	2036	2530	32.6004
DPF3	NA	0	4991	0
DPH1	NA	1269	2195	23.4203
DPH2	NA	1888	2497	30.6302
DPH3	NA	1658	4065	16.523
DPH3P1	NA	61	1626	1.51976
DPH5	NA	1334	1807	29.9064
DPH6	NA	462	4053	4.61776
DPH6-AS1	NA	9	1477	0.246847
DPH7	NA	909	1849	19.9156
DPM1	NA	2797	1047	108.221
DPM2	NA	1234	1546	32.3349
DPM3	NA	390	547	28.8831
DPP10	NA	0	6218	0
DPP10-AS1	NA	0	730	0
DPP10-AS3	NA	0	756	0
DPP3	NA	1778	3083	23.3628
DPP4	NA	0	3900	0
DPP6	NA	13	6770	0.0777894
DPP7	NA	258	1617	6.46362
DPP8	NA	412	4298	3.88326
DPP9	NA	2158	4269	20.4782
DPP9-AS1	NA	152	3071	2.00507
DPPA2	NA	0	1383	0
DPPA2P3	NA	0	1145	0
DPPA3	NA	30	1076	1.12947
DPPA4	NA	2	2817	0.0287613
DPPA5	NA	0	660	0
DPRX	NA	1	648	0.062516
DPRXP4	NA	1	665	0.0609178
DPT	NA	0	1728	0
DPY19L1	NA	641	4865	5.33754
DPY19L1P1	NA	72	1901	1.53432
DPY19L2	NA	464	4057	4.63318
DPY19L2P1	NA	42	2814	0.604632
DPY19L2P2	NA	218	4610	1.91567
DPY19L2P3	NA	2	1677	0.0483129
DPY19L2P4	NA	41	2018	0.823054
DPY19L3	NA	739	6189	4.83715
DPY19L4	NA	397	6234	2.57982
DPY30	NA	1311	800	66.3863
DPYD	NA	2	5616	0.0144268
DPYD-AS1	NA	0	533	0
DPYD-AS2	NA	0	817	0
DPYS	NA	242	2123	4.61776
DPYSL2	NA	391	5237	3.02454
DPYSL3	NA	44	5629	0.316656
DPYSL4	NA	369	2719	5.49772
DPYSL5	NA	316	5354	2.39097
DQX1	NA	99	2634	1.5226
DR1	NA	1490	3208	18.8156
DRAIC	NA	5	1705	0.118799
DRAM1	NA	3217	3543	36.7829
DRAM2	NA	727	1886	15.6156
DRAP1	NA	3350	1005	135.034
DRAXIN	NA	36	1773	0.822545
DRC1	NA	4	2491	0.0650507
DRC7	NA	15	3042	0.199755
DRD1	NA	0	3373	0
DRD2	NA	0	2699	0
DRD3	NA	0	2101	0
DRD4	NA	26	1362	0.773325
DRD5	NA	0	2376	0
DRD5P2	NA	4	2210	0.0733219
DRG1	NA	1867	1450	52.1606
DRG2	NA	734	1997	14.8896
DRGX	NA	26	955	1.1029
DRICH1	NA	0	1300	0
DROSHA	NA	1996	5497	14.7096
DRP2	NA	13	7118	0.0739863
DSC1	NA	0	4256	0
DSC2	NA	0	5254	0
DSC3	NA	0	7699	0
DSCAM	NA	0	7109	0
DSCAM-AS1	NA	0	1769	0
DSCAM-IT1	NA	0	720	0
DSCAML1	NA	1	6900	0.00587106
DSCAS	NA	0	553	0
DSCC1	NA	444	2269	7.9271
DSCR10	NA	0	860	0
DSCR3	NA	1110	3251	13.8316
DSCR4	NA	0	1098	0
DSCR8	NA	0	831	0
DSCR9	NA	18	1644	0.443544
DSE	NA	798	4180	7.73379
DSEL	NA	39	9281	0.17023
DSG1	NA	0	7262	0
DSG1-AS1	NA	0	767	0
DSG2	NA	0	5653	0
DSG2-AS1	NA	0	1986	0
DSG3	NA	1	5551	0.00729784
DSG4	NA	0	3701	0
DSN1	NA	747	2517	12.0227
DSP	NA	22705	9730	94.5311
DSPP	NA	2	4331	0.0187072
DST	NA	1425	24674	2.3396
DSTN	NA	4216	1746	97.8188
DSTNP2	NA	141	1105	5.16919
DSTYK	NA	672	7909	3.44202
DTD1	NA	1454	1367	43.0885
DTD2	NA	612	2680	9.25087
DTHD1	NA	0	3780	0
DTL	NA	1194	4597	10.5219
DTNA	NA	24	10729	0.0906187
DTNB	NA	618	2733	9.16041
DTNBP1	NA	363	2559	5.74648
DTWD1	NA	611	2750	9.00066
DTWD2	NA	197	5925	1.34693
DTX1	NA	79	3288	0.973332
DTX2	NA	474	2819	6.8116
DTX2P1-UPK3BP1-PMS2P11	NA	169	1761	3.8877
DTX3	NA	849	2232	15.4092
DTX3L	NA	48	5767	0.337176
DTX4	NA	445	5854	3.07945
DTYMK	NA	1909	1209	63.9655
DUOX1	NA	3	5679	0.0214001
DUOX2	NA	21	6346	0.134056
DUOXA1	NA	1	3289	0.0123169
DUOXA2	NA	0	1438	0
DUPD1	NA	0	663	0
DUS1L	NA	2505	1884	53.8633
DUS2	NA	480	2325	8.36342
DUS3L	NA	1795	2111	34.4463
DUS4L	NA	267	2380	4.54465
DUSP1	NA	4721	2024	94.4908
DUSP10	NA	1	2738	0.0147956
DUSP11	NA	1488	1639	36.7781
DUSP12	NA	743	1274	23.6257
DUSP13	NA	4	1833	0.0884023
DUSP14	NA	1286	1508	34.5466
DUSP15	NA	9	1733	0.210383
DUSP16	NA	779	6312	4.99961
DUSP18	NA	135	3466	1.57787
DUSP19	NA	22	5365	0.166119
DUSP2	NA	626	1685	15.0501
DUSP21	NA	0	886	0
DUSP22	NA	516	3505	5.96386
DUSP23	NA	629	685	37.1985
DUSP26	NA	1	2043	0.0198288
DUSP27	NA	11	4034	0.110464
DUSP28	NA	82	1555	2.13624
DUSP3	NA	3504	4122	34.4367
DUSP4	NA	4	7341	0.0220735
DUSP5	NA	1114	2528	17.8515
DUSP5P1	NA	15	2472	0.245815
DUSP6	NA	8142	3395	97.1532
DUSP7	NA	1497	3233	18.7578
DUSP8	NA	55	4473	0.498115
DUSP9	NA	21	2380	0.357444
DUT	NA	1147	2246	20.688
DUX4	NA	0	1710	0
DUXA	NA	93	3346	1.12596
DUXAP10	NA	1402	2393	23.734
DUXAP8	NA	1437	2107	27.6285
DVL1	NA	1629	2924	22.5689
DVL2	NA	1898	3016	25.4936
DVL3	NA	1948	5062	15.5895
DXO	NA	14787	9540	62.791
DYDC1	NA	0	764	0
DYDC2	NA	7	2465	0.115039
DYM	NA	1456	2628	22.4441
DYNAP	NA	0	2135	0
DYNC1H1	NA	7222	14340	20.4021
DYNC1I1	NA	35	3390	0.418248
DYNC1I2	NA	2233	4670	19.3704
DYNC1LI1	NA	1940	2504	31.3858
DYNC1LI2	NA	2213	4336	20.6756
DYNC2H1	NA	1258	13699	3.72013
DYNC2LI1	NA	176	1936	3.68276
DYNLL1	NA	5687	984	234.128
DYNLL2	NA	1920	1522	51.1037
DYNLRB1	NA	1769	1244	57.6067
DYNLRB2	NA	3	1419	0.0856455
DYNLT1	NA	2354	772	123.525
DYNLT3	NA	0	2216	0
DYRK1A	NA	1223	6911	7.16888
DYRK1B	NA	743	2570	11.7117
DYRK2	NA	330	6159	2.17055
DYRK3	NA	277	2261	4.96301
DYRK4	NA	327	2735	4.84347
DYSF	NA	7	7278	0.038963
DYTN	NA	0	2051	0
DYX1C1	NA	208	2371	3.55384
DYX1C1-CCPG1	NA	739	4838	6.18792
DZANK1	NA	99	3500	1.14586
DZIP1	NA	1998	7491	10.8049
DZIP1L	NA	310	3909	3.21264
DZIP3	NA	726	5542	5.30684
E2F1	NA	1106	2700	16.5942
E2F2	NA	451	5193	3.51823
E2F3	NA	792	5163	6.21425
E2F4	NA	3109	2100	59.9746
E2F5	NA	1306	1856	28.5057
E2F6	NA	1252	3450	14.7011
E2F7	NA	417	5741	2.94249
E2F8	NA	283	3970	2.88776
E4F1	NA	1101	2651	16.8245
EAF1	NA	1199	4488	10.8226
EAF2	NA	30	1020	1.19148
EAPP	NA	904	1348	27.1672
EARS2	NA	1204	4186	11.6518
EBAG9	NA	325	2801	4.70041
EBF1	NA	1	5277	0.00767677
EBF2	NA	0	4872	0
EBF3	NA	6	4412	0.0550911
EBF4	NA	122	2911	1.69779
EBI3	NA	505	1137	17.9927
EBLN1	NA	1	1170	0.0346242
EBLN2	NA	10	1662	0.243745
EBLN3	NA	1118	4375	10.3521
EBNA1BP2	NA	17051	1642	420.671
EBP	NA	1422	1157	49.7888
EBPL	NA	1397	1159	48.8291
ECD	NA	2010	2336	34.8569
ECE1	NA	2275	5737	16.0643
ECE2	NA	729	4362	6.7703
ECEL1	NA	157	2896	2.19617
ECEL1P2	NA	25	1295	0.782053
ECH1	NA	3902	1263	125.155
ECHDC1	NA	1890	2391	32.022
ECHDC2	NA	7	1590	0.178347
ECHDC3	NA	0	1654	0
ECHS1	NA	3772	1329	114.977
ECI1	NA	1942	1051	74.8535
ECI2	NA	1431	1573	36.8533
ECM1	NA	4235	2231	76.8988
ECM2	NA	2	3893	0.0208119
ECRP	NA	0	605	0
ECSCR	NA	4	745	0.217505
ECSIT	NA	1120	1819	24.9431
ECT2	NA	1199	4500	10.7938
ECT2L	NA	5	4483	0.0451822
EDA	NA	20	5572	0.145407
EDA2R	NA	680	3585	7.68397
EDAR	NA	0	4214	0
EDARADD	NA	3915	3017	52.5681
EDC3	NA	2293	4069	22.8288
EDC4	NA	1839	4811	15.485
EDDM3A	NA	1	879	0.0460868
EDDM3B	NA	0	896	0
EDEM1	NA	534	6153	3.51577
EDEM2	NA	1865	2129	35.487
EDEM3	NA	565	6632	3.4512
EDF1	NA	6090	1083	227.801
EDIL3	NA	1	4760	0.00851057
EDN1	NA	529	2100	10.2047
EDN2	NA	14	1253	0.452629
EDN3	NA	0	2675	0
EDNRA	NA	0	4150	0
EDNRB	NA	0	4861	0
EDNRB-AS1	NA	0	2431	0
EDRF1	NA	596	4823	5.00605
EDRF1-AS1	NA	15	557	1.09094
EEA1	NA	330	8003	1.67042
EED	NA	627	2532	10.0316
EEF1A1	NA	234207	3512	2701.54
EEF1A2	NA	994	2007	20.0634
EEF1B2	NA	9243	1110	337.331
EEF1D	NA	10290	3160	131.915
EEF1DP3	NA	0	575	0
EEF1E1	NA	2229	1245	72.5281
EEF1E1-BLOC1S5	NA	1822	2992	24.6691
EEF1G	NA	42636	1538	1123.02
EEF2	NA	65394	3158	838.864
EEF2K	NA	616	7412	3.36675
EEF2KMT	NA	1420	2406	23.9088
EEFSEC	NA	684	2229	12.4312
EEPD1	NA	197	4687	1.7027
EFCAB1	NA	0	3764	0
EFCAB10	NA	65	764	3.44656
EFCAB11	NA	249	4464	2.25965
EFCAB12	NA	11	2154	0.206877
EFCAB13	NA	6	4699	0.0517263
EFCAB14	NA	1124	5767	7.89555
EFCAB14-AS1	NA	20	583	1.38972
EFCAB2	NA	127	4661	1.1038
EFCAB3	NA	1	1754	0.023096
EFCAB5	NA	61	6339	0.38983
EFCAB6	NA	68	4929	0.558877
EFCAB6-AS1	NA	0	1997	0
EFCAB7	NA	84	2402	1.41668
EFCAB9	NA	0	704	0
EFCC1	NA	3	2691	0.045162
EFEMP1	NA	0	3094	0
EFEMP2	NA	1615	2068	31.6365
EFHB	NA	8	2855	0.113514
EFHC1	NA	462	7029	2.66265
EFHC2	NA	5	3252	0.0622853
EFHD1	NA	308	2186	5.70777
EFHD2	NA	2559	2419	42.8549
EFNA1	NA	26	1566	0.672585
EFNA2	NA	89	2142	1.6832
EFNA3	NA	114	1782	2.59157
EFNA4	NA	183	1257	5.89769
EFNA5	NA	191	5335	1.45032
EFNB1	NA	351	3330	4.27001
EFNB2	NA	16	4387	0.147747
EFNB3	NA	1327	3219	16.7
EFR3A	NA	394	5414	2.94811
EFR3B	NA	85	7458	0.461703
EFS	NA	0	3120	0
EFTUD1	NA	377	3685	4.14448
EFTUD1P1	NA	18	1167	0.624838
EFTUD2	NA	5990	4561	53.2026
EGF	NA	0	5583	0
EGFEM1P	NA	1	3842	0.0105441
EGFL6	NA	58	2432	0.966118
EGFL7	NA	532	2569	8.38906
EGFL8	NA	495	9209	2.1775
EGFLAM	NA	1	5457	0.00742355
EGFLAM-AS2	NA	0	1897	0
EGFLAM-AS4	NA	0	1574	0
EGFR	NA	14	6571	0.0863103
EGFR-AS1	NA	0	2821	0
EGLN1	NA	959	7097	5.47406
EGLN2	NA	2034	2365	34.8406
EGLN3	NA	31	2722	0.461359
EGOT	NA	1	1462	0.0277088
EGR1	NA	5133	3136	66.3073
EGR2	NA	16	3148	0.205898
EGR3	NA	28	4504	0.25184
EGR4	NA	18	2373	0.307284
EHBP1	NA	764	5397	5.73465
EHBP1L1	NA	98	5180	0.766412
EHD1	NA	1379	3939	14.1822
EHD2	NA	4	3584	0.0452124
EHD3	NA	351	3906	3.64033
EHD4	NA	549	2893	7.68758
EHD4-AS1	NA	0	1174	0
EHF	NA	0	5639	0
EHHADH	NA	2	3973	0.0203928
EHHADH-AS1	NA	1	1416	0.028609
EHMT1	NA	1755	5395	13.1781
EHMT1-IT1	NA	5	1751	0.115678
EHMT2	NA	10341	27265	15.3647
EI24	NA	7024	2456	115.857
EID1	NA	5315	2091	102.971
EID2	NA	995	1392	28.9567
EID2B	NA	209	1335	6.34207
EID3	NA	199	1473	5.47288
EIF1	NA	8830	1326	269.763
EIF1AD	NA	1246	2925	17.2567
EIF1AX	NA	4484	4431	40.9949
EIF1AX-AS1	NA	3	378	0.321511
EIF1AY	NA	745	1404	21.4959
EIF1B	NA	1437	1012	57.5231
EIF1B-AS1	NA	11	2112	0.210991
EIF2A	NA	1256	3879	13.117
EIF2AK1	NA	5571	4465	50.5449
EIF2AK2	NA	390	4345	3.63614
EIF2AK3	NA	434	4648	3.78259
EIF2AK4	NA	786	5534	5.75373
EIF2B1	NA	2054	1870	44.4964
EIF2B2	NA	1845	1541	48.502
EIF2B3	NA	1404	2176	26.1381
EIF2B4	NA	2587	1896	55.2744
EIF2B5	NA	956	2898	13.3637
EIF2B5-AS1	NA	0	571	0
EIF2D	NA	1801	2097	34.7921
EIF2S1	NA	4445	4165	43.2337
EIF2S2	NA	6706	2592	104.808
EIF2S3	NA	6978	3465	81.5819
EIF3A	NA	11866	5305	90.6118
EIF3B	NA	7415	3081	97.4957
EIF3C	NA	27089	3502	313.359
EIF3CL	NA	27070	3053	359.193
EIF3D	NA	12119	1949	251.896
EIF3E	NA	6980	1508	187.508
EIF3F	NA	8001	1257	257.855
EIF3G	NA	6787	1127	243.961
EIF3H	NA	8710	1275	276.741
EIF3I	NA	7586	1458	210.776
EIF3IP1	NA	290	987	11.9027
EIF3J	NA	4736	2558	75.0027
EIF3J-AS1	NA	246	1851	5.38387
EIF3K	NA	2700	893	122.484
EIF3L	NA	7499	2091	145.283
EIF3M	NA	5345	1720	125.888
EIF4A1	NA	26837	1877	579.209
EIF4A2	NA	3919	1890	84
EIF4A3	NA	5915	1734	138.188
EIF4B	NA	11137	4063	111.042
EIF4E	NA	2251	5040	18.093
EIF4E1B	NA	2	1974	0.0410439
EIF4E2	NA	1707	3891	17.7721
EIF4E3	NA	3	6730	0.0180581
EIF4EBP1	NA	2019	859	95.2158
EIF4EBP2	NA	5173	7531	27.8263
EIF4EBP3	NA	328	691	19.2292
EIF4ENIF1	NA	1031	3875	10.7784
EIF4G1	NA	9088	6247	58.9336
EIF4G2	NA	23045	4359	214.169
EIF4G3	NA	2282	6970	13.2632
EIF4H	NA	19501	2546	310.288
EIF5	NA	4933	6269	31.8771
EIF5A	NA	22354	1818	498.112
EIF5A2	NA	368	5537	2.6924
EIF5AL1	NA	9444	3836	99.734
EIF5B	NA	6644	4698	57.2905
EIF6	NA	7222	1469	199.16
ELAC1	NA	459	2233	8.32702
ELAC2	NA	4521	3804	48.146
ELANE	NA	0	924	0
ELAVL1	NA	4983	6058	33.3217
ELAVL2	NA	0	4302	0
ELAVL3	NA	234	4682	2.02465
ELAVL4	NA	0	4758	0
ELDR	NA	0	470	0
ELF1	NA	359	3739	3.8896
ELF2	NA	408	3560	4.64276
ELF3	NA	36	3247	0.449144
ELF4	NA	773	4272	7.33017
ELF5	NA	0	2575	0
ELFN1	NA	614	3742	6.64707
ELFN1-AS1	NA	0	1008	0
ELFN2	NA	37	8790	0.170521
ELK1	NA	1342	2918	18.6309
ELK2AP	NA	1	792	0.0511494
ELK3	NA	3529	4296	33.2777
ELK4	NA	504	11847	1.72341
ELL	NA	1016	4027	10.2206
ELL2	NA	141	6046	0.94475
ELL3	NA	432	2113	8.28228
ELMO1	NA	21	6733	0.12635
ELMO1-AS1	NA	0	528	0
ELMO2	NA	837	3682	9.2089
ELMO3	NA	66	2512	1.06436
ELMOD1	NA	14	3127	0.18137
ELMOD2	NA	676	4409	6.21116
ELMOD3	NA	205	3095	2.68324
ELMSAN1	NA	830	8257	4.07213
ELN	NA	6	3999	0.0607807
ELOF1	NA	2461	1019	97.837
ELOVL1	NA	1771	1786	40.1701
ELOVL2	NA	204	4073	2.029
ELOVL2-AS1	NA	5	2093	0.0967758
ELOVL3	NA	94	1419	2.68356
ELOVL4	NA	874	3060	11.5706
ELOVL5	NA	2010	3950	20.6141
ELOVL6	NA	606	3392	7.2374
ELOVL7	NA	814	4228	7.79929
ELP2	NA	828	2820	11.8945
ELP3	NA	1012	3321	12.3446
ELP4	NA	325	2763	4.76506
ELP5	NA	1649	2324	28.7442
ELP6	NA	929	1349	27.8978
ELSPBP1	NA	1	1059	0.0382534
EMB	NA	500	4309	4.70067
EMBP1	NA	77	4231	0.737248
EMC1	NA	2522	6671	15.3151
EMC10	NA	1978	2211	36.2413
EMC2	NA	346	1238	11.322
EMC3	NA	1513	1080	56.752
EMC3-AS1	NA	426	4695	3.6757
EMC4	NA	2518	1047	97.426
EMC6	NA	2061	862	96.8582
EMC7	NA	1900	1053	73.0956
EMC8	NA	1952	1963	40.2833
EMC9	NA	500	835	24.2577
EMCN	NA	1	4037	0.0100348
EMD	NA	1638	1339	49.5563
EME1	NA	912	2354	15.6947
EME2	NA	63	1140	2.23873
EMG1	NA	1910	1070	72.3128
EMID1	NA	72	2112	1.38103
EMILIN1	NA	44	3932	0.45332
EMILIN2	NA	24	4009	0.242516
EMILIN3	NA	456	3827	4.82694
EML1	NA	802	4520	7.1879
EML2	NA	2048	3099	26.7716
EML2-AS1	NA	438	1077	16.475
EML3	NA	1115	3258	13.864
EML4	NA	5779	5561	42.0984
EML5	NA	61	7171	0.344601
EML6	NA	47	7852	0.242484
EMP1	NA	64988	2804	938.904
EMP2	NA	309	5215	2.40032
EMP3	NA	2907	829	142.055
EMX1	NA	2	2188	0.0370296
EMX2	NA	0	2896	0
EMX2OS	NA	0	7282	0
EN1	NA	0	2962	0
EN2	NA	15	3395	0.178985
ENAH	NA	4848	13172	14.91
ENAM	NA	1	5674	0.00713964
ENC1	NA	2904	5728	20.5381
ENDOD1	NA	96	4693	0.828679
ENDOG	NA	843	1145	29.8255
ENDOU	NA	4	2459	0.0658973
ENDOV	NA	321	3358	3.87249
ENG	NA	438	3426	5.17908
ENGASE	NA	486	4494	4.38096
ENHO	NA	236	1078	8.86868
ENKD1	NA	26	1538	0.68483
ENKUR	NA	21	3738	0.227586
ENO1	NA	58194	3253	724.703
ENO1-AS1	NA	30	446	2.72491
ENO2	NA	260	2423	4.34696
ENO3	NA	897	1527	23.7968
ENO4	NA	11	2865	0.155537
ENOPH1	NA	1589	2191	29.3797
ENOSF1	NA	7110	5532	52.0659
ENOX1	NA	2	3124	0.0259349
ENOX1-AS2	NA	0	714	0
ENOX2	NA	256	4265	2.43157
ENPEP	NA	0	4995	0
ENPP1	NA	2	7442	0.0108869
ENPP2	NA	0	3437	0
ENPP3	NA	0	3165	0
ENPP4	NA	0	4680	0
ENPP5	NA	0	3878	0
ENPP6	NA	0	3936	0
ENPP7	NA	0	1859	0
ENPP7P13	NA	1	5438	0.00744949
ENSA	NA	4801	4145	46.9216
ENTHD1	NA	3	2710	0.0448454
ENTHD2	NA	720	2287	12.7536
ENTPD1	NA	744	13070	2.30602
ENTPD1-AS1	NA	17	4262	0.161585
ENTPD2	NA	4	2100	0.0771625
ENTPD3	NA	2	3189	0.0254063
ENTPD3-AS1	NA	14	2039	0.278148
ENTPD4	NA	795	5897	5.46137
ENTPD5	NA	97	2048	1.9187
ENTPD6	NA	1230	2762	18.0404
ENTPD7	NA	521	8555	2.46708
ENTPD8	NA	22	2222	0.401092
ENY2	NA	1331	2976	18.118
EOGT	NA	440	4666	3.82009
EOMES	NA	284	3660	3.14342
EP300	NA	2165	8761	10.0108
EP300-AS1	NA	29	1377	0.853159
EP400	NA	2469	12317	8.12049
EP400NL	NA	71	1539	1.8689
EPAS1	NA	94	5166	0.737122
EPB41	NA	1217	6292	7.83552
EPB41L1	NA	1983	6756	11.8905
EPB41L2	NA	630	4617	5.52773
EPB41L3	NA	2	5280	0.0153448
EPB41L4A	NA	141	4707	1.2135
EPB41L4A-AS1	NA	626	1194	21.2391
EPB41L4A-AS2	NA	0	1398	0
EPB41L4B	NA	347	7884	1.78299
EPB41L5	NA	716	9935	2.91952
EPB42	NA	0	2540	0
EPC1	NA	679	4981	5.52229
EPC2	NA	380	3641	4.22794
EPCAM	NA	152	1718	3.58415
EPDR1	NA	0	2731	0
EPG5	NA	651	12698	2.07688
EPGN	NA	1	2893	0.0140029
EPHA1	NA	13	3363	0.156597
EPHA1-AS1	NA	1	5016	0.00807622
EPHA10	NA	17	6643	0.103669
EPHA2	NA	5069	3964	51.803
EPHA3	NA	3	6674	0.0182096
EPHA4	NA	1	6658	0.00608446
EPHA5	NA	9	9835	0.037071
EPHA5-AS1	NA	4	1177	0.137673
EPHA6	NA	0	4587	0
EPHA7	NA	87	7489	0.47061
EPHA8	NA	5	5409	0.0374472
EPHB1	NA	0	4675	0
EPHB2	NA	59	11039	0.216515
EPHB3	NA	50	4220	0.47998
EPHB4	NA	4273	4351	39.7841
EPHB6	NA	0	4059	0
EPHX1	NA	619	2373	10.5672
EPHX2	NA	286	2275	5.09273
EPHX3	NA	6	1938	0.125419
EPHX4	NA	165	1443	4.63216
EPM2A	NA	145	3465	1.69524
EPM2AIP1	NA	1466	7439	7.98335
EPN1	NA	4453	3263	55.2843
EPN2	NA	1031	4835	8.6383
EPN2-AS1	NA	0	1190	0
EPN2-IT1	NA	1	826	0.049044
EPN3	NA	25	3927	0.257896
EPO	NA	8	1330	0.243671
EPOR	NA	413	2691	6.21731
EPPIN	NA	0	2000	0
EPPIN-WFDC6	NA	0	1862	0
EPPK1	NA	190	8002	0.96188
EPRS	NA	4653	5015	37.5862
EPS15	NA	1097	5483	8.10502
EPS15L1	NA	1068	5152	8.39772
EPS8	NA	3	4082	0.0297724
EPS8L1	NA	103	2735	1.52562
EPS8L2	NA	1388	3141	17.9014
EPS8L3	NA	15	2321	0.261807
EPSTI1	NA	0	3201	0
EPT1	NA	2569	8129	12.8024
EPX	NA	0	2717	0
EPYC	NA	0	1539	0
EQTN	NA	0	1036	0
ERAL1	NA	2210	1825	49.0564
ERAP1	NA	654	7592	3.48969
ERAP2	NA	12	5690	0.0854348
ERAS	NA	0	826	0
ERBB2	NA	1635	5497	12.0492
ERBB2IP	NA	1291	7186	7.27788
ERBB3	NA	94	6193	0.614883
ERBB4	NA	2	11923	0.00679533
ERC1	NA	1346	9623	5.66631
ERC2	NA	38	6132	0.251043
ERC2-IT1	NA	0	2255	0
ERCC1	NA	6761	3806	71.9628
ERCC2	NA	1596	3019	21.4159
ERCC3	NA	2000	3009	26.9261
ERCC4	NA	330	6761	1.97728
ERCC5	NA	842	4085	8.34999
ERCC6	NA	261	8993	1.17571
ERCC6-PGBD3	NA	99	3697	1.0848
ERCC6L	NA	639	4207	6.1531
ERCC6L2	NA	548	12450	1.78311
ERCC8	NA	400	2550	6.35456
EREG	NA	0	4628	0
ERF	NA	4589	2873	64.7066
ERG	NA	2	7684	0.0105441
ERGIC1	NA	3038	2936	41.9177
ERGIC2	NA	660	1777	15.046
ERGIC3	NA	1657	1366	49.1403
ERH	NA	7838	801	396.405
ERI1	NA	6812	4615	59.7955
ERI2	NA	311	4207	2.9947
ERI3	NA	2509	1755	57.9148
ERI3-IT1	NA	12	1120	0.434039
ERICH1	NA	723	3658	8.00683
ERICH1-AS1	NA	1	857	0.0472699
ERICH2	NA	84	2205	1.54325
ERICH3	NA	0	7159	0
ERICH3-AS1	NA	0	5047	0
ERICH4	NA	2	946	0.0856455
ERICH5	NA	3	1550	0.0784071
ERICH6	NA	3	2072	0.058654
ERICH6-AS1	NA	23	793	1.17495
ERICH6B	NA	0	2421	0
ERLEC1	NA	604	2582	9.47647
ERLIN1	NA	1214	3519	13.9754
ERLIN2	NA	2861	6135	18.8916
ERMAP	NA	139	3500	1.60884
ERMARD	NA	302	2222	5.50591
ERMN	NA	0	4161	0
ERMP1	NA	530	5341	4.01994
ERN1	NA	41	4005	0.414713
ERN2	NA	97	3620	1.0855
ERO1L	NA	3228	5512	23.7241
ERO1LB	NA	175	5054	1.40271
ERP27	NA	0	1752	0
ERP29	NA	3235	1472	89.0292
ERP44	NA	1824	4864	15.1914
ERRFI1	NA	28525	3129	369.306
ERV3-1	NA	178	3266	2.20785
ERVFRD-1	NA	4	3304	0.049044
ERVH48-1	NA	0	2294	0
ERVK13-1	NA	168	8336	0.816427
ERVMER34-1	NA	1	2985	0.0135713
ERVV-1	NA	0	2490	0
ERVV-2	NA	1	2482	0.0163217
ESAM	NA	15	1869	0.325123
ESCO1	NA	1072	4499	9.65261
ESCO2	NA	336	3358	4.05345
ESD	NA	4532	1192	154.021
ESF1	NA	1764	3263	21.9002
ESM1	NA	0	2089	0
ESPL1	NA	972	6623	5.94535
ESPN	NA	11	3531	0.1262
ESPNL	NA	133	4822	1.11735
ESPNP	NA	0	2015	0
ESR1	NA	1	6974	0.00580877
ESR2	NA	17	5192	0.132642
ESRG	NA	4	3138	0.0516384
ESRP1	NA	7	3806	0.0745067
ESRP2	NA	237	4021	2.3877
ESRRA	NA	1297	2489	21.1096
ESRRB	NA	14	3014	0.18817
ESRRG	NA	1	7375	0.00549293
ESX1	NA	0	1480	0
ESYT1	NA	2391	4277	22.6468
ESYT2	NA	855	5957	5.81439
ESYT3	NA	1	4447	0.00910959
ETAA1	NA	465	3283	5.73783
ETF1	NA	9138	4264	86.816
ETFA	NA	3480	1354	104.118
ETFB	NA	1791	1450	50.0372
ETFDH	NA	209	2483	3.40985
ETHE1	NA	1924	963	80.9365
ETNK1	NA	1233	7306	6.83674
ETNK2	NA	160	2720	2.38296
ETNPPL	NA	0	2141	0
ETS1	NA	1064	5541	7.77892
ETS2	NA	9	4075	0.0894707
ETV1	NA	45	7638	0.23867
ETV2	NA	14	1495	0.379361
ETV3	NA	103	2930	1.42408
ETV3L	NA	13	1977	0.266381
ETV4	NA	2477	2761	36.3434
ETV5	NA	1878	4102	18.5467
ETV6	NA	243	5978	1.64671
ETV7	NA	55	2244	0.9929
EVA1A	NA	1949	2102	37.5617
EVA1B	NA	323	1245	10.5099
EVA1C	NA	59	1953	1.22381
EVADR	NA	0	673	0
EVC	NA	442	6661	2.68812
EVC2	NA	434	5130	3.42719
EVI2A	NA	0	3010	0
EVI2B	NA	0	1995	0
EVI5	NA	460	7436	2.50602
EVI5L	NA	521	3846	5.48775
EVL	NA	627	1842	13.7893
EVPL	NA	15	6587	0.0922507
EVPLL	NA	0	1991	0
EVX1	NA	0	3156	0
EVX1-AS	NA	0	480	0
EVX2	NA	0	1617	0
EWSAT1	NA	1	2526	0.0160373
EWSR1	NA	8958	2952	122.931
EXD1	NA	1	3249	0.0124686
EXD2	NA	347	5396	2.60509
EXD3	NA	263	4948	2.15324
EXO1	NA	625	3462	7.31339
EXO5	NA	140	2203	2.57442
EXOC1	NA	639	3582	7.22672
EXOC2	NA	912	4636	7.96925
EXOC3	NA	611	2762	8.96156
EXOC3-AS1	NA	194	1325	5.93132
EXOC3L1	NA	36	2497	0.58405
EXOC3L2	NA	6	1719	0.141397
EXOC3L4	NA	2	2579	0.0314155
EXOC4	NA	1343	4345	12.5214
EXOC5	NA	1813	8511	8.62945
EXOC6	NA	241	3732	2.61602
EXOC6B	NA	167	2594	2.60803
EXOC7	NA	4591	5401	34.4349
EXOC8	NA	565	5142	4.45125
EXOG	NA	430	3146	5.53701
EXOSC1	NA	1148	1150	40.4399
EXOSC10	NA	5052	2842	72.012
EXOSC2	NA	1680	2609	26.0856
EXOSC3	NA	1965	1841	43.2389
EXOSC4	NA	1749	895	79.1649
EXOSC5	NA	1095	993	44.6715
EXOSC6	NA	1819	1700	43.3461
EXOSC7	NA	1275	1520	33.9807
EXOSC8	NA	822	1411	23.5999
EXOSC9	NA	1101	1644	27.1301
EXPH5	NA	12	10203	0.0476452
EXT1	NA	441	3363	5.31224
EXT2	NA	1449	3852	15.2387
EXTL1	NA	6456	4014	65.1556
EXTL2	NA	665	3372	7.98914
EXTL3	NA	1109	6340	7.08611
EXTL3-AS1	NA	1	780	0.0519363
EYA1	NA	1	4504	0.0089943
EYA2	NA	3	2702	0.0449782
EYA3	NA	1035	6273	6.68391
EYA4	NA	0	5812	0
EYS	NA	5	13926	0.0145449
EZH1	NA	753	4646	6.56571
EZH2	NA	1330	3036	17.7466
EZR	NA	6165	3257	76.6798
EZR-AS1	NA	12	350	1.38893
F10	NA	27	1536	0.712096
F10-AS1	NA	0	455	0
F11	NA	0	3278	0
F11-AS1	NA	0	1235	0
F11R	NA	2002	4830	16.7912
F12	NA	520	2051	10.2708
F13A1	NA	0	3863	0
F13B	NA	0	2217	0
F2	NA	1	2010	0.0201544
F2R	NA	8777	3810	93.3226
F2RL1	NA	9733	2883	136.763
F2RL2	NA	12859	3429	151.917
F2RL3	NA	0	2731	0
F3	NA	23	2393	0.38936
F5	NA	104	9179	0.458991
F7	NA	1	3198	0.0126674
F8	NA	15	9204	0.0660208
F8A1	NA	1158	3404	13.7811
F8A2	NA	494	2232	8.966
F8A3	NA	494	2232	8.966
F9	NA	0	2802	0
FA2H	NA	42	2427	0.701044
FAAH	NA	19	2095	0.367397
FAAH2	NA	0	2012	0
FAAHP1	NA	0	1267	0
FAAP100	NA	1311	3849	13.7981
FAAP20	NA	2762	6992	16.0025
FAAP24	NA	153	1604	3.86414
FABP1	NA	0	563	0
FABP12	NA	0	423	0
FABP2	NA	15	2249	0.270189
FABP3	NA	36	1097	1.32942
FABP4	NA	0	838	0
FABP5	NA	2129	731	117.984
FABP5P3	NA	5	855	0.236903
FABP6	NA	19	867	0.88777
FABP7	NA	1	999	0.0405509
FABP9	NA	0	399	0
FADD	NA	1158	1853	25.3162
FADS1	NA	3944	4420	36.1477
FADS2	NA	4436	3852	46.6521
FADS3	NA	1416	1793	31.9925
FADS6	NA	0	2287	0
FAF1	NA	2281	2583	35.7739
FAF2	NA	2926	4515	26.2532
FAH	NA	161	1797	3.62947
FAHD1	NA	1339	2744	19.768
FAHD2A	NA	780	1298	24.3437
FAHD2B	NA	1318	1265	42.2076
FAHD2CP	NA	123	852	5.84832
FAIM	NA	297	1656	7.26544
FAIM2	NA	1	4744	0.00853928
FALEC	NA	6	566	0.429438
FAM101A	NA	79	2150	1.48852
FAM101B	NA	5709	3620	63.8877
FAM102A	NA	1443	4336	13.4816
FAM102B	NA	253	5340	1.91931
FAM103A1	NA	1023	1572	26.3626
FAM104A	NA	1331	2970	18.1546
FAM104B	NA	357	2277	6.35142
FAM105A	NA	72	7048	0.41384
FAM106A	NA	0	2281	0
FAM106B	NA	0	1759	0
FAM106CP	NA	0	1759	0
FAM107A	NA	1	4430	0.00914455
FAM107B	NA	482	4605	4.24017
FAM109A	NA	463	3256	5.76053
FAM109B	NA	3	2332	0.0521145
FAM110A	NA	266	2125	5.07094
FAM110B	NA	1639	4368	15.2007
FAM110C	NA	1	3963	0.0102221
FAM110D	NA	34	1524	0.903774
FAM111A	NA	85	3941	0.873732
FAM111B	NA	1	3561	0.0113761
FAM114A1	NA	109	4138	1.06709
FAM114A2	NA	732	2880	10.2964
FAM117A	NA	1483	2361	25.4455
FAM117B	NA	410	5773	2.87705
FAM118A	NA	595	3364	7.16518
FAM118B	NA	841	2090	16.301
FAM120A	NA	2317	7238	12.968
FAM120AOS	NA	864	2765	12.6586
FAM120B	NA	1061	5698	7.54325
FAM120C	NA	206	8441	0.988642
FAM122A	NA	420	3646	4.66658
FAM122B	NA	1580	4404	14.5337
FAM122C	NA	144	5388	1.08268
FAM124A	NA	6	4902	0.0495843
FAM124B	NA	1	2594	0.0156169
FAM126A	NA	521	6151	3.43129
FAM126B	NA	347	9333	1.50617
FAM127A	NA	1802	1243	58.7286
FAM127B	NA	2162	1259	69.5658
FAM127C	NA	843	2033	16.7979
FAM129A	NA	338	6969	1.96477
FAM129B	NA	1308	4077	12.9967
FAM129C	NA	10	2749	0.147364
FAM131A	NA	157	2805	2.26742
FAM131B	NA	49	4442	0.446872
FAM131C	NA	86	1701	2.04814
FAM132A	NA	57	1043	2.21389
FAM132B	NA	178	2902	2.48478
FAM133A	NA	0	3416	0
FAM133B	NA	550	2681	8.31059
FAM133CP	NA	99	2519	1.59211
FAM133DP	NA	516	2015	10.3739
FAM134A	NA	1461	4614	12.8274
FAM134B	NA	2	3705	0.0218679
FAM134C	NA	587	3809	6.24299
FAM135A	NA	341	6397	2.15945
FAM135B	NA	0	6962	0
FAM136A	NA	3295	1807	73.8692
FAM138A	NA	1	2260	0.0179249
FAM138B	NA	1	1130	0.0358499
FAM138C	NA	1	1130	0.0358499
FAM138D	NA	0	1126	0
FAM138E	NA	0	1130	0
FAM138F	NA	1	2260	0.0179249
FAM13A	NA	538	6268	3.47712
FAM13A-AS1	NA	77	3210	0.971743
FAM13B	NA	403	5620	2.90492
FAM13C	NA	7	3769	0.0752381
FAM149A	NA	35	2704	0.524357
FAM149B1	NA	274	3132	3.54401
FAM150A	NA	2	1171	0.0691893
FAM150B	NA	1	1398	0.0289774
FAM151A	NA	65	1981	1.32921
FAM151B	NA	15	1705	0.356396
FAM153A	NA	1	1794	0.022581
FAM153B	NA	0	1794	0
FAM153C	NA	0	1077	0
FAM155A	NA	11	3859	0.115474
FAM155A-IT1	NA	0	1807	0
FAM155B	NA	398	4019	4.01172
FAM156A	NA	850	2047	16.8216
FAM156B	NA	805	1699	19.1941
FAM157A	NA	14	1275	0.444819
FAM157B	NA	4	1278	0.126793
FAM157C	NA	2	961	0.0843087
FAM159A	NA	0	698	0
FAM159B	NA	26	967	1.08921
FAM160A1	NA	84	4576	0.743634
FAM160A2	NA	807	3492	9.36192
FAM160B1	NA	344	6146	2.26742
FAM160B2	NA	771	3732	8.3691
FAM161A	NA	373	3860	3.9146
FAM161B	NA	133	3596	1.4983
FAM162A	NA	1116	838	53.9493
FAM162B	NA	0	1036	0
FAM163A	NA	6	2909	0.0835552
FAM163B	NA	0	1131	0
FAM166A	NA	2611	1148	92.1363
FAM166B	NA	14	1108	0.511863
FAM167A	NA	80	4093	0.791797
FAM167A-AS1	NA	0	1222	0
FAM167B	NA	6	956	0.254249
FAM168A	NA	1205	7305	6.6824
FAM168B	NA	4495	5406	33.6837
FAM169A	NA	5806	6213	37.8566
FAM169B	NA	1	3298	0.0122833
FAM170A	NA	0	1375	0
FAM170B	NA	0	1411	0
FAM170B-AS1	NA	0	2000	0
FAM171A1	NA	1289	3950	13.2197
FAM171A2	NA	442	2634	6.79786
FAM171B	NA	275	3555	3.13371
FAM172A	NA	442	4720	3.79355
FAM172BP	NA	1	2295	0.0176516
FAM173A	NA	555	874	25.7245
FAM173B	NA	381	2966	5.20379
FAM174A	NA	187	1355	5.59073
FAM174B	NA	202	2629	3.11262
FAM175A	NA	605	2823	8.68181
FAM175B	NA	818	2992	11.0754
FAM177A1	NA	549	3508	6.33984
FAM177B	NA	0	1345	0
FAM178A	NA	1983	8016	10.0215
FAM178B	NA	1	3007	0.013472
FAM179A	NA	94	3548	1.07327
FAM179B	NA	104	6488	0.649364
FAM180A	NA	0	1801	0
FAM180B	NA	3	1403	0.0866222
FAM181A	NA	0	2119	0
FAM181A-AS1	NA	0	2402	0
FAM181B	NA	2	1861	0.0435361
FAM182A	NA	1	5111	0.00792611
FAM182B	NA	1	6026	0.00672259
FAM183A	NA	76	517	5.9551
FAM183B	NA	3	1647	0.0737893
FAM183CP	NA	0	2840	0
FAM184A	NA	34	4161	0.331015
FAM184B	NA	21	3842	0.221426
FAM185A	NA	182	2258	3.26523
FAM186A	NA	0	7265	0
FAM186B	NA	19	3370	0.228397
FAM187B	NA	0	1179	0
FAM188A	NA	577	2375	9.84188
FAM188B	NA	163	2733	2.41609
FAM189A1	NA	2	4707	0.0172128
FAM189A2	NA	44	2482	0.718153
FAM189B	NA	1482	3193	18.8025
FAM192A	NA	2394	2848	34.0526
FAM193A	NA	1015	5206	7.89819
FAM193B	NA	1125	4611	9.88378
FAM195A	NA	1215	910	54.088
FAM195B	NA	1203	1421	34.2955
FAM196A	NA	24	4407	0.220614
FAM196B	NA	0	3548	0
FAM197Y2	NA	0	2335	0
FAM197Y5	NA	0	2335	0
FAM198A	NA	1	3433	0.0118003
FAM198B	NA	2488	5123	19.674
FAM199X	NA	924	7601	4.92456
FAM19A1	NA	1	2222	0.0182315
FAM19A2	NA	8	4136	0.0783565
FAM19A3	NA	13	1133	0.464814
FAM19A4	NA	0	2294	0
FAM19A5	NA	1024	2886	14.3737
FAM200A	NA	293	2488	4.77071
FAM200B	NA	748	4385	6.91032
FAM201A	NA	86	1727	2.01731
FAM204A	NA	958	2766	14.0307
FAM205A	NA	2	4298	0.0188508
FAM205BP	NA	1	6130	0.00660854
FAM205C	NA	0	1373	0
FAM206A	NA	513	1911	10.8748
FAM207A	NA	965	881	44.3728
FAM208A	NA	1919	8770	8.86423
FAM208B	NA	1565	8626	7.34972
FAM209A	NA	4	678	0.238999
FAM209B	NA	6	692	0.351246
FAM20A	NA	8	4624	0.0700871
FAM20B	NA	902	5946	6.14536
FAM20C	NA	343	2780	4.99822
FAM210A	NA	1245	4384	11.5044
FAM210B	NA	1471	3033	19.6474
FAM212A	NA	22	1040	0.856949
FAM212B	NA	499	6077	3.32642
FAM212B-AS1	NA	18	2131	0.34218
FAM213A	NA	1205	2400	20.3396
FAM213B	NA	1228	2981	16.6879
FAM214A	NA	313	4646	2.72917
FAM214B	NA	677	3028	9.0573
FAM215A	NA	1	780	0.0519363
FAM216A	NA	848	1521	22.5856
FAM216B	NA	0	3302	0
FAM217A	NA	1	2270	0.017846
FAM217B	NA	431	5266	3.3156
FAM218A	NA	10	2174	0.18634
FAM219A	NA	575	3645	6.39052
FAM219B	NA	1625	3550	18.5435
FAM21A	NA	2673	4708	23
FAM21C	NA	2379	4645	20.7479
FAM21EP	NA	80	2177	1.48867
FAM220A	NA	611	2214	11.1797
FAM221A	NA	33	1488	0.898415
FAM221B	NA	1	3137	0.0129137
FAM222A	NA	132	3140	1.70298
FAM222A-AS1	NA	0	868	0
FAM222B	NA	1152	4837	9.64811
FAM223A	NA	1	710	0.0570568
FAM223B	NA	1	710	0.0570568
FAM224A	NA	22	460	1.93745
FAM224B	NA	19	462	1.66601
FAM225A	NA	0	5802	0
FAM225B	NA	0	5806	0
FAM226A	NA	62	2022	1.24216
FAM226B	NA	62	2022	1.24216
FAM227A	NA	141	10362	0.551241
FAM227B	NA	94	1994	1.90971
FAM228A	NA	0	1834	0
FAM228B	NA	211	1622	5.26984
FAM229A	NA	70	699	4.05683
FAM229B	NA	178	2671	2.69968
FAM230B	NA	0	3322	0
FAM230C	NA	0	1962	0
FAM231A	NA	0	510	0
FAM231D	NA	127	1986	2.59054
FAM24A	NA	0	596	0
FAM24B	NA	137	772	7.18901
FAM24B-CUZD1	NA	49	2623	0.75677
FAM25A	NA	0	362	0
FAM25BP	NA	0	349	0
FAM25C	NA	2	704	0.115086
FAM25G	NA	2	668	0.121288
FAM26D	NA	3	1491	0.0815097
FAM26E	NA	0	3539	0
FAM26F	NA	4	1132	0.143146
FAM27B	NA	106	703	6.10824
FAM27C	NA	87	703	5.01337
FAM27E2	NA	76	1767	1.74238
FAM27E3	NA	115	1507	3.09137
FAM27L	NA	0	609	0
FAM32A	NA	4673	1472	128.604
FAM35A	NA	1170	3404	13.9239
FAM35BP	NA	537	3290	6.61217
FAM35DP	NA	591	3294	7.26825
FAM3A	NA	1008	1913	21.3457
FAM3B	NA	0	1384	0
FAM3C	NA	691	2542	11.0121
FAM3D	NA	1	1308	0.0309712
FAM41AY1	NA	0	2043	0
FAM41AY2	NA	0	2043	0
FAM41C	NA	116	1706	2.75451
FAM43A	NA	561	3145	7.22617
FAM43B	NA	447	2582	7.01321
FAM45A	NA	645	2694	9.69902
FAM45B	NA	738	4824	6.19748
FAM46A	NA	1	5612	0.00721852
FAM46B	NA	638	2374	10.8869
FAM46C	NA	29	5720	0.205385
FAM46D	NA	0	3223	0
FAM47A	NA	0	2579	0
FAM47B	NA	0	2122	0
FAM47C	NA	0	3308	0
FAM47E	NA	27	2094	0.52234
FAM47E-STBD1	NA	116	3060	1.53569
FAM49A	NA	1	4699	0.00862105
FAM49B	NA	2334	4526	20.8907
FAM50A	NA	1472	1352	44.1059
FAM50B	NA	2	1618	0.0500746
FAM53A	NA	167	3442	1.96549
FAM53B	NA	873	5740	6.16124
FAM53B-AS1	NA	0	1771	0
FAM53C	NA	2194	4712	18.8624
FAM57A	NA	1647	2080	32.0772
FAM57B	NA	24	1919	0.506643
FAM58A	NA	758	1288	23.8407
FAM60A	NA	4316	3156	55.4001
FAM63A	NA	148	3099	1.93467
FAM63B	NA	79	4993	0.640961
FAM64A	NA	727	1544	19.0745
FAM65A	NA	858	4480	7.75845
FAM65B	NA	3	8035	0.0151252
FAM65C	NA	65	4902	0.537163
FAM66A	NA	5	775	0.261357
FAM66B	NA	38	1432	1.07499
FAM66C	NA	30	3266	0.37211
FAM66D	NA	20	1071	0.756496
FAM66E	NA	7	1434	0.197749
FAM69A	NA	172	3099	2.2484
FAM69B	NA	1253	2334	21.7478
FAM69C	NA	1	2042	0.0198386
FAM71A	NA	4	2332	0.069486
FAM71B	NA	0	2032	0
FAM71C	NA	0	1867	0
FAM71D	NA	0	1790	0
FAM71E1	NA	243	1276	7.71474
FAM71E2	NA	19	3183	0.241815
FAM71F1	NA	6	2426	0.10019
FAM71F2	NA	25	5834	0.173596
FAM72A	NA	543	1867	11.7821
FAM72B	NA	587	2374	10.0167
FAM72C	NA	645	2337	11.1806
FAM72D	NA	652	2393	11.0375
FAM73A	NA	187	6410	1.18181
FAM73B	NA	522	3587	5.89529
FAM74A1	NA	0	1869	0
FAM74A3	NA	0	1883	0
FAM74A4	NA	0	1944	0
FAM74A6	NA	0	775	0
FAM74A7	NA	1	1893	0.0214001
FAM76A	NA	318	3459	3.72428
FAM76B	NA	365	3951	3.74241
FAM78A	NA	133	3936	1.36887
FAM78B	NA	3	1481	0.0820601
FAM81A	NA	3	3468	0.0350435
FAM81B	NA	2	1563	0.0518366
FAM83A	NA	1	5250	0.00771625
FAM83A-AS1	NA	0	1158	0
FAM83B	NA	0	6244	0
FAM83C	NA	3	3166	0.0383863
FAM83C-AS1	NA	4	368	0.44033
FAM83D	NA	967	2429	16.1274
FAM83E	NA	6	2011	0.120866
FAM83F	NA	3	2071	0.0586823
FAM83G	NA	729	2930	10.0792
FAM83H	NA	4767	5597	34.5029
FAM83H-AS1	NA	112	2737	1.65771
FAM84A	NA	0	6353	0
FAM84B	NA	19437	5481	143.66
FAM86B1	NA	661	2438	10.9833
FAM86B2	NA	157	1267	5.01983
FAM86B3P	NA	117	2552	1.85725
FAM86C1	NA	693	2192	12.8073
FAM86C2P	NA	355	1859	7.73597
FAM86DP	NA	824	2506	13.3202
FAM86EP	NA	558	2939	7.69131
FAM86FP	NA	304	2143	5.74668
FAM86HP	NA	385	2116	7.37074
FAM86JP	NA	231	2041	4.58495
FAM87A	NA	6	4013	0.0605687
FAM87B	NA	13	1944	0.270902
FAM89A	NA	11	1498	0.297472
FAM89B	NA	1045	1458	29.0352
FAM8A1	NA	849	4745	7.24832
FAM90A1	NA	424	2516	6.82686
FAM90A10P	NA	3	607	0.200216
FAM90A25P	NA	116	1896	2.47848
FAM90A27P	NA	95	496	7.75904
FAM90A2P	NA	67	790	3.43569
FAM90A7P	NA	104	3688	1.14237
FAM91A1	NA	736	5324	5.60023
FAM92A1	NA	667	2164	12.4863
FAM92A1P2	NA	0	2455	0
FAM92B	NA	18	1904	0.382976
FAM95A	NA	3	2398	0.0506802
FAM95B1	NA	91	1543	2.38914
FAM95C	NA	384	2667	5.83276
FAM96A	NA	1617	3676	17.8197
FAM96B	NA	2321	855	109.97
FAM98A	NA	1551	2813	22.3361
FAM98B	NA	1867	4388	17.2363
FAM98C	NA	355	1275	11.2793
FAM99A	NA	0	1430	0
FAM99B	NA	0	1066	0
FAM9A	NA	0	1589	0
FAM9B	NA	0	2103	0
FAM9C	NA	17	1255	0.548746
FAN1	NA	744	5897	5.11102
FANCA	NA	1290	6185	8.44921
FANCB	NA	135	3008	1.81812
FANCC	NA	383	5838	2.65767
FANCD2	NA	731	5947	4.97949
FANCD2OS	NA	23	1077	0.865123
FANCE	NA	386	2555	6.12015
FANCF	NA	411	3309	5.03166
FANCG	NA	1050	2631	16.1672
FANCI	NA	2114	4749	18.033
FANCL	NA	971	1732	22.711
FANCM	NA	261	7151	1.47856
FANK1	NA	38	1296	1.1878
FANK1-AS1	NA	0	446	0
FAP	NA	0	2786	0
FAR1	NA	2004	5275	15.3901
FAR2	NA	5	4085	0.0495843
FAR2P1	NA	4	4524	0.0358182
FAR2P2	NA	0	2855	0
FARP1	NA	212	6135	1.39987
FARP2	NA	190	4623	1.66493
FARS2	NA	592	1841	13.0267
FARSA	NA	5089	1853	111.256
FARSB	NA	4202	2676	63.6115
FAS	NA	206	2689	3.10343
FAS-AS1	NA	3	1552	0.0783061
FASLG	NA	1	1896	0.0213662
FASN	NA	14120	8458	67.629
FASTK	NA	691	1871	14.9613
FASTKD1	NA	859	3012	11.5532
FASTKD2	NA	1793	6943	10.4616
FASTKD3	NA	428	2558	6.77812
FASTKD5	NA	1219	2863	17.2484
FAT1	NA	2595	14764	7.12031
FAT2	NA	6	14536	0.0167214
FAT3	NA	0	19047	0
FAT4	NA	3	16116	0.00754102
FATE1	NA	0	1069	0
FAU	NA	11041	575	777.869
FAXC	NA	107	9760	0.444119
FAXDC2	NA	242	2997	3.2711
FBF1	NA	385	3862	4.03845
FBL	NA	9798	1165	340.704
FBLIM1	NA	939	3773	10.082
FBLL1	NA	35	1058	1.34013
FBLN1	NA	1544	4857	12.8779
FBLN2	NA	7	4665	0.0607872
FBLN5	NA	14	2633	0.215399
FBLN7	NA	1	2299	0.0176209
FBN1	NA	864	11695	2.99281
FBN2	NA	328	10724	1.23903
FBN3	NA	43	8967	0.194262
FBP1	NA	6	1796	0.135335
FBP2	NA	10	1350	0.300077
FBRS	NA	1938	4108	19.1113
FBRSL1	NA	1625	4547	14.4775
FBXL12	NA	1360	1852	29.7484
FBXL13	NA	30	3411	0.356291
FBXL14	NA	295	2111	5.66108
FBXL15	NA	454	2362	7.78649
FBXL16	NA	1573	3543	17.9855
FBXL17	NA	334	5200	2.60201
FBXL18	NA	857	8229	4.2189
FBXL19	NA	2877	3896	29.9148
FBXL19-AS1	NA	142	3951	1.45595
FBXL2	NA	360	3000	4.86124
FBXL20	NA	466	10381	1.8185
FBXL21	NA	0	1794	0
FBXL22	NA	12	1519	0.320029
FBXL3	NA	339	3549	3.86954
FBXL4	NA	309	5464	2.29094
FBXL5	NA	1013	3644	11.2615
FBXL6	NA	682	1799	15.3574
FBXL7	NA	0	4853	0
FBXL8	NA	184	1599	4.6616
FBXO10	NA	389	4575	3.44449
FBXO11	NA	1756	4149	17.1454
FBXO15	NA	20	1850	0.43795
FBXO16	NA	144	1346	4.33394
FBXO17	NA	888	2442	14.731
FBXO18	NA	1351	4167	13.134
FBXO2	NA	4341	1715	102.54
FBXO21	NA	1248	4233	11.9435
FBXO22	NA	2586	4300	24.3627
FBXO22-AS1	NA	962	448	86.9887
FBXO24	NA	50	2475	0.818391
FBXO25	NA	218	2441	3.61788
FBXO27	NA	1816	2360	31.1724
FBXO28	NA	3808	5451	28.3
FBXO3	NA	160	2793	2.32068
FBXO3-AS1	NA	0	386	0
FBXO30	NA	622	4407	5.71759
FBXO31	NA	761	6107	5.04804
FBXO32	NA	16	6946	0.0933149
FBXO33	NA	439	5149	3.45388
FBXO34	NA	504	3594	5.68092
FBXO36	NA	164	2815	2.3601
FBXO38	NA	530	4199	5.11324
FBXO39	NA	0	1667	0
FBXO4	NA	194	2286	3.43789
FBXO40	NA	0	5722	0
FBXO41	NA	663	6928	3.87678
FBXO42	NA	974	6238	6.32528
FBXO43	NA	62	3349	0.749967
FBXO44	NA	1667	3527	19.1468
FBXO45	NA	2313	5733	16.344
FBXO46	NA	1238	2990	16.7732
FBXO47	NA	1	2302	0.0175979
FBXO48	NA	30	2712	0.448123
FBXO5	NA	940	2465	15.4482
FBXO6	NA	68	1549	1.77837
FBXO7	NA	2638	2315	46.1625
FBXO8	NA	268	2563	4.23596
FBXO9	NA	485	4982	3.9437
FBXW10	NA	8	4088	0.0792766
FBXW11	NA	1535	4638	13.4074
FBXW12	NA	2	1674	0.0483994
FBXW2	NA	1648	9186	7.26769
FBXW4	NA	1235	2212	22.6177
FBXW4P1	NA	98	2233	1.77788
FBXW5	NA	2358	2380	40.1359
FBXW7	NA	699	5030	5.62957
FBXW8	NA	466	4855	3.88832
FBXW9	NA	716	1737	16.6986
FCAMR	NA	0	2783	0
FCAR	NA	0	2618	0
FCER1A	NA	0	1165	0
FCER1G	NA	12	591	0.822545
FCER2	NA	6	1722	0.141151
FCF1	NA	1130	2405	19.034
FCGBP	NA	185	16390	0.457255
FCGR1A	NA	4	2176	0.0744675
FCGR1B	NA	3	2871	0.0423305
FCGR1C	NA	0	1335	0
FCGR2A	NA	0	2429	0
FCGR2B	NA	0	2161	0
FCGR2C	NA	0	2488	0
FCGR3A	NA	0	2401	0
FCGR3B	NA	0	2739	0
FCGRT	NA	464	2101	8.94659
FCHO1	NA	902	3326	10.9863
FCHO2	NA	200	4981	1.62659
FCHSD1	NA	603	4320	5.65457
FCHSD2	NA	639	4490	5.76528
FCMR	NA	0	3085	0
FCN1	NA	0	1283	0
FCN2	NA	0	1057	0
FCN3	NA	0	1032	0
FCRL1	NA	0	3160	0
FCRL2	NA	0	2589	0
FCRL3	NA	1	3019	0.0134185
FCRL4	NA	0	3459	0
FCRL5	NA	0	5390	0
FCRL6	NA	0	2046	0
FCRLA	NA	0	2363	0
FCRLB	NA	40	1996	0.81183
FDCSP	NA	0	565	0
FDFT1	NA	3701	4387	34.1757
FDPS	NA	2876	1647	70.7394
FDPSP2	NA	90	4981	0.731968
FDX1	NA	612	3155	7.85811
FDX1L	NA	814	846	38.978
FDXACB1	NA	53	3066	0.700277
FDXR	NA	4614	2455	76.1363
FECH	NA	930	7278	5.17651
FEM1A	NA	1914	3844	20.1709
FEM1B	NA	1496	7122	8.50933
FEM1C	NA	352	5813	2.45306
FEN1	NA	4216	2294	74.4514
FENDRR	NA	0	5569	0
FER	NA	330	13238	1.00985
FER1L4	NA	197	6713	1.18882
FER1L5	NA	21	6467	0.131547
FER1L6	NA	0	6051	0
FER1L6-AS1	NA	0	2315	0
FER1L6-AS2	NA	0	1748	0
FERD3L	NA	0	640	0
FERMT1	NA	2	5151	0.0157291
FERMT2	NA	8776	3441	103.318
FERMT3	NA	61	2552	0.968311
FES	NA	35	2806	0.505296
FETUB	NA	0	1631	0
FEV	NA	126	1879	2.7165
FEZ1	NA	31	3031	0.414325
FEZ2	NA	1736	2092	33.6166
FEZF1	NA	0	2190	0
FEZF1-AS1	NA	0	2653	0
FEZF2	NA	0	2086	0
FFAR1	NA	0	923	0
FFAR2	NA	0	2053	0
FFAR3	NA	0	1672	0
FFAR4	NA	0	3653	0
FGA	NA	0	3916	0
FGB	NA	5	3628	0.0558301
FGD1	NA	1642	4275	15.5598
FGD2	NA	57	3045	0.758322
FGD3	NA	1	4157	0.00974509
FGD4	NA	51	8990	0.229814
FGD5	NA	8	5897	0.0549572
FGD5-AS1	NA	2630	4379	24.3303
FGD5P1	NA	0	3377	0
FGD6	NA	178	9288	0.776361
FGF1	NA	19	5055	0.152264
FGF10	NA	0	627	0
FGF10-AS1	NA	0	1894	0
FGF11	NA	1176	3411	13.9666
FGF12	NA	1	6433	0.00629727
FGF12-AS1	NA	0	578	0
FGF13	NA	0	3452	0
FGF13-AS1	NA	0	833	0
FGF14	NA	4	3024	0.0535851
FGF14-AS1	NA	0	355	0
FGF14-AS2	NA	28	1128	1.00558
FGF14-IT1	NA	0	2130	0
FGF16	NA	0	351	0
FGF17	NA	8	1386	0.233826
FGF18	NA	55	1982	1.12415
FGF19	NA	0	2137	0
FGF2	NA	5204	6774	31.1213
FGF20	NA	73	1016	2.91068
FGF21	NA	1	885	0.0457744
FGF22	NA	2	643	0.126004
FGF23	NA	0	3018	0
FGF3	NA	0	1548	0
FGF4	NA	0	1220	0
FGF5	NA	81	5693	0.576381
FGF6	NA	0	744	0
FGF7	NA	19	3936	0.195553
FGF8	NA	56	1110	2.04376
FGF9	NA	0	4530	0
FGFBP1	NA	0	1358	0
FGFBP2	NA	0	1171	0
FGFBP3	NA	10078	2564	159.229
FGFR1	NA	5504	6303	35.375
FGFR1OP	NA	715	3736	7.75291
FGFR1OP2	NA	716	3148	9.21391
FGFR2	NA	10047	5573	73.032
FGFR3	NA	574	4438	5.23951
FGFR4	NA	357	3208	4.50816
FGFRL1	NA	1036	3237	12.9653
FGG	NA	2	1982	0.0408782
FGGY	NA	40	3172	0.510849
FGL1	NA	1	1556	0.0260349
FGL2	NA	0	4268	0
FGR	NA	1	2773	0.0146088
FH	NA	2251	1867	48.8424
FHAD1	NA	724	5090	5.76218
FHDC1	NA	22	6480	0.137535
FHIT	NA	200	1090	7.43309
FHL1	NA	70	4137	0.685454
FHL2	NA	6897	2251	124.123
FHL3	NA	604	1657	14.7666
FHL5	NA	0	2135	0
FHOD1	NA	1332	3854	14.001
FHOD3	NA	10	5538	0.0731498
FIBCD1	NA	47	3323	0.572972
FIBIN	NA	0	3005	0
FIBP	NA	1797	1450	50.2049
FICD	NA	37	1651	0.907863
FIG4	NA	255	3105	3.32694
FIGF	NA	3	2074	0.0585974
FIGLA	NA	0	722	0
FIGN	NA	377	4535	3.36767
FIGNL1	NA	372	3974	3.79211
FIGNL2	NA	377	4694	3.2536
FILIP1	NA	5	5452	0.0371518
FILIP1L	NA	20	4474	0.181092
FIP1L1	NA	1471	2485	23.9802
FIRRE	NA	66	2928	0.913143
FIS1	NA	1903	739	104.318
FITM1	NA	6	1003	0.242335
FITM2	NA	72	958	3.04462
FIZ1	NA	689	2660	10.4931
FJX1	NA	1610	2687	24.273
FKBP10	NA	4757	2883	66.8428
FKBP11	NA	163	1337	4.93881
FKBP14	NA	404	5173	3.16377
FKBP15	NA	1068	4336	9.9781
FKBP1A	NA	6245	1997	126.684
FKBP1A-SDCBP2	NA	168	1687	4.03422
FKBP1AP1	NA	144	1643	3.55051
FKBP1B	NA	458	996	18.6282
FKBP2	NA	462	935	20.0169
FKBP3	NA	3260	1347	98.0428
FKBP4	NA	6020	3741	65.189
FKBP5	NA	1406	10628	5.3592
FKBP6	NA	38	1720	0.894996
FKBP7	NA	25	2904	0.348746
FKBP8	NA	9761	1795	220.29
FKBP9	NA	1192	3732	12.939
FKBP9P1	NA	408	3093	5.34375
FKBPL	NA	454	5376	3.42107
FKRP	NA	645	3474	7.52135
FKSG29	NA	1	608	0.0666288
FKTN	NA	891	7456	4.84103
FLAD1	NA	1728	3156	22.1806
FLCN	NA	1111	4052	11.1074
FLG	NA	0	12747	0
FLG-AS1	NA	0	4139	0
FLG2	NA	1	9122	0.00444095
FLI1	NA	1	4373	0.00926374
FLII	NA	4730	4467	42.8954
FLJ10038	NA	331	5942	2.25663
FLJ12825	NA	10	3942	0.102766
FLJ13224	NA	8	1630	0.198824
FLJ16171	NA	0	2143	0
FLJ16779	NA	236	7638	1.25169
FLJ20021	NA	2	793	0.10217
FLJ21408	NA	7	601	0.471834
FLJ22447	NA	1	1368	0.0296128
FLJ22763	NA	0	1933	0
FLJ23867	NA	27	2716	0.402717
FLJ25758	NA	2	1463	0.0553798
FLJ26245	NA	0	1598	0
FLJ26850	NA	3	1436	0.0846316
FLJ27354	NA	5	789	0.256719
FLJ30679	NA	28	1980	0.572873
FLJ31104	NA	6	2287	0.10628
FLJ31356	NA	6	2850	0.0852849
FLJ31662	NA	0	2755	0
FLJ32255	NA	9	2759	0.132147
FLJ33360	NA	0	2419	0
FLJ33534	NA	0	1635	0
FLJ33581	NA	0	2376	0
FLJ34503	NA	0	2006	0
FLJ35934	NA	7	1879	0.150917
FLJ36000	NA	0	3798	0
FLJ36777	NA	6	2140	0.11358
FLJ37035	NA	15	2527	0.240465
FLJ37201	NA	23	3662	0.254434
FLJ37453	NA	102	2732	1.51246
FLJ37505	NA	0	2020	0
FLJ38122	NA	0	3215	0
FLJ38576	NA	1	2459	0.0164743
FLJ40194	NA	0	722	0
FLJ40288	NA	0	1998	0
FLJ41200	NA	0	2328	0
FLJ41278	NA	0	3166	0
FLJ41941	NA	0	2379	0
FLJ42102	NA	0	2162	0
FLJ42351	NA	6	514	0.472883
FLJ42393	NA	0	2266	0
FLJ42627	NA	365	7148	2.06859
FLJ42969	NA	0	1948	0
FLJ43315	NA	3	2521	0.0482075
FLJ43879	NA	0	3489	0
FLJ44635	NA	698	2269	12.462
FLJ45079	NA	0	4704	0
FLJ45513	NA	14	2100	0.270069
FLJ46066	NA	0	1806	0
FLJ46284	NA	0	3366	0
FLJ46906	NA	49	1001	1.98302
FLNA	NA	24452	8510	116.399
FLNB	NA	8371	9560	35.472
FLNC	NA	12855	9138	56.9884
FLOT1	NA	3733	12835	11.7822
FLOT2	NA	2138	2632	32.907
FLRT1	NA	31	3247	0.386763
FLRT2	NA	2	7179	0.0112858
FLRT3	NA	3	4024	0.0302015
FLT1	NA	0	12010	0
FLT3	NA	4	3974	0.0407754
FLT3LG	NA	20	1194	0.678565
FLT4	NA	306	6389	1.94024
FLVCR1	NA	742	5939	5.06123
FLVCR1-AS1	NA	108	942	4.6445
FLVCR2	NA	18	3817	0.191036
FLYWCH1	NA	1925	5060	15.4115
FLYWCH2	NA	1294	1027	51.0422
FMN1	NA	2	16648	0.00486669
FMN2	NA	1	6441	0.00628945
FMNL1	NA	305	3961	3.11933
FMNL2	NA	904	5575	6.56885
FMNL3	NA	679	11192	2.45769
FMO1	NA	68	2351	1.17172
FMO2	NA	0	5304	0
FMO3	NA	0	2087	0
FMO4	NA	82	2303	1.4424
FMO5	NA	10	3176	0.127551
FMO6P	NA	0	2125	0
FMO9P	NA	0	1362	0
FMOD	NA	0	3257	0
FMR1	NA	909	4411	8.3482
FMR1-AS1	NA	2	2387	0.0339425
FMR1NB	NA	0	1021	0
FN1	NA	40	8993	0.180186
FN3K	NA	235	1433	6.64336
FN3KRP	NA	783	1954	16.2332
FNBP1	NA	644	5425	4.80897
FNBP1L	NA	710	5517	5.2134
FNBP4	NA	2230	4112	21.9694
FNDC1	NA	2	6551	0.0123677
FNDC3A	NA	954	6699	5.76905
FNDC3B	NA	335	7085	1.91545
FNDC4	NA	167	1671	4.04861
FNDC5	NA	907	3195	11.5001
FNDC7	NA	0	3060	0
FNDC8	NA	26	1355	0.77732
FNDC9	NA	2	2126	0.0381094
FNIP1	NA	603	6614	3.69334
FNIP2	NA	421	5786	2.94761
FNTA	NA	1608	1695	38.431
FNTB	NA	354	2819	5.08714
FOCAD	NA	648	6096	4.30622
FOCAD-AS1	NA	6	423	0.574615
FOLH1	NA	1	2732	0.0148281
FOLH1B	NA	1	1974	0.020522
FOLR1	NA	1	1250	0.0324083
FOLR2	NA	0	1131	0
FOLR3	NA	1	845	0.0479412
FOPNL	NA	1594	2410	26.794
FOS	NA	3032	2158	56.9172
FOSB	NA	328	3776	3.51891
FOSL1	NA	5592	1753	129.226
FOSL2	NA	1491	3991	15.1343
FOXA1	NA	0	3380	0
FOXA2	NA	0	2612	0
FOXA3	NA	76	1989	1.54791
FOXB1	NA	0	1459	0
FOXB2	NA	0	1299	0
FOXC1	NA	760	3449	8.9266
FOXC2	NA	168	1681	4.04862
FOXC2-AS1	NA	39	319	4.95267
FOXCUT	NA	14	1610	0.352264
FOXD1	NA	186	2268	3.32228
FOXD2	NA	99	4675	0.857866
FOXD2-AS1	NA	215	2507	3.47416
FOXD3	NA	0	2068	0
FOXD3-AS1	NA	3	1235	0.0984057
FOXD4	NA	44	2187	0.815023
FOXD4L1	NA	29	2067	0.56836
FOXD4L3	NA	25	2218	0.456609
FOXD4L4	NA	14	1251	0.453353
FOXD4L5	NA	25	3109	0.325751
FOXD4L6	NA	32	2725	0.475718
FOXE1	NA	17	3461	0.198982
FOXE3	NA	0	1981	0
FOXF1	NA	0	2562	0
FOXF2	NA	11	2187	0.203756
FOXG1	NA	0	3206	0
FOXG1-AS1	NA	0	905	0
FOXH1	NA	284	2183	5.27024
FOXI1	NA	2	2296	0.0352877
FOXI2	NA	0	3178	0
FOXI3	NA	1	1262	0.0321001
FOXJ1	NA	29	2640	0.445
FOXJ2	NA	437	5482	3.2293
FOXJ3	NA	1489	5778	10.4396
FOXK1	NA	1362	11191	4.93031
FOXK2	NA	3062	5262	23.5733
FOXL1	NA	30	3190	0.380975
FOXL2	NA	0	2917	0
FOXL2NB	NA	23	4075	0.228647
FOXM1	NA	2721	3649	30.2079
FOXN1	NA	1	2697	0.0150205
FOXN2	NA	461	5463	3.4185
FOXN3	NA	1024	8092	5.12637
FOXN3-AS1	NA	90	1077	3.38526
FOXN3-AS2	NA	0	1261	0
FOXN4	NA	20	3352	0.241708
FOXO1	NA	16	5738	0.11296
FOXO3	NA	1021	7534	5.48992
FOXO3B	NA	1003	7259	5.59745
FOXO4	NA	178	3348	2.15378
FOXO6	NA	25	2389	0.423926
FOXP1	NA	20	8704	0.0930844
FOXP1-AS1	NA	0	712	0
FOXP2	NA	1	7079	0.00572261
FOXP3	NA	43	2382	0.731295
FOXP4	NA	1163	5949	7.91957
FOXP4-AS1	NA	14	815	0.695883
FOXQ1	NA	0	2319	0
FOXR1	NA	3	1153	0.105404
FOXR2	NA	0	2789	0
FOXRED1	NA	1305	2195	24.0847
FOXRED2	NA	3756	5068	30.0231
FOXS1	NA	30	1318	0.922087
FPGS	NA	1465	2532	23.439
FPGT	NA	352	4722	3.01983
FPGT-TNNI3K	NA	14	3619	0.156713
FPR1	NA	0	1371	0
FPR2	NA	0	2042	0
FPR3	NA	0	2517	0
FRA10AC1	NA	873	3089	11.4489
FRAS1	NA	2	16545	0.00489699
FRAT1	NA	165	2651	2.52139
FRAT2	NA	637	2205	11.703
FREM1	NA	9	10225	0.035657
FREM2	NA	2	16162	0.00501304
FREM3	NA	0	6623	0
FRG1	NA	479	1043	18.6045
FRG1B	NA	235	946	10.0633
FRG2	NA	61	4170	0.592597
FRG2B	NA	25	890	1.13793
FRG2C	NA	169	4138	1.65448
FRG2DP	NA	0	1820	0
FRG2EP	NA	169	4150	1.6497
FRK	NA	11	2849	0.156411
FRMD1	NA	1	4133	0.00980168
FRMD3	NA	27	6027	0.18148
FRMD4A	NA	3074	6804	18.3023
FRMD4B	NA	583	6498	3.63458
FRMD5	NA	50	5790	0.34983
FRMD6	NA	3	5280	0.0230172
FRMD6-AS1	NA	0	2227	0
FRMD6-AS2	NA	0	917	0
FRMD7	NA	0	3209	0
FRMD8	NA	1316	3751	14.2126
FRMD8P1	NA	24	1800	0.540138
FRMPD1	NA	2	4916	0.016481
FRMPD2	NA	5	5212	0.0388626
FRMPD2B	NA	3	3894	0.0312098
FRMPD3	NA	12	7304	0.0665559
FRMPD3-AS1	NA	0	457	0
FRMPD4	NA	0	8465	0
FRRS1	NA	65	2678	0.983261
FRRS1L	NA	0	1189	0
FRS2	NA	462	7201	2.59905
FRS3	NA	135	2179	2.50982
FRY	NA	4	10717	0.01512
FRY-AS1	NA	1	2370	0.017093
FRYL	NA	714	11706	2.4709
FRZB	NA	12	2767	0.175686
FSBP	NA	163	5403	1.22213
FSCB	NA	0	3146	0
FSCN1	NA	2768	2796	40.1047
FSCN2	NA	43	1742	0.999968
FSCN3	NA	0	1891	0
FSD1	NA	1054	1847	23.1174
FSD1L	NA	138	7897	0.707918
FSD2	NA	133	6533	0.824717
FSHB	NA	0	1936	0
FSHR	NA	0	2774	0
FSIP1	NA	38	2813	0.547242
FSIP2	NA	2	21054	0.00384823
FST	NA	2	2098	0.0386181
FSTL1	NA	859	3840	9.06208
FSTL3	NA	549	2511	8.8571
FSTL4	NA	6	5382	0.045162
FSTL5	NA	2	4835	0.0167571
FTCD	NA	31	2110	0.595176
FTCDNL1	NA	1	952	0.0425529
FTH1	NA	44914	1229	1480.46
FTH1P18	NA	0	913	0
FTH1P3	NA	3020	954	128.24
FTHL17	NA	0	813	0
FTL	NA	64246	871	2988.09
FTLP10	NA	0	1501	0
FTMT	NA	0	874	0
FTO	NA	985	4292	9.29699
FTO-IT1	NA	28	870	1.30378
FTSJ1	NA	903	2197	16.6504
FTSJ2	NA	1683	1601	42.5852
FTSJ3	NA	3644	3559	41.4778
FTX	NA	2114	2356	36.3493
FUBP1	NA	4078	2758	59.8989
FUBP3	NA	1440	3157	18.4779
FUCA1	NA	1396	2117	26.7135
FUCA2	NA	2333	2548	37.0921
FUK	NA	201	3907	2.0841
FUNDC1	NA	701	1170	24.2716
FUNDC2	NA	645	2964	8.81551
FUNDC2P2	NA	29	1519	0.773403
FUOM	NA	699	975	29.0428
FURIN	NA	1148	4532	10.2617
FUS	NA	13656	5119	108.07
FUT1	NA	22	4246	0.209898
FUT10	NA	228	3547	2.60399
FUT11	NA	115	2177	2.13996
FUT2	NA	42	3099	0.549027
FUT3	NA	21	2590	0.328462
FUT4	NA	1	6048	0.00669814
FUT5	NA	9	1988	0.183397
FUT6	NA	6	3137	0.0774823
FUT7	NA	3	2414	0.0503442
FUT8	NA	316	5651	2.26531
FUT8-AS1	NA	29	2025	0.580148
FUT9	NA	0	12798	0
FUZ	NA	827	1745	19.1989
FXN	NA	613	7454	3.33148
FXR1	NA	2677	8909	12.1727
FXR2	NA	3533	2987	47.9153
FXYD1	NA	1	1061	0.0381813
FXYD2	NA	3	669	0.181661
FXYD3	NA	1	2326	0.0174163
FXYD4	NA	0	771	0
FXYD5	NA	0	1636	0
FXYD6	NA	1	2417	0.0167606
FXYD6-FXYD2	NA	3	1234	0.0984854
FXYD7	NA	2	713	0.113633
FYB	NA	0	4933	0
FYCO1	NA	706	8518	3.35763
FYN	NA	25	3876	0.26129
FYTTD1	NA	2042	4409	18.7621
FZD1	NA	37	4350	0.344571
FZD10	NA	0	3282	0
FZD10-AS1	NA	0	3678	0
FZD2	NA	5132	3819	54.4381
FZD3	NA	448	13787	1.31636
FZD4	NA	258	7394	1.41353
FZD5	NA	2632	6564	16.2436
FZD6	NA	2	3933	0.0206002
FZD7	NA	810	3851	8.52074
FZD8	NA	12	3186	0.152581
FZD9	NA	0	2342	0
FZR1	NA	1161	3624	12.9781
G0S2	NA	0	963	0
G2E3	NA	611	5802	4.26608
G3BP1	NA	4571	2835	65.3167
G3BP2	NA	3883	4551	34.5642
G6PC	NA	0	4161	0
G6PC2	NA	0	3081	0
G6PC3	NA	2682	1831	59.3385
G6PD	NA	1213	2515	19.5384
GAA	NA	1533	3775	16.451
GAB1	NA	177	7910	0.906489
GAB2	NA	306	6236	1.98784
GAB3	NA	2	4842	0.0167329
GAB4	NA	0	2629	0
GABARAP	NA	1932	893	87.6439
GABARAPL1	NA	1266	1867	27.4698
GABARAPL2	NA	1588	1002	64.202
GABARAPL3	NA	12	1885	0.257891
GABBR1	NA	592	23554	1.01818
GABBR2	NA	5	5788	0.0349951
GABPA	NA	929	5251	7.16704
GABPB1	NA	855	3264	10.6116
GABPB1-AS1	NA	389	4133	3.81285
GABPB2	NA	67	1953	1.38976
GABRA1	NA	1	4917	0.00823883
GABRA2	NA	2	3258	0.0248682
GABRA3	NA	1	2785	0.0145459
GABRA4	NA	0	11973	0
GABRA5	NA	3323	3157	42.6404
GABRA6	NA	0	2519	0
GABRB1	NA	0	2211	0
GABRB2	NA	0	7409	0
GABRB3	NA	953	7536	5.12292
GABRD	NA	53	1925	1.11535
GABRE	NA	0	3152	0
GABRG1	NA	0	6768	0
GABRG2	NA	0	4077	0
GABRG3	NA	5	2550	0.079432
GABRG3-AS1	NA	0	850	0
GABRP	NA	0	3309	0
GABRQ	NA	0	2000	0
GABRR1	NA	1	3508	0.011548
GABRR2	NA	0	2081	0
GABRR3	NA	0	1521	0
GACAT1	NA	0	811	0
GACAT2	NA	13	818	0.643807
GACAT3	NA	0	984	0
GAD1	NA	693	3669	7.65158
GAD2	NA	0	2948	0
GADD45A	NA	3322	1380	97.5184
GADD45B	NA	1175	1375	34.6179
GADD45G	NA	1	1065	0.0380379
GADD45GIP1	NA	2794	763	148.343
GADL1	NA	0	3655	0
GAGE1	NA	0	3141	0
GAGE10	NA	0	561	0
GAGE12B	NA	0	1395	0
GAGE12C	NA	0	3384	0
GAGE12D	NA	0	3510	0
GAGE12E	NA	0	3384	0
GAGE12F	NA	0	2990	0
GAGE12G	NA	0	2820	0
GAGE12H	NA	0	2256	0
GAGE12I	NA	0	1506	0
GAGE12J	NA	0	571	0
GAGE13	NA	0	543	0
GAGE2A	NA	0	2168	0
GAGE2B	NA	0	509	0
GAGE2C	NA	0	2152	0
GAGE2D	NA	0	1683	0
GAGE2E	NA	0	2071	0
GAGE4	NA	0	526	0
GAGE5	NA	0	522	0
GAGE6	NA	0	1050	0
GAGE7	NA	0	497	0
GAGE8	NA	0	2071	0
GAK	NA	2663	4535	23.7881
GAL	NA	0	778	0
GAL3ST1	NA	6	1791	0.135713
GAL3ST2	NA	1	1449	0.0279574
GAL3ST3	NA	1	3320	0.0122019
GAL3ST4	NA	17	2540	0.271132
GALC	NA	235	4166	2.28515
GALE	NA	691	1858	15.066
GALK1	NA	1330	1361	39.5876
GALK2	NA	356	3718	3.87888
GALM	NA	422	2483	6.88496
GALNS	NA	635	2363	10.8862
GALNT1	NA	2307	3838	24.3505
GALNT10	NA	772	5955	5.25172
GALNT11	NA	1059	2746	15.6229
GALNT12	NA	64	2735	0.947957
GALNT13	NA	191	5847	1.32332
GALNT14	NA	3	3417	0.0355666
GALNT15	NA	0	4641	0
GALNT16	NA	41	4309	0.385455
GALNT18	NA	8	2515	0.12886
GALNT2	NA	1455	5206	11.322
GALNT3	NA	0	3267	0
GALNT4	NA	892	5394	6.69915
GALNT5	NA	0	3131	0
GALNT6	NA	126	4520	1.12927
GALNT7	NA	448	4307	4.21375
GALNT8	NA	5	2135	0.094872
GALNT9	NA	23	2920	0.319088
GALNTL5	NA	0	1984	0
GALNTL6	NA	1	2849	0.0142191
GALP	NA	0	938	0
GALR1	NA	0	2785	0
GALR2	NA	13	1357	0.388087
GALR3	NA	2	1157	0.0700265
GALT	NA	307	1405	8.85172
GAMT	NA	2765	2243	49.9381
GAN	NA	140	4544	1.24812
GANAB	NA	10666	4017	107.564
GANC	NA	178	6758	1.06701
GAP43	NA	6	2104	0.115524
GAPDH	NA	60854	1892	1302.97
GAPDHS	NA	115	1492	3.12245
GAPLINC	NA	32	501	2.58749
GAPT	NA	0	2538	0
GAPVD1	NA	1202	7147	6.81313
GAR1	NA	1223	1267	39.1035
GAREM	NA	10	7037	0.0575676
GAREML	NA	1014	5939	6.91657
GARNL3	NA	96	4076	0.95412
GARS	NA	5112	2749	75.3324
GART	NA	5122	4427	46.8701
GAS1	NA	1	2828	0.0143247
GAS2	NA	4	2538	0.0638461
GAS2L1	NA	916	2576	14.4051
GAS2L1P2	NA	1	2262	0.0179091
GAS2L2	NA	3	3014	0.0403222
GAS2L3	NA	103	6371	0.654931
GAS5	NA	2698	632	172.938
GAS5-AS1	NA	424	694	24.7498
GAS6	NA	595	2535	9.50834
GAS6-AS1	NA	120	895	5.43155
GAS6-AS2	NA	3	1942	0.0625803
GAS7	NA	3619	8876	16.5172
GAS8	NA	625	3448	7.34309
GAS8-AS1	NA	3	994	0.122265
GAST	NA	2	470	0.172384
GATA1	NA	0	1479	0
GATA2	NA	4466	3764	48.0657
GATA2-AS1	NA	638	2358	10.9608
GATA3	NA	5	3070	0.0659777
GATA3-AS1	NA	0	2371	0
GATA4	NA	0	3883	0
GATA5	NA	3	2595	0.0468328
GATA6	NA	39	3776	0.418407
GATA6-AS1	NA	4	1788	0.0906272
GATAD1	NA	1008	4597	8.88284
GATAD2A	NA	3918	5675	27.9682
GATAD2B	NA	870	7476	4.71428
GATB	NA	1329	2232	24.1211
GATC	NA	5808	4346	54.1381
GATM	NA	796	2586	12.4695
GATS	NA	364	6008	2.45435
GATSL2	NA	513	7991	2.60065
GATSL3	NA	646	1622	16.1342
GBA	NA	1804	2681	27.2587
GBA2	NA	1022	3611	11.4654
GBA3	NA	0	2223	0
GBAP1	NA	932	2036	18.544
GBAS	NA	1647	2004	33.2937
GBAT2	NA	77	439	7.10546
GBE1	NA	1052	3099	13.7518
GBF1	NA	1616	6440	10.1653
GBGT1	NA	47	2059	0.924714
GBP1	NA	0	3050	0
GBP1P1	NA	0	1234	0
GBP2	NA	0	4132	0
GBP3	NA	0	3040	0
GBP4	NA	1	6145	0.00659241
GBP5	NA	0	4051	0
GBP6	NA	0	4867	0
GBP7	NA	0	2454	0
GBX1	NA	1	1092	0.0370974
GBX2	NA	3799	1800	85.4993
GC	NA	0	2266	0
GCA	NA	0	3225	0
GCAT	NA	269	1830	5.9548
GCC1	NA	1087	4132	10.657
GCC2	NA	1275	6977	7.40299
GCDH	NA	536	2309	9.40387
GCFC2	NA	1055	4999	8.54939
GCG	NA	0	1294	0
GCGR	NA	19	2053	0.374913
GCH1	NA	246	2925	3.40702
GCHFR	NA	3562	713	202.381
GCK	NA	1	3073	0.0131827
GCKR	NA	3	2188	0.0555443
GCLC	NA	513	3812	5.45168
GCLM	NA	773	5050	6.20089
GCM1	NA	0	2764	0
GCM2	NA	0	2365	0
GCN1L1	NA	5702	8668	26.6486
GCNT1	NA	35	6719	0.211023
GCNT2	NA	900	7303	4.99237
GCNT3	NA	1	2222	0.0182315
GCNT4	NA	1235	3436	14.5606
GCNT7	NA	2	2064	0.0392542
GCOM1	NA	992	6788	5.92019
GCSAM	NA	0	3342	0
GCSAML	NA	0	4427	0
GCSAML-AS1	NA	0	1913	0
GCSH	NA	2587	1538	68.1406
GCSHP3	NA	81	1000	3.28134
GDA	NA	0	5736	0
GDAP1	NA	560	3889	5.83332
GDAP1L1	NA	16	2959	0.219049
GDAP2	NA	556	10174	2.21385
GDE1	NA	1336	2937	18.4276
GDF1	NA	905	2564	14.2987
GDF10	NA	0	2647	0
GDF11	NA	817	4260	7.76924
GDF15	NA	10384	1200	350.549
GDF2	NA	0	1955	0
GDF3	NA	0	1224	0
GDF5	NA	7	2330	0.121705
GDF6	NA	0	3701	0
GDF7	NA	1	1994	0.0203161
GDF9	NA	54	2450	0.892881
GDI1	NA	2121	2481	34.6322
GDI2	NA	8586	2412	144.205
GDNF	NA	9	4181	0.0872024
GDNF-AS1	NA	3	4635	0.0262203
GDPD1	NA	68	3469	0.794091
GDPD2	NA	1	2439	0.0166094
GDPD3	NA	21	1098	0.774788
GDPD4	NA	2	2533	0.0319861
GDPD5	NA	105	3174	1.34013
GDPGP1	NA	58	1351	1.73916
GEM	NA	171	2183	3.17328
GEMIN2	NA	297	1359	8.85325
GEMIN4	NA	2487	3741	26.9311
GEMIN5	NA	2566	5404	19.2357
GEMIN6	NA	585	692	34.2465
GEMIN7	NA	1117	1659	27.2755
GEMIN8	NA	79	3259	0.981993
GEMIN8P4	NA	80	1702	1.90413
GEN1	NA	484	6425	3.05167
GET4	NA	1983	2088	38.4732
GFAP	NA	1	4034	0.0100422
GFER	NA	698	2409	11.7377
GFI1	NA	39	2910	0.542922
GFI1B	NA	0	2465	0
GFM1	NA	1852	3800	19.7435
GFM2	NA	2025	3819	21.4803
GFOD1	NA	19	5153	0.149369
GFOD2	NA	741	6816	4.40407
GFPT1	NA	1753	8703	8.15979
GFPT2	NA	89	3011	1.19742
GFRA1	NA	2	9595	0.00844405
GFRA2	NA	3	3330	0.0364958
GFRA3	NA	4	1931	0.0839158
GFRA4	NA	0	1517	0
GFRAL	NA	0	1911	0
GFY	NA	630	1557	16.3915
GGA1	NA	1083	3636	12.0662
GGA2	NA	3153	5973	21.3844
GGA3	NA	1284	4200	12.3846
GGACT	NA	394	2903	5.49813
GGCT	NA	1557	1326	47.5676
GGCX	NA	2373	7462	12.8827
GGH	NA	16	1492	0.434427
GGN	NA	23	2154	0.432562
GGNBP1	NA	4	999	0.162204
GGNBP2	NA	1760	2845	25.0609
GGPS1	NA	944	2969	12.8803
GGT1	NA	696	2976	9.47419
GGT3P	NA	168	2036	3.3427
GGT5	NA	2	2589	0.0312942
GGT6	NA	5	2663	0.0760615
GGT7	NA	802	2640	12.3065
GGT8P	NA	19	2484	0.309862
GGTA1P	NA	2	1755	0.0461656
GGTLC1	NA	45	1145	1.59211
GGTLC2	NA	216	978	8.94707
GH1	NA	1	846	0.0478846
GH2	NA	1	1157	0.0350133
GHDC	NA	8	2535	0.127843
GHET1	NA	8	1898	0.17075
GHITM	NA	5172	2449	85.5531
GHR	NA	1	6143	0.00659455
GHRH	NA	0	460	0
GHRHR	NA	0	1607	0
GHRL	NA	7	1350	0.210054
GHRLOS	NA	74	2135	1.40411
GHSR	NA	0	3089	0
GID4	NA	813	4232	7.78235
GID8	NA	1869	4427	17.1027
GIF	NA	1	1513	0.0267748
GIGYF1	NA	2398	6329	15.349
GIGYF2	NA	2292	9139	10.1597
GIMAP1	NA	0	4416	0
GIMAP1-GIMAP5	NA	0	2262	0
GIMAP2	NA	0	1442	0
GIMAP4	NA	0	1965	0
GIMAP5	NA	0	1877	0
GIMAP6	NA	0	3912	0
GIMAP7	NA	0	1229	0
GIMAP8	NA	15	4187	0.145129
GIMD1	NA	0	654	0
GIN1	NA	89	3549	1.0159
GINM1	NA	168	1109	6.13682
GINS1	NA	1231	3289	15.1621
GINS2	NA	1431	1180	49.1274
GINS3	NA	562	2391	9.52188
GINS4	NA	1354	3841	14.2804
GIP	NA	13	711	0.740695
GIPC1	NA	5630	1946	117.201
GIPC2	NA	5	3977	0.0509308
GIPC3	NA	0	4317	0
GIPR	NA	276	3289	3.39947
GIT1	NA	2868	3760	30.8999
GIT2	NA	752	6412	4.75106
GJA1	NA	33419	3169	427.206
GJA10	NA	0	1632	0
GJA3	NA	148	5205	1.15188
GJA4	NA	0	1622	0
GJA5	NA	2	3267	0.0247997
GJA8	NA	1	1366	0.0296562
GJA9	NA	11	2322	0.191909
GJA9-MYCBP	NA	1222	5271	9.3917
GJB1	NA	0	1733	0
GJB2	NA	4	2332	0.069486
GJB3	NA	0	2352	0
GJB4	NA	16	2840	0.228227
GJB5	NA	105	1355	3.13918
GJB6	NA	0	2508	0
GJB7	NA	1	2280	0.0177677
GJC1	NA	3035	7818	15.7264
GJC2	NA	17	2381	0.289238
GJC3	NA	3	1116	0.108899
GJD2	NA	182	1096	6.72708
GJD3	NA	477	4041	4.78184
GJD4	NA	0	1580	0
GK	NA	40	4577	0.354034
GK2	NA	0	1866	0
GK3P	NA	14	2232	0.254097
GK5	NA	385	10920	1.42825
GKAP1	NA	141	1873	3.04963
GKN1	NA	1	820	0.0494028
GKN2	NA	0	800	0
GLA	NA	1743	1418	49.7951
GLB1	NA	1350	2692	20.3154
GLB1L	NA	104	2710	1.55464
GLB1L2	NA	379	3155	4.86638
GLB1L3	NA	2	2944	0.0275206
GLCCI1	NA	1555	4793	13.1428
GLCE	NA	125	5043	1.00412
GLDC	NA	509	3809	5.41343
GLDN	NA	1	5083	0.00796977
GLE1	NA	934	3521	10.746
GLG1	NA	3398	9438	14.5851
GLI1	NA	330	3618	3.69497
GLI2	NA	3	6769	0.0179541
GLI3	NA	3	8214	0.0147956
GLI4	NA	427	1343	12.8801
GLIDR	NA	697	3143	8.98368
GLIPR1	NA	1221	3907	12.6601
GLIPR1L1	NA	1	1032	0.0392542
GLIPR1L2	NA	10	3499	0.115777
GLIPR2	NA	301	2853	4.27396
GLIS1	NA	10	2816	0.143858
GLIS2	NA	477	3705	5.2155
GLIS2-AS1	NA	0	359	0
GLIS3	NA	1702	7767	8.87712
GLIS3-AS1	NA	96	730	5.32739
GLMN	NA	1288	2032	25.6778
GLMP	NA	25	1851	0.547141
GLO1	NA	10406	2046	206.036
GLOD4	NA	3784	1837	83.4464
GLOD5	NA	0	737	0
GLP1R	NA	0	3123	0
GLP2R	NA	0	4573	0
GLRA1	NA	0	1821	0
GLRA2	NA	1	3720	0.0108899
GLRA3	NA	0	3674	0
GLRA4	NA	0	2158	0
GLRB	NA	37	3214	0.46636
GLRX	NA	13	1658	0.317632
GLRX2	NA	571	1349	17.1471
GLRX3	NA	3363	1600	85.1477
GLRX5	NA	2032	1171	70.2963
GLS	NA	1497	7406	8.18849
GLS2	NA	196	2721	2.91805
GLT1D1	NA	3	2721	0.0446641
GLT6D1	NA	0	1526	0
GLT8D1	NA	1082	2574	17.0288
GLT8D2	NA	150	1877	3.23737
GLTP	NA	951	2356	16.352
GLTPD2	NA	20	1222	0.663017
GLTSCR1	NA	595	5739	4.19997
GLTSCR1L	NA	154	6515	0.957574
GLTSCR2	NA	2828	1522	75.2715
GLUD1	NA	3934	3476	45.848
GLUD1P3	NA	67	4069	0.667042
GLUD1P7	NA	2	486	0.166709
GLUD2	NA	969	2335	16.8114
GLUL	NA	17533	8561	82.9655
GLYAT	NA	0	2476	0
GLYATL1	NA	0	2442	0
GLYATL2	NA	0	1378	0
GLYATL3	NA	1	2130	0.0190189
GLYCAM1	NA	0	781	0
GLYCTK	NA	365	3800	3.89112
GLYCTK-AS1	NA	5	1154	0.175521
GLYR1	NA	3499	3732	37.9812
GM140	NA	0	259	0
GM2A	NA	1553	3688	17.0587
GMCL1	NA	184	2346	3.17728
GMCL1P1	NA	24	2923	0.33262
GMDS	NA	960	1760	22.0965
GMDS-AS1	NA	15	1588	0.382654
GMEB1	NA	286	2694	4.30065
GMEB2	NA	959	4210	9.22789
GMFB	NA	2321	4125	22.7938
GMFG	NA	2	659	0.122945
GMIP	NA	249	3541	2.84865
GML	NA	0	723	0
GMNC	NA	0	3624	0
GMNN	NA	880	1357	26.2705
GMPPA	NA	1105	1871	23.9251
GMPPB	NA	348	1688	8.35166
GMPR	NA	0	1515	0
GMPR2	NA	1407	2665	21.3876
GMPS	NA	2665	2456	43.9577
GNA11	NA	1940	4145	18.9602
GNA12	NA	1254	5394	9.41786
GNA13	NA	2480	6493	15.4729
GNA14	NA	2	2491	0.0325254
GNA14-AS1	NA	0	703	0
GNA15	NA	140	2294	2.4723
GNAI1	NA	4	3636	0.0445658
GNAI2	NA	3361	3293	41.3469
GNAI3	NA	3762	4732	32.2062
GNAL	NA	196	7305	1.08693
GNAO1	NA	0	7923	0
GNAQ	NA	1505	6343	9.61186
GNAS	NA	11700	5639	84.0523
GNAS-AS1	NA	1	1157	0.0350133
GNAT1	NA	3	3599	0.033768
GNAT2	NA	8	1365	0.237423
GNAT3	NA	0	1065	0
GNAZ	NA	235	3208	2.96756
GNB1	NA	10611	3194	134.582
GNB1L	NA	174	1519	4.64042
GNB2	NA	6474	1664	157.611
GNB2L1	NA	36888	1109	1347.47
GNB3	NA	86	1730	2.01381
GNB4	NA	1287	6428	8.11089
GNB5	NA	696	3170	8.89438
GNE	NA	816	5476	6.0366
GNG10	NA	2434	1255	78.5675
GNG11	NA	7	954	0.297246
GNG12	NA	1240	4409	11.3932
GNG12-AS1	NA	20	2247	0.360573
GNG13	NA	53	984	2.18196
GNG2	NA	0	3886	0
GNG3	NA	61	951	2.59845
GNG4	NA	423	5312	3.22588
GNG5	NA	2917	806	146.611
GNG7	NA	273	4246	2.60464
GNG8	NA	7	213	1.33133
GNGT1	NA	0	628	0
GNGT2	NA	5	1190	0.170211
GNL1	NA	3613	55373	2.64323
GNL2	NA	5069	2402	85.49
GNL3	NA	3346	2139	63.3696
GNL3L	NA	864	8690	4.02773
GNLY	NA	0	1087	0
GNMT	NA	10	1068	0.37931
GNPAT	NA	1152	2680	17.4134
GNPDA1	NA	7212	2297	127.192
GNPDA2	NA	224	2377	3.81755
GNPNAT1	NA	7958	3928	82.0726
GNPTAB	NA	1024	5630	7.36813
GNPTG	NA	521	1245	16.9525
GNRH1	NA	30	2150	0.565261
GNRH2	NA	2	423	0.191538
GNRHR	NA	3	5837	0.0208208
GNRHR2	NA	420	1961	8.67636
GNS	NA	2450	5128	19.3546
GOLGA1	NA	470	4882	3.90001
GOLGA2	NA	1213	4260	11.535
GOLGA2P10	NA	2605	6866	15.3699
GOLGA2P2Y	NA	0	1062	0
GOLGA2P3Y	NA	0	1062	0
GOLGA2P5	NA	47	4487	0.424334
GOLGA2P6	NA	0	2884	0
GOLGA2P7	NA	1438	3356	17.3581
GOLGA2P9	NA	0	2033	0
GOLGA3	NA	1789	9586	7.5603
GOLGA4	NA	2019	7952	10.2855
GOLGA5	NA	991	2967	13.5308
GOLGA6A	NA	6	3176	0.0765309
GOLGA6B	NA	2	3178	0.0254942
GOLGA6C	NA	11	5379	0.0828432
GOLGA6D	NA	1	3449	0.0117455
GOLGA6L1	NA	0	3822	0
GOLGA6L10	NA	222	4449	2.02142
GOLGA6L17P	NA	42	1846	0.921687
GOLGA6L2	NA	0	3151	0
GOLGA6L22	NA	0	3764	0
GOLGA6L4	NA	256	4563	2.27277
GOLGA6L5P	NA	318	5471	2.35465
GOLGA6L6	NA	0	4009	0
GOLGA6L7P	NA	0	1156	0
GOLGA6L9	NA	697	9092	3.10555
GOLGA7	NA	1190	2088	23.0878
GOLGA7B	NA	5	6448	0.0314131
GOLGA8A	NA	5332	6557	32.9421
GOLGA8B	NA	4041	6550	24.9927
GOLGA8CP	NA	1	5282	0.00766951
GOLGA8DP	NA	0	5339	0
GOLGA8EP	NA	0	5269	0
GOLGA8F	NA	3	4511	0.026941
GOLGA8G	NA	3	5282	0.0230085
GOLGA8H	NA	29	5260	0.223346
GOLGA8IP	NA	4	1899	0.0853298
GOLGA8J	NA	20	5199	0.155839
GOLGA8K	NA	21	5188	0.163978
GOLGA8M	NA	18	5256	0.138734
GOLGA8N	NA	38	5329	0.288871
GOLGA8O	NA	22	5189	0.171753
GOLGA8R	NA	22	5172	0.172318
GOLGA8S	NA	10	5454	0.0742764
GOLGA8T	NA	16	3471	0.186737
GOLGB1	NA	2674	11257	9.62287
GOLIM4	NA	786	4327	7.35871
GOLM1	NA	2020	3263	25.0784
GOLPH3	NA	2068	2676	31.3062
GOLPH3L	NA	468	3171	5.97882
GOLT1A	NA	0	883	0
GOLT1B	NA	1184	3272	14.659
GON4L	NA	2396	8462	11.4704
GOPC	NA	1228	4627	10.7514
GORAB	NA	224	3530	2.57063
GORASP1	NA	947	3782	10.1437
GORASP2	NA	2393	3265	29.691
GOSR1	NA	1431	5237	11.0694
GOSR2	NA	1294	4989	10.5072
GOT1	NA	2535	2127	48.281
GOT1L1	NA	0	1377	0
GOT2	NA	5000	2462	82.2712
GP1BA	NA	10	2523	0.160564
GP1BB	NA	94	958	3.97492
GP2	NA	0	3453	0
GP5	NA	2	3493	0.0231952
GP6	NA	16	2266	0.286039
GP9	NA	1	894	0.0453136
GPA33	NA	46	2802	0.665052
GPAA1	NA	1746	2067	34.2192
GPALPP1	NA	328	1392	9.54554
GPAM	NA	685	6387	4.3447
GPANK1	NA	1190	24490	1.96845
GPAT2	NA	66	2824	0.946771
GPATCH1	NA	290	3362	3.49435
GPATCH11	NA	191	3906	1.98092
GPATCH2	NA	561	7879	2.88441
GPATCH2L	NA	561	12673	1.79328
GPATCH3	NA	639	2129	12.1588
GPATCH4	NA	3767	2155	70.8132
GPATCH8	NA	1656	7479	8.9698
GPBAR1	NA	13	2003	0.262923
GPBP1	NA	2117	4644	18.4669
GPBP1L1	NA	2711	3738	29.3803
GPC1	NA	2231	3686	24.5194
GPC2	NA	101	2591	1.57914
GPC3	NA	15000	2385	254.782
GPC4	NA	5461	3714	59.5657
GPC5	NA	7	2942	0.0963876
GPC5-AS1	NA	0	591	0
GPC5-AS2	NA	0	415	0
GPC6	NA	37	7102	0.211051
GPC6-AS1	NA	0	698	0
GPC6-AS2	NA	0	651	0
GPCPD1	NA	686	5459	5.09069
GPD1	NA	4	3083	0.0525596
GPD1L	NA	401	4062	3.99917
GPD2	NA	190	6155	1.25052
GPER1	NA	35	3082	0.460046
GPHA2	NA	59	747	3.19961
GPHB5	NA	0	542	0
GPHN	NA	582	4302	5.48048
GPI	NA	4737	4474	42.8917
GPIHBP1	NA	5	2281	0.0887995
GPKOW	NA	945	1746	21.9257
GPLD1	NA	37	5832	0.25701
GPM6A	NA	1	4416	0.00917354
GPM6B	NA	2005	4073	19.9419
GPN1	NA	1353	1969	27.8367
GPN2	NA	1011	1510	27.1231
GPN3	NA	882	1764	20.2552
GPNMB	NA	69	2766	1.01056
GPR1	NA	2	2648	0.0305969
GPR1-AS	NA	1	3708	0.0109251
GPR101	NA	0	1527	0
GPR107	NA	1802	8341	8.7519
GPR108	NA	1148	2076	22.4017
GPR119	NA	0	1193	0
GPR12	NA	0	4848	0
GPR132	NA	11	3870	0.115146
GPR135	NA	24	1820	0.534202
GPR137	NA	1260	2667	19.1387
GPR137B	NA	152	2042	3.01546
GPR137C	NA	158	3888	1.64625
GPR139	NA	0	1238	0
GPR141	NA	0	918	0
GPR142	NA	0	1389	0
GPR143	NA	1	1696	0.0238858
GPR146	NA	19	2218	0.347023
GPR148	NA	0	1267	0
GPR149	NA	34	2323	0.592919
GPR15	NA	0	1252	0
GPR150	NA	0	1305	0
GPR151	NA	0	1260	0
GPR152	NA	0	1429	0
GPR153	NA	217	4082	2.15354
GPR155	NA	31	7599	0.165261
GPR156	NA	5	4193	0.0483071
GPR157	NA	19	1153	0.66756
GPR158	NA	0	6662	0
GPR158-AS1	NA	0	2433	0
GPR160	NA	121	2013	2.43505
GPR161	NA	192	9095	0.855193
GPR162	NA	288	2516	4.63711
GPR17	NA	2	2599	0.0311738
GPR171	NA	0	1795	0
GPR173	NA	3	4251	0.0285888
GPR174	NA	0	1258	0
GPR176	NA	11	4778	0.0932636
GPR179	NA	0	7980	0
GPR18	NA	1	1661	0.0243891
GPR180	NA	394	8875	1.79843
GPR182	NA	0	1570	0
GPR183	NA	2	1785	0.0453897
GPR19	NA	27	1743	0.627527
GPR20	NA	17	1526	0.451295
GPR21	NA	0	1595	0
GPR22	NA	4	2966	0.054633
GPR25	NA	1	1224	0.0330967
GPR26	NA	0	10304	0
GPR27	NA	1	1128	0.0359134
GPR3	NA	818	2114	15.6752
GPR31	NA	0	960	0
GPR32	NA	0	1269	0
GPR33	NA	0	1077	0
GPR34	NA	0	1928	0
GPR35	NA	36	2596	0.561777
GPR37	NA	2	3815	0.0212374
GPR37L1	NA	0	2459	0
GPR39	NA	4	2821	0.0574411
GPR4	NA	24	3047	0.319084
GPR45	NA	0	1725	0
GPR50	NA	0	2020	0
GPR52	NA	1	1472	0.0275206
GPR55	NA	1	3828	0.0105826
GPR6	NA	0	1947	0
GPR61	NA	21	2823	0.301352
GPR62	NA	25	2191	0.462236
GPR63	NA	2	6088	0.0133083
GPR65	NA	1	4522	0.0089585
GPR68	NA	35	3026	0.46856
GPR75	NA	11	2159	0.206398
GPR75-ASB3	NA	723	1966	14.8977
GPR78	NA	0	4498	0
GPR82	NA	3	3349	0.0362887
GPR83	NA	0	4282	0
GPR84	NA	8	1509	0.214767
GPR85	NA	0	5314	0
GPR87	NA	1	1519	0.0266691
GPR88	NA	0	3465	0
GPR89A	NA	897	2032	17.8828
GPR89B	NA	528	2116	10.1084
GPRASP1	NA	62	6017	0.417424
GPRASP2	NA	351	3975	3.57714
GPRC5A	NA	1380	2851	19.6087
GPRC5B	NA	132	3359	1.59195
GPRC5C	NA	91	2434	1.51456
GPRC5D	NA	0	1038	0
GPRC6A	NA	0	2882	0
GPRIN1	NA	523	4208	5.03491
GPRIN2	NA	0	1823	0
GPRIN3	NA	7	6352	0.044643
GPS1	NA	1895	2359	32.5422
GPS2	NA	1605	1157	56.1963
GPSM1	NA	1176	4793	9.93953
GPSM2	NA	174	3033	2.32404
GPSM3	NA	148	12887	0.465239
GPT	NA	6	1886	0.128877
GPT2	NA	1237	4311	11.6241
GPX1	NA	10	1183	0.342437
GPX2	NA	2	1499	0.0540498
GPX3	NA	59	1761	1.35725
GPX4	NA	5966	1231	196.332
GPX5	NA	0	2904	0
GPX6	NA	0	1712	0
GPX7	NA	3	1229	0.0988861
GPX8	NA	766	3788	8.1919
GRAMD1A	NA	1440	2640	22.0965
GRAMD1B	NA	1134	8193	5.60707
GRAMD1C	NA	76	4104	0.750191
GRAMD2	NA	3	3292	0.0369171
GRAMD3	NA	41	3516	0.47239
GRAMD4	NA	648	4316	6.08218
GRAP	NA	26	2033	0.518086
GRAP2	NA	5	4053	0.0499757
GRAPL	NA	6	967	0.251357
GRASP	NA	133	2090	2.57793
GRB10	NA	0	5276	0
GRB14	NA	42	3030	0.561529
GRB2	NA	4549	3304	55.7753
GRB7	NA	106	2701	1.58982
GREB1	NA	316	10329	1.23935
GREB1L	NA	45	6052	0.301217
GREM1	NA	0	4138	0
GREM2	NA	0	4183	0
GRHL1	NA	11	3605	0.12361
GRHL2	NA	0	5229	0
GRHL3	NA	1152	3422	13.6376
GRHPR	NA	1992	1235	65.3414
GRIA1	NA	1	6077	0.00666617
GRIA2	NA	3	5869	0.0207073
GRIA3	NA	0	5726	0
GRIA4	NA	4	7629	0.0212402
GRID1	NA	24	5849	0.166225
GRID1-AS1	NA	0	2102	0
GRID2	NA	0	5339	0
GRID2IP	NA	14	4632	0.122441
GRIFIN	NA	0	446	0
GRIK1	NA	2	3684	0.0219926
GRIK1-AS1	NA	0	1093	0
GRIK1-AS2	NA	6	1073	0.226526
GRIK2	NA	2	4811	0.0168407
GRIK3	NA	0	9219	0
GRIK4	NA	6	6302	0.038569
GRIK5	NA	98	4301	0.923044
GRIN1	NA	4	4445	0.0364547
GRIN2A	NA	1	14788	0.00273941
GRIN2B	NA	12	5941	0.0818253
GRIN2C	NA	322	4909	2.65723
GRIN2D	NA	835	5093	6.64169
GRIN3A	NA	9	7771	0.0469171
GRIN3B	NA	393	3254	4.89261
GRINA	NA	4182	1968	86.0845
GRIP1	NA	11	5060	0.0880659
GRIP2	NA	491	7720	2.5765
GRIPAP1	NA	1403	3035	18.7269
GRK1	NA	7	2098	0.135163
GRK4	NA	51	2314	0.892838
GRK5	NA	72	2558	1.14024
GRK6	NA	1464	3061	19.3751
GRK7	NA	0	1746	0
GRM1	NA	3	6839	0.0177703
GRM2	NA	4	3355	0.0482985
GRM3	NA	4	4260	0.0380379
GRM4	NA	225	8394	1.08587
GRM5	NA	0	8053	0
GRM5-AS1	NA	0	4821	0
GRM6	NA	4	6141	0.0263868
GRM7	NA	0	4239	0
GRM7-AS1	NA	0	430	0
GRM7-AS2	NA	0	510	0
GRM7-AS3	NA	0	798	0
GRM8	NA	1	3931	0.0103054
GRN	NA	5363	2346	92.6074
GRP	NA	0	847	0
GRPEL1	NA	2602	1504	70.085
GRPEL2	NA	1150	4105	11.3488
GRPR	NA	0	2681	0
GRSF1	NA	4038	6874	23.797
GRTP1	NA	473	2250	8.51617
GRTP1-AS1	NA	43	1563	1.11449
GRWD1	NA	3000	2456	49.4833
GRXCR1	NA	0	992	0
GRXCR2	NA	2	747	0.108461
GS1-124K5.11	NA	838	3566	9.51982
GS1-24F4.2	NA	30	1106	1.09883
GS1-259H13.2	NA	26	1121	0.93958
GS1-279B7.1	NA	0	666	0
GS1-594A7.3	NA	0	574	0
GS1-600G8.3	NA	2	2249	0.0360252
GSAP	NA	0	3251	0
GSC	NA	0	1189	0
GSC2	NA	0	618	0
GSDMA	NA	2	2164	0.0374402
GSDMB	NA	87	1809	1.94826
GSDMC	NA	0	2714	0
GSDMD	NA	2	2370	0.0341859
GSE1	NA	2240	7586	11.9619
GSG1	NA	4694	2969	64.047
GSG1L	NA	5	5020	0.0403489
GSG2	NA	321	2796	4.65086
GSK3A	NA	4651	2179	86.4679
GSK3B	NA	1981	7118	11.2744
GSKIP	NA	380	2776	5.54536
GSN	NA	4936	3483	57.41
GSN-AS1	NA	126	4763	1.07166
GSPT1	NA	9314	7774	48.5353
GSPT2	NA	770	2846	10.9603
GSR	NA	1760	3160	22.5627
GSS	NA	2497	1900	53.2391
GSTA1	NA	0	1259	0
GSTA2	NA	0	1309	0
GSTA3	NA	0	913	0
GSTA4	NA	739	1341	22.3245
GSTA5	NA	0	844	0
GSTA7P	NA	0	5697	0
GSTCD	NA	506	4355	4.70683
GSTK1	NA	2	1226	0.0660854
GSTM1	NA	805	1185	27.5197
GSTM2	NA	1352	2018	27.1407
GSTM2P1	NA	291	1136	10.3772
GSTM3	NA	6	4127	0.0588956
GSTM4	NA	1546	1917	32.6703
GSTM5	NA	2426	1570	62.5975
GSTO1	NA	2008	1310	62.0952
GSTO2	NA	440	1591	11.2034
GSTP1	NA	8700	958	367.891
GSTT1	NA	0	1202	0
GSTT2	NA	0	1214	0
GSTT2B	NA	0	1094	0
GSTTP1	NA	0	721	0
GSTTP2	NA	0	2070	0
GSTZ1	NA	295	1722	6.93992
GSX1	NA	0	847	0
GSX2	NA	21	1212	0.701912
GTDC1	NA	256	4565	2.27177
GTF2A1	NA	1341	6487	8.37434
GTF2A1L	NA	0	1702	0
GTF2A2	NA	2133	1582	54.6198
GTF2B	NA	1200	1645	29.5516
GTF2E1	NA	962	3033	12.849
GTF2E2	NA	1307	1536	34.4707
GTF2F1	NA	12235	2551	194.294
GTF2F2	NA	1376	1453	38.3635
GTF2H1	NA	1121	3515	12.9195
GTF2H2	NA	2895	1951	60.1114
GTF2H2B	NA	1706	4374	15.8003
GTF2H2C	NA	1315	2105	25.3069
GTF2H2C_2	NA	1312	1803	29.4784
GTF2H3	NA	1217	3417	14.4282
GTF2H4	NA	676	10024	2.73194
GTF2H5	NA	974	7486	5.27078
GTF2I	NA	4544	4684	39.2995
GTF2IP1	NA	4173	3631	46.5573
GTF2IP20	NA	758	2947	10.4197
GTF2IP4	NA	4173	3636	46.4933
GTF2IRD1	NA	1498	3529	17.1959
GTF2IRD1P1	NA	282	2426	4.70895
GTF2IRD2	NA	296	3755	3.19336
GTF2IRD2B	NA	245	3585	2.76849
GTF3A	NA	2412	1404	69.5947
GTF3C1	NA	8739	7107	49.8128
GTF3C2	NA	2161	3958	22.1179
GTF3C2-AS1	NA	159	841	7.65891
GTF3C3	NA	1277	4819	10.7349
GTF3C4	NA	1407	3865	14.7472
GTF3C5	NA	2394	2441	39.7303
GTF3C6	NA	2042	950	87.0759
GTPBP1	NA	1426	5047	11.446
GTPBP10	NA	483	7542	2.59434
GTPBP2	NA	1269	3101	16.5778
GTPBP3	NA	1512	2839	21.5751
GTPBP4	NA	4672	2517	75.1944
GTPBP6	NA	1881	2378	32.0437
GTPBP8	NA	158	1357	4.71675
GTSCR1	NA	1	598	0.067743
GTSE1	NA	972	3112	12.653
GTSE1-AS1	NA	15	1518	0.4003
GTSF1	NA	3	812	0.149669
GTSF1L	NA	0	842	0
GUCA1A	NA	2	1904	0.0425529
GUCA1B	NA	30	2270	0.535379
GUCA1C	NA	0	925	0
GUCA2A	NA	0	575	0
GUCA2B	NA	0	597	0
GUCD1	NA	1473	3943	15.1336
GUCY1A2	NA	166	16219	0.41462
GUCY1A3	NA	348	10342	1.36314
GUCY1B2	NA	0	3022	0
GUCY1B3	NA	523	3794	5.58432
GUCY2C	NA	0	3842	0
GUCY2D	NA	0	3623	0
GUCY2EP	NA	0	2799	0
GUCY2F	NA	0	3698	0
GUCY2GP	NA	7	2974	0.0953505
GUF1	NA	1613	4216	15.4989
GUK1	NA	1694	1280	53.6129
GULP1	NA	1896	4221	18.1965
GUSB	NA	1026	2299	18.079
GUSBP1	NA	210	6074	1.40059
GUSBP10	NA	0	978	0
GUSBP11	NA	0	3416	0
GUSBP2	NA	66	1200	2.22807
GUSBP3	NA	129	3102	1.68467
GUSBP4	NA	292	2463	4.80269
GUSBP5	NA	0	1989	0
GUSBP9	NA	62	1220	2.05872
GVINP1	NA	5	8730	0.0232018
GXYLT1	NA	671	7488	3.63013
GXYLT1P3	NA	1	2292	0.0176747
GXYLT2	NA	28	1544	0.734643
GYG1	NA	2423	2022	48.5443
GYG2	NA	71	3395	0.847197
GYG2P1	NA	39	824	1.91736
GYLTL1B	NA	2	2605	0.031102
GYPA	NA	0	2695	0
GYPB	NA	0	609	0
GYPC	NA	90	2067	1.76388
GYPE	NA	0	1884	0
GYS1	NA	3903	3618	43.7014
GYS2	NA	7	3132	0.0905403
GZF1	NA	376	4741	3.2128
GZMA	NA	0	896	0
GZMB	NA	0	926	0
GZMH	NA	0	971	0
GZMK	NA	0	1045	0
GZMM	NA	11	941	0.473553
H19	NA	342	2597	5.33482
H1F0	NA	4328	2330	75.2484
H1FNT	NA	2	1300	0.0623236
H1FOO	NA	0	1265	0
H1FX	NA	4831	1507	129.864
H1FX-AS1	NA	121	2193	2.23518
H2AFB1	NA	8	1034	0.313426
H2AFB2	NA	8	1188	0.272797
H2AFB3	NA	8	1034	0.313426
H2AFJ	NA	1330	3667	14.6929
H2AFV	NA	3011	4704	25.9304
H2AFX	NA	5040	1593	128.168
H2AFY	NA	10747	2154	202.119
H2AFY2	NA	1370	2179	25.47
H2AFZ	NA	11188	947	478.595
H2BFM	NA	0	1882	0
H2BFWT	NA	0	894	0
H2BFXP	NA	1	979	0.0413793
H3F3A	NA	10874	1062	414.792
H3F3AP4	NA	10874	1042	422.754
H3F3B	NA	16516	2861	233.858
H3F3C	NA	2138	1057	81.9405
H6PD	NA	986	9290	4.29959
HAAO	NA	0	1284	0
HABP2	NA	0	3149	0
HABP4	NA	1748	2665	26.5711
HACD1	NA	818	1307	25.3538
HACD2	NA	89	1187	3.03742
HACD3	NA	4383	3208	55.3481
HACD4	NA	1	1416	0.028609
HACE1	NA	1358	4775	11.5211
HACL1	NA	1078	2287	19.0949
HADH	NA	995	2033	19.8268
HADHA	NA	6581	3037	87.7835
HADHB	NA	2293	2271	40.9028
HAGH	NA	824	1610	20.7332
HAGHL	NA	590	1577	15.1561
HAGLR	NA	40	4660	0.347728
HAGLROS	NA	0	673	0
HAL	NA	13	3913	0.134586
HAMP	NA	1	426	0.0950947
HAND1	NA	8	1738	0.186469
HAND2	NA	16	2368	0.273718
HAND2-AS1	NA	0	766	0
HAO1	NA	0	1746	0
HAO2	NA	0	1701	0
HAO2-IT1	NA	0	310	0
HAP1	NA	117	3958	1.1975
HAPLN1	NA	0	4678	0
HAPLN2	NA	72	1771	1.64695
HAPLN3	NA	751	2122	14.3371
HAPLN4	NA	31	3438	0.365276
HAR1A	NA	1	2794	0.014499
HAR1B	NA	0	896	0
HARBI1	NA	101	1522	2.68827
HARS	NA	3493	2306	61.3628
HARS2	NA	846	2610	13.1309
HAS1	NA	3	2111	0.0575703
HAS2	NA	0	3275	0
HAS2-AS1	NA	0	2287	0
HAS3	NA	682	4896	5.64298
HAT1	NA	1805	1670	43.7851
HAUS1	NA	676	1165	23.5064
HAUS2	NA	864	3944	8.87448
HAUS3	NA	634	2435	10.5477
HAUS4	NA	831	1638	20.5519
HAUS5	NA	474	4309	4.45623
HAUS6	NA	1094	6365	6.96281
HAUS7	NA	772	2320	13.4802
HAUS8	NA	409	1456	11.3796
HAVCR1	NA	0	1912	0
HAVCR1P1	NA	5	1255	0.161396
HAVCR2	NA	8	2430	0.133367
HAX1	NA	1069	1179	36.7307
HBA1	NA	60	606	4.01092
HBA2	NA	58	605	3.88364
HBB	NA	1	626	0.064713
HBBP1	NA	0	659	0
HBD	NA	0	774	0
HBE1	NA	0	816	0
HBEGF	NA	457	2358	7.85124
HBG1	NA	0	584	0
HBG2	NA	0	583	0
HBM	NA	1	510	0.079432
HBP1	NA	651	2883	9.1475
HBQ1	NA	148	653	9.18152
HBS1L	NA	2166	9332	9.40263
HBZ	NA	14	589	0.962894
HCAR1	NA	42	2977	0.571526
HCAR2	NA	3	2065	0.0588528
HCAR3	NA	2	2137	0.0379133
HCCAT5	NA	0	1078	0
HCCS	NA	653	2356	11.228
HCFC1	NA	3331	8426	16.0147
HCFC1-AS1	NA	1	786	0.0515399
HCFC1R1	NA	1242	1117	45.0437
HCFC2	NA	105	5735	0.741689
HCG11	NA	759	5679	5.41422
HCG14	NA	0	1962	0
HCG17	NA	18	5008	0.145604
HCG18	NA	1328	52133	1.03193
HCG2040054	NA	1	434	0.0933418
HCG22	NA	256	17128	0.605479
HCG23	NA	0	4923	0
HCG25	NA	161	4919	1.32591
HCG26	NA	1357	7080	7.76448
HCG27	NA	16	10012	0.0647389
HCG4	NA	0	10543	0
HCG4B	NA	7	13705	0.0206912
HCG8	NA	25	13196	0.0767474
HCG9	NA	0	4500	0
HCK	NA	4	2283	0.0709774
HCLS1	NA	6	2038	0.119265
HCN1	NA	7	9669	0.029328
HCN2	NA	573	3408	6.81116
HCN3	NA	188	3874	1.96591
HCN4	NA	2	7228	0.0112093
HCP5	NA	14	9081	0.062454
HCRT	NA	0	577	0
HCRTR1	NA	24	2001	0.485881
HCRTR2	NA	0	1816	0
HCST	NA	6	507	0.479412
HDAC1	NA	3882	2091	75.2086
HDAC10	NA	619	2706	9.26678
HDAC11	NA	262	3015	3.5203
HDAC11-AS1	NA	0	509	0
HDAC2	NA	5036	6929	29.4429
HDAC3	NA	2133	1945	44.426
HDAC4	NA	454	8976	2.04899
HDAC5	NA	1079	5327	8.20549
HDAC6	NA	774	4099	7.64943
HDAC7	NA	3120	4301	29.3867
HDAC8	NA	466	3635	5.19335
HDAC9	NA	63	7905	0.322853
HDC	NA	9	2642	0.137999
HDDC2	NA	2052	1615	51.472
HDDC3	NA	360	1120	13.0212
HDGF	NA	15824	2798	229.105
HDGFL1	NA	0	1073	0
HDGFRP2	NA	3974	2381	67.6136
HDGFRP3	NA	1439	2434	23.95
HDHD1	NA	912	2447	15.0983
HDHD2	NA	639	2185	11.8472
HDHD3	NA	784	2004	15.8484
HDLBP	NA	15028	6576	92.5775
HDX	NA	2	6335	0.0127894
HEATR1	NA	3910	8484	18.6699
HEATR3	NA	344	2608	5.34339
HEATR4	NA	1	3551	0.0114081
HEATR5A	NA	448	7843	2.31399
HEATR5B	NA	511	6804	3.04244
HEATR6	NA	601	3935	6.18722
HEATR9	NA	0	1969	0
HEBP1	NA	5149	1208	172.672
HEBP2	NA	647	1282	20.4448
HECA	NA	853	5621	6.14754
HECTD1	NA	3301	9177	14.5717
HECTD2	NA	207	6430	1.30414
HECTD2-AS1	NA	0	1023	0
HECTD3	NA	926	3628	10.3397
HECTD4	NA	783	15450	2.05305
HECW1	NA	2	6839	0.0118469
HECW2	NA	0	7241	0
HEG1	NA	197	9156	0.871618
HEIH	NA	13	1665	0.316297
HELB	NA	76	3611	0.852613
HELLS	NA	1034	3346	12.5187
HELQ	NA	385	5112	3.05095
HELT	NA	0	849	0
HELZ	NA	2056	13830	6.02236
HELZ2	NA	216	10129	0.863879
HEMGN	NA	0	2453	0
HEMK1	NA	257	5861	1.77634
HENMT1	NA	0	2041	0
HEPACAM	NA	1	3545	0.0114275
HEPACAM2	NA	0	2356	0
HEPH	NA	0	4775	0
HEPHL1	NA	4	5951	0.0272293
HEPN1	NA	0	1428	0
HERC1	NA	1060	15197	2.82562
HERC2	NA	3873	15340	10.2279
HERC2P10	NA	7	638	0.444471
HERC2P2	NA	2889	6075	19.2649
HERC2P3	NA	980	4278	9.28007
HERC2P4	NA	87	2708	1.30148
HERC2P7	NA	222	1764	5.09824
HERC2P9	NA	1232	2947	16.9354
HERC3	NA	47	4974	0.382788
HERC4	NA	1030	6115	6.82349
HERC5	NA	1059	3518	12.1946
HERC6	NA	207	3889	2.15625
HERPUD1	NA	685	1922	14.4379
HERPUD2	NA	538	2910	7.48954
HES1	NA	111	1461	3.07779
HES2	NA	54	4260	0.513511
HES3	NA	0	697	0
HES4	NA	664	1040	25.8643
HES5	NA	2	1306	0.0620373
HES6	NA	652	1454	18.1656
HES7	NA	396	1682	9.53751
HESX1	NA	38	1173	1.31236
HEXA	NA	2597	2437	43.17
HEXA-AS1	NA	13	2676	0.196799
HEXB	NA	5557	2437	92.3742
HEXDC	NA	410	2222	7.4749
HEXIM1	NA	3515	4785	29.7584
HEXIM2	NA	322	2701	4.82944
HEY1	NA	4	2578	0.0628554
HEY2	NA	0	2672	0
HEYL	NA	25	4114	0.246174
HFE	NA	30	2222	0.546944
HFE2	NA	17	2215	0.310915
HFM1	NA	38	4931	0.312187
HGC6.3	NA	4	1016	0.15949
HGD	NA	0	2010	0
HGF	NA	0	4284	0
HGFAC	NA	0	2134	0
HGH1	NA	2422	5062	19.3829
HGS	NA	2832	2972	38.602
HGSNAT	NA	948	5214	7.36552
HHAT	NA	422	3962	4.31483
HHATL	NA	8	1999	0.162122
HHEX	NA	63	1759	1.45091
HHIP	NA	2	3555	0.0227906
HHIP-AS1	NA	2	1132	0.071573
HHIPL1	NA	0	3905	0
HHIPL2	NA	7	2574	0.110168
HHLA1	NA	0	4105	0
HHLA2	NA	0	2912	0
HHLA3	NA	152	951	6.47484
HIAT1	NA	1084	2637	16.6527
HIATL1	NA	1638	3298	20.1201
HIATL2	NA	156	786	8.04022
HIBADH	NA	1133	1998	22.9721
HIBCH	NA	735	1939	15.3559
HIC1	NA	1521	3194	19.2912
HIC2	NA	1126	6796	6.71198
HID1	NA	204	3342	2.4728
HID1-AS1	NA	0	830	0
HIF1A	NA	2008	4395	18.5085
HIF1A-AS1	NA	35	652	2.17463
HIF1A-AS2	NA	1059	2051	20.9168
HIF1AN	NA	1680	6912	9.84626
HIF3A	NA	0	6394	0
HIGD1A	NA	5091	3055	67.5084
HIGD1B	NA	17	709	0.971334
HIGD1C	NA	0	294	0
HIGD2A	NA	2053	611	136.117
HIGD2B	NA	3	1117	0.108801
HILPDA	NA	388	1412	11.1317
HILS1	NA	1	1049	0.0386181
HINFP	NA	658	2417	11.0285
HINT1	NA	6404	1068	242.91
HINT2	NA	996	652	61.8839
HINT3	NA	517	3379	6.19824
HIP1	NA	1516	8040	7.63852
HIP1R	NA	404	5504	2.97351
HIPK1	NA	1012	8502	4.82198
HIPK1-AS1	NA	4	2281	0.0710396
HIPK2	NA	74	15225	0.196898
HIPK3	NA	801	8113	3.9996
HIPK4	NA	12	2486	0.195545
HIRA	NA	1721	4013	17.3731
HIRIP3	NA	423	3048	5.62201
HIST1H1A	NA	0	781	0
HIST1H1B	NA	2	790	0.102558
HIST1H1C	NA	576	732	31.877
HIST1H1D	NA	7	777	0.364958
HIST1H1E	NA	7	785	0.361239
HIST1H1T	NA	2	725	0.111753
HIST1H2AA	NA	0	500	0
HIST1H2AB	NA	3	477	0.254782
HIST1H2AC	NA	71	546	5.26783
HIST1H2AD	NA	49	510	3.89217
HIST1H2AE	NA	61	564	4.38144
HIST1H2AG	NA	26	498	2.115
HIST1H2AH	NA	6	481	0.505326
HIST1H2AI	NA	1	469	0.086376
HIST1H2AJ	NA	1	439	0.0922787
HIST1H2AK	NA	6	460	0.528396
HIST1H2AL	NA	5	470	0.430961
HIST1H2AM	NA	35	487	2.91142
HIST1H2APS1	NA	0	429	0
HIST1H2BA	NA	0	437	0
HIST1H2BB	NA	1	431	0.0939915
HIST1H2BC	NA	29	438	2.68219
HIST1H2BD	NA	162	861	7.62215
HIST1H2BE	NA	45	435	4.19072
HIST1H2BF	NA	1	430	0.0942101
HIST1H2BG	NA	26	445	2.3669
HIST1H2BH	NA	25	425	2.38296
HIST1H2BI	NA	0	437	0
HIST1H2BJ	NA	59	481	4.96904
HIST1H2BK	NA	4409	839	212.884
HIST1H2BL	NA	1	453	0.0894268
HIST1H2BM	NA	0	446	0
HIST1H2BN	NA	33	449	2.97737
HIST1H2BO	NA	68	467	5.89872
HIST1H3A	NA	3	469	0.259128
HIST1H3B	NA	7	472	0.600789
HIST1H3C	NA	7	459	0.617805
HIST1H3D	NA	113	921	4.97032
HIST1H3E	NA	18	462	1.57832
HIST1H3F	NA	1	466	0.0869321
HIST1H3G	NA	18	467	1.56143
HIST1H3H	NA	32	473	2.74066
HIST1H3I	NA	0	477	0
HIST1H3J	NA	1	478	0.0847497
HIST1H4A	NA	0	372	0
HIST1H4B	NA	2	357	0.226949
HIST1H4C	NA	0	390	0
HIST1H4D	NA	2	367	0.220765
HIST1H4E	NA	4	377	0.429818
HIST1H4F	NA	0	368	0
HIST1H4G	NA	0	367	0
HIST1H4H	NA	16	374	1.73306
HIST1H4I	NA	9	370	0.985387
HIST1H4J	NA	25	356	2.84483
HIST1H4K	NA	25	354	2.8609
HIST1H4L	NA	0	364	0
HIST2H2AA3	NA	777	534	58.9448
HIST2H2AA4	NA	777	534	58.9448
HIST2H2AB	NA	1	448	0.0904249
HIST2H2AC	NA	226	437	20.9504
HIST2H2BA	NA	14	515	1.10125
HIST2H2BC	NA	188	582	13.0858
HIST2H2BE	NA	245	2223	4.4647
HIST2H2BF	NA	23	1067	0.873231
HIST2H3A	NA	19	507	1.51814
HIST2H3C	NA	19	507	1.51814
HIST2H3D	NA	11	457	0.975085
HIST2H4A	NA	58	396	5.93333
HIST2H4B	NA	58	396	5.93333
HIST3H2A	NA	159	496	12.9862
HIST3H2BB	NA	8	452	0.716997
HIST3H3	NA	0	481	0
HIST4H4	NA	3	412	0.294978
HIVEP1	NA	1292	8874	5.89806
HIVEP2	NA	104	9724	0.433266
HIVEP3	NA	29	14115	0.0832306
HJURP	NA	1695	3189	21.5318
HK1	NA	1615	4288	15.2575
HK2	NA	1476	7093	8.4299
HK3	NA	1	3068	0.0132042
HKDC1	NA	218	3689	2.39394
HKR1	NA	566	2929	7.82822
HLA-A	NA	883	11575	3.09033
HLA-B	NA	986	9432	4.23486
HLA-C	NA	734	10757	2.76421
HLA-DMA	NA	93	8997	0.418746
HLA-DMB	NA	56	11140	0.203643
HLA-DOA	NA	259	24387	0.430236
HLA-DOB	NA	445	8232	2.18988
HLA-DPA1	NA	16	14229	0.0455524
HLA-DPB1	NA	15	32188	0.0188783
HLA-DPB2	NA	2	5194	0.0155989
HLA-DQA1	NA	0	1542	0
HLA-DQA2	NA	34	9214	0.149485
HLA-DQB1	NA	0	4940	0
HLA-DQB2	NA	311	9677	1.30192
HLA-DRA	NA	8	8968	0.0361377
HLA-DRB1	NA	10	6373	0.0635656
HLA-DRB3	NA	8	1158	0.279864
HLA-DRB4	NA	3	2378	0.0511064
HLA-DRB5	NA	2	1168	0.069367
HLA-DRB6	NA	0	1568	0
HLA-E	NA	2803	17576	6.46054
HLA-F	NA	0	8305	0
HLA-F-AS1	NA	18	9078	0.0803245
HLA-G	NA	0	7910	0
HLA-H	NA	113	9491	0.482317
HLA-J	NA	20	11964	0.0677204
HLA-L	NA	51	24587	0.0840292
HLCS	NA	833	7368	4.57996
HLF	NA	14	5599	0.101294
HLTF	NA	1800	5351	13.6271
HLTF-AS1	NA	10	415	0.976153
HLX	NA	4	2278	0.0711332
HLX-AS1	NA	1	563	0.0719544
HM13	NA	2876	3489	33.3929
HM13-AS1	NA	3	489	0.24853
HMBOX1	NA	127	3518	1.46243
HMBS	NA	661	1692	15.8258
HMCES	NA	741	1858	16.1562
HMCN1	NA	2767	18212	6.15485
HMCN2	NA	9	13997	0.0260479
HMG20A	NA	1361	4136	13.3304
HMG20B	NA	1825	1584	46.6738
HMGA1	NA	73857	2400	1246.65
HMGA1P7	NA	4	2189	0.0740253
HMGA2	NA	16775	5124	132.623
HMGB1	NA	12822	3426	151.612
HMGB2	NA	5034	1653	123.369
HMGB3	NA	1902	3915	19.6809
HMGB3P1	NA	1	888	0.0456197
HMGB4	NA	0	2343	0
HMGCL	NA	919	1608	23.1524
HMGCLL1	NA	0	4630	0
HMGCR	NA	8708	4582	76.9891
HMGCS1	NA	2740	5450	20.3667
HMGCS2	NA	0	2466	0
HMGN1	NA	8462	1304	262.882
HMGN2	NA	7811	1969	160.704
HMGN2P46	NA	760	1927	15.9771
HMGN3	NA	2772	1470	76.3909
HMGN3-AS1	NA	95	2993	1.28583
HMGN4	NA	2871	1968	59.0982
HMGN5	NA	77	2126	1.46721
HMGXB3	NA	2449	5406	18.3518
HMGXB4	NA	687	4251	6.54684
HMHA1	NA	2090	7078	11.9619
HMHB1	NA	0	384	0
HMMR	NA	1008	3143	12.9922
HMMR-AS1	NA	140	1269	4.46923
HMOX1	NA	2644	1590	67.3644
HMOX2	NA	1544	2817	22.2037
HMP19	NA	7	2452	0.115649
HMSD	NA	0	625	0
HMX1	NA	80	2145	1.51088
HMX2	NA	1	1628	0.0248835
HMX3	NA	0	1074	0
HN1	NA	3772	3084	49.5477
HN1L	NA	5128	3683	56.4043
HNCAT21	NA	3	1219	0.0996973
HNF1A	NA	65	3437	0.766125
HNF1A-AS1	NA	2	2455	0.0330023
HNF1B	NA	1	2809	0.0144216
HNF4A	NA	2	5470	0.0148118
HNF4A-AS1	NA	0	648	0
HNF4G	NA	0	4093	0
HNMT	NA	0	4178	0
HNRNPA0	NA	10574	2967	144.374
HNRNPA1	NA	32011	1925	673.65
HNRNPA1L2	NA	19057	2365	326.429
HNRNPA1P10	NA	26306	1356	785.889
HNRNPA1P33	NA	856	542	63.9794
HNRNPA2B1	NA	32830	3702	359.253
HNRNPA3	NA	10980	5808	76.5846
HNRNPA3P1	NA	555	3006	7.47945
HNRNPAB	NA	8324	1816	185.687
HNRNPC	NA	25782	3251	321.267
HNRNPCL1	NA	590	1170	20.4283
HNRNPCL2	NA	74	1156	2.59322
HNRNPCL3	NA	589	1006	23.7183
HNRNPCL4	NA	585	928	25.5372
HNRNPD	NA	13125	2257	235.577
HNRNPDL	NA	9046	4245	86.3266
HNRNPF	NA	13109	3369	157.628
HNRNPH1	NA	11213	2290	198.359
HNRNPH2	NA	2630	2392	44.541
HNRNPH3	NA	4331	2412	72.7406
HNRNPK	NA	21936	3095	287.119
HNRNPKP3	NA	12	1882	0.258302
HNRNPL	NA	9480	2159	177.878
HNRNPLL	NA	1155	3035	15.4166
HNRNPM	NA	10795	2636	165.899
HNRNPR	NA	7050	7840	36.4283
HNRNPU	NA	26292	6846	155.58
HNRNPU-AS1	NA	762	5045	6.11871
HNRNPUL1	NA	6235	3987	63.3514
HNRNPUL2	NA	7132	5147	56.1336
HNRNPUL2-BSCL2	NA	7453	4014	75.2176
HOGA1	NA	27	2482	0.440685
HOMER1	NA	345	4312	3.2412
HOMER2	NA	729	1992	14.8253
HOMER3	NA	1372	2649	20.9816
HOMEZ	NA	1000	3741	10.8287
HOOK1	NA	1	5857	0.00691657
HOOK2	NA	614	2610	9.53002
HOOK3	NA	610	14440	1.71131
HOPX	NA	0	1896	0
HORMAD1	NA	2	1898	0.0426874
HORMAD2	NA	5	1895	0.106887
HORMAD2-AS1	NA	6	1152	0.210991
HOTAIR	NA	138	2579	2.16767
HOTAIRM1	NA	146	1044	5.66524
HOTS	NA	207	3887	2.15736
HOTTIP	NA	0	4665	0
HOXA-AS2	NA	9	1048	0.347894
HOXA-AS3	NA	426	4168	4.14045
HOXA1	NA	183	2547	2.91064
HOXA10	NA	242	3187	3.07609
HOXA10-AS	NA	230	1161	8.0253
HOXA10-HOXA9	NA	781	2110	14.9946
HOXA11	NA	81	2653	1.23684
HOXA11-AS	NA	52	1549	1.35993
HOXA13	NA	1	2514	0.0161139
HOXA2	NA	6	1778	0.136705
HOXA3	NA	61	3476	0.710912
HOXA4	NA	16	1728	0.375096
HOXA5	NA	58	1657	1.41798
HOXA6	NA	4	802	0.202047
HOXA7	NA	488	2015	9.81094
HOXA9	NA	888	2057	17.4882
HOXB-AS1	NA	44	797	2.23646
HOXB-AS3	NA	2	1412	0.0573801
HOXB1	NA	0	1014	0
HOXB13	NA	1564	3036	20.869
HOXB2	NA	339	1602	8.57241
HOXB3	NA	115	3618	1.28764
HOXB4	NA	91	2033	1.8133
HOXB5	NA	19	1821	0.422678
HOXB6	NA	12	1676	0.29005
HOXB7	NA	79	1366	2.34284
HOXB8	NA	13	1823	0.288883
HOXB9	NA	80	2700	1.20031
HOXC-AS1	NA	35	548	2.58734
HOXC-AS2	NA	21	504	1.68793
HOXC-AS3	NA	47	368	5.17387
HOXC10	NA	1626	1959	33.6242
HOXC11	NA	369	2037	7.3384
HOXC12	NA	0	849	0
HOXC13	NA	991	2396	16.7553
HOXC13-AS	NA	137	1408	3.9417
HOXC4	NA	182	2346	3.14275
HOXC5	NA	56	2175	1.04302
HOXC6	NA	675	2244	12.1856
HOXC8	NA	328	2288	5.80743
HOXC9	NA	452	1541	11.8823
HOXD-AS2	NA	29	692	1.69769
HOXD1	NA	3	1975	0.0615347
HOXD10	NA	1	1804	0.0224558
HOXD11	NA	1	1463	0.0276899
HOXD12	NA	0	813	0
HOXD13	NA	1	2327	0.0174088
HOXD3	NA	34	2299	0.599109
HOXD4	NA	30	1296	0.937739
HOXD8	NA	60	2629	0.924542
HOXD9	NA	239	1885	5.13632
HP	NA	1	1431	0.0283091
HP09025	NA	0	4192	0
HP09053	NA	184	2018	3.69371
HP1BP3	NA	3806	3921	39.3222
HPCA	NA	59	1406	1.69994
HPCAL1	NA	327	2740	4.83463
HPCAL4	NA	29	4983	0.235762
HPD	NA	2155	1942	44.9535
HPDL	NA	2	1802	0.0449615
HPGD	NA	0	3027	0
HPGDS	NA	0	1615	0
HPN	NA	2	2365	0.0342582
HPN-AS1	NA	0	4617	0
HPR	NA	4	1242	0.130468
HPRT1	NA	1104	1415	31.6067
HPS1	NA	1120	4151	10.9303
HPS3	NA	2330	4129	22.86
HPS4	NA	1100	5634	7.90937
HPS5	NA	788	4880	6.54142
HPS6	NA	972	2672	14.7365
HPSE	NA	64	4720	0.549293
HPSE2	NA	0	4419	0
HPVC1	NA	0	1198	0
HPX	NA	16	1623	0.399363
HPYR1	NA	0	982	0
HR	NA	8	5516	0.0587532
HRAS	NA	1448	1234	47.5356
HRASLS	NA	1	1063	0.0381094
HRASLS2	NA	0	742	0
HRASLS5	NA	1	3113	0.0130133
HRAT13	NA	0	2409	0
HRAT17	NA	0	707	0
HRAT5	NA	0	832	0
HRAT56	NA	0	3193	0
HRAT92	NA	10	3506	0.115546
HRC	NA	41	2384	0.696696
HRCT1	NA	0	950	0
HRG	NA	1	2003	0.0202248
HRH1	NA	1	4818	0.00840812
HRH2	NA	1	4048	0.0100075
HRH3	NA	20	2680	0.302316
HRH4	NA	0	3668	0
HRK	NA	48	1839	1.05737
HRNR	NA	0	9632	0
HRSP12	NA	1267	1011	50.7681
HS1BP3	NA	861	2403	14.5149
HS1BP3-IT1	NA	23	600	1.5529
HS2ST1	NA	1116	7265	6.22292
HS3ST1	NA	0	1965	0
HS3ST2	NA	0	1952	0
HS3ST3A1	NA	1	4199	0.00964762
HS3ST3B1	NA	14	5400	0.105027
HS3ST4	NA	1	3203	0.0126476
HS3ST5	NA	0	2744	0
HS3ST6	NA	7	1155	0.245517
HS6ST1	NA	944	3952	9.67656
HS6ST2	NA	4501	4567	39.9249
HS6ST2-AS1	NA	1	549	0.0737893
HS6ST3	NA	2	7804	0.0103819
HSBP1	NA	8898	1989	181.227
HSBP1L1	NA	310	750	16.7443
HSCB	NA	464	1088	17.2765
HSD11B1	NA	0	1566	0
HSD11B1L	NA	185	2122	3.53177
HSD11B2	NA	2	1882	0.0430503
HSD17B1	NA	827	2231	15.0166
HSD17B10	NA	4183	963	175.965
HSD17B11	NA	587	1887	12.6018
HSD17B12	NA	2133	2545	33.9523
HSD17B13	NA	2	2397	0.0338009
HSD17B14	NA	1293	1237	42.3443
HSD17B2	NA	7	1434	0.197749
HSD17B3	NA	15	1134	0.535851
HSD17B4	NA	1038	2938	14.3124
HSD17B6	NA	15	1618	0.375559
HSD17B7	NA	243	1749	5.62837
HSD17B7P2	NA	112	1401	3.23851
HSD17B8	NA	51	5970	0.346068
HSD3B1	NA	0	1680	0
HSD3B2	NA	0	1870	0
HSD3B7	NA	315	2378	5.36617
HSD3BP4	NA	1	8697	0.00465797
HSD52	NA	0	1043	0
HSDL1	NA	833	3668	9.19987
HSDL2	NA	1741	3373	20.9097
HSF1	NA	1927	2152	36.2748
HSF2	NA	769	2885	10.7981
HSF2BP	NA	97	1899	2.06925
HSF4	NA	401	2618	6.20498
HSF5	NA	1	4111	0.00985413
HSFX1	NA	5	1955	0.103607
HSFX2	NA	5	1962	0.103237
HSFY1	NA	0	2293	0
HSFY1P1	NA	0	1381	0
HSFY2	NA	0	2309	0
HSH2D	NA	87	3074	1.14652
HSP90AA1	NA	35661	4074	354.6
HSP90AB1	NA	58153	2895	813.747
HSP90AB4P	NA	23	3135	0.297205
HSP90B1	NA	14362	2862	203.288
HSP90B2P	NA	1056	2752	15.5447
HSPA12A	NA	21	5722	0.148675
HSPA12B	NA	11	3148	0.141555
HSPA13	NA	890	3986	9.04521
HSPA14	NA	1762	6250	11.4207
HSPA1A	NA	1664	12145	5.55037
HSPA1B	NA	2242	12601	7.2077
HSPA1L	NA	115	12685	0.36726
HSPA2	NA	3	2769	0.0438899
HSPA4	NA	9590	3385	114.769
HSPA4L	NA	581	3270	7.19771
HSPA5	NA	19553	3970	199.521
HSPA6	NA	26	2358	0.446679
HSPA7	NA	7	2493	0.113747
HSPA8	NA	58960	2460	970.931
HSPA9	NA	22485	3506	259.805
HSPB1	NA	15342	897	692.876
HSPB11	NA	1143	601	77.0438
HSPB2	NA	3790	841	182.561
HSPB2-C11orf52	NA	446	1527	11.8321
HSPB3	NA	0	784	0
HSPB6	NA	23	1460	0.638177
HSPB7	NA	32	2892	0.448247
HSPB8	NA	7	2002	0.141645
HSPB9	NA	2	616	0.131527
HSPBAP1	NA	275	1954	5.7013
HSPBP1	NA	1374	2064	26.9676
HSPD1	NA	28041	2436	466.318
HSPE1	NA	4919	953	209.098
HSPE1-MOB4	NA	3169	4279	30.0017
HSPG2	NA	2136	14343	6.03291
HSPH1	NA	5049	5727	35.7145
HTATIP2	NA	0	2233	0
HTATSF1	NA	2121	3133	27.425
HTATSF1P2	NA	281	4616	2.46608
HTN1	NA	0	570	0
HTN3	NA	0	578	0
HTR1A	NA	0	2245	0
HTR1B	NA	0	1173	0
HTR1D	NA	13	2835	0.185762
HTR1E	NA	0	2048	0
HTR1F	NA	2	3178	0.0254942
HTR2A	NA	1	5442	0.00744402
HTR2A-AS1	NA	0	441	0
HTR2B	NA	118	2232	2.14168
HTR2C	NA	0	4842	0
HTR3A	NA	0	2410	0
HTR3B	NA	0	1888	0
HTR3C	NA	1	1699	0.0238436
HTR3D	NA	1	2068	0.0195891
HTR3E	NA	0	2523	0
HTR4	NA	0	4207	0
HTR5A	NA	0	4555	0
HTR5A-AS1	NA	0	2701	0
HTR6	NA	2046	3388	24.464
HTR7	NA	2	3351	0.0241781
HTR7P1	NA	1689	4389	15.5894
HTRA1	NA	101	2120	1.92997
HTRA2	NA	1142	2550	18.1423
HTRA3	NA	1	3382	0.0119782
HTRA4	NA	0	2110	0
HTT	NA	2602	13646	7.72445
HTT-AS	NA	2	740	0.109487
HULC	NA	1	485	0.0835265
HUNK	NA	9	7385	0.0493694
HUS1	NA	527	3075	6.94275
HUS1B	NA	15	1026	0.592256
HUWE1	NA	6375	14741	17.5194
HVCN1	NA	12	1814	0.267985
HYAL1	NA	338	2950	4.64152
HYAL2	NA	1932	2413	32.4351
HYAL3	NA	165	1987	3.36397
HYAL4	NA	0	2406	0
HYALP1	NA	0	983	0
HYDIN	NA	1	16506	0.00245428
HYDIN2	NA	0	8867	0
HYI	NA	475	1367	14.0764
HYKK	NA	54	1309	1.67117
HYLS1	NA	112	2518	1.80189
HYMAI	NA	14	3815	0.148662
HYOU1	NA	5390	4643	47.0279
HYPK	NA	893	1333	27.1386
HYPM	NA	0	501	0
IAH1	NA	1	906	0.0447134
IAPP	NA	0	1976	0
IARS	NA	6501	4711	55.9027
IARS2	NA	2621	3549	29.9176
IBA57	NA	318	7904	1.62984
IBA57-AS1	NA	3	641	0.189596
IBSP	NA	3	1591	0.0763866
IBTK	NA	4912	6050	32.8904
ICA1	NA	786	2683	11.8677
ICA1L	NA	441	8958	1.99431
ICAM1	NA	2115	3246	26.3954
ICAM2	NA	8	1523	0.212792
ICAM3	NA	344	1780	7.82896
ICAM4	NA	90	1489	2.44858
ICAM5	NA	759	3002	10.2423
ICE1	NA	1692	7948	8.62399
ICE2	NA	1011	9732	4.20838
ICK	NA	228	6238	1.48066
ICMT	NA	2802	4815	23.5742
ICOS	NA	0	2643	0
ICOSLG	NA	249	3387	2.97817
ICT1	NA	758	900	34.1187
ID1	NA	5998	1232	197.225
ID2	NA	2044	1364	60.7061
ID2-AS1	NA	11	1573	0.283289
ID3	NA	18364	1239	600.429
ID4	NA	1673	3876	17.4855
IDE	NA	1862	5986	12.6011
IDH1	NA	11378	2781	165.741
IDH1-AS1	NA	20	491	1.65012
IDH2	NA	682	1856	14.8858
IDH3A	NA	1374	2665	20.886
IDH3B	NA	3732	1843	82.0318
IDH3G	NA	1515	1723	35.6199
IDI1	NA	2695	2136	51.1121
IDI2	NA	238	1359	7.09453
IDI2-AS1	NA	128	1305	3.97343
IDNK	NA	37	1814	0.826286
IDO1	NA	0	1931	0
IDO2	NA	0	2294	0
IDS	NA	1863	6165	12.2418
IDUA	NA	351	2218	6.41079
IER2	NA	4869	2046	96.4051
IER3	NA	11256	6930	65.7986
IER3IP1	NA	1524	1504	41.049
IER5	NA	2144	2342	37.0855
IER5L	NA	2805	2710	41.9304
IFFO1	NA	503	2831	7.1977
IFFO2	NA	1330	5835	9.23372
IFI16	NA	6	2902	0.0837567
IFI27	NA	9	819	0.445169
IFI27L1	NA	205	715	11.6149
IFI27L2	NA	1187	467	102.967
IFI30	NA	1556	1028	61.3172
IFI35	NA	289	1250	9.36599
IFI44	NA	0	1726	0
IFI44L	NA	1	5895	0.00687198
IFI6	NA	366	860	17.2404
IFIH1	NA	2	3600	0.0225057
IFIT1	NA	12	4728	0.102818
IFIT1B	NA	0	1972	0
IFIT2	NA	1	3495	0.0115909
IFIT3	NA	2	2839	0.0285385
IFIT5	NA	7	4034	0.0702956
IFITM1	NA	1427	717	80.6252
IFITM10	NA	49	3709	0.535186
IFITM2	NA	969	730	53.7733
IFITM3	NA	4432	668	268.775
IFITM4P	NA	0	1741	0
IFITM5	NA	0	735	0
IFNA1	NA	0	863	0
IFNA10	NA	0	963	0
IFNA13	NA	0	705	0
IFNA14	NA	0	778	0
IFNA16	NA	0	939	0
IFNA17	NA	0	980	0
IFNA2	NA	0	1143	0
IFNA21	NA	0	1024	0
IFNA22P	NA	0	876	0
IFNA4	NA	0	981	0
IFNA5	NA	1	700	0.0578719
IFNA6	NA	0	570	0
IFNA7	NA	0	737	0
IFNA8	NA	0	1039	0
IFNAR1	NA	875	6094	5.81663
IFNAR2	NA	153	3163	1.95956
IFNB1	NA	0	840	0
IFNE	NA	0	1474	0
IFNG	NA	0	1210	0
IFNG-AS1	NA	0	1909	0
IFNGR1	NA	410	2120	7.83455
IFNGR2	NA	1521	2221	27.7426
IFNK	NA	0	1140	0
IFNL1	NA	1	856	0.0473252
IFNL2	NA	0	734	0
IFNL3	NA	0	595	0
IFNL4	NA	0	1637	0
IFNLR1	NA	116	4563	1.02985
IFNW1	NA	0	1514	0
IFRD1	NA	1023	4138	10.015
IFRD2	NA	2456	2109	47.1756
IFT122	NA	382	4570	3.3862
IFT140	NA	785	5268	6.03656
IFT172	NA	189	5467	1.40049
IFT20	NA	908	1233	29.8324
IFT22	NA	1173	2543	18.686
IFT27	NA	797	1415	22.8175
IFT43	NA	331	1856	7.22463
IFT46	NA	216	1875	4.66679
IFT52	NA	724	2001	14.6574
IFT57	NA	1085	3203	13.7227
IFT74	NA	755	2772	11.0337
IFT74-AS1	NA	1	417	0.0971471
IFT80	NA	664	4792	5.61329
IFT81	NA	636	3723	6.92038
IFT88	NA	278	3160	3.56388
IGBP1	NA	1097	1660	26.771
IGBP1P1	NA	125	575	8.80659
IGDCC3	NA	528	4479	4.7755
IGDCC4	NA	205	6485	1.28059
IGF1	NA	1	7814	0.00518433
IGF1R	NA	2280	12235	7.54913
IGF2	NA	14	6420	0.0883403
IGF2-AS	NA	1	2842	0.0142542
IGF2BP1	NA	6249	8769	28.8686
IGF2BP2	NA	3028	3809	32.2041
IGF2BP2-AS1	NA	2	1531	0.0529201
IGF2BP3	NA	2283	4159	22.2373
IGF2R	NA	2738	9091	12.2008
IGFALS	NA	9	2270	0.160614
IGFBP1	NA	0	1650	0
IGFBP2	NA	17	1429	0.481928
IGFBP3	NA	160	2631	2.46357
IGFBP4	NA	1096	2236	19.8566
IGFBP5	NA	28	6239	0.181806
IGFBP6	NA	251	966	10.526
IGFBP7	NA	138	1317	4.24482
IGFBP7-AS1	NA	1	1389	0.0291651
IGFBPL1	NA	69	3559	0.785393
IGFL1	NA	0	769	0
IGFL2	NA	20	955	0.848384
IGFL3	NA	73	662	4.46715
IGFL4	NA	3	573	0.212096
IGFLR1	NA	47	1196	1.59196
IGFN1	NA	4916	11810	16.8627
IGHMBP2	NA	703	3954	7.20252
IGIP	NA	25	2871	0.352755
IGLL1	NA	1	900	0.0450115
IGLL3P	NA	3	675	0.180046
IGLL5	NA	0	1058	0
IGLON5	NA	47	3100	0.614189
IGSF1	NA	8	5649	0.0573699
IGSF10	NA	1	8787	0.00461026
IGSF11	NA	0	3861	0
IGSF11-AS1	NA	0	1601	0
IGSF21	NA	0	1944	0
IGSF22	NA	1	4334	0.0093471
IGSF23	NA	5	989	0.204805
IGSF3	NA	170	7327	0.939915
IGSF5	NA	2	2066	0.0392162
IGSF6	NA	0	1044	0
IGSF8	NA	429	2334	7.44599
IGSF9	NA	3	4044	0.0300522
IGSF9B	NA	89	4758	0.75776
IHH	NA	2	2072	0.0391026
IK	NA	1842	1935	38.5633
IKBIP	NA	1881	4099	18.5899
IKBKAP	NA	1499	6114	9.93212
IKBKB	NA	503	4187	4.86666
IKBKE	NA	196	3474	2.28556
IKBKG	NA	486	2711	7.26227
IKZF1	NA	0	8317	0
IKZF2	NA	10	9657	0.0419492
IKZF3	NA	35	10008	0.141673
IKZF4	NA	106	5451	0.787763
IKZF5	NA	328	4809	2.76303
IL10	NA	0	1629	0
IL10RA	NA	0	3787	0
IL10RB	NA	324	1961	6.69319
IL10RB-AS1	NA	12	469	1.03651
IL11	NA	353	2378	6.01352
IL11RA	NA	92	1824	2.04328
IL12A	NA	40	1443	1.12295
IL12A-AS1	NA	0	2424	0
IL12B	NA	1	2347	0.0172605
IL12RB1	NA	2	3616	0.0224062
IL12RB2	NA	7	4221	0.0671813
IL13	NA	1	1282	0.0315993
IL13RA1	NA	807	4006	8.16072
IL13RA2	NA	25	1373	0.737624
IL15	NA	4	2811	0.0576454
IL15RA	NA	13	2211	0.238188
IL16	NA	6	8340	0.0291441
IL17A	NA	0	1859	0
IL17B	NA	4	695	0.233153
IL17C	NA	1	1045	0.0387659
IL17D	NA	115	1861	2.50333
IL17F	NA	1	808	0.0501366
IL17RA	NA	685	8608	3.2237
IL17RB	NA	89	2040	1.76736
IL17RC	NA	131	2857	1.85749
IL17RD	NA	4625	8720	21.4863
IL17RE	NA	126	2929	1.74268
IL17REL	NA	2	3635	0.022289
IL18	NA	2	1147	0.070637
IL18BP	NA	123	2904	1.71583
IL18R1	NA	0	3718	0
IL18RAP	NA	0	2671	0
IL19	NA	0	1969	0
IL1A	NA	4	2928	0.055342
IL1B	NA	0	1498	0
IL1F10	NA	0	1413	0
IL1R1	NA	1	5311	0.00762763
IL1R2	NA	0	1699	0
IL1RAP	NA	1	7043	0.00575186
IL1RAPL1	NA	0	2679	0
IL1RAPL2	NA	2	2985	0.0271426
IL1RL1	NA	0	5001	0
IL1RL2	NA	0	1964	0
IL1RN	NA	2	2113	0.0383439
IL2	NA	0	798	0
IL20	NA	0	1234	0
IL20RA	NA	0	3922	0
IL20RB	NA	61	2046	1.20779
IL21	NA	0	707	0
IL21-AS1	NA	0	3748	0
IL21R	NA	11	5094	0.0874782
IL21R-AS1	NA	9	2614	0.139477
IL22	NA	0	1147	0
IL22RA1	NA	6	2962	0.0820601
IL22RA2	NA	0	2897	0
IL23A	NA	1641	1042	63.7979
IL23R	NA	4	2814	0.057584
IL24	NA	0	1979	0
IL25	NA	0	1367	0
IL26	NA	0	1047	0
IL27	NA	4	1044	0.155212
IL27RA	NA	1047	2659	15.9512
IL2RA	NA	1	3216	0.0125965
IL2RB	NA	2	4043	0.0200397
IL2RG	NA	5	1534	0.132042
IL3	NA	0	924	0
IL31	NA	1	904	0.0448123
IL31RA	NA	0	4400	0
IL32	NA	121	1483	3.30529
IL33	NA	0	2706	0
IL34	NA	70	1917	1.47925
IL36A	NA	0	477	0
IL36B	NA	0	1869	0
IL36G	NA	0	1212	0
IL36RN	NA	1	2801	0.0144628
IL37	NA	4	838	0.193367
IL3RA	NA	23	3420	0.272438
IL4	NA	0	618	0
IL4I1	NA	869	2496	14.104
IL4R	NA	563	3933	5.79896
IL5	NA	0	816	0
IL5RA	NA	0	6306	0
IL6	NA	2	1184	0.0684296
IL6R	NA	584	6565	3.60366
IL6ST	NA	582	9101	2.5906
IL7	NA	1	2076	0.0195136
IL7R	NA	0	4600	0
IL9	NA	0	591	0
IL9R	NA	17	4556	0.151158
ILDR1	NA	0	2888	0
ILDR2	NA	16	8127	0.0797546
ILF2	NA	12334	1906	262.148
ILF3	NA	12332	7473	66.8505
ILF3-AS1	NA	707	2011	14.2421
ILK	NA	1792	2186	33.2088
ILKAP	NA	1176	1443	33.0147
ILVBL	NA	733	2331	12.7388
IMMP1L	NA	246	804	12.395
IMMP2L	NA	290	1577	7.44959
IMMT	NA	5656	3001	76.35
IMP3	NA	3025	1239	98.9054
IMP4	NA	1282	1049	49.5083
IMPA1	NA	677	3597	7.62455
IMPA2	NA	407	1537	10.7272
IMPACT	NA	1211	3758	13.0543
IMPAD1	NA	1693	7230	9.48603
IMPDH1	NA	1524	2735	22.5732
IMPDH2	NA	5304	1691	127.065
IMPG1	NA	0	3559	0
IMPG2	NA	10	8352	0.0485038
INA	NA	6321	3231	79.2528
INADL	NA	145	8504	0.690734
INAFM1	NA	730	936	31.5946
INAFM2	NA	4361	2660	66.4156
INCA1	NA	45	1553	1.17383
INCENP	NA	1121	4146	10.9532
INE1	NA	16	1008	0.643021
INE2	NA	19	1874	0.410724
INF2	NA	1657	5569	12.0534
ING1	NA	1098	4221	10.5379
ING2	NA	435	2702	6.52183
ING3	NA	169	3025	2.26322
ING4	NA	431	1448	12.058
ING5	NA	1004	5198	7.82462
INGX	NA	1	769	0.0526792
INHA	NA	12	1431	0.339709
INHBA	NA	0	2175	0
INHBA-AS1	NA	0	4527	0
INHBB	NA	2	3203	0.0252952
INHBC	NA	4	3301	0.0490886
INHBE	NA	68	2437	1.13037
INIP	NA	220	1519	5.8672
INMT	NA	4	2559	0.0633221
INMT-FAM188B	NA	163	3185	2.07321
INO80	NA	1132	6330	7.2445
INO80B	NA	563	1261	18.0867
INO80B-WBP1	NA	1638	2112	31.4185
INO80C	NA	458	1232	15.0598
INO80D	NA	457	14136	1.30965
INO80E	NA	1348	1477	36.9722
INPP1	NA	428	2163	8.01591
INPP4A	NA	551	6998	3.18965
INPP4B	NA	1426	4123	14.0111
INPP5A	NA	662	2938	9.12792
INPP5B	NA	558	4573	4.94309
INPP5D	NA	953	5192	7.43574
INPP5E	NA	716	3380	8.58148
INPP5F	NA	228	5388	1.71425
INPP5J	NA	141	3595	1.58886
INPP5K	NA	330	3372	3.96453
INPPL1	NA	2394	4715	20.5688
INS	NA	0	644	0
INS-IGF2	NA	14	5255	0.107925
INSC	NA	0	3234	0
INSIG1	NA	828	3081	10.8869
INSIG2	NA	156	2583	2.44662
INSL3	NA	80	900	3.60092
INSL4	NA	0	615	0
INSL5	NA	2	718	0.112842
INSL6	NA	2	708	0.114436
INSM1	NA	0	2828	0
INSM2	NA	4	3013	0.0537807
INSR	NA	640	9059	2.86197
INSRR	NA	2	4193	0.0193228
INTS1	NA	4635	6974	26.9236
INTS10	NA	1398	2534	22.3494
INTS12	NA	859	1752	19.8621
INTS2	NA	572	6162	3.76045
INTS3	NA	1545	4482	13.9644
INTS4	NA	984	3149	12.6587
INTS4P2	NA	111	1767	2.54479
INTS5	NA	1104	3285	13.6144
INTS6	NA	1010	9290	4.40425
INTS6-AS1	NA	19	787	0.978013
INTS7	NA	722	4571	6.3987
INTS8	NA	684	3563	7.77689
INTS9	NA	844	2796	12.2284
INTU	NA	208	3275	2.57287
INVS	NA	261	3977	2.65859
IP6K1	NA	1825	4993	14.807
IP6K2	NA	3669	3655	40.6655
IP6K3	NA	579	2823	8.30871
IPCEF1	NA	1	6953	0.00582631
IPMK	NA	122	6133	0.805847
IPO11	NA	1433	4633	12.53
IPO11-LRRC70	NA	1194	1818	26.6058
IPO13	NA	839	4027	8.44007
IPO4	NA	4153	3620	46.475
IPO5	NA	6701	6002	45.2282
IPO5P1	NA	663	5510	4.87447
IPO7	NA	7790	6192	50.965
IPO8	NA	1151	5690	8.19462
IPO9	NA	2946	11416	10.4541
IPO9-AS1	NA	74	842	3.56029
IPP	NA	225	3443	2.64735
IPPK	NA	698	4401	6.42495
IPW	NA	533	4498	4.80036
IQCA1	NA	9	3410	0.106919
IQCA1L	NA	1	2604	0.015557
IQCB1	NA	1031	2594	16.1011
IQCC	NA	141	2293	2.49104
IQCD	NA	37	1369	1.09487
IQCE	NA	998	7205	5.61129
IQCF1	NA	2	730	0.110987
IQCF2	NA	0	587	0
IQCF3	NA	0	1301	0
IQCF4	NA	0	967	0
IQCF5	NA	0	512	0
IQCF5-AS1	NA	0	2000	0
IQCF6	NA	0	446	0
IQCG	NA	320	2345	5.52806
IQCH	NA	429	5593	3.10727
IQCH-AS1	NA	449	6682	2.72211
IQCJ	NA	3	2628	0.0462447
IQCJ-SCHIP1	NA	562	2465	9.23603
IQCJ-SCHIP1-AS1	NA	1	597	0.0678565
IQCK	NA	266	3482	3.0947
IQGAP1	NA	5062	7210	28.4415
IQGAP2	NA	1932	6017	13.0075
IQGAP3	NA	603	6052	4.03631
IQSEC1	NA	933	7700	4.90859
IQSEC2	NA	407	6967	2.36654
IQSEC3	NA	1	7394	0.00547881
IQUB	NA	6	3883	0.0625965
IRAIN	NA	77	5356	0.582393
IRAK1	NA	7347	3571	83.3462
IRAK1BP1	NA	125	3448	1.46862
IRAK2	NA	87	3469	1.01597
IRAK3	NA	0	8336	0
IRAK4	NA	181	4341	1.6891
IREB2	NA	1760	6367	11.1981
IRF1	NA	143	3554	1.62999
IRF2	NA	201	2286	3.56193
IRF2BP1	NA	1330	2564	21.0136
IRF2BP2	NA	3724	4663	32.3527
IRF2BPL	NA	2319	4157	22.5989
IRF3	NA	2558	2010	51.5549
IRF4	NA	0	5461	0
IRF5	NA	0	3128	0
IRF6	NA	5	4505	0.0449615
IRF7	NA	80	2138	1.51582
IRF8	NA	0	2661	0
IRF9	NA	171	1678	4.12829
IRG1	NA	0	2090	0
IRGC	NA	1	1606	0.0252244
IRGM	NA	1	1659	0.0244185
IRGQ	NA	1968	9687	8.23003
IRS1	NA	947	8736	4.3914
IRS2	NA	58	6998	0.335753
IRS4	NA	0	3881	0
IRX1	NA	0	1858	0
IRX2	NA	0	3057	0
IRX3	NA	8	2308	0.140417
IRX4	NA	2	2540	0.0318979
IRX5	NA	0	2062	0
IRX6	NA	2	2329	0.0347878
ISCA1	NA	1040	2002	21.0443
ISCA2	NA	553	1088	20.5903
ISCU	NA	2525	2411	42.4258
ISG15	NA	2269	666	138.015
ISG20	NA	308	3884	3.21246
ISG20L2	NA	2748	2723	40.8823
ISL1	NA	44	2717	0.656038
ISL2	NA	56	1880	1.20669
ISLR	NA	12	2385	0.203826
ISLR2	NA	4	5013	0.0323242
ISM1	NA	6	2592	0.0937739
ISM1-AS1	NA	0	1046	0
ISM2	NA	31	2990	0.420007
ISOC1	NA	363	1940	7.58003
ISOC2	NA	2150	1169	74.5058
ISPD	NA	94	5524	0.68935
ISPD-AS1	NA	3	2332	0.0521145
IST1	NA	4970	4249	47.3844
ISX	NA	0	3095	0
ISY1	NA	1297	3844	13.6685
ISY1-RAB43	NA	1546	5068	12.3577
ISYNA1	NA	10953	2728	162.65
ITCH	NA	1382	6524	8.58144
ITFG1	NA	827	3399	9.85644
ITFG1-AS1	NA	41	880	1.88741
ITFG2	NA	340	2826	4.87386
ITFG3	NA	1856	3867	19.4433
ITGA1	NA	0	4796	0
ITGA10	NA	63	5269	0.484371
ITGA11	NA	5	5009	0.0404375
ITGA2	NA	1	7910	0.00512141
ITGA2B	NA	14	3334	0.170109
ITGA3	NA	444	5027	3.578
ITGA4	NA	17	6076	0.113344
ITGA5	NA	2087	4250	19.893
ITGA6	NA	449	5810	3.13066
ITGA7	NA	36	4413	0.330472
ITGA8	NA	1	6965	0.00581627
ITGA9	NA	41	3962	0.419213
ITGA9-AS1	NA	10	874	0.463505
ITGAD	NA	0	3912	0
ITGAE	NA	427	3861	4.48016
ITGAL	NA	3	5209	0.023331
ITGAM	NA	29	4745	0.247587
ITGAV	NA	7829	7210	43.9883
ITGAX	NA	4	4703	0.0344549
ITGB1	NA	17368	4087	172.152
ITGB1BP1	NA	1764	1928	37.0644
ITGB1BP2	NA	18	1282	0.568788
ITGB2	NA	4	3220	0.0503234
ITGB2-AS1	NA	7	2395	0.118402
ITGB3	NA	0	4894	0
ITGB3BP	NA	546	1176	18.8084
ITGB4	NA	3	6078	0.0199952
ITGB5	NA	1169	4380	10.812
ITGB6	NA	30	4687	0.259294
ITGB7	NA	16	2867	0.226078
ITGB8	NA	1	8777	0.00461551
ITGBL1	NA	124	5926	0.847668
ITIH1	NA	0	3256	0
ITIH2	NA	2	3189	0.0254063
ITIH3	NA	1	3037	0.0133389
ITIH4	NA	40	3283	0.493577
ITIH4-AS1	NA	4	395	0.410231
ITIH5	NA	16	7835	0.0827269
ITIH6	NA	0	4968	0
ITK	NA	0	4366	0
ITLN1	NA	1	1182	0.0342727
ITLN2	NA	1	1150	0.0352264
ITM2A	NA	0	1834	0
ITM2B	NA	2153	1896	46.0015
ITM2C	NA	2464	2277	43.8373
ITPA	NA	1446	1412	41.4858
ITPK1	NA	1504	4985	12.2222
ITPK1-AS1	NA	1	4682	0.00865236
ITPKA	NA	136	1849	2.97967
ITPKB	NA	459	6162	3.01757
ITPKB-IT1	NA	0	1347	0
ITPKC	NA	434	3385	5.19394
ITPR1	NA	269	10242	1.06398
ITPR1-AS1	NA	16	1432	0.452629
ITPR2	NA	399	12583	1.28456
ITPR3	NA	2898	9031	12.9996
ITPRIP	NA	444	7185	2.50335
ITPRIPL1	NA	311	2502	5.03546
ITPRIPL2	NA	1287	7699	6.77189
ITSN1	NA	1161	7951	5.91529
ITSN2	NA	320	6738	1.92391
IVD	NA	2160	4665	18.7572
IVL	NA	0	2135	0
IVNS1ABP	NA	17354	4197	167.504
IWS1	NA	3715	3000	50.1653
IYD	NA	0	7575	0
IZUMO1	NA	0	1621	0
IZUMO1R	NA	1	753	0.0537986
IZUMO2	NA	0	814	0
IZUMO3	NA	0	743	0
IZUMO4	NA	30	1015	1.19735
JADE1	NA	1113	8817	5.11376
JADE2	NA	1341	7014	7.74513
JADE3	NA	227	4997	1.84027
JAG1	NA	6	5987	0.0405983
JAG2	NA	2247	5835	15.6001
JAGN1	NA	1461	1658	35.697
JAK1	NA	1425	5053	11.4243
JAK2	NA	171	5285	1.31074
JAK3	NA	408	5434	3.04163
JAKMIP1	NA	1	3435	0.0117934
JAKMIP2	NA	4	9270	0.0174802
JAKMIP2-AS1	NA	0	1920	0
JAKMIP3	NA	19	6488	0.118634
JAM2	NA	25	4670	0.216865
JAM3	NA	1793	3668	19.8024
JARID2	NA	314	6207	2.04934
JARID2-AS1	NA	1	517	0.0783565
JAZF1	NA	8	3199	0.101307
JAZF1-AS1	NA	0	1194	0
JCHAIN	NA	3	1409	0.0862534
JDP2	NA	369	4274	3.4975
JHDM1D-AS1	NA	132	2380	2.24679
JKAMP	NA	700	2972	9.54147
JMJD1C	NA	1198	9347	5.19219
JMJD1C-AS1	NA	37	1334	1.1236
JMJD4	NA	1333	2595	20.8094
JMJD6	NA	1282	5713	9.09054
JMJD7	NA	106	1422	3.01976
JMJD7-PLA2G4B	NA	176	3367	2.11756
JMJD8	NA	1709	2042	33.9041
JMY	NA	469	9129	2.08121
JOSD1	NA	1731	3435	20.4144
JOSD2	NA	380	1041	14.7876
JPH1	NA	0	4373	0
JPH2	NA	16	5941	0.1091
JPH3	NA	821	4658	7.14019
JPH4	NA	3	4404	0.0275956
JPX	NA	62	1670	1.50398
JRK	NA	951	9127	4.22103
JRKL	NA	178	3570	2.01984
JRKL-AS1	NA	0	648	0
JSRP1	NA	3	1145	0.106141
JTB	NA	2401	1574	61.795
JUN	NA	119	3323	1.45072
JUNB	NA	2766	1816	61.7024
JUND	NA	8817	1963	181.956
JUP	NA	2708	3508	31.2719
KAAG1	NA	0	1382	0
KALRN	NA	3	14723	0.0082545
KANK1	NA	14	6696	0.084699
KANK2	NA	2005	5232	15.5243
KANK3	NA	210	2787	3.05245
KANK4	NA	3	5477	0.0221893
KANSL1	NA	1241	11207	4.48589
KANSL1-AS1	NA	18	1044	0.698454
KANSL1L	NA	261	4743	2.22922
KANSL2	NA	1194	2386	20.2721
KANSL3	NA	1517	5544	11.0848
KANTR	NA	23	2423	0.384539
KARS	NA	9929	2193	183.414
KAT2A	NA	1968	3112	25.6184
KAT2B	NA	71	4824	0.596234
KAT5	NA	967	2332	16.7982
KAT6A	NA	1089	9936	4.43999
KAT6B	NA	632	8499	3.01242
KAT7	NA	1581	3646	17.5663
KAT8	NA	464	1823	10.3109
KATNA1	NA	654	1986	13.3403
KATNAL1	NA	337	7669	1.78015
KATNAL2	NA	40	2833	0.571978
KATNB1	NA	1075	2646	16.4583
KATNBL1	NA	790	2740	11.68
KATNBL1P6	NA	241	2156	4.52829
KAZALD1	NA	401	2514	6.46167
KAZN	NA	153	9368	0.661623
KBTBD11	NA	106	6717	0.639288
KBTBD11-OT1	NA	1	781	0.0518698
KBTBD12	NA	1	5268	0.00768989
KBTBD13	NA	0	3123	0
KBTBD2	NA	1057	3710	11.5416
KBTBD3	NA	48	4231	0.459583
KBTBD4	NA	691	2507	11.1658
KBTBD6	NA	878	5228	6.80338
KBTBD7	NA	178	2992	2.41004
KBTBD8	NA	503	4682	4.35214
KC6	NA	0	1712	0
KCCAT198	NA	1	549	0.0737893
KCCAT211	NA	0	2957	0
KCCAT333	NA	3	1379	0.0881298
KCMF1	NA	2317	7553	12.4272
KCNA1	NA	0	7983	0
KCNA10	NA	0	1959	0
KCNA2	NA	1	2820	0.0143654
KCNA3	NA	0	9027	0
KCNA4	NA	0	4179	0
KCNA5	NA	0	2870	0
KCNA6	NA	3	5978	0.0203297
KCNA7	NA	5	4372	0.0463293
KCNAB1	NA	88	5316	0.6706
KCNAB1-AS1	NA	0	456	0
KCNAB1-AS2	NA	0	538	0
KCNAB2	NA	149	5758	1.04829
KCNAB3	NA	45	2458	0.741646
KCNB1	NA	5	3756	0.0539275
KCNB2	NA	0	3582	0
KCNC1	NA	78	8366	0.377696
KCNC2	NA	5	6077	0.0333309
KCNC3	NA	1414	6272	9.13291
KCNC4	NA	666	4437	6.08066
KCNC4-AS1	NA	22	1131	0.787999
KCND1	NA	255	4720	2.18859
KCND2	NA	0	5333	0
KCND3	NA	1	2693	0.0150428
KCND3-AS1	NA	0	448	0
KCND3-IT1	NA	0	376	0
KCNE1	NA	119	4136	1.16555
KCNE2	NA	46	803	2.32064
KCNE3	NA	0	3070	0
KCNE4	NA	2	3177	0.0255023
KCNE5	NA	0	1465	0
KCNF1	NA	29	2289	0.513237
KCNG1	NA	38	2220	0.69342
KCNG2	NA	70	1401	2.02407
KCNG3	NA	107	3824	1.13353
KCNG4	NA	0	2763	0
KCNH1	NA	147	8106	0.734643
KCNH2	NA	230	5464	1.70523
KCNH3	NA	37	3853	0.389017
KCNH4	NA	27	3923	0.278812
KCNH5	NA	0	3954	0
KCNH6	NA	3	4067	0.0298822
KCNH7	NA	2	4331	0.0187072
KCNH8	NA	0	5063	0
KCNIP1	NA	0	2763	0
KCNIP2	NA	21	2760	0.308231
KCNIP2-AS1	NA	9	970	0.375869
KCNIP3	NA	17	3017	0.228265
KCNIP4	NA	38	3166	0.486226
KCNIP4-IT1	NA	0	9848	0
KCNJ1	NA	0	2908	0
KCNJ10	NA	0	5306	0
KCNJ11	NA	121	3569	1.37342
KCNJ12	NA	246	5230	1.90546
KCNJ13	NA	4	3609	0.0448992
KCNJ14	NA	38	2851	0.539948
KCNJ15	NA	0	3679	0
KCNJ16	NA	503	4505	4.52313
KCNJ18	NA	61	2198	1.12426
KCNJ2	NA	2007	5386	15.0955
KCNJ2-AS1	NA	405	2442	6.71854
KCNJ3	NA	0	4885	0
KCNJ4	NA	707	2122	13.4971
KCNJ5	NA	0	2899	0
KCNJ6	NA	0	2790	0
KCNJ8	NA	0	2389	0
KCNJ9	NA	0	3029	0
KCNK1	NA	3	2161	0.0562383
KCNK10	NA	0	8178	0
KCNK12	NA	23	1424	0.65431
KCNK13	NA	3	2522	0.0481883
KCNK15	NA	860	2532	13.7594
KCNK16	NA	0	1681	0
KCNK17	NA	0	1717	0
KCNK18	NA	0	1155	0
KCNK2	NA	0	3812	0
KCNK3	NA	65	3978	0.661934
KCNK4	NA	9	1810	0.201433
KCNK5	NA	6	3783	0.0642511
KCNK6	NA	69	2655	1.05281
KCNK7	NA	10	1563	0.259183
KCNK9	NA	6	4427	0.0549045
KCNMA1	NA	678	15599	1.76075
KCNMA1-AS1	NA	1	804	0.050386
KCNMA1-AS2	NA	0	445	0
KCNMA1-AS3	NA	0	1234	0
KCNMB1	NA	0	1562	0
KCNMB2	NA	0	3043	0
KCNMB2-AS1	NA	1	2197	0.0184389
KCNMB3	NA	74	3495	0.85773
KCNMB4	NA	53	4725	0.454402
KCNN1	NA	88	2657	1.3417
KCNN2	NA	0	3021	0
KCNN3	NA	43	13233	0.131636
KCNN4	NA	390	2240	7.05314
KCNQ1	NA	3	3507	0.0346538
KCNQ1-AS1	NA	0	1085	0
KCNQ1DN	NA	0	1094	0
KCNQ1OT1	NA	95	91671	0.0419815
KCNQ2	NA	1552	3381	18.5957
KCNQ3	NA	1	11310	0.00358182
KCNQ4	NA	94	4099	0.929
KCNQ5	NA	1	6639	0.00610187
KCNQ5-AS1	NA	0	1101	0
KCNQ5-IT1	NA	0	563	0
KCNRG	NA	32	1625	0.797742
KCNS1	NA	2	4539	0.0178499
KCNS2	NA	7	3166	0.089568
KCNS3	NA	2	2551	0.0317604
KCNT1	NA	1	4840	0.0083699
KCNT2	NA	49	5995	0.33111
KCNU1	NA	31	3742	0.335601
KCNV1	NA	0	2929	0
KCNV2	NA	3	2162	0.0562123
KCP	NA	140	5399	1.05046
KCTD1	NA	436	4229	4.17652
KCTD10	NA	2260	3970	23.0613
KCTD11	NA	635	3055	8.42032
KCTD12	NA	16	6237	0.103923
KCTD13	NA	659	2263	11.7969
KCTD14	NA	378	1897	8.07217
KCTD15	NA	1198	4932	9.8401
KCTD16	NA	0	5183	0
KCTD17	NA	668	1766	15.3233
KCTD18	NA	319	2937	4.4
KCTD19	NA	34	2911	0.473154
KCTD2	NA	886	4070	8.81871
KCTD20	NA	2923	5619	21.0734
KCTD21	NA	182	3397	2.17041
KCTD21-AS1	NA	41	1083	1.53363
KCTD3	NA	683	3931	7.03855
KCTD4	NA	9	2119	0.172059
KCTD5	NA	1888	2463	31.053
KCTD6	NA	757	1907	16.0809
KCTD7	NA	465	5051	3.72942
KCTD8	NA	0	2593	0
KCTD9	NA	766	3401	9.12406
KDELC1	NA	461	2107	8.86344
KDELC2	NA	1003	4311	9.42516
KDELR1	NA	8931	1557	232.369
KDELR2	NA	3993	2860	56.5587
KDELR3	NA	163	1896	3.48269
KDF1	NA	5	1803	0.112341
KDM1A	NA	3462	3107	45.139
KDM1B	NA	242	3875	2.52994
KDM2A	NA	1954	7712	10.2642
KDM2B	NA	1404	5746	9.89845
KDM3A	NA	1199	4918	9.87635
KDM3B	NA	2325	6813	13.8245
KDM4A	NA	2329	4509	20.9245
KDM4A-AS1	NA	174	1560	4.51846
KDM4B	NA	715	5603	5.16953
KDM4C	NA	340	7389	1.86406
KDM4D	NA	111	2972	1.513
KDM4E	NA	729	2339	12.6259
KDM5A	NA	1412	10836	5.27876
KDM5B	NA	3864	6383	24.5233
KDM5C	NA	3934	6862	23.2247
KDM5D	NA	1192	5581	8.65227
KDM6A	NA	448	5940	3.05533
KDM6B	NA	746	6704	4.50786
KDM7A	NA	330	9178	1.45657
KDM8	NA	131	2672	1.9861
KDR	NA	0	6055	0
KDSR	NA	1544	5198	12.0331
KEAP1	NA	3482	2701	52.224
KEL	NA	5	2547	0.0795256
KERA	NA	0	2530	0
KGFLP1	NA	239	2225	4.35145
KGFLP2	NA	350	4707	3.01224
KHDC1	NA	153	3080	2.01236
KHDC1L	NA	3768	634	240.762
KHDC3L	NA	1	1022	0.0396383
KHDRBS1	NA	7543	3731	81.9002
KHDRBS2	NA	0	2300	0
KHDRBS3	NA	12	1968	0.247014
KHK	NA	85	2550	1.35034
KHNYN	NA	2596	6417	16.3885
KHSRP	NA	8036	3250	100.166
KIAA0020	NA	3953	2219	72.1665
KIAA0040	NA	0	4818	0
KIAA0087	NA	0	4320	0
KIAA0100	NA	4699	7435	25.603
KIAA0101	NA	1161	1734	27.1237
KIAA0125	NA	0	9613	0
KIAA0141	NA	1421	4958	11.6106
KIAA0195	NA	1256	5464	9.31204
KIAA0196	NA	1627	4165	15.8248
KIAA0226	NA	952	7226	5.33709
KIAA0226L	NA	1	4440	0.00912395
KIAA0232	NA	915	7857	4.7177
KIAA0319	NA	118	7172	0.666511
KIAA0319L	NA	683	4812	5.74991
KIAA0355	NA	966	6683	5.8556
KIAA0368	NA	4977	7391	27.2791
KIAA0391	NA	1345	3148	17.3083
KIAA0408	NA	255	8124	1.27156
KIAA0430	NA	904	7763	4.71742
KIAA0513	NA	192	8625	0.901795
KIAA0556	NA	525	6623	3.21122
KIAA0586	NA	265	6587	1.62976
KIAA0753	NA	1052	4685	9.09645
KIAA0754	NA	45	6979	0.261207
KIAA0825	NA	29	8276	0.141953
KIAA0895	NA	310	4934	2.54524
KIAA0895L	NA	305	3400	3.63402
KIAA0907	NA	1602	2992	21.6904
KIAA0922	NA	170	5019	1.37214
KIAA0930	NA	1594	6417	10.0629
KIAA1024	NA	33	6742	0.198286
KIAA1024L	NA	0	573	0
KIAA1033	NA	872	5815	6.07481
KIAA1107	NA	121	4556	1.07589
KIAA1109	NA	463	15575	1.20426
KIAA1143	NA	1170	5141	9.21943
KIAA1147	NA	304	7296	1.68793
KIAA1161	NA	112	6445	0.703981
KIAA1191	NA	2823	2830	40.4101
KIAA1210	NA	2	7824	0.0103554
KIAA1211	NA	300	7013	1.73294
KIAA1211L	NA	58	3869	0.607289
KIAA1217	NA	7	9229	0.0307262
KIAA1257	NA	10	1712	0.236626
KIAA1279	NA	855	2545	13.6096
KIAA1324	NA	4	8185	0.0197974
KIAA1324L	NA	1738	7173	9.81555
KIAA1328	NA	84	4854	0.701044
KIAA1407	NA	166	3976	1.69133
KIAA1429	NA	2063	6646	12.5749
KIAA1456	NA	0	10008	0
KIAA1462	NA	49	9300	0.213442
KIAA1467	NA	1421	4711	12.2193
KIAA1468	NA	510	5454	3.7881
KIAA1522	NA	1010	5606	7.29851
KIAA1524	NA	924	4265	8.77645
KIAA1549	NA	361	12426	1.17691
KIAA1549L	NA	6	11620	0.0209176
KIAA1551	NA	794	6232	5.1613
KIAA1586	NA	497	3109	6.47592
KIAA1614	NA	13	4155	0.126747
KIAA1644	NA	10	6741	0.0600954
KIAA1656	NA	258	7605	1.37432
KIAA1671	NA	1373	10494	5.30024
KIAA1683	NA	14	4443	0.127649
KIAA1715	NA	402	8258	1.97205
KIAA1755	NA	4	6412	0.0252716
KIAA1804	NA	1	5809	0.00697372
KIAA1841	NA	239	5518	1.75462
KIAA1875	NA	26	7119	0.147952
KIAA1919	NA	228	3918	2.35742
KIAA1958	NA	266	7652	1.40823
KIAA2012	NA	1	4029	0.0100547
KIAA2013	NA	1748	2823	25.084
KIAA2018	NA	301	13707	0.88959
KIAA2022	NA	3	11717	0.0103722
KIAA2026	NA	288	7204	1.61951
KIDINS220	NA	5514	7361	30.3456
KIF11	NA	1687	5078	13.4582
KIF12	NA	14	2003	0.283148
KIF13A	NA	1006	8714	4.67677
KIF13B	NA	54	8766	0.24955
KIF14	NA	626	7277	3.48488
KIF15	NA	314	4837	2.62978
KIF16B	NA	300	6246	1.94574
KIF17	NA	71	4098	0.701863
KIF18A	NA	2458	3463	28.7538
KIF18B	NA	1146	4289	10.8242
KIF19	NA	0	3643	0
KIF1A	NA	9305	9223	40.8705
KIF1B	NA	2127	16016	5.37996
KIF1C	NA	4602	7917	23.5479
KIF20A	NA	728	3471	8.49655
KIF20B	NA	1046	6450	6.56958
KIF21A	NA	398	6641	2.42781
KIF21B	NA	190	9940	0.774342
KIF22	NA	2304	2423	38.5208
KIF23	NA	1207	3723	13.1335
KIF24	NA	266	6227	1.73049
KIF25	NA	3	1510	0.0804841
KIF25-AS1	NA	11	1405	0.317163
KIF26A	NA	507	6757	3.03962
KIF26B	NA	44	7287	0.244607
KIF27	NA	99	4689	0.855305
KIF2A	NA	1362	4364	12.6432
KIF2B	NA	0	2335	0
KIF2C	NA	1953	3278	24.1357
KIF3A	NA	414	6347	2.64239
KIF3B	NA	1664	6113	11.0272
KIF3C	NA	1772	5431	13.2175
KIF4A	NA	941	4501	8.46928
KIF4B	NA	169	4426	1.54682
KIF5A	NA	0	3897	0
KIF5B	NA	4578	5889	31.492
KIF5C	NA	419	7296	2.32646
KIF6	NA	8	4236	0.0765068
KIF7	NA	1771	4558	15.7402
KIF9	NA	210	3603	2.36114
KIF9-AS1	NA	45	2540	0.717703
KIFAP3	NA	1988	4573	17.6109
KIFC1	NA	1575	8100	7.87701
KIFC2	NA	929	3266	11.523
KIFC3	NA	1055	3708	11.526
KIN	NA	693	6394	4.39063
KIR2DL1	NA	0	1598	0
KIR2DL2	NA	0	1587	0
KIR2DL3	NA	0	1596	0
KIR2DL4	NA	34	3159	0.436009
KIR2DL5A	NA	0	1596	0
KIR2DL5B	NA	0	1632	0
KIR2DS1	NA	0	1101	0
KIR2DS2	NA	0	2552	0
KIR2DS3	NA	0	1113	0
KIR2DS4	NA	0	1608	0
KIR2DS5	NA	0	1601	0
KIR3DL1	NA	0	1901	0
KIR3DL2	NA	0	1885	0
KIR3DL3	NA	0	1723	0
KIR3DS1	NA	0	1767	0
KIR3DX1	NA	0	3601	0
KIRREL	NA	3357	7820	17.3904
KIRREL2	NA	83	2993	1.12341
KIRREL3	NA	4	4254	0.0380915
KIRREL3-AS2	NA	0	494	0
KIRREL3-AS3	NA	0	1768	0
KISS1	NA	12	714	0.680846
KISS1R	NA	46	1625	1.14675
KIT	NA	0	5176	0
KITLG	NA	3	5443	0.0223279
KIZ	NA	159	2198	2.93046
KIZ-AS1	NA	2	1161	0.0697852
KL	NA	1	5006	0.00809236
KLB	NA	10	6079	0.0666398
KLC1	NA	2182	3158	27.9904
KLC2	NA	915	3269	11.3389
KLC3	NA	392	1793	8.85669
KLC4	NA	189	3224	2.37483
KLF1	NA	0	1614	0
KLF10	NA	1700	3594	19.1618
KLF11	NA	539	4296	5.08265
KLF12	NA	1	10909	0.00371348
KLF13	NA	612	7121	3.48158
KLF14	NA	10	1479	0.273904
KLF15	NA	157	2525	2.51886
KLF16	NA	2482	2887	34.8274
KLF17	NA	13	3128	0.168361
KLF2	NA	240	1649	5.89599
KLF3	NA	728	5615	5.25228
KLF3-AS1	NA	43	2368	0.735618
KLF4	NA	91	2933	1.25688
KLF5	NA	17	3749	0.183696
KLF6	NA	3228	4662	28.0496
KLF7	NA	167	8880	0.76185
KLF8	NA	3	5421	0.0224186
KLF9	NA	195	5208	1.5168
KLHDC1	NA	17	2691	0.255918
KLHDC10	NA	763	6438	4.80109
KLHDC2	NA	431	1806	9.66775
KLHDC3	NA	1535	2019	30.7991
KLHDC4	NA	873	1930	18.3241
KLHDC7A	NA	42	5057	0.336451
KLHDC7B	NA	22	2991	0.29797
KLHDC8A	NA	8	3674	0.0882098
KLHDC8B	NA	308	1985	6.28573
KLHDC9	NA	50	1368	1.48064
KLHL1	NA	2	4150	0.0195231
KLHL10	NA	4	2009	0.0806577
KLHL11	NA	512	7409	2.79947
KLHL12	NA	1689	3537	19.3446
KLHL13	NA	0	4768	0
KLHL14	NA	0	4261	0
KLHL15	NA	592	6276	3.82124
KLHL17	NA	788	2564	12.4501
KLHL18	NA	899	4726	7.70605
KLHL2	NA	339	3299	4.16278
KLHL20	NA	418	3464	4.88837
KLHL21	NA	1946	4516	17.4564
KLHL22	NA	824	2616	12.7601
KLHL23	NA	476	4075	4.732
KLHL24	NA	439	7328	2.42686
KLHL25	NA	250	3681	2.75131
KLHL26	NA	405	3122	5.25518
KLHL28	NA	179	6811	1.06465
KLHL29	NA	16	5084	0.127491
KLHL3	NA	52	7875	0.267497
KLHL30	NA	5	3685	0.0549665
KLHL31	NA	13	5743	0.0917002
KLHL32	NA	1	4278	0.00946946
KLHL33	NA	0	1863	0
KLHL34	NA	0	3039	0
KLHL35	NA	3	1938	0.0627095
KLHL36	NA	604	7559	3.23697
KLHL38	NA	3	1834	0.0662655
KLHL4	NA	0	5855	0
KLHL40	NA	0	2419	0
KLHL41	NA	2	2464	0.0328818
KLHL42	NA	562	6469	3.51937
KLHL5	NA	2682	7984	13.6083
KLHL6	NA	3	6320	0.0192296
KLHL6-AS1	NA	0	503	0
KLHL7	NA	633	4093	6.2651
KLHL7-AS1	NA	11	2564	0.173796
KLHL8	NA	561	5854	3.88218
KLHL9	NA	1242	4412	11.4039
KLK1	NA	0	876	0
KLK10	NA	14	3286	0.172594
KLK11	NA	0	1520	0
KLK12	NA	1	1074	0.0377191
KLK13	NA	0	1258	0
KLK14	NA	19	1133	0.679344
KLK15	NA	0	1309	0
KLK2	NA	0	2958	0
KLK3	NA	0	1906	0
KLK4	NA	23	1359	0.685605
KLK5	NA	0	1563	0
KLK6	NA	5	1711	0.118382
KLK7	NA	0	2135	0
KLK8	NA	1	1148	0.0352877
KLK9	NA	0	1438	0
KLKB1	NA	0	2247	0
KLKP1	NA	0	1125	0
KLLN	NA	87	4277	0.824035
KLRAP1	NA	33	2208	0.605453
KLRB1	NA	2	740	0.109487
KLRC1	NA	1	1819	0.0222707
KLRC2	NA	1	1213	0.0333968
KLRC3	NA	0	1145	0
KLRC4	NA	0	928	0
KLRC4-KLRK1	NA	1	1947	0.0208065
KLRD1	NA	0	3355	0
KLRF1	NA	0	1241	0
KLRF2	NA	0	731	0
KLRG1	NA	35	1788	0.792988
KLRG2	NA	0	1544	0
KLRK1	NA	1	1589	0.0254942
KMO	NA	117	5266	0.900059
KMT2A	NA	1540	16594	3.75955
KMT2B	NA	1454	8471	6.95337
KMT2C	NA	885	16862	2.12618
KMT2D	NA	2143	19419	4.47055
KMT2E	NA	688	6863	4.06107
KMT2E-AS1	NA	116	3600	1.30533
KNCN	NA	0	2392	0
KNDC1	NA	112	6773	0.669889
KNG1	NA	0	3433	0
KNOP1	NA	1222	1950	25.3865
KNSTRN	NA	1628	2033	32.4402
KNTC1	NA	749	6965	4.35639
KPNA1	NA	2751	7012	15.8933
KPNA2	NA	10061	1980	205.846
KPNA3	NA	1978	4474	17.91
KPNA4	NA	4011	8981	18.0923
KPNA5	NA	162	2158	3.04109
KPNA6	NA	3322	7372	18.2549
KPNA7	NA	2	1685	0.0480835
KPNB1	NA	10262	4453	93.3566
KPRP	NA	0	2523	0
KPTN	NA	545	1781	12.3965
KRAS	NA	1054	5889	7.25045
KRBA1	NA	710	4065	7.07561
KRBA2	NA	9	2778	0.131243
KRBOX1	NA	0	691	0
KRBOX1-AS1	NA	0	2142	0
KRBOX4	NA	313	2486	5.10046
KRCC1	NA	598	1827	13.2595
KREMEN1	NA	262	7479	1.41913
KREMEN2	NA	1398	2057	27.5321
KRI1	NA	2093	3005	28.2157
KRIT1	NA	607	5072	4.84814
KRR1	NA	2397	3357	28.9256
KRT1	NA	1	2451	0.0165281
KRT10	NA	711	2140	13.4593
KRT12	NA	0	1992	0
KRT13	NA	1	1715	0.0236212
KRT14	NA	0	1636	0
KRT15	NA	3	1840	0.0660495
KRT16	NA	4	1717	0.0943747
KRT16P1	NA	0	1815	0
KRT16P2	NA	0	1575	0
KRT16P3	NA	0	1955	0
KRT17	NA	105	1574	2.7024
KRT17P5	NA	0	3153	0
KRT18	NA	107483	1535	2836.59
KRT18P55	NA	39	1950	0.810207
KRT19	NA	19	1471	0.523247
KRT19P2	NA	0	575	0
KRT2	NA	3	2414	0.0503442
KRT20	NA	0	1805	0
KRT222	NA	0	1735	0
KRT23	NA	0	2428	0
KRT24	NA	0	1881	0
KRT25	NA	0	1670	0
KRT26	NA	0	1730	0
KRT27	NA	0	1612	0
KRT28	NA	0	1692	0
KRT3	NA	6	2310	0.105222
KRT31	NA	0	1595	0
KRT32	NA	0	2005	0
KRT33A	NA	0	1286	0
KRT33B	NA	0	1607	0
KRT34	NA	0	1713	0
KRT35	NA	0	1671	0
KRT36	NA	0	1644	0
KRT37	NA	0	1718	0
KRT38	NA	0	2837	0
KRT39	NA	0	1696	0
KRT4	NA	3	2147	0.056605
KRT40	NA	0	1938	0
KRT42P	NA	0	2864	0
KRT5	NA	3	2303	0.0527707
KRT6A	NA	4	2450	0.0661393
KRT6B	NA	3	2282	0.0532564
KRT6C	NA	3	2289	0.0530935
KRT7	NA	162	1702	3.85586
KRT71	NA	0	2265	0
KRT72	NA	0	2015	0
KRT73	NA	0	2284	0
KRT73-AS1	NA	0	3808	0
KRT74	NA	0	2788	0
KRT75	NA	142	2125	2.70704
KRT76	NA	5	2529	0.0800916
KRT77	NA	3	3304	0.036783
KRT78	NA	3	3002	0.0404833
KRT79	NA	4	2066	0.0784324
KRT8	NA	179646	2265	3213.03
KRT80	NA	82	3894	0.853068
KRT81	NA	98	1910	2.07854
KRT82	NA	1	2681	0.0151102
KRT83	NA	13	1875	0.280872
KRT84	NA	5	2073	0.0977094
KRT85	NA	6	2747	0.0884827
KRT86	NA	37	2091	0.716826
KRT8P41	NA	103	1828	2.28258
KRT9	NA	1	2289	0.0176978
KRTAP1-1	NA	0	903	0
KRTAP1-3	NA	0	971	0
KRTAP1-4	NA	0	449	0
KRTAP1-5	NA	0	1176	0
KRTAP10-1	NA	0	1011	0
KRTAP10-10	NA	0	1100	0
KRTAP10-11	NA	0	1236	0
KRTAP10-12	NA	0	873	0
KRTAP10-2	NA	2	1149	0.0705141
KRTAP10-3	NA	0	738	0
KRTAP10-4	NA	0	1643	0
KRTAP10-5	NA	0	1150	0
KRTAP10-6	NA	0	1238	0
KRTAP10-7	NA	1	1580	0.0256395
KRTAP10-8	NA	0	876	0
KRTAP10-9	NA	0	1256	0
KRTAP11-1	NA	1	911	0.044468
KRTAP12-1	NA	0	588	0
KRTAP12-2	NA	0	739	0
KRTAP12-3	NA	0	410	0
KRTAP12-4	NA	0	447	0
KRTAP13-1	NA	0	747	0
KRTAP13-2	NA	0	849	0
KRTAP13-3	NA	0	520	0
KRTAP13-4	NA	0	483	0
KRTAP15-1	NA	0	453	0
KRTAP16-1	NA	0	1554	0
KRTAP17-1	NA	0	779	0
KRTAP19-1	NA	0	273	0
KRTAP19-2	NA	0	159	0
KRTAP19-3	NA	0	494	0
KRTAP19-4	NA	0	255	0
KRTAP19-5	NA	0	219	0
KRTAP19-6	NA	0	330	0
KRTAP19-7	NA	0	192	0
KRTAP19-8	NA	0	318	0
KRTAP2-1	NA	0	773	0
KRTAP2-2	NA	0	713	0
KRTAP2-3	NA	0	852	0
KRTAP2-4	NA	0	764	0
KRTAP20-1	NA	0	171	0
KRTAP20-2	NA	0	198	0
KRTAP20-3	NA	0	273	0
KRTAP20-4	NA	0	224	0
KRTAP21-1	NA	0	240	0
KRTAP21-2	NA	0	252	0
KRTAP21-3	NA	0	253	0
KRTAP22-1	NA	0	147	0
KRTAP22-2	NA	0	293	0
KRTAP23-1	NA	0	208	0
KRTAP24-1	NA	0	1650	0
KRTAP25-1	NA	0	370	0
KRTAP26-1	NA	0	1158	0
KRTAP27-1	NA	0	682	0
KRTAP29-1	NA	0	1026	0
KRTAP3-1	NA	0	593	0
KRTAP3-2	NA	0	694	0
KRTAP3-3	NA	0	704	0
KRTAP4-1	NA	0	739	0
KRTAP4-11	NA	0	1173	0
KRTAP4-12	NA	0	1075	0
KRTAP4-2	NA	0	763	0
KRTAP4-3	NA	0	942	0
KRTAP4-4	NA	0	1078	0
KRTAP4-5	NA	0	879	0
KRTAP4-6	NA	0	1055	0
KRTAP4-7	NA	0	938	0
KRTAP4-8	NA	1	1142	0.0354731
KRTAP4-9	NA	0	1100	0
KRTAP5-1	NA	1	942	0.0430046
KRTAP5-10	NA	0	1058	0
KRTAP5-11	NA	0	1021	0
KRTAP5-2	NA	0	1118	0
KRTAP5-3	NA	0	899	0
KRTAP5-4	NA	0	1181	0
KRTAP5-5	NA	1	1127	0.0359453
KRTAP5-6	NA	0	561	0
KRTAP5-7	NA	0	898	0
KRTAP5-8	NA	1	1183	0.0342437
KRTAP5-9	NA	2	1188	0.0681992
KRTAP5-AS1	NA	0	2265	0
KRTAP6-1	NA	0	219	0
KRTAP6-2	NA	0	189	0
KRTAP6-3	NA	0	616	0
KRTAP7-1	NA	0	693	0
KRTAP8-1	NA	0	556	0
KRTAP9-1	NA	0	753	0
KRTAP9-2	NA	0	1005	0
KRTAP9-3	NA	0	992	0
KRTAP9-4	NA	0	967	0
KRTAP9-6	NA	0	483	0
KRTAP9-7	NA	0	510	0
KRTAP9-8	NA	0	987	0
KRTAP9-9	NA	0	981	0
KRTCAP2	NA	1858	547	137.602
KRTCAP3	NA	19	1068	0.72069
KRTDAP	NA	5	493	0.410855
KSR1	NA	159	4491	1.43423
KSR2	NA	1	17008	0.00238184
KTI12	NA	710	1696	16.9589
KTN1	NA	1601	4913	13.2011
KTN1-AS1	NA	69	1512	1.84869
KU-MEL-3	NA	0	1190	0
KXD1	NA	2256	1627	56.1717
KY	NA	0	5704	0
KYNU	NA	0	2014	0
L1CAM	NA	728	5242	5.62601
L1TD1	NA	1	3990	0.010153
L2HGDH	NA	585	6095	3.88819
L3HYPDH	NA	313	1381	9.18156
L3MBTL1	NA	89	3565	1.01134
L3MBTL2	NA	1849	3192	23.466
L3MBTL3	NA	1151	4215	11.0623
L3MBTL4	NA	0	3587	0
L3MBTL4-AS1	NA	0	2048	0
LACAT8	NA	0	789	0
LACC1	NA	1	4550	0.00890337
LACE1	NA	94	2255	1.68868
LACRT	NA	0	508	0
LACTB	NA	341	3797	3.63814
LACTB2	NA	476	1553	12.4166
LACTB2-AS1	NA	77	3715	0.839649
LACTBL1	NA	0	1733	0
LAD1	NA	54	2839	0.770538
LAG3	NA	25	1992	0.508413
LAGE3	NA	933	949	39.8273
LAIR1	NA	0	3448	0
LAIR2	NA	0	702	0
LALBA	NA	1	728	0.0556461
LAMA1	NA	18	9657	0.0755085
LAMA2	NA	13	9692	0.054337
LAMA3	NA	31	11222	0.111907
LAMA4	NA	1	7567	0.00535355
LAMA5	NA	1425	11431	5.05006
LAMA5-AS1	NA	2	826	0.098088
LAMB1	NA	120	5846	0.83155
LAMB2	NA	3534	5808	24.6494
LAMB2P1	NA	5	1543	0.131271
LAMB3	NA	4	4495	0.0360492
LAMB4	NA	0	5858	0
LAMC1	NA	3477	7889	17.8545
LAMC2	NA	55	6503	0.342622
LAMC3	NA	94	6098	0.624462
LAMP1	NA	7850	2540	125.199
LAMP2	NA	1954	9388	8.43174
LAMP3	NA	6	3341	0.0727513
LAMP5	NA	0	2042	0
LAMP5-AS1	NA	0	1928	0
LAMTOR1	NA	2859	1179	98.235
LAMTOR2	NA	883	681	52.5266
LAMTOR3	NA	1045	4280	9.89096
LAMTOR4	NA	1702	612	112.661
LAMTOR5	NA	2091	848	99.8905
LAMTOR5-AS1	NA	18	533	1.36808
LANCL1	NA	872	4610	7.66269
LANCL1-AS1	NA	0	2169	0
LANCL2	NA	643	4353	5.98395
LANCL3	NA	0	3332	0
LAP3	NA	1274	2100	24.5763
LAPTM4A	NA	3016	1765	69.2233
LAPTM4B	NA	8447	2238	152.9
LAPTM5	NA	41	2240	0.741484
LARGE	NA	26	4201	0.250719
LARGE-AS1	NA	0	2746	0
LARP1	NA	8898	6595	54.6567
LARP1B	NA	602	5804	4.2018
LARP4	NA	2083	6709	12.5776
LARP4B	NA	3032	8546	14.3725
LARP6	NA	1513	2587	23.6924
LARP7	NA	826	2648	12.6365
LARS	NA	4476	4849	37.3942
LARS2	NA	1603	4203	15.4504
LARS2-AS1	NA	0	1854	0
LAS1L	NA	3444	2489	56.0537
LASP1	NA	5649	4279	53.4805
LAT	NA	60	1845	1.31741
LAT2	NA	50	2191	0.924471
LATS1	NA	584	7991	2.96059
LATS2	NA	1412	5542	10.3213
LAX1	NA	0	3337	0
LAYN	NA	3205	2772	46.8382
LBH	NA	25	2938	0.34471
LBHD1	NA	2910	1320	89.3069
LBP	NA	1	1894	0.0213888
LBR	NA	1222	3973	12.46
LBX1	NA	108	1285	3.40476
LBX1-AS1	NA	82	1323	2.51084
LBX2	NA	19	1678	0.458699
LBX2-AS1	NA	74	2449	1.22408
LCA10	NA	9	1374	0.265352
LCA5	NA	227	4719	1.94869
LCA5L	NA	32	2364	0.548363
LCAT	NA	320	1354	9.57408
LCE1A	NA	0	625	0
LCE1B	NA	0	1139	0
LCE1C	NA	0	695	0
LCE1D	NA	0	430	0
LCE1E	NA	1	1179	0.0343599
LCE1F	NA	0	598	0
LCE2A	NA	0	592	0
LCE2B	NA	0	611	0
LCE2C	NA	0	593	0
LCE2D	NA	0	594	0
LCE3A	NA	1	270	0.150038
LCE3B	NA	0	288	0
LCE3C	NA	0	425	0
LCE3D	NA	0	610	0
LCE3E	NA	0	547	0
LCE4A	NA	0	388	0
LCE5A	NA	0	819	0
LCE6A	NA	0	642	0
LCK	NA	4	2235	0.0725017
LCLAT1	NA	464	5482	3.42882
LCMT1	NA	758	1370	22.4137
LCMT1-AS1	NA	15	573	1.06048
LCMT1-AS2	NA	2630	2607	40.8677
LCMT2	NA	0	2847	0
LCN1	NA	0	789	0
LCN10	NA	2	2017	0.0401689
LCN12	NA	0	689	0
LCN15	NA	18	762	0.956937
LCN2	NA	1	822	0.0492826
LCN6	NA	0	711	0
LCN8	NA	0	918	0
LCN9	NA	0	524	0
LCNL1	NA	0	1836	0
LCOR	NA	446	10524	1.7168
LCORL	NA	655	7729	3.43308
LCP1	NA	2	3790	0.0213775
LCP2	NA	0	2422	0
LCT	NA	4	6274	0.0258274
LCTL	NA	170	2981	2.31022
LDAH	NA	649	3981	6.60417
LDB1	NA	2616	2665	39.7655
LDB2	NA	1	3327	0.0121762
LDB3	NA	18	6521	0.111821
LDHA	NA	19688	2553	312.404
LDHAL6A	NA	1	2583	0.0156834
LDHAL6B	NA	0	1771	0
LDHB	NA	32076	1600	812.131
LDHC	NA	1	1284	0.0315501
LDHD	NA	42	2072	0.821155
LDLR	NA	1123	5283	8.61123
LDLRAD1	NA	0	2376	0
LDLRAD2	NA	938	4012	9.47126
LDLRAD3	NA	1055	4011	10.6553
LDLRAD4	NA	23	11054	0.0842896
LDLRAD4-AS1	NA	0	2166	0
LDLRAP1	NA	1379	2935	19.0336
LDOC1	NA	0	1469	0
LDOC1L	NA	1071	5324	8.14924
LEAP2	NA	5	707	0.286495
LECT1	NA	0	1446	0
LECT2	NA	0	1077	0
LEF1	NA	0	4128	0
LEF1-AS1	NA	0	1988	0
LEFTY1	NA	1	1626	0.0249141
LEFTY2	NA	1	2187	0.0185232
LEKR1	NA	1	4067	0.00996074
LELP1	NA	0	541	0
LEMD1	NA	13	961	0.548007
LEMD1-AS1	NA	1	2781	0.0145668
LEMD2	NA	1514	3108	19.7338
LEMD3	NA	1497	4798	12.6394
LENEP	NA	4	649	0.249678
LENG1	NA	336	924	14.731
LENG8	NA	2983	3725	32.4409
LENG8-AS1	NA	25	892	1.13538
LENG9	NA	506	1917	10.6929
LEO1	NA	1614	2188	29.8829
LEP	NA	0	3427	0
LEPR	NA	58	6891	0.340966
LEPROT	NA	691	5121	5.46625
LEPROTL1	NA	594	3147	7.64637
LETM1	NA	3174	5462	23.5408
LETM2	NA	161	4234	1.54043
LETMD1	NA	824	2173	15.3615
LEUTX	NA	169	672	10.1879
LFNG	NA	228	3155	2.92753
LGALS1	NA	9135	558	663.193
LGALS12	NA	0	2302	0
LGALS13	NA	0	595	0
LGALS14	NA	0	1083	0
LGALS16	NA	0	624	0
LGALS17A	NA	0	1130	0
LGALS2	NA	1	528	0.0767241
LGALS3	NA	4370	2040	86.7795
LGALS3BP	NA	704	2260	12.6191
LGALS4	NA	5	1279	0.158367
LGALS7	NA	11	494	0.902052
LGALS7B	NA	14	489	1.15981
LGALS8	NA	1922	6670	11.6733
LGALS8-AS1	NA	51	1440	1.43474
LGALS9	NA	6	1764	0.13779
LGALS9B	NA	0	1243	0
LGALS9C	NA	0	1719	0
LGALSL	NA	405	3827	4.28709
LGI1	NA	901	2453	14.8797
LGI2	NA	12	6339	0.0766878
LGI3	NA	5	3266	0.0620183
LGI4	NA	2	2888	0.0280542
LGMN	NA	1180	2175	21.978
LGR4	NA	94	5247	0.725743
LGR5	NA	4	4893	0.033117
LGR6	NA	1	3640	0.0111292
LGSN	NA	5	5634	0.0359517
LHB	NA	21	523	1.62661
LHCGR	NA	0	3093	0
LHFP	NA	1	2158	0.0187722
LHFPL1	NA	0	1765	0
LHFPL2	NA	159	5045	1.27674
LHFPL3	NA	2	3176	0.0255103
LHFPL3-AS1	NA	0	1775	0
LHFPL3-AS2	NA	3	1832	0.0663379
LHFPL4	NA	16	4880	0.132821
LHFPL5	NA	2	2147	0.0377367
LHPP	NA	125	1685	3.00522
LHX1	NA	173	3431	2.04264
LHX2	NA	579	2416	9.7084
LHX3	NA	40	2579	0.628311
LHX4	NA	40	1879	0.862381
LHX4-AS1	NA	191	2657	2.91211
LHX5	NA	1	2084	0.0194387
LHX5-AS1	NA	0	379	0
LHX6	NA	1757	4354	16.3474
LHX8	NA	0	2446	0
LHX9	NA	0	2570	0
LIAS	NA	401	1958	8.29655
LIF	NA	3811	3969	38.8977
LIFR	NA	108	10403	0.420563
LIFR-AS1	NA	2	4644	0.0174463
LIG1	NA	1796	4387	16.5846
LIG3	NA	927	3900	9.629
LIG4	NA	402	4356	3.73856
LILRA1	NA	0	3884	0
LILRA2	NA	0	2546	0
LILRA3	NA	3	1608	0.075579
LILRA4	NA	3	1963	0.0619109
LILRA5	NA	0	1614	0
LILRA6	NA	6	2315	0.104994
LILRB1	NA	0	3464	0
LILRB2	NA	2	3153	0.0256964
LILRB3	NA	11	2825	0.157739
LILRB4	NA	3	3932	0.0309082
LILRB5	NA	5	2508	0.0807622
LILRP2	NA	0	2127	0
LIM2	NA	3	984	0.123507
LIMA1	NA	820	4610	7.20574
LIMCH1	NA	1	6766	0.00598734
LIMD1	NA	1074	6284	6.92363
LIMD1-AS1	NA	389	2300	6.85153
LIMD2	NA	1587	3225	19.9349
LIME1	NA	450	1851	9.84854
LIMK1	NA	2845	3526	32.6863
LIMK2	NA	1711	4959	13.9773
LIMS1	NA	1288	5513	9.46441
LIMS2	NA	193	3090	2.53026
LIMS3	NA	426	3129	5.51531
LIMS3-LOC440895	NA	171	3217	2.15333
LIMS3L	NA	426	3129	5.51531
LIN28A	NA	7489	4014	75.5809
LIN28B	NA	2213	5505	16.2851
LIN37	NA	129	1150	4.5442
LIN52	NA	305	1798	6.87189
LIN54	NA	496	6281	3.19903
LIN7A	NA	1	1230	0.0329352
LIN7B	NA	123	755	6.5997
LIN7C	NA	940	4852	7.84825
LIN9	NA	404	3468	4.7192
LINC-PINT	NA	94	6207	0.613496
LINC-ROR	NA	5	2589	0.0782355
LINC00028	NA	0	587	0
LINC00029	NA	0	1749	0
LINC00032	NA	0	2913	0
LINC00051	NA	0	1046	0
LINC00052	NA	291	1786	6.60051
LINC00092	NA	0	1721	0
LINC00094	NA	1761	5734	12.4414
LINC00102	NA	0	1337	0
LINC00106	NA	4	732	0.221368
LINC00111	NA	0	454	0
LINC00112	NA	2	524	0.15462
LINC00113	NA	0	524	0
LINC00114	NA	0	1103	0
LINC00115	NA	50	1317	1.53798
LINC00116	NA	165	1619	4.1286
LINC00152	NA	715	952	30.4253
LINC00158	NA	0	1476	0
LINC00159	NA	0	129	0
LINC00160	NA	0	694	0
LINC00161	NA	0	870	0
LINC00162	NA	0	734	0
LINC00163	NA	7	2155	0.131588
LINC00167	NA	6	2863	0.0848977
LINC00173	NA	27	2004	0.545798
LINC00174	NA	169	4424	1.54752
LINC00176	NA	42	5387	0.315841
LINC00184	NA	2	2270	0.0356919
LINC00189	NA	0	989	0
LINC00200	NA	0	2434	0
LINC00202-1	NA	11	3620	0.123098
LINC00202-2	NA	1	6104	0.00663669
LINC00207	NA	0	822	0
LINC00208	NA	0	1927	0
LINC00210	NA	0	1584	0
LINC00211	NA	0	2488	0
LINC00221	NA	0	1753	0
LINC00222	NA	0	1753	0
LINC00226	NA	0	595	0
LINC00229	NA	0	826	0
LINC00235	NA	4	561	0.288844
LINC00238	NA	0	1172	0
LINC00239	NA	0	642	0
LINC00240	NA	17	977	0.704888
LINC00242	NA	3	2418	0.050261
LINC00243	NA	7	10526	0.0269402
LINC00244	NA	0	611	0
LINC00251	NA	0	1054	0
LINC00254	NA	0	662	0
LINC00260	NA	0	1275	0
LINC00261	NA	0	4911	0
LINC00264	NA	0	1083	0
LINC00265	NA	352	4644	3.07055
LINC00266-1	NA	2	723	0.112062
LINC00266-3	NA	5	884	0.229131
LINC00269	NA	1	2173	0.0186426
LINC00271	NA	0	1636	0
LINC00272	NA	0	738	0
LINC00273	NA	0	1452	0
LINC00276	NA	0	3503	0
LINC00278	NA	0	530	0
LINC00280	NA	0	448	0
LINC00282	NA	27	4126	0.265094
LINC00284	NA	0	2564	0
LINC00290	NA	0	592	0
LINC00293	NA	0	2696	0
LINC00294	NA	201	3305	2.46371
LINC00297	NA	0	913	0
LINC00298	NA	1	2165	0.0187115
LINC00299	NA	0	2000	0
LINC00301	NA	0	851	0
LINC00303	NA	6	1514	0.160543
LINC00304	NA	8	2243	0.144486
LINC00305	NA	0	869	0
LINC00307	NA	0	424	0
LINC00308	NA	0	727	0
LINC00309	NA	0	3306	0
LINC00310	NA	8	1807	0.179348
LINC00311	NA	14	1784	0.317906
LINC00312	NA	4	2887	0.0561279
LINC00313	NA	5	579	0.34983
LINC00314	NA	1	583	0.069486
LINC00316	NA	0	455	0
LINC00317	NA	0	612	0
LINC00319	NA	10	3002	0.134944
LINC00320	NA	0	2183	0
LINC00322	NA	0	907	0
LINC00323	NA	0	2019	0
LINC00324	NA	19	2094	0.367572
LINC00326	NA	0	1214	0
LINC00327	NA	0	2087	0
LINC00330	NA	1	2035	0.0199068
LINC00331	NA	0	595	0
LINC00332	NA	0	836	0
LINC00333	NA	0	812	0
LINC00336	NA	5	2107	0.0961327
LINC00337	NA	14	1640	0.34582
LINC00339	NA	281	1388	8.2013
LINC00341	NA	17	2824	0.243865
LINC00342	NA	215	3128	2.78444
LINC00343	NA	0	1688	0
LINC00346	NA	3	6322	0.0192235
LINC00347	NA	0	2105	0
LINC00348	NA	0	948	0
LINC00350	NA	0	562	0
LINC00351	NA	0	1001	0
LINC00353	NA	0	655	0
LINC00354	NA	0	695	0
LINC00358	NA	0	1276	0
LINC00359	NA	0	734	0
LINC00363	NA	0	311	0
LINC00364	NA	0	629	0
LINC00365	NA	0	2625	0
LINC00366	NA	1	531	0.0762907
LINC00367	NA	0	751	0
LINC00368	NA	1	3443	0.011766
LINC00371	NA	15	2268	0.267926
LINC00375	NA	0	631	0
LINC00376	NA	0	692	0
LINC00377	NA	0	927	0
LINC00378	NA	0	513	0
LINC00379	NA	12	567	0.857362
LINC00380	NA	0	397	0
LINC00381	NA	0	727	0
LINC00382	NA	0	982	0
LINC00383	NA	0	1045	0
LINC00392	NA	0	366	0
LINC00395	NA	0	415	0
LINC00396	NA	0	439	0
LINC00397	NA	0	372	0
LINC00398	NA	0	906	0
LINC00399	NA	0	412	0
LINC00400	NA	0	664	0
LINC00403	NA	0	945	0
LINC00408	NA	0	1081	0
LINC00410	NA	0	2018	0
LINC00411	NA	0	410	0
LINC00412	NA	2	866	0.0935574
LINC00417	NA	20	542	1.49485
LINC00421	NA	0	1054	0
LINC00423	NA	4	1356	0.1195
LINC00424	NA	0	453	0
LINC00426	NA	1	1608	0.025193
LINC00428	NA	1	1042	0.0388775
LINC00431	NA	268	716	15.1631
LINC00433	NA	0	853	0
LINC00434	NA	0	960	0
LINC00437	NA	2	2359	0.0343453
LINC00440	NA	1	868	0.0466709
LINC00441	NA	2	1143	0.0708842
LINC00442	NA	0	2138	0
LINC00443	NA	0	1223	0
LINC00445	NA	0	755	0
LINC00446	NA	0	608	0
LINC00448	NA	0	972	0
LINC00452	NA	0	1607	0
LINC00456	NA	0	779	0
LINC00457	NA	14	390	1.45422
LINC00458	NA	1	1456	0.027823
LINC00460	NA	0	916	0
LINC00461	NA	0	4186	0
LINC00462	NA	0	1023	0
LINC00463	NA	0	1073	0
LINC00466	NA	0	1793	0
LINC00467	NA	76	758	4.06172
LINC00469	NA	0	1549	0
LINC00470	NA	0	2241	0
LINC00471	NA	23	1282	0.726785
LINC00472	NA	2	9566	0.00846965
LINC00473	NA	0	2430	0
LINC00474	NA	0	564	0
LINC00475	NA	1	2000	0.0202552
LINC00476	NA	96	9171	0.424053
LINC00477	NA	0	1710	0
LINC00479	NA	7	2033	0.139485
LINC00482	NA	7	2970	0.0954789
LINC00483	NA	0	825	0
LINC00485	NA	0	3719	0
LINC00486	NA	0	2474	0
LINC00487	NA	0	2131	0
LINC00488	NA	0	2524	0
LINC00489	NA	0	543	0
LINC00491	NA	0	1796	0
LINC00492	NA	0	591	0
LINC00493	NA	800	492	65.8705
LINC00494	NA	11	3592	0.124057
LINC00499	NA	0	541	0
LINC00501	NA	1	2063	0.0196366
LINC00502	NA	0	540	0
LINC00504	NA	0	4671	0
LINC00506	NA	1	4640	0.00873068
LINC00507	NA	0	2129	0
LINC00508	NA	0	1427	0
LINC00511	NA	3	2265	0.0536561
LINC00514	NA	20	3221	0.251539
LINC00515	NA	8	450	0.720184
LINC00518	NA	27	3018	0.362419
LINC00520	NA	0	2069	0
LINC00521	NA	4	3316	0.0488665
LINC00523	NA	0	1627	0
LINC00524	NA	0	418	0
LINC00525	NA	8	1188	0.272797
LINC00526	NA	115	1306	3.56714
LINC00528	NA	0	2192	0
LINC00534	NA	0	869	0
LINC00535	NA	11	1914	0.232818
LINC00536	NA	1	2692	0.0150484
LINC00538	NA	0	1905	0
LINC00539	NA	2	984	0.0823381
LINC00540	NA	0	2142	0
LINC00544	NA	0	696	0
LINC00545	NA	0	400	0
LINC00547	NA	0	3314	0
LINC00548	NA	0	2551	0
LINC00550	NA	0	3433	0
LINC00551	NA	0	1967	0
LINC00552	NA	0	2579	0
LINC00554	NA	0	3010	0
LINC00557	NA	0	1279	0
LINC00558	NA	0	3163	0
LINC00559	NA	0	3865	0
LINC00562	NA	7	2470	0.114807
LINC00563	NA	0	1400	0
LINC00564	NA	0	1118	0
LINC00565	NA	3	2478	0.049044
LINC00566	NA	0	569	0
LINC00570	NA	0	1330	0
LINC00571	NA	1	521	0.077755
LINC00572	NA	0	575	0
LINC00574	NA	2	2566	0.0315747
LINC00575	NA	0	910	0
LINC00577	NA	1	575	0.0704528
LINC00578	NA	0	1222	0
LINC00581	NA	0	987	0
LINC00582	NA	1	597	0.0678565
LINC00583	NA	0	384	0
LINC00587	NA	0	584	0
LINC00588	NA	0	1875	0
LINC00589	NA	0	1398	0
LINC00592	NA	1	1053	0.0384714
LINC00593	NA	0	1330	0
LINC00595	NA	0	874	0
LINC00597	NA	0	1497	0
LINC00598	NA	1	5257	0.00770598
LINC00599	NA	0	2922	0
LINC00601	NA	0	1168	0
LINC00602	NA	0	2065	0
LINC00603	NA	0	562	0
LINC00605	NA	0	1558	0
LINC00606	NA	0	2869	0
LINC00607	NA	0	3690	0
LINC00608	NA	0	1556	0
LINC00609	NA	0	583	0
LINC00612	NA	0	2210	0
LINC00613	NA	0	549	0
LINC00615	NA	0	1406	0
LINC00616	NA	208	2016	4.17964
LINC00618	NA	2	361	0.224434
LINC00619	NA	0	1121	0
LINC00620	NA	1	994	0.0407549
LINC00622	NA	0	1590	0
LINC00623	NA	407	3694	4.46337
LINC00624	NA	2	3373	0.0240204
LINC00626	NA	0	955	0
LINC00628	NA	0	1290	0
LINC00629	NA	5	1333	0.151952
LINC00630	NA	39	2117	0.746293
LINC00632	NA	0	2750	0
LINC00633	NA	0	631	0
LINC00634	NA	24	1506	0.645583
LINC00635	NA	0	1760	0
LINC00636	NA	0	1306	0
LINC00637	NA	1	2056	0.0197035
LINC00638	NA	25	2518	0.402207
LINC00639	NA	1	4306	0.00940788
LINC00640	NA	0	674	0
LINC00641	NA	549	5715	3.89154
LINC00642	NA	0	709	0
LINC00643	NA	0	6635	0
LINC00644	NA	0	294	0
LINC00645	NA	2	3535	0.0229196
LINC00648	NA	0	2886	0
LINC00649	NA	54	4830	0.452911
LINC00652	NA	6	1799	0.13511
LINC00654	NA	0	3591	0
LINC00656	NA	0	1911	0
LINC00657	NA	10426	5343	79.0494
LINC00658	NA	0	1639	0
LINC00659	NA	5	706	0.2869
LINC00661	NA	0	3342	0
LINC00662	NA	200	2051	3.9503
LINC00663	NA	166	2371	2.83624
LINC00664	NA	0	3760	0
LINC00665	NA	8	2125	0.15251
LINC00667	NA	663	3977	6.75342
LINC00668	NA	0	1751	0
LINC00669	NA	57	2147	1.0755
LINC00670	NA	0	2767	0
LINC00671	NA	1	1844	0.0219687
LINC00672	NA	6	3692	0.0658348
LINC00673	NA	11	2257	0.197436
LINC00674	NA	522	11193	1.88925
LINC00675	NA	2	1530	0.0529547
LINC00676	NA	0	509	0
LINC00678	NA	11	962	0.463216
LINC00681	NA	0	504	0
LINC00682	NA	0	1424	0
LINC00683	NA	0	2221	0
LINC00684	NA	0	465	0
LINC00685	NA	33	1340	0.997643
LINC00687	NA	0	524	0
LINC00689	NA	0	4013	0
LINC00690	NA	0	1367	0
LINC00691	NA	0	2241	0
LINC00692	NA	0	930	0
LINC00693	NA	0	1654	0
LINC00696	NA	0	3019	0
LINC00698	NA	0	1835	0
LINC00700	NA	0	2097	0
LINC00701	NA	0	5505	0
LINC00702	NA	0	565	0
LINC00703	NA	0	2598	0
LINC00704	NA	7	1394	0.203423
LINC00705	NA	0	1011	0
LINC00706	NA	0	703	0
LINC00707	NA	0	3070	0
LINC00708	NA	0	915	0
LINC00709	NA	0	713	0
LINC00710	NA	0	1112	0
LINC00824	NA	0	3888	0
LINC00836	NA	0	2881	0
LINC00837	NA	0	4014	0
LINC00838	NA	0	2958	0
LINC00839	NA	267	2306	4.69049
LINC00840	NA	0	1974	0
LINC00841	NA	0	981	0
LINC00842	NA	0	2877	0
LINC00844	NA	0	659	0
LINC00845	NA	1	693	0.0584565
LINC00847	NA	22	2082	0.428063
LINC00850	NA	0	662	0
LINC00851	NA	0	726	0
LINC00852	NA	26	1328	0.793124
LINC00853	NA	2	661	0.122573
LINC00854	NA	2	966	0.0838723
LINC00856	NA	0	2815	0
LINC00857	NA	174	2161	3.26182
LINC00858	NA	0	2685	0
LINC00861	NA	1	5454	0.00742764
LINC00862	NA	2	1417	0.0571776
LINC00864	NA	0	1195	0
LINC00865	NA	1	4289	0.00944517
LINC00866	NA	0	418	0
LINC00867	NA	0	580	0
LINC00869	NA	414	1612	10.404
LINC00870	NA	0	2700	0
LINC00871	NA	0	1193	0
LINC00877	NA	0	2315	0
LINC00879	NA	0	1038	0
LINC00880	NA	1	2016	0.0200944
LINC00881	NA	0	791	0
LINC00882	NA	0	603	0
LINC00883	NA	0	4014	0
LINC00884	NA	4	1123	0.144293
LINC00885	NA	0	1828	0
LINC00886	NA	3	3337	0.0364192
LINC00887	NA	0	3013	0
LINC00888	NA	160	1671	3.87891
LINC00889	NA	0	2908	0
LINC00890	NA	0	4595	0
LINC00891	NA	0	1064	0
LINC00892	NA	0	689	0
LINC00893	NA	36	2346	0.621642
LINC00894	NA	82	3182	1.04395
LINC00895	NA	0	710	0
LINC00896	NA	20	2206	0.367274
LINC00898	NA	0	4185	0
LINC00899	NA	1	1610	0.0251617
LINC00900	NA	0	2243	0
LINC00901	NA	0	1452	0
LINC00904	NA	0	471	0
LINC00905	NA	0	1815	0
LINC00906	NA	0	3444	0
LINC00907	NA	1	7910	0.00512141
LINC00908	NA	0	2243	0
LINC00909	NA	281	3474	3.27674
LINC00910	NA	9	4399	0.0828809
LINC00911	NA	0	591	0
LINC00917	NA	0	2618	0
LINC00919	NA	0	1658	0
LINC00920	NA	4	912	0.177677
LINC00921	NA	14	2442	0.232246
LINC00922	NA	0	1760	0
LINC00923	NA	4	1517	0.106817
LINC00924	NA	1	2684	0.0150933
LINC00925	NA	44	4198	0.424596
LINC00926	NA	28	2516	0.45083
LINC00927	NA	0	2915	0
LINC00928	NA	0	2388	0
LINC00929	NA	56	1485	1.52766
LINC00930	NA	1	1762	0.0229911
LINC00933	NA	1	2775	0.0145983
LINC00934	NA	0	2291	0
LINC00935	NA	0	658	0
LINC00936	NA	21	2998	0.283762
LINC00937	NA	10	661	0.612864
LINC00938	NA	338	2202	6.21821
LINC00939	NA	0	2078	0
LINC00940	NA	0	2352	0
LINC00941	NA	0	1895	0
LINC00942	NA	0	2244	0
LINC00943	NA	0	2259	0
LINC00944	NA	1	621	0.065234
LINC00945	NA	0	849	0
LINC00950	NA	8	5245	0.0617889
LINC00951	NA	2	3122	0.0259515
LINC00954	NA	1	3015	0.0134363
LINC00955	NA	0	2483	0
LINC00957	NA	8	1757	0.184452
LINC00958	NA	6	1559	0.155909
LINC00959	NA	75	2671	1.1375
LINC00960	NA	3	2886	0.0421105
LINC00961	NA	2	1546	0.0524066
LINC00963	NA	100	2119	1.91177
LINC00964	NA	1	3579	0.0113189
LINC00965	NA	94	8622	0.441658
LINC00967	NA	0	1503	0
LINC00968	NA	0	2520	0
LINC00969	NA	114	940	4.91296
LINC00970	NA	0	1129	0
LINC00971	NA	8	7309	0.0443402
LINC00974	NA	0	2141	0
LINC00977	NA	25	1153	0.878368
LINC00982	NA	268	3848	2.82141
LINC00987	NA	1607	2469	26.367
LINC00989	NA	0	2054	0
LINC00992	NA	0	3091	0
LINC00993	NA	0	653	0
LINC00994	NA	0	2129	0
LINC00996	NA	5	2043	0.0991442
LINC00997	NA	171	4639	1.49327
LINC00998	NA	811	1127	29.1516
LINC00999	NA	537	5253	4.14126
LINC01000	NA	1276	10263	5.03665
LINC01001	NA	1473	4614	12.9328
LINC01002	NA	1831	4874	15.2184
LINC01003	NA	130	1422	3.70348
LINC01004	NA	132	9419	0.567721
LINC01005	NA	0	2891	0
LINC01006	NA	13	758	0.694768
LINC01007	NA	0	2664	0
LINC01010	NA	0	2062	0
LINC01011	NA	63	2809	0.908562
LINC01012	NA	15	3194	0.190249
LINC01013	NA	0	1002	0
LINC01014	NA	0	548	0
LINC01015	NA	1	12382	0.00327171
LINC01016	NA	0	3151	0
LINC01017	NA	0	625	0
LINC01018	NA	0	3366	0
LINC01019	NA	0	3199	0
LINC01020	NA	0	1749	0
LINC01021	NA	275	1106	10.0726
LINC01023	NA	15	437	1.39051
LINC01024	NA	14	3138	0.180734
LINC01028	NA	5	1173	0.172678
LINC01029	NA	0	1310	0
LINC01030	NA	1	765	0.0529547
LINC01031	NA	0	779	0
LINC01032	NA	1	435	0.0931272
LINC01033	NA	1	715	0.0566578
LINC01036	NA	5	779	0.260015
LINC01038	NA	0	457	0
LINC01039	NA	1	3923	0.0103264
LINC01040	NA	0	667	0
LINC01044	NA	0	657	0
LINC01046	NA	0	405	0
LINC01047	NA	0	777	0
LINC01048	NA	0	529	0
LINC01049	NA	1	1002	0.0404295
LINC01050	NA	0	760	0
LINC01053	NA	0	1777	0
LINC01054	NA	1	316	0.128197
LINC01055	NA	0	706	0
LINC01056	NA	0	1234	0
LINC01057	NA	179	1331	5.44805
LINC01058	NA	2	535	0.151441
LINC01060	NA	0	483	0
LINC01061	NA	601	4818	5.05328
LINC01063	NA	3	342	0.355354
LINC01065	NA	0	565	0
LINC01068	NA	1	636	0.0636955
LINC01069	NA	0	2615	0
LINC01070	NA	0	1291	0
LINC01072	NA	1	431	0.0939915
LINC01075	NA	0	669	0
LINC01080	NA	0	622	0
LINC01081	NA	0	736	0
LINC01082	NA	0	439	0
LINC01085	NA	0	1984	0
LINC01087	NA	0	3516	0
LINC01088	NA	0	1011	0
LINC01089	NA	205	1521	5.45997
LINC01090	NA	1	496	0.0816741
LINC01091	NA	154	2675	2.33218
LINC01093	NA	0	1529	0
LINC01094	NA	0	4286	0
LINC01095	NA	0	1182	0
LINC01096	NA	0	1749	0
LINC01097	NA	0	2122	0
LINC01098	NA	0	1034	0
LINC01099	NA	0	1771	0
LINC01100	NA	0	618	0
LINC01101	NA	0	2015	0
LINC01102	NA	0	1505	0
LINC01103	NA	0	1459	0
LINC01104	NA	0	3115	0
LINC01105	NA	0	11868	0
LINC01106	NA	316	2182	5.86676
LINC01107	NA	2	2420	0.0334796
LINC01108	NA	0	3697	0
LINC01111	NA	0	1639	0
LINC01114	NA	0	2437	0
LINC01115	NA	0	1521	0
LINC01116	NA	1	1058	0.0382895
LINC01117	NA	0	656	0
LINC01118	NA	1	1043	0.0388402
LINC01119	NA	6	1210	0.200878
LINC01120	NA	0	3055	0
LINC01121	NA	0	1098	0
LINC01122	NA	0	4296	0
LINC01123	NA	422	2519	6.78657
LINC01124	NA	0	2129	0
LINC01125	NA	20	1369	0.591824
LINC01126	NA	15	1645	0.369395
LINC01127	NA	0	996	0
LINC01128	NA	394	9233	1.7287
LINC01132	NA	4	3793	0.0427212
LINC01133	NA	0	1138	0
LINC01134	NA	9	1952	0.186779
LINC01135	NA	0	1123	0
LINC01136	NA	3	2741	0.0443382
LINC01137	NA	2	1427	0.0567769
LINC01138	NA	201	2052	3.96812
LINC01139	NA	100	1531	2.646
LINC01140	NA	8	4642	0.0698153
LINC01141	NA	0	3783	0
LINC01142	NA	0	1725	0
LINC01143	NA	0	650	0
LINC01144	NA	37	1710	0.876539
LINC01146	NA	0	831	0
LINC01150	NA	0	1203	0
LINC01151	NA	0	571	0
LINC01152	NA	0	3578	0
LINC01158	NA	0	2948	0
LINC01159	NA	0	3971	0
LINC01160	NA	15	1542	0.394069
LINC01162	NA	0	432	0
LINC01163	NA	0	3011	0
LINC01164	NA	58	3384	0.694326
LINC01166	NA	50	2889	0.701113
LINC01167	NA	4	604	0.26828
LINC01168	NA	2	5397	0.0150122
LINC01169	NA	0	837	0
LINC01170	NA	2	737	0.109933
LINC01176	NA	8	715	0.453263
LINC01177	NA	0	536	0
LINC01179	NA	1	2163	0.0187288
LINC01180	NA	0	2025	0
LINC01182	NA	0	2228	0
LINC01184	NA	195	2953	2.67508
LINC01185	NA	0	1705	0
LINC01186	NA	0	655	0
LINC01187	NA	0	1334	0
LINC01189	NA	0	1169	0
LINC01191	NA	1	852	0.0475473
LINC01192	NA	0	1519	0
LINC01193	NA	0	3402	0
LINC01194	NA	0	624	0
LINC01195	NA	0	448	0
LINC01197	NA	0	1378	0
LINC01198	NA	1	934	0.043373
LINC01201	NA	0	294	0
LINC01202	NA	0	697	0
LINC01203	NA	1	580	0.0698454
LINC01204	NA	2	4720	0.0171654
LINC01205	NA	0	4009	0
LINC01206	NA	0	9557	0
LINC01207	NA	0	3123	0
LINC01208	NA	2	822	0.0985653
LINC01209	NA	0	2399	0
LINC01210	NA	0	1321	0
LINC01212	NA	1	2026	0.0199952
LINC01213	NA	0	605	0
LINC01214	NA	4	818	0.198095
LINC01215	NA	0	2671	0
LINC01216	NA	0	824	0
LINC01219	NA	0	722	0
LINC01220	NA	0	488	0
LINC01221	NA	0	662	0
LINC01222	NA	0	768	0
LINC01224	NA	0	2563	0
LINC01225	NA	1	1168	0.0346835
LINC01226	NA	4	2741	0.0591176
LINC01227	NA	0	1436	0
LINC01229	NA	0	1215	0
LINC01230	NA	0	498	0
LINC01231	NA	0	1494	0
LINC01232	NA	22	1817	0.490494
LINC01233	NA	0	613	0
LINC01234	NA	97	2222	1.76845
LINC01237	NA	2	576	0.140661
LINC01239	NA	0	2347	0
LINC01241	NA	0	1237	0
LINC01242	NA	0	1255	0
LINC01246	NA	0	588	0
LINC01247	NA	2	4209	0.0192494
LINC01248	NA	1	702	0.057707
LINC01249	NA	0	2674	0
LINC01250	NA	0	2344	0
LINC01251	NA	3	486	0.250064
LINC01252	NA	5	3671	0.0551762
LINC01254	NA	0	1907	0
LINC01255	NA	0	641	0
LINC01256	NA	0	505	0
LINC01257	NA	1	2473	0.016381
LINC01258	NA	0	2059	0
LINC01260	NA	4	1157	0.140053
LINC01262	NA	0	878	0
LINC01264	NA	0	500	0
LINC01265	NA	18	800	0.911483
LINC01266	NA	18	3851	0.18935
LINC01267	NA	0	2284	0
LINC01268	NA	1	2750	0.014731
LINC01269	NA	0	602	0
LINC01270	NA	2	2278	0.0355666
LINC01271	NA	2	2250	0.0360092
LINC01272	NA	0	2010	0
LINC01273	NA	2	705	0.114923
LINC01276	NA	0	816	0
LINC01277	NA	1	1902	0.0212988
LINC01278	NA	526	2886	7.38338
LINC01279	NA	3	5176	0.0234797
LINC01280	NA	0	1617	0
LINC01281	NA	0	1773	0
LINC01282	NA	0	880	0
LINC01284	NA	0	742	0
LINC01285	NA	0	836	0
LINC01287	NA	0	1008	0
LINC01288	NA	0	660	0
LINC01289	NA	0	3708	0
LINC01291	NA	3	494	0.246014
LINC01296	NA	857	1401	24.7804
LINC01298	NA	0	519	0
LINC01299	NA	0	2520	0
LINC01300	NA	0	796	0
LINC01301	NA	4	3485	0.0464968
LINC01304	NA	0	2416	0
LINC01305	NA	0	3122	0
LINC01307	NA	0	474	0
LINC01309	NA	0	492	0
LINC01310	NA	2	4015	0.0201795
LINC01311	NA	83	1127	2.98346
LINC01312	NA	0	3517	0
LINC01314	NA	3	6943	0.0175041
LINC01315	NA	16	1239	0.523136
LINC01317	NA	1	772	0.0524745
LINC01320	NA	0	1131	0
LINC01322	NA	0	753	0
LINC01324	NA	18	844	0.863965
LINC01327	NA	0	535	0
LINC01330	NA	0	2678	0
LINC01331	NA	0	568	0
LINC01333	NA	0	784	0
LINC01335	NA	0	389	0
LINC01336	NA	110	534	8.34483
LINC01337	NA	2	442	0.183305
LINC01338	NA	46	631	2.95321
LINC01339	NA	0	573	0
LINC01340	NA	0	729	0
LINC01341	NA	22	1123	0.793613
LINC01342	NA	1	1618	0.0250373
LINC01343	NA	1	2283	0.0177443
LINC01344	NA	1	571	0.0709463
LINC01346	NA	0	568	0
LINC01347	NA	272	3834	2.87397
LINC01349	NA	0	823	0
LINC01350	NA	0	603	0
LINC01351	NA	0	1423	0
LINC01352	NA	1	961	0.0421544
LINC01353	NA	0	902	0
LINC01354	NA	0	2860	0
LINC01355	NA	75	3511	0.865359
LINC01356	NA	103	1824	2.28759
LINC01358	NA	0	471	0
LINC01359	NA	1	1079	0.0375443
LINC01360	NA	0	4080	0
LINC01361	NA	0	1585	0
LINC01363	NA	11	1854	0.240353
LINC01364	NA	0	886	0
LINC01365	NA	0	533	0
LINC01366	NA	0	2242	0
LINC01370	NA	0	838	0
LINC01372	NA	13	490	1.07476
LINC01375	NA	0	1860	0
LINC01377	NA	0	649	0
LINC01378	NA	0	429	0
LINC01384	NA	0	659	0
LINC01386	NA	0	507	0
LINC01387	NA	0	603	0
LINC01389	NA	18	861	0.846906
LINC01391	NA	2	3538	0.0229001
LINC01392	NA	0	548	0
LINC01393	NA	0	1187	0
LINC01395	NA	0	977	0
LINC01396	NA	1	527	0.0768697
LINC01397	NA	8	579	0.559728
LINC01398	NA	0	1129	0
LINC01399	NA	0	648	0
LINC01402	NA	0	279	0
LINC01405	NA	0	359	0
LINC01410	NA	0	2877	0
LINC01411	NA	86	1079	3.22881
LINC01412	NA	0	423	0
LINC01413	NA	0	986	0
LINC01416	NA	0	2310	0
LINC01419	NA	4	1518	0.106747
LINC01420	NA	1053	694	61.466
LINC01422	NA	0	564	0
LINC01423	NA	0	621	0
LINC01424	NA	49	1366	1.45315
LINC01425	NA	0	760	0
LINC01426	NA	4	3136	0.0516713
LINC01427	NA	0	512	0
LINC01428	NA	0	874	0
LINC01429	NA	0	2327	0
LINC01430	NA	0	430	0
LINC01431	NA	14	636	0.891737
LINC01432	NA	0	677	0
LINC01433	NA	0	682	0
LINC01435	NA	0	720	0
LINC01436	NA	0	1523	0
LINC01440	NA	0	636	0
LINC01441	NA	0	2290	0
LINC01443	NA	0	1871	0
LINC01444	NA	0	763	0
LINC01445	NA	0	1142	0
LINC01446	NA	0	3484	0
LINC01447	NA	42	2761	0.616238
LINC01448	NA	0	1170	0
LINC01449	NA	0	1214	0
LINC01450	NA	0	3252	0
LINC01455	NA	0	561	0
LINC01461	NA	2	560	0.14468
LINC01465	NA	77	1684	1.85231
LINC01467	NA	0	1187	0
LINC01468	NA	11	1174	0.379569
LINC01470	NA	2	2177	0.0372167
LINC01471	NA	0	1230	0
LINC01473	NA	4	602	0.269172
LINC01474	NA	0	638	0
LINC01475	NA	0	766	0
LINC01476	NA	0	546	0
LINC01477	NA	0	1226	0
LINC01478	NA	0	2069	0
LINC01479	NA	0	472	0
LINC01480	NA	54	478	4.57648
LINC01481	NA	64	1340	1.93482
LINC01482	NA	0	2616	0
LINC01483	NA	931	712	52.9707
LINC01484	NA	0	570	0
LINC01485	NA	0	741	0
LINC01486	NA	0	612	0
LINC01487	NA	0	405	0
LINC01488	NA	0	3425	0
LINC01489	NA	0	605	0
LINC01490	NA	0	1476	0
LINC01491	NA	0	439	0
LINC01492	NA	0	3732	0
LINC01493	NA	0	506	0
LINC01494	NA	0	1008	0
LINC01495	NA	0	437	0
LINC01496	NA	0	543	0
LINC01497	NA	161	726	8.9837
LINC01498	NA	0	549	0
LINC01499	NA	0	553	0
LINC01500	NA	0	752	0
LINC01501	NA	0	2020	0
LINC01502	NA	0	2638	0
LINC01503	NA	820	752	44.1735
LINC01504	NA	1	2456	0.0164944
LINC01505	NA	0	2056	0
LINC01506	NA	0	351	0
LINC01507	NA	6	1124	0.216247
LINC01508	NA	0	1019	0
LINC01509	NA	0	960	0
LINC01510	NA	0	1358	0
LINC01511	NA	2	1622	0.0499511
LINC01512	NA	0	2282	0
LINC01514	NA	0	1339	0
LINC01515	NA	19	679	1.13357
LINC01516	NA	0	2977	0
LINC01517	NA	0	619	0
LINC01518	NA	0	1966	0
LINC01519	NA	0	2244	0
LINC01520	NA	0	1492	0
LINC01521	NA	268	4397	2.46913
LINC01522	NA	6	925	0.26277
LINC01523	NA	0	628	0
LINC01524	NA	0	4385	0
LINC01525	NA	0	565	0
LINC01526	NA	0	555	0
LINC01529	NA	0	2191	0
LINC01530	NA	16	1701	0.38105
LINC01531	NA	1	3312	0.0122314
LINC01532	NA	0	1948	0
LINC01533	NA	0	1269	0
LINC01534	NA	47	880	2.16362
LINC01535	NA	3	2070	0.0587106
LINC01537	NA	0	2447	0
LINC01538	NA	0	2407	0
LINC01539	NA	1	2392	0.0169358
LINC01541	NA	0	3103	0
LINC01543	NA	0	770	0
LINC01544	NA	0	3217	0
LINC01545	NA	5	520	0.389522
LINC01546	NA	0	674	0
LINC01547	NA	71	2185	1.31635
LINC01548	NA	0	595	0
LINC01549	NA	2	717	0.113
LINC01550	NA	0	1458	0
LINC01551	NA	0	3730	0
LINC01552	NA	0	640	0
LINC01553	NA	0	1815	0
LINC01554	NA	0	1916	0
LINC01555	NA	0	2884	0
LINC01556	NA	6	3183	0.0763626
LINC01558	NA	0	1650	0
LINC01559	NA	9	3202	0.113864
LINC01560	NA	47	2512	0.757956
LINC01561	NA	0	2175	0
LINC01563	NA	0	872	0
LINC01564	NA	0	566	0
LINC01565	NA	2	2697	0.030041
LINC01566	NA	0	3366	0
LINC01567	NA	0	2907	0
LINC01568	NA	0	1328	0
LINC01569	NA	83	2093	1.60648
LINC01570	NA	0	786	0
LINC01571	NA	0	437	0
LINC01572	NA	26	1728	0.609531
LINC01573	NA	35	546	2.59682
LINC01574	NA	0	610	0
LINC01578	NA	1401	2035	27.8894
LINC01580	NA	0	1136	0
LINC01581	NA	0	3173	0
LINC01582	NA	3	747	0.162692
LINC01583	NA	0	2567	0
LINC01584	NA	0	852	0
LINC01585	NA	0	1282	0
LINC01586	NA	0	2082	0
LINC01587	NA	0	1053	0
LINC01588	NA	6	9713	0.0250244
LINC01589	NA	0	574	0
LINC01590	NA	34	1558	0.884051
LINC01591	NA	0	1240	0
LINC01592	NA	0	2367	0
LINC01594	NA	1	611	0.0663017
LINC01599	NA	0	977	0
LINC01600	NA	9	2434	0.149792
LINC01602	NA	508	2109	9.75782
LINC01603	NA	0	1463	0
LINC01604	NA	113	756	6.05512
LINC01605	NA	86	2177	1.60032
LINC01606	NA	1	2813	0.0144011
LINC01607	NA	0	621	0
LINC01608	NA	0	752	0
LINC01609	NA	0	456	0
LINC01611	NA	0	571	0
LINCMD1	NA	2	366	0.221368
LINCR-0001	NA	0	545	0
LINCR-0002	NA	0	1182	0
LINCR-0003	NA	0	1309	0
LINGO1	NA	2000	4674	17.3343
LINGO1-AS1	NA	0	1719	0
LINGO1-AS2	NA	0	664	0
LINGO2	NA	0	3412	0
LINGO3	NA	0	2130	0
LINGO4	NA	0	2667	0
LINS	NA	237	2512	3.82203
LIPA	NA	272	2793	3.94515
LIPC	NA	0	1604	0
LIPE	NA	341	3813	3.62288
LIPE-AS1	NA	132	2924	1.82878
LIPF	NA	0	1526	0
LIPG	NA	559	4168	5.43313
LIPH	NA	0	2474	0
LIPI	NA	0	1743	0
LIPJ	NA	1	1484	0.0272981
LIPK	NA	0	1200	0
LIPM	NA	0	1484	0
LIPN	NA	0	1197	0
LIPT1	NA	147	2019	2.94949
LIPT2	NA	77	960	3.24927
LITAF	NA	2326	2926	32.2034
LIX1	NA	39	3967	0.398261
LIX1L	NA	1261	3997	12.7805
LKAAEAR1	NA	0	868	0
LL22NC01-81G9.3	NA	2	992	0.0816741
LL22NC03-63E9.3	NA	1	3108	0.0130342
LL22NC03-75H12.2	NA	0	984	0
LLGL1	NA	1234	4224	11.8347
LLGL2	NA	218	3764	2.34624
LLPH	NA	2225	1217	74.0637
LLPH-AS1	NA	9	623	0.585222
LMAN1	NA	3239	4834	27.1438
LMAN1L	NA	0	1736	0
LMAN2	NA	4678	1832	103.443
LMAN2L	NA	727	2442	12.0602
LMBR1	NA	1625	4890	13.462
LMBR1L	NA	230	2549	3.65531
LMBRD1	NA	266	2308	4.66887
LMBRD2	NA	74	3237	0.926094
LMCD1	NA	139	3159	1.78251
LMCD1-AS1	NA	9	2147	0.169815
LMF1	NA	1926	4674	16.693
LMF1-AS1	NA	7	1477	0.191992
LMF2	NA	1682	2599	26.2172
LMLN	NA	428	7154	2.4236
LMLN-AS1	NA	9	548	0.665316
LMNA	NA	8956	4104	88.4041
LMNB1	NA	3988	3403	47.4744
LMNB2	NA	7130	4644	62.1961
LMNTD1	NA	1	3695	0.0109636
LMNTD2	NA	145	2098	2.79981
LMO1	NA	8	1629	0.198946
LMO2	NA	16	2416	0.26828
LMO3	NA	0	5156	0
LMO4	NA	27	5406	0.202327
LMO7	NA	43	8949	0.194652
LMO7-AS1	NA	79	593	5.39682
LMO7DN	NA	0	1168	0
LMO7DN-IT1	NA	0	319	0
LMOD1	NA	12	3967	0.122542
LMOD2	NA	0	2149	0
LMOD3	NA	0	2315	0
LMTK2	NA	662	8945	2.99808
LMTK3	NA	1041	4972	8.48175
LMX1A	NA	0	3717	0
LMX1B	NA	4255	5830	29.5663
LNP1	NA	63	2217	1.15117
LNPEP	NA	102	4795	0.861742
LNX1	NA	23	3505	0.265831
LNX1-AS1	NA	0	553	0
LNX1-AS2	NA	0	1962	0
LNX2	NA	589	4804	4.96682
LOC100049716	NA	59	2338	1.02229
LOC100101148	NA	63	875	2.91674
LOC100101478	NA	1	979	0.0413793
LOC100126784	NA	1	3739	0.0108345
LOC100128006	NA	0	3727	0
LOC100128076	NA	7	2012	0.140941
LOC100128164	NA	1	7012	0.00577729
LOC100128176	NA	0	2081	0
LOC100128233	NA	1	1442	0.0280932
LOC100128239	NA	5	2299	0.0881043
LOC100128288	NA	8	2129	0.152223
LOC100128317	NA	2	4790	0.0169145
LOC100128361	NA	55	2486	0.896246
LOC100128398	NA	70	1897	1.49485
LOC100128494	NA	852	4233	8.15375
LOC100128531	NA	4	973	0.166538
LOC100128554	NA	0	2453	0
LOC100128568	NA	2	639	0.126793
LOC100128573	NA	1	525	0.0771625
LOC100128593	NA	2	2702	0.0299854
LOC100128714	NA	36	1967	0.741419
LOC100128770	NA	13	3060	0.172103
LOC100128885	NA	0	4369	0
LOC100128993	NA	0	1011	0
LOC100129027	NA	0	3586	0
LOC100129034	NA	4637	5712	32.8863
LOC100129046	NA	7	1562	0.181544
LOC100129055	NA	1	2775	0.0145983
LOC100129083	NA	23	729	1.2781
LOC100129138	NA	26	1209	0.87119
LOC100129148	NA	349	460	30.735
LOC100129175	NA	0	1993	0
LOC100129203	NA	0	1960	0
LOC100129216	NA	2	213	0.380379
LOC100129316	NA	0	5249	0
LOC100129345	NA	0	1670	0
LOC100129434	NA	3	2863	0.0424488
LOC100129461	NA	114	4470	1.03315
LOC100129518	NA	89	1717	2.09984
LOC100129520	NA	1	2982	0.013585
LOC100129534	NA	129	2248	2.32466
LOC100129550	NA	102	5904	0.699874
LOC100129603	NA	0	559	0
LOC100129617	NA	4	1921	0.0843526
LOC100129620	NA	33	2544	0.525488
LOC100129636	NA	10	3318	0.122093
LOC100129697	NA	9	1562	0.233414
LOC100129917	NA	64	1700	1.5251
LOC100129924	NA	0	983	0
LOC100129931	NA	1421	4300	13.3873
LOC100129935	NA	1	1831	0.0221247
LOC100129940	NA	95	6146	0.626177
LOC100129973	NA	13	1520	0.34647
LOC100130075	NA	6	1058	0.229737
LOC100130093	NA	874	2377	14.8953
LOC100130238	NA	26	3877	0.271671
LOC100130264	NA	0	1789	0
LOC100130298	NA	0	513	0
LOC100130331	NA	73	3125	0.946321
LOC100130357	NA	7	2305	0.123025
LOC100130370	NA	0	767	0
LOC100130417	NA	338	1506	9.09196
LOC100130451	NA	2	1726	0.0469413
LOC100130452	NA	0	506	0
LOC100130476	NA	0	1964	0
LOC100130587	NA	10	3264	0.124113
LOC100130673	NA	0	1597	0
LOC100130691	NA	55	5206	0.427981
LOC100130700	NA	0	600	0
LOC100130705	NA	84	3803	0.894785
LOC100130744	NA	33	2599	0.514367
LOC100130849	NA	0	564	0
LOC100130872	NA	3	4981	0.0243989
LOC100130880	NA	0	577	0
LOC100130899	NA	3	4246	0.0286225
LOC100130950	NA	23	1728	0.5392
LOC100130964	NA	0	520	0
LOC100130987	NA	33	850	1.57275
LOC100130992	NA	0	6477	0
LOC100131047	NA	0	2125	0
LOC100131257	NA	3	21017	0.00578251
LOC100131289	NA	17	828	0.831734
LOC100131303	NA	2	1185	0.0683719
LOC100131315	NA	0	585	0
LOC100131347	NA	5	2305	0.0878749
LOC100131496	NA	1	2253	0.0179806
LOC100131564	NA	296	4033	2.97324
LOC100131626	NA	4	572	0.283289
LOC100131635	NA	0	338	0
LOC100131655	NA	35	1295	1.09487
LOC100132057	NA	20	2970	0.272797
LOC100132062	NA	1549	8740	7.17969
LOC100132077	NA	3	2162	0.0562123
LOC100132078	NA	8	2587	0.125274
LOC100132111	NA	0	761	0
LOC100132146	NA	1	1826	0.0221853
LOC100132174	NA	0	2281	0
LOC100132215	NA	107	2162	2.00491
LOC100132287	NA	1549	8740	7.17969
LOC100132304	NA	0	465	0
LOC100132352	NA	379	2577	5.95786
LOC100132356	NA	14	1785	0.317728
LOC100132735	NA	443	1294	13.8687
LOC100132741	NA	0	1064	0
LOC100132781	NA	0	2138	0
LOC100132831	NA	9	1980	0.184138
LOC100133050	NA	2	701	0.115579
LOC100133077	NA	9	3222	0.113157
LOC100133091	NA	223	2686	3.36329
LOC100133267	NA	0	480	0
LOC100133286	NA	3	1221	0.099534
LOC100133315	NA	15	1245	0.488076
LOC100133331	NA	1534	8546	7.27157
LOC100133461	NA	0	1033	0
LOC100133669	NA	1	702	0.057707
LOC100133920	NA	247	2029	4.93152
LOC100133985	NA	25	661	1.53216
LOC100134317	NA	2	597	0.135713
LOC100134368	NA	8	1571	0.206291
LOC100134391	NA	0	1140	0
LOC100134868	NA	40	1554	1.04274
LOC100144595	NA	2	2362	0.0343017
LOC100147773	NA	26	2147	0.490577
LOC100190940	NA	0	3211	0
LOC100190986	NA	74	2432	1.23263
LOC100192426	NA	0	616	0
LOC100233156	NA	209	1620	5.22633
LOC100240728	NA	0	697	0
LOC100240734	NA	1	491	0.0825058
LOC100240735	NA	5	905	0.223814
LOC100268168	NA	63	1997	1.27799
LOC100270746	NA	49	941	2.10946
LOC100270804	NA	26	2017	0.522196
LOC100271832	NA	0	1391	0
LOC100272216	NA	2	2049	0.0395416
LOC100272217	NA	28	2145	0.528806
LOC100286922	NA	0	1030	0
LOC100287010	NA	0	1084	0
LOC100287015	NA	384	2408	6.46012
LOC100287036	NA	6	1205	0.201711
LOC100287042	NA	397	2597	6.19276
LOC100287072	NA	76	2143	1.43667
LOC100287225	NA	0	4771	0
LOC100287592	NA	0	626	0
LOC100287632	NA	0	711	0
LOC100287704	NA	1	655	0.0618478
LOC100287728	NA	1	413	0.098088
LOC100287792	NA	0	2112	0
LOC100287834	NA	1	655	0.0618478
LOC100287846	NA	0	3510	0
LOC100287944	NA	4	569	0.284783
LOC100288069	NA	51	1371	1.50695
LOC100288123	NA	51	1698	1.21674
LOC100288152	NA	405	1781	9.21206
LOC100288162	NA	527	2152	9.92051
LOC100288181	NA	94	5684	0.669946
LOC100288254	NA	0	1802	0
LOC100288570	NA	19	856	0.899178
LOC100288637	NA	235	5878	1.61959
LOC100288748	NA	0	2183	0
LOC100288778	NA	2202	1875	47.5753
LOC100288798	NA	38	906	1.69911
LOC100288842	NA	8	583	0.555888
LOC100288846	NA	22	1359	0.655796
LOC100288866	NA	8	1221	0.265424
LOC100288911	NA	204	716	11.5421
LOC100288966	NA	0	1826	0
LOC100289230	NA	39	1876	0.842166
LOC100289333	NA	2	374	0.216633
LOC100289361	NA	17	623	1.10542
LOC100289473	NA	0	747	0
LOC100289495	NA	29	3908	0.300614
LOC100289511	NA	494	1431	13.9847
LOC100289561	NA	210	1041	8.17211
LOC100289580	NA	30	3776	0.321851
LOC100289650	NA	9	1873	0.194657
LOC100289656	NA	74	895	3.34946
LOC100289673	NA	0	1266	0
LOC100294145	NA	816	29520	1.1198
LOC100294362	NA	36	3698	0.394368
LOC100303749	NA	1	769	0.0526792
LOC100335030	NA	25	3160	0.320493
LOC100379224	NA	120	3361	1.44637
LOC100419583	NA	236	2054	4.65455
LOC100420587	NA	35	3126	0.453571
LOC100421746	NA	0	510	0
LOC100422212	NA	0	2122	0
LOC100422556	NA	25	455	2.22584
LOC100422737	NA	0	1387	0
LOC100499194	NA	0	2316	0
LOC100499484	NA	14	3218	0.176241
LOC100499484-C9ORF174	NA	123	6963	0.715607
LOC100499489	NA	286	2505	4.62513
LOC100500773	NA	0	1364	0
LOC100505478	NA	0	731	0
LOC100505515	NA	0	599	0
LOC100505530	NA	4	1201	0.134922
LOC100505549	NA	68	1982	1.38986
LOC100505622	NA	0	685	0
LOC100505625	NA	1	3364	0.0120423
LOC100505635	NA	0	665	0
LOC100505658	NA	0	2477	0
LOC100505666	NA	92	1836	2.02993
LOC100505715	NA	2	2191	0.0369789
LOC100505716	NA	4	2110	0.0767968
LOC100505736	NA	0	2256	0
LOC100505782	NA	0	2160	0
LOC100505795	NA	0	1963	0
LOC100505817	NA	1	1176	0.0344476
LOC100505841	NA	0	441	0
LOC100505878	NA	0	759	0
LOC100505887	NA	1	485	0.0835265
LOC100505912	NA	7	885	0.320421
LOC100505915	NA	17	2598	0.265079
LOC100505918	NA	0	2441	0
LOC100505920	NA	2	970	0.0835265
LOC100505921	NA	5	1170	0.173121
LOC100505938	NA	27	1073	1.01937
LOC100505942	NA	32	1109	1.16892
LOC100505978	NA	13	863	0.610237
LOC100505984	NA	4	504	0.321511
LOC100506022	NA	2	2438	0.0332324
LOC100506023	NA	29	5619	0.209076
LOC100506071	NA	2	1991	0.0406935
LOC100506076	NA	345	832	16.7982
LOC100506082	NA	9	448	0.813824
LOC100506083	NA	84	1471	2.3133
LOC100506085	NA	1	4365	0.00928072
LOC100506100	NA	14	576	0.984626
LOC100506122	NA	0	1785	0
LOC100506123	NA	335	705	19.2496
LOC100506124	NA	13	1595	0.330178
LOC100506125	NA	4	554	0.292493
LOC100506127	NA	131	13607	0.390009
LOC100506136	NA	6	1577	0.154129
LOC100506142	NA	0	1518	0
LOC100506159	NA	0	979	0
LOC100506175	NA	6	638	0.380975
LOC100506178	NA	4	2434	0.0665741
LOC100506188	NA	0	1460	0
LOC100506207	NA	11	2868	0.155374
LOC100506258	NA	0	4498	0
LOC100506271	NA	0	1964	0
LOC100506272	NA	0	482	0
LOC100506274	NA	0	923	0
LOC100506281	NA	5	861	0.235252
LOC100506302	NA	269	1385	7.86807
LOC100506314	NA	5	1743	0.116209
LOC100506321	NA	64	895	2.89683
LOC100506368	NA	4	1209	0.134029
LOC100506371	NA	1	791	0.0512141
LOC100506384	NA	0	678	0
LOC100506388	NA	0	1017	0
LOC100506393	NA	0	526	0
LOC100506403	NA	0	457	0
LOC100506406	NA	0	393	0
LOC100506422	NA	0	2320	0
LOC100506444	NA	0	1616	0
LOC100506457	NA	11	2777	0.160466
LOC100506470	NA	0	467	0
LOC100506472	NA	26	3566	0.295364
LOC100506474	NA	26	1944	0.541805
LOC100506476	NA	10	984	0.41169
LOC100506497	NA	0	3709	0
LOC100506526	NA	0	1181	0
LOC100506548	NA	814	3880	8.49882
LOC100506551	NA	14	4198	0.135099
LOC100506585	NA	0	4300	0
LOC100506603	NA	423	1843	9.29781
LOC100506606	NA	15	2382	0.255103
LOC100506639	NA	65	1548	1.70102
LOC100506675	NA	0	1133	0
LOC100506679	NA	49	2082	0.953413
LOC100506682	NA	0	957	0
LOC100506688	NA	0	3517	0
LOC100506700	NA	0	637	0
LOC100506725	NA	0	1173	0
LOC100506730	NA	54	2490	0.878537
LOC100506746	NA	11	1945	0.229107
LOC100506747	NA	7	1873	0.1514
LOC100506790	NA	10	388	1.04408
LOC100506801	NA	14	2574	0.220336
LOC100506804	NA	8	1297	0.249871
LOC100506834	NA	1	4388	0.00923207
LOC100506844	NA	210	699	12.1705
LOC100506858	NA	0	444	0
LOC100506860	NA	38	947	1.62555
LOC100506869	NA	0	422	0
LOC100506895	NA	8	2916	0.111139
LOC100506985	NA	46	973	1.91519
LOC100506990	NA	217	4157	2.11468
LOC100507002	NA	137	700	7.92845
LOC100507006	NA	1	780	0.0519363
LOC100507053	NA	22	4825	0.18471
LOC100507065	NA	266	2509	4.29484
LOC100507073	NA	0	765	0
LOC100507091	NA	0	2191	0
LOC100507140	NA	0	2050	0
LOC100507144	NA	0	1107	0
LOC100507156	NA	175	4374	1.62078
LOC100507175	NA	0	1771	0
LOC100507194	NA	8	1442	0.224745
LOC100507195	NA	1	574	0.0705755
LOC100507201	NA	0	843	0
LOC100507205	NA	0	479	0
LOC100507250	NA	11	1729	0.257729
LOC100507283	NA	5	2908	0.0696533
LOC100507291	NA	77	915	3.40907
LOC100507334	NA	14	881	0.643751
LOC100507346	NA	17	1957	0.351904
LOC100507351	NA	154	4229	1.47519
LOC100507373	NA	97	2887	1.3611
LOC100507377	NA	0	738	0
LOC100507384	NA	0	640	0
LOC100507387	NA	1	967	0.0418928
LOC100507388	NA	0	2546	0
LOC100507389	NA	0	1827	0
LOC100507391	NA	0	3647	0
LOC100507406	NA	0	791	0
LOC100507412	NA	211	2945	2.90244
LOC100507424	NA	379	877	17.5067
LOC100507431	NA	0	1453	0
LOC100507437	NA	54	1582	1.38278
LOC100507443	NA	0	437	0
LOC100507462	NA	15	2712	0.224062
LOC100507468	NA	3	558	0.217798
LOC100507472	NA	2	2054	0.0394453
LOC100507477	NA	79	1364	2.34627
LOC100507487	NA	49	2068	0.959868
LOC100507506	NA	4	2277	0.0711644
LOC100507534	NA	0	1325	0
LOC100507537	NA	0	795	0
LOC100507547	NA	80	9240	0.350739
LOC100507557	NA	321	4155	3.12968
LOC100507564	NA	40	1181	1.37207
LOC100507577	NA	517	2549	8.21649
LOC100507600	NA	0	1862	0
LOC100507634	NA	88	2048	1.74068
LOC100507639	NA	1	1025	0.0395223
LOC100507642	NA	3	2575	0.0471965
LOC100507661	NA	0	742	0
LOC100508046	NA	3	2567	0.0473436
LOC100630923	NA	1233	2911	17.1588
LOC100631378	NA	0	1715	0
LOC100652758	NA	47	1175	1.62041
LOC100652768	NA	210	1244	6.83856
LOC100652931	NA	0	207	0
LOC100652999	NA	59	2297	1.04054
LOC100996249	NA	0	674	0
LOC100996251	NA	3	2456	0.0494833
LOC100996255	NA	4	1234	0.131314
LOC100996263	NA	0	436	0
LOC100996286	NA	0	1653	0
LOC100996291	NA	5	2934	0.069036
LOC100996324	NA	20	574	1.41151
LOC100996325	NA	4	1042	0.15551
LOC100996338	NA	0	746	0
LOC100996342	NA	1	1175	0.0344769
LOC100996349	NA	0	486	0
LOC100996351	NA	0	2319	0
LOC100996385	NA	0	1550	0
LOC100996437	NA	32	844	1.53594
LOC100996447	NA	89	1640	2.19843
LOC100996455	NA	11	2356	0.18914
LOC100996579	NA	0	2377	0
LOC100996583	NA	1	698	0.0580377
LOC100996634	NA	1	1969	0.0205741
LOC100996635	NA	0	1664	0
LOC100996654	NA	1	628	0.0645069
LOC100996671	NA	0	966	0
LOC100996679	NA	0	696	0
LOC100996693	NA	10	815	0.497059
LOC100996694	NA	0	642	0
LOC101054525	NA	0	1223	0
LOC101059948	NA	7	492	0.576367
LOC101060019	NA	0	629	0
LOC101060091	NA	9	590	0.617954
LOC101060321	NA	1375	6195	8.9914
LOC101060385	NA	0	694	0
LOC101060389	NA	369	2065	7.23889
LOC101060498	NA	1	1311	0.0309003
LOC101060524	NA	4	2210	0.0733219
LOC101060542	NA	7	2637	0.107536
LOC101060553	NA	7	4071	0.0696567
LOC101241902	NA	1	1527	0.0265294
LOC101243545	NA	10167	2845	144.769
LOC101409256	NA	0	1945	0
LOC101448202	NA	1	865	0.0468328
LOC101559451	NA	15	472	1.2874
LOC101593348	NA	9	2351	0.15508
LOC101805491	NA	0	741	0
LOC101926889	NA	1	2180	0.0185827
LOC101926892	NA	0	2367	0
LOC101926897	NA	0	2753	0
LOC101926898	NA	0	1344	0
LOC101926905	NA	2	1010	0.0802185
LOC101926908	NA	0	1722	0
LOC101926911	NA	4	1620	0.100026
LOC101926913	NA	5	588	0.344476
LOC101926915	NA	0	3808	0
LOC101926933	NA	0	556	0
LOC101926935	NA	14	6282	0.0902809
LOC101926940	NA	0	599	0
LOC101926941	NA	20	591	1.37091
LOC101926942	NA	0	981	0
LOC101926943	NA	180	841	8.67046
LOC101926944	NA	0	528	0
LOC101926955	NA	0	4604	0
LOC101926960	NA	0	2034	0
LOC101926962	NA	0	1730	0
LOC101926963	NA	0	1310	0
LOC101926964	NA	1	2344	0.0172826
LOC101926966	NA	0	1871	0
LOC101926975	NA	6	2232	0.108899
LOC101927018	NA	1	682	0.0593993
LOC101927020	NA	0	502	0
LOC101927021	NA	192	3023	2.57294
LOC101927023	NA	40	711	2.27906
LOC101927027	NA	156	3033	2.08362
LOC101927040	NA	0	2118	0
LOC101927043	NA	3	2749	0.0442092
LOC101927045	NA	96	2116	1.8379
LOC101927048	NA	0	1738	0
LOC101927051	NA	136	1945	2.8326
LOC101927053	NA	0	2260	0
LOC101927055	NA	0	1956	0
LOC101927056	NA	39	796	1.9848
LOC101927058	NA	0	1212	0
LOC101927062	NA	0	510	0
LOC101927066	NA	0	2218	0
LOC101927069	NA	0	2222	0
LOC101927070	NA	0	2117	0
LOC101927078	NA	0	2033	0
LOC101927079	NA	0	1436	0
LOC101927081	NA	2	822	0.0985653
LOC101927082	NA	0	275	0
LOC101927087	NA	0	1771	0
LOC101927100	NA	2	830	0.0976153
LOC101927120	NA	0	2901	0
LOC101927123	NA	0	927	0
LOC101927124	NA	1	1213	0.0333968
LOC101927131	NA	1	2279	0.0177755
LOC101927132	NA	0	2624	0
LOC101927136	NA	0	3531	0
LOC101927139	NA	0	456	0
LOC101927142	NA	0	771	0
LOC101927143	NA	4	789	0.205376
LOC101927151	NA	360	2011	7.25197
LOC101927153	NA	0	778	0
LOC101927156	NA	0	1765	0
LOC101927157	NA	6	1666	0.145896
LOC101927159	NA	0	1995	0
LOC101927164	NA	408	1323	12.493
LOC101927166	NA	0	2265	0
LOC101927178	NA	178	912	7.90662
LOC101927179	NA	41	626	2.65323
LOC101927181	NA	32	2067	0.627156
LOC101927188	NA	0	2294	0
LOC101927189	NA	1	3168	0.0127874
LOC101927190	NA	0	3258	0
LOC101927196	NA	0	1468	0
LOC101927204	NA	18	2246	0.32466
LOC101927207	NA	0	1754	0
LOC101927211	NA	4	690	0.234843
LOC101927229	NA	0	3067	0
LOC101927230	NA	1	455	0.0890337
LOC101927237	NA	4	1957	0.0828009
LOC101927239	NA	0	1077	0
LOC101927243	NA	0	680	0
LOC101927244	NA	0	2086	0
LOC101927248	NA	1	2381	0.017014
LOC101927257	NA	2	1932	0.0419362
LOC101927267	NA	115	4166	1.11826
LOC101927269	NA	0	507	0
LOC101927272	NA	0	1109	0
LOC101927274	NA	0	1720	0
LOC101927282	NA	0	1963	0
LOC101927284	NA	0	2894	0
LOC101927285	NA	0	2036	0
LOC101927286	NA	0	1726	0
LOC101927292	NA	0	3157	0
LOC101927296	NA	0	902	0
LOC101927305	NA	0	937	0
LOC101927310	NA	1	1397	0.0289981
LOC101927311	NA	0	766	0
LOC101927314	NA	0	2102	0
LOC101927318	NA	8	994	0.326039
LOC101927322	NA	10	1205	0.336185
LOC101927334	NA	0	437	0
LOC101927342	NA	0	369	0
LOC101927348	NA	0	885	0
LOC101927354	NA	1	761	0.053233
LOC101927356	NA	0	2651	0
LOC101927358	NA	0	648	0
LOC101927359	NA	0	2822	0
LOC101927365	NA	33	1010	1.32361
LOC101927374	NA	1	2254	0.0179726
LOC101927378	NA	0	4272	0
LOC101927379	NA	0	1652	0
LOC101927391	NA	78	2411	1.31058
LOC101927394	NA	0	2683	0
LOC101927406	NA	0	1083	0
LOC101927410	NA	0	3566	0
LOC101927411	NA	0	2904	0
LOC101927412	NA	0	706	0
LOC101927415	NA	11	2316	0.192407
LOC101927416	NA	0	1293	0
LOC101927418	NA	1	414	0.0978511
LOC101927419	NA	0	2222	0
LOC101927421	NA	7	608	0.466402
LOC101927431	NA	0	2852	0
LOC101927434	NA	0	643	0
LOC101927437	NA	1	543	0.0746047
LOC101927438	NA	5	1982	0.102196
LOC101927446	NA	0	2666	0
LOC101927450	NA	0	2423	0
LOC101927460	NA	2	1336	0.0606442
LOC101927464	NA	0	640	0
LOC101927468	NA	0	1409	0
LOC101927472	NA	1	700	0.0578719
LOC101927476	NA	8	3001	0.107992
LOC101927478	NA	0	477	0
LOC101927481	NA	3	815	0.149118
LOC101927482	NA	0	1503	0
LOC101927488	NA	0	660	0
LOC101927495	NA	0	2345	0
LOC101927497	NA	9	855	0.426425
LOC101927501	NA	83	2228	1.50914
LOC101927502	NA	0	1448	0
LOC101927523	NA	0	1013	0
LOC101927526	NA	0	630	0
LOC101927539	NA	0	1403	0
LOC101927543	NA	0	1973	0
LOC101927549	NA	0	509	0
LOC101927550	NA	262	3400	3.12168
LOC101927557	NA	0	563	0
LOC101927560	NA	0	1991	0
LOC101927571	NA	4	347	0.466978
LOC101927572	NA	24	677	1.43611
LOC101927575	NA	0	2009	0
LOC101927577	NA	0	860	0
LOC101927580	NA	0	6584	0
LOC101927583	NA	9	2444	0.149179
LOC101927587	NA	0	3165	0
LOC101927588	NA	0	1175	0
LOC101927592	NA	0	1336	0
LOC101927604	NA	3	794	0.153062
LOC101927606	NA	0	1703	0
LOC101927616	NA	0	852	0
LOC101927619	NA	0	2811	0
LOC101927620	NA	0	1076	0
LOC101927623	NA	1	2442	0.016589
LOC101927630	NA	0	442	0
LOC101927636	NA	0	1301	0
LOC101927637	NA	0	723	0
LOC101927640	NA	0	536	0
LOC101927641	NA	0	2346	0
LOC101927650	NA	0	750	0
LOC101927651	NA	0	937	0
LOC101927653	NA	0	1976	0
LOC101927657	NA	1	1420	0.0285284
LOC101927661	NA	0	531	0
LOC101927666	NA	4	6113	0.0265077
LOC101927668	NA	0	822	0
LOC101927683	NA	0	2042	0
LOC101927686	NA	0	328	0
LOC101927691	NA	0	2409	0
LOC101927692	NA	0	2378	0
LOC101927694	NA	0	1656	0
LOC101927697	NA	0	3727	0
LOC101927701	NA	0	725	0
LOC101927708	NA	0	578	0
LOC101927709	NA	0	1167	0
LOC101927730	NA	8	650	0.498589
LOC101927735	NA	0	1566	0
LOC101927740	NA	0	2863	0
LOC101927746	NA	456	735	25.1329
LOC101927755	NA	92	1870	1.99302
LOC101927762	NA	1	407	0.099534
LOC101927765	NA	51	768	2.69014
LOC101927766	NA	2	5604	0.0144577
LOC101927768	NA	3	2007	0.0605536
LOC101927769	NA	0	1124	0
LOC101927770	NA	18	1947	0.374518
LOC101927780	NA	1	5189	0.00780696
LOC101927787	NA	1	1373	0.029505
LOC101927795	NA	104	877	4.80396
LOC101927797	NA	0	662	0
LOC101927798	NA	0	1041	0
LOC101927811	NA	0	909	0
LOC101927814	NA	3	1333	0.091171
LOC101927815	NA	32	2508	0.516878
LOC101927817	NA	1	1968	0.0205845
LOC101927822	NA	0	582	0
LOC101927827	NA	1	3223	0.0125691
LOC101927829	NA	0	2041	0
LOC101927830	NA	14	1702	0.333223
LOC101927835	NA	0	520	0
LOC101927839	NA	0	712	0
LOC101927843	NA	0	897	0
LOC101927844	NA	0	1152	0
LOC101927845	NA	0	2096	0
LOC101927847	NA	0	531	0
LOC101927849	NA	0	2519	0
LOC101927851	NA	3	888	0.136859
LOC101927854	NA	2	643	0.126004
LOC101927865	NA	3	601	0.202215
LOC101927869	NA	0	2007	0
LOC101927870	NA	0	2725	0
LOC101927876	NA	0	2470	0
LOC101927881	NA	0	1091	0
LOC101927884	NA	1	1185	0.0341859
LOC101927901	NA	0	3135	0
LOC101927905	NA	23	1009	0.923427
LOC101927907	NA	0	997	0
LOC101927911	NA	7	2547	0.111336
LOC101927914	NA	1	4049	0.010005
LOC101927915	NA	0	990	0
LOC101927919	NA	27	1647	0.664104
LOC101927924	NA	0	2398	0
LOC101927926	NA	0	634	0
LOC101927932	NA	4	683	0.237249
LOC101927934	NA	2	1108	0.0731234
LOC101927948	NA	0	1103	0
LOC101927950	NA	0	804	0
LOC101927954	NA	0	3645	0
LOC101927964	NA	0	2287	0
LOC101927967	NA	0	676	0
LOC101927969	NA	1	1949	0.0207852
LOC101927972	NA	0	548	0
LOC101927973	NA	2	4486	0.0180608
LOC101927987	NA	0	669	0
LOC101928002	NA	0	2538	0
LOC101928008	NA	3	585	0.207745
LOC101928009	NA	0	2254	0
LOC101928012	NA	0	1172	0
LOC101928020	NA	20	1542	0.525426
LOC101928030	NA	0	322	0
LOC101928034	NA	44	1390	1.28234
LOC101928035	NA	2	966	0.0838723
LOC101928043	NA	4	698	0.232151
LOC101928048	NA	0	381	0
LOC101928052	NA	0	1088	0
LOC101928053	NA	13	2335	0.225539
LOC101928063	NA	6	2216	0.109685
LOC101928068	NA	33	4834	0.27655
LOC101928069	NA	45	846	2.15481
LOC101928075	NA	0	2941	0
LOC101928093	NA	21	767	1.10915
LOC101928100	NA	3	2830	0.0429438
LOC101928103	NA	3	2240	0.0542549
LOC101928105	NA	1	703	0.0576249
LOC101928107	NA	0	1353	0
LOC101928118	NA	0	2473	0
LOC101928128	NA	0	726	0
LOC101928131	NA	0	1555	0
LOC101928134	NA	0	560	0
LOC101928135	NA	2	1038	0.0780546
LOC101928137	NA	0	1256	0
LOC101928140	NA	0	1815	0
LOC101928150	NA	0	3470	0
LOC101928161	NA	0	531	0
LOC101928162	NA	1	759	0.0533733
LOC101928163	NA	1	1212	0.0334244
LOC101928167	NA	0	1037	0
LOC101928168	NA	0	512	0
LOC101928174	NA	8	2727	0.118842
LOC101928191	NA	0	1031	0
LOC101928201	NA	0	1184	0
LOC101928203	NA	0	2198	0
LOC101928205	NA	0	2063	0
LOC101928211	NA	0	564	0
LOC101928222	NA	14	1150	0.493169
LOC101928223	NA	0	1259	0
LOC101928226	NA	0	398	0
LOC101928227	NA	0	405	0
LOC101928231	NA	0	1188	0
LOC101928233	NA	0	1688	0
LOC101928241	NA	1	1994	0.0203161
LOC101928253	NA	0	385	0
LOC101928254	NA	0	1918	0
LOC101928259	NA	0	599	0
LOC101928266	NA	1	5672	0.00714216
LOC101928269	NA	0	811	0
LOC101928270	NA	8	414	0.782808
LOC101928272	NA	0	2270	0
LOC101928273	NA	0	1301	0
LOC101928279	NA	7	2386	0.118848
LOC101928280	NA	0	676	0
LOC101928283	NA	0	1436	0
LOC101928295	NA	14	3263	0.173811
LOC101928298	NA	0	575	0
LOC101928303	NA	0	1078	0
LOC101928304	NA	0	676	0
LOC101928306	NA	7	669	0.423875
LOC101928307	NA	0	534	0
LOC101928314	NA	0	2602	0
LOC101928322	NA	0	505	0
LOC101928323	NA	5	502	0.403489
LOC101928324	NA	4	783	0.206949
LOC101928327	NA	0	393	0
LOC101928333	NA	0	1912	0
LOC101928335	NA	0	2090	0
LOC101928336	NA	2	2909	0.0278517
LOC101928358	NA	0	1142	0
LOC101928370	NA	0	1213	0
LOC101928371	NA	89	1747	2.06378
LOC101928372	NA	1	2136	0.0189655
LOC101928381	NA	12	2526	0.192448
LOC101928386	NA	0	1051	0
LOC101928398	NA	0	1053	0
LOC101928401	NA	0	2741	0
LOC101928402	NA	11	326	1.36691
LOC101928404	NA	0	2633	0
LOC101928414	NA	9	672	0.542549
LOC101928416	NA	0	476	0
LOC101928417	NA	0	1493	0
LOC101928418	NA	0	1143	0
LOC101928435	NA	0	1598	0
LOC101928436	NA	1	527	0.0768697
LOC101928437	NA	0	3673	0
LOC101928438	NA	2	1544	0.0524745
LOC101928441	NA	0	1641	0
LOC101928443	NA	0	1995	0
LOC101928445	NA	4	1966	0.0824218
LOC101928446	NA	1	4037	0.0100348
LOC101928449	NA	0	1372	0
LOC101928453	NA	14	1064	0.533031
LOC101928460	NA	0	2148	0
LOC101928461	NA	0	762	0
LOC101928471	NA	0	710	0
LOC101928476	NA	0	1918	0
LOC101928489	NA	1	1973	0.0205324
LOC101928491	NA	0	1040	0
LOC101928495	NA	0	639	0
LOC101928505	NA	1	1662	0.0243745
LOC101928509	NA	0	1328	0
LOC101928514	NA	2	3085	0.0262628
LOC101928516	NA	0	669	0
LOC101928517	NA	0	1763	0
LOC101928519	NA	1	2132	0.0190011
LOC101928523	NA	0	449	0
LOC101928525	NA	602	1117	21.8328
LOC101928530	NA	3	543	0.223814
LOC101928535	NA	0	3264	0
LOC101928539	NA	3	4065	0.0298969
LOC101928540	NA	0	846	0
LOC101928551	NA	0	1725	0
LOC101928565	NA	0	619	0
LOC101928567	NA	0	950	0
LOC101928569	NA	0	1175	0
LOC101928580	NA	0	2157	0
LOC101928590	NA	0	1213	0
LOC101928597	NA	3	2300	0.0528396
LOC101928600	NA	0	1184	0
LOC101928605	NA	0	990	0
LOC101928618	NA	0	1732	0
LOC101928622	NA	0	2404	0
LOC101928626	NA	3	798	0.152294
LOC101928650	NA	3	634	0.191689
LOC101928651	NA	0	1668	0
LOC101928661	NA	0	2190	0
LOC101928663	NA	1	1179	0.0343599
LOC101928673	NA	34	1819	0.757203
LOC101928674	NA	62	1330	1.88845
LOC101928682	NA	1	704	0.0575431
LOC101928694	NA	0	2220	0
LOC101928696	NA	0	670	0
LOC101928697	NA	0	574	0
LOC101928700	NA	0	2141	0
LOC101928708	NA	0	1453	0
LOC101928710	NA	0	2411	0
LOC101928718	NA	14	2767	0.204967
LOC101928730	NA	0	1937	0
LOC101928731	NA	0	1949	0
LOC101928737	NA	1	545	0.0743309
LOC101928738	NA	1	1534	0.0264083
LOC101928739	NA	0	346	0
LOC101928748	NA	0	1524	0
LOC101928751	NA	0	1805	0
LOC101928766	NA	0	5271	0
LOC101928767	NA	0	738	0
LOC101928769	NA	0	660	0
LOC101928775	NA	0	389	0
LOC101928778	NA	0	1666	0
LOC101928782	NA	0	1229	0
LOC101928786	NA	0	3031	0
LOC101928790	NA	0	764	0
LOC101928791	NA	0	426	0
LOC101928794	NA	0	743	0
LOC101928796	NA	12	1067	0.455599
LOC101928797	NA	0	1298	0
LOC101928804	NA	0	781	0
LOC101928809	NA	0	1684	0
LOC101928812	NA	0	1011	0
LOC101928823	NA	0	1309	0
LOC101928834	NA	0	1397	0
LOC101928837	NA	18	348	2.09536
LOC101928841	NA	72	9405	0.310127
LOC101928844	NA	6	1188	0.204598
LOC101928847	NA	1	1933	0.0209572
LOC101928851	NA	0	1038	0
LOC101928855	NA	0	3204	0
LOC101928858	NA	0	1557	0
LOC101928861	NA	0	1396	0
LOC101928865	NA	3	1641	0.0740591
LOC101928880	NA	0	498	0
LOC101928882	NA	1	2873	0.0141004
LOC101928885	NA	0	2427	0
LOC101928886	NA	1	1660	0.0244038
LOC101928891	NA	18	685	1.06451
LOC101928894	NA	0	933	0
LOC101928896	NA	0	717	0
LOC101928909	NA	8	1242	0.260936
LOC101928911	NA	0	593	0
LOC101928936	NA	0	3974	0
LOC101928937	NA	0	1038	0
LOC101928940	NA	0	3831	0
LOC101928942	NA	0	782	0
LOC101928943	NA	0	536	0
LOC101928944	NA	0	1547	0
LOC101928961	NA	0	3780	0
LOC101928973	NA	4	540	0.300077
LOC101928977	NA	0	578	0
LOC101928978	NA	0	2838	0
LOC101928979	NA	5	1035	0.195702
LOC101928988	NA	8	1072	0.302316
LOC101928989	NA	0	1400	0
LOC101928992	NA	0	2591	0
LOC101928994	NA	1	1933	0.0209572
LOC101928995	NA	0	1396	0
LOC101929019	NA	0	640	0
LOC101929023	NA	0	863	0
LOC101929034	NA	0	493	0
LOC101929057	NA	98	5149	0.771026
LOC101929058	NA	0	926	0
LOC101929064	NA	0	957	0
LOC101929066	NA	4	2518	0.0643532
LOC101929073	NA	0	551	0
LOC101929076	NA	11	1988	0.224152
LOC101929080	NA	0	1701	0
LOC101929084	NA	0	3059	0
LOC101929089	NA	24	1046	0.929491
LOC101929095	NA	0	630	0
LOC101929099	NA	12	1814	0.267985
LOC101929106	NA	15	2674	0.227246
LOC101929116	NA	0	2096	0
LOC101929122	NA	2	821	0.0986854
LOC101929123	NA	0	1702	0
LOC101929124	NA	0	3355	0
LOC101929125	NA	0	706	0
LOC101929128	NA	80	713	4.54534
LOC101929140	NA	13	1921	0.274146
LOC101929144	NA	0	1838	0
LOC101929147	NA	132	5118	1.04482
LOC101929148	NA	0	2939	0
LOC101929153	NA	0	801	0
LOC101929154	NA	0	470	0
LOC101929162	NA	74	1714	1.74899
LOC101929164	NA	0	1024	0
LOC101929172	NA	0	1633	0
LOC101929181	NA	3	1284	0.0946503
LOC101929194	NA	1	1225	0.0330697
LOC101929199	NA	0	2802	0
LOC101929207	NA	0	358	0
LOC101929210	NA	0	1014	0
LOC101929217	NA	0	351	0
LOC101929224	NA	5	736	0.275206
LOC101929229	NA	3	445	0.273103
LOC101929231	NA	129	861	6.06949
LOC101929234	NA	0	1372	0
LOC101929237	NA	0	3891	0
LOC101929239	NA	0	1805	0
LOC101929241	NA	0	1572	0
LOC101929259	NA	0	1762	0
LOC101929260	NA	0	2528	0
LOC101929268	NA	0	2372	0
LOC101929279	NA	0	2042	0
LOC101929282	NA	0	936	0
LOC101929284	NA	0	780	0
LOC101929294	NA	0	887	0
LOC101929295	NA	0	1926	0
LOC101929297	NA	0	1545	0
LOC101929312	NA	0	1651	0
LOC101929315	NA	0	942	0
LOC101929319	NA	1	1878	0.021571
LOC101929331	NA	0	616	0
LOC101929337	NA	0	1195	0
LOC101929340	NA	6	1517	0.160225
LOC101929353	NA	0	526	0
LOC101929371	NA	0	791	0
LOC101929372	NA	11	1838	0.242445
LOC101929374	NA	14	917	0.618478
LOC101929378	NA	1	1807	0.0224186
LOC101929380	NA	0	1471	0
LOC101929384	NA	0	761	0
LOC101929395	NA	0	499	0
LOC101929406	NA	0	1519	0
LOC101929412	NA	8	2130	0.152151
LOC101929413	NA	0	2006	0
LOC101929415	NA	0	2643	0
LOC101929420	NA	0	2243	0
LOC101929427	NA	1	560	0.0723399
LOC101929431	NA	0	4850	0
LOC101929439	NA	1	2354	0.0172091
LOC101929441	NA	5	1126	0.179886
LOC101929448	NA	0	417	0
LOC101929450	NA	0	5540	0
LOC101929452	NA	1	530	0.0764346
LOC101929454	NA	0	1070	0
LOC101929464	NA	1	490	0.0826742
LOC101929468	NA	3	2968	0.0409471
LOC101929470	NA	0	1867	0
LOC101929473	NA	0	2323	0
LOC101929486	NA	0	3031	0
LOC101929488	NA	0	1831	0
LOC101929497	NA	0	495	0
LOC101929504	NA	2	544	0.148935
LOC101929505	NA	2	2135	0.0379488
LOC101929512	NA	1	574	0.0705755
LOC101929516	NA	513	641	32.4209
LOC101929517	NA	0	1381	0
LOC101929524	NA	0	1674	0
LOC101929526	NA	0	1694	0
LOC101929528	NA	0	1690	0
LOC101929529	NA	1	350	0.115744
LOC101929532	NA	0	3603	0
LOC101929541	NA	2	912	0.0888385
LOC101929549	NA	1	1249	0.0324342
LOC101929550	NA	0	5391	0
LOC101929551	NA	0	737	0
LOC101929555	NA	2	2243	0.0361216
LOC101929563	NA	0	4817	0
LOC101929565	NA	2	333	0.243305
LOC101929567	NA	0	8839	0
LOC101929570	NA	0	2999	0
LOC101929572	NA	3	2082	0.0583722
LOC101929574	NA	0	598	0
LOC101929577	NA	1	3526	0.011489
LOC101929579	NA	0	470	0
LOC101929584	NA	0	1007	0
LOC101929586	NA	2	2519	0.0321638
LOC101929592	NA	0	456	0
LOC101929595	NA	5	2810	0.0720824
LOC101929596	NA	0	1132	0
LOC101929607	NA	1	1487	0.027243
LOC101929608	NA	0	1253	0
LOC101929613	NA	0	440	0
LOC101929622	NA	29	965	1.21741
LOC101929625	NA	0	567	0
LOC101929626	NA	4	358	0.452629
LOC101929631	NA	0	1728	0
LOC101929633	NA	0	629	0
LOC101929645	NA	0	4805	0
LOC101929646	NA	0	660	0
LOC101929653	NA	11	4335	0.102794
LOC101929657	NA	15	3429	0.177211
LOC101929660	NA	0	2057	0
LOC101929662	NA	0	2667	0
LOC101929679	NA	1	993	0.0407959
LOC101929680	NA	0	2304	0
LOC101929681	NA	0	672	0
LOC101929694	NA	0	2020	0
LOC101929696	NA	2	701	0.115579
LOC101929698	NA	2	1771	0.0457485
LOC101929705	NA	48	2296	0.846906
LOC101929709	NA	30	1601	0.759094
LOC101929710	NA	0	473	0
LOC101929715	NA	23	882	1.05639
LOC101929717	NA	0	2414	0
LOC101929718	NA	641	1398	18.5745
LOC101929719	NA	1	583	0.069486
LOC101929721	NA	0	575	0
LOC101929723	NA	0	898	0
LOC101929733	NA	0	463	0
LOC101929741	NA	0	1549	0
LOC101929753	NA	0	1311	0
LOC101929754	NA	0	622	0
LOC101929762	NA	3	1913	0.063529
LOC101929767	NA	46	695	2.68126
LOC101929771	NA	0	423	0
LOC101929829	NA	98	1658	2.39446
LOC101929897	NA	2	647	0.125225
LOC101929983	NA	549	1436	15.4876
LOC101930010	NA	5	827	0.244923
LOC101930071	NA	33	292	4.57822
LOC101930452	NA	8	4388	0.0738566
LOC102031319	NA	0	298	0
LOC102467079	NA	0	1009	0
LOC102467080	NA	0	979	0
LOC102467081	NA	0	550	0
LOC102467147	NA	0	656	0
LOC102467212	NA	0	432	0
LOC102467213	NA	0	572	0
LOC102467214	NA	0	832	0
LOC102467216	NA	0	476	0
LOC102467217	NA	0	699	0
LOC102467222	NA	0	966	0
LOC102467223	NA	0	396	0
LOC102467224	NA	0	879	0
LOC102467225	NA	1	543	0.0746047
LOC102467226	NA	1	504	0.0803777
LOC102467655	NA	0	454	0
LOC102477328	NA	0	639	0
LOC102503427	NA	0	665	0
LOC102546226	NA	0	1626	0
LOC102546228	NA	0	566	0
LOC102546229	NA	1	705	0.0574615
LOC102546294	NA	3	2100	0.0578719
LOC102546298	NA	1	407	0.099534
LOC102546299	NA	0	582	0
LOC102577426	NA	0	467	0
LOC102606465	NA	155	1326	4.73537
LOC102606466	NA	0	829	0
LOC102723344	NA	0	1204	0
LOC102723354	NA	50	903	2.2431
LOC102723362	NA	0	439	0
LOC102723373	NA	0	584	0
LOC102723376	NA	0	826	0
LOC102723377	NA	0	425	0
LOC102723385	NA	4	782	0.207214
LOC102723427	NA	0	510	0
LOC102723439	NA	104	517	8.14908
LOC102723448	NA	0	590	0
LOC102723505	NA	0	363	0
LOC102723517	NA	0	582	0
LOC102723544	NA	0	503	0
LOC102723582	NA	0	621	0
LOC102723604	NA	0	529	0
LOC102723617	NA	1	374	0.108316
LOC102723649	NA	0	520	0
LOC102723661	NA	0	813	0
LOC102723701	NA	15	2086	0.291302
LOC102723703	NA	4	921	0.175941
LOC102723704	NA	215	1506	5.78335
LOC102723709	NA	0	440	0
LOC102723729	NA	27	409	2.67428
LOC102723766	NA	2	822	0.0985653
LOC102723769	NA	56	1380	1.6439
LOC102723778	NA	0	506	0
LOC102723809	NA	5	561	0.361055
LOC102723824	NA	37	1460	1.02663
LOC102723828	NA	0	752	0
LOC102723831	NA	0	885	0
LOC102723833	NA	0	461	0
LOC102723854	NA	39	2156	0.732794
LOC102723859	NA	369	2063	7.24591
LOC102723883	NA	0	492	0
LOC102723885	NA	151	574	10.6569
LOC102723895	NA	0	624	0
LOC102723927	NA	20	2170	0.373367
LOC102723968	NA	5	1532	0.132214
LOC102724000	NA	0	773	0
LOC102724009	NA	91	582	6.33409
LOC102724020	NA	0	670	0
LOC102724034	NA	4	1150	0.140906
LOC102724050	NA	16	1206	0.537451
LOC102724053	NA	0	770	0
LOC102724058	NA	0	740	0
LOC102724084	NA	0	565	0
LOC102724094	NA	5	407	0.49767
LOC102724096	NA	0	804	0
LOC102724153	NA	3	2143	0.0567107
LOC102724163	NA	3	543	0.223814
LOC102724188	NA	0	503	0
LOC102724190	NA	0	1817	0
LOC102724201	NA	0	604	0
LOC102724238	NA	404	1428	11.4609
LOC102724279	NA	783	449	70.645
LOC102724297	NA	221	951	9.41407
LOC102724301	NA	1	523	0.0774576
LOC102724312	NA	48	1194	1.62856
LOC102724321	NA	0	429	0
LOC102724323	NA	0	464	0
LOC102724421	NA	0	508	0
LOC102724434	NA	0	2026	0
LOC102724450	NA	0	378	0
LOC102724467	NA	2	767	0.105633
LOC102724484	NA	0	1298	0
LOC102724511	NA	0	530	0
LOC102724539	NA	7	495	0.572873
LOC102724552	NA	1	694	0.0583722
LOC102724555	NA	0	555	0
LOC102724589	NA	1	344	0.117763
LOC102724596	NA	2	1168	0.069367
LOC102724601	NA	1	448	0.0904249
LOC102724604	NA	0	760	0
LOC102724612	NA	0	3222	0
LOC102724623	NA	0	579	0
LOC102724651	NA	0	568	0
LOC102724659	NA	0	1868	0
LOC102724661	NA	0	677	0
LOC102724663	NA	0	969	0
LOC102724691	NA	0	642	0
LOC102724699	NA	23	1832	0.50859
LOC102724710	NA	0	587	0
LOC102724719	NA	11	420	1.06098
LOC102724776	NA	239	449	21.5634
LOC102724784	NA	0	974	0
LOC102724804	NA	0	985	0
LOC102724814	NA	433	3245	5.40554
LOC102724849	NA	0	822	0
LOC102724862	NA	369	2065	7.23889
LOC102724874	NA	0	196	0
LOC102724890	NA	0	750	0
LOC102724913	NA	0	574	0
LOC102724919	NA	1	542	0.0747423
LOC102724927	NA	2	1378	0.0587958
LOC102724933	NA	0	1269	0
LOC102724957	NA	0	471	0
LOC102724958	NA	0	1079	0
LOC102725079	NA	0	1123	0
LOC102800447	NA	0	686	0
LOC103021295	NA	703	464	61.3767
LOC103091866	NA	91	1510	2.44135
LOC103171574	NA	8	1311	0.247203
LOC103191607	NA	0	839	0
LOC103312105	NA	0	526	0
LOC103344931	NA	167	4237	1.5967
LOC103352541	NA	2	576	0.140661
LOC103611081	NA	97	3999	0.982621
LOC103908605	NA	260	1044	10.0888
LOC104054148	NA	1	2464	0.0164409
LOC104613533	NA	0	479	0
LOC104968399	NA	1765	1370	52.1903
LOC105274304	NA	9	1731	0.210626
LOC105370306	NA	0	561	0
LOC105372441	NA	0	463	0
LOC105372795	NA	2	1026	0.0789675
LOC105373300	NA	0	921	0
LOC105373383	NA	24	554	1.75496
LOC105375734	NA	0	569	0
LOC105376360	NA	0	2238	0
LOC105376671	NA	1	1574	0.0257372
LOC105377348	NA	18	1175	0.620584
LOC105378732	NA	0	567	0
LOC105447645	NA	28	1399	0.810786
LOC105447648	NA	0	518	0
LOC105616981	NA	0	922	0
LOC105667213	NA	0	948	0
LOC105747689	NA	5	1893	0.107
LOC105748977	NA	0	802	0
LOC105755953	NA	0	366	0
LOC113230	NA	62	1365	1.84003
LOC115110	NA	24	4619	0.210489
LOC143666	NA	32	2078	0.623836
LOC145474	NA	0	1843	0
LOC145783	NA	26	3017	0.349111
LOC145845	NA	0	2987	0
LOC146513	NA	0	2061	0
LOC146880	NA	2464	4968	20.0921
LOC148413	NA	1059	1748	24.5426
LOC148696	NA	0	4218	0
LOC148709	NA	13	2321	0.2269
LOC149373	NA	0	1347	0
LOC149684	NA	0	413	0
LOC149950	NA	0	845	0
LOC150776	NA	2336	3788	24.9821
LOC150935	NA	0	1017	0
LOC151121	NA	0	2256	0
LOC151174	NA	0	1959	0
LOC151475	NA	0	2609	0
LOC151484	NA	0	1893	0
LOC152225	NA	1	2051	0.0197515
LOC152578	NA	0	727	0
LOC153684	NA	13	2260	0.233024
LOC153910	NA	2	2530	0.032024
LOC154449	NA	0	1330	0
LOC154761	NA	0	2527	0
LOC155060	NA	229	3154	2.9413
LOC157273	NA	0	3442	0
LOC158434	NA	0	2662	0
LOC158435	NA	0	2422	0
LOC171391	NA	115	979	4.75862
LOC1720	NA	0	967	0
LOC200726	NA	0	1376	0
LOC200772	NA	1	2272	0.0178303
LOC202181	NA	131	2857	1.85749
LOC220729	NA	298	1527	7.90575
LOC221122	NA	1	1238	0.0327224
LOC221946	NA	3	1826	0.0665559
LOC253573	NA	3	2295	0.0529547
LOC254028	NA	0	2031	0
LOC254896	NA	68	1241	2.21974
LOC255187	NA	0	792	0
LOC255654	NA	0	964	0
LOC256880	NA	0	498	0
LOC257396	NA	68	2370	1.16232
LOC283038	NA	21	3149	0.270155
LOC283045	NA	0	2621	0
LOC283140	NA	0	2749	0
LOC283177	NA	0	2737	0
LOC283194	NA	0	2603	0
LOC283214	NA	0	1504	0
LOC283299	NA	69	2503	1.11675
LOC283332	NA	0	2340	0
LOC283335	NA	87	2863	1.23102
LOC283352	NA	0	545	0
LOC283440	NA	0	571	0
LOC283575	NA	0	2939	0
LOC283585	NA	0	1763	0
LOC283683	NA	3	1445	0.0841045
LOC283710	NA	0	1032	0
LOC283731	NA	0	2566	0
LOC283788	NA	500	3662	5.53118
LOC283856	NA	0	2678	0
LOC283922	NA	207	2317	3.61918
LOC284009	NA	4	576	0.281322
LOC284023	NA	126	2525	2.02151
LOC284080	NA	7	2533	0.111951
LOC284294	NA	0	1713	0
LOC284344	NA	815	1721	19.1842
LOC284379	NA	0	1225	0
LOC284395	NA	0	2582	0
LOC284412	NA	16	2344	0.276521
LOC284454	NA	270	1774	6.16561
LOC284578	NA	0	2363	0
LOC284581	NA	4	2594	0.0624678
LOC284632	NA	8	1846	0.175559
LOC284648	NA	1	1490	0.0271881
LOC284661	NA	0	2074	0
LOC284788	NA	0	1684	0
LOC284798	NA	0	3356	0
LOC284825	NA	0	2420	0
LOC284865	NA	187	2227	3.40163
LOC284930	NA	0	1815	0
LOC284933	NA	0	1408	0
LOC284950	NA	0	3108	0
LOC285000	NA	0	1416	0
LOC285043	NA	0	692	0
LOC285074	NA	852	2201	15.6814
LOC285484	NA	0	1485	0
LOC285593	NA	1	3022	0.0134051
LOC285626	NA	0	1580	0
LOC285627	NA	0	2012	0
LOC285629	NA	0	2322	0
LOC285692	NA	0	1845	0
LOC285696	NA	0	3316	0
LOC285740	NA	0	2825	0
LOC285762	NA	0	3469	0
LOC285766	NA	0	2050	0
LOC285768	NA	0	2340	0
LOC285804	NA	0	1953	0
LOC285819	NA	21	2904	0.292947
LOC285847	NA	6	1732	0.140336
LOC285889	NA	0	2698	0
LOC286059	NA	9	2636	0.138313
LOC286083	NA	0	3006	0
LOC286114	NA	0	1644	0
LOC286177	NA	0	2969	0
LOC286238	NA	0	682	0
LOC286297	NA	859	5184	6.71265
LOC286359	NA	0	2017	0
LOC286370	NA	0	2720	0
LOC286437	NA	8	2318	0.139811
LOC338694	NA	0	988	0
LOC338797	NA	0	1794	0
LOC338963	NA	8	1362	0.237946
LOC339059	NA	1	2137	0.0189566
LOC339166	NA	1	1821	0.0222462
LOC339260	NA	0	1688	0
LOC339298	NA	0	2794	0
LOC339529	NA	0	1799	0
LOC339539	NA	7	2365	0.119904
LOC339568	NA	0	1514	0
LOC339593	NA	0	2274	0
LOC339622	NA	0	2716	0
LOC339666	NA	1	1557	0.0260182
LOC339803	NA	0	2557	0
LOC339807	NA	0	1771	0
LOC339862	NA	0	2331	0
LOC339874	NA	0	1978	0
LOC339975	NA	0	2432	0
LOC340017	NA	0	1392	0
LOC340074	NA	1	2042	0.0198386
LOC340107	NA	0	2290	0
LOC340113	NA	0	2008	0
LOC340357	NA	0	772	0
LOC340512	NA	0	2277	0
LOC341056	NA	239	2046	4.73215
LOC343052	NA	0	660	0
LOC344887	NA	1	2166	0.0187028
LOC344967	NA	320	1613	8.03677
LOC349160	NA	1	1538	0.0263396
LOC374443	NA	41	3401	0.488363
LOC375196	NA	1	1057	0.0383258
LOC387810	NA	0	2065	0
LOC388242	NA	30	2956	0.411133
LOC388282	NA	1	1289	0.0314277
LOC388406	NA	1	644	0.0629042
LOC388436	NA	6	3472	0.0700063
LOC388692	NA	133	2307	2.33545
LOC388780	NA	6	835	0.291092
LOC388813	NA	0	1663	0
LOC388849	NA	10	633	0.639974
LOC388882	NA	3	1582	0.0768211
LOC388942	NA	0	1810	0
LOC389033	NA	0	401	0
LOC389199	NA	3	1296	0.0937739
LOC389247	NA	4	781	0.207479
LOC389332	NA	0	1696	0
LOC389602	NA	0	2536	0
LOC389641	NA	0	1970	0
LOC389705	NA	8	923	0.351119
LOC389765	NA	53	1764	1.21715
LOC389831	NA	1031	2413	17.3088
LOC389834	NA	397	8205	1.9601
LOC389895	NA	0	1245	0
LOC389906	NA	871	1791	19.701
LOC390705	NA	0	870	0
LOC391003	NA	18	2120	0.343956
LOC391322	NA	0	563	0
LOC392196	NA	0	1440	0
LOC392232	NA	0	2678	0
LOC392364	NA	0	1014	0
LOC392452	NA	0	670	0
LOC399715	NA	1	2966	0.0136582
LOC399815	NA	96	2112	1.84138
LOC399886	NA	0	2597	0
LOC400043	NA	4	1395	0.116159
LOC400541	NA	18	571	1.27703
LOC400548	NA	2	2005	0.0404093
LOC400553	NA	0	414	0
LOC400558	NA	1	1326	0.0305508
LOC400612	NA	3	2926	0.0415349
LOC400620	NA	0	2474	0
LOC400655	NA	0	2654	0
LOC400661	NA	0	2337	0
LOC400684	NA	27	951	1.15014
LOC400685	NA	0	2080	0
LOC400706	NA	34	3226	0.426953
LOC400736	NA	794	4328	7.43189
LOC400794	NA	1	1752	0.0231223
LOC400867	NA	0	3823	0
LOC400927	NA	33	494	2.70616
LOC400927-CSNK1E	NA	3794	2997	51.2834
LOC400940	NA	0	3463	0
LOC400958	NA	0	3029	0
LOC400997	NA	0	3212	0
LOC401010	NA	608	2734	9.00888
LOC401052	NA	110	1897	2.34904
LOC401127	NA	92	1649	2.26013
LOC401134	NA	3	4079	0.0297943
LOC401177	NA	0	2312	0
LOC401242	NA	306	11153	1.11146
LOC401286	NA	0	4520	0
LOC401312	NA	0	2592	0
LOC401320	NA	62	3871	0.648835
LOC401324	NA	0	3629	0
LOC401357	NA	11	3613	0.123336
LOC401463	NA	0	2701	0
LOC401557	NA	0	3729	0
LOC401585	NA	0	375	0
LOC403312	NA	1	3421	0.0118417
LOC403323	NA	179	1802	4.02406
LOC407835	NA	1576	1726	36.9897
LOC414300	NA	2	1104	0.0733883
LOC439933	NA	0	1780	0
LOC439994	NA	277	1164	9.64035
LOC440028	NA	857	2311	15.0227
LOC440040	NA	104	2181	1.93172
LOC440117	NA	0	1482	0
LOC440173	NA	0	2016	0
LOC440300	NA	397	7750	2.07517
LOC440311	NA	816	1702	19.4221
LOC440390	NA	0	4083	0
LOC440434	NA	582	1652	14.2718
LOC440446	NA	1	2645	0.0153158
LOC440461	NA	0	1643	0
LOC440600	NA	9	2609	0.139744
LOC440602	NA	3	2351	0.0516933
LOC440700	NA	1	1210	0.0334796
LOC440704	NA	0	2216	0
LOC440895	NA	19	856	0.899178
LOC440896	NA	3	3182	0.0381933
LOC440910	NA	1	1739	0.0232952
LOC440982	NA	0	661	0
LOC441025	NA	0	1143	0
LOC441081	NA	10	5287	0.0766225
LOC441155	NA	597	3824	6.32444
LOC441178	NA	0	2557	0
LOC441204	NA	20	1631	0.496755
LOC441242	NA	105	3415	1.24556
LOC441454	NA	44	1381	1.2907
LOC441455	NA	3	1647	0.0737893
LOC441601	NA	2	1015	0.0798233
LOC441666	NA	201	6661	1.22243
LOC442028	NA	0	3330	0
LOC442132	NA	0	2070	0
LOC442497	NA	0	2247	0
LOC494127	NA	13	1340	0.393011
LOC494141	NA	7	2764	0.102595
LOC51145	NA	1	697	0.058121
LOC541472	NA	0	1364	0
LOC541473	NA	73	1013	2.9193
LOC550113	NA	6	2787	0.0872128
LOC553103	NA	15	1801	0.337399
LOC55338	NA	1	2898	0.0139787
LOC554206	NA	39	1037	1.52353
LOC554223	NA	1	7167	0.00565234
LOC554249	NA	404	1424	11.4931
LOC574538	NA	0	2904	0
LOC606724	NA	190	1142	6.7399
LOC613037	NA	1799	3455	21.0935
LOC613038	NA	30	2956	0.411133
LOC613266	NA	1	2407	0.0168302
LOC63930	NA	0	3366	0
LOC641367	NA	9	2694	0.135335
LOC641746	NA	4	1142	0.141893
LOC642236	NA	249	1071	9.41837
LOC642361	NA	355	1701	8.45454
LOC642366	NA	25	6698	0.151203
LOC642423	NA	834	1224	27.6026
LOC642426	NA	18	1273	0.572809
LOC642776	NA	6	2101	0.115689
LOC642846	NA	884	3499	10.2347
LOC642852	NA	906	7165	5.12245
LOC642929	NA	0	985	0
LOC642943	NA	0	5053	0
LOC643072	NA	65	2456	1.07214
LOC643201	NA	6	4292	0.0566314
LOC643339	NA	0	578	0
LOC643355	NA	0	3035	0
LOC643387	NA	845	2659	12.8737
LOC643406	NA	0	3799	0
LOC643441	NA	0	2171	0
LOC643542	NA	0	2991	0
LOC643623	NA	0	2963	0
LOC643711	NA	0	4350	0
LOC643733	NA	0	619	0
LOC643770	NA	3	1825	0.0665923
LOC643802	NA	1	1344	0.0301416
LOC643923	NA	1	972	0.0416773
LOC644145	NA	0	388	0
LOC644172	NA	75	3512	0.865113
LOC644189	NA	0	1724	0
LOC644285	NA	20	5214	0.155391
LOC644554	NA	0	1058	0
LOC644656	NA	47	1143	1.66578
LOC644669	NA	0	2097	0
LOC644762	NA	219	1614	5.49676
LOC644838	NA	1	2100	0.0192906
LOC644919	NA	0	831	0
LOC644936	NA	107	1381	3.13874
LOC645166	NA	594	1528	15.7481
LOC645354	NA	429	2214	7.84956
LOC645382	NA	64	3036	0.853973
LOC645434	NA	9	1690	0.215736
LOC645513	NA	101	1048	3.90415
LOC645752	NA	2	3117	0.0259932
LOC645949	NA	0	2127	0
LOC646029	NA	1	1845	0.0219568
LOC646214	NA	647	8226	3.18626
LOC646268	NA	1	835	0.0485154
LOC646471	NA	105	3653	1.16441
LOC646522	NA	0	975	0
LOC646626	NA	18	888	0.821155
LOC646736	NA	0	935	0
LOC646743	NA	0	2229	0
LOC646762	NA	9	5784	0.0630348
LOC646813	NA	0	608	0
LOC646903	NA	58	1964	1.19633
LOC646938	NA	1	481	0.0842211
LOC647323	NA	0	1615	0
LOC647859	NA	24	578	1.68209
LOC648987	NA	113	3507	1.30529
LOC649133	NA	0	2128	0
LOC649324	NA	429	2214	7.84956
LOC649352	NA	0	523	0
LOC650226	NA	0	1667	0
LOC650293	NA	0	651	0
LOC652276	NA	247	2714	3.68683
LOC653160	NA	74	1887	1.58864
LOC653513	NA	8	870	0.372509
LOC653602	NA	0	2058	0
LOC653653	NA	11	1160	0.38415
LOC653712	NA	26	1104	0.954048
LOC653786	NA	11	2661	0.167461
LOC654342	NA	1037	605	69.4367
LOC654841	NA	14	2502	0.226677
LOC727751	NA	1125	3238	14.0748
LOC727896	NA	277	3409	3.29169
LOC727924	NA	0	1600	0
LOC728024	NA	117	1491	3.17888
LOC728040	NA	0	763	0
LOC728084	NA	19	2509	0.306774
LOC728095	NA	0	869	0
LOC728175	NA	0	1878	0
LOC728323	NA	17	1528	0.450704
LOC728392	NA	1221	1493	33.13
LOC728485	NA	98	1885	2.10611
LOC728554	NA	2478	1827	54.9451
LOC728613	NA	341	2576	5.36259
LOC728673	NA	401	2259	7.19108
LOC728730	NA	19	2517	0.305799
LOC728739	NA	31	622	2.019
LOC728743	NA	594	3369	7.14252
LOC728752	NA	56	1414	1.60437
LOC728989	NA	67	1076	2.52248
LOC729080	NA	212	1070	8.02635
LOC729083	NA	1	896	0.0452124
LOC729159	NA	0	1309	0
LOC729218	NA	624	5853	4.31889
LOC729296	NA	0	1259	0
LOC729348	NA	0	1675	0
LOC729506	NA	0	1591	0
LOC729603	NA	31	3131	0.401092
LOC729609	NA	0	628	0
LOC729658	NA	0	2204	0
LOC729683	NA	32	2348	0.5521
LOC729732	NA	40	3982	0.406935
LOC729737	NA	1404	5474	10.3903
LOC729739	NA	12	490	0.99209
LOC729867	NA	54	1578	1.38629
LOC729930	NA	20	1105	0.733219
LOC729950	NA	188	2321	3.28132
LOC729966	NA	0	687	0
LOC729970	NA	82	952	3.48934
LOC729987	NA	0	2265	0
LOC730101	NA	311	3784	3.32947
LOC730102	NA	1	2974	0.0136215
LOC730159	NA	0	631	0
LOC730183	NA	19	582	1.3225
LOC730202	NA	62	679	3.69903
LOC730668	NA	0	4162	0
LOC731157	NA	1	475	0.0852849
LOC731424	NA	0	3390	0
LOC79160	NA	7	967	0.29325
LOC79999	NA	6	3472	0.0700063
LOC80078	NA	1	3885	0.0104274
LOC81691	NA	191	2888	2.67918
LOC90246	NA	105	2752	1.54563
LOC90768	NA	1	5299	0.0076449
LOC90784	NA	1265	3653	14.0284
LOC91450	NA	2	993	0.0815918
LOC93622	NA	1263	1668	30.6742
LOH12CR1	NA	127	2092	2.45928
LOH12CR2	NA	5	1538	0.131698
LONP1	NA	6451	3398	76.9076
LONP2	NA	943	4958	7.70497
LONRF1	NA	209	3584	2.36235
LONRF2	NA	9	13912	0.0262071
LONRF3	NA	1	4041	0.0100248
LOR	NA	11	1229	0.362582
LOX	NA	11	5399	0.0825363
LOXHD1	NA	1	7869	0.00514809
LOXL1	NA	1266	2361	21.7222
LOXL1-AS1	NA	531	2844	7.56364
LOXL2	NA	6588	3810	70.0478
LOXL3	NA	627	3790	6.70184
LOXL4	NA	2	3657	0.022155
LPA	NA	0	6489	0
LPAL2	NA	2	2502	0.0323824
LPAR1	NA	1	3168	0.0127874
LPAR2	NA	134	1794	3.02586
LPAR3	NA	0	1721	0
LPAR4	NA	0	2832	0
LPAR5	NA	1	2920	0.0138734
LPAR6	NA	15	3458	0.175724
LPCAT1	NA	2902	3946	29.7924
LPCAT2	NA	0	5388	0
LPCAT3	NA	1658	2297	29.2408
LPCAT4	NA	875	1908	18.5779
LPGAT1	NA	1358	7782	7.06927
LPIN1	NA	1271	6461	7.96914
LPIN2	NA	900	6229	5.85316
LPIN3	NA	1239	4436	11.3148
LPL	NA	0	3747	0
LPO	NA	0	2979	0
LPP	NA	1534	18484	3.36198
LPP-AS1	NA	0	495	0
LPP-AS2	NA	33	2883	0.463698
LPPR1	NA	1	2676	0.0151384
LPPR2	NA	783	2743	11.5638
LPPR3	NA	1311	2387	22.2493
LPPR4	NA	375	5022	3.02497
LPPR5	NA	315	4015	3.17827
LPXN	NA	90	2143	1.70132
LRAT	NA	7	4987	0.0568623
LRBA	NA	1935	9965	7.86628
LRCH1	NA	201	8082	1.0075
LRCH2	NA	13	4925	0.106931
LRCH3	NA	111	2306	1.94998
LRCH4	NA	1138	3236	14.2462
LRCOL1	NA	38	874	1.76132
LRFN1	NA	428	3132	5.5359
LRFN2	NA	0	3221	0
LRFN3	NA	700	2515	11.2752
LRFN4	NA	1652	2528	26.4727
LRFN5	NA	0	3732	0
LRG1	NA	22	1780	0.50069
LRGUK	NA	10	2700	0.150038
LRIF1	NA	1693	3335	20.5649
LRIG1	NA	157	4762	1.3356
LRIG2	NA	286	4536	2.55422
LRIG3	NA	3	4200	0.028936
LRIT1	NA	0	2301	0
LRIT2	NA	0	3179	0
LRIT3	NA	7	3584	0.0791218
LRMP	NA	2	2869	0.02824
LRP1	NA	1767	14888	4.80802
LRP1-AS	NA	3	879	0.138261
LRP10	NA	3834	3250	47.7897
LRP11	NA	1410	3618	15.7876
LRP12	NA	245	4149	2.39215
LRP1B	NA	2	16531	0.00490114
LRP2	NA	0	15735	0
LRP2BP	NA	16	5158	0.125662
LRP3	NA	1409	3698	15.4351
LRP4	NA	382	8227	1.881
LRP4-AS1	NA	24	1540	0.63133
LRP5	NA	674	5353	5.10068
LRP5L	NA	135	3998	1.36791
LRP6	NA	973	10083	3.90921
LRP8	NA	545	7778	2.83854
LRPAP1	NA	2857	10703	10.8136
LRPPRC	NA	11879	6619	72.7032
LRR1	NA	661	2073	12.9172
LRRC1	NA	260	3180	3.31217
LRRC10	NA	0	2598	0
LRRC10B	NA	66	2219	1.2049
LRRC14	NA	897	5434	6.68711
LRRC14B	NA	0	1573	0
LRRC15	NA	21	5940	0.143218
LRRC16A	NA	4	5431	0.0298364
LRRC16B	NA	34	4600	0.299424
LRRC17	NA	11	2270	0.196306
LRRC18	NA	0	1619	0
LRRC19	NA	9	3608	0.101051
LRRC2	NA	1	5135	0.00788906
LRRC2-AS1	NA	1	633	0.0639974
LRRC20	NA	6760	3625	75.5448
LRRC23	NA	144	1800	3.24083
LRRC24	NA	355	1772	8.11578
LRRC25	NA	1	2403	0.0168582
LRRC26	NA	24	1195	0.813597
LRRC27	NA	132	9418	0.567781
LRRC28	NA	309	1551	8.07072
LRRC29	NA	58	1493	1.57374
LRRC3	NA	98	2529	1.5698
LRRC3-AS1	NA	1	784	0.0516713
LRRC30	NA	0	906	0
LRRC31	NA	0	2546	0
LRRC32	NA	15	4446	0.136675
LRRC34	NA	4	2413	0.0671535
LRRC36	NA	9	2541	0.143484
LRRC37A	NA	660	10351	2.58302
LRRC37A11P	NA	34	3580	0.384735
LRRC37A2	NA	419	10349	1.64014
LRRC37A3	NA	308	5858	2.12994
LRRC37A4P	NA	1219	12306	4.01285
LRRC37A5P	NA	0	1095	0
LRRC37A6P	NA	16	6454	0.100428
LRRC37A8P	NA	1	6804	0.0059539
LRRC37B	NA	151	3027	2.02083
LRRC37BP1	NA	379	4597	3.33988
LRRC38	NA	7	1908	0.148623
LRRC39	NA	86	1946	1.79028
LRRC3B	NA	0	1691	0
LRRC3C	NA	0	878	0
LRRC4	NA	19	3707	0.207633
LRRC40	NA	691	2945	9.50514
LRRC41	NA	3964	2948	54.4718
LRRC42	NA	2112	1788	47.8511
LRRC43	NA	0	2089	0
LRRC45	NA	113	2701	1.6948
LRRC46	NA	43	1922	0.906319
LRRC47	NA	4041	2648	61.8211
LRRC48	NA	29	2586	0.454292
LRRC49	NA	148	3649	1.64306
LRRC4B	NA	658	2957	9.01447
LRRC4C	NA	0	3731	0
LRRC52	NA	0	1122	0
LRRC55	NA	0	5407	0
LRRC56	NA	54	2774	0.788593
LRRC57	NA	449	2415	7.53174
LRRC58	NA	1640	7683	8.64727
LRRC59	NA	6243	2915	86.7602
LRRC6	NA	177	1987	3.60862
LRRC61	NA	161	1963	3.32255
LRRC63	NA	0	2114	0
LRRC66	NA	17	3329	0.206872
LRRC69	NA	15	1323	0.459301
LRRC7	NA	0	6245	0
LRRC70	NA	16	2249	0.288202
LRRC71	NA	23	1971	0.472723
LRRC72	NA	0	937	0
LRRC73	NA	92	1782	2.09144
LRRC74A	NA	0	1734	0
LRRC74B	NA	26	5139	0.204956
LRRC75A	NA	451	2819	6.48108
LRRC75A-AS1	NA	10893	2507	176.019
LRRC75B	NA	186	1240	6.07655
LRRC8A	NA	1770	4762	15.0574
LRRC8B	NA	615	8061	3.09067
LRRC8C	NA	224	7207	1.2591
LRRC8D	NA	1397	4052	13.9667
LRRC8E	NA	9	3745	0.0973546
LRRC9	NA	1	4915	0.00824218
LRRCC1	NA	2	3875	0.0209086
LRRD1	NA	5	2661	0.0761186
LRRFIP1	NA	1363	7773	7.10351
LRRFIP2	NA	3700	3867	38.7609
LRRIQ1	NA	12	5444	0.0892954
LRRIQ3	NA	30	2862	0.424637
LRRIQ4	NA	1	1824	0.0222096
LRRK1	NA	12	7671	0.0633717
LRRK2	NA	3	9224	0.0131755
LRRN1	NA	2	3823	0.021193
LRRN2	NA	65	3322	0.792647
LRRN3	NA	115	3727	1.24998
LRRN4	NA	2	2955	0.0274182
LRRN4CL	NA	8	2585	0.12537
LRRTM1	NA	0	2212	0
LRRTM2	NA	0	5628	0
LRRTM3	NA	0	6181	0
LRRTM4	NA	1	4816	0.00841161
LRSAM1	NA	741	3450	8.70092
LRTM1	NA	0	1467	0
LRTM2	NA	0	3989	0
LRTOMT	NA	784	5806	5.47022
LRWD1	NA	999	2198	18.4121
LSAMP	NA	1321	9478	5.64614
LSAMP-AS1	NA	31	548	2.29164
LSG1	NA	2360	3572	26.7649
LSM1	NA	1678	1161	58.5498
LSM10	NA	1339	927	58.5149
LSM11	NA	132	6584	0.812176
LSM12	NA	3259	2484	53.1494
LSM14A	NA	3609	3772	38.7598
LSM14B	NA	1563	2594	24.4093
LSM2	NA	8124	5243	62.7705
LSM3	NA	1443	695	84.1099
LSM4	NA	6768	1825	150.232
LSM5	NA	2057	3265	25.5221
LSM6	NA	455	787	23.4208
LSM7	NA	3202	520	249.45
LSM8	NA	852	12520	2.75677
LSMEM1	NA	23	1806	0.515912
LSMEM2	NA	612	1494	16.5946
LSP1	NA	10	3512	0.115348
LSP1P3	NA	15	444	1.36859
LSR	NA	1971	2278	35.0509
LSS	NA	2024	4766	17.2037
LST1	NA	8	7152	0.0453136
LTA	NA	13	11235	0.0468744
LTA4H	NA	3880	2446	64.2601
LTB	NA	82	7146	0.464854
LTB4R	NA	334	4620	2.92867
LTB4R2	NA	87	1560	2.25923
LTBP1	NA	214	6348	1.36566
LTBP2	NA	4644	8554	21.9932
LTBP3	NA	2169	4702	18.6871
LTBP4	NA	3364	5446	25.0233
LTBR	NA	119	2495	1.93216
LTC4S	NA	21	667	1.27544
LTF	NA	13	2826	0.186353
LTK	NA	11	3127	0.142505
LTN1	NA	1780	7756	9.29711
LTV1	NA	1903	1814	42.4979
LUC7L	NA	1989	2082	38.7008
LUC7L2	NA	3585	3019	48.1052
LUC7L3	NA	3312	3517	38.1491
LUCAT1	NA	0	1009	0
LUM	NA	0	2116	0
LUNAR1	NA	2	480	0.168793
LURAP1	NA	221	1849	4.84196
LURAP1L	NA	0	2690	0
LURAP1L-AS1	NA	0	944	0
LUZP1	NA	1229	8487	5.86629
LUZP2	NA	0	5297	0
LUZP4	NA	2	1739	0.0465904
LUZP6	NA	4810	3884	50.1686
LVCAT1	NA	0	2821	0
LVCAT5	NA	0	4115	0
LVCAT8	NA	12	1383	0.3515
LVRN	NA	0	4621	0
LXN	NA	20	1116	0.725992
LY6D	NA	0	802	0
LY6E	NA	2010	1176	69.2396
LY6G5B	NA	799	5418	5.97412
LY6G5C	NA	15508	5082	123.619
LY6G6C	NA	216	6167	1.41888
LY6G6D	NA	53	2814	0.762988
LY6G6E	NA	49	5544	0.358046
LY6G6F	NA	159	6286	1.02468
LY6H	NA	7	1157	0.245093
LY6K	NA	196	1957	4.05724
LY75	NA	4	6930	0.0233826
LY75-CD302	NA	30	8919	0.136261
LY86	NA	0	879	0
LY86-AS1	NA	0	2023	0
LY9	NA	0	3478	0
LY96	NA	0	615	0
LYAR	NA	2998	1604	75.717
LYG1	NA	28	990	1.14575
LYG2	NA	4	868	0.186684
LYL1	NA	7	1788	0.158598
LYN	NA	505	4158	4.92009
LYNX1	NA	0	5492	0
LYPD1	NA	2	3002	0.0269889
LYPD2	NA	0	534	0
LYPD3	NA	79	1706	1.87592
LYPD4	NA	1	2137	0.0189566
LYPD5	NA	0	2813	0
LYPD6	NA	126	4308	1.18484
LYPD6B	NA	131	1573	3.37372
LYPD8	NA	0	435	0
LYPLA1	NA	2198	2790	31.9146
LYPLA2	NA	2589	1624	64.5821
LYPLA2P2	NA	333	1601	8.42595
LYPLAL1	NA	230	2114	4.40746
LYPLAL1-AS1	NA	1	1627	0.0248988
LYRM1	NA	895	2292	15.8188
LYRM2	NA	1467	5598	10.6161
LYRM4	NA	1368	2350	23.5822
LYRM5	NA	230	1135	8.20914
LYRM7	NA	505	6247	3.27481
LYRM9	NA	195	1481	5.33391
LYSMD1	NA	214	2508	3.45662
LYSMD2	NA	25	1875	0.540138
LYSMD3	NA	251	4260	2.38688
LYSMD4	NA	189	2972	2.5762
LYST	NA	137	16733	0.331675
LYVE1	NA	0	2500	0
LYZ	NA	1	1516	0.0267219
LYZL1	NA	4	812	0.199558
LYZL2	NA	0	774	0
LYZL4	NA	0	906	0
LYZL6	NA	1	1069	0.0378955
LZIC	NA	592	1407	17.0449
LZTFL1	NA	901	4514	8.08591
LZTR1	NA	1434	4315	13.4628
LZTS1	NA	0	5459	0
LZTS1-AS1	NA	0	892	0
LZTS2	NA	4278	2848	60.8508
LZTS3	NA	286	4101	2.82515
M1AP	NA	1	2795	0.0144939
M6PR	NA	5380	2566	84.9359
MAATS1	NA	0	4433	0
MAB21L1	NA	6	2907	0.0836127
MAB21L2	NA	1	2769	0.01463
MAB21L3	NA	0	3229	0
MACC1	NA	0	9158	0
MACC1-AS1	NA	0	639	0
MACF1	NA	3801	17689	8.70483
MACROD1	NA	382	1257	12.311
MACROD2	NA	1	5106	0.00793387
MACROD2-AS1	NA	0	1784	0
MACROD2-IT1	NA	0	665	0
MAD1L1	NA	1769	3340	21.4559
MAD2L1	NA	1771	1436	49.9609
MAD2L1BP	NA	2047	1629	50.9053
MAD2L2	NA	2021	1328	61.6501
MADCAM1	NA	7	1537	0.184497
MADD	NA	808	6412	5.10486
MAEA	NA	4316	2709	64.5414
MAEL	NA	0	2011	0
MAF	NA	0	6878	0
MAF1	NA	1812	1775	41.3548
MAFA	NA	63	2373	1.0755
MAFA-AS1	NA	3	417	0.291441
MAFB	NA	131	3393	1.56406
MAFF	NA	596	2530	9.54315
MAFG	NA	1842	5254	14.2025
MAFG-AS1	NA	249	1895	5.32299
MAFIP	NA	291	5339	2.208
MAFK	NA	467	3350	5.64726
MAFTRR	NA	0	685	0
MAG	NA	0	2532	0
MAGEA1	NA	0	1709	0
MAGEA10	NA	0	2743	0
MAGEA10-MAGEA5	NA	0	1873	0
MAGEA11	NA	1	2083	0.0194481
MAGEA12	NA	0	1943	0
MAGEA2	NA	2	2272	0.0356605
MAGEA2B	NA	2	1616	0.0501366
MAGEA3	NA	0	1724	0
MAGEA4	NA	0	1955	0
MAGEA5	NA	0	1664	0
MAGEA6	NA	0	1762	0
MAGEA8	NA	1	2363	0.0171436
MAGEA8-AS1	NA	0	596	0
MAGEA9	NA	5	1807	0.112093
MAGEA9B	NA	5	1814	0.11166
MAGEB1	NA	0	1968	0
MAGEB10	NA	0	1953	0
MAGEB16	NA	0	1818	0
MAGEB17	NA	0	1363	0
MAGEB18	NA	0	1812	0
MAGEB2	NA	1	1612	0.0251305
MAGEB3	NA	0	2306	0
MAGEB4	NA	0	2252	0
MAGEB5	NA	0	1216	0
MAGEB6	NA	0	1949	0
MAGEC1	NA	0	4321	0
MAGEC2	NA	0	1994	0
MAGEC3	NA	0	2691	0
MAGED1	NA	4025	2971	54.8819
MAGED2	NA	2563	2457	42.258
MAGED4	NA	872	2683	13.1662
MAGED4B	NA	872	2683	13.1662
MAGEE1	NA	181	3701	1.98119
MAGEE2	NA	0	2257	0
MAGEF1	NA	2861	1682	68.9061
MAGEH1	NA	386	1480	10.5655
MAGEL2	NA	0	4298	0
MAGI1	NA	240	9168	1.06048
MAGI1-AS1	NA	0	591	0
MAGI2	NA	23	6880	0.135427
MAGI2-AS2	NA	0	476	0
MAGI2-AS3	NA	1	9308	0.00435221
MAGI3	NA	45	7221	0.252453
MAGIX	NA	41	2809	0.591287
MAGOH	NA	2459	756	131.766
MAGOH2P	NA	281	640	17.7866
MAGOHB	NA	777	3373	9.33191
MAGT1	NA	1100	4021	11.0822
MAK	NA	52	3979	0.529414
MAK16	NA	1837	3574	20.8219
MAL	NA	0	1137	0
MAL2	NA	0	2819	0
MALAT1	NA	8880	8751	41.1075
MALL	NA	4	3061	0.0529374
MALRD1	NA	2	6880	0.0117763
MALSU1	NA	863	755	46.3052
MALT1	NA	179	5030	1.44162
MAMDC2	NA	8	3618	0.0895751
MAMDC2-AS1	NA	0	1560	0
MAMDC4	NA	198	3660	2.19154
MAML1	NA	2006	5723	14.1995
MAML2	NA	18	7111	0.102543
MAML3	NA	4	7088	0.0228614
MAMLD1	NA	1	4860	0.00833546
MAMSTR	NA	176	2283	3.123
MAN1A1	NA	4	5027	0.0322342
MAN1A2	NA	323	5388	2.42851
MAN1B1	NA	1515	2900	21.1632
MAN1B1-AS1	NA	151	1872	3.26766
MAN1C1	NA	179	4641	1.56245
MAN2A1	NA	412	7114	2.34611
MAN2A2	NA	865	6269	5.58964
MAN2B1	NA	1748	3224	21.964
MAN2B2	NA	434	4186	4.20007
MAN2C1	NA	1602	3332	19.4771
MANBA	NA	746	3311	9.12737
MANBAL	NA	1471	1315	45.3161
MANEA	NA	122	4616	1.07068
MANEA-AS1	NA	1	2416	0.0167675
MANEAL	NA	1020	3107	13.2992
MANF	NA	1709	963	71.8922
MANSC1	NA	103	2297	1.81653
MANSC4	NA	0	1095	0
MAOA	NA	4	5438	0.029798
MAOB	NA	0	2595	0
MAP10	NA	0	5455	0
MAP1A	NA	1484	10275	5.85084
MAP1B	NA	898	11979	3.03684
MAP1LC3A	NA	1	1143	0.0354421
MAP1LC3B	NA	4013	2288	71.0524
MAP1LC3B2	NA	1008	832	49.0798
MAP1LC3C	NA	0	1192	0
MAP1S	NA	2060	3593	23.2261
MAP2	NA	32	9989	0.129776
MAP2K1	NA	1319	2586	20.6625
MAP2K2	NA	7787	1733	182.028
MAP2K3	NA	835	2374	14.2486
MAP2K4	NA	1109	3873	11.5998
MAP2K4P1	NA	69	2539	1.10091
MAP2K5	NA	339	2571	5.3415
MAP2K6	NA	246	1869	5.33202
MAP2K7	NA	1206	3546	13.7776
MAP3K1	NA	95	7511	0.512379
MAP3K10	NA	491	3436	5.78888
MAP3K11	NA	1644	3573	18.6395
MAP3K12	NA	1216	3640	13.5331
MAP3K13	NA	31	11626	0.108018
MAP3K14	NA	3668	4485	33.1309
MAP3K14-AS1	NA	106	1633	2.62957
MAP3K15	NA	426	4633	3.72489
MAP3K19	NA	2	4377	0.0185105
MAP3K2	NA	735	10870	2.7392
MAP3K3	NA	412	4826	3.4584
MAP3K4	NA	500	5736	3.53124
MAP3K5	NA	1	5195	0.00779795
MAP3K6	NA	478	4348	4.45353
MAP3K7	NA	1926	5167	15.1002
MAP3K7CL	NA	38	3880	0.396751
MAP3K8	NA	33	3013	0.443691
MAP3K9	NA	381	11631	1.32701
MAP4	NA	6408	8714	29.79
MAP4K1	NA	9	2812	0.129656
MAP4K2	NA	382	3004	5.15145
MAP4K3	NA	563	4362	5.22864
MAP4K4	NA	3531	7998	17.8847
MAP4K5	NA	1021	4435	9.32605
MAP6	NA	40	5596	0.289566
MAP6D1	NA	212	2138	4.01693
MAP7	NA	3	5478	0.0221853
MAP7D1	NA	5769	3571	65.445
MAP7D2	NA	0	4259	0
MAP7D3	NA	967	6536	5.9935
MAP9	NA	7308	7331	40.3832
MAPK1	NA	3123	6080	20.8082
MAPK10	NA	0	4620	0
MAPK11	NA	1309	2431	21.8133
MAPK12	NA	2742	1853	59.9457
MAPK13	NA	50	6348	0.31908
MAPK14	NA	1085	4542	9.67717
MAPK15	NA	38	1888	0.815356
MAPK1IP1L	NA	3277	6469	20.5213
MAPK3	NA	1377	1933	28.8581
MAPK4	NA	0	4736	0
MAPK6	NA	2219	4225	21.2763
MAPK7	NA	440	3320	5.36884
MAPK8	NA	650	5923	4.44567
MAPK8IP1	NA	607	3205	7.67232
MAPK8IP2	NA	1934	3380	23.1796
MAPK8IP3	NA	1405	5636	10.0988
MAPK9	NA	1561	5897	10.7235
MAPKAP1	NA	3078	3691	33.7824
MAPKAPK2	NA	1696	3517	19.5353
MAPKAPK3	NA	2405	3153	30.8999
MAPKAPK5	NA	837	2291	14.8002
MAPKAPK5-AS1	NA	883	2285	15.6545
MAPKBP1	NA	630	7250	3.52021
MAPRE1	NA	5728	2623	88.4648
MAPRE2	NA	1143	4880	9.48838
MAPRE3	NA	283	2387	4.80286
MAPT	NA	19	13627	0.0564832
MAPT-AS1	NA	0	1680	0
MAPT-IT1	NA	1	6007	0.00674385
MARC1	NA	3	2243	0.0541823
MARC2	NA	0	1573	0
MARCH1	NA	50	5733	0.353308
MARCH10	NA	3	4258	0.0285418
MARCH11	NA	0	1528	0
MARCH2	NA	360	1651	8.83327
MARCH3	NA	29	4196	0.279981
MARCH4	NA	19	4450	0.172965
MARCH5	NA	1298	3926	13.3934
MARCH6	NA	1344	9697	5.61472
MARCH7	NA	2167	3840	22.8609
MARCH8	NA	432	6310	2.77345
MARCH9	NA	432	2985	5.8628
MARCKS	NA	0	4304	0
MARCKSL1	NA	5170	1562	134.084
MARCO	NA	0	1835	0
MARK1	NA	232	7102	1.32335
MARK2	NA	1301	5179	10.1765
MARK2P9	NA	1	946	0.0428228
MARK3	NA	2840	3530	32.5919
MARK4	NA	1860	5243	14.3714
MARS	NA	3077	2915	42.7617
MARS2	NA	548	3087	7.19134
MARVELD1	NA	2974	3237	37.2189
MARVELD2	NA	2	2160	0.0375096
MARVELD3	NA	7	4261	0.0665507
MAS1	NA	0	1134	0
MAS1L	NA	0	5058	0
MASP1	NA	2	9994	0.00810693
MASP2	NA	37	2611	0.574065
MAST1	NA	273	4923	2.24646
MAST2	NA	1552	5738	10.9571
MAST3	NA	559	5893	3.84274
MAST4	NA	11	11847	0.0376141
MASTL	NA	628	3626	7.01613
MAT1A	NA	31	3404	0.368925
MAT2A	NA	6506	3006	87.6781
MAT2B	NA	1271	2515	20.4726
MATK	NA	951	2551	15.1021
MATN1	NA	37	3830	0.391353
MATN1-AS1	NA	30	2050	0.592834
MATN2	NA	17	4108	0.167643
MATN3	NA	0	2583	0
MATN4	NA	0	2342	0
MATR3	NA	9894	5989	66.9242
MAU2	NA	1035	4853	8.63965
MAVS	NA	2182	11771	7.50943
MAX	NA	1538	3037	20.5153
MAZ	NA	6399	2861	90.6067
MB	NA	0	1389	0
MB21D1	NA	0	1802	0
MB21D2	NA	6	3367	0.0721895
MBD1	NA	1766	4811	14.8703
MBD2	NA	1222	5611	8.8226
MBD3	NA	4182	2499	67.7928
MBD3L1	NA	0	748	0
MBD3L2	NA	3729	774	195.172
MBD3L3	NA	3467	773	181.694
MBD3L4	NA	3560	773	186.568
MBD3L5	NA	3162	773	165.71
MBD4	NA	929	2973	12.6586
MBD5	NA	241	6016	1.62284
MBD6	NA	460	4150	4.4903
MBIP	NA	461	1648	11.3321
MBL1P	NA	0	1424	0
MBL2	NA	20	3569	0.227012
MBLAC1	NA	96	1499	2.59439
MBLAC2	NA	103	4280	0.974898
MBNL1	NA	641	6523	3.98086
MBNL1-AS1	NA	6	6656	0.0365177
MBNL2	NA	59	4735	0.504775
MBNL3	NA	53	11843	0.181293
MBOAT1	NA	23	4319	0.21573
MBOAT2	NA	1114	3804	11.8634
MBOAT4	NA	2	1663	0.0487196
MBOAT7	NA	3020	3089	39.6054
MBP	NA	6	6900	0.0352264
MBTD1	NA	558	5382	4.20007
MBTPS1	NA	1597	4380	14.7705
MBTPS2	NA	542	4525	4.85229
MC1R	NA	876	3099	11.4511
MC2R	NA	0	3730	0
MC3R	NA	1	1084	0.0373712
MC4R	NA	0	1438	0
MC5R	NA	2	1319	0.0614258
MCAM	NA	2984	3332	36.2794
MCAT	NA	1023	2093	19.8003
MCC	NA	22	9266	0.0961825
MCCC1	NA	1008	3398	12.0172
MCCC2	NA	2736	3673	30.176
MCCD1	NA	45	5672	0.321397
MCEE	NA	123	870	5.72732
MCEMP1	NA	0	1308	0
MCF2	NA	0	4241	0
MCF2L	NA	41	6687	0.248381
MCF2L-AS1	NA	12	1155	0.420887
MCF2L2	NA	41	5013	0.331323
MCFD2	NA	4046	4696	34.9031
MCHR1	NA	132	2423	2.20692
MCHR2	NA	0	2383	0
MCHR2-AS1	NA	0	548	0
MCIDAS	NA	123	2104	2.36824
MCL1	NA	9544	4085	94.6464
MCM10	NA	1114	4550	9.91835
MCM2	NA	4391	3506	50.7361
MCM3	NA	7884	3208	99.5584
MCM3AP	NA	3738	6194	24.4475
MCM3AP-AS1	NA	627	4707	5.39621
MCM4	NA	4650	4915	38.3262
MCM5	NA	2318	2546	36.8825
MCM6	NA	3703	3787	39.6118
MCM7	NA	10536	3653	116.84
MCM8	NA	447	3920	4.61942
MCM8-AS1	NA	13	1131	0.465636
MCM9	NA	278	6147	1.83209
MCMBP	NA	2738	4496	24.6702
MCMDC2	NA	605	5604	4.37344
MCOLN1	NA	313	2098	6.04373
MCOLN2	NA	17	3053	0.225573
MCOLN3	NA	25	2850	0.355354
MCPH1	NA	1285	5026	10.3573
MCPH1-AS1	NA	243	4132	2.38238
MCRS1	NA	1896	1995	38.5
MCTP1	NA	20	5400	0.150038
MCTP2	NA	0	8602	0
MCTS1	NA	964	9962	3.92009
MCTS2P	NA	218	835	10.5764
MCU	NA	521	3660	5.76664
MCUR1	NA	905	5471	6.70112
MDC1	NA	1526	55335	1.11717
MDFI	NA	3	2036	0.0596911
MDFIC	NA	1	5519	0.00734016
MDGA1	NA	396	8907	1.80107
MDGA2	NA	0	6259	0
MDH1	NA	6126	1883	131.793
MDH1B	NA	134	2831	1.91748
MDH2	NA	6517	2730	96.7054
MDK	NA	5495	1683	132.266
MDM1	NA	189	5005	1.52976
MDM2	NA	11540	7565	61.7963
MDM4	NA	1030	10077	4.14068
MDN1	NA	2925	18208	6.50773
MDP1	NA	184	781	9.54405
MDS2	NA	4	1027	0.157781
ME1	NA	1	3517	0.0115184
ME2	NA	1917	4622	16.8019
ME3	NA	454	2579	7.13133
MEA1	NA	2195	866	102.679
MEAF6	NA	1104	4965	9.00774
MEAT6	NA	0	1071	0
MECOM	NA	9	6826	0.0534124
MECP2	NA	917	10241	3.62738
MECR	NA	977	2666	14.8457
MED1	NA	2782	8148	13.8316
MED10	NA	1171	1028	46.1455
MED11	NA	401	970	16.7471
MED12	NA	469	6969	2.72627
MED12L	NA	9	10440	0.0349227
MED13	NA	1268	10465	4.90847
MED13L	NA	1425	9378	6.1556
MED14	NA	831	6768	4.97401
MED14OS	NA	5	904	0.224062
MED15	NA	1508	3829	15.9544
MED15P9	NA	134	1835	2.95825
MED16	NA	1616	2924	22.3887
MED17	NA	777	3497	9.00101
MED18	NA	364	1869	7.88965
MED19	NA	671	1514	17.9541
MED20	NA	611	2747	9.01049
MED21	NA	619	2955	8.48592
MED22	NA	1395	3915	14.4347
MED23	NA	599	5586	4.34402
MED24	NA	3015	3737	32.6836
MED25	NA	1459	2343	25.226
MED26	NA	498	3184	6.3361
MED27	NA	1027	1799	23.1262
MED28	NA	2876	2394	48.6666
MED29	NA	1727	3567	19.6135
MED30	NA	135	985	5.55218
MED31	NA	389	1656	9.51601
MED4	NA	1929	2287	34.169
MED4-AS1	NA	515	544	38.3508
MED6	NA	1949	2407	32.8021
MED7	NA	499	1475	13.7049
MED8	NA	1421	2050	28.0806
MED9	NA	720	2222	13.1267
MEDAG	NA	0	2390	0
MEF2A	NA	688	5918	4.70955
MEF2B	NA	331	1451	9.24116
MEF2BNB	NA	896	2130	17.041
MEF2BNB-MEF2B	NA	619	2242	11.1846
MEF2C	NA	1	6864	0.00590186
MEF2C-AS1	NA	0	3186	0
MEF2D	NA	1041	6073	6.94406
MEFV	NA	0	3674	0
MEG3	NA	8	10567	0.0306693
MEG8	NA	0	498	0
MEG9	NA	0	2640	0
MEGF10	NA	2	8128	0.00996809
MEGF11	NA	82	5914	0.561692
MEGF6	NA	549	7439	2.98967
MEGF8	NA	1470	11167	5.33269
MEGF9	NA	118	6210	0.769762
MEI1	NA	2	4006	0.0202248
MEI4	NA	2	2587	0.0313184
MEIG1	NA	7	625	0.453716
MEIKIN	NA	0	1560	0
MEIOB	NA	1802	1884	38.7471
MEIS1	NA	0	3181	0
MEIS1-AS2	NA	0	701	0
MEIS1-AS3	NA	0	4099	0
MEIS2	NA	2410	4422	22.0782
MEIS3	NA	944	2166	17.6555
MEIS3P1	NA	114	2856	1.61701
MELK	NA	1198	2609	18.6015
MEMO1	NA	1231	1973	25.2753
MEN1	NA	2378	3646	26.4217
MEOX1	NA	299	2338	5.18075
MEOX2	NA	0	2371	0
MEOX2-AS1	NA	0	2098	0
MEP1A	NA	0	2929	0
MEP1B	NA	1	2311	0.0175294
MEPCE	NA	2016	3281	24.8914
MEPE	NA	3	2301	0.0528166
MERTK	NA	430	3626	4.80404
MESDC1	NA	1809	3051	24.0194
MESDC2	NA	1864	6176	12.2266
MESP1	NA	1	1162	0.0348626
MESP2	NA	0	1611	0
MEST	NA	124	3008	1.66997
MESTIT1	NA	0	3242	0
MET	NA	0	6676	0
METAP1	NA	1484	2770	21.703
METAP1D	NA	71	1534	1.87499
METAP2	NA	4109	3504	47.5048
METRN	NA	4249	1092	157.627
METRNL	NA	446	1612	11.2082
METTL1	NA	617	1307	19.1239
METTL10	NA	576	3660	6.3754
METTL11B	NA	1	938	0.043188
METTL12	NA	177	1382	5.18837
METTL13	NA	2448	3407	29.1075
METTL14	NA	493	3504	5.69966
METTL15	NA	672	4416	6.16462
METTL16	NA	1664	5753	11.7172
METTL17	NA	1205	1786	27.332
METTL18	NA	207	1475	5.68518
METTL20	NA	35	2381	0.59549
METTL21A	NA	573	5539	4.19072
METTL21B	NA	192	2840	2.73873
METTL21C	NA	0	1102	0
METTL21EP	NA	3	2312	0.0525653
METTL22	NA	393	1570	10.1405
METTL23	NA	389	1317	11.9655
METTL24	NA	8	1101	0.294353
METTL25	NA	80	2094	1.54767
METTL2A	NA	701	2519	11.2734
METTL2B	NA	737	2182	13.6829
METTL3	NA	1856	2022	37.1846
METTL4	NA	179	3687	1.96673
METTL5	NA	2508	1027	98.9288
METTL6	NA	616	3010	8.29049
METTL7A	NA	18	3390	0.215099
METTL7B	NA	2	1505	0.0538343
METTL8	NA	1252	8134	6.23542
METTL9	NA	1901	3336	23.0846
MEX3A	NA	1113	6124	7.36251
MEX3B	NA	0	3530	0
MEX3C	NA	1059	4142	10.3574
MEX3D	NA	1571	2850	22.3304
MFAP1	NA	1919	2063	37.6827
MFAP2	NA	1152	1174	39.7512
MFAP3	NA	692	5346	5.24376
MFAP3L	NA	68	7284	0.378185
MFAP4	NA	23	1961	0.475134
MFAP5	NA	3	3003	0.0404699
MFF	NA	1595	2291	28.2034
MFGE8	NA	4202	1989	85.5829
MFHAS1	NA	1128	5255	8.69565
MFI2	NA	918	4811	7.72989
MFI2-AS1	NA	141	951	6.00626
MFN1	NA	521	3513	6.00794
MFN2	NA	4079	4677	35.3307
MFNG	NA	9	2136	0.17069
MFRP	NA	40	3925	0.412844
MFSD1	NA	351	2486	5.71968
MFSD10	NA	1443	2050	28.5153
MFSD11	NA	1774	3631	19.7922
MFSD12	NA	3333	2135	63.2417
MFSD2A	NA	294	2213	5.38185
MFSD2B	NA	3	1508	0.0805909
MFSD3	NA	748	1601	18.9268
MFSD4	NA	19	4088	0.188282
MFSD5	NA	848	2216	15.5022
MFSD6	NA	17	4797	0.143564
MFSD6L	NA	0	2240	0
MFSD7	NA	52	2131	0.988521
MFSD8	NA	465	4545	4.14462
MFSD9	NA	172	2706	2.57494
MGA	NA	791	12042	2.66099
MGAM	NA	0	6484	0
MGAM2	NA	0	7872	0
MGARP	NA	10	1339	0.302542
MGAT1	NA	2905	3938	29.8838
MGAT2	NA	1319	2711	19.7098
MGAT3	NA	634	5209	4.93061
MGAT3-AS1	NA	0	498	0
MGAT4A	NA	104	8515	0.494783
MGAT4B	NA	4368	3369	52.5228
MGAT4C	NA	0	1934	0
MGAT4D	NA	0	1341	0
MGAT4EP	NA	1	2807	0.0144319
MGAT5	NA	68	8145	0.338208
MGAT5B	NA	242	4448	2.20402
MGC12916	NA	5	2006	0.100973
MGC15885	NA	0	2315	0
MGC16025	NA	2	2127	0.0380915
MGC16142	NA	14	1291	0.439307
MGC16275	NA	34	2485	0.554266
MGC27345	NA	326	10079	1.31029
MGC27382	NA	0	1191	0
MGC2889	NA	0	2194	0
MGC32805	NA	0	1424	0
MGC34796	NA	0	1887	0
MGC39584	NA	1	1206	0.0335907
MGC45922	NA	7	936	0.302962
MGC57346	NA	290	5305	2.21451
MGC57346-CRHR1	NA	71	5577	0.515731
MGC70870	NA	27	3110	0.351697
MGC72080	NA	390	698	22.6347
MGEA5	NA	3678	5202	28.6423
MGLL	NA	1	4809	0.00842386
MGME1	NA	1538	2127	29.2924
MGMT	NA	866	1265	27.7328
MGP	NA	0	1473	0
MGRN1	NA	1670	6471	10.4547
MGST1	NA	0	2354	0
MGST2	NA	0	1334	0
MGST3	NA	192	1518	5.12384
MHRT	NA	0	876	0
MIA	NA	9	670	0.544169
MIA-RAB4B	NA	199	1394	5.78304
MIA2	NA	0	2281	0
MIA3	NA	767	8410	3.69458
MIAT	NA	29	10182	0.11538
MIATNB	NA	10	1682	0.240846
MIB1	NA	1901	9567	8.04956
MIB2	NA	1163	3574	13.1823
MICA	NA	751	11950	2.54588
MICAL1	NA	690	3949	7.07828
MICAL2	NA	672	7760	3.50811
MICAL3	NA	1100	14775	3.016
MICALCL	NA	2	3044	0.0266165
MICALL1	NA	2585	4495	23.2968
MICALL2	NA	509	3099	6.65368
MICB	NA	649	20626	1.27466
MICU1	NA	1556	2674	23.573
MICU2	NA	1291	1933	27.0558
MICU3	NA	392	3987	3.98296
MID1	NA	11	8739	0.0509914
MID1IP1	NA	3	3783	0.0321256
MID1IP1-AS1	NA	0	696	0
MID2	NA	8	7345	0.0441229
MIDN	NA	2604	3793	27.8115
MIEF1	NA	2692	6058	18.0016
MIEF2	NA	413	2645	6.32543
MIEN1	NA	918	754	49.3216
MIER1	NA	769	7731	4.02955
MIER2	NA	1038	2762	15.2244
MIER3	NA	698	5222	5.41482
MIF	NA	1	561	0.0722109
MIF-AS1	NA	1	2192	0.018481
MIF4GD	NA	337	1440	9.48054
MIIP	NA	878	1801	19.7491
MILR1	NA	0	631	0
MIMT1	NA	7	1288	0.220165
MINA	NA	787	5342	5.96811
MINK1	NA	1254	5041	10.0774
MINOS1	NA	1693	4231	16.2099
MINOS1-NBL1	NA	947	2210	17.359
MINOS1P1	NA	3	2279	0.0533265
MINPP1	NA	533	3303	6.53709
MIOS	NA	2240	3323	27.3076
MIOX	NA	9	1437	0.253718
MIP	NA	3	2608	0.0465993
MIPEP	NA	931	2429	15.527
MIPEPP3	NA	36	2088	0.698454
MIPOL1	NA	174	6386	1.10379
MIR1-1	NA	0	71	0
MIR1-1HG	NA	0	1220	0
MIR1-2	NA	0	85	0
MIR100	NA	0	80	0
MIR100HG	NA	0	3082	0
MIR101-1	NA	0	75	0
MIR101-2	NA	0	79	0
MIR103A1	NA	0	78	0
MIR103A2	NA	3	78	1.55809
MIR103B1	NA	0	62	0
MIR103B2	NA	3	62	1.96018
MIR105-1	NA	0	81	0
MIR105-2	NA	0	81	0
MIR106A	NA	1	81	0.500128
MIR106B	NA	2	82	0.988057
MIR107	NA	0	81	0
MIR10A	NA	0	110	0
MIR10B	NA	0	110	0
MIR1178	NA	0	91	0
MIR1179	NA	0	91	0
MIR1180	NA	0	69	0
MIR1181	NA	12	81	6.00153
MIR1182	NA	0	97	0
MIR1183	NA	0	89	0
MIR1184-1	NA	86	198	17.5954
MIR1184-2	NA	86	198	17.5954
MIR1184-3	NA	86	198	17.5954
MIR1185-1	NA	0	85	0
MIR1185-2	NA	0	85	0
MIR1193	NA	0	78	0
MIR1197	NA	0	88	0
MIR1199	NA	2	119	0.680846
MIR1200	NA	0	76	0
MIR1202	NA	0	83	0
MIR1203	NA	0	85	0
MIR1204	NA	16	67	9.67411
MIR1205	NA	0	63	0
MIR1206	NA	0	59	0
MIR1207	NA	0	87	0
MIR1208	NA	0	73	0
MIR122	NA	0	85	0
MIR1224	NA	0	85	0
MIR1225	NA	0	90	0
MIR1226	NA	141	75	76.1594
MIR1227	NA	1	88	0.460345
MIR1228	NA	5	73	2.77468
MIR1229	NA	31	69	18.2003
MIR1231	NA	2	92	0.880659
MIR1233-1	NA	14	164	3.4582
MIR1233-2	NA	14	164	3.4582
MIR1234	NA	0	120	0
MIR1236	NA	8	612	0.529547
MIR1237	NA	27	102	10.7233
MIR1238	NA	49	83	23.9157
MIR124-1	NA	0	85	0
MIR124-2	NA	0	109	0
MIR124-2HG	NA	0	7214	0
MIR124-3	NA	0	87	0
MIR1243	NA	0	93	0
MIR1244-1	NA	4080	246	671.879
MIR1244-2	NA	4080	246	671.879
MIR1244-3	NA	4080	246	671.879
MIR1244-4	NA	4080	246	671.879
MIR1245A	NA	0	69	0
MIR1245B	NA	0	68	0
MIR1246	NA	0	73	0
MIR1247	NA	0	136	0
MIR1248	NA	134	106	51.2112
MIR1249	NA	0	66	0
MIR1250	NA	0	113	0
MIR1251	NA	0	70	0
MIR1252	NA	0	65	0
MIR1253	NA	0	105	0
MIR1254-1	NA	2	97	0.835265
MIR1254-2	NA	0	63	0
MIR1255A	NA	0	113	0
MIR1255B1	NA	0	63	0
MIR1255B2	NA	0	67	0
MIR1256	NA	0	119	0
MIR1257	NA	0	117	0
MIR1258	NA	0	73	0
MIR125A	NA	0	86	0
MIR125B1	NA	0	88	0
MIR125B2	NA	0	89	0
MIR126	NA	0	85	0
MIR1260A	NA	0	73	0
MIR1260B	NA	0	89	0
MIR1261	NA	0	82	0
MIR1262	NA	0	93	0
MIR1263	NA	0	86	0
MIR1264	NA	0	69	0
MIR1265	NA	0	86	0
MIR1266	NA	0	84	0
MIR1267	NA	0	78	0
MIR1268A	NA	0	208	0
MIR1269A	NA	0	105	0
MIR1269B	NA	0	75	0
MIR127	NA	0	97	0
MIR1270	NA	0	166	0
MIR1271	NA	0	86	0
MIR1272	NA	0	129	0
MIR1273A	NA	0	103	0
MIR1273C	NA	0	77	0
MIR1273E	NA	0	100	0
MIR1273F	NA	0	99	0
MIR1273G	NA	0	100	0
MIR1273H	NA	0	80	0
MIR1275	NA	0	80	0
MIR1276	NA	0	83	0
MIR1277	NA	0	78	0
MIR1278	NA	0	81	0
MIR1279	NA	1	62	0.653393
MIR128-1	NA	0	82	0
MIR128-2	NA	0	84	0
MIR1281	NA	1	54	0.750191
MIR1282	NA	65	101	26.071
MIR1283-1	NA	0	87	0
MIR1283-2	NA	0	87	0
MIR1284	NA	0	120	0
MIR1286	NA	0	78	0
MIR1287	NA	0	90	0
MIR1288	NA	0	75	0
MIR1289-1	NA	0	144	0
MIR1289-2	NA	0	111	0
MIR129-1	NA	0	72	0
MIR129-2	NA	0	90	0
MIR1290	NA	0	78	0
MIR1291	NA	0	87	0
MIR1292	NA	2	66	1.22759
MIR1293	NA	0	71	0
MIR1294	NA	0	142	0
MIR1295A	NA	0	79	0
MIR1295B	NA	0	60	0
MIR1296	NA	0	92	0
MIR1297	NA	0	77	0
MIR1298	NA	0	112	0
MIR1299	NA	0	83	0
MIR1301	NA	0	82	0
MIR1302-1	NA	0	143	0
MIR1302-10	NA	0	552	0
MIR1302-11	NA	0	552	0
MIR1302-2	NA	0	552	0
MIR1302-3	NA	0	138	0
MIR1302-4	NA	0	150	0
MIR1302-5	NA	0	150	0
MIR1302-6	NA	0	90	0
MIR1302-7	NA	0	72	0
MIR1302-8	NA	0	128	0
MIR1302-9	NA	0	552	0
MIR1303	NA	0	86	0
MIR1304	NA	6	91	2.67101
MIR1305	NA	0	86	0
MIR1306	NA	17	85	8.10207
MIR1307	NA	81	149	22.0224
MIR130A	NA	0	89	0
MIR130B	NA	0	82	0
MIR132	NA	0	101	0
MIR1321	NA	0	79	0
MIR1322	NA	0	71	0
MIR1323	NA	0	73	0
MIR1324	NA	0	96	0
MIR133A1	NA	0	88	0
MIR133A1HG	NA	0	4234	0
MIR133A2	NA	0	102	0
MIR133B	NA	0	119	0
MIR134	NA	0	73	0
MIR1343	NA	0	84	0
MIR135A1	NA	1	90	0.450115
MIR135A2	NA	0	100	0
MIR135B	NA	0	97	0
MIR136	NA	0	82	0
MIR137	NA	0	102	0
MIR137HG	NA	0	2469	0
MIR138-1	NA	0	99	0
MIR138-2	NA	0	84	0
MIR139	NA	0	68	0
MIR140	NA	0	100	0
MIR141	NA	0	95	0
MIR142	NA	0	87	0
MIR143	NA	0	106	0
MIR143HG	NA	0	1003	0
MIR144	NA	0	86	0
MIR145	NA	0	88	0
MIR1468	NA	0	86	0
MIR1469	NA	0	47	0
MIR146A	NA	0	99	0
MIR146B	NA	0	73	0
MIR1470	NA	0	61	0
MIR1471	NA	0	57	0
MIR147A	NA	0	72	0
MIR147B	NA	0	80	0
MIR148A	NA	0	68	0
MIR148B	NA	0	99	0
MIR149	NA	1	89	0.455172
MIR150	NA	0	84	0
MIR151B	NA	0	96	0
MIR152	NA	0	87	0
MIR153-1	NA	0	90	0
MIR153-2	NA	0	87	0
MIR1537	NA	0	61	0
MIR1538	NA	2	61	1.32821
MIR1539	NA	0	50	0
MIR154	NA	0	84	0
MIR155	NA	0	65	0
MIR155HG	NA	0	1474	0
MIR15A	NA	0	83	0
MIR15B	NA	0	98	0
MIR16-1	NA	0	89	0
MIR16-2	NA	0	81	0
MIR17	NA	0	84	0
MIR17HG	NA	111	5018	0.896103
MIR181A1	NA	0	110	0
MIR181A1HG	NA	0	604	0
MIR181A2	NA	0	110	0
MIR181A2HG	NA	51	617	3.3485
MIR181B1	NA	0	110	0
MIR181B2	NA	0	89	0
MIR181C	NA	0	110	0
MIR181D	NA	0	137	0
MIR182	NA	0	110	0
MIR1825	NA	21	53	16.0513
MIR1827	NA	0	66	0
MIR183	NA	0	110	0
MIR184	NA	0	84	0
MIR185	NA	0	82	0
MIR186	NA	1	86	0.47105
MIR187	NA	0	109	0
MIR188	NA	0	86	0
MIR18A	NA	0	71	0
MIR18B	NA	1	71	0.570568
MIR1908	NA	0	80	0
MIR1909	NA	38	80	19.2424
MIR190A	NA	0	85	0
MIR190B	NA	0	79	0
MIR191	NA	0	92	0
MIR1910	NA	0	80	0
MIR1911	NA	0	80	0
MIR1912	NA	0	80	0
MIR1913	NA	0	80	0
MIR1914	NA	4	80	2.02552
MIR1915	NA	5	80	2.5319
MIR192	NA	0	110	0
MIR193A	NA	5	88	2.30172
MIR193B	NA	0	83	0
MIR194-1	NA	0	85	0
MIR194-2	NA	0	85	0
MIR195	NA	0	87	0
MIR196A1	NA	0	70	0
MIR196A2	NA	1	110	0.368276
MIR196B	NA	5	84	2.41133
MIR197	NA	1	75	0.540138
MIR1972-1	NA	0	77	0
MIR1972-2	NA	0	77	0
MIR1973	NA	0	44	0
MIR1976	NA	0	52	0
MIR198	NA	3	62	1.96018
MIR199A1	NA	0	71	0
MIR199A2	NA	3	110	1.10483
MIR199B	NA	0	110	0
MIR19A	NA	0	82	0
MIR19B1	NA	0	87	0
MIR19B2	NA	0	96	0
MIR200A	NA	0	90	0
MIR200B	NA	0	95	0
MIR200C	NA	0	68	0
MIR202	NA	0	110	0
MIR202HG	NA	3	815	0.149118
MIR203A	NA	0	110	0
MIR203B	NA	0	86	0
MIR204	NA	0	110	0
MIR205	NA	0	110	0
MIR2052	NA	0	55	0
MIR2052HG	NA	0	2125	0
MIR2053	NA	0	91	0
MIR2054	NA	0	49	0
MIR205HG	NA	0	890	0
MIR206	NA	0	86	0
MIR208A	NA	0	71	0
MIR208B	NA	0	77	0
MIR20A	NA	0	71	0
MIR20B	NA	0	69	0
MIR21	NA	1	72	0.562644
MIR210	NA	0	110	0
MIR210HG	NA	32	2303	0.562888
MIR211	NA	0	110	0
MIR2110	NA	0	75	0
MIR2113	NA	0	89	0
MIR2114	NA	0	80	0
MIR2115	NA	0	100	0
MIR2116	NA	1	80	0.506379
MIR2117	NA	0	80	0
MIR212	NA	1	110	0.368276
MIR214	NA	68	110	25.0428
MIR215	NA	0	110	0
MIR216A	NA	0	110	0
MIR216B	NA	0	82	0
MIR217	NA	0	110	0
MIR217HG	NA	0	685	0
MIR218-1	NA	0	110	0
MIR218-2	NA	0	110	0
MIR219A1	NA	2	660	0.122759
MIR219A2	NA	0	97	0
MIR219B	NA	0	88	0
MIR22	NA	5	85	2.38296
MIR221	NA	0	110	0
MIR222	NA	0	110	0
MIR223	NA	0	110	0
MIR224	NA	0	81	0
MIR2276	NA	0	89	0
MIR2277	NA	4	93	1.74238
MIR2278	NA	0	96	0
MIR22HG	NA	297	2737	4.3959
MIR2355	NA	0	87	0
MIR2392	NA	0	84	0
MIR23A	NA	0	73	0
MIR23B	NA	0	97	0
MIR23C	NA	0	100	0
MIR24-1	NA	0	68	0
MIR24-2	NA	0	73	0
MIR2467	NA	0	81	0
MIR25	NA	12	84	5.78719
MIR2681	NA	0	105	0
MIR2682	NA	0	109	0
MIR26A1	NA	0	77	0
MIR26A2	NA	1	84	0.482266
MIR26B	NA	0	77	0
MIR27A	NA	0	78	0
MIR27B	NA	0	97	0
MIR28	NA	0	86	0
MIR2861	NA	2	90	0.90023
MIR2909	NA	0	69	0
MIR296	NA	0	80	0
MIR298	NA	0	88	0
MIR299	NA	0	63	0
MIR29A	NA	0	64	0
MIR29B1	NA	0	81	0
MIR29B2	NA	0	81	0
MIR29C	NA	0	88	0
MIR300	NA	0	82	0
MIR301A	NA	0	86	0
MIR301B	NA	0	78	0
MIR302A	NA	0	69	0
MIR302B	NA	0	73	0
MIR302C	NA	0	68	0
MIR302D	NA	0	68	0
MIR302E	NA	0	72	0
MIR302F	NA	0	51	0
MIR3064	NA	31	66	19.0276
MIR3065	NA	0	79	0
MIR3074	NA	0	81	0
MIR30A	NA	0	71	0
MIR30B	NA	0	88	0
MIR30C1	NA	0	89	0
MIR30C2	NA	0	72	0
MIR30D	NA	0	70	0
MIR30E	NA	0	92	0
MIR31	NA	0	71	0
MIR3115	NA	0	68	0
MIR3116-1	NA	0	74	0
MIR3116-2	NA	0	68	0
MIR3117	NA	0	78	0
MIR3118-1	NA	0	152	0
MIR3118-2	NA	0	150	0
MIR3118-3	NA	0	150	0
MIR3118-4	NA	0	150	0
MIR3119-1	NA	0	85	0
MIR3119-2	NA	0	85	0
MIR3120	NA	25	81	12.5032
MIR3121	NA	0	77	0
MIR3122	NA	0	73	0
MIR3123	NA	0	75	0
MIR3124	NA	0	67	0
MIR3125	NA	0	78	0
MIR3126	NA	0	74	0
MIR3127	NA	0	76	0
MIR3128	NA	0	66	0
MIR3129	NA	0	76	0
MIR3130-1	NA	0	75	0
MIR3130-2	NA	0	75	0
MIR3131	NA	0	63	0
MIR3132	NA	1	75	0.540138
MIR3133	NA	0	78	0
MIR3134	NA	0	69	0
MIR3135A	NA	0	77	0
MIR3135B	NA	1	544	0.0744675
MIR3136	NA	0	78	0
MIR3137	NA	0	75	0
MIR3138	NA	0	82	0
MIR3139	NA	0	76	0
MIR3140	NA	0	90	0
MIR3141	NA	0	61	0
MIR3142	NA	0	82	0
MIR3143	NA	0	63	0
MIR3144	NA	0	79	0
MIR3145	NA	0	82	0
MIR3146	NA	0	79	0
MIR3147	NA	0	66	0
MIR3148	NA	0	77	0
MIR3149	NA	0	83	0
MIR3150A	NA	0	80	0
MIR3150B	NA	0	86	0
MIR3151	NA	0	76	0
MIR3152	NA	0	74	0
MIR3153	NA	0	82	0
MIR3154	NA	0	84	0
MIR3155A	NA	0	82	0
MIR3155B	NA	0	56	0
MIR3156-1	NA	0	75	0
MIR3156-2	NA	0	77	0
MIR3156-3	NA	0	77	0
MIR3157	NA	0	85	0
MIR3158-1	NA	0	81	0
MIR3158-2	NA	0	81	0
MIR3160-1	NA	0	85	0
MIR3160-2	NA	0	81	0
MIR3161	NA	0	77	0
MIR3162	NA	0	82	0
MIR3163	NA	0	146	0
MIR3164	NA	0	83	0
MIR3165	NA	0	75	0
MIR3166	NA	0	92	0
MIR3167	NA	0	85	0
MIR3168	NA	1	82	0.494028
MIR3169	NA	0	83	0
MIR3170	NA	0	77	0
MIR3171	NA	0	74	0
MIR3173	NA	1	68	0.59574
MIR3174	NA	0	87	0
MIR3175	NA	0	77	0
MIR3176	NA	0	90	0
MIR3177	NA	0	82	0
MIR3178	NA	0	84	0
MIR3179-1	NA	6	168	1.4468
MIR3179-2	NA	6	168	1.4468
MIR3179-3	NA	6	168	1.4468
MIR3179-4	NA	6	168	1.4468
MIR3180-1	NA	0	188	0
MIR3180-2	NA	0	176	0
MIR3180-3	NA	0	188	0
MIR3180-4	NA	0	153	0
MIR3180-5	NA	0	153	0
MIR3181	NA	0	73	0
MIR3182	NA	0	63	0
MIR3183	NA	0	84	0
MIR3184	NA	1	75	0.540138
MIR3185	NA	12	68	7.14888
MIR3186	NA	0	85	0
MIR3187	NA	56	70	32.4083
MIR3188	NA	0	85	0
MIR3189	NA	2	73	1.10987
MIR3190	NA	0	80	0
MIR3191	NA	0	76	0
MIR3192	NA	1	77	0.526108
MIR3193	NA	0	55	0
MIR3194	NA	0	73	0
MIR3195	NA	0	84	0
MIR3196	NA	1	64	0.632974
MIR3197	NA	0	73	0
MIR3198-1	NA	0	80	0
MIR3198-2	NA	54	80	27.3445
MIR3199-1	NA	0	88	0
MIR3199-2	NA	0	86	0
MIR31HG	NA	0	2148	0
MIR32	NA	0	70	0
MIR3200	NA	0	85	0
MIR3201	NA	0	52	0
MIR3202-1	NA	0	81	0
MIR3202-2	NA	0	79	0
MIR320A	NA	0	82	0
MIR320B1	NA	0	79	0
MIR320B2	NA	2	138	0.587106
MIR320C1	NA	1	88	0.460345
MIR320C2	NA	0	50	0
MIR320D1	NA	0	48	0
MIR320D2	NA	0	48	0
MIR320E	NA	0	53	0
MIR323A	NA	0	86	0
MIR323B	NA	0	82	0
MIR324	NA	63	83	30.7488
MIR325	NA	0	98	0
MIR325HG	NA	0	1403	0
MIR326	NA	0	95	0
MIR328	NA	1	75	0.540138
MIR329-1	NA	0	80	0
MIR329-2	NA	0	84	0
MIR330	NA	0	94	0
MIR331	NA	0	94	0
MIR335	NA	0	94	0
MIR337	NA	0	93	0
MIR338	NA	0	67	0
MIR339	NA	0	94	0
MIR33A	NA	0	69	0
MIR33B	NA	3	96	1.26595
MIR340	NA	0	95	0
MIR342	NA	0	99	0
MIR345	NA	0	98	0
MIR346	NA	0	95	0
MIR34A	NA	1	110	0.368276
MIR34B	NA	0	84	0
MIR34C	NA	1	77	0.526108
MIR3529	NA	0	78	0
MIR3591	NA	0	73	0
MIR3605	NA	0	100	0
MIR3606	NA	0	63	0
MIR3607	NA	5	79	2.56395
MIR3609	NA	0	80	0
MIR361	NA	0	72	0
MIR3610	NA	0	73	0
MIR3611	NA	0	83	0
MIR3612	NA	0	87	0
MIR3613	NA	0	87	0
MIR3614	NA	13	86	6.12366
MIR3615	NA	0	87	0
MIR3616	NA	0	92	0
MIR3617	NA	0	79	0
MIR3618	NA	6	88	2.76207
MIR3619	NA	0	83	0
MIR362	NA	0	64	0
MIR3620	NA	249	79	127.684
MIR3621	NA	0	85	0
MIR3622A	NA	0	83	0
MIR3622B	NA	0	95	0
MIR363	NA	5	75	2.70069
MIR3646	NA	0	84	0
MIR3648-1	NA	26	180	5.85149
MIR3648-2	NA	26	180	5.85149
MIR3649	NA	0	66	0
MIR3650	NA	0	60	0
MIR3651	NA	0	90	0
MIR3652	NA	63	131	19.4821
MIR3653	NA	0	110	0
MIR3654	NA	3272	112	1183.48
MIR3655	NA	3	83	1.46423
MIR3656	NA	63	69	36.9877
MIR3657	NA	0	117	0
MIR3658	NA	60	56	43.4039
MIR3659	NA	0	99	0
MIR365A	NA	0	87	0
MIR365B	NA	0	111	0
MIR3660	NA	0	100	0
MIR3661	NA	127	96	53.5918
MIR3662	NA	0	95	0
MIR3663	NA	0	97	0
MIR3663HG	NA	0	2524	0
MIR3664	NA	0	99	0
MIR3665	NA	1	105	0.385813
MIR3666	NA	0	111	0
MIR3667	NA	0	74	0
MIR3668	NA	0	75	0
MIR367	NA	14	68	8.34036
MIR3670-1	NA	0	130	0
MIR3670-2	NA	0	130	0
MIR3670-3	NA	0	130	0
MIR3670-4	NA	0	130	0
MIR3671	NA	0	88	0
MIR3672	NA	0	82	0
MIR3674	NA	0	68	0
MIR3675	NA	0	148	0
MIR3677	NA	0	60	0
MIR3678	NA	0	94	0
MIR3679	NA	0	68	0
MIR3680-1	NA	0	174	0
MIR3680-2	NA	0	174	0
MIR3681	NA	0	72	0
MIR3682	NA	1	84	0.482266
MIR3683	NA	0	82	0
MIR3684	NA	0	74	0
MIR3685	NA	0	62	0
MIR3686	NA	0	86	0
MIR3687-1	NA	59	61	39.1821
MIR3687-2	NA	59	61	39.1821
MIR3688-1	NA	0	93	0
MIR3688-2	NA	0	87	0
MIR3689A	NA	0	78	0
MIR3689B	NA	0	148	0
MIR3689C	NA	0	72	0
MIR3689D1	NA	0	74	0
MIR3689D2	NA	0	80	0
MIR3689E	NA	0	72	0
MIR3689F	NA	0	66	0
MIR369	NA	0	70	0
MIR3690	NA	0	150	0
MIR3691	NA	0	90	0
MIR3692	NA	0	69	0
MIR370	NA	0	75	0
MIR3713	NA	0	45	0
MIR3714	NA	0	65	0
MIR371A	NA	0	67	0
MIR371B	NA	0	66	0
MIR372	NA	0	67	0
MIR373	NA	2	69	1.17421
MIR374A	NA	0	72	0
MIR374B	NA	0	72	0
MIR374C	NA	0	70	0
MIR375	NA	0	64	0
MIR376A1	NA	0	68	0
MIR376A2	NA	0	80	0
MIR376B	NA	0	100	0
MIR376C	NA	0	66	0
MIR377	NA	0	69	0
MIR378A	NA	0	66	0
MIR378B	NA	0	57	0
MIR378C	NA	0	81	0
MIR378D1	NA	0	54	0
MIR378D2	NA	0	98	0
MIR378E	NA	0	79	0
MIR378F	NA	0	78	0
MIR378G	NA	0	41	0
MIR378H	NA	0	83	0
MIR378I	NA	0	76	0
MIR378J	NA	1	109	0.371654
MIR379	NA	0	67	0
MIR380	NA	0	61	0
MIR381	NA	0	75	0
MIR381HG	NA	0	425	0
MIR382	NA	0	76	0
MIR383	NA	0	73	0
MIR384	NA	0	88	0
MIR3907	NA	0	151	0
MIR3908	NA	0	126	0
MIR3909	NA	0	119	0
MIR3910-1	NA	0	111	0
MIR3910-2	NA	0	79	0
MIR3911	NA	0	109	0
MIR3912	NA	0	105	0
MIR3913-1	NA	0	102	0
MIR3913-2	NA	0	100	0
MIR3914-1	NA	0	99	0
MIR3914-2	NA	0	95	0
MIR3915	NA	0	97	0
MIR3916	NA	3	94	1.29288
MIR3917	NA	0	93	0
MIR3918	NA	2	93	0.87119
MIR3919	NA	0	89	0
MIR3920	NA	0	86	0
MIR3921	NA	0	85	0
MIR3922	NA	0	84	0
MIR3923	NA	0	83	0
MIR3924	NA	0	81	0
MIR3925	NA	0	77	0
MIR3926-1	NA	0	73	0
MIR3926-2	NA	0	63	0
MIR3927	NA	0	71	0
MIR3928	NA	0	58	0
MIR3929	NA	0	55	0
MIR3934	NA	2	107	0.757203
MIR3935	NA	0	104	0
MIR3936	NA	0	110	0
MIR3937	NA	0	106	0
MIR3938	NA	0	103	0
MIR3939	NA	0	106	0
MIR3940	NA	277	102	110.013
MIR3941	NA	0	103	0
MIR3942	NA	2	109	0.743309
MIR3943	NA	0	100	0
MIR3944	NA	0	108	0
MIR3945	NA	0	98	0
MIR3960	NA	5	91	2.22584
MIR3972	NA	0	87	0
MIR3973	NA	0	107	0
MIR3974	NA	0	96	0
MIR3975	NA	0	70	0
MIR3976	NA	0	139	0
MIR3976HG	NA	0	1690	0
MIR3977	NA	0	70	0
MIR3978	NA	0	101	0
MIR409	NA	0	79	0
MIR410	NA	0	80	0
MIR411	NA	0	96	0
MIR412	NA	0	91	0
MIR421	NA	0	85	0
MIR422A	NA	0	90	0
MIR423	NA	1	94	0.430961
MIR424	NA	0	98	0
MIR425	NA	0	87	0
MIR4251	NA	0	61	0
MIR4252	NA	0	63	0
MIR4253	NA	1	68	0.59574
MIR4254	NA	0	76	0
MIR4255	NA	0	72	0
MIR4256	NA	0	64	0
MIR4257	NA	1	86	0.47105
MIR4258	NA	3	91	1.33551
MIR4259	NA	0	101	0
MIR4260	NA	0	67	0
MIR4261	NA	0	58	0
MIR4262	NA	0	54	0
MIR4263	NA	0	83	0
MIR4264	NA	0	66	0
MIR4265	NA	0	99	0
MIR4266	NA	0	55	0
MIR4267	NA	0	82	0
MIR4268	NA	0	64	0
MIR4269	NA	0	84	0
MIR4270	NA	0	70	0
MIR4271	NA	2	67	1.20926
MIR4272	NA	0	64	0
MIR4273	NA	0	168	0
MIR4274	NA	0	91	0
MIR4275	NA	0	87	0
MIR4276	NA	0	70	0
MIR4277	NA	0	84	0
MIR4278	NA	0	69	0
MIR4279	NA	0	58	0
MIR4280	NA	0	76	0
MIR4281	NA	0	62	0
MIR4282	NA	0	67	0
MIR4283-1	NA	0	80	0
MIR4283-2	NA	0	80	0
MIR4284	NA	0	81	0
MIR4285	NA	0	85	0
MIR4286	NA	0	93	0
MIR4287	NA	0	78	0
MIR4288	NA	0	67	0
MIR4289	NA	0	70	0
MIR429	NA	0	83	0
MIR4290	NA	0	95	0
MIR4291	NA	0	65	0
MIR4292	NA	2	67	1.20926
MIR4293	NA	0	78	0
MIR4294	NA	0	76	0
MIR4295	NA	0	85	0
MIR4296	NA	0	88	0
MIR4297	NA	0	76	0
MIR4298	NA	0	73	0
MIR4299	NA	0	72	0
MIR4300	NA	0	96	0
MIR4301	NA	0	66	0
MIR4302	NA	0	60	0
MIR4303	NA	0	66	0
MIR4304	NA	0	62	0
MIR4305	NA	0	102	0
MIR4306	NA	0	91	0
MIR4307	NA	0	84	0
MIR4308	NA	0	81	0
MIR4309	NA	0	83	0
MIR431	NA	0	114	0
MIR4310	NA	0	57	0
MIR4311	NA	0	100	0
MIR4312	NA	0	76	0
MIR4313	NA	0	101	0
MIR4314	NA	0	92	0
MIR4315-1	NA	9	219	1.66481
MIR4315-2	NA	9	219	1.66481
MIR4316	NA	0	71	0
MIR4317	NA	0	65	0
MIR4318	NA	0	81	0
MIR4319	NA	0	85	0
MIR432	NA	0	94	0
MIR4320	NA	0	65	0
MIR4321	NA	11	80	5.57017
MIR4322	NA	0	73	0
MIR4323	NA	0	69	0
MIR4324	NA	0	72	0
MIR4325	NA	0	90	0
MIR4326	NA	0	59	0
MIR4327	NA	0	85	0
MIR4328	NA	0	56	0
MIR4329	NA	0	71	0
MIR433	NA	0	93	0
MIR4330	NA	0	105	0
MIR4417	NA	0	73	0
MIR4418	NA	0	62	0
MIR4419A	NA	0	77	0
MIR4419B	NA	0	68	0
MIR4420	NA	0	77	0
MIR4421	NA	0	69	0
MIR4422	NA	0	83	0
MIR4423	NA	0	80	0
MIR4424	NA	0	86	0
MIR4425	NA	0	84	0
MIR4426	NA	2975	183	658.57
MIR4427	NA	0	68	0
MIR4428	NA	0	73	0
MIR4429	NA	0	73	0
MIR4430	NA	0	49	0
MIR4431	NA	0	94	0
MIR4432	NA	0	84	0
MIR4433A	NA	0	81	0
MIR4433B	NA	0	102	0
MIR4434	NA	0	53	0
MIR4435-1	NA	0	80	0
MIR4435-2	NA	0	74	0
MIR4435-2HG	NA	888	1105	32.5549
MIR4436A	NA	0	85	0
MIR4436B1	NA	0	91	0
MIR4436B2	NA	0	91	0
MIR4437	NA	0	60	0
MIR4438	NA	0	93	0
MIR4439	NA	0	80	0
MIR4440	NA	0	98	0
MIR4441	NA	0	100	0
MIR4442	NA	0	67	0
MIR4443	NA	0	53	0
MIR4444-1	NA	8	146	2.21974
MIR4444-2	NA	8	146	2.21974
MIR4445	NA	0	70	0
MIR4446	NA	0	67	0
MIR4447	NA	0	91	0
MIR4449	NA	3	66	1.84138
MIR4450	NA	0	65	0
MIR4451	NA	0	66	0
MIR4452	NA	0	71	0
MIR4453	NA	1	89	0.455172
MIR4454	NA	0	263	0
MIR4455	NA	0	58	0
MIR4456	NA	0	43	0
MIR4457	NA	0	68	0
MIR4458	NA	1	75	0.540138
MIR4458HG	NA	254	3244	3.17189
MIR4459	NA	0	129	0
MIR4460	NA	0	86	0
MIR4461	NA	1	74	0.547437
MIR4462	NA	0	58	0
MIR4463	NA	0	67	0
MIR4464	NA	0	92	0
MIR4465	NA	0	70	0
MIR4466	NA	0	54	0
MIR4467	NA	1	63	0.643021
MIR4468	NA	0	64	0
MIR4469	NA	0	79	0
MIR4470	NA	0	72	0
MIR4471	NA	0	83	0
MIR4472-1	NA	0	80	0
MIR4472-2	NA	0	67	0
MIR4473	NA	0	91	0
MIR4474	NA	0	78	0
MIR4475	NA	0	61	0
MIR4476	NA	0	70	0
MIR4477A	NA	0	81	0
MIR4477B	NA	0	81	0
MIR4478	NA	0	86	0
MIR4479	NA	0	71	0
MIR448	NA	0	111	0
MIR4480	NA	0	71	0
MIR4481	NA	0	60	0
MIR4482	NA	0	70	0
MIR4483	NA	0	62	0
MIR4484	NA	0	83	0
MIR4485	NA	4	57	2.84283
MIR4486	NA	0	63	0
MIR4487	NA	0	73	0
MIR4488	NA	0	62	0
MIR4489	NA	0	62	0
MIR4490	NA	0	84	0
MIR4491	NA	0	66	0
MIR4492	NA	0	80	0
MIR4493	NA	0	73	0
MIR4494	NA	2	84	0.964532
MIR4495	NA	0	66	0
MIR4496	NA	0	61	0
MIR4497	NA	0	89	0
MIR4498	NA	0	66	0
MIR4499	NA	0	69	0
MIR449A	NA	0	91	0
MIR449B	NA	0	97	0
MIR449C	NA	0	92	0
MIR4500	NA	0	76	0
MIR4500HG	NA	0	1675	0
MIR4501	NA	0	64	0
MIR4502	NA	0	81	0
MIR4503	NA	0	83	0
MIR4504	NA	0	92	0
MIR4505	NA	0	73	0
MIR4506	NA	0	77	0
MIR4507	NA	0	52	0
MIR4508	NA	0	70	0
MIR4509-1	NA	0	188	0
MIR4509-2	NA	0	188	0
MIR4509-3	NA	0	188	0
MIR450A1	NA	0	91	0
MIR450A2	NA	0	100	0
MIR450B	NA	0	78	0
MIR4510	NA	0	68	0
MIR4511	NA	0	87	0
MIR4512	NA	0	77	0
MIR4513	NA	0	86	0
MIR4514	NA	0	57	0
MIR4515	NA	0	81	0
MIR4516	NA	1	86	0.47105
MIR4517	NA	1	79	0.512789
MIR4518	NA	0	83	0
MIR4519	NA	0	58	0
MIR451A	NA	0	72	0
MIR451B	NA	0	68	0
MIR452	NA	0	85	0
MIR4520-1	NA	0	70	0
MIR4520-2	NA	0	54	0
MIR4521	NA	0	60	0
MIR4522	NA	0	87	0
MIR4523	NA	2	69	1.17421
MIR4524A	NA	0	69	0
MIR4524B	NA	0	115	0
MIR4525	NA	0	75	0
MIR4526	NA	0	87	0
MIR4527	NA	0	70	0
MIR4528	NA	0	90	0
MIR4529	NA	0	78	0
MIR4530	NA	0	56	0
MIR4531	NA	0	47	0
MIR4532	NA	0	51	0
MIR4533	NA	0	71	0
MIR4534	NA	1	60	0.675172
MIR4535	NA	0	59	0
MIR4536-1	NA	0	88	0
MIR4536-2	NA	0	88	0
MIR4537	NA	0	138	0
MIR4538	NA	0	113	0
MIR4539	NA	0	42	0
MIR454	NA	0	115	0
MIR4540	NA	0	55	0
MIR455	NA	0	96	0
MIR4632	NA	0	61	0
MIR4633	NA	0	79	0
MIR4634	NA	2	54	1.50038
MIR4635	NA	0	79	0
MIR4636	NA	0	80	0
MIR4637	NA	0	84	0
MIR4638	NA	0	68	0
MIR4639	NA	0	69	0
MIR4640	NA	1	540	0.0750191
MIR4641	NA	0	66	0
MIR4642	NA	0	82	0
MIR4643	NA	0	78	0
MIR4644	NA	0	84	0
MIR4645	NA	0	77	0
MIR4646	NA	3	441	0.275581
MIR4647	NA	30	80	15.1914
MIR4648	NA	0	72	0
MIR4649	NA	0	64	0
MIR4650-1	NA	0	76	0
MIR4650-2	NA	0	76	0
MIR4651	NA	2	73	1.10987
MIR4652	NA	0	78	0
MIR4653	NA	2	83	0.976153
MIR4654	NA	0	76	0
MIR4655	NA	0	74	0
MIR4656	NA	0	75	0
MIR4657	NA	2	53	1.52869
MIR4658	NA	13	65	8.10207
MIR4659A	NA	0	81	0
MIR4659B	NA	0	73	0
MIR466	NA	0	84	0
MIR4660	NA	0	74	0
MIR4661	NA	0	74	0
MIR4662A	NA	0	67	0
MIR4662B	NA	0	81	0
MIR4663	NA	0	76	0
MIR4664	NA	2	71	1.14114
MIR4665	NA	0	79	0
MIR4666A	NA	0	79	0
MIR4666B	NA	0	81	0
MIR4667	NA	0	66	0
MIR4668	NA	0	70	0
MIR4669	NA	0	62	0
MIR4670	NA	0	75	0
MIR4671	NA	0	73	0
MIR4672	NA	0	81	0
MIR4673	NA	0	59	0
MIR4674	NA	0	87	0
MIR4675	NA	0	77	0
MIR4676	NA	0	72	0
MIR4677	NA	1	80	0.506379
MIR4678	NA	0	74	0
MIR4679-1	NA	0	75	0
MIR4679-2	NA	0	77	0
MIR4680	NA	14	66	8.5931
MIR4681	NA	0	72	0
MIR4682	NA	0	80	0
MIR4683	NA	0	81	0
MIR4684	NA	0	82	0
MIR4685	NA	0	69	0
MIR4686	NA	0	76	0
MIR4687	NA	8	80	4.05103
MIR4688	NA	30	83	14.6423
MIR4689	NA	0	70	0
MIR4690	NA	41	60	27.6821
MIR4691	NA	1	85	0.476592
MIR4692	NA	0	63	0
MIR4693	NA	0	75	0
MIR4694	NA	0	80	0
MIR4695	NA	0	74	0
MIR4696	NA	0	70	0
MIR4697	NA	2	78	1.03873
MIR4697HG	NA	243	5306	1.85526
MIR4698	NA	0	80	0
MIR4699	NA	0	74	0
MIR4700	NA	18	74	9.85387
MIR4701	NA	0	63	0
MIR4703	NA	0	79	0
MIR4704	NA	0	75	0
MIR4705	NA	0	71	0
MIR4706	NA	0	82	0
MIR4707	NA	10	80	5.06379
MIR4708	NA	0	66	0
MIR4709	NA	486	72	273.445
MIR4710	NA	0	56	0
MIR4711	NA	0	70	0
MIR4712	NA	5	82	2.47014
MIR4713	NA	0	75	0
MIR4714	NA	0	77	0
MIR4715	NA	0	79	0
MIR4716	NA	0	84	0
MIR4717	NA	0	72	0
MIR4718	NA	0	51	0
MIR4719	NA	0	84	0
MIR4720	NA	0	76	0
MIR4721	NA	211	89	96.0414
MIR4722	NA	3	60	2.02552
MIR4723	NA	0	81	0
MIR4724	NA	0	89	0
MIR4725	NA	0	90	0
MIR4726	NA	0	58	0
MIR4727	NA	0	55	0
MIR4728	NA	1	67	0.604632
MIR4729	NA	0	72	0
MIR4730	NA	0	76	0
MIR4731	NA	0	70	0
MIR4732	NA	0	76	0
MIR4733	NA	0	76	0
MIR4734	NA	0	70	0
MIR4735	NA	0	69	0
MIR4736	NA	0	47	0
MIR4737	NA	4	81	2.00051
MIR4738	NA	1	87	0.465636
MIR4739	NA	0	74	0
MIR4740	NA	0	63	0
MIR4741	NA	1	90	0.450115
MIR4742	NA	0	85	0
MIR4743	NA	0	69	0
MIR4744	NA	0	82	0
MIR4745	NA	104	62	67.9528
MIR4746	NA	11	71	6.27625
MIR4747	NA	0	54	0
MIR4748	NA	0	82	0
MIR4749	NA	42	61	27.8924
MIR4750	NA	2	56	1.4468
MIR4751	NA	192	74	105.108
MIR4752	NA	0	72	0
MIR4753	NA	0	83	0
MIR4754	NA	1	89	0.455172
MIR4755	NA	0	72	0
MIR4756	NA	0	78	0
MIR4757	NA	0	77	0
MIR4758	NA	0	71	0
MIR4759	NA	0	83	0
MIR4760	NA	0	80	0
MIR4761	NA	109	82	53.8491
MIR4762	NA	0	75	0
MIR4763	NA	0	92	0
MIR4764	NA	0	88	0
MIR4765	NA	0	77	0
MIR4766	NA	1	76	0.533031
MIR4767	NA	0	78	0
MIR4768	NA	0	74	0
MIR4769	NA	0	77	0
MIR4770	NA	0	58	0
MIR4771-1	NA	0	74	0
MIR4771-2	NA	0	74	0
MIR4772	NA	0	78	0
MIR4773-1	NA	0	78	0
MIR4773-2	NA	0	78	0
MIR4774	NA	0	76	0
MIR4775	NA	16	75	8.64221
MIR4776-1	NA	0	80	0
MIR4776-2	NA	0	80	0
MIR4777	NA	0	86	0
MIR4778	NA	0	80	0
MIR4779	NA	0	83	0
MIR4780	NA	0	81	0
MIR4781	NA	0	76	0
MIR4782	NA	0	79	0
MIR4783	NA	0	82	0
MIR4784	NA	0	77	0
MIR4785	NA	0	73	0
MIR4786	NA	0	80	0
MIR4787	NA	2	84	0.964532
MIR4788	NA	0	80	0
MIR4789	NA	0	82	0
MIR4790	NA	0	79	0
MIR4791	NA	0	84	0
MIR4792	NA	0	74	0
MIR4793	NA	5	87	2.32818
MIR4794	NA	0	75	0
MIR4795	NA	0	89	0
MIR4796	NA	0	81	0
MIR4797	NA	0	71	0
MIR4798	NA	0	75	0
MIR4799	NA	0	74	0
MIR4800	NA	3	80	1.51914
MIR4801	NA	0	82	0
MIR4802	NA	0	80	0
MIR4803	NA	0	74	0
MIR4804	NA	0	73	0
MIR483	NA	0	76	0
MIR484	NA	1	79	0.512789
MIR485	NA	0	73	0
MIR486-1	NA	0	68	0
MIR486-2	NA	0	64	0
MIR487A	NA	0	80	0
MIR487B	NA	0	84	0
MIR488	NA	0	83	0
MIR489	NA	0	84	0
MIR490	NA	0	128	0
MIR491	NA	0	84	0
MIR492	NA	0	116	0
MIR493	NA	0	89	0
MIR494	NA	0	81	0
MIR495	NA	0	82	0
MIR496	NA	0	102	0
MIR497	NA	0	112	0
MIR497HG	NA	278	794	14.1837
MIR498	NA	0	124	0
MIR4999	NA	0	91	0
MIR499A	NA	0	122	0
MIR499B	NA	0	73	0
MIR5000	NA	0	103	0
MIR5001	NA	2	100	0.810207
MIR5002	NA	0	97	0
MIR5003	NA	0	27	0
MIR5004	NA	1	214	0.189301
MIR5006	NA	1	110	0.368276
MIR5007	NA	0	95	0
MIR5008	NA	0	94	0
MIR5009	NA	0	66	0
MIR500A	NA	0	84	0
MIR500B	NA	0	79	0
MIR501	NA	0	84	0
MIR5010	NA	6	120	2.02552
MIR5011	NA	0	103	0
MIR502	NA	0	86	0
MIR503	NA	1	71	0.570568
MIR503HG	NA	36	786	1.85544
MIR504	NA	0	83	0
MIR5047	NA	69	100	27.9521
MIR505	NA	0	84	0
MIR506	NA	0	124	0
MIR507	NA	0	94	0
MIR508	NA	0	115	0
MIR5087	NA	0	76	0
MIR5088	NA	173	79	88.7125
MIR5089	NA	0	84	0
MIR509-1	NA	0	185	0
MIR509-2	NA	0	182	0
MIR509-3	NA	0	227	0
MIR5090	NA	0	85	0
MIR5091	NA	0	93	0
MIR5092	NA	0	88	0
MIR5093	NA	2	100	0.810207
MIR5094	NA	0	85	0
MIR5095	NA	0	173	0
MIR5096	NA	0	206	0
MIR510	NA	0	74	0
MIR5100	NA	0	119	0
MIR511	NA	0	174	0
MIR512-1	NA	0	168	0
MIR512-2	NA	0	196	0
MIR513A1	NA	0	129	0
MIR513A2	NA	0	127	0
MIR513B	NA	0	84	0
MIR513C	NA	0	84	0
MIR514A1	NA	0	98	0
MIR514A2	NA	0	176	0
MIR514A3	NA	0	176	0
MIR514B	NA	0	80	0
MIR515-1	NA	0	166	0
MIR515-2	NA	0	166	0
MIR516A1	NA	0	90	0
MIR516A2	NA	0	90	0
MIR516B1	NA	0	90	0
MIR516B2	NA	0	85	0
MIR517A	NA	0	87	0
MIR517B	NA	0	67	0
MIR517C	NA	0	95	0
MIR5186	NA	0	120	0
MIR5187	NA	1	76	0.533031
MIR5188	NA	0	113	0
MIR5189	NA	0	114	0
MIR518A1	NA	0	85	0
MIR518A2	NA	0	87	0
MIR518B	NA	0	83	0
MIR518C	NA	0	101	0
MIR518D	NA	0	87	0
MIR518E	NA	0	88	0
MIR518F	NA	0	87	0
MIR5190	NA	0	80	0
MIR5191	NA	0	120	0
MIR5192	NA	0	92	0
MIR5193	NA	0	109	0
MIR5194	NA	0	120	0
MIR5195	NA	0	115	0
MIR5196	NA	0	115	0
MIR5197	NA	0	112	0
MIR519A1	NA	0	85	0
MIR519A2	NA	0	87	0
MIR519B	NA	0	81	0
MIR519C	NA	0	87	0
MIR519D	NA	0	88	0
MIR519E	NA	0	84	0
MIR520A	NA	0	85	0
MIR520B	NA	0	61	0
MIR520C	NA	0	87	0
MIR520D	NA	0	87	0
MIR520E	NA	0	87	0
MIR520F	NA	0	87	0
MIR520G	NA	0	90	0
MIR520H	NA	0	88	0
MIR521-1	NA	0	87	0
MIR521-2	NA	0	87	0
MIR522	NA	0	87	0
MIR523	NA	0	87	0
MIR524	NA	0	87	0
MIR525	NA	0	85	0
MIR526A1	NA	0	85	0
MIR526A2	NA	0	65	0
MIR526B	NA	0	83	0
MIR527	NA	0	85	0
MIR532	NA	0	91	0
MIR539	NA	0	78	0
MIR541	NA	0	84	0
MIR542	NA	0	97	0
MIR543	NA	0	78	0
MIR544A	NA	0	91	0
MIR544B	NA	0	78	0
MIR545	NA	0	106	0
MIR548A1	NA	0	97	0
MIR548A2	NA	0	84	0
MIR548A3	NA	0	83	0
MIR548AA1	NA	6	44	5.52414
MIR548AA2	NA	0	84	0
MIR548AB	NA	0	84	0
MIR548AC	NA	0	85	0
MIR548AD	NA	0	30	0
MIR548AE1	NA	0	70	0
MIR548AE2	NA	0	67	0
MIR548AG1	NA	0	66	0
MIR548AG2	NA	0	64	0
MIR548AH	NA	0	76	0
MIR548AI	NA	0	84	0
MIR548AJ1	NA	0	72	0
MIR548AJ2	NA	0	51	0
MIR548AK	NA	0	57	0
MIR548AL	NA	0	60	0
MIR548AM	NA	0	74	0
MIR548AN	NA	0	81	0
MIR548AO	NA	0	39	0
MIR548AP	NA	0	67	0
MIR548AQ	NA	0	115	0
MIR548AR	NA	0	57	0
MIR548AS	NA	0	20	0
MIR548AT	NA	0	58	0
MIR548AU	NA	0	107	0
MIR548AV	NA	0	28	0
MIR548AW	NA	0	65	0
MIR548AX	NA	0	45	0
MIR548AY	NA	0	50	0
MIR548AZ	NA	0	85	0
MIR548B	NA	0	97	0
MIR548BA	NA	0	56	0
MIR548BB	NA	0	66	0
MIR548C	NA	0	97	0
MIR548D1	NA	6	44	5.52414
MIR548D2	NA	0	83	0
MIR548F1	NA	0	82	0
MIR548F2	NA	0	98	0
MIR548F3	NA	0	173	0
MIR548F4	NA	0	105	0
MIR548F5	NA	0	73	0
MIR548G	NA	0	83	0
MIR548H1	NA	0	102	0
MIR548H2	NA	0	84	0
MIR548H3	NA	0	162	0
MIR548H4	NA	0	83	0
MIR548H5	NA	0	60	0
MIR548I1	NA	0	149	0
MIR548I2	NA	0	149	0
MIR548I3	NA	0	149	0
MIR548I4	NA	0	61	0
MIR548J	NA	1	112	0.361699
MIR548K	NA	0	116	0
MIR548L	NA	0	86	0
MIR548M	NA	0	35	0
MIR548N	NA	0	79	0
MIR548O	NA	0	114	0
MIR548O2	NA	0	63	0
MIR548P	NA	0	84	0
MIR548Q	NA	0	81	0
MIR548S	NA	0	82	0
MIR548T	NA	0	53	0
MIR548U	NA	0	81	0
MIR548V	NA	0	80	0
MIR548W	NA	0	72	0
MIR548X	NA	0	30	0
MIR548X2	NA	0	100	0
MIR548Y	NA	0	110	0
MIR548Z	NA	0	97	0
MIR549A	NA	0	96	0
MIR550A1	NA	0	97	0
MIR550A2	NA	0	97	0
MIR550A3	NA	0	95	0
MIR550B1	NA	0	97	0
MIR550B2	NA	0	97	0
MIR551A	NA	0	95	0
MIR551B	NA	0	96	0
MIR552	NA	0	96	0
MIR553	NA	0	68	0
MIR554	NA	0	96	0
MIR555	NA	2	96	0.843965
MIR556	NA	0	95	0
MIR557	NA	0	98	0
MIR5571	NA	0	113	0
MIR5572	NA	0	137	0
MIR5579	NA	0	58	0
MIR558	NA	0	94	0
MIR5580	NA	0	58	0
MIR5581	NA	0	60	0
MIR5582	NA	0	68	0
MIR5583-1	NA	0	59	0
MIR5583-2	NA	0	59	0
MIR5584	NA	0	60	0
MIR5585	NA	0	59	0
MIR5586	NA	0	22	0
MIR5587	NA	1	53	0.764346
MIR5588	NA	0	63	0
MIR5589	NA	0	60	0
MIR559	NA	0	96	0
MIR5590	NA	0	54	0
MIR5591	NA	0	65	0
MIR561	NA	0	97	0
MIR563	NA	0	79	0
MIR564	NA	0	94	0
MIR566	NA	0	94	0
MIR567	NA	0	98	0
MIR568	NA	0	95	0
MIR5680	NA	0	84	0
MIR5681A	NA	0	75	0
MIR5681B	NA	0	60	0
MIR5682	NA	0	76	0
MIR5683	NA	0	76	0
MIR5684	NA	0	63	0
MIR5685	NA	0	79	0
MIR5687	NA	0	77	0
MIR5688	NA	0	83	0
MIR5689	NA	0	78	0
MIR569	NA	0	96	0
MIR5690	NA	0	73	0
MIR5691	NA	0	68	0
MIR5692A1	NA	0	138	0
MIR5692A2	NA	0	118	0
MIR5692B	NA	0	33	0
MIR5692C1	NA	0	23	0
MIR5692C2	NA	0	21	0
MIR5693	NA	0	73	0
MIR5694	NA	0	62	0
MIR5695	NA	0	69	0
MIR5696	NA	0	85	0
MIR5697	NA	1	78	0.519363
MIR5698	NA	0	23	0
MIR5699	NA	0	90	0
MIR570	NA	5	97	2.08816
MIR5700	NA	0	71	0
MIR5701-1	NA	0	164	0
MIR5701-2	NA	0	164	0
MIR5701-3	NA	0	164	0
MIR5702	NA	0	84	0
MIR5703	NA	0	56	0
MIR5704	NA	0	77	0
MIR5705	NA	0	89	0
MIR5706	NA	0	80	0
MIR5707	NA	0	81	0
MIR5708	NA	0	85	0
MIR571	NA	0	96	0
MIR572	NA	0	95	0
MIR573	NA	1	99	0.409195
MIR5739	NA	0	80	0
MIR574	NA	0	96	0
MIR575	NA	0	94	0
MIR577	NA	0	96	0
MIR578	NA	0	96	0
MIR5787	NA	0	55	0
MIR579	NA	0	98	0
MIR580	NA	0	97	0
MIR581	NA	0	96	0
MIR583	NA	0	75	0
MIR585	NA	0	94	0
MIR586	NA	0	97	0
MIR587	NA	0	96	0
MIR588	NA	0	83	0
MIR589	NA	5	99	2.04598
MIR590	NA	3	97	1.2529
MIR591	NA	0	95	0
MIR592	NA	0	97	0
MIR593	NA	0	100	0
MIR595	NA	0	96	0
MIR596	NA	0	77	0
MIR597	NA	0	97	0
MIR598	NA	0	97	0
MIR599	NA	0	95	0
MIR600	NA	2	98	0.826742
MIR600HG	NA	156	5984	1.05608
MIR601	NA	0	79	0
MIR602	NA	0	98	0
MIR603	NA	0	97	0
MIR604	NA	0	94	0
MIR605	NA	0	83	0
MIR606	NA	0	96	0
MIR6068	NA	0	60	0
MIR6069	NA	0	79	0
MIR607	NA	0	96	0
MIR6070	NA	0	103	0
MIR6071	NA	0	78	0
MIR6072	NA	0	71	0
MIR6073	NA	0	89	0
MIR6074	NA	0	107	0
MIR6075	NA	0	95	0
MIR6076	NA	0	113	0
MIR6077	NA	0	164	0
MIR6078	NA	0	100	0
MIR6079	NA	0	62	0
MIR608	NA	0	100	0
MIR6080	NA	1	66	0.613793
MIR6081	NA	0	97	0
MIR6082	NA	0	109	0
MIR6083	NA	0	106	0
MIR6084	NA	23	110	8.47034
MIR6085	NA	0	110	0
MIR6086	NA	0	55	0
MIR6087	NA	434	49	358.806
MIR6088	NA	0	51	0
MIR6089	NA	1	128	0.316487
MIR609	NA	0	95	0
MIR6090	NA	0	60	0
MIR610	NA	0	96	0
MIR611	NA	0	67	0
MIR612	NA	6	100	2.43062
MIR6124	NA	0	85	0
MIR6125	NA	0	96	0
MIR6126	NA	0	89	0
MIR6127	NA	0	109	0
MIR6128	NA	0	109	0
MIR6129	NA	0	109	0
MIR613	NA	0	95	0
MIR6130	NA	0	106	0
MIR6131	NA	0	109	0
MIR6132	NA	0	109	0
MIR6133	NA	0	108	0
MIR6134	NA	0	109	0
MIR614	NA	7	90	3.1508
MIR615	NA	0	96	0
MIR616	NA	0	95	0
MIR6165	NA	0	84	0
MIR617	NA	0	97	0
MIR618	NA	0	98	0
MIR619	NA	0	99	0
MIR620	NA	0	95	0
MIR621	NA	41	96	17.3013
MIR622	NA	1218	96	513.975
MIR623	NA	0	98	0
MIR624	NA	0	97	0
MIR625	NA	0	85	0
MIR626	NA	0	94	0
MIR627	NA	0	97	0
MIR628	NA	0	95	0
MIR629	NA	0	97	0
MIR630	NA	1	97	0.417632
MIR631	NA	4	75	2.16055
MIR632	NA	3	94	1.29288
MIR633	NA	0	98	0
MIR634	NA	0	97	0
MIR635	NA	0	98	0
MIR636	NA	8	99	3.27356
MIR637	NA	6	99	2.45517
MIR638	NA	22	100	8.91227
MIR639	NA	0	98	0
MIR640	NA	0	96	0
MIR641	NA	1	99	0.409195
MIR642A	NA	0	97	0
MIR642B	NA	0	77	0
MIR643	NA	0	94	0
MIR644A	NA	0	94	0
MIR645	NA	0	94	0
MIR646	NA	0	94	0
MIR646HG	NA	0	2043	0
MIR647	NA	0	96	0
MIR648	NA	0	94	0
MIR649	NA	0	97	0
MIR6499	NA	0	62	0
MIR650	NA	0	96	0
MIR6500	NA	0	86	0
MIR6501	NA	15	67	9.06948
MIR6502	NA	0	76	0
MIR6503	NA	0	29	0
MIR6504	NA	0	61	0
MIR6505	NA	0	71	0
MIR6506	NA	2	66	1.22759
MIR6507	NA	0	70	0
MIR6508	NA	0	60	0
MIR6509	NA	0	84	0
MIR651	NA	0	97	0
MIR6510	NA	0	54	0
MIR6511A1	NA	21	201	4.23242
MIR6511A2	NA	21	201	4.23242
MIR6511A3	NA	21	201	4.23242
MIR6511A4	NA	21	201	4.23242
MIR6511B1	NA	1	170	0.238296
MIR6511B2	NA	0	142	0
MIR6512	NA	0	77	0
MIR6513	NA	0	64	0
MIR6514	NA	1	70	0.578719
MIR6515	NA	282	57	200.42
MIR6516	NA	9	81	4.50115
MIR652	NA	0	98	0
MIR653	NA	0	96	0
MIR654	NA	0	81	0
MIR655	NA	0	97	0
MIR656	NA	0	78	0
MIR657	NA	0	98	0
MIR658	NA	2	100	0.810207
MIR659	NA	2	97	0.835265
MIR660	NA	0	97	0
MIR661	NA	0	89	0
MIR662	NA	0	95	0
MIR663A	NA	9	93	3.92036
MIR663AHG	NA	0	1213	0
MIR663B	NA	0	115	0
MIR664A	NA	0	78	0
MIR664B	NA	0	61	0
MIR665	NA	0	72	0
MIR668	NA	0	66	0
MIR670	NA	0	98	0
MIR670HG	NA	0	902	0
MIR671	NA	56	118	19.2252
MIR6715A	NA	0	79	0
MIR6715B	NA	0	77	0
MIR6716	NA	0	80	0
MIR6717	NA	0	73	0
MIR6718	NA	0	80	0
MIR6719	NA	1	87	0.465636
MIR6720	NA	1	98	0.413371
MIR6721	NA	1	609	0.0665194
MIR6722	NA	0	78	0
MIR6723	NA	2152	89	979.531
MIR6724-1	NA	4	184	0.880659
MIR6724-2	NA	4	184	0.880659
MIR6724-3	NA	4	184	0.880659
MIR6724-4	NA	4	184	0.880659
MIR6726	NA	1	61	0.664104
MIR6727	NA	0	65	0
MIR6728	NA	2	89	0.910345
MIR6729	NA	64	65	39.8871
MIR6730	NA	0	88	0
MIR6731	NA	0	72	0
MIR6732	NA	0	60	0
MIR6733	NA	6	61	3.98462
MIR6734	NA	2	68	1.19148
MIR6735	NA	0	73	0
MIR6736	NA	0	59	0
MIR6737	NA	0	70	0
MIR6738	NA	1	64	0.632974
MIR6739	NA	0	75	0
MIR6740	NA	0	113	0
MIR6741	NA	2	63	1.28604
MIR6742	NA	0	62	0
MIR6743	NA	37	71	21.111
MIR6744	NA	0	66	0
MIR6745	NA	1	127	0.318979
MIR6746	NA	0	63	0
MIR6747	NA	13	61	8.63335
MIR6748	NA	2	71	1.14114
MIR6749	NA	0	69	0
MIR675	NA	6	73	3.32962
MIR6750	NA	3	75	1.62041
MIR6751	NA	0	63	0
MIR6752	NA	53	71	30.2401
MIR6753	NA	0	164	0
MIR6754	NA	0	66	0
MIR6755	NA	1	66	0.613793
MIR6756	NA	1	63	0.643021
MIR6757	NA	0	69	0
MIR6758	NA	4	63	2.57208
MIR6759	NA	0	65	0
MIR676	NA	0	67	0
MIR6760	NA	0	68	0
MIR6761	NA	0	72	0
MIR6762	NA	0	86	0
MIR6763	NA	2	65	1.24647
MIR6764	NA	0	61	0
MIR6765	NA	7	87	3.25945
MIR6766	NA	0	72	0
MIR6767	NA	0	66	0
MIR6768	NA	1	72	0.562644
MIR6769A	NA	0	73	0
MIR6769B	NA	0	62	0
MIR6770-1	NA	0	120	0
MIR6770-2	NA	0	120	0
MIR6770-3	NA	0	120	0
MIR6771	NA	0	60	0
MIR6772	NA	1	64	0.632974
MIR6773	NA	0	74	0
MIR6774	NA	0	70	0
MIR6775	NA	0	69	0
MIR6776	NA	1	59	0.686616
MIR6777	NA	1	66	0.613793
MIR6778	NA	0	73	0
MIR6779	NA	0	64	0
MIR6780A	NA	0	68	0
MIR6780B	NA	0	79	0
MIR6781	NA	1	64	0.632974
MIR6782	NA	1	69	0.587106
MIR6783	NA	0	64	0
MIR6784	NA	0	67	0
MIR6785	NA	50	81	25.0064
MIR6786	NA	52	113	18.6419
MIR6787	NA	1	61	0.664104
MIR6788	NA	0	66	0
MIR6789	NA	15	98	6.20056
MIR6790	NA	20	63	12.8604
MIR6791	NA	0	67	0
MIR6792	NA	16	67	9.67411
MIR6793	NA	0	63	0
MIR6794	NA	12	68	7.14888
MIR6795	NA	0	68	0
MIR6796	NA	0	62	0
MIR6797	NA	10	72	5.62644
MIR6798	NA	285	67	172.32
MIR6799	NA	0	69	0
MIR6800	NA	46	82	22.7253
MIR6801	NA	0	79	0
MIR6802	NA	0	65	0
MIR6803	NA	0	65	0
MIR6804	NA	1	68	0.59574
MIR6805	NA	18	62	11.7611
MIR6806	NA	0	64	0
MIR6807	NA	1101	92	484.803
MIR6808	NA	0	59	0
MIR6809	NA	0	116	0
MIR6810	NA	0	70	0
MIR6811	NA	0	58	0
MIR6812	NA	0	64	0
MIR6813	NA	0	56	0
MIR6814	NA	0	70	0
MIR6815	NA	0	61	0
MIR6816	NA	0	66	0
MIR6817	NA	0	66	0
MIR6818	NA	0	65	0
MIR6819	NA	2	61	1.32821
MIR6820	NA	3	62	1.96018
MIR6821	NA	180	74	98.5387
MIR6822	NA	0	61	0
MIR6823	NA	0	61	0
MIR6824	NA	4	63	2.57208
MIR6825	NA	0	66	0
MIR6826	NA	0	98	0
MIR6827	NA	0	59	0
MIR6828	NA	0	60	0
MIR6829	NA	0	67	0
MIR6830	NA	0	70	0
MIR6831	NA	8	81	4.00102
MIR6832	NA	22	504	1.76831
MIR6833	NA	29	427	2.75129
MIR6834	NA	430	405	43.011
MIR6835	NA	12	64	7.59569
MIR6836	NA	1	63	0.643021
MIR6837	NA	1	64	0.632974
MIR6838	NA	1	56	0.723399
MIR6839	NA	0	113	0
MIR6840	NA	0	71	0
MIR6841	NA	0	72	0
MIR6842	NA	0	65	0
MIR6843	NA	0	151	0
MIR6844	NA	0	62	0
MIR6845	NA	2	61	1.32821
MIR6846	NA	0	60	0
MIR6847	NA	1	69	0.587106
MIR6848	NA	0	70	0
MIR6849	NA	0	69	0
MIR6850	NA	753	61	500.07
MIR6851	NA	0	67	0
MIR6852	NA	0	66	0
MIR6853	NA	5	74	2.73718
MIR6854	NA	0	69	0
MIR6855	NA	0	67	0
MIR6856	NA	0	67	0
MIR6857	NA	2	93	0.87119
MIR6858	NA	217	67	131.205
MIR6859-1	NA	19	204	3.77302
MIR6859-2	NA	19	204	3.77302
MIR6859-3	NA	19	204	3.77302
MIR6859-4	NA	19	204	3.77302
MIR6860	NA	0	66	0
MIR6861	NA	0	64	0
MIR6862-1	NA	2	70	1.15744
MIR6862-2	NA	2	70	1.15744
MIR6863	NA	0	90	0
MIR6864	NA	0	70	0
MIR6865	NA	0	65	0
MIR6866	NA	13	69	7.63238
MIR6867	NA	0	67	0
MIR6868	NA	0	58	0
MIR6869	NA	16	62	10.4543
MIR6870	NA	0	60	0
MIR6871	NA	0	56	0
MIR6872	NA	0	62	0
MIR6873	NA	1	315	0.128604
MIR6874	NA	0	71	0
MIR6875	NA	43	72	24.1937
MIR6876	NA	0	73	0
MIR6877	NA	0	64	0
MIR6878	NA	0	66	0
MIR6879	NA	121	66	74.2689
MIR6880	NA	0	62	0
MIR6881	NA	1	76	0.533031
MIR6882	NA	0	66	0
MIR6883	NA	0	78	0
MIR6884	NA	1	78	0.519363
MIR6885	NA	2	66	1.22759
MIR6886	NA	7	61	4.64873
MIR6887	NA	0	65	0
MIR6888	NA	0	67	0
MIR6889	NA	0	59	0
MIR6890	NA	1	61	0.664104
MIR6891	NA	2	561	0.144422
MIR6892	NA	254	115	89.475
MIR6893	NA	0	69	0
MIR6894	NA	1	57	0.710708
MIR6895	NA	0	78	0
MIR7-1	NA	9	110	3.31448
MIR7-2	NA	0	110	0
MIR7-3	NA	0	110	0
MIR7-3HG	NA	3	768	0.158244
MIR708	NA	0	88	0
MIR7106	NA	9	65	5.60912
MIR7107	NA	0	80	0
MIR7108	NA	17	87	7.91581
MIR7109	NA	1	65	0.623236
MIR711	NA	1	76	0.533031
MIR7110	NA	5	86	2.35525
MIR7111	NA	13	72	7.31437
MIR7112	NA	2	130	0.623236
MIR7113	NA	0	59	0
MIR7114	NA	1	61	0.664104
MIR7150	NA	0	94	0
MIR7151	NA	0	60	0
MIR7152	NA	0	54	0
MIR7153	NA	0	57	0
MIR7154	NA	0	73	0
MIR7155	NA	0	56	0
MIR7156	NA	0	60	0
MIR7157	NA	0	60	0
MIR7158	NA	0	71	0
MIR7159	NA	0	66	0
MIR7160	NA	0	52	0
MIR7161	NA	4	84	1.92906
MIR7162	NA	0	69	0
MIR718	NA	0	70	0
MIR744	NA	0	98	0
MIR7515	NA	0	67	0
MIR7515HG	NA	0	689	0
MIR758	NA	0	88	0
MIR759	NA	0	91	0
MIR760	NA	0	80	0
MIR761	NA	11	59	7.55277
MIR762	NA	68	83	33.1892
MIR762HG	NA	487	1575	12.5261
MIR764	NA	0	85	0
MIR7641-1	NA	0	61	0
MIR7641-2	NA	98	1359	2.92128
MIR765	NA	0	114	0
MIR766	NA	0	111	0
MIR767	NA	0	109	0
MIR769	NA	0	118	0
MIR770	NA	0	98	0
MIR7702	NA	0	59	0
MIR7703	NA	2	77	1.05222
MIR7704	NA	0	59	0
MIR7705	NA	177	57	125.795
MIR7706	NA	0	67	0
MIR7843	NA	0	79	0
MIR7844	NA	3	122	0.996156
MIR7845	NA	0	99	0
MIR7846	NA	0	96	0
MIR7847	NA	0	103	0
MIR7848	NA	0	101	0
MIR7849	NA	0	106	0
MIR7850	NA	0	79	0
MIR7851	NA	1	160	0.25319
MIR7852	NA	0	82	0
MIR7853	NA	0	103	0
MIR7854	NA	0	65	0
MIR7855	NA	0	61	0
MIR7856	NA	0	56	0
MIR7973-1	NA	0	76	0
MIR7973-2	NA	0	76	0
MIR7974	NA	0	79	0
MIR7975	NA	0	68	0
MIR7976	NA	0	66	0
MIR7977	NA	0	49	0
MIR7978	NA	0	59	0
MIR802	NA	0	94	0
MIR8052	NA	0	69	0
MIR8053	NA	0	73	0
MIR8054	NA	0	86	0
MIR8055	NA	10	97	4.17632
MIR8056	NA	0	82	0
MIR8057	NA	0	69	0
MIR8058	NA	0	89	0
MIR8059	NA	0	81	0
MIR8060	NA	0	76	0
MIR8061	NA	0	75	0
MIR8062	NA	0	85	0
MIR8063	NA	0	81	0
MIR8064	NA	0	90	0
MIR8065	NA	0	100	0
MIR8066	NA	0	78	0
MIR8067	NA	0	77	0
MIR8068	NA	0	68	0
MIR8069-1	NA	0	258	0
MIR8069-2	NA	0	258	0
MIR8070	NA	0	88	0
MIR8071-1	NA	0	130	0
MIR8071-2	NA	0	130	0
MIR8072	NA	1	80	0.506379
MIR8073	NA	0	72	0
MIR8074	NA	0	81	0
MIR8075	NA	10	80	5.06379
MIR8076	NA	0	83	0
MIR8077	NA	0	75	0
MIR8078	NA	0	84	0
MIR8079	NA	0	72	0
MIR8080	NA	0	89	0
MIR8081	NA	0	95	0
MIR8082	NA	0	81	0
MIR8083	NA	0	89	0
MIR8084	NA	0	89	0
MIR8085	NA	0	65	0
MIR8086	NA	0	93	0
MIR8087	NA	0	78	0
MIR8088	NA	0	86	0
MIR8089	NA	0	82	0
MIR8485	NA	0	91	0
MIR873	NA	0	77	0
MIR874	NA	0	78	0
MIR875	NA	0	76	0
MIR876	NA	0	81	0
MIR877	NA	92	602	6.19095
MIR885	NA	0	74	0
MIR887	NA	0	79	0
MIR888	NA	0	77	0
MIR889	NA	0	79	0
MIR890	NA	0	77	0
MIR891A	NA	0	79	0
MIR891B	NA	0	79	0
MIR892A	NA	0	75	0
MIR892B	NA	0	77	0
MIR892C	NA	0	77	0
MIR9-1	NA	0	89	0
MIR9-2	NA	0	87	0
MIR9-3	NA	0	90	0
MIR920	NA	0	75	0
MIR921	NA	0	56	0
MIR922	NA	6	81	3.00077
MIR924	NA	0	53	0
MIR92A1	NA	0	78	0
MIR92A2	NA	1	75	0.540138
MIR92B	NA	0	96	0
MIR93	NA	1	80	0.506379
MIR933	NA	0	77	0
MIR934	NA	0	83	0
MIR935	NA	12	91	5.34202
MIR936	NA	0	98	0
MIR937	NA	12	86	5.65261
MIR938	NA	0	83	0
MIR939	NA	6	82	2.96417
MIR940	NA	1	94	0.430961
MIR941-1	NA	0	144	0
MIR941-2	NA	0	216	0
MIR941-3	NA	0	216	0
MIR941-4	NA	0	216	0
MIR941-5	NA	0	216	0
MIR942	NA	0	86	0
MIR943	NA	8	94	3.44769
MIR944	NA	0	88	0
MIR95	NA	0	81	0
MIR9500	NA	0	65	0
MIR96	NA	0	77	0
MIR98	NA	0	119	0
MIR99A	NA	0	81	0
MIR99AHG	NA	20	3802	0.2131
MIR99B	NA	0	70	0
MIRLET7A1	NA	0	80	0
MIRLET7A2	NA	0	72	0
MIRLET7A3	NA	0	74	0
MIRLET7B	NA	0	83	0
MIRLET7BHG	NA	1	4717	0.00858816
MIRLET7C	NA	0	84	0
MIRLET7D	NA	7	87	3.25945
MIRLET7DHG	NA	24	1349	0.720718
MIRLET7E	NA	0	79	0
MIRLET7F1	NA	0	87	0
MIRLET7F2	NA	0	83	0
MIRLET7G	NA	0	84	0
MIRLET7I	NA	6	84	2.8936
MIS12	NA	669	2846	9.52263
MIS18A	NA	1244	1571	32.0782
MIS18BP1	NA	388	4777	3.29035
MISP	NA	127	2851	1.80456
MITD1	NA	1046	910	46.5646
MITF	NA	4193	6095	27.8687
MIXL1	NA	0	2030	0
MKI67	NA	3593	12495	11.649
MKKS	NA	1407	3202	17.8008
MKL1	NA	1222	4694	10.5462
MKL2	NA	550	8816	2.5273
MKLN1	NA	1637	11417	5.80848
MKLN1-AS	NA	24	2046	0.475195
MKNK1	NA	487	2911	6.77724
MKNK1-AS1	NA	29	2445	0.480491
MKNK2	NA	4000	3785	42.8115
MKRN1	NA	1733	3782	18.5628
MKRN2	NA	986	2846	14.0349
MKRN2OS	NA	4	1084	0.149485
MKRN3	NA	0	2713	0
MKRN7P	NA	0	1633	0
MKRN9P	NA	36	1826	0.79867
MKS1	NA	695	2542	11.0758
MKX	NA	0	3639	0
MKX-AS1	NA	0	776	0
MLANA	NA	1	1524	0.0265816
MLC1	NA	15	4174	0.145581
MLEC	NA	4201	6496	26.1983
MLF1	NA	975	2638	14.9725
MLF2	NA	12667	1923	266.846
MLH1	NA	1253	2921	17.3774
MLH3	NA	295	7896	1.51349
MLIP	NA	0	6490	0
MLIP-IT1	NA	0	643	0
MLK7-AS1	NA	12	2537	0.191614
MLKL	NA	2	2537	0.0319356
MLLT1	NA	3188	4505	28.6675
MLLT10	NA	1026	5900	7.04468
MLLT10P1	NA	3	555	0.218975
MLLT11	NA	649	2158	12.1831
MLLT3	NA	9	6987	0.0521816
MLLT4	NA	462	10549	1.77418
MLLT4-AS1	NA	2	2311	0.0350587
MLLT6	NA	1543	7500	8.33433
MLN	NA	0	572	0
MLNR	NA	1	1239	0.032696
MLPH	NA	15	4290	0.141645
MLST8	NA	1753	2057	34.5234
MLX	NA	1532	2562	24.224
MLXIP	NA	1841	8421	8.85637
MLXIPL	NA	59	3278	0.729137
MLYCD	NA	219	2195	4.04181
MMAA	NA	123	5943	0.838427
MMAB	NA	404	4225	3.87365
MMACHC	NA	877	2850	12.4658
MMADHC	NA	6939	1437	195.617
MMD	NA	111	2723	1.65136
MMD2	NA	17	2859	0.24088
MME	NA	9727	6032	65.3256
MMEL1	NA	226	2902	3.15484
MMGT1	NA	790	3648	8.7728
MMP1	NA	130	2055	2.5627
MMP10	NA	53	1759	1.22061
MMP11	NA	0	2261	0
MMP12	NA	0	1876	0
MMP13	NA	0	2719	0
MMP14	NA	15409	3594	173.685
MMP15	NA	125	4437	1.14126
MMP16	NA	206	6335	1.31731
MMP17	NA	64	2408	1.07669
MMP19	NA	213	3392	2.54384
MMP2	NA	2	4124	0.0196461
MMP20	NA	1	1956	0.0207108
MMP21	NA	2	1914	0.0423305
MMP23A	NA	73	1812	1.63204
MMP23B	NA	40	1240	1.30679
MMP24	NA	3603	4333	33.6854
MMP24-AS1	NA	2042	1749	47.2968
MMP25	NA	468	3551	5.33901
MMP25-AS1	NA	206	2339	3.56782
MMP26	NA	0	991	0
MMP27	NA	0	1647	0
MMP28	NA	8	3152	0.102818
MMP3	NA	1	1828	0.022161
MMP7	NA	1	1119	0.0362023
MMP8	NA	0	3147	0
MMP9	NA	204	2336	3.53772
MMRN1	NA	661	4969	5.38888
MMRN2	NA	117	4179	1.13417
MMS19	NA	2692	3785	28.8121
MMS22L	NA	515	8643	2.41384
MN1	NA	37	7556	0.19837
MNAT1	NA	756	1383	22.1445
MND1	NA	142	1106	5.20115
MNDA	NA	0	1667	0
MNS1	NA	22	2023	0.440547
MNT	NA	808	4842	6.76009
MNX1	NA	109	2614	1.68922
MNX1-AS1	NA	60	987	2.46263
MOAP1	NA	1034	2417	17.3304
MOB1A	NA	1093	1329	33.3166
MOB1B	NA	892	8534	4.23427
MOB2	NA	574	1755	13.2495
MOB3A	NA	1225	3331	14.898
MOB3B	NA	11	6525	0.0682933
MOB3C	NA	127	2985	1.72356
MOB4	NA	1054	3947	10.8178
MOBP	NA	6	8785	0.0276678
MOCOS	NA	1	2727	0.0148553
MOCS1	NA	44	4420	0.40327
MOCS2	NA	627	4181	6.0751
MOCS3	NA	717	3049	9.52637
MOG	NA	2	11537	0.00702268
MOGAT1	NA	0	1096	0
MOGAT2	NA	0	1005	0
MOGAT3	NA	0	1408	0
MOGS	NA	2002	2895	28.0144
MOK	NA	577	3789	6.16903
MON1A	NA	419	2230	7.61158
MON1B	NA	525	3332	6.38293
MON2	NA	1235	10518	4.75663
MORC1	NA	1	3767	0.010754
MORC2	NA	1828	4765	15.541
MORC2-AS1	NA	116	2133	2.20309
MORC3	NA	568	4246	5.41919
MORC4	NA	741	3834	7.82946
MORF4L1	NA	5042	2159	94.6054
MORF4L2	NA	7391	2204	135.849
MORF4L2-AS1	NA	23	2870	0.324647
MORN1	NA	256	6378	1.626
MORN2	NA	180	741	9.84057
MORN3	NA	34	1158	1.18942
MORN4	NA	694	2574	10.9224
MORN5	NA	1	708	0.057218
MOS	NA	0	1041	0
MOSPD1	NA	4701	2441	78.0168
MOSPD2	NA	187	3376	2.24391
MOSPD3	NA	443	1399	12.8278
MOV10	NA	846	4498	7.61933
MOV10L1	NA	5	4309	0.0470067
MOXD1	NA	0	3048	0
MOXD2P	NA	0	1503	0
MPC1	NA	735	1427	20.8655
MPC1L	NA	0	574	0
MPC2	NA	1429	2523	22.9446
MPDU1	NA	1488	1618	37.2555
MPDZ	NA	363	7696	1.91077
MPEG1	NA	2	4512	0.0179567
MPG	NA	1673	1396	48.5486
MPHOSPH10	NA	1314	2485	21.4208
MPHOSPH6	NA	1106	1101	40.6943
MPHOSPH8	NA	1000	4268	9.49164
MPHOSPH9	NA	479	4485	4.32652
MPI	NA	1062	3062	14.0503
MPL	NA	2	3645	0.0222279
MPLKIP	NA	1293	941	55.664
MPND	NA	234	1657	5.72083
MPO	NA	0	3215	0
MPP1	NA	89	2197	1.64107
MPP2	NA	1178	5626	8.48226
MPP3	NA	167	2835	2.38632
MPP4	NA	175	2458	2.88418
MPP5	NA	500	5608	3.61183
MPP6	NA	398	8131	1.98292
MPP7	NA	9	5206	0.0700332
MPPE1	NA	257	3220	3.23328
MPPED1	NA	2	2508	0.0323049
MPPED2	NA	0	7209	0
MPRIP	NA	1751	11023	6.43505
MPST	NA	1875	1633	46.5137
MPV17	NA	1208	1007	48.5963
MPV17L	NA	85	2309	1.49129
MPV17L2	NA	978	1358	29.1746
MPZ	NA	2	1955	0.0414428
MPZL1	NA	3072	5010	24.8399
MPZL2	NA	0	3186	0
MPZL3	NA	0	3986	0
MR1	NA	141	7860	0.726712
MRAP	NA	203	1231	6.68042
MRAP2	NA	7	2213	0.128139
MRAS	NA	567	5126	4.48095
MRC1	NA	6	5191	0.0468237
MRC2	NA	579	5992	3.91447
MRE11A	NA	909	5245	7.02076
MREG	NA	146	3213	1.84081
MRFAP1	NA	14701	2182	272.934
MRFAP1L1	NA	3	1591	0.0763866
MRGBP	NA	772	1636	19.1161
MRGPRD	NA	0	966	0
MRGPRE	NA	0	1296	0
MRGPRF	NA	7	2283	0.12421
MRGPRF-AS1	NA	0	1568	0
MRGPRG	NA	1	870	0.0465636
MRGPRG-AS1	NA	9	1790	0.203683
MRGPRX1	NA	0	1190	0
MRGPRX2	NA	0	2408	0
MRGPRX3	NA	0	1639	0
MRGPRX4	NA	0	1444	0
MRI1	NA	42	3266	0.520953
MRLN	NA	0	549	0
MRM1	NA	367	1833	8.11091
MRO	NA	3	5334	0.0227842
MROH1	NA	405	5903	2.77938
MROH2A	NA	6	5324	0.045654
MROH2B	NA	0	5280	0
MROH5	NA	2	4506	0.0179806
MROH6	NA	268	3250	3.34054
MROH7	NA	1	4406	0.00919436
MROH7-TTC4	NA	1391	6547	8.60698
MROH8	NA	207	3665	2.28803
MROH9	NA	4	3696	0.0438424
MRPL1	NA	529	1359	15.7689
MRPL10	NA	2310	1996	46.8832
MRPL11	NA	3706	1699	88.3645
MRPL12	NA	3803	1015	151.784
MRPL13	NA	1865	1110	68.0647
MRPL14	NA	1676	774	87.7201
MRPL15	NA	1969	1749	45.606
MRPL16	NA	2114	1182	72.4525
MRPL17	NA	2155	2366	36.8976
MRPL18	NA	2101	977	87.1159
MRPL19	NA	2321	7827	12.0128
MRPL2	NA	1216	1327	37.1218
MRPL20	NA	3078	733	170.11
MRPL21	NA	2383	709	136.158
MRPL22	NA	804	3173	10.2648
MRPL23	NA	1039	742	56.7254
MRPL23-AS1	NA	3	1904	0.0638293
MRPL24	NA	830	927	36.2714
MRPL27	NA	1946	703	112.138
MRPL28	NA	4811	1140	170.961
MRPL3	NA	4262	1764	97.877
MRPL30	NA	2063	4536	18.4243
MRPL32	NA	1526	892	69.3036
MRPL33	NA	978	518	76.4848
MRPL34	NA	1507	968	63.0672
MRPL35	NA	1362	3311	16.6642
MRPL36	NA	1582	614	104.377
MRPL37	NA	3903	1483	106.616
MRPL38	NA	2126	1575	54.6825
MRPL39	NA	1508	1171	52.1687
MRPL4	NA	2725	2404	45.9196
MRPL40	NA	838	774	43.86
MRPL41	NA	2067	604	138.634
MRPL42	NA	2049	3247	25.5638
MRPL42P5	NA	45	667	2.73308
MRPL43	NA	1435	2929	19.8472
MRPL44	NA	3046	1748	70.5918
MRPL45	NA	1875	1705	44.5495
MRPL45P2	NA	285	1396	8.27038
MRPL46	NA	941	1000	38.1202
MRPL47	NA	3001	1180	103.027
MRPL48	NA	503	980	20.7926
MRPL49	NA	2731	2162	51.1719
MRPL50	NA	2053	1021	81.4571
MRPL51	NA	4534	677	271.306
MRPL52	NA	1309	1301	40.7594
MRPL53	NA	1166	655	72.1146
MRPL54	NA	541	623	35.1783
MRPL55	NA	1285	906	57.4567
MRPL57	NA	2069	2655	31.5691
MRPL9	NA	2410	1688	57.8376
MRPS10	NA	2329	2140	44.0881
MRPS11	NA	1052	1501	28.3923
MRPS12	NA	3200	1323	97.9842
MRPS14	NA	907	2237	16.4251
MRPS15	NA	3210	965	134.755
MRPS16	NA	4350	2634	66.902
MRPS17	NA	1021	585	70.7027
MRPS18A	NA	1538	1189	52.4011
MRPS18B	NA	1855	10513	7.14798
MRPS18C	NA	483	1101	17.7716
MRPS2	NA	3511	2200	64.6508
MRPS21	NA	3444	1541	90.5371
MRPS22	NA	899	1122	32.4588
MRPS23	NA	3143	1492	85.3378
MRPS24	NA	2474	696	143.998
MRPS25	NA	2009	4566	17.8242
MRPS26	NA	1576	1039	61.4478
MRPS27	NA	3688	2823	52.9232
MRPS28	NA	747	707	42.8023
MRPS30	NA	1640	1672	39.735
MRPS31	NA	746	1339	22.5696
MRPS31P5	NA	187	3495	2.16751
MRPS33	NA	1627	817	80.6736
MRPS34	NA	3051	1024	120.7
MRPS35	NA	2156	1897	46.0413
MRPS36	NA	401	1329	12.2232
MRPS5	NA	2767	1661	67.4847
MRPS6	NA	6647	990	271.992
MRPS7	NA	2341	1415	67.021
MRPS9	NA	1408	1458	39.1211
MRRF	NA	761	1999	15.4219
MRS2	NA	860	4490	7.75922
MRS2P2	NA	10	2690	0.150596
MRTO4	NA	2943	2273	52.4514
MRVI1	NA	83	6667	0.504328
MRVI1-AS1	NA	4	900	0.180046
MS4A1	NA	0	3594	0
MS4A10	NA	1	2296	0.0176439
MS4A12	NA	0	1165	0
MS4A13	NA	0	925	0
MS4A14	NA	1	3572	0.0113411
MS4A15	NA	0	2280	0
MS4A2	NA	1	3648	0.0111048
MS4A3	NA	0	1655	0
MS4A4A	NA	5	1795	0.112842
MS4A5	NA	0	722	0
MS4A6A	NA	1	2543	0.0159301
MS4A6E	NA	7	660	0.429655
MS4A7	NA	0	3008	0
MS4A8	NA	0	1354	0
MSANTD1	NA	23	1670	0.557927
MSANTD2	NA	291	2382	4.949
MSANTD3	NA	2985	2170	55.725
MSANTD3-TMEFF1	NA	2887	2434	48.0499
MSANTD4	NA	868	4087	8.60361
MSC	NA	0	2058	0
MSC-AS1	NA	0	4915	0
MSGN1	NA	31	582	2.15777
MSH2	NA	2103	3209	26.5482
MSH3	NA	438	4447	3.99
MSH4	NA	2	3277	0.024724
MSH5	NA	1280	19346	2.68031
MSH5-SAPCD1	NA	1784	24649	2.93198
MSH6	NA	3585	4479	32.4245
MSI1	NA	1203	2975	16.3812
MSI2	NA	565	3059	7.48229
MSL1	NA	1886	3820	20.0007
MSL2	NA	1198	4770	10.1743
MSL3	NA	641	4962	5.2332
MSL3P1	NA	13	1990	0.26464
MSLN	NA	5	2193	0.0923628
MSMB	NA	0	495	0
MSMO1	NA	1368	2228	24.8735
MSMP	NA	66	677	3.94931
MSN	NA	6024	3970	61.4696
MSR1	NA	0	5490	0
MSRA	NA	122	2102	2.35122
MSRB1	NA	803	1367	23.7965
MSRB2	NA	407	1811	9.1042
MSRB3	NA	2877	4666	24.9782
MSS51	NA	22	2423	0.36782
MST1	NA	79	2331	1.37294
MST1L	NA	48	4668	0.416559
MST1P2	NA	62	2636	0.952823
MST1R	NA	0	4771	0
MSTN	NA	0	2819	0
MSTO1	NA	1234	2801	17.8471
MSTO2P	NA	2198	4464	19.9466
MSX1	NA	18018	1937	376.828
MSX2	NA	4277	2208	78.4704
MSX2P1	NA	104	2161	1.9496
MT1A	NA	0	396	0
MT1B	NA	0	380	0
MT1DP	NA	0	569	0
MT1E	NA	0	506	0
MT1F	NA	0	483	0
MT1G	NA	0	405	0
MT1H	NA	0	397	0
MT1HL1	NA	0	316	0
MT1IP	NA	0	374	0
MT1JP	NA	0	408	0
MT1L	NA	0	426	0
MT1M	NA	0	440	0
MT1X	NA	0	404	0
MT2A	NA	30	419	2.9005
MT3	NA	0	582	0
MT4	NA	0	294	0
MTA1	NA	2980	2840	42.5073
MTA2	NA	8483	3069	111.974
MTA3	NA	931	6724	5.60903
MTAP	NA	734	4921	6.04239
MTBP	NA	243	3087	3.18886
MTCH1	NA	7438	2409	125.079
MTCH2	NA	4839	2628	74.5927
MTCL1	NA	276	6092	1.83533
MTCP1	NA	159	2320	2.77635
MTDH	NA	2190	7667	11.5714
MTERF1	NA	449	2112	8.61228
MTERF2	NA	284	1790	6.42734
MTERF3	NA	1092	1532	28.8755
MTERF4	NA	1135	4566	10.0699
MTF1	NA	417	7972	2.11902
MTF2	NA	1499	4128	14.7105
MTFMT	NA	537	2746	7.92209
MTFP1	NA	900	1278	28.5284
MTFR1	NA	1082	3060	14.3242
MTFR1L	NA	1012	2403	17.0605
MTFR2	NA	394	1793	8.90188
MTG1	NA	833	1614	20.9078
MTG2	NA	756	2936	10.4311
MTHFD1	NA	2477	3448	29.1021
MTHFD1L	NA	2089	3673	23.04
MTHFD2	NA	2936	2285	52.0518
MTHFD2L	NA	10	2359	0.171727
MTHFD2P1	NA	1	2595	0.0156109
MTHFR	NA	519	7150	2.94054
MTHFS	NA	653	2542	10.4065
MTHFSD	NA	317	3289	3.90446
MTIF2	NA	1365	3018	18.3223
MTIF3	NA	740	1232	24.3325
MTL5	NA	207	5103	1.64328
MTM1	NA	79	3436	0.931408
MTMR1	NA	665	4800	5.61237
MTMR10	NA	505	4961	4.12371
MTMR11	NA	347	3003	4.68101
MTMR12	NA	804	5185	6.28164
MTMR14	NA	576	2525	9.24117
MTMR2	NA	865	4862	7.20721
MTMR3	NA	993	9019	4.46022
MTMR4	NA	951	5829	6.60925
MTMR6	NA	655	5214	5.08904
MTMR7	NA	147	5287	1.12635
MTMR8	NA	50	2661	0.761186
MTMR9	NA	365	7405	1.9968
MTMR9LP	NA	10	2324	0.174313
MTNR1A	NA	0	1105	0
MTNR1B	NA	0	1662	0
MTO1	NA	877	3119	11.3907
MTOR	NA	3161	8725	14.6766
MTOR-AS1	NA	19	706	1.09022
MTPAP	NA	1180	5620	8.50573
MTPN	NA	4810	3884	50.1686
MTR	NA	807	10558	3.0964
MTRF1	NA	177	2174	3.29822
MTRF1L	NA	851	4058	8.49539
MTRNR2L1	NA	1	1555	0.0260517
MTRNR2L10	NA	3	1121	0.108413
MTRNR2L2	NA	388	1036	15.1718
MTRNR2L3	NA	1	1383	0.0292916
MTRNR2L4	NA	0	1231	0
MTRNR2L5	NA	0	1738	0
MTRNR2L6	NA	2	1395	0.0580793
MTRNR2L7	NA	0	1494	0
MTRNR2L8	NA	1917	1290	60.2002
MTRNR2L9	NA	3877	527	298.024
MTRR	NA	720	3298	8.84398
MTSS1	NA	39	5174	0.305354
MTSS1L	NA	2221	4977	18.0778
MTTP	NA	1	4095	0.00989263
MTURN	NA	442	5814	3.07973
MTUS1	NA	899	7565	4.81412
MTUS2	NA	1	7196	0.00562956
MTUS2-AS1	NA	0	1114	0
MTVR2	NA	0	812	0
MTX1	NA	1254	1648	30.8252
MTX2	NA	993	1592	25.2681
MTX3	NA	938	7934	4.78935
MUC1	NA	261	1838	5.75256
MUC12	NA	23	16321	0.0570883
MUC13	NA	0	2876	0
MUC15	NA	0	3392	0
MUC16	NA	0	43816	0
MUC17	NA	2	14350	0.00564604
MUC19	NA	22	24831	0.0358917
MUC2	NA	2	8622	0.00939697
MUC20	NA	113	2591	1.76676
MUC21	NA	66	16677	0.160322
MUC22	NA	269	43981	0.247772
MUC3A	NA	234	5837	1.62402
MUC4	NA	21	16804	0.0506259
MUC5AC	NA	2	5930	0.0136628
MUC5B	NA	7	17916	0.0158279
MUC6	NA	12	8003	0.0607427
MUC7	NA	0	2774	0
MUCL1	NA	0	489	0
MUL1	NA	1322	2458	21.7879
MUM1	NA	837	4214	8.04631
MUM1L1	NA	0	4309	0
MURC	NA	480	3096	6.28067
MUS81	NA	737	2400	12.44
MUSK	NA	0	2786	0
MUSTN1	NA	18	729	1.00026
MUT	NA	330	3886	3.44015
MUTYH	NA	634	2280	11.2647
MVB12A	NA	407	1763	9.35207
MVB12B	NA	325	6760	1.94761
MVD	NA	1018	1857	22.2076
MVK	NA	209	2077	4.07639
MVP	NA	1007	2925	13.9466
MX1	NA	0	3660	0
MX2	NA	0	2961	0
MXD1	NA	302	5616	2.17844
MXD3	NA	3727	3161	47.764
MXD4	NA	2393	3773	25.6934
MXI1	NA	354	3835	3.73942
MXRA5	NA	0	9792	0
MXRA7	NA	2917	6322	18.6917
MXRA8	NA	181	3113	2.3554
MYADM	NA	3743	4191	36.18
MYADML	NA	0	2157	0
MYADML2	NA	5	2452	0.0826067
MYB	NA	8	3678	0.0881138
MYBBP1A	NA	6011	4568	53.3073
MYBL1	NA	210	5192	1.63852
MYBL2	NA	3106	2777	45.3097
MYBPC1	NA	4	4028	0.0402287
MYBPC2	NA	8	3598	0.090073
MYBPC3	NA	3	4217	0.0288193
MYBPH	NA	0	1806	0
MYBPHL	NA	13	1372	0.383844
MYC	NA	6492	2366	111.155
MYCBP	NA	1210	2565	19.1101
MYCBP2	NA	763	15025	2.0572
MYCBP2-AS1	NA	16	517	1.2537
MYCBPAP	NA	15	3190	0.190487
MYCL	NA	330	4951	2.70014
MYCN	NA	0	3038	0
MYCNOS	NA	0	1908	0
MYCNUT	NA	0	1040	0
MYCT1	NA	17	3043	0.226315
MYD88	NA	13	2873	0.183305
MYDGF	NA	2086	1051	80.404
MYEF2	NA	611	6892	3.59138
MYEOV	NA	640	2494	10.3956
MYEOV2	NA	1658	989	67.9132
MYF5	NA	0	1520	0
MYF6	NA	0	1337	0
MYH1	NA	0	6020	0
MYH10	NA	4899	7762	25.5682
MYH11	NA	73	6942	0.425995
MYH13	NA	4	5992	0.0270429
MYH14	NA	560	6912	3.28209
MYH15	NA	17	7074	0.0973531
MYH16	NA	2	2267	0.0357392
MYH2	NA	0	6151	0
MYH3	NA	177	6038	1.18753
MYH4	NA	0	6015	0
MYH6	NA	1	5941	0.00681877
MYH7	NA	0	6055	0
MYH7B	NA	70	6584	0.430699
MYH8	NA	1	6038	0.00670923
MYH9	NA	13493	7554	72.3598
MYHAS	NA	0	3940	0
MYL1	NA	0	1151	0
MYL10	NA	8	1009	0.321192
MYL12A	NA	10471	1474	287.777
MYL12B	NA	16370	1178	562.949
MYL2	NA	0	829	0
MYL3	NA	10	929	0.436064
MYL4	NA	1	949	0.0426874
MYL5	NA	82	661	5.02549
MYL6	NA	8744	809	437.852
MYL6B	NA	1416	1064	53.9123
MYL7	NA	4	597	0.271426
MYL9	NA	5569	1197	188.473
MYLIP	NA	7	3071	0.0923388
MYLK	NA	25	8183	0.123764
MYLK-AS1	NA	44	801	2.22529
MYLK-AS2	NA	0	500	0
MYLK2	NA	16	2793	0.232068
MYLK3	NA	25	8205	0.123432
MYLK4	NA	6	5760	0.0421983
MYLPF	NA	3	655	0.185544
MYNN	NA	523	5367	3.94763
MYO10	NA	0	11430	0
MYO15A	NA	15	11863	0.0512227
MYO15B	NA	37	9918	0.151127
MYO16	NA	0	7524	0
MYO16-AS1	NA	0	547	0
MYO18A	NA	1963	7583	10.4869
MYO18B	NA	0	8565	0
MYO19	NA	1543	4756	13.1429
MYO1A	NA	48	3669	0.52998
MYO1B	NA	6	5095	0.047706
MYO1C	NA	3095	5095	24.6083
MYO1D	NA	33	6246	0.214032
MYO1E	NA	291	5110	2.30695
MYO1F	NA	12	4173	0.116493
MYO1G	NA	3	3279	0.0370634
MYO1H	NA	5	4258	0.0475697
MYO3A	NA	0	5784	0
MYO3B	NA	99	6365	0.63009
MYO5A	NA	692	12225	2.2931
MYO5B	NA	15	9520	0.0638293
MYO5C	NA	74	6975	0.429787
MYO6	NA	1220	8678	5.69516
MYO7A	NA	2	7746	0.0104597
MYO7B	NA	1	6715	0.00603281
MYO9A	NA	281	8698	1.30874
MYO9B	NA	1521	7623	8.08294
MYOC	NA	1116	2045	22.1074
MYOCD	NA	0	8564	0
MYOD1	NA	23	1806	0.515912
MYOF	NA	9462	6843	56.0147
MYOG	NA	0	1533	0
MYOM1	NA	12	5847	0.0831408
MYOM2	NA	31	5011	0.250613
MYOM3	NA	13	5800	0.090799
MYOT	NA	7	2272	0.124812
MYOZ1	NA	1	1583	0.0255909
MYOZ2	NA	0	2597	0
MYOZ3	NA	1	3837	0.0105578
MYPN	NA	19	6449	0.119351
MYPOP	NA	417	1887	8.9522
MYRF	NA	106	5996	0.71616
MYRFL	NA	0	3122	0
MYRIP	NA	0	5329	0
MYSM1	NA	573	7768	2.98821
MYT1	NA	13	5535	0.0951462
MYT1L	NA	0	7182	0
MYT1L-AS1	NA	0	3242	0
MYZAP	NA	12	2398	0.202721
MZB1	NA	0	827	0
MZF1	NA	548	2921	7.60002
MZF1-AS1	NA	150	2606	2.33175
MZT1	NA	877	2412	14.7295
MZT2A	NA	2541	693	148.538
MZT2B	NA	3255	933	141.33
N4BP1	NA	1379	7106	7.86149
N4BP2	NA	578	9666	2.42241
N4BP2L1	NA	23	3116	0.299017
N4BP2L2	NA	1159	5284	8.88559
N4BP2L2-IT2	NA	47	4890	0.389363
N4BP3	NA	504	5987	3.41026
N6AMT1	NA	177	1543	4.64701
N6AMT2	NA	440	872	20.441
NAA10	NA	2446	1118	88.6299
NAA11	NA	3	1516	0.0801656
NAA15	NA	2847	5554	20.7657
NAA16	NA	424	4592	3.7405
NAA20	NA	1335	1333	40.5711
NAA25	NA	1471	5819	10.2407
NAA30	NA	1100	4475	9.95785
NAA35	NA	1469	2657	22.3973
NAA38	NA	1389	999	56.3252
NAA40	NA	1434	3885	14.9528
NAA50	NA	6601	6160	43.4105
NAA60	NA	1028	2890	14.4099
NAAA	NA	302	2562	4.77522
NAALAD2	NA	8	3196	0.101403
NAALADL1	NA	14	2687	0.21107
NAALADL2	NA	5	4912	0.0412361
NAALADL2-AS1	NA	0	371	0
NAALADL2-AS2	NA	0	807	0
NAALADL2-AS3	NA	0	408	0
NAB1	NA	124	4469	1.12403
NAB2	NA	2713	2711	40.5402
NABP1	NA	138	4016	1.39204
NABP2	NA	349	1401	10.0914
NACA	NA	15627	3472	182.332
NACA2	NA	1796	770	94.489
NACAD	NA	2	4761	0.0170176
NACAP1	NA	762	703	43.9102
NACC1	NA	4086	4500	36.7834
NACC2	NA	907	6899	5.32583
NADK	NA	2488	4226	23.8499
NADK2	NA	726	4167	7.05796
NADSYN1	NA	692	2430	11.5363
NAE1	NA	3283	1920	69.2685
NAF1	NA	735	2313	12.8729
NAGA	NA	1157	3726	12.5793
NAGK	NA	325	1801	7.3103
NAGLU	NA	1024	2782	14.9111
NAGPA	NA	536	2209	9.82958
NAGPA-AS1	NA	4	1237	0.130995
NAGS	NA	80	2072	1.56411
NAIF1	NA	234	3398	2.78971
NAIP	NA	195	6551	1.20585
NALCN	NA	4	6923	0.0234062
NALCN-AS1	NA	0	2846	0
NAMA	NA	0	2233	0
NAMPT	NA	6256	4581	55.3226
NANOG	NA	5	2103	0.0963156
NANOGNB	NA	2	907	0.0893282
NANOS1	NA	286	4627	2.50399
NANOS2	NA	1	1564	0.0259017
NANOS3	NA	48	833	2.33433
NANP	NA	238	3799	2.53789
NANS	NA	1704	1240	55.669
NAP1L1	NA	22834	5185	178.402
NAP1L2	NA	5	2574	0.0786914
NAP1L3	NA	5	2758	0.0734415
NAP1L4	NA	5941	2518	95.5806
NAP1L5	NA	163	1958	3.37241
NAP1L6	NA	0	2044	0
NAPA	NA	2579	1860	56.17
NAPA-AS1	NA	39	656	2.40839
NAPB	NA	279	3883	2.91073
NAPEPLD	NA	251	5363	1.89597
NAPG	NA	512	3715	5.58312
NAPRT	NA	131	1703	3.11618
NAPSA	NA	6	1392	0.174614
NAPSB	NA	7	1330	0.213212
NARF	NA	530	2084	10.3025
NARFL	NA	479	2228	8.70936
NARR	NA	1180	839	56.9752
NARS	NA	8829	2865	124.84
NARS2	NA	948	2519	15.2457
NASP	NA	6201	3291	76.3308
NAT1	NA	22	3113	0.286292
NAT10	NA	3398	4041	34.0644
NAT14	NA	1575	1350	47.2621
NAT16	NA	10	2935	0.138025
NAT2	NA	0	1317	0
NAT6	NA	311	1549	8.13345
NAT8	NA	0	1073	0
NAT8B	NA	0	832	0
NAT8L	NA	2238	5871	15.4424
NAT9	NA	823	2159	15.4423
NATD1	NA	352	4785	2.98007
NAV1	NA	1344	13265	4.10448
NAV2	NA	575	11758	1.98107
NAV2-AS2	NA	20	853	0.949832
NAV2-AS4	NA	0	1369	0
NAV2-AS5	NA	0	3306	0
NAV3	NA	4	9826	0.0164911
NBAS	NA	1229	7300	6.82016
NBAT1	NA	0	2295	0
NBEA	NA	1423	11210	5.14239
NBEAL1	NA	58	9058	0.259395
NBEAL2	NA	1514	8828	6.94751
NBEAP1	NA	2	548	0.147848
NBL1	NA	916	3281	11.3098
NBN	NA	1143	4724	9.80172
NBPF1	NA	1650	5947	11.2396
NBPF10	NA	359	11423	1.27315
NBPF11	NA	4272	11382	15.2047
NBPF12	NA	2257	7109	12.8614
NBPF13P	NA	0	1149	0
NBPF14	NA	2599	10086	10.4389
NBPF15	NA	2881	4802	24.3045
NBPF18P	NA	0	1004	0
NBPF20	NA	2374	17619	5.4584
NBPF22P	NA	4	2680	0.0604632
NBPF25P	NA	3484	7155	19.7258
NBPF3	NA	155	4418	1.42125
NBPF4	NA	0	2499	0
NBPF6	NA	0	2222	0
NBPF7	NA	1	1611	0.0251461
NBPF8	NA	2709	4622	23.7435
NBPF9	NA	4799	6896	28.1916
NBR1	NA	1881	5300	14.3773
NBR2	NA	115	1366	3.41046
NCALD	NA	0	4487	0
NCAM1	NA	1	8526	0.00475139
NCAM1-AS1	NA	0	713	0
NCAM2	NA	35	5002	0.283459
NCAN	NA	9	6406	0.0569143
NCAPD2	NA	2337	4806	19.6988
NCAPD3	NA	1876	5605	13.5589
NCAPG	NA	1554	4752	13.2477
NCAPG2	NA	1309	6181	8.5792
NCAPH	NA	796	6059	5.32204
NCAPH2	NA	1262	3790	13.4892
NCBP1	NA	1807	5380	13.6064
NCBP2	NA	3633	2661	55.3078
NCBP2-AS2	NA	1615	1391	47.0339
NCCRP1	NA	7	1973	0.143726
NCDN	NA	1143	3705	12.4975
NCEH1	NA	83	4315	0.779225
NCF1	NA	3	1459	0.0832975
NCF1B	NA	0	1516	0
NCF1C	NA	4	1442	0.112373
NCF2	NA	0	2494	0
NCF4	NA	0	1643	0
NCK1	NA	632	4575	5.59618
NCK1-AS1	NA	34	1188	1.15939
NCK2	NA	221	2667	3.35687
NCKAP1	NA	3617	5015	29.2175
NCKAP1L	NA	2	3945	0.0205376
NCKAP5	NA	0	7594	0
NCKAP5L	NA	1174	4900	9.70595
NCKIPSD	NA	669	3000	9.0338
NCL	NA	48893	2717	728.992
NCLN	NA	3624	3733	39.3275
NCMAP	NA	1	3990	0.010153
NCOA1	NA	578	6951	3.36858
NCOA2	NA	144	6157	0.947456
NCOA3	NA	763	8026	3.85116
NCOA4	NA	2265	4082	22.4782
NCOA5	NA	1647	3207	20.8047
NCOA6	NA	1454	7062	8.3407
NCOA7	NA	142	7071	0.81353
NCOA7-AS1	NA	0	496	0
NCOR1	NA	4103	10135	16.4
NCOR1P1	NA	0	419	0
NCOR2	NA	4285	8881	19.5459
NCR1	NA	0	1153	0
NCR2	NA	0	1084	0
NCR3	NA	192	9792	0.79432
NCR3LG1	NA	82	6382	0.520503
NCRNA00250	NA	0	519	0
NCRUPAR	NA	0	486	0
NCS1	NA	1961	5010	15.8564
NCSTN	NA	1305	3074	17.1978
NDC1	NA	2339	4825	19.6381
NDC80	NA	573	2172	10.6871
NDE1	NA	573	4003	5.79876
NDEL1	NA	762	2433	12.6876
NDFIP1	NA	2181	3597	24.563
NDFIP2	NA	468	4655	4.07279
NDFIP2-AS1	NA	0	431	0
NDN	NA	3	1897	0.0640648
NDNF	NA	0	2871	0
NDNL2	NA	834	1668	20.2552
NDOR1	NA	1241	4877	10.3082
NDP	NA	0	2002	0
NDRG1	NA	4	3478	0.0465904
NDRG2	NA	164	2743	2.42205
NDRG3	NA	984	3024	13.1819
NDRG4	NA	253	4311	2.37743
NDST1	NA	3116	8232	15.3341
NDST2	NA	509	3996	5.1601
NDST3	NA	0	5947	0
NDST4	NA	0	3343	0
NDUFA1	NA	1752	486	146.037
NDUFA10	NA	2810	4915	23.1605
NDUFA11	NA	5410	2938	74.5953
NDUFA12	NA	1664	583	115.625
NDUFA13	NA	2032	542	151.876
NDUFA2	NA	1787	893	81.066
NDUFA3	NA	818	354	93.6086
NDUFA4	NA	5033	2058	99.0712
NDUFA4L2	NA	19	1188	0.647893
NDUFA5	NA	1350	6506	8.40593
NDUFA6	NA	2553	1184	87.3504
NDUFA6-AS1	NA	67	1658	1.63703
NDUFA7	NA	1063	585	73.6111
NDUFA8	NA	2398	843	115.236
NDUFA9	NA	1413	1609	35.5756
NDUFAB1	NA	4315	667	262.072
NDUFAF1	NA	1009	1731	23.6135
NDUFAF2	NA	842	719	47.4405
NDUFAF3	NA	883	1691	21.1535
NDUFAF4	NA	1041	2411	17.4912
NDUFAF4P1	NA	7	2328	0.121809
NDUFAF5	NA	201	2410	3.37866
NDUFAF6	NA	240	1804	5.3894
NDUFAF7	NA	648	2211	11.8728
NDUFB1	NA	1337	419	129.266
NDUFB10	NA	2028	697	117.869
NDUFB11	NA	3088	1124	111.295
NDUFB2	NA	827	495	67.6809
NDUFB2-AS1	NA	93	1648	2.28608
NDUFB3	NA	1126	778	58.6306
NDUFB4	NA	1296	1560	33.6547
NDUFB5	NA	1773	1059	67.8233
NDUFB6	NA	1273	861	59.8951
NDUFB7	NA	2081	546	154.399
NDUFB8	NA	4401	951	187.472
NDUFB9	NA	3086	719	173.873
NDUFC1	NA	2332	1453	65.0173
NDUFC2	NA	8538	2475	139.748
NDUFC2-KCTD14	NA	5783	2436	96.1705
NDUFS1	NA	3258	3572	36.9492
NDUFS2	NA	1665	2275	29.6482
NDUFS3	NA	2252	959	95.1296
NDUFS4	NA	507	676	30.3828
NDUFS5	NA	7443	571	528.053
NDUFS6	NA	1595	548	117.909
NDUFS7	NA	802	786	41.335
NDUFS8	NA	1544	804	77.796
NDUFV1	NA	3098	1631	76.9473
NDUFV2	NA	1382	930	60.1992
NDUFV2-AS1	NA	15	845	0.719118
NDUFV3	NA	1485	2130	28.2431
NEAT1	NA	11062	22741	19.7056
NEB	NA	38	26307	0.0585165
NEBL	NA	4475	9926	18.2635
NEBL-AS1	NA	22	632	1.41017
NECAB1	NA	18	5140	0.141865
NECAB2	NA	175	1606	4.41426
NECAB3	NA	802	2039	15.9339
NECAP1	NA	646	2593	10.0924
NECAP2	NA	1309	2081	25.482
NEDD1	NA	552	4098	5.45674
NEDD4	NA	400	7720	2.09898
NEDD4L	NA	1	9662	0.00419275
NEDD8	NA	4436	625	287.526
NEDD8-MDP1	NA	1199	772	62.917
NEDD9	NA	1611	5780	11.291
NEFH	NA	5497	3719	59.8777
NEFL	NA	0	3840	0
NEFM	NA	2	3627	0.0223382
NEGR1	NA	4	5669	0.0285838
NEGR1-IT1	NA	0	534	0
NEIL1	NA	102	2530	1.63322
NEIL2	NA	856	2751	12.6052
NEIL3	NA	205	2402	3.45738
NEK1	NA	326	5757	2.29397
NEK10	NA	66	4630	0.577469
NEK11	NA	103	3324	1.25528
NEK2	NA	1246	3274	15.4172
NEK3	NA	620	2734	9.18669
NEK4	NA	784	3726	8.52391
NEK5	NA	7	2924	0.096981
NEK6	NA	981	3263	12.1792
NEK7	NA	167	4132	1.63728
NEK8	NA	171	2858	2.42382
NEK9	NA	3165	5543	23.131
NELFA	NA	1986	2468	32.5987
NELFB	NA	1887	2566	29.7907
NELFCD	NA	1562	2305	27.4521
NELFE	NA	3576	9366	15.4671
NELL1	NA	11	3351	0.132979
NELL2	NA	7	4234	0.066975
NEMF	NA	1551	4373	14.3681
NEMP1	NA	2251	5617	16.2344
NEMP2	NA	127	3637	1.41458
NENF	NA	1422	949	60.7015
NEO1	NA	324	7088	1.85177
NES	NA	7765	5557	56.6066
NET1	NA	1119	4336	10.4546
NETO1	NA	0	8173	0
NETO2	NA	1062	3692	11.6528
NEU1	NA	5552	16568	13.5752
NEU2	NA	0	1143	0
NEU3	NA	90	2748	1.32676
NEU4	NA	0	2747	0
NEURL1	NA	556	4315	5.21987
NEURL1-AS1	NA	0	1065	0
NEURL1B	NA	78	6414	0.492642
NEURL2	NA	222	1454	6.18521
NEURL3	NA	28	2069	0.548231
NEURL4	NA	1667	5187	13.0192
NEUROD1	NA	0	3002	0
NEUROD2	NA	3	3032	0.0400828
NEUROD4	NA	0	3956	0
NEUROD6	NA	0	2161	0
NEUROG1	NA	0	1668	0
NEUROG2	NA	1	2287	0.0177133
NEUROG3	NA	0	1255	0
NEXN	NA	299	3389	3.57409
NEXN-AS1	NA	31	2292	0.547915
NF1	NA	924	13260	2.82289
NF1P2	NA	0	1932	0
NF2	NA	1963	6925	11.4833
NFAM1	NA	8	5604	0.0578306
NFASC	NA	6	11057	0.0219826
NFAT5	NA	2574	13672	7.6268
NFATC1	NA	538	5657	3.85267
NFATC2	NA	157	7797	0.815714
NFATC2IP	NA	2018	3858	21.1897
NFATC3	NA	1446	6525	8.97746
NFATC4	NA	1930	6288	12.434
NFE2	NA	446	2048	8.82208
NFE2L1	NA	4840	4874	40.2277
NFE2L2	NA	3170	3342	38.4254
NFE2L3	NA	8142	3710	88.9044
NFIA	NA	31	10023	0.125294
NFIA-AS1	NA	1	392	0.103343
NFIA-AS2	NA	0	1989	0
NFIB	NA	3	9179	0.0132401
NFIC	NA	1102	8168	5.46552
NFIL3	NA	30	2451	0.495843
NFIX	NA	131	5892	0.900688
NFKB1	NA	628	4085	6.22778
NFKB2	NA	1905	3885	19.8641
NFKBIA	NA	1996	1567	51.6009
NFKBIB	NA	1914	2347	33.0366
NFKBID	NA	130	1834	2.87151
NFKBIE	NA	1358	2581	21.3146
NFKBIL1	NA	551	11242	1.98552
NFKBIZ	NA	30	4197	0.289566
NFRKB	NA	1958	5226	15.1778
NFS1	NA	1246	2507	20.134
NFU1	NA	849	1194	28.8051
NFX1	NA	1623	6152	10.6873
NFXL1	NA	774	4151	7.5536
NFYA	NA	1211	6219	7.88841
NFYB	NA	1610	3482	18.7311
NFYC	NA	840	3428	9.92669
NFYC-AS1	NA	113	3182	1.43861
NGB	NA	0	1876	0
NGDN	NA	1281	1588	32.6787
NGEF	NA	13	3443	0.152958
NGF	NA	0	1049	0
NGFR	NA	234	3420	2.77176
NGFRAP1	NA	6365	1354	190.434
NGLY1	NA	894	2860	12.663
NGRN	NA	4014	1760	92.3912
NHEG1	NA	0	1360	0
NHEJ1	NA	526	2103	10.1324
NHLH1	NA	11	2559	0.174136
NHLH2	NA	1	2679	0.0151214
NHLRC1	NA	0	2134	0
NHLRC2	NA	253	6392	1.60343
NHLRC3	NA	190	3554	2.16572
NHLRC4	NA	11	2106	0.211592
NHP2	NA	3979	854	188.748
NHP2L1	NA	6241	1732	145.973
NHS	NA	0	9131	0
NHS-AS1	NA	0	383	0
NHSL1	NA	197	7832	1.01897
NHSL2	NA	14	3678	0.154199
NICN1	NA	329	3227	4.13012
NID1	NA	1379	5881	9.49902
NID2	NA	13	5046	0.104367
NIF3L1	NA	570	1740	13.2706
NIFK	NA	3213	1738	74.8905
NIFK-AS1	NA	966	2697	14.5098
NIM1K	NA	5	3275	0.0618478
NIN	NA	176	10937	0.651899
NINJ1	NA	1266	1281	40.036
NINJ2	NA	39	1457	1.08435
NINL	NA	775	4972	6.31446
NIP7	NA	3019	2319	52.7386
NIPA1	NA	3369	6589	20.7132
NIPA2	NA	3070	3503	35.5029
NIPAL1	NA	1	2190	0.0184979
NIPAL2	NA	3	2255	0.053894
NIPAL3	NA	265	5426	1.97848
NIPAL4	NA	8	3279	0.0988358
NIPBL	NA	1385	10389	5.4006
NIPBL-AS1	NA	576	5334	4.37457
NIPSNAP1	NA	4149	2236	75.1688
NIPSNAP3A	NA	195	1633	4.83743
NIPSNAP3B	NA	25	5935	0.170642
NISCH	NA	2339	6854	13.8246
NIT1	NA	647	3196	8.20093
NIT2	NA	997	1271	31.7772
NKAIN1	NA	183	2922	2.53709
NKAIN2	NA	0	3471	0
NKAIN3	NA	0	3178	0
NKAIN4	NA	402	1430	11.3882
NKAP	NA	979	1585	25.0218
NKAPL	NA	2	1662	0.0487489
NKAPP1	NA	2	2420	0.0334796
NKD1	NA	15	8716	0.0697172
NKD2	NA	229	2070	4.48158
NKG7	NA	5	826	0.24522
NKILA	NA	36	2598	0.561344
NKIRAS1	NA	491	1995	9.97021
NKIRAS2	NA	1291	2541	20.582
NKPD1	NA	6	4687	0.0518588
NKRF	NA	806	3992	8.17919
NKTR	NA	1025	7302	5.68654
NKX1-1	NA	0	1347	0
NKX1-2	NA	6	971	0.250321
NKX2-1	NA	0	2509	0
NKX2-1-AS1	NA	0	1775	0
NKX2-2	NA	0	2080	0
NKX2-3	NA	1	2096	0.0193275
NKX2-4	NA	0	1619	0
NKX2-5	NA	5	1961	0.10329
NKX2-6	NA	0	906	0
NKX2-8	NA	0	1803	0
NKX3-1	NA	61	3281	0.753164
NKX3-2	NA	7	2241	0.126538
NKX6-1	NA	0	1116	0
NKX6-2	NA	1	1019	0.039755
NKX6-3	NA	0	551	0
NLE1	NA	1438	2742	21.245
NLGN1	NA	73	4947	0.597787
NLGN1-AS1	NA	0	814	0
NLGN2	NA	3546	4646	30.919
NLGN3	NA	40	3985	0.406628
NLGN4X	NA	20	6679	0.121307
NLGN4Y	NA	511	6344	3.26305
NLGN4Y-AS1	NA	0	532	0
NLK	NA	397	3538	4.54568
NLN	NA	1763	8661	8.24613
NLRC3	NA	29	6609	0.177758
NLRC4	NA	25	3517	0.287961
NLRC5	NA	3	6724	0.0180742
NLRP1	NA	53	6099	0.352033
NLRP10	NA	4	2020	0.0802185
NLRP11	NA	35	4041	0.350869
NLRP12	NA	4	3866	0.0419145
NLRP13	NA	4	3157	0.0513276
NLRP14	NA	6	3823	0.0635789
NLRP2	NA	4	3669	0.044165
NLRP3	NA	3	4495	0.0270369
NLRP4	NA	108	3674	1.19083
NLRP5	NA	1	3883	0.0104327
NLRP6	NA	2	2763	0.0293234
NLRP7	NA	1	3421	0.0118417
NLRP8	NA	0	3934	0
NLRP9	NA	14	3484	0.162786
NLRX1	NA	3	4258	0.0285418
NMB	NA	84	1030	3.30376
NMBR	NA	2	1354	0.059838
NMD3	NA	1362	2728	20.2255
NME1	NA	7074	1031	277.954
NME1-NME2	NA	9615	1295	300.778
NME2	NA	7783	1244	253.45
NME3	NA	862	1014	34.4378
NME4	NA	3725	2067	73.0048
NME5	NA	0	1226	0
NME6	NA	226	3304	2.77099
NME7	NA	641	1702	15.2568
NME8	NA	0	2311	0
NME9	NA	3	2133	0.0569766
NMI	NA	0	1479	0
NMNAT1	NA	554	4395	5.10642
NMNAT2	NA	44	5765	0.309186
NMNAT3	NA	1	2067	0.0195986
NMRAL1	NA	2131	1523	56.6826
NMRK1	NA	86	1450	2.40268
NMRK2	NA	1870	1141	66.3929
NMS	NA	0	485	0
NMT1	NA	4171	4897	34.5045
NMT2	NA	557	5061	4.45846
NMU	NA	14	973	0.582883
NMUR1	NA	0	3274	0
NMUR2	NA	0	2064	0
NNAT	NA	5	1302	0.15557
NNMT	NA	0	1578	0
NNT	NA	197	4846	1.64683
NNT-AS1	NA	18	3304	0.220698
NOA1	NA	989	2272	17.6341
NOB1	NA	3792	1775	86.5438
NOBOX	NA	0	2076	0
NOC2L	NA	9117	2800	131.905
NOC3L	NA	1784	3492	20.696
NOC4L	NA	844	1685	20.2912
NOD1	NA	103	4496	0.928062
NOD2	NA	0	4624	0
NODAL	NA	6	2086	0.116521
NOG	NA	6	1892	0.128468
NOL10	NA	2302	3498	26.6595
NOL11	NA	2553	2624	39.4142
NOL12	NA	513	2840	7.31754
NOL3	NA	328	1896	7.00812
NOL4	NA	0	4623	0
NOL4L	NA	360	6984	2.08816
NOL6	NA	3235	4853	27.0041
NOL7	NA	1323	874	61.3217
NOL8	NA	1695	5229	13.1316
NOL9	NA	1479	6712	8.92652
NOLC1	NA	11882	3970	121.245
NOM1	NA	1191	6077	7.93941
NOMO1	NA	4132	4247	39.4134
NOMO2	NA	6954	4253	66.2377
NOMO3	NA	4230	4316	39.7031
NONO	NA	9995	3218	125.824
NOP10	NA	4139	535	313.406
NOP14	NA	3427	3655	37.9833
NOP14-AS1	NA	587	3866	6.15095
NOP16	NA	2658	1902	56.6122
NOP2	NA	5392	2981	73.2747
NOP56	NA	7293	2193	134.72
NOP58	NA	4202	1965	86.6282
NOP9	NA	1728	6043	11.584
NOS1	NA	5	12534	0.0161602
NOS1AP	NA	5	6885	0.0294193
NOS2	NA	117	4206	1.12689
NOS3	NA	726	5123	5.74088
NOSIP	NA	2426	1367	71.8933
NOSTRIN	NA	7	2819	0.100593
NOTCH1	NA	1429	9295	6.228
NOTCH2	NA	1633	11825	5.59437
NOTCH2NL	NA	229	5318	1.74443
NOTCH3	NA	1716	8071	8.61303
NOTCH4	NA	63	43362	0.0588569
NOTO	NA	0	1448	0
NOTUM	NA	60	2217	1.09636
NOV	NA	0	2601	0
NOVA1	NA	27	4291	0.254901
NOVA2	NA	25	1877	0.539562
NOX1	NA	14	2529	0.224257
NOX3	NA	1	2044	0.0198191
NOX4	NA	5	5381	0.037642
NOX5	NA	0	3126	0
NOXA1	NA	13	1633	0.322495
NOXO1	NA	163	1636	4.03618
NOXRED1	NA	27	1856	0.589321
NPAP1	NA	0	8053	0
NPAS1	NA	562	2043	11.1438
NPAS2	NA	0	4004	0
NPAS3	NA	0	5984	0
NPAS4	NA	14	3302	0.171758
NPAT	NA	417	5936	2.84582
NPB	NA	90	617	5.90913
NPBWR1	NA	0	987	0
NPBWR2	NA	0	1002	0
NPC1	NA	1752	4814	14.7433
NPC1L1	NA	11	5251	0.0848626
NPC2	NA	3501	897	158.112
NPDC1	NA	2669	1528	70.7605
NPEPL1	NA	272	2373	4.64341
NPEPPS	NA	2261	4339	21.1094
NPFF	NA	49	592	3.35305
NPFFR1	NA	0	1311	0
NPFFR2	NA	1	2449	0.0165416
NPHP1	NA	317	2750	4.66974
NPHP3	NA	523	5398	3.92495
NPHP3-ACAD11	NA	1975	7788	10.2732
NPHP3-AS1	NA	2	2490	0.0325384
NPHP4	NA	445	5556	3.24462
NPHS1	NA	12	5024	0.0967604
NPHS2	NA	0	1874	0
NPIPA1	NA	975	1102	35.8417
NPIPA2	NA	1250	2176	23.2711
NPIPA3	NA	1258	2196	23.2067
NPIPA5	NA	1685	1088	62.7389
NPIPA7	NA	1177	1159	41.1395
NPIPA8	NA	1177	1159	41.1395
NPIPB15	NA	71	1388	2.07221
NPIPB3	NA	3335	3620	37.321
NPIPB5	NA	3330	3816	35.351
NPIPB6	NA	209	1405	6.02609
NPIPB9	NA	161	1491	4.37436
NPL	NA	16	3166	0.204727
NPLOC4	NA	5326	4665	46.2504
NPM1	NA	34471	1780	784.512
NPM2	NA	5	1721	0.117694
NPM3	NA	2534	877	117.05
NPNT	NA	3	4733	0.0256774
NPPA	NA	48	854	2.27693
NPPA-AS1	NA	112	1662	2.72994
NPPB	NA	6	698	0.348226
NPPC	NA	142	701	8.20609
NPR1	NA	15	4185	0.145198
NPR2	NA	29	3430	0.342507
NPR3	NA	0	7597	0
NPRL2	NA	527	1664	12.8299
NPRL3	NA	1746	3177	22.2635
NPS	NA	0	322	0
NPSR1	NA	0	1970	0
NPSR1-AS1	NA	0	6188	0
NPTN	NA	1190	2454	19.6444
NPTN-IT1	NA	7	2606	0.108815
NPTX1	NA	42	5437	0.312936
NPTX2	NA	11	2713	0.164251
NPTXR	NA	1310	5815	9.12615
NPVF	NA	2	1188	0.0681992
NPW	NA	11	1016	0.438596
NPY	NA	0	560	0
NPY1R	NA	0	2958	0
NPY2R	NA	6	3628	0.0669961
NPY4R	NA	0	1956	0
NPY5R	NA	0	1843	0
NPY6R	NA	2	2987	0.0271244
NQO1	NA	3764	2629	57.9996
NQO2	NA	1941	1787	44.0014
NR0B1	NA	0	1585	0
NR0B2	NA	0	1271	0
NR1D1	NA	318	2775	4.64227
NR1D2	NA	693	5498	5.10616
NR1H2	NA	781	2090	15.1381
NR1H3	NA	248	2315	4.33977
NR1H4	NA	0	2589	0
NR1I2	NA	0	4560	0
NR1I3	NA	117	1408	3.36627
NR2C1	NA	1201	4533	10.733
NR2C2	NA	822	8481	3.92636
NR2C2AP	NA	1076	1303	33.4529
NR2E1	NA	2	3352	0.0241708
NR2E3	NA	6	2813	0.0864067
NR2F1	NA	4208	3726	45.7508
NR2F1-AS1	NA	348	6748	2.08915
NR2F2	NA	2048	6110	13.5786
NR2F2-AS1	NA	11	1836	0.242709
NR2F6	NA	4534	1804	101.815
NR3C1	NA	1	9455	0.00428454
NR3C2	NA	1	5898	0.00686849
NR4A1	NA	788	3942	8.09796
NR4A2	NA	6	3531	0.0688366
NR4A3	NA	38	6311	0.243922
NR5A1	NA	22	3095	0.287957
NR5A2	NA	0	5225	0
NR6A1	NA	573	7064	3.28602
NRADDP	NA	4	1012	0.16012
NRAP	NA	0	5535	0
NRARP	NA	367	2621	5.67237
NRAS	NA	2708	4454	24.63
NRAV	NA	392	1897	8.37114
NRBF2	NA	773	1901	16.4726
NRBP1	NA	2138	2199	39.3866
NRBP2	NA	1542	3723	16.7787
NRCAM	NA	1	6685	0.00605989
NRD1	NA	6608	4082	65.5787
NRDE2	NA	730	4010	7.3747
NREP	NA	1	3408	0.0118868
NREP-AS1	NA	0	610	0
NRF1	NA	433	3693	4.74979
NRG1	NA	24	7788	0.124839
NRG1-IT1	NA	0	630	0
NRG1-IT3	NA	0	505	0
NRG2	NA	66	4004	0.667753
NRG3	NA	0	4198	0
NRG3-AS1	NA	0	490	0
NRG4	NA	57	2181	1.05873
NRGN	NA	78	1218	2.59426
NRIP1	NA	1718	7556	9.21079
NRIP2	NA	10	2777	0.145878
NRIP3	NA	30	3809	0.319063
NRIR	NA	0	832	0
NRK	NA	0	8062	0
NRL	NA	27	1974	0.554093
NRM	NA	707	12769	2.243
NRN1	NA	0	2622	0
NRN1L	NA	2	633	0.127995
NRON	NA	1	2730	0.014839
NRP1	NA	481	5914	3.2948
NRP2	NA	6	7719	0.0314888
NRROS	NA	3663	2553	58.1235
NRSN1	NA	0	2408	0
NRSN2	NA	1684	2386	28.5915
NRSN2-AS1	NA	128	1394	3.71974
NRTN	NA	116	1104	4.25652
NRXN1	NA	6	10626	0.0228743
NRXN2	NA	105	7400	0.574809
NRXN3	NA	1	14380	0.00281713
NSA2	NA	1368	1503	36.8717
NSD1	NA	2621	13059	8.13061
NSDHL	NA	1467	1630	36.4593
NSF	NA	1049	5563	7.63893
NSFL1C	NA	3335	3574	37.8013
NSFP1	NA	131	2348	2.26016
NSG1	NA	1418	2806	20.4717
NSL1	NA	902	13220	2.76402
NSMAF	NA	1239	3782	13.2714
NSMCE1	NA	788	1062	30.0585
NSMCE2	NA	400	1212	13.3697
NSMCE4A	NA	1802	1405	51.957
NSMF	NA	3641	3654	40.3662
NSRP1	NA	1106	2515	17.8149
NSUN2	NA	5904	3372	70.9291
NSUN3	NA	81	1435	2.28665
NSUN4	NA	536	5799	3.74436
NSUN5	NA	2857	2447	47.2979
NSUN5P1	NA	1119	2048	22.1343
NSUN5P2	NA	1219	1767	27.9469
NSUN6	NA	358	2570	5.64307
NSUN7	NA	1	3698	0.0109547
NT5C	NA	1007	1037	39.3384
NT5C1A	NA	0	1107	0
NT5C1B	NA	38	2927	0.525929
NT5C1B-RDH14	NA	667	2988	9.04297
NT5C2	NA	4092	3534	46.9067
NT5C3A	NA	570	2140	10.7901
NT5C3B	NA	1675	1646	41.2241
NT5DC1	NA	715	3129	9.25692
NT5DC2	NA	4057	2360	69.64
NT5DC3	NA	464	7214	2.6056
NT5E	NA	40	4068	0.398332
NT5M	NA	144	1588	3.67348
NTAN1	NA	1305	1219	43.3683
NTF3	NA	0	1397	0
NTF4	NA	183	999	7.42081
NTHL1	NA	278	1067	10.5547
NTM	NA	264	4185	2.55549
NTM-IT	NA	0	764	0
NTMT1	NA	2494	2063	48.9737
NTN1	NA	157	5954	1.06821
NTN3	NA	8	1986	0.163184
NTN4	NA	93	3615	1.04217
NTN5	NA	26	1910	0.55145
NTNG1	NA	830	3477	9.67028
NTNG2	NA	69	3091	0.904307
NTPCR	NA	988	902	44.3727
NTRK1	NA	4	2857	0.0567173
NTRK2	NA	0	20458	0
NTRK3	NA	18	5238	0.139211
NTRK3-AS1	NA	0	2663	0
NTS	NA	0	1239	0
NTSR1	NA	11	4132	0.107845
NTSR2	NA	0	1608	0
NUAK1	NA	1991	6821	11.8247
NUAK2	NA	1916	3437	22.583
NUB1	NA	817	3173	10.4308
NUBP1	NA	357	1287	11.2371
NUBP2	NA	1637	1581	41.9452
NUBPL	NA	217	3403	2.58323
NUCB1	NA	2869	2579	45.0656
NUCB1-AS1	NA	179	433	16.7468
NUCB2	NA	228	1612	5.72975
NUCKS1	NA	10625	6464	66.5876
NUDC	NA	7799	1813	174.264
NUDCD1	NA	1109	4082	11.0059
NUDCD2	NA	715	948	30.5537
NUDCD3	NA	1572	4917	12.9514
NUDT1	NA	320	838	15.4693
NUDT10	NA	8	2075	0.156184
NUDT11	NA	99	2396	1.67384
NUDT12	NA	397	3500	4.59503
NUDT13	NA	34	2296	0.599892
NUDT14	NA	788	867	36.8191
NUDT15	NA	1435	2484	23.4027
NUDT16	NA	1161	6777	6.94002
NUDT16L1	NA	1095	1420	31.2386
NUDT16P1	NA	1	2364	0.0171364
NUDT17	NA	67	1091	2.4878
NUDT18	NA	78	1519	2.08019
NUDT19	NA	1119	2967	15.2784
NUDT2	NA	499	1075	18.8043
NUDT21	NA	4651	4407	42.7533
NUDT22	NA	364	1126	13.0957
NUDT3	NA	1239	2394	20.9659
NUDT4	NA	1561	5056	12.5072
NUDT4P1	NA	1518	3796	16.1999
NUDT4P2	NA	1517	3833	16.0329
NUDT5	NA	4856	1204	163.387
NUDT6	NA	533	1373	15.7262
NUDT7	NA	114	1326	3.48279
NUDT8	NA	156	816	7.74462
NUDT9	NA	510	2816	7.33674
NUDT9P1	NA	2	1077	0.0752281
NUF2	NA	325	1989	6.61934
NUFIP1	NA	1007	3487	11.6989
NUFIP2	NA	2912	10880	10.8425
NUGGC	NA	1	3887	0.010422
NUMA1	NA	3757	7585	20.0656
NUMB	NA	1294	3644	14.3854
NUMBL	NA	1329	3649	14.7542
NUP107	NA	1137	3124	14.744
NUP133	NA	2216	4170	21.5278
NUP153	NA	2763	6030	18.5622
NUP155	NA	1512	4747	12.9032
NUP160	NA	2243	5383	16.8799
NUP188	NA	3487	5695	24.8041
NUP205	NA	2473	6265	15.9908
NUP210	NA	2769	7208	15.5623
NUP210L	NA	10	5882	0.0688717
NUP210P1	NA	0	876	0
NUP214	NA	1606	7600	8.56047
NUP35	NA	431	2006	8.70387
NUP37	NA	1578	1205	53.0501
NUP43	NA	1726	3873	18.0534
NUP50	NA	3623	5501	26.6804
NUP50-AS1	NA	559	1518	14.9178
NUP54	NA	2142	2557	33.9355
NUP62	NA	5279	3619	59.092
NUP62CL	NA	0	1762	0
NUP85	NA	1269	2363	21.7552
NUP88	NA	2208	2495	35.8504
NUP93	NA	2530	3716	27.581
NUP98	NA	4329	7759	22.602
NUPL1	NA	1425	4335	13.3165
NUPL2	NA	569	1797	12.8271
NUPR1	NA	11079	912	492.121
NUPR1L	NA	0	600	0
NUS1	NA	2808	4807	23.664
NUSAP1	NA	2344	2454	38.6945
NUTF2	NA	3623	886	165.653
NUTM1	NA	3	4196	0.0289635
NUTM2A	NA	101	3288	1.24439
NUTM2A-AS1	NA	262	822	12.9121
NUTM2B	NA	99	3292	1.21826
NUTM2B-AS1	NA	542	5206	4.21756
NUTM2D	NA	73	5543	0.533512
NUTM2F	NA	12	2561	0.189818
NUTM2G	NA	17	5249	0.131201
NVL	NA	2296	3006	30.942
NWD1	NA	1	8403	0.00482094
NWD2	NA	0	7477	0
NXF1	NA	4537	4147	44.3201
NXF2	NA	0	2401	0
NXF2B	NA	0	2401	0
NXF3	NA	2	1895	0.042755
NXF4	NA	5	3615	0.0560309
NXF5	NA	0	2062	0
NXN	NA	3754	3121	48.7266
NXNL1	NA	0	908	0
NXNL2	NA	31	1630	0.770442
NXPE1	NA	0	1925	0
NXPE2	NA	0	1778	0
NXPE3	NA	433	9053	1.93759
NXPE4	NA	0	2163	0
NXPH1	NA	2	2921	0.0277373
NXPH2	NA	0	2560	0
NXPH3	NA	2108	5552	15.3811
NXPH4	NA	26	1804	0.583852
NXT1	NA	1097	1117	39.785
NXT2	NA	109	2966	1.48875
NYAP1	NA	1285	3583	14.5285
NYAP2	NA	0	4590	0
NYNRIN	NA	2332	7857	12.0237
NYX	NA	0	2629	0
OACYLP	NA	0	591	0
OAF	NA	541	1862	11.7702
OARD1	NA	599	1174	20.6692
OAS1	NA	1	1989	0.0203672
OAS2	NA	1	6169	0.00656676
OAS3	NA	30	6639	0.183056
OASL	NA	1	2085	0.0194294
OAT	NA	2805	2092	54.3172
OAZ1	NA	10645	1181	365.142
OAZ2	NA	1714	1934	35.9021
OAZ3	NA	263	1172	9.09063
OBFC1	NA	333	6481	2.08146
OBP2A	NA	0	754	0
OBP2B	NA	0	1068	0
OBSCN	NA	796	28628	1.12639
OBSL1	NA	1885	7275	10.4965
OC90	NA	0	1782	0
OCA2	NA	68	3140	0.877294
OCEL1	NA	408	1133	14.588
OCIAD1	NA	3146	2332	54.6507
OCIAD2	NA	9	825	0.441931
OCLM	NA	2	884	0.0916523
OCLN	NA	217	6576	1.33679
OCM	NA	1	696	0.0582045
OCM2	NA	1	587	0.0690125
OCRL	NA	1060	5154	8.33158
OCSTAMP	NA	0	1958	0
ODAM	NA	0	1288	0
ODC1	NA	13729	2626	211.792
ODF1	NA	0	994	0
ODF2	NA	1540	4861	12.834
ODF2L	NA	430	6471	2.69192
ODF3	NA	0	1284	0
ODF3B	NA	6	970	0.250579
ODF3L1	NA	4	1193	0.135827
ODF3L2	NA	43	1604	1.086
ODF4	NA	0	1149	0
OFD1	NA	772	3651	8.56587
OGDH	NA	2784	4840	23.3018
OGDHL	NA	506	3762	5.44876
OGFOD1	NA	2180	3020	29.2426
OGFOD2	NA	624	2789	9.06362
OGFOD3	NA	624	4513	5.60125
OGFR	NA	1510	2420	25.2771
OGFR-AS1	NA	5	668	0.303221
OGFRL1	NA	7	1740	0.162973
OGFRP1	NA	19	1242	0.619723
OGG1	NA	496	2841	7.07255
OGN	NA	1	3067	0.0132085
OGT	NA	2887	5482	21.3341
OIP5	NA	490	1236	16.0599
OIP5-AS1	NA	782	1894	16.726
OIT3	NA	0	2393	0
OLA1	NA	4316	4356	40.1383
OLAH	NA	4	1834	0.0883541
OLFM1	NA	131	3855	1.37662
OLFM2	NA	652	2314	11.4143
OLFM3	NA	0	4500	0
OLFM4	NA	0	2919	0
OLFML1	NA	194	2903	2.7072
OLFML2A	NA	166	6752	0.995959
OLFML2B	NA	11	3774	0.118075
OLFML3	NA	6	2113	0.115032
OLIG1	NA	0	2279	0
OLIG2	NA	0	2514	0
OLIG3	NA	0	2196	0
OLMALINC	NA	45	988	1.84511
OLR1	NA	12	2516	0.193213
OMA1	NA	409	1934	8.56708
OMD	NA	0	2542	0
OMG	NA	7	1895	0.149642
OMP	NA	1	492	0.0823381
ONECUT1	NA	0	2407	0
ONECUT2	NA	18	16122	0.0452293
ONECUT3	NA	6	1485	0.163678
OOEP	NA	4	677	0.239352
OOSP1	NA	0	1163	0
OOSP2	NA	0	1632	0
OPA1	NA	2021	6493	12.6092
OPA1-AS1	NA	0	502	0
OPA3	NA	1104	9563	4.67671
OPALIN	NA	0	4009	0
OPCML	NA	0	6545	0
OPHN1	NA	63	7531	0.338886
OPLAH	NA	8	4031	0.0803976
OPN1LW	NA	2	1261	0.0642511
OPN1MW	NA	2	3996	0.0202754
OPN1MW2	NA	2	2566	0.0315747
OPN1SW	NA	16	1098	0.590315
OPN3	NA	147	2632	2.26255
OPN4	NA	0	2405	0
OPN5	NA	1	3777	0.0107255
OPRD1	NA	0	1774	0
OPRK1	NA	0	5196	0
OPRL1	NA	65	3604	0.730625
OPRM1	NA	1	19723	0.00205396
OPTC	NA	1	1444	0.0280542
OPTN	NA	1022	3597	11.51
OR10A2	NA	0	912	0
OR10A3	NA	1	945	0.0428681
OR10A4	NA	0	995	0
OR10A5	NA	0	954	0
OR10A6	NA	0	945	0
OR10A7	NA	0	951	0
OR10AD1	NA	0	954	0
OR10AG1	NA	0	906	0
OR10C1	NA	1	4659	0.00869507
OR10G2	NA	0	1105	0
OR10G3	NA	0	942	0
OR10G4	NA	0	936	0
OR10G7	NA	0	936	0
OR10G8	NA	0	936	0
OR10G9	NA	0	936	0
OR10H1	NA	1	1120	0.0361699
OR10H2	NA	0	1029	0
OR10H3	NA	0	951	0
OR10H4	NA	0	951	0
OR10H5	NA	0	948	0
OR10J1	NA	0	1089	0
OR10J3	NA	0	990	0
OR10J5	NA	0	930	0
OR10K1	NA	0	942	0
OR10K2	NA	0	939	0
OR10P1	NA	0	942	0
OR10Q1	NA	0	1037	0
OR10R2	NA	0	1008	0
OR10S1	NA	0	996	0
OR10T2	NA	0	945	0
OR10V1	NA	0	930	0
OR10V2P	NA	1	770	0.0526108
OR10W1	NA	0	1469	0
OR10X1	NA	0	981	0
OR10Z1	NA	0	942	0
OR11A1	NA	1	9419	0.00430092
OR11G2	NA	0	1038	0
OR11H1	NA	0	981	0
OR11H12	NA	0	981	0
OR11H2	NA	2	1085	0.0746734
OR11H4	NA	0	975	0
OR11H6	NA	0	993	0
OR11L1	NA	0	969	0
OR12D2	NA	2	4461	0.018162
OR12D3	NA	0	7799	0
OR13A1	NA	0	2078	0
OR13C2	NA	0	957	0
OR13C3	NA	0	1044	0
OR13C4	NA	0	957	0
OR13C5	NA	0	957	0
OR13C8	NA	0	963	0
OR13C9	NA	0	957	0
OR13D1	NA	0	1041	0
OR13F1	NA	0	960	0
OR13G1	NA	0	924	0
OR13H1	NA	0	927	0
OR13J1	NA	1	939	0.043142
OR14A16	NA	0	930	0
OR14C36	NA	0	939	0
OR14I1	NA	0	936	0
OR14J1	NA	1	4050	0.0100026
OR1A1	NA	0	930	0
OR1A2	NA	0	932	0
OR1B1	NA	0	957	0
OR1C1	NA	0	945	0
OR1D2	NA	0	939	0
OR1D4	NA	0	590	0
OR1D5	NA	0	939	0
OR1E1	NA	1	945	0.0428681
OR1E2	NA	1	972	0.0416773
OR1F1	NA	12	939	0.517704
OR1F2P	NA	4	985	0.164509
OR1G1	NA	0	942	0
OR1I1	NA	0	1068	0
OR1J1	NA	0	969	0
OR1J2	NA	0	942	0
OR1J4	NA	0	942	0
OR1K1	NA	1	951	0.0425976
OR1L1	NA	0	933	0
OR1L3	NA	0	975	0
OR1L4	NA	0	936	0
OR1L6	NA	0	936	0
OR1L8	NA	0	930	0
OR1M1	NA	0	942	0
OR1N1	NA	1	936	0.0432803
OR1N2	NA	0	993	0
OR1Q1	NA	0	945	0
OR1S1	NA	0	978	0
OR1S2	NA	0	978	0
OR2A1	NA	0	933	0
OR2A1-AS1	NA	0	946	0
OR2A12	NA	0	933	0
OR2A14	NA	0	933	0
OR2A2	NA	0	957	0
OR2A20P	NA	0	930	0
OR2A25	NA	0	933	0
OR2A4	NA	0	1758	0
OR2A42	NA	0	933	0
OR2A5	NA	0	936	0
OR2A7	NA	0	933	0
OR2A9P	NA	0	985	0
OR2AE1	NA	3	972	0.125032
OR2AG1	NA	0	998	0
OR2AG2	NA	1	951	0.0425976
OR2AK2	NA	0	1008	0
OR2AP1	NA	0	930	0
OR2AT4	NA	0	963	0
OR2B11	NA	0	954	0
OR2B2	NA	1	1212	0.0334244
OR2B3	NA	5	4563	0.04439
OR2B6	NA	16	942	0.688074
OR2C1	NA	1	1036	0.0391026
OR2C3	NA	0	2742	0
OR2D2	NA	0	927	0
OR2D3	NA	0	993	0
OR2F1	NA	0	1089	0
OR2F2	NA	0	954	0
OR2G2	NA	0	954	0
OR2G3	NA	0	930	0
OR2G6	NA	0	951	0
OR2H1	NA	0	13076	0
OR2H2	NA	0	3672	0
OR2J2	NA	0	4303	0
OR2J3	NA	35	4575	0.309915
OR2K2	NA	0	951	0
OR2L13	NA	0	2046	0
OR2L1P	NA	0	925	0
OR2L2	NA	0	1134	0
OR2L3	NA	0	939	0
OR2L5	NA	0	939	0
OR2L8	NA	0	939	0
OR2M1P	NA	0	645	0
OR2M2	NA	0	1044	0
OR2M3	NA	0	939	0
OR2M4	NA	0	936	0
OR2M5	NA	0	939	0
OR2M7	NA	0	939	0
OR2S2	NA	0	1047	0
OR2T1	NA	0	1110	0
OR2T10	NA	0	939	0
OR2T11	NA	0	951	0
OR2T12	NA	0	963	0
OR2T2	NA	0	975	0
OR2T27	NA	0	954	0
OR2T29	NA	0	948	0
OR2T3	NA	0	957	0
OR2T33	NA	0	963	0
OR2T34	NA	0	957	0
OR2T35	NA	0	972	0
OR2T4	NA	0	1047	0
OR2T5	NA	0	948	0
OR2T6	NA	0	927	0
OR2T8	NA	0	939	0
OR2V1	NA	0	948	0
OR2V2	NA	0	948	0
OR2W1	NA	1	4005	0.0101149
OR2W3	NA	0	945	0
OR2W5	NA	0	1342	0
OR2Y1	NA	0	936	0
OR2Z1	NA	0	1056	0
OR3A1	NA	0	948	0
OR3A2	NA	0	1085	0
OR3A3	NA	0	966	0
OR3A4P	NA	0	1202	0
OR4A15	NA	0	1035	0
OR4A16	NA	0	987	0
OR4A47	NA	0	930	0
OR4A5	NA	0	1071	0
OR4B1	NA	0	930	0
OR4C11	NA	0	1045	0
OR4C12	NA	0	1063	0
OR4C13	NA	0	1029	0
OR4C15	NA	0	1113	0
OR4C16	NA	0	933	0
OR4C3	NA	0	990	0
OR4C45	NA	0	919	0
OR4C46	NA	0	930	0
OR4C6	NA	0	930	0
OR4D1	NA	0	933	0
OR4D10	NA	1	936	0.0432803
OR4D11	NA	0	936	0
OR4D2	NA	0	924	0
OR4D5	NA	0	957	0
OR4D6	NA	1	945	0.0428681
OR4D9	NA	0	945	0
OR4E2	NA	0	942	0
OR4F13P	NA	0	2054	0
OR4F15	NA	0	939	0
OR4F16	NA	44	1878	0.949124
OR4F17	NA	0	918	0
OR4F21	NA	8	939	0.345136
OR4F29	NA	44	1878	0.949124
OR4F3	NA	44	1878	0.949124
OR4F4	NA	0	918	0
OR4F5	NA	0	918	0
OR4F6	NA	0	939	0
OR4K1	NA	0	1076	0
OR4K13	NA	0	915	0
OR4K14	NA	0	933	0
OR4K15	NA	0	1047	0
OR4K17	NA	0	1032	0
OR4K2	NA	0	945	0
OR4K5	NA	0	972	0
OR4L1	NA	1	939	0.043142
OR4M1	NA	0	942	0
OR4M2	NA	0	1084	0
OR4N2	NA	1	1008	0.0401888
OR4N3P	NA	0	934	0
OR4N4	NA	0	1434	0
OR4N5	NA	0	927	0
OR4P4	NA	0	939	0
OR4Q3	NA	0	942	0
OR4S1	NA	0	930	0
OR4S2	NA	0	936	0
OR4X1	NA	0	918	0
OR4X2	NA	0	912	0
OR51A2	NA	0	942	0
OR51A4	NA	0	942	0
OR51A7	NA	0	939	0
OR51B2	NA	0	1055	0
OR51B4	NA	0	933	0
OR51B5	NA	0	1934	0
OR51B6	NA	0	939	0
OR51D1	NA	0	1124	0
OR51E1	NA	0	3104	0
OR51E2	NA	0	2785	0
OR51F1	NA	0	939	0
OR51F2	NA	0	1029	0
OR51G1	NA	0	966	0
OR51G2	NA	0	945	0
OR51I1	NA	0	1012	0
OR51I2	NA	0	1070	0
OR51L1	NA	0	948	0
OR51M1	NA	0	1058	0
OR51Q1	NA	0	1096	0
OR51S1	NA	0	972	0
OR51T1	NA	0	1065	0
OR51V1	NA	0	966	0
OR52A1	NA	0	939	0
OR52A5	NA	0	951	0
OR52B2	NA	0	972	0
OR52B4	NA	0	1124	0
OR52B6	NA	0	1008	0
OR52D1	NA	0	1064	0
OR52E2	NA	0	978	0
OR52E4	NA	0	939	0
OR52E6	NA	0	942	0
OR52E8	NA	0	954	0
OR52H1	NA	0	963	0
OR52I1	NA	0	975	0
OR52I2	NA	0	1115	0
OR52J3	NA	0	936	0
OR52K1	NA	0	1030	0
OR52K2	NA	0	1067	0
OR52L1	NA	0	1094	0
OR52M1	NA	0	954	0
OR52N1	NA	0	963	0
OR52N2	NA	0	966	0
OR52N4	NA	0	1037	0
OR52N5	NA	0	1034	0
OR52R1	NA	0	948	0
OR52W1	NA	0	963	0
OR56A1	NA	0	1071	0
OR56A3	NA	0	948	0
OR56A4	NA	0	1098	0
OR56A5	NA	0	942	0
OR56B1	NA	0	1091	0
OR56B4	NA	0	1152	0
OR5A1	NA	0	948	0
OR5A2	NA	0	975	0
OR5AC2	NA	0	930	0
OR5AK2	NA	0	930	0
OR5AK4P	NA	0	927	0
OR5AN1	NA	0	936	0
OR5AP2	NA	0	951	0
OR5AR1	NA	0	933	0
OR5AS1	NA	0	975	0
OR5AU1	NA	0	1089	0
OR5B12	NA	0	1054	0
OR5B17	NA	0	945	0
OR5B2	NA	0	1049	0
OR5B21	NA	0	930	0
OR5B3	NA	0	945	0
OR5C1	NA	0	963	0
OR5D13	NA	0	945	0
OR5D14	NA	0	945	0
OR5D16	NA	0	987	0
OR5D18	NA	0	942	0
OR5E1P	NA	1	521	0.077755
OR5F1	NA	0	945	0
OR5H1	NA	0	942	0
OR5H14	NA	0	933	0
OR5H15	NA	0	942	0
OR5H2	NA	0	945	0
OR5H6	NA	0	978	0
OR5I1	NA	0	945	0
OR5J2	NA	0	939	0
OR5K1	NA	0	1097	0
OR5K2	NA	1	951	0.0425976
OR5K3	NA	0	966	0
OR5K4	NA	0	966	0
OR5L1	NA	0	936	0
OR5L2	NA	0	936	0
OR5M1	NA	0	948	0
OR5M10	NA	0	948	0
OR5M11	NA	0	918	0
OR5M3	NA	0	1051	0
OR5M8	NA	0	936	0
OR5M9	NA	0	933	0
OR5P2	NA	2	969	0.0836127
OR5P3	NA	5	936	0.216401
OR5R1	NA	0	975	0
OR5T1	NA	0	981	0
OR5T2	NA	0	1080	0
OR5T3	NA	0	1023	0
OR5V1	NA	1	4379	0.00925105
OR5W2	NA	0	933	0
OR6A2	NA	0	1384	0
OR6B1	NA	0	936	0
OR6B2	NA	0	939	0
OR6B3	NA	0	996	0
OR6C1	NA	0	939	0
OR6C2	NA	0	939	0
OR6C3	NA	0	936	0
OR6C4	NA	0	930	0
OR6C6	NA	0	945	0
OR6C65	NA	0	939	0
OR6C68	NA	0	939	0
OR6C70	NA	0	939	0
OR6C74	NA	0	939	0
OR6C75	NA	0	939	0
OR6C76	NA	0	939	0
OR6F1	NA	0	927	0
OR6K2	NA	0	975	0
OR6K3	NA	0	948	0
OR6K6	NA	0	1032	0
OR6M1	NA	0	942	0
OR6N1	NA	0	939	0
OR6N2	NA	0	954	0
OR6P1	NA	0	954	0
OR6Q1	NA	0	954	0
OR6S1	NA	0	996	0
OR6T1	NA	0	972	0
OR6V1	NA	0	942	0
OR6W1P	NA	0	1502	0
OR6X1	NA	0	939	0
OR6Y1	NA	0	978	0
OR7A10	NA	0	930	0
OR7A17	NA	0	930	0
OR7A5	NA	0	2138	0
OR7C1	NA	0	963	0
OR7C2	NA	0	960	0
OR7D2	NA	2	3224	0.0251305
OR7D4	NA	0	1022	0
OR7E12P	NA	50	1209	1.67537
OR7E14P	NA	28	1159	0.978679
OR7E156P	NA	5	2647	0.0765212
OR7E24	NA	0	1020	0
OR7E2P	NA	0	1024	0
OR7E37P	NA	66	1203	2.22251
OR7E47P	NA	0	2010	0
OR7E5P	NA	1	1833	0.0221006
OR7E91P	NA	0	1230	0
OR7G1	NA	0	936	0
OR7G2	NA	0	1038	0
OR7G3	NA	0	939	0
OR8A1	NA	0	981	0
OR8B12	NA	0	933	0
OR8B2	NA	0	942	0
OR8B3	NA	0	942	0
OR8B4	NA	0	930	0
OR8B8	NA	0	936	0
OR8D1	NA	0	927	0
OR8D2	NA	0	936	0
OR8D4	NA	0	945	0
OR8G1	NA	0	933	0
OR8G2	NA	0	1025	0
OR8G5	NA	0	1041	0
OR8H1	NA	0	936	0
OR8H2	NA	0	939	0
OR8H3	NA	0	939	0
OR8I2	NA	0	933	0
OR8J1	NA	0	1074	0
OR8J3	NA	0	948	0
OR8K1	NA	0	960	0
OR8K3	NA	0	939	0
OR8K5	NA	0	924	0
OR8S1	NA	0	1080	0
OR8U1	NA	0	930	0
OR8U8	NA	0	866	0
OR9A2	NA	0	933	0
OR9A4	NA	0	945	0
OR9G1	NA	0	918	0
OR9G4	NA	0	984	0
OR9G9	NA	0	918	0
OR9I1	NA	0	945	0
OR9K2	NA	0	1008	0
OR9Q1	NA	0	2438	0
OR9Q2	NA	0	1085	0
ORAI1	NA	1650	1502	44.502
ORAI2	NA	2031	10811	7.61044
ORAI3	NA	795	2188	14.7192
ORAOV1	NA	545	2527	8.73689
ORC1	NA	897	3169	11.4666
ORC2	NA	1326	3652	14.7088
ORC3	NA	956	2572	15.0575
ORC4	NA	1320	7039	7.59677
ORC5	NA	1086	2255	19.5096
ORC6	NA	966	1687	23.1968
ORM1	NA	0	839	0
ORM2	NA	0	844	0
ORMDL1	NA	1362	2182	25.2865
ORMDL2	NA	994	1334	30.1854
ORMDL3	NA	1076	2139	20.3783
OS9	NA	2163	2862	30.6163
OSBP	NA	9554	5083	76.1432
OSBP2	NA	215	5227	1.66629
OSBPL10	NA	3086	4213	29.6736
OSBPL10-AS1	NA	0	544	0
OSBPL11	NA	545	4638	4.76027
OSBPL1A	NA	1943	4866	16.1758
OSBPL2	NA	853	4100	8.42813
OSBPL3	NA	888	7185	5.00671
OSBPL5	NA	202	3887	2.10525
OSBPL6	NA	149	7457	0.809446
OSBPL7	NA	406	3656	4.49869
OSBPL8	NA	1598	7241	8.94013
OSBPL9	NA	2540	4258	24.1654
OSCAR	NA	39	2063	0.765828
OSCP1	NA	222	1665	5.40138
OSER1	NA	900	2242	16.262
OSER1-AS1	NA	44	1851	0.962969
OSGEP	NA	637	1625	15.8801
OSGEPL1	NA	81	2316	1.41681
OSGEPL1-AS1	NA	20	915	0.885472
OSGIN1	NA	1954	1940	40.8027
OSGIN2	NA	1000	4503	8.9963
OSM	NA	1	1853	0.021862
OSMR	NA	3	6147	0.0197708
OSMR-AS1	NA	0	657	0
OSR1	NA	21	1894	0.449164
OSR2	NA	174	2126	3.31552
OST4	NA	4070	485	339.953
OSTC	NA	2112	1152	74.2689
OSTCP1	NA	78	1186	2.66425
OSTF1	NA	50	1313	1.54266
OSTM1	NA	1184	4467	10.7375
OSTN	NA	0	402	0
OTC	NA	0	1647	0
OTOA	NA	14	3809	0.148896
OTOF	NA	34	7449	0.184904
OTOG	NA	1	8839	0.00458314
OTOGL	NA	5	8083	0.025059
OTOL1	NA	3	1434	0.0847497
OTOP1	NA	0	1869	0
OTOP2	NA	1	2147	0.0188683
OTOP3	NA	2	2433	0.0333007
OTOR	NA	0	1482	0
OTOS	NA	1	566	0.071573
OTP	NA	7	2678	0.10589
OTUB1	NA	3990	2502	64.6028
OTUB2	NA	216	3873	2.25929
OTUD1	NA	69	3113	0.897916
OTUD3	NA	3028	6514	18.831
OTUD4	NA	1563	7434	8.51731
OTUD5	NA	2905	3080	38.2086
OTUD6A	NA	0	1689	0
OTUD6B	NA	350	3438	4.12409
OTUD6B-AS1	NA	457	6008	3.08143
OTUD7A	NA	8	3042	0.106536
OTUD7B	NA	884	6415	5.58241
OTULIN	NA	440	7896	2.25741
OTX1	NA	185	3067	2.44356
OTX2	NA	4858	2447	80.4247
OTX2-AS1	NA	82	2427	1.36871
OVAAL	NA	1	1491	0.0271699
OVCA2	NA	921	1076	34.6747
OVCH1	NA	0	3420	0
OVCH1-AS1	NA	0	1726	0
OVCH2	NA	91	1729	2.13212
OVGP1	NA	43	2242	0.77696
OVOL1	NA	4	3022	0.0536206
OVOL1-AS1	NA	4	544	0.29787
OVOL2	NA	2	1859	0.0435829
OVOL3	NA	9	623	0.585222
OXA1L	NA	3911	1719	92.1675
OXCT1	NA	395	3558	4.49735
OXCT1-AS1	NA	5	1726	0.117353
OXCT2	NA	15	1824	0.333144
OXER1	NA	0	1763	0
OXGR1	NA	0	2285	0
OXLD1	NA	1155	1602	29.2069
OXNAD1	NA	312	3968	3.18529
OXR1	NA	104	5408	0.779045
OXSM	NA	257	1527	6.81805
OXSR1	NA	2004	4523	17.9489
OXT	NA	0	513	0
OXTR	NA	113	4360	1.04992
P2RX1	NA	1	2864	0.0141447
P2RX2	NA	11	1969	0.226315
P2RX3	NA	0	1457	0
P2RX4	NA	257	2114	4.92486
P2RX5	NA	19	2308	0.333491
P2RX5-TAX1BP3	NA	5692	6285	36.6881
P2RX6	NA	21	2744	0.310028
P2RX6P	NA	0	124	0
P2RX7	NA	0	4065	0
P2RY1	NA	0	3108	0
P2RY10	NA	0	1790	0
P2RY11	NA	1469	1976	30.1162
P2RY12	NA	0	2398	0
P2RY13	NA	0	2769	0
P2RY14	NA	0	2834	0
P2RY2	NA	0	8936	0
P2RY4	NA	1	1639	0.0247165
P2RY6	NA	1	3189	0.0127031
P2RY8	NA	609	8468	2.91341
P3H1	NA	1457	3105	19.0092
P3H2	NA	4237	3934	43.6305
P3H2-AS1	NA	7	730	0.388455
P3H3	NA	791	2671	11.9969
P3H4	NA	673	2602	10.4779
P4HA1	NA	704	3010	9.47484
P4HA2	NA	492	2705	7.36824
P4HA2-AS1	NA	77	836	3.73122
P4HA3	NA	26	2299	0.458142
P4HB	NA	14129	2578	222.021
P4HTM	NA	2	2282	0.0355042
PA2G4	NA	9681	2626	149.345
PA2G4P4	NA	3258	2751	47.9763
PAAF1	NA	739	1718	17.4256
PABPC1	NA	56890	2860	805.816
PABPC1L	NA	326	2129	6.20309
PABPC1L2A	NA	3	2175	0.0558763
PABPC1L2B	NA	4	2200	0.0736552
PABPC1L2B-AS1	NA	0	1167	0
PABPC1P2	NA	3	3934	0.0308925
PABPC3	NA	4938	2429	82.3549
PABPC4	NA	7344	3204	92.8552
PABPC4L	NA	29	4943	0.237669
PABPC5	NA	0	3447	0
PABPC5-AS1	NA	0	401	0
PABPN1	NA	6188	3102	80.8117
PABPN1L	NA	0	1307	0
PACERR	NA	0	793	0
PACRG	NA	21	1810	0.470009
PACRG-AS1	NA	0	2135	0
PACRGL	NA	308	2296	5.43431
PACS1	NA	1540	4493	13.8851
PACS2	NA	941	6863	5.55446
PACSIN1	NA	1	4498	0.0090063
PACSIN2	NA	1554	3515	17.9098
PACSIN3	NA	1850	2138	35.0534
PADI1	NA	0	3847	0
PADI2	NA	25	4363	0.232124
PADI3	NA	6	3188	0.0762428
PADI4	NA	2	2265	0.0357707
PADI6	NA	0	2396	0
PAEP	NA	0	840	0
PAF1	NA	2028	2357	34.8557
PAFAH1B1	NA	3373	5614	24.3394
PAFAH1B2	NA	2870	6412	18.1324
PAFAH1B3	NA	1581	1232	51.9861
PAFAH2	NA	449	3581	5.07935
PAG1	NA	4	10743	0.0150834
PAGE1	NA	0	664	0
PAGE2	NA	0	501	0
PAGE2B	NA	1	508	0.0797448
PAGE3	NA	0	825	0
PAGE4	NA	0	560	0
PAGE5	NA	0	751	0
PAGR1	NA	1884	3825	19.9533
PAH	NA	0	2681	0
PAICS	NA	9046	3519	104.137
PAIP1	NA	2130	2875	30.0129
PAIP2	NA	3107	1664	75.6404
PAIP2B	NA	173	6300	1.11243
PAK1	NA	1031	3479	12.0052
PAK1IP1	NA	1098	1495	29.7527
PAK2	NA	6095	6139	40.22
PAK3	NA	0	3279	0
PAK4	NA	1176	3064	15.5484
PAK6	NA	192	4884	1.59254
PAK7	NA	0	4777	0
PALB2	NA	953	4058	9.51364
PALD1	NA	1059	4569	9.38946
PALLD	NA	31	6983	0.17984
PALM	NA	1894	2874	26.6968
PALM2	NA	6	9558	0.0254302
PALM2-AKAP2	NA	2	7518	0.0107769
PALM3	NA	1724	2260	30.9026
PALMD	NA	1494	2578	23.4765
PAM	NA	12	5337	0.0910856
PAM16	NA	962	584	66.7311
PAMR1	NA	5	3697	0.0547881
PAN2	NA	297	5564	2.1624
PAN3	NA	568	5632	4.08556
PAN3-AS1	NA	60	2191	1.10937
PANDAR	NA	253	1506	6.80552
PANK1	NA	571	7171	3.22569
PANK2	NA	1123	2463	18.4706
PANK3	NA	765	3387	9.14981
PANK4	NA	749	2679	11.326
PANO1	NA	79	1675	1.91064
PANX1	NA	252	2768	3.68808
PANX2	NA	192	3103	2.5066
PANX3	NA	1	1599	0.0253348
PAOX	NA	184	1945	3.83234
PAPD4	NA	1047	3523	12.0393
PAPD5	NA	387	8112	1.93263
PAPD7	NA	898	4087	8.90097
PAPL	NA	0	2961	0
PAPLN	NA	20	5833	0.138901
PAPOLA	NA	4879	8321	23.7531
PAPOLB	NA	8	4257	0.0761294
PAPOLG	NA	493	7386	2.70398
PAPPA	NA	1233	10970	4.55326
PAPPA-AS1	NA	503	2449	8.32042
PAPPA2	NA	0	7695	0
PAPSS1	NA	1775	2542	28.2871
PAPSS2	NA	32	3858	0.336011
PAQR3	NA	296	3739	3.20702
PAQR4	NA	1910	2793	27.7031
PAQR5	NA	15	5578	0.108938
PAQR6	NA	189	2400	3.19019
PAQR7	NA	2377	3023	31.8535
PAQR8	NA	802	4738	6.85717
PAQR9	NA	3	2105	0.0577344
PAQR9-AS1	NA	4	516	0.314034
PARD3	NA	2729	6133	18.0259
PARD3-AS1	NA	7	337	0.841461
PARD3B	NA	4	8174	0.019824
PARD6A	NA	74	1263	2.37353
PARD6B	NA	765	4615	6.71515
PARD6G	NA	622	3834	6.5721
PARD6G-AS1	NA	6	3737	0.065042
PARG	NA	1186	4301	11.1707
PARGP1	NA	208	1448	5.81916
PARK2	NA	42	4073	0.417735
PARK7	NA	5578	961	235.137
PARL	NA	2218	1412	63.6345
PARM1	NA	0	5054	0
PARN	NA	1540	3083	20.2355
PARP1	NA	7433	3985	75.5617
PARP10	NA	66	3518	0.760001
PARP11	NA	243	4679	2.10387
PARP12	NA	3	3796	0.0320155
PARP14	NA	325	7708	1.70808
PARP15	NA	0	5214	0
PARP16	NA	302	2534	4.82799
PARP2	NA	730	1887	15.6717
PARP3	NA	199	2400	3.35898
PARP4	NA	2157	5469	15.9775
PARP6	NA	1378	2626	21.2579
PARP8	NA	0	7348	0
PARP9	NA	37	7975	0.187948
PARPBP	NA	294	3081	3.86564
PARS2	NA	351	2386	5.9594
PART1	NA	4	9499	0.0170588
PARTICL	NA	117	1420	3.33782
PARVA	NA	938	8719	4.35815
PARVB	NA	718	2172	13.3915
PARVG	NA	1	3759	0.0107769
PASD1	NA	0	3250	0
PASK	NA	618	6224	4.0224
PATE1	NA	0	1508	0
PATE2	NA	0	1637	0
PATE3	NA	0	1336	0
PATE4	NA	0	1986	0
PATL1	NA	4027	4127	39.5287
PATL2	NA	1	1951	0.0207639
PATZ1	NA	1691	4817	14.2211
PAUPAR	NA	0	2737	0
PAWR	NA	829	1951	17.2133
PAX1	NA	0	5352	0
PAX2	NA	351	4234	3.35832
PAX3	NA	0	4125	0
PAX4	NA	0	2010	0
PAX5	NA	1	8966	0.00451822
PAX6	NA	20	7351	0.110217
PAX7	NA	0	6313	0
PAX8	NA	3	4055	0.0299707
PAX8-AS1	NA	3	4621	0.0262997
PAX9	NA	3	3106	0.0391278
PAXBP1	NA	1509	4296	14.2295
PAXBP1-AS1	NA	37	3943	0.380138
PAXIP1	NA	1006	3712	10.9788
PAXIP1-AS1	NA	212	2271	3.78168
PAXIP1-AS2	NA	298	1769	6.82424
PBDC1	NA	1315	1314	40.5412
PBK	NA	1133	2150	21.348
PBLD	NA	74	2854	1.05037
PBOV1	NA	1	2501	0.0161977
PBRM1	NA	1170	7574	6.25787
PBX1	NA	1	6903	0.00586851
PBX2	NA	3728	21982	6.87028
PBX3	NA	518	3104	6.76042
PBX4	NA	96	1730	2.24797
PBXIP1	NA	614	3196	7.78265
PC	NA	366	4241	3.49606
PCA3	NA	0	3735	0
PCAT1	NA	22	1992	0.447403
PCAT18	NA	0	2598	0
PCAT19	NA	1	3472	0.0116677
PCAT2	NA	0	575	0
PCAT29	NA	0	864	0
PCAT4	NA	0	2091	0
PCAT5	NA	0	3550	0
PCAT6	NA	138	764	7.31731
PCAT7	NA	48	1310	1.48435
PCBD1	NA	1005	1412	28.8335
PCBD2	NA	133	2378	2.26572
PCBP1	NA	8168	1750	189.079
PCBP1-AS1	NA	42	2386	0.713091
PCBP2	NA	6223	3171	79.5004
PCBP2-OT1	NA	771	590	52.9381
PCBP3	NA	133	1989	2.70884
PCBP4	NA	2047	2255	36.7737
PCCA	NA	289	2564	4.5661
PCCA-AS1	NA	0	463	0
PCCB	NA	794	1876	17.1456
PCDH1	NA	135	5615	0.97398
PCDH10	NA	5	9528	0.0212586
PCDH11X	NA	0	8413	0
PCDH11Y	NA	1	11012	0.00367874
PCDH12	NA	15	6562	0.0926021
PCDH15	NA	2	12463	0.0065009
PCDH17	NA	0	8009	0
PCDH18	NA	12	5928	0.0820047
PCDH19	NA	3	9756	0.0124571
PCDH20	NA	1	4777	0.00848029
PCDH7	NA	0	9938	0
PCDH8	NA	0	4003	0
PCDH9	NA	4	6227	0.0260224
PCDH9-AS2	NA	0	538	0
PCDH9-AS3	NA	0	522	0
PCDH9-AS4	NA	0	429	0
PCDHA1	NA	1414	5591	10.2453
PCDHA10	NA	1413	5567	10.2822
PCDHA11	NA	1652	6954	9.62368
PCDHA12	NA	1584	5454	11.7654
PCDHA13	NA	1427	5293	10.9216
PCDHA2	NA	1424	6045	9.54288
PCDHA3	NA	1421	5341	10.778
PCDHA4	NA	1459	5460	10.825
PCDHA5	NA	1420	5317	10.819
PCDHA6	NA	1422	5448	10.5737
PCDHA7	NA	1421	5236	10.9941
PCDHA8	NA	1423	5311	10.8541
PCDHA9	NA	1418	9254	6.20744
PCDHAC1	NA	1497	5662	10.7107
PCDHAC2	NA	1619	6126	10.7062
PCDHB1	NA	0	2587	0
PCDHB10	NA	28	3262	0.347728
PCDHB11	NA	18	3271	0.222925
PCDHB12	NA	20	3408	0.237737
PCDHB13	NA	12	3503	0.138774
PCDHB14	NA	28	3963	0.28622
PCDHB15	NA	21	2885	0.294876
PCDHB16	NA	26	4532	0.232407
PCDHB17P	NA	21	2411	0.352848
PCDHB18P	NA	5	3197	0.0633568
PCDHB19P	NA	3	4624	0.0262827
PCDHB2	NA	310	2774	4.52711
PCDHB3	NA	83	3582	0.938682
PCDHB4	NA	36	3872	0.376646
PCDHB5	NA	27	2922	0.374325
PCDHB6	NA	11	3266	0.13644
PCDHB7	NA	19	3756	0.204924
PCDHB8	NA	27	2711	0.40346
PCDHB9	NA	28	4411	0.25715
PCDHGA1	NA	68	4653	0.592027
PCDHGA10	NA	70	4734	0.599012
PCDHGA11	NA	72	5298	0.550537
PCDHGA12	NA	68	4813	0.572346
PCDHGA2	NA	68	4916	0.560355
PCDHGA3	NA	70	4671	0.607091
PCDHGA4	NA	71	4887	0.588548
PCDHGA5	NA	69	4623	0.604632
PCDHGA6	NA	72	4638	0.62888
PCDHGA7	NA	68	5063	0.544085
PCDHGA8	NA	68	5669	0.485924
PCDHGA9	NA	70	4668	0.607481
PCDHGB1	NA	71	4614	0.623371
PCDHGB2	NA	78	4617	0.684385
PCDHGB3	NA	68	4757	0.579084
PCDHGB4	NA	68	4593	0.599761
PCDHGB5	NA	68	4638	0.593942
PCDHGB6	NA	69	4644	0.601898
PCDHGB7	NA	86	4966	0.701548
PCDHGB8P	NA	0	1973	0
PCDHGC3	NA	68	4973	0.553932
PCDHGC4	NA	68	4797	0.574255
PCDHGC5	NA	72	4818	0.605385
PCED1A	NA	1632	2403	27.5126
PCED1B	NA	565	2331	9.81911
PCED1B-AS1	NA	16	2502	0.259059
PCF11	NA	920	5912	6.30404
PCGEM1	NA	0	1590	0
PCGF1	NA	949	906	42.433
PCGF2	NA	1956	2604	30.4294
PCGF3	NA	1139	5665	8.14497
PCGF5	NA	16	8075	0.0802682
PCGF6	NA	797	2230	14.4784
PCID2	NA	1580	2677	23.9097
PCIF1	NA	449	2697	6.74421
PCK1	NA	8	2685	0.120701
PCK2	NA	2022	3317	24.6946
PCLO	NA	187	22303	0.33966
PCM1	NA	2955	8783	13.6295
PCMT1	NA	2264	1849	49.6027
PCMTD1	NA	248	4394	2.28643
PCMTD2	NA	895	3912	9.26809
PCNA	NA	10426	1442	292.899
PCNA-AS1	NA	1690	384	178.288
PCNAP1	NA	0	1054	0
PCNP	NA	2703	2239	48.9055
PCNT	NA	1214	10560	4.65715
PCNX	NA	1435	12919	4.49975
PCNXL2	NA	71	6817	0.421921
PCNXL3	NA	1957	6566	12.0741
PCNXL4	NA	1039	3932	10.7045
PCOLCE	NA	1552	1620	38.8099
PCOLCE-AS1	NA	234	2538	3.735
PCOLCE2	NA	141	2030	2.81377
PCP2	NA	12	836	0.581488
PCP4	NA	0	556	0
PCP4L1	NA	0	1424	0
PCSK1	NA	0	5243	0
PCSK1N	NA	17	1057	0.651538
PCSK2	NA	0	5051	0
PCSK4	NA	186	2703	2.78761
PCSK5	NA	8	12191	0.0265838
PCSK6	NA	27	6333	0.172711
PCSK7	NA	1454	3915	15.0452
PCSK9	NA	5	3892	0.0520431
PCTP	NA	260	2290	4.59943
PCYOX1	NA	914	5377	6.88608
PCYOX1L	NA	303	2567	4.7817
PCYT1A	NA	907	1583	23.2109
PCYT1B	NA	3	5842	0.020803
PCYT1B-AS1	NA	0	275	0
PCYT2	NA	2085	3901	21.6519
PDAP1	NA	5692	2687	85.815
PDC	NA	4	1325	0.122295
PDCD1	NA	4	2112	0.0767241
PDCD10	NA	1126	1568	29.091
PDCD11	NA	4256	6416	26.8722
PDCD1LG2	NA	0	2418	0
PDCD2	NA	2505	4443	22.8401
PDCD2L	NA	686	1157	24.0191
PDCD4	NA	1049	3698	11.4914
PDCD4-AS1	NA	233	2015	4.68432
PDCD5	NA	1105	604	74.1125
PDCD6	NA	3293	2064	64.632
PDCD6IP	NA	2550	6646	15.5434
PDCD6IPP2	NA	120	2100	2.31488
PDCD7	NA	1432	2851	20.3475
PDCL	NA	550	3085	7.22226
PDCL2	NA	0	861	0
PDCL3	NA	971	1075	36.5912
PDCL3P4	NA	318	983	13.1051
PDDC1	NA	1502	4362	13.9492
PDE10A	NA	1	8323	0.00486728
PDE11A	NA	408	9790	1.68828
PDE12	NA	1345	3993	13.6455
PDE1A	NA	0	6263	0
PDE1B	NA	1	3783	0.0107085
PDE1C	NA	9	6906	0.0527937
PDE2A	NA	12	4696	0.103519
PDE3A	NA	0	7610	0
PDE3B	NA	211	6090	1.40356
PDE4A	NA	989	5869	6.8265
PDE4B	NA	0	5837	0
PDE4C	NA	460	5811	3.20681
PDE4D	NA	43	11192	0.155642
PDE4DIP	NA	1389	13477	4.17518
PDE5A	NA	87	7217	0.488347
PDE6A	NA	6	5642	0.0430808
PDE6B	NA	8	3546	0.0913939
PDE6C	NA	10	2969	0.136444
PDE6D	NA	993	1971	20.4093
PDE6G	NA	7	1023	0.277197
PDE6H	NA	0	747	0
PDE7A	NA	762	6844	4.51036
PDE7B	NA	0	5387	0
PDE8A	NA	392	4094	3.87886
PDE8B	NA	43	4404	0.395537
PDE9A	NA	56	2215	1.02419
PDF	NA	1335	1158	46.7023
PDGFA	NA	242	2807	3.49252
PDGFB	NA	607	3432	7.16485
PDGFC	NA	321	3069	4.23715
PDGFD	NA	7	3993	0.0710174
PDGFRA	NA	13	6574	0.0801087
PDGFRB	NA	1009	5714	7.15347
PDGFRL	NA	249	1905	5.29505
PDHA1	NA	2935	3507	33.903
PDHA2	NA	1	1387	0.0292072
PDHB	NA	4989	1610	125.532
PDHX	NA	814	2988	11.0359
PDIA2	NA	15	1726	0.35206
PDIA3	NA	7527	3054	99.8433
PDIA3P1	NA	5352	2099	103.293
PDIA4	NA	6539	2952	89.7348
PDIA5	NA	334	1862	7.26662
PDIA6	NA	8031	3478	93.5418
PDIK1L	NA	254	4600	2.23688
PDILT	NA	0	2127	0
PDK1	NA	191	5825	1.32832
PDK2	NA	473	3392	5.64899
PDK3	NA	605	13136	1.86577
PDK4	NA	0	3700	0
PDLIM1	NA	6	1580	0.153837
PDLIM2	NA	458	5860	3.16617
PDLIM3	NA	317	3040	4.22427
PDLIM4	NA	1	2295	0.0176516
PDLIM5	NA	10	9180	0.0441289
PDLIM7	NA	6479	2277	115.269
PDP1	NA	268	4452	2.43863
PDP2	NA	787	7030	4.53508
PDPK1	NA	1267	7243	7.08637
PDPN	NA	0	2980	0
PDPR	NA	1307	7999	6.6192
PDRG1	NA	1348	1373	39.7727
PDS5A	NA	3779	7594	20.1591
PDS5B	NA	698	7498	3.77117
PDSS1	NA	337	1618	8.43757
PDSS2	NA	488	3552	5.56561
PDX1	NA	1	2573	0.0157444
PDX1-AS1	NA	1	2002	0.0202349
PDXDC1	NA	1993	6334	12.7466
PDXDC2P	NA	388	4182	3.75849
PDXK	NA	2619	7381	14.3743
PDXP	NA	1539	2005	31.095
PDYN	NA	0	3011	0
PDZD11	NA	957	1246	31.1143
PDZD2	NA	87	11642	0.302731
PDZD3	NA	0	2363	0
PDZD4	NA	736	4191	7.1142
PDZD7	NA	418	4420	3.83107
PDZD8	NA	739	6484	4.61708
PDZD9	NA	2	1331	0.060872
PDZK1	NA	10	2300	0.176132
PDZK1IP1	NA	0	894	0
PDZK1P1	NA	20	4258	0.190279
PDZRN3	NA	0	5361	0
PDZRN3-AS1	NA	0	2886	0
PDZRN4	NA	0	4094	0
PEA15	NA	1778	2796	25.7609
PEAK1	NA	442	11817	1.51524
PEAR1	NA	757	4866	6.30216
PEBP1	NA	7447	1491	202.334
PEBP4	NA	0	894	0
PECAM1	NA	5	4453	0.0454866
PECR	NA	19	1874	0.410724
PEF1	NA	1573	2217	28.7428
PEG10	NA	2292	6628	14.0087
PEG3	NA	1086	9030	4.87201
PEG3-AS1	NA	117	1314	3.60708
PELI1	NA	112	3767	1.20445
PELI2	NA	5	5696	0.0355603
PELI3	NA	320	2863	4.52788
PELO	NA	1084	2921	15.0336
PELP1	NA	7008	3756	75.5848
PEMT	NA	536	1264	17.1784
PENK	NA	0	1414	0
PEPD	NA	2779	2010	56.0091
PER1	NA	1907	4709	16.4054
PER2	NA	258	6342	1.64801
PER3	NA	1442	6386	9.1475
PER4	NA	0	1548	0
PERM1	NA	130	3454	1.52471
PERP	NA	257	4302	2.42007
PES1	NA	7661	2871	108.098
PET100	NA	449	429	42.3989
PET117	NA	672	1158	23.5086
PEX1	NA	725	4417	6.64931
PEX10	NA	1489	2074	29.0838
PEX11A	NA	162	2742	2.39339
PEX11B	NA	1007	2404	16.9692
PEX11G	NA	46	1139	1.63606
PEX12	NA	132	2683	1.99305
PEX13	NA	669	4515	6.00253
PEX14	NA	712	1926	14.9758
PEX16	NA	564	1908	11.9748
PEX19	NA	2296	3669	25.3507
PEX2	NA	576	4541	5.13851
PEX26	NA	1527	4331	14.2829
PEX3	NA	353	2772	5.15878
PEX5	NA	1490	4313	13.995
PEX5L	NA	10	9475	0.042755
PEX6	NA	595	3498	6.89069
PEX7	NA	108	1482	2.95217
PF4	NA	0	856	0
PF4V1	NA	0	741	0
PFAS	NA	2286	5385	17.1971
PFDN1	NA	3125	1324	95.6154
PFDN2	NA	2152	642	135.792
PFDN4	NA	1355	1346	40.7812
PFDN5	NA	2676	687	157.796
PFDN6	NA	1484	3665	16.4031
PFKFB1	NA	5	1885	0.107454
PFKFB2	NA	1958	9143	8.67541
PFKFB3	NA	704	4864	5.86334
PFKFB4	NA	220	3490	2.55366
PFKL	NA	1513	3412	17.9637
PFKM	NA	1392	3823	14.7503
PFKP	NA	2239	2969	30.5499
PFN1	NA	40023	1365	1187.8
PFN1P2	NA	23	1905	0.489101
PFN2	NA	5688	2106	109.413
PFN3	NA	0	530	0
PFN4	NA	32	1536	0.843965
PGA3	NA	2	1413	0.0573395
PGA4	NA	2	1413	0.0573395
PGA5	NA	4	1413	0.114679
PGAM1	NA	13980	1720	329.264
PGAM1P5	NA	1	2143	0.0189036
PGAM2	NA	30	857	1.4181
PGAM4	NA	3728	1678	90.0015
PGAM5	NA	2791	3254	34.7463
PGAP1	NA	195	11113	0.710836
PGAP2	NA	630	2905	8.78537
PGAP3	NA	189	2700	2.83572
PGBD1	NA	324	3135	4.18671
PGBD2	NA	227	2709	3.39455
PGBD3	NA	59	2266	1.05477
PGBD4	NA	81	2318	1.41559
PGBD5	NA	7	3354	0.0845475
PGC	NA	7	1813	0.156411
PGCP1	NA	0	608	0
PGD	NA	4377	2545	69.6714
PGF	NA	166	1911	3.51895
PGGT1B	NA	585	2727	8.69034
PGK1	NA	7945	2423	132.833
PGK2	NA	7	1690	0.167794
PGLS	NA	1641	1034	64.2915
PGLYRP1	NA	1	952	0.0425529
PGLYRP2	NA	1	1881	0.0215366
PGLYRP3	NA	0	1173	0
PGLYRP4	NA	0	2128	0
PGM1	NA	936	3353	11.3086
PGM2	NA	596	3238	7.4565
PGM2L1	NA	370	8513	1.7607
PGM3	NA	930	6361	5.92275
PGM5	NA	4	3338	0.0485444
PGM5-AS1	NA	0	763	0
PGM5P2	NA	7	1972	0.143799
PGM5P3-AS1	NA	0	810	0
PGM5P4-AS1	NA	0	1391	0
PGP	NA	1677	3136	21.6632
PGPEP1	NA	2456	7095	14.023
PGPEP1L	NA	122	1576	3.13595
PGR	NA	0	13037	0
PGRMC1	NA	7487	1919	158.052
PGRMC2	NA	2270	3790	24.2634
PGS1	NA	588	2378	10.0169
PHACTR1	NA	0	2881	0
PHACTR2	NA	2807	9776	11.6318
PHACTR3	NA	1	3379	0.0119889
PHACTR4	NA	1096	6492	6.83908
PHAX	NA	1870	3641	20.8059
PHB	NA	11225	2048	222.035
PHB2	NA	8755	1443	245.785
PHC1	NA	3857	5176	30.1871
PHC2	NA	1787	4175	17.3394
PHC3	NA	773	12687	2.46823
PHEX	NA	6	6169	0.0394006
PHEX-AS1	NA	0	1907	0
PHF1	NA	896	4590	7.9079
PHF10	NA	1544	1673	37.3867
PHF11	NA	228	1902	4.85613
PHF12	NA	1621	5821	11.2811
PHF13	NA	1910	3670	21.083
PHF14	NA	1289	8696	6.00481
PHF19	NA	1328	4774	11.2689
PHF2	NA	527	5349	3.9912
PHF20	NA	1624	5889	11.1715
PHF20L1	NA	544	8329	2.64589
PHF21A	NA	594	7342	3.27746
PHF21B	NA	362	3961	3.70228
PHF23	NA	3023	2182	56.1241
PHF24	NA	11	6058	0.0735579
PHF3	NA	1811	9256	7.92613
PHF5A	NA	2531	1065	96.2739
PHF6	NA	2901	4936	23.8089
PHF7	NA	93	2226	1.69248
PHF8	NA	1043	7232	5.84241
PHGDH	NA	1776	2015	35.7054
PHGR1	NA	0	435	0
PHIP	NA	1124	11966	3.80525
PHKA1	NA	921	6161	6.05584
PHKA2	NA	643	5325	4.89167
PHKA2-AS1	NA	104	1296	3.25083
PHKB	NA	546	5694	3.88455
PHKG1	NA	907	2226	16.5062
PHKG2	NA	1045	5510	7.68299
PHLDA1	NA	2839	5913	19.4502
PHLDA2	NA	115	920	5.06379
PHLDA3	NA	10962	2824	157.25
PHLDB1	NA	752	5811	5.24243
PHLDB2	NA	2	6624	0.0122314
PHLDB3	NA	922	2489	15.0062
PHLPP1	NA	268	6411	1.69346
PHLPP2	NA	350	9035	1.5693
PHOSPHO1	NA	96	2173	1.78969
PHOSPHO2	NA	116	1373	3.42258
PHOSPHO2-KLHL23	NA	491	4206	4.7291
PHOX2A	NA	2	1699	0.0476873
PHOX2B	NA	0	3030	0
PHPT1	NA	4171	1618	104.431
PHRF1	NA	2168	5563	15.7876
PHTF1	NA	602	3244	7.51764
PHTF2	NA	476	6593	2.92476
PHYH	NA	1137	1937	23.7792
PHYHD1	NA	250	2137	4.73916
PHYHIP	NA	19	3337	0.230655
PHYHIPL	NA	3	3732	0.0325646
PHYKPL	NA	551	2970	7.51555
PI15	NA	0	6732	0
PI16	NA	7	2332	0.1216
PI3	NA	1	554	0.0731234
PI4K2A	NA	1481	4187	14.3291
PI4K2B	NA	1032	3601	11.6097
PI4KA	NA	1992	6752	11.9515
PI4KAP1	NA	1441	2360	24.7353
PI4KAP2	NA	1557	2272	27.7617
PI4KB	NA	2230	4354	20.7483
PIANP	NA	511	3035	6.82069
PIAS1	NA	398	2280	7.07154
PIAS2	NA	835	7164	4.72168
PIAS3	NA	1173	2902	16.3744
PIAS4	NA	999	3207	12.6192
PIBF1	NA	365	3113	4.74985
PICALM	NA	3133	4337	29.2642
PICK1	NA	637	2207	11.6924
PID1	NA	0	2822	0
PIDD1	NA	1878	3008	25.292
PIEZO1	NA	1954	7833	10.1056
PIEZO2	NA	0	9713	0
PIF1	NA	425	2713	6.34607
PIFO	NA	0	2359	0
PIGA	NA	307	3626	3.42986
PIGB	NA	188	2197	3.46652
PIGBOS1	NA	158	1015	6.30604
PIGC	NA	2144	1500	57.9028
PIGF	NA	634	1133	22.6686
PIGG	NA	932	5170	7.30283
PIGH	NA	550	1438	15.4942
PIGK	NA	465	4625	4.07293
PIGL	NA	271	1152	9.52978
PIGM	NA	308	4322	2.8869
PIGN	NA	425	4875	3.53167
PIGO	NA	821	4209	7.90187
PIGP	NA	462	1236	15.1422
PIGQ	NA	1062	2985	14.4127
PIGR	NA	0	4275	0
PIGS	NA	1207	2873	17.0191
PIGT	NA	1223	2277	21.7585
PIGU	NA	729	1832	16.1201
PIGV	NA	129	2955	1.76847
PIGW	NA	601	2255	10.7968
PIGX	NA	631	3093	8.26448
PIGY	NA	2665	1356	79.6166
PIGZ	NA	61	2739	0.902202
PIH1D1	NA	1616	1246	52.5399
PIH1D2	NA	86	1455	2.39443
PIH1D3	NA	0	1927	0
PIK3AP1	NA	5	4811	0.0421018
PIK3C2A	NA	1723	8288	8.42173
PIK3C2B	NA	524	7606	2.79088
PIK3C2G	NA	0	4967	0
PIK3C3	NA	1053	3103	13.7471
PIK3CA	NA	370	3709	4.0412
PIK3CB	NA	868	6252	5.62428
PIK3CD	NA	1349	5411	10.0995
PIK3CD-AS1	NA	0	1823	0
PIK3CD-AS2	NA	100	958	4.22864
PIK3CG	NA	16	7359	0.0880779
PIK3IP1	NA	167	2473	2.73564
PIK3IP1-AS1	NA	1	422	0.0959961
PIK3R1	NA	228	7661	1.20563
PIK3R2	NA	2155	4015	21.7434
PIK3R3	NA	919	6271	5.93669
PIK3R4	NA	1175	5039	9.44625
PIK3R5	NA	6	4612	0.0527021
PIK3R6	NA	0	3563	0
PIKFYVE	NA	1408	10435	5.46608
PILRA	NA	45	1316	1.38523
PILRB	NA	629	1438	17.7198
PIM1	NA	7951	2709	118.899
PIM2	NA	536	2187	9.92846
PIM3	NA	4313	2379	73.4431
PIN1	NA	2357	1173	81.4006
PIN1P1	NA	20	996	0.813461
PIN4	NA	611	2582	9.5863
PIN4P1	NA	304	2346	5.24942
PINK1	NA	1091	2660	16.6153
PINK1-AS	NA	2014	4443	18.3632
PINLYP	NA	11	959	0.464665
PINX1	NA	1410	1570	36.3819
PIP	NA	0	576	0
PIP4K2A	NA	1338	3833	14.1411
PIP4K2B	NA	1999	5732	14.1277
PIP4K2C	NA	643	3219	8.092
PIP5K1A	NA	2986	3807	31.7741
PIP5K1B	NA	2	2941	0.0275487
PIP5K1C	NA	1610	6108	10.6781
PIP5K1P1	NA	19	4243	0.181404
PIP5KL1	NA	67	1708	1.58911
PIPOX	NA	2	2412	0.0335907
PIPSL	NA	1923	3776	20.6307
PIR	NA	409	1560	10.621
PIR-FIGF	NA	248	2582	3.891
PIRT	NA	0	3466	0
PISD	NA	2373	2679	35.8832
PISRT1	NA	0	531	0
PITHD1	NA	2343	1622	58.5177
PITPNA	NA	2674	3641	29.7513
PITPNA-AS1	NA	197	554	14.4053
PITPNB	NA	2651	3034	35.3965
PITPNC1	NA	441	6367	2.80588
PITPNM1	NA	1184	4226	11.3498
PITPNM2	NA	294	6941	1.7159
PITPNM3	NA	41	7151	0.232265
PITRM1	NA	3282	3490	38.096
PITRM1-AS1	NA	593	4076	5.89368
PITX1	NA	1388	2383	23.5956
PITX2	NA	0	4321	0
PITX3	NA	44	1388	1.28419
PIWIL1	NA	104	3648	1.1549
PIWIL2	NA	2	4099	0.019766
PIWIL3	NA	0	3801	0
PIWIL4	NA	0	3199	0
PJA1	NA	371	2880	5.21852
PJA2	NA	1789	4869	14.8846
PKD1	NA	2895	14138	8.29519
PKD1L1	NA	44	9075	0.196414
PKD1L2	NA	479	8230	2.35777
PKD1L3	NA	4	5195	0.0311918
PKD1P1	NA	3161	6295	20.342
PKD1P6	NA	2513	5250	19.3909
PKD2	NA	1932	5079	15.4097
PKD2L1	NA	8	3073	0.105461
PKD2L2	NA	37	2982	0.502643
PKDCC	NA	313	2501	5.06987
PKDREJ	NA	7	7660	0.0370199
PKHD1	NA	2	17407	0.00465449
PKHD1L1	NA	10	14017	0.0289009
PKI55	NA	311	3304	3.81317
PKIA	NA	0	4201	0
PKIA-AS1	NA	0	2011	0
PKIB	NA	15	2408	0.252348
PKIG	NA	380	1758	8.7565
PKLR	NA	47	3164	0.601765
PKM	NA	60603	3181	771.785
PKMYT1	NA	2610	2233	47.3497
PKN1	NA	1751	3136	22.6191
PKN2	NA	1503	6104	9.97494
PKN2-AS1	NA	24	3542	0.274491
PKN3	NA	683	3377	8.19324
PKNOX1	NA	382	5352	2.89143
PKNOX2	NA	5	3730	0.0543034
PKNOX2-AS1	NA	0	586	0
PKP1	NA	3	5447	0.0223115
PKP2	NA	121	4439	1.10425
PKP3	NA	61	2953	0.83682
PKP4	NA	1869	4771	15.8696
PLA1A	NA	0	1918	0
PLA2G10	NA	2	997	0.0812645
PLA2G12A	NA	848	5235	6.56213
PLA2G12B	NA	1	1092	0.0370974
PLA2G15	NA	362	2723	5.38551
PLA2G16	NA	244	1417	6.97567
PLA2G1B	NA	0	565	0
PLA2G2A	NA	1	1032	0.0392542
PLA2G2C	NA	0	453	0
PLA2G2D	NA	0	1970	0
PLA2G2E	NA	0	487	0
PLA2G2F	NA	0	2719	0
PLA2G3	NA	119	2699	1.78612
PLA2G4A	NA	1	2928	0.0138355
PLA2G4B	NA	139	2735	2.05884
PLA2G4C	NA	97	2567	1.53078
PLA2G4D	NA	38	3584	0.429518
PLA2G4E	NA	1	4779	0.00847674
PLA2G4E-AS1	NA	0	2499	0
PLA2G4F	NA	0	3492	0
PLA2G5	NA	1	1894	0.0213888
PLA2G6	NA	62	3269	0.768321
PLA2G7	NA	0	1983	0
PLA2R1	NA	7	6619	0.0428422
PLAA	NA	3621	4954	29.61
PLAC1	NA	2	1126	0.0719544
PLAC4	NA	0	10009	0
PLAC8	NA	2374	2049	46.9358
PLAC8L1	NA	9	725	0.502887
PLAC9	NA	3	673	0.180581
PLAG1	NA	18	7338	0.0993712
PLAGL1	NA	1136	4132	11.1374
PLAGL2	NA	1702	5656	12.1903
PLAT	NA	16	3173	0.204275
PLAU	NA	13944	2690	209.991
PLAUR	NA	479	2011	9.64916
PLB1	NA	34	5180	0.265898
PLBD1	NA	0	1932	0
PLBD1-AS1	NA	0	586	0
PLBD2	NA	460	2832	6.58007
PLCB1	NA	5	7207	0.0281049
PLCB2	NA	5938	5620	42.8026
PLCB3	NA	844	5728	5.96905
PLCB4	NA	78	5658	0.558467
PLCD1	NA	101	3200	1.27861
PLCD3	NA	1644	3468	19.2039
PLCD4	NA	90	3237	1.12633
PLCE1	NA	33	8342	0.160254
PLCE1-AS1	NA	2	1408	0.0575431
PLCE1-AS2	NA	0	2382	0
PLCG1	NA	2243	5205	17.4572
PLCG1-AS1	NA	174	1794	3.9291
PLCG2	NA	321	8707	1.49349
PLCH1	NA	377	6536	2.33666
PLCH2	NA	12	6844	0.0710292
PLCL1	NA	0	6608	0
PLCL2	NA	7	4352	0.0651591
PLCXD1	NA	879	10750	3.31243
PLCXD2	NA	0	2148	0
PLCXD2-AS1	NA	0	961	0
PLCXD3	NA	0	7739	0
PLCZ1	NA	0	2159	0
PLD1	NA	19	6025	0.12775
PLD2	NA	470	3496	5.44618
PLD3	NA	3800	2499	61.6004
PLD4	NA	4	2006	0.0807783
PLD5	NA	4	3441	0.0470914
PLD6	NA	826	2577	12.9847
PLEC	NA	8499	16463	20.9134
PLEK	NA	0	2852	0
PLEK2	NA	20	1460	0.554936
PLEKHA1	NA	469	4215	4.50756
PLEKHA2	NA	110	5640	0.790095
PLEKHA3	NA	202	2469	3.31433
PLEKHA4	NA	1516	3083	19.9201
PLEKHA5	NA	289	9582	1.22182
PLEKHA6	NA	31	7414	0.169385
PLEKHA7	NA	7	4808	0.0589793
PLEKHA8	NA	588	8804	2.7056
PLEKHA8P1	NA	125	1869	2.70936
PLEKHB1	NA	54	2892	0.756417
PLEKHB2	NA	1903	4472	17.2386
PLEKHD1	NA	2	1812	0.0447134
PLEKHF1	NA	819	1739	19.0788
PLEKHF2	NA	202	2965	2.75989
PLEKHG1	NA	19	7237	0.106356
PLEKHG2	NA	2137	7607	11.3804
PLEKHG3	NA	64	4639	0.558884
PLEKHG4	NA	1033	5089	8.22306
PLEKHG4B	NA	123	11515	0.43272
PLEKHG5	NA	790	5996	5.33742
PLEKHG6	NA	11	3580	0.124473
PLEKHG7	NA	1	3267	0.0123999
PLEKHH1	NA	234	6540	1.44945
PLEKHH2	NA	90	6954	0.524293
PLEKHH3	NA	1043	3252	12.9927
PLEKHJ1	NA	2706	1900	57.6952
PLEKHM1	NA	741	10598	2.83244
PLEKHM1P	NA	202	2922	2.80051
PLEKHM2	NA	2804	4122	27.5572
PLEKHM3	NA	575	9807	2.37519
PLEKHN1	NA	194	2436	3.22619
PLEKHO1	NA	537	2807	7.74993
PLEKHO2	NA	965	3721	10.5059
PLEKHS1	NA	0	4379	0
PLET1	NA	0	1541	0
PLG	NA	2	4218	0.0192083
PLGLA	NA	7	841	0.337185
PLGLB1	NA	21	3010	0.28263
PLGLB2	NA	21	3014	0.282255
PLGRKT	NA	714	997	29.0114
PLIN1	NA	5	2964	0.0683373
PLIN2	NA	3302	2098	63.7584
PLIN3	NA	3672	2340	63.5701
PLIN4	NA	116	6353	0.739682
PLIN5	NA	5	2441	0.082979
PLK1	NA	2352	2227	42.7842
PLK2	NA	135	2838	1.92702
PLK3	NA	1253	2358	21.5265
PLK4	NA	406	3995	4.11695
PLK5	NA	9	1933	0.188615
PLLP	NA	42	1497	1.13656
PLN	NA	0	1714	0
PLOD1	NA	2486	3031	33.2262
PLOD2	NA	1	4059	0.00998037
PLOD3	NA	1944	2977	26.4535
PLP1	NA	1	3200	0.0126595
PLP2	NA	1445	1048	55.8563
PLRG1	NA	2562	3358	30.9075
PLS1	NA	129	4128	1.26595
PLS3	NA	3111	4264	29.5562
PLS3-AS1	NA	38	2068	0.744387
PLSCR1	NA	3	2210	0.0549914
PLSCR2	NA	0	1808	0
PLSCR3	NA	890	2069	17.4259
PLSCR4	NA	0	3658	0
PLSCR5	NA	0	1969	0
PLTP	NA	8231	2224	149.928
PLVAP	NA	16	2304	0.281322
PLXDC1	NA	129	6252	0.835866
PLXDC2	NA	5	12263	0.0165173
PLXNA1	NA	1971	9066	8.80718
PLXNA2	NA	6	11443	0.0212411
PLXNA3	NA	850	6752	5.09979
PLXNA4	NA	0	15412	0
PLXNB1	NA	1246	7354	6.86373
PLXNB2	NA	6730	6335	43.0362
PLXNB3	NA	44	6377	0.279513
PLXNC1	NA	17	7589	0.0907466
PLXND1	NA	999	6977	5.80046
PM20D1	NA	1	2183	0.0185572
PM20D2	NA	794	4712	6.82623
PMAIP1	NA	7	1936	0.146473
PMCH	NA	85	757	4.54872
PMCHL1	NA	0	573	0
PMCHL2	NA	0	1842	0
PMEL	NA	349	2202	6.42058
PMEPA1	NA	326	5517	2.39376
PMF1	NA	956	1234	31.384
PMF1-BGLAP	NA	409	1001	16.5522
PMFBP1	NA	160	3787	1.71155
PML	NA	1449	7704	7.61935
PMM1	NA	872	1283	27.5331
PMM2	NA	1506	2323	26.2628
PMP2	NA	0	3566	0
PMP22	NA	66	2109	1.26775
PMPCA	NA	3682	2171	68.7052
PMPCB	NA	1756	3919	18.1516
PMS1	NA	837	3647	9.29727
PMS2	NA	622	2836	8.88485
PMS2CL	NA	309	1738	7.20236
PMS2P1	NA	305	1518	8.13943
PMS2P2	NA	92	639	5.83247
PMS2P3	NA	261	1501	7.0441
PMS2P4	NA	68	891	3.0917
PMS2P5	NA	320	3257	3.98014
PMS2P7	NA	60	668	3.63865
PMS2P9	NA	94	2332	1.63292
PMVK	NA	1280	1299	39.9178
PNCK	NA	3	1939	0.0626772
PNISR	NA	3030	3221	38.1081
PNKD	NA	1097	3745	11.8664
PNKP	NA	1229	1721	28.9292
PNLDC1	NA	2	1941	0.0417417
PNLIP	NA	0	1498	0
PNLIPRP1	NA	0	1527	0
PNLIPRP2	NA	1	1481	0.0273534
PNLIPRP3	NA	0	2308	0
PNMA1	NA	2534	2643	38.8396
PNMA2	NA	39	4846	0.326022
PNMA3	NA	0	3751	0
PNMA5	NA	1	3439	0.0117797
PNMA6A	NA	794	4556	7.05997
PNMAL1	NA	1791	3696	19.6304
PNMAL2	NA	0	4722	0
PNMT	NA	7	1048	0.270584
PNN	NA	5789	3606	65.0345
PNO1	NA	1870	1981	38.2404
PNOC	NA	0	1340	0
PNP	NA	19427	2421	325.07
PNPLA1	NA	0	2599	0
PNPLA2	NA	1128	2427	18.828
PNPLA3	NA	131	2805	1.89193
PNPLA4	NA	429	2901	5.99067
PNPLA5	NA	0	2540	0
PNPLA6	NA	1440	5028	11.602
PNPLA7	NA	58	4842	0.485254
PNPLA8	NA	390	4973	3.17696
PNPO	NA	2135	3465	24.9609
PNPT1	NA	2164	4613	19.0038
PNRC1	NA	1232	2133	23.3984
PNRC2	NA	4786	2414	80.3159
POC1A	NA	927	2267	16.5651
POC1B	NA	1576	3622	17.6268
POC1B-GALNT4	NA	910	5495	6.70872
POC5	NA	448	2241	8.09845
PODN	NA	0	3417	0
PODNL1	NA	90	3605	1.01135
PODXL	NA	71	5984	0.480654
PODXL2	NA	1040	2209	19.0723
POF1B	NA	0	4034	0
POFUT1	NA	1665	6135	10.9942
POFUT2	NA	941	4823	7.90384
POGK	NA	1664	3852	17.4998
POGLUT1	NA	311	3675	3.42822
POGZ	NA	2243	6626	13.7134
POLA1	NA	634	5439	4.72211
POLA2	NA	966	3654	10.7096
POLB	NA	358	1334	10.8716
POLD1	NA	1559	3545	17.8154
POLD2	NA	4508	2311	79.0223
POLD3	NA	945	4143	9.24023
POLD4	NA	964	1760	22.1886
POLDIP2	NA	6627	2734	98.1939
POLDIP3	NA	2825	3492	32.7725
POLE	NA	3118	8005	15.779
POLE2	NA	443	1945	9.22678
POLE3	NA	2769	2473	45.3591
POLE4	NA	1093	696	63.6175
POLG	NA	2798	4448	25.4829
POLG2	NA	451	1594	11.4618
POLH	NA	1297	8412	6.24607
POLI	NA	619	6058	4.1393
POLK	NA	282	4512	2.5319
POLL	NA	2006	2873	28.2853
POLM	NA	314	2869	4.43369
POLN	NA	70	3256	0.870922
POLQ	NA	574	8780	2.6484
POLR1A	NA	2463	6637	15.0334
POLR1B	NA	1583	5503	11.6533
POLR1C	NA	1046	1320	32.1014
POLR1D	NA	3270	3020	43.8638
POLR1E	NA	1083	1962	22.3612
POLR2A	NA	8999	6738	54.104
POLR2B	NA	3868	4223	37.1049
POLR2C	NA	3033	1804	68.1086
POLR2D	NA	2131	2325	37.1301
POLR2E	NA	6933	2866	97.9966
POLR2F	NA	1482	3273	18.3429
POLR2G	NA	1039	837	50.287
POLR2H	NA	1872	1770	42.8448
POLR2I	NA	1118	872	51.9387
POLR2J	NA	2557	976	106.132
POLR2J2	NA	1460	1987	29.766
POLR2J3	NA	1925	1680	46.4181
POLR2J4	NA	1163	6511	7.23599
POLR2K	NA	932	971	38.8832
POLR2L	NA	6990	876	323.25
POLR2M	NA	1016	4307	9.55619
POLR3A	NA	3618	6635	22.0899
POLR3B	NA	486	4414	4.46036
POLR3C	NA	1439	4013	14.5264
POLR3D	NA	1019	1929	21.3997
POLR3E	NA	1141	3731	12.3887
POLR3F	NA	680	2324	11.8533
POLR3G	NA	374	3285	4.61214
POLR3GL	NA	357	1165	12.4139
POLR3H	NA	4593	4580	40.6253
POLR3K	NA	1331	824	65.436
POLRMT	NA	3288	3800	35.0521
POM121	NA	5790	9209	25.4702
POM121C	NA	4945	5865	34.1558
POM121L10P	NA	247	9547	1.04808
POM121L12	NA	0	1270	0
POM121L1P	NA	23	3995	0.233226
POM121L2	NA	0	3170	0
POM121L4P	NA	1	2167	0.0186942
POM121L8P	NA	27	7712	0.141828
POM121L9P	NA	53	5224	0.410997
POMC	NA	0	1295	0
POMGNT1	NA	2126	3529	24.4049
POMGNT2	NA	509	2556	8.0672
POMK	NA	36	1623	0.898566
POMP	NA	2517	1461	69.7909
POMT1	NA	397	3386	4.74974
POMT2	NA	895	4874	7.43881
POMZP3	NA	312	1552	8.14383
PON1	NA	1	1752	0.0231223
PON2	NA	648	1654	15.871
PON3	NA	0	1191	0
POP1	NA	957	4771	8.12584
POP4	NA	837	2594	13.0714
POP5	NA	697	801	35.2506
POP7	NA	1960	932	85.1934
POPDC2	NA	3	1769	0.0687004
POPDC3	NA	164	1911	3.47655
POR	NA	1638	2499	26.553
PORCN	NA	251	2122	4.79175
POSTN	NA	11	3380	0.131838
POT1	NA	564	4299	5.31468
POT1-AS1	NA	0	4156	0
POTEA	NA	0	1976	0
POTEB	NA	0	3374	0
POTEB2	NA	0	3374	0
POTEB3	NA	0	5034	0
POTEC	NA	0	2243	0
POTED	NA	0	1826	0
POTEE	NA	2860	3440	33.6801
POTEF	NA	329	4337	3.07307
POTEG	NA	1	1975	0.0205116
POTEH	NA	1	2037	0.0198873
POTEH-AS1	NA	2	2984	0.0271517
POTEI	NA	2837	3228	35.6034
POTEJ	NA	2851	3277	35.2441
POTEKP	NA	0	621	0
POTEM	NA	36	6666	0.218778
POU1F1	NA	0	1340	0
POU2AF1	NA	40	3031	0.534613
POU2F1	NA	1307	14269	3.71063
POU2F2	NA	180	7185	1.01487
POU2F3	NA	1	3081	0.0131484
POU3F1	NA	32	2928	0.442736
POU3F2	NA	0	4087	0
POU3F3	NA	0	4506	0
POU3F4	NA	0	1507	0
POU4F1	NA	12	3814	0.127458
POU4F2	NA	0	3141	0
POU4F3	NA	1	1182	0.0342727
POU5F1	NA	19	18423	0.0417791
POU5F1B	NA	29	1585	0.741199
POU5F1P3	NA	4	1084	0.149485
POU5F1P4	NA	1	1083	0.0374057
POU5F1P5	NA	0	937	0
POU5F2	NA	1	1295	0.0312821
POU6F1	NA	51	5301	0.389743
POU6F2	NA	0	2324	0
POU6F2-AS1	NA	0	380	0
PP12613	NA	0	2224	0
PP14571	NA	11	2017	0.220929
PP2D1	NA	126	2447	2.08594
PP7080	NA	593	1743	13.7823
PPA1	NA	3736	1302	116.242
PPA2	NA	2035	1673	49.2759
PPAN	NA	1629	1728	38.1894
PPAN-P2RY11	NA	2593	3269	32.1332
PPAP2A	NA	505	1823	11.222
PPAP2B	NA	41	3308	0.502093
PPAP2C	NA	8	1532	0.211542
PPAPDC1A	NA	2	1521	0.053268
PPAPDC1B	NA	310	2625	4.78408
PPAPDC2	NA	549	2979	7.46565
PPAPDC3	NA	57	2095	1.10219
PPARA	NA	83	10049	0.334596
PPARD	NA	665	4460	6.04022
PPARG	NA	0	2263	0
PPARGC1A	NA	1	6318	0.00641189
PPARGC1B	NA	296	10827	1.10751
PPAT	NA	1959	3702	21.437
PPBP	NA	0	1307	0
PPBPP2	NA	0	1362	0
PPCDC	NA	336	2422	5.61993
PPCS	NA	955	3112	12.4317
PPDPF	NA	2764	777	144.106
PPEF1	NA	0	2872	0
PPEF1-AS1	NA	0	491	0
PPEF2	NA	1	3413	0.0118694
PPFIA1	NA	1272	5662	9.10087
PPFIA2	NA	0	6568	0
PPFIA3	NA	1737	4742	14.839
PPFIA4	NA	108	6478	0.675381
PPFIBP1	NA	744	6170	4.88488
PPFIBP2	NA	162	4041	1.62402
PPHLN1	NA	1565	4585	13.8274
PPIA	NA	34620	2445	573.606
PPIAL4A	NA	310	1570	7.99886
PPIAL4C	NA	310	1570	7.99886
PPIAL4D	NA	10	785	0.516055
PPIAL4E	NA	10	785	0.516055
PPIAL4F	NA	10	785	0.516055
PPIAL4G	NA	1302	738	71.4695
PPIAP30	NA	9	626	0.582417
PPIB	NA	12485	1028	491.996
PPIC	NA	249	1236	8.16106
PPID	NA	674	1834	14.8877
PPIE	NA	1025	4737	8.76569
PPIEL	NA	22	2637	0.33797
PPIF	NA	2782	2200	51.2272
PPIG	NA	2757	2706	41.2738
PPIH	NA	545	800	27.5977
PPIL1	NA	2941	1736	68.6296
PPIL2	NA	1520	4102	15.0111
PPIL3	NA	485	1272	15.4462
PPIL4	NA	1638	2534	26.1862
PPIL6	NA	117	4326	1.09563
PPIP5K1	NA	517	5927	3.53363
PPIP5K2	NA	718	6244	4.6583
PPL	NA	2435	6238	15.8132
PPM1A	NA	1064	11414	3.77633
PPM1B	NA	958	5389	7.2015
PPM1D	NA	1251	4777	10.6088
PPM1E	NA	184	6545	1.13887
PPM1F	NA	1443	5185	11.2741
PPM1G	NA	7306	2302	128.57
PPM1H	NA	4412	6200	28.8277
PPM1J	NA	247	1714	5.83784
PPM1K	NA	418	6590	2.56955
PPM1L	NA	4	3056	0.053024
PPM1M	NA	44	2342	0.761082
PPM1N	NA	129	1714	3.04891
PPME1	NA	11154	2755	164.012
PPOX	NA	198	1768	4.53679
PPP1CA	NA	4725	1503	127.353
PPP1CB	NA	3995	4998	32.3807
PPP1CC	NA	6663	2511	107.495
PPP1R10	NA	2305	29962	3.11649
PPP1R11	NA	1361	12705	4.3396
PPP1R12A	NA	1220	5944	8.31471
PPP1R12B	NA	193	11990	0.652085
PPP1R12C	NA	1806	2965	24.6751
PPP1R13B	NA	227	4959	1.85438
PPP1R13L	NA	614	3178	7.82673
PPP1R14A	NA	857	777	44.6813
PPP1R14B	NA	2762	987	113.363
PPP1R14C	NA	3	2211	0.0549665
PPP1R14D	NA	1	873	0.0464036
PPP1R15A	NA	4649	2383	79.0317
PPP1R15B	NA	2358	5276	18.1053
PPP1R16A	NA	996	2274	17.7433
PPP1R16B	NA	6	6251	0.0388837
PPP1R17	NA	0	1966	0
PPP1R18	NA	6192	30377	8.25756
PPP1R1A	NA	0	1834	0
PPP1R1B	NA	88	2053	1.73644
PPP1R1C	NA	1	3948	0.010261
PPP1R2	NA	1066	3473	12.4342
PPP1R21	NA	195	3215	2.45708
PPP1R26	NA	333	4932	2.73519
PPP1R26-AS1	NA	30	2927	0.415207
PPP1R27	NA	6	799	0.304208
PPP1R2P3	NA	182	1991	3.7031
PPP1R2P9	NA	0	870	0
PPP1R32	NA	10	1539	0.263225
PPP1R35	NA	905	930	39.4213
PPP1R36	NA	4	1406	0.11525
PPP1R37	NA	719	2952	9.86685
PPP1R3A	NA	2	4296	0.0188596
PPP1R3B	NA	2437	5859	16.8499
PPP1R3C	NA	198	2573	3.11739
PPP1R3D	NA	20	3466	0.233758
PPP1R3E	NA	322	4495	2.90196
PPP1R3F	NA	109	3430	1.28735
PPP1R3G	NA	7	1736	0.163348
PPP1R42	NA	11	1083	0.411462
PPP1R7	NA	1166	2966	15.9255
PPP1R8	NA	2094	2852	29.7436
PPP1R9A	NA	367	10543	1.41016
PPP1R9B	NA	1831	4051	18.3102
PPP2CA	NA	8324	2643	127.585
PPP2CB	NA	2646	1970	54.4113
PPP2R1A	NA	7158	2509	115.573
PPP2R1B	NA	7806	5877	53.807
PPP2R2A	NA	1688	4007	17.0655
PPP2R2B	NA	1	3603	0.0112435
PPP2R2B-IT1	NA	0	447	0
PPP2R2C	NA	38	5127	0.300252
PPP2R2D	NA	1010	5253	7.78897
PPP2R3A	NA	45	7281	0.250373
PPP2R3B	NA	1317	4852	10.9959
PPP2R3C	NA	453	2068	8.87388
PPP2R4	NA	5258	3034	70.2055
PPP2R5A	NA	1320	3415	15.6585
PPP2R5B	NA	226	2750	3.32921
PPP2R5C	NA	1239	5035	9.96868
PPP2R5D	NA	2356	3064	31.1496
PPP2R5E	NA	1614	4225	15.4754
PPP3CA	NA	18	4676	0.155942
PPP3CB	NA	1326	4645	11.5644
PPP3CB-AS1	NA	63	3095	0.824605
PPP3CC	NA	135	2348	2.32917
PPP3R1	NA	2103	3011	28.294
PPP3R2	NA	0	3387	0
PPP4C	NA	2866	1486	78.131
PPP4R1	NA	2140	4099	21.1496
PPP4R1-AS1	NA	6	587	0.414075
PPP4R1L	NA	75	2398	1.267
PPP4R2	NA	569	1462	15.7663
PPP4R4	NA	69	4321	0.64689
PPP5C	NA	1925	2232	34.9384
PPP5D1	NA	9	1241	0.29379
PPP6C	NA	2247	4350	20.9257
PPP6R1	NA	6108	3637	68.0333
PPP6R2	NA	1427	4109	14.0687
PPP6R3	NA	2712	5228	21.0145
PPRC1	NA	2745	5374	20.6924
PPT1	NA	7661	2504	123.942
PPT2	NA	1153	16913	2.76169
PPT2-EGFL8	NA	815	20145	1.63891
PPTC7	NA	360	3748	3.89107
PPWD1	NA	890	2206	16.3437
PPY	NA	10	457	0.886441
PPY2P	NA	0	657	0
PQBP1	NA	1211	1295	37.8826
PQLC1	NA	1868	2544	29.7458
PQLC2	NA	951	3461	11.1313
PQLC2L	NA	0	2755	0
PQLC3	NA	259	1956	5.3641
PRAC1	NA	9	383	0.95194
PRAC2	NA	62	657	3.82289
PRADC1	NA	248	1083	9.27661
PRAF2	NA	2041	1310	63.1157
PRAM1	NA	4	2209	0.0733551
PRAME	NA	87	3214	1.09658
PRAMEF1	NA	392	2436	6.5189
PRAMEF10	NA	64	3050	0.850053
PRAMEF11	NA	463	1689	11.105
PRAMEF12	NA	1021	1778	23.2627
PRAMEF14	NA	794	4328	7.43189
PRAMEF15	NA	1228	3724	13.3584
PRAMEF16	NA	6	1586	0.153255
PRAMEF17	NA	13	3158	0.166762
PRAMEF19	NA	56	4246	0.534286
PRAMEF2	NA	408	1642	10.0659
PRAMEF20	NA	151	3194	1.91517
PRAMEF22	NA	14	1446	0.392216
PRAMEF26	NA	599	1785	13.5942
PRAMEF4	NA	515	1840	11.3385
PRAMEF5	NA	592	1855	12.9284
PRAMEF6	NA	594	1720	13.9902
PRAMEF7	NA	673	1558	17.499
PRAMEF8	NA	673	1558	17.499
PRAMEF9	NA	549	1436	15.4876
PRAP1	NA	63	777	3.28462
PRB1	NA	0	1173	0
PRB2	NA	0	1428	0
PRB3	NA	0	1101	0
PRB4	NA	0	918	0
PRC1	NA	2151	3190	27.3159
PRC1-AS1	NA	386	1528	10.2336
PRCAT47	NA	4	2333	0.0694562
PRCC	NA	2593	2123	49.4787
PRCD	NA	30	2242	0.542065
PRCP	NA	1563	2206	28.7025
PRDM1	NA	2	5398	0.0150094
PRDM10	NA	279	6574	1.71926
PRDM11	NA	182	11334	0.65051
PRDM12	NA	15	2492	0.243842
PRDM13	NA	54	3204	0.682758
PRDM14	NA	0	2344	0
PRDM15	NA	369	7778	1.92187
PRDM16	NA	837	8723	3.8871
PRDM2	NA	719	9583	3.03944
PRDM4	NA	2230	4187	21.5758
PRDM5	NA	98	5349	0.742197
PRDM6	NA	5	3027	0.066915
PRDM7	NA	7	3222	0.0880113
PRDM8	NA	27	4219	0.259251
PRDM9	NA	2	3691	0.0219509
PRDX1	NA	23822	1348	715.903
PRDX2	NA	6971	1038	272.059
PRDX3	NA	5227	1629	129.986
PRDX4	NA	1468	921	64.5702
PRDX5	NA	2517	905	112.668
PRDX6	NA	9200	1670	223.171
PREB	NA	2399	2164	44.9096
PRELID1	NA	4558	1273	145.048
PRELID2	NA	94	5083	0.749158
PRELP	NA	0	5819	0
PREP	NA	1974	2943	27.1721
PREPL	NA	1718	7373	9.43941
PREX1	NA	211	6633	1.28866
PREX2	NA	0	5414	0
PRF1	NA	12	2534	0.191841
PRG1	NA	11	493	0.903882
PRG2	NA	0	1544	0
PRG3	NA	0	869	0
PRG4	NA	349	5050	2.79963
PRH1	NA	226	1174	7.79841
PRH1-PRR4	NA	269	1645	6.62449
PRH2	NA	37	4323	0.346723
PRICKLE1	NA	113	4798	0.954078
PRICKLE2	NA	2	8322	0.00973572
PRICKLE2-AS1	NA	0	6505	0
PRICKLE2-AS2	NA	0	798	0
PRICKLE2-AS3	NA	0	3091	0
PRICKLE3	NA	1264	2890	17.718
PRICKLE4	NA	104	1646	2.55958
PRIM1	NA	350	1462	9.6981
PRIM2	NA	1130	2723	16.8111
PRIMA1	NA	1	3650	0.0110987
PRIMPOL	NA	220	2296	3.88165
PRKAA1	NA	859	5130	6.78331
PRKAA2	NA	2	9352	0.00866346
PRKAB1	NA	1350	2401	22.7776
PRKAB2	NA	652	5462	4.83573
PRKACA	NA	3108	3408	36.9443
PRKACB	NA	392	6629	2.39554
PRKACG	NA	0	1591	0
PRKAG1	NA	1170	1964	24.1329
PRKAG2	NA	2988	4446	27.2256
PRKAG2-AS1	NA	9	791	0.460927
PRKAG3	NA	0	2299	0
PRKAR1A	NA	4436	5235	34.3274
PRKAR1B	NA	2111	2977	28.726
PRKAR2A	NA	355	2381	6.03997
PRKAR2A-AS1	NA	22	3468	0.256986
PRKAR2B	NA	1823	3661	20.1722
PRKCA	NA	2027	8770	9.36311
PRKCA-AS1	NA	1	1356	0.0298749
PRKCB	NA	0	8014	0
PRKCD	NA	474	2835	6.77316
PRKCDBP	NA	874	1037	34.1428
PRKCE	NA	126	5520	0.924692
PRKCG	NA	189	3128	2.44772
PRKCH	NA	3	3860	0.0314847
PRKCI	NA	1664	4884	13.802
PRKCQ	NA	23	3285	0.283634
PRKCQ-AS1	NA	216	2253	3.88381
PRKCSH	NA	4572	2778	66.6714
PRKCZ	NA	916	3079	12.0518
PRKD1	NA	2	3677	0.0220344
PRKD2	NA	1261	3920	13.0315
PRKD3	NA	355	5902	2.43666
PRKDC	NA	12759	13508	38.2641
PRKG1	NA	3783	7122	21.5179
PRKG1-AS1	NA	1277	2253	22.9613
PRKG2	NA	0	5004	0
PRKRA	NA	936	2172	17.4575
PRKRIP1	NA	1068	2181	19.8372
PRKRIR	NA	2530	3417	29.9945
PRKX	NA	648	6084	4.31471
PRKX-AS1	NA	0	514	0
PRKXP1	NA	227	11532	0.79742
PRKY	NA	376	7217	2.11056
PRL	NA	0	1455	0
PRLH	NA	0	264	0
PRLHR	NA	0	1980	0
PRLR	NA	1	12338	0.00328338
PRM1	NA	0	409	0
PRM2	NA	0	774	0
PRM3	NA	0	397	0
PRMT1	NA	5129	1568	132.511
PRMT2	NA	1748	7953	8.90382
PRMT3	NA	968	2733	14.3483
PRMT5	NA	5867	2616	90.854
PRMT5-AS1	NA	2242	2104	43.1674
PRMT6	NA	3151	2650	48.1691
PRMT7	NA	656	3097	8.58081
PRMT8	NA	0	2497	0
PRMT9	NA	425	3528	4.88007
PRNCR1	NA	746	12722	2.37547
PRND	NA	0	4038	0
PRNP	NA	2051	2964	28.0319
PRNT	NA	0	2333	0
PRO1804	NA	1	2038	0.0198775
PROB1	NA	44	3251	0.548279
PROC	NA	1	1780	0.0227586
PROCA1	NA	130	2151	2.44832
PROCR	NA	35995	1484	982.594
PRODH	NA	129	2408	2.1702
PRODH2	NA	0	1677	0
PROK1	NA	1	1372	0.0295265
PROK2	NA	0	1613	0
PROKR1	NA	0	1182	0
PROKR2	NA	0	1155	0
PROL1	NA	0	1099	0
PROM1	NA	0	4307	0
PROM2	NA	7	4732	0.0599265
PROP1	NA	9	1464	0.249039
PRORSD1P	NA	6	2153	0.112895
PRORY	NA	0	858	0
PROS1	NA	267	3580	3.0213
PROSC	NA	1196	2569	18.8596
PROSER1	NA	994	5169	7.79015
PROSER2	NA	206	3333	2.50379
PROSER2-AS1	NA	2	3156	0.0256719
PROSER3	NA	216	2146	4.07746
PROX1	NA	0	8721	0
PROX1-AS1	NA	0	3399	0
PROX2	NA	13	3878	0.135801
PROZ	NA	17	1555	0.442878
PRPF18	NA	460	1705	10.9295
PRPF19	NA	8661	2340	149.94
PRPF3	NA	1569	2463	25.8062
PRPF31	NA	2430	2183	45.094
PRPF38A	NA	1816	2772	26.5392
PRPF38B	NA	1781	3756	19.209
PRPF39	NA	701	2868	9.90158
PRPF4	NA	1974	2924	27.3486
PRPF40A	NA	6428	7528	34.5909
PRPF40B	NA	253	3887	2.63677
PRPF4B	NA	2475	7482	13.4006
PRPF6	NA	2267	3101	29.6153
PRPF8	NA	11440	7295	63.5282
PRPH	NA	51	1833	1.12713
PRPH2	NA	5	3027	0.066915
PRPS1	NA	3351	2156	62.9639
PRPS1L1	NA	32	1087	1.19258
PRPS2	NA	1862	2540	29.6969
PRPSAP1	NA	926	2359	15.9019
PRPSAP2	NA	1545	2151	29.0974
PRR11	NA	1204	6473	7.53506
PRR12	NA	1131	6943	6.59905
PRR13	NA	6068	1195	205.704
PRR14	NA	823	2118	15.7413
PRR14L	NA	1044	10828	3.90587
PRR15	NA	0	1678	0
PRR15L	NA	5	1517	0.133521
PRR16	NA	1	2272	0.0178303
PRR18	NA	12	2704	0.17978
PRR19	NA	294	1530	7.78434
PRR20A	NA	120	9235	0.526393
PRR20B	NA	120	9235	0.526393
PRR20C	NA	120	9235	0.526393
PRR20D	NA	120	9235	0.526393
PRR20E	NA	120	9235	0.526393
PRR21	NA	0	1170	0
PRR22	NA	181	1392	5.26751
PRR23A	NA	1	2307	0.0175597
PRR23B	NA	0	1896	0
PRR23C	NA	1	2791	0.0145146
PRR23D1	NA	1	1588	0.0255103
PRR23D2	NA	1	1587	0.0255264
PRR25	NA	7	1209	0.234551
PRR26	NA	2	4512	0.0179567
PRR27	NA	0	4797	0
PRR29	NA	29	3107	0.378114
PRR3	NA	889	21914	1.64341
PRR30	NA	0	2063	0
PRR32	NA	0	1227	0
PRR34	NA	0	1836	0
PRR34-AS1	NA	0	1635	0
PRR35	NA	46	2217	0.840539
PRR36	NA	286	4517	2.56497
PRR4	NA	42	564	3.01673
PRR5	NA	633	3109	8.248
PRR5-ARHGAP8	NA	457	2161	8.56697
PRR5L	NA	6	4214	0.0576796
PRR7	NA	620	1563	16.0694
PRR7-AS1	NA	9	1600	0.227871
PRR9	NA	0	1229	0
PRRC1	NA	1260	4698	10.8648
PRRC2A	NA	8262	46602	7.18202
PRRC2B	NA	5616	11059	20.572
PRRC2C	NA	5483	10384	21.3904
PRRG1	NA	0	6092	0
PRRG2	NA	7	1393	0.20357
PRRG3	NA	0	1662	0
PRRG4	NA	13	5538	0.0950947
PRRT1	NA	155	15168	0.41397
PRRT2	NA	364	3156	4.67229
PRRT3	NA	249	3761	2.68202
PRRT3-AS1	NA	12	614	0.791733
PRRT4	NA	15	3545	0.171412
PRRX1	NA	72	4071	0.716469
PRRX2	NA	164	1309	5.0754
PRRX2-AS1	NA	2	502	0.161396
PRSS1	NA	0	817	0
PRSS12	NA	12	4573	0.106303
PRSS16	NA	175	2865	2.47445
PRSS21	NA	3	1168	0.104051
PRSS22	NA	24	1386	0.701478
PRSS23	NA	1839	11431	6.51723
PRSS27	NA	46	1462	1.27461
PRSS3	NA	1	1230	0.0329352
PRSS30P	NA	48	2963	0.656259
PRSS33	NA	322	1694	7.70031
PRSS35	NA	1	2606	0.015545
PRSS36	NA	22	2839	0.313923
PRSS37	NA	5	1197	0.169216
PRSS38	NA	0	1243	0
PRSS3P2	NA	0	862	0
PRSS41	NA	3	957	0.126992
PRSS42	NA	0	882	0
PRSS45	NA	0	946	0
PRSS46	NA	0	984	0
PRSS48	NA	0	987	0
PRSS50	NA	1	1347	0.0300745
PRSS53	NA	127	2028	2.53689
PRSS54	NA	75	1810	1.67861
PRSS55	NA	0	1353	0
PRSS56	NA	2	2157	0.0375617
PRSS57	NA	5	1078	0.187896
PRSS58	NA	0	918	0
PRSS8	NA	64	1940	1.33642
PRTFDC1	NA	575	1984	11.7406
PRTG	NA	562	12112	1.87969
PRTN3	NA	3	1001	0.12141
PRUNE	NA	598	3083	7.85766
PRUNE2	NA	1	13275	0.00305163
PRX	NA	540	5506	3.97304
PRY	NA	0	1238	0
PRY2	NA	0	1238	0
PSAP	NA	21032	2834	300.64
PSAPL1	NA	1	4680	0.00865605
PSAT1	NA	6861	2256	123.201
PSCA	NA	4	1284	0.1262
PSD	NA	57	4708	0.490461
PSD2	NA	8	4510	0.0718587
PSD3	NA	5	11828	0.0171248
PSD4	NA	9	5039	0.0723542
PSEN1	NA	1024	6090	6.81159
PSEN2	NA	544	2298	9.58991
PSENEN	NA	1486	834	72.1803
PSG1	NA	6793	2979	92.3755
PSG10P	NA	428	1742	9.95317
PSG11	NA	1090	1609	27.4433
PSG2	NA	1277	1612	32.0916
PSG3	NA	7996	1908	169.77
PSG4	NA	3423	2168	63.9607
PSG5	NA	2669	1640	65.9281
PSG6	NA	1710	1843	37.5869
PSG7	NA	1891	2038	37.5883
PSG8	NA	4223	2131	80.2793
PSG9	NA	19047	1740	443.448
PSIP1	NA	3868	3964	39.5293
PSKH1	NA	1280	3481	14.8961
PSKH2	NA	0	1158	0
PSMA1	NA	6374	2057	125.529
PSMA2	NA	5152	1464	142.561
PSMA3	NA	1040	998	42.2152
PSMA3-AS1	NA	465	2608	7.22289
PSMA4	NA	5310	1221	176.175
PSMA5	NA	6513	3864	68.2826
PSMA6	NA	3748	1283	118.342
PSMA7	NA	8132	1032	319.215
PSMA8	NA	0	1899	0
PSMB1	NA	7738	917	341.842
PSMB10	NA	519	1006	20.8995
PSMB11	NA	0	1894	0
PSMB2	NA	8185	4845	68.437
PSMB3	NA	2991	796	152.219
PSMB4	NA	5185	925	227.077
PSMB5	NA	8224	1454	229.131
PSMB6	NA	3851	872	178.905
PSMB7	NA	7847	1015	313.187
PSMB8	NA	94	14174	0.268659
PSMB8-AS1	NA	551	12688	1.75924
PSMB9	NA	191	8312	0.93088
PSMC1	NA	4376	1586	111.774
PSMC2	NA	2776	3210	35.0332
PSMC3	NA	7529	1580	193.039
PSMC3IP	NA	1035	1980	21.1759
PSMC4	NA	5643	1914	119.436
PSMC5	NA	3505	1600	88.743
PSMC6	NA	1351	1593	34.3562
PSMD1	NA	8017	3325	97.6756
PSMD10	NA	960	1574	24.7077
PSMD11	NA	4602	4018	46.3983
PSMD12	NA	2882	1797	64.9698
PSMD13	NA	3586	1842	78.8654
PSMD14	NA	2515	1717	59.3381
PSMD2	NA	7356	3165	94.1529
PSMD3	NA	5263	2187	97.4878
PSMD4	NA	3881	1331	118.122
PSMD5	NA	705	3479	8.20919
PSMD5-AS1	NA	128	3798	1.36528
PSMD6	NA	4064	1841	89.4264
PSMD6-AS2	NA	19	2549	0.30196
PSMD7	NA	2335	1670	56.6417
PSMD8	NA	5480	1539	144.247
PSMD9	NA	1854	2352	31.9329
PSME1	NA	514	1181	17.6311
PSME2	NA	2551	829	124.658
PSME3	NA	5939	3803	63.2634
PSME4	NA	3095	7099	17.6616
PSMF1	NA	3473	3842	36.6196
PSMG1	NA	2397	1140	85.1783
PSMG2	NA	830	1159	29.0109
PSMG3	NA	1948	1411	55.9278
PSMG3-AS1	NA	212	6062	1.41673
PSMG4	NA	949	1042	36.8947
PSORS1C1	NA	3	5292	0.022965
PSORS1C2	NA	1	6532	0.00620183
PSORS1C3	NA	1	4151	0.00975918
PSPC1	NA	3797	3142	48.9554
PSPH	NA	1181	2118	22.5886
PSPN	NA	25	471	2.15023
PSRC1	NA	734	1774	16.7613
PSTK	NA	172	1706	4.08428
PSTPIP1	NA	2	1855	0.0436769
PSTPIP2	NA	2114	3024	28.3197
PTAFR	NA	63	4533	0.563016
PTAR1	NA	450	10051	1.81372
PTBP1	NA	10319	3281	127.408
PTBP2	NA	386	3858	4.05313
PTBP3	NA	5402	8234	26.5772
PTCD1	NA	2452	5505	18.0438
PTCD2	NA	291	2109	5.58962
PTCD3	NA	2375	6734	14.2875
PTCH1	NA	445	8999	2.00323
PTCH2	NA	178	4634	1.55607
PTCHD1	NA	1	5291	0.00765646
PTCHD1-AS	NA	0	557	0
PTCHD2	NA	15	5214	0.116543
PTCHD3	NA	0	2528	0
PTCHD4	NA	431	5177	3.3726
PTCRA	NA	1	1170	0.0346242
PTCSC3	NA	0	1152	0
PTDSS1	NA	1655	2562	26.1689
PTDSS2	NA	1408	2445	23.3287
PTEN	NA	1011	8861	4.62205
PTENP1	NA	493	3917	5.0987
PTENP1-AS	NA	3	872	0.13937
PTER	NA	0	3905	0
PTF1A	NA	0	1333	0
PTGDR	NA	0	3033	0
PTGDR2	NA	691	2910	9.61946
PTGDS	NA	8	812	0.399117
PTGER1	NA	28	1421	0.798233
PTGER2	NA	17	2478	0.277916
PTGER3	NA	3	10280	0.0118221
PTGER4	NA	1	3416	0.011859
PTGER4P2-CDK2AP2P2	NA	3	3705	0.0328019
PTGES	NA	391	1787	8.86376
PTGES2	NA	2069	2424	34.5775
PTGES2-AS1	NA	13	2106	0.250064
PTGES3	NA	13122	3399	156.392
PTGES3L	NA	30	2006	0.605838
PTGES3L-AARSD1	NA	1011	2273	18.0185
PTGFR	NA	0	5431	0
PTGFRN	NA	2279	6312	14.6266
PTGIR	NA	74	2086	1.43709
PTGIS	NA	759	5603	5.48766
PTGR1	NA	5	1578	0.12836
PTGR2	NA	170	2681	2.56873
PTGS1	NA	6	5697	0.0426649
PTGS2	NA	1	4493	0.00901632
PTH	NA	0	814	0
PTH1R	NA	80	2146	1.51017
PTH2	NA	12	459	1.05909
PTH2R	NA	1	3108	0.0130342
PTHLH	NA	1	2639	0.0153506
PTK2	NA	4165	4670	36.1297
PTK2B	NA	131	4805	1.10444
PTK6	NA	19	2525	0.30483
PTK7	NA	5130	4446	46.7427
PTMA	NA	27483	1207	922.407
PTMS	NA	7211	1150	254.017
PTN	NA	0	1545	0
PTOV1	NA	1671	1917	35.3118
PTOV1-AS1	NA	459	2148	8.65654
PTOV1-AS2	NA	531	1101	19.5377
PTP4A1	NA	11177	5089	88.9731
PTP4A2	NA	7799	3929	80.4123
PTP4A3	NA	639	2785	9.29483
PTPDC1	NA	246	4863	2.04926
PTPMT1	NA	1802	2740	26.6422
PTPN1	NA	3152	3563	35.8374
PTPN11	NA	3903	6577	24.0401
PTPN12	NA	1639	3297	20.1384
PTPN13	NA	7	8577	0.033062
PTPN14	NA	1287	13443	3.87836
PTPN18	NA	377	3669	4.16255
PTPN2	NA	1406	4103	13.8819
PTPN20	NA	2	6182	0.0131059
PTPN21	NA	288	6215	1.87723
PTPN22	NA	3	3654	0.0332597
PTPN23	NA	1746	5282	13.391
PTPN3	NA	87	9799	0.359669
PTPN4	NA	255	11380	0.907745
PTPN5	NA	2	4014	0.0201845
PTPN6	NA	196	2552	3.1113
PTPN7	NA	1	4309	0.00940133
PTPN9	NA	872	3945	8.95438
PTPRA	NA	1124	3975	11.455
PTPRB	NA	0	11414	0
PTPRC	NA	2	7415	0.0109266
PTPRCAP	NA	19	907	0.848618
PTPRD	NA	4	10170	0.0159333
PTPRD-AS1	NA	0	1334	0
PTPRD-AS2	NA	0	2834	0
PTPRE	NA	2	5511	0.0147016
PTPRF	NA	3407	7733	17.848
PTPRG	NA	23	6648	0.140153
PTPRG-AS1	NA	47	2772	0.686864
PTPRH	NA	402	3928	4.14592
PTPRJ	NA	123	9053	0.5504
PTPRK	NA	6	6569	0.0370014
PTPRM	NA	0	5600	0
PTPRN	NA	108	3910	1.11896
PTPRN2	NA	0	5194	0
PTPRO	NA	0	7636	0
PTPRQ	NA	0	7550	0
PTPRR	NA	0	4483	0
PTPRS	NA	3445	7347	18.9953
PTPRT	NA	1	12694	0.0031913
PTPRU	NA	216	5640	1.55146
PTPRVP	NA	8	4095	0.0791411
PTPRZ1	NA	0	8159	0
PTRF	NA	27023	3634	301.241
PTRH1	NA	443	815	22.0197
PTRH2	NA	1932	2220	35.2549
PTRHD1	NA	730	572	51.7003
PTS	NA	494	934	21.4262
PTTG1	NA	1053	1160	36.7736
PTTG1IP	NA	5305	2826	76.0465
PTTG2	NA	14	576	0.984626
PTTG3P	NA	150	609	9.97792
PTX3	NA	6	1938	0.125419
PTX4	NA	0	1422	0
PUF60	NA	5836	2065	114.488
PUM1	NA	2655	5385	19.9731
PUM2	NA	2482	6493	15.4854
PURA	NA	530	5294	4.05562
PURB	NA	1215	9093	5.41296
PURG	NA	37	3771	0.397476
PUS1	NA	1716	2082	33.3889
PUS10	NA	132	3810	1.40351
PUS3	NA	638	1844	14.016
PUS7	NA	1648	3482	19.1732
PUS7L	NA	372	4423	3.40715
PUSL1	NA	680	1240	22.2153
PVALB	NA	0	572	0
PVR	NA	1635	6097	10.8634
PVRIG	NA	91	1569	2.34955
PVRIG2P	NA	283	1264	9.06996
PVRL1	NA	335	6113	2.22002
PVRL2	NA	2896	3575	32.8162
PVRL3	NA	1	6841	0.0059217
PVRL3-AS1	NA	0	1128	0
PVRL4	NA	59	3502	0.682499
PVT1	NA	474	1699	11.3019
PWAR1	NA	0	2412	0
PWAR4	NA	0	342	0
PWAR5	NA	59	3373	0.708601
PWARSN	NA	27	1797	0.608669
PWP1	NA	2124	1853	46.4349
PWP2	NA	1850	3260	22.989
PWRN1	NA	0	1438	0
PWRN2	NA	0	5128	0
PWRN3	NA	0	849	0
PWRN4	NA	0	618	0
PWWP2A	NA	880	5771	6.17728
PWWP2B	NA	486	2612	7.53753
PXDC1	NA	146	2194	2.69577
PXDN	NA	346	6849	2.04651
PXDNL	NA	0	4807	0
PXK	NA	295	3226	3.70445
PXMP2	NA	425	957	17.9905
PXMP4	NA	1	5724	0.00707728
PXN	NA	9677	4216	92.9835
PXN-AS1	NA	421	763	22.3524
PXT1	NA	3	2107	0.0576796
PXYLP1	NA	128	3553	1.45942
PYCARD	NA	473	773	24.7883
PYCARD-AS1	NA	172	1095	6.36327
PYCR1	NA	1619	2298	28.5406
PYCR2	NA	2865	1771	65.5348
PYCRL	NA	891	2678	13.4782
PYDC1	NA	0	547	0
PYDC2	NA	0	294	0
PYGB	NA	1756	4131	17.2201
PYGL	NA	350	2846	4.98195
PYGM	NA	133	3616	1.49001
PYGO1	NA	4147	8396	20.0091
PYGO2	NA	1102	3180	14.0385
PYHIN1	NA	0	2093	0
PYROXD1	NA	1471	4124	14.4497
PYROXD2	NA	7	2065	0.137323
PYURF	NA	2665	1356	79.6166
PYY	NA	8	1052	0.308063
PYY2	NA	9	1070	0.340741
PZP	NA	1	4610	0.00878749
QARS	NA	4116	2821	59.1069
QDPR	NA	1632	1653	39.9957
QKI	NA	2204	16362	5.45684
QPCT	NA	9	1703	0.214089
QPCTL	NA	1263	2311	22.1396
QPRT	NA	1422	1554	37.0693
QRFP	NA	1	411	0.0985653
QRFPR	NA	0	2347	0
QRICH1	NA	3453	3315	42.1967
QRICH2	NA	151	5457	1.12096
QRSL1	NA	861	4118	8.46999
QSER1	NA	1316	9337	5.70971
QSOX1	NA	1107	3316	13.5238
QSOX2	NA	1283	4527	11.4811
QTRT1	NA	1119	1334	33.9813
QTRTD1	NA	1373	4024	13.8222
R3HCC1	NA	599	1589	15.271
R3HCC1L	NA	516	3565	5.86349
R3HDM1	NA	1924	4893	15.9293
R3HDM2	NA	543	3974	5.53526
R3HDM4	NA	1885	1809	42.2123
R3HDML	NA	0	762	0
RAB10	NA	5554	3785	59.4437
RAB11A	NA	3862	4929	31.7409
RAB11B	NA	2266	1628	56.386
RAB11B-AS1	NA	151	1022	5.98538
RAB11FIP1	NA	1579	7856	8.14229
RAB11FIP2	NA	491	6061	3.28173
RAB11FIP3	NA	1079	4448	9.82704
RAB11FIP4	NA	421	8901	1.91606
RAB11FIP5	NA	596	4342	5.56061
RAB12	NA	346	2138	6.55593
RAB13	NA	2272	1714	53.6986
RAB14	NA	1816	4363	16.8615
RAB15	NA	821	3391	9.80802
RAB17	NA	17	1999	0.34451
RAB18	NA	1242	5090	9.88484
RAB19	NA	2	952	0.0851057
RAB1A	NA	5610	2643	85.9868
RAB1B	NA	3059	1955	63.3868
RAB20	NA	18	1522	0.479097
RAB21	NA	708	2627	10.9179
RAB22A	NA	813	8651	3.80706
RAB23	NA	668	4979	5.43501
RAB24	NA	781	1839	17.2042
RAB25	NA	2	1085	0.0746734
RAB26	NA	188	1826	4.17083
RAB27A	NA	339	3699	3.71263
RAB27B	NA	0	7003	0
RAB28	NA	596	1884	12.8154
RAB29	NA	353	3494	4.09277
RAB2A	NA	2136	3812	22.6994
RAB2B	NA	349	3002	4.70956
RAB30	NA	77	10414	0.299529
RAB30-AS1	NA	309	673	18.5998
RAB31	NA	1117	3994	11.3295
RAB32	NA	1177	1203	39.6348
RAB33A	NA	4	1108	0.146247
RAB33B	NA	108	3868	1.13111
RAB34	NA	5045	1916	106.667
RAB35	NA	2179	2945	29.9735
RAB36	NA	258	3822	2.73461
RAB37	NA	4	3603	0.044974
RAB38	NA	1	1460	0.0277468
RAB39A	NA	73	1858	1.59163
RAB39B	NA	307	3512	3.54119
RAB3A	NA	149	1501	4.02135
RAB3B	NA	416	12844	1.31208
RAB3C	NA	0	1009	0
RAB3D	NA	895	4273	8.48508
RAB3GAP1	NA	1437	4938	11.7889
RAB3GAP2	NA	1546	7329	8.54536
RAB3IL1	NA	444	2602	6.9126
RAB3IP	NA	28	10222	0.110966
RAB40A	NA	58	1346	1.74562
RAB40AL	NA	20	1029	0.787373
RAB40B	NA	655	1759	15.0849
RAB40C	NA	1032	2933	14.2539
RAB41	NA	4	1071	0.151299
RAB42	NA	0	1333	0
RAB43	NA	815	4679	7.05619
RAB44	NA	3	4233	0.0287104
RAB4A	NA	1209	3035	16.1374
RAB4B	NA	194	1189	6.60976
RAB4B-EGLN2	NA	2116	2849	30.0877
RAB5A	NA	1458	2535	23.2994
RAB5B	NA	2354	5428	17.5684
RAB5C	NA	4083	2031	81.4395
RAB6A	NA	4558	3560	51.8669
RAB6B	NA	507	5560	3.69402
RAB6C	NA	884	3077	11.6383
RAB6C-AS1	NA	74	2460	1.2186
RAB7A	NA	7409	2232	134.472
RAB8A	NA	2709	2177	50.41
RAB8B	NA	275	4875	2.2852
RAB9A	NA	900	1362	26.7689
RAB9B	NA	1	3799	0.0106634
RAB9BP1	NA	0	625	0
RABAC1	NA	3393	807	170.324
RABEP1	NA	2014	6132	13.3053
RABEP2	NA	552	2280	9.80777
RABEPK	NA	1201	1664	29.2385
RABGAP1	NA	1165	4999	9.4408
RABGAP1L	NA	276	10393	1.07581
RABGEF1	NA	999	5417	7.47089
RABGGTA	NA	607	2293	10.7238
RABGGTB	NA	1488	1709	35.2717
RABIF	NA	424	3227	5.32271
RABL2A	NA	1068	2218	19.5063
RABL2B	NA	1975	2616	30.5841
RABL3	NA	436	3883	4.54868
RABL6	NA	3935	3890	40.979
RAC1	NA	7649	2398	129.217
RAC2	NA	9	1511	0.241293
RAC3	NA	2374	1060	90.7279
RACGAP1	NA	2256	3459	26.4213
RACGAP1P	NA	85	2794	1.23242
RAD1	NA	764	4682	6.6104
RAD17	NA	482	3866	5.05069
RAD18	NA	1040	5739	7.34113
RAD21	NA	4721	3750	50.9998
RAD21-AS1	NA	14	2010	0.282162
RAD21L1	NA	2	1808	0.0448123
RAD23A	NA	1607	1821	35.7496
RAD23B	NA	7495	4442	68.3532
RAD50	NA	1686	6597	10.3533
RAD51	NA	513	2420	8.58752
RAD51-AS1	NA	7	1135	0.249843
RAD51AP1	NA	452	2269	8.06993
RAD51AP2	NA	0	3589	0
RAD51B	NA	384	3854	4.03632
RAD51C	NA	944	1513	25.2755
RAD51D	NA	276	2583	4.32863
RAD51L3-RFFL	NA	354	3904	3.67332
RAD52	NA	366	3756	3.94749
RAD54B	NA	604	8477	2.88643
RAD54L	NA	879	3146	11.3187
RAD54L2	NA	131	4705	1.12792
RAD9A	NA	966	2313	16.9187
RAD9B	NA	19	3037	0.25344
RADIL	NA	290	3670	3.20109
RAE1	NA	1886	2170	35.2085
RAET1E	NA	0	2554	0
RAET1E-AS1	NA	58	1376	1.70756
RAET1G	NA	0	1181	0
RAET1K	NA	16	1883	0.34422
RAET1L	NA	4	802	0.202047
RAF1	NA	2879	3275	35.612
RAG1	NA	1	6580	0.00615659
RAG2	NA	4	2820	0.0574615
RAI1	NA	1985	7660	10.4978
RAI1-AS1	NA	2	718	0.112842
RAI14	NA	2746	5856	18.9961
RAI2	NA	0	2742	0
RALA	NA	2593	2810	37.382
RALB	NA	1383	2261	24.7792
RALBP1	NA	2243	4354	20.8692
RALGAPA1	NA	412	8087	2.06384
RALGAPA1P	NA	330	7496	1.78341
RALGAPA2	NA	145	9426	0.62317
RALGAPB	NA	1997	8676	9.32447
RALGDS	NA	1496	4435	13.6648
RALGPS1	NA	85	7634	0.451058
RALGPS2	NA	879	7591	4.6909
RALY	NA	3187	4773	27.0493
RALY-AS1	NA	61	672	3.67728
RALYL	NA	0	3354	0
RAMP1	NA	1	974	0.0415917
RAMP2	NA	14	786	0.721558
RAMP2-AS1	NA	4	3257	0.0497517
RAMP3	NA	0	1347	0
RAN	NA	15759	2546	250.747
RANBP1	NA	5168	1991	105.152
RANBP10	NA	814	5305	6.21591
RANBP17	NA	160	4576	1.41645
RANBP2	NA	5392	11711	18.6518
RANBP3	NA	2527	3401	30.0999
RANBP3L	NA	0	2618	0
RANBP6	NA	671	4622	5.8811
RANBP9	NA	1010	3113	13.1434
RANGAP1	NA	7563	4589	66.7639
RANGRF	NA	1114	1166	38.7037
RAP1A	NA	988	5323	7.51911
RAP1B	NA	3147	2151	59.2683
RAP1GAP	NA	96	3596	1.08148
RAP1GAP2	NA	256	6663	1.55645
RAP1GDS1	NA	1146	3761	12.3438
RAP2A	NA	475	4358	4.41542
RAP2B	NA	987	8413	4.75261
RAP2C	NA	747	4196	7.21192
RAP2C-AS1	NA	18	3422	0.213088
RAPGEF1	NA	1842	6483	11.5101
RAPGEF2	NA	296	6820	1.75822
RAPGEF3	NA	105	6602	0.644287
RAPGEF4	NA	4	5142	0.0315133
RAPGEF4-AS1	NA	0	4621	0
RAPGEF5	NA	12	6622	0.0734105
RAPGEF6	NA	448	9380	1.93482
RAPGEFL1	NA	238	4004	2.40796
RAPH1	NA	440	10501	1.69741
RAPSN	NA	11	1671	0.266675
RARA	NA	398	4361	3.69711
RARA-AS1	NA	22	1790	0.497892
RARB	NA	13	3549	0.14839
RARG	NA	1149	3431	13.5664
RARRES1	NA	0	1666	0
RARRES2	NA	150	741	8.20047
RARRES3	NA	3	765	0.158864
RARS	NA	3106	2138	58.8518
RARS2	NA	1010	1832	22.3338
RASA1	NA	388	4451	3.53134
RASA2	NA	447	5652	3.20384
RASA3	NA	684	4200	6.5974
RASA4	NA	227	5606	1.64036
RASA4B	NA	386	5588	2.79832
RASA4CP	NA	70	1527	1.85706
RASAL1	NA	39	4002	0.394778
RASAL2	NA	402	11040	1.4751
RASAL2-AS1	NA	18	2338	0.311885
RASAL3	NA	1	3290	0.0123132
RASD1	NA	4	1746	0.0928072
RASD2	NA	66	2972	0.899624
RASEF	NA	5	5576	0.0363256
RASGEF1A	NA	755	3341	9.15454
RASGEF1B	NA	0	2962	0
RASGEF1C	NA	30	2216	0.548425
RASGRF1	NA	30	7338	0.165619
RASGRF2	NA	41	8156	0.203644
RASGRF2-AS1	NA	0	539	0
RASGRP1	NA	5	5028	0.0402847
RASGRP2	NA	10	2582	0.156895
RASGRP3	NA	9	5293	0.0688821
RASGRP4	NA	20	3218	0.251773
RASIP1	NA	52	3302	0.637958
RASL10A	NA	85	1490	2.31099
RASL10B	NA	904	3194	11.4657
RASL11A	NA	124	1543	3.25553
RASL11B	NA	39	1957	0.807309
RASL12	NA	0	2640	0
RASSF1	NA	566	2344	9.78193
RASSF1-AS1	NA	15	786	0.773098
RASSF10	NA	0	2684	0
RASSF2	NA	54	5449	0.40146
RASSF3	NA	1097	3492	12.7262
RASSF4	NA	13	2495	0.211076
RASSF5	NA	7	4166	0.0680683
RASSF6	NA	0	6123	0
RASSF7	NA	827	1757	19.0678
RASSF8	NA	255	7068	1.46154
RASSF8-AS1	NA	43	1084	1.60696
RASSF9	NA	0	1796	0
RAVER1	NA	3197	3592	36.0556
RAVER2	NA	481	4361	4.46812
RAX	NA	1	3197	0.0126714
RAX2	NA	0	2153	0
RB1	NA	690	4772	5.85753
RB1CC1	NA	1603	6667	9.74022
RBAK	NA	886	6652	5.39569
RBAK-RBAKDN	NA	38	858	1.79416
RBAKDN	NA	24	579	1.67918
RBBP4	NA	5448	8018	27.5256
RBBP5	NA	978	4411	8.98189
RBBP6	NA	9636	7256	53.7979
RBBP7	NA	4229	2381	71.9522
RBBP8	NA	1033	3555	11.7714
RBBP8NL	NA	0	2833	0
RBBP9	NA	533	3857	5.59814
RBCK1	NA	791	2762	11.6016
RBFA	NA	637	5679	4.54395
RBFADN	NA	8	808	0.401092
RBFOX1	NA	0	5703	0
RBFOX2	NA	2151	7329	11.8894
RBFOX3	NA	59	2990	0.799368
RBKS	NA	102	2390	1.72889
RBL1	NA	309	5814	2.15303
RBL2	NA	724	4886	6.00276
RBM10	NA	1829	3433	21.5827
RBM11	NA	20	1967	0.4119
RBM12	NA	4467	6702	27.0008
RBM12B	NA	624	5101	4.95559
RBM12B-AS1	NA	11	709	0.62851
RBM14	NA	3793	5407	28.4179
RBM14-RBM4	NA	4629	1614	116.185
RBM15	NA	757	3431	8.93801
RBM15B	NA	3952	6638	24.1182
RBM17	NA	1991	3961	20.3626
RBM18	NA	1174	3287	14.4689
RBM19	NA	3124	5646	22.4149
RBM20	NA	60	7235	0.335953
RBM22	NA	2294	2346	39.6124
RBM23	NA	1291	2604	20.084
RBM24	NA	494	2724	7.34659
RBM25	NA	4233	4303	39.8513
RBM26	NA	1859	5239	14.3746
RBM26-AS1	NA	12	2471	0.196732
RBM27	NA	1764	6540	10.9266
RBM28	NA	2070	2809	29.8528
RBM3	NA	5791	4432	52.9322
RBM33	NA	1622	10325	6.36395
RBM34	NA	2010	2071	39.3171
RBM38	NA	3039	2484	49.5616
RBM39	NA	5477	3019	73.4929
RBM4	NA	6579	4230	63.0065
RBM41	NA	372	6391	2.35798
RBM42	NA	3124	1650	76.6996
RBM43	NA	77	3914	0.796959
RBM44	NA	11	4283	0.104042
RBM45	NA	322	1815	7.18696
RBM46	NA	0	3852	0
RBM47	NA	1174	5248	9.06234
RBM48	NA	297	1717	7.00732
RBM4B	NA	1408	1844	30.932
RBM5	NA	1532	3131	19.8217
RBM5-AS1	NA	63	1386	1.84138
RBM6	NA	1845	3739	19.9897
RBM7	NA	897	3750	9.69007
RBM8A	NA	3608	4959	29.4739
RBMS1	NA	179	4286	1.69187
RBMS2	NA	491	8486	2.34393
RBMS3	NA	1	8365	0.00484284
RBMS3-AS1	NA	0	554	0
RBMS3-AS3	NA	0	880	0
RBMX	NA	10675	3418	126.521
RBMX2	NA	861	1528	22.8268
RBMXL1	NA	1644	5087	13.092
RBMXL2	NA	3	2215	0.0548673
RBMXL3	NA	1	3469	0.0116778
RBMY1A1	NA	0	3774	0
RBMY1A3P	NA	0	427	0
RBMY1B	NA	0	3842	0
RBMY1D	NA	0	3762	0
RBMY1E	NA	0	1881	0
RBMY1F	NA	0	1881	0
RBMY1J	NA	0	1881	0
RBMY2EP	NA	0	534	0
RBMY2FP	NA	0	2042	0
RBMY3AP	NA	0	317	0
RBP1	NA	1	1954	0.020732
RBP2	NA	10	688	0.588813
RBP3	NA	0	4276	0
RBP4	NA	0	929	0
RBP5	NA	2	940	0.0861922
RBP7	NA	26	655	1.60804
RBPJ	NA	11208	6278	72.3224
RBPJL	NA	0	2509	0
RBPMS	NA	289	3444	3.39939
RBPMS-AS1	NA	23	909	1.02501
RBPMS2	NA	2111	1994	42.8873
RBSN	NA	939	6993	5.43961
RBX1	NA	1014	906	45.3394
RC3H1	NA	840	11129	3.05766
RC3H2	NA	488	4198	4.70916
RCAN1	NA	1585	3597	17.8507
RCAN2	NA	0	3994	0
RCAN3	NA	207	3030	2.76754
RCAN3AS	NA	1	429	0.0944297
RCBTB1	NA	1337	4033	13.4298
RCBTB2	NA	173	3251	2.15573
RCC1	NA	3173	3027	42.4643
RCC2	NA	6123	4163	59.5832
RCCD1	NA	28	2767	0.409935
RCE1	NA	544	1471	14.9814
RCHY1	NA	929	4501	8.36128
RCL1	NA	1009	2303	17.7486
RCN1	NA	2918	2516	46.983
RCN2	NA	1866	2267	33.3446
RCN3	NA	135	1854	2.94978
RCOR1	NA	1630	5756	11.4718
RCOR2	NA	1519	2604	23.631
RCOR3	NA	500	4985	4.06322
RCSD1	NA	5	2991	0.0677204
RCVRN	NA	0	1175	0
RD3	NA	0	4266	0
RD3L	NA	0	1201	0
RDH10	NA	2863	3963	29.266
RDH10-AS1	NA	9	3261	0.111804
RDH11	NA	2326	2566	36.7214
RDH12	NA	0	1878	0
RDH13	NA	587	2767	8.59399
RDH14	NA	710	1600	17.9765
RDH16	NA	8	1723	0.188092
RDH5	NA	15	1342	0.452798
RDH8	NA	0	1714	0
RDM1	NA	35	1308	1.08399
RDX	NA	2501	5548	18.2618
REC114	NA	5	925	0.218975
REC8	NA	61	2331	1.06012
RECK	NA	95	4412	0.872276
RECQL	NA	2256	3779	24.184
RECQL4	NA	1182	3816	12.548
RECQL5	NA	852	5185	6.65666
REEP1	NA	23	3913	0.238113
REEP2	NA	1831	2266	32.7336
REEP3	NA	462	5205	3.59573
REEP4	NA	1275	1694	30.4904
REEP5	NA	2689	3116	34.959
REEP6	NA	757	1373	22.3353
REG1A	NA	1	808	0.0501366
REG1B	NA	0	806	0
REG1P	NA	0	2925	0
REG3A	NA	0	1097	0
REG3G	NA	0	955	0
REG4	NA	1	2262	0.0179091
REL	NA	80	7827	0.414057
RELA	NA	1961	2578	30.8149
RELB	NA	707	2275	12.5894
RELL1	NA	360	4036	3.61341
RELL2	NA	295	2583	4.62662
RELN	NA	9	11571	0.0315092
RELT	NA	452	3643	5.02626
REM1	NA	0	1670	0
REM2	NA	4	1859	0.0871659
REN	NA	0	1465	0
RENBP	NA	129	1471	3.55257
REP15	NA	10	1139	0.355666
REPIN1	NA	7035	3351	85.0463
REPS1	NA	2112	4019	21.2883
REPS2	NA	1	7953	0.00509372
RER1	NA	3099	3104	40.4451
RERE	NA	2559	8321	12.4584
REREP3	NA	8	804	0.403088
RERG	NA	0	2325	0
RERG-AS1	NA	0	335	0
RERGL	NA	0	1147	0
RESP18	NA	1	795	0.0509564
REST	NA	1026	7460	5.57153
RET	NA	14	6397	0.0886579
RETN	NA	0	478	0
RETNLB	NA	0	573	0
RETSAT	NA	1675	3311	20.4938
REV1	NA	867	4734	7.41919
REV3L	NA	1007	11071	3.68475
REXO1	NA	1715	4581	15.166
REXO1L2P	NA	0	8625	0
REXO2	NA	1204	1160	42.0469
REXO4	NA	2083	2492	33.8616
RFC1	NA	2134	4899	17.6463
RFC2	NA	1960	1846	43.0121
RFC3	NA	2301	2865	32.5355
RFC4	NA	1666	1585	42.5806
RFC5	NA	706	2473	11.565
RFESD	NA	30	2841	0.427775
RFFL	NA	328	4346	3.05738
RFK	NA	1258	2707	18.826
RFNG	NA	1223	1828	27.1029
RFPL1	NA	115	1496	3.1141
RFPL1S	NA	158	5115	1.25135
RFPL2	NA	214	2722	3.18487
RFPL3	NA	33	1501	0.890634
RFPL3S	NA	35	1362	1.04101
RFPL4A	NA	1137	908	50.7272
RFPL4AL1	NA	1023	864	47.9654
RFPL4B	NA	2054	1900	43.7938
RFT1	NA	921	5098	7.31856
RFTN1	NA	138	3002	1.86223
RFTN2	NA	9	3113	0.11712
RFWD2	NA	1371	2789	19.9138
RFWD3	NA	3808	4952	31.1517
RFX1	NA	479	4377	4.43328
RFX2	NA	410	4112	4.03921
RFX3	NA	777	10633	2.96027
RFX3-AS1	NA	2	1109	0.0730574
RFX4	NA	0	4377	0
RFX5	NA	2084	3618	23.3343
RFX6	NA	0	3507	0
RFX7	NA	1284	7195	7.22936
RFX8	NA	0	1729	0
RFXANK	NA	1783	1632	44.2585
RFXAP	NA	207	2825	2.96837
RGAG1	NA	3	5426	0.0223979
RGAG4	NA	695	4338	6.49025
RGCC	NA	26	1108	0.950604
RGL1	NA	321	5512	2.35918
RGL2	NA	1092	16710	2.64735
RGL3	NA	4	2561	0.0632727
RGL4	NA	0	2885	0
RGMA	NA	283	4015	2.8554
RGMB	NA	113	4580	0.999491
RGMB-AS1	NA	10	2030	0.199558
RGN	NA	1	2257	0.0179488
RGP1	NA	106	1717	2.50093
RGPD1	NA	764	6692	4.62491
RGPD2	NA	748	5500	5.50941
RGPD3	NA	1470	5873	10.1397
RGPD4	NA	1526	7172	8.61946
RGPD4-AS1	NA	0	1581	0
RGPD5	NA	2909	7790	15.1277
RGPD6	NA	2909	7809	15.0909
RGPD8	NA	3072	7299	17.05
RGR	NA	0	1475	0
RGS1	NA	1151	1403	33.2341
RGS10	NA	748	974	31.1106
RGS11	NA	6	2434	0.0998611
RGS12	NA	470	7024	2.71069
RGS13	NA	1	1562	0.0259349
RGS14	NA	1495	2406	25.1716
RGS16	NA	1	2432	0.0166572
RGS17	NA	1	1466	0.0276332
RGS18	NA	0	2145	0
RGS19	NA	460	1691	11.02
RGS2	NA	2720	1350	81.6208
RGS20	NA	168	2744	2.48022
RGS21	NA	0	1793	0
RGS22	NA	1	4628	0.00875331
RGS3	NA	2792	7307	15.479
RGS4	NA	13	3978	0.132387
RGS5	NA	87	7424	0.474731
RGS6	NA	0	6427	0
RGS7	NA	2	2576	0.0314521
RGS7BP	NA	0	4703	0
RGS8	NA	0	912	0
RGS9	NA	59	2581	0.92604
RGS9BP	NA	158	2894	2.21169
RGSL1	NA	0	3760	0
RHAG	NA	0	1928	0
RHBDD1	NA	612	5157	4.80751
RHBDD2	NA	1901	1878	41.0065
RHBDD3	NA	1026	1738	23.9146
RHBDF1	NA	1441	2992	19.5105
RHBDF2	NA	625	3605	7.02329
RHBDL1	NA	111	1463	3.07358
RHBDL2	NA	8	2003	0.161799
RHBDL3	NA	24	4661	0.208592
RHBG	NA	5	2025	0.100026
RHCE	NA	86	1618	2.15321
RHCG	NA	30	1980	0.613793
RHD	NA	13	3007	0.175136
RHEB	NA	1852	2075	36.1567
RHEBL1	NA	130	1287	4.09195
RHNO1	NA	1340	2464	22.0308
RHO	NA	0	2768	0
RHOA	NA	15532	1921	327.541
RHOB	NA	7597	2373	129.691
RHOBTB1	NA	3681	4792	31.1182
RHOBTB2	NA	830	5823	5.77427
RHOBTB3	NA	525	5566	3.82104
RHOC	NA	6255	1621	156.318
RHOD	NA	1	1133	0.0357549
RHOF	NA	1912	2435	31.8093
RHOG	NA	1085	1319	33.3235
RHOH	NA	476	3279	5.88073
RHOJ	NA	0	3619	0
RHOQ	NA	2433	4542	21.7001
RHOT1	NA	488	3615	5.46862
RHOT2	NA	1942	2542	30.9485
RHOU	NA	46	4758	0.391651
RHOV	NA	67	1705	1.5919
RHOXF1	NA	0	769	0
RHOXF1-AS1	NA	0	2103	0
RHOXF1P1	NA	0	780	0
RHOXF2	NA	0	1297	0
RHOXF2B	NA	0	1309	0
RHPN1	NA	508	3715	5.5395
RHPN1-AS1	NA	34	2013	0.684228
RHPN2	NA	309	3531	3.54508
RIBC1	NA	95	2827	1.36133
RIBC2	NA	62	1404	1.78892
RIC1	NA	868	6971	5.04418
RIC3	NA	61	5861	0.421623
RIC8A	NA	3338	3783	35.745
RIC8B	NA	384	4989	3.11805
RICTOR	NA	932	9613	3.92756
RIF1	NA	1525	10179	6.06919
RIIAD1	NA	2	455	0.178067
RILP	NA	198	1791	4.47853
RILPL1	NA	793	2624	12.2426
RILPL2	NA	952	1801	21.4136
RIMBP2	NA	1508	6322	9.66302
RIMBP3	NA	92	5793	0.643354
RIMBP3B	NA	89	5416	0.665698
RIMBP3C	NA	89	5793	0.622375
RIMKLA	NA	21	10569	0.0804917
RIMKLB	NA	110	6559	0.679393
RIMS1	NA	0	9059	0
RIMS2	NA	4065	7973	20.654
RIMS3	NA	310	7229	1.7372
RIMS4	NA	562	5210	4.36983
RIN1	NA	3768	2684	56.8714
RIN2	NA	10	4507	0.0898832
RIN3	NA	396	3847	4.17003
RING1	NA	781	10428	3.034
RINL	NA	234	3060	3.09785
RINT1	NA	636	2976	8.65745
RIOK1	NA	1261	2578	19.8152
RIOK2	NA	1849	4684	15.9914
RIOK3	NA	1469	4033	14.7557
RIPK1	NA	830	3864	8.70175
RIPK2	NA	222	2585	3.47903
RIPK3	NA	0	1921	0
RIPK4	NA	72	3872	0.753291
RIPPLY1	NA	0	1186	0
RIPPLY2	NA	0	816	0
RIPPLY3	NA	0	2234	0
RIT1	NA	793	3481	9.22858
RIT2	NA	0	1166	0
RITA1	NA	1661	2053	32.7753
RLBP1	NA	24	1752	0.554936
RLF	NA	1043	6250	6.76036
RLIM	NA	3359	10629	12.8022
RLN1	NA	2	1004	0.0806979
RLN2	NA	0	922	0
RLN3	NA	0	452	0
RLTPR	NA	282	4479	2.55055
RMDN1	NA	1259	3064	16.6457
RMDN2	NA	20	3324	0.243745
RMDN2-AS1	NA	1	526	0.0770158
RMDN3	NA	1661	2331	28.8664
RMI1	NA	374	3494	4.33625
RMI2	NA	1099	1451	30.6829
RMND1	NA	482	2003	9.74837
RMND5A	NA	2365	6183	15.4952
RMND5B	NA	541	2106	10.4065
RMRP	NA	20	268	3.02316
RMST	NA	1	2099	0.0192998
RNA45S5	NA	531647	13357	1612.43
RNA5-8S5	NA	1609	312	208.914
RNASE1	NA	28	970	1.16937
RNASE10	NA	0	651	0
RNASE11	NA	0	1766	0
RNASE12	NA	0	743	0
RNASE13	NA	0	1607	0
RNASE2	NA	0	735	0
RNASE3	NA	1	716	0.0565787
RNASE4	NA	78	1996	1.58307
RNASE6	NA	0	1061	0
RNASE7	NA	13	1498	0.351558
RNASE8	NA	0	634	0
RNASE9	NA	0	1247	0
RNASEH1	NA	1441	2103	27.7582
RNASEH1-AS1	NA	400	1373	11.802
RNASEH2A	NA	1200	1142	42.5678
RNASEH2B	NA	297	2158	5.57533
RNASEH2B-AS1	NA	7	624	0.454443
RNASEH2C	NA	1752	2785	25.4844
RNASEK	NA	3705	1028	146.003
RNASEK-C17orf49	NA	4276	1909	90.7398
RNASEL	NA	0	4241	0
RNASET2	NA	542	1250	17.5653
RND1	NA	28	1665	0.681255
RND2	NA	515	4152	5.02476
RND3	NA	4171	2807	60.1954
RNF10	NA	3156	3847	33.2339
RNF103	NA	594	5096	4.72197
RNF103-CHMP3	NA	2322	3373	27.8876
RNF11	NA	1155	3074	15.221
RNF111	NA	542	6213	3.53398
RNF112	NA	1	3228	0.0125497
RNF113A	NA	572	1297	17.8658
RNF113B	NA	0	1378	0
RNF114	NA	1810	2467	29.7218
RNF115	NA	523	1950	10.8651
RNF121	NA	622	2754	9.14939
RNF122	NA	92	1872	1.99089
RNF123	NA	555	4295	5.23475
RNF125	NA	264	5888	1.81636
RNF126	NA	2771	1650	68.0328
RNF126P1	NA	57	1318	1.75196
RNF128	NA	0	3411	0
RNF13	NA	1140	2964	15.5809
RNF130	NA	1076	2263	19.2617
RNF133	NA	0	1443	0
RNF135	NA	1	2220	0.0182479
RNF138	NA	1203	3664	13.3007
RNF138P1	NA	83	5701	0.589784
RNF139	NA	732	3312	8.95337
RNF139-AS1	NA	13	5821	0.0904715
RNF14	NA	869	4523	7.78322
RNF141	NA	718	4084	7.12204
RNF144A	NA	165	5739	1.1647
RNF144A-AS1	NA	36	2348	0.621112
RNF144B	NA	3	5036	0.0241324
RNF145	NA	2621	4312	24.6237
RNF146	NA	654	2908	9.11065
RNF148	NA	1	1302	0.0311139
RNF149	NA	1211	2968	16.529
RNF150	NA	20	4661	0.173827
RNF151	NA	1	796	0.0508924
RNF152	NA	0	1805	0
RNF157	NA	550	4891	4.55545
RNF157-AS1	NA	63	2177	1.17232
RNF165	NA	7	7040	0.0402802
RNF166	NA	549	2711	8.20368
RNF167	NA	2867	1708	67.9995
RNF168	NA	988	5344	7.48956
RNF169	NA	737	7823	3.81645
RNF17	NA	0	5107	0
RNF170	NA	329	5479	2.43254
RNF175	NA	0	1569	0
RNF180	NA	0	5060	0
RNF181	NA	792	716	44.8103
RNF182	NA	81	3797	0.864192
RNF183	NA	0	1210	0
RNF185	NA	1009	3477	11.7558
RNF186	NA	1	1250	0.0324083
RNF187	NA	3829	3133	49.5098
RNF19A	NA	359	4824	3.01476
RNF19B	NA	1542	2737	22.8231
RNF2	NA	1226	3551	13.9864
RNF20	NA	1517	3942	15.5896
RNF207	NA	20	3971	0.204031
RNF208	NA	57	1077	2.144
RNF212	NA	4	3097	0.052322
RNF212B	NA	70	2436	1.16409
RNF213	NA	1406	23207	2.45433
RNF214	NA	384	2797	5.56166
RNF215	NA	585	1920	12.343
RNF216	NA	1870	5850	12.9495
RNF216-IT1	NA	0	337	0
RNF216P1	NA	1188	2430	19.8051
RNF217	NA	80	5493	0.589992
RNF217-AS1	NA	9	5342	0.0682503
RNF219	NA	642	3534	7.35926
RNF219-AS1	NA	248	2418	4.15491
RNF220	NA	1038	3010	13.97
RNF222	NA	2	3066	0.0264255
RNF223	NA	18	1122	0.649898
RNF224	NA	21	1503	0.566013
RNF225	NA	0	990	0
RNF24	NA	179	3560	2.0369
RNF25	NA	1917	1561	49.7491
RNF26	NA	2114	2815	30.4223
RNF31	NA	711	3556	8.09979
RNF32	NA	77	3813	0.818069
RNF34	NA	1163	2091	22.5316
RNF38	NA	416	5560	3.03099
RNF39	NA	133	16050	0.335693
RNF4	NA	1997	3674	22.0194
RNF40	NA	3441	6057	23.014
RNF41	NA	1159	5712	8.2198
RNF43	NA	10	5828	0.0695098
RNF44	NA	1612	4153	15.7242
RNF5	NA	1949	7959	9.92017
RNF5P1	NA	1949	8531	9.25503
RNF6	NA	1084	3938	11.1511
RNF7	NA	2068	2265	36.9869
RNF8	NA	848	5737	5.98793
RNFT1	NA	205	2016	4.11935
RNFT2	NA	177	2898	2.47423
RNGTT	NA	1026	4836	8.59462
RNH1	NA	3088	2209	56.6301
RNLS	NA	55	3585	0.621497
RNMT	NA	2085	6249	13.5164
RNMTL1	NA	1225	1801	27.5542
RNPC3	NA	139	1885	2.98723
RNPEP	NA	2170	2413	36.4308
RNPEPL1	NA	283	3018	3.79868
RNPS1	NA	8477	2750	124.875
RNU1-13P	NA	0	324	0
RNU11	NA	1	135	0.300077
RNU12	NA	0	149	0
RNU4ATAC	NA	0	130	0
RNU5D-1	NA	0	64	0
RNU5E-1	NA	0	65	0
RNU5F-1	NA	0	72	0
RNU6-16P	NA	0	30	0
RNU6-19P	NA	0	87	0
RNU6-2	NA	9	958	0.380577
RNU6-28P	NA	0	171	0
RNU6-31P	NA	0	54	0
RNU6-33P	NA	1	28	1.4468
RNU6-34P	NA	1	28	1.4468
RNU6-35P	NA	0	30	0
RNU6-48P	NA	0	28	0
RNU6-52P	NA	0	96	0
RNU6-53P	NA	0	49	0
RNU6-57P	NA	0	27	0
RNU6-64P	NA	0	31	0
RNU6-66P	NA	0	78	0
RNU6-67P	NA	0	27	0
RNU6-69P	NA	0	28	0
RNU6-71P	NA	0	82	0
RNU6-72P	NA	1	46	0.880659
RNU6-76P	NA	0	50	0
RNU6-78P	NA	0	30	0
RNU6-79P	NA	0	35	0
RNU6-81P	NA	0	48	0
RNU6-83P	NA	0	76	0
RNU6ATAC	NA	7	125	2.26858
RNU86	NA	52	55	38.3007
RNVU1-19	NA	0	168	0
RNVU1-20	NA	8	163	1.98824
RNVU1-8	NA	1	141	0.287307
RNY4	NA	0	34	0
RNY5	NA	0	46	0
ROBO1	NA	30	7901	0.153817
ROBO2	NA	0	9024	0
ROBO3	NA	156	4554	1.38771
ROBO4	NA	5	3837	0.0527891
ROCK1	NA	1799	6648	10.9624
ROCK1P1	NA	430	2460	7.08108
ROCK2	NA	621	6401	3.93015
ROGDI	NA	346	1741	8.05088
ROM1	NA	166	1878	3.58079
ROMO1	NA	1170	461	102.814
ROPN1	NA	1	1103	0.0367274
ROPN1B	NA	0	1087	0
ROPN1L	NA	13	1078	0.488529
ROPN1L-AS1	NA	2	803	0.100897
ROR1	NA	1	6573	0.00616314
ROR1-AS1	NA	0	3454	0
ROR2	NA	8	4097	0.0791024
RORA	NA	16	11535	0.0561912
RORA-AS1	NA	16	2483	0.261041
RORA-AS2	NA	0	1025	0
RORB	NA	0	3604	0
RORB-AS1	NA	0	824	0
RORC	NA	0	3214	0
ROS1	NA	2	7368	0.0109963
RP1	NA	0	7100	0
RP11-87M18.2	NA	0	1861	0
RP1L1	NA	0	7977	0
RP2	NA	137	3829	1.44944
RP9	NA	1066	1120	38.5572
RP9P	NA	635	1297	19.8335
RPA1	NA	3264	4345	30.4317
RPA2	NA	3502	1956	72.5292
RPA3	NA	1427	1594	36.2662
RPA4	NA	1	1544	0.0262373
RPAIN	NA	3994	3133	51.6432
RPAP1	NA	2674	4682	23.1364
RPAP2	NA	661	3112	8.60454
RPAP3	NA	2200	3687	24.1722
RPARP-AS1	NA	377	1592	9.59321
RPE	NA	1467	3407	17.4431
RPE65	NA	28	2608	0.434927
RPEL1	NA	190	2130	3.6136
RPF1	NA	1323	1975	27.1368
RPF2	NA	2259	3692	24.7868
RPGR	NA	309	5717	2.18956
RPGRIP1	NA	16	3946	0.164259
RPGRIP1L	NA	475	6924	2.77909
RPH3A	NA	1	4592	0.00882194
RPH3AL	NA	110	2754	1.61806
RPIA	NA	1223	1834	27.0143
RPL10	NA	18417	2585	288.619
RPL10A	NA	15798	719	890.101
RPL10L	NA	2	809	0.100149
RPL11	NA	15188	634	970.459
RPL12	NA	16342	660	1003.06
RPL13	NA	26261	4726	225.104
RPL13A	NA	21422	1180	735.434
RPL13AP17	NA	0	1790	0
RPL13AP20	NA	8290	660	508.834
RPL13AP3	NA	42	1473	1.15508
RPL13AP5	NA	13833	658	851.641
RPL13AP6	NA	273	653	16.9362
RPL13P5	NA	52	624	3.37586
RPL14	NA	16068	968	672.438
RPL15	NA	26058	4716	223.838
RPL17	NA	20862	1163	726.678
RPL17-C18orf32	NA	19791	2049	391.284
RPL18	NA	26108	887	1192.38
RPL18A	NA	18423	671	1112.25
RPL19	NA	28442	732	1574.04
RPL19P12	NA	1435	1134	51.2631
RPL21	NA	11261	566	805.984
RPL21P28	NA	11199	562	807.251
RPL21P44	NA	6	1784	0.136246
RPL22	NA	14927	2085	290.023
RPL22L1	NA	1906	1962	39.3541
RPL23	NA	23224	577	1630.52
RPL23A	NA	17471	970	729.645
RPL23AP32	NA	1	620	0.0653393
RPL23AP53	NA	1059	5788	7.41196
RPL23AP64	NA	9	633	0.575976
RPL23AP7	NA	1252	1873	27.079
RPL23AP82	NA	1364	1864	29.6438
RPL23AP87	NA	709	2256	12.7313
RPL23P8	NA	1803	523	139.656
RPL24	NA	15122	562	1090.03
RPL26	NA	27610	582	1921.8
RPL26L1	NA	1894	710	108.066
RPL27	NA	13164	490	1088.32
RPL27A	NA	18308	4879	152.011
RPL28	NA	13540	5183	105.829
RPL29	NA	23630	695	1377.35
RPL29P2	NA	3	649	0.187259
RPL3	NA	47128	1338	1426.88
RPL30	NA	21791	554	1593.43
RPL31	NA	9773	1481	267.324
RPL31P11	NA	12	1548	0.314034
RPL32	NA	23221	1859	506.02
RPL32P3	NA	95	2079	1.85112
RPL34	NA	5454	1014	217.893
RPL34-AS1	NA	0	3773	0
RPL35	NA	19987	460	1760.17
RPL35A	NA	8807	483	738.664
RPL36	NA	7905	604	530.189
RPL36A	NA	5015	2911	69.7902
RPL36A-HNRNPH2	NA	7362	2659	112.161
RPL36AL	NA	6247	577	438.593
RPL37	NA	22322	1570	575.969
RPL37A	NA	15934	418	1544.24
RPL38	NA	3404	392	351.779
RPL39	NA	10440	419	1009.37
RPL39L	NA	589	703	33.9411
RPL3L	NA	5	1529	0.132473
RPL4	NA	51929	1441	1459.86
RPL41	NA	35162	584	2439.08
RPL5	NA	16332	1031	641.721
RPL6	NA	31049	1130	1113.1
RPL7	NA	22719	837	1099.59
RPL7A	NA	17649	890	803.334
RPL7L1	NA	1260	1275	40.0337
RPL8	NA	48431	975	2012.26
RPL9	NA	13693	896	619.094
RPLP0	NA	59690	1264	1913.02
RPLP0P2	NA	218	3525	2.50532
RPLP1	NA	14292	512	1130.81
RPLP2	NA	8568	493	704.042
RPN1	NA	8672	2341	150.066
RPN2	NA	4760	2555	75.4713
RPP14	NA	1149	3598	12.9367
RPP21	NA	584	4112	5.75341
RPP25	NA	1355	2333	23.5283
RPP25L	NA	1092	1102	40.1427
RPP30	NA	692	5794	4.83831
RPP38	NA	1268	1659	30.9627
RPP40	NA	482	1185	16.4776
RPPH1	NA	11	341	1.30679
RPRD1A	NA	1926	5305	14.7074
RPRD1B	NA	1735	3872	18.1522
RPRD2	NA	1380	8221	6.80018
RPRM	NA	1542	1471	42.4656
RPRML	NA	48	1093	1.77904
RPS10	NA	19215	880	884.552
RPS10-NUDT3	NA	17879	2527	286.618
RPS10P7	NA	2300	689	135.23
RPS11	NA	18206	646	1141.69
RPS12	NA	9047	503	728.622
RPS13	NA	17397	529	1332.25
RPS14	NA	20354	786	1049.04
RPS14P3	NA	891	838	43.0724
RPS15	NA	12284	687	724.351
RPS15A	NA	13238	543	987.617
RPS15AP10	NA	1	906	0.0447134
RPS16	NA	21963	590	1508.01
RPS16P5	NA	3	3158	0.0384835
RPS17	NA	70565	1978	1445.2
RPS18	NA	18252	2858	258.711
RPS18P9	NA	1734	969	72.4922
RPS19	NA	21475	849	1024.69
RPS19BP1	NA	3374	1018	134.265
RPS2	NA	64496	942	2773.62
RPS20	NA	26700	1321	818.793
RPS21	NA	284	396	29.0529
RPS23	NA	19527	3314	238.698
RPS24	NA	21072	2962	288.195
RPS25	NA	12246	492	1008.31
RPS26	NA	5686	682	337.745
RPS26P11	NA	3690	553	270.313
RPS27	NA	11002	351	1269.79
RPS27A	NA	12663	1373	373.622
RPS27L	NA	5123	1084	191.452
RPS28	NA	4247	382	450.386
RPS29	NA	8361	1518	223.127
RPS2P32	NA	52	1025	2.05516
RPS3	NA	25138	2746	370.848
RPS3A	NA	30179	2031	601.95
RPS4X	NA	33679	956	1427.14
RPS4Y1	NA	7131	897	322.05
RPS4Y2	NA	0	888	0
RPS5	NA	12219	741	668.011
RPS6	NA	47047	829	2299.02
RPS6KA1	NA	2921	3383	34.978
RPS6KA2	NA	412	6053	2.75735
RPS6KA2-AS1	NA	0	861	0
RPS6KA2-IT1	NA	1	579	0.069966
RPS6KA3	NA	463	7710	2.43272
RPS6KA4	NA	1329	3137	17.1623
RPS6KA5	NA	51	4313	0.479023
RPS6KA6	NA	63	8205	0.311048
RPS6KB1	NA	1367	5483	10.0999
RPS6KB2	NA	800	1770	18.3098
RPS6KC1	NA	539	4399	4.96364
RPS6KL1	NA	187	5195	1.45822
RPS7	NA	8726	728	485.568
RPS7P5	NA	1	953	0.0425082
RPS8	NA	23856	705	1370.8
RPS9	NA	16855	713	957.646
RPSA	NA	27897	1185	953.685
RPSAP52	NA	74	1144	2.62042
RPSAP58	NA	35755	1379	1050.36
RPSAP9	NA	7589	1440	213.495
RPTN	NA	0	3569	0
RPTOR	NA	1550	6856	9.15855
RPUSD1	NA	2300	2050	45.4506
RPUSD2	NA	707	2116	13.5354
RPUSD3	NA	1697	1227	56.0277
RPUSD4	NA	982	2512	15.8364
RQCD1	NA	2149	3858	22.5652
RRAD	NA	743	1476	20.3924
RRAGA	NA	919	1650	22.563
RRAGB	NA	258	2207	4.73569
RRAGC	NA	1078	2733	15.9788
RRAGD	NA	256	4926	2.10529
RRAS	NA	1365	983	56.2529
RRAS2	NA	1462	2752	21.5211
RRBP1	NA	2820	3792	30.1264
RREB1	NA	638	8905	2.90237
RRH	NA	2	1556	0.0520698
RRM1	NA	3244	3191	41.1832
RRM2	NA	3472	3434	40.9586
RRM2B	NA	1605	5200	12.5037
RRN3	NA	2146	3780	22.9987
RRN3P1	NA	266	1609	6.69717
RRN3P2	NA	203	2396	3.43222
RRN3P3	NA	217	2492	3.52759
RRNAD1	NA	256	2269	4.57058
RRP1	NA	2709	1807	60.7319
RRP12	NA	3755	4426	34.3688
RRP15	NA	1242	7771	6.47456
RRP1B	NA	4847	5087	38.5991
RRP36	NA	1585	1159	55.4002
RRP7A	NA	4804	5455	35.6758
RRP7BP	NA	1126	2316	19.6954
RRP8	NA	727	1751	16.8195
RRP9	NA	2959	1582	75.7712
RRS1	NA	4633	1706	110.014
RRS1-AS1	NA	15	4368	0.139115
RS1	NA	0	3026	0
RSAD1	NA	1051	2630	16.1887
RSAD2	NA	0	3512	0
RSBN1	NA	499	6739	2.99965
RSBN1L	NA	318	3220	4.00071
RSC1A1	NA	428	1854	9.3519
RSF1	NA	1478	5134	11.6623
RSG1	NA	88	1560	2.2852
RSL1D1	NA	11580	5135	91.3553
RSL24D1	NA	4117	1473	113.225
RSPH1	NA	49	1429	1.38909
RSPH10B	NA	47	3106	0.613003
RSPH10B2	NA	47	3106	0.613003
RSPH14	NA	9	1252	0.291208
RSPH3	NA	163	2177	3.03316
RSPH4A	NA	30	2840	0.427926
RSPH6A	NA	0	2484	0
RSPH9	NA	22	1059	0.841575
RSPO1	NA	216	3089	2.83271
RSPO2	NA	4	3422	0.0473528
RSPO3	NA	5	4583	0.0441963
RSPO4	NA	12	2709	0.179448
RSPRY1	NA	908	4416	8.32957
RSRC1	NA	234	1739	5.45107
RSRC2	NA	2318	2452	38.2965
RSRP1	NA	1089	1465	30.1131
RSU1	NA	1465	3753	15.8134
RSU1P2	NA	0	1844	0
RTBDN	NA	99	2365	1.69578
RTCA	NA	1114	2623	17.2049
RTCA-AS1	NA	8	780	0.415491
RTCB	NA	4812	2066	94.3542
RTEL1	NA	777	5197	6.05667
RTEL1-TNFRSF6B	NA	744	5772	5.22171
RTF1	NA	1946	5021	15.7007
RTFDC1	NA	1794	1745	41.6479
RTKN	NA	1658	2849	23.5753
RTKN2	NA	107	8403	0.51584
RTL1	NA	0	4193	0
RTN1	NA	1	3678	0.0110142
RTN2	NA	1402	2288	24.8232
RTN3	NA	2108	4976	17.1615
RTN4	NA	12154	5202	94.6487
RTN4IP1	NA	554	2636	8.51393
RTN4R	NA	1342	1919	28.3298
RTN4RL1	NA	1160	3625	12.9633
RTN4RL2	NA	78	2220	1.42334
RTP1	NA	83	2217	1.51663
RTP2	NA	3	1346	0.0902905
RTP3	NA	0	817	0
RTP4	NA	0	1011	0
RTP5	NA	3	1798	0.0675923
RTTN	NA	558	7093	3.18691
RUFY1	NA	880	2976	11.9789
RUFY2	NA	626	6268	4.04586
RUFY3	NA	1326	7856	6.83767
RUFY4	NA	0	3729	0
RUNDC1	NA	696	3828	7.36552
RUNDC3A	NA	134	2433	2.23115
RUNDC3A-AS1	NA	79	5081	0.62986
RUNDC3B	NA	7	4101	0.0691471
RUNX1	NA	190	7981	0.964411
RUNX1-IT1	NA	0	1491	0
RUNX1T1	NA	0	8992	0
RUNX2	NA	10	5769	0.0702207
RUNX3	NA	3	4767	0.0254942
RUSC1	NA	870	4530	7.78013
RUSC1-AS1	NA	1021	1306	31.67
RUSC2	NA	560	5857	3.87328
RUVBL1	NA	6038	1768	138.349
RUVBL1-AS1	NA	2	588	0.13779
RUVBL2	NA	3432	1488	93.4351
RWDD1	NA	1098	1690	26.3197
RWDD2A	NA	139	1415	3.97946
RWDD2B	NA	573	1705	13.6143
RWDD3	NA	353	1385	10.325
RWDD4	NA	900	2635	13.8365
RXFP1	NA	0	5190	0
RXFP2	NA	0	2803	0
RXFP3	NA	0	2533	0
RXFP4	NA	1	1146	0.0353493
RXRA	NA	1026	7310	5.68586
RXRB	NA	604	18110	1.35109
RXRG	NA	0	2703	0
RYBP	NA	1019	4449	9.2785
RYK	NA	2067	2940	28.4812
RYR1	NA	11	15391	0.0289529
RYR2	NA	3	16365	0.00742628
RYR3	NA	27	15574	0.0702311
S100A1	NA	1044	594	71.2
S100A10	NA	124	1055	4.7614
S100A11	NA	210	594	14.3218
S100A12	NA	0	466	0
S100A13	NA	3454	1402	99.8022
S100A14	NA	12	1060	0.458608
S100A16	NA	1386	1068	52.5724
S100A2	NA	266	962	11.2014
S100A3	NA	163	738	8.9474
S100A4	NA	6213	564	446.26
S100A5	NA	249	710	14.2071
S100A6	NA	24944	683	1479.49
S100A7	NA	0	439	0
S100A7A	NA	1	4279	0.00946724
S100A7L2	NA	0	480	0
S100A8	NA	0	523	0
S100A9	NA	1	577	0.0702086
S100B	NA	2	1135	0.0713839
S100G	NA	0	453	0
S100P	NA	0	510	0
S100PBP	NA	935	4435	8.54051
S100Z	NA	101	1147	3.56717
S1PR1	NA	0	3050	0
S1PR2	NA	312	3584	3.52657
S1PR3	NA	32	4388	0.295426
S1PR4	NA	1	1595	0.0253983
S1PR5	NA	137	2510	2.21112
SAA1	NA	72	677	4.30834
SAA2	NA	48	2331	0.83419
SAA2-SAA4	NA	40	850	1.90637
SAA3P	NA	1	642	0.0631002
SAA4	NA	2	665	0.121836
SAAL1	NA	998	1531	26.4071
SAC3D1	NA	1268	1567	32.7805
SACM1L	NA	1111	3707	12.1411
SACS	NA	1555	15860	3.97185
SACS-AS1	NA	1	2234	0.0181335
SAE1	NA	6766	2618	104.696
SAFB	NA	4771	3112	62.1063
SAFB2	NA	4532	3318	55.3324
SAG	NA	1	1749	0.023162
SAGE1	NA	0	3046	0
SALL1	NA	0	5360	0
SALL2	NA	983	5274	7.55056
SALL3	NA	9	5550	0.0656924
SALL4	NA	2159	3484	25.1039
SALRNA1	NA	1	1201	0.0337305
SALRNA2	NA	0	2066	0
SALRNA3	NA	0	1021	0
SAMD1	NA	1489	1299	46.4356
SAMD10	NA	10	2181	0.185742
SAMD11	NA	3822	2554	60.6228
SAMD12	NA	1	10491	0.00386144
SAMD12-AS1	NA	0	701	0
SAMD13	NA	11	1803	0.247151
SAMD14	NA	33	3300	0.405103
SAMD15	NA	52	2025	1.04027
SAMD3	NA	2	2620	0.0309239
SAMD4A	NA	431	7051	2.47624
SAMD4B	NA	2082	4499	18.7469
SAMD5	NA	9	6324	0.0576523
SAMD7	NA	1	2505	0.0161718
SAMD8	NA	1100	7009	6.35774
SAMD9	NA	0	6855	0
SAMD9L	NA	0	7155	0
SAMHD1	NA	416	3189	5.28451
SAMM50	NA	1415	1756	32.6436
SAMSN1	NA	1	2465	0.0164342
SAMSN1-AS1	NA	1	840	0.0482266
SAP130	NA	1757	4173	17.0565
SAP18	NA	3802	2301	66.9362
SAP25	NA	22	835	1.06734
SAP30	NA	348	1109	12.712
SAP30BP	NA	1635	2827	23.4292
SAP30L	NA	325	6269	2.10015
SAP30L-AS1	NA	5	3450	0.0587106
SAPCD1	NA	485	5473	3.5899
SAPCD1-AS1	NA	403	3810	4.28495
SAPCD2	NA	1320	3833	13.9509
SAR1A	NA	3045	3071	40.1674
SAR1B	NA	974	6651	5.9325
SARAF	NA	2499	2155	46.977
SARDH	NA	171	3481	1.99002
SARM1	NA	2265	7293	12.5814
SARNP	NA	2040	1308	63.1813
SARS	NA	4730	4884	39.233
SARS2	NA	1126	2136	21.3552
SART1	NA	1786	3601	20.092
SART3	NA	3278	4370	30.3874
SASH1	NA	249	7709	1.30848
SASH3	NA	2	2693	0.0300857
SASS6	NA	431	4038	4.32391
SAT1	NA	11659	1187	397.902
SAT2	NA	1994	963	83.8812
SATB1	NA	12	5861	0.0829422
SATB1-AS1	NA	0	843	0
SATB2	NA	10	6337	0.0639267
SATB2-AS1	NA	0	3316	0
SATL1	NA	51	2152	0.96005
SAV1	NA	706	3141	9.10548
SAXO1	NA	0	2313	0
SAXO2	NA	11	3130	0.142369
SAYSD1	NA	374	6425	2.35811
SBDS	NA	3388	1605	85.5134
SBDSP1	NA	1407	1796	31.7361
SBF1	NA	2622	8053	13.1899
SBF1P1	NA	21	6125	0.138893
SBF2	NA	960	7439	5.22784
SBF2-AS1	NA	908	2708	13.5832
SBK1	NA	1072	4992	8.69934
SBK2	NA	84	1062	3.20421
SBK3	NA	6	1269	0.191538
SBNO1	NA	2660	10981	9.81309
SBNO2	NA	1860	5110	14.7454
SBSN	NA	54	1986	1.10149
SBSPON	NA	27	3798	0.287988
SC5D	NA	769	7157	4.35272
SCAF1	NA	4139	4313	38.876
SCAF11	NA	2656	7596	14.1648
SCAF4	NA	2133	4269	20.2409
SCAF8	NA	1644	5251	12.6831
SCAI	NA	341	12210	1.13137
SCAMP1	NA	1089	6256	7.05175
SCAMP1-AS1	NA	244	1550	6.37711
SCAMP2	NA	952	1291	29.8728
SCAMP3	NA	1513	1572	38.9899
SCAMP4	NA	1392	2526	22.324
SCAMP5	NA	848	3540	9.70417
SCAND1	NA	1892	1510	50.7586
SCAND2P	NA	301	4509	2.70428
SCAP	NA	2445	4255	23.278
SCAPER	NA	215	5035	1.72984
SCARA3	NA	68	3832	0.718868
SCARA5	NA	0	4151	0
SCARB1	NA	4740	2742	70.0288
SCARB2	NA	2281	4767	19.3841
SCARF1	NA	28	3522	0.322058
SCARF2	NA	1580	3508	18.2458
SCARNA1	NA	0	166	0
SCARNA10	NA	0	330	0
SCARNA11	NA	0	137	0
SCARNA12	NA	59	270	8.85226
SCARNA13	NA	7	275	1.03117
SCARNA14	NA	0	137	0
SCARNA15	NA	2	127	0.637958
SCARNA16	NA	11	187	2.38296
SCARNA17	NA	8	421	0.769793
SCARNA18	NA	0	134	0
SCARNA2	NA	3	420	0.28936
SCARNA20	NA	2	130	0.623236
SCARNA21	NA	0	138	0
SCARNA22	NA	2	125	0.648165
SCARNA23	NA	0	130	0
SCARNA27	NA	1	126	0.321511
SCARNA3	NA	0	144	0
SCARNA4	NA	1	129	0.314034
SCARNA5	NA	0	278	0
SCARNA6	NA	0	266	0
SCARNA7	NA	3	330	0.368276
SCARNA8	NA	0	131	0
SCARNA9	NA	16	353	1.83616
SCARNA9L	NA	7	348	0.814863
SCART1	NA	18	4900	0.148813
SCCPDH	NA	1411	2475	23.095
SCD	NA	23957	5468	177.488
SCD5	NA	479	4294	4.51897
SCEL	NA	1	3226	0.0125575
SCEL-AS1	NA	0	569	0
SCFD1	NA	331	2295	5.84267
SCFD2	NA	447	3174	5.70514
SCG2	NA	624	2572	9.82832
SCG3	NA	3	3310	0.0367163
SCG5	NA	6	1244	0.195387
SCGB1A1	NA	1	452	0.0896246
SCGB1B2P	NA	5	602	0.336465
SCGB1C1	NA	0	431	0
SCGB1C2	NA	0	358	0
SCGB1D1	NA	0	429	0
SCGB1D2	NA	0	438	0
SCGB1D4	NA	1	434	0.0933418
SCGB2A1	NA	0	521	0
SCGB2A2	NA	0	506	0
SCGB2B2	NA	0	427	0
SCGB2B3P	NA	0	180	0
SCGB3A1	NA	0	466	0
SCGB3A2	NA	0	518	0
SCGN	NA	1	1479	0.0273904
SCHIP1	NA	560	2984	7.60248
SCHLAP1	NA	0	1675	0
SCIMP	NA	15	2423	0.250786
SCIN	NA	3	3297	0.0368611
SCLT1	NA	234	5607	1.69064
SCLY	NA	608	2527	9.74685
SCMH1	NA	803	3801	8.55822
SCML1	NA	47	2937	0.648276
SCML2	NA	287	4198	2.76953
SCML4	NA	1	4962	0.00816411
SCN10A	NA	0	5874	0
SCN11A	NA	6	6523	0.0372623
SCN1A	NA	2	8342	0.00971238
SCN1B	NA	48	1979	0.982565
SCN2A	NA	8	9191	0.0352609
SCN2B	NA	0	4922	0
SCN3A	NA	1	9217	0.00439518
SCN3B	NA	22	6066	0.146922
SCN4A	NA	1	7805	0.00519031
SCN4B	NA	2	4819	0.0168128
SCN5A	NA	21	8597	0.0989551
SCN7A	NA	0	7280	0
SCN8A	NA	184	11556	0.645024
SCN9A	NA	0	9760	0
SCNM1	NA	686	2085	13.3286
SCNN1A	NA	2257	3822	23.9225
SCNN1B	NA	0	2597	0
SCNN1D	NA	144	3054	1.91011
SCNN1G	NA	2	3499	0.0231554
SCO1	NA	2801	1754	64.6918
SCO2	NA	743	1360	22.1317
SCOC	NA	1228	2350	21.1688
SCOC-AS1	NA	15	2017	0.301267
SCP2	NA	1119	3700	12.2516
SCP2D1	NA	0	666	0
SCPEP1	NA	399	1945	8.31035
SCRG1	NA	3	903	0.134586
SCRIB	NA	4928	5218	38.2589
SCRN1	NA	4638	5552	33.8413
SCRN2	NA	903	1834	19.9459
SCRN3	NA	126	3053	1.6719
SCRT1	NA	10	3778	0.107227
SCRT2	NA	1	3577	0.0113252
SCT	NA	1	514	0.0788139
SCTR	NA	3	1823	0.0666654
SCUBE1	NA	338	3868	3.53994
SCUBE2	NA	11	4707	0.0946704
SCUBE3	NA	159	7713	0.835102
SCX	NA	108	2006	2.18102
SCYL1	NA	1815	2649	27.7562
SCYL2	NA	574	3804	6.11276
SCYL3	NA	403	3090	5.28339
SDAD1	NA	2505	3104	32.6928
SDC1	NA	2147	3373	25.7859
SDC2	NA	139	3485	1.61576
SDC3	NA	2708	5121	21.422
SDC4	NA	1196	2612	18.5491
SDC4P	NA	0	467	0
SDCBP	NA	7163	2167	133.907
SDCBP2	NA	17	1794	0.383877
SDCBP2-AS1	NA	60	2694	0.902235
SDCCAG3	NA	3061	2379	52.1236
SDCCAG8	NA	266	2617	4.1176
SDE2	NA	903	4009	9.12468
SDF2	NA	917	1582	23.4817
SDF2L1	NA	519	874	24.0559
SDF4	NA	4213	2138	79.827
SDHA	NA	3612	2790	52.4456
SDHAF1	NA	722	1131	25.8607
SDHAF2	NA	909	1219	30.2083
SDHAF3	NA	590	2057	11.6194
SDHAF4	NA	152	525	11.7287
SDHAP1	NA	781	2491	12.7012
SDHAP2	NA	465	2303	8.17946
SDHAP3	NA	767	1152	26.9717
SDHB	NA	2640	1145	93.4037
SDHC	NA	2817	2879	39.6379
SDHD	NA	2156	1579	55.3137
SDK1	NA	1	10619	0.00381489
SDK2	NA	103	10722	0.389159
SDPR	NA	6	3250	0.0747883
SDR16C5	NA	0	3037	0
SDR16C6P	NA	0	525	0
SDR39U1	NA	1347	1401	38.9489
SDR42E1	NA	3	2775	0.043795
SDR9C7	NA	1	1765	0.022952
SDS	NA	21	1604	0.530372
SDSL	NA	495	1418	14.1415
SEBOX	NA	1	573	0.0706987
SEC11A	NA	3202	1643	78.9495
SEC11C	NA	585	823	28.7953
SEC13	NA	3517	2174	65.5358
SEC14L1	NA	2791	6245	18.1048
SEC14L1P1	NA	69	2572	1.08679
SEC14L2	NA	619	4855	5.16496
SEC14L3	NA	0	2372	0
SEC14L4	NA	0	2517	0
SEC14L5	NA	19	6456	0.119222
SEC14L6	NA	0	1261	0
SEC16A	NA	4254	9358	18.4154
SEC16B	NA	1	4024	0.0100672
SEC1P	NA	322	2649	4.92425
SEC22A	NA	315	3416	3.73558
SEC22B	NA	928	1883	19.9647
SEC22C	NA	1621	6524	10.0655
SEC23A	NA	2680	3841	28.2655
SEC23B	NA	1743	3747	18.8443
SEC23IP	NA	1385	7306	7.67955
SEC24A	NA	945	7059	5.42319
SEC24B	NA	680	4782	5.76057
SEC24B-AS1	NA	23	957	0.973603
SEC24C	NA	1875	4545	16.7122
SEC24D	NA	309	4063	3.0809
SEC31A	NA	4463	4273	42.3116
SEC31B	NA	409	4612	3.59253
SEC61A1	NA	9110	3636	101.499
SEC61A2	NA	1184	3503	13.6923
SEC61B	NA	2467	562	177.827
SEC61G	NA	2294	466	199.422
SEC62	NA	1960	6541	12.1389
SEC63	NA	2276	6500	14.1849
SECISBP2	NA	407	3725	4.42623
SECISBP2L	NA	585	7176	3.30247
SECTM1	NA	95	2282	1.68645
SEH1L	NA	1707	3506	19.7237
SEL1L	NA	742	8576	3.50498
SEL1L2	NA	0	2671	0
SEL1L3	NA	4168	4754	35.5168
SELE	NA	1	3875	0.0104543
SELENBP1	NA	4	1962	0.0825899
SELK	NA	530	818	26.2475
SELL	NA	3	2495	0.0487098
SELM	NA	1032	691	60.5017
SELO	NA	801	2315	14.0168
SELP	NA	1	3171	0.0127753
SELPLG	NA	8	2784	0.116409
SELT	NA	1144	3490	13.279
SELV	NA	208	1704	4.94492
SEMA3A	NA	1	5659	0.00715857
SEMA3B	NA	774	3366	9.31521
SEMA3B-AS1	NA	2	338	0.239706
SEMA3C	NA	13	5174	0.101785
SEMA3D	NA	15	6258	0.0971005
SEMA3E	NA	2	6729	0.0120405
SEMA3F	NA	2066	3516	23.8039
SEMA3G	NA	9	4700	0.077573
SEMA4A	NA	52	3453	0.61006
SEMA4B	NA	976	3942	10.03
SEMA4C	NA	948	3552	10.8119
SEMA4D	NA	242	6793	1.44318
SEMA4F	NA	351	6107	2.32833
SEMA4G	NA	902	4401	8.30273
SEMA5A	NA	5	11808	0.0171538
SEMA5B	NA	4	5707	0.0283934
SEMA6A	NA	21	6982	0.121844
SEMA6A-AS1	NA	4	967	0.167571
SEMA6B	NA	6001	3942	61.6698
SEMA6C	NA	121	4022	1.21873
SEMA6D	NA	0	6959	0
SEMA7A	NA	532	3447	6.25225
SEMG1	NA	0	1663	0
SEMG2	NA	0	1982	0
SENCR	NA	0	1298	0
SENP1	NA	743	5419	5.55438
SENP2	NA	962	3194	12.2013
SENP3	NA	2891	2494	46.9589
SENP3-EIF4A1	NA	28616	4304	269.341
SENP5	NA	1424	6307	9.14646
SENP6	NA	1985	7986	10.0692
SENP7	NA	126	5173	0.98672
SENP8	NA	88	2295	1.55334
SEP15	NA	3370	1840	74.1956
SEPHS1	NA	2740	3260	34.0486
SEPHS2	NA	1999	2351	34.445
SEPN1	NA	4424	4332	41.3707
SEPP1	NA	16	2203	0.294219
SEPSECS	NA	378	5645	2.71265
SEPSECS-AS1	NA	9	1120	0.325529
SEPT1	NA	55	1592	1.39954
SEPT10	NA	345	3256	4.2924
SEPT11	NA	4166	5803	29.0826
SEPT12	NA	1	1524	0.0265816
SEPT14	NA	0	3785	0
SEPT2	NA	11578	4196	111.78
SEPT3	NA	158	4656	1.37471
SEPT4	NA	11	3148	0.141555
SEPT4-AS1	NA	6	653	0.372224
SEPT5	NA	353	2457	5.82017
SEPT5-GP1BB	NA	460	4671	3.98946
SEPT6	NA	889	5714	6.30271
SEPT7	NA	3535	4348	32.9356
SEPT7-AS1	NA	4	806	0.201044
SEPT7P2	NA	224	2237	4.05647
SEPT7P9	NA	68	671	4.10537
SEPT8	NA	1066	5904	7.31437
SEPT9	NA	5773	7303	32.0233
SEPW1	NA	1802	880	82.9541
SERAC1	NA	214	4287	2.02221
SERBP1	NA	16560	6764	99.1797
SERF1A	NA	1124	4594	9.91154
SERF1B	NA	1124	4566	9.97232
SERF2	NA	7464	3925	77.0367
SERF2-C15ORF63	NA	1505	1776	34.3289
SERGEF	NA	220	1650	5.40138
SERHL	NA	421	1357	12.5681
SERHL2	NA	223	2145	4.21156
SERINC1	NA	2840	3128	36.7805
SERINC2	NA	284	3549	3.24174
SERINC3	NA	1001	2725	14.881
SERINC4	NA	141	2535	2.25324
SERINC5	NA	522	7345	2.87902
SERP1	NA	3057	3172	39.0416
SERP2	NA	0	784	0
SERPINA1	NA	0	3687	0
SERPINA10	NA	3	2536	0.0479223
SERPINA11	NA	0	1471	0
SERPINA12	NA	0	2276	0
SERPINA13P	NA	0	1718	0
SERPINA2	NA	0	1060	0
SERPINA3	NA	1	1590	0.0254782
SERPINA4	NA	0	2009	0
SERPINA5	NA	0	2337	0
SERPINA6	NA	0	1492	0
SERPINA7	NA	0	1596	0
SERPINA9	NA	1	1939	0.0208924
SERPINB1	NA	0	2794	0
SERPINB10	NA	0	1194	0
SERPINB11	NA	0	1918	0
SERPINB12	NA	0	3594	0
SERPINB13	NA	0	3207	0
SERPINB2	NA	0	2166	0
SERPINB3	NA	0	1777	0
SERPINB4	NA	0	1770	0
SERPINB5	NA	2	2633	0.0307712
SERPINB6	NA	2617	3032	34.9656
SERPINB7	NA	0	2367	0
SERPINB8	NA	5	3786	0.0535002
SERPINB9	NA	794	4150	7.75065
SERPINB9P1	NA	0	1252	0
SERPINC1	NA	2	1599	0.0506696
SERPIND1	NA	0	2221	0
SERPINE1	NA	13249	3190	168.251
SERPINE2	NA	260	3049	3.45447
SERPINE3	NA	4	1441	0.112451
SERPINF1	NA	4141	1533	109.428
SERPINF2	NA	76	2345	1.31291
SERPING1	NA	890	1983	18.1816
SERPINH1	NA	9885	2320	172.605
SERPINI1	NA	6	1989	0.122203
SERPINI2	NA	0	1769	0
SERTAD1	NA	1567	1204	52.724
SERTAD2	NA	3111	5548	22.7159
SERTAD3	NA	1404	1679	33.8752
SERTAD4	NA	462	2008	9.32061
SERTAD4-AS1	NA	231	800	11.6974
SERTM1	NA	0	3206	0
SESN1	NA	1072	3631	11.9601
SESN2	NA	4611	3528	52.9459
SESN3	NA	31	9828	0.12778
SESTD1	NA	42	10448	0.162848
SET	NA	22833	3452	267.953
SETBP1	NA	0	10972	0
SETD1A	NA	1753	6449	11.0117
SETD1B	NA	854	8195	4.22158
SETD2	NA	2047	8433	9.83335
SETD3	NA	1547	3300	18.9908
SETD4	NA	697	3713	7.60455
SETD5	NA	2114	7110	12.0448
SETD6	NA	925	2979	12.5787
SETD7	NA	521	8632	2.44507
SETD8	NA	1075	2751	15.8301
SETD9	NA	129	1922	2.71896
SETDB1	NA	697	4659	6.06046
SETDB2	NA	798	6221	5.19647
SETMAR	NA	486	3038	6.48059
SETSIP	NA	1179	1037	46.0576
SETX	NA	2575	11016	9.46933
SEZ6	NA	4	4297	0.0377103
SEZ6L	NA	0	6573	0
SEZ6L2	NA	2661	3557	30.3059
SF1	NA	9232	4227	88.4768
SF3A1	NA	7082	5143	55.7834
SF3A2	NA	4032	1650	98.9925
SF3A3	NA	6215	2836	88.7771
SF3B1	NA	8444	5969	57.3076
SF3B2	NA	6493	2894	90.8893
SF3B3	NA	5435	9720	22.6516
SF3B4	NA	6266	1993	127.365
SF3B5	NA	4554	737	250.318
SF3B6	NA	6034	771	317.042
SFI1	NA	391	4391	3.60727
SFMBT1	NA	216	4558	1.91975
SFMBT2	NA	18	8064	0.0904249
SFN	NA	3311	1315	102
SFPQ	NA	15438	3073	203.514
SFR1	NA	214	1529	5.66986
SFRP1	NA	134	4467	1.21522
SFRP2	NA	1	1990	0.020357
SFRP4	NA	2	2973	0.0272522
SFRP5	NA	21	1883	0.451788
SFSWAP	NA	1503	3405	17.8817
SFT2D1	NA	1214	1117	44.0282
SFT2D2	NA	72	856	3.40741
SFT2D3	NA	563	2811	8.1136
SFTA1P	NA	10	693	0.584565
SFTA2	NA	1	2724	0.0148716
SFTA3	NA	0	1486	0
SFTPA1	NA	1	2278	0.0177833
SFTPA2	NA	0	2201	0
SFTPB	NA	0	3667	0
SFTPC	NA	0	1189	0
SFTPD	NA	2	1283	0.0631494
SFXN1	NA	2556	2991	34.6187
SFXN2	NA	460	2562	7.27352
SFXN3	NA	559	3090	7.32857
SFXN4	NA	627	1509	16.8323
SFXN5	NA	681	4140	6.66366
SGCA	NA	49	1433	1.38521
SGCB	NA	651	4279	6.16318
SGCD	NA	0	10144	0
SGCE	NA	263	1810	5.88631
SGCG	NA	1	1655	0.0244775
SGCZ	NA	0	2178	0
SGIP1	NA	0	11104	0
SGK1	NA	272	3965	2.77902
SGK2	NA	5	2457	0.0824386
SGK223	NA	50	4714	0.429681
SGK3	NA	151	4608	1.32749
SGK494	NA	126	3779	1.3507
SGMS1	NA	292	3753	3.15188
SGMS1-AS1	NA	13	2585	0.203727
SGMS2	NA	4	6543	0.0247656
SGOL1	NA	411	3735	4.45776
SGOL1-AS1	NA	70	819	3.46242
SGOL2	NA	709	4676	6.14239
SGPL1	NA	1249	5769	8.77057
SGPP1	NA	442	3365	5.32112
SGPP2	NA	15	1200	0.506379
SGSH	NA	734	2768	10.7423
SGSM1	NA	7	6124	0.0463051
SGSM2	NA	991	4867	8.24856
SGSM3	NA	946	3018	12.6981
SGTA	NA	5657	2315	98.9922
SGTB	NA	674	5453	5.00715
SH2B1	NA	1266	5571	9.2059
SH2B2	NA	211	1946	4.39244
SH2B3	NA	570	5572	4.14409
SH2D1A	NA	0	2517	0
SH2D1B	NA	0	2535	0
SH2D2A	NA	321	1845	7.04814
SH2D3A	NA	222	2356	3.81719
SH2D3C	NA	170	4255	1.61851
SH2D4A	NA	0	3503	0
SH2D4B	NA	0	4101	0
SH2D5	NA	2450	3834	25.8869
SH2D6	NA	14	894	0.63439
SH2D7	NA	2	1892	0.0428228
SH3BGR	NA	61	1286	1.92156
SH3BGRL	NA	661	2062	12.9861
SH3BGRL2	NA	493	4646	4.29866
SH3BGRL3	NA	3449	1115	125.31
SH3BP1	NA	661	2576	10.3949
SH3BP2	NA	225	9790	0.931034
SH3BP4	NA	1210	5183	9.45736
SH3BP5	NA	383	3559	4.3595
SH3BP5-AS1	NA	393	5575	2.85571
SH3BP5L	NA	1344	3182	17.1106
SH3D19	NA	1117	5553	8.14876
SH3D21	NA	122	2579	1.91635
SH3GL1	NA	3777	2540	60.2392
SH3GL1P1	NA	40	2497	0.648944
SH3GL1P2	NA	24	2490	0.390461
SH3GL2	NA	2	2733	0.0296453
SH3GL3	NA	8	2514	0.128911
SH3GLB1	NA	711	6488	4.4394
SH3GLB2	NA	1075	2305	18.8931
SH3KBP1	NA	409	5072	3.2667
SH3PXD2A	NA	1863	11247	6.7103
SH3PXD2A-AS1	NA	0	2023	0
SH3PXD2B	NA	697	7975	3.54053
SH3RF1	NA	5	5265	0.0384714
SH3RF2	NA	157	3043	2.09008
SH3RF3	NA	7	5614	0.0505116
SH3RF3-AS1	NA	3	2792	0.0435283
SH3TC1	NA	2	4260	0.0190189
SH3TC2	NA	1	26580	0.00152409
SH3YL1	NA	156	7230	0.874082
SHANK1	NA	126	6643	0.768373
SHANK2	NA	1	10646	0.00380522
SHANK2-AS1	NA	0	2252	0
SHANK2-AS3	NA	0	1683	0
SHANK3	NA	1406	7054	8.0745
SHARPIN	NA	1199	1816	26.7466
SHB	NA	1053	6021	7.08477
SHBG	NA	31	1550	0.810207
SHC1	NA	13227	3717	144.157
SHC2	NA	660	2494	10.7205
SHC3	NA	0	9768	0
SHC4	NA	10	4556	0.0889165
SHCBP1	NA	594	3232	7.44528
SHCBP1L	NA	0	2365	0
SHD	NA	4	2576	0.0629042
SHE	NA	5	6183	0.0327595
SHF	NA	196	3115	2.54896
SHFM1	NA	4750	498	386.394
SHH	NA	2	1576	0.0514091
SHISA2	NA	1	2889	0.0140223
SHISA3	NA	10	1971	0.205532
SHISA4	NA	9	1661	0.219502
SHISA5	NA	3739	3486	43.4504
SHISA6	NA	0	7415	0
SHISA7	NA	64	6035	0.429604
SHISA8	NA	64	1405	1.84531
SHISA9	NA	635	9899	2.59865
SHKBP1	NA	895	2365	15.3306
SHMT1	NA	1557	2553	24.7061
SHMT2	NA	2603	2862	36.8443
SHOC2	NA	770	3947	7.90295
SHOX	NA	0	8768	0
SHOX2	NA	29	3223	0.364505
SHPK	NA	1002	3838	10.5762
SHPRH	NA	596	7360	3.28046
SHQ1	NA	738	2848	10.4974
SHROOM1	NA	269	4113	2.64947
SHROOM2	NA	6	7445	0.0326477
SHROOM3	NA	1670	11019	6.1396
SHROOM4	NA	4	9560	0.0169499
SHTN1	NA	310	5936	2.1156
SI	NA	0	6011	0
SIAE	NA	691	3278	8.53955
SIAH1	NA	764	2498	12.3899
SIAH2	NA	616	2620	9.52457
SIAH3	NA	0	3994	0
SIDT1	NA	0	5017	0
SIDT2	NA	765	3919	7.90773
SIGIRR	NA	759	1847	16.6472
SIGLEC1	NA	1	6720	0.00602832
SIGLEC10	NA	74	3394	0.883254
SIGLEC11	NA	9	3165	0.115195
SIGLEC12	NA	0	2351	0
SIGLEC14	NA	19	2113	0.364267
SIGLEC15	NA	2	1505	0.0538343
SIGLEC16	NA	7	1609	0.176241
SIGLEC17P	NA	0	1564	0
SIGLEC5	NA	13	2523	0.208733
SIGLEC6	NA	1	2155	0.0187983
SIGLEC7	NA	0	1754	0
SIGLEC8	NA	0	2949	0
SIGLEC9	NA	1	2020	0.0200546
SIGLECL1	NA	0	2183	0
SIGMAR1	NA	5178	1734	120.97
SIK1	NA	1883	4703	16.2196
SIK2	NA	4003	5742	28.2415
SIK3	NA	1160	6475	7.25745
SIKE1	NA	1402	5553	10.2279
SIL1	NA	1386	1988	28.2431
SIM1	NA	0	3995	0
SIM2	NA	190	5225	1.4731
SIMC1	NA	622	3920	6.42792
SIN3A	NA	2213	6991	12.8235
SIN3B	NA	1459	5555	10.6399
SIPA1	NA	376	3706	4.11006
SIPA1L1	NA	804	8492	3.83541
SIPA1L2	NA	0	6488	0
SIPA1L3	NA	531	7994	2.69089
SIRPA	NA	477	4478	4.31519
SIRPB1	NA	45	4479	0.407003
SIRPB2	NA	1	2833	0.0142994
SIRPD	NA	0	812	0
SIRPG	NA	0	1716	0
SIRPG-AS1	NA	0	2796	0
SIRT1	NA	972	4313	9.12962
SIRT2	NA	3635	2399	61.3819
SIRT3	NA	841	2902	11.7399
SIRT4	NA	70	1210	2.34357
SIRT5	NA	469	5897	3.22187
SIRT6	NA	783	1636	19.3885
SIRT7	NA	1302	1731	30.4705
SIT1	NA	0	1236	0
SIVA1	NA	1404	771	73.7698
SIX1	NA	22	2687	0.331681
SIX2	NA	0	2154	0
SIX3	NA	0	2523	0
SIX3-AS1	NA	0	1169	0
SIX4	NA	631	6275	4.07363
SIX5	NA	984	3331	11.967
SIX6	NA	0	1475	0
SKA1	NA	446	2918	6.19178
SKA2	NA	1512	3147	19.4635
SKA3	NA	1052	2919	14.5998
SKAP1	NA	5	1576	0.128523
SKAP2	NA	95	4271	0.901073
SKI	NA	2580	5707	18.3138
SKIDA1	NA	1090	6596	6.6944
SKIL	NA	1144	7275	6.37029
SKINTL	NA	0	1511	0
SKIV2L	NA	20932	24407	34.7426
SKIV2L2	NA	1894	4204	18.2509
SKOR1	NA	35	2607	0.543867
SKOR2	NA	1	3090	0.0131101
SKP1	NA	5494	2699	82.4616
SKP1P2	NA	504	1882	10.8487
SKP2	NA	1023	3504	11.8271
SLA	NA	1	3617	0.0112
SLA2	NA	48	2554	0.761353
SLAIN1	NA	15	3547	0.171315
SLAIN2	NA	729	6011	4.913
SLAMF1	NA	0	2303	0
SLAMF6	NA	0	2746	0
SLAMF7	NA	4	2933	0.0552476
SLAMF8	NA	0	3300	0
SLAMF9	NA	0	1156	0
SLBP	NA	2969	2232	53.8867
SLC10A1	NA	1	1631	0.0248377
SLC10A2	NA	0	3779	0
SLC10A3	NA	640	2161	11.9975
SLC10A4	NA	2	2118	0.0382534
SLC10A5	NA	5	1317	0.153798
SLC10A6	NA	0	1502	0
SLC10A7	NA	92	5013	0.743457
SLC11A1	NA	13	3852	0.136717
SLC11A2	NA	890	6805	5.29819
SLC12A1	NA	1	4805	0.00843087
SLC12A2	NA	682	6926	3.98903
SLC12A3	NA	1	5567	0.00727687
SLC12A4	NA	1635	5026	13.1784
SLC12A5	NA	63	6256	0.407953
SLC12A6	NA	930	8295	4.54185
SLC12A7	NA	909	5304	6.94267
SLC12A8	NA	9	3515	0.103725
SLC12A9	NA	1036	3567	11.7658
SLC13A1	NA	0	3797	0
SLC13A2	NA	0	2645	0
SLC13A3	NA	37	4235	0.353927
SLC13A4	NA	159	2894	2.22569
SLC13A5	NA	3	3289	0.0369507
SLC14A1	NA	0	4441	0
SLC14A2	NA	0	4455	0
SLC14A2-AS1	NA	0	3247	0
SLC15A1	NA	1	3127	0.012955
SLC15A2	NA	4	5523	0.0293394
SLC15A3	NA	65	2116	1.24441
SLC15A4	NA	697	2789	10.124
SLC15A5	NA	0	2923	0
SLC16A1	NA	4098	4668	35.5637
SLC16A1-AS1	NA	66	1504	1.77771
SLC16A10	NA	93	2891	1.30317
SLC16A11	NA	8	1803	0.179746
SLC16A12	NA	4	4622	0.0350587
SLC16A12-AS1	NA	0	562	0
SLC16A13	NA	297	1748	6.88305
SLC16A14	NA	378	4398	3.48179
SLC16A2	NA	1610	4141	15.7502
SLC16A3	NA	3336	2482	54.449
SLC16A4	NA	11	2649	0.16822
SLC16A5	NA	494	2121	9.43522
SLC16A6	NA	92	3955	0.942339
SLC16A7	NA	0	12407	0
SLC16A8	NA	8	1896	0.17093
SLC16A9	NA	541	3987	5.49689
SLC17A1	NA	0	1843	0
SLC17A2	NA	0	2566	0
SLC17A3	NA	0	1808	0
SLC17A4	NA	0	3700	0
SLC17A5	NA	497	3314	6.07533
SLC17A6	NA	0	3922	0
SLC17A7	NA	353	2976	4.80516
SLC17A8	NA	1	3983	0.0101708
SLC17A9	NA	41	2654	0.625819
SLC18A1	NA	5	2957	0.068499
SLC18A2	NA	168	3872	1.75768
SLC18A3	NA	23	2420	0.385016
SLC18B1	NA	360	2425	6.01391
SLC19A1	NA	1531	2963	20.9319
SLC19A2	NA	373	3636	4.15576
SLC19A3	NA	0	3767	0
SLC1A1	NA	121	3739	1.31098
SLC1A2	NA	1	12437	0.00325724
SLC1A3	NA	8	4863	0.0666425
SLC1A4	NA	496	4778	4.20534
SLC1A5	NA	5199	3206	65.6935
SLC1A6	NA	130	4108	1.28197
SLC1A7	NA	0	3599	0
SLC20A1	NA	6462	3377	77.5179
SLC20A2	NA	575	4448	5.23684
SLC22A1	NA	9	1906	0.191287
SLC22A10	NA	0	2574	0
SLC22A11	NA	7	3885	0.0729916
SLC22A12	NA	0	3211	0
SLC22A13	NA	0	2560	0
SLC22A14	NA	0	1977	0
SLC22A15	NA	1	4720	0.0085827
SLC22A16	NA	4	1985	0.0816329
SLC22A17	NA	306	2458	5.04319
SLC22A18	NA	191	1625	4.76152
SLC22A18AS	NA	34	2299	0.599109
SLC22A2	NA	0	2512	0
SLC22A20	NA	14	2892	0.196108
SLC22A23	NA	571	7146	3.23697
SLC22A24	NA	0	2490	0
SLC22A25	NA	0	1644	0
SLC22A3	NA	0	3241	0
SLC22A31	NA	111	1860	2.41755
SLC22A4	NA	16	2192	0.295696
SLC22A5	NA	163	3352	1.96992
SLC22A6	NA	0	2222	0
SLC22A7	NA	0	2559	0
SLC22A8	NA	0	2184	0
SLC22A9	NA	0	2308	0
SLC23A1	NA	3	2361	0.0514744
SLC23A2	NA	901	7056	5.17288
SLC23A3	NA	4	2418	0.0670146
SLC24A1	NA	271	6654	1.64988
SLC24A2	NA	0	10840	0
SLC24A3	NA	0	3889	0
SLC24A4	NA	3	9873	0.0123094
SLC24A5	NA	93	1617	2.32991
SLC25A1	NA	4164	1946	86.683
SLC25A10	NA	1344	2021	26.9401
SLC25A11	NA	2299	1812	51.398
SLC25A12	NA	348	3998	3.52616
SLC25A13	NA	2617	3193	33.2025
SLC25A14	NA	181	1743	4.20675
SLC25A15	NA	1538	4021	15.4949
SLC25A16	NA	254	2246	4.58131
SLC25A17	NA	1968	2644	30.1529
SLC25A18	NA	52	2140	0.984363
SLC25A19	NA	684	1732	15.9983
SLC25A2	NA	0	1435	0
SLC25A20	NA	231	1892	4.94603
SLC25A21	NA	150	3947	1.53954
SLC25A21-AS1	NA	127	1768	2.90996
SLC25A22	NA	2137	3233	26.7772
SLC25A23	NA	2169	3460	25.3951
SLC25A24	NA	947	3899	9.83926
SLC25A25	NA	662	4395	6.1019
SLC25A25-AS1	NA	70	3842	0.738085
SLC25A26	NA	408	2758	5.99283
SLC25A27	NA	1	2986	0.0135668
SLC25A28	NA	597	1555	15.5528
SLC25A29	NA	1023	2767	14.9773
SLC25A3	NA	10532	2037	209.453
SLC25A30	NA	213	3948	2.18559
SLC25A30-AS1	NA	1	701	0.0577894
SLC25A31	NA	0	1812	0
SLC25A32	NA	968	3228	12.1481
SLC25A33	NA	686	1461	19.0213
SLC25A34	NA	41	3073	0.540489
SLC25A35	NA	1263	2785	18.3715
SLC25A36	NA	1345	4661	11.6899
SLC25A37	NA	478	1865	10.3828
SLC25A38	NA	1548	2124	29.5245
SLC25A39	NA	11230	1610	282.566
SLC25A3P1	NA	1	925	0.043795
SLC25A4	NA	630	4420	5.7741
SLC25A40	NA	287	3142	3.70034
SLC25A41	NA	11	1551	0.287307
SLC25A42	NA	130	3269	1.611
SLC25A43	NA	478	2544	7.61161
SLC25A44	NA	888	3824	9.40721
SLC25A45	NA	28	3611	0.314121
SLC25A46	NA	949	4874	7.88763
SLC25A47	NA	1	1733	0.0233758
SLC25A48	NA	18	1199	0.608162
SLC25A5	NA	10696	1351	320.724
SLC25A5-AS1	NA	905	3088	11.8724
SLC25A51	NA	399	4719	3.42522
SLC25A51P1	NA	12	1605	0.302881
SLC25A52	NA	57	1185	1.9486
SLC25A53	NA	2	6224	0.0130175
SLC25A6	NA	16569	2968	226.151
SLC26A1	NA	130	4096	1.28573
SLC26A10	NA	92	2409	1.54709
SLC26A11	NA	350	3053	4.64416
SLC26A2	NA	473	8075	2.37293
SLC26A3	NA	1	2894	0.013998
SLC26A4	NA	4	4928	0.0328818
SLC26A4-AS1	NA	3	3888	0.031258
SLC26A5	NA	1	2885	0.0140417
SLC26A6	NA	1430	2938	19.7174
SLC26A7	NA	3	5933	0.0204839
SLC26A8	NA	1	3608	0.0112279
SLC26A9	NA	0	4798	0
SLC27A1	NA	305	3594	3.43786
SLC27A2	NA	9	2391	0.152486
SLC27A3	NA	60	2413	1.0073
SLC27A4	NA	1268	3196	16.0723
SLC27A5	NA	378	2365	6.4748
SLC27A6	NA	0	2841	0
SLC28A1	NA	0	3438	0
SLC28A2	NA	5	2463	0.0822378
SLC28A3	NA	0	4813	0
SLC29A1	NA	1937	2985	26.2876
SLC29A2	NA	1258	2890	17.6339
SLC29A3	NA	270	2273	4.81205
SLC29A4	NA	567	2891	7.94513
SLC2A1	NA	2782	3670	30.7084
SLC2A1-AS1	NA	46	1124	1.6579
SLC2A10	NA	92	4235	0.880036
SLC2A11	NA	0	3915	0
SLC2A12	NA	96	5599	0.694587
SLC2A13	NA	8	7003	0.0462777
SLC2A14	NA	429	4543	3.82543
SLC2A2	NA	0	3439	0
SLC2A3	NA	2199	3938	22.6212
SLC2A4	NA	81	3149	1.04203
SLC2A4RG	NA	1583	2279	28.1386
SLC2A5	NA	8	2855	0.113514
SLC2A6	NA	603	2546	9.59455
SLC2A7	NA	0	1539	0
SLC2A8	NA	445	2169	8.31125
SLC2A9	NA	0	2079	0
SLC30A1	NA	435	2018	8.73241
SLC30A10	NA	0	2892	0
SLC30A2	NA	68	2499	1.10232
SLC30A3	NA	45	2093	0.870982
SLC30A4	NA	39	4283	0.368878
SLC30A5	NA	1116	4753	9.51179
SLC30A6	NA	877	4965	7.1556
SLC30A7	NA	432	8216	2.13005
SLC30A8	NA	0	5848	0
SLC30A9	NA	1987	3261	24.6839
SLC31A1	NA	1075	4778	9.1144
SLC31A2	NA	88	1774	2.00953
SLC32A1	NA	0	2574	0
SLC33A1	NA	676	3810	7.18766
SLC34A1	NA	3	3461	0.0351144
SLC34A2	NA	3649	4252	34.7653
SLC34A3	NA	17	2303	0.299034
SLC35A1	NA	454	1906	9.64937
SLC35A2	NA	851	3028	11.3852
SLC35A3	NA	257	6081	1.71208
SLC35A4	NA	3578	2933	49.419
SLC35A5	NA	298	3259	3.70423
SLC35B1	NA	1703	1611	42.8238
SLC35B2	NA	1072	2362	18.3857
SLC35B3	NA	600	2499	9.72637
SLC35B4	NA	851	6815	5.05859
SLC35C1	NA	670	3934	6.89932
SLC35C2	NA	1415	2641	21.7047
SLC35D1	NA	597	6460	3.74376
SLC35D2	NA	334	3089	4.3802
SLC35D3	NA	1	2403	0.0168582
SLC35E1	NA	1249	5093	9.9347
SLC35E2	NA	1416	7297	7.86113
SLC35E2B	NA	2094	6421	13.2111
SLC35E3	NA	431	2347	7.43926
SLC35E4	NA	354	2542	5.64149
SLC35F1	NA	13	4852	0.10854
SLC35F2	NA	3987	3170	50.951
SLC35F3	NA	5	3478	0.058238
SLC35F4	NA	0	1720	0
SLC35F5	NA	734	4927	6.03503
SLC35F6	NA	1240	3912	12.8407
SLC35G1	NA	244	2403	4.11341
SLC35G2	NA	636	2060	12.5071
SLC35G3	NA	0	1874	0
SLC35G4	NA	0	1055	0
SLC35G5	NA	2	1201	0.067461
SLC35G6	NA	2	1195	0.0677997
SLC36A1	NA	651	6212	4.24537
SLC36A2	NA	0	3421	0
SLC36A3	NA	1	2983	0.0135804
SLC36A4	NA	1093	6288	7.04163
SLC37A1	NA	7	3094	0.0916523
SLC37A2	NA	10	4196	0.0965451
SLC37A3	NA	976	3350	11.8024
SLC37A4	NA	518	2776	7.55921
SLC38A1	NA	4517	9973	18.3481
SLC38A10	NA	2044	5145	16.0939
SLC38A11	NA	0	1790	0
SLC38A2	NA	5100	4884	42.3019
SLC38A3	NA	149	2471	2.44275
SLC38A4	NA	3	3983	0.0305124
SLC38A5	NA	1514	1996	30.7278
SLC38A6	NA	305	2260	5.4671
SLC38A7	NA	1191	4594	10.5024
SLC38A8	NA	4	1425	0.113713
SLC38A9	NA	424	3163	5.43041
SLC39A1	NA	4765	3097	62.3286
SLC39A10	NA	669	5525	4.90523
SLC39A11	NA	231	2782	3.36373
SLC39A12	NA	0	2808	0
SLC39A12-AS1	NA	0	1966	0
SLC39A13	NA	682	2450	11.2768
SLC39A14	NA	3861	5300	29.5114
SLC39A2	NA	3	1418	0.0857059
SLC39A3	NA	1633	3947	16.7604
SLC39A4	NA	554	2640	8.50103
SLC39A5	NA	17	2108	0.326696
SLC39A6	NA	2236	3679	24.6211
SLC39A7	NA	3585	14724	9.86346
SLC39A8	NA	664	6021	4.46751
SLC39A9	NA	1604	5789	11.2245
SLC3A1	NA	168	2320	2.93351
SLC3A2	NA	5542	2902	77.3633
SLC40A1	NA	19	3355	0.229418
SLC41A1	NA	1856	5017	14.9865
SLC41A2	NA	114	3544	1.3031
SLC41A3	NA	708	2887	9.93464
SLC43A1	NA	395	2639	6.0635
SLC43A2	NA	1002	8801	4.61213
SLC43A3	NA	3	2936	0.0413934
SLC44A1	NA	931	10521	3.58475
SLC44A2	NA	660	3551	7.52938
SLC44A3	NA	38	2577	0.597358
SLC44A4	NA	6119	19079	12.9924
SLC44A5	NA	1	4224	0.00959052
SLC45A1	NA	778	2527	12.4721
SLC45A2	NA	11	3161	0.140972
SLC45A3	NA	186	3382	2.22795
SLC45A4	NA	256	7898	1.31307
SLC46A1	NA	2174	6489	13.5721
SLC46A2	NA	1	2502	0.0161912
SLC46A3	NA	1	3344	0.0121143
SLC47A1	NA	62	3279	0.765978
SLC47A2	NA	4	2397	0.0676017
SLC48A1	NA	792	3034	10.5749
SLC4A1	NA	7	4953	0.0572526
SLC4A10	NA	0	5801	0
SLC4A11	NA	457	3538	5.23268
SLC4A1AP	NA	1163	2970	15.8631
SLC4A2	NA	3690	5762	25.9429
SLC4A3	NA	266	4326	2.49093
SLC4A4	NA	3	8010	0.0151724
SLC4A5	NA	455	6396	2.88183
SLC4A7	NA	1823	8209	8.99627
SLC4A8	NA	148	13202	0.454138
SLC4A9	NA	1	3400	0.0119148
SLC50A1	NA	550	1718	12.969
SLC51A	NA	16	1455	0.445474
SLC51B	NA	7	940	0.301673
SLC52A1	NA	3	2415	0.0503234
SLC52A2	NA	1907	2230	34.6427
SLC52A3	NA	4	2695	0.0601267
SLC5A1	NA	1	5231	0.00774428
SLC5A10	NA	229	2434	3.81137
SLC5A11	NA	2	2505	0.0323436
SLC5A12	NA	0	6253	0
SLC5A2	NA	361	2273	6.43389
SLC5A3	NA	6243	11623	21.7591
SLC5A4	NA	0	2020	0
SLC5A5	NA	141	3576	1.5973
SLC5A6	NA	2320	3604	26.0777
SLC5A7	NA	0	5166	0
SLC5A8	NA	0	3286	0
SLC5A9	NA	0	3274	0
SLC6A1	NA	1	4494	0.00901432
SLC6A1-AS1	NA	0	584	0
SLC6A10P	NA	29	3839	0.306017
SLC6A11	NA	0	1991	0
SLC6A12	NA	8	3971	0.0816124
SLC6A13	NA	37	3088	0.485389
SLC6A14	NA	1	4564	0.00887606
SLC6A15	NA	0	7841	0
SLC6A16	NA	80	2933	1.10495
SLC6A17	NA	1092	6402	6.90992
SLC6A18	NA	0	2121	0
SLC6A19	NA	1	5172	0.00783262
SLC6A2	NA	0	5335	0
SLC6A20	NA	445	5432	3.31869
SLC6A3	NA	6	3934	0.061785
SLC6A4	NA	3	6606	0.0183971
SLC6A5	NA	0	2863	0
SLC6A6	NA	1458	6907	8.55133
SLC6A7	NA	0	3739	0
SLC6A8	NA	599	3654	6.64086
SLC6A9	NA	406	3692	4.45482
SLC7A1	NA	2269	7343	12.5178
SLC7A10	NA	20	1946	0.416345
SLC7A11	NA	412	9648	1.72992
SLC7A11-AS1	NA	324	4654	2.82023
SLC7A13	NA	0	1865	0
SLC7A14	NA	5	10133	0.0199893
SLC7A2	NA	1061	7854	5.47256
SLC7A3	NA	0	2267	0
SLC7A4	NA	0	2313	0
SLC7A5	NA	7630	4543	68.0374
SLC7A5P1	NA	32	615	2.10785
SLC7A5P2	NA	120	2536	1.91689
SLC7A6	NA	2706	6356	17.2468
SLC7A6OS	NA	1234	1629	30.6874
SLC7A7	NA	598	2718	8.91287
SLC7A8	NA	1131	4889	9.37149
SLC7A9	NA	11	1783	0.249924
SLC8A1	NA	2590	6244	16.8036
SLC8A1-AS1	NA	0	1002	0
SLC8A2	NA	72	5111	0.57068
SLC8A3	NA	0	5628	0
SLC8B1	NA	232	2976	3.15806
SLC9A1	NA	906	4742	7.73985
SLC9A2	NA	0	5460	0
SLC9A3	NA	238	2777	3.4719
SLC9A3R1	NA	1086	2016	21.8225
SLC9A3R2	NA	450	2363	7.71462
SLC9A4	NA	0	4138	0
SLC9A5	NA	145	3735	1.57269
SLC9A6	NA	273	4730	2.33812
SLC9A7	NA	284	10034	1.1466
SLC9A7P1	NA	0	3305	0
SLC9A8	NA	259	6321	1.65989
SLC9A9	NA	0	3627	0
SLC9A9-AS1	NA	0	518	0
SLC9B1	NA	149	2375	2.54149
SLC9B2	NA	322	3349	3.89499
SLC9C1	NA	0	4123	0
SLC9C2	NA	1	4427	0.00915074
SLCO1A2	NA	0	7871	0
SLCO1B1	NA	0	2787	0
SLCO1B3	NA	0	3012	0
SLCO1B7	NA	0	1923	0
SLCO1C1	NA	0	3578	0
SLCO2A1	NA	16	4223	0.153485
SLCO2B1	NA	3	4451	0.0273042
SLCO3A1	NA	3	5762	0.0210918
SLCO4A1	NA	474	2776	6.91711
SLCO4A1-AS1	NA	69	1423	1.96431
SLCO4C1	NA	0	5332	0
SLCO5A1	NA	1	4011	0.0100998
SLCO6A1	NA	0	2689	0
SLED1	NA	0	750	0
SLFN11	NA	5	5276	0.0383911
SLFN12	NA	323	2802	4.66982
SLFN12L	NA	1	1767	0.0229261
SLFN13	NA	0	8469	0
SLFN14	NA	0	2882	0
SLFN5	NA	44	4647	0.383571
SLFNL1	NA	30	2155	0.563949
SLFNL1-AS1	NA	88	4800	0.742689
SLIRP	NA	2097	535	158.785
SLIT1	NA	9	7931	0.0459706
SLIT1-AS1	NA	0	689	0
SLIT2	NA	26	6406	0.164419
SLIT2-IT1	NA	0	601	0
SLIT3	NA	0	9734	0
SLITRK1	NA	3	5189	0.0234209
SLITRK2	NA	0	4417	0
SLITRK3	NA	0	4222	0
SLITRK4	NA	0	9244	0
SLITRK5	NA	121	4446	1.10251
SLITRK6	NA	0	4181	0
SLK	NA	1344	7782	6.99639
SLMAP	NA	1084	5625	7.80679
SLMO1	NA	257	1856	5.60946
SLMO2	NA	908	2563	14.3517
SLMO2-ATP5E	NA	6526	1027	257.42
SLN	NA	0	730	0
SLPI	NA	0	596	0
SLTM	NA	4402	4147	43.0013
SLU7	NA	1917	3560	21.8141
SLURP1	NA	0	537	0
SLX1A	NA	3789	2340	65.5956
SLX1A-SULT1A3	NA	3082	4432	28.1708
SLX1B	NA	3789	2340	65.5956
SLX1B-SULT1A4	NA	3082	4432	28.1708
SLX4	NA	449	7291	2.49474
SLX4IP	NA	8	1407	0.230336
SMA4	NA	113	2260	2.02552
SMA5	NA	120	1759	2.76364
SMAD1	NA	239	3117	3.10618
SMAD1-AS1	NA	27	594	1.84138
SMAD1-AS2	NA	0	1123	0
SMAD2	NA	1957	10775	7.35765
SMAD3	NA	1937	6623	11.8479
SMAD4	NA	1126	8771	5.20062
SMAD5	NA	1375	7097	7.84863
SMAD5-AS1	NA	6	1809	0.134363
SMAD6	NA	1424	3010	19.165
SMAD7	NA	381	3444	4.48154
SMAD9	NA	547	5592	3.96265
SMAGP	NA	246	1239	8.04321
SMAP1	NA	1008	3611	11.3083
SMAP2	NA	628	3257	7.81102
SMARCA1	NA	2436	4108	24.0222
SMARCA2	NA	1	6886	0.005883
SMARCA4	NA	6107	5875	42.1101
SMARCA5	NA	3274	7926	16.7336
SMARCA5-AS1	NA	217	1147	7.66412
SMARCAD1	NA	1463	5903	10.0401
SMARCAL1	NA	545	3318	6.65405
SMARCB1	NA	1	1703	0.0237876
SMARCC1	NA	4655	5757	32.7559
SMARCC2	NA	1795	5681	12.7999
SMARCD1	NA	2931	3429	34.6269
SMARCD2	NA	3512	2770	51.3618
SMARCD3	NA	720	1920	15.1914
SMARCE1	NA	3604	2421	60.3053
SMC1A	NA	2777	9930	11.329
SMC1B	NA	8	4252	0.0762189
SMC2	NA	982	6300	6.31447
SMC2-AS1	NA	2	7020	0.0115414
SMC3	NA	2707	4112	26.6686
SMC4	NA	2595	5733	18.3367
SMC5	NA	967	5965	6.56722
SMC5-AS1	NA	2	1039	0.0779795
SMC6	NA	1971	5259	15.1827
SMCHD1	NA	1517	8672	7.08651
SMCO1	NA	7	1810	0.15667
SMCO2	NA	4	1272	0.127391
SMCO3	NA	4	2104	0.0770158
SMCO4	NA	38	975	1.57886
SMCP	NA	0	770	0
SMCR2	NA	20	563	1.43909
SMCR5	NA	0	2844	0
SMCR8	NA	1363	8310	6.64448
SMDT1	NA	474	1571	12.2227
SMEK1	NA	3005	4613	26.3892
SMEK2	NA	1783	5608	12.8798
SMEK3P	NA	0	3131	0
SMG1	NA	3726	16065	9.39567
SMG1P1	NA	701	5010	5.66821
SMG1P2	NA	3292	7745	17.2189
SMG1P3	NA	853	5052	6.83993
SMG1P5	NA	1736	4301	16.3511
SMG1P7	NA	81	1891	1.73524
SMG5	NA	3668	4563	32.5645
SMG6	NA	1641	7938	8.37459
SMG7	NA	1855	6076	12.3678
SMG7-AS1	NA	9	2454	0.148571
SMG8	NA	1115	3266	13.8301
SMG9	NA	993	2353	17.0959
SMIM1	NA	98	573	6.92847
SMIM10	NA	13	1536	0.342861
SMIM10L1	NA	1077	4840	9.01439
SMIM10L2A	NA	1	3456	0.0117217
SMIM10L2B	NA	66	2808	0.952166
SMIM11	NA	1115	900	50.1878
SMIM12	NA	1535	6373	9.75731
SMIM13	NA	990	4691	8.5494
SMIM14	NA	265	1658	6.47481
SMIM15	NA	2023	2890	28.3572
SMIM17	NA	9	2542	0.143428
SMIM18	NA	1	793	0.0510849
SMIM19	NA	629	1561	16.3235
SMIM2	NA	0	1214	0
SMIM2-AS1	NA	2	1256	0.0645069
SMIM2-IT1	NA	0	478	0
SMIM20	NA	533	1014	21.2939
SMIM21	NA	0	4010	0
SMIM22	NA	0	1119	0
SMIM23	NA	0	519	0
SMIM24	NA	3	908	0.133845
SMIM3	NA	418	2334	7.25506
SMIM4	NA	359	449	32.3902
SMIM5	NA	3	5119	0.0237412
SMIM6	NA	1	828	0.0489255
SMIM7	NA	1484	1979	30.3776
SMIM8	NA	232	2437	3.85654
SMIM9	NA	0	1016	0
SMKR1	NA	66	1035	2.58327
SMLR1	NA	0	2514	0
SMN1	NA	7403	3248	92.3331
SMN2	NA	7403	3256	92.1063
SMNDC1	NA	1478	2029	29.5093
SMO	NA	982	3737	10.6452
SMOC1	NA	0	3698	0
SMOC2	NA	31	3150	0.398673
SMOX	NA	925	2323	16.1309
SMPD1	NA	736	2472	12.0613
SMPD2	NA	265	1680	6.39002
SMPD3	NA	156	5269	1.1994
SMPD4	NA	7531	4913	62.0972
SMPDL3A	NA	15	1971	0.308298
SMPDL3B	NA	3	2385	0.0509564
SMPX	NA	0	1037	0
SMR3A	NA	0	598	0
SMR3B	NA	1	785	0.0516055
SMS	NA	3388	1839	74.6324
SMTN	NA	1478	3850	15.5518
SMTNL1	NA	7	1649	0.171966
SMTNL2	NA	12	2403	0.202299
SMU1	NA	3037	7091	17.3501
SMUG1	NA	639	3017	8.58008
SMURF1	NA	1584	5763	11.1345
SMURF2	NA	728	3866	7.62843
SMYD1	NA	1	4429	0.00914661
SMYD2	NA	447	1685	10.7467
SMYD3	NA	532	1752	12.3011
SMYD4	NA	435	4334	4.06599
SMYD5	NA	875	2567	13.8085
SNAI1	NA	693	1706	16.4558
SNAI2	NA	0	2109	0
SNAI3	NA	81	1713	1.91555
SNAI3-AS1	NA	44	2826	0.630734
SNAP23	NA	1471	2641	22.5637
SNAP25	NA	0	2172	0
SNAP25-AS1	NA	0	2959	0
SNAP29	NA	860	4261	8.17622
SNAP47	NA	1511	2367	25.8602
SNAP91	NA	0	5301	0
SNAPC1	NA	469	2656	7.15337
SNAPC2	NA	1506	1688	36.1425
SNAPC3	NA	622	3095	8.14133
SNAPC4	NA	1755	4650	15.2894
SNAPC5	NA	244	785	12.5917
SNAPIN	NA	474	1052	18.2528
SNAR-A1	NA	0	244	0
SNAR-A10	NA	0	121	0
SNAR-A11	NA	0	121	0
SNAR-A12	NA	0	244	0
SNAR-A13	NA	0	244	0
SNAR-A14	NA	0	121	0
SNAR-A2	NA	0	244	0
SNAR-A3	NA	0	121	0
SNAR-A4	NA	0	121	0
SNAR-A5	NA	0	121	0
SNAR-A6	NA	0	121	0
SNAR-A7	NA	0	121	0
SNAR-A8	NA	0	121	0
SNAR-A9	NA	0	121	0
SNAR-B1	NA	0	240	0
SNAR-B2	NA	0	240	0
SNAR-C1	NA	0	360	0
SNAR-C2	NA	0	360	0
SNAR-C3	NA	0	119	0
SNAR-C4	NA	0	120	0
SNAR-C5	NA	0	360	0
SNAR-D	NA	0	119	0
SNAR-E	NA	0	120	0
SNAR-F	NA	0	123	0
SNAR-G1	NA	0	128	0
SNAR-G2	NA	0	119	0
SNAR-H	NA	0	120	0
SNAR-I	NA	0	121	0
SNCA	NA	3751	3479	43.6776
SNCA-AS1	NA	6	821	0.296056
SNCAIP	NA	0	5633	0
SNCB	NA	138	1450	3.85547
SNCG	NA	321	826	15.7431
SND1	NA	4493	3508	51.8851
SND1-IT1	NA	1	2569	0.0157689
SNED1	NA	32	6834	0.189688
SNF8	NA	3235	1213	108.039
SNHG1	NA	3398	1118	123.125
SNHG10	NA	266	1961	5.49503
SNHG11	NA	337	1087	12.5593
SNHG12	NA	486	739	26.6414
SNHG15	NA	997	803	50.2974
SNHG16	NA	4583	2538	73.1516
SNHG17	NA	1913	1304	59.4297
SNHG18	NA	2	1487	0.054486
SNHG19	NA	345	357	39.1486
SNHG20	NA	325	2169	6.07001
SNHG21	NA	190	1053	7.30956
SNHG22	NA	2	1615	0.0501676
SNHG24	NA	0	1004	0
SNHG3	NA	2197	2346	37.9374
SNHG4	NA	218	1546	5.71232
SNHG5	NA	3461	507	276.541
SNHG6	NA	1704	472	146.249
SNHG7	NA	1525	2676	23.086
SNHG8	NA	1628	619	106.544
SNHG9	NA	87	233	15.1262
SNIP1	NA	538	4605	4.7328
SNN	NA	566	3293	6.96291
SNORA1	NA	4	130	1.24647
SNORA10	NA	71	133	21.6258
SNORA11	NA	0	131	0
SNORA11B	NA	0	127	0
SNORA11C	NA	0	127	0
SNORA11D	NA	1	127	0.318979
SNORA11E	NA	1	127	0.318979
SNORA12	NA	0	147	0
SNORA13	NA	1	133	0.304589
SNORA14A	NA	0	134	0
SNORA14B	NA	1	135	0.300077
SNORA15	NA	11	133	3.35048
SNORA16A	NA	3	134	0.906948
SNORA16B	NA	0	133	0
SNORA17	NA	9	133	2.7413
SNORA18	NA	26	132	7.97931
SNORA19	NA	0	126	0
SNORA20	NA	10	132	3.06896
SNORA21	NA	4	133	1.21836
SNORA22	NA	0	134	0
SNORA23	NA	0	189	0
SNORA24	NA	16	131	4.94783
SNORA25	NA	16	132	4.91034
SNORA26	NA	6	122	1.99231
SNORA27	NA	42	126	13.5034
SNORA28	NA	0	126	0
SNORA29	NA	0	140	0
SNORA2A	NA	0	135	0
SNORA2B	NA	2	137	0.591392
SNORA30	NA	0	129	0
SNORA31	NA	12	130	3.73942
SNORA32	NA	6	121	2.00878
SNORA33	NA	27	133	8.2239
SNORA34	NA	0	137	0
SNORA35	NA	0	128	0
SNORA36A	NA	0	130	0
SNORA36B	NA	0	131	0
SNORA36C	NA	0	127	0
SNORA37	NA	0	129	0
SNORA38	NA	0	924	0
SNORA38B	NA	0	132	0
SNORA4	NA	109	137	32.2309
SNORA40	NA	12	127	3.82775
SNORA41	NA	9	132	2.76207
SNORA43	NA	10	134	3.02316
SNORA44	NA	3	132	0.920689
SNORA45A	NA	14	130	4.36265
SNORA45B	NA	14	131	4.32935
SNORA46	NA	0	135	0
SNORA47	NA	0	138	0
SNORA48	NA	964	135	289.274
SNORA49	NA	0	137	0
SNORA51	NA	9	132	2.76207
SNORA52	NA	1820	134	550.215
SNORA53	NA	5	250	0.810207
SNORA54	NA	0	123	0
SNORA55	NA	0	137	0
SNORA56	NA	2	129	0.628067
SNORA57	NA	13	149	3.53446
SNORA58	NA	0	236	0
SNORA59A	NA	1	304	0.133258
SNORA59B	NA	1	304	0.133258
SNORA5A	NA	0	134	0
SNORA5B	NA	1	132	0.306896
SNORA5C	NA	1	137	0.295696
SNORA6	NA	13	149	3.53446
SNORA60	NA	0	136	0
SNORA61	NA	29	130	9.03692
SNORA62	NA	43	154	11.3113
SNORA63	NA	164	135	49.2126
SNORA64	NA	29	134	8.76716
SNORA65	NA	5	136	1.48935
SNORA66	NA	6	133	1.82753
SNORA67	NA	110	137	32.5265
SNORA68	NA	18	133	5.4826
SNORA69	NA	5	132	1.53448
SNORA70	NA	49	135	14.7038
SNORA70B	NA	0	134	0
SNORA70C	NA	0	136	0
SNORA70D	NA	0	135	0
SNORA70E	NA	0	135	0
SNORA70F	NA	0	135	0
SNORA70G	NA	0	142	0
SNORA71A	NA	6	138	1.76132
SNORA71B	NA	1	136	0.29787
SNORA71C	NA	0	138	0
SNORA71D	NA	0	138	0
SNORA71E	NA	2	136	0.59574
SNORA72	NA	11	132	3.37586
SNORA73B	NA	49	158	12.5633
SNORA74A	NA	1	200	0.202552
SNORA74B	NA	0	204	0
SNORA75	NA	2	137	0.591392
SNORA76A	NA	0	136	0
SNORA76C	NA	5	133	1.52294
SNORA77	NA	0	125	0
SNORA78	NA	11	127	3.50877
SNORA79	NA	0	140	0
SNORA7A	NA	14	139	4.08018
SNORA7B	NA	4	139	1.16577
SNORA8	NA	30	139	8.74324
SNORA80A	NA	0	136	0
SNORA80B	NA	0	136	0
SNORA80E	NA	0	134	0
SNORA81	NA	140	178	31.8621
SNORA84	NA	1	133	0.304589
SNORA9	NA	5	133	1.52294
SNORD10	NA	21	148	5.74809
SNORD100	NA	17	76	9.06152
SNORD101	NA	1	73	0.554936
SNORD102	NA	16	72	9.0023
SNORD103A	NA	0	176	0
SNORD103B	NA	0	176	0
SNORD104	NA	34	80	17.2169
SNORD105	NA	21	85	10.0084
SNORD105B	NA	35	92	15.4115
SNORD107	NA	0	75	0
SNORD108	NA	0	69	0
SNORD109A	NA	0	134	0
SNORD109B	NA	0	134	0
SNORD11	NA	2	84	0.964532
SNORD110	NA	11	75	5.94152
SNORD111	NA	0	94	0
SNORD111B	NA	0	101	0
SNORD113-1	NA	0	70	0
SNORD113-2	NA	0	71	0
SNORD113-4	NA	0	74	0
SNORD113-5	NA	0	77	0
SNORD113-6	NA	0	74	0
SNORD113-7	NA	0	76	0
SNORD113-9	NA	0	71	0
SNORD114-1	NA	0	71	0
SNORD114-10	NA	0	71	0
SNORD114-11	NA	0	74	0
SNORD114-12	NA	0	74	0
SNORD114-13	NA	0	73	0
SNORD114-14	NA	0	74	0
SNORD114-15	NA	0	71	0
SNORD114-16	NA	0	69	0
SNORD114-17	NA	0	74	0
SNORD114-18	NA	0	71	0
SNORD114-19	NA	0	74	0
SNORD114-2	NA	0	77	0
SNORD114-20	NA	0	71	0
SNORD114-21	NA	0	71	0
SNORD114-22	NA	0	71	0
SNORD114-23	NA	0	71	0
SNORD114-24	NA	0	71	0
SNORD114-25	NA	0	71	0
SNORD114-26	NA	0	71	0
SNORD114-27	NA	0	69	0
SNORD114-28	NA	0	71	0
SNORD114-29	NA	0	69	0
SNORD114-3	NA	0	74	0
SNORD114-30	NA	0	71	0
SNORD114-31	NA	0	74	0
SNORD114-4	NA	0	104	0
SNORD114-5	NA	0	69	0
SNORD114-6	NA	0	71	0
SNORD114-7	NA	0	76	0
SNORD114-8	NA	0	71	0
SNORD114-9	NA	0	71	0
SNORD115-1	NA	0	82	0
SNORD115-10	NA	0	406	0
SNORD115-11	NA	0	328	0
SNORD115-12	NA	0	243	0
SNORD115-13	NA	0	82	0
SNORD115-14	NA	0	81	0
SNORD115-15	NA	0	81	0
SNORD115-16	NA	0	82	0
SNORD115-17	NA	0	246	0
SNORD115-18	NA	0	246	0
SNORD115-19	NA	0	246	0
SNORD115-2	NA	0	82	0
SNORD115-20	NA	0	82	0
SNORD115-21	NA	0	81	0
SNORD115-22	NA	0	82	0
SNORD115-23	NA	0	82	0
SNORD115-24	NA	0	71	0
SNORD115-25	NA	0	82	0
SNORD115-26	NA	0	82	0
SNORD115-27	NA	0	76	0
SNORD115-28	NA	0	74	0
SNORD115-29	NA	0	328	0
SNORD115-3	NA	0	82	0
SNORD115-30	NA	0	82	0
SNORD115-31	NA	0	82	0
SNORD115-32	NA	0	82	0
SNORD115-33	NA	0	82	0
SNORD115-34	NA	0	82	0
SNORD115-35	NA	0	82	0
SNORD115-36	NA	0	328	0
SNORD115-37	NA	0	82	0
SNORD115-38	NA	0	82	0
SNORD115-39	NA	0	82	0
SNORD115-4	NA	0	82	0
SNORD115-40	NA	0	82	0
SNORD115-41	NA	0	82	0
SNORD115-42	NA	0	82	0
SNORD115-43	NA	0	328	0
SNORD115-44	NA	0	82	0
SNORD115-45	NA	0	53	0
SNORD115-46	NA	0	71	0
SNORD115-47	NA	0	33	0
SNORD115-48	NA	0	76	0
SNORD115-5	NA	0	240	0
SNORD115-6	NA	0	82	0
SNORD115-7	NA	0	82	0
SNORD115-8	NA	0	82	0
SNORD115-9	NA	0	243	0
SNORD116-1	NA	0	97	0
SNORD116-10	NA	0	104	0
SNORD116-11	NA	0	94	0
SNORD116-12	NA	1	94	0.430961
SNORD116-13	NA	0	94	0
SNORD116-14	NA	2	94	0.861922
SNORD116-15	NA	0	94	0
SNORD116-16	NA	1	94	0.430961
SNORD116-17	NA	1	188	0.215481
SNORD116-18	NA	0	94	0
SNORD116-19	NA	1	188	0.215481
SNORD116-2	NA	0	195	0
SNORD116-20	NA	0	94	0
SNORD116-21	NA	0	94	0
SNORD116-22	NA	2	94	0.861922
SNORD116-23	NA	0	94	0
SNORD116-24	NA	0	94	0
SNORD116-25	NA	0	94	0
SNORD116-26	NA	1	98	0.413371
SNORD116-27	NA	0	94	0
SNORD116-28	NA	0	93	0
SNORD116-29	NA	0	85	0
SNORD116-3	NA	0	194	0
SNORD116-30	NA	0	85	0
SNORD116-4	NA	2	98	0.826742
SNORD116-5	NA	1	194	0.208816
SNORD116-6	NA	0	98	0
SNORD116-7	NA	1	194	0.208816
SNORD116-8	NA	0	97	0
SNORD116-9	NA	0	194	0
SNORD117	NA	1	608	0.0666288
SNORD119	NA	5	96	2.10991
SNORD11B	NA	82	112	29.6594
SNORD12	NA	5	90	2.25057
SNORD121A	NA	0	91	0
SNORD121B	NA	0	79	0
SNORD123	NA	0	88	0
SNORD124	NA	0	103	0
SNORD125	NA	0	96	0
SNORD126	NA	0	99	0
SNORD127	NA	2	99	0.818391
SNORD12B	NA	2	103	0.786608
SNORD12C	NA	2	79	1.02558
SNORD15A	NA	1	148	0.273718
SNORD15B	NA	12	146	3.32962
SNORD16	NA	9	100	3.64593
SNORD17	NA	9	237	1.53837
SNORD18A	NA	2	70	1.15744
SNORD18B	NA	1	70	0.578719
SNORD18C	NA	4	67	2.41853
SNORD19	NA	24	76	12.7927
SNORD19B	NA	108	93	47.0443
SNORD1A	NA	1	74	0.547437
SNORD1B	NA	1	86	0.47105
SNORD1C	NA	1	78	0.519363
SNORD2	NA	2	70	1.15744
SNORD20	NA	3	80	1.51914
SNORD21	NA	3	95	1.27927
SNORD22	NA	64	126	20.5767
SNORD23	NA	182	110	67.0262
SNORD24	NA	3	75	1.62041
SNORD25	NA	11	67	6.65095
SNORD26	NA	15	75	8.10207
SNORD27	NA	15	72	8.43965
SNORD28	NA	20	75	10.8028
SNORD29	NA	14	65	8.7253
SNORD30	NA	12	70	6.94463
SNORD31	NA	13	68	7.74462
SNORD32A	NA	1788	82	883.323
SNORD32B	NA	0	488	0
SNORD33	NA	727	83	354.831
SNORD34	NA	109	66	66.9034
SNORD35A	NA	17	86	8.00786
SNORD35B	NA	19	87	8.84708
SNORD36A	NA	75	72	42.1983
SNORD36B	NA	627	71	357.746
SNORD36C	NA	9	67	5.44169
SNORD37	NA	1	66	0.613793
SNORD38A	NA	38	71	21.6816
SNORD38B	NA	4	69	2.34843
SNORD41	NA	0	70	0
SNORD42A	NA	6	63	3.85813
SNORD42B	NA	5	67	3.02316
SNORD43	NA	2	62	1.30679
SNORD44	NA	29	61	19.259
SNORD45A	NA	3	84	1.4468
SNORD45B	NA	9	71	5.13511
SNORD45C	NA	2	78	1.03873
SNORD46	NA	12	98	4.96045
SNORD47	NA	65	77	34.197
SNORD48	NA	11	316	1.41017
SNORD49A	NA	19	71	10.8408
SNORD49B	NA	8	48	6.75172
SNORD4A	NA	26	72	14.6287
SNORD4B	NA	4	74	2.18975
SNORD5	NA	4	73	2.21974
SNORD50A	NA	6	75	3.24083
SNORD50B	NA	11	71	6.27625
SNORD51	NA	2	70	1.15744
SNORD52	NA	9	320	1.13935
SNORD53	NA	0	76	0
SNORD54	NA	20	63	12.8604
SNORD55	NA	39	74	21.35
SNORD56	NA	0	71	0
SNORD56B	NA	0	71	0
SNORD57	NA	284	72	159.791
SNORD58A	NA	5	65	3.11618
SNORD58B	NA	244	66	149.765
SNORD58C	NA	23	90	10.3526
SNORD59A	NA	2	75	1.08028
SNORD59B	NA	1	75	0.540138
SNORD6	NA	3	71	1.7117
SNORD60	NA	19	83	9.27345
SNORD61	NA	0	73	0
SNORD62A	NA	4	172	0.942101
SNORD62B	NA	4	172	0.942101
SNORD63	NA	2	68	1.19148
SNORD64	NA	2	67	1.20926
SNORD65	NA	40	73	22.1974
SNORD66	NA	23	76	12.2597
SNORD67	NA	0	111	0
SNORD68	NA	48	72	27.0069
SNORD69	NA	1	77	0.526108
SNORD7	NA	3	97	1.2529
SNORD70	NA	0	88	0
SNORD71	NA	0	86	0
SNORD72	NA	5	80	2.5319
SNORD73A	NA	4	65	2.49294
SNORD74	NA	3	72	1.68793
SNORD75	NA	2	60	1.35034
SNORD76	NA	37	81	18.5047
SNORD77	NA	2	61	1.32821
SNORD78	NA	7	54	5.25134
SNORD79	NA	38	81	19.0048
SNORD8	NA	0	109	0
SNORD80	NA	39	71	22.2522
SNORD81	NA	20	43	18.842
SNORD82	NA	1	75	0.540138
SNORD83A	NA	14	95	5.96994
SNORD83B	NA	39	93	16.9882
SNORD84	NA	35	546	2.59682
SNORD85	NA	0	75	0
SNORD86	NA	65	86	30.6183
SNORD87	NA	4	76	2.13212
SNORD88A	NA	0	97	0
SNORD88B	NA	8	97	3.34106
SNORD88C	NA	4	97	1.67053
SNORD89	NA	2	114	0.710708
SNORD9	NA	1	103	0.393304
SNORD90	NA	0	107	0
SNORD91A	NA	0	92	0
SNORD91B	NA	0	86	0
SNORD92	NA	0	89	0
SNORD93	NA	0	74	0
SNORD94	NA	2	137	0.591392
SNORD95	NA	1	63	0.643021
SNORD96A	NA	5	72	2.81322
SNORD96B	NA	0	72	0
SNORD97	NA	0	142	0
SNORD98	NA	1	67	0.604632
SNORD99	NA	16	80	8.10207
SNPH	NA	111	4994	0.90041
SNRK	NA	289	5215	2.24496
SNRK-AS1	NA	131	3475	1.52715
SNRNP200	NA	8889	7219	49.8818
SNRNP25	NA	918	1086	34.2435
SNRNP27	NA	517	1438	14.5646
SNRNP35	NA	627	2438	10.4184
SNRNP40	NA	3552	1624	88.6039
SNRNP48	NA	781	4173	7.58173
SNRNP70	NA	6318	1991	128.551
SNRPA	NA	4123	1629	102.532
SNRPA1	NA	2162	1059	82.7038
SNRPB	NA	10936	1153	384.233
SNRPB2	NA	1960	1681	47.2339
SNRPC	NA	4175	1217	138.973
SNRPD1	NA	2756	1628	68.5789
SNRPD2	NA	9260	868	432.172
SNRPD2P2	NA	0	762	0
SNRPD3	NA	6138	3808	65.2974
SNRPE	NA	1698	1618	42.5133
SNRPF	NA	2195	793	112.131
SNRPG	NA	2667	579	186.599
SNRPN	NA	1502	1992	30.5454
SNTA1	NA	587	2340	10.1622
SNTB1	NA	2	4975	0.0162856
SNTB2	NA	531	9771	2.20151
SNTG1	NA	0	3667	0
SNTG2	NA	0	1887	0
SNTN	NA	4	1584	0.102299
SNUPN	NA	1599	1943	33.3382
SNURF	NA	1502	1426	42.6694
SNW1	NA	3667	2125	69.9065
SNX1	NA	1789	8315	8.71593
SNX10	NA	530	3015	7.12122
SNX11	NA	514	2402	8.66874
SNX12	NA	2120	2550	33.6792
SNX13	NA	747	6371	4.74984
SNX14	NA	1155	3749	12.4805
SNX15	NA	465	1939	9.71496
SNX16	NA	211	3456	2.47329
SNX17	NA	1877	2698	28.1831
SNX18	NA	503	6654	3.06232
SNX19	NA	1603	6078	10.6841
SNX2	NA	1143	7110	6.51242
SNX20	NA	0	4404	0
SNX21	NA	634	3184	8.06644
SNX22	NA	9735	3661	107.721
SNX24	NA	256	2137	4.8529
SNX25	NA	150	3213	1.89124
SNX27	NA	1117	7085	6.38674
SNX29	NA	394	8175	1.95242
SNX29P1	NA	6	983	0.247266
SNX29P2	NA	5	1585	0.127793
SNX3	NA	3441	1760	79.2023
SNX30	NA	476	7606	2.53522
SNX31	NA	8	2455	0.132009
SNX32	NA	4	1705	0.0950389
SNX33	NA	602	3233	7.54322
SNX4	NA	1236	2530	19.7908
SNX5	NA	3999	2542	63.7297
SNX6	NA	2379	3130	30.7904
SNX7	NA	207	1897	4.42047
SNX8	NA	2120	4738	18.1262
SNX9	NA	790	4291	7.45821
SOAT1	NA	1461	7026	8.4238
SOAT2	NA	1	2073	0.0195419
SOBP	NA	83	6232	0.539531
SOCS1	NA	370	1216	12.3263
SOCS2	NA	70	3921	0.723214
SOCS2-AS1	NA	6	574	0.423453
SOCS3	NA	1657	2737	24.5253
SOCS4	NA	1074	7012	6.20481
SOCS5	NA	387	4662	3.36283
SOCS6	NA	871	5846	6.03567
SOCS7	NA	660	7978	3.35132
SOD1	NA	3908	965	164.056
SOD2	NA	789	1775	18.0071
SOD3	NA	0	1529	0
SOGA1	NA	453	8726	2.10305
SOGA3	NA	356	11818	1.22031
SOHLH1	NA	0	1985	0
SOHLH2	NA	1	3399	0.0119183
SON	NA	6479	10808	24.2845
SORBS1	NA	5	7586	0.0267007
SORBS2	NA	275	8979	1.24071
SORBS3	NA	2395	3283	29.5529
SORCS1	NA	0	8152	0
SORCS2	NA	7	6053	0.0468482
SORCS3	NA	0	5764	0
SORCS3-AS1	NA	0	1294	0
SORD	NA	3028	2898	42.3276
SORL1	NA	3	10973	0.0110755
SORT1	NA	438	7353	2.4131
SOS1	NA	807	8318	3.93025
SOS2	NA	415	5313	3.16427
SOST	NA	157	2300	2.76527
SOSTDC1	NA	3	1869	0.0650246
SOWAHA	NA	16	3474	0.186576
SOWAHB	NA	10	2921	0.138687
SOWAHC	NA	78	4654	0.678944
SOWAHD	NA	5	1590	0.127391
SOX1	NA	0	4108	0
SOX10	NA	0	2862	0
SOX11	NA	0	8719	0
SOX12	NA	3155	4658	27.4388
SOX13	NA	28	4073	0.27849
SOX14	NA	0	2039	0
SOX15	NA	2915	1394	84.7114
SOX17	NA	0	2350	0
SOX18	NA	1	1705	0.0237597
SOX2	NA	1	2512	0.0161267
SOX2-OT	NA	2	4083	0.0198434
SOX21	NA	0	2919	0
SOX21-AS1	NA	0	2986	0
SOX3	NA	0	2074	0
SOX30	NA	9	3471	0.10504
SOX4	NA	25	4878	0.207618
SOX5	NA	1	4994	0.0081118
SOX6	NA	3	9363	0.0129799
SOX7	NA	42	3278	0.519046
SOX8	NA	7379	3049	98.0406
SOX9	NA	2	3934	0.020595
SOX9-AS1	NA	0	4528	0
SP1	NA	1942	7698	10.2197
SP100	NA	81	7650	0.428933
SP110	NA	93	3104	1.21374
SP140	NA	1	3566	0.0113602
SP140L	NA	2	2668	0.0303676
SP2	NA	547	3112	7.12055
SP2-AS1	NA	16	2182	0.297051
SP3	NA	1601	6695	9.68739
SP4	NA	188	5800	1.31309
SP5	NA	0	1947	0
SP6	NA	252	4026	2.53567
SP7	NA	3	3317	0.0366388
SP8	NA	13	3729	0.141227
SP9	NA	0	1455	0
SPA17	NA	291	937	12.5811
SPACA1	NA	0	1499	0
SPACA3	NA	0	819	0
SPACA4	NA	0	972	0
SPACA5	NA	4	1464	0.110684
SPACA5B	NA	4	1190	0.136169
SPACA6P	NA	57	1964	1.17571
SPACA6P-AS	NA	14	3962	0.143146
SPACA7	NA	0	783	0
SPAG1	NA	173	4031	1.7386
SPAG11A	NA	0	756	0
SPAG11B	NA	0	1467	0
SPAG16	NA	478	2991	6.47407
SPAG17	NA	189	7125	1.07459
SPAG4	NA	102	1452	2.84577
SPAG5	NA	2354	3808	25.0424
SPAG5-AS1	NA	642	1365	19.0532
SPAG6	NA	682	3139	8.80154
SPAG7	NA	1630	1025	64.4213
SPAG8	NA	26	2332	0.451659
SPAG9	NA	6358	8793	29.292
SPAM1	NA	0	3020	0
SPANXA1	NA	0	418	0
SPANXA2	NA	0	418	0
SPANXA2-OT1	NA	0	1699	0
SPANXB1	NA	0	938	0
SPANXC	NA	0	441	0
SPANXD	NA	0	692	0
SPANXN1	NA	0	613	0
SPANXN2	NA	0	543	0
SPANXN3	NA	0	590	0
SPANXN4	NA	0	431	0
SPANXN5	NA	0	561	0
SPARC	NA	5390	3590	60.8219
SPARCL1	NA	8	3126	0.103673
SPAST	NA	570	5213	4.42948
SPATA12	NA	7	2413	0.117519
SPATA13	NA	3	10802	0.0112508
SPATA13-AS1	NA	0	433	0
SPATA16	NA	2	2107	0.0384531
SPATA17	NA	80	2275	1.42454
SPATA17-AS1	NA	19	420	1.83261
SPATA18	NA	243	4459	2.20767
SPATA19	NA	0	907	0
SPATA2	NA	875	4304	8.23572
SPATA20	NA	839	2774	12.2524
SPATA21	NA	0	2015	0
SPATA22	NA	0	1718	0
SPATA24	NA	28	678	1.67299
SPATA25	NA	20	719	1.12685
SPATA2L	NA	1514	2339	26.2217
SPATA3	NA	0	870	0
SPATA3-AS1	NA	11	3509	0.126992
SPATA31A1	NA	2	8518	0.0095117
SPATA31A3	NA	1	4223	0.00959279
SPATA31A5	NA	2	8452	0.00958598
SPATA31A6	NA	0	4214	0
SPATA31A7	NA	2	8446	0.00959279
SPATA31C1	NA	0	3779	0
SPATA31C2	NA	0	3761	0
SPATA31D1	NA	0	4833	0
SPATA31D3	NA	1	4927	0.00822211
SPATA31D4	NA	1	4923	0.00822879
SPATA31D5P	NA	0	4864	0
SPATA31E1	NA	0	4447	0
SPATA32	NA	11	1284	0.347051
SPATA33	NA	472	2820	6.78045
SPATA4	NA	1	1233	0.0328551
SPATA41	NA	5	3156	0.0641799
SPATA42	NA	0	608	0
SPATA45	NA	7	504	0.562644
SPATA5	NA	448	8140	2.22956
SPATA5L1	NA	421	2609	6.53693
SPATA6	NA	211	5008	1.70681
SPATA6L	NA	47	3746	0.508272
SPATA7	NA	131	2013	2.63629
SPATA8	NA	0	1151	0
SPATA8-AS1	NA	0	656	0
SPATA9	NA	12	2801	0.173554
SPATC1	NA	1	2036	0.019897
SPATC1L	NA	941	2316	16.4595
SPATS1	NA	295	1108	10.7857
SPATS2	NA	1027	3926	10.5971
SPATS2L	NA	1	7133	0.00567928
SPC24	NA	130	654	8.05251
SPC25	NA	335	1346	10.0824
SPCS1	NA	3108	1084	116.15
SPCS2	NA	1848	2708	27.6452
SPCS3	NA	2198	4596	19.3737
SPDEF	NA	0	1914	0
SPDL1	NA	1020	2667	15.4933
SPDYA	NA	242	2156	4.54708
SPDYC	NA	19	882	0.872672
SPDYE1	NA	29	2650	0.443321
SPDYE2	NA	80	3966	0.817153
SPDYE2B	NA	80	3966	0.817153
SPDYE3	NA	81	3185	1.03025
SPDYE4	NA	0	923	0
SPDYE5	NA	31	3147	0.399053
SPDYE6	NA	46	3145	0.59252
SPDYE7P	NA	5	1064	0.190368
SPDYE8P	NA	56	2884	0.786608
SPECC1	NA	39	6864	0.230172
SPECC1L	NA	1664	7174	9.39632
SPECC1L-ADORA2A	NA	423	6289	2.72474
SPEF1	NA	92	1587	2.34843
SPEF2	NA	59	6985	0.342178
SPEG	NA	648	11641	2.25502
SPEM1	NA	1	982	0.0412529
SPEN	NA	1373	12227	4.54901
SPERT	NA	0	1749	0
SPESP1	NA	0	1431	0
SPG11	NA	1080	7788	5.61777
SPG20	NA	88	5395	0.66078
SPG20-AS1	NA	0	777	0
SPG21	NA	2970	1933	62.243
SPG7	NA	2502	4050	25.0264
SPHAR	NA	177	1122	6.39067
SPHK1	NA	508	2469	8.33506
SPHK2	NA	443	3235	5.54747
SPHKAP	NA	2	6913	0.01172
SPI1	NA	0	1408	0
SPIB	NA	11	3530	0.126236
SPIC	NA	0	971	0
SPICE1	NA	341	5448	2.53561
SPIDR	NA	401	3435	4.72915
SPIN1	NA	2184	4534	19.5136
SPIN2A	NA	128	1319	3.93125
SPIN2B	NA	213	1272	6.78357
SPIN3	NA	419	5580	3.04191
SPIN4	NA	277	4112	2.72893
SPINK1	NA	2	610	0.132821
SPINK13	NA	0	509	0
SPINK14	NA	0	294	0
SPINK2	NA	1	1033	0.0392162
SPINK4	NA	3	368	0.330247
SPINK5	NA	1	3832	0.0105716
SPINK6	NA	0	733	0
SPINK7	NA	2	549	0.147579
SPINK8	NA	3	440	0.276207
SPINK9	NA	0	453	0
SPINT1	NA	5	2519	0.0804096
SPINT2	NA	3140	1802	70.5896
SPINT3	NA	0	476	0
SPINT4	NA	0	380	0
SPIRE1	NA	1040	5526	7.6241
SPIRE2	NA	363	3244	4.53306
SPN	NA	14	7037	0.0805947
SPNS1	NA	2420	2213	44.2996
SPNS2	NA	3338	4349	31.093
SPNS3	NA	67	1893	1.4338
SPO11	NA	0	1817	0
SPOCD1	NA	3500	3962	35.7865
SPOCK1	NA	0	4827	0
SPOCK2	NA	73	6255	0.472783
SPOCK3	NA	0	3564	0
SPON1	NA	8	5137	0.0630879
SPON2	NA	31	2477	0.506993
SPOP	NA	2536	3141	32.7075
SPOPL	NA	247	5734	1.74504
SPP1	NA	45635	1814	1019.12
SPP2	NA	0	1019	0
SPPL2A	NA	541	2003	10.9416
SPPL2B	NA	1231	3814	13.075
SPPL2C	NA	0	4366	0
SPPL3	NA	1477	4129	14.4911
SPR	NA	886	1459	24.6005
SPRED1	NA	614	7255	3.42844
SPRED2	NA	983	4650	8.5638
SPRED3	NA	498	5190	3.88712
SPRN	NA	187	3173	2.38747
SPRNP1	NA	4	2241	0.0723076
SPRR1A	NA	0	655	0
SPRR1B	NA	0	619	0
SPRR2A	NA	0	677	0
SPRR2B	NA	0	675	0
SPRR2C	NA	0	678	0
SPRR2D	NA	0	682	0
SPRR2E	NA	0	681	0
SPRR2F	NA	0	671	0
SPRR2G	NA	1	650	0.0623236
SPRR3	NA	0	986	0
SPRR4	NA	0	745	0
SPRTN	NA	467	4622	4.0931
SPRY1	NA	4187	3041	55.7766
SPRY2	NA	12	2110	0.230391
SPRY3	NA	25	18271	0.0554298
SPRY4	NA	3117	5531	22.8296
SPRY4-IT1	NA	3	689	0.176388
SPRYD3	NA	538	2932	7.43334
SPRYD4	NA	595	2105	11.4507
SPRYD7	NA	518	3218	6.52093
SPSB1	NA	530	3117	6.88819
SPSB2	NA	460	1287	14.4792
SPSB3	NA	789	1544	20.7012
SPSB4	NA	1	2908	0.0139307
SPTA1	NA	1	8017	0.00505305
SPTAN1	NA	2799	7907	14.3403
SPTB	NA	11	10391	0.0428846
SPTBN1	NA	2229	13024	6.93316
SPTBN2	NA	1186	7867	6.10719
SPTBN4	NA	182	9139	0.806749
SPTBN5	NA	38	11723	0.131314
SPTLC1	NA	2483	3363	29.91
SPTLC2	NA	966	8164	4.79336
SPTLC3	NA	0	3845	0
SPTSSA	NA	1150	2534	18.3847
SPTSSB	NA	0	2306	0
SPTY2D1	NA	1197	5734	8.45673
SPTY2D1-AS1	NA	175	1437	4.93341
SPX	NA	0	583	0
SPZ1	NA	0	1871	0
SQLE	NA	1190	2989	16.1282
SQRDL	NA	215	2179	3.99712
SQSTM1	NA	10444	3336	126.826
SRA1	NA	1381	2104	26.5897
SRBD1	NA	968	3694	10.6156
SRC	NA	866	4241	8.27209
SRCAP	NA	2556	10474	9.88585
SRCIN1	NA	179	7050	1.02856
SRD5A1	NA	304	2264	5.43955
SRD5A1P1	NA	16	2155	0.300773
SRD5A2	NA	0	2445	0
SRD5A3	NA	334	4081	3.31547
SRD5A3-AS1	NA	7	926	0.306234
SREBF1	NA	5157	5001	41.774
SREBF2	NA	3111	5786	21.7815
SREK1	NA	1564	8931	7.09418
SREK1IP1	NA	854	6853	5.04827
SRF	NA	2490	4267	23.6397
SRFBP1	NA	392	2836	5.59945
SRGAP1	NA	357	8475	1.70645
SRGAP2	NA	1001	7845	5.16901
SRGAP2-AS1	NA	2	2504	0.0323565
SRGAP2B	NA	157	1230	5.17083
SRGAP2C	NA	314	2461	5.16873
SRGAP2D	NA	583	4601	5.13313
SRGAP3	NA	100	8992	0.450515
SRGAP3-AS3	NA	0	1223	0
SRGN	NA	1	1254	0.0323049
SRI	NA	1875	2405	31.5829
SRL	NA	2	4214	0.0192265
SRM	NA	6640	1273	211.303
SRMS	NA	3	2402	0.0505958
SRP14	NA	6951	1180	238.633
SRP14-AS1	NA	29	3320	0.353855
SRP19	NA	1179	2988	15.9845
SRP54	NA	1297	2281	23.0346
SRP68	NA	3645	3058	48.2865
SRP72	NA	2814	3876	29.4108
SRP9	NA	7752	1620	193.849
SRPK1	NA	4457	4390	41.1286
SRPK2	NA	1107	4115	10.8979
SRPK3	NA	12	2002	0.242819
SRPR	NA	2662	3092	34.8766
SRPRB	NA	1903	2827	27.2696
SRPX	NA	2	1903	0.0425752
SRPX2	NA	85	2190	1.57232
SRR	NA	2440	2493	39.6491
SRRD	NA	512	1293	16.0412
SRRM1	NA	2828	4150	27.6056
SRRM2	NA	17673	9353	76.5465
SRRM2-AS1	NA	33	1645	0.812669
SRRM3	NA	170	3703	1.85978
SRRM4	NA	0	8477	0
SRRM5	NA	535	2398	9.03796
SRRT	NA	4251	3013	57.1555
SRSF1	NA	12545	5643	90.0589
SRSF10	NA	3137	16433	7.73328
SRSF11	NA	3995	2792	57.9652
SRSF12	NA	224	3599	2.52134
SRSF2	NA	7646	2963	104.537
SRSF3	NA	9077	3600	102.142
SRSF4	NA	3785	2530	60.6054
SRSF5	NA	5286	1651	129.702
SRSF6	NA	4950	4014	49.9567
SRSF7	NA	4848	2489	78.9048
SRSF8	NA	5398	4347	50.3048
SRSF9	NA	7223	1163	251.596
SRXN1	NA	2650	2689	39.9228
SRY	NA	0	887	0
SS18	NA	3557	3558	40.499
SS18L1	NA	651	4973	5.30308
SS18L2	NA	955	815	47.4692
SSB	NA	5638	2195	104.053
SSBP1	NA	2923	1339	88.4329
SSBP2	NA	126	4465	1.14318
SSBP3	NA	4690	3254	58.3877
SSBP3-AS1	NA	14	2621	0.216385
SSBP4	NA	2161	1787	48.9887
SSC4D	NA	62	2806	0.895097
SSC5D	NA	162	5119	1.28202
SSFA2	NA	36	7936	0.183767
SSH1	NA	3590	9191	15.8233
SSH2	NA	450	10014	1.82042
SSH3	NA	12	2878	0.16891
SSMEM1	NA	0	1156	0
SSNA1	NA	1415	941	60.9162
SSPN	NA	152	4727	1.30264
SSPO	NA	45	15579	0.117014
SSR1	NA	4478	9776	18.5562
SSR2	NA	4041	1124	145.643
SSR3	NA	3954	4600	34.8213
SSR4	NA	1404	1194	47.6353
SSR4P1	NA	100	2257	1.79488
SSRP1	NA	9343	2819	134.263
SSSCA1	NA	837	880	38.5309
SSSCA1-AS1	NA	17	1194	0.57678
SST	NA	2	632	0.128197
SSTR1	NA	0	4291	0
SSTR2	NA	12	2964	0.164009
SSTR3	NA	1	4299	0.0094232
SSTR4	NA	0	1258	0
SSTR5	NA	14	2718	0.208663
SSTR5-AS1	NA	6	2933	0.0828715
SSU72	NA	3838	1303	119.324
SSUH2	NA	1	2119	0.0191177
SSX1	NA	0	1384	0
SSX2	NA	1	1476	0.027446
SSX2B	NA	1	1475	0.0274646
SSX2IP	NA	874	6114	5.79098
SSX3	NA	1	1319	0.0307129
SSX4	NA	2	1217	0.0665741
SSX4B	NA	2	1228	0.0659777
SSX5	NA	1	1384	0.0292705
SSX6	NA	1	1286	0.031501
SSX7	NA	1	1340	0.0302316
SSX8	NA	1	1447	0.0279961
SSX9	NA	0	580	0
ST13	NA	6331	3581	71.6199
ST13P4	NA	1496	1598	37.9246
ST14	NA	0	3300	0
ST18	NA	0	6330	0
ST20	NA	308	1516	8.23033
ST20-AS1	NA	181	2084	3.51841
ST20-MTHFS	NA	634	2282	11.2548
ST3GAL1	NA	0	6971	0
ST3GAL2	NA	715	4450	6.50896
ST3GAL3	NA	176	2875	2.47994
ST3GAL4	NA	329	2625	5.0773
ST3GAL4-AS1	NA	25	752	1.34675
ST3GAL5	NA	393	2448	6.5035
ST3GAL5-AS1	NA	15	1116	0.544494
ST3GAL6	NA	1	3938	0.010287
ST3GAL6-AS1	NA	0	769	0
ST5	NA	522	4705	4.49445
ST6GAL1	NA	347	4732	2.97064
ST6GAL2	NA	0	7068	0
ST6GALNAC1	NA	0	2714	0
ST6GALNAC2	NA	85	2105	1.63581
ST6GALNAC3	NA	1	3621	0.0111876
ST6GALNAC4	NA	965	1691	23.118
ST6GALNAC5	NA	0	2032	0
ST6GALNAC6	NA	1979	2768	28.9631
ST7	NA	176	3159	2.25699
ST7-AS1	NA	97	1888	2.0813
ST7-AS2	NA	16	2405	0.269507
ST7-OT3	NA	18	1024	0.712096
ST7-OT4	NA	20	1572	0.515399
ST7L	NA	247	4812	2.0794
ST8SIA1	NA	4	9714	0.0166812
ST8SIA2	NA	0	5626	0
ST8SIA3	NA	0	10153	0
ST8SIA4	NA	0	7354	0
ST8SIA5	NA	68	2824	0.975461
ST8SIA6	NA	9	1398	0.260796
ST8SIA6-AS1	NA	0	557	0
STAB1	NA	414	7926	2.11598
STAB2	NA	4	8230	0.0196891
STAC	NA	0	3083	0
STAC2	NA	0	3277	0
STAC3	NA	35	1654	0.857232
STAG1	NA	657	5166	5.15201
STAG2	NA	2052	6609	12.5779
STAG3	NA	101	4399	0.930108
STAG3L1	NA	464	2136	8.8
STAG3L2	NA	503	1884	10.8157
STAG3L3	NA	467	2167	8.73019
STAG3L4	NA	353	2202	6.49416
STAG3L5P	NA	33	729	1.8338
STAG3L5P-PVRIG2P-PILRB	NA	1112	3844	11.7189
STAM	NA	1330	3880	13.8863
STAM-AS1	NA	26	2635	0.399722
STAM2	NA	443	5701	3.14788
STAMBP	NA	992	6791	5.91758
STAMBPL1	NA	0	2094	0
STAP1	NA	0	1511	0
STAP2	NA	117	1537	3.08374
STAR	NA	5	2695	0.0751583
STARD10	NA	724	1988	14.7533
STARD13	NA	4	7519	0.0215509
STARD13-AS	NA	0	645	0
STARD3	NA	575	2847	8.18175
STARD3NL	NA	455	1744	10.5689
STARD4	NA	766	5576	5.56509
STARD4-AS1	NA	6	5525	0.0439931
STARD5	NA	4	1316	0.123132
STARD6	NA	3	663	0.183305
STARD7	NA	5020	3379	60.184
STARD7-AS1	NA	262	2483	4.27455
STARD8	NA	18	5133	0.142058
STARD9	NA	347	15584	0.90202
STAT1	NA	1511	4583	13.3561
STAT2	NA	954	4550	8.49382
STAT3	NA	3415	4973	27.8188
STAT4	NA	0	3089	0
STAT5A	NA	44	4489	0.397072
STAT5B	NA	621	5094	4.93854
STAT6	NA	1903	4267	18.0668
STATH	NA	0	600	0
STAU1	NA	3343	3825	35.4055
STAU2	NA	833	5903	5.7166
STAU2-AS1	NA	3	2068	0.0587674
STBD1	NA	118	2951	1.61986
STC1	NA	48	3877	0.501547
STC2	NA	204	5343	1.54672
STEAP1	NA	23	1313	0.709625
STEAP1B	NA	167	1692	3.99836
STEAP2	NA	4	7135	0.0227108
STEAP2-AS1	NA	0	627	0
STEAP3	NA	1152	4352	10.7233
STEAP3-AS1	NA	91	3218	1.14557
STEAP4	NA	0	4572	0
STH	NA	1	890	0.0455172
STIL	NA	828	5228	6.41594
STIM1	NA	463	4393	4.26958
STIM2	NA	814	5246	6.28582
STIP1	NA	6580	2904	91.7899
STK10	NA	1044	6019	7.02655
STK11	NA	2097	3276	25.9311
STK11IP	NA	670	3624	7.48949
STK16	NA	567	3127	7.34549
STK17A	NA	2378	3933	24.4937
STK17B	NA	5	5307	0.0381669
STK19	NA	18207	12445	59.2665
STK24	NA	2685	4986	21.8151
STK25	NA	5420	3164	69.3951
STK26	NA	200	3336	2.42868
STK3	NA	398	3338	4.83017
STK31	NA	4	3759	0.0431076
STK32A	NA	0	5309	0
STK32B	NA	176	3620	1.96956
STK32C	NA	318	2119	6.07942
STK33	NA	293	3014	3.93813
STK35	NA	1220	6411	7.70903
STK36	NA	906	4935	7.43716
STK38	NA	1354	3631	15.1063
STK38L	NA	361	5096	2.86975
STK39	NA	110	3274	1.36107
STK4	NA	1212	6330	7.75648
STK4-AS1	NA	3	2116	0.0574343
STK40	NA	2171	3909	22.4988
STKLD1	NA	52	3959	0.532088
STMN1	NA	13634	3602	153.336
STMN2	NA	0	2305	0
STMN3	NA	5156	2732	76.4536
STMN4	NA	2	2395	0.0338291
STMND1	NA	0	1322	0
STOM	NA	1823	3328	22.1906
STOML1	NA	114	2244	2.05801
STOML2	NA	9981	1431	282.553
STOML3	NA	1	1998	0.0202754
STON1	NA	24	5633	0.172599
STON1-GTF2A1L	NA	1	4132	0.00980405
STON2	NA	0	13046	0
STOX1	NA	24	3593	0.270595
STOX2	NA	1	4654	0.00870441
STPG1	NA	365	3047	4.85273
STPG2	NA	0	1654	0
STPG2-AS1	NA	0	537	0
STRA13	NA	1045	796	53.1825
STRA6	NA	442	5340	3.3531
STRA8	NA	0	993	0
STRADA	NA	692	2883	9.7236
STRADB	NA	1925	2322	33.5842
STRAP	NA	4771	1905	101.457
STRBP	NA	1191	6607	7.30253
STRC	NA	30	5515	0.220364
STRIP1	NA	900	3458	10.5435
STRIP2	NA	733	5702	5.20766
STRN	NA	748	14110	2.14754
STRN3	NA	892	4222	8.55879
STRN4	NA	3746	3210	47.2747
STS	NA	151	6377	0.959238
STT3A	NA	1903	4314	17.87
STT3B	NA	3052	4537	27.2509
STUB1	NA	1919	1695	45.8639
STX10	NA	1372	1393	39.8996
STX11	NA	1	5504	0.00736016
STX12	NA	320	3079	4.21023
STX16	NA	2781	4967	22.6815
STX16-NPEPL1	NA	668	4048	6.68501
STX17	NA	625	6908	3.66517
STX17-AS1	NA	12	552	0.880659
STX18	NA	2941	2157	55.2345
STX18-AS1	NA	113	2478	1.84732
STX18-IT1	NA	0	542	0
STX19	NA	0	1156	0
STX1A	NA	220	2125	4.19401
STX1B	NA	1114	4674	9.65522
STX2	NA	780	3465	9.11921
STX3	NA	3218	6475	20.1332
STX4	NA	1249	1951	25.9341
STX5	NA	1412	1872	30.5559
STX6	NA	1468	5072	11.725
STX7	NA	334	4270	3.16872
STX8	NA	721	968	30.1735
STXBP1	NA	835	3967	8.52688
STXBP2	NA	26	1984	0.530881
STXBP3	NA	476	2503	7.70392
STXBP4	NA	163	6046	1.09216
STXBP5	NA	707	9352	3.06253
STXBP5-AS1	NA	44	3072	0.580226
STXBP5L	NA	6	9365	0.0259543
STXBP6	NA	29	4967	0.236521
STYK1	NA	5	2995	0.0676299
STYX	NA	992	4863	8.26368
STYXL1	NA	762	1416	21.8001
SUB1	NA	3071	3507	35.474
SUCLA2	NA	1599	2164	29.9335
SUCLG1	NA	1965	1457	54.6347
SUCLG2	NA	1889	2663	28.736
SUCLG2-AS1	NA	14	2626	0.215973
SUCNR1	NA	0	1650	0
SUCO	NA	1560	6109	10.3448
SUDS3	NA	1342	4728	11.4985
SUFU	NA	431	5346	3.26598
SUGCT	NA	259	1728	6.07186
SUGP1	NA	1469	2089	28.4872
SUGP2	NA	2797	5030	22.5263
SUGT1	NA	1055	1786	23.9297
SUGT1P1	NA	3	769	0.158038
SUGT1P3	NA	3	1049	0.115854
SULF1	NA	2	6043	0.0134074
SULF2	NA	4490	4451	40.8653
SULT1A1	NA	526	2236	9.52971
SULT1A2	NA	229	1398	6.63581
SULT1A3	NA	1197	2798	17.3305
SULT1A4	NA	1197	2798	17.3305
SULT1B1	NA	1	1309	0.0309475
SULT1C2	NA	3	2890	0.0420523
SULT1C2P1	NA	0	1874	0
SULT1C3	NA	0	915	0
SULT1C4	NA	0	1664	0
SULT1E1	NA	0	1780	0
SULT2A1	NA	13	1987	0.26504
SULT2B1	NA	24	1405	0.691992
SULT4A1	NA	368	2465	6.04779
SULT6B1	NA	0	934	0
SUMF1	NA	405	2161	7.59217
SUMF2	NA	2596	2054	51.2
SUMO1	NA	5456	1527	144.744
SUMO1P1	NA	5	1209	0.167537
SUMO1P3	NA	2054	1206	68.9952
SUMO2	NA	5186	1066	197.079
SUMO3	NA	1351	1921	28.4901
SUMO4	NA	2	688	0.117763
SUN1	NA	1270	4645	11.076
SUN2	NA	449	4320	4.21045
SUN3	NA	1	1534	0.0264083
SUN5	NA	0	1252	0
SUOX	NA	728	2462	11.9787
SUPT16H	NA	9397	4684	81.2715
SUPT20H	NA	1449	3550	16.5351
SUPT20HL1	NA	0	2664	0
SUPT20HL2	NA	0	2454	0
SUPT3H	NA	459	4509	4.12381
SUPT4H1	NA	2052	1530	54.3315
SUPT5H	NA	3736	3868	39.1279
SUPT6H	NA	4434	5877	30.5637
SUPT7L	NA	2131	4740	18.2126
SUPV3L1	NA	1240	2647	18.9773
SURF1	NA	427	1043	16.5848
SURF2	NA	575	845	27.5662
SURF4	NA	6510	3399	77.5882
SURF6	NA	3651	2330	63.4778
SUSD1	NA	100	3082	1.31442
SUSD2	NA	0	3183	0
SUSD3	NA	0	1326	0
SUSD4	NA	2	3218	0.0251773
SUSD5	NA	472	5005	3.82036
SUSD6	NA	298	5393	2.23847
SUV39H1	NA	508	3054	6.73846
SUV39H2	NA	647	3340	7.84736
SUV420H1	NA	1255	7394	6.87591
SUV420H2	NA	469	2309	8.22839
SUZ12	NA	1332	4477	12.0527
SUZ12P1	NA	123	728	6.84447
SV2A	NA	1325	4549	11.7996
SV2B	NA	0	11700	0
SV2C	NA	156	11603	0.544653
SVEP1	NA	1	12343	0.00328205
SVIL	NA	1386	8547	6.56924
SVIL-AS1	NA	2208	8048	11.1142
SVILP1	NA	18	1683	0.433266
SVIP	NA	68	1389	1.98323
SVOP	NA	13	6266	0.0840463
SVOPL	NA	2	1819	0.0445413
SWAP70	NA	2443	4882	20.2718
SWI5	NA	486	981	20.0693
SWSAP1	NA	170	1662	4.14366
SWT1	NA	210	3945	2.15644
SYAP1	NA	1295	3525	14.8825
SYBU	NA	638	4539	5.69412
SYCE1	NA	1	1839	0.0220285
SYCE1L	NA	15	877	0.692879
SYCE2	NA	27	933	1.17232
SYCE3	NA	12	442	1.09983
SYCN	NA	0	482	0
SYCP1	NA	0	3627	0
SYCP2	NA	143	5480	1.05711
SYCP2L	NA	48	3129	0.621443
SYCP3	NA	19	1129	0.681751
SYDE1	NA	1334	3303	16.3611
SYDE2	NA	187	4711	1.60803
SYF2	NA	2006	1777	45.7309
SYK	NA	1	5362	0.00755508
SYMPK	NA	5087	4188	49.2063
SYN1	NA	84	3210	1.06008
SYN2	NA	2	5705	0.0142017
SYN3	NA	0	3144	0
SYNC	NA	2994	3493	34.7231
SYNCRIP	NA	8703	8334	42.304
SYNDIG1	NA	0	2523	0
SYNDIG1L	NA	2	2607	0.0310781
SYNE1	NA	154	27888	0.223702
SYNE1-AS1	NA	0	717	0
SYNE2	NA	329	22269	0.598496
SYNE3	NA	18	3275	0.222652
SYNE4	NA	51	1564	1.32099
SYNGAP1	NA	1225	12020	4.12855
SYNGR1	NA	522	5357	3.94743
SYNGR2	NA	1645	1694	39.3385
SYNGR3	NA	534	2051	10.5473
SYNGR4	NA	1	1015	0.0399117
SYNJ1	NA	199	7211	1.11795
SYNJ2	NA	1029	7564	5.51099
SYNJ2-IT1	NA	0	599	0
SYNJ2BP	NA	854	7060	4.90026
SYNJ2BP-COX16	NA	1682	2027	33.6154
SYNM	NA	2925	7354	16.1127
SYNPO	NA	267	8251	1.3109
SYNPO2	NA	0	14041	0
SYNPO2L	NA	1	5086	0.00796507
SYNPR	NA	0	2987	0
SYNPR-AS1	NA	0	558	0
SYNRG	NA	1115	8240	5.48168
SYP	NA	300	2433	4.99511
SYP-AS1	NA	2	669	0.121107
SYPL1	NA	1877	2469	30.797
SYPL2	NA	49	3779	0.525273
SYS1	NA	713	5399	5.34986
SYS1-DBNDD2	NA	186	1344	5.60634
SYT1	NA	2	5327	0.0152094
SYT10	NA	0	3286	0
SYT11	NA	572	5280	4.38862
SYT12	NA	29	3718	0.315976
SYT13	NA	1	5375	0.00753681
SYT14	NA	1139	5388	8.56371
SYT14P1	NA	6	2628	0.0924894
SYT15	NA	28	5693	0.199243
SYT16	NA	1	3137	0.0129137
SYT17	NA	4	3375	0.0480123
SYT2	NA	17	7779	0.0885301
SYT3	NA	150	3099	1.96081
SYT4	NA	0	4096	0
SYT5	NA	224	2187	4.14921
SYT6	NA	0	4593	0
SYT7	NA	258	6532	1.60007
SYT8	NA	0	1574	0
SYT9	NA	10	3958	0.102351
SYTL1	NA	435	1966	8.96338
SYTL2	NA	184	5044	1.47778
SYTL3	NA	9	2896	0.125895
SYTL4	NA	10	4053	0.0999515
SYTL5	NA	3	4883	0.0248886
SYVN1	NA	814	3051	10.8081
SZRD1	NA	4165	3766	44.8023
SZT2	NA	1260	13979	3.65141
T	NA	0	2484	0
TAAR1	NA	0	1020	0
TAAR2	NA	0	1056	0
TAAR3	NA	0	1078	0
TAAR5	NA	0	1147	0
TAAR6	NA	0	1038	0
TAAR8	NA	0	1029	0
TAAR9	NA	0	1049	0
TAB1	NA	1072	3862	11.2447
TAB2	NA	1904	5029	15.3374
TAB3	NA	419	6787	2.50093
TAC1	NA	1	1188	0.0340996
TAC3	NA	1326	955	56.2479
TAC4	NA	5	675	0.300077
TACC1	NA	625	8288	3.05489
TACC2	NA	578	10737	2.18077
TACC3	NA	3449	2837	49.2493
TACO1	NA	1109	1469	30.5827
TACR1	NA	5	4993	0.0405671
TACR2	NA	2	2416	0.033535
TACR3	NA	0	1753	0
TACSTD2	NA	0	2072	0
TADA1	NA	650	2247	11.7186
TADA2A	NA	123	2016	2.47161
TADA2B	NA	653	4310	6.13764
TADA3	NA	1934	3419	22.9152
TAF1	NA	984	9871	4.03831
TAF10	NA	2205	817	109.333
TAF11	NA	1292	1562	33.5079
TAF12	NA	1251	1450	34.9506
TAF13	NA	364	577	25.5559
TAF15	NA	5287	2191	97.7536
TAF1A	NA	346	2281	6.14493
TAF1A-AS1	NA	12	956	0.508498
TAF1B	NA	365	2299	6.43161
TAF1C	NA	1515	4202	14.6057
TAF1D	NA	930	1311	28.7373
TAF1L	NA	87	6216	0.566988
TAF2	NA	1312	5020	10.5876
TAF3	NA	603	3298	7.40683
TAF4	NA	602	4628	5.26949
TAF4B	NA	566	4448	5.15487
TAF5	NA	680	3268	8.42932
TAF5L	NA	976	6115	6.46575
TAF6	NA	2747	2952	37.6971
TAF6L	NA	459	2115	8.7916
TAF7	NA	4300	2295	75.9017
TAF7L	NA	31	2469	0.508635
TAF8	NA	531	4323	4.97594
TAF9	NA	3226	1582	82.6083
TAF9B	NA	532	2689	8.01469
TAGAP	NA	5	4197	0.0482611
TAGLN	NA	8127	1557	211.45
TAGLN2	NA	782	1754	18.0611
TAGLN3	NA	1	1576	0.0257045
TAL1	NA	17	5103	0.134955
TAL2	NA	2	648	0.125032
TALDO1	NA	1932	1243	62.9654
TAMM41	NA	739	2600	11.5143
TANC1	NA	292	7512	1.57468
TANC2	NA	342	11747	1.17941
TANGO2	NA	210	2864	2.97038
TANGO6	NA	655	4818	5.50732
TANK	NA	288	2335	4.99656
TAOK1	NA	2016	12081	6.76011
TAOK2	NA	1632	6561	10.0766
TAOK3	NA	134	4384	1.23823
TAP1	NA	2144	24523	3.54174
TAP2	NA	1432	47726	1.2155
TAPBP	NA	1862	20421	3.69376
TAPBPL	NA	23	1818	0.512507
TAPT1	NA	265	4588	2.33985
TAPT1-AS1	NA	461	2547	7.33226
TARBP1	NA	1479	5130	11.6793
TARBP2	NA	1154	1988	23.5156
TARDBP	NA	6324	4217	60.7511
TARID	NA	0	2984	0
TARM1	NA	0	897	0
TARP	NA	0	1027	0
TARS	NA	3555	3166	45.4878
TARS2	NA	1264	2789	18.3597
TARSL2	NA	330	3294	4.05841
TAS1R1	NA	4	2795	0.0579754
TAS1R2	NA	0	2521	0
TAS1R3	NA	5	2559	0.0791527
TAS2R1	NA	0	1355	0
TAS2R10	NA	1	924	0.0438424
TAS2R13	NA	1	1637	0.0247467
TAS2R14	NA	17	954	0.721882
TAS2R16	NA	0	996	0
TAS2R19	NA	7	1002	0.283006
TAS2R20	NA	59	1914	1.24875
TAS2R3	NA	0	1101	0
TAS2R30	NA	0	960	0
TAS2R31	NA	5	1021	0.198386
TAS2R38	NA	0	1143	0
TAS2R39	NA	0	1017	0
TAS2R4	NA	3	900	0.135034
TAS2R40	NA	0	972	0
TAS2R41	NA	0	924	0
TAS2R42	NA	0	945	0
TAS2R43	NA	2	1027	0.0788906
TAS2R46	NA	0	930	0
TAS2R5	NA	8	1150	0.281811
TAS2R50	NA	1	1000	0.0405103
TAS2R60	NA	0	957	0
TAS2R7	NA	0	1096	0
TAS2R8	NA	0	930	0
TAS2R9	NA	0	1075	0
TASP1	NA	149	2351	2.56744
TAT	NA	8	2757	0.117549
TAT-AS1	NA	13	810	0.650166
TATDN1	NA	684	1148	24.1368
TATDN2	NA	1507	4907	12.4412
TATDN3	NA	274	2609	4.25444
TAX1BP1	NA	1561	3668	17.2401
TAX1BP3	NA	3753	1383	109.932
TAZ	NA	386	2086	7.49616
TBATA	NA	0	1583	0
TBC1D1	NA	974	6896	5.72173
TBC1D10A	NA	463	2018	9.29449
TBC1D10B	NA	1619	3288	19.9472
TBC1D10C	NA	6	1995	0.121836
TBC1D12	NA	210	5749	1.47977
TBC1D13	NA	787	3903	8.16849
TBC1D14	NA	1701	5316	12.9624
TBC1D15	NA	805	5888	5.53852
TBC1D16	NA	1112	11303	3.98545
TBC1D17	NA	685	2372	11.6988
TBC1D19	NA	63	3117	0.818784
TBC1D2	NA	591	3683	6.50057
TBC1D20	NA	949	4469	8.60244
TBC1D21	NA	0	1249	0
TBC1D22A	NA	513	5031	4.13075
TBC1D22A-AS1	NA	4	1951	0.0830555
TBC1D22B	NA	724	3591	8.1675
TBC1D23	NA	466	3886	4.8579
TBC1D24	NA	484	6595	2.97301
TBC1D25	NA	333	3812	3.53881
TBC1D26	NA	5	1869	0.108374
TBC1D28	NA	0	1978	0
TBC1D29	NA	1	668	0.0606442
TBC1D2B	NA	705	6067	4.7074
TBC1D3	NA	369	2260	6.6143
TBC1D30	NA	121	7824	0.626502
TBC1D31	NA	226	3504	2.61282
TBC1D32	NA	202	6088	1.34413
TBC1D3B	NA	360	2110	6.91172
TBC1D3C	NA	370	2105	7.12058
TBC1D3F	NA	1384	6237	8.98931
TBC1D3H	NA	1375	6405	8.6966
TBC1D3K	NA	369	2065	7.23889
TBC1D3L	NA	369	2079	7.19015
TBC1D3P1-DHX40P1	NA	223	1129	8.0016
TBC1D3P2	NA	99	2062	1.94497
TBC1D3P5	NA	0	3083	0
TBC1D4	NA	39	6372	0.247945
TBC1D5	NA	1128	8084	5.65261
TBC1D7	NA	445	1327	13.5849
TBC1D8	NA	130	4147	1.26992
TBC1D8B	NA	1	6299	0.00643123
TBC1D9	NA	353	5486	2.60666
TBC1D9B	NA	2635	5165	20.6669
TBCA	NA	5059	2447	83.7523
TBCB	NA	2077	1577	53.3545
TBCC	NA	1117	1651	27.4077
TBCCD1	NA	410	3152	5.26943
TBCD	NA	1472	4432	13.4547
TBCE	NA	816	2223	14.8702
TBCEL	NA	434	4039	4.35293
TBCK	NA	297	5558	2.16473
TBK1	NA	697	3087	9.14665
TBKBP1	NA	2185	4134	21.4115
TBL1X	NA	587	6018	3.95141
TBL1XR1	NA	1801	6550	11.1388
TBL1Y	NA	5	2407	0.0841511
TBL2	NA	1514	3038	20.1885
TBL3	NA	1025	2594	16.0074
TBP	NA	554	1904	11.7871
TBPL1	NA	647	1889	13.8752
TBPL2	NA	0	1295	0
TBR1	NA	0	3186	0
TBRG1	NA	597	5162	4.68514
TBRG4	NA	4058	2276	72.228
TBX1	NA	1687	2804	24.3727
TBX10	NA	0	1548	0
TBX15	NA	668	3495	7.74275
TBX18	NA	0	6066	0
TBX19	NA	24	2822	0.344524
TBX2	NA	1287	3380	15.4251
TBX2-AS1	NA	113	979	4.67586
TBX20	NA	1	1828	0.022161
TBX21	NA	1	2572	0.0157505
TBX22	NA	0	2443	0
TBX3	NA	4	4783	0.0338786
TBX4	NA	12	2470	0.196811
TBX5	NA	0	4362	0
TBX5-AS1	NA	0	3638	0
TBX6	NA	1	1802	0.0224808
TBXA2R	NA	157	2601	2.44526
TBXAS1	NA	0	2695	0
TC2N	NA	4	5496	0.0294835
TCAF1	NA	1811	5960	12.3094
TCAF2	NA	4	6032	0.0268636
TCAF2P1	NA	1	2268	0.0178617
TCAIM	NA	660	5471	4.88701
TCAM1P	NA	0	3317	0
TCAP	NA	22	963	0.92547
TCEA1	NA	4086	3163	52.3317
TCEA2	NA	286	2363	4.90307
TCEA3	NA	12	1750	0.277785
TCEAL1	NA	113	1280	3.5763
TCEAL2	NA	0	1101	0
TCEAL3	NA	71	1125	2.55665
TCEAL4	NA	2186	2118	41.811
TCEAL5	NA	1	1166	0.034743
TCEAL6	NA	18	1532	0.47597
TCEAL7	NA	14	1184	0.479007
TCEAL8	NA	1963	1212	65.612
TCEANC	NA	25	3407	0.297258
TCEANC2	NA	417	7499	2.25268
TCEB1	NA	2486	2330	43.2226
TCEB2	NA	8322	990	340.532
TCEB3	NA	3801	4943	31.1511
TCEB3-AS1	NA	395	1084	14.7616
TCEB3B	NA	1	3046	0.0132995
TCEB3C	NA	4	3754	0.043165
TCEB3CL	NA	6	4923	0.0493727
TCEB3CL2	NA	4	3754	0.043165
TCERG1	NA	2383	4201	22.9793
TCERG1L	NA	2	2617	0.0309594
TCERG1L-AS1	NA	0	472	0
TCF12	NA	1499	4963	12.2355
TCF15	NA	12	1227	0.396189
TCF19	NA	437	22121	0.800281
TCF20	NA	1806	7309	10.0098
TCF21	NA	0	3653	0
TCF23	NA	0	786	0
TCF24	NA	18	2450	0.297627
TCF25	NA	1804	2259	32.3509
TCF3	NA	5326	4678	46.1219
TCF4	NA	3	10834	0.0112176
TCF7	NA	339	4188	3.27913
TCF7L1	NA	853	2918	11.8421
TCF7L2	NA	366	4326	3.42737
TCFL5	NA	711	3952	7.28817
TCHH	NA	36	6995	0.208488
TCHHL1	NA	0	3603	0
TCHP	NA	338	3310	4.13671
TCIRG1	NA	56	3041	0.745998
TCL1A	NA	1	1620	0.0250064
TCL1B	NA	0	1166	0
TCL6	NA	0	3307	0
TCN1	NA	0	1567	0
TCN2	NA	331	2072	6.47149
TCOF1	NA	8417	5994	56.8861
TCONS_00029157	NA	0	2890	0
TCP1	NA	11947	2453	197.3
TCP10	NA	0	1273	0
TCP10L	NA	7	2697	0.105144
TCP10L2	NA	0	2185	0
TCP11	NA	5	2135	0.094872
TCP11L1	NA	209	3009	2.81378
TCP11L2	NA	20	2769	0.292599
TCP11X2	NA	0	1747	0
TCTA	NA	752	2147	14.189
TCTE1	NA	9	1683	0.216633
TCTE3	NA	7	747	0.379615
TCTEX1D1	NA	0	2264	0
TCTEX1D2	NA	564	679	33.6492
TCTEX1D4	NA	128	1268	4.08937
TCTN1	NA	235	2229	4.27094
TCTN2	NA	210	2912	2.92142
TCTN3	NA	1817	2739	26.8738
TDG	NA	861	3244	10.752
TDGF1	NA	0	2192	0
TDGF1P3	NA	0	2710	0
TDH	NA	0	1357	0
TDO2	NA	711	1703	16.913
TDP1	NA	788	3747	8.51939
TDP2	NA	1833	1925	38.5743
TDRD1	NA	0	4510	0
TDRD10	NA	9	2529	0.144165
TDRD12	NA	2	1617	0.0501055
TDRD15	NA	0	7160	0
TDRD3	NA	324	3137	4.18404
TDRD5	NA	2	4290	0.0188859
TDRD6	NA	0	8977	0
TDRD7	NA	38	3762	0.409195
TDRD9	NA	7	4764	0.059524
TDRG1	NA	0	1085	0
TDRKH	NA	408	3263	5.06534
TDRP	NA	1355	3423	16.0361
TEAD1	NA	1924	9416	8.2776
TEAD2	NA	1319	2328	22.9524
TEAD3	NA	1364	2991	18.4741
TEAD4	NA	874	2161	16.3841
TEC	NA	3	3620	0.0335721
TECPR1	NA	328	5745	2.31286
TECPR2	NA	539	9068	2.40793
TECR	NA	1591	1231	52.3574
TECRL	NA	0	2814	0
TECTA	NA	17	6468	0.106474
TECTB	NA	2	2791	0.0290293
TEDDM1	NA	0	2500	0
TEF	NA	490	4663	4.25693
TEFM	NA	423	1339	12.7975
TEK	NA	0	4771	0
TEKT1	NA	0	1413	0
TEKT2	NA	4	1509	0.107383
TEKT3	NA	4	1784	0.0908304
TEKT4	NA	7	2218	0.12785
TEKT4P2	NA	246	2911	3.42341
TEKT5	NA	1	1609	0.0251773
TELO2	NA	1282	3328	15.6052
TEN1	NA	154	997	6.25736
TEN1-CDK3	NA	221	3330	2.68852
TENM1	NA	1	12893	0.00314204
TENM2	NA	57	9645	0.239408
TENM3	NA	2	10810	0.00749497
TENM4	NA	285	13548	0.852188
TEP1	NA	414	10694	1.56829
TEPP	NA	3	1621	0.0749729
TERC	NA	6	451	0.53894
TERF1	NA	913	2960	12.4952
TERF2	NA	995	2983	13.5125
TERF2IP	NA	2721	2178	50.61
TERT	NA	135	4013	1.36279
TES	NA	1	2858	0.0141744
TESC	NA	291	1024	11.5122
TESC-AS1	NA	0	465	0
TESK1	NA	844	2516	13.5893
TESK2	NA	251	3076	3.30562
TESPA1	NA	0	4140	0
TET1	NA	180	9584	0.760837
TET2	NA	259	15321	0.684823
TET2-AS1	NA	0	754	0
TET3	NA	564	11387	2.00648
TEX10	NA	9928	3274	122.843
TEX101	NA	6	1739	0.139771
TEX11	NA	4	3140	0.0516055
TEX12	NA	2	1144	0.0708223
TEX13A	NA	0	1396	0
TEX13B	NA	0	1248	0
TEX14	NA	61	4946	0.499622
TEX15	NA	72	10112	0.288444
TEX19	NA	48	1936	1.00439
TEX2	NA	481	5270	3.69743
TEX21P	NA	3	1045	0.116298
TEX22	NA	138	2571	2.17442
TEX26	NA	0	998	0
TEX26-AS1	NA	0	2190	0
TEX261	NA	2339	3367	28.1419
TEX264	NA	643	1877	13.8775
TEX28	NA	2	1621	0.0499819
TEX29	NA	2	951	0.0851952
TEX30	NA	553	1397	16.0359
TEX33	NA	0	1049	0
TEX35	NA	0	1391	0
TEX36	NA	0	922	0
TEX36-AS1	NA	0	749	0
TEX37	NA	2	796	0.101785
TEX38	NA	3	851	0.14281
TEX40	NA	6	744	0.326696
TEX41	NA	0	4786	0
TEX43	NA	0	459	0
TEX9	NA	74	1782	1.68225
TF	NA	2	2791	0.0290293
TFAM	NA	1816	5369	13.7021
TFAMP1	NA	3	2223	0.0546698
TFAP2A	NA	725	4252	6.90734
TFAP2A-AS1	NA	35	1304	1.08732
TFAP2B	NA	1	5770	0.00702086
TFAP2C	NA	24	2865	0.339354
TFAP2D	NA	0	2040	0
TFAP2E	NA	13	2187	0.240802
TFAP4	NA	477	2140	9.02964
TFB1M	NA	446	2802	6.44811
TFB2M	NA	955	1786	21.6615
TFCP2	NA	1362	3715	14.852
TFCP2L1	NA	63	9286	0.274839
TFDP1	NA	2957	2694	44.4651
TFDP2	NA	1439	10141	5.74839
TFDP3	NA	25	1680	0.602832
TFE3	NA	1958	3450	22.9911
TFEB	NA	254	2735	3.7622
TFEC	NA	4	6829	0.0237284
TFF1	NA	0	492	0
TFF2	NA	0	707	0
TFF3	NA	0	1054	0
TFG	NA	3262	2114	62.5093
TFIP11	NA	2105	2926	29.1436
TFPI	NA	5958	4141	58.2856
TFPI2	NA	33	2444	0.546989
TFPT	NA	1358	1205	45.654
TFR2	NA	105	2982	1.42642
TFRC	NA	5776	5295	44.1903
TG	NA	9	8453	0.0431318
TGDS	NA	586	1996	11.8933
TGFA	NA	0	4765	0
TGFA-IT1	NA	0	492	0
TGFB1	NA	2684	2583	42.0944
TGFB1I1	NA	1	1866	0.0217097
TGFB2	NA	15	5954	0.102058
TGFB2-AS1	NA	0	557	0
TGFB2-OT1	NA	3	1370	0.0887088
TGFB3	NA	25	3458	0.292874
TGFBI	NA	0	2805	0
TGFBR1	NA	601	6527	3.73015
TGFBR2	NA	2	4703	0.0172274
TGFBR3	NA	1341	6802	7.98653
TGFBR3L	NA	22	1256	0.709576
TGFBRAP1	NA	1197	5683	8.53262
TGIF1	NA	4561	4131	44.7271
TGIF2	NA	913	3624	10.2058
TGIF2-C20orf24	NA	1920	1090	71.3577
TGIF2LX	NA	0	847	0
TGIF2LY	NA	0	861	0
TGM1	NA	42	2777	0.612688
TGM2	NA	2143	4085	21.2518
TGM3	NA	0	2677	0
TGM4	NA	0	2999	0
TGM5	NA	3	2767	0.0439216
TGM6	NA	0	2292	0
TGM7	NA	0	2312	0
TGOLN2	NA	2180	6424	13.7473
TGS1	NA	1674	3692	18.3679
TH	NA	4	1910	0.0848384
TH2LCRR	NA	129	929	5.62522
THADA	NA	3197	6786	19.0851
THAP1	NA	366	2167	6.84208
THAP10	NA	82	2047	1.62279
THAP11	NA	1140	1886	24.4866
THAP2	NA	92	4840	0.770031
THAP3	NA	2941	2972	40.0878
THAP4	NA	3370	2318	58.8955
THAP5	NA	476	3789	5.08918
THAP6	NA	247	3578	2.79655
THAP7	NA	811	1242	26.4524
THAP7-AS1	NA	210	2971	2.8634
THAP8	NA	160	1825	3.55159
THAP9	NA	116	4038	1.16374
THAP9-AS1	NA	1249	2308	21.9226
THBD	NA	1	4032	0.0100472
THBS1	NA	34	7243	0.190163
THBS2	NA	28	5881	0.192874
THBS3	NA	2835	3316	34.6341
THBS4	NA	25	3636	0.278536
THCAT155	NA	0	5979	0
THCAT158	NA	0	776	0
THEG	NA	0	1326	0
THEG5	NA	0	1696	0
THEGL	NA	0	1466	0
THEM4	NA	0	5171	0
THEM5	NA	0	1146	0
THEM6	NA	118	2264	2.1114
THEMIS	NA	0	4187	0
THEMIS2	NA	29	2724	0.431277
THG1L	NA	522	1305	16.2041
THNSL1	NA	327	3770	3.51376
THNSL2	NA	0	2317	0
THOC1	NA	1072	2120	20.4845
THOC2	NA	1894	5610	13.6768
THOC3	NA	3094	1601	78.2879
THOC5	NA	2850	2754	41.9225
THOC6	NA	532	1420	15.1771
THOC7	NA	1445	1278	45.8039
THOC7-AS1	NA	1	673	0.0601937
THOP1	NA	3349	2550	53.2036
THPO	NA	8	2186	0.148254
THRA	NA	151	3496	1.74973
THRA1/BTR	NA	0	728	0
THRAP3	NA	3977	4431	36.3596
THRB	NA	4	7684	0.0210882
THRB-AS1	NA	0	885	0
THRIL	NA	197	1981	4.02854
THRSP	NA	28	1180	0.961262
THSD1	NA	79	3347	0.956175
THSD4	NA	91	9425	0.391134
THSD4-AS1	NA	0	835	0
THSD4-AS2	NA	1	2139	0.0189389
THSD7A	NA	9	10585	0.0344443
THSD7B	NA	1	5845	0.00693077
THTPA	NA	249	2675	3.77087
THUMPD1	NA	1512	4503	13.6024
THUMPD2	NA	539	2345	9.31133
THUMPD3	NA	611	3980	6.21905
THUMPD3-AS1	NA	202	1860	4.39951
THY1	NA	831	2397	14.0443
THYN1	NA	1197	1321	36.7077
TIA1	NA	1445	4653	12.5806
TIAF1	NA	724	2089	14.04
TIAL1	NA	3158	3942	32.4535
TIAM1	NA	11	7198	0.061908
TIAM2	NA	40	6044	0.268103
TICAM1	NA	1	2722	0.0148826
TICAM2	NA	207	3203	2.61806
TICRR	NA	697	6669	4.23387
TIE1	NA	13	3982	0.132254
TIFA	NA	22	3073	0.290019
TIFAB	NA	32	1273	1.01833
TIGAR	NA	1792	8225	8.82608
TIGD1	NA	292	2621	4.51317
TIGD2	NA	900	2085	17.4865
TIGD3	NA	34	1966	0.700586
TIGD4	NA	35	2472	0.573569
TIGD5	NA	653	2412	10.9674
TIGD6	NA	140	4547	1.24729
TIGD7	NA	389	3430	4.59432
TIGIT	NA	0	2968	0
TIMD4	NA	0	1369	0
TIMELESS	NA	2046	5138	16.1316
TIMM10	NA	1074	674	64.5521
TIMM10B	NA	1934	2842	27.5676
TIMM13	NA	3499	1995	71.0505
TIMM17A	NA	2817	1659	68.787
TIMM17B	NA	1550	1100	57.0827
TIMM21	NA	1285	1534	33.9347
TIMM22	NA	1596	1673	38.6458
TIMM23	NA	3584	1349	107.627
TIMM23B	NA	950	2639	14.5831
TIMM44	NA	2483	2000	50.2936
TIMM50	NA	2381	2572	37.502
TIMM8A	NA	611	1806	13.7053
TIMM8B	NA	2190	1140	77.8225
TIMM9	NA	1107	1336	33.5666
TIMMDC1	NA	1521	1593	38.6794
TIMP1	NA	5005	916	221.347
TIMP2	NA	2210	3655	24.4946
TIMP3	NA	5	5486	0.0369216
TIMP4	NA	0	1633	0
TINAG	NA	0	1804	0
TINAGL1	NA	136	2281	2.41535
TINCR	NA	29	3733	0.314707
TINF2	NA	830	2177	15.4449
TIPARP	NA	335	4530	2.9958
TIPARP-AS1	NA	7	2543	0.111511
TIPIN	NA	805	1280	25.4772
TIPRL	NA	1050	3307	12.8624
TIRAP	NA	98	2485	1.59759
TISP43	NA	0	2215	0
TJAP1	NA	715	3119	9.2866
TJP1	NA	2107	8557	9.97491
TJP2	NA	53	6663	0.322234
TJP3	NA	46	3335	0.558763
TK1	NA	1830	1595	46.4789
TK2	NA	441	6137	2.91104
TKFC	NA	396	4241	3.78262
TKT	NA	13575	3090	177.97
TKTL1	NA	9	2899	0.125765
TKTL2	NA	0	2801	0
TLCD1	NA	416	1197	14.0788
TLCD2	NA	177	5901	1.2151
TLDC1	NA	881	5031	7.09394
TLDC2	NA	61	2089	1.18293
TLE1	NA	655	4153	6.38918
TLE2	NA	431	2954	5.91061
TLE3	NA	1447	5910	9.91852
TLE4	NA	664	5401	4.98035
TLE6	NA	90	2017	1.8076
TLK1	NA	1299	6032	8.72396
TLK2	NA	1527	5513	11.2206
TLL1	NA	2	7777	0.010418
TLL2	NA	156	6771	0.933335
TLN1	NA	4996	8434	23.9969
TLN2	NA	336	11649	1.16847
TLR1	NA	0	2851	0
TLR10	NA	0	3990	0
TLR2	NA	0	3402	0
TLR3	NA	6	3041	0.0799283
TLR4	NA	0	5781	0
TLR5	NA	10	4267	0.0949387
TLR6	NA	5	5887	0.0344066
TLR7	NA	6	4992	0.0486903
TLR8	NA	0	4353	0
TLR8-AS1	NA	32	1589	0.815815
TLR9	NA	4	3870	0.0418711
TLX1	NA	0	2130	0
TLX1NB	NA	0	3031	0
TLX2	NA	11	2152	0.20707
TLX3	NA	0	1493	0
TM2D1	NA	326	1250	10.5651
TM2D2	NA	1507	3641	16.7671
TM2D3	NA	699	2159	13.1157
TM4SF1	NA	49048	1691	1175.02
TM4SF1-AS1	NA	91	931	3.95966
TM4SF18	NA	830	3925	8.56652
TM4SF19	NA	11	1059	0.420787
TM4SF19-AS1	NA	15	2061	0.294835
TM4SF19-TCTEX1D2	NA	152	1008	6.1087
TM4SF20	NA	0	2294	0
TM4SF4	NA	7	1607	0.176461
TM4SF5	NA	0	708	0
TM6SF1	NA	26	1909	0.551738
TM6SF2	NA	17	1483	0.46438
TM7SF2	NA	278	1601	7.03427
TM7SF3	NA	3889	4343	36.2755
TM9SF1	NA	908	2843	12.9382
TM9SF2	NA	1899	3515	21.886
TM9SF3	NA	7205	6140	47.537
TM9SF4	NA	1912	3978	19.471
TMA16	NA	1103	1918	23.2966
TMA7	NA	3451	463	301.946
TMBIM1	NA	2258	2349	38.941
TMBIM4	NA	374	2003	7.56409
TMBIM6	NA	9492	3356	114.578
TMC1	NA	0	3201	0
TMC2	NA	1	3169	0.0127833
TMC3	NA	0	3303	0
TMC3-AS1	NA	0	1077	0
TMC4	NA	24	2481	0.391877
TMC5	NA	2	6076	0.0133345
TMC6	NA	820	2958	11.23
TMC7	NA	102	5196	0.795238
TMC8	NA	23	4419	0.210848
TMCC1	NA	555	6724	3.34373
TMCC1-AS1	NA	206	3497	2.38637
TMCC2	NA	286	4614	2.51104
TMCC3	NA	153	6106	1.01508
TMCO1	NA	2749	4670	23.8464
TMCO2	NA	3	741	0.164009
TMCO3	NA	1266	3086	16.619
TMCO4	NA	1041	2974	14.18
TMCO5A	NA	0	1245	0
TMCO5B	NA	0	857	0
TMCO6	NA	335	1911	7.1015
TMED1	NA	912	1866	19.7993
TMED10	NA	5989	4144	58.5464
TMED10P1	NA	119	4033	1.19532
TMED11P	NA	1	533	0.0760044
TMED2	NA	4680	2126	89.1761
TMED3	NA	2013	3342	24.4008
TMED4	NA	2464	3782	26.3928
TMED5	NA	1281	6185	8.39026
TMED6	NA	19	940	0.818826
TMED7	NA	1334	4063	13.3007
TMED7-TICAM2	NA	424	3773	4.55245
TMED8	NA	22	978	0.911275
TMED9	NA	4781	1393	139.038
TMEFF1	NA	2348	2486	38.2616
TMEFF2	NA	1	5781	0.0070075
TMEM100	NA	10	2388	0.169641
TMEM101	NA	515	2040	10.2269
TMEM102	NA	171	1973	3.51103
TMEM104	NA	660	4749	5.62999
TMEM105	NA	7	3319	0.0854391
TMEM106A	NA	1	3333	0.0121543
TMEM106B	NA	494	6514	3.07217
TMEM106C	NA	1542	1588	39.3369
TMEM107	NA	484	1775	11.0462
TMEM108	NA	5	4159	0.048702
TMEM108-AS1	NA	0	2338	0
TMEM109	NA	1399	2388	23.7328
TMEM11	NA	1391	1688	33.3826
TMEM110	NA	475	4736	4.06301
TMEM110-MUSTN1	NA	150	1459	4.16487
TMEM114	NA	0	1125	0
TMEM115	NA	1599	2095	30.9193
TMEM116	NA	132	1820	2.93811
TMEM117	NA	48	2999	0.648382
TMEM119	NA	5	2701	0.0749914
TMEM120A	NA	549	1471	15.1191
TMEM120B	NA	3548	7510	19.1386
TMEM121	NA	392	1519	10.4543
TMEM123	NA	3711	3590	41.8757
TMEM125	NA	1	1786	0.0226822
TMEM126A	NA	315	818	15.5999
TMEM126B	NA	1087	1341	32.8372
TMEM127	NA	1050	4593	9.26102
TMEM128	NA	643	1767	14.7415
TMEM129	NA	1432	2837	20.4479
TMEM130	NA	101	3065	1.33492
TMEM131	NA	2090	6642	12.7472
TMEM132A	NA	1072	3520	12.3372
TMEM132B	NA	354	11089	1.29323
TMEM132C	NA	0	4947	0
TMEM132D	NA	0	5777	0
TMEM132E	NA	0	4639	0
TMEM133	NA	0	1856	0
TMEM134	NA	553	1117	20.0557
TMEM135	NA	841	9080	3.75211
TMEM136	NA	542	4462	4.9208
TMEM138	NA	869	1842	19.1116
TMEM139	NA	3	2522	0.0481883
TMEM140	NA	469	2055	9.24542
TMEM141	NA	1119	858	52.8334
TMEM143	NA	172	2560	2.72179
TMEM144	NA	430	3318	5.24998
TMEM145	NA	101	1779	2.29991
TMEM147	NA	2393	966	100.353
TMEM147-AS1	NA	848	1627	21.1142
TMEM14A	NA	158	1014	6.31226
TMEM14B	NA	1799	1810	40.2641
TMEM14C	NA	3642	1187	124.295
TMEM14E	NA	0	1293	0
TMEM150A	NA	412	1554	10.7402
TMEM150B	NA	6	982	0.247517
TMEM150C	NA	30	1888	0.643702
TMEM151A	NA	32	2530	0.512384
TMEM151B	NA	999	4619	8.7616
TMEM154	NA	0	3216	0
TMEM155	NA	0	2316	0
TMEM156	NA	225	1934	4.71294
TMEM158	NA	53	1859	1.15495
TMEM159	NA	38	2329	0.660967
TMEM160	NA	1731	655	107.059
TMEM161A	NA	1363	1827	30.222
TMEM161B	NA	345	3486	4.0092
TMEM161B-AS1	NA	83	1391	2.41722
TMEM163	NA	0	1893	0
TMEM164	NA	325	5708	2.30656
TMEM165	NA	1035	2078	20.1772
TMEM167A	NA	5274	4587	46.5776
TMEM167B	NA	522	2750	7.6896
TMEM168	NA	434	7392	2.37845
TMEM169	NA	5	3461	0.058524
TMEM17	NA	49	1925	1.03117
TMEM170A	NA	1111	5071	8.87537
TMEM170B	NA	302	8413	1.45419
TMEM171	NA	1	1266	0.0319987
TMEM173	NA	165	2207	3.02864
TMEM174	NA	0	1758	0
TMEM175	NA	288	2356	4.95203
TMEM176A	NA	1	1038	0.0390273
TMEM176B	NA	72	1673	1.74342
TMEM177	NA	1188	1738	27.6906
TMEM178A	NA	273	1830	6.04335
TMEM178B	NA	9	10557	0.0345357
TMEM179	NA	0	3651	0
TMEM179B	NA	816	1043	31.6936
TMEM18	NA	605	2124	11.539
TMEM180	NA	170	2834	2.43005
TMEM181	NA	1560	5397	11.7095
TMEM182	NA	71	3588	0.801626
TMEM183A	NA	2696	2220	49.1963
TMEM183B	NA	2631	1689	63.104
TMEM184A	NA	173	6276	1.11668
TMEM184B	NA	1499	3878	15.6588
TMEM184C	NA	528	2973	7.19457
TMEM185A	NA	311	3091	4.07593
TMEM185B	NA	1631	5938	11.127
TMEM186	NA	477	1448	13.3449
TMEM187	NA	53	1667	1.28797
TMEM189	NA	2406	2399	40.6285
TMEM189-UBE2V1	NA	6891	2918	95.6671
TMEM19	NA	248	4658	2.15684
TMEM190	NA	51	593	3.48403
TMEM191A	NA	51	1958	1.05517
TMEM191B	NA	59	1334	1.79169
TMEM191C	NA	59	1307	1.8287
TMEM192	NA	584	4495	5.26319
TMEM196	NA	0	3364	0
TMEM198	NA	298	2578	4.68273
TMEM198B	NA	277	3502	3.20427
TMEM199	NA	1011	3148	13.0101
TMEM2	NA	25	6523	0.15526
TMEM200A	NA	0	5592	0
TMEM200B	NA	778	2616	12.0478
TMEM200C	NA	0	1920	0
TMEM201	NA	1941	6542	12.0193
TMEM202	NA	0	1296	0
TMEM203	NA	1299	1556	33.8194
TMEM204	NA	4	1910	0.0848384
TMEM205	NA	3018	1295	94.4094
TMEM206	NA	793	2145	14.9765
TMEM207	NA	0	1448	0
TMEM208	NA	828	794	42.245
TMEM209	NA	660	3547	7.53787
TMEM210	NA	0	510	0
TMEM211	NA	0	507	0
TMEM212	NA	1	1881	0.0215366
TMEM212-AS1	NA	0	427	0
TMEM213	NA	0	3390	0
TMEM214	NA	1248	3040	16.6306
TMEM215	NA	0	5383	0
TMEM216	NA	9	1320	0.276207
TMEM217	NA	134	2897	1.8738
TMEM218	NA	520	4254	4.9519
TMEM219	NA	1004	999	40.7131
TMEM220	NA	238	3092	3.1182
TMEM220-AS1	NA	47	1360	1.39999
TMEM221	NA	81	1930	1.70017
TMEM222	NA	911	1855	19.8948
TMEM223	NA	534	937	23.087
TMEM225	NA	0	1107	0
TMEM229A	NA	0	2554	0
TMEM229B	NA	22	4068	0.219082
TMEM230	NA	2927	1795	66.0578
TMEM231	NA	758	3125	9.82619
TMEM232	NA	7	3192	0.0888385
TMEM233	NA	0	1573	0
TMEM234	NA	327	1082	12.243
TMEM235	NA	0	2491	0
TMEM236	NA	10	10909	0.0371348
TMEM237	NA	1778	5763	12.4982
TMEM238	NA	0	662	0
TMEM239	NA	3	701	0.173368
TMEM240	NA	5	1117	0.181335
TMEM241	NA	275	2992	3.72338
TMEM242	NA	474	5065	3.7911
TMEM243	NA	874	1043	33.9463
TMEM244	NA	2	545	0.148662
TMEM245	NA	983	7997	4.97957
TMEM246	NA	478	4543	4.26237
TMEM246-AS1	NA	4	864	0.187548
TMEM247	NA	0	680	0
TMEM248	NA	2250	4238	21.5074
TMEM249	NA	175	1674	4.23495
TMEM25	NA	156	3010	2.09954
TMEM251	NA	607	1362	18.0542
TMEM252	NA	0	1243	0
TMEM253	NA	45	1526	1.1946
TMEM254	NA	516	2865	7.2961
TMEM254-AS1	NA	51	4046	0.510634
TMEM255A	NA	1	3497	0.0115843
TMEM255B	NA	10	1031	0.392923
TMEM256	NA	1529	481	128.774
TMEM256-PLSCR3	NA	943	2049	18.6438
TMEM257	NA	0	2443	0
TMEM258	NA	1746	411	172.095
TMEM259	NA	6854	2708	102.532
TMEM26	NA	89	5155	0.699403
TMEM26-AS1	NA	6	1703	0.142726
TMEM260	NA	444	4263	4.21923
TMEM261	NA	1130	2486	18.4138
TMEM262	NA	20	512	1.58244
TMEM263	NA	928	3369	11.1587
TMEM265	NA	198	2100	3.81955
TMEM27	NA	15	1580	0.384592
TMEM30A	NA	2292	4544	20.4335
TMEM30B	NA	0	4442	0
TMEM30C	NA	1	518	0.0782053
TMEM31	NA	2	732	0.110684
TMEM33	NA	1965	7717	10.3153
TMEM35	NA	47	2070	0.9198
TMEM37	NA	183	1687	4.39442
TMEM38A	NA	13	1625	0.324083
TMEM38B	NA	348	3543	3.979
TMEM39A	NA	726	5018	5.861
TMEM39B	NA	557	1818	12.4116
TMEM40	NA	26	2280	0.46196
TMEM41A	NA	795	2827	11.3922
TMEM41B	NA	2064	4140	20.1965
TMEM42	NA	415	983	17.1025
TMEM43	NA	2357	3342	28.5706
TMEM44	NA	250	2520	4.01888
TMEM44-AS1	NA	71	1434	2.00574
TMEM45A	NA	76	1564	1.96853
TMEM45B	NA	26	2207	0.47724
TMEM47	NA	1	4054	0.00999268
TMEM5	NA	439	2289	7.76935
TMEM5-AS1	NA	51	563	3.66968
TMEM50A	NA	1603	2302	28.2094
TMEM50B	NA	690	3127	8.93896
TMEM51	NA	953	2238	17.2504
TMEM51-AS1	NA	63	6979	0.36569
TMEM52	NA	170	958	7.18868
TMEM52B	NA	5	3086	0.0656357
TMEM53	NA	255	2363	4.37162
TMEM54	NA	480	993	19.582
TMEM55A	NA	276	2403	4.65287
TMEM55B	NA	865	1848	18.9618
TMEM56	NA	52	7185	0.293185
TMEM56-RWDD3	NA	149	1489	4.05375
TMEM57	NA	1902	3977	19.3741
TMEM59	NA	1983	7035	11.4189
TMEM59L	NA	299	1619	7.48153
TMEM60	NA	477	873	22.1345
TMEM61	NA	1	1225	0.0330697
TMEM62	NA	100	2768	1.46352
TMEM63A	NA	274	4453	2.49266
TMEM63B	NA	617	3199	7.81334
TMEM63C	NA	139	5402	1.04238
TMEM64	NA	60	4819	0.504383
TMEM65	NA	12	4307	0.112868
TMEM67	NA	284	5103	2.25454
TMEM68	NA	677	4478	6.1245
TMEM69	NA	1516	1471	41.7496
TMEM70	NA	1281	2192	23.6742
TMEM71	NA	0	2138	0
TMEM72	NA	0	2901	0
TMEM72-AS1	NA	0	3300	0
TMEM74	NA	4	2087	0.0776432
TMEM74B	NA	54	2228	0.981848
TMEM75	NA	9	2165	0.168403
TMEM79	NA	201	2354	3.45904
TMEM80	NA	196	2237	3.54941
TMEM81	NA	103	1332	3.13256
TMEM82	NA	1	1265	0.032024
TMEM86A	NA	76	3651	0.843272
TMEM86B	NA	139	1751	3.21584
TMEM87A	NA	861	5204	6.70242
TMEM87B	NA	542	5212	4.2127
TMEM88	NA	28	874	1.29781
TMEM88B	NA	17	492	1.39975
TMEM89	NA	3	480	0.25319
TMEM8A	NA	1602	3656	17.751
TMEM8B	NA	257	4139	2.51538
TMEM8C	NA	1	818	0.0495236
TMEM9	NA	3692	2471	60.5278
TMEM91	NA	95	1423	2.70448
TMEM92	NA	23	2816	0.330873
TMEM92-AS1	NA	1	746	0.0543034
TMEM95	NA	0	1169	0
TMEM97	NA	2797	2568	44.1228
TMEM98	NA	40	1867	0.867924
TMEM99	NA	394	2166	7.36892
TMEM9B	NA	844	2298	14.8785
TMEM9B-AS1	NA	21	1053	0.807898
TMF1	NA	1137	6879	6.69578
TMIE	NA	0	1861	0
TMIGD1	NA	0	1201	0
TMIGD2	NA	2	1266	0.0639974
TMIGD3	NA	2	2308	0.0351043
TMLHE	NA	340	4126	3.33822
TMLHE-AS1	NA	14	1702	0.333223
TMOD1	NA	239	3426	2.82603
TMOD2	NA	12	9184	0.0529316
TMOD3	NA	900	4666	7.81382
TMOD4	NA	10	1322	0.306432
TMPO	NA	4269	6993	24.7302
TMPO-AS1	NA	463	3161	5.93366
TMPPE	NA	34	3971	0.346853
TMPRSS11A	NA	0	2428	0
TMPRSS11B	NA	0	2645	0
TMPRSS11BNL	NA	0	1383	0
TMPRSS11D	NA	3	2783	0.0436691
TMPRSS11E	NA	7	4272	0.0663793
TMPRSS11F	NA	0	2077	0
TMPRSS11GP	NA	0	341	0
TMPRSS12	NA	0	1461	0
TMPRSS13	NA	0	4675	0
TMPRSS15	NA	3	3944	0.0308142
TMPRSS2	NA	0	3320	0
TMPRSS3	NA	0	3489	0
TMPRSS4	NA	0	3543	0
TMPRSS4-AS1	NA	0	382	0
TMPRSS5	NA	15	2341	0.259571
TMPRSS6	NA	3	3392	0.0358287
TMPRSS7	NA	1	2622	0.0154502
TMPRSS9	NA	22	3180	0.28026
TMSB10	NA	13717	482	1152.86
TMSB15A	NA	25	666	1.52066
TMSB15B	NA	0	666	0
TMSB4X	NA	39374	629	2535.86
TMSB4Y	NA	59	1667	1.43378
TMTC1	NA	1	9193	0.00440665
TMTC2	NA	11	4842	0.0920309
TMTC3	NA	470	7203	2.64332
TMTC4	NA	358	3840	3.77674
TMUB1	NA	1980	1898	42.2605
TMUB2	NA	636	2547	10.1157
TMX1	NA	1205	4103	11.8974
TMX2	NA	3126	1792	70.667
TMX2-CTNND1	NA	3653	6251	23.6737
TMX3	NA	851	4745	7.26539
TMX4	NA	553	6164	3.63436
TNC	NA	0	8600	0
TNF	NA	360	13041	1.1183
TNFAIP1	NA	2141	3809	22.7704
TNFAIP2	NA	337	4175	3.26994
TNFAIP3	NA	30	4738	0.256503
TNFAIP6	NA	0	1424	0
TNFAIP8	NA	677	3506	7.82245
TNFAIP8L1	NA	632	3960	6.46529
TNFAIP8L2	NA	0	1178	0
TNFAIP8L2-SCNM1	NA	616	1948	12.8103
TNFAIP8L3	NA	0	2258	0
TNFRSF10A	NA	0	1750	0
TNFRSF10B	NA	7377	4152	71.9761
TNFRSF10C	NA	28	1494	0.75923
TNFRSF10D	NA	5159	3538	59.0709
TNFRSF11A	NA	20	4593	0.1764
TNFRSF11B	NA	0	2346	0
TNFRSF12A	NA	2735	1032	107.36
TNFRSF13B	NA	0	1358	0
TNFRSF13C	NA	8	934	0.346984
TNFRSF14	NA	106	3501	1.22653
TNFRSF17	NA	1	994	0.0407549
TNFRSF18	NA	0	1200	0
TNFRSF19	NA	2	4838	0.0167467
TNFRSF1A	NA	2700	2226	49.1365
TNFRSF1B	NA	1	3675	0.0110232
TNFRSF21	NA	27	3642	0.300324
TNFRSF25	NA	208	1913	4.40468
TNFRSF4	NA	3	1104	0.110082
TNFRSF6B	NA	119	1155	4.17379
TNFRSF8	NA	13	3686	0.142874
TNFRSF9	NA	10	5993	0.0675961
TNFSF10	NA	0	3064	0
TNFSF11	NA	0	2727	0
TNFSF12	NA	1	1625	0.0249294
TNFSF12-TNFSF13	NA	28	1864	0.608524
TNFSF13	NA	59	2276	1.05014
TNFSF13B	NA	8	2671	0.121334
TNFSF14	NA	1	2894	0.013998
TNFSF15	NA	0	6765	0
TNFSF18	NA	0	748	0
TNFSF4	NA	17	3722	0.185028
TNFSF8	NA	0	4605	0
TNFSF9	NA	4226	1665	102.821
TNIK	NA	1	6091	0.00665085
TNIP1	NA	1707	3115	22.1994
TNIP2	NA	1185	2039	23.5433
TNIP3	NA	0	2746	0
TNK1	NA	14	2922	0.194095
TNK2	NA	1523	5212	11.8375
TNKS	NA	1468	9599	6.19535
TNKS1BP1	NA	2843	5820	19.7888
TNKS2	NA	2722	6274	17.5756
TNKS2-AS1	NA	25	761	1.33083
TNMD	NA	0	1348	0
TNN	NA	0	5008	0
TNNC1	NA	407	696	23.6892
TNNC2	NA	80	681	4.75892
TNNI1	NA	160	6143	1.05513
TNNI2	NA	4	807	0.200795
TNNI3	NA	153	841	7.36989
TNNI3K	NA	3	3023	0.0402021
TNNT1	NA	4710	1354	140.919
TNNT2	NA	147	1338	4.45069
TNNT3	NA	6	1535	0.158347
TNP1	NA	0	401	0
TNP2	NA	0	597	0
TNPO1	NA	4187	8708	19.4783
TNPO2	NA	3418	5452	25.397
TNPO3	NA	3284	4573	29.0916
TNR	NA	0	5190	0
TNRC18	NA	3778	10570	14.4795
TNRC18P1	NA	11	1890	0.235774
TNRC6A	NA	1708	8422	8.21558
TNRC6B	NA	1423	18695	3.08351
TNRC6C	NA	162	9780	0.67103
TNRC6C-AS1	NA	103	3188	1.30883
TNS1	NA	5	10276	0.0197111
TNS2	NA	699	5199	5.44657
TNS3	NA	3270	7618	17.3889
TNS4	NA	6	4072	0.0596911
TNXA	NA	337	16698	0.817582
TNXB	NA	513	88865	0.233858
TOB1	NA	2461	2518	39.5933
TOB1-AS1	NA	22	1415	0.629843
TOB2	NA	2434	4565	21.5996
TOB2P1	NA	23	3592	0.259392
TOE1	NA	711	2392	12.0413
TOLLIP	NA	2088	3660	23.1108
TOLLIP-AS1	NA	15	1000	0.607655
TOM1	NA	759	2525	12.1772
TOM1L1	NA	266	2340	4.60502
TOM1L2	NA	5484	5895	37.686
TOMM20	NA	6799	3385	81.3677
TOMM20L	NA	35	610	2.32436
TOMM22	NA	3123	1379	91.7431
TOMM34	NA	2223	2049	43.9505
TOMM40	NA	5650	1802	127.016
TOMM40L	NA	919	2911	12.7891
TOMM5	NA	4653	905	208.281
TOMM6	NA	4102	854	194.582
TOMM7	NA	2904	779	151.017
TOMM70A	NA	2702	4381	24.9849
TONSL	NA	1517	4515	13.6111
TONSL-AS1	NA	69	1196	2.33713
TOP1	NA	2884	3733	31.297
TOP1MT	NA	1177	2194	21.7323
TOP1P1	NA	479	2429	7.98866
TOP1P2	NA	67	1519	1.78683
TOP2A	NA	6625	5753	46.6506
TOP2B	NA	3203	5343	24.285
TOP3A	NA	1281	4116	12.6078
TOP3B	NA	913	3206	11.5365
TOPAZ1	NA	0	5334	0
TOPBP1	NA	1861	5346	14.1021
TOPORS	NA	967	4173	9.38737
TOPORS-AS1	NA	96	1806	2.15337
TOR1A	NA	1599	2106	30.7578
TOR1AIP1	NA	925	4054	9.24323
TOR1AIP2	NA	1892	14737	5.20089
TOR1B	NA	603	2769	8.82186
TOR2A	NA	446	2533	7.13289
TOR3A	NA	1540	2122	29.3996
TOR4A	NA	1111	4069	11.0609
TOX	NA	0	4131	0
TOX2	NA	923	2824	13.2405
TOX3	NA	0	3384	0
TOX4	NA	2908	4526	26.0283
TP53	NA	2042	3098	26.7018
TP53AIP1	NA	0	3439	0
TP53BP1	NA	2814	6356	17.9352
TP53BP2	NA	6331	4789	53.5542
TP53I11	NA	16895	4480	152.773
TP53I13	NA	758	1453	21.1334
TP53I3	NA	1915	2034	38.1403
TP53INP1	NA	2101	5652	15.0588
TP53INP2	NA	595	4124	5.84473
TP53RK	NA	874	3373	10.4969
TP53TG1	NA	289	709	16.5127
TP53TG3	NA	59	1887	1.26662
TP53TG3B	NA	59	1887	1.26662
TP53TG3C	NA	41	1158	1.4343
TP53TG3D	NA	94	1720	2.21394
TP53TG5	NA	19	981	0.784604
TP63	NA	1	6524	0.00620943
TP73	NA	208	5522	1.52592
TP73-AS1	NA	839	6455	5.2654
TPBG	NA	113	3477	1.31656
TPBGL	NA	36	2800	0.520847
TPCN1	NA	804	5467	5.95762
TPCN2	NA	272	5026	2.19236
TPD52	NA	190	4925	1.56284
TPD52L1	NA	114	1633	2.82803
TPD52L2	NA	4803	2428	80.1364
TPD52L3	NA	0	3495	0
TPGS1	NA	650	1114	23.6371
TPGS2	NA	2793	5311	21.304
TPH1	NA	15	1815	0.334796
TPH2	NA	0	2360	0
TPI1	NA	15424	1856	336.655
TPI1P2	NA	108	2017	2.16912
TPI1P3	NA	925	1214	30.8666
TPK1	NA	61	2439	1.01317
TPM1	NA	3957	3349	47.8649
TPM2	NA	11941	1574	307.328
TPM3	NA	13704	11580	47.9407
TPM3P9	NA	149	2932	2.05868
TPM4	NA	11733	3003	158.278
TPMT	NA	559	3269	6.92728
TPO	NA	0	3146	0
TPP1	NA	2229	3533	25.5583
TPP2	NA	1439	4710	12.3767
TPPP	NA	174	6022	1.17051
TPPP2	NA	0	797	0
TPPP3	NA	171	1151	6.01848
TPR	NA	5769	9706	24.0783
TPRA1	NA	759	1946	15.8003
TPRG1	NA	0	3657	0
TPRG1-AS1	NA	0	697	0
TPRG1-AS2	NA	0	479	0
TPRG1L	NA	906	2427	15.1225
TPRKB	NA	762	752	41.049
TPRN	NA	461	2631	7.09816
TPRX1	NA	178	1839	3.92107
TPRXL	NA	0	2260	0
TPSAB1	NA	1	1194	0.0339283
TPSB2	NA	2	1165	0.0695456
TPSD1	NA	0	855	0
TPSG1	NA	35	1105	1.28313
TPST1	NA	275	2051	5.43166
TPST2	NA	572	2075	11.1672
TPT1	NA	47561	4814	400.231
TPT1-AS1	NA	504	1526	13.3796
TPTE	NA	8	2765	0.117209
TPTE2	NA	3	2884	0.0421397
TPTE2P1	NA	19	6477	0.118835
TPTE2P3	NA	3	2613	0.0465101
TPTE2P5	NA	110	4362	1.02158
TPTE2P6	NA	17	2714	0.253749
TPTEP1	NA	1	1430	0.0283289
TPX2	NA	3615	3662	39.9904
TRA2A	NA	1888	2234	34.2361
TRA2B	NA	7443	4288	70.3168
TRABD	NA	2192	2315	38.358
TRABD2A	NA	339	4297	3.19595
TRABD2B	NA	1	7029	0.00576331
TRADD	NA	79	1482	2.15946
TRAF1	NA	153	4575	1.35477
TRAF2	NA	604	2277	10.7458
TRAF3	NA	1398	7776	7.28311
TRAF3IP1	NA	935	4176	9.0702
TRAF3IP2	NA	697	6488	4.35199
TRAF3IP2-AS1	NA	134	7111	0.763379
TRAF3IP3	NA	38	2724	0.565122
TRAF4	NA	2486	2902	34.7032
TRAF5	NA	0	4119	0
TRAF6	NA	317	8021	1.60102
TRAF7	NA	2147	3667	23.7185
TRAFD1	NA	993	3179	12.6539
TRAIP	NA	591	2024	11.8289
TRAK1	NA	660	9979	2.67931
TRAK2	NA	1358	6527	8.42853
TRAM1	NA	2373	3099	31.02
TRAM1L1	NA	32	2027	0.639532
TRAM2	NA	847	7057	4.86216
TRAM2-AS1	NA	139	2558	2.2013
TRANK1	NA	130	10484	0.502322
TRAP1	NA	6535	2296	115.303
TRAPPC1	NA	3209	869	149.595
TRAPPC10	NA	851	6969	4.94681
TRAPPC11	NA	535	4554	4.75912
TRAPPC12	NA	1003	2524	16.0982
TRAPPC13	NA	617	4341	5.75786
TRAPPC2	NA	317	2860	4.49013
TRAPPC2B	NA	254	732	14.0569
TRAPPC2L	NA	911	629	58.6724
TRAPPC3	NA	2538	1753	58.651
TRAPPC3L	NA	0	1108	0
TRAPPC4	NA	989	1201	33.3595
TRAPPC5	NA	2345	850	111.761
TRAPPC6A	NA	574	811	28.6719
TRAPPC6B	NA	2433	3351	29.4126
TRAPPC8	NA	1425	6254	9.23045
TRAPPC9	NA	396	4598	3.48893
TRAT1	NA	0	1695	0
TRDMT1	NA	106	7670	0.559856
TRDN	NA	0	10994	0
TREH	NA	0	1853	0
TREM1	NA	0	3055	0
TREM2	NA	0	1055	0
TREML1	NA	0	1340	0
TREML2	NA	1	3823	0.0105965
TREML3P	NA	0	1137	0
TREML4	NA	0	2070	0
TREML5P	NA	0	213	0
TRERF1	NA	1048	7644	5.55401
TRERNA1	NA	0	596	0
TREX1	NA	177	2126	3.37269
TREX2	NA	5	1255	0.161396
TRG-AS1	NA	2	3516	0.0230434
TRH	NA	0	1890	0
TRHDE	NA	3	5552	0.0218896
TRHDE-AS1	NA	0	6030	0
TRHR	NA	0	1414	0
TRIAP1	NA	3075	1182	105.389
TRIB1	NA	622	3751	6.71752
TRIB2	NA	1120	4406	10.2977
TRIB3	NA	1310	2887	18.3819
TRIL	NA	0	5055	0
TRIM10	NA	1	26526	0.00152719
TRIM11	NA	1201	2691	18.0799
TRIM13	NA	737	7404	4.03243
TRIM14	NA	903	4611	7.93338
TRIM15	NA	2	17568	0.00461183
TRIM16	NA	342	2901	4.77578
TRIM16L	NA	141	1982	2.88192
TRIM17	NA	3	2635	0.0461218
TRIM2	NA	37	7336	0.204319
TRIM21	NA	381	1929	8.00126
TRIM22	NA	15	3091	0.196588
TRIM23	NA	378	3900	3.92639
TRIM24	NA	958	4004	9.69253
TRIM25	NA	752	5744	5.30358
TRIM26	NA	1152	27278	1.71083
TRIM27	NA	4397	12490	14.2613
TRIM28	NA	16240	2959	222.335
TRIM29	NA	1	3019	0.0134185
TRIM3	NA	368	3404	4.3795
TRIM31	NA	1	14609	0.00277297
TRIM31-AS1	NA	0	4121	0
TRIM32	NA	1167	3719	12.7119
TRIM33	NA	1011	8339	4.91137
TRIM34	NA	0	2501	0
TRIM35	NA	739	4230	7.07734
TRIM36	NA	7	5248	0.0540344
TRIM37	NA	1470	4799	12.4089
TRIM38	NA	10	5629	0.0719672
TRIM39	NA	781	25143	1.25835
TRIM39-RPP21	NA	736	10969	2.71817
TRIM4	NA	254	3458	2.9756
TRIM40	NA	2	16104	0.00503109
TRIM41	NA	1337	3663	14.7863
TRIM42	NA	0	2554	0
TRIM43	NA	3387	1625	84.436
TRIM43B	NA	3787	1668	91.974
TRIM44	NA	2292	6063	15.3141
TRIM45	NA	175	3581	1.9797
TRIM46	NA	9	3813	0.0956184
TRIM47	NA	360	2263	6.44442
TRIM48	NA	552	1445	15.4752
TRIM49	NA	3324	2163	62.2544
TRIM49B	NA	766	1359	22.8336
TRIM49C	NA	2784	2163	52.1409
TRIM49D1	NA	3745	1474	102.925
TRIM49D2	NA	3883	1649	95.3921
TRIM5	NA	365	3659	4.04107
TRIM50	NA	10	2161	0.187461
TRIM51	NA	71	1627	1.76781
TRIM51HP	NA	8	1007	0.32183
TRIM52	NA	305	2228	5.54563
TRIM52-AS1	NA	277	1621	6.92249
TRIM53AP	NA	1579	1728	37.0173
TRIM54	NA	3	2060	0.0589956
TRIM55	NA	9906	2851	140.756
TRIM56	NA	415	4723	3.55956
TRIM58	NA	0	5156	0
TRIM59	NA	7	3876	0.0731611
TRIM6	NA	3	3511	0.0346144
TRIM6-TRIM34	NA	0	3478	0
TRIM60	NA	2	2016	0.0401888
TRIM61	NA	1	1580	0.0256395
TRIM62	NA	176	3841	1.85624
TRIM63	NA	5	1770	0.114436
TRIM64	NA	2926	1533	77.3211
TRIM64B	NA	4295	1533	113.498
TRIM64C	NA	400	1353	11.9764
TRIM65	NA	2686	3439	31.6402
TRIM66	NA	206	9753	0.855647
TRIM67	NA	5	8522	0.0237681
TRIM68	NA	347	3352	4.19364
TRIM69	NA	10	1911	0.211985
TRIM7	NA	54	4829	0.453004
TRIM71	NA	282	3138	3.64051
TRIM72	NA	1	2152	0.0188245
TRIM73	NA	51	1358	1.52137
TRIM74	NA	49	1350	1.47038
TRIM77	NA	0	1353	0
TRIM8	NA	1734	2744	25.5995
TRIM9	NA	11	6909	0.0644976
TRIML1	NA	0	1645	0
TRIML2	NA	1	1709	0.0237041
TRIO	NA	1203	10227	4.76522
TRIOBP	NA	1413	10872	5.265
TRIP10	NA	1990	2230	36.1505
TRIP11	NA	966	8088	4.8384
TRIP12	NA	5943	10100	23.8369
TRIP13	NA	1260	2861	17.841
TRIP4	NA	530	2045	10.499
TRIP6	NA	6092	1752	140.861
TRIQK	NA	229	4113	2.2555
TRIT1	NA	1410	2128	26.8419
TRMT1	NA	5921	2362	101.55
TRMT10A	NA	212	3870	2.21917
TRMT10B	NA	151	2407	2.54136
TRMT10C	NA	2013	1845	44.1991
TRMT11	NA	361	1951	7.49576
TRMT112	NA	3473	1394	100.927
TRMT12	NA	683	2219	12.4689
TRMT13	NA	295	3143	3.80227
TRMT1L	NA	1164	4521	10.43
TRMT2A	NA	827	2986	11.2197
TRMT2B	NA	274	3590	3.09188
TRMT44	NA	266	2846	3.78628
TRMT5	NA	1657	5296	12.6748
TRMT6	NA	1193	2349	20.5742
TRMT61A	NA	993	3241	12.4118
TRMT61B	NA	705	1843	15.4964
TRMU	NA	689	1964	14.2116
TRNAU1AP	NA	239	2015	4.80495
TRNP1	NA	955	1949	19.8499
TRNT1	NA	635	2275	11.3073
TRO	NA	203	4984	1.65
TROAP	NA	1117	2852	15.8661
TROVE2	NA	592	3722	6.44334
TRPA1	NA	0	5190	0
TRPC1	NA	294	4170	2.85612
TRPC2	NA	0	1213	0
TRPC3	NA	2	3619	0.0223876
TRPC4	NA	0	3451	0
TRPC4AP	NA	2527	3170	32.2933
TRPC5	NA	0	5840	0
TRPC5OS	NA	0	3014	0
TRPC6	NA	5	4612	0.0439184
TRPC7	NA	0	2935	0
TRPM1	NA	1	6801	0.00595653
TRPM2	NA	7	5879	0.0482348
TRPM2-AS	NA	0	873	0
TRPM3	NA	0	6698	0
TRPM4	NA	434	4096	4.29235
TRPM5	NA	1	3928	0.0103132
TRPM6	NA	11	8632	0.0516235
TRPM7	NA	1346	10399	5.24348
TRPM8	NA	23	5621	0.16576
TRPS1	NA	796	10156	3.17509
TRPT1	NA	296	1063	11.2804
TRPV1	NA	339	4951	2.77378
TRPV2	NA	1556	2808	22.448
TRPV3	NA	43	6113	0.284957
TRPV4	NA	1	3239	0.0125071
TRPV5	NA	0	2867	0
TRPV6	NA	2	2911	0.0278326
TRRAP	NA	3221	12677	10.293
TRUB1	NA	691	3412	8.20417
TRUB2	NA	1672	1439	47.0697
TRY2P	NA	0	2055	0
TSACC	NA	40	1199	1.35147
TSC1	NA	1040	8616	4.88983
TSC2	NA	1115	5632	8.02007
TSC22D1	NA	2448	6780	14.6267
TSC22D1-AS1	NA	30	2842	0.427625
TSC22D2	NA	592	4998	4.79834
TSC22D3	NA	3	2807	0.0432957
TSC22D4	NA	3349	2383	56.9321
TSEN15	NA	1060	2193	19.5809
TSEN2	NA	441	3604	4.95701
TSEN34	NA	3304	2751	48.6536
TSEN54	NA	679	1941	14.1713
TSFM	NA	1434	2404	24.1647
TSG1	NA	0	4798	0
TSG101	NA	1560	1548	40.8244
TSGA10	NA	192	3832	2.02975
TSGA10IP	NA	9	1726	0.211236
TSGA13	NA	0	2255	0
TSHB	NA	0	564	0
TSHR	NA	0	4802	0
TSHZ1	NA	8	5380	0.0602384
TSHZ2	NA	0	12581	0
TSHZ3	NA	6	4913	0.0494732
TSIX	NA	17	37027	0.0185993
TSKS	NA	6	1812	0.13414
TSKU	NA	1317	2831	18.8457
TSL	NA	2	1312	0.0617536
TSLP	NA	0	4264	0
TSN	NA	3268	3515	37.6637
TSNARE1	NA	263	4205	2.5337
TSNAX	NA	1016	2649	15.5374
TSNAX-DISC1	NA	219	9770	0.908062
TSNAXIP1	NA	42	2755	0.61758
TSPAN1	NA	79	1629	1.96459
TSPAN10	NA	2141	2147	40.3971
TSPAN11	NA	3	5562	0.0218502
TSPAN12	NA	1	2564	0.0157997
TSPAN13	NA	4	1902	0.0851952
TSPAN14	NA	598	5579	4.34221
TSPAN15	NA	302	1699	7.20078
TSPAN16	NA	0	1261	0
TSPAN17	NA	1594	2588	24.9511
TSPAN18	NA	1417	4234	13.5577
TSPAN19	NA	0	1020	0
TSPAN2	NA	0	3212	0
TSPAN3	NA	5232	3853	55.0091
TSPAN31	NA	460	1740	10.7096
TSPAN32	NA	0	1376	0
TSPAN33	NA	687	2781	10.0074
TSPAN4	NA	2169	1770	49.6423
TSPAN5	NA	3	3397	0.035776
TSPAN6	NA	1663	4483	15.0276
TSPAN7	NA	1	1806	0.022431
TSPAN8	NA	0	1130	0
TSPAN9	NA	345	4351	3.21215
TSPEAR	NA	26	4029	0.261422
TSPEAR-AS1	NA	33	2553	0.523635
TSPEAR-AS2	NA	38	1045	1.4731
TSPO	NA	16	1169	0.554461
TSPO2	NA	2	1044	0.077606
TSPY1	NA	0	1172	0
TSPY10	NA	0	1958	0
TSPY2	NA	0	1160	0
TSPY26P	NA	1	1215	0.0333418
TSPY3	NA	0	2322	0
TSPY4	NA	0	3362	0
TSPY8	NA	0	1115	0
TSPYL1	NA	3573	5259	27.523
TSPYL2	NA	2453	2828	35.1386
TSPYL4	NA	1021	4131	10.0124
TSPYL5	NA	0	4463	0
TSPYL6	NA	0	3095	0
TSR1	NA	5613	4880	46.5952
TSR2	NA	1319	1326	40.2965
TSR3	NA	1701	1204	57.2326
TSSC1	NA	1266	1721	29.8002
TSSC2	NA	43	1477	1.17938
TSSC4	NA	900	2513	14.5083
TSSK1B	NA	0	2478	0
TSSK2	NA	33	1816	0.736146
TSSK3	NA	103	1315	3.17305
TSSK4	NA	8	1392	0.232818
TSSK6	NA	64	1442	1.79796
TST	NA	597	1159	20.8668
TSTA3	NA	1706	1358	50.8915
TSTD1	NA	0	672	0
TSTD2	NA	333	4428	3.04651
TSTD3	NA	51	1926	1.0727
TTBK1	NA	8	7128	0.0454661
TTBK2	NA	63	5625	0.453716
TTC1	NA	2806	1482	76.7018
TTC12	NA	332	2315	5.80969
TTC13	NA	359	3289	4.42177
TTC14	NA	633	5755	4.45579
TTC16	NA	16	2884	0.224745
TTC17	NA	828	5308	6.31925
TTC19	NA	1770	3636	19.7204
TTC21A	NA	33	4258	0.31396
TTC21B	NA	281	5477	2.0784
TTC21B-AS1	NA	1	746	0.0543034
TTC22	NA	0	3073	0
TTC23	NA	312	4228	2.98941
TTC23L	NA	1	1356	0.0298749
TTC24	NA	2	2005	0.0404093
TTC25	NA	30	2095	0.5801
TTC26	NA	381	4333	3.56207
TTC27	NA	382	2918	5.30327
TTC28	NA	1568	11795	5.38535
TTC28-AS1	NA	293	5887	2.01623
TTC29	NA	0	1887	0
TTC3	NA	3308	9101	14.7246
TTC30A	NA	244	4669	2.11705
TTC30B	NA	132	2644	2.02245
TTC31	NA	403	2929	5.5738
TTC32	NA	170	819	8.40874
TTC33	NA	324	5506	2.38383
TTC34	NA	2	1775	0.0456454
TTC36	NA	7	679	0.417632
TTC37	NA	1866	5704	13.2525
TTC38	NA	564	2610	8.75396
TTC39A	NA	671	3978	6.83319
TTC39A-AS1	NA	4	650	0.249294
TTC39B	NA	70	3565	0.795434
TTC39C	NA	117	6258	0.757384
TTC39C-AS1	NA	1	936	0.0432803
TTC3P1	NA	400	2542	6.37456
TTC4	NA	1403	2393	23.7509
TTC41P	NA	14	4516	0.125586
TTC5	NA	387	1865	8.40617
TTC7A	NA	964	5773	6.76459
TTC7B	NA	653	3434	7.70333
TTC8	NA	343	2511	5.53367
TTC9	NA	18	5217	0.139771
TTC9B	NA	11	843	0.528605
TTC9C	NA	573	1139	20.3797
TTF1	NA	801	3152	10.2947
TTF2	NA	729	4854	6.08406
TTI1	NA	1445	3965	14.7635
TTI2	NA	1063	2763	15.5854
TTK	NA	652	3022	8.74015
TTL	NA	2790	5163	21.8911
TTLL1	NA	226	1876	4.88024
TTLL10	NA	2	3129	0.0258935
TTLL11	NA	87	3537	0.996437
TTLL12	NA	4978	3383	59.6099
TTLL13P	NA	7	1801	0.157453
TTLL2	NA	0	2877	0
TTLL3	NA	987	4470	8.9449
TTLL4	NA	1509	4996	12.2358
TTLL5	NA	375	4757	3.19348
TTLL6	NA	142	3575	1.60908
TTLL7	NA	12	3648	0.133258
TTLL9	NA	5	1607	0.126043
TTN	NA	253	116854	0.0877087
TTN-AS1	NA	80	6390	0.507172
TTPA	NA	0	2632	0
TTPAL	NA	755	6236	4.90464
TTR	NA	0	928	0
TTTY1	NA	0	940	0
TTTY10	NA	4	1628	0.099534
TTTY11	NA	0	829	0
TTTY12	NA	0	978	0
TTTY13	NA	0	659	0
TTTY14	NA	9	1490	0.244693
TTTY15	NA	363	5242	2.80528
TTTY16	NA	0	192	0
TTTY17A	NA	0	332	0
TTTY17B	NA	0	332	0
TTTY17C	NA	0	332	0
TTTY18	NA	0	221	0
TTTY19	NA	0	269	0
TTTY1B	NA	0	940	0
TTTY2	NA	0	1633	0
TTTY20	NA	0	259	0
TTTY21	NA	0	307	0
TTTY21B	NA	0	307	0
TTTY22	NA	0	427	0
TTTY23	NA	0	512	0
TTTY23B	NA	0	512	0
TTTY2B	NA	0	1633	0
TTTY3	NA	0	344	0
TTTY3B	NA	0	344	0
TTTY4	NA	0	2692	0
TTTY4B	NA	0	2692	0
TTTY4C	NA	0	2692	0
TTTY5	NA	0	1562	0
TTTY6	NA	0	492	0
TTTY6B	NA	0	473	0
TTTY7	NA	0	1367	0
TTTY7B	NA	0	1111	0
TTTY8	NA	0	531	0
TTTY8B	NA	0	531	0
TTTY9A	NA	0	1637	0
TTTY9B	NA	0	1637	0
TTYH1	NA	29	1907	0.616046
TTYH2	NA	57	4090	0.564569
TTYH3	NA	3752	4822	31.5211
TUB	NA	1053	6602	6.46128
TUB-AS1	NA	0	2021	0
TUBA1A	NA	23526	2476	384.914
TUBA1B	NA	62155	1751	1437.99
TUBA1C	NA	44880	2118	858.406
TUBA3C	NA	1	1551	0.0261188
TUBA3D	NA	5	1632	0.124113
TUBA3E	NA	2	1540	0.0526108
TUBA3FP	NA	185	1960	3.82368
TUBA4A	NA	44	2590	0.688206
TUBA4B	NA	0	1380	0
TUBA8	NA	33	2124	0.629398
TUBAL3	NA	0	1798	0
TUBB	NA	66988	23323	116.353
TUBB1	NA	53	3496	0.614144
TUBB2A	NA	38741	1619	969.371
TUBB2B	NA	34552	2019	693.27
TUBB3	NA	12042	2006	243.183
TUBB4A	NA	2109	2722	31.3873
TUBB4B	NA	21826	1591	555.738
TUBB6	NA	23792	3309	291.273
TUBB8	NA	158	1504	4.25574
TUBBP5	NA	420	2660	6.39637
TUBD1	NA	636	2601	9.90564
TUBE1	NA	417	2297	7.35429
TUBG1	NA	2511	1951	52.1381
TUBG2	NA	900	1818	20.0546
TUBGCP2	NA	3128	5020	25.2423
TUBGCP3	NA	886	5185	6.92231
TUBGCP4	NA	408	4184	3.95034
TUBGCP5	NA	722	4132	7.07852
TUBGCP6	NA	772	6019	5.19588
TUFM	NA	6779	2071	132.602
TUFT1	NA	355	3250	4.42498
TUG1	NA	5314	7666	28.0814
TULP1	NA	46	2126	0.876517
TULP2	NA	1	1760	0.0230172
TULP3	NA	1077	3106	14.0469
TULP4	NA	496	11119	1.8071
TUNAR	NA	0	3197	0
TUSC1	NA	20	2470	0.328019
TUSC2	NA	1343	1684	32.3072
TUSC3	NA	2018	3884	21.0479
TUSC5	NA	0	3596	0
TUSC7	NA	1	2102	0.0192723
TUSC8	NA	0	1077	0
TUT1	NA	1213	2826	17.3882
TVP23A	NA	49	3339	0.594491
TVP23B	NA	899	1789	20.3571
TVP23C	NA	730	5196	5.69141
TVP23C-CDRT4	NA	491	2909	6.8376
TWF1	NA	2414	3456	28.2963
TWF2	NA	2567	1625	63.9939
TWIST1	NA	0	1666	0
TWIST2	NA	323	1443	9.0678
TWISTNB	NA	1018	3892	10.596
TWSG1	NA	907	3756	9.78245
TXK	NA	0	2914	0
TXLNA	NA	2887	4796	24.3856
TXLNB	NA	14	4684	0.121081
TXLNG	NA	1114	4396	10.2658
TXLNGY	NA	597	4989	4.8476
TXN	NA	9556	868	445.987
TXN2	NA	2997	1336	90.8754
TXNDC11	NA	712	3221	8.95478
TXNDC12	NA	2823	4350	26.2898
TXNDC12-AS1	NA	0	391	0
TXNDC15	NA	551	3689	6.05074
TXNDC16	NA	588	4641	5.13253
TXNDC17	NA	1413	2075	27.5861
TXNDC2	NA	1	2129	0.0190279
TXNDC5	NA	6302	3496	73.0252
TXNDC8	NA	0	2072	0
TXNDC9	NA	1560	1530	41.3047
TXNIP	NA	239	2951	3.28091
TXNL1	NA	2714	1429	76.9385
TXNL4A	NA	4028	1808	90.252
TXNL4B	NA	1876	2889	26.3058
TXNRD1	NA	37908	4610	333.116
TXNRD2	NA	1369	3062	18.1119
TXNRD3	NA	522	2919	7.2444
TXNRD3NB	NA	135	1134	4.82266
TYK2	NA	2298	4248	21.9145
TYMP	NA	111	1858	2.42015
TYMS	NA	7174	1583	183.589
TYMSOS	NA	1155	844	55.4377
TYR	NA	0	2065	0
TYRO3	NA	460	3971	4.69271
TYRO3P	NA	4	864	0.187548
TYROBP	NA	8	591	0.548363
TYRP1	NA	5	2876	0.0704283
TYSND1	NA	1519	4042	15.2239
TYW1	NA	802	3364	9.65793
TYW1B	NA	398	3157	5.1071
TYW3	NA	1425	3549	16.2658
TYW5	NA	362	5370	2.73086
U2AF1	NA	4532	1020	179.993
U2AF1L4	NA	258	1270	8.22966
U2AF2	NA	7260	3131	93.9333
U2SURP	NA	3463	7464	18.7952
UACA	NA	2738	7262	15.2737
UAP1	NA	1054	2327	18.3489
UAP1L1	NA	1220	3365	14.6873
UBA1	NA	7951	3750	85.8927
UBA2	NA	3490	2665	53.0511
UBA3	NA	1294	2119	24.7383
UBA5	NA	779	3256	9.69212
UBA52	NA	12289	2811	177.101
UBA6	NA	1281	6447	8.04929
UBA6-AS1	NA	202	2290	3.5734
UBA7	NA	11	3313	0.134505
UBAC1	NA	1378	1867	29.9
UBAC2	NA	1669	3311	20.4203
UBAC2-AS1	NA	91	1821	2.0244
UBALD1	NA	1215	1413	34.8337
UBALD2	NA	485	1589	12.3647
UBAP1	NA	1251	3137	16.1551
UBAP1L	NA	11	1383	0.322208
UBAP2	NA	2264	4648	19.7322
UBAP2L	NA	4650	5128	36.7342
UBASH3A	NA	0	2556	0
UBASH3B	NA	203	6903	1.19131
UBB	NA	17917	1626	446.386
UBC	NA	132618	2585	2078.3
UBD	NA	4	3990	0.0406119
UBE2A	NA	1300	1878	28.0423
UBE2B	NA	814	2634	12.5191
UBE2C	NA	2650	1259	85.268
UBE2D1	NA	431	2655	6.57625
UBE2D2	NA	2683	2866	37.9237
UBE2D3	NA	7371	5336	55.9598
UBE2D4	NA	197	3982	2.00415
UBE2DNL	NA	0	740	0
UBE2E1	NA	1867	1931	39.1677
UBE2E1-AS1	NA	3	778	0.15621
UBE2E2	NA	13	1760	0.299224
UBE2E3	NA	635	2097	12.2671
UBE2E4P	NA	274	1159	9.57708
UBE2F	NA	668	2422	11.173
UBE2F-SCLY	NA	682	2972	9.29611
UBE2G1	NA	3275	4208	31.5284
UBE2G2	NA	3506	3498	40.603
UBE2H	NA	3631	5161	28.5009
UBE2I	NA	3082	3384	36.8951
UBE2J1	NA	2135	4342	19.9193
UBE2J2	NA	2594	2437	43.1202
UBE2K	NA	2952	5243	22.8088
UBE2L3	NA	5380	3947	55.218
UBE2L6	NA	1061	1743	24.6595
UBE2M	NA	4989	1524	132.616
UBE2MP1	NA	794	961	33.4706
UBE2N	NA	3529	2552	56.0192
UBE2NL	NA	169	1185	5.77742
UBE2O	NA	1318	5355	9.97061
UBE2Q1	NA	2630	3223	33.0568
UBE2Q1-AS1	NA	56	443	5.12095
UBE2Q2	NA	534	3540	6.11088
UBE2Q2L	NA	3	498	0.244038
UBE2Q2P1	NA	21	2150	0.395682
UBE2Q2P2	NA	49	3054	0.649969
UBE2QL1	NA	1	6129	0.00660962
UBE2R2	NA	2566	4457	23.3228
UBE2S	NA	7767	1191	264.185
UBE2T	NA	1078	908	48.0949
UBE2U	NA	0	1136	0
UBE2V1	NA	6329	4304	59.5701
UBE2V2	NA	2033	1524	54.0404
UBE2W	NA	478	9088	2.13072
UBE2Z	NA	2896	3126	37.5297
UBE3A	NA	2899	5280	22.2423
UBE3B	NA	849	5977	5.75427
UBE3C	NA	1639	5181	12.8154
UBE3D	NA	239	1917	5.05058
UBE4A	NA	1067	6128	7.05361
UBE4B	NA	2576	5879	17.7504
UBFD1	NA	3405	4931	27.9736
UBIAD1	NA	945	3654	10.4768
UBL3	NA	330	4346	3.07603
UBL4A	NA	848	2382	14.4218
UBL4B	NA	3	1508	0.0805909
UBL5	NA	2303	531	175.697
UBL7	NA	3033	1891	64.9751
UBL7-AS1	NA	91	1684	2.1891
UBLCP1	NA	1852	2392	31.365
UBN1	NA	2009	6307	12.904
UBN2	NA	565	14444	1.58463
UBOX5	NA	372	4345	3.46832
UBOX5-AS1	NA	29	1794	0.654849
UBP1	NA	3988	4174	38.7051
UBQLN1	NA	5643	4168	54.8464
UBQLN2	NA	1420	3418	16.8299
UBQLN3	NA	0	2345	0
UBQLN4	NA	2333	3614	26.1512
UBQLNL	NA	0	2334	0
UBR1	NA	882	7745	4.61331
UBR2	NA	496	8881	2.26248
UBR3	NA	685	7953	3.4892
UBR4	NA	7321	15882	18.6737
UBR5	NA	3089	10883	11.4983
UBR5-AS1	NA	14	743	0.763317
UBR7	NA	1035	3694	11.3504
UBTD1	NA	432	1693	10.337
UBTD2	NA	1068	3015	14.3499
UBTF	NA	4514	5369	34.0592
UBTFL1	NA	17	1182	0.582636
UBXN1	NA	3677	1353	110.094
UBXN10	NA	172	5578	1.24915
UBXN10-AS1	NA	21	509	1.67135
UBXN11	NA	1966	2072	38.4379
UBXN2A	NA	394	1893	8.43163
UBXN2B	NA	650	5068	5.19568
UBXN4	NA	2521	4014	25.4426
UBXN6	NA	1637	1993	33.2742
UBXN7	NA	611	4732	5.23073
UBXN8	NA	293	1447	8.20285
UCA1	NA	19024	2314	333.046
UCHL1	NA	7758	1124	279.608
UCHL1-AS1	NA	0	592	0
UCHL3	NA	388	1163	13.5151
UCHL5	NA	1529	6569	9.42918
UCK1	NA	1064	2221	19.407
UCK2	NA	2392	4920	19.6953
UCKL1	NA	949	2285	16.8246
UCKL1-AS1	NA	114	3571	1.29325
UCMA	NA	0	824	0
UCN	NA	49	615	3.22765
UCN2	NA	12	1485	0.327356
UCN3	NA	0	710	0
UCP1	NA	1	1000	0.0405103
UCP2	NA	8573	1646	210.993
UCP3	NA	57	3485	0.662579
UEVLD	NA	153	2868	2.16112
UFC1	NA	626	1122	22.602
UFD1L	NA	2145	1783	48.7351
UFL1	NA	386	4205	3.71867
UFM1	NA	1614	3539	18.4752
UFSP1	NA	53	996	2.15567
UFSP2	NA	745	2379	12.6861
UG0898H09	NA	0	7041	0
UGCG	NA	5734	4012	57.8979
UGDH	NA	1436	3196	18.2018
UGDH-AS1	NA	16	2967	0.218458
UGGT1	NA	1348	10960	4.98248
UGGT2	NA	491	4929	4.03542
UGP2	NA	897	2437	14.9109
UGT1A1	NA	1	2357	0.0171872
UGT1A10	NA	1	2385	0.0169855
UGT1A3	NA	1	2345	0.0172752
UGT1A4	NA	1	2374	0.0170642
UGT1A5	NA	1	2345	0.0172752
UGT1A6	NA	1	2630	0.0154032
UGT1A7	NA	1	2333	0.0173641
UGT1A8	NA	1	2396	0.0169075
UGT1A9	NA	1	2376	0.0170498
UGT2A1	NA	2	3417	0.0237111
UGT2A2	NA	2	2568	0.0315501
UGT2A3	NA	14	6132	0.0924894
UGT2B10	NA	3	5504	0.0220805
UGT2B11	NA	0	1706	0
UGT2B15	NA	69	4518	0.618684
UGT2B17	NA	66	4148	0.644571
UGT2B28	NA	0	1833	0
UGT2B4	NA	0	2431	0
UGT2B7	NA	1	1887	0.0214681
UGT3A1	NA	0	5226	0
UGT3A2	NA	1	2385	0.0169855
UGT8	NA	0	3418	0
UHMK1	NA	976	8658	4.56665
UHRF1	NA	3408	5197	26.5652
UHRF1BP1	NA	722	9633	3.03628
UHRF1BP1L	NA	757	5437	5.6403
UHRF2	NA	643	3720	7.00219
UIMC1	NA	1221	2974	16.6318
ULBP1	NA	9	3142	0.116039
ULBP2	NA	20	1408	0.575431
ULBP3	NA	6	735	0.330697
ULK1	NA	989	5222	7.67229
ULK2	NA	523	9139	2.3183
ULK3	NA	801	2818	11.5148
ULK4	NA	180	4359	1.67283
ULK4P1	NA	1	876	0.0462447
ULK4P2	NA	1	876	0.0462447
ULK4P3	NA	1	1146	0.0353493
UMAD1	NA	462	2452	7.63286
UMOD	NA	0	2577	0
UMODL1	NA	0	5518	0
UMODL1-AS1	NA	0	2141	0
UMPS	NA	1820	6836	10.7854
UNC119	NA	1146	1651	28.1192
UNC119B	NA	1855	4404	17.0633
UNC13A	NA	3098	9838	12.7568
UNC13B	NA	1100	6370	6.99551
UNC13C	NA	0	8140	0
UNC13D	NA	502	4391	4.63133
UNC45A	NA	1493	4047	14.9449
UNC45B	NA	2	5679	0.0142667
UNC50	NA	627	1142	22.2417
UNC5A	NA	13	3733	0.141075
UNC5B	NA	770	6890	4.52728
UNC5B-AS1	NA	140	647	8.76576
UNC5C	NA	0	9878	0
UNC5CL	NA	22	3128	0.284919
UNC5D	NA	0	7290	0
UNC79	NA	13	8471	0.0621691
UNC80	NA	44	13562	0.13143
UNC93A	NA	0	2111	0
UNC93B1	NA	366	2321	6.3881
UNCX	NA	11	1596	0.279207
UNG	NA	1992	2366	34.1068
UNK	NA	644	5045	5.17119
UNKL	NA	853	6250	5.52885
UNQ6494	NA	0	2194	0
UOX	NA	3	1551	0.0783565
UPB1	NA	2	2067	0.0391972
UPF1	NA	3487	5380	26.2564
UPF2	NA	1235	5457	9.16809
UPF3A	NA	1179	2386	20.0175
UPF3B	NA	1181	2404	19.9013
UPK1A	NA	11	1368	0.325741
UPK1A-AS1	NA	2	795	0.101913
UPK1B	NA	0	2058	0
UPK2	NA	19	934	0.824086
UPK3A	NA	1	1046	0.0387288
UPK3B	NA	62	1694	1.48267
UPK3BL	NA	761	1342	22.972
UPP1	NA	1530	2107	29.4166
UPP2	NA	0	2579	0
UPRT	NA	225	2620	3.47894
UQCC1	NA	1411	2448	23.3497
UQCC2	NA	1282	1338	38.8148
UQCC3	NA	765	1950	15.8925
UQCR10	NA	2992	975	124.315
UQCR11	NA	3269	1335	99.1972
UQCRB	NA	3620	5223	28.0772
UQCRBP1	NA	634	797	32.2253
UQCRC1	NA	4772	1617	119.552
UQCRC2	NA	4218	1674	102.074
UQCRFS1	NA	5777	1224	191.2
UQCRH	NA	3448	771	181.167
UQCRHL	NA	4234	538	318.812
UQCRQ	NA	1858	1585	47.4878
URAD	NA	0	522	0
URAHP	NA	230	2136	4.36207
URB1	NA	2586	10808	9.6928
URB1-AS1	NA	94	825	4.61572
URB2	NA	839	5613	6.05526
URGCP	NA	965	4465	8.75531
URGCP-MRPS24	NA	2494	838	120.564
URI1	NA	1647	3571	18.684
URM1	NA	2296	4410	21.0911
UROC1	NA	0	3445	0
UROD	NA	3294	1458	91.5234
UROS	NA	1372	1354	41.0489
USB1	NA	1673	4840	14.0028
USE1	NA	285	856	13.4877
USF1	NA	1545	1835	34.1082
USF2	NA	1349	1709	31.9769
USH1C	NA	0	3320	0
USH1G	NA	80	3568	0.908304
USH2A	NA	4	20185	0.00802781
USHBP1	NA	2	2490	0.0325384
USMG5	NA	3782	892	171.76
USO1	NA	1779	4063	17.7376
USP1	NA	1723	4198	16.6268
USP10	NA	2528	3499	29.2684
USP11	NA	2009	3290	24.7372
USP12	NA	899	4503	8.08767
USP12-AS1	NA	0	307	0
USP12-AS2	NA	3	784	0.155014
USP13	NA	847	7933	4.32526
USP14	NA	2891	4156	28.1798
USP15	NA	1616	9895	6.61594
USP16	NA	748	3036	9.98081
USP17L1	NA	0	1593	0
USP17L10	NA	0	1593	0
USP17L11	NA	5	4779	0.0423837
USP17L12	NA	0	3186	0
USP17L13	NA	1	1593	0.0254302
USP17L15	NA	2	1680	0.0482266
USP17L17	NA	1	1593	0.0254302
USP17L18	NA	4	3186	0.0508604
USP17L19	NA	0	1593	0
USP17L2	NA	0	1593	0
USP17L20	NA	3	4779	0.0254302
USP17L21	NA	0	3186	0
USP17L22	NA	1	3186	0.0127151
USP17L24	NA	0	12744	0
USP17L25	NA	0	12744	0
USP17L26	NA	0	12744	0
USP17L27	NA	0	12744	0
USP17L28	NA	0	12744	0
USP17L29	NA	0	12744	0
USP17L3	NA	0	1593	0
USP17L30	NA	0	12744	0
USP17L4	NA	0	1593	0
USP17L5	NA	0	12744	0
USP17L6P	NA	0	1197	0
USP17L7	NA	0	1593	0
USP17L8	NA	0	1593	0
USP17L9P	NA	1	1593	0.0254302
USP18	NA	6	2035	0.119441
USP19	NA	2047	5353	15.4912
USP2	NA	289	4067	2.87865
USP2-AS1	NA	64	1156	2.24279
USP20	NA	377	4619	3.30643
USP21	NA	464	2354	7.98505
USP22	NA	8004	5220	62.1158
USP24	NA	1865	10802	6.99424
USP25	NA	772	5343	5.85326
USP26	NA	68	2794	0.985935
USP27X	NA	258	2699	3.87242
USP27X-AS1	NA	17	2290	0.300732
USP28	NA	570	4668	4.94663
USP29	NA	20	3606	0.224683
USP3	NA	325	5875	2.241
USP3-AS1	NA	56	1722	1.31741
USP30	NA	210	4324	1.96743
USP30-AS1	NA	1	978	0.0414216
USP31	NA	606	10698	2.29475
USP32	NA	1669	7026	9.62308
USP32P1	NA	86	3901	0.893076
USP32P2	NA	38	4775	0.322386
USP33	NA	939	4625	8.22469
USP34	NA	3520	11310	12.608
USP35	NA	218	4311	2.04854
USP36	NA	1673	5234	12.9488
USP37	NA	575	8032	2.90008
USP38	NA	751	7817	3.89194
USP39	NA	1738	2795	25.1903
USP4	NA	815	4949	6.67123
USP40	NA	949	5617	6.84428
USP42	NA	561	5120	4.43873
USP43	NA	88	4164	0.856126
USP44	NA	10	4386	0.0923628
USP45	NA	345	6386	2.18855
USP46	NA	673	8429	3.23448
USP46-AS1	NA	15	878	0.69209
USP47	NA	1449	7981	7.3549
USP48	NA	2335	5188	18.2328
USP49	NA	454	10005	1.83825
USP5	NA	2294	3190	29.1319
USP50	NA	31	1392	0.90217
USP51	NA	267	4403	2.45657
USP53	NA	210	6595	1.28994
USP54	NA	342	6163	2.24802
USP6	NA	183	9866	0.751408
USP6NL	NA	456	6466	2.8569
USP7	NA	4655	5734	32.8873
USP8	NA	1068	5695	7.59702
USP9X	NA	3225	12401	10.5351
USP9Y	NA	511	10040	2.06183
USPL1	NA	753	3904	7.8136
UST	NA	2	4391	0.0184515
UTAT33	NA	495	573	34.9958
UTF1	NA	118	1157	4.13156
UTP11L	NA	1551	2050	30.6495
UTP14A	NA	1448	2560	22.9137
UTP14C	NA	942	5529	6.90192
UTP15	NA	1010	5095	8.03051
UTP18	NA	1353	1884	29.0926
UTP20	NA	1499	9010	6.73973
UTP23	NA	396	3691	4.34627
UTP3	NA	3576	2073	69.8818
UTP6	NA	3470	2065	68.0731
UTRN	NA	5	12431	0.0162941
UTS2	NA	38	755	2.03893
UTS2B	NA	12	2408	0.201879
UTS2R	NA	3	1310	0.0927718
UTY	NA	426	8610	2.00434
UVRAG	NA	585	5166	4.58741
UVSSA	NA	154	4665	1.33732
UXS1	NA	811	2806	11.7084
UXT	NA	1138	842	54.7515
UXT-AS1	NA	65	565	4.66048
VAC14	NA	1473	3096	19.2738
VAC14-AS1	NA	27	2227	0.491145
VAMP1	NA	362	3360	4.36451
VAMP2	NA	899	2155	16.8997
VAMP3	NA	2989	2205	54.914
VAMP4	NA	195	5155	1.5324
VAMP5	NA	13	665	0.791931
VAMP7	NA	867	5318	6.60445
VAMP8	NA	808	776	42.1809
VANGL1	NA	167	8769	0.771493
VANGL2	NA	310	5352	2.34645
VAPA	NA	3679	6994	21.3093
VAPB	NA	2622	7938	13.381
VARS	NA	4550	26135	7.05269
VARS2	NA	864	21474	1.62992
VASH1	NA	866	6030	5.8179
VASH2	NA	45	4494	0.405644
VASN	NA	332	2806	4.7931
VASP	NA	5306	2290	93.8637
VAT1	NA	10038	2758	147.441
VAT1L	NA	0	3791	0
VAV1	NA	1	2937	0.0137931
VAV2	NA	1398	4851	11.6746
VAV3	NA	8	4867	0.0665878
VAV3-AS1	NA	0	619	0
VAX1	NA	0	5788	0
VAX2	NA	85	1146	3.00469
VBP1	NA	1966	2044	38.9644
VCAM1	NA	0	3203	0
VCAN	NA	6796	12416	22.1737
VCL	NA	23247	5486	171.663
VCP	NA	23083	3859	242.317
VCPIP1	NA	705	8176	3.49312
VCPKMT	NA	275	1891	5.89124
VCX	NA	1	967	0.0418928
VCX2	NA	0	815	0
VCX3A	NA	0	995	0
VCX3B	NA	1	1175	0.0344769
VCY	NA	0	549	0
VCY1B	NA	0	545	0
VDAC1	NA	10336	2241	186.843
VDAC2	NA	4299	2108	82.6157
VDAC3	NA	3249	1540	85.4663
VDR	NA	17	5166	0.133309
VEGFA	NA	802	3778	8.5996
VEGFB	NA	659	1805	14.7902
VEGFC	NA	0	2089	0
VENTX	NA	2	2412	0.0335907
VENTXP1	NA	0	2716	0
VENTXP7	NA	0	960	0
VEPH1	NA	21	5099	0.16684
VEZF1	NA	704	4633	6.15568
VEZT	NA	909	4647	7.92423
VGF	NA	15110	2553	239.762
VGLL1	NA	0	1215	0
VGLL2	NA	0	2231	0
VGLL3	NA	1	10396	0.00389672
VGLL4	NA	2308	5108	18.3042
VHL	NA	2387	4560	21.2057
VHLL	NA	0	1014	0
VIL1	NA	3	2738	0.0443868
VILL	NA	76	2787	1.1047
VIM	NA	36102	2136	684.693
VIM-AS1	NA	12444	1992	253.068
VIMP	NA	1021	1999	20.6909
VIP	NA	0	1587	0
VIPAS39	NA	673	2969	9.18271
VIPR1	NA	0	3369	0
VIPR1-AS1	NA	0	181	0
VIPR2	NA	1	4648	0.00871565
VIT	NA	1	3446	0.0117558
VKORC1	NA	2539	998	103.062
VKORC1L1	NA	1521	5896	10.4505
VLDLR	NA	62	3636	0.69077
VLDLR-AS1	NA	10	884	0.458262
VMA21	NA	2277	4736	19.4768
VMAC	NA	51	1670	1.23714
VMO1	NA	10	804	0.50386
VMP1	NA	3573	2174	66.5793
VN1R1	NA	4	1566	0.103475
VN1R10P	NA	0	1202	0
VN1R2	NA	0	1311	0
VN1R4	NA	0	906	0
VN1R5	NA	0	1074	0
VNN1	NA	0	3844	0
VNN2	NA	0	2269	0
VNN3	NA	0	1763	0
VOPP1	NA	1289	3341	15.6294
VPRBP	NA	1042	5842	7.22557
VPREB1	NA	0	650	0
VPREB3	NA	0	585	0
VPS11	NA	950	3467	11.1003
VPS13A	NA	641	12595	2.0617
VPS13A-AS1	NA	2	442	0.183305
VPS13B	NA	720	14792	1.97184
VPS13C	NA	1036	17061	2.45992
VPS13D	NA	844	16345	2.09182
VPS16	NA	546	2756	8.02563
VPS18	NA	1887	3895	19.6259
VPS25	NA	1989	1102	73.1171
VPS26A	NA	2103	2701	31.5414
VPS26B	NA	1404	3731	15.2443
VPS28	NA	838	1097	30.9459
VPS29	NA	1323	1393	38.4746
VPS33A	NA	1443	2603	22.4573
VPS33B	NA	512	2785	7.4475
VPS35	NA	3722	3285	45.8994
VPS36	NA	1020	4787	8.63182
VPS37A	NA	595	4585	5.25707
VPS37B	NA	2438	2749	35.9273
VPS37C	NA	612	2692	9.20963
VPS37D	NA	314	1605	7.92539
VPS39	NA	1814	4887	15.037
VPS41	NA	1309	4894	10.8353
VPS45	NA	725	3154	9.31198
VPS4A	NA	3109	2176	57.8799
VPS4B	NA	1017	3378	12.1963
VPS51	NA	1448	2760	21.2532
VPS52	NA	1503	21322	2.8556
VPS53	NA	1793	13655	5.3193
VPS54	NA	591	3994	5.99439
VPS72	NA	1922	1564	49.7832
VPS8	NA	616	5047	4.9444
VPS9D1	NA	456	2749	6.71979
VPS9D1-AS1	NA	102	1753	2.35713
VRK1	NA	1019	1703	24.2396
VRK2	NA	617	2912	8.58341
VRK3	NA	939	2584	14.7211
VRTN	NA	9	3416	0.106731
VSIG1	NA	0	3236	0
VSIG10	NA	304	5003	2.46155
VSIG10L	NA	397	3674	4.37741
VSIG2	NA	0	1121	0
VSIG4	NA	0	2192	0
VSIG8	NA	0	1818	0
VSNL1	NA	2	2005	0.0404093
VSTM1	NA	161	1187	5.49466
VSTM2A	NA	0	3112	0
VSTM2A-OT1	NA	0	3031	0
VSTM2B	NA	2	1243	0.0651816
VSTM2L	NA	282	1961	5.82556
VSTM4	NA	11	8104	0.0549869
VSTM5	NA	0	603	0
VSX1	NA	0	3734	0
VSX2	NA	1	2995	0.013526
VTA1	NA	1872	3355	22.6037
VTCN1	NA	0	2947	0
VTI1A	NA	780	4392	7.19446
VTI1B	NA	1678	1330	51.11
VTN	NA	592	1677	14.3006
VTRNA1-1	NA	0	98	0
VTRNA1-2	NA	0	88	0
VTRNA1-3	NA	0	88	0
VTRNA2-1	NA	0	100	0
VWA1	NA	498	4659	4.33015
VWA2	NA	0	5857	0
VWA3A	NA	2	4604	0.0175979
VWA3B	NA	0	4747	0
VWA5A	NA	27	4056	0.269669
VWA5B1	NA	0	4475	0
VWA5B2	NA	4	4020	0.0403088
VWA7	NA	1235	17484	2.86149
VWA8	NA	811	7414	4.43133
VWA8-AS1	NA	1	2079	0.0194855
VWA9	NA	1808	2873	25.4935
VWC2	NA	0	1891	0
VWC2L	NA	0	908	0
VWC2L-IT1	NA	0	480	0
VWCE	NA	1340	3536	15.3518
VWDE	NA	2	5583	0.014512
VWF	NA	32	8833	0.14676
WAC	NA	3039	5958	20.6631
WAC-AS1	NA	2390	5376	18.0096
WAPAL	NA	2466	6302	15.8519
WARS	NA	4126	2968	56.3159
WARS2	NA	381	2835	5.44425
WARS2-IT1	NA	0	562	0
WAS	NA	14	1830	0.309915
WASF1	NA	1737	3220	21.8529
WASF2	NA	3841	5695	27.3222
WASF3	NA	201	5001	1.62819
WASH1	NA	1834	1837	40.4442
WASH2P	NA	1943	1958	40.2
WASH3P	NA	2241	2554	35.5457
WASH5P	NA	345	1137	12.2921
WASH7P	NA	2859	1769	65.4715
WASIR2	NA	10	1037	0.390649
WASL	NA	1121	4447	10.2118
WBP1	NA	1198	1223	39.6822
WBP11	NA	4023	2674	60.9473
WBP11P1	NA	192	2972	2.61709
WBP1L	NA	579	4396	5.33564
WBP2	NA	3590	1944	74.8108
WBP2NL	NA	0	2316	0
WBP4	NA	555	2333	9.63705
WBP5	NA	1383	1089	51.447
WBSCR16	NA	3399	3579	38.4729
WBSCR17	NA	3	3518	0.0345455
WBSCR22	NA	1867	1486	50.8969
WBSCR27	NA	56	930	2.43933
WBSCR28	NA	0	854	0
WDFY1	NA	3222	4664	27.9855
WDFY2	NA	272	3809	2.89284
WDFY3	NA	815	14317	2.30606
WDFY3-AS2	NA	11	1569	0.284011
WDFY4	NA	0	10013	0
WDHD1	NA	1414	6032	9.49629
WDPCP	NA	93	3455	1.09044
WDR1	NA	14334	3143	184.752
WDR11	NA	1227	4734	10.4998
WDR11-AS1	NA	1	2500	0.0162041
WDR12	NA	2364	2282	41.966
WDR13	NA	849	2804	12.2658
WDR17	NA	122	7521	0.657128
WDR18	NA	1585	1551	41.3984
WDR19	NA	585	4520	5.24304
WDR20	NA	686	5942	4.67689
WDR24	NA	258	3269	3.19721
WDR25	NA	196	2199	3.61074
WDR26	NA	3574	6872	21.0687
WDR27	NA	309	3592	3.48488
WDR3	NA	2199	3877	22.9771
WDR31	NA	28	2507	0.452449
WDR33	NA	2572	11218	9.28798
WDR34	NA	2989	1818	66.6036
WDR35	NA	1485	6944	8.66328
WDR36	NA	1226	6592	7.53423
WDR37	NA	393	4611	3.45274
WDR38	NA	1039	1388	30.3244
WDR4	NA	638	2642	9.78259
WDR41	NA	1322	2558	20.9361
WDR43	NA	2908	3531	33.3628
WDR44	NA	144	4146	1.40702
WDR45	NA	1291	2050	25.5116
WDR45B	NA	3240	2587	50.7358
WDR46	NA	3696	11815	12.6726
WDR47	NA	371	4374	3.43606
WDR48	NA	965	4001	9.77068
WDR49	NA	0	2593	0
WDR5	NA	2997	3183	38.1431
WDR53	NA	553	1571	14.2598
WDR54	NA	568	1119	20.5629
WDR55	NA	660	2580	10.3631
WDR59	NA	2444	3663	27.029
WDR5B	NA	160	4183	1.54952
WDR6	NA	6022	4259	57.2795
WDR60	NA	341	3772	3.66225
WDR61	NA	5027	1424	143.009
WDR62	NA	1133	4745	9.67296
WDR63	NA	16	3019	0.214695
WDR64	NA	0	4370	0
WDR66	NA	34	4295	0.320687
WDR7	NA	406	7282	2.25861
WDR70	NA	514	2122	9.81259
WDR72	NA	3	7942	0.0153023
WDR73	NA	1685	3828	17.8317
WDR74	NA	2713	1373	80.047
WDR75	NA	2711	2732	40.1989
WDR76	NA	541	4027	5.44229
WDR77	NA	4394	2408	73.9213
WDR78	NA	179	3955	1.83346
WDR81	NA	1696	7227	9.50678
WDR82	NA	4760	4292	44.9276
WDR83	NA	1104	1505	29.7166
WDR83OS	NA	2132	861	100.311
WDR86	NA	112	2218	2.04561
WDR86-AS1	NA	29	945	1.24317
WDR87	NA	0	9102	0
WDR88	NA	16	1722	0.376403
WDR89	NA	362	3666	4.0002
WDR90	NA	487	5541	3.56046
WDR91	NA	372	4619	3.26258
WDR92	NA	538	2898	7.52055
WDR93	NA	17	3744	0.183941
WDSUB1	NA	324	2135	6.1477
WDTC1	NA	568	4819	4.77482
WDYHV1	NA	286	1669	6.94186
WEE1	NA	1710	4047	17.117
WEE2	NA	8	3061	0.105875
WEE2-AS1	NA	24	2262	0.429818
WFDC1	NA	0	1474	0
WFDC10A	NA	0	482	0
WFDC10B	NA	1	632	0.0640986
WFDC11	NA	0	615	0
WFDC12	NA	0	774	0
WFDC13	NA	0	1372	0
WFDC2	NA	1	566	0.071573
WFDC21P	NA	13	621	0.848042
WFDC3	NA	7	1000	0.283572
WFDC5	NA	0	1018	0
WFDC6	NA	0	619	0
WFDC8	NA	0	1530	0
WFDC9	NA	0	659	0
WFIKKN1	NA	861	1948	17.9052
WFIKKN2	NA	1	3754	0.0107912
WFS1	NA	637	3640	7.08931
WHAMM	NA	907	3854	9.5337
WHAMMP1	NA	53	1567	1.37016
WHAMMP2	NA	42	5246	0.32433
WHAMMP3	NA	75	3588	0.846788
WHSC1	NA	3275	17077	7.76901
WHSC1L1	NA	962	7052	5.52623
WI2-2373I1.2	NA	0	702	0
WIBG	NA	1926	1276	61.1465
WIF1	NA	286	2240	5.1723
WIPF1	NA	1	4711	0.00859909
WIPF2	NA	916	5525	6.71628
WIPF3	NA	1	4184	0.0096822
WIPI1	NA	417	1924	8.78005
WIPI2	NA	2212	4929	18.1799
WISP1	NA	0	5189	0
WISP2	NA	0	1404	0
WISP3	NA	2	1470	0.0551161
WIZ	NA	2959	4168	28.7596
WLS	NA	3489	3091	45.7265
WNK1	NA	5569	11946	18.8852
WNK2	NA	906	8446	4.34553
WNK3	NA	226	11343	0.807135
WNK4	NA	45	4178	0.436325
WNT1	NA	0	2284	0
WNT10A	NA	19	2375	0.324083
WNT10B	NA	163	2369	2.78733
WNT11	NA	53	1927	1.11419
WNT16	NA	2	3228	0.0250993
WNT2	NA	1	2906	0.0139402
WNT2B	NA	94	3592	1.06013
WNT3	NA	22	3355	0.265642
WNT3A	NA	4	2972	0.0545227
WNT4	NA	26	3905	0.269723
WNT5A	NA	17	6245	0.110276
WNT5B	NA	97	2311	1.70035
WNT6	NA	139	1700	3.31232
WNT7A	NA	0	1714	0
WNT7B	NA	5	3912	0.051777
WNT8A	NA	0	2089	0
WNT8B	NA	5	1996	0.101479
WNT9A	NA	148	1240	4.8351
WNT9B	NA	2	1464	0.055342
WRAP53	NA	759	2281	13.4798
WRAP73	NA	991	1699	23.629
WRB	NA	786	1663	19.1468
WRN	NA	678	5746	4.78002
WRNIP1	NA	2035	2652	31.0854
WSB1	NA	1814	2832	25.9484
WSB2	NA	2070	2958	28.349
WSCD1	NA	10	5821	0.0695934
WSCD2	NA	0	5185	0
WSPAR	NA	0	683	0
WT1	NA	2	3314	0.024448
WT1-AS	NA	0	4294	0
WTAP	NA	3487	3500	40.3599
WTAPP1	NA	9	2642	0.137999
WTH3DI	NA	1036	3667	11.445
WTIP	NA	961	2204	17.6635
WWC1	NA	590	6739	3.54668
WWC2	NA	876	8808	4.02896
WWC2-AS1	NA	0	404	0
WWC2-AS2	NA	16	2179	0.29746
WWC3	NA	502	6454	3.15094
WWOX	NA	376	2913	5.22893
WWP1	NA	478	4105	4.71716
WWP2	NA	685	6745	4.1141
WWTR1	NA	1022	5367	7.7141
WWTR1-AS1	NA	7	1698	0.167004
XAB2	NA	3512	2655	53.5866
XACT	NA	0	497	0
XAF1	NA	0	3624	0
XAGE1B	NA	0	1914	0
XAGE1E	NA	0	1914	0
XAGE2	NA	0	641	0
XAGE3	NA	0	568	0
XAGE5	NA	0	477	0
XBP1	NA	2392	1820	53.2422
XCL1	NA	0	1367	0
XCL2	NA	0	565	0
XCR1	NA	12	1373	0.35406
XDH	NA	0	5717	0
XG	NA	1	2934	0.0138072
XGY2	NA	0	726	0
XIAP	NA	743	8545	3.52243
XIRP1	NA	3	6462	0.018807
XIRP2	NA	0	13021	0
XIRP2-AS1	NA	0	1871	0
XIST	NA	7	19280	0.0147081
XK	NA	2	5085	0.0159333
XKR3	NA	0	1681	0
XKR4	NA	0	3909	0
XKR5	NA	28	5028	0.225595
XKR6	NA	1	3758	0.0107798
XKR7	NA	82	2910	1.14153
XKR8	NA	1	2692	0.0150484
XKR9	NA	12	3402	0.142894
XKRX	NA	4	2851	0.0568367
XKRY	NA	0	1581	0
XKRY2	NA	0	1581	0
XLOC_007697	NA	0	250	0
XLOC_008559	NA	0	504	0
XLOC_009911	NA	0	498	0
XPA	NA	283	1700	6.74378
XPC	NA	4871	3720	53.0446
XPNPEP1	NA	1960	2539	31.2723
XPNPEP2	NA	0	3333	0
XPNPEP3	NA	744	9289	3.24466
XPO1	NA	7775	4830	65.2107
XPO4	NA	1449	9885	5.93824
XPO5	NA	4202	5364	31.7346
XPO6	NA	5540	4625	48.5248
XPO7	NA	2102	4863	17.5103
XPOT	NA	3157	3947	32.4021
XPR1	NA	1753	8496	8.35859
XRCC1	NA	1455	2102	28.0412
XRCC2	NA	279	3069	3.68276
XRCC3	NA	1014	2639	15.5655
XRCC4	NA	1068	1704	25.3903
XRCC5	NA	8515	3430	100.567
XRCC6	NA	14120	2326	245.918
XRCC6BP1	NA	131	1160	4.57487
XRCC6P5	NA	115	2175	2.14193
XRN1	NA	432	10808	1.61921
XRN2	NA	1510	3435	17.808
XRRA1	NA	688	5025	5.54649
XXYLT1	NA	1103	2875	15.5419
XXYLT1-AS1	NA	0	431	0
XXYLT1-AS2	NA	0	850	0
XYLB	NA	213	3683	2.34285
XYLT1	NA	2	9336	0.00867831
XYLT2	NA	551	3601	6.19861
YAE1D1	NA	410	3372	4.92563
YAF2	NA	276	9145	1.22262
YAP1	NA	2980	5704	21.1642
YARS	NA	5718	3117	74.3144
YARS2	NA	1374	2173	25.6149
YBEY	NA	438	1785	9.94035
YBX1	NA	23578	1546	617.822
YBX2	NA	412	1583	10.5434
YBX3	NA	9355	1974	191.983
YBX3P1	NA	696	1758	16.0382
YDJC	NA	1836	1338	55.5882
YEATS2	NA	1517	6506	9.44577
YEATS4	NA	363	1501	9.79697
YES1	NA	2002	4685	17.3109
YIF1A	NA	1353	1121	48.8943
YIF1B	NA	1406	2952	19.2946
YIPF1	NA	498	1903	10.6012
YIPF2	NA	933	1835	20.5974
YIPF3	NA	1897	1576	48.7615
YIPF4	NA	467	1965	9.62765
YIPF5	NA	944	3453	11.0749
YIPF6	NA	807	6282	5.20405
YIPF7	NA	1	937	0.0432341
YJEFN3	NA	113	1032	4.43572
YKT6	NA	3473	2766	50.8649
YLPM1	NA	2306	8137	11.4805
YME1L1	NA	5978	4398	55.0638
YOD1	NA	1123	6521	6.9764
YPEL1	NA	378	4720	3.24426
YPEL2	NA	381	5232	2.95001
YPEL3	NA	4	1604	0.101023
YPEL4	NA	42	1722	0.988057
YPEL5	NA	2372	2617	36.7178
YRDC	NA	1607	1836	35.4576
YTHDC1	NA	3227	12498	10.4598
YTHDC2	NA	841	6308	5.40095
YTHDF1	NA	3054	3252	38.0438
YTHDF2	NA	4504	3063	59.5686
YTHDF3	NA	1701	5450	12.6437
YTHDF3-AS1	NA	45	718	2.53895
YWHAB	NA	7819	3223	98.2781
YWHAE	NA	17583	1860	382.953
YWHAEP1	NA	471	1825	10.455
YWHAEP7	NA	0	2455	0
YWHAG	NA	8418	3747	91.0104
YWHAH	NA	4619	1793	104.36
YWHAQ	NA	14565	2254	261.772
YWHAZ	NA	21400	3651	237.448
YY1	NA	2870	3159	36.8043
YY1AP1	NA	2229	3870	23.3327
YY1P2	NA	0	1851	0
YY2	NA	47	2741	0.694632
ZACN	NA	1209	1473	33.2498
ZADH2	NA	162	8051	0.815138
ZAK	NA	130	9858	0.53422
ZAN	NA	1	8733	0.00463877
ZAP70	NA	3	2543	0.0477904
ZAR1	NA	0	1460	0
ZAR1L	NA	7	1103	0.257092
ZASP	NA	161	699	9.33071
ZBBX	NA	18	3478	0.209657
ZBED1	NA	1826	9478	7.80459
ZBED2	NA	0	2203	0
ZBED3	NA	109	1419	3.11179
ZBED3-AS1	NA	26	1142	0.922302
ZBED4	NA	1616	6886	9.50693
ZBED5	NA	1024	2741	15.1341
ZBED5-AS1	NA	144	1113	5.24123
ZBED6	NA	51	2940	0.70273
ZBED6CL	NA	638	2874	8.9929
ZBED8	NA	67	2925	0.927929
ZBED9	NA	113	9754	0.469312
ZBP1	NA	1	2576	0.0157261
ZBTB1	NA	811	5668	5.79638
ZBTB10	NA	358	10212	1.42016
ZBTB11	NA	910	5119	7.20149
ZBTB11-AS1	NA	191	2784	2.77927
ZBTB12	NA	25111	9327	109.066
ZBTB14	NA	329	3776	3.52963
ZBTB16	NA	0	2425	0
ZBTB17	NA	1019	2794	14.7745
ZBTB18	NA	342	4515	3.06856
ZBTB2	NA	1739	3244	21.7162
ZBTB20	NA	14	28312	0.020032
ZBTB20-AS1	NA	0	1719	0
ZBTB20-AS3	NA	0	545	0
ZBTB20-AS4	NA	0	675	0
ZBTB21	NA	720	7479	3.89991
ZBTB22	NA	288	13645	0.855037
ZBTB24	NA	732	5723	5.18147
ZBTB25	NA	435	4042	4.35972
ZBTB26	NA	132	2233	2.3947
ZBTB3	NA	75	2974	1.02161
ZBTB32	NA	21	1960	0.434039
ZBTB33	NA	391	5311	2.9824
ZBTB34	NA	398	6563	2.45667
ZBTB37	NA	47	2374	0.802016
ZBTB38	NA	270	8384	1.3046
ZBTB39	NA	792	6238	5.14335
ZBTB4	NA	678	6112	4.49378
ZBTB40	NA	1194	8992	5.37915
ZBTB41	NA	167	8474	0.798351
ZBTB42	NA	152	3531	1.74386
ZBTB43	NA	609	5972	4.13108
ZBTB44	NA	780	9557	3.30627
ZBTB45	NA	443	2352	7.63014
ZBTB46	NA	703	5233	5.44215
ZBTB46-AS1	NA	0	1088	0
ZBTB47	NA	389	5507	2.86154
ZBTB48	NA	472	2350	8.13654
ZBTB49	NA	122	2943	1.67933
ZBTB5	NA	694	4649	6.04736
ZBTB6	NA	276	4104	2.72438
ZBTB7A	NA	690	4441	6.29411
ZBTB7B	NA	694	4099	6.85879
ZBTB7C	NA	0	4171	0
ZBTB8A	NA	454	7368	2.49616
ZBTB8B	NA	155	4018	1.56274
ZBTB8OS	NA	1010	1280	31.9652
ZBTB9	NA	1202	5422	8.98071
ZC2HC1A	NA	81	3349	0.979796
ZC2HC1B	NA	3	992	0.122511
ZC2HC1C	NA	18	3986	0.182937
ZC3H10	NA	151	2497	2.44976
ZC3H11A	NA	2940	4778	24.9268
ZC3H12A	NA	171	2716	2.55054
ZC3H12B	NA	21	7256	0.117243
ZC3H12C	NA	43	8807	0.197791
ZC3H12D	NA	3	4907	0.0247669
ZC3H13	NA	1665	6411	10.5209
ZC3H14	NA	1989	5029	16.0221
ZC3H15	NA	4213	2133	80.0141
ZC3H18	NA	2139	3799	22.8091
ZC3H3	NA	1157	3277	14.3029
ZC3H4	NA	1327	6116	8.7896
ZC3H6	NA	87	11539	0.305434
ZC3H7A	NA	1963	3816	20.839
ZC3H7B	NA	4487	5928	30.6629
ZC3H8	NA	397	1604	10.0266
ZC3HAV1	NA	326	7869	1.67828
ZC3HAV1L	NA	132	1753	3.05041
ZC3HC1	NA	1518	2018	30.4731
ZC4H2	NA	0	3183	0
ZCCHC10	NA	1147	2423	19.1768
ZCCHC11	NA	1275	5850	8.82918
ZCCHC12	NA	40	2197	0.737557
ZCCHC13	NA	0	845	0
ZCCHC14	NA	1432	6911	8.39398
ZCCHC16	NA	0	2958	0
ZCCHC17	NA	1614	1921	34.0363
ZCCHC18	NA	5	2942	0.0688483
ZCCHC2	NA	353	7841	1.82377
ZCCHC24	NA	155	4931	1.27339
ZCCHC3	NA	3548	2760	52.0763
ZCCHC4	NA	358	2797	5.18509
ZCCHC5	NA	0	2648	0
ZCCHC6	NA	404	5680	2.88137
ZCCHC7	NA	703	2956	9.63422
ZCCHC8	NA	1363	4255	12.9766
ZCCHC9	NA	1155	1790	26.1394
ZCRB1	NA	1541	1844	33.8538
ZCWPW1	NA	122	2469	2.00173
ZCWPW2	NA	14	1712	0.331276
ZDBF2	NA	213	10505	0.82139
ZDHHC1	NA	256	2009	5.16209
ZDHHC11	NA	332	2606	5.16095
ZDHHC12	NA	555	1151	19.5337
ZDHHC13	NA	332	2434	5.52565
ZDHHC14	NA	183	2787	2.65999
ZDHHC15	NA	2	6525	0.012417
ZDHHC16	NA	1182	2079	23.0319
ZDHHC17	NA	555	4771	4.71248
ZDHHC18	NA	1632	3139	21.0618
ZDHHC19	NA	0	1337	0
ZDHHC2	NA	684	4012	6.90655
ZDHHC20	NA	998	5585	7.23891
ZDHHC21	NA	227	9171	1.00271
ZDHHC22	NA	29	3408	0.344718
ZDHHC23	NA	182	3776	1.95256
ZDHHC24	NA	489	1317	15.0414
ZDHHC3	NA	1876	12686	5.99065
ZDHHC4	NA	906	1618	22.6838
ZDHHC5	NA	2453	4560	21.7921
ZDHHC6	NA	1013	2225	18.4436
ZDHHC7	NA	1604	3273	19.8529
ZDHHC8	NA	1453	5012	11.7441
ZDHHC8P1	NA	752	2548	11.956
ZDHHC9	NA	605	4878	5.02434
ZEB1	NA	688	6389	4.36236
ZEB1-AS1	NA	271	2213	4.96082
ZEB2	NA	0	11656	0
ZEB2-AS1	NA	0	429	0
ZER1	NA	1381	4298	13.0165
ZFAND1	NA	815	2291	14.4111
ZFAND2A	NA	614	901	27.6064
ZFAND2B	NA	196	1323	6.00153
ZFAND3	NA	2007	3333	24.3937
ZFAND4	NA	87	4193	0.840544
ZFAND5	NA	2852	5999	19.2591
ZFAND6	NA	1721	2146	32.4876
ZFAS1	NA	1934	1028	76.213
ZFAT	NA	218	5065	1.74358
ZFAT-AS1	NA	13	939	0.560846
ZFC3H1	NA	1609	7158	9.10605
ZFHX2	NA	176	9182	0.7765
ZFHX3	NA	681	16168	1.7063
ZFHX4	NA	2	13958	0.0058046
ZFHX4-AS1	NA	0	1710	0
ZFP1	NA	348	3288	4.28759
ZFP14	NA	152	7496	0.821448
ZFP2	NA	70	2405	1.1791
ZFP28	NA	276	6617	1.68972
ZFP3	NA	1	4995	0.00811018
ZFP30	NA	432	4611	3.79537
ZFP36	NA	442	1752	10.2201
ZFP36L1	NA	6780	4040	67.9852
ZFP36L2	NA	10855	3693	119.074
ZFP37	NA	239	2951	3.28091
ZFP41	NA	600	6215	3.91089
ZFP42	NA	0	2650	0
ZFP57	NA	0	8801	0
ZFP62	NA	821	4024	8.26516
ZFP64	NA	2547	4984	20.7022
ZFP69	NA	4	2159	0.0750539
ZFP69B	NA	66	2031	1.31644
ZFP82	NA	443	2616	6.86012
ZFP90	NA	1306	5094	10.386
ZFP91	NA	2076	5725	14.6899
ZFP91-CNTF	NA	249	3543	2.84704
ZFP92	NA	0	1251	0
ZFPL1	NA	361	1386	10.5514
ZFPM1	NA	631	3241	7.88708
ZFPM2	NA	1	4480	0.00904249
ZFPM2-AS1	NA	1	1078	0.0375792
ZFR	NA	3947	4715	33.9118
ZFR2	NA	663	5724	4.69223
ZFX	NA	585	7883	3.00629
ZFX-AS1	NA	2	417	0.194294
ZFY	NA	181	5616	1.30562
ZFYVE1	NA	780	4557	6.93396
ZFYVE16	NA	708	7818	3.66863
ZFYVE19	NA	475	2397	8.02771
ZFYVE21	NA	399	1507	10.7257
ZFYVE26	NA	5185	9675	21.7102
ZFYVE27	NA	803	3064	10.6168
ZFYVE28	NA	131	5864	0.904989
ZFYVE9	NA	438	5195	3.4155
ZG16	NA	0	1807	0
ZG16B	NA	31	828	1.51669
ZGLP1	NA	80	1980	1.63678
ZGPAT	NA	1080	2126	20.5791
ZGRF1	NA	212	6740	1.27421
ZHX1	NA	569	5403	4.26622
ZHX1-C8orf76	NA	580	1527	15.387
ZHX2	NA	11	4359	0.102228
ZHX3	NA	1185	9991	4.8048
ZIC1	NA	0	5231	0
ZIC2	NA	1660	2975	22.6041
ZIC3	NA	0	3939	0
ZIC4	NA	0	5208	0
ZIC5	NA	481	4597	4.23874
ZIK1	NA	2	2676	0.0302768
ZIM2	NA	17	2260	0.304724
ZIM2-AS1	NA	2	2151	0.0376665
ZIM3	NA	3	2627	0.0462623
ZKSCAN1	NA	1422	9546	6.03454
ZKSCAN2	NA	898	7126	5.10501
ZKSCAN3	NA	170	4842	1.4223
ZKSCAN4	NA	176	5439	1.31087
ZKSCAN5	NA	1027	4428	9.39569
ZKSCAN7	NA	120	4003	1.2144
ZKSCAN8	NA	1202	7565	6.43667
ZMAT1	NA	121	4166	1.17661
ZMAT2	NA	2738	1512	73.358
ZMAT3	NA	1919	9116	8.52779
ZMAT4	NA	0	2467	0
ZMAT5	NA	612	1033	24.0003
ZMIZ1	NA	501	7555	2.68639
ZMIZ1-AS1	NA	4	2433	0.0666015
ZMIZ2	NA	1489	5209	11.5799
ZMPSTE24	NA	1970	3165	25.215
ZMYM1	NA	378	4670	3.279
ZMYM2	NA	1930	10380	7.53227
ZMYM3	NA	2153	6570	13.2753
ZMYM4	NA	2134	6994	12.3605
ZMYM5	NA	441	3471	5.14695
ZMYM6	NA	262	5144	2.06332
ZMYM6NB	NA	697	925	30.5251
ZMYND10	NA	7	1880	0.150836
ZMYND11	NA	1250	5200	9.73806
ZMYND12	NA	8	1774	0.182685
ZMYND15	NA	2	2448	0.0330967
ZMYND19	NA	1332	1370	39.3867
ZMYND8	NA	2968	6404	18.7749
ZNF10	NA	332	4403	3.05461
ZNF100	NA	179	4470	1.62223
ZNF101	NA	392	4748	3.34458
ZNF106	NA	7203	11247	25.9443
ZNF107	NA	556	9610	2.34378
ZNF112	NA	72	3735	0.780922
ZNF114	NA	4328	2652	66.1119
ZNF117	NA	329	6404	2.08118
ZNF12	NA	1051	5063	8.40932
ZNF121	NA	205	1675	4.95798
ZNF124	NA	249	5283	1.90935
ZNF131	NA	1014	3376	12.1675
ZNF132	NA	59	3031	0.788555
ZNF133	NA	756	3294	9.29745
ZNF134	NA	545	2248	9.82123
ZNF135	NA	0	4158	0
ZNF136	NA	199	3018	2.67116
ZNF137P	NA	21	2484	0.342479
ZNF138	NA	225	4956	1.83915
ZNF14	NA	369	2963	5.04499
ZNF140	NA	738	3380	8.84516
ZNF141	NA	50	1642	1.23357
ZNF142	NA	964	6233	6.26536
ZNF143	NA	460	2947	6.3233
ZNF146	NA	3845	3856	40.3948
ZNF148	NA	664	9543	2.8187
ZNF154	NA	16	6914	0.0937468
ZNF155	NA	16	2821	0.229764
ZNF157	NA	14	1695	0.334599
ZNF16	NA	361	2616	5.5903
ZNF160	NA	807	4336	7.53963
ZNF165	NA	178	2377	3.03359
ZNF169	NA	37	2773	0.540527
ZNF17	NA	196	2678	2.96491
ZNF174	NA	605	2619	9.35806
ZNF175	NA	243	3785	2.6008
ZNF177	NA	52	2742	0.768249
ZNF18	NA	369	2853	5.23951
ZNF180	NA	331	4586	2.92388
ZNF181	NA	396	2951	5.43615
ZNF182	NA	298	3604	3.34963
ZNF184	NA	373	3102	4.87117
ZNF185	NA	37	4785	0.313246
ZNF189	NA	660	3452	7.74531
ZNF19	NA	76	2743	1.12242
ZNF192P1	NA	7	1649	0.171966
ZNF195	NA	1385	3703	15.1517
ZNF197	NA	784	6326	5.02057
ZNF197-AS1	NA	5	623	0.325123
ZNF2	NA	219	4013	2.21076
ZNF20	NA	139	3058	1.84138
ZNF200	NA	511	3658	5.65904
ZNF202	NA	615	4469	5.57482
ZNF204P	NA	83	4190	0.802472
ZNF205	NA	483	2328	8.40485
ZNF205-AS1	NA	61	1219	2.02718
ZNF207	NA	4843	2323	84.4561
ZNF208	NA	3	9088	0.0133727
ZNF211	NA	463	2861	6.55585
ZNF212	NA	791	2810	11.4034
ZNF213	NA	391	3406	4.65048
ZNF213-AS1	NA	128	1125	4.60918
ZNF214	NA	81	2668	1.22989
ZNF215	NA	226	3658	2.50283
ZNF217	NA	6879	5635	49.4535
ZNF219	NA	1821	3478	21.2103
ZNF22	NA	44	2204	0.808736
ZNF221	NA	12	2458	0.197772
ZNF222	NA	0	1711	0
ZNF223	NA	0	2419	0
ZNF224	NA	123	2483	2.00675
ZNF225	NA	80	2731	1.18668
ZNF226	NA	325	3299	3.99086
ZNF227	NA	300	3135	3.87659
ZNF229	NA	26	5480	0.192202
ZNF23	NA	515	3402	6.13252
ZNF230	NA	85	4132	0.833344
ZNF232	NA	285	2078	5.55604
ZNF233	NA	15	2827	0.214947
ZNF234	NA	3	4600	0.0264198
ZNF235	NA	104	3190	1.32071
ZNF236	NA	309	8179	1.53047
ZNF239	NA	445	2508	7.18784
ZNF24	NA	2168	6513	13.4848
ZNF248	NA	223	6046	1.49418
ZNF25	NA	63	3736	0.683124
ZNF250	NA	260	6364	1.65504
ZNF251	NA	622	3007	8.37959
ZNF252P	NA	536	5430	3.99881
ZNF252P-AS1	NA	10	3236	0.125186
ZNF253	NA	12	2329	0.208727
ZNF254	NA	223	4752	1.90105
ZNF256	NA	412	2210	7.55215
ZNF257	NA	0	3520	0
ZNF26	NA	600	6562	3.70408
ZNF260	NA	1061	5582	7.70001
ZNF263	NA	2105	3285	25.9587
ZNF264	NA	493	12163	1.642
ZNF266	NA	667	3862	6.99648
ZNF267	NA	581	3463	6.79657
ZNF268	NA	992	5868	6.84837
ZNF271P	NA	1083	5134	8.54552
ZNF273	NA	130	4414	1.1931
ZNF274	NA	799	2894	11.1844
ZNF275	NA	438	6320	2.80752
ZNF276	NA	705	5214	5.47752
ZNF277	NA	229	2687	3.4525
ZNF28	NA	198	4712	1.70226
ZNF280A	NA	59	2158	1.10756
ZNF280B	NA	410	5729	2.89915
ZNF280C	NA	392	4695	3.38233
ZNF280D	NA	539	8154	2.67784
ZNF281	NA	1166	4890	9.65952
ZNF282	NA	1630	3744	17.6367
ZNF283	NA	139	2759	2.04093
ZNF284	NA	0	2208	0
ZNF285	NA	2	2932	0.0276332
ZNF286A	NA	1079	5604	7.7999
ZNF286B	NA	774	5328	5.88495
ZNF287	NA	176	4278	1.66662
ZNF292	NA	622	10100	2.49479
ZNF295-AS1	NA	2	1376	0.0588813
ZNF296	NA	3174	1586	81.0718
ZNF3	NA	2179	4154	21.2499
ZNF30	NA	209	2733	3.09794
ZNF30-AS1	NA	1	428	0.0946503
ZNF300	NA	1	3323	0.0121909
ZNF300P1	NA	0	2420	0
ZNF302	NA	858	3288	10.5711
ZNF304	NA	370	4641	3.22965
ZNF311	NA	109	11101	0.397768
ZNF316	NA	1400	7239	7.83457
ZNF317	NA	1602	4221	15.3749
ZNF318	NA	671	8006	3.39526
ZNF319	NA	326	4221	3.12873
ZNF32	NA	248	1279	7.85501
ZNF32-AS1	NA	53	434	4.94711
ZNF32-AS2	NA	17	905	0.760968
ZNF32-AS3	NA	0	1928	0
ZNF320	NA	9	6145	0.0593317
ZNF321P	NA	20	2334	0.347132
ZNF322	NA	965	4892	7.9911
ZNF324	NA	484	3231	6.0684
ZNF324B	NA	260	2995	3.51676
ZNF326	NA	1551	3919	16.0325
ZNF329	NA	514	3413	6.10088
ZNF330	NA	883	1898	18.8465
ZNF331	NA	641	6075	4.27442
ZNF333	NA	74	6357	0.471569
ZNF334	NA	0	4071	0
ZNF335	NA	1378	4452	12.5389
ZNF337	NA	1116	4761	9.49581
ZNF337-AS1	NA	216	2472	3.53974
ZNF33A	NA	661	6472	4.13741
ZNF33B	NA	744	8465	3.56051
ZNF33BP1	NA	0	1238	0
ZNF34	NA	111	2836	1.58556
ZNF341	NA	239	3579	2.70522
ZNF341-AS1	NA	5	646	0.313547
ZNF343	NA	640	4173	6.21294
ZNF345	NA	4	3933	0.0412004
ZNF346	NA	650	6258	4.20769
ZNF347	NA	178	4563	1.58028
ZNF35	NA	382	2649	5.84181
ZNF350	NA	257	2341	4.44731
ZNF350-AS1	NA	3	726	0.167398
ZNF354A	NA	746	2555	11.8281
ZNF354B	NA	292	2197	5.38417
ZNF354C	NA	23	2373	0.392641
ZNF358	NA	1280	1953	26.5506
ZNF362	NA	398	3106	5.19096
ZNF365	NA	13	7522	0.0700125
ZNF366	NA	0	6278	0
ZNF367	NA	189	3702	2.06819
ZNF37A	NA	1319	7029	7.60181
ZNF37BP	NA	489	8710	2.27435
ZNF382	NA	140	2827	2.00617
ZNF383	NA	180	1694	4.30452
ZNF384	NA	1409	3511	16.2572
ZNF385A	NA	5859	2776	85.5007
ZNF385B	NA	21	4334	0.196289
ZNF385C	NA	83	2596	1.29521
ZNF385D	NA	10	1812	0.223567
ZNF385D-AS1	NA	0	732	0
ZNF385D-AS2	NA	0	421	0
ZNF391	NA	89	1596	2.25904
ZNF394	NA	583	2145	11.0105
ZNF395	NA	763	4802	6.43677
ZNF396	NA	0	2788	0
ZNF397	NA	218	3321	2.65922
ZNF398	NA	724	5791	5.06467
ZNF404	NA	14	1842	0.307896
ZNF407	NA	384	9037	1.72136
ZNF408	NA	923	2539	14.7267
ZNF41	NA	180	4375	1.66671
ZNF410	NA	1251	2925	17.326
ZNF414	NA	473	1558	12.2987
ZNF415	NA	224	2975	3.05019
ZNF416	NA	380	2509	6.13548
ZNF417	NA	211	4709	1.81518
ZNF418	NA	14	3694	0.153531
ZNF419	NA	350	2382	5.9524
ZNF420	NA	183	2973	2.49357
ZNF423	NA	10	4758	0.0851415
ZNF425	NA	288	3218	3.62554
ZNF426	NA	33	2551	0.524046
ZNF428	NA	2203	1395	63.9744
ZNF429	NA	64	2361	1.09812
ZNF43	NA	94	5944	0.640641
ZNF430	NA	174	3919	1.79862
ZNF431	NA	163	3846	1.7169
ZNF432	NA	72	2573	1.1336
ZNF433	NA	51	2458	0.840532
ZNF436	NA	550	4814	4.62831
ZNF436-AS1	NA	122	2867	1.72384
ZNF438	NA	82	3834	0.866418
ZNF439	NA	15	2550	0.238296
ZNF44	NA	182	2794	2.63883
ZNF440	NA	317	4181	3.07146
ZNF441	NA	3	4448	0.0273226
ZNF442	NA	51	2825	0.731337
ZNF443	NA	137	2664	2.0833
ZNF444	NA	2112	2064	41.4524
ZNF445	NA	853	10249	3.37158
ZNF446	NA	280	2486	4.56271
ZNF449	NA	159	4059	1.58688
ZNF45	NA	361	3903	3.74692
ZNF451	NA	938	14373	2.64376
ZNF454	NA	5	2172	0.0932558
ZNF460	NA	90	3849	0.947241
ZNF461	NA	116	3208	1.46484
ZNF462	NA	14	8295	0.0683719
ZNF467	NA	729	2279	12.9583
ZNF468	NA	137	4286	1.29489
ZNF469	NA	231	13203	0.70877
ZNF470	NA	204	7141	1.15728
ZNF471	NA	121	4966	0.987062
ZNF473	NA	965	4839	8.07863
ZNF474	NA	1	1964	0.0206264
ZNF479	NA	0	2067	0
ZNF48	NA	1368	3640	15.2248
ZNF480	NA	531	4751	4.52768
ZNF483	NA	27	5209	0.209979
ZNF484	NA	119	4031	1.19591
ZNF485	NA	102	2055	2.01073
ZNF486	NA	1	3897	0.0103953
ZNF487	NA	38	1491	1.03246
ZNF488	NA	104	3496	1.20511
ZNF490	NA	157	6098	1.04299
ZNF491	NA	0	2823	0
ZNF492	NA	20	4245	0.190861
ZNF493	NA	2	6284	0.0128932
ZNF496	NA	778	2428	12.9807
ZNF497	NA	343	3562	3.90091
ZNF500	NA	391	3305	4.7926
ZNF501	NA	1	3382	0.0119782
ZNF502	NA	2	3396	0.0238577
ZNF503	NA	71	3695	0.778412
ZNF503-AS1	NA	23	1990	0.46821
ZNF503-AS2	NA	10	3339	0.121325
ZNF506	NA	27	3324	0.329055
ZNF507	NA	981	7718	5.14909
ZNF510	NA	260	5154	2.04359
ZNF511	NA	779	1110	28.4302
ZNF512	NA	0	3703	0
ZNF512B	NA	1150	5922	7.86675
ZNF513	NA	700	2354	12.0464
ZNF514	NA	574	3204	7.25747
ZNF516	NA	39	8626	0.183156
ZNF517	NA	222	2335	3.85152
ZNF518A	NA	670	8431	3.2193
ZNF518B	NA	769	6936	4.49141
ZNF519	NA	116	8875	0.529487
ZNF521	NA	1840	4971	14.9948
ZNF524	NA	148	1133	5.29173
ZNF525	NA	336	6094	2.23359
ZNF526	NA	1030	3954	10.5528
ZNF527	NA	153	5126	1.20915
ZNF528	NA	2	3978	0.0203672
ZNF528-AS1	NA	0	1321	0
ZNF529	NA	670	7835	3.46419
ZNF529-AS1	NA	97	1846	2.12866
ZNF530	NA	113	2964	1.54442
ZNF532	NA	794	6464	4.97605
ZNF534	NA	5	2839	0.0713461
ZNF536	NA	1	4935	0.00820878
ZNF540	NA	22	3531	0.252401
ZNF541	NA	4	4580	0.0353802
ZNF542P	NA	39	3813	0.414346
ZNF543	NA	133	3671	1.46769
ZNF544	NA	1000	3510	11.5414
ZNF546	NA	118	8027	0.595518
ZNF547	NA	92	2862	1.30222
ZNF548	NA	172	4550	1.53138
ZNF549	NA	258	4121	2.5362
ZNF550	NA	195	4309	1.83326
ZNF551	NA	165	3721	1.79635
ZNF552	NA	193	2352	3.32419
ZNF554	NA	251	3698	2.74962
ZNF555	NA	323	8547	1.53093
ZNF556	NA	1	1634	0.0247921
ZNF557	NA	276	6001	1.86316
ZNF558	NA	672	4163	6.53926
ZNF559	NA	111	3568	1.26027
ZNF559-ZNF177	NA	56	3252	0.697595
ZNF560	NA	0	2802	0
ZNF561	NA	1392	4540	12.4208
ZNF561-AS1	NA	135	1834	2.98195
ZNF562	NA	532	5784	3.72605
ZNF563	NA	9	2773	0.13148
ZNF564	NA	267	2948	3.66902
ZNF565	NA	80	2220	1.45983
ZNF566	NA	279	5629	2.00788
ZNF567	NA	283	2851	4.02119
ZNF568	NA	2	5991	0.0135237
ZNF569	NA	337	4058	3.36421
ZNF57	NA	430	2003	8.69668
ZNF570	NA	14	2442	0.232246
ZNF571	NA	101	2396	1.70766
ZNF571-AS1	NA	1	3332	0.012158
ZNF572	NA	0	3275	0
ZNF573	NA	31	2707	0.463916
ZNF574	NA	1726	3131	22.3318
ZNF575	NA	13	1711	0.307793
ZNF576	NA	265	2057	5.21888
ZNF577	NA	67	3387	0.801356
ZNF578	NA	17	6741	0.102162
ZNF579	NA	2359	2168	44.0793
ZNF580	NA	1213	1577	31.1598
ZNF581	NA	1963	1226	64.8628
ZNF582	NA	47	2297	0.828901
ZNF582-AS1	NA	23	2061	0.45208
ZNF583	NA	195	2666	2.96306
ZNF584	NA	610	2259	10.939
ZNF585A	NA	371	7090	2.11979
ZNF585B	NA	210	6210	1.36991
ZNF586	NA	339	2270	6.04978
ZNF587	NA	479	6937	2.79724
ZNF587B	NA	278	3340	3.37182
ZNF589	NA	545	3364	6.56306
ZNF592	NA	1355	8179	6.71127
ZNF593	NA	944	649	58.9241
ZNF594	NA	265	4877	2.2012
ZNF595	NA	365	3007	4.91728
ZNF596	NA	302	3134	3.90368
ZNF597	NA	192	5508	1.41213
ZNF598	NA	2992	3369	35.9771
ZNF599	NA	91	3115	1.18345
ZNF600	NA	47	2547	0.747541
ZNF605	NA	834	6308	5.356
ZNF606	NA	343	4225	3.28877
ZNF607	NA	400	4538	3.57077
ZNF608	NA	1391	5645	9.98226
ZNF609	NA	1642	8617	7.71939
ZNF610	NA	10	2382	0.170069
ZNF611	NA	78	4713	0.670445
ZNF613	NA	106	2439	1.7606
ZNF614	NA	401	4676	3.47405
ZNF615	NA	5	4092	0.0494994
ZNF616	NA	319	3047	4.24115
ZNF618	NA	750	9113	3.334
ZNF619	NA	144	4184	1.39424
ZNF620	NA	195	2838	2.78348
ZNF621	NA	641	8483	3.06108
ZNF622	NA	1706	1692	40.8455
ZNF623	NA	817	4334	7.63658
ZNF624	NA	130	4244	1.24089
ZNF625	NA	40	1695	0.955996
ZNF625-ZNF20	NA	157	3415	1.86241
ZNF626	NA	100	6834	0.592776
ZNF627	NA	405	3019	5.43448
ZNF628	NA	463	3847	4.87556
ZNF629	NA	2335	6087	15.5399
ZNF630	NA	1	2908	0.0139307
ZNF630-AS1	NA	0	395	0
ZNF638	NA	2586	6840	15.3157
ZNF639	NA	1030	3361	12.4147
ZNF641	NA	259	4684	2.24
ZNF644	NA	1470	6001	9.92338
ZNF645	NA	0	1547	0
ZNF646	NA	1113	6208	7.26289
ZNF648	NA	0	3649	0
ZNF649	NA	133	3227	1.66962
ZNF649-AS1	NA	19	580	1.32706
ZNF652	NA	678	11553	2.37739
ZNF653	NA	280	2240	5.06379
ZNF654	NA	312	4957	2.54977
ZNF655	NA	1411	6092	9.38281
ZNF658	NA	244	4025	2.45578
ZNF658B	NA	391	8056	1.96618
ZNF660	NA	12	2205	0.220464
ZNF662	NA	2	5885	0.0137673
ZNF663P	NA	0	1151	0
ZNF664	NA	4144	4324	38.824
ZNF664-FAM101A	NA	110	2413	1.84672
ZNF665	NA	0	3291	0
ZNF667	NA	1008	4462	9.1516
ZNF667-AS1	NA	1280	1782	29.0983
ZNF668	NA	988	3935	10.1713
ZNF669	NA	132	1980	2.70069
ZNF670	NA	207	4198	1.99753
ZNF670-ZNF695	NA	140	1119	5.06832
ZNF671	NA	0	2434	0
ZNF672	NA	1250	3091	16.3824
ZNF674	NA	169	4091	1.67349
ZNF674-AS1	NA	126	2148	2.3763
ZNF675	NA	203	2209	3.72277
ZNF676	NA	0	2934	0
ZNF677	NA	0	3493	0
ZNF678	NA	143	8940	0.647984
ZNF679	NA	0	1567	0
ZNF680	NA	281	4912	2.31747
ZNF681	NA	117	6497	0.729523
ZNF682	NA	10	3290	0.123132
ZNF683	NA	0	1732	0
ZNF684	NA	70	2097	1.35228
ZNF687	NA	724	5534	5.29987
ZNF688	NA	113	1827	2.50557
ZNF689	NA	832	3876	8.69572
ZNF69	NA	138	1659	3.36976
ZNF691	NA	531	1912	11.2505
ZNF692	NA	783	2383	13.3108
ZNF695	NA	221	3756	2.3836
ZNF696	NA	438	4684	3.78811
ZNF697	NA	269	5080	2.14513
ZNF699	NA	32	2094	0.619069
ZNF7	NA	979	3815	10.3957
ZNF70	NA	0	4018	0
ZNF700	NA	423	2901	5.90688
ZNF701	NA	39	5596	0.282327
ZNF702P	NA	1	2997	0.013517
ZNF703	NA	9019	3349	109.096
ZNF704	NA	87	14386	0.244988
ZNF705A	NA	123	3438	1.44932
ZNF705B	NA	8	1207	0.268503
ZNF705D	NA	44	3683	0.483968
ZNF705E	NA	118	3441	1.38919
ZNF705G	NA	9	925	0.394155
ZNF706	NA	1847	3115	24.0201
ZNF707	NA	491	3320	5.99114
ZNF708	NA	118	4215	1.1341
ZNF709	NA	130	4899	1.07498
ZNF71	NA	523	3127	6.77547
ZNF710	NA	390	4518	3.49691
ZNF711	NA	1	4167	0.0097217
ZNF713	NA	51	4537	0.455373
ZNF714	NA	271	8813	1.24569
ZNF716	NA	1	5210	0.0077755
ZNF717	NA	178	3988	1.80813
ZNF718	NA	254	5418	1.89916
ZNF720	NA	307	2774	4.4833
ZNF721	NA	1055	4692	9.10878
ZNF724P	NA	14	568	0.998494
ZNF726	NA	10	1964	0.206264
ZNF727	NA	0	1679	0
ZNF728	NA	1	2632	0.0153915
ZNF729	NA	0	3835	0
ZNF730	NA	35	2367	0.599012
ZNF732	NA	87	2179	1.61744
ZNF733P	NA	0	1766	0
ZNF735	NA	0	1239	0
ZNF736	NA	2	9429	0.00859271
ZNF737	NA	11	8391	0.0531061
ZNF738	NA	225	11721	0.777649
ZNF74	NA	726	4040	7.27983
ZNF740	NA	949	4256	9.03297
ZNF746	NA	980	3800	10.4474
ZNF747	NA	2	3559	0.022765
ZNF749	NA	143	2929	1.9778
ZNF750	NA	2	3191	0.0253904
ZNF75A	NA	650	2675	9.84363
ZNF75D	NA	203	6775	1.21382
ZNF76	NA	395	2676	5.97966
ZNF761	NA	543	4689	4.69122
ZNF763	NA	25	2623	0.386107
ZNF764	NA	381	2796	5.52019
ZNF765	NA	214	4577	1.89408
ZNF766	NA	551	2975	7.50292
ZNF767P	NA	456	3791	4.87278
ZNF768	NA	3265	2315	57.1344
ZNF77	NA	249	2040	4.94464
ZNF770	NA	6277	5448	46.6746
ZNF771	NA	605	1455	16.8445
ZNF772	NA	57	5419	0.42611
ZNF773	NA	235	2906	3.27596
ZNF774	NA	20	1838	0.440809
ZNF775	NA	994	2275	17.6999
ZNF776	NA	312	5292	2.38836
ZNF777	NA	1646	3072	21.7057
ZNF778	NA	277	3608	3.11013
ZNF780A	NA	304	7507	1.64049
ZNF780B	NA	293	8664	1.36998
ZNF781	NA	9	3142	0.116039
ZNF782	NA	84	3313	1.02713
ZNF783	NA	1355	4455	12.3213
ZNF784	NA	345	1996	7.00204
ZNF785	NA	3	3265	0.0372224
ZNF786	NA	372	3268	4.61134
ZNF787	NA	1753	2024	35.0863
ZNF788	NA	1	3769	0.0107483
ZNF789	NA	223	1766	5.1154
ZNF79	NA	404	2302	7.10955
ZNF790	NA	26	2853	0.369179
ZNF790-AS1	NA	3	1054	0.115305
ZNF791	NA	220	2495	3.57205
ZNF792	NA	76	3888	0.791869
ZNF793	NA	2	7121	0.0113777
ZNF793-AS1	NA	1	876	0.0462447
ZNF799	NA	144	2588	2.25405
ZNF8	NA	279	2210	5.1142
ZNF80	NA	0	2946	0
ZNF800	NA	236	4489	2.12975
ZNF804A	NA	0	4685	0
ZNF804B	NA	0	4684	0
ZNF805	NA	352	10126	1.40822
ZNF806	NA	0	1867	0
ZNF808	NA	59	3311	0.721869
ZNF81	NA	70	7859	0.360825
ZNF812	NA	18	2011	0.362599
ZNF813	NA	47	4188	0.454629
ZNF814	NA	323	6283	2.08258
ZNF815P	NA	12	2821	0.172323
ZNF816	NA	120	2757	1.76324
ZNF816-ZNF321P	NA	26	2680	0.393011
ZNF818P	NA	2	3155	0.0256801
ZNF821	NA	113	2268	2.01837
ZNF823	NA	303	2459	4.99172
ZNF826P	NA	0	636	0
ZNF827	NA	62	7797	0.322129
ZNF829	NA	0	5247	0
ZNF83	NA	713	3413	8.4629
ZNF830	NA	877	1657	21.4409
ZNF831	NA	0	9403	0
ZNF833P	NA	21	2000	0.425359
ZNF835	NA	6	2774	0.0876215
ZNF836	NA	40	3333	0.486173
ZNF837	NA	188	2033	3.74616
ZNF839	NA	635	4305	5.97539
ZNF84	NA	1080	14872	2.94185
ZNF841	NA	4	3876	0.0418063
ZNF843	NA	14	2013	0.281741
ZNF844	NA	10	2834	0.142944
ZNF845	NA	357	4311	3.35472
ZNF846	NA	105	2133	1.99418
ZNF847P	NA	0	258	0
ZNF85	NA	122	3611	1.36867
ZNF850	NA	317	7721	1.66323
ZNF852	NA	142	1970	2.92003
ZNF853	NA	442	3578	5.00435
ZNF860	NA	93	3206	1.17513
ZNF862	NA	179	6897	1.05138
ZNF865	NA	1432	4949	11.7217
ZNF876P	NA	144	2607	2.23763
ZNF878	NA	42	1762	0.965627
ZNF879	NA	64	2604	0.995646
ZNF880	NA	2	2262	0.0358182
ZNF883	NA	6	2379	0.10217
ZNF890P	NA	3	1614	0.075298
ZNF891	NA	224	2303	3.94022
ZNF90	NA	1	3753	0.0107941
ZNF91	NA	401	5489	2.95949
ZNF92	NA	267	3342	3.23646
ZNF93	NA	8	2794	0.115992
ZNF98	NA	8	2260	0.143399
ZNF99	NA	1	7881	0.00514025
ZNFX1	NA	1252	7369	6.88274
ZNHIT1	NA	1988	1189	67.733
ZNHIT2	NA	559	1336	16.9501
ZNHIT3	NA	1100	2663	16.7335
ZNHIT6	NA	1360	6197	8.89044
ZNRD1	NA	1205	6865	7.1107
ZNRD1-AS1	NA	37	17895	0.0837598
ZNRF1	NA	648	4633	5.66603
ZNRF2	NA	57	3460	0.667367
ZNRF2P1	NA	20	2034	0.398332
ZNRF2P2	NA	1	1050	0.0385813
ZNRF3	NA	616	6770	3.68602
ZNRF3-AS1	NA	4	2170	0.0746734
ZNRF4	NA	1	1442	0.0280932
ZP1	NA	1	1972	0.0205428
ZP2	NA	1	2749	0.0147364
ZP3	NA	79	1574	2.03324
ZP4	NA	0	2474	0
ZPBP	NA	0	1226	0
ZPBP2	NA	1	2257	0.0179488
ZPLD1	NA	1	3619	0.0111938
ZPR1	NA	1842	1778	41.9685
ZRANB1	NA	1176	4942	9.63985
ZRANB2	NA	3174	3145	40.8839
ZRANB2-AS1	NA	288	1676	6.9612
ZRANB2-AS2	NA	6	783	0.310424
ZRANB3	NA	386	7058	2.2155
ZRSR2	NA	245	1511	6.56852
ZSCAN1	NA	0	2054	0
ZSCAN10	NA	214	2739	3.1651
ZSCAN12	NA	198	5989	1.3393
ZSCAN12P1	NA	78	4055	0.779237
ZSCAN16	NA	3	1275	0.0953184
ZSCAN16-AS1	NA	182	2186	3.37277
ZSCAN18	NA	2229	4707	19.1837
ZSCAN2	NA	245	4406	2.25262
ZSCAN20	NA	164	4218	1.57508
ZSCAN21	NA	555	1989	11.3038
ZSCAN22	NA	216	4643	1.88461
ZSCAN23	NA	7	3161	0.0897097
ZSCAN25	NA	526	4349	4.89962
ZSCAN26	NA	356	2931	4.9204
ZSCAN29	NA	659	5607	4.76125
ZSCAN30	NA	439	4346	4.09205
ZSCAN31	NA	45	3399	0.536324
ZSCAN32	NA	702	3266	8.70737
ZSCAN4	NA	2812	2246	50.7191
ZSCAN5A	NA	529	1922	11.1498
ZSCAN5B	NA	383	1626	9.5421
ZSCAN9	NA	199	1835	4.39322
ZSWIM1	NA	252	2787	3.66294
ZSWIM2	NA	0	2446	0
ZSWIM3	NA	90	2972	1.22676
ZSWIM4	NA	533	4339	4.97626
ZSWIM5	NA	197	5836	1.36747
ZSWIM6	NA	52	5503	0.382798
ZSWIM7	NA	590	2007	11.9089
ZSWIM8	NA	1089	6063	7.27623
ZSWIM8-AS1	NA	272	1460	7.54713
ZUFSP	NA	474	2211	8.68471
ZW10	NA	1059	2948	14.5524
ZWILCH	NA	925	3287	11.4001
ZWINT	NA	2891	1851	63.2714
ZXDA	NA	104	5204	0.809584
ZXDB	NA	352	5642	2.52741
ZXDC	NA	937	5954	6.37524
ZYG11A	NA	271	4271	2.57043
ZYG11B	NA	525	8142	2.61213
ZYX	NA	11147	2308	195.654
ZZEF1	NA	1064	11395	3.78262
ZZZ3	NA	834	6578	5.13615
