A1BG	NA	261	1766	6.89681
A1BG-AS1	NA	214	2130	4.68849
A1CF	NA	33	9529	0.161609
A2M	NA	132	4653	1.32385
A2M-AS1	NA	5	2187	0.106689
A2ML1	NA	0	5363	0
A2MP1	NA	0	1201	0
A3GALT2	NA	0	1023	0
A4GALT	NA	267	2092	5.95591
A4GNT	NA	2	1771	0.0526999
AA06	NA	0	632	0
AAAS	NA	1614	1837	41.0009
AACS	NA	1011	3321	14.2063
AACSP1	NA	0	2173	0
AADAC	NA	0	1606	0
AADACL2	NA	0	1500	0
AADACL2-AS1	NA	0	772	0
AADACL3	NA	0	4049	0
AADACL4	NA	1	1575	0.0296291
AADACP1	NA	4	1289	0.144812
AADAT	NA	127	2579	2.29801
AAED1	NA	256	1225	9.7522
AAGAB	NA	3520	3406	48.2277
AAK1	NA	1566	21265	3.43657
AAMDC	NA	520	504	48.1473
AAMP	NA	3812	1835	96.9428
AANAT	NA	8	2149	0.173721
AAR2	NA	1138	2765	19.2064
AARD	NA	0	1786	0
AARS	NA	2326	3344	32.4595
AARS2	NA	1157	4782	11.2907
AARSD1	NA	798	1364	27.3015
AASDH	NA	359	3906	4.28905
AASDHPPT	NA	761	2861	12.4127
AASS	NA	136	5871	1.081
AATBC	NA	4	4598	0.0405966
AATF	NA	1752	2141	38.1871
AATK	NA	165	5358	1.43708
AATK-AS1	NA	1	1577	0.0295915
ABALON	NA	1676	1903	41.0993
ABAT	NA	945	5930	7.43662
ABCA1	NA	515	10502	2.28841
ABCA10	NA	16	6331	0.117936
ABCA11P	NA	255	1895	6.27957
ABCA12	NA	30	9370	0.14941
ABCA13	NA	2	17184	0.00543131
ABCA17P	NA	6	4188	0.0668564
ABCA2	NA	1043	8360	5.82206
ABCA3	NA	2120	6623	14.9376
ABCA4	NA	163	7325	1.03843
ABCA5	NA	424	9380	2.10941
ABCA6	NA	3	5296	0.0264346
ABCA7	NA	466	6818	3.18954
ABCA8	NA	0	6004	0
ABCA9	NA	11	6301	0.081467
ABCA9-AS1	NA	0	523	0
ABCB1	NA	0	4716	0
ABCB10	NA	300	3857	3.6297
ABCB11	NA	0	4775	0
ABCB4	NA	1	3988	0.0117016
ABCB5	NA	1	7728	0.00603854
ABCB6	NA	247	3018	3.81924
ABCB7	NA	952	2528	17.5735
ABCB8	NA	783	4735	7.71686
ABCB9	NA	230	3909	2.74575
ABCC1	NA	2222	6563	15.7994
ABCC10	NA	472	5464	4.03116
ABCC11	NA	3	4908	0.0285243
ABCC12	NA	0	5168	0
ABCC13	NA	1	2924	0.0159596
ABCC2	NA	9	5446	0.0771194
ABCC3	NA	4	5271	0.0354132
ABCC4	NA	2913	6265	21.6979
ABCC5	NA	941	7060	6.2199
ABCC5-AS1	NA	0	469	0
ABCC6	NA	412	5579	3.44619
ABCC6P1	NA	182	2724	3.11791
ABCC6P2	NA	168	706	11.1046
ABCC8	NA	50	4924	0.473861
ABCC9	NA	0	8462	0
ABCD1	NA	226	3664	2.8784
ABCD2	NA	0	5341	0
ABCD3	NA	498	3797	6.12051
ABCD4	NA	916	3157	13.54
ABCE1	NA	1653	4194	18.3926
ABCF1	NA	2308	23274	4.62768
ABCF2	NA	2768	4967	26.0058
ABCF3	NA	769	2572	13.9526
ABCG1	NA	820	3605	10.6147
ABCG2	NA	7145	4760	70.0477
ABCG4	NA	53	3935	0.628536
ABCG5	NA	1	2740	0.0170313
ABCG8	NA	0	2665	0
ABHD1	NA	92	1446	2.96905
ABHD10	NA	378	2806	6.28641
ABHD11	NA	924	1652	26.1012
ABHD11-AS1	NA	8	473	0.789274
ABHD12	NA	2783	2411	53.866
ABHD12B	NA	0	1708	0
ABHD13	NA	264	5302	2.32361
ABHD14A	NA	179	1108	7.53897
ABHD14A-ACY1	NA	275	1879	6.82975
ABHD14B	NA	244	2437	4.67232
ABHD15	NA	252	3355	3.50515
ABHD16A	NA	2213	17304	5.96807
ABHD16B	NA	199	1776	5.22888
ABHD17A	NA	1247	1716	33.9116
ABHD17B	NA	471	3260	6.74221
ABHD17C	NA	44	2360	0.87004
ABHD2	NA	5587	9133	28.5472
ABHD3	NA	814	2504	15.1701
ABHD4	NA	1768	2509	32.8837
ABHD5	NA	301	5353	2.62402
ABHD6	NA	349	2393	6.80584
ABHD8	NA	1005	2090	22.4398
ABI1	NA	1081	3776	13.3596
ABI2	NA	1596	6927	10.7519
ABI3	NA	14	2109	0.309778
ABI3BP	NA	3	4473	0.0312983
ABL1	NA	2639	6152	20.018
ABL2	NA	955	12649	3.52327
ABLIM1	NA	157	8303	0.882396
ABLIM2	NA	65	5080	0.597102
ABLIM3	NA	29	4778	0.283237
ABO	NA	0	1579	0
ABR	NA	3830	6656	26.8525
ABRA	NA	0	2754	0
ABRACL	NA	967	845	53.4033
ABT1	NA	1408	2263	29.0347
ABTB1	NA	163	2022	3.76188
ABTB2	NA	351	4903	3.34075
ACAA1	NA	1057	1987	24.8242
ACAA2	NA	3102	1934	74.8487
ACACA	NA	3682	11380	15.0987
ACACB	NA	161	9249	0.812325
ACAD10	NA	455	4107	5.16994
ACAD11	NA	1385	3556	18.1755
ACAD8	NA	596	2201	12.6364
ACAD9	NA	965	2751	16.3695
ACADL	NA	0	2490	0
ACADM	NA	798	2733	13.6258
ACADS	NA	222	2087	4.96397
ACADSB	NA	412	5941	3.23621
ACADVL	NA	3952	2519	73.2129
ACAN	NA	259	8840	1.36724
ACAP1	NA	14	2508	0.260495
ACAP2	NA	625	7170	4.0678
ACAP3	NA	1180	3759	14.649
ACAT1	NA	1672	2134	36.5629
ACAT2	NA	1903	1909	46.5191
ACBD3	NA	576	3565	7.53983
ACBD4	NA	97	2756	1.64245
ACBD5	NA	491	4255	5.38494
ACBD6	NA	1434	1616	41.4101
ACBD7	NA	942	3370	13.0443
ACCS	NA	0	2256	0
ACCSL	NA	0	1820	0
ACD	NA	549	2066	12.4005
ACE	NA	116	5219	1.03722
ACE2	NA	94	3507	1.25081
ACER1	NA	0	1088	0
ACER2	NA	59	2852	0.965386
ACER3	NA	515	7502	3.20353
ACHE	NA	686	3086	10.3735
ACIN1	NA	6858	5143	62.2271
ACKR1	NA	0	2210	0
ACKR2	NA	9	2960	0.141889
ACKR3	NA	0	2100	0
ACKR4	NA	4	2592	0.0720151
ACLY	NA	5052	4369	53.961
ACMSD	NA	8	1357	0.275112
ACO1	NA	1478	3620	19.0531
ACO2	NA	2242	2741	38.1703
ACOT1	NA	339	1603	9.86881
ACOT11	NA	113	3391	1.55507
ACOT12	NA	0	1989	0
ACOT13	NA	740	4393	7.86084
ACOT2	NA	725	2289	14.7806
ACOT4	NA	0	1632	0
ACOT6	NA	1	1004	0.0464799
ACOT7	NA	2707	2389	52.8775
ACOT8	NA	510	1171	20.3241
ACOT9	NA	1417	1727	38.2892
ACOX1	NA	717	7919	4.2252
ACOX2	NA	255	2309	5.15365
ACOX3	NA	445	2874	7.22557
ACOXL	NA	10	2373	0.196653
ACP1	NA	2600	1882	64.4692
ACP2	NA	1538	2316	30.9896
ACP5	NA	60	1810	1.54693
ACP6	NA	552	1808	14.2475
ACPP	NA	8	3818	0.0977806
ACPT	NA	0	1347	0
ACR	NA	37	1370	1.26032
ACRBP	NA	3	1886	0.0742298
ACRC	NA	50	3178	0.734201
ACRV1	NA	3	1175	0.119147
ACSBG1	NA	8	2980	0.125277
ACSBG2	NA	12	2789	0.200785
ACSF2	NA	838	2424	16.1328
ACSF3	NA	610	4296	6.6262
ACSL1	NA	520	4743	5.11622
ACSL3	NA	1796	4361	19.2185
ACSL4	NA	105	5335	0.918446
ACSL5	NA	249	3744	3.10357
ACSL6	NA	1	6915	0.00674849
ACSM1	NA	14	2051	0.318538
ACSM2A	NA	2	3336	0.0279771
ACSM2B	NA	1	2441	0.0191175
ACSM3	NA	48	2291	0.977721
ACSM4	NA	0	1743	0
ACSM5	NA	2	2419	0.0385827
ACSM6	NA	1	1713	0.0272421
ACSS1	NA	0	4020	0
ACSS2	NA	757	3193	11.0636
ACSS3	NA	0	3033	0
ACTA1	NA	6	1492	0.187664
ACTA2	NA	2435	1851	61.3891
ACTA2-AS1	NA	1032	2043	23.5727
ACTB	NA	151223	1812	3894.56
ACTBL2	NA	0	2794	0
ACTC1	NA	87	3693	1.09936
ACTG1	NA	128726	2105	2853.73
ACTG1P17	NA	23	1652	0.649705
ACTG1P20	NA	384	2652	6.75704
ACTG1P4	NA	22	1983	0.517724
ACTG2	NA	7	1331	0.245425
ACTL10	NA	8	2028	0.184086
ACTL6A	NA	797	1946	19.1124
ACTL6B	NA	0	1531	0
ACTL7A	NA	0	1528	0
ACTL7B	NA	0	1407	0
ACTL8	NA	6	1861	0.150454
ACTL9	NA	0	1434	0
ACTN1	NA	15399	3791	189.556
ACTN1-AS1	NA	0	599	0
ACTN2	NA	127	5110	1.1598
ACTN3	NA	785	3331	10.9975
ACTN4	NA	14028	3954	165.561
ACTR10	NA	926	2441	17.7028
ACTR1A	NA	4435	2873	72.0372
ACTR1B	NA	1641	2258	33.9143
ACTR2	NA	4316	3937	51.1581
ACTR3	NA	4466	5881	35.4378
ACTR3B	NA	533	2217	11.2192
ACTR3BP2	NA	0	1338	0
ACTR3BP5	NA	7	1645	0.198578
ACTR3C	NA	360	1420	11.8308
ACTR5	NA	284	2479	5.34614
ACTR6	NA	241	2619	4.29418
ACTR8	NA	929	3628	11.9494
ACTRT1	NA	0	1442	0
ACTRT2	NA	0	1422	0
ACTRT3	NA	80	2003	1.86384
ACVR1	NA	441	3112	6.61299
ACVR1B	NA	563	4807	5.46554
ACVR1C	NA	0	9077	0
ACVR2A	NA	107	5443	0.917369
ACVR2B	NA	434	11373	1.78079
ACVR2B-AS1	NA	35	2517	0.648909
ACVRL1	NA	18	4404	0.190732
ACY1	NA	229	1678	6.36857
ACY3	NA	0	1300	0
ACYP1	NA	213	976	10.1842
ACYP2	NA	131	1222	5.00263
ADA	NA	375	1532	11.4228
ADAD1	NA	0	2255	0
ADAD2	NA	2	2304	0.0405085
ADAL	NA	0	4942	0
ADAM10	NA	1508	5034	13.9793
ADAM11	NA	454	4402	4.81287
ADAM12	NA	8	8937	0.0417731
ADAM15	NA	1547	3424	21.0841
ADAM17	NA	555	3553	7.28948
ADAM18	NA	0	3268	0
ADAM19	NA	732	6529	5.23194
ADAM1A	NA	93	2840	1.52814
ADAM2	NA	0	2671	0
ADAM20	NA	1	2792	0.0167141
ADAM20P1	NA	7	3036	0.107596
ADAM21	NA	18	2664	0.315309
ADAM21P1	NA	5	2049	0.113875
ADAM22	NA	255	9510	1.25129
ADAM23	NA	421	6225	3.15603
ADAM28	NA	1	7648	0.0061017
ADAM29	NA	0	3440	0
ADAM30	NA	0	2992	0
ADAM32	NA	15	2727	0.256688
ADAM33	NA	3	3559	0.0393362
ADAM3A	NA	0	2768	0
ADAM5	NA	0	1705	0
ADAM6	NA	0	1843	0
ADAM7	NA	0	3396	0
ADAM8	NA	132	3301	1.86607
ADAM9	NA	1292	4098	14.7126
ADAMDEC1	NA	0	2438	0
ADAMTS1	NA	2604	4651	26.1272
ADAMTS10	NA	216	4364	2.30976
ADAMTS12	NA	6	4954	0.0565189
ADAMTS13	NA	265	5257	2.35238
ADAMTS14	NA	88	5267	0.779683
ADAMTS15	NA	2	5676	0.0164432
ADAMTS16	NA	0	4974	0
ADAMTS17	NA	9	6331	0.066339
ADAMTS18	NA	1	5913	0.00789207
ADAMTS19	NA	1	5089	0.00916993
ADAMTS19-AS1	NA	0	786	0
ADAMTS2	NA	5	7070	0.0330027
ADAMTS20	NA	0	5733	0
ADAMTS3	NA	79	5822	0.633218
ADAMTS4	NA	1	4332	0.0107723
ADAMTS5	NA	10	9663	0.0482933
ADAMTS6	NA	129	7268	0.828273
ADAMTS7	NA	580	5490	4.93008
ADAMTS7P1	NA	74	9966	0.346505
ADAMTS8	NA	5	3663	0.0636989
ADAMTS9	NA	2	7312	0.0127642
ADAMTS9-AS1	NA	0	3930	0
ADAMTS9-AS2	NA	0	2228	0
ADAMTSL1	NA	0	7996	0
ADAMTSL2	NA	0	4133	0
ADAMTSL3	NA	22	7352	0.139642
ADAMTSL4	NA	3575	4422	37.7273
ADAMTSL4-AS1	NA	35	1036	1.57655
ADAMTSL5	NA	648	2857	10.5843
ADAP1	NA	177	2789	2.96158
ADAP2	NA	73	2749	1.23922
ADAR	NA	5177	7092	34.065
ADARB1	NA	2456	7145	16.0408
ADARB2	NA	0	8426	0
ADARB2-AS1	NA	0	644	0
ADAT1	NA	100	3603	1.29519
ADAT2	NA	349	7493	2.17354
ADAT3	NA	273	1626	7.83503
ADCK1	NA	360	2234	7.52
ADCK2	NA	525	2364	10.3636
ADCK3	NA	527	2924	8.4107
ADCK4	NA	472	2497	8.82109
ADCK5	NA	191	1988	4.48348
ADCY1	NA	16	12931	0.0577413
ADCY10	NA	5	5469	0.0426639
ADCY10P1	NA	34	4569	0.347261
ADCY2	NA	0	6553	0
ADCY3	NA	1221	4396	12.9615
ADCY4	NA	13	3720	0.163079
ADCY5	NA	26	6257	0.193913
ADCY6	NA	1298	6102	9.92662
ADCY7	NA	235	6264	1.75071
ADCY8	NA	4	4101	0.0455165
ADCY9	NA	367	7727	2.21643
ADCYAP1	NA	3	3377	0.0414561
ADCYAP1R1	NA	0	6575	0
ADD1	NA	4636	5017	43.1219
ADD2	NA	66	5943	0.518247
ADD3	NA	1271	4628	12.816
ADD3-AS1	NA	22	1280	0.802068
ADGB	NA	0	5289	0
ADGRA1	NA	4	4277	0.0436435
ADGRA1-AS1	NA	0	470	0
ADGRA2	NA	1781	6034	13.7739
ADGRA3	NA	824	4567	8.41967
ADGRB1	NA	83	5528	0.700662
ADGRB2	NA	1705	5440	14.626
ADGRB3	NA	0	5637	0
ADGRD1	NA	156	5384	1.35213
ADGRE1	NA	3	3244	0.0431558
ADGRE2	NA	96	6467	0.692735
ADGRE3	NA	1	2423	0.0192595
ADGRE4P	NA	18	2732	0.307461
ADGRE5	NA	1306	3492	17.4529
ADGRF1	NA	0	6080	0
ADGRF2	NA	2	5126	0.0182075
ADGRF3	NA	33	5399	0.285233
ADGRF4	NA	4	3162	0.0590333
ADGRF5	NA	0	6022	0
ADGRG1	NA	255	5018	2.37142
ADGRG2	NA	8	4853	0.0769269
ADGRG3	NA	0	2670	0
ADGRG4	NA	1	9931	0.004699
ADGRG5	NA	2	4028	0.0231707
ADGRG6	NA	861	6961	5.77205
ADGRG7	NA	3	3281	0.0426691
ADGRL1	NA	3622	7857	21.5125
ADGRL2	NA	3	6208	0.0225511
ADGRL3	NA	2	6125	0.0152378
ADGRL3-AS1	NA	0	467	0
ADGRL4	NA	0	3619	0
ADGRV1	NA	1	19333	0.00241379
ADH1A	NA	0	1500	0
ADH1B	NA	0	2814	0
ADH1C	NA	0	1758	0
ADH4	NA	0	2152	0
ADH5	NA	4519	2651	79.5484
ADH6	NA	6	3006	0.0931453
ADH7	NA	0	2397	0
ADHFE1	NA	117	1895	2.88121
ADI1	NA	1992	4616	20.1383
ADIG	NA	1	772	0.0604479
ADIPOQ	NA	0	4629	0
ADIPOQ-AS1	NA	0	3442	0
ADIPOR1	NA	1727	2423	33.2612
ADIPOR2	NA	2289	3965	26.9402
ADIRF	NA	25	672	1.73608
ADK	NA	916	2439	17.526
ADM	NA	1895	1590	55.6174
ADM2	NA	0	4273	0
ADM5	NA	76	2112	1.67926
ADNP	NA	2446	6517	17.5149
ADNP-AS1	NA	15	1031	0.67894
ADNP2	NA	1140	5387	9.87544
ADO	NA	649	3724	8.13268
ADORA1	NA	292	2919	4.66818
ADORA2A	NA	35	2957	0.552351
ADORA2A-AS1	NA	11	3761	0.136486
ADORA2B	NA	419	1885	10.3729
ADORA3	NA	0	2309	0
ADPGK	NA	1377	2775	23.1563
ADPGK-AS1	NA	16	2730	0.273499
ADPRH	NA	0	3682	0
ADPRHL1	NA	35	2178	0.74991
ADPRHL2	NA	900	1691	24.8369
ADPRM	NA	137	1518	4.2116
ADRA1A	NA	0	3560	0
ADRA1B	NA	702	2254	14.5339
ADRA1D	NA	6	2666	0.105024
ADRA2A	NA	6	3873	0.072294
ADRA2B	NA	8	3362	0.111043
ADRA2C	NA	273	1958	6.50652
ADRB1	NA	24	2862	0.391327
ADRB2	NA	0	2042	0
ADRB3	NA	0	2646	0
ADRBK1	NA	709	3444	9.60687
ADRBK2	NA	499	9055	2.57164
ADRM1	NA	3681	1480	116.065
ADSL	NA	1546	1563	46.1582
ADSS	NA	1132	2782	18.9884
ADSSL1	NA	101	2078	2.26816
ADTRP	NA	731	1858	18.3599
AEBP1	NA	16	4086	0.182734
AEBP2	NA	531	5807	4.26718
AEN	NA	3769	3116	56.4452
AES	NA	6690	1943	160.676
AFAP1	NA	467	7770	2.80475
AFAP1-AS1	NA	42	6794	0.288484
AFAP1L1	NA	10	4212	0.110792
AFAP1L2	NA	2	4157	0.0224517
AFF1	NA	392	9709	1.88413
AFF2	NA	1	13887	0.00336039
AFF3	NA	23	8212	0.130701
AFF4	NA	2148	9580	10.4633
AFG3L1P	NA	502	3903	6.00211
AFG3L2	NA	4185	3209	60.8589
AFM	NA	0	1997	0
AFMID	NA	268	2160	5.79002
AFP	NA	0	2039	0
AFTPH	NA	304	4123	3.4408
AGA	NA	213	2102	4.72874
AGAP1	NA	858	11367	3.52241
AGAP1-IT1	NA	12	664	0.843358
AGAP11	NA	148	3155	2.18908
AGAP2	NA	291	6088	2.23058
AGAP2-AS1	NA	65	1531	1.98124
AGAP3	NA	1749	5606	14.5591
AGAP4	NA	735	2898	11.8355
AGAP5	NA	492	2426	9.46396
AGAP6	NA	757	2772	12.7439
AGAP7P	NA	644	2407	12.4856
AGAP9	NA	469	2387	9.16894
AGBL1	NA	1	3493	0.0133598
AGBL1-AS1	NA	0	904	0
AGBL2	NA	7	3593	0.0909158
AGBL3	NA	15	3533	0.198128
AGBL4	NA	0	2988	0
AGBL4-IT1	NA	0	514	0
AGBL5	NA	3074	3415	42.0061
AGBL5-AS1	NA	2	407	0.229316
AGER	NA	306	12824	1.11352
AGFG1	NA	1328	8738	7.09226
AGFG2	NA	698	4811	6.77047
AGGF1	NA	350	4508	3.62312
AGK	NA	593	2925	9.46079
AGL	NA	337	8217	1.91388
AGMAT	NA	26	3154	0.38469
AGMO	NA	0	2475	0
AGO1	NA	696	7478	4.34333
AGO2	NA	191	3500	2.54662
AGO3	NA	178	3645	2.27888
AGO4	NA	543	7060	3.58917
AGPAT1	NA	2662	16442	7.55531
AGPAT2	NA	1212	1548	36.5368
AGPAT3	NA	1230	6609	8.68496
AGPAT4	NA	757	7879	4.48357
AGPAT4-IT1	NA	2	1851	0.0504223
AGPAT5	NA	1365	5519	11.5417
AGPAT6	NA	1932	6310	14.2882
AGPAT9	NA	331	2922	5.28624
AGPS	NA	3008	7665	18.3132
AGR2	NA	2	983	0.0949457
AGR3	NA	0	750	0
AGRN	NA	11783	7394	74.3661
AGRP	NA	0	764	0
AGT	NA	2	2581	0.036161
AGTPBP1	NA	1823	4539	18.7424
AGTR1	NA	0	2571	0
AGTR2	NA	0	2899	0
AGTRAP	NA	1008	1280	36.7493
AGXT	NA	0	1598	0
AGXT2	NA	1	2406	0.0193956
AHCTF1	NA	2001	8631	10.8189
AHCTF1P1	NA	849	8836	4.48385
AHCY	NA	6916	2538	127.163
AHCYL1	NA	2866	4968	26.9211
AHCYL2	NA	823	5778	6.64693
AHDC1	NA	1574	6358	11.5527
AHI1	NA	286	5898	2.26287
AHNAK	NA	43362	19265	105.036
AHNAK2	NA	4752	18317	12.1066
AHR	NA	1	6247	0.00747011
AHRR	NA	54	5660	0.445221
AHSA1	NA	2248	1400	74.9319
AHSA2	NA	749	3031	11.5317
AHSG	NA	0	1573	0
AHSP	NA	0	506	0
AICDA	NA	0	2794	0
AIDA	NA	2330	3006	36.1714
AIF1	NA	156	9312	0.781772
AIF1L	NA	940	3537	12.402
AIFM1	NA	2284	3253	32.765
AIFM2	NA	80	3250	1.1487
AIFM3	NA	133	2528	2.45512
AIG1	NA	1322	4731	13.04
AIM1	NA	6	7542	0.0371247
AIM1L	NA	139	5245	1.23671
AIM2	NA	0	1484	0
AIMP1	NA	891	3260	12.7544
AIMP2	NA	1611	1219	61.6724
AIP	NA	588	1433	19.1483
AIPL1	NA	0	3594	0
AIRE	NA	5	2299	0.101492
AIRN	NA	1	4374	0.0106689
AJAP1	NA	2	3317	0.0281374
AJUBA	NA	413	5198	3.70777
AK1	NA	1130	2266	23.2711
AK2	NA	3948	5771	31.9245
AK3	NA	2182	4621	22.0352
AK4	NA	2335	7226	15.0795
AK5	NA	4	4335	0.0430596
AK6	NA	1194	1303	42.7621
AK7	NA	10	3300	0.141412
AK8	NA	35	2106	0.775547
AK9	NA	53	7552	0.327501
AKAP1	NA	328	4664	3.28181
AKAP10	NA	468	3941	5.54164
AKAP11	NA	360	9920	1.69352
AKAP12	NA	8162	8789	43.3367
AKAP13	NA	1688	13606	5.78949
AKAP14	NA	3	912	0.153506
AKAP17A	NA	1437	6556	10.2286
AKAP2	NA	41	7098	0.269554
AKAP3	NA	27	3340	0.377238
AKAP4	NA	0	3005	0
AKAP5	NA	175	6487	1.2589
AKAP6	NA	25	10387	0.112318
AKAP7	NA	62	3461	0.835966
AKAP8	NA	1297	3543	17.0831
AKAP8L	NA	3244	2350	64.4187
AKAP9	NA	774	12463	2.89812
AKIP1	NA	585	1528	17.8662
AKIRIN1	NA	3091	2726	52.9142
AKIRIN2	NA	1501	1932	36.2554
AKNA	NA	270	7383	1.70659
AKNAD1	NA	0	3248	0
AKR1A1	NA	1086	1580	32.0754
AKR1B1	NA	2969	1398	99.1064
AKR1B10	NA	1	1596	0.0292392
AKR1B15	NA	0	1625	0
AKR1C1	NA	8	1379	0.270723
AKR1C2	NA	7	4155	0.0786187
AKR1C3	NA	9	1980	0.212117
AKR1C4	NA	0	1192	0
AKR1C6P	NA	0	1397	0
AKR1C8P	NA	3	2127	0.0658192
AKR1D1	NA	20	2710	0.344397
AKR1E2	NA	49	1709	1.33799
AKR7A2	NA	1385	2619	24.6782
AKR7A2P1	NA	16	1324	0.563937
AKR7A3	NA	131	1241	4.92604
AKR7L	NA	207	2314	4.17451
AKT1	NA	3992	3248	57.3553
AKT1S1	NA	3260	3010	50.5417
AKT2	NA	2781	5300	24.4863
AKT3	NA	1132	7341	7.19598
AKTIP	NA	424	2511	7.87985
ALAD	NA	502	3183	7.3598
ALAS1	NA	1109	2452	21.1062
ALAS2	NA	2	2134	0.0437355
ALB	NA	1	2247	0.020768
ALCAM	NA	96	6373	0.702953
ALDH16A1	NA	692	3106	10.3969
ALDH18A1	NA	3202	3463	43.1487
ALDH1A1	NA	0	2369	0
ALDH1A2	NA	1	3799	0.0122837
ALDH1A3	NA	0	3607	0
ALDH1B1	NA	3501	3070	53.2173
ALDH1L1	NA	4	3514	0.0531199
ALDH1L1-AS1	NA	0	437	0
ALDH1L1-AS2	NA	0	2323	0
ALDH1L2	NA	12	7539	0.074279
ALDH2	NA	1662	2060	37.6498
ALDH3A1	NA	0	2256	0
ALDH3A2	NA	1106	3827	13.4864
ALDH3B1	NA	22	2982	0.344282
ALDH3B2	NA	1	2689	0.0173543
ALDH4A1	NA	2114	3581	27.5486
ALDH5A1	NA	551	5170	4.97347
ALDH6A1	NA	485	4847	4.66947
ALDH7A1	NA	3139	4936	29.6766
ALDH8A1	NA	6	2558	0.109458
ALDH9A1	NA	2068	2500	38.6019
ALDOA	NA	11774	3223	170.476
ALDOB	NA	1	2426	0.0192357
ALDOC	NA	536	1651	15.1501
ALG1	NA	897	3934	10.6404
ALG10	NA	43	3127	0.641711
ALG10B	NA	87	10074	0.40301
ALG11	NA	313	2565	5.6945
ALG12	NA	637	2373	12.5268
ALG13	NA	243	7005	1.61881
ALG14	NA	238	1094	10.1522
ALG1L	NA	54	921	2.73611
ALG1L2	NA	71	969	3.41927
ALG1L9P	NA	22	3870	0.265284
ALG2	NA	1097	2989	17.1269
ALG3	NA	997	1833	25.3823
ALG5	NA	768	1213	29.546
ALG6	NA	135	3371	1.86885
ALG8	NA	1328	1743	35.5549
ALG9	NA	698	6665	4.88713
ALK	NA	1	6265	0.00744865
ALKBH1	NA	616	2585	11.1204
ALKBH2	NA	561	1197	21.8709
ALKBH3	NA	289	1569	8.59555
ALKBH3-AS1	NA	3	1927	0.0726504
ALKBH4	NA	503	2121	11.0669
ALKBH5	NA	2770	3433	37.6534
ALKBH6	NA	550	1060	24.2134
ALKBH7	NA	639	1331	22.4038
ALKBH8	NA	323	4067	3.70618
ALLC	NA	2	1444	0.0646341
ALMS1	NA	713	12922	2.57489
ALMS1-IT1	NA	28	1761	0.741989
ALMS1P	NA	4	1592	0.117251
ALOX12	NA	33	2358	0.653084
ALOX12-AS1	NA	15	651	1.07525
ALOX12B	NA	40	2502	0.746056
ALOX12P2	NA	6	2995	0.0934874
ALOX15	NA	3	2684	0.05216
ALOX15B	NA	0	2715	0
ALOX15P1	NA	0	672	0
ALOX5	NA	15	2561	0.273326
ALOX5AP	NA	10	1270	0.367447
ALOXE3	NA	87	3454	1.17543
ALPI	NA	0	3274	0
ALPK1	NA	7	5412	0.0603586
ALPK2	NA	58	7300	0.370769
ALPK3	NA	192	10917	0.820723
ALPL	NA	78	2596	1.40213
ALPP	NA	196	2971	3.07859
ALPPL2	NA	615	2494	11.5074
ALS2	NA	2439	8341	13.6456
ALS2CL	NA	89	5612	0.740067
ALS2CR11	NA	5	7407	0.0315011
ALS2CR12	NA	29	2345	0.577104
ALX1	NA	0	1293	0
ALX3	NA	48	1478	1.51553
ALX4	NA	882	5466	7.53005
ALYREF	NA	3026	1097	128.724
AMACR	NA	503	3352	7.00265
AMBN	NA	0	2002	0
AMBP	NA	0	1433	0
AMBRA1	NA	1580	5816	12.6774
AMD1	NA	2658	3618	34.2835
AMDHD1	NA	85	2136	1.85702
AMDHD2	NA	636	2283	13.0002
AMELX	NA	0	835	0
AMELY	NA	0	802	0
AMER1	NA	236	8443	1.30441
AMER2	NA	0	10605	0
AMER3	NA	0	6474	0
AMFR	NA	1445	3600	18.7311
AMH	NA	284	2018	6.56744
AMHR2	NA	71	1863	1.77846
AMICA1	NA	1	2442	0.0191097
AMIGO1	NA	3	2471	0.0566562
AMIGO2	NA	1558	3951	18.4018
AMIGO3	NA	150	2972	2.35527
AMMECR1	NA	360	5907	2.84403
AMMECR1L	NA	858	4776	8.38343
AMN	NA	6	1557	0.17983
AMN1	NA	156	2406	3.02571
AMOT	NA	23	7386	0.145317
AMOTL1	NA	1063	8999	5.51236
AMOTL2	NA	6099	5238	54.3365
AMPD1	NA	1	2406	0.0193956
AMPD2	NA	2030	4772	19.8515
AMPD3	NA	31	5659	0.255635
AMPH	NA	4	3426	0.0544843
AMT	NA	99	2202	2.09805
AMTN	NA	0	1006	0
AMY1A	NA	28	4046	0.322947
AMY1B	NA	28	3676	0.355452
AMY1C	NA	28	3720	0.351248
AMY2A	NA	12	1679	0.333526
AMY2B	NA	75	2242	1.56108
AMZ1	NA	0	4518	0
AMZ2	NA	1131	1980	26.6561
AMZ2P1	NA	307	3442	4.16223
ANAPC1	NA	2426	7736	14.6343
ANAPC10	NA	373	1953	8.91262
ANAPC11	NA	720	1613	20.8304
ANAPC13	NA	2037	1842	51.606
ANAPC15	NA	1324	1268	48.7267
ANAPC16	NA	2138	3569	27.955
ANAPC1P1	NA	17	1771	0.44795
ANAPC2	NA	1027	2700	17.7503
ANAPC4	NA	458	2675	7.98988
ANAPC5	NA	2839	2732	48.4935
ANAPC7	NA	1944	3644	24.8953
ANG	NA	81	1324	2.85493
ANGEL1	NA	824	4111	9.35359
ANGEL2	NA	484	5314	4.25033
ANGPT1	NA	87	4338	0.935898
ANGPT2	NA	1658	5267	14.6899
ANGPT4	NA	2	1921	0.0485849
ANGPTL1	NA	6	3546	0.0789607
ANGPTL2	NA	448	3572	5.85282
ANGPTL3	NA	3	2951	0.0474407
ANGPTL4	NA	65	1905	1.59227
ANGPTL5	NA	1	2368	0.0197068
ANGPTL6	NA	164	1857	4.12127
ANGPTL7	NA	13	2290	0.264915
ANHX	NA	0	1765	0
ANK1	NA	799	9281	4.01745
ANK2	NA	187	14521	0.600958
ANK3	NA	186	18843	0.46064
ANKAR	NA	13	4416	0.137377
ANKDD1A	NA	44	3112	0.659799
ANKDD1B	NA	6	2552	0.109716
ANKEF1	NA	72	3922	0.85669
ANKFN1	NA	0	2426	0
ANKFY1	NA	1556	8212	8.84218
ANKH	NA	19	8207	0.108036
ANKHD1	NA	1707	8460	9.4159
ANKHD1-EIF4EBP3	NA	1858	8349	10.3851
ANKIB1	NA	747	6081	5.7325
ANKK1	NA	1	2543	0.0183507
ANKLE1	NA	51	3218	0.739576
ANKLE2	NA	1784	4482	18.5747
ANKMY1	NA	132	3818	1.61338
ANKMY2	NA	1074	2555	19.6161
ANKRA2	NA	230	2198	4.88314
ANKRD1	NA	361	1974	8.53412
ANKRD10	NA	6810	3095	102.68
ANKRD11	NA	3379	10207	15.4486
ANKRD12	NA	374	11623	1.50159
ANKRD13A	NA	702	3908	8.38265
ANKRD13B	NA	430	3173	6.32408
ANKRD13C	NA	584	5667	4.80904
ANKRD13D	NA	401	2277	8.21826
ANKRD16	NA	208	2638	3.67949
ANKRD17	NA	1984	9516	9.7294
ANKRD18A	NA	350	3738	4.36946
ANKRD18B	NA	122	3753	1.51698
ANKRD18DP	NA	6	2895	0.0967167
ANKRD19P	NA	364	2307	7.36296
ANKRD2	NA	39	1509	1.20607
ANKRD20A1	NA	55	3511	0.731022
ANKRD20A11P	NA	0	1089	0
ANKRD20A12P	NA	955	1744	25.5538
ANKRD20A19P	NA	0	5096	0
ANKRD20A2	NA	54	3511	0.717731
ANKRD20A3	NA	117	7860	0.694644
ANKRD20A4	NA	42	3517	0.557283
ANKRD20A5P	NA	19	3707	0.239183
ANKRD20A8P	NA	19	3670	0.241594
ANKRD20A9P	NA	23	37567	0.0285706
ANKRD22	NA	0	3983	0
ANKRD23	NA	37	2582	0.66872
ANKRD24	NA	302	4026	3.50051
ANKRD26	NA	358	6779	2.46443
ANKRD26P1	NA	10	6123	0.0762139
ANKRD26P3	NA	0	3726	0
ANKRD27	NA	1293	4453	13.5502
ANKRD28	NA	828	6620	5.83675
ANKRD29	NA	93	3361	1.29126
ANKRD30A	NA	0	4405	0
ANKRD30B	NA	0	4617	0
ANKRD30BL	NA	0	2168	0
ANKRD30BP2	NA	0	3418	0
ANKRD30BP3	NA	0	1314	0
ANKRD31	NA	23	6036	0.177819
ANKRD32	NA	218	3813	2.66802
ANKRD33	NA	0	2046	0
ANKRD33B	NA	2341	9333	11.7052
ANKRD34A	NA	126	3612	1.62788
ANKRD34B	NA	1	3935	0.0118592
ANKRD34C	NA	0	5424	0
ANKRD34C-AS1	NA	0	693	0
ANKRD35	NA	9	3363	0.124886
ANKRD36	NA	205	6268	1.52624
ANKRD36B	NA	273	5986	2.12826
ANKRD36BP1	NA	24	1850	0.605394
ANKRD36BP2	NA	3	1730	0.0809234
ANKRD37	NA	50	934	2.49817
ANKRD39	NA	167	898	8.67838
ANKRD40	NA	988	4169	11.0592
ANKRD42	NA	323	6086	2.47668
ANKRD44	NA	0	6449	0
ANKRD44-IT1	NA	0	1069	0
ANKRD45	NA	8	2671	0.13977
ANKRD46	NA	278	4342	2.98781
ANKRD49	NA	210	1905	5.14426
ANKRD50	NA	562	8797	2.98126
ANKRD52	NA	2507	8656	13.5156
ANKRD53	NA	2	2120	0.0440243
ANKRD54	NA	614	2099	13.6507
ANKRD55	NA	0	2500	0
ANKRD6	NA	1188	5936	9.33945
ANKRD60	NA	0	3407	0
ANKRD61	NA	8	1423	0.262352
ANKRD62	NA	1	4733	0.00985967
ANKRD62P1-PARP4P3	NA	1	1538	0.0303419
ANKRD63	NA	156	1143	6.36909
ANKRD65	NA	79	2192	1.68184
ANKRD66	NA	0	1057	0
ANKRD7	NA	3	1357	0.103167
ANKRD9	NA	291	1626	8.35163
ANKS1A	NA	823	6351	6.04723
ANKS1B	NA	220	7752	1.32436
ANKS3	NA	437	2953	6.90584
ANKS4B	NA	0	2906	0
ANKS6	NA	909	7147	5.93525
ANKUB1	NA	11	2473	0.207571
ANKZF1	NA	575	2637	10.1755
ANLN	NA	1064	4791	10.3637
ANO1	NA	6	5069	0.0552367
ANO1-AS2	NA	0	804	0
ANO10	NA	1120	2854	18.3131
ANO2	NA	9	3784	0.110992
ANO3	NA	0	5936	0
ANO4	NA	2	4229	0.0220694
ANO5	NA	82	6661	0.574478
ANO6	NA	1166	7153	7.60692
ANO7	NA	79	4448	0.828822
ANO8	NA	223	4152	2.50638
ANO9	NA	1092	2875	17.7249
ANOS1	NA	70	6314	0.517359
ANP32A	NA	4720	2466	89.3198
ANP32A-IT1	NA	3	3281	0.0426691
ANP32AP1	NA	445	738	28.1386
ANP32B	NA	4785	1616	138.178
ANP32C	NA	254	705	16.8129
ANP32D	NA	6	396	0.707058
ANP32E	NA	1818	3553	23.878
ANPEP	NA	1	3650	0.0127852
ANTXR1	NA	1120	7123	7.3376
ANTXR2	NA	11	8233	0.0623495
ANTXRL	NA	0	2285	0
ANTXRLP1	NA	0	1165	0
ANXA1	NA	1381	1536	41.9567
ANXA10	NA	0	1447	0
ANXA11	NA	4935	3629	63.4598
ANXA13	NA	1	1593	0.0292943
ANXA2	NA	26153	1812	673.538
ANXA2P1	NA	1310	1343	45.5191
ANXA2P2	NA	19054	1310	678.756
ANXA2P3	NA	263	1350	9.09119
ANXA2R	NA	26	1266	0.958381
ANXA3	NA	101	1618	2.91301
ANXA4	NA	903	2142	19.6728
ANXA5	NA	7215	1599	210.565
ANXA6	NA	12143	3115	181.914
ANXA7	NA	2734	2204	57.8876
ANXA8	NA	24	2176	0.514696
ANXA8L1	NA	28	2213	0.590439
ANXA9	NA	134	1824	3.4283
AOAH	NA	73	2557	1.33227
AOAH-IT1	NA	0	573	0
AOC1	NA	4	2493	0.0748749
AOC2	NA	56	2665	0.980595
AOC3	NA	37	4154	0.415656
AOC4P	NA	2	2073	0.0450225
AOX1	NA	6	4933	0.0567595
AOX2P	NA	0	3733	0
AP1AR	NA	125	2908	2.00592
AP1B1	NA	3139	4178	35.0608
AP1B1P1	NA	0	827	0
AP1G1	NA	1962	6848	13.3701
AP1G2	NA	1458	2954	23.0327
AP1M1	NA	1474	2391	28.7685
AP1M2	NA	788	1757	20.9292
AP1S1	NA	2235	1297	80.4148
AP1S2	NA	136	2329	2.72501
AP1S3	NA	747	4041	8.62642
AP2A1	NA	2527	3499	33.7023
AP2A2	NA	2593	4656	25.9889
AP2B1	NA	9846	5763	79.7278
AP2M1	NA	7328	1940	176.272
AP2S1	NA	3821	1254	142.193
AP3B1	NA	2122	4049	24.4566
AP3B2	NA	760	3787	9.3652
AP3D1	NA	7054	5056	65.1069
AP3M1	NA	1530	5253	13.592
AP3M2	NA	517	3670	6.5739
AP3S1	NA	1054	1289	38.1581
AP3S2	NA	1180	6053	9.09725
AP4B1	NA	419	3479	5.62028
AP4B1-AS1	NA	96	2148	2.08562
AP4E1	NA	468	6782	3.22023
AP4M1	NA	189	1868	4.72154
AP4S1	NA	241	6323	1.77866
AP5B1	NA	1549	6595	10.9606
AP5M1	NA	512	3095	7.71983
AP5S1	NA	251	1960	5.97608
AP5Z1	NA	1145	5519	9.68153
APAF1	NA	458	7191	2.97218
APBA1	NA	3	6584	0.0212633
APBA2	NA	632	3637	8.1091
APBA3	NA	542	2158	11.7205
APBB1	NA	1404	3616	18.1191
APBB1IP	NA	0	2637	0
APBB2	NA	1889	9189	9.59318
APBB3	NA	341	2158	7.37397
APC	NA	590	11216	2.45478
APC2	NA	362	10151	1.66417
APCDD1	NA	3	2562	0.0546438
APCDD1L	NA	2	3961	0.0235626
APCDD1L-AS1	NA	3	2096	0.0667927
APCS	NA	0	931	0
APEH	NA	2225	2758	37.6474
APELA	NA	0	2622	0
APEX1	NA	4105	1553	123.35
APEX2	NA	917	2095	20.426
APH1A	NA	3866	2266	79.6161
APH1B	NA	293	4193	3.26093
API5	NA	3613	3830	44.0218
APIP	NA	348	1277	12.7171
APITD1	NA	236	1898	5.80249
APITD1-CORT	NA	163	2151	3.53627
APLF	NA	47	3849	0.569834
APLN	NA	14	3224	0.202643
APLNR	NA	0	3876	0
APLP1	NA	1199	2450	22.8377
APLP2	NA	16987	3992	198.575
APMAP	NA	3222	2221	67.698
APOA1	NA	44	897	2.28907
APOA1-AS	NA	7	563	0.580214
APOA1BP	NA	1083	1121	45.0839
APOA2	NA	21	473	2.07184
APOA4	NA	0	1460	0
APOA5	NA	0	1932	0
APOB	NA	0	14121	0
APOBEC1	NA	0	903	0
APOBEC2	NA	7	1634	0.199915
APOBEC3A	NA	99	1444	3.19939
APOBEC3A_B	NA	204	1103	8.63085
APOBEC3B	NA	466	1538	14.1393
APOBEC3B-AS1	NA	122	702	8.11001
APOBEC3C	NA	610	1109	25.6683
APOBEC3D	NA	81	2503	1.51016
APOBEC3F	NA	395	5031	3.66388
APOBEC3G	NA	143	1834	3.63861
APOBEC3H	NA	127	1146	5.17152
APOBEC4	NA	1	2778	0.0167983
APOBR	NA	106	3792	1.30448
APOC1	NA	994	461	100.62
APOC1P1	NA	26	939	1.29213
APOC2	NA	1	729	0.0640134
APOC3	NA	1	533	0.0875531
APOC4	NA	1	615	0.0758793
APOC4-APOC2	NA	2	1829	0.0510288
APOD	NA	26	1130	1.07373
APOE	NA	20474	1460	654.408
APOF	NA	0	1689	0
APOH	NA	0	1201	0
APOL1	NA	35	3056	0.534458
APOL2	NA	664	2768	11.1944
APOL3	NA	10	4099	0.113847
APOL4	NA	1	3415	0.0136649
APOL5	NA	0	1437	0
APOL6	NA	39	10139	0.179502
APOLD1	NA	131	4825	1.26699
APOM	NA	142	6370	1.04027
APOO	NA	464	1129	19.1789
APOOL	NA	265	6467	1.91224
APOOP5	NA	39	1051	1.73165
APOPT1	NA	548	3110	8.22278
APP	NA	15832	4015	184.013
APPBP2	NA	1226	6499	8.80324
APPL1	NA	1061	6060	8.17037
APPL2	NA	607	3563	7.95008
APRT	NA	2305	807	133.29
APTR	NA	302	1978	7.12491
APTX	NA	1188	2376	23.3329
AQP1	NA	79	3172	1.16223
AQP10	NA	0	1791	0
AQP11	NA	31	2153	0.671918
AQP12A	NA	1	1084	0.0430496
AQP12B	NA	1	1114	0.0418903
AQP2	NA	1	4179	0.0111667
AQP3	NA	158	1871	3.94078
AQP4	NA	2	5217	0.0178899
AQP4-AS1	NA	0	2392	0
AQP5	NA	0	1825	0
AQP6	NA	9	2654	0.158249
AQP7	NA	9	1256	0.334389
AQP7P1	NA	87	3180	1.27671
AQP7P3	NA	42	529	3.70504
AQP8	NA	3	1308	0.107032
AQP9	NA	0	3021	0
AQR	NA	2632	5080	24.178
AR	NA	2	10838	0.00861151
ARAF	NA	930	3129	13.87
ARAP1	NA	1294	5646	10.6953
ARAP2	NA	7	7362	0.0443712
ARAP3	NA	3	5262	0.0266054
ARC	NA	59	2948	0.933949
ARCN1	NA	4066	4015	47.2586
AREG	NA	0	2552	0
AREL1	NA	1684	5445	14.4325
ARF1	NA	8205	2198	174.201
ARF3	NA	5464	3537	72.0899
ARF4	NA	4440	1740	119.078
ARF5	NA	4224	1096	179.851
ARF6	NA	2830	3939	33.5273
ARFGAP1	NA	3174	4298	34.4619
ARFGAP2	NA	2390	3022	36.9064
ARFGAP3	NA	1157	2833	19.0584
ARFGEF1	NA	1078	7225	6.96273
ARFGEF2	NA	594	9004	3.07857
ARFGEF3	NA	5	14882	0.0156786
ARFIP1	NA	406	3230	5.86573
ARFIP2	NA	1885	3846	22.8718
ARFRP1	NA	1138	2674	19.86
ARG1	NA	4	1496	0.124775
ARG2	NA	1429	1980	33.6795
ARGFX	NA	3	5065	0.0276402
ARGFXP2	NA	0	1204	0
ARGLU1	NA	1745	1751	46.5059
ARHGAP1	NA	1727	3446	23.3871
ARHGAP10	NA	495	3056	7.55876
ARHGAP11A	NA	1112	6274	8.27102
ARHGAP11B	NA	87	1017	3.99206
ARHGAP12	NA	368	5105	3.36396
ARHGAP15	NA	0	1759	0
ARHGAP17	NA	1893	3509	25.1748
ARHGAP18	NA	189	3499	2.52067
ARHGAP19	NA	537	5565	4.50306
ARHGAP19-SLIT1	NA	43	1916	1.0473
ARHGAP20	NA	0	6868	0
ARHGAP21	NA	876	7167	5.70381
ARHGAP22	NA	208	4097	2.36917
ARHGAP23	NA	163	5906	1.28793
ARHGAP24	NA	49	5765	0.396639
ARHGAP25	NA	3	3411	0.0410429
ARHGAP26	NA	10	9041	0.0516157
ARHGAP26-AS1	NA	0	977	0
ARHGAP26-IT1	NA	0	388	0
ARHGAP27	NA	601	10054	2.78955
ARHGAP28	NA	1	5531	0.00843714
ARHGAP29	NA	103	9117	0.52721
ARHGAP30	NA	54	4425	0.569481
ARHGAP31	NA	9	8079	0.0519857
ARHGAP31-AS1	NA	0	624	0
ARHGAP32	NA	0	10446	0
ARHGAP33	NA	294	4401	3.11742
ARHGAP35	NA	2804	8888	14.7222
ARHGAP36	NA	0	3089	0
ARHGAP39	NA	615	5270	5.44582
ARHGAP4	NA	448	3372	6.19996
ARHGAP40	NA	404	2838	6.64305
ARHGAP42	NA	3	4752	0.0294607
ARHGAP44	NA	47	4256	0.515341
ARHGAP5	NA	713	9604	3.46446
ARHGAP5-AS1	NA	62	1281	2.25861
ARHGAP6	NA	1	6415	0.00727448
ARHGAP8	NA	461	1725	12.4713
ARHGAP9	NA	20	2975	0.31372
ARHGDIA	NA	8341	2382	163.409
ARHGDIB	NA	41	1216	1.57344
ARHGDIG	NA	86	942	4.26036
ARHGEF1	NA	789	3328	11.0635
ARHGEF10	NA	1008	5690	8.26698
ARHGEF10L	NA	490	4494	5.08817
ARHGEF11	NA	1067	6889	7.22781
ARHGEF12	NA	1560	10022	7.26388
ARHGEF15	NA	19	4246	0.20882
ARHGEF16	NA	356	2904	5.72074
ARHGEF17	NA	1341	7813	8.00958
ARHGEF18	NA	1009	5876	8.01324
ARHGEF19	NA	79	3029	1.2171
ARHGEF2	NA	1320	4291	14.3554
ARHGEF25	NA	88	2946	1.39395
ARHGEF26	NA	393	5414	3.38745
ARHGEF26-AS1	NA	8	2598	0.143698
ARHGEF28	NA	41	6508	0.293992
ARHGEF3	NA	1711	4785	16.6866
ARHGEF3-AS1	NA	0	487	0
ARHGEF33	NA	6	4304	0.0650546
ARHGEF34P	NA	1	4204	0.0111003
ARHGEF35	NA	0	2474	0
ARHGEF37	NA	3	4865	0.0287764
ARHGEF38	NA	12	6091	0.0919372
ARHGEF38-IT1	NA	0	453	0
ARHGEF39	NA	719	3763	8.91648
ARHGEF4	NA	8	4247	0.0879036
ARHGEF40	NA	974	5985	7.5944
ARHGEF5	NA	2	5488	0.0170065
ARHGEF6	NA	10	5518	0.0845701
ARHGEF7	NA	1339	8780	7.1168
ARHGEF7-AS1	NA	0	419	0
ARHGEF7-AS2	NA	7	1239	0.263649
ARHGEF9	NA	358	5881	2.84073
ARHGEF9-IT1	NA	0	394	0
ARID1A	NA	2931	8585	15.9321
ARID1B	NA	1409	9638	6.82217
ARID2	NA	373	8466	2.05603
ARID3A	NA	977	2810	16.2251
ARID3B	NA	5336	4274	58.2613
ARID3C	NA	5	1239	0.18832
ARID4A	NA	399	5772	3.22586
ARID4B	NA	636	6395	4.64104
ARID5A	NA	219	2206	4.63273
ARID5B	NA	276	8214	1.56803
ARIH1	NA	1588	5251	14.1126
ARIH2	NA	2395	4062	27.5147
ARIH2OS	NA	55	1598	1.60614
ARL1	NA	1798	3241	25.8886
ARL10	NA	0	2405	0
ARL11	NA	2	3760	0.0248222
ARL13A	NA	2	1537	0.0607232
ARL13B	NA	359	3992	4.19665
ARL14	NA	43	1288	1.55794
ARL14EP	NA	408	2378	8.00658
ARL14EPL	NA	0	642	0
ARL15	NA	32	2486	0.600686
ARL16	NA	1124	1207	43.4568
ARL17A	NA	2759	31166	4.13113
ARL17B	NA	254	1730	6.85151
ARL2	NA	1546	980	73.6177
ARL2-SNX15	NA	1037	2463	19.6478
ARL2BP	NA	1364	2100	30.3105
ARL3	NA	1680	3874	20.2371
ARL4A	NA	331	3428	4.50594
ARL4C	NA	4118	4012	47.8987
ARL4D	NA	551	1585	16.2226
ARL5A	NA	603	3169	8.87961
ARL5B	NA	151	3589	1.96337
ARL5C	NA	0	941	0
ARL6	NA	20	2229	0.418715
ARL6IP1	NA	5280	2264	108.832
ARL6IP4	NA	2969	1871	74.0517
ARL6IP5	NA	1499	2128	32.8722
ARL6IP6	NA	219	2826	3.61635
ARL8A	NA	885	1795	23.0079
ARL8B	NA	1603	2985	25.0604
ARL9	NA	2	836	0.111641
ARMC1	NA	525	3042	8.05376
ARMC10	NA	705	2634	12.4903
ARMC12	NA	45	1224	1.71565
ARMC2	NA	52	3736	0.649524
ARMC2-AS1	NA	0	717	0
ARMC3	NA	0	4135	0
ARMC4	NA	0	3898	0
ARMC5	NA	516	5044	4.7739
ARMC6	NA	1021	2488	19.1502
ARMC7	NA	588	2822	9.72342
ARMC8	NA	726	6657	5.08928
ARMC9	NA	2012	7106	13.213
ARMCX1	NA	0	2133	0
ARMCX2	NA	1006	2903	16.1715
ARMCX3	NA	1219	3465	16.4172
ARMCX4	NA	177	15204	0.543268
ARMCX5	NA	252	3048	3.8582
ARMCX5-GPRASP2	NA	425	3940	5.03375
ARMCX6	NA	1041	1936	25.0925
ARMS2	NA	1	808	0.0577547
ARMT1	NA	635	2603	11.3841
ARNT	NA	749	4943	7.07115
ARNT2	NA	30	6558	0.213476
ARNTL	NA	47	2920	0.751128
ARNTL2	NA	412	7444	2.58279
ARNTL2-AS1	NA	1	813	0.0573995
ARPC1A	NA	1833	1607	53.2286
ARPC1B	NA	2528	1531	77.055
ARPC2	NA	4129	1571	122.65
ARPC3	NA	6107	953	299.043
ARPC4	NA	2959	2081	66.3547
ARPC4-TTLL3	NA	1920	3987	22.4726
ARPC5	NA	3246	2086	72.6161
ARPC5L	NA	1058	1025	48.1682
ARPIN	NA	511	6735	3.54064
ARPP19	NA	3592	5739	29.2078
ARPP21	NA	0	6873	0
ARR3	NA	5	1309	0.17825
ARRB1	NA	1496	7522	9.28105
ARRB2	NA	526	2025	12.1216
ARRDC1	NA	557	1598	16.2659
ARRDC1-AS1	NA	415	1545	12.5348
ARRDC2	NA	402	2945	6.37
ARRDC3	NA	212	4161	2.37759
ARRDC3-AS1	NA	36	2502	0.67145
ARRDC4	NA	407	4067	4.67002
ARRDC5	NA	0	1638	0
ARSA	NA	1229	4315	13.2914
ARSB	NA	665	6675	4.6491
ARSD	NA	22	5183	0.19808
ARSE	NA	1	2668	0.0174909
ARSF	NA	0	2349	0
ARSG	NA	44	2844	0.721974
ARSH	NA	0	1689	0
ARSI	NA	3702	3167	54.549
ARSJ	NA	2	4678	0.0199512
ARSK	NA	170	3345	2.37165
ART1	NA	1	1312	0.0355684
ART3	NA	2	1728	0.0540113
ART4	NA	1	1371	0.0340378
ART5	NA	538	1688	14.8733
ARTN	NA	18	1944	0.432091
ARV1	NA	233	1445	7.52466
ARVCF	NA	1546	4036	17.8755
ARX	NA	14	2874	0.227321
AS3MT	NA	37	2466	0.700176
ASAH1	NA	997	2962	15.7076
ASAH2	NA	20	2418	0.385987
ASAH2B	NA	13	652	0.930453
ASAP1	NA	2094	6346	15.3984
ASAP1-IT1	NA	0	1179	0
ASAP1-IT2	NA	2	2031	0.0459535
ASAP2	NA	317	5717	2.58756
ASAP3	NA	1124	4152	12.633
ASB1	NA	1031	6833	7.04119
ASB10	NA	0	2315	0
ASB11	NA	0	2978	0
ASB12	NA	4	1293	0.144364
ASB13	NA	506	2808	8.40915
ASB14	NA	44	3207	0.640254
ASB15	NA	0	3033	0
ASB16	NA	97	2139	2.11621
ASB16-AS1	NA	295	2258	6.09673
ASB17	NA	0	1107	0
ASB18	NA	0	1401	0
ASB2	NA	146	3332	2.04478
ASB3	NA	587	2818	9.72066
ASB4	NA	0	4322	0
ASB5	NA	0	3029	0
ASB6	NA	2138	4622	21.5862
ASB7	NA	392	5130	3.56589
ASB8	NA	299	2613	5.33987
ASB9	NA	23	2058	0.521532
ASB9P1	NA	3	1625	0.0861522
ASCC1	NA	902	3513	11.9819
ASCC2	NA	2179	2823	36.0201
ASCC3	NA	2520	11384	10.3301
ASCL1	NA	0	2484	0
ASCL2	NA	0	1849	0
ASCL3	NA	0	650	0
ASCL4	NA	0	2260	0
ASCL5	NA	4	1420	0.131453
ASF1A	NA	650	2508	12.0944
ASF1B	NA	1598	1731	43.0803
ASGR1	NA	140	1503	4.34678
ASGR2	NA	2	1544	0.0604479
ASH1L	NA	590	11774	2.33844
ASH1L-AS1	NA	187	1964	4.44323
ASH2L	NA	770	3301	10.8854
ASIC1	NA	563	4736	5.54748
ASIC2	NA	0	4271	0
ASIC3	NA	99	2314	1.99651
ASIC4	NA	1	2844	0.0164085
ASIC5	NA	0	1692	0
ASIP	NA	8	584	0.639258
ASL	NA	360	2118	7.93186
ASMT	NA	57	2838	0.937262
ASMTL	NA	3358	4556	34.395
ASMTL-AS1	NA	580	6034	4.48561
ASNA1	NA	2276	1280	82.9776
ASNS	NA	1110	2526	20.5063
ASNSD1	NA	941	2471	17.7712
ASPA	NA	0	1483	0
ASPDH	NA	7	1257	0.259873
ASPG	NA	0	1972	0
ASPH	NA	902	12033	3.49809
ASPHD1	NA	1028	1478	32.4577
ASPHD2	NA	302	3313	4.25387
ASPM	NA	1787	10888	7.65905
ASPN	NA	2	2524	0.0369777
ASPRV1	NA	32	2174	0.686893
ASPSCR1	NA	434	2125	9.5308
ASRGL1	NA	379	2419	7.31143
ASS1	NA	3	1848	0.0757562
ASTE1	NA	166	2853	2.71522
ASTL	NA	2	1296	0.0720151
ASTN1	NA	0	7705	0
ASTN2	NA	293	7923	1.72575
ASTN2-AS1	NA	2	1756	0.0531501
ASUN	NA	563	2976	8.82824
ASXL1	NA	2276	7425	14.3046
ASXL2	NA	183	7174	1.19039
ASXL3	NA	1	7642	0.00610649
ASZ1	NA	0	1865	0
ATAD1	NA	1042	3034	16.0269
ATAD2	NA	1564	5564	13.1174
ATAD2B	NA	405	8187	2.30849
ATAD3A	NA	1744	2807	28.9936
ATAD3B	NA	1776	2433	34.0643
ATAD3C	NA	159	3859	1.92274
ATAD5	NA	242	6865	1.64503
ATAT1	NA	328	18892	0.810204
ATCAY	NA	12	5036	0.111197
ATE1	NA	573	5514	4.84938
ATE1-AS1	NA	23	951	1.12862
ATF1	NA	268	2505	4.99259
ATF2	NA	563	4852	5.41485
ATF3	NA	4692	2545	86.0338
ATF4	NA	9244	2027	212.816
ATF5	NA	2507	2604	44.9275
ATF6	NA	1090	7546	6.74075
ATF6B	NA	2099	10464	9.36081
ATF7	NA	563	7351	3.57405
ATF7IP	NA	1200	10120	5.53349
ATF7IP2	NA	64	3708	0.805451
ATG10	NA	266	2426	5.1167
ATG101	NA	1237	1437	40.1709
ATG12	NA	842	4562	8.61302
ATG13	NA	2130	6074	16.3645
ATG14	NA	743	4743	7.31029
ATG16L1	NA	1443	3405	19.7764
ATG16L2	NA	493	2145	10.7255
ATG2A	NA	1462	6373	10.7054
ATG2B	NA	490	11099	2.06021
ATG3	NA	1077	3060	16.4245
ATG4A	NA	538	2314	10.8497
ATG4B	NA	1607	2897	25.8861
ATG4C	NA	151	2724	2.58683
ATG4D	NA	826	2052	18.7846
ATG5	NA	1007	3404	13.8051
ATG7	NA	2150	5051	19.8637
ATG9A	NA	1607	3822	19.6211
ATG9B	NA	563	4987	5.26827
ATHL1	NA	1355	3268	19.3489
ATIC	NA	2902	2084	64.9828
ATL1	NA	22	2931	0.350272
ATL2	NA	1194	4711	11.8274
ATL3	NA	808	7502	5.02612
ATM	NA	1205	13147	4.2772
ATMIN	NA	1823	5160	16.4868
ATN1	NA	2265	4419	23.919
ATOH1	NA	0	1065	0
ATOH7	NA	6	1519	0.184328
ATOH8	NA	514	5863	4.09112
ATOX1	NA	1170	489	111.654
ATP10A	NA	406	5234	3.61985
ATP10B	NA	0	7566	0
ATP10D	NA	87	6550	0.619836
ATP11A	NA	826	8855	4.35302
ATP11A-AS1	NA	0	4024	0
ATP11AUN	NA	2	2241	0.0416473
ATP11B	NA	803	7320	5.11921
ATP11C	NA	11	6118	0.0839039
ATP12A	NA	0	3734	0
ATP13A1	NA	2420	3864	29.2265
ATP13A2	NA	3655	4040	42.2187
ATP13A3	NA	980	7328	6.24079
ATP13A4	NA	2	7599	0.0122821
ATP13A4-AS1	NA	0	1542	0
ATP13A5	NA	0	3657	0
ATP13A5-AS1	NA	0	635	0
ATP1A1	NA	4879	4300	52.9494
ATP1A1-AS1	NA	1470	2635	26.0337
ATP1A2	NA	9	5457	0.0769639
ATP1A3	NA	112	3711	1.4084
ATP1A4	NA	39	3955	0.460168
ATP1B1	NA	1482	2200	31.4358
ATP1B2	NA	49	3453	0.662214
ATP1B3	NA	4778	1853	120.329
ATP1B4	NA	0	4773	0
ATP2A1	NA	254	3588	3.30354
ATP2A1-AS1	NA	121	584	9.66877
ATP2A2	NA	2813	8314	15.7891
ATP2A3	NA	108	4885	1.03171
ATP2B1	NA	1025	6933	6.89924
ATP2B2	NA	0	8962	0
ATP2B2-IT2	NA	0	512	0
ATP2B3	NA	2	6574	0.0141971
ATP2B4	NA	1681	8920	8.79431
ATP2C1	NA	881	6245	6.58328
ATP2C2	NA	22	3538	0.290177
ATP4A	NA	2	3559	0.0262241
ATP4B	NA	0	1497	0
ATP5A1	NA	17241	2428	331.369
ATP5B	NA	15939	1843	403.584
ATP5C1	NA	2004	1146	81.6041
ATP5D	NA	1978	996	92.6757
ATP5E	NA	7443	439	791.193
ATP5EP2	NA	1984	368	251.59
ATP5F1	NA	3813	2101	84.6914
ATP5G1	NA	640	646	46.2324
ATP5G2	NA	4124	1287	149.534
ATP5G3	NA	5174	3482	69.342
ATP5H	NA	3211	622	240.907
ATP5I	NA	3578	365	457.453
ATP5J	NA	3670	1296	132.148
ATP5J2	NA	5796	511	529.305
ATP5J2-PTCD1	NA	2698	5538	22.7346
ATP5L	NA	5216	1391	174.988
ATP5L2	NA	62	799	3.62113
ATP5O	NA	7142	806	413.508
ATP5S	NA	99	2187	2.11244
ATP5SL	NA	1663	1829	42.4304
ATP6AP1	NA	2514	2100	55.8656
ATP6AP1L	NA	147	2346	2.92407
ATP6AP2	NA	1217	2036	27.894
ATP6V0A1	NA	2969	4161	33.2975
ATP6V0A2	NA	467	6541	3.33174
ATP6V0A4	NA	9	3357	0.125109
ATP6V0B	NA	1565	2068	35.3153
ATP6V0C	NA	4325	1231	163.956
ATP6V0CP3	NA	0	619	0
ATP6V0D1	NA	3150	1670	88.0223
ATP6V0D2	NA	0	2370	0
ATP6V0E1	NA	2889	882	152.854
ATP6V0E2	NA	982	2801	16.3605
ATP6V0E2-AS1	NA	123	3069	1.87028
ATP6V1A	NA	2065	4593	20.9808
ATP6V1B1	NA	52	1939	1.25148
ATP6V1B1-AS1	NA	4	944	0.197736
ATP6V1B2	NA	2216	3044	33.9722
ATP6V1C1	NA	1502	5704	12.2882
ATP6V1C2	NA	3880	3240	55.8837
ATP6V1D	NA	2852	1806	73.6937
ATP6V1E1	NA	3156	1405	104.824
ATP6V1E2	NA	72	1979	1.6978
ATP6V1F	NA	2931	817	167.414
ATP6V1G1	NA	2826	1611	81.8607
ATP6V1G2	NA	219	11221	0.910775
ATP6V1G2-DDX39B	NA	9359	17214	25.3715
ATP6V1G3	NA	0	678	0
ATP6V1H	NA	1622	2349	32.223
ATP7A	NA	71	8529	0.388471
ATP7B	NA	704	6641	4.94695
ATP8A1	NA	48	8342	0.268516
ATP8A2	NA	10	5006	0.0932197
ATP8B1	NA	86	5937	0.675974
ATP8B2	NA	1482	6303	10.9723
ATP8B3	NA	76	5600	0.633322
ATP8B4	NA	4	5884	0.0317239
ATP8B5P	NA	55	4418	0.580946
ATP9A	NA	1037	7622	6.34905
ATP9B	NA	258	4479	2.68805
ATPAF1	NA	1394	2152	30.2287
ATPAF2	NA	693	1552	20.8372
ATPIF1	NA	4690	1925	113.695
ATR	NA	639	8251	3.61404
ATRAID	NA	1400	1398	46.7326
ATRIP	NA	349	3126	5.20997
ATRN	NA	1029	8731	5.49984
ATRNL1	NA	10	9118	0.0511799
ATRX	NA	1276	11220	5.30709
ATXN1	NA	5	10636	0.0219377
ATXN10	NA	3258	3330	45.6568
ATXN1L	NA	798	7886	4.7222
ATXN2	NA	989	4702	9.8155
ATXN2L	NA	2886	4430	30.4012
ATXN3	NA	476	7080	3.13742
ATXN3L	NA	1	1751	0.0266509
ATXN7	NA	297	7524	1.84207
ATXN7L1	NA	122	7079	0.804242
ATXN7L2	NA	201	2382	3.93779
ATXN7L3	NA	1723	3614	22.2482
ATXN7L3B	NA	2424	3682	30.7219
ATXN8OS	NA	0	1472	0
AUH	NA	171	1633	4.88662
AUNIP	NA	716	2408	13.8757
AUP1	NA	3733	1911	91.1583
AURKA	NA	2088	2547	38.2561
AURKAIP1	NA	2868	1147	116.685
AURKAPS1	NA	141	1537	4.28099
AURKB	NA	1916	1300	68.7782
AURKC	NA	13	1301	0.466299
AUTS2	NA	381	7006	2.53778
AVEN	NA	742	1531	22.6166
AVIL	NA	40	2994	0.623458
AVL9	NA	742	7065	4.90106
AVP	NA	0	619	0
AVPI1	NA	568	1392	19.0418
AVPR1A	NA	3	7831	0.0178773
AVPR1B	NA	0	1773	0
AVPR2	NA	9	2194	0.191428
AWAT1	NA	1	1399	0.0333565
AWAT2	NA	0	2124	0
AXDND1	NA	5	3862	0.0604166
AXIN1	NA	1501	3660	19.1381
AXIN2	NA	380	4232	4.19022
AXL	NA	1564	4900	14.895
AZGP1	NA	0	1265	0
AZGP1P1	NA	1	1181	0.0395138
AZI2	NA	641	3751	7.97461
AZIN1	NA	2899	4385	30.8516
AZIN1-AS1	NA	5	884	0.263947
AZIN2	NA	107	2569	1.94365
AZU1	NA	16	912	0.818698
B2M	NA	6776	987	320.372
B3GALNT1	NA	0	3641	0
B3GALNT2	NA	1108	5611	9.21506
B3GALT1	NA	0	2168	0
B3GALT2	NA	2	3548	0.0263054
B3GALT4	NA	12	8430	0.0664282
B3GALT5	NA	0	3007	0
B3GALT5-AS1	NA	0	2192	0
B3GALT6	NA	1237	2792	20.6754
B3GAT1	NA	1	3656	0.0127642
B3GAT2	NA	219	1925	5.30899
B3GAT3	NA	1761	2321	35.4065
B3GLCT	NA	348	4213	3.85466
B3GNT2	NA	853	2749	14.4801
B3GNT3	NA	0	2720	0
B3GNT4	NA	40	1504	1.24111
B3GNT5	NA	4	4123	0.0452736
B3GNT6	NA	0	2546	0
B3GNT7	NA	13	3625	0.167353
B3GNT8	NA	35	1874	0.87156
B3GNT9	NA	111	2705	1.91494
B3GNTL1	NA	134	1383	4.52149
B4GALNT1	NA	280	3882	3.3659
B4GALNT2	NA	0	2110	0
B4GALNT3	NA	251	3438	3.40696
B4GALNT4	NA	663	3454	8.95756
B4GALT1	NA	2091	4199	23.2384
B4GALT1-AS1	NA	14	1346	0.48538
B4GALT2	NA	982	2425	18.8972
B4GALT3	NA	736	2415	14.222
B4GALT4	NA	598	2344	11.9054
B4GALT4-AS1	NA	14	544	1.20096
B4GALT5	NA	2025	4727	19.9912
B4GALT6	NA	9	4814	0.0872439
B4GALT7	NA	639	1727	17.2666
B4GAT1	NA	413	2070	9.31062
B9D1	NA	722	1775	18.9818
B9D2	NA	160	1031	7.24203
BAALC	NA	5	2849	0.0818986
BAALC-AS1	NA	0	726	0
BAALC-AS2	NA	0	496	0
BAAT	NA	5	3528	0.0661363
BABAM1	NA	2481	1498	77.2883
BACE1	NA	1279	6020	9.91454
BACE1-AS	NA	49	825	2.77167
BACE2	NA	1	8930	0.00522573
BACH1	NA	532	6870	3.61371
BACH1-IT2	NA	1	802	0.0581868
BACH2	NA	15	9280	0.0754296
BAD	NA	1526	1224	58.1797
BAG1	NA	1425	3872	17.1743
BAG2	NA	962	2052	21.8774
BAG3	NA	2130	2569	38.6914
BAG4	NA	856	4464	8.94846
BAG5	NA	1061	5254	9.42376
BAG6	NA	6541	27003	11.304
BAGE	NA	0	951	0
BAGE2	NA	0	1891	0
BAGE3	NA	0	1891	0
BAGE4	NA	0	1756	0
BAGE5	NA	0	1755	0
BAHCC1	NA	387	10289	1.75524
BAHD1	NA	1927	4832	18.6103
BAIAP2	NA	1344	4897	12.8076
BAIAP2-AS1	NA	805	4421	8.49717
BAIAP2L1	NA	1646	3670	20.9297
BAIAP2L2	NA	88	2145	1.91449
BAIAP3	NA	380	5080	3.49075
BAK1	NA	2025	2193	43.0909
BAMBI	NA	2674	1724	72.3807
BANCR	NA	2	675	0.138269
BANF1	NA	4088	1152	165.599
BANF2	NA	0	640	0
BANK1	NA	0	3558	0
BANP	NA	323	2696	5.5909
BAP1	NA	2754	3701	34.7251
BARD1	NA	255	5506	2.16124
BARHL1	NA	0	1907	0
BARHL2	NA	0	1496	0
BARX1	NA	1	1482	0.0314884
BARX2	NA	1	1767	0.0264096
BASP1	NA	0	1963	0
BASP1P1	NA	0	1152	0
BATF	NA	0	940	0
BATF2	NA	31	2344	0.617167
BATF3	NA	222	981	10.5605
BAX	NA	5431	1305	194.208
BAZ1A	NA	624	6016	4.84034
BAZ1B	NA	4047	6115	30.8841
BAZ2A	NA	2367	9141	12.0838
BAZ2B	NA	398	10723	1.73207
BBC3	NA	1919	2095	42.7454
BBIP1	NA	596	2460	11.306
BBOX1	NA	0	1886	0
BBOX1-AS1	NA	0	1180	0
BBS1	NA	840	3370	11.6318
BBS10	NA	302	3583	3.93332
BBS12	NA	218	3432	2.9642
BBS2	NA	848	2814	14.0628
BBS4	NA	294	2874	4.77375
BBS5	NA	225	3157	3.32588
BBS7	NA	573	4282	6.24463
BBS9	NA	414	4019	4.80708
BBX	NA	13	9025	0.0672194
BCAM	NA	1268	3431	17.2464
BCAN	NA	231	4050	2.66168
BCAP29	NA	823	6098	6.29812
BCAP31	NA	3525	2396	68.6548
BCAR1	NA	6580	5392	56.9475
BCAR3	NA	784	4262	8.58423
BCAR4	NA	0	1310	0
BCAS1	NA	48	3475	0.644592
BCAS2	NA	1425	1301	51.1136
BCAS3	NA	625	3609	8.0815
BCAS4	NA	586	1378	19.8448
BCAT1	NA	6	10227	0.027378
BCAT2	NA	1527	2080	34.259
BCCIP	NA	2694	3373	37.2718
BCDIN3D	NA	97	3249	1.39322
BCDIN3D-AS1	NA	36	3088	0.544031
BCHE	NA	0	2447	0
BCKDHA	NA	739	1774	19.4397
BCKDHB	NA	535	3712	6.72581
BCKDK	NA	1590	2221	33.4078
BCL10	NA	591	3104	8.88514
BCL11A	NA	0	7446	0
BCL11B	NA	0	8043	0
BCL2	NA	246	6620	1.73411
BCL2A1	NA	1	943	0.0494865
BCL2L1	NA	6893	2559	125.7
BCL2L10	NA	3	1313	0.106624
BCL2L11	NA	815	6212	6.12244
BCL2L12	NA	1048	1904	25.6858
BCL2L13	NA	1464	5513	12.3923
BCL2L14	NA	16	2231	0.334672
BCL2L15	NA	2	4973	0.0187677
BCL2L2	NA	869	3658	11.086
BCL2L2-PABPN1	NA	5678	2130	124.398
BCL3	NA	234	1864	5.85826
BCL6	NA	133	3975	1.5614
BCL6B	NA	1	3525	0.0132385
BCL7A	NA	257	3783	3.17026
BCL7B	NA	1025	2065	23.1634
BCL7C	NA	1226	2190	26.1243
BCL9	NA	1104	6192	8.32026
BCL9L	NA	2165	7738	13.0565
BCLAF1	NA	3749	7263	24.0879
BCO1	NA	15	2427	0.288417
BCO2	NA	5	3002	0.0777245
BCOR	NA	888	6746	6.14279
BCORL1	NA	1023	7349	6.496
BCORP1	NA	1	3668	0.0127224
BCR	NA	2120	6927	14.282
BCRP2	NA	190	2334	3.79884
BCRP3	NA	267	1425	8.7437
BCS1L	NA	377	1720	10.2285
BCYRN1	NA	1	191	0.244324
BDH1	NA	7	3689	0.0885499
BDH2	NA	1258	2920	20.1046
BDKRB1	NA	10	1301	0.358692
BDKRB2	NA	5	4197	0.0555942
BDNF	NA	3262	7729	19.6952
BDNF-AS	NA	475	3049	7.27001
BDP1	NA	606	11075	2.55345
BEAN1	NA	14	3520	0.185603
BEAN1-AS1	NA	1	483	0.0966166
BECN1	NA	1788	2143	38.9353
BECN2	NA	1	1296	0.0360076
BEGAIN	NA	204	2807	3.39146
BEND2	NA	0	4696	0
BEND3	NA	269	6660	1.88485
BEND3P3	NA	30	5920	0.236482
BEND4	NA	13	8850	0.0685486
BEND5	NA	0	1849	0
BEND6	NA	51	2698	0.882119
BEND7	NA	161	3094	2.42831
BEST1	NA	82	3380	1.13213
BEST2	NA	3	1910	0.0732971
BEST3	NA	15	5388	0.129916
BEST4	NA	97	2096	2.15963
BET1	NA	328	3061	5.00045
BET1L	NA	1262	2956	19.9229
BEX1	NA	4411	862	238.797
BEX2	NA	1264	1176	50.1578
BEX4	NA	1325	1282	48.231
BEX5	NA	2	1017	0.0917715
BFAR	NA	1375	3043	21.0863
BFSP1	NA	119	3009	1.84554
BFSP2	NA	4	1577	0.118366
BGLAP	NA	40	545	3.42501
BGLT3	NA	0	993	0
BGN	NA	5	2444	0.0954701
BHLHA15	NA	5	706	0.330494
BHLHA9	NA	1	708	0.0659121
BHLHB9	NA	90	4281	0.981061
BHLHE22	NA	0	3397	0
BHLHE23	NA	0	1057	0
BHLHE40	NA	732	3034	11.2589
BHLHE40-AS1	NA	28	2718	0.480737
BHLHE41	NA	250	3780	3.08636
BHMT	NA	1	2500	0.0186663
BHMT2	NA	0	2651	0
BICC1	NA	9	5471	0.076767
BICD1	NA	275	3589	3.57567
BICD2	NA	1460	6416	10.6191
BID	NA	561	2660	9.84192
BIK	NA	154	953	7.54096
BIN1	NA	373	2714	6.41354
BIN2	NA	3	2993	0.0467749
BIN3	NA	1225	1847	30.9505
BIN3-IT1	NA	0	1839	0
BIRC2	NA	1906	4265	20.8546
BIRC3	NA	10	6912	0.0675142
BIRC5	NA	2192	2700	37.8857
BIRC6	NA	1182	15702	3.51286
BIRC6-AS2	NA	0	588	0
BIRC7	NA	1140	1368	38.8882
BIRC8	NA	0	2022	0
BISPR	NA	117	2092	2.60989
BIVM	NA	1103	3885	13.249
BIVM-ERCC5	NA	1413	5143	12.8211
BLACAT1	NA	192	2616	3.42501
BLACE	NA	0	2452	0
BLCAP	NA	2032	2540	37.3326
BLID	NA	0	862	0
BLK	NA	0	2590	0
BLM	NA	349	4831	3.37122
BLMH	NA	2437	2537	44.8264
BLNK	NA	4	1828	0.102113
BLOC1S1	NA	490	1004	22.7751
BLOC1S1-RDH5	NA	313	1213	12.0415
BLOC1S2	NA	3675	2939	58.3521
BLOC1S3	NA	251	2600	4.50504
BLOC1S4	NA	792	1546	23.9064
BLOC1S5	NA	430	2787	7.19996
BLOC1S5-TXNDC5	NA	4795	3352	66.7549
BLOC1S6	NA	920	3941	10.8938
BLVRA	NA	2994	1175	118.908
BLVRB	NA	1366	856	74.469
BLZF1	NA	163	2316	3.28434
BMF	NA	482	4778	4.7076
BMI1	NA	836	3430	11.3739
BMP1	NA	851	4229	9.39054
BMP10	NA	3	1584	0.0883822
BMP15	NA	0	1262	0
BMP2	NA	1	3150	0.0148145
BMP2K	NA	152	4355	1.62875
BMP3	NA	0	5734	0
BMP4	NA	8459	2073	190.423
BMP5	NA	0	2170	0
BMP6	NA	1125	3105	16.9079
BMP7	NA	3101	4031	35.8994
BMP7-AS1	NA	0	1012	0
BMP8A	NA	33	5626	0.273724
BMP8B	NA	125	3773	1.54604
BMPER	NA	2	5031	0.0185513
BMPR1A	NA	787	3616	10.1565
BMPR1B	NA	0	5944	0
BMPR1B-AS1	NA	0	643	0
BMPR2	NA	515	12070	1.99113
BMS1	NA	2957	8048	17.146
BMS1P17	NA	132	1450	4.2482
BMS1P18	NA	132	1450	4.2482
BMS1P20	NA	366	2011	8.49313
BMS1P21	NA	0	818	0
BMS1P4	NA	61	1960	1.45235
BMS1P5	NA	293	8467	1.61487
BMS1P6	NA	83	4696	0.8248
BMX	NA	0	2685	0
BNC1	NA	1	4935	0.00945609
BNC2	NA	301	12926	1.08668
BNIP1	NA	253	1386	8.51836
BNIP2	NA	585	2517	10.846
BNIP3	NA	1067	1633	30.4914
BNIP3L	NA	1350	3500	17.9997
BNIPL	NA	10	2412	0.193473
BOC	NA	94	5630	0.779145
BOD1	NA	1666	1934	40.1992
BOD1L1	NA	1067	10542	4.72324
BOD1L2	NA	11	3347	0.153368
BOK	NA	1950	2647	34.3779
BOK-AS1	NA	22	826	1.24291
BOLA1	NA	2	857	0.108905
BOLA2	NA	2962	2024	68.2925
BOLA2B	NA	2962	2024	68.2925
BOLA3	NA	626	554	52.7307
BOLA3-AS1	NA	180	4190	2.00474
BOLL	NA	0	3616	0
BOP1	NA	2177	2427	41.8589
BORA	NA	437	3189	6.39478
BPESC1	NA	0	3514	0
BPGM	NA	396	2230	8.28684
BPHL	NA	541	2231	11.3161
BPI	NA	0	1845	0
BPIFA1	NA	0	1078	0
BPIFA2	NA	0	1052	0
BPIFA3	NA	0	1181	0
BPIFA4P	NA	0	1203	0
BPIFB1	NA	1	1727	0.0270213
BPIFB2	NA	0	1920	0
BPIFB3	NA	2	1556	0.0599817
BPIFB4	NA	12	2174	0.257585
BPIFB6	NA	0	1362	0
BPIFC	NA	1	1980	0.0235686
BPNT1	NA	765	2507	14.2399
BPTF	NA	1503	11292	6.21136
BPY2	NA	0	2408	0
BPY2B	NA	0	2408	0
BPY2C	NA	0	2408	0
BRAF	NA	132	2946	2.09093
BRAP	NA	984	4036	11.3774
BRAT1	NA	1417	3013	21.9467
BRCA1	NA	744	7362	4.71602
BRCA2	NA	112	11386	0.459035
BRCAT107	NA	0	1100	0
BRCAT54	NA	4	1395	0.133809
BRCC3	NA	846	2932	13.465
BRD1	NA	874	4762	8.56487
BRD2	NA	3934	33048	5.55505
BRD3	NA	1081	5635	8.95221
BRD4	NA	1898	7453	11.884
BRD7	NA	1634	2312	32.9809
BRD7P3	NA	10	2461	0.189621
BRD8	NA	1996	4675	19.9241
BRD9	NA	1432	2924	22.8541
BRDT	NA	3	4051	0.0345587
BRDTP1	NA	0	817	0
BRE	NA	726	2103	16.11
BRE-AS1	NA	17	1659	0.478191
BREA2	NA	12	1002	0.558872
BRF1	NA	915	5387	7.92634
BRF2	NA	590	2000	13.7664
BRI3	NA	1733	1116	72.4658
BRI3BP	NA	109	1272	3.99888
BRICD5	NA	154	1031	6.97045
BRINP1	NA	0	3196	0
BRINP2	NA	1	3667	0.0127259
BRINP3	NA	0	2884	0
BRIP1	NA	326	8166	1.86297
BRIX1	NA	961	1273	35.2285
BRK1	NA	4539	1176	180.116
BRMS1	NA	1618	1437	52.5437
BRMS1L	NA	250	2584	4.51488
BROX	NA	416	4538	4.27787
BRPF1	NA	602	4728	5.9418
BRPF3	NA	1057	6023	8.18956
BRS3	NA	0	1413	0
BRSK1	NA	306	3081	4.63477
BRSK2	NA	224	5604	1.8653
BRWD1	NA	727	19881	1.70646
BRWD1-AS1	NA	1	691	0.0675337
BRWD1-IT2	NA	14	1009	0.647494
BRWD3	NA	341	12793	1.24389
BSCL2	NA	1686	2598	30.2843
BSDC1	NA	1576	5281	13.9264
BSG	NA	17146	2391	334.643
BSN	NA	94	15959	0.274866
BSN-AS2	NA	14	2603	0.250988
BSND	NA	1	1370	0.0340626
BSPH1	NA	0	654	0
BSPRY	NA	98	2348	1.94772
BST1	NA	9	1480	0.283779
BST2	NA	9333	1019	427.411
BSX	NA	0	702	0
BTAF1	NA	818	7038	5.42379
BTBD1	NA	2458	3290	34.8646
BTBD10	NA	816	2922	13.0319
BTBD11	NA	198	5911	1.56316
BTBD16	NA	5	1848	0.12626
BTBD17	NA	0	1678	0
BTBD18	NA	2	3048	0.0306206
BTBD19	NA	173	1572	5.13561
BTBD2	NA	2855	2618	50.8903
BTBD3	NA	423	5192	3.80193
BTBD6	NA	755	1987	17.7316
BTBD7	NA	682	9581	3.32179
BTBD8	NA	1	1447	0.03225
BTBD9	NA	417	9382	2.07415
BTC	NA	0	1323	0
BTD	NA	123	3189	1.7999
BTF3	NA	7589	1249	283.544
BTF3L4	NA	762	4643	7.6587
BTF3P11	NA	0	640	0
BTG1	NA	279	4680	2.782
BTG2	NA	2358	2711	40.5894
BTG3	NA	2804	1594	82.0896
BTG4	NA	28	1013	1.28987
BTK	NA	10	3095	0.150778
BTLA	NA	0	3215	0
BTN1A1	NA	1	2851	0.0163682
BTN2A1	NA	534	3686	6.76059
BTN2A2	NA	596	3878	7.17195
BTN2A3P	NA	39	2483	0.732971
BTN3A1	NA	79	4191	0.879646
BTN3A2	NA	129	4120	1.46114
BTN3A3	NA	54	3002	0.839425
BTNL10	NA	0	780	0
BTNL2	NA	14	12104	0.0539756
BTNL3	NA	1	2440	0.0191253
BTNL8	NA	2	2414	0.0386626
BTNL9	NA	84	3940	0.994905
BTRC	NA	1149	6164	8.69874
BUB1	NA	2948	3636	37.8357
BUB1B	NA	1102	3742	13.7428
BUB3	NA	2060	2764	34.7799
BUD13	NA	742	2206	15.6963
BUD31	NA	1172	1043	52.4375
BVES	NA	637	5787	5.13671
BVES-AS1	NA	6	1715	0.163262
BYSL	NA	848	1990	19.8857
BZRAP1	NA	0	7698	0
BZRAP1-AS1	NA	136	2999	2.11622
BZW1	NA	7502	3669	95.4175
BZW2	NA	2372	1873	59.0984
C10orf10	NA	238	2060	5.39149
C10orf105	NA	44	4934	0.416152
C10orf107	NA	3	1252	0.111819
C10orf11	NA	2	1594	0.0585518
C10orf111	NA	15	1714	0.408394
C10orf113	NA	3	614	0.228009
C10orf12	NA	134	4545	1.37585
C10orf120	NA	0	1064	0
C10orf126	NA	0	2148	0
C10orf128	NA	0	2050	0
C10orf131	NA	4	1176	0.158727
C10orf142	NA	0	1110	0
C10orf2	NA	898	3665	11.4341
C10orf25	NA	22	3375	0.304192
C10orf32	NA	378	2435	7.24422
C10orf32-ASMT	NA	82	2731	1.40117
C10orf35	NA	466	1076	20.2103
C10orf53	NA	0	1192	0
C10orf54	NA	139	4773	1.35901
C10orf55	NA	510	2513	9.47058
C10orf62	NA	2	1242	0.0751462
C10orf67	NA	0	2943	0
C10orf71	NA	0	5286	0
C10orf71-AS1	NA	1	695	0.067145
C10orf76	NA	851	4101	9.68364
C10orf82	NA	0	994	0
C10orf88	NA	299	3087	4.51995
C10orf90	NA	3	3080	0.0454537
C10orf91	NA	3	738	0.189698
C10orf95	NA	57	1469	1.81072
C10orf99	NA	0	828	0
C11orf1	NA	259	983	12.2955
C11orf16	NA	9	1925	0.218178
C11orf21	NA	1	2262	0.0206303
C11orf24	NA	1000	2102	22.2007
C11orf30	NA	398	6910	2.68784
C11orf31	NA	1406	1294	50.7049
C11orf39	NA	2	678	0.137657
C11orf40	NA	0	654	0
C11orf42	NA	0	1143	0
C11orf44	NA	0	3547	0
C11orf45	NA	0	3867	0
C11orf49	NA	918	2528	16.9459
C11orf52	NA	151	1140	6.18117
C11orf53	NA	7	1208	0.270414
C11orf54	NA	118	2726	2.02002
C11orf57	NA	986	3782	12.1662
C11orf58	NA	2620	3980	30.7197
C11orf63	NA	52	3864	0.628008
C11orf65	NA	17	1033	0.767975
C11orf68	NA	1060	1558	31.7495
C11orf70	NA	1	2264	0.0206121
C11orf71	NA	121	2235	2.52643
C11orf72	NA	1	2431	0.0191961
C11orf73	NA	627	1347	21.7219
C11orf74	NA	276	1207	10.6709
C11orf80	NA	166	2326	3.33041
C11orf84	NA	1961	2038	44.9027
C11orf85	NA	0	1339	0
C11orf86	NA	1	1185	0.0393804
C11orf87	NA	0	5937	0
C11orf88	NA	739	795	43.3786
C11orf91	NA	0	903	0
C11orf94	NA	3	368	0.380428
C11orf95	NA	1565	5582	13.0835
C11orf96	NA	11	1328	0.386539
C11orf97	NA	0	604	0
C11orf98	NA	2365	809	136.421
C12orf10	NA	809	1215	31.0721
C12orf29	NA	323	2874	5.24463
C12orf4	NA	471	3861	5.69272
C12orf40	NA	0	2793	0
C12orf42	NA	0	3353	0
C12orf43	NA	597	2911	9.57042
C12orf45	NA	415	622	31.1355
C12orf49	NA	1745	5278	15.4285
C12orf50	NA	3	1705	0.0821099
C12orf54	NA	0	889	0
C12orf56	NA	1	2069	0.0225548
C12orf57	NA	1663	1088	71.3283
C12orf60	NA	45	1126	1.86497
C12orf65	NA	556	2085	12.4442
C12orf66	NA	58	3941	0.686784
C12orf71	NA	1	966	0.0483083
C12orf73	NA	205	1693	5.65061
C12orf74	NA	0	2369	0
C12orf75	NA	1382	1366	47.2124
C12orf76	NA	203	1947	4.86551
C12orf77	NA	0	1509	0
C12orf79	NA	2	2444	0.0381881
C12orf80	NA	9	1292	0.325071
C14orf1	NA	1590	1540	48.1809
C14orf105	NA	0	3509	0
C14orf119	NA	3401	2945	53.8915
C14orf132	NA	122	7857	0.724606
C14orf142	NA	309	1176	12.2617
C14orf159	NA	959	4324	10.3498
C14orf166	NA	2845	1051	126.322
C14orf169	NA	0	2467	0
C14orf177	NA	0	1289	0
C14orf178	NA	7	646	0.505667
C14orf180	NA	2	2368	0.0394137
C14orf2	NA	2948	921	149.371
C14orf28	NA	86	2906	1.38103
C14orf37	NA	91	3082	1.37787
C14orf39	NA	0	2763	0
C14orf79	NA	314	1890	7.75294
C14orf80	NA	693	2048	15.7907
C14orf93	NA	158	2490	2.96112
C15orf26	NA	0	1575	0
C15orf27	NA	37	2399	0.719731
C15orf32	NA	0	1764	0
C15orf38-AP3S2	NA	1255	6256	9.36151
C15orf39	NA	1076	4427	11.3423
C15orf40	NA	505	2656	8.87283
C15orf41	NA	154	3323	2.16266
C15orf43	NA	0	1275	0
C15orf48	NA	18	953	0.881411
C15orf52	NA	512	5327	4.48524
C15orf53	NA	0	2043	0
C15orf54	NA	0	3090	0
C15orf56	NA	75	2127	1.64548
C15orf57	NA	514	2882	8.32277
C15orf59	NA	266	5974	2.07785
C15orf59-AS1	NA	1	785	0.0594469
C15orf61	NA	238	1297	8.56319
C15orf62	NA	63	2490	1.1807
C15orf65	NA	45	752	2.7925
C16orf13	NA	774	968	37.3134
C16orf45	NA	651	2342	12.9716
C16orf46	NA	82	2226	1.71905
C16orf47	NA	0	1307	0
C16orf52	NA	205	4442	2.15364
C16orf54	NA	0	2596	0
C16orf58	NA	1213	2813	20.1229
C16orf59	NA	297	1628	8.51336
C16orf62	NA	784	3894	9.39548
C16orf70	NA	440	2841	7.22737
C16orf71	NA	19	2706	0.327661
C16orf72	NA	851	3979	9.98055
C16orf74	NA	28	897	1.45668
C16orf78	NA	0	1083	0
C16orf82	NA	0	2269	0
C16orf86	NA	5	1269	0.183868
C16orf87	NA	368	1383	12.4172
C16orf89	NA	1	1907	0.0244708
C16orf90	NA	0	904	0
C16orf91	NA	489	978	23.3329
C16orf92	NA	1	895	0.0521406
C16orf93	NA	131	1792	3.41139
C16orf95	NA	80	1161	3.21556
C16orf96	NA	19	3426	0.2588
C16orf97	NA	0	448	0
C17orf100	NA	51	1559	1.52659
C17orf102	NA	0	3997	0
C17orf104	NA	27	4680	0.269226
C17orf105	NA	1	827	0.0564278
C17orf107	NA	16	3082	0.242262
C17orf112	NA	0	835	0
C17orf47	NA	0	2127	0
C17orf49	NA	528	903	27.2863
C17orf50	NA	8	1031	0.362101
C17orf51	NA	256	7912	1.50991
C17orf53	NA	323	2725	5.5314
C17orf58	NA	107	1566	3.18853
C17orf59	NA	447	1914	10.8984
C17orf62	NA	992	3195	14.489
C17orf64	NA	3	960	0.145831
C17orf67	NA	36	2012	0.834975
C17orf74	NA	4	1649	0.113198
C17orf75	NA	530	4583	5.39666
C17orf77	NA	0	2761	0
C17orf78	NA	0	1862	0
C17orf80	NA	931	4088	10.6277
C17orf82	NA	0	1530	0
C17orf85	NA	1310	8184	7.46972
C17orf89	NA	944	560	78.6652
C17orf96	NA	1897	3229	27.4156
C17orf97	NA	115	1839	2.9182
C17orf98	NA	1	566	0.0824484
C17orf99	NA	0	1090	0
C18orf21	NA	439	1127	18.1777
C18orf25	NA	1179	5465	10.0675
C18orf32	NA	701	1653	19.7899
C18orf42	NA	2	2302	0.0405437
C18orf54	NA	209	5693	1.71318
C18orf61	NA	4	2713	0.0688032
C18orf63	NA	0	5065	0
C18orf65	NA	1	2076	0.0224787
C18orf8	NA	529	2226	11.0899
C19orf12	NA	519	5181	4.67469
C19orf18	NA	43	915	2.19304
C19orf24	NA	604	895	31.4929
C19orf25	NA	647	2257	13.3774
C19orf26	NA	274	2564	4.98691
C19orf33	NA	25	461	2.53068
C19orf35	NA	3	2570	0.0544737
C19orf38	NA	17	1089	0.728484
C19orf43	NA	4498	910	230.662
C19orf44	NA	1105	3897	13.2322
C19orf45	NA	3	1679	0.0833814
C19orf47	NA	697	2243	14.5011
C19orf48	NA	2987	2246	62.0618
C19orf52	NA	417	1396	13.9396
C19orf53	NA	1927	909	98.9274
C19orf54	NA	692	2753	11.73
C19orf57	NA	35	2420	0.674919
C19orf60	NA	472	880	25.0298
C19orf66	NA	596	2135	13.0271
C19orf67	NA	1	1447	0.03225
C19orf68	NA	1002	3588	13.0321
C19orf70	NA	891	1100	37.7993
C19orf71	NA	57	671	3.96416
C19orf73	NA	59	744	3.70065
C19orf80	NA	1	872	0.0535158
C19orf81	NA	237	765	14.4572
C19orf84	NA	7	1447	0.22575
C1D	NA	165	1284	5.99677
C1GALT1	NA	408	6237	3.05269
C1GALT1C1	NA	315	1904	7.72044
C1GALT1C1L	NA	0	1170	0
C1QA	NA	0	1098	0
C1QB	NA	0	1044	0
C1QBP	NA	4307	1163	172.82
C1QC	NA	0	1191	0
C1QL1	NA	163	1500	5.07102
C1QL2	NA	1	2049	0.0227749
C1QL3	NA	0	2493	0
C1QL4	NA	24	2065	0.542363
C1QTNF1	NA	137	3642	1.75541
C1QTNF1-AS1	NA	0	966	0
C1QTNF2	NA	0	2397	0
C1QTNF3	NA	45	3826	0.548866
C1QTNF3-AMACR	NA	477	3612	6.16268
C1QTNF4	NA	21	1414	0.693056
C1QTNF5	NA	192	3925	2.28276
C1QTNF6	NA	554	2936	8.80547
C1QTNF7	NA	0	4839	0
C1QTNF8	NA	13	3406	0.178114
C1QTNF9	NA	35	1973	0.827827
C1QTNF9B	NA	61	1402	2.03039
C1QTNF9B-AS1	NA	60	905	3.09387
C1R	NA	77	2266	1.58573
C1RL	NA	67	3742	0.835545
C1RL-AS1	NA	11	5272	0.0973679
C1S	NA	182	2810	3.02248
C1orf100	NA	0	574	0
C1orf101	NA	11	3194	0.160715
C1orf105	NA	7	1282	0.254805
C1orf106	NA	1185	4408	12.5451
C1orf109	NA	531	2551	9.71366
C1orf110	NA	1	1552	0.0300682
C1orf111	NA	0	1173	0
C1orf112	NA	243	3363	3.37193
C1orf115	NA	204	2972	3.20317
C1orf116	NA	4	5502	0.0339264
C1orf122	NA	1522	1318	53.8887
C1orf123	NA	805	1566	23.9885
C1orf127	NA	12	2761	0.202821
C1orf131	NA	388	1444	12.539
C1orf137	NA	0	386	0
C1orf140	NA	0	4492	0
C1orf141	NA	0	2533	0
C1orf145	NA	55	3534	0.726265
C1orf146	NA	0	751	0
C1orf158	NA	2	1048	0.0890569
C1orf159	NA	428	2104	9.49285
C1orf162	NA	6	1030	0.27184
C1orf167	NA	33	4672	0.329617
C1orf168	NA	0	3460	0
C1orf174	NA	505	1666	14.1454
C1orf177	NA	0	1789	0
C1orf185	NA	0	911	0
C1orf186	NA	1	1665	0.0280275
C1orf189	NA	1	705	0.0661926
C1orf194	NA	2	731	0.127677
C1orf195	NA	0	719	0
C1orf198	NA	2693	4132	30.4141
C1orf204	NA	0	2501	0
C1orf21	NA	1	10308	0.00452714
C1orf210	NA	1	1513	0.0308432
C1orf216	NA	881	2934	14.0125
C1orf220	NA	31	2577	0.561366
C1orf226	NA	784	4252	8.60442
C1orf228	NA	93	1685	2.57562
C1orf229	NA	10	2258	0.206669
C1orf233	NA	84	2089	1.87646
C1orf234	NA	0	510	0
C1orf27	NA	602	3896	7.21068
C1orf35	NA	823	1611	23.8398
C1orf43	NA	3209	2763	54.1985
C1orf50	NA	275	1015	12.6434
C1orf52	NA	475	3390	6.53872
C1orf53	NA	26	683	1.77644
C1orf54	NA	31	660	2.19188
C1orf56	NA	340	2028	7.82365
C1orf61	NA	2	879	0.106179
C1orf64	NA	1	927	0.0503407
C1orf68	NA	0	908	0
C1orf74	NA	197	4855	1.89355
C1orf87	NA	1	2028	0.0230107
C1orf94	NA	0	3293	0
C1orf95	NA	6	7705	0.0363394
C2	NA	3316	25975	5.95741
C2-AS1	NA	15	5334	0.131231
C20orf141	NA	13	751	0.807797
C20orf144	NA	6	570	0.491219
C20orf166-AS1	NA	0	2449	0
C20orf173	NA	0	2400	0
C20orf194	NA	401	6909	2.70849
C20orf195	NA	24	1111	1.00808
C20orf196	NA	39	2148	0.847284
C20orf197	NA	2	3337	0.0279687
C20orf202	NA	2	1604	0.0581868
C20orf203	NA	0	4793	0
C20orf24	NA	2047	1253	76.2369
C20orf27	NA	1929	2129	42.282
C20orf62	NA	0	700	0
C20orf78	NA	0	1033	0
C20orf85	NA	0	757	0
C20orf96	NA	388	1608	11.2602
C21orf140	NA	6	961	0.291358
C21orf2	NA	400	2795	6.67847
C21orf33	NA	2007	1667	56.1837
C21orf58	NA	167	3802	2.04976
C21orf59	NA	1873	1427	61.2509
C21orf62	NA	0	4121	0
C21orf62-AS1	NA	1	1202	0.0388235
C21orf91	NA	426	5433	3.65905
C21orf91-OT1	NA	2	497	0.18779
C22orf15	NA	0	864	0
C22orf23	NA	340	2010	7.89372
C22orf24	NA	11	1598	0.321229
C22orf29	NA	1584	6635	11.1407
C22orf31	NA	6	1070	0.261677
C22orf34	NA	42	3815	0.513752
C22orf39	NA	640	2785	10.7239
C22orf42	NA	0	805	0
C22orf46	NA	802	4975	7.52281
C2CD2	NA	1356	6466	9.78639
C2CD2L	NA	258	3384	3.55785
C2CD3	NA	1398	8137	8.01755
C2CD4A	NA	5	3445	0.0677298
C2CD4B	NA	0	1576	0
C2CD4C	NA	145	3124	2.16599
C2CD4D	NA	1	1713	0.0272421
C2CD5	NA	762	4990	7.12612
C2orf15	NA	18	1408	0.59658
C2orf16	NA	1	6201	0.00752553
C2orf27A	NA	25	1219	0.957051
C2orf27B	NA	9	1325	0.316975
C2orf40	NA	0	782	0
C2orf42	NA	166	2524	3.06915
C2orf44	NA	524	3894	6.27963
C2orf47	NA	269	1511	8.30781
C2orf48	NA	7	1902	0.171746
C2orf49	NA	433	4371	4.62281
C2orf50	NA	1	1056	0.0441911
C2orf54	NA	78	2691	1.35263
C2orf57	NA	0	1420	0
C2orf61	NA	2	2384	0.0391492
C2orf66	NA	8	2256	0.165482
C2orf68	NA	618	4265	6.76189
C2orf69	NA	151	3728	1.89017
C2orf70	NA	0	695	0
C2orf71	NA	1	7046	0.00662302
C2orf72	NA	630	3579	8.21443
C2orf73	NA	0	1921	0
C2orf74	NA	9	976	0.43032
C2orf76	NA	115	950	5.64902
C2orf78	NA	4	3045	0.0613015
C2orf80	NA	11	1214	0.422837
C2orf81	NA	887	2229	18.57
C2orf82	NA	14	465	1.40499
C2orf83	NA	0	2087	0
C2orf88	NA	102	4472	1.06438
C2orf91	NA	100	3721	1.25412
C3	NA	190	5132	1.72769
C3AR1	NA	1	1955	0.02387
C3P1	NA	1	3763	0.0124012
C3orf14	NA	140	3835	1.70358
C3orf17	NA	979	4860	9.40037
C3orf18	NA	224	2827	3.69761
C3orf20	NA	0	3328	0
C3orf22	NA	0	2184	0
C3orf30	NA	0	1814	0
C3orf33	NA	133	1952	3.17959
C3orf35	NA	32	2821	0.529353
C3orf36	NA	13	1667	0.36392
C3orf38	NA	487	2630	8.64116
C3orf49	NA	4	1289	0.144812
C3orf52	NA	21	2307	0.424786
C3orf56	NA	0	1739	0
C3orf58	NA	1	4593	0.0101602
C3orf62	NA	342	3590	4.4456
C3orf67	NA	9	2551	0.164638
C3orf67-AS1	NA	0	2203	0
C3orf70	NA	10	5901	0.0790812
C3orf79	NA	0	580	0
C3orf80	NA	10	2578	0.181016
C3orf84	NA	0	702	0
C4A	NA	209	31797	0.306732
C4B	NA	413	48084	0.400819
C4BPA	NA	0	2243	0
C4BPB	NA	0	1220	0
C4B_2	NA	413	48084	0.400819
C4orf17	NA	0	1636	0
C4orf19	NA	24	3794	0.295197
C4orf22	NA	0	946	0
C4orf26	NA	6	2062	0.135788
C4orf27	NA	670	1216	25.7122
C4orf29	NA	85	2187	1.81371
C4orf3	NA	1955	3040	30.0104
C4orf32	NA	11	2726	0.188307
C4orf33	NA	62	1944	1.48831
C4orf36	NA	1	908	0.0513941
C4orf45	NA	0	817	0
C4orf46	NA	340	3734	4.24916
C4orf47	NA	10	974	0.479115
C4orf48	NA	378	540	32.6661
C4orf51	NA	0	845	0
C5	NA	472	5464	4.03116
C5AR1	NA	322	2341	6.41879
C5AR2	NA	0	1725	0
C5orf15	NA	1288	2281	26.3505
C5orf17	NA	0	1986	0
C5orf22	NA	671	3612	8.66909
C5orf24	NA	559	5141	5.07415
C5orf28	NA	118	2761	1.99441
C5orf30	NA	122	3010	1.89144
C5orf34	NA	133	2533	2.45028
C5orf38	NA	0	1927	0
C5orf42	NA	483	11199	2.01264
C5orf45	NA	1014	1201	39.3998
C5orf46	NA	0	542	0
C5orf47	NA	2	2522	0.037007
C5orf49	NA	11	2385	0.21523
C5orf51	NA	766	5222	6.84527
C5orf52	NA	0	697	0
C5orf56	NA	3	805	0.17391
C5orf58	NA	0	1743	0
C5orf60	NA	3	1220	0.114752
C5orf63	NA	2	6324	0.0147583
C5orf64	NA	0	3950	0
C5orf66	NA	930	2474	17.5421
C5orf66-AS1	NA	2	843	0.110714
C5orf66-AS2	NA	0	2160	0
C5orf67	NA	0	938	0
C6	NA	0	3967	0
C6orf1	NA	177	1187	6.95859
C6orf10	NA	5	14975	0.0155812
C6orf106	NA	3029	4429	31.9148
C6orf118	NA	0	1839	0
C6orf120	NA	1095	4146	12.3249
C6orf132	NA	3	6742	0.020765
C6orf136	NA	207	13775	0.701257
C6orf141	NA	24	1696	0.660365
C6orf15	NA	4	6816	0.027386
C6orf163	NA	56	1304	2.00405
C6orf165	NA	42	2215	0.884859
C6orf201	NA	209	3068	3.17899
C6orf203	NA	240	1794	6.24292
C6orf222	NA	5	3735	0.0624709
C6orf223	NA	73	3623	0.940271
C6orf226	NA	46	552	3.88882
C6orf229	NA	13	821	0.738923
C6orf25	NA	148	17809	0.387812
C6orf47	NA	1072	17327	2.88716
C6orf48	NA	2117	4300	22.9748
C6orf52	NA	47	881	2.48955
C6orf58	NA	2	1201	0.0777116
C6orf62	NA	2252	2472	42.5127
C6orf7	NA	10	905	0.515644
C6orf89	NA	1528	7239	9.85016
C6orf99	NA	4	1176	0.158727
C7	NA	0	4013	0
C7orf13	NA	87	2289	1.77367
C7orf25	NA	269	1825	6.87841
C7orf26	NA	533	2178	11.4201
C7orf31	NA	393	3609	5.08165
C7orf33	NA	0	1354	0
C7orf34	NA	0	768	0
C7orf43	NA	780	2556	14.2407
C7orf49	NA	819	4358	8.76991
C7orf50	NA	2629	1293	94.8835
C7orf55	NA	234	1474	7.40827
C7orf55-LUC7L2	NA	2597	2747	44.1176
C7orf57	NA	17	2134	0.371752
C7orf60	NA	188	3942	2.22556
C7orf61	NA	15	1004	0.697198
C7orf62	NA	0	1019	0
C7orf65	NA	5	2911	0.0801542
C7orf66	NA	0	435	0
C7orf69	NA	3	807	0.173479
C7orf71	NA	0	1956	0
C7orf72	NA	0	1404	0
C7orf73	NA	1283	2498	23.9681
C7orf76	NA	1	2707	0.0172389
C7orf77	NA	0	669	0
C8A	NA	0	2392	0
C8B	NA	0	2513	0
C8G	NA	2	877	0.106421
C8orf22	NA	0	2027	0
C8orf31	NA	8	2125	0.175683
C8orf33	NA	1733	2617	30.9025
C8orf34	NA	0	5363	0
C8orf34-AS1	NA	0	1600	0
C8orf37	NA	117	3373	1.61871
C8orf37-AS1	NA	0	878	0
C8orf4	NA	8	1841	0.202785
C8orf44	NA	108	1885	2.67369
C8orf44-SGK3	NA	357	4563	3.65104
C8orf46	NA	48	3465	0.646453
C8orf48	NA	6	1446	0.193634
C8orf49	NA	0	1968	0
C8orf58	NA	376	2061	8.51351
C8orf59	NA	1571	1184	61.9189
C8orf74	NA	0	1036	0
C8orf76	NA	653	1342	22.707
C8orf82	NA	361	1932	8.71964
C8orf86	NA	0	2250	0
C8orf87	NA	0	588	0
C8orf88	NA	5	1053	0.221585
C8orf89	NA	1	563	0.0828877
C9	NA	0	2692	0
C9orf106	NA	4	843	0.221427
C9orf114	NA	1734	4286	18.8797
C9orf116	NA	194	722	12.539
C9orf117	NA	43	1722	1.16529
C9orf129	NA	82	1154	3.31594
C9orf131	NA	1	3551	0.0131416
C9orf135	NA	3	1273	0.109974
C9orf135-AS1	NA	0	953	0
C9orf139	NA	2	3815	0.0244644
C9orf142	NA	391	812	22.4708
C9orf152	NA	2	2656	0.0351399
C9orf153	NA	2	1971	0.0473524
C9orf156	NA	271	1647	7.67846
C9orf16	NA	1300	713	85.0849
C9orf163	NA	27	2573	0.489692
C9orf170	NA	0	3409	0
C9orf171	NA	3	1848	0.0757562
C9orf172	NA	81	2931	1.28964
C9orf173	NA	4	1207	0.154651
C9orf173-AS1	NA	5	1701	0.137172
C9orf24	NA	4	1331	0.140243
C9orf3	NA	376	5178	3.38863
C9orf40	NA	462	2325	9.27295
C9orf41	NA	69	2193	1.46828
C9orf41-AS1	NA	2	1809	0.0515929
C9orf43	NA	2	2228	0.0418903
C9orf47	NA	1	4896	0.00953141
C9orf50	NA	6	1620	0.172836
C9orf57	NA	0	1497	0
C9orf62	NA	0	1920	0
C9orf64	NA	0	2473	0
C9orf66	NA	5	2786	0.0837505
C9orf69	NA	1409	3205	20.5155
C9orf72	NA	90	4562	0.920632
C9orf78	NA	1298	1818	33.318
C9orf84	NA	3	5413	0.0258632
C9orf85	NA	291	1315	10.3268
C9orf89	NA	295	906	15.1947
C9orf9	NA	88	719	5.71153
C9orf91	NA	361	4356	3.86739
C9orf92	NA	0	447	0
CA1	NA	0	1511	0
CA10	NA	0	3867	0
CA11	NA	2568	1653	72.4971
CA12	NA	1578	4209	17.4955
CA13	NA	12	3855	0.145263
CA14	NA	931	1821	23.8582
CA2	NA	31	1666	0.868331
CA3	NA	0	1751	0
CA3-AS1	NA	1	1436	0.0324971
CA4	NA	2	1154	0.0808766
CA5A	NA	0	1084	0
CA5B	NA	83	6032	0.642119
CA5BP1	NA	175	994	8.21581
CA6	NA	0	1463	0
CA7	NA	0	1849	0
CA8	NA	0	2278	0
CA9	NA	2	1554	0.0600589
CAAP1	NA	223	2969	3.50504
CAB39	NA	1276	4340	13.7202
CAB39L	NA	520	4176	5.81088
CABIN1	NA	0	7581	0
CABLES1	NA	3808	5240	33.9129
CABLES2	NA	427	3785	5.26454
CABP1	NA	10	1960	0.238091
CABP2	NA	0	957	0
CABP4	NA	1	4335	0.0107649
CABP5	NA	0	1828	0
CABP7	NA	206	2980	3.22589
CABS1	NA	0	1544	0
CABYR	NA	15	2404	0.291176
CACFD1	NA	470	2880	7.6156
CACHD1	NA	48	5848	0.38303
CACNA1A	NA	27	8738	0.144195
CACNA1B	NA	296	9790	1.41094
CACNA1C	NA	110	14169	0.362287
CACNA1C-AS1	NA	5	2230	0.104632
CACNA1C-AS2	NA	4	609	0.306508
CACNA1C-AS4	NA	0	737	0
CACNA1C-IT2	NA	0	588	0
CACNA1C-IT3	NA	0	430	0
CACNA1D	NA	1	7827	0.00596216
CACNA1E	NA	2	15088	0.00618582
CACNA1F	NA	1	6110	0.00763761
CACNA1G	NA	106	8267	0.598352
CACNA1G-AS1	NA	4	1433	0.13026
CACNA1H	NA	675	8088	3.89459
CACNA1I	NA	11	10002	0.0513221
CACNA1S	NA	5	6168	0.037829
CACNA2D1	NA	62	7864	0.367914
CACNA2D2	NA	283	5862	2.25289
CACNA2D3	NA	0	3675	0
CACNA2D3-AS1	NA	0	2078	0
CACNA2D4	NA	23	5343	0.200882
CACNB1	NA	448	4111	5.08545
CACNB2	NA	7	5992	0.0545161
CACNB3	NA	397	3235	5.72684
CACNB4	NA	11	8362	0.0613877
CACNG1	NA	0	1318	0
CACNG2	NA	0	4523	0
CACNG3	NA	0	2703	0
CACNG4	NA	1312	3430	17.85
CACNG5	NA	0	926	0
CACNG6	NA	3	1899	0.0737216
CACNG7	NA	1338	2345	26.6264
CACNG8	NA	1205	8751	6.42581
CACTIN	NA	1211	3624	15.5939
CACTIN-AS1	NA	360	1913	8.78185
CACUL1	NA	1488	6740	10.3025
CACYBP	NA	1899	3315	26.7325
CAD	NA	2442	7114	16.0188
CADM1	NA	19	4394	0.201787
CADM2	NA	0	9881	0
CADM2-AS2	NA	0	768	0
CADM3	NA	0	3698	0
CADM3-AS1	NA	0	3294	0
CADM4	NA	2588	2176	55.5014
CADPS	NA	1	5551	0.00840674
CADPS2	NA	81	6090	0.620678
CAGE1	NA	18	3425	0.245251
CAHM	NA	19	886	1.00073
CALB1	NA	0	2535	0
CALB2	NA	6	1470	0.190473
CALCA	NA	0	1412	0
CALCB	NA	0	1031	0
CALCOCO1	NA	3816	3046	58.4625
CALCOCO2	NA	3794	3817	46.3846
CALCR	NA	0	3986	0
CALCRL	NA	4	6155	0.0303271
CALD1	NA	252	5506	2.13581
CALHM1	NA	4	3056	0.0610809
CALHM2	NA	75	1949	1.79576
CALHM3	NA	17	1652	0.480217
CALM1	NA	6201	4256	67.9922
CALM2	NA	14326	4855	137.7
CALM3	NA	8283	2259	171.108
CALML3	NA	0	1380	0
CALML3-AS1	NA	0	3709	0
CALML4	NA	343	4635	3.45337
CALML5	NA	0	876	0
CALML6	NA	36	1101	1.52586
CALN1	NA	0	9981	0
CALR	NA	16669	1911	407.05
CALR3	NA	2	1292	0.0722381
CALU	NA	7346	6365	53.8581
CALY	NA	731	983	34.7026
CAMK1	NA	25	1492	0.781934
CAMK1D	NA	48	8867	0.252617
CAMK1G	NA	702	2470	13.2629
CAMK2A	NA	215	4904	2.04591
CAMK2B	NA	83	4589	0.844032
CAMK2D	NA	1267	6094	9.70226
CAMK2G	NA	491	3914	5.85409
CAMK2N1	NA	88	2351	1.74674
CAMK2N2	NA	198	1360	6.79399
CAMK4	NA	1	2241	0.0208236
CAMKK1	NA	108	4470	1.1275
CAMKK2	NA	569	6261	4.24099
CAMKMT	NA	127	1555	3.81129
CAMKV	NA	50	3028	0.770571
CAMLG	NA	724	2242	15.0696
CAMP	NA	0	745	0
CAMSAP1	NA	1129	7631	6.90417
CAMSAP2	NA	606	7388	3.82776
CAMSAP3	NA	461	4185	5.14049
CAMTA1	NA	945	9283	4.75053
CAMTA2	NA	1026	4927	9.7177
CAND1	NA	2385	5992	18.5744
CAND1.11	NA	1	1019	0.0457957
CAND2	NA	465	4592	4.72552
CANT1	NA	1608	3674	20.4242
CANX	NA	8551	4950	80.614
CAP1	NA	8881	2773	149.455
CAP2	NA	380	3027	5.85828
CAPG	NA	142	1677	3.95143
CAPN1	NA	2918	3397	40.0856
CAPN10	NA	564	2644	9.95443
CAPN10-AS1	NA	93	3567	1.21669
CAPN11	NA	12	2728	0.205275
CAPN12	NA	1682	3129	25.0853
CAPN13	NA	0	2681	0
CAPN14	NA	1	3822	0.0122098
CAPN15	NA	1165	4744	11.4599
CAPN2	NA	5915	3727	74.0618
CAPN3	NA	46	3662	0.58619
CAPN5	NA	337	4390	3.58232
CAPN6	NA	4	3595	0.051923
CAPN7	NA	478	4368	5.10674
CAPN8	NA	2	2101	0.0444225
CAPN9	NA	1	2593	0.0179968
CAPNS1	NA	7108	1821	182.153
CAPNS2	NA	0	1009	0
CAPRIN1	NA	5352	6861	36.4022
CAPRIN2	NA	669	4529	6.89323
CAPS	NA	103	2147	2.23874
CAPS2	NA	29	4558	0.296908
CAPSL	NA	0	1098	0
CAPZA1	NA	3855	2740	65.6557
CAPZA2	NA	1016	2356	20.1241
CAPZA3	NA	0	1078	0
CAPZB	NA	7233	2907	116.111
CARD10	NA	1088	3899	13.0219
CARD11	NA	0	4431	0
CARD14	NA	51	4912	0.484519
CARD16	NA	5	758	0.307822
CARD17	NA	0	466	0
CARD18	NA	2	660	0.141412
CARD6	NA	1	4097	0.0113902
CARD8	NA	378	5766	3.05926
CARD8-AS1	NA	21	1963	0.499227
CARD9	NA	22	2123	0.483583
CARF	NA	50	6265	0.372433
CARHSP1	NA	1628	3721	20.4171
CARKD	NA	1052	2862	17.1532
CARM1	NA	1780	2968	27.9869
CARNS1	NA	7	3969	0.082303
CARS	NA	1748	2827	28.8546
CARS2	NA	1458	1909	35.641
CARTPT	NA	6	915	0.306005
CASC1	NA	14	2738	0.238613
CASC10	NA	1706	1989	40.0261
CASC11	NA	2	1520	0.0614024
CASC15	NA	0	1889	0
CASC16	NA	1	1001	0.0466192
CASC17	NA	0	2062	0
CASC18	NA	58	2704	1.00097
CASC19	NA	0	323	0
CASC2	NA	22	5214	0.196902
CASC20	NA	0	1563	0
CASC21	NA	3	585	0.239312
CASC23	NA	0	1583	0
CASC3	NA	2007	4180	22.4063
CASC4	NA	667	3985	7.81081
CASC5	NA	261	7685	1.58488
CASC6	NA	0	1608	0
CASC8	NA	3	1932	0.0724624
CASC9	NA	0	1648	0
CASD1	NA	190	3879	2.28577
CASK	NA	869	8311	4.87939
CASKIN1	NA	925	5695	7.57961
CASKIN2	NA	692	5180	6.23412
CASP1	NA	3	2007	0.0697546
CASP10	NA	105	6684	0.73308
CASP12	NA	0	1783	0
CASP14	NA	0	3144	0
CASP1P2	NA	3	2195	0.0637801
CASP2	NA	571	4355	6.11852
CASP3	NA	3402	2673	59.3928
CASP4	NA	3	1418	0.0987288
CASP5	NA	0	1488	0
CASP6	NA	616	1661	17.3065
CASP7	NA	521	3093	7.86061
CASP8	NA	284	3641	3.63996
CASP8AP2	NA	488	6763	3.36728
CASP9	NA	343	3304	4.84454
CASQ1	NA	220	1958	5.24335
CASQ2	NA	0	2700	0
CASR	NA	0	5141	0
CASS4	NA	1	3258	0.0143234
CAST	NA	1831	5161	16.5559
CASZ1	NA	153	8554	0.834682
CAT	NA	340	2300	6.89842
CATIP	NA	22	1323	0.776
CATIP-AS1	NA	4	547	0.341249
CATIP-AS2	NA	1	1183	0.039447
CATSPER1	NA	6	2619	0.106909
CATSPER2	NA	86	1954	2.05387
CATSPER2P1	NA	19	1635	0.542294
CATSPER3	NA	13	1367	0.443786
CATSPER4	NA	1	1419	0.0328864
CATSPERB	NA	0	3623	0
CATSPERD	NA	4	2513	0.074279
CATSPERG	NA	480	3724	6.01493
CAV1	NA	0	3658	0
CAV2	NA	0	3306	0
CAV3	NA	0	1431	0
CBFA2T2	NA	1124	7917	6.62528
CBFA2T3	NA	141	4553	1.44517
CBFB	NA	882	3133	13.1373
CBL	NA	1283	11231	5.33098
CBLB	NA	437	3976	5.12901
CBLC	NA	3	1591	0.0879933
CBLL1	NA	565	4505	5.85265
CBLN1	NA	4	2434	0.0766899
CBLN2	NA	3	2894	0.0483751
CBLN3	NA	100	2344	1.99086
CBLN4	NA	0	3107	0
CBR1	NA	0	1952	0
CBR3	NA	116	1112	4.86801
CBR3-AS1	NA	104	2126	2.2828
CBR4	NA	464	3501	6.18478
CBS	NA	1861	2728	31.8347
CBWD1	NA	2091	1821	53.5849
CBWD2	NA	786	1827	20.0763
CBWD3	NA	1184	1723	32.0675
CBWD5	NA	3632	3761	45.0652
CBWD6	NA	1974	1719	53.5883
CBX1	NA	3029	2676	52.8216
CBX2	NA	1135	4996	10.6016
CBX3	NA	4466	2453	84.9611
CBX3P2	NA	5	1429	0.163281
CBX4	NA	492	2649	8.66726
CBX5	NA	6414	11867	25.2224
CBX6	NA	2236	6165	16.9253
CBX7	NA	279	3962	3.28616
CBX8	NA	299	1546	9.02527
CBY1	NA	634	1271	23.2778
CBY3	NA	2	810	0.115224
CC2D1A	NA	633	3640	8.11523
CC2D1B	NA	1383	5654	11.4147
CC2D2A	NA	236	6413	1.71731
CC2D2B	NA	6	2114	0.132448
CCAR1	NA	2738	4759	26.8483
CCAR2	NA	3071	4202	34.1053
CCAT1	NA	1	2795	0.0166962
CCAT2	NA	0	1752	0
CCBE1	NA	2	6260	0.0149092
CCBL1	NA	276	2519	5.11305
CCBL2	NA	853	2152	18.4972
CCDC101	NA	227	1151	9.20342
CCDC102A	NA	476	2429	9.14488
CCDC102B	NA	3	2919	0.0479607
CCDC103	NA	74	1799	1.91955
CCDC105	NA	0	1751	0
CCDC106	NA	957	1992	22.4193
CCDC107	NA	331	1258	12.2785
CCDC108	NA	21	8871	0.11047
CCDC109B	NA	450	1274	16.4832
CCDC110	NA	72	2896	1.1602
CCDC112	NA	199	2877	3.22784
CCDC113	NA	335	5266	2.96868
CCDC114	NA	41	3220	0.594192
CCDC115	NA	309	2489	5.79338
CCDC116	NA	3	2192	0.0638674
CCDC117	NA	1023	4078	11.7065
CCDC12	NA	1091	1167	43.6267
CCDC120	NA	546	4532	5.62214
CCDC121	NA	35	2844	0.574298
CCDC122	NA	0	2008	0
CCDC124	NA	1443	1083	62.178
CCDC125	NA	5	3710	0.0628919
CCDC126	NA	33	2473	0.622714
CCDC127	NA	587	1420	19.2907
CCDC129	NA	0	5715	0
CCDC13	NA	23	2830	0.379263
CCDC13-AS1	NA	0	554	0
CCDC130	NA	465	1632	13.2963
CCDC132	NA	262	5858	2.08714
CCDC134	NA	82	1327	2.88364
CCDC136	NA	261	4363	2.79161
CCDC137	NA	1444	2108	31.9665
CCDC138	NA	131	2529	2.41725
CCDC14	NA	780	4305	8.45513
CCDC140	NA	0	1699	0
CCDC141	NA	5	9127	0.0255647
CCDC142	NA	292	4339	3.14045
CCDC144A	NA	0	5968	0
CCDC144B	NA	0	8695	0
CCDC144CP	NA	2	4204	0.0222007
CCDC144NL	NA	0	2806	0
CCDC144NL-AS1	NA	26	3469	0.349758
CCDC146	NA	66	3333	0.924075
CCDC148	NA	101	2979	1.58216
CCDC148-AS1	NA	0	795	0
CCDC149	NA	46	4224	0.508198
CCDC15	NA	35	3893	0.419549
CCDC150	NA	152	3685	1.92489
CCDC151	NA	216	2255	4.46998
CCDC152	NA	36	3491	0.481229
CCDC153	NA	81	767	4.9282
CCDC154	NA	29	2191	0.617667
CCDC155	NA	1	2383	0.0195828
CCDC157	NA	159	3003	2.47082
CCDC158	NA	1	3626	0.0128698
CCDC159	NA	17	1063	0.746302
CCDC160	NA	215	1299	7.72375
CCDC162P	NA	2	715	0.130534
CCDC163P	NA	39	2169	0.839081
CCDC166	NA	1	1320	0.0353529
CCDC167	NA	308	620	23.1824
CCDC168	NA	9	21470	0.0195618
CCDC169	NA	4	1539	0.121289
CCDC169-SOHLH2	NA	12	2650	0.211317
CCDC17	NA	53	2250	1.09924
CCDC170	NA	9	5283	0.0794988
CCDC171	NA	32	4359	0.34258
CCDC172	NA	0	1699	0
CCDC173	NA	29	2169	0.623932
CCDC174	NA	386	2960	6.08547
CCDC175	NA	3	2610	0.0536388
CCDC176	NA	86	3107	1.29168
CCDC177	NA	3	4179	0.0335002
CCDC178	NA	0	3496	0
CCDC179	NA	0	800	0
CCDC18	NA	334	4790	3.25394
CCDC180	NA	125	5635	1.03518
CCDC181	NA	3	2402	0.0582837
CCDC182	NA	0	849	0
CCDC183	NA	42	1716	1.14217
CCDC183-AS1	NA	35	2386	0.684536
CCDC184	NA	310	2344	6.17167
CCDC185	NA	0	2098	0
CCDC186	NA	121	6277	0.899564
CCDC22	NA	237	2319	4.76921
CCDC23	NA	343	798	20.0581
CCDC24	NA	190	1461	6.06879
CCDC25	NA	1553	3640	19.9099
CCDC26	NA	44	2026	1.01347
CCDC27	NA	2	2174	0.0429308
CCDC28A	NA	230	1496	7.17455
CCDC28B	NA	266	1665	7.45532
CCDC3	NA	5	3811	0.0612251
CCDC30	NA	8	3098	0.120506
CCDC33	NA	2	3843	0.0242861
CCDC34	NA	863	2943	13.6842
CCDC36	NA	2	3068	0.030421
CCDC37	NA	0	2086	0
CCDC37-AS1	NA	0	933	0
CCDC38	NA	2	1954	0.0477644
CCDC39	NA	9	3854	0.108976
CCDC40	NA	156	4981	1.46153
CCDC42	NA	1	1380	0.0338158
CCDC42B	NA	762	1514	23.487
CCDC43	NA	1293	2138	28.2221
CCDC47	NA	1862	3419	25.4144
CCDC50	NA	1116	8949	5.81954
CCDC51	NA	818	1719	22.2063
CCDC53	NA	517	1015	23.7697
CCDC54	NA	0	1294	0
CCDC57	NA	424	2997	6.60203
CCDC58	NA	882	746	55.1732
CCDC59	NA	956	1744	25.5806
CCDC6	NA	2018	5826	16.164
CCDC60	NA	0	2450	0
CCDC61	NA	101	1823	2.58543
CCDC62	NA	21	3216	0.304721
CCDC63	NA	1	1993	0.0234149
CCDC64	NA	688	3081	10.4207
CCDC64B	NA	7	1811	0.180376
CCDC65	NA	21	1815	0.539935
CCDC66	NA	438	3136	6.51774
CCDC67	NA	0	2666	0
CCDC68	NA	0	4206	0
CCDC69	NA	391	3399	5.36815
CCDC7	NA	56	7816	0.334351
CCDC70	NA	0	1154	0
CCDC71	NA	1033	1812	26.6036
CCDC71L	NA	2248	4424	23.7126
CCDC73	NA	1197	4032	13.8539
CCDC74A	NA	851	1668	23.8085
CCDC74B	NA	1018	1553	30.5897
CCDC77	NA	425	2504	7.92051
CCDC78	NA	209	1611	6.0541
CCDC79	NA	1	2446	0.0190784
CCDC8	NA	2298	3334	32.165
CCDC80	NA	143	4712	1.41622
CCDC81	NA	938	2781	15.7398
CCDC82	NA	270	2730	4.6153
CCDC83	NA	0	2357	0
CCDC84	NA	768	1518	23.6096
CCDC85A	NA	9	3983	0.105446
CCDC85B	NA	2176	1232	82.4227
CCDC85C	NA	1617	5671	13.306
CCDC86	NA	1503	2015	34.8083
CCDC87	NA	25	2915	0.400221
CCDC88A	NA	1291	9816	6.13748
CCDC88B	NA	318	4920	3.0162
CCDC88C	NA	376	7543	2.32618
CCDC89	NA	72	2434	1.38042
CCDC9	NA	673	2078	15.1136
CCDC90B	NA	1735	4423	18.3055
CCDC91	NA	242	2335	4.83646
CCDC92	NA	1230	2526	22.7233
CCDC93	NA	1103	6929	7.42854
CCDC94	NA	499	1397	16.6687
CCDC96	NA	154	2153	3.33792
CCDC97	NA	901	3322	12.6568
CCER1	NA	0	2962	0
CCER2	NA	16	1057	0.706389
CCHCR1	NA	1156	18109	2.97894
CCHE1	NA	0	2502	0
CCIN	NA	0	1943	0
CCK	NA	1	1614	0.0289131
CCKAR	NA	0	1682	0
CCKBR	NA	23	2183	0.491669
CCL1	NA	0	594	0
CCL11	NA	0	925	0
CCL13	NA	0	851	0
CCL14	NA	0	554	0
CCL15	NA	5	1080	0.216045
CCL15-CCL14	NA	5	1471	0.158619
CCL16	NA	0	1512	0
CCL17	NA	0	615	0
CCL18	NA	0	781	0
CCL19	NA	0	684	0
CCL2	NA	22	747	1.37436
CCL20	NA	8	842	0.443381
CCL21	NA	0	895	0
CCL22	NA	3	2918	0.0479772
CCL23	NA	0	626	0
CCL24	NA	0	360	0
CCL25	NA	1	1002	0.0465727
CCL26	NA	22	562	1.82678
CCL27	NA	1	459	0.101668
CCL28	NA	9	4194	0.100141
CCL3	NA	2	796	0.117251
CCL3L1	NA	0	1759	0
CCL3L3	NA	0	1548	0
CCL4	NA	2	667	0.139927
CCL4L1	NA	0	1644	0
CCL4L2	NA	0	2043	0
CCL5	NA	8	1311	0.284765
CCL7	NA	0	815	0
CCL8	NA	0	1250	0
CCM2	NA	669	2170	14.3868
CCM2L	NA	392	2532	7.22472
CCNA1	NA	55	2302	1.11495
CCNA2	NA	1938	2798	32.3225
CCNB1	NA	3678	2167	79.2048
CCNB1IP1	NA	1506	1686	41.6837
CCNB2	NA	1321	1549	39.797
CCNB3	NA	10	4511	0.103449
CCNC	NA	1278	2307	25.8513
CCND1	NA	5117	4289	55.6747
CCND2	NA	10833	6522	77.5116
CCND2-AS1	NA	138	553	11.6454
CCND3	NA	740	3161	10.9246
CCNDBP1	NA	586	3650	7.4921
CCNE1	NA	563	1947	13.494
CCNE2	NA	119	2726	2.03714
CCNF	NA	1155	4287	12.5727
CCNG1	NA	3596	2468	67.9944
CCNG2	NA	300	5474	2.5575
CCNH	NA	755	1638	21.5096
CCNI	NA	2681	1873	66.7971
CCNI2	NA	4	2645	0.0705721
CCNJ	NA	417	4138	4.70267
CCNJL	NA	166	3881	1.99601
CCNK	NA	1726	2606	30.9076
CCNL1	NA	2289	3038	35.1606
CCNL2	NA	5222	3631	67.1134
CCNO	NA	163	2065	3.68355
CCNT1	NA	914	7079	6.02522
CCNT2	NA	575	7010	3.82779
CCNT2-AS1	NA	25	1405	0.830352
CCNY	NA	1453	5127	13.2252
CCNYL1	NA	1524	3911	18.1843
CCNYL2	NA	12	3305	0.169437
CCP110	NA	404	5587	3.37444
CCPG1	NA	1025	7223	6.62224
CCR1	NA	1047	2676	18.2583
CCR10	NA	76	1244	2.85097
CCR2	NA	0	3581	0
CCR3	NA	11	1865	0.275241
CCR4	NA	1	1657	0.0281628
CCR5	NA	5	3661	0.0637337
CCR6	NA	2	3687	0.0253137
CCR7	NA	1	2700	0.0172836
CCR8	NA	0	1487	0
CCR9	NA	0	2653	0
CCRL2	NA	43	1866	1.07536
CCRN4L	NA	192	1984	4.51605
CCS	NA	1659	1032	75.018
CCSAP	NA	286	5121	2.60621
CCSER1	NA	39	8080	0.225243
CCSER2	NA	495	8100	2.8518
CCT2	NA	4017	2282	82.1457
CCT3	NA	17666	2382	346.095
CCT4	NA	8053	2349	159.983
CCT5	NA	8833	4032	102.232
CCT6A	NA	5531	2664	96.8876
CCT6B	NA	130	1898	3.19629
CCT6P1	NA	205	1766	5.41704
CCT6P3	NA	304	2244	6.32193
CCT7	NA	8230	2032	189.006
CCT8	NA	9998	2315	201.54
CCT8L2	NA	1	2053	0.0227305
CCZ1	NA	1758	1824	44.9772
CCZ1B	NA	3080	1836	78.2847
CD101	NA	26	3563	0.340531
CD109	NA	14	9153	0.0713778
CD14	NA	5	1806	0.129197
CD151	NA	3052	1549	91.9458
CD160	NA	15	1633	0.428651
CD163	NA	1	4190	0.0111374
CD163L1	NA	0	4645	0
CD164	NA	3464	3112	51.9442
CD164L2	NA	1	1563	0.0298566
CD177	NA	3908	2222	82.0747
CD180	NA	0	2715	0
CD19	NA	0	1958	0
CD1A	NA	0	2095	0
CD1B	NA	0	1396	0
CD1C	NA	0	2592	0
CD1D	NA	5	3783	0.0616783
CD1E	NA	0	2117	0
CD2	NA	0	1531	0
CD200	NA	0	2290	0
CD200R1	NA	1	2397	0.0194684
CD200R1L	NA	0	1365	0
CD207	NA	9	1872	0.224355
CD209	NA	6	4426	0.0632614
CD22	NA	16	3295	0.226602
CD226	NA	2	3237	0.0288327
CD24	NA	68	2550	1.24442
CD244	NA	0	2525	0
CD247	NA	47	1681	1.30475
CD248	NA	18	2558	0.328375
CD27	NA	3	1320	0.106059
CD27-AS1	NA	12	2364	0.236882
CD274	NA	8	3686	0.101282
CD276	NA	3837	3401	52.6482
CD28	NA	0	4886	0
CD2AP	NA	245	5409	2.11372
CD2BP2	NA	2883	3648	36.8798
CD300A	NA	0	1893	0
CD300C	NA	4	1587	0.11762
CD300E	NA	0	3525	0
CD300LB	NA	0	2294	0
CD300LD	NA	0	644	0
CD300LF	NA	0	2060	0
CD300LG	NA	5	3528	0.0661363
CD302	NA	25	3979	0.293201
CD320	NA	1415	1251	52.7835
CD33	NA	9	1610	0.260865
CD34	NA	1	2811	0.0166011
CD36	NA	3	5427	0.0257965
CD37	NA	18	1243	0.675772
CD38	NA	1	1491	0.0312983
CD3D	NA	0	741	0
CD3E	NA	0	1513	0
CD3EAP	NA	704	3292	9.97956
CD3G	NA	0	1311	0
CD4	NA	39	3454	0.526916
CD40	NA	2	1828	0.0510567
CD40LG	NA	0	1833	0
CD44	NA	8	6678	0.0559039
CD46	NA	2317	3393	31.867
CD47	NA	12	5346	0.104749
CD48	NA	0	1906	0
CD5	NA	23	3157	0.339979
CD52	NA	568	505	52.4875
CD53	NA	2	1628	0.057329
CD55	NA	262	3465	3.52855
CD58	NA	127	1719	3.44768
CD59	NA	3421	8080	19.7579
CD5L	NA	0	2237	0
CD6	NA	1	3290	0.0141841
CD63	NA	11931	2060	270.277
CD68	NA	1936	1856	48.6773
CD69	NA	0	1676	0
CD7	NA	24	1283	0.872938
CD70	NA	4206	913	214.98
CD72	NA	51	1548	1.53744
CD74	NA	4012	1681	111.376
CD79A	NA	34	1258	1.26124
CD79B	NA	6	1264	0.221515
CD80	NA	1	2757	0.0169263
CD81	NA	2745	1678	76.3395
CD81-AS1	NA	51	1174	2.02722
CD82	NA	122	1691	3.36678
CD83	NA	13	2521	0.240641
CD84	NA	1	8279	0.00563665
CD86	NA	5	2922	0.0798525
CD8A	NA	102	3673	1.29592
CD8B	NA	0	1869	0
CD9	NA	1209	1314	42.9368
CD93	NA	0	6701	0
CD96	NA	0	4481	0
CD99	NA	2145	2387	41.9347
CD99L2	NA	1395	3745	17.3829
CD99P1	NA	72	6632	0.506625
CDA	NA	3	959	0.145983
CDADC1	NA	111	3401	1.52305
CDAN1	NA	677	4730	6.67923
CDC123	NA	1831	1548	55.1971
CDC14A	NA	163	5392	1.41071
CDC14B	NA	482	5743	3.91658
CDC14C	NA	9	2893	0.145175
CDC16	NA	1685	2293	34.2921
CDC20	NA	2800	1674	78.0551
CDC20B	NA	0	2984	0
CDC23	NA	1427	3155	21.1068
CDC25A	NA	949	3706	11.9498
CDC25B	NA	561	4290	6.10245
CDC25C	NA	699	2570	12.6924
CDC26	NA	885	870	47.4704
CDC27	NA	1946	5871	15.4678
CDC34	NA	2593	1445	83.7401
CDC37	NA	8989	1671	251.035
CDC37L1	NA	359	3515	4.76615
CDC37L1-AS1	NA	18	321	2.61677
CDC40	NA	511	3852	6.19061
CDC42	NA	7293	3155	107.871
CDC42BPA	NA	830	10506	3.68671
CDC42BPB	NA	3159	6701	21.9993
CDC42BPG	NA	381	4939	3.59985
CDC42EP1	NA	1909	2162	41.2049
CDC42EP2	NA	385	2023	8.88103
CDC42EP3	NA	110	5898	0.870335
CDC42EP4	NA	2129	3101	32.0385
CDC42EP5	NA	541	891	28.3347
CDC42P3	NA	14	1836	0.355839
CDC42SE1	NA	1767	3183	25.9059
CDC42SE2	NA	732	3656	9.34337
CDC45	NA	280	2073	6.30315
CDC5L	NA	1146	6432	8.31452
CDC6	NA	1086	3053	16.5998
CDC7	NA	696	3415	9.5108
CDC73	NA	542	5939	4.25877
CDCA2	NA	710	3720	8.90664
CDCA3	NA	752	2123	16.5298
CDCA4	NA	908	2453	17.2738
CDCA5	NA	1526	2576	27.6444
CDCA7	NA	590	2810	9.79816
CDCA7L	NA	1211	2962	19.0791
CDCA8	NA	1512	2486	28.3824
CDCP1	NA	6	6267	0.0446776
CDCP2	NA	1	1959	0.0238212
CDH1	NA	944	4815	9.14902
CDH10	NA	7	3436	0.09507
CDH11	NA	0	3648	0
CDH12	NA	2	4345	0.0214802
CDH13	NA	838	4331	9.02931
CDH15	NA	3	2859	0.0489673
CDH16	NA	1	2954	0.0157975
CDH17	NA	2	3804	0.0245351
CDH18	NA	0	3959	0
CDH19	NA	0	6241	0
CDH2	NA	5	4451	0.0524217
CDH20	NA	0	2855	0
CDH22	NA	0	3903	0
CDH23	NA	283	13716	0.962848
CDH24	NA	1758	3553	23.0899
CDH26	NA	5	3420	0.0682249
CDH3	NA	18	4276	0.196442
CDH4	NA	188	6812	1.2879
CDH5	NA	14	4128	0.158266
CDH6	NA	3	8571	0.0163338
CDH7	NA	1	2958	0.0157761
CDH8	NA	0	4952	0
CDH9	NA	0	3075	0
CDHR1	NA	29	7323	0.184802
CDHR2	NA	7	4376	0.0746482
CDHR3	NA	53	6500	0.380506
CDHR4	NA	22	2488	0.41264
CDHR5	NA	12	3489	0.160501
CDIP1	NA	3747	2887	60.5669
CDIPT	NA	1881	1906	46.0537
CDIPT-AS1	NA	1	810	0.0576121
CDK1	NA	1426	3318	20.0559
CDK10	NA	851	1798	22.0871
CDK11A	NA	2462	2627	43.7348
CDK11B	NA	3226	3120	48.2512
CDK12	NA	1152	8283	6.49028
CDK13	NA	1075	6975	7.19222
CDK14	NA	6	5485	0.0510474
CDK15	NA	1	4789	0.00974437
CDK16	NA	2756	3983	32.29
CDK17	NA	204	4713	2.01991
CDK18	NA	2253	3274	32.113
CDK19	NA	421	6448	3.04688
CDK2	NA	1449	2301	29.3867
CDK20	NA	249	2432	4.77787
CDK2AP1	NA	2090	2156	45.2373
CDK2AP2	NA	1063	1793	27.6663
CDK3	NA	69	1570	2.05092
CDK4	NA	7684	2002	179.111
CDK5	NA	624	1193	24.4086
CDK5R1	NA	63	3854	0.76283
CDK5R2	NA	225	2528	4.1534
CDK5RAP1	NA	1283	2130	28.109
CDK5RAP2	NA	1738	6451	12.5725
CDK5RAP3	NA	2230	3117	33.3862
CDK6	NA	939	11762	3.72549
CDK7	NA	584	1517	17.9649
CDK8	NA	235	1769	6.19924
CDK9	NA	1653	2472	31.2049
CDKAL1	NA	327	3271	4.66515
CDKL1	NA	35	2801	0.583114
CDKL2	NA	0	4715	0
CDKL3	NA	68	2407	1.31835
CDKL4	NA	1	1567	0.0297803
CDKL5	NA	1	3518	0.0132649
CDKN1A	NA	9676	2637	171.232
CDKN1B	NA	766	2522	14.1737
CDKN1C	NA	179	1930	4.32807
CDKN2A	NA	877	2078	19.6949
CDKN2A-AS1	NA	2	616	0.151512
CDKN2AIP	NA	308	2374	6.05437
CDKN2AIPNL	NA	689	1254	25.6401
CDKN2B	NA	367	3984	4.29878
CDKN2B-AS1	NA	6	4208	0.0665387
CDKN2C	NA	164	2478	3.08845
CDKN2D	NA	231	1423	7.5754
CDKN3	NA	566	891	29.644
CDNF	NA	18	1330	0.631567
CDO1	NA	0	1614	0
CDON	NA	543	8116	3.12217
CDPF1	NA	209	1492	6.53697
CDR1	NA	0	1299	0
CDR2	NA	792	2702	13.6785
CDR2L	NA	1126	3533	14.8728
CDRT1	NA	43	3775	0.531557
CDRT15	NA	11	567	0.905333
CDRT15L2	NA	0	1048	0
CDRT15P1	NA	8	1101	0.339079
CDRT15P2	NA	0	571	0
CDRT4	NA	789	2498	14.7395
CDRT7	NA	0	767	0
CDRT8	NA	0	719	0
CDS1	NA	71	4538	0.730117
CDS2	NA	1196	9323	5.98652
CDSN	NA	44	14398	0.14261
CDT1	NA	955	2675	16.6601
CDV3	NA	17307	4520	178.683
CDX1	NA	1	1772	0.0263351
CDX2	NA	125	2351	2.48117
CDX4	NA	0	855	0
CDY1	NA	0	2669	0
CDY1B	NA	0	2669	0
CDY2A	NA	0	1960	0
CDY2B	NA	0	1960	0
CDYL	NA	650	4124	7.35518
CDYL2	NA	19	2235	0.396711
CEACAM1	NA	183	3612	2.3643
CEACAM16	NA	0	1692	0
CEACAM18	NA	0	1125	0
CEACAM19	NA	240	2248	4.98211
CEACAM20	NA	0	1809	0
CEACAM21	NA	8	1852	0.20158
CEACAM22P	NA	2	3016	0.0309455
CEACAM3	NA	0	1670	0
CEACAM4	NA	1	1205	0.0387268
CEACAM5	NA	1	3530	0.0132198
CEACAM6	NA	0	2601	0
CEACAM7	NA	0	2399	0
CEACAM8	NA	3	2303	0.0607891
CEBPA	NA	287	2631	5.09049
CEBPA-AS1	NA	85	2201	1.80218
CEBPB	NA	545	2108	12.0649
CEBPB-AS1	NA	172	2973	2.6998
CEBPD	NA	96	1251	3.58107
CEBPE	NA	2	1547	0.0603307
CEBPG	NA	1181	3860	14.2778
CEBPZ	NA	2147	3327	30.1147
CEBPZOS	NA	915	3335	12.8034
CECR1	NA	2	4868	0.0191725
CECR2	NA	528	9662	2.55015
CECR3	NA	0	1914	0
CECR5	NA	1445	1880	35.8681
CECR5-AS1	NA	8	626	0.596368
CECR6	NA	152	5069	1.39933
CECR7	NA	193	2726	3.30392
CEL	NA	434	2386	8.48825
CELA1	NA	0	952	0
CELA2A	NA	0	920	0
CELA2B	NA	0	923	0
CELA3A	NA	0	907	0
CELA3B	NA	0	1003	0
CELF1	NA	2777	9084	14.2658
CELF2	NA	20	9791	0.0953239
CELF2-AS1	NA	0	2573	0
CELF2-AS2	NA	0	2275	0
CELF3	NA	10	5856	0.0796889
CELF4	NA	3	4054	0.0345332
CELF5	NA	107	5258	0.949646
CELF6	NA	111	3575	1.44892
CELP	NA	141	985	6.68008
CELSR1	NA	788	11389	3.22879
CELSR2	NA	581	10540	2.57237
CELSR3	NA	626	11962	2.44213
CELSR3-AS1	NA	6	200	1.39997
CEMIP	NA	5	7271	0.0320904
CEMP1	NA	453	1374	15.3854
CEND1	NA	129	1646	3.65728
CENPA	NA	424	1429	13.8463
CENPB	NA	1356	2840	22.2813
CENPBD1	NA	217	3058	3.31147
CENPBD1P1	NA	757	3341	10.5735
CENPC	NA	388	3349	5.40649
CENPE	NA	1499	8615	8.11979
CENPF	NA	4799	10296	21.7511
CENPH	NA	347	1389	11.6581
CENPI	NA	95	2563	1.72971
CENPJ	NA	529	5232	4.71831
CENPK	NA	260	1731	7.00931
CENPL	NA	169	2787	2.82975
CENPM	NA	596	1693	16.4281
CENPN	NA	861	5307	7.57099
CENPO	NA	1670	4244	18.3628
CENPP	NA	207	3656	2.64218
CENPQ	NA	82	1728	2.21446
CENPT	NA	2543	2345	50.606
CENPU	NA	1071	2550	19.5996
CENPV	NA	652	1164	26.1393
CENPVP1	NA	0	1302	0
CENPVP2	NA	0	1302	0
CENPW	NA	724	3998	8.45073
CEP104	NA	723	6458	5.22443
CEP112	NA	377	4102	4.28888
CEP120	NA	485	4711	4.80427
CEP126	NA	78	7046	0.516596
CEP128	NA	116	4457	1.21455
CEP131	NA	872	3619	11.2441
CEP135	NA	114	5735	0.92762
CEP152	NA	274	5637	2.2683
CEP162	NA	243	5218	2.17321
CEP164	NA	1410	5697	11.5497
CEP170	NA	771	7214	4.98743
CEP170B	NA	2037	6810	13.9586
CEP170P1	NA	100	1070	4.36129
CEP19	NA	261	2202	5.53123
CEP192	NA	403	7976	2.35786
CEP250	NA	803	8324	4.50176
CEP290	NA	895	7955	5.25027
CEP295	NA	574	8044	3.32996
CEP295NL	NA	1	2167	0.0215347
CEP350	NA	927	13456	3.21486
CEP41	NA	6	9460	0.0295978
CEP44	NA	313	6552	2.2293
CEP55	NA	1002	2658	17.5918
CEP57	NA	682	3222	9.87774
CEP57L1	NA	190	3105	2.85556
CEP63	NA	571	6743	3.95168
CEP68	NA	822	5862	6.54372
CEP70	NA	763	2990	11.9084
CEP72	NA	234	2414	4.52353
CEP76	NA	261	3161	3.85314
CEP78	NA	1011	2750	17.156
CEP83	NA	447	3225	6.4681
CEP83-AS1	NA	18	2566	0.327352
CEP85	NA	601	4296	6.52843
CEP85L	NA	23	8042	0.133463
CEP89	NA	529	2671	9.24231
CEP95	NA	642	2689	11.1415
CEP97	NA	185	7693	1.12221
CEPT1	NA	482	2348	9.57961
CER1	NA	0	1205	0
CERCAM	NA	684	2808	11.3673
CERK	NA	2972	4445	31.2015
CERKL	NA	3	3288	0.0425783
CERS1	NA	1048	3752	13.0346
CERS2	NA	2671	2544	48.9954
CERS3	NA	0	4240	0
CERS3-AS1	NA	0	532	0
CERS4	NA	828	1816	21.2771
CERS5	NA	1650	3962	19.4343
CERS6	NA	1141	6851	7.77196
CERS6-AS1	NA	868	2985	13.5698
CES1	NA	0	2012	0
CES1P1	NA	0	2247	0
CES1P2	NA	1	1595	0.0292576
CES2	NA	1445	4203	16.0438
CES3	NA	311	4320	3.35951
CES4A	NA	4	2621	0.0712183
CES5A	NA	0	2480	0
CES5AP1	NA	13	880	0.689381
CETN1	NA	0	1678	0
CETN2	NA	2296	1080	99.208
CETN3	NA	656	1430	21.4075
CETN4P	NA	8	629	0.593524
CETP	NA	0	1717	0
CFAP126	NA	28	783	1.66876
CFAP20	NA	734	1291	26.5319
CFAP221	NA	53	3170	0.780217
CFAP36	NA	805	1383	27.1627
CFAP43	NA	59	5365	0.513193
CFAP44	NA	254	10539	1.12469
CFAP44-AS1	NA	0	686	0
CFAP45	NA	18	1795	0.467958
CFAP46	NA	118	8278	0.665205
CFAP47	NA	1	10646	0.00438341
CFAP52	NA	9	2193	0.191515
CFAP53	NA	49	1824	1.25363
CFAP54	NA	11	9782	0.0524764
CFAP57	NA	40	5127	0.364079
CFAP58	NA	15	3313	0.211285
CFAP58-AS1	NA	0	1085	0
CFAP61	NA	4	4673	0.039945
CFAP69	NA	46	3902	0.550135
CFAP70	NA	178	3704	2.24258
CFAP74	NA	3	5412	0.025868
CFAP97	NA	520	6310	3.84568
CFAP99	NA	4	2144	0.0870631
CFB	NA	110	17808	0.288255
CFC1	NA	0	1672	0
CFC1B	NA	0	1160	0
CFD	NA	4	1159	0.161055
CFDP1	NA	1567	1279	57.1738
CFH	NA	0	4375	0
CFHR1	NA	1	1297	0.0359798
CFHR2	NA	0	1036	0
CFHR3	NA	1	1640	0.0284548
CFHR4	NA	0	2181	0
CFHR5	NA	0	2828	0
CFI	NA	5	2161	0.107973
CFL1	NA	23671	1257	878.78
CFL1P1	NA	5	2120	0.110061
CFL2	NA	1503	3514	19.9598
CFLAR	NA	1362	15921	3.99214
CFLAR-AS1	NA	6	1041	0.268967
CFP	NA	11	1775	0.289196
CFTR	NA	1	6131	0.00761145
CGA	NA	56	844	3.09631
CGB	NA	90	919	4.5701
CGB1	NA	84	732	5.35509
CGB2	NA	52	732	3.31506
CGB5	NA	45	880	2.38632
CGB7	NA	230	880	12.1967
CGB8	NA	93	887	4.89281
CGGBP1	NA	1326	4804	12.8807
CGN	NA	1046	5101	9.56919
CGNL1	NA	7012	7339	44.5865
CGREF1	NA	56	2698	0.968601
CGRRF1	NA	238	1323	8.39491
CH17-340M24.3	NA	60	598	4.68219
CH17-360D5.1	NA	0	1449	0
CH17-408M7.1	NA	2	1409	0.0662396
CH25H	NA	0	1378	0
CHAC1	NA	378	1560	11.3075
CHAC2	NA	95	1275	3.47706
CHAD	NA	19	1695	0.523097
CHADL	NA	54	2533	0.994849
CHAF1A	NA	1185	3343	16.5417
CHAF1B	NA	573	2279	11.733
CHAMP1	NA	991	3818	12.1126
CHAT	NA	0	2728	0
CHCHD1	NA	896	844	49.5409
CHCHD10	NA	0	721	0
CHCHD2	NA	6267	815	358.84
CHCHD3	NA	2089	1590	61.3112
CHCHD4	NA	337	1604	9.80447
CHCHD5	NA	235	742	14.7796
CHCHD6	NA	235	1020	10.7514
CHCHD7	NA	232	1730	6.25807
CHD1	NA	937	6457	6.77185
CHD1L	NA	1382	3014	21.3975
CHD2	NA	2746	9521	13.4591
CHD3	NA	1226	7604	7.52397
CHD4	NA	12818	6545	91.3922
CHD5	NA	2431	9663	11.7401
CHD6	NA	807	10816	3.48181
CHD7	NA	44	11580	0.177314
CHD8	NA	2915	8383	16.227
CHD9	NA	452	11510	1.83258
CHDH	NA	210	3706	2.64431
CHEK1	NA	743	4897	7.08039
CHEK2	NA	641	2101	14.2374
CHEK2P2	NA	6	864	0.324068
CHERP	NA	2475	4095	28.2046
CHFR	NA	744	3374	10.2903
CHGA	NA	19	2046	0.433358
CHGB	NA	164	2650	2.888
CHI3L1	NA	755	1837	19.1795
CHI3L2	NA	10	1611	0.28967
CHIA	NA	1	1837	0.0254033
CHIAP2	NA	0	2803	0
CHIC1	NA	173	6916	1.16732
CHIC2	NA	417	1150	16.9214
CHID1	NA	1281	3817	15.6612
CHIT1	NA	1	2535	0.0184086
CHKA	NA	3275	2717	56.2497
CHKB	NA	761	1629	21.8003
CHKB-AS1	NA	23	1019	1.0533
CHKB-CPT1B	NA	1209	4276	13.1943
CHL1	NA	19	10502	0.0844268
CHL1-AS1	NA	0	910	0
CHM	NA	309	7934	1.81746
CHML	NA	281	7066	1.8558
CHMP1A	NA	2392	2591	43.0817
CHMP1B	NA	1378	3060	21.0149
CHMP1B2P	NA	0	6767	0
CHMP2A	NA	2023	1036	91.1244
CHMP2B	NA	860	2628	15.2712
CHMP3	NA	2343	3192	34.2537
CHMP4A	NA	1158	1356	39.8518
CHMP4B	NA	2905	1647	82.3097
CHMP4C	NA	0	1845	0
CHMP5	NA	524	2070	11.813
CHMP6	NA	505	1664	14.1624
CHMP7	NA	1181	3410	16.162
CHN1	NA	59	3310	0.831807
CHN2	NA	1	4764	0.00979551
CHODL	NA	33	2801	0.549793
CHODL-AS1	NA	1	461	0.101227
CHORDC1	NA	943	3385	13.0003
CHP1	NA	2346	3228	33.9151
CHP2	NA	0	2382	0
CHPF	NA	5030	3176	73.9071
CHPF2	NA	2230	3988	26.0945
CHPT1	NA	341	1567	10.1551
CHRAC1	NA	806	2548	14.7616
CHRD	NA	122	3740	1.52225
CHRDL1	NA	0	4159	0
CHRDL2	NA	5	2770	0.0842343
CHRFAM7A	NA	14	2858	0.228594
CHRM1	NA	1	2823	0.0165306
CHRM2	NA	0	2973	0
CHRM3	NA	0	2745	0
CHRM3-AS1	NA	0	483	0
CHRM3-AS2	NA	0	893	0
CHRM4	NA	22	1817	0.565023
CHRM5	NA	4	3039	0.0614226
CHRNA1	NA	0	2056	0
CHRNA10	NA	69	2007	1.60435
CHRNA2	NA	1	4067	0.0114743
CHRNA3	NA	94	3555	1.23392
CHRNA4	NA	27	5586	0.22556
CHRNA5	NA	162	3623	2.08663
CHRNA6	NA	0	2383	0
CHRNA7	NA	15	3433	0.203899
CHRNA9	NA	2	2276	0.0410069
CHRNB1	NA	153	2437	2.92978
CHRNB2	NA	2	5718	0.0163224
CHRNB3	NA	0	1953	0
CHRNB4	NA	0	2448	0
CHRND	NA	5	2963	0.0787476
CHRNE	NA	223	2460	4.23027
CHRNG	NA	2	2187	0.0426756
CHST1	NA	3	3940	0.0355323
CHST10	NA	497	2854	8.12645
CHST11	NA	869	5768	7.03061
CHST12	NA	474	2133	10.3702
CHST13	NA	3	1784	0.0784739
CHST14	NA	741	2198	15.7322
CHST15	NA	5	6524	0.0357647
CHST2	NA	495	4137	5.58365
CHST3	NA	2053	6973	13.7394
CHST4	NA	1	2307	0.0202279
CHST5	NA	27	3250	0.387685
CHST6	NA	13	6885	0.0881126
CHST7	NA	79	2474	1.49014
CHST8	NA	4	2898	0.064411
CHST9	NA	0	2259	0
CHSY1	NA	761	4550	7.80498
CHSY3	NA	0	3492	0
CHTF18	NA	905	3090	13.6675
CHTF8	NA	3247	3004	50.4407
CHTOP	NA	2242	2166	48.3032
CHUK	NA	462	3524	6.11793
CHURC1	NA	1086	3613	14.0269
CHURC1-FNTB	NA	618	2894	9.96526
CIAO1	NA	1376	4036	15.9098
CIAPIN1	NA	2441	2182	52.205
CIART	NA	93	2031	2.13684
CIB1	NA	1420	1308	50.6616
CIB2	NA	760	1716	20.6678
CIB3	NA	4	711	0.262536
CIB4	NA	0	745	0
CIC	NA	1849	8334	10.3534
CIDEA	NA	0	1585	0
CIDEB	NA	337	2242	7.01444
CIDEC	NA	3	1376	0.101742
CIDECP	NA	137	803	7.96166
CIITA	NA	0	4703	0
CILP	NA	39	4468	0.407334
CILP2	NA	31	4199	0.34452
CINP	NA	630	979	30.0301
CIPC	NA	745	4348	7.99586
CIR1	NA	924	1793	24.0486
CIRBP	NA	4732	3472	63.601
CIRBP-AS1	NA	54	1356	1.85837
CIRH1A	NA	1104	2254	22.8567
CISD1	NA	394	2108	8.72217
CISD2	NA	813	5891	6.44021
CISD3	NA	1364	2636	24.1472
CISH	NA	80	2268	1.64606
CISTR	NA	2	918	0.101668
CIT	NA	1251	8708	6.70406
CITED1	NA	17	1617	0.490611
CITED2	NA	4698	2117	103.56
CITED4	NA	114	1291	4.12076
CIZ1	NA	2438	3518	32.3397
CKAP2	NA	2097	4325	22.6262
CKAP2L	NA	621	4790	6.04999
CKAP4	NA	5654	3036	86.9066
CKAP5	NA	7259	6714	50.4538
CKB	NA	7537	1458	241.235
CKLF	NA	354	888	18.6033
CKLF-CMTM1	NA	224	890	11.7451
CKM	NA	15	1658	0.422188
CKMT1A	NA	643	1779	16.8668
CKMT1B	NA	708	1779	18.5719
CKMT2	NA	0	1646	0
CKMT2-AS1	NA	170	2915	2.7215
CKS1B	NA	1681	924	84.8974
CKS2	NA	2765	616	209.466
CLASP1	NA	1404	8188	8.00181
CLASP2	NA	693	7674	4.21415
CLASRP	NA	408	2238	8.50744
CLC	NA	6	633	0.44233
CLCA1	NA	0	3120	0
CLCA2	NA	4	4024	0.0463875
CLCA3P	NA	2	3412	0.0273539
CLCA4	NA	0	3208	0
CLCC1	NA	888	4845	8.55299
CLCF1	NA	201	1973	4.75409
CLCN1	NA	0	3096	0
CLCN2	NA	275	3290	3.90064
CLCN3	NA	692	6669	4.84222
CLCN4	NA	5	6788	0.0343737
CLCN5	NA	486	10632	2.13314
CLCN6	NA	587	5708	4.79902
CLCN7	NA	2983	4226	32.9399
CLCNKA	NA	8	2536	0.147211
CLCNKB	NA	5	2984	0.0781934
CLDN1	NA	41	3452	0.554258
CLDN10	NA	61	2939	0.968565
CLDN10-AS1	NA	0	895	0
CLDN11	NA	4	2859	0.0652897
CLDN12	NA	591	3664	7.52715
CLDN14	NA	4	2568	0.0726882
CLDN15	NA	364	2244	7.56968
CLDN16	NA	0	3273	0
CLDN17	NA	0	731	0
CLDN18	NA	9	3632	0.115637
CLDN19	NA	1	3602	0.0129555
CLDN2	NA	2	3438	0.0271471
CLDN20	NA	5	1209	0.192993
CLDN22	NA	51	2708	0.878861
CLDN23	NA	19	1952	0.454227
CLDN24	NA	7	663	0.492701
CLDN25	NA	0	690	0
CLDN3	NA	0	1274	0
CLDN34	NA	0	645	0
CLDN4	NA	379	1831	9.65939
CLDN5	NA	4	2314	0.0806669
CLDN6	NA	250	1370	8.51566
CLDN7	NA	23	2044	0.525104
CLDN8	NA	0	2146	0
CLDN9	NA	59	2050	1.34306
CLDND1	NA	1051	2542	19.2942
CLDND2	NA	16	974	0.766584
CLEC10A	NA	1	1780	0.0262167
CLEC11A	NA	1345	1407	44.6095
CLEC12A	NA	0	2309	0
CLEC12B	NA	0	3500	0
CLEC14A	NA	0	2371	0
CLEC16A	NA	1011	7089	6.65526
CLEC17A	NA	1	2225	0.0209734
CLEC18A	NA	58	2411	1.12261
CLEC18B	NA	75	1943	1.8013
CLEC18C	NA	37	1822	0.947659
CLEC19A	NA	0	2494	0
CLEC1A	NA	1	2905	0.016064
CLEC1B	NA	0	970	0
CLEC2A	NA	0	1220	0
CLEC2B	NA	0	2038	0
CLEC2D	NA	3936	5441	33.7579
CLEC2L	NA	0	1288	0
CLEC3A	NA	0	1997	0
CLEC3B	NA	10	962	0.485091
CLEC4A	NA	8	1281	0.291434
CLEC4C	NA	0	1314	0
CLEC4D	NA	0	1934	0
CLEC4E	NA	0	2158	0
CLEC4F	NA	42	2474	0.792225
CLEC4G	NA	0	1360	0
CLEC4GP1	NA	15	1935	0.36175
CLEC4M	NA	1	2404	0.0194117
CLEC5A	NA	0	3535	0
CLEC6A	NA	0	1613	0
CLEC7A	NA	2	2819	0.0331081
CLEC9A	NA	0	1737	0
CLECL1	NA	0	1724	0
CLGN	NA	514	2822	8.49972
CLHC1	NA	182	5418	1.56758
CLIC1	NA	15428	12418	57.9771
CLIC2	NA	32	2694	0.554308
CLIC3	NA	294	813	16.8755
CLIC4	NA	1545	4434	16.2604
CLIC5	NA	10	8279	0.0563665
CLIC6	NA	6	3800	0.0736828
CLINT1	NA	1593	4040	18.4006
CLIP1	NA	894	5913	7.05551
CLIP1-AS1	NA	1	896	0.0520824
CLIP2	NA	1542	5563	12.9352
CLIP3	NA	68	3628	0.874662
CLIP4	NA	238	5162	2.15158
CLK1	NA	981	3794	12.0662
CLK2	NA	1382	2179	29.5971
CLK2P1	NA	144	1812	3.70854
CLK3	NA	1055	2751	17.8962
CLK4	NA	280	2507	5.21198
CLLU1	NA	0	4250	0
CLLU1OS	NA	0	686	0
CLMN	NA	16	12750	0.058561
CLMP	NA	14	2630	0.248411
CLN3	NA	1527	2347	30.3616
CLN5	NA	458	2800	7.63319
CLN6	NA	1264	2242	26.3094
CLN8	NA	1453	7169	9.45814
CLNK	NA	0	1677	0
CLNS1A	NA	3372	1373	114.608
CLOCK	NA	420	11109	1.7643
CLP1	NA	663	1846	16.7603
CLPB	NA	326	3382	4.49824
CLPP	NA	1045	1151	42.3682
CLPS	NA	0	657	0
CLPSL1	NA	0	477	0
CLPSL2	NA	0	611	0
CLPTM1	NA	1815	2841	29.8129
CLPTM1L	NA	1761	2147	38.276
CLPX	NA	1177	2351	23.3627
CLRN1	NA	0	3370	0
CLRN1-AS1	NA	0	2045	0
CLRN2	NA	0	823	0
CLRN3	NA	0	1143	0
CLSPN	NA	822	8484	4.52137
CLSTN1	NA	4964	5226	44.3263
CLSTN2	NA	1694	4882	16.1925
CLSTN2-AS1	NA	0	2686	0
CLSTN3	NA	718	4002	8.37232
CLTA	NA	5878	1236	221.927
CLTB	NA	2938	1767	77.5915
CLTC	NA	9324	8587	50.671
CLTCL1	NA	277	5514	2.34429
CLU	NA	2941	3303	41.5514
CLUAP1	NA	544	4221	6.01426
CLUH	NA	2762	5224	24.6728
CLUHP3	NA	46	1776	1.20869
CLUL1	NA	21	2241	0.437297
CLVS1	NA	103	3492	1.37645
CLVS2	NA	0	11477	0
CLYBL	NA	76	2942	1.20551
CLYBL-AS1	NA	1	1073	0.043491
CLYBL-AS2	NA	0	678	0
CMA1	NA	2	935	0.0998199
CMAHP	NA	0	3390	0
CMAS	NA	400	1794	10.4049
CMBL	NA	543	4047	6.26131
CMC1	NA	144	625	10.7518
CMC2	NA	947	730	60.5377
CMC4	NA	289	1014	13.3002
CMIP	NA	971	4503	10.0627
CMKLR1	NA	0	5614	0
CMPK1	NA	1501	3508	19.9673
CMPK2	NA	0	4150	0
CMSS1	NA	808	1299	29.0269
CMTM1	NA	8	1118	0.333923
CMTM2	NA	5	1062	0.219707
CMTM3	NA	2011	2594	36.1777
CMTM4	NA	1217	8117	6.99671
CMTM5	NA	0	1401	0
CMTM6	NA	1537	3366	21.3088
CMTM7	NA	759	1351	26.2171
CMTM8	NA	133	1170	5.30474
CMTR1	NA	1039	4124	11.757
CMTR2	NA	218	4221	2.41013
CMYA5	NA	4	12892	0.014479
CNBD1	NA	0	1459	0
CNBD2	NA	6	4142	0.0675989
CNBP	NA	7722	3384	106.487
CNDP1	NA	0	2198	0
CNDP2	NA	2657	5367	23.1025
CNEP1R1	NA	207	2169	4.45358
CNFN	NA	59	528	5.21455
CNGA1	NA	5	3021	0.0772357
CNGA2	NA	0	3285	0
CNGA3	NA	4	3848	0.0485091
CNGA4	NA	2	1911	0.0488391
CNGB1	NA	1	6338	0.00736286
CNGB3	NA	0	4347	0
CNIH1	NA	1180	1423	38.6969
CNIH2	NA	222	1382	7.49624
CNIH3	NA	93	2372	1.82965
CNIH4	NA	930	2376	18.2657
CNKSR1	NA	48	2558	0.875668
CNKSR2	NA	0	7089	0
CNKSR3	NA	605	3228	8.74622
CNN1	NA	471	1908	11.5197
CNN2	NA	9281	2548	169.979
CNN3	NA	6679	2288	136.224
CNNM1	NA	9	5959	0.0704803
CNNM2	NA	582	4472	6.07323
CNNM3	NA	615	4916	5.83797
CNNM4	NA	392	4800	3.81104
CNOT1	NA	6515	9113	33.362
CNOT10	NA	338	3230	4.88329
CNOT11	NA	2739	2518	50.7616
CNOT2	NA	931	4116	10.5554
CNOT3	NA	1230	2887	19.8819
CNOT4	NA	534	5388	4.62501
CNOT6	NA	1059	6337	7.7985
CNOT6L	NA	276	8865	1.45288
CNOT7	NA	2505	3560	32.8365
CNOT8	NA	865	2973	13.5775
CNP	NA	3421	5222	30.5714
CNPPD1	NA	1222	2074	27.4955
CNPY1	NA	1	2234	0.0208889
CNPY2	NA	2460	1598	71.8385
CNPY3	NA	925	1765	24.4566
CNPY4	NA	445	1467	14.1556
CNR1	NA	0	5955	0
CNR2	NA	3	1775	0.0788718
CNRIP1	NA	88	2312	1.77621
CNST	NA	679	5564	5.69484
CNTD1	NA	797	3277	11.3496
CNTD2	NA	5	1817	0.128414
CNTF	NA	12	1893	0.295821
CNTFR	NA	87	2111	1.92322
CNTFR-AS1	NA	1	884	0.0527894
CNTLN	NA	353	11011	1.49605
CNTN1	NA	1	7308	0.00638558
CNTN2	NA	4	7670	0.0243368
CNTN3	NA	0	4947	0
CNTN4	NA	0	5447	0
CNTN4-AS1	NA	0	1012	0
CNTN4-AS2	NA	0	426	0
CNTN5	NA	0	7705	0
CNTN6	NA	29	3831	0.353252
CNTNAP1	NA	934	5454	7.99154
CNTNAP2	NA	1	9892	0.00471753
CNTNAP3	NA	809	5229	7.21986
CNTNAP3B	NA	594	6380	4.34475
CNTNAP3P2	NA	504	5089	4.62165
CNTNAP4	NA	0	4935	0
CNTNAP5	NA	0	5374	0
CNTRL	NA	374	7431	2.34868
CNTROB	NA	889	4143	10.0135
COA1	NA	1512	3249	21.717
COA3	NA	899	808	51.9215
COA4	NA	1045	816	59.762
COA5	NA	472	1767	12.4653
COA6	NA	465	1276	17.006
COA7	NA	420	2114	9.27135
COASY	NA	646	2557	11.7896
COBL	NA	0	8038	0
COBLL1	NA	13	9759	0.0621637
COCH	NA	1	2882	0.0161922
COG1	NA	826	3034	12.7047
COG2	NA	709	2960	11.1777
COG3	NA	517	4596	5.24939
COG4	NA	1646	2822	27.219
COG5	NA	1153	7553	7.12375
COG6	NA	351	7005	2.33829
COG7	NA	472	2937	7.49958
COG8	NA	1402	2495	26.2226
COIL	NA	637	2633	11.2898
COL10A1	NA	3	3290	0.0425524
COL11A1	NA	40632	7444	254.719
COL11A2	NA	430	42818	0.468642
COL12A1	NA	17	11579	0.0685136
COL13A1	NA	70	3137	1.04132
COL14A1	NA	0	6464	0
COL15A1	NA	6	5422	0.0516405
COL16A1	NA	1970	5584	16.4634
COL17A1	NA	1702	5610	14.1578
COL18A1	NA	8659	6799	59.4321
COL18A1-AS1	NA	6	3455	0.0810405
COL18A1-AS2	NA	1	552	0.0845395
COL19A1	NA	2	8725	0.010697
COL1A1	NA	11179	5927	88.017
COL1A2	NA	42	5411	0.362218
COL20A1	NA	5	4172	0.0559274
COL21A1	NA	1	4173	0.0111828
COL22A1	NA	4	6359	0.0293542
COL23A1	NA	8	3063	0.121883
COL24A1	NA	0	6500	0
COL25A1	NA	1	6351	0.00734779
COL26A1	NA	3215	3032	49.4824
COL27A1	NA	1131	7810	6.75788
COL28A1	NA	14	3515	0.185867
COL2A1	NA	1121	5087	10.2835
COL3A1	NA	15755	5490	133.92
COL4A1	NA	22	7454	0.137731
COL4A2	NA	18	6263	0.134119
COL4A2-AS1	NA	0	539	0
COL4A3	NA	8	8097	0.0461068
COL4A3BP	NA	1314	5618	10.9147
COL4A4	NA	33	10341	0.148919
COL4A5	NA	1	6512	0.00716612
COL4A6	NA	61	6891	0.413092
COL5A1	NA	262	8508	1.43705
COL5A2	NA	130	6930	0.875405
COL5A3	NA	60	6174	0.453506
COL6A1	NA	3355	4225	37.0565
COL6A2	NA	3104	4342	33.3603
COL6A3	NA	18	10696	0.0785326
COL6A4P1	NA	0	2249	0
COL6A4P2	NA	1	9162	0.00509341
COL6A5	NA	0	9228	0
COL6A6	NA	1	8470	0.00550954
COL7A1	NA	503	9169	2.56003
COL8A1	NA	0	3091	0
COL8A2	NA	5	4534	0.0514621
COL9A1	NA	45	4010	0.523681
COL9A2	NA	71	2831	1.17035
COL9A3	NA	60	2485	1.12674
COLCA1	NA	0	6278	0
COLCA2	NA	0	1783	0
COLEC10	NA	0	1703	0
COLEC11	NA	1	2396	0.0194765
COLEC12	NA	3352	3134	49.9119
COLGALT1	NA	3335	3593	43.3149
COLGALT2	NA	302	5851	2.40866
COLQ	NA	88	3366	1.22002
COMMD1	NA	993	713	64.9918
COMMD10	NA	236	1632	6.74824
COMMD2	NA	1062	3706	13.3727
COMMD3	NA	400	942	19.8156
COMMD3-BMI1	NA	872	3388	12.0108
COMMD4	NA	1308	2203	27.7072
COMMD5	NA	654	1779	17.1554
COMMD6	NA	1101	2036	25.2353
COMMD7	NA	1285	1911	31.3791
COMMD8	NA	271	1411	8.96274
COMMD9	NA	737	2999	11.4681
COMP	NA	5	2452	0.0951586
COMT	NA	1308	2553	23.9087
COMTD1	NA	567	975	27.138
COPA	NA	4618	5666	38.0344
COPB1	NA	3577	3527	47.3273
COPB2	NA	5979	3202	87.1377
COPE	NA	4874	1134	200.572
COPG1	NA	2095	3074	31.8038
COPG2	NA	716	1734	19.2692
COPRS	NA	2268	937	112.954
COPS2	NA	2140	4108	24.3098
COPS3	NA	2154	1988	50.5624
COPS4	NA	1179	1748	31.4754
COPS5	NA	1775	1489	55.6291
COPS6	NA	2499	1425	81.8371
COPS7A	NA	565	2305	11.4387
COPS7B	NA	1642	2856	26.8296
COPS8	NA	1341	2323	26.9388
COPZ1	NA	4107	2020	94.8794
COPZ2	NA	2	919	0.101558
COQ10A	NA	325	1805	8.40243
COQ10B	NA	720	1974	17.021
COQ2	NA	621	1641	17.6596
COQ3	NA	246	1265	9.07493
COQ4	NA	554	1576	16.4041
COQ5	NA	929	1509	28.7293
COQ6	NA	180	1846	4.55029
COQ7	NA	334	2753	5.6616
COQ9	NA	797	1689	22.0205
CORIN	NA	4	5320	0.0350871
CORO1A	NA	326	1933	7.87018
CORO1B	NA	3176	1979	74.8917
CORO1C	NA	5048	4270	55.1684
CORO2A	NA	556	5759	4.50533
CORO2B	NA	345	3997	4.02795
CORO6	NA	478	2397	9.3059
CORO7	NA	1049	3837	12.758
CORO7-PAM16	NA	1295	3658	16.5206
CORT	NA	37	1231	1.40263
COTL1	NA	6510	1858	163.506
COX10	NA	516	3002	8.02117
COX10-AS1	NA	83	1944	1.99242
COX11	NA	778	2717	13.3625
COX14	NA	568	999	26.5327
COX15	NA	1425	7689	8.64856
COX16	NA	1204	1717	32.7231
COX17	NA	435	423	47.9897
COX18	NA	213	4537	2.19083
COX19	NA	543	4891	5.18085
COX20	NA	460	2616	8.20576
COX4I1	NA	5848	824	331.191
COX4I2	NA	0	684	0
COX5A	NA	3470	769	210.573
COX5B	NA	1149	505	106.176
COX6A1	NA	2681	572	218.726
COX6A2	NA	0	440	0
COX6B1	NA	2837	590	224.391
COX6B2	NA	461	1663	12.9362
COX6C	NA	4225	921	214.075
COX7A1	NA	3	762	0.183724
COX7A2	NA	3375	754	208.882
COX7A2L	NA	2786	1114	116.706
COX7B	NA	2020	456	206.721
COX7B2	NA	0	543	0
COX7C	NA	3864	407	443.038
COX8A	NA	3733	507	343.597
COX8C	NA	0	531	0
CP	NA	462	5233	4.11993
CPA1	NA	4	1507	0.123864
CPA2	NA	1	1329	0.0351135
CPA3	NA	0	1684	0
CPA4	NA	349	2817	5.78146
CPA5	NA	6	2078	0.134742
CPA6	NA	0	1904	0
CPAMD8	NA	1207	5988	9.40642
CPB1	NA	0	1460	0
CPB2	NA	3	1766	0.0792737
CPB2-AS1	NA	10	3508	0.133027
CPD	NA	1900	9208	9.62913
CPE	NA	1236	2428	23.7557
CPEB1	NA	747	3998	8.7192
CPEB1-AS1	NA	46	2138	1.00403
CPEB2	NA	3	6887	0.0203278
CPEB2-AS1	NA	0	1630	0
CPEB3	NA	28	6011	0.217375
CPEB4	NA	134	8583	0.728558
CPED1	NA	70	5607	0.582594
CPLX1	NA	76	2140	1.65729
CPLX2	NA	1	4934	0.00945801
CPLX3	NA	5	2012	0.115969
CPLX4	NA	0	1964	0
CPM	NA	101	6726	0.70075
CPN1	NA	1	1756	0.0265751
CPN2	NA	2	3028	0.0308229
CPNE1	NA	2659	2631	47.1624
CPNE2	NA	742	2238	15.4719
CPNE3	NA	1202	4864	11.5321
CPNE4	NA	2	4516	0.0206669
CPNE5	NA	1152	3339	16.1003
CPNE6	NA	0	2415	0
CPNE7	NA	16	2657	0.281013
CPNE8	NA	158	3461	2.13037
CPNE9	NA	5	2171	0.107475
CPO	NA	3	1209	0.115796
CPOX	NA	233	2709	4.01371
CPPED1	NA	1815	6143	13.7878
CPQ	NA	88	1949	2.10702
CPS1	NA	265	6166	2.00558
CPS1-IT1	NA	0	2305	0
CPSF1	NA	3816	4494	39.6254
CPSF2	NA	1588	5072	14.6107
CPSF3	NA	1210	2385	23.6753
CPSF3L	NA	1964	2629	34.8618
CPSF4	NA	1397	1826	35.7021
CPSF4L	NA	33	647	2.38017
CPSF6	NA	2066	6727	14.332
CPSF7	NA	2446	3767	30.3012
CPT1A	NA	143	5485	1.21663
CPT1B	NA	543	3157	8.02646
CPT1C	NA	1244	3149	18.4351
CPT2	NA	1346	3094	20.3013
CPTP	NA	641	2193	13.6401
CPVL	NA	26	1779	0.682018
CPXCR1	NA	0	1629	0
CPXM1	NA	2048	2400	39.8215
CPXM2	NA	0	3724	0
CPZ	NA	22	2540	0.404192
CR1	NA	0	9966	0
CR1L	NA	0	1837	0
CR2	NA	0	4170	0
CRABP1	NA	0	772	0
CRABP2	NA	24184	1164	969.558
CRACR2A	NA	0	3394	0
CRACR2B	NA	320	1830	8.16014
CRADD	NA	88	1188	3.45673
CRAMP1L	NA	598	7673	3.63693
CRAT	NA	956	2865	15.5716
CRAT37	NA	0	2138	0
CRAT40	NA	0	277	0
CRAT8	NA	0	552	0
CRB1	NA	0	5585	0
CRB2	NA	638	6186	4.81293
CRB3	NA	9	1106	0.37974
CRBN	NA	527	2591	9.49165
CRCP	NA	655	2923	10.4571
CRCT1	NA	0	695	0
CREB1	NA	676	9779	3.2259
CREB3	NA	1027	1851	25.8918
CREB3L1	NA	1015	2710	17.4781
CREB3L2	NA	1359	7636	8.30524
CREB3L3	NA	1	2618	0.017825
CREB3L4	NA	88	1949	2.10702
CREB5	NA	5	8944	0.0260878
CREBBP	NA	1748	10196	8.00037
CREBL2	NA	554	3813	6.78019
CREBRF	NA	138	8711	0.739281
CREBZF	NA	649	7575	3.99817
CREG1	NA	4239	2025	97.6871
CREG2	NA	4	3488	0.0535158
CRELD1	NA	331	2890	5.34477
CRELD2	NA	535	1725	14.4732
CREM	NA	546	5876	4.3362
CRH	NA	1	1434	0.0325424
CRHBP	NA	85	1838	2.1581
CRHR1	NA	40	5329	0.350278
CRHR1-IT1	NA	75	5588	0.626331
CRHR2	NA	11	3590	0.142987
CRIM1	NA	1988	5611	16.5339
CRIP1	NA	11	478	1.0739
CRIP2	NA	1785	3047	27.3379
CRIP3	NA	0	956	0
CRIPAK	NA	345	4443	3.62361
CRIPT	NA	307	6366	2.25046
CRISP1	NA	0	1967	0
CRISP2	NA	1	1413	0.033026
CRISP3	NA	0	2246	0
CRISPLD1	NA	3	4585	0.0305338
CRISPLD2	NA	36	4589	0.366086
CRK	NA	1466	3225	21.213
CRKL	NA	2374	5325	20.8046
CRLF1	NA	2340	1804	60.531
CRLF2	NA	0	2402	0
CRLF3	NA	418	2941	6.63254
CRLS1	NA	714	4112	8.10296
CRMP1	NA	167	4587	1.69897
CRNDE	NA	9	1420	0.295769
CRNKL1	NA	1058	4413	11.1879
CRNN	NA	12	1913	0.292728
CROCC	NA	1028	6656	7.2074
CROCCP2	NA	366	1765	9.67687
CROCCP3	NA	187	5368	1.62565
CROT	NA	179	4099	2.03786
CRP	NA	0	2015	0
CRSP8P	NA	271	1362	9.28519
CRTAC1	NA	4	3066	0.0608817
CRTAM	NA	0	2624	0
CRTAP	NA	4774	6651	33.4961
CRTC1	NA	636	6992	4.24477
CRTC2	NA	969	2678	16.8854
CRTC3	NA	753	5251	6.69193
CRTC3-AS1	NA	6	654	0.428127
CRX	NA	50	4466	0.522456
CRY1	NA	1288	3294	18.247
CRY2	NA	662	4368	7.07252
CRYAA	NA	3	1144	0.122375
CRYAB	NA	19697	1083	848.732
CRYBA1	NA	2	790	0.118141
CRYBA2	NA	4	885	0.210919
CRYBA4	NA	1	811	0.0575411
CRYBB1	NA	0	921	0
CRYBB2	NA	12	763	0.733931
CRYBB2P1	NA	308	1501	9.57566
CRYBB3	NA	2	863	0.108148
CRYBG3	NA	123	10752	0.533844
CRYGA	NA	2	606	0.154013
CRYGB	NA	0	626	0
CRYGC	NA	68	629	5.04495
CRYGD	NA	0	707	0
CRYGN	NA	0	2644	0
CRYGS	NA	34	842	1.88437
CRYL1	NA	400	1501	12.4359
CRYM	NA	22	1559	0.65853
CRYM-AS1	NA	4	2304	0.081017
CRYZ	NA	1150	2303	23.3025
CRYZL1	NA	375	1710	10.2337
CS	NA	3786	2976	59.3672
CSAD	NA	173	3026	2.66794
CSAG1	NA	0	876	0
CSAG3	NA	0	1083	0
CSAG4	NA	0	753	0
CSDC2	NA	1229	2530	22.6689
CSDE1	NA	10585	4313	114.528
CSE1L	NA	3079	3627	39.6151
CSE1L-AS1	NA	1	568	0.0821581
CSF1	NA	1543	4915	14.6501
CSF1R	NA	39	4022	0.452503
CSF2	NA	0	785	0
CSF2RA	NA	137	4596	1.39104
CSF2RB	NA	1	4846	0.00962976
CSF3	NA	0	1768	0
CSF3R	NA	1	3490	0.0133713
CSGALNACT1	NA	0	4887	0
CSGALNACT2	NA	193	3769	2.38963
CSH1	NA	0	918	0
CSH2	NA	0	1136	0
CSHL1	NA	0	841	0
CSK	NA	1266	2740	21.5616
CSMD1	NA	0	14317	0
CSMD2	NA	2	13920	0.00670486
CSMD2-AS1	NA	0	1364	0
CSMD3	NA	97	13353	0.338994
CSN1S1	NA	0	981	0
CSN1S2AP	NA	0	777	0
CSN1S2BP	NA	0	432	0
CSN2	NA	0	1070	0
CSN3	NA	0	808	0
CSNK1A1	NA	2891	2795	48.2686
CSNK1A1L	NA	106	2405	2.05679
CSNK1A1P1	NA	18	1690	0.497032
CSNK1D	NA	4417	3793	54.343
CSNK1E	NA	2499	2891	40.3382
CSNK1G1	NA	701	8163	4.00744
CSNK1G2	NA	1681	2904	27.0128
CSNK1G2-AS1	NA	0	1313	0
CSNK1G3	NA	478	4738	4.70795
CSNK2A1	NA	2486	2836	40.9066
CSNK2A2	NA	843	1658	23.7269
CSNK2A3	NA	917	1416	30.2207
CSNK2B	NA	3141	7925	18.4956
CSPG4	NA	2580	8290	14.5233
CSPG4P1Y	NA	0	795	0
CSPG5	NA	70	2590	1.26124
CSPP1	NA	458	5209	4.10308
CSRNP1	NA	867	3188	12.6911
CSRNP2	NA	961	4702	9.53761
CSRNP3	NA	0	12040	0
CSRP1	NA	4168	2324	83.6932
CSRP2	NA	1669	923	84.3827
CSRP2BP	NA	1157	3848	14.0313
CSRP3	NA	3	1464	0.0956266
CST1	NA	12	760	0.736828
CST11	NA	0	553	0
CST13P	NA	0	1157	0
CST2	NA	5	694	0.336209
CST3	NA	1912	2455	36.3442
CST4	NA	4	736	0.253618
CST5	NA	1	749	0.0623041
CST6	NA	4	609	0.306508
CST7	NA	1	930	0.0501783
CST8	NA	0	918	0
CST9	NA	0	1689	0
CST9L	NA	0	958	0
CSTA	NA	0	827	0
CSTB	NA	6010	940	298.363
CSTF1	NA	936	2572	16.9826
CSTF2	NA	573	2662	10.0449
CSTF2T	NA	1558	4110	17.6899
CSTF3	NA	1461	3181	21.4331
CSTF3-AS1	NA	2	2060	0.0453066
CSTL1	NA	0	736	0
CT45A1	NA	4	1028	0.181579
CT45A10	NA	5	1346	0.17335
CT45A2	NA	3	1009	0.138749
CT45A3	NA	4	1008	0.185182
CT45A4	NA	4	1008	0.185182
CT45A5	NA	3	1338	0.104632
CT45A6	NA	7	2016	0.162034
CT45A7	NA	12	2460	0.227638
CT45A8	NA	3	1009	0.138749
CT45A9	NA	3	1009	0.138749
CT47A1	NA	0	12930	0
CT47A10	NA	0	11637	0
CT47A11	NA	0	11637	0
CT47A12	NA	0	11637	0
CT47A2	NA	0	11637	0
CT47A3	NA	0	11637	0
CT47A4	NA	0	11637	0
CT47A5	NA	0	11637	0
CT47A6	NA	0	12930	0
CT47A7	NA	0	1293	0
CT47A8	NA	0	11637	0
CT47A9	NA	0	11637	0
CT47B1	NA	0	1329	0
CT55	NA	0	2161	0
CT62	NA	0	1831	0
CT83	NA	0	574	0
CTAG1A	NA	0	748	0
CTAG1B	NA	0	748	0
CTAG2	NA	0	993	0
CTAGE1	NA	34	4315	0.367703
CTAGE10P	NA	14	2972	0.219825
CTAGE11P	NA	28	2629	0.497011
CTAGE15	NA	30	2587	0.541157
CTAGE4	NA	22	2626	0.390955
CTAGE5	NA	314	4075	3.59584
CTAGE6	NA	30	2662	0.525911
CTAGE7P	NA	20	2829	0.32991
CTAGE8	NA	24	3111	0.360006
CTAGE9	NA	27	2577	0.488932
CTB-113P19.1	NA	13	1970	0.307947
CTB-12O2.1	NA	3	403	0.347388
CTB-178M22.2	NA	10	518	0.900884
CTB-7E3.1	NA	0	566	0
CTBP1	NA	3593	2483	67.5273
CTBP1-AS	NA	847	3886	10.1714
CTBP1-AS2	NA	370	2930	5.89295
CTBP2	NA	2323	5742	18.8792
CTBS	NA	152	3101	2.28739
CTC-338M12.4	NA	221	1013	10.1808
CTC-436P18.1	NA	3	590	0.237284
CTC1	NA	614	7072	4.05158
CTCF	NA	1095	3941	12.966
CTCFL	NA	1	7949	0.00587065
CTD-2151A2.1	NA	0	1033	0
CTD-2194D22.4	NA	0	1633	0
CTD-2201E9.1	NA	0	1679	0
CTD-2201I18.1	NA	3	2716	0.0515454
CTD-2270F17.1	NA	0	1215	0
CTD-2297D10.2	NA	0	1584	0
CTD-2350J17.1	NA	0	385	0
CTD-3080P12.3	NA	0	1802	0
CTDNEP1	NA	2646	1855	66.5648
CTDP1	NA	921	3841	11.1896
CTDSP1	NA	1449	2780	24.3233
CTDSP2	NA	2848	5020	26.4749
CTDSPL	NA	1153	4455	12.0776
CTDSPL2	NA	454	4874	4.34679
CTF1	NA	362	1664	10.1521
CTGF	NA	15984	2343	318.355
CTGLF12P	NA	416	2139	9.07572
CTH	NA	170	2140	3.7071
CTHRC1	NA	0	1505	0
CTIF	NA	408	5818	3.27254
CTLA4	NA	0	1975	0
CTNNA1	NA	8355	4363	89.3635
CTNNA2	NA	64	4754	0.628231
CTNNA3	NA	0	12419	0
CTNNAL1	NA	2763	2594	49.7061
CTNNB1	NA	6359	3720	79.7709
CTNNBIP1	NA	1376	2995	21.4398
CTNNBL1	NA	1161	2077	26.0852
CTNND1	NA	4264	6350	31.3359
CTNND2	NA	0	5830	0
CTNS	NA	1377	4431	14.5021
CTPS1	NA	1805	3462	24.3304
CTPS2	NA	916	4925	8.67936
CTR9	NA	1417	4598	14.3813
CTRB1	NA	2	872	0.107032
CTRB2	NA	3	890	0.1573
CTRC	NA	0	899	0
CTRL	NA	71	1182	2.80311
CTSA	NA	1445	2286	29.4978
CTSB	NA	9431	3989	110.33
CTSC	NA	2	7623	0.0122434
CTSD	NA	10523	2123	231.307
CTSE	NA	10	2228	0.209452
CTSF	NA	7891	2014	182.84
CTSG	NA	0	924	0
CTSH	NA	385	1485	12.0985
CTSK	NA	143	1810	3.68686
CTSL	NA	756	1714	20.583
CTSL3P	NA	0	657	0
CTSLP2	NA	1	1105	0.0422315
CTSLP8	NA	0	569	0
CTSO	NA	321	2933	5.1073
CTSS	NA	123	4107	1.39759
CTSV	NA	1251	4564	12.7912
CTSW	NA	1	1296	0.0360076
CTSZ	NA	4	1500	0.124442
CTTN	NA	6412	3281	91.1981
CTTNBP2	NA	0	5969	0
CTTNBP2NL	NA	796	5900	6.29593
CTU1	NA	222	2107	4.91685
CTU2	NA	164	1723	4.44178
CTXN1	NA	1307	1263	48.2915
CTXN2	NA	3	2695	0.0519471
CTXN3	NA	0	1860	0
CUBN	NA	19	11933	0.0743024
CUEDC1	NA	1505	4025	17.449
CUEDC2	NA	1518	1196	59.2297
CUL1	NA	1777	3209	25.8414
CUL2	NA	1177	4690	11.7112
CUL3	NA	2809	6927	18.9237
CUL4A	NA	2037	4494	21.1523
CUL4B	NA	1180	5686	9.68443
CUL5	NA	622	6387	4.54456
CUL7	NA	1407	5596	11.7332
CUL9	NA	152	7771	0.912778
CUTA	NA	3757	2398	73.1123
CUTC	NA	250	1368	8.52811
CUX1	NA	1673	15587	5.00878
CUX2	NA	33	6844	0.22501
CUZD1	NA	55	2279	1.1262
CWC15	NA	2163	1575	64.0877
CWC22	NA	1095	3279	15.5837
CWC25	NA	636	3220	9.21722
CWC27	NA	963	3053	14.7197
CWF19L1	NA	817	2681	14.2208
CWF19L2	NA	669	3279	9.52102
CWH43	NA	0	2614	0
CX3CL1	NA	64	3318	0.900124
CX3CR1	NA	0	3657	0
CXADR	NA	880	6169	6.65682
CXADRP2	NA	37	2459	0.702169
CXADRP3	NA	15	1610	0.434775
CXCL1	NA	0	1192	0
CXCL10	NA	1	1216	0.0383765
CXCL11	NA	0	1601	0
CXCL12	NA	1	5290	0.00882151
CXCL13	NA	0	1203	0
CXCL14	NA	45	1973	1.06435
CXCL16	NA	171	2402	3.32217
CXCL17	NA	0	853	0
CXCL2	NA	0	1203	0
CXCL3	NA	0	1153	0
CXCL5	NA	25	2488	0.468909
CXCL6	NA	0	1659	0
CXCL8	NA	0	1705	0
CXCL9	NA	0	2708	0
CXCR1	NA	2	2486	0.0375429
CXCR2	NA	34	2940	0.539673
CXCR2P1	NA	0	2136	0
CXCR3	NA	0	1868	0
CXCR4	NA	1	2005	0.0232747
CXCR5	NA	19	3107	0.285372
CXCR6	NA	1	1953	0.0238944
CXXC1	NA	1365	2966	21.4763
CXXC1P1	NA	0	1897	0
CXXC4	NA	178	5578	1.48916
CXXC5	NA	1630	1447	52.5676
CXorf21	NA	0	1927	0
CXorf23	NA	325	6492	2.33617
CXorf36	NA	0	6596	0
CXorf38	NA	364	4250	3.99679
CXorf40A	NA	395	3935	4.68437
CXorf40B	NA	786	1340	27.3726
CXorf49	NA	1	1851	0.0252111
CXorf49B	NA	1	1851	0.0252111
CXorf51A	NA	0	438	0
CXorf51B	NA	0	438	0
CXorf56	NA	814	2433	15.6128
CXorf57	NA	0	3904	0
CXorf58	NA	2	1547	0.0603307
CXorf65	NA	1	882	0.0529091
CXorf66	NA	0	1279	0
CXorf67	NA	22	1923	0.533878
CYB561	NA	3	3391	0.041285
CYB561A3	NA	332	3372	4.59462
CYB561D1	NA	270	5157	2.44324
CYB561D2	NA	266	2332	5.32294
CYB5A	NA	0	862	0
CYB5B	NA	3258	4286	35.473
CYB5D1	NA	816	3746	10.1653
CYB5D2	NA	392	2002	9.13736
CYB5R1	NA	703	1643	19.9672
CYB5R2	NA	187	1995	4.37419
CYB5R3	NA	4972	3517	65.9717
CYB5R4	NA	126	2247	2.61677
CYB5RL	NA	77	3533	1.01706
CYBA	NA	2812	723	181.5
CYBB	NA	0	4318	0
CYBRD1	NA	970	4402	10.283
CYC1	NA	1949	1234	73.7047
CYCS	NA	3446	5538	29.0376
CYCSP52	NA	0	310	0
CYFIP1	NA	2029	5266	17.9804
CYFIP2	NA	2233	6816	15.2883
CYGB	NA	92	2166	1.98211
CYHR1	NA	962	2566	17.4951
CYLC1	NA	0	2129	0
CYLC2	NA	0	2171	0
CYLD	NA	444	8805	2.35316
CYMP	NA	1	1241	0.0376034
CYP11A1	NA	16	2428	0.307518
CYP11B1	NA	0	3535	0
CYP11B2	NA	0	2936	0
CYP17A1	NA	1	1870	0.024955
CYP19A1	NA	1	4514	0.010338
CYP1A1	NA	8	2608	0.143147
CYP1A2	NA	1	3127	0.0149235
CYP1B1	NA	3	5153	0.0271681
CYP1B1-AS1	NA	0	1753	0
CYP20A1	NA	310	10943	1.32198
CYP21A1P	NA	510	12998	1.83102
CYP21A2	NA	474	19662	1.12499
CYP24A1	NA	260	3266	3.71497
CYP26A1	NA	48	2479	0.903573
CYP26B1	NA	45	4556	0.460922
CYP26C1	NA	0	1569	0
CYP27A1	NA	18	2293	0.366326
CYP27B1	NA	85	2487	1.59493
CYP27C1	NA	264	4685	2.62962
CYP2A13	NA	0	1760	0
CYP2A6	NA	0	1764	0
CYP2A7	NA	0	2291	0
CYP2B6	NA	0	3052	0
CYP2B7P	NA	0	2910	0
CYP2C18	NA	7	2545	0.128354
CYP2C19	NA	0	1789	0
CYP2C8	NA	0	2024	0
CYP2C9	NA	0	1861	0
CYP2D6	NA	95	1659	2.67224
CYP2D7	NA	85	1681	2.35966
CYP2E1	NA	36	1667	1.00778
CYP2F1	NA	0	1826	0
CYP2G1P	NA	0	2511	0
CYP2J2	NA	0	1857	0
CYP2R1	NA	240	1618	6.922
CYP2S1	NA	12	2624	0.213411
CYP2U1	NA	190	4752	1.86585
CYP2W1	NA	4	2304	0.081017
CYP39A1	NA	0	2444	0
CYP3A4	NA	1	2792	0.0167141
CYP3A43	NA	0	2022	0
CYP3A5	NA	6	4016	0.0697198
CYP3A7	NA	5	2082	0.11207
CYP3A7-CYP3A51P	NA	2	2262	0.0412607
CYP46A1	NA	54	2077	1.21327
CYP4A11	NA	0	2552	0
CYP4A22	NA	0	3058	0
CYP4B1	NA	1	2158	0.0216246
CYP4F11	NA	7	3395	0.0962181
CYP4F12	NA	101	2081	2.26489
CYP4F2	NA	49	2406	0.950384
CYP4F22	NA	10	2609	0.178865
CYP4F24P	NA	3	2470	0.0566791
CYP4F29P	NA	96	1279	3.50267
CYP4F3	NA	16	3133	0.238319
CYP4F30P	NA	0	2249	0
CYP4F35P	NA	40	2876	0.649038
CYP4F62P	NA	1	2412	0.0193473
CYP4F8	NA	2	1905	0.048993
CYP4V2	NA	58	4704	0.575386
CYP4X1	NA	1	2357	0.0197988
CYP4Z1	NA	0	1907	0
CYP4Z2P	NA	0	1474	0
CYP51A1	NA	1638	3288	23.2477
CYP51A1-AS1	NA	6	2998	0.0933939
CYP7A1	NA	0	2875	0
CYP7B1	NA	0	2395	0
CYP8B1	NA	0	3950	0
CYR61	NA	10410	2293	211.858
CYS1	NA	277	2719	4.75411
CYSLTR1	NA	0	2919	0
CYSLTR2	NA	1	3246	0.0143764
CYSRT1	NA	468	1297	16.8385
CYSTM1	NA	1906	910	97.7418
CYTH1	NA	660	4002	7.69601
CYTH2	NA	1652	4607	16.7336
CYTH3	NA	594	4467	6.20539
CYTH4	NA	3	3138	0.0446136
CYTIP	NA	0	2210	0
CYTL1	NA	2	1000	0.0933316
CYYR1	NA	0	3079	0
D21S2088E	NA	0	1699	0
D2HGDH	NA	539	2622	9.59301
DAAM1	NA	184	5926	1.44895
DAAM2	NA	20	6333	0.147373
DAB1	NA	1	2580	0.0180875
DAB1-AS1	NA	0	1150	0
DAB2	NA	11	4601	0.111568
DAB2IP	NA	1591	6082	12.2074
DACH1	NA	0	5239	0
DACH2	NA	0	2508	0
DACT1	NA	10	4405	0.105938
DACT2	NA	0	4223	0
DACT3	NA	329	2897	5.29964
DACT3-AS1	NA	4	1666	0.112043
DAD1	NA	3377	697	226.098
DAG1	NA	7577	6593	53.6306
DAGLA	NA	206	5758	1.66953
DAGLB	NA	669	2910	10.7283
DALRD3	NA	1973	2002	45.9898
DANCR	NA	2082	855	113.635
DAND5	NA	2	1732	0.0538866
DAO	NA	14	1596	0.409349
DAOA	NA	0	1118	0
DAOA-AS1	NA	0	2480	0
DAP	NA	2718	2342	54.1578
DAP3	NA	1721	2217	36.2255
DAPK1	NA	9	6275	0.066931
DAPK2	NA	646	2628	11.4711
DAPK3	NA	4000	2310	80.8066
DAPL1	NA	0	543	0
DAPP1	NA	0	2999	0
DARS	NA	1691	3157	24.9958
DARS-AS1	NA	39	1126	1.61631
DARS2	NA	705	3348	9.82658
DAW1	NA	0	1669	0
DAXX	NA	2019	13079	7.20378
DAZ1	NA	0	4419	0
DAZ2	NA	0	7706	0
DAZ3	NA	0	7032	0
DAZ4	NA	0	7311	0
DAZAP1	NA	2769	2293	56.3531
DAZAP2	NA	2327	2823	38.4666
DAZL	NA	0	3399	0
DBET	NA	1	3363	0.0138762
DBF4	NA	811	3907	9.68671
DBF4B	NA	717	5160	6.48438
DBH	NA	4	2760	0.0676316
DBH-AS1	NA	25	2233	0.522456
DBI	NA	3562	1436	115.755
DBIL5P	NA	13	3004	0.201949
DBIL5P2	NA	1	1692	0.0275803
DBN1	NA	9493	3316	133.594
DBNDD1	NA	1370	2843	22.4876
DBNDD2	NA	135	2273	2.77162
DBNL	NA	1718	2219	36.1297
DBP	NA	325	1811	8.37459
DBR1	NA	439	2690	7.61572
DBT	NA	435	10815	1.87699
DBX1	NA	0	1032	0
DBX2	NA	0	2722	0
DCAF10	NA	683	8015	3.97664
DCAF11	NA	1262	4472	13.1691
DCAF12	NA	1912	3671	24.3054
DCAF12L1	NA	0	3390	0
DCAF12L2	NA	0	2599	0
DCAF13	NA	1174	2641	20.7443
DCAF13P3	NA	19	2437	0.363829
DCAF15	NA	1134	2258	23.4362
DCAF16	NA	769	4548	7.8905
DCAF17	NA	367	5828	2.93863
DCAF4	NA	472	2555	8.62084
DCAF4L1	NA	19	4772	0.185803
DCAF4L2	NA	0	3326	0
DCAF5	NA	1639	8124	9.41473
DCAF6	NA	922	3619	11.8889
DCAF7	NA	2320	6381	16.9667
DCAF8	NA	2707	4690	26.9348
DCAF8L1	NA	1	3457	0.0134989
DCAF8L2	NA	3	2013	0.0695466
DCAKD	NA	1105	2396	21.5216
DCANP1	NA	3	3135	0.0446563
DCBLD1	NA	12	1978	0.283109
DCBLD2	NA	244	6093	1.86878
DCC	NA	0	10210	0
DCD	NA	0	709	0
DCDC1	NA	1	1742	0.0267886
DCDC2	NA	8	4820	0.0774536
DCDC2B	NA	37	1349	1.27994
DCDC2C	NA	0	1482	0
DCDC5	NA	2	4759	0.0196116
DCHS1	NA	39	10759	0.169158
DCHS2	NA	1	12010	0.00388558
DCK	NA	135	2605	2.41838
DCLK1	NA	6	13692	0.0204495
DCLK2	NA	17	4398	0.180382
DCLK3	NA	0	5344	0
DCLRE1A	NA	260	4636	2.61715
DCLRE1B	NA	363	3788	4.47193
DCLRE1C	NA	291	6977	1.94636
DCN	NA	0	2509	0
DCP1A	NA	763	6067	5.8688
DCP1B	NA	821	2092	18.3139
DCP2	NA	1051	10198	4.80935
DCPS	NA	519	1483	16.3315
DCST1	NA	20	2297	0.40632
DCST2	NA	22	2419	0.42441
DCSTAMP	NA	68	1983	1.60024
DCT	NA	1	2397	0.0194684
DCTD	NA	1998	2042	45.6603
DCTN1	NA	6231	5272	55.1545
DCTN1-AS1	NA	1	2144	0.0217658
DCTN2	NA	3994	2119	87.9581
DCTN3	NA	928	984	44.01
DCTN4	NA	1453	4313	15.7212
DCTN5	NA	1911	7853	11.356
DCTN6	NA	344	1126	14.2567
DCTPP1	NA	839	1120	34.9577
DCUN1D1	NA	575	7961	3.37054
DCUN1D2	NA	314	3029	4.83759
DCUN1D3	NA	167	2868	2.71729
DCUN1D4	NA	480	4702	4.76384
DCUN1D5	NA	1579	12732	5.78741
DCX	NA	0	9687	0
DCXR	NA	777	829	43.7386
DDA1	NA	942	4077	10.7822
DDAH1	NA	1745	4482	18.1686
DDAH2	NA	4099	15134	12.6393
DDB1	NA	8705	4356	93.2566
DDB2	NA	1357	1848	34.267
DDC	NA	1	2487	0.0187639
DDC-AS1	NA	0	1776	0
DDHD1	NA	1318	12982	4.73775
DDHD2	NA	1156	5784	9.32671
DDI1	NA	0	2615	0
DDI2	NA	94	2680	1.63679
DDIAS	NA	375	3563	4.9115
DDIT3	NA	499	1178	19.7676
DDIT4	NA	4613	1752	122.871
DDIT4L	NA	0	2634	0
DDN	NA	30	3744	0.373925
DDO	NA	9	1709	0.245753
DDOST	NA	7724	2126	169.542
DDR1	NA	4608	23706	9.07095
DDR2	NA	209	3244	3.00652
DDRGK1	NA	1096	1254	40.7861
DDT	NA	0	723	0
DDTL	NA	0	1635	0
DDX1	NA	2452	2741	41.7455
DDX10	NA	1048	3264	14.9834
DDX11	NA	923	3927	10.9683
DDX11-AS1	NA	16	2031	0.367628
DDX11L1	NA	58	1652	1.63839
DDX11L10	NA	74	1652	2.09036
DDX11L16	NA	67	3286	0.951494
DDX11L2	NA	148	2305	2.99633
DDX11L5	NA	54	1655	1.52263
DDX11L9	NA	82	1670	2.29137
DDX12P	NA	915	3909	10.9233
DDX17	NA	9635	4796	93.75
DDX18	NA	1593	3765	19.7447
DDX19A	NA	1832	2900	29.4799
DDX19B	NA	1253	2341	24.9775
DDX20	NA	944	3510	12.5506
DDX21	NA	3088	5021	28.7003
DDX23	NA	3258	3267	46.5372
DDX24	NA	4320	2948	68.3841
DDX25	NA	0	1834	0
DDX26B	NA	157	3848	1.90398
DDX26B-AS1	NA	0	398	0
DDX27	NA	1598	2695	27.6705
DDX28	NA	727	2594	13.0787
DDX31	NA	630	3786	7.76531
DDX39A	NA	2425	1540	73.4835
DDX39B	NA	9679	16055	28.1332
DDX3X	NA	4771	6738	33.0428
DDX3Y	NA	930	4908	8.84254
DDX4	NA	2	2962	0.0315097
DDX41	NA	2716	2104	60.2397
DDX42	NA	3777	4011	43.9433
DDX43	NA	0	2696	0
DDX46	NA	1353	5851	10.7911
DDX47	NA	2731	1817	70.14
DDX49	NA	731	1836	18.5799
DDX5	NA	17253	3759	214.186
DDX50	NA	1138	2538	20.9242
DDX51	NA	688	4717	6.80646
DDX52	NA	1605	6510	11.5052
DDX53	NA	0	2129	0
DDX54	NA	3048	4381	32.4669
DDX55	NA	630	2622	11.2126
DDX56	NA	2999	2872	48.7294
DDX58	NA	286	4756	2.80623
DDX59	NA	237	2320	4.76715
DDX6	NA	3191	6320	23.5618
DDX60	NA	5	6073	0.0384207
DDX60L	NA	9	7213	0.0582271
DEAF1	NA	1689	2777	28.3826
DEAR	NA	8	370	1.00899
DEC1	NA	0	1251	0
DECR1	NA	681	1251	25.4032
DECR2	NA	250	1583	7.36984
DEDD	NA	952	2436	18.2372
DEDD2	NA	863	2286	17.6171
DEF6	NA	129	2296	2.6219
DEF8	NA	1644	4220	18.1798
DEFA1	NA	0	1494	0
DEFA10P	NA	0	291	0
DEFA11P	NA	0	301	0
DEFA1B	NA	0	1582	0
DEFA3	NA	0	491	0
DEFA4	NA	0	619	0
DEFA5	NA	0	458	0
DEFA6	NA	0	468	0
DEFA8P	NA	0	285	0
DEFA9P	NA	0	285	0
DEFB1	NA	0	463	0
DEFB103A	NA	0	512	0
DEFB103B	NA	0	512	0
DEFB104A	NA	0	281	0
DEFB104B	NA	0	281	0
DEFB105A	NA	0	331	0
DEFB105B	NA	0	331	0
DEFB106A	NA	0	303	0
DEFB106B	NA	0	303	0
DEFB107A	NA	0	389	0
DEFB107B	NA	0	389	0
DEFB108B	NA	0	222	0
DEFB109P1	NA	0	189	0
DEFB109P1B	NA	0	264	0
DEFB110	NA	0	518	0
DEFB112	NA	0	342	0
DEFB113	NA	0	249	0
DEFB114	NA	0	210	0
DEFB115	NA	0	267	0
DEFB116	NA	0	309	0
DEFB118	NA	0	1137	0
DEFB119	NA	0	844	0
DEFB121	NA	0	630	0
DEFB122	NA	0	496	0
DEFB123	NA	0	533	0
DEFB124	NA	0	216	0
DEFB125	NA	0	665	0
DEFB126	NA	0	471	0
DEFB127	NA	0	514	0
DEFB128	NA	0	373	0
DEFB129	NA	0	698	0
DEFB130	NA	0	480	0
DEFB131	NA	0	213	0
DEFB132	NA	0	2120	0
DEFB133	NA	0	186	0
DEFB134	NA	0	1096	0
DEFB135	NA	0	234	0
DEFB136	NA	0	237	0
DEFB4A	NA	0	449	0
DEFB4B	NA	0	298	0
DEFT1P	NA	0	992	0
DEFT1P2	NA	0	992	0
DEGS1	NA	2125	2063	48.0683
DEGS2	NA	36	1405	1.19571
DEK	NA	2919	2871	47.446
DENND1A	NA	1280	5363	11.1378
DENND1B	NA	0	10932	0
DENND1C	NA	3	2819	0.0496621
DENND2A	NA	864	3462	11.6462
DENND2C	NA	91	4514	0.940759
DENND2D	NA	20	3539	0.263723
DENND3	NA	315	5443	2.70067
DENND4A	NA	169	7338	1.07475
DENND4B	NA	1318	5688	10.8132
DENND4C	NA	283	8130	1.62441
DENND5A	NA	2806	4964	26.3788
DENND5B	NA	615	9774	2.93631
DENND5B-AS1	NA	145	564	11.9974
DENND6A	NA	360	4658	3.60663
DENND6B	NA	262	2006	6.09493
DENR	NA	1998	2722	34.2536
DEPDC1	NA	794	5438	6.81365
DEPDC1-AS1	NA	12	1247	0.449069
DEPDC1B	NA	1953	2504	36.3971
DEPDC4	NA	18	1154	0.727889
DEPDC5	NA	193	6173	1.45901
DEPDC7	NA	116	2159	2.50729
DEPTOR	NA	11	2636	0.194736
DERA	NA	419	1804	10.8387
DERL1	NA	1078	3340	15.0616
DERL2	NA	961	4428	10.1278
DERL3	NA	0	3200	0
DES	NA	33	2248	0.685041
DESI1	NA	1353	3794	16.6418
DESI2	NA	1626	4096	18.525
DET1	NA	88	2343	1.75271
DEXI	NA	924	1501	28.727
DFFA	NA	1949	3393	26.8057
DFFB	NA	188	3229	2.71699
DFNA5	NA	393	2564	7.15275
DFNB31	NA	1305	4162	14.6321
DFNB59	NA	96	1524	2.93958
DGAT1	NA	618	3721	7.75046
DGAT2	NA	883	2454	16.7913
DGAT2L6	NA	0	1711	0
DGCR10	NA	1	927	0.0503407
DGCR11	NA	104	2214	2.19207
DGCR14	NA	723	5385	6.26544
DGCR2	NA	4162	4492	43.2375
DGCR5	NA	187	3938	2.21597
DGCR6	NA	417	1214	16.0294
DGCR6L	NA	977	1217	37.463
DGCR8	NA	1166	4520	12.0381
DGCR9	NA	24	2415	0.463759
DGKA	NA	545	3055	8.325
DGKB	NA	3	7542	0.0185624
DGKD	NA	2411	6397	17.5881
DGKE	NA	190	7768	1.14141
DGKG	NA	2	5802	0.0160861
DGKH	NA	235	18967	0.578186
DGKI	NA	3	4780	0.0292882
DGKK	NA	18	7408	0.113389
DGKQ	NA	813	4643	8.17129
DGKZ	NA	914	5421	7.86802
DGUOK	NA	1400	1144	57.1085
DGUOK-AS1	NA	23	571	1.87971
DHCR24	NA	5949	4286	64.7725
DHCR7	NA	1247	2665	21.8357
DHDDS	NA	899	3328	12.6059
DHDH	NA	30	1081	1.29507
DHFR	NA	2166	3917	25.805
DHFRL1	NA	37	4163	0.414757
DHH	NA	4	1934	0.0965166
DHODH	NA	239	2427	4.59544
DHPS	NA	724	1531	22.068
DHRS1	NA	628	1725	16.9891
DHRS11	NA	324	1598	9.46165
DHRS12	NA	305	2779	5.12165
DHRS13	NA	359	1921	8.72099
DHRS2	NA	116	1687	3.20879
DHRS3	NA	832	1723	22.5339
DHRS4	NA	785	1299	28.2007
DHRS4-AS1	NA	484	3417	6.60996
DHRS4L1	NA	311	2007	7.23122
DHRS4L2	NA	908	1951	21.7184
DHRS7	NA	927	1388	31.1666
DHRS7B	NA	598	1841	15.1581
DHRS7C	NA	0	1006	0
DHRS9	NA	0	2286	0
DHRSX	NA	654	5138	5.93994
DHTKD1	NA	914	5217	8.17568
DHX15	NA	3629	3015	56.1692
DHX16	NA	2234	25602	4.072
DHX29	NA	798	4473	8.32535
DHX30	NA	1794	5126	16.3321
DHX32	NA	1782	3070	27.0874
DHX33	NA	903	5618	7.50075
DHX34	NA	647	4372	6.90594
DHX35	NA	241	3342	3.36519
DHX36	NA	1333	3611	17.2267
DHX37	NA	885	4551	9.07476
DHX38	NA	1603	4454	16.7951
DHX40	NA	1439	3667	18.3125
DHX57	NA	1226	4825	11.8575
DHX58	NA	74	2617	1.31955
DHX8	NA	1288	4556	13.1926
DHX9	NA	5089	4673	50.8201
DIABLO	NA	1565	3463	21.0892
DIAPH1	NA	4797	5790	38.6625
DIAPH2	NA	175	5128	1.59253
DIAPH2-AS1	NA	1	977	0.0477644
DIAPH3	NA	1281	5138	11.6347
DIAPH3-AS1	NA	10	980	0.476182
DIAPH3-AS2	NA	0	367	0
DICER1	NA	1009	10712	4.39561
DICER1-AS1	NA	24	803	1.39474
DIDO1	NA	2193	13328	7.67843
DIEXF	NA	684	8486	3.76142
DIMT1	NA	629	1557	18.8521
DIO1	NA	2	1860	0.0501783
DIO2	NA	29	6716	0.201505
DIO2-AS1	NA	0	1595	0
DIO3	NA	1	2102	0.0222007
DIO3OS	NA	0	3454	0
DIP2A	NA	918	8025	5.33822
DIP2A-IT1	NA	1	427	0.109288
DIP2B	NA	1179	8715	6.31314
DIP2C	NA	514	7896	3.03777
DIRAS1	NA	678	3398	9.31119
DIRAS2	NA	0	4386	0
DIRAS3	NA	1	1631	0.0286118
DIRC1	NA	0	1454	0
DIRC2	NA	267	3337	3.73382
DIRC3	NA	2	3906	0.0238944
DIS3	NA	1414	7634	8.64363
DIS3L	NA	450	3839	5.47007
DIS3L2	NA	400	4944	3.77555
DISC1	NA	172	13339	0.601733
DISC1-IT1	NA	0	734	0
DISC1FP1	NA	0	774	0
DISC2	NA	6	3892	0.0719411
DISP1	NA	193	4924	1.8291
DISP2	NA	80	5032	0.741905
DIXDC1	NA	715	7798	4.2788
DKC1	NA	2465	4523	25.4325
DKFZP434A062	NA	9	4782	0.0878277
DKFZP434H168	NA	0	1909	0
DKFZP434I0714	NA	27	3000	0.419992
DKFZP434K028	NA	0	936	0
DKFZP434L187	NA	0	4260	0
DKFZP586I1420	NA	43	2745	0.731013
DKFZp434J0226	NA	10	1634	0.285592
DKFZp434L192	NA	0	1062	0
DKFZp451B082	NA	0	4931	0
DKFZp686K1684	NA	3	1656	0.0845395
DKFZp779M0652	NA	0	649	0
DKK1	NA	7685	1805	198.685
DKK2	NA	3	3637	0.0384925
DKK3	NA	1612	2990	25.159
DKK4	NA	0	818	0
DKKL1	NA	6	1086	0.257822
DLAT	NA	698	4346	7.49488
DLC1	NA	2	8597	0.0108563
DLD	NA	1778	3613	22.9648
DLEC1	NA	40	5614	0.332496
DLEU1	NA	196	3963	2.30797
DLEU1-AS1	NA	0	731	0
DLEU2	NA	115	2768	1.93879
DLEU2L	NA	37	1657	1.04202
DLEU7	NA	2	3583	0.0260485
DLEU7-AS1	NA	1	1807	0.025825
DLG1	NA	923	5889	7.31407
DLG1-AS1	NA	14	1702	0.383855
DLG2	NA	529	9349	2.64052
DLG3	NA	735	6782	5.05741
DLG3-AS1	NA	6	484	0.578502
DLG4	NA	678	4814	6.57237
DLG5	NA	3467	7479	21.6326
DLG5-AS1	NA	91	3014	1.40895
DLGAP1	NA	418	7425	2.62711
DLGAP1-AS1	NA	103	993	4.84046
DLGAP1-AS2	NA	123	923	6.21874
DLGAP1-AS3	NA	19	1258	0.704809
DLGAP1-AS4	NA	10	757	0.616457
DLGAP1-AS5	NA	0	3220	0
DLGAP2	NA	2	10132	0.00921157
DLGAP2-AS1	NA	0	586	0
DLGAP3	NA	236	3856	2.8561
DLGAP4	NA	1723	6071	13.2441
DLGAP4-AS1	NA	14	1207	0.541277
DLGAP5	NA	1839	3084	27.827
DLK1	NA	212	1590	6.22211
DLK2	NA	133	2270	2.73416
DLL1	NA	26	3310	0.366559
DLL3	NA	106	2383	2.07578
DLL4	NA	17	3420	0.231964
DLST	NA	3071	3566	40.1881
DLSTP1	NA	204	3012	3.16063
DLX1	NA	105	2382	2.05706
DLX2	NA	256	2304	5.18509
DLX2-AS1	NA	2	950	0.0982438
DLX3	NA	1076	2602	19.2976
DLX4	NA	941	2317	18.9523
DLX5	NA	20	1424	0.655419
DLX6	NA	21	1875	0.522657
DLX6-AS1	NA	6	1990	0.140701
DMAP1	NA	688	1766	18.1801
DMBT1	NA	0	7686	0
DMBT1P1	NA	0	3743	0
DMBX1	NA	47	2884	0.760504
DMC1	NA	3	2502	0.0559542
DMD	NA	0	15708	0
DMGDH	NA	2	4188	0.0222855
DMKN	NA	2258	2536	41.5502
DMP1	NA	17	2686	0.295353
DMPK	NA	1547	3705	19.485
DMRT1	NA	0	2222	0
DMRT2	NA	0	2935	0
DMRT3	NA	0	2180	0
DMRTA1	NA	22	2302	0.445981
DMRTA2	NA	2	3083	0.030273
DMRTB1	NA	0	1909	0
DMRTC1	NA	8	1100	0.339388
DMRTC1B	NA	8	1100	0.339388
DMRTC2	NA	0	1820	0
DMTF1	NA	1265	4442	13.2896
DMTN	NA	54	3333	0.756062
DMWD	NA	764	3308	10.7777
DMXL1	NA	295	12852	1.07115
DMXL2	NA	421	10599	1.8536
DNA2	NA	274	4335	2.94958
DNAAF1	NA	34	2436	0.651329
DNAAF2	NA	495	2963	7.79601
DNAAF3	NA	298	2381	5.84057
DNAAF5	NA	1337	3414	18.2754
DNAH1	NA	104	13110	0.370194
DNAH10	NA	49	13680	0.167151
DNAH11	NA	362	13896	1.21567
DNAH12	NA	7	10111	0.0323074
DNAH14	NA	223	14457	0.719822
DNAH17	NA	78	13723	0.265243
DNAH17-AS1	NA	1	5163	0.0090385
DNAH2	NA	13	15960	0.038011
DNAH3	NA	5	12394	0.018826
DNAH5	NA	37	15573	0.110874
DNAH6	NA	26	12795	0.0948269
DNAH7	NA	4	12394	0.0150608
DNAH8	NA	1	14639	0.00318777
DNAH9	NA	1	14021	0.00332828
DNAI1	NA	2	2599	0.0359106
DNAI2	NA	0	2279	0
DNAJA1	NA	5972	1538	181.202
DNAJA1P5	NA	0	1781	0
DNAJA2	NA	2167	3048	33.1774
DNAJA3	NA	1496	2762	25.2759
DNAJA4	NA	12	3372	0.16607
DNAJB1	NA	3497	2681	60.8692
DNAJB11	NA	1736	1691	47.9076
DNAJB12	NA	1058	4360	11.3239
DNAJB13	NA	61	1875	1.51819
DNAJB14	NA	496	6323	3.66064
DNAJB2	NA	1566	3125	23.3852
DNAJB3	NA	1	1266	0.0368608
DNAJB4	NA	204	2237	4.25562
DNAJB5	NA	1288	2989	20.1089
DNAJB5-AS1	NA	3	747	0.187413
DNAJB6	NA	1594	3190	23.3183
DNAJB7	NA	15	2577	0.271629
DNAJB8	NA	0	2475	0
DNAJB8-AS1	NA	0	1798	0
DNAJB9	NA	336	2538	6.17798
DNAJC1	NA	3347	2091	74.6965
DNAJC10	NA	1905	6851	12.976
DNAJC11	NA	2575	3293	36.4909
DNAJC12	NA	5	1528	0.152702
DNAJC13	NA	1068	7547	6.60383
DNAJC14	NA	696	3330	9.75357
DNAJC15	NA	494	2776	8.30436
DNAJC16	NA	590	6299	4.37098
DNAJC17	NA	660	1018	30.2548
DNAJC18	NA	527	5102	4.82024
DNAJC19	NA	580	1640	16.5038
DNAJC2	NA	1878	2212	39.6195
DNAJC21	NA	1133	6208	8.51681
DNAJC22	NA	149	4412	1.57598
DNAJC24	NA	302	3000	4.69769
DNAJC25	NA	334	2506	6.21962
DNAJC25-GNG10	NA	1139	1499	35.4585
DNAJC27	NA	56	4992	0.523495
DNAJC27-AS1	NA	3	4674	0.0299524
DNAJC28	NA	81	1910	1.97902
DNAJC3	NA	814	5591	6.79413
DNAJC3-AS1	NA	45	2905	0.722878
DNAJC30	NA	507	2534	9.33684
DNAJC4	NA	251	1380	8.48776
DNAJC5	NA	1815	5293	16.002
DNAJC5B	NA	1	1380	0.0338158
DNAJC5G	NA	2	2026	0.0460669
DNAJC6	NA	122	6320	0.900827
DNAJC7	NA	4861	2204	102.923
DNAJC8	NA	5664	1764	149.838
DNAJC9	NA	1561	2369	30.7494
DNAJC9-AS1	NA	61	2858	0.996016
DNAL1	NA	447	8570	2.43403
DNAL4	NA	607	1487	19.0492
DNALI1	NA	38	2649	0.669423
DNASE1	NA	233	3098	3.50973
DNASE1L1	NA	549	3647	7.02482
DNASE1L2	NA	25	1326	0.879823
DNASE1L3	NA	1	1076	0.0433697
DNASE2	NA	1167	2008	27.121
DNASE2B	NA	0	1345	0
DND1	NA	302	1603	8.79169
DNER	NA	9	3272	0.128359
DNHD1	NA	144	15680	0.428563
DNLZ	NA	301	750	18.7285
DNM1	NA	438	4065	5.0282
DNM1L	NA	1295	4654	12.985
DNM1P35	NA	12	3567	0.156992
DNM1P41	NA	34	4444	0.357029
DNM1P46	NA	15	3831	0.182717
DNM2	NA	2433	3805	29.8391
DNM3	NA	238	8151	1.36259
DNM3-IT1	NA	1	391	0.11935
DNM3OS	NA	1724	7957	10.1108
DNMBP	NA	2191	6400	15.9757
DNMBP-AS1	NA	39	2651	0.686521
DNMT1	NA	3779	5400	32.6574
DNMT3A	NA	216	5664	1.77963
DNMT3B	NA	418	4630	4.21302
DNMT3L	NA	5	1706	0.13677
DNPEP	NA	1329	2438	25.4384
DNPH1	NA	1236	797	72.37
DNTT	NA	0	2040	0
DNTTIP1	NA	564	1290	20.4027
DNTTIP2	NA	2923	2722	50.1117
DOC2A	NA	321	2432	6.15942
DOC2B	NA	0	1074	0
DOC2GP	NA	0	434	0
DOCK1	NA	1112	6860	7.56449
DOCK10	NA	1	7650	0.0061001
DOCK11	NA	102	6638	0.71707
DOCK2	NA	6	6097	0.0459234
DOCK3	NA	714	8755	3.80575
DOCK4	NA	50	8336	0.279905
DOCK4-AS1	NA	0	2511	0
DOCK5	NA	13	7555	0.0802985
DOCK6	NA	657	6400	4.79054
DOCK7	NA	1075	7998	6.27228
DOCK8	NA	19	7505	0.118141
DOCK9	NA	232	8047	1.3454
DOCK9-AS1	NA	0	392	0
DOCK9-AS2	NA	5	1903	0.122611
DOHH	NA	1133	2060	25.6662
DOK1	NA	573	2406	11.1137
DOK2	NA	4	1770	0.105459
DOK3	NA	133	3538	1.75425
DOK4	NA	1396	2750	23.6893
DOK5	NA	10	2443	0.191018
DOK6	NA	25	8896	0.131143
DOK7	NA	12	3844	0.145679
DOLK	NA	816	2204	17.2774
DOLPP1	NA	700	2176	15.012
DONSON	NA	796	2522	14.7288
DOPEY1	NA	209	8022	1.2158
DOPEY2	NA	943	7679	5.73067
DOT1L	NA	1799	7436	11.2899
DPAGT1	NA	637	2142	13.8777
DPCD	NA	755	799	44.096
DPCR1	NA	13	20219	0.0300042
DPEP1	NA	15	1833	0.381881
DPEP2	NA	0	1766	0
DPEP3	NA	0	1738	0
DPF1	NA	196	2515	3.63678
DPF2	NA	1610	2530	29.6964
DPF3	NA	3	4991	0.02805
DPH1	NA	1566	2195	33.2932
DPH2	NA	776	2497	14.5025
DPH3	NA	1484	4065	17.0362
DPH3P1	NA	58	1626	1.66459
DPH5	NA	778	1807	20.0919
DPH6	NA	93	4053	1.07079
DPH6-AS1	NA	7	1477	0.221165
DPH7	NA	740	1849	18.6764
DPM1	NA	1789	1047	79.7375
DPM2	NA	1103	1546	33.2939
DPM3	NA	266	547	22.6931
DPP10	NA	0	6218	0
DPP10-AS1	NA	0	730	0
DPP10-AS3	NA	0	756	0
DPP3	NA	1205	3083	18.2395
DPP4	NA	0	3900	0
DPP6	NA	22	6770	0.151647
DPP7	NA	257	1617	7.41689
DPP8	NA	273	4298	2.96411
DPP9	NA	1365	4269	14.9212
DPP9-AS1	NA	108	3071	1.64113
DPPA2	NA	0	1383	0
DPPA2P3	NA	0	1145	0
DPPA3	NA	4	1076	0.173479
DPPA4	NA	0	2817	0
DPPA5	NA	0	660	0
DPRX	NA	0	648	0
DPRXP4	NA	0	665	0
DPT	NA	0	1728	0
DPY19L1	NA	553	4865	5.30446
DPY19L1P1	NA	57	1901	1.39924
DPY19L2	NA	537	4057	6.17686
DPY19L2P1	NA	38	2814	0.630171
DPY19L2P2	NA	93	4610	0.941414
DPY19L2P3	NA	3	1677	0.0834809
DPY19L2P4	NA	24	2018	0.554995
DPY19L3	NA	577	6189	4.35065
DPY19L4	NA	275	6234	2.05857
DPY30	NA	1301	800	75.8903
DPYD	NA	0	5616	0
DPYD-AS1	NA	0	533	0
DPYD-AS2	NA	0	817	0
DPYS	NA	179	2123	3.93461
DPYSL2	NA	849	5237	7.56526
DPYSL3	NA	78	5629	0.646639
DPYSL4	NA	400	2719	6.86514
DPYSL5	NA	666	5354	5.8049
DQX1	NA	41	2634	0.726385
DR1	NA	739	3208	10.75
DRAIC	NA	5	1705	0.13685
DRAM1	NA	3942	3543	51.9211
DRAM2	NA	662	1886	16.38
DRAP1	NA	1462	1005	67.886
DRAXIN	NA	33	1773	0.868568
DRC1	NA	3	2491	0.0562013
DRC7	NA	4	3042	0.061362
DRD1	NA	0	3373	0
DRD2	NA	1	2699	0.01729
DRD3	NA	0	2101	0
DRD4	NA	26	1362	0.89083
DRD5	NA	0	2376	0
DRD5P2	NA	12	2210	0.253389
DRG1	NA	1277	1450	41.0981
DRG2	NA	498	1997	11.6372
DRGX	NA	19	955	0.92843
DRICH1	NA	6	1300	0.215381
DROSHA	NA	2350	5497	19.9499
DRP2	NA	93	7118	0.60971
DSC1	NA	0	4256	0
DSC2	NA	2	5254	0.0177639
DSC3	NA	0	7699	0
DSCAM	NA	0	7109	0
DSCAM-AS1	NA	0	1769	0
DSCAM-IT1	NA	0	720	0
DSCAML1	NA	1	6900	0.00676316
DSCAS	NA	0	553	0
DSCC1	NA	195	2269	4.0105
DSCR10	NA	0	860	0
DSCR3	NA	1152	3251	16.5361
DSCR4	NA	0	1098	0
DSCR8	NA	0	831	0
DSCR9	NA	5	1644	0.141928
DSE	NA	994	4180	11.0971
DSEL	NA	19	9281	0.0955339
DSG1	NA	0	7262	0
DSG1-AS1	NA	0	767	0
DSG2	NA	0	5653	0
DSG2-AS1	NA	0	1986	0
DSG3	NA	0	5551	0
DSG4	NA	0	3701	0
DSN1	NA	528	2517	9.78925
DSP	NA	26994	9730	129.465
DSPP	NA	0	4331	0
DST	NA	3849	24674	7.27959
DSTN	NA	4911	1746	131.258
DSTNP2	NA	153	1105	6.46142
DSTYK	NA	827	7909	4.87958
DTD1	NA	1344	1367	45.8806
DTD2	NA	444	2680	7.7312
DTHD1	NA	0	3780	0
DTL	NA	510	4597	5.17719
DTNA	NA	48	10729	0.208776
DTNB	NA	541	2733	9.23754
DTNBP1	NA	420	2559	7.6591
DTWD1	NA	298	2750	5.05688
DTWD2	NA	190	5925	1.49646
DTX1	NA	67	3288	0.950915
DTX2	NA	333	2819	5.51249
DTX2P1-UPK3BP1-PMS2P11	NA	143	1761	3.78944
DTX3	NA	659	2232	13.7781
DTX3L	NA	662	5767	5.35682
DTX4	NA	870	5854	6.9353
DTYMK	NA	1234	1209	47.6308
DUOX1	NA	11	5679	0.0903898
DUOX2	NA	13	6346	0.0955965
DUOXA1	NA	1	3289	0.0141884
DUOXA2	NA	0	1438	0
DUPD1	NA	1	663	0.0703858
DUS1L	NA	1924	1884	47.6566
DUS2	NA	309	2325	6.20204
DUS3L	NA	814	2111	17.9943
DUS4L	NA	182	2380	3.56856
DUSP1	NA	1990	2024	45.8819
DUSP10	NA	106	2738	1.80664
DUSP11	NA	1081	1639	30.7784
DUSP12	NA	503	1274	18.4246
DUSP13	NA	43	1833	1.09472
DUSP14	NA	1048	1508	32.4309
DUSP15	NA	6	1733	0.161567
DUSP16	NA	1769	6312	13.0785
DUSP18	NA	63	3466	0.848224
DUSP19	NA	21	5365	0.182662
DUSP2	NA	488	1685	13.5151
DUSP21	NA	0	886	0
DUSP22	NA	505	3505	6.7236
DUSP23	NA	403	685	27.4545
DUSP26	NA	2	2043	0.0456836
DUSP27	NA	92	4034	1.06427
DUSP28	NA	46	1555	1.38047
DUSP3	NA	4372	4122	49.4961
DUSP4	NA	10	7341	0.0635687
DUSP5	NA	3229	2528	59.606
DUSP5P1	NA	26	2472	0.490822
DUSP6	NA	2727	3395	37.4838
DUSP7	NA	862	3233	12.4423
DUSP8	NA	376	4473	3.92272
DUSP9	NA	22	2380	0.431365
DUT	NA	756	2246	15.7076
DUX4	NA	0	1710	0
DUXA	NA	13	3346	0.181308
DUXAP10	NA	1222	2393	23.8302
DUXAP8	NA	1170	2107	25.9131
DVL1	NA	1168	2924	18.6408
DVL2	NA	1960	3016	30.3266
DVL3	NA	2113	5062	19.4794
DXO	NA	14726	9540	72.0336
DYDC1	NA	0	764	0
DYDC2	NA	8	2465	0.151451
DYM	NA	1297	2628	23.031
DYNAP	NA	0	2135	0
DYNC1H1	NA	6016	14340	19.5775
DYNC1I1	NA	65	3390	0.894772
DYNC1I2	NA	2218	4670	22.1638
DYNC1LI1	NA	1134	2504	21.1338
DYNC1LI2	NA	2683	4336	28.8755
DYNC2H1	NA	661	13699	2.2517
DYNC2LI1	NA	126	1936	3.03713
DYNLL1	NA	7872	984	373.326
DYNLL2	NA	1371	1522	42.036
DYNLRB1	NA	2205	1244	82.7155
DYNLRB2	NA	1	1419	0.0328864
DYNLT1	NA	3406	772	205.886
DYNLT3	NA	0	2216	0
DYRK1A	NA	1079	6911	7.28583
DYRK1B	NA	906	2570	16.4511
DYRK2	NA	445	6159	3.3717
DYRK3	NA	265	2261	5.46945
DYRK4	NA	369	2735	6.29604
DYSF	NA	84	7278	0.538599
DYTN	NA	0	2051	0
DYX1C1	NA	161	2371	3.16879
DYX1C1-CCPG1	NA	941	4838	9.07658
DZANK1	NA	221	3500	2.94661
DZIP1	NA	2431	7491	15.1441
DZIP1L	NA	365	3909	4.35738
DZIP3	NA	713	5542	6.00374
E2F1	NA	721	2700	12.4615
E2F2	NA	231	5193	2.07583
E2F3	NA	712	5163	6.43542
E2F4	NA	2021	2100	44.9103
E2F5	NA	826	1856	20.7683
E2F6	NA	743	3450	10.0501
E2F7	NA	242	5741	1.9671
E2F8	NA	233	3970	2.73882
E4F1	NA	748	2651	13.1671
EAF1	NA	776	4488	8.06877
EAF2	NA	28	1020	1.28102
EAPP	NA	956	1348	33.0953
EARS2	NA	928	4186	10.3454
EBAG9	NA	420	2801	6.99737
EBF1	NA	0	5277	0
EBF2	NA	0	4872	0
EBF3	NA	7	4412	0.0740391
EBF4	NA	288	2911	4.61688
EBI3	NA	212	1137	8.7011
EBLN1	NA	1	1170	0.0398853
EBLN2	NA	12	1662	0.336937
EBLN3	NA	744	4375	7.93585
EBNA1BP2	NA	3551	1642	100.92
EBP	NA	890	1157	35.8968
EBPL	NA	816	1159	32.8553
ECD	NA	1207	2336	24.112
ECE1	NA	3329	5737	27.0787
ECE2	NA	347	4362	3.7123
ECEL1	NA	227	2896	3.65785
ECEL1P2	NA	27	1295	0.972955
ECH1	NA	2412	1263	89.1195
ECHDC1	NA	1383	2391	26.9924
ECHDC2	NA	16	1590	0.469593
ECHDC3	NA	0	1654	0
ECHS1	NA	4006	1329	140.665
ECI1	NA	1710	1051	75.9263
ECI2	NA	2057	1573	61.0245
ECM1	NA	2376	2231	49.6988
ECM2	NA	0	3893	0
ECRP	NA	4	605	0.308534
ECSCR	NA	48	745	3.00666
ECSIT	NA	657	1819	16.8551
ECT2	NA	569	4500	5.90063
ECT2L	NA	5	4483	0.0520475
EDA	NA	48	5572	0.402003
EDA2R	NA	803	3585	10.4526
EDAR	NA	0	4214	0
EDARADD	NA	3584	3017	55.4359
EDC3	NA	1850	4069	21.2169
EDC4	NA	1957	4811	18.9825
EDDM3A	NA	0	879	0
EDDM3B	NA	0	896	0
EDEM1	NA	749	6153	5.68059
EDEM2	NA	938	2129	20.5601
EDEM3	NA	462	6632	3.25084
EDF1	NA	6471	1083	278.831
EDIL3	NA	0	4760	0
EDN1	NA	438	2100	9.73315
EDN2	NA	25	1253	0.931081
EDN3	NA	0	2675	0
EDNRA	NA	3	4150	0.0337343
EDNRB	NA	0	4861	0
EDNRB-AS1	NA	0	2431	0
EDRF1	NA	613	4823	5.93119
EDRF1-AS1	NA	8	557	0.670245
EEA1	NA	270	8003	1.57438
EED	NA	388	2532	7.151
EEF1A1	NA	238130	3512	3164.16
EEF1A2	NA	940	2007	21.8564
EEF1B2	NA	6088	1110	255.947
EEF1D	NA	8935	3160	131.949
EEF1DP3	NA	0	575	0
EEF1E1	NA	1161	1245	43.5173
EEF1E1-BLOC1S5	NA	1039	2992	16.2051
EEF1G	NA	42405	1538	1286.65
EEF2	NA	56511	3158	835.064
EEF2K	NA	599	7412	3.77129
EEF2KMT	NA	890	2406	17.2621
EEFSEC	NA	580	2229	12.1427
EEPD1	NA	150	4687	1.49346
EFCAB1	NA	0	3764	0
EFCAB10	NA	35	764	2.13783
EFCAB11	NA	203	4464	2.12212
EFCAB12	NA	3	2154	0.0649941
EFCAB13	NA	12	4699	0.119172
EFCAB14	NA	1415	5767	11.45
EFCAB14-AS1	NA	11	583	0.880487
EFCAB2	NA	162	4661	1.62194
EFCAB3	NA	1	1754	0.0266054
EFCAB5	NA	39	6339	0.287106
EFCAB6	NA	41	4929	0.388172
EFCAB6-AS1	NA	0	1997	0
EFCAB7	NA	63	2402	1.22396
EFCAB9	NA	2	704	0.132573
EFCC1	NA	1	2691	0.0173414
EFEMP1	NA	0	3094	0
EFEMP2	NA	3410	2068	76.9489
EFHB	NA	8	2855	0.130762
EFHC1	NA	535	7029	3.55189
EFHC2	NA	1	3252	0.0143499
EFHD1	NA	380	2186	8.11208
EFHD2	NA	1555	2419	29.9981
EFNA1	NA	248	1566	7.39024
EFNA2	NA	62	2142	1.35074
EFNA3	NA	92	1782	2.40923
EFNA4	NA	252	1257	9.35543
EFNA5	NA	495	5335	4.32982
EFNB1	NA	390	3330	5.46536
EFNB2	NA	15	4387	0.159559
EFNB3	NA	1273	3219	18.4547
EFR3A	NA	413	5414	3.55984
EFR3B	NA	262	7458	1.63937
EFS	NA	0	3120	0
EFTUD1	NA	530	3685	6.71177
EFTUD1P1	NA	10	1167	0.399878
EFTUD2	NA	3845	4561	39.3401
EGF	NA	31	5583	0.259115
EGFEM1P	NA	0	3842	0
EGFL6	NA	4	2432	0.076753
EGFL7	NA	482	2569	8.75551
EGFL8	NA	526	9209	2.66546
EGFLAM	NA	5	5457	0.0427577
EGFLAM-AS2	NA	1	1897	0.0245998
EGFLAM-AS4	NA	0	1574	0
EGFR	NA	19	6571	0.134934
EGFR-AS1	NA	0	2821	0
EGLN1	NA	852	7097	5.60226
EGLN2	NA	1918	2365	37.8457
EGLN3	NA	25	2722	0.428598
EGOT	NA	3	1462	0.0957575
EGR1	NA	5943	3136	88.4359
EGR2	NA	11	3148	0.163063
EGR3	NA	26	4504	0.269385
EGR4	NA	13	2373	0.255649
EHBP1	NA	651	5397	5.62895
EHBP1L1	NA	69	5180	0.62161
EHD1	NA	1701	3939	20.1519
EHD2	NA	20	3584	0.260412
EHD3	NA	407	3906	4.86251
EHD4	NA	957	2893	15.437
EHD4-AS1	NA	0	1174	0
EHF	NA	1	5639	0.00827555
EHHADH	NA	0	3973	0
EHHADH-AS1	NA	0	1416	0
EHMT1	NA	1347	5395	11.6513
EHMT1-IT1	NA	0	1751	0
EHMT2	NA	9590	27265	16.4139
EI24	NA	3352	2456	63.6905
EID1	NA	3392	2091	75.7008
EID2	NA	865	1392	28.9985
EID2B	NA	140	1335	4.89379
EID3	NA	71	1473	2.24934
EIF1	NA	7757	1326	272.991
EIF1AD	NA	667	2925	10.6414
EIF1AX	NA	1929	4431	20.3156
EIF1AX-AS1	NA	0	378	0
EIF1AY	NA	617	1404	20.5077
EIF1B	NA	1158	1012	53.3982
EIF1B-AS1	NA	6	2112	0.132573
EIF2A	NA	1193	3879	14.3522
EIF2AK1	NA	5662	4465	59.1762
EIF2AK2	NA	293	4345	3.14685
EIF2AK3	NA	437	4648	4.38747
EIF2AK4	NA	759	5534	6.40031
EIF2B1	NA	1444	1870	36.035
EIF2B2	NA	1210	1541	36.6422
EIF2B3	NA	738	2176	15.8269
EIF2B4	NA	1821	1896	44.8198
EIF2B5	NA	987	2898	15.8934
EIF2B5-AS1	NA	1	571	0.0817264
EIF2D	NA	1380	2097	30.71
EIF2S1	NA	2430	4165	27.2264
EIF2S2	NA	4548	2592	81.8812
EIF2S3	NA	5619	3465	75.6754
EIF3A	NA	8746	5305	76.9348
EIF3B	NA	4838	3081	73.2779
EIF3C	NA	19095	3502	254.45
EIF3CL	NA	19077	3053	291.596
EIF3D	NA	7641	1949	182.952
EIF3E	NA	5787	1508	179.082
EIF3F	NA	5305	1257	196.947
EIF3G	NA	5107	1127	211.466
EIF3H	NA	7270	1275	266.087
EIF3I	NA	4518	1458	144.606
EIF3IP1	NA	211	987	9.97617
EIF3J	NA	2871	2558	52.3759
EIF3J-AS1	NA	197	1851	4.96659
EIF3K	NA	1960	893	102.424
EIF3L	NA	5822	2091	129.932
EIF3M	NA	3149	1720	85.4364
EIF4A1	NA	15736	1877	391.227
EIF4A2	NA	4056	1890	100.146
EIF4A3	NA	3420	1734	92.0398
EIF4B	NA	12023	4063	138.091
EIF4E	NA	1212	5040	11.222
EIF4E1B	NA	7	1974	0.165482
EIF4E2	NA	1891	3891	22.6793
EIF4E3	NA	1	6730	0.006934
EIF4EBP1	NA	771	859	41.8851
EIF4EBP2	NA	3745	7531	23.2059
EIF4EBP3	NA	271	691	18.3016
EIF4ENIF1	NA	1015	3875	12.2234
EIF4G1	NA	6934	6247	51.7978
EIF4G2	NA	19921	4359	213.267
EIF4G3	NA	2741	6970	18.3516
EIF4H	NA	10824	2546	198.394
EIF5	NA	3793	6269	28.2347
EIF5A	NA	12597	1818	323.349
EIF5A2	NA	194	5537	1.63503
EIF5AL1	NA	5573	3836	67.7968
EIF5B	NA	5093	4698	50.5894
EIF6	NA	3711	1469	117.888
ELAC1	NA	383	2233	8.00403
ELAC2	NA	2713	3804	33.2819
ELANE	NA	0	924	0
ELAVL1	NA	3595	6058	27.6929
ELAVL2	NA	0	4302	0
ELAVL3	NA	22	4682	0.219275
ELAVL4	NA	0	4758	0
ELDR	NA	0	470	0
ELF1	NA	366	3739	4.56798
ELF2	NA	375	3560	4.91564
ELF3	NA	359	3247	5.15954
ELF4	NA	845	4272	9.23048
ELF5	NA	0	2575	0
ELFN1	NA	379	3742	4.72644
ELFN1-AS1	NA	0	1008	0
ELFN2	NA	40	8790	0.212359
ELK1	NA	665	2918	10.6349
ELK2AP	NA	0	792	0
ELK3	NA	1501	4296	16.3048
ELK4	NA	406	11847	1.59925
ELL	NA	577	4027	6.68641
ELL2	NA	84	6046	0.64835
ELL3	NA	614	2113	13.5602
ELMO1	NA	76	6733	0.526749
ELMO1-AS1	NA	0	528	0
ELMO2	NA	954	3682	12.091
ELMO3	NA	55	2512	1.02174
ELMOD1	NA	16	3127	0.238776
ELMOD2	NA	770	4409	8.14984
ELMOD3	NA	203	3095	3.06079
ELMSAN1	NA	703	8257	3.97312
ELN	NA	0	3999	0
ELOF1	NA	1880	1019	86.0959
ELOVL1	NA	1873	1786	48.939
ELOVL2	NA	804	4073	9.21171
ELOVL2-AS1	NA	21	2093	0.468219
ELOVL3	NA	24	1419	0.789274
ELOVL4	NA	718	3060	10.9497
ELOVL5	NA	1517	3950	17.922
ELOVL6	NA	929	3392	12.7808
ELOVL7	NA	1329	4228	14.6686
ELP2	NA	600	2820	9.92889
ELP3	NA	755	3321	10.6091
ELP4	NA	294	2763	4.96552
ELP5	NA	1004	2324	20.1603
ELP6	NA	812	1349	28.0894
ELSPBP1	NA	3	1059	0.132198
EMB	NA	288	4309	3.119
EMBP1	NA	64	4231	0.705888
EMC1	NA	1874	6671	13.1092
EMC10	NA	2926	2211	61.7567
EMC2	NA	238	1238	8.97129
EMC3	NA	1161	1080	50.1657
EMC3-AS1	NA	303	4695	3.01166
EMC4	NA	1625	1047	72.4278
EMC6	NA	1373	862	74.3296
EMC7	NA	1394	1053	61.7779
EMC8	NA	1213	1963	28.8363
EMC9	NA	410	835	22.9137
EMCN	NA	0	4037	0
EMD	NA	1574	1339	54.8558
EME1	NA	852	2354	16.8901
EME2	NA	44	1140	1.80114
EMG1	NA	950	1070	41.4323
EMID1	NA	113	2112	2.4968
EMILIN1	NA	50	3932	0.59341
EMILIN2	NA	189	4009	2.20001
EMILIN3	NA	354	3827	4.31662
EML1	NA	1037	4520	10.7063
EML2	NA	1279	3099	19.2596
EML2-AS1	NA	143	1077	6.19611
EML3	NA	834	3258	11.9458
EML4	NA	3178	5561	26.6686
EML5	NA	61	7171	0.396962
EML6	NA	91	7852	0.540829
EMP1	NA	17595	2804	292.826
EMP2	NA	585	5215	5.2348
EMP3	NA	2561	829	144.163
EMX1	NA	1	2188	0.0213281
EMX2	NA	0	2896	0
EMX2OS	NA	2	7282	0.0128168
EN1	NA	0	2962	0
EN2	NA	6	3395	0.0824727
ENAH	NA	3626	13172	12.8462
ENAM	NA	0	5674	0
ENC1	NA	2299	5728	18.7299
ENDOD1	NA	406	4693	4.03714
ENDOG	NA	527	1145	21.4785
ENDOU	NA	4	2459	0.0759102
ENDOV	NA	214	3358	2.97394
ENG	NA	557	3426	7.58694
ENGASE	NA	455	4494	4.72473
ENHO	NA	86	1078	3.72287
ENKD1	NA	23	1538	0.697863
ENKUR	NA	14	3738	0.174778
ENO1	NA	41425	3253	594.261
ENO1-AS1	NA	22	446	2.3019
ENO2	NA	349	2423	6.72157
ENO3	NA	1236	1527	37.7727
ENO4	NA	10	2865	0.162882
ENOPH1	NA	704	2191	14.9944
ENOSF1	NA	5783	5532	48.7831
ENOX1	NA	0	3124	0
ENOX1-AS2	NA	0	714	0
ENOX2	NA	269	4265	2.94328
ENPEP	NA	0	4995	0
ENPP1	NA	2	7442	0.0125412
ENPP2	NA	6	3437	0.0814649
ENPP3	NA	0	3165	0
ENPP4	NA	0	4680	0
ENPP5	NA	0	3878	0
ENPP6	NA	0	3936	0
ENPP7	NA	0	1859	0
ENPP7P13	NA	0	5438	0
ENSA	NA	5090	4145	57.3049
ENTHD1	NA	0	2710	0
ENTHD2	NA	602	2287	12.2837
ENTPD1	NA	557	13070	1.98874
ENTPD1-AS1	NA	6	4262	0.0656956
ENTPD2	NA	2	2100	0.0444436
ENTPD3	NA	10	3189	0.146334
ENTPD3-AS1	NA	24	2039	0.549279
ENTPD4	NA	1308	5897	10.3508
ENTPD5	NA	49	2048	1.11652
ENTPD6	NA	1046	2762	17.6729
ENTPD7	NA	452	8555	2.46557
ENTPD8	NA	28	2222	0.588048
ENY2	NA	1270	2976	19.9145
EOGT	NA	292	4666	2.92036
EOMES	NA	34	3660	0.433507
EP300	NA	1415	8761	7.53705
EP300-AS1	NA	15	1377	0.508342
EP400	NA	1814	12317	6.87276
EP400NL	NA	63	1539	1.9103
EPAS1	NA	1351	5166	12.2039
EPB41	NA	1409	6292	10.4501
EPB41L1	NA	1595	6756	11.0172
EPB41L2	NA	1193	4617	12.0581
EPB41L3	NA	0	5280	0
EPB41L4A	NA	146	4707	1.44746
EPB41L4A-AS1	NA	365	1194	14.2655
EPB41L4A-AS2	NA	0	1398	0
EPB41L4B	NA	175	7884	1.03583
EPB41L5	NA	1101	9935	5.17152
EPB42	NA	0	2540	0
EPC1	NA	635	4981	5.94916
EPC2	NA	349	3641	4.47305
EPCAM	NA	245	1718	6.6549
EPDR1	NA	0	2731	0
EPG5	NA	783	12698	2.87756
EPGN	NA	2	2893	0.0322612
EPHA1	NA	12	3363	0.166515
EPHA1-AS1	NA	0	5016	0
EPHA10	NA	68	6643	0.477687
EPHA2	NA	3832	3964	45.1118
EPHA3	NA	2	6674	0.0139844
EPHA4	NA	1	6658	0.00700898
EPHA5	NA	7	9835	0.0332141
EPHA5-AS1	NA	10	1177	0.396481
EPHA6	NA	0	4587	0
EPHA7	NA	12	7489	0.0747749
EPHA8	NA	3	5409	0.0258823
EPHB1	NA	3	4675	0.029946
EPHB2	NA	198	11039	0.837017
EPHB3	NA	289	4220	3.19583
EPHB4	NA	2595	4351	27.8322
EPHB6	NA	0	4059	0
EPHX1	NA	890	2373	17.5021
EPHX2	NA	249	2275	5.1076
EPHX3	NA	7	1938	0.168556
EPHX4	NA	108	1443	3.49266
EPM2A	NA	117	3465	1.57573
EPM2AIP1	NA	1031	7439	6.46759
EPN1	NA	3202	3263	45.7934
EPN2	NA	696	4835	6.71756
EPN2-AS1	NA	0	1190	0
EPN2-IT1	NA	2	826	0.112992
EPN3	NA	15	3927	0.17825
EPO	NA	4	1330	0.140348
EPOR	NA	293	2691	5.08104
EPPIN	NA	0	2000	0
EPPIN-WFDC6	NA	0	1862	0
EPPK1	NA	419	8002	2.44351
EPRS	NA	3545	5015	32.9871
EPS15	NA	970	5483	8.25567
EPS15L1	NA	834	5152	7.55421
EPS8	NA	69	4082	0.788814
EPS8L1	NA	127	2735	2.16693
EPS8L2	NA	512	3141	7.60678
EPS8L3	NA	3	2321	0.0603177
EPSTI1	NA	1	3201	0.0145785
EPT1	NA	1841	8129	10.5685
EPX	NA	5	2717	0.0858774
EPYC	NA	0	1539	0
EQTN	NA	0	1036	0
ERAL1	NA	1890	1825	48.3279
ERAP1	NA	1401	7592	8.61154
ERAP2	NA	252	5690	2.06675
ERAS	NA	2	826	0.112992
ERBB2	NA	3130	5497	26.5716
ERBB2IP	NA	1100	7186	7.14339
ERBB3	NA	37	6193	0.278804
ERBB4	NA	0	11923	0
ERC1	NA	1775	9623	8.60769
ERC2	NA	64	6132	0.487053
ERC2-IT1	NA	0	2255	0
ERCC1	NA	1970	3806	24.1544
ERCC2	NA	1360	3019	21.022
ERCC3	NA	1484	3009	23.015
ERCC4	NA	196	6761	1.35283
ERCC5	NA	1194	4085	13.6399
ERCC6	NA	225	8993	1.16755
ERCC6-PGBD3	NA	142	3697	1.79241
ERCC6L	NA	366	4207	4.05982
ERCC6L2	NA	688	12450	2.5788
ERCC8	NA	276	2550	5.05089
EREG	NA	0	4628	0
ERF	NA	3185	2873	51.7336
ERG	NA	1	7684	0.00607311
ERGIC1	NA	3196	2936	50.7983
ERGIC2	NA	640	1777	16.807
ERGIC3	NA	1555	1366	53.1225
ERH	NA	5727	801	333.652
ERI1	NA	2001	4615	20.2336
ERI2	NA	198	4207	2.1963
ERI3	NA	1487	1755	39.5396
ERI3-IT1	NA	4	1120	0.166664
ERICH1	NA	810	3658	10.3333
ERICH1-AS1	NA	0	857	0
ERICH2	NA	158	2205	3.34385
ERICH3	NA	0	7159	0
ERICH3-AS1	NA	0	5047	0
ERICH4	NA	2	946	0.0986592
ERICH5	NA	0	1550	0
ERICH6	NA	1	2072	0.0225221
ERICH6-AS1	NA	14	793	0.82386
ERICH6B	NA	0	2421	0
ERLEC1	NA	532	2582	9.61511
ERLIN1	NA	1382	3519	18.3268
ERLIN2	NA	991	6135	7.53803
ERMAP	NA	166	3500	2.21329
ERMARD	NA	200	2222	4.20034
ERMN	NA	1	4161	0.011215
ERMP1	NA	2001	5341	17.4833
ERN1	NA	22	4005	0.256341
ERN2	NA	95	3620	1.22465
ERO1L	NA	2140	5512	18.1177
ERO1LB	NA	90	5054	0.831009
ERP27	NA	24	1752	0.639258
ERP29	NA	4419	1472	140.093
ERP44	NA	2239	4864	21.4812
ERRFI1	NA	8923	3129	133.077
ERV3-1	NA	217	3266	3.10058
ERVFRD-1	NA	4	3304	0.0564961
ERVH48-1	NA	1	2294	0.0203425
ERVK13-1	NA	194	8336	1.08603
ERVMER34-1	NA	0	2985	0
ERVV-1	NA	0	2490	0
ERVV-2	NA	0	2482	0
ESAM	NA	134	1869	3.34576
ESCO1	NA	630	4499	6.53466
ESCO2	NA	207	3358	2.87666
ESD	NA	3613	1192	141.446
ESF1	NA	874	3263	12.4995
ESM1	NA	0	2089	0
ESPL1	NA	741	6623	5.2211
ESPN	NA	20	3531	0.264321
ESPNL	NA	151	4822	1.46133
ESPNP	NA	1	2015	0.0231592
ESR1	NA	4	6974	0.0267656
ESR2	NA	7	5192	0.0629161
ESRG	NA	11	3138	0.163583
ESRP1	NA	6	3806	0.0735667
ESRP2	NA	172	4021	1.99615
ESRRA	NA	724	2489	13.5741
ESRRB	NA	7	3014	0.108381
ESRRG	NA	0	7375	0
ESX1	NA	0	1480	0
ESYT1	NA	2881	4277	31.4342
ESYT2	NA	1317	5957	10.3171
ESYT3	NA	0	4447	0
ETAA1	NA	436	3283	6.19747
ETF1	NA	5754	4264	62.9726
ETFA	NA	3552	1354	122.42
ETFB	NA	1676	1450	53.9392
ETFDH	NA	193	2483	3.62727
ETHE1	NA	1507	963	73.0274
ETNK1	NA	488	7306	3.11701
ETNK2	NA	313	2720	5.37
ETNPPL	NA	0	2141	0
ETS1	NA	1005	5541	8.46402
ETS2	NA	14	4075	0.160324
ETV1	NA	33	7638	0.20162
ETV2	NA	13	1495	0.40579
ETV3	NA	59	2930	0.939687
ETV3L	NA	2	1977	0.0472087
ETV4	NA	997	2761	16.8511
ETV5	NA	1439	4102	16.3706
ETV6	NA	302	5978	2.35749
ETV7	NA	36	2244	0.748649
EVA1A	NA	560	2102	12.4324
EVA1B	NA	264	1245	9.8954
EVA1C	NA	25	1953	0.59736
EVADR	NA	0	673	0
EVC	NA	384	6661	2.69024
EVC2	NA	388	5130	3.5295
EVI2A	NA	0	3010	0
EVI2B	NA	0	1995	0
EVI5	NA	311	7436	1.95173
EVI5L	NA	613	3846	7.43789
EVL	NA	694	1842	17.582
EVPL	NA	7	6587	0.0495917
EVPLL	NA	0	1991	0
EVX1	NA	1	3156	0.0147864
EVX1-AS	NA	0	480	0
EVX2	NA	0	1617	0
EWSAT1	NA	6	2526	0.110845
EWSR1	NA	7645	2952	120.854
EXD1	NA	5	3249	0.0718156
EXD2	NA	563	5396	4.86895
EXD3	NA	281	4948	2.65018
EXO1	NA	404	3462	5.44569
EXO5	NA	155	2203	3.28334
EXOC1	NA	454	3582	5.91465
EXOC2	NA	667	4636	6.714
EXOC3	NA	588	2762	9.93465
EXOC3-AS1	NA	127	1325	4.47287
EXOC3L1	NA	38	2497	0.710172
EXOC3L2	NA	9	1719	0.244324
EXOC3L4	NA	18	2579	0.325702
EXOC4	NA	1754	4345	18.8382
EXOC5	NA	948	8511	5.19788
EXOC6	NA	223	3732	2.78844
EXOC6B	NA	177	2594	3.18421
EXOC7	NA	4871	5401	42.0865
EXOC8	NA	224	5142	2.03289
EXOG	NA	415	3146	6.15585
EXOSC1	NA	936	1150	37.9819
EXOSC10	NA	3284	2842	53.9235
EXOSC2	NA	835	2609	14.9352
EXOSC3	NA	1252	1841	31.7358
EXOSC4	NA	738	895	38.4797
EXOSC5	NA	372	993	17.4821
EXOSC6	NA	864	1700	23.7172
EXOSC7	NA	824	1520	25.2978
EXOSC8	NA	497	1411	16.4372
EXOSC9	NA	823	1644	23.3613
EXPH5	NA	388	10203	1.77461
EXT1	NA	3492	3363	48.4558
EXT2	NA	1850	3852	22.4122
EXTL1	NA	3822	4014	44.4337
EXTL2	NA	505	3372	6.9888
EXTL3	NA	1939	6340	14.2721
EXTL3-AS1	NA	6	780	0.358968
EYA1	NA	0	4504	0
EYA2	NA	21	2702	0.362688
EYA3	NA	811	6273	6.03315
EYA4	NA	0	5812	0
EYS	NA	5	13926	0.0167549
EZH1	NA	643	4646	6.45848
EZH2	NA	972	3036	14.9404
EZR	NA	8373	3257	119.967
EZR-AS1	NA	12	350	1.59997
F10	NA	16	1536	0.486102
F10-AS1	NA	3	455	0.307687
F11	NA	0	3278	0
F11-AS1	NA	0	1235	0
F11R	NA	3811	4830	36.8206
F12	NA	239	2051	5.4379
F13A1	NA	0	3863	0
F13B	NA	1	2217	0.0210491
F2	NA	4	2010	0.0928673
F2R	NA	4714	3810	57.7382
F2RL1	NA	2047	2883	33.1339
F2RL2	NA	7277	3429	99.0338
F2RL3	NA	1	2731	0.0170874
F3	NA	69	2393	1.34557
F5	NA	252	9179	1.28116
F7	NA	12	3198	0.175106
F8	NA	13	9204	0.0659121
F8A1	NA	615	3404	8.4311
F8A2	NA	166	2232	3.47066
F8A3	NA	166	2232	3.47066
F9	NA	0	2802	0
FA2H	NA	23	2427	0.442239
FAAH	NA	10	2095	0.222748
FAAH2	NA	3	2012	0.0695812
FAAHP1	NA	4	1267	0.147327
FAAP100	NA	1151	3849	13.9549
FAAP20	NA	2345	6992	15.6509
FAAP24	NA	79	1604	2.29838
FABP1	NA	0	563	0
FABP12	NA	0	423	0
FABP2	NA	4	2249	0.0829983
FABP3	NA	34	1097	1.44634
FABP4	NA	0	838	0
FABP5	NA	1319	731	84.2027
FABP5P3	NA	3	855	0.16374
FABP6	NA	1	867	0.0538245
FABP7	NA	1	999	0.0467125
FABP9	NA	0	399	0
FADD	NA	1065	1853	26.8209
FADS1	NA	3249	4420	34.3025
FADS2	NA	4352	3852	52.7231
FADS3	NA	2145	1793	55.8272
FADS6	NA	0	2287	0
FAF1	NA	1895	2583	34.236
FAF2	NA	2685	4515	27.7514
FAH	NA	191	1797	4.96003
FAHD1	NA	1195	2744	20.3228
FAHD2A	NA	690	1298	24.8069
FAHD2B	NA	1232	1265	45.4484
FAHD2CP	NA	186	852	10.1876
FAIM	NA	552	1656	15.5553
FAIM2	NA	22	4744	0.21641
FALEC	NA	3	566	0.247345
FAM101A	NA	56	2150	1.21548
FAM101B	NA	2925	3620	37.7065
FAM102A	NA	1550	4336	16.6817
FAM102B	NA	261	5340	2.28086
FAM103A1	NA	853	1572	25.3218
FAM104A	NA	1517	2970	23.8357
FAM104B	NA	236	2277	4.83668
FAM105A	NA	41	7048	0.271467
FAM106A	NA	0	2281	0
FAM106B	NA	0	1759	0
FAM106CP	NA	0	1759	0
FAM107A	NA	3	4430	0.0316021
FAM107B	NA	749	4605	7.59016
FAM109A	NA	416	3256	5.96222
FAM109B	NA	4	2332	0.0800443
FAM110A	NA	203	2125	4.45796
FAM110B	NA	1235	4368	13.1942
FAM110C	NA	3	3963	0.0353261
FAM110D	NA	45	1524	1.37793
FAM111A	NA	233	3941	2.75898
FAM111B	NA	1	3561	0.0131047
FAM114A1	NA	229	4138	2.58252
FAM114A2	NA	337	2880	5.46055
FAM117A	NA	1408	2361	27.8295
FAM117B	NA	314	5773	2.53821
FAM118A	NA	451	3364	6.25632
FAM118B	NA	784	2090	17.5053
FAM120A	NA	1279	7238	8.24614
FAM120AOS	NA	761	2765	12.8436
FAM120B	NA	858	5698	7.0269
FAM120C	NA	180	8441	0.995124
FAM122A	NA	348	3646	4.45411
FAM122B	NA	1165	4404	12.3446
FAM122C	NA	134	5388	1.16058
FAM124A	NA	23	4902	0.218954
FAM124B	NA	2	2594	0.0359798
FAM126A	NA	831	6151	6.30455
FAM126B	NA	140	9333	0.700012
FAM127A	NA	3044	1243	114.281
FAM127B	NA	1988	1259	73.6867
FAM127C	NA	690	2033	15.8384
FAM129A	NA	708	6969	4.74091
FAM129B	NA	2247	4077	25.7194
FAM129C	NA	10	2749	0.169756
FAM131A	NA	178	2805	2.96132
FAM131B	NA	133	4442	1.39724
FAM131C	NA	99	1701	2.716
FAM132A	NA	25	1043	1.11855
FAM132B	NA	144	2902	2.3156
FAM133A	NA	0	3416	0
FAM133B	NA	402	2681	6.99726
FAM133CP	NA	99	2519	1.83403
FAM133DP	NA	389	2015	9.00893
FAM134A	NA	1587	4614	16.0509
FAM134B	NA	0	3705	0
FAM134C	NA	745	3809	9.12734
FAM135A	NA	191	6397	1.39334
FAM135B	NA	0	6962	0
FAM136A	NA	3093	1807	79.8768
FAM138A	NA	0	2260	0
FAM138B	NA	0	1130	0
FAM138C	NA	0	1130	0
FAM138D	NA	0	1126	0
FAM138E	NA	0	1130	0
FAM138F	NA	0	2260	0
FAM13A	NA	505	6268	3.75977
FAM13A-AS1	NA	96	3210	1.39561
FAM13B	NA	633	5620	5.25613
FAM13C	NA	17	3769	0.210485
FAM149A	NA	49	2704	0.845645
FAM149B1	NA	239	3132	3.56102
FAM150A	NA	0	1171	0
FAM150B	NA	0	1398	0
FAM151A	NA	59	1981	1.38984
FAM151B	NA	11	1705	0.30107
FAM153A	NA	2	1794	0.0520243
FAM153B	NA	1	1794	0.0260122
FAM153C	NA	2	1077	0.0866589
FAM155A	NA	65	3859	0.786027
FAM155A-IT1	NA	1	1807	0.025825
FAM155B	NA	160	4019	1.85781
FAM156A	NA	725	2047	16.5279
FAM156B	NA	699	1699	19.1992
FAM157A	NA	14	1275	0.512409
FAM157B	NA	8	1278	0.292118
FAM157C	NA	0	961	0
FAM159A	NA	0	698	0
FAM159B	NA	42	967	2.02685
FAM160A1	NA	192	4576	1.95801
FAM160A2	NA	596	3492	7.96472
FAM160B1	NA	188	6146	1.42746
FAM160B2	NA	953	3732	11.9165
FAM161A	NA	318	3860	3.84449
FAM161B	NA	57	3596	0.739697
FAM162A	NA	1163	838	64.7641
FAM162B	NA	0	1036	0
FAM163A	NA	4	2909	0.0641675
FAM163B	NA	0	1131	0
FAM166A	NA	2290	1148	93.0877
FAM166B	NA	12	1108	0.505406
FAM167A	NA	65	4093	0.741089
FAM167A-AS1	NA	0	1222	0
FAM167B	NA	3	956	0.146441
FAM168A	NA	1834	7305	11.716
FAM168B	NA	3321	5406	28.6676
FAM169A	NA	2131	6213	16.0059
FAM169B	NA	0	3298	0
FAM170A	NA	2	1375	0.0678775
FAM170B	NA	0	1411	0
FAM170B-AS1	NA	0	2000	0
FAM171A1	NA	1805	3950	21.3245
FAM171A2	NA	606	2634	10.7363
FAM171B	NA	69	3555	0.90575
FAM172A	NA	324	4720	3.20333
FAM172BP	NA	23	2295	0.467675
FAM173A	NA	379	874	20.2361
FAM173B	NA	236	2966	3.71312
FAM174A	NA	108	1355	3.71949
FAM174B	NA	218	2629	3.86959
FAM175A	NA	706	2823	11.6706
FAM175B	NA	563	2992	8.78103
FAM177A1	NA	517	3508	6.87749
FAM177B	NA	0	1345	0
FAM178A	NA	782	8016	4.55248
FAM178B	NA	2	3007	0.0310381
FAM179A	NA	80	3548	1.05222
FAM179B	NA	57	6488	0.40998
FAM180A	NA	3	1801	0.0777331
FAM180B	NA	0	1403	0
FAM181A	NA	0	2119	0
FAM181A-AS1	NA	0	2402	0
FAM181B	NA	1	1861	0.0250757
FAM182A	NA	7	5111	0.0639132
FAM182B	NA	4	6026	0.0309763
FAM183A	NA	17	517	1.53447
FAM183B	NA	1	1647	0.0283338
FAM183CP	NA	0	2840	0
FAM184A	NA	30	4161	0.336451
FAM184B	NA	70	3842	0.850236
FAM185A	NA	127	2258	2.62469
FAM186A	NA	1	7265	0.00642337
FAM186B	NA	15	3370	0.207711
FAM187B	NA	0	1179	0
FAM188A	NA	450	2375	8.84194
FAM188B	NA	125	2733	2.13437
FAM189A1	NA	2	4707	0.0198283
FAM189A2	NA	29	2482	0.545249
FAM189B	NA	1106	3193	16.1642
FAM192A	NA	1987	2848	32.5579
FAM193A	NA	999	5206	8.95489
FAM193B	NA	1281	4611	12.9644
FAM195A	NA	658	910	33.743
FAM195B	NA	1067	1421	35.0404
FAM196A	NA	4	4407	0.0423561
FAM196B	NA	0	3548	0
FAM197Y2	NA	0	2335	0
FAM197Y5	NA	0	2335	0
FAM198A	NA	1	3433	0.0135933
FAM198B	NA	3075	5123	28.0104
FAM199X	NA	512	7601	3.14339
FAM19A1	NA	0	2222	0
FAM19A2	NA	6	4136	0.067697
FAM19A3	NA	10	1133	0.411878
FAM19A4	NA	0	2294	0
FAM19A5	NA	663	2886	10.7205
FAM200A	NA	205	2488	3.84505
FAM200B	NA	526	4385	5.59777
FAM201A	NA	98	1727	2.64809
FAM204A	NA	668	2766	11.27
FAM205A	NA	2	4298	0.0217151
FAM205BP	NA	2	6130	0.0152254
FAM205C	NA	0	1373	0
FAM206A	NA	396	1911	9.67015
FAM207A	NA	523	881	27.7029
FAM208A	NA	1719	8770	9.14692
FAM208B	NA	577	8626	3.12151
FAM209A	NA	9	678	0.619458
FAM209B	NA	5	692	0.337181
FAM20A	NA	9	4624	0.0908288
FAM20B	NA	1035	5946	8.12296
FAM20C	NA	482	2780	8.09098
FAM210A	NA	380	4384	4.04494
FAM210B	NA	2124	3033	32.6799
FAM212A	NA	22	1040	0.987161
FAM212B	NA	613	6077	4.70728
FAM212B-AS1	NA	22	2131	0.481768
FAM213A	NA	1015	2400	19.7357
FAM213B	NA	1237	2981	19.3645
FAM214A	NA	494	4646	4.96188
FAM214B	NA	549	3028	8.46087
FAM215A	NA	0	780	0
FAM216A	NA	528	1521	16.1996
FAM216B	NA	0	3302	0
FAM217A	NA	0	2270	0
FAM217B	NA	246	5266	2.17998
FAM218A	NA	3	2174	0.0643962
FAM219A	NA	470	3645	6.01726
FAM219B	NA	1766	3550	23.2146
FAM21A	NA	2733	4708	27.0896
FAM21C	NA	2424	4645	24.3526
FAM21EP	NA	50	2177	1.07179
FAM220A	NA	402	2214	8.47319
FAM221A	NA	23	1488	0.721313
FAM221B	NA	2	3137	0.0297519
FAM222A	NA	70	3140	1.04032
FAM222A-AS1	NA	0	868	0
FAM222B	NA	1004	4837	9.68626
FAM223A	NA	3	710	0.197179
FAM223B	NA	3	710	0.197179
FAM224A	NA	32	460	3.24632
FAM224B	NA	32	462	3.23226
FAM225A	NA	3	5802	0.0241292
FAM225B	NA	4	5806	0.0321501
FAM226A	NA	51	2022	1.17703
FAM226B	NA	51	2022	1.17703
FAM227A	NA	137	10362	0.616987
FAM227B	NA	40	1994	0.936124
FAM228A	NA	0	1834	0
FAM228B	NA	173	1622	4.9773
FAM229A	NA	108	699	7.21017
FAM229B	NA	196	2671	3.42437
FAM230B	NA	4	3322	0.05619
FAM230C	NA	0	1962	0
FAM231A	NA	3	510	0.274505
FAM231D	NA	151	1986	3.5481
FAM24A	NA	0	596	0
FAM24B	NA	190	772	11.4851
FAM24B-CUZD1	NA	79	2623	1.40549
FAM25A	NA	2	362	0.257822
FAM25BP	NA	1	349	0.133713
FAM25C	NA	4	704	0.265147
FAM25G	NA	4	668	0.279436
FAM26D	NA	2	1491	0.0625966
FAM26E	NA	14	3539	0.184606
FAM26F	NA	1	1132	0.0412242
FAM27B	NA	29	703	1.92505
FAM27C	NA	17	703	1.12848
FAM27E2	NA	44	1767	1.16202
FAM27E3	NA	66	1507	2.04376
FAM27L	NA	0	609	0
FAM32A	NA	3052	1472	96.7554
FAM35A	NA	1002	3404	13.7365
FAM35BP	NA	423	3290	5.99989
FAM35DP	NA	455	3294	6.44594
FAM3A	NA	999	1913	24.3696
FAM3B	NA	0	1384	0
FAM3C	NA	669	2542	12.2814
FAM3D	NA	0	1308	0
FAM41AY1	NA	0	2043	0
FAM41AY2	NA	0	2043	0
FAM41C	NA	36	1706	0.984741
FAM43A	NA	663	3145	9.83765
FAM43B	NA	130	2582	2.34956
FAM45A	NA	715	2694	12.3853
FAM45B	NA	800	4824	7.73894
FAM46A	NA	0	5612	0
FAM46B	NA	807	2374	15.8632
FAM46C	NA	55	5720	0.44871
FAM46D	NA	0	3223	0
FAM47A	NA	0	2579	0
FAM47B	NA	0	2122	0
FAM47C	NA	0	3308	0
FAM47E	NA	37	2094	0.824563
FAM47E-STBD1	NA	358	3060	5.45959
FAM49A	NA	4	4699	0.039724
FAM49B	NA	1710	4526	17.6311
FAM50A	NA	1478	1352	51.0148
FAM50B	NA	0	1618	0
FAM53A	NA	87	3442	1.17952
FAM53B	NA	601	5740	4.88609
FAM53B-AS1	NA	0	1771	0
FAM53C	NA	2060	4712	20.4014
FAM57A	NA	1381	2080	30.9834
FAM57B	NA	5	1919	0.121589
FAM58A	NA	604	1288	21.8837
FAM60A	NA	2508	3156	37.0842
FAM63A	NA	271	3099	4.08081
FAM63B	NA	60	4993	0.560775
FAM64A	NA	484	1544	14.6284
FAM65A	NA	980	4480	10.2081
FAM65B	NA	5	8035	0.0290391
FAM65C	NA	28	4902	0.266553
FAM66A	NA	4	775	0.240856
FAM66B	NA	26	1432	0.847284
FAM66C	NA	36	3266	0.514381
FAM66D	NA	11	1071	0.479294
FAM66E	NA	7	1434	0.227797
FAM69A	NA	251	3099	3.77964
FAM69B	NA	1126	2334	22.5131
FAM69C	NA	0	2042	0
FAM71A	NA	5	2332	0.100055
FAM71B	NA	0	2032	0
FAM71C	NA	0	1867	0
FAM71D	NA	1	1790	0.0260703
FAM71E1	NA	599	1276	21.9066
FAM71E2	NA	14	3183	0.205253
FAM71F1	NA	18	2426	0.346243
FAM71F2	NA	63	5834	0.503933
FAM72A	NA	305	1867	7.6235
FAM72B	NA	329	2374	6.46716
FAM72C	NA	373	2337	7.44816
FAM72D	NA	380	2393	7.41037
FAM73A	NA	79	6410	0.575132
FAM73B	NA	698	3587	9.08077
FAM74A1	NA	6	1869	0.14981
FAM74A3	NA	1	1883	0.0247827
FAM74A4	NA	2	1944	0.0480101
FAM74A6	NA	2	775	0.120428
FAM74A7	NA	0	1893	0
FAM76A	NA	198	3459	2.67124
FAM76B	NA	167	3951	1.97246
FAM78A	NA	76	3936	0.901067
FAM78B	NA	3	1481	0.094529
FAM81A	NA	2	3468	0.0269122
FAM81B	NA	0	1563	0
FAM83A	NA	0	5250	0
FAM83A-AS1	NA	0	1158	0
FAM83B	NA	0	6244	0
FAM83C	NA	3	3166	0.044219
FAM83C-AS1	NA	2	368	0.253618
FAM83D	NA	687	2429	13.1986
FAM83E	NA	19	2011	0.4409
FAM83F	NA	5	2071	0.112665
FAM83G	NA	395	2930	6.29112
FAM83H	NA	4852	5597	40.4543
FAM83H-AS1	NA	94	2737	1.6027
FAM84A	NA	0	6353	0
FAM84B	NA	13755	5481	117.111
FAM86B1	NA	512	2438	9.8002
FAM86B2	NA	120	1267	4.41981
FAM86B3P	NA	129	2552	2.35889
FAM86C1	NA	437	2192	9.30335
FAM86C2P	NA	247	1859	6.20035
FAM86DP	NA	705	2506	13.1282
FAM86EP	NA	286	2939	4.54114
FAM86FP	NA	276	2143	6.01015
FAM86HP	NA	323	2116	7.12337
FAM86JP	NA	153	2041	3.49822
FAM87A	NA	6	4013	0.0697719
FAM87B	NA	8	1944	0.19204
FAM89A	NA	61	1498	1.90028
FAM89B	NA	527	1458	16.8675
FAM8A1	NA	899	4745	8.84142
FAM90A1	NA	124	2516	2.2999
FAM90A10P	NA	1	607	0.0768794
FAM90A25P	NA	60	1896	1.47677
FAM90A27P	NA	10	496	0.940843
FAM90A2P	NA	37	790	2.18561
FAM90A7P	NA	44	3688	0.55675
FAM91A1	NA	396	5324	3.47101
FAM92A1	NA	342	2164	7.37509
FAM92A1P2	NA	1	2455	0.0190085
FAM92B	NA	18	1904	0.441168
FAM95A	NA	4	2398	0.0778412
FAM95B1	NA	55	1543	1.6634
FAM95C	NA	975	2667	17.0601
FAM96A	NA	1069	3676	13.5707
FAM96B	NA	1487	855	81.1603
FAM98A	NA	1632	2813	27.0738
FAM98B	NA	1132	4388	12.0387
FAM98C	NA	282	1275	10.3214
FAM99A	NA	0	1430	0
FAM99B	NA	0	1066	0
FAM9A	NA	0	1589	0
FAM9B	NA	0	2103	0
FAM9C	NA	1	1255	0.0371839
FAN1	NA	871	5897	6.89264
FANCA	NA	927	6185	6.99421
FANCB	NA	76	3008	1.17906
FANCC	NA	422	5838	3.37324
FANCD2	NA	534	5947	4.19027
FANCD2OS	NA	19	1077	0.823259
FANCE	NA	230	2555	4.20084
FANCF	NA	316	3309	4.45645
FANCG	NA	697	2631	12.3626
FANCI	NA	1780	4749	17.4911
FANCL	NA	828	1732	22.3091
FANCM	NA	184	7151	1.20074
FANK1	NA	121	1296	4.35691
FANK1-AS1	NA	0	446	0
FAP	NA	0	2786	0
FAR1	NA	886	5275	7.83808
FAR2	NA	16	4085	0.182779
FAR2P1	NA	3	4524	0.0309455
FAR2P2	NA	0	2855	0
FARP1	NA	1309	6135	9.95689
FARP2	NA	202	4623	2.03904
FARS2	NA	359	1841	9.09996
FARSA	NA	2709	1853	68.2232
FARSB	NA	2448	2676	42.6898
FAS	NA	193	2689	3.34939
FAS-AS1	NA	2	1552	0.0601363
FASLG	NA	0	1896	0
FASN	NA	9562	8458	52.757
FASTK	NA	1076	1871	26.8372
FASTKD1	NA	671	3012	10.396
FASTKD2	NA	1170	6943	7.86389
FASTKD3	NA	208	2558	3.79456
FASTKD5	NA	853	2863	13.9036
FAT1	NA	2995	14764	9.46654
FAT2	NA	10	14536	0.0321036
FAT3	NA	0	19047	0
FAT4	NA	12	16116	0.0347474
FATE1	NA	0	1069	0
FAU	NA	6843	575	555.364
FAXC	NA	114	9760	0.545072
FAXDC2	NA	222	2997	3.45673
FBF1	NA	311	3862	3.75791
FBL	NA	7041	1165	282.038
FBLIM1	NA	2071	3773	25.6149
FBLL1	NA	28	1058	1.23501
FBLN1	NA	2810	4857	26.9983
FBLN2	NA	10	4665	0.100034
FBLN5	NA	85	2633	1.50649
FBLN7	NA	3	2299	0.0608949
FBN1	NA	4678	11695	18.6663
FBN2	NA	1151	10724	5.00861
FBN3	NA	127	8967	0.66093
FBP1	NA	5	1796	0.129916
FBP2	NA	12	1350	0.414807
FBRS	NA	1551	4108	17.619
FBRSL1	NA	982	4547	10.0783
FBXL12	NA	837	1852	21.0903
FBXL13	NA	21	3411	0.2873
FBXL14	NA	156	2111	3.44854
FBXL15	NA	416	2362	8.21887
FBXL16	NA	1535	3543	20.2179
FBXL17	NA	165	5200	1.48074
FBXL18	NA	848	8229	4.80892
FBXL19	NA	1810	3896	21.68
FBXL19-AS1	NA	99	3951	1.1693
FBXL2	NA	535	3000	8.32207
FBXL20	NA	400	10381	1.79812
FBXL21	NA	0	1794	0
FBXL22	NA	8	1519	0.245771
FBXL3	NA	358	3549	4.70734
FBXL4	NA	178	5464	1.52023
FBXL5	NA	845	3644	10.8212
FBXL6	NA	684	1799	17.7429
FBXL7	NA	2	4853	0.0192317
FBXL8	NA	157	1599	4.58195
FBXO10	NA	525	4575	5.35509
FBXO11	NA	1536	4149	17.2761
FBXO15	NA	12	1850	0.302697
FBXO16	NA	166	1346	5.75522
FBXO17	NA	711	2442	13.587
FBXO18	NA	1235	4167	13.8306
FBXO2	NA	5493	1715	149.467
FBXO21	NA	1030	4233	11.355
FBXO22	NA	1727	4300	18.7423
FBXO22-AS1	NA	719	448	74.8944
FBXO24	NA	24	2475	0.452517
FBXO25	NA	356	2441	6.80583
FBXO27	NA	915	2360	18.0929
FBXO28	NA	1352	5451	11.5744
FBXO3	NA	263	2793	4.39424
FBXO3-AS1	NA	0	386	0
FBXO30	NA	344	4407	3.64262
FBXO31	NA	769	6107	5.87621
FBXO32	NA	75	6946	0.503878
FBXO33	NA	368	5149	3.33521
FBXO34	NA	683	3594	8.86832
FBXO36	NA	84	2815	1.39251
FBXO38	NA	543	4199	6.03466
FBXO39	NA	0	1667	0
FBXO4	NA	165	2286	3.36827
FBXO40	NA	0	5722	0
FBXO41	NA	529	6928	3.56325
FBXO42	NA	1138	6238	8.51325
FBXO43	NA	40	3349	0.55737
FBXO44	NA	1570	3527	20.7727
FBXO45	NA	648	5733	5.27463
FBXO46	NA	844	2990	13.1726
FBXO47	NA	0	2302	0
FBXO48	NA	16	2712	0.275314
FBXO5	NA	666	2465	12.6083
FBXO6	NA	64	1549	1.92809
FBXO7	NA	2690	2315	54.2251
FBXO8	NA	284	2563	5.17093
FBXO9	NA	484	4982	4.53357
FBXW10	NA	5	4088	0.0570766
FBXW11	NA	1099	4638	11.0577
FBXW12	NA	0	1674	0
FBXW2	NA	1620	9186	8.22976
FBXW4	NA	1652	2212	34.8517
FBXW4P1	NA	95	2233	1.98533
FBXW5	NA	2304	2380	45.1756
FBXW7	NA	559	5030	5.18612
FBXW8	NA	452	4855	4.34458
FBXW9	NA	522	1737	14.0239
FCAMR	NA	0	2783	0
FCAR	NA	0	2618	0
FCER1A	NA	0	1165	0
FCER1G	NA	2	591	0.157921
FCER2	NA	0	1722	0
FCF1	NA	734	2405	14.2423
FCGBP	NA	69	16390	0.196458
FCGR1A	NA	0	2176	0
FCGR1B	NA	0	2871	0
FCGR1C	NA	0	1335	0
FCGR2A	NA	5	2429	0.0960597
FCGR2B	NA	0	2161	0
FCGR2C	NA	4	2488	0.0750254
FCGR3A	NA	2	2401	0.038872
FCGR3B	NA	0	2739	0
FCGRT	NA	597	2101	13.2601
FCHO1	NA	370	3326	5.19132
FCHO2	NA	105	4981	0.98372
FCHSD1	NA	713	4320	7.70202
FCHSD2	NA	394	4490	4.09495
FCMR	NA	1	3085	0.0151267
FCN1	NA	0	1283	0
FCN2	NA	0	1057	0
FCN3	NA	4	1032	0.180875
FCRL1	NA	0	3160	0
FCRL2	NA	0	2589	0
FCRL3	NA	0	3019	0
FCRL4	NA	0	3459	0
FCRL5	NA	0	5390	0
FCRL6	NA	0	2046	0
FCRLA	NA	12	2363	0.236982
FCRLB	NA	28	1996	0.65463
FDCSP	NA	0	565	0
FDFT1	NA	4107	4387	43.6874
FDPS	NA	2389	1647	67.6895
FDPSP2	NA	70	4981	0.655813
FDX1	NA	525	3155	7.76531
FDX1L	NA	758	846	41.8117
FDXACB1	NA	30	3066	0.456613
FDXR	NA	1234	2455	23.4565
FECH	NA	854	7278	5.47576
FEM1A	NA	1120	3844	13.5967
FEM1B	NA	1229	7122	8.05283
FEM1C	NA	272	5813	2.18357
FEN1	NA	2984	2294	60.7022
FENDRR	NA	0	5569	0
FER	NA	457	13238	1.61099
FER1L4	NA	294	6713	2.04376
FER1L5	NA	23	6467	0.165968
FER1L6	NA	0	6051	0
FER1L6-AS1	NA	0	2315	0
FER1L6-AS2	NA	0	1748	0
FERD3L	NA	0	640	0
FERMT1	NA	2	5151	0.0181191
FERMT2	NA	6078	3441	82.428
FERMT3	NA	39	2552	0.713153
FES	NA	26	2806	0.432399
FETUB	NA	1	1631	0.0286118
FEV	NA	72	1879	1.78815
FEZ1	NA	25	3031	0.384904
FEZ2	NA	1256	2092	28.0173
FEZF1	NA	0	2190	0
FEZF1-AS1	NA	0	2653	0
FEZF2	NA	0	2086	0
FFAR1	NA	0	923	0
FFAR2	NA	1	2053	0.0227305
FFAR3	NA	0	1672	0
FFAR4	NA	0	3653	0
FGA	NA	0	3916	0
FGB	NA	0	3628	0
FGD1	NA	1310	4275	14.2999
FGD2	NA	0	3045	0
FGD3	NA	37	4157	0.415356
FGD4	NA	145	8990	0.752674
FGD5	NA	187	5897	1.47982
FGD5-AS1	NA	1658	4379	17.6689
FGD5P1	NA	1	3377	0.0138187
FGD6	NA	637	9288	3.20049
FGF1	NA	118	5055	1.08933
FGF10	NA	0	627	0
FGF10-AS1	NA	0	1894	0
FGF11	NA	1387	3411	18.9755
FGF12	NA	2	6433	0.0145083
FGF12-AS1	NA	0	578	0
FGF13	NA	0	3452	0
FGF13-AS1	NA	0	833	0
FGF14	NA	0	3024	0
FGF14-AS1	NA	0	355	0
FGF14-AS2	NA	37	1128	1.5307
FGF14-IT1	NA	0	2130	0
FGF16	NA	0	351	0
FGF17	NA	26	1386	0.875405
FGF18	NA	20	1982	0.470896
FGF19	NA	0	2137	0
FGF2	NA	2534	6774	17.4566
FGF20	NA	18	1016	0.826756
FGF21	NA	0	885	0
FGF22	NA	1	643	0.0725751
FGF23	NA	0	3018	0
FGF3	NA	0	1548	0
FGF4	NA	0	1220	0
FGF5	NA	23	5693	0.188532
FGF6	NA	0	744	0
FGF7	NA	11	3936	0.130418
FGF8	NA	23	1110	0.966949
FGF9	NA	0	4530	0
FGFBP1	NA	0	1358	0
FGFBP2	NA	0	1171	0
FGFBP3	NA	1060	2564	19.2924
FGFR1	NA	7083	6303	52.4407
FGFR1OP	NA	667	3736	8.33139
FGFR1OP2	NA	446	3148	6.61148
FGFR2	NA	4802	5573	40.2098
FGFR3	NA	791	4438	8.31741
FGFR4	NA	182	3208	2.6475
FGFRL1	NA	540	3237	7.78484
FGG	NA	0	1982	0
FGGY	NA	42	3172	0.617895
FGL1	NA	0	1556	0
FGL2	NA	0	4268	0
FGR	NA	0	2773	0
FH	NA	2385	1867	59.6132
FHAD1	NA	746	5090	6.83943
FHDC1	NA	150	6480	1.08023
FHIT	NA	179	1090	7.66347
FHL1	NA	1466	4137	16.5366
FHL2	NA	5243	2251	108.693
FHL3	NA	654	1657	18.4185
FHL5	NA	0	2135	0
FHOD1	NA	934	3854	11.3093
FHOD3	NA	41	5538	0.345485
FIBCD1	NA	30	3323	0.421298
FIBIN	NA	0	3005	0
FIBP	NA	1555	1450	50.045
FICD	NA	33	1651	0.932751
FIG4	NA	347	3105	5.21515
FIGF	NA	0	2074	0
FIGLA	NA	0	722	0
FIGN	NA	409	4535	4.20867
FIGNL1	NA	165	3974	1.93756
FIGNL2	NA	686	4694	6.81993
FILIP1	NA	7	5452	0.0599157
FILIP1L	NA	1975	4474	20.6001
FIP1L1	NA	1211	2485	22.7414
FIRRE	NA	39	2928	0.621573
FIS1	NA	1875	739	118.401
FITM1	NA	2	1003	0.0930524
FITM2	NA	27	958	1.31522
FIZ1	NA	700	2660	12.2805
FJX1	NA	1454	2687	25.252
FKBP10	NA	6411	2883	103.772
FKBP11	NA	212	1337	7.39951
FKBP14	NA	393	5173	3.54527
FKBP15	NA	1135	4336	12.2153
FKBP1A	NA	6594	1997	154.088
FKBP1A-SDCBP2	NA	168	1687	4.64722
FKBP1AP1	NA	211	1643	5.99299
FKBP1B	NA	756	996	35.421
FKBP2	NA	477	935	23.807
FKBP3	NA	3637	1347	126.001
FKBP4	NA	3230	3741	40.2915
FKBP5	NA	1180	10628	5.18119
FKBP6	NA	45	1720	1.22091
FKBP7	NA	68	2904	1.09273
FKBP8	NA	9119	1795	237.073
FKBP9	NA	1940	3732	24.2582
FKBP9P1	NA	653	3093	9.85217
FKBPL	NA	282	5376	2.44787
FKRP	NA	711	3474	9.55077
FKSG29	NA	0	608	0
FKTN	NA	544	7456	3.4048
FLAD1	NA	924	3156	13.6626
FLCN	NA	832	4052	9.58192
FLG	NA	8	12747	0.0292874
FLG-AS1	NA	1	4139	0.0112747
FLG2	NA	0	9122	0
FLI1	NA	0	4373	0
FLII	NA	7519	4467	78.5494
FLJ10038	NA	251	5942	1.97124
FLJ12825	NA	33	3942	0.390657
FLJ13224	NA	17	1630	0.486699
FLJ16171	NA	0	2143	0
FLJ16779	NA	146	7638	0.892014
FLJ20021	NA	11	793	0.647319
FLJ21408	NA	6	601	0.465882
FLJ22447	NA	0	1368	0
FLJ22763	NA	0	1933	0
FLJ23867	NA	86	2716	1.47764
FLJ25758	NA	0	1463	0
FLJ26245	NA	4	1598	0.116811
FLJ26850	NA	1	1436	0.0324971
FLJ27354	NA	8	789	0.473164
FLJ30679	NA	5	1980	0.117843
FLJ31104	NA	19	2287	0.387691
FLJ31356	NA	3	2850	0.0491219
FLJ31662	NA	0	2755	0
FLJ32255	NA	9	2759	0.152226
FLJ33360	NA	0	2419	0
FLJ33534	NA	0	1635	0
FLJ33581	NA	0	2376	0
FLJ34503	NA	0	2006	0
FLJ35934	NA	9	1879	0.223519
FLJ36000	NA	0	3798	0
FLJ36777	NA	8	2140	0.174452
FLJ37035	NA	29	2527	0.535539
FLJ37201	NA	27	3662	0.344068
FLJ37453	NA	110	2732	1.87893
FLJ37505	NA	0	2020	0
FLJ38122	NA	0	3215	0
FLJ38576	NA	0	2459	0
FLJ40194	NA	0	722	0
FLJ40288	NA	0	1998	0
FLJ41200	NA	0	2328	0
FLJ41278	NA	0	3166	0
FLJ41941	NA	0	2379	0
FLJ42102	NA	1	2162	0.0215846
FLJ42351	NA	3	514	0.272368
FLJ42393	NA	0	2266	0
FLJ42627	NA	446	7148	2.91172
FLJ42969	NA	0	1948	0
FLJ43315	NA	4	2521	0.0740433
FLJ43879	NA	3	3489	0.0401254
FLJ44635	NA	585	2269	12.0315
FLJ45079	NA	0	4704	0
FLJ45513	NA	11	2100	0.24444
FLJ46066	NA	0	1806	0
FLJ46284	NA	0	3366	0
FLJ46906	NA	67	1001	3.12349
FLNA	NA	45246	8510	248.113
FLNB	NA	12554	9560	61.2806
FLNC	NA	13973	9138	71.3571
FLOT1	NA	3218	12835	11.7001
FLOT2	NA	3307	2632	58.6337
FLRT1	NA	33	3247	0.474275
FLRT2	NA	1	7179	0.00650032
FLRT3	NA	0	4024	0
FLT1	NA	6	12010	0.0233135
FLT3	NA	4	3974	0.0469711
FLT3LG	NA	18	1194	0.703505
FLT4	NA	346	6389	2.52721
FLVCR1	NA	498	5939	3.91304
FLVCR1-AS1	NA	70	942	3.46773
FLVCR2	NA	146	3817	1.78496
FLYWCH1	NA	1651	5060	15.2263
FLYWCH2	NA	1327	1027	60.2975
FMN1	NA	1	16648	0.00280309
FMN2	NA	0	6441	0
FMNL1	NA	225	3961	2.6508
FMNL2	NA	626	5575	5.23996
FMNL3	NA	819	11192	3.41488
FMO1	NA	84	2351	1.66734
FMO2	NA	2	5304	0.0175965
FMO3	NA	0	2087	0
FMO4	NA	108	2303	2.18841
FMO5	NA	24	3176	0.352638
FMO6P	NA	0	2125	0
FMO9P	NA	0	1362	0
FMOD	NA	0	3257	0
FMR1	NA	460	4411	4.86653
FMR1-AS1	NA	1	2387	0.01955
FMR1NB	NA	0	1021	0
FN1	NA	116	8993	0.601938
FN3K	NA	223	1433	7.26202
FN3KRP	NA	905	1954	21.6134
FNBP1	NA	1131	5425	9.72885
FNBP1L	NA	1030	5517	8.7123
FNBP4	NA	2273	4112	25.7956
FNDC1	NA	1	6551	0.00712346
FNDC3A	NA	653	6699	4.54885
FNDC3B	NA	665	7085	4.38006
FNDC4	NA	674	1671	18.8227
FNDC5	NA	957	3195	13.9778
FNDC7	NA	2	3060	0.0305005
FNDC8	NA	18	1355	0.619915
FNDC9	NA	0	2126	0
FNIP1	NA	458	6614	3.23147
FNIP2	NA	243	5786	1.95987
FNTA	NA	1501	1695	41.3247
FNTB	NA	388	2819	6.42296
FOCAD	NA	551	6096	4.21799
FOCAD-AS1	NA	7	423	0.772247
FOLH1	NA	0	2732	0
FOLH1B	NA	0	1974	0
FOLR1	NA	122	1250	4.55458
FOLR2	NA	0	1131	0
FOLR3	NA	63	845	3.47923
FOPNL	NA	840	2410	16.2653
FOS	NA	2590	2158	56.0076
FOSB	NA	120	3776	1.48302
FOSL1	NA	1637	1753	43.5778
FOSL2	NA	863	3991	10.0909
FOXA1	NA	2	3380	0.0276129
FOXA2	NA	0	2612	0
FOXA3	NA	61	1989	1.43118
FOXB1	NA	0	1459	0
FOXB2	NA	0	1299	0
FOXC1	NA	670	3449	9.06526
FOXC2	NA	628	1681	17.4337
FOXC2-AS1	NA	124	319	18.1397
FOXCUT	NA	37	1610	1.07244
FOXD1	NA	145	2268	2.98348
FOXD2	NA	84	4675	0.838487
FOXD2-AS1	NA	147	2507	2.73629
FOXD3	NA	0	2068	0
FOXD3-AS1	NA	0	1235	0
FOXD4	NA	40	2187	0.853513
FOXD4L1	NA	16	2067	0.361225
FOXD4L3	NA	28	2218	0.589108
FOXD4L4	NA	12	1251	0.447634
FOXD4L5	NA	25	3109	0.375248
FOXD4L6	NA	29	2725	0.496627
FOXE1	NA	37	3461	0.498883
FOXE3	NA	0	1981	0
FOXF1	NA	2	2562	0.0364292
FOXF2	NA	28	2187	0.597459
FOXG1	NA	0	3206	0
FOXG1-AS1	NA	0	905	0
FOXH1	NA	492	2183	10.5174
FOXI1	NA	3	2296	0.0609745
FOXI2	NA	0	3178	0
FOXI3	NA	1	1262	0.0369777
FOXJ1	NA	20	2640	0.353529
FOXJ2	NA	433	5482	3.68593
FOXJ3	NA	1248	5778	10.0794
FOXK1	NA	1217	11191	5.07482
FOXK2	NA	2365	5262	20.9739
FOXL1	NA	60	3190	0.877727
FOXL2	NA	3	2917	0.0479936
FOXL2NB	NA	16	4075	0.183228
FOXM1	NA	2333	3649	29.8359
FOXN1	NA	2	2697	0.0346057
FOXN2	NA	178	5463	1.5205
FOXN3	NA	1203	8092	6.93759
FOXN3-AS1	NA	99	1077	4.28961
FOXN3-AS2	NA	0	1261	0
FOXN4	NA	25	3352	0.348044
FOXO1	NA	62	5738	0.504231
FOXO3	NA	1696	7534	10.5051
FOXO3B	NA	1035	7259	6.65369
FOXO4	NA	299	3348	4.16758
FOXO6	NA	102	2389	1.99243
FOXP1	NA	25	8704	0.134035
FOXP1-AS1	NA	0	712	0
FOXP2	NA	0	7079	0
FOXP3	NA	23	2382	0.450593
FOXP4	NA	1519	5949	11.9155
FOXP4-AS1	NA	5	815	0.286293
FOXQ1	NA	0	2319	0
FOXR1	NA	3	1153	0.12142
FOXR2	NA	0	2789	0
FOXRED1	NA	821	2195	17.4545
FOXRED2	NA	1428	5068	13.1489
FOXS1	NA	63	1318	2.23061
FPGS	NA	1208	2532	22.2639
FPGT	NA	168	4722	1.66028
FPGT-TNNI3K	NA	5	3619	0.0644733
FPR1	NA	7	1371	0.238264
FPR2	NA	0	2042	0
FPR3	NA	0	2517	0
FRA10AC1	NA	811	3089	12.2518
FRAS1	NA	1	16545	0.00282054
FRAT1	NA	227	2651	3.9959
FRAT2	NA	756	2205	15.9997
FREM1	NA	305	10225	1.39199
FREM2	NA	0	16162	0
FREM3	NA	2	6623	0.014092
FRG1	NA	474	1043	21.2077
FRG1B	NA	240	946	11.8391
FRG2	NA	10	4170	0.111908
FRG2B	NA	3	890	0.1573
FRG2C	NA	12	4138	0.135329
FRG2DP	NA	0	1820	0
FRG2EP	NA	12	4150	0.134937
FRK	NA	7	2849	0.114658
FRMD1	NA	3	4133	0.0338731
FRMD3	NA	290	6027	2.24541
FRMD4A	NA	2606	6804	17.8735
FRMD4B	NA	906	6498	6.5065
FRMD5	NA	67	5790	0.540001
FRMD6	NA	12	5280	0.106059
FRMD6-AS1	NA	4	2227	0.0838182
FRMD6-AS2	NA	0	917	0
FRMD7	NA	3	3209	0.0436265
FRMD8	NA	822	3751	10.2264
FRMD8P1	NA	11	1800	0.28518
FRMPD1	NA	3	4916	0.0284779
FRMPD2	NA	118	5212	1.05652
FRMPD2B	NA	43	3894	0.515313
FRMPD3	NA	18	7304	0.115003
FRMPD3-AS1	NA	0	457	0
FRMPD4	NA	0	8465	0
FRRS1	NA	20	2678	0.348512
FRRS1L	NA	0	1189	0
FRS2	NA	329	7201	2.13207
FRS3	NA	143	2179	3.06251
FRY	NA	66	10717	0.287389
FRY-AS1	NA	0	2370	0
FRYL	NA	725	11706	2.8902
FRZB	NA	16	2767	0.269842
FSBP	NA	159	5403	1.37329
FSCB	NA	0	3146	0
FSCN1	NA	3065	2796	51.1555
FSCN2	NA	42	1742	1.12512
FSCN3	NA	1	1891	0.0246778
FSD1	NA	686	1847	17.3323
FSD1L	NA	68	7897	0.401833
FSD2	NA	85	6533	0.607163
FSHB	NA	0	1936	0
FSHR	NA	0	2774	0
FSIP1	NA	22	2813	0.364965
FSIP2	NA	4	21054	0.00886593
FST	NA	3	2098	0.066729
FSTL1	NA	9713	3840	118.038
FSTL3	NA	633	2511	11.764
FSTL4	NA	7	5382	0.060695
FSTL5	NA	0	4835	0
FTCD	NA	37	2110	0.81831
FTCDNL1	NA	2	952	0.0980374
FTH1	NA	62978	1229	2391.31
FTH1P18	NA	0	913	0
FTH1P3	NA	6040	954	295.452
FTHL17	NA	0	813	0
FTL	NA	48219	871	2583.44
FTLP10	NA	0	1501	0
FTMT	NA	0	874	0
FTO	NA	889	4292	9.66587
FTO-IT1	NA	14	870	0.750944
FTSJ1	NA	630	2197	13.3816
FTSJ2	NA	1257	1601	36.6389
FTSJ3	NA	2462	3559	32.2819
FTX	NA	1919	2356	38.01
FUBP1	NA	3855	2758	65.2272
FUBP3	NA	819	3157	12.1062
FUCA1	NA	959	2117	21.1396
FUCA2	NA	3509	2548	64.2662
FUK	NA	274	3907	3.2727
FUNDC1	NA	596	1170	23.7716
FUNDC2	NA	585	2964	9.21036
FUNDC2P2	NA	27	1519	0.829478
FUOM	NA	526	975	25.1756
FURIN	NA	2393	4532	24.6406
FUS	NA	11288	5119	102.904
FUT1	NA	4	4246	0.0439621
FUT10	NA	221	3547	2.90757
FUT11	NA	113	2177	2.42225
FUT2	NA	33	3099	0.496925
FUT3	NA	4	2590	0.0720707
FUT4	NA	0	6048	0
FUT5	NA	3	1988	0.0704212
FUT6	NA	1	3137	0.0148759
FUT7	NA	4	2414	0.0773253
FUT8	NA	587	5651	4.84743
FUT8-AS1	NA	24	2025	0.553076
FUT9	NA	0	12798	0
FUZ	NA	655	1745	17.5164
FXN	NA	441	7454	2.76088
FXR1	NA	2360	8909	12.3618
FXR2	NA	2217	2987	34.6361
FXYD1	NA	0	1061	0
FXYD2	NA	3	669	0.209264
FXYD3	NA	11	2326	0.22069
FXYD4	NA	1	771	0.0605263
FXYD5	NA	0	1636	0
FXYD6	NA	4	2417	0.0772293
FXYD6-FXYD2	NA	3	1234	0.11345
FXYD7	NA	4	713	0.2618
FYB	NA	0	4933	0
FYCO1	NA	669	8518	3.66511
FYN	NA	60	3876	0.722381
FYTTD1	NA	1183	4409	12.5211
FZD1	NA	55	4350	0.590027
FZD10	NA	0	3282	0
FZD10-AS1	NA	0	3678	0
FZD2	NA	3616	3819	44.1853
FZD3	NA	436	13787	1.47576
FZD4	NA	663	7394	4.1844
FZD5	NA	3583	6564	25.4728
FZD6	NA	10	3933	0.118652
FZD7	NA	1209	3851	14.6505
FZD8	NA	15	3186	0.219707
FZD9	NA	0	2342	0
FZR1	NA	1209	3624	15.5681
G0S2	NA	0	963	0
G2E3	NA	305	5802	2.45313
G3BP1	NA	1993	2835	32.806
G3BP2	NA	2660	4551	27.2755
G6PC	NA	0	4161	0
G6PC2	NA	0	3081	0
G6PC3	NA	1696	1831	43.2251
G6PD	NA	1476	2515	27.3872
GAA	NA	1439	3775	17.7886
GAB1	NA	160	7910	0.943935
GAB2	NA	997	6236	7.46084
GAB3	NA	4	4842	0.0385508
GAB4	NA	0	2629	0
GABARAP	NA	3290	893	171.927
GABARAPL1	NA	4062	1867	101.53
GABARAPL2	NA	1273	1002	59.287
GABARAPL3	NA	17	1885	0.420859
GABBR1	NA	1102	23554	2.18331
GABBR2	NA	7	5788	0.0564376
GABPA	NA	458	5251	4.07026
GABPB1	NA	569	3264	8.13506
GABPB1-AS1	NA	424	4133	4.78739
GABPB2	NA	46	1953	1.09914
GABRA1	NA	0	4917	0
GABRA2	NA	16	3258	0.229175
GABRA3	NA	0	2785	0
GABRA4	NA	0	11973	0
GABRA5	NA	1097	3157	16.2155
GABRA6	NA	0	2519	0
GABRB1	NA	0	2211	0
GABRB2	NA	0	7409	0
GABRB3	NA	661	7536	4.09317
GABRD	NA	3	1925	0.0727259
GABRE	NA	0	3152	0
GABRG1	NA	0	6768	0
GABRG2	NA	0	4077	0
GABRG3	NA	10	2550	0.183003
GABRG3-AS1	NA	0	850	0
GABRP	NA	1	3309	0.0141027
GABRQ	NA	0	2000	0
GABRR1	NA	22	3508	0.292659
GABRR2	NA	7	2081	0.156973
GABRR3	NA	0	1521	0
GACAT1	NA	0	811	0
GACAT2	NA	11	818	0.627535
GACAT3	NA	0	984	0
GAD1	NA	235	3669	2.98895
GAD2	NA	0	2948	0
GADD45A	NA	3116	1380	105.37
GADD45B	NA	437	1375	14.8312
GADD45G	NA	0	1065	0
GADD45GIP1	NA	1786	763	109.233
GADL1	NA	0	3655	0
GAGE1	NA	0	3141	0
GAGE10	NA	0	561	0
GAGE12B	NA	0	1395	0
GAGE12C	NA	0	3384	0
GAGE12D	NA	0	3510	0
GAGE12E	NA	0	3384	0
GAGE12F	NA	0	2990	0
GAGE12G	NA	0	2820	0
GAGE12H	NA	0	2256	0
GAGE12I	NA	0	1506	0
GAGE12J	NA	1	571	0.0817264
GAGE13	NA	1	543	0.0859407
GAGE2A	NA	2	2168	0.0430496
GAGE2B	NA	0	509	0
GAGE2C	NA	3	2152	0.0650546
GAGE2D	NA	3	1683	0.0831832
GAGE2E	NA	3	2071	0.0675989
GAGE4	NA	0	526	0
GAGE5	NA	0	522	0
GAGE6	NA	0	1050	0
GAGE7	NA	0	497	0
GAGE8	NA	3	2071	0.0675989
GAK	NA	2442	4535	25.1285
GAL	NA	0	778	0
GAL3ST1	NA	0	1791	0
GAL3ST2	NA	2	1449	0.064411
GAL3ST3	NA	12	3320	0.168672
GAL3ST4	NA	25	2540	0.459309
GALC	NA	158	4166	1.76985
GALE	NA	872	1858	21.9013
GALK1	NA	737	1361	25.2702
GALK2	NA	270	3718	3.38886
GALM	NA	756	2483	14.2084
GALNS	NA	562	2363	11.0987
GALNT1	NA	3551	3838	43.1762
GALNT10	NA	4194	5955	32.8659
GALNT11	NA	1378	2746	23.4179
GALNT12	NA	54	2735	0.921372
GALNT13	NA	335	5847	2.67369
GALNT14	NA	0	3417	0
GALNT15	NA	3	4641	0.0301654
GALNT16	NA	100	4309	1.08298
GALNT18	NA	6	2515	0.11133
GALNT2	NA	2058	5206	18.4476
GALNT3	NA	3	3267	0.042852
GALNT4	NA	181	5394	1.56591
GALNT5	NA	0	3131	0
GALNT6	NA	364	4520	3.75804
GALNT7	NA	646	4307	6.99933
GALNT8	NA	1	2135	0.0218575
GALNT9	NA	14	2920	0.22374
GALNTL5	NA	1	1984	0.0235211
GALNTL6	NA	3	2849	0.0491391
GALP	NA	0	938	0
GALR1	NA	0	2785	0
GALR2	NA	11	1357	0.378278
GALR3	NA	4	1157	0.161334
GALT	NA	343	1405	11.3924
GAMT	NA	1691	2243	35.1814
GAN	NA	96	4544	0.985897
GANAB	NA	9858	4017	114.521
GANC	NA	141	6758	0.973643
GAP43	NA	12	2104	0.266155
GAPDH	NA	46481	1892	1146.44
GAPDHS	NA	64	1492	2.00175
GAPLINC	NA	10	501	0.931453
GAPT	NA	5	2538	0.0919342
GAPVD1	NA	936	7147	6.11154
GAR1	NA	611	1267	22.5042
GAREM	NA	7	7037	0.0464204
GAREML	NA	434	5939	3.41016
GARNL3	NA	85	4076	0.973158
GARS	NA	3187	2749	54.1011
GART	NA	2674	4427	28.1871
GAS1	NA	1	2828	0.0165013
GAS2	NA	1	2538	0.0183868
GAS2L1	NA	482	2576	8.73172
GAS2L1P2	NA	6	2262	0.123782
GAS2L2	NA	7	3014	0.108381
GAS2L3	NA	122	6371	0.893616
GAS5	NA	2241	632	165.472
GAS5-AS1	NA	282	694	18.9622
GAS6	NA	832	2535	15.316
GAS6-AS1	NA	149	895	7.76894
GAS6-AS2	NA	14	1942	0.336417
GAS7	NA	2811	8876	14.7789
GAS8	NA	705	3448	9.54159
GAS8-AS1	NA	5	994	0.234737
GAST	NA	5	470	0.496445
GATA1	NA	0	1479	0
GATA2	NA	4847	3764	60.0928
GATA2-AS1	NA	1024	2358	20.2654
GATA3	NA	29	3070	0.440817
GATA3-AS1	NA	6	2371	0.118091
GATA4	NA	0	3883	0
GATA5	NA	2	2595	0.0359659
GATA6	NA	51	3776	0.630285
GATA6-AS1	NA	10	1788	0.260994
GATAD1	NA	898	4597	9.11592
GATAD2A	NA	3425	5675	28.1639
GATAD2B	NA	825	7476	5.14972
GATB	NA	1047	2232	21.8903
GATC	NA	4102	4346	44.0458
GATM	NA	537	2586	9.69046
GATS	NA	654	6008	5.0798
GATSL2	NA	845	7991	4.93463
GATSL3	NA	350	1622	10.0697
GBA	NA	1635	2681	28.459
GBA2	NA	1343	3611	17.3559
GBA3	NA	0	2223	0
GBAP1	NA	826	2036	18.9322
GBAS	NA	1084	2004	25.2424
GBAT2	NA	86	439	9.14182
GBE1	NA	602	3099	9.06512
GBF1	NA	2012	6440	14.5794
GBGT1	NA	15	2059	0.339965
GBP1	NA	7	3050	0.107102
GBP1P1	NA	0	1234	0
GBP2	NA	9	4132	0.101644
GBP3	NA	40	3040	0.614024
GBP4	NA	0	6145	0
GBP5	NA	2	4051	0.0230392
GBP6	NA	0	4867	0
GBP7	NA	0	2454	0
GBX1	NA	7	1092	0.29914
GBX2	NA	405	1800	10.4998
GC	NA	0	2266	0
GCA	NA	3	3225	0.04341
GCAT	NA	267	1830	6.80862
GCC1	NA	828	4132	9.35123
GCC2	NA	1043	6977	6.97613
GCDH	NA	426	2309	8.60963
GCFC2	NA	433	4999	4.04207
GCG	NA	0	1294	0
GCGR	NA	11	2053	0.250036
GCH1	NA	245	2925	3.90876
GCHFR	NA	1792	713	117.286
GCK	NA	2	3073	0.0303715
GCKR	NA	0	2188	0
GCLC	NA	565	3812	6.91663
GCLM	NA	348	5050	3.21578
GCM1	NA	1	2764	0.0168834
GCM2	NA	1	2365	0.0197318
GCN1L1	NA	5009	8668	26.9669
GCNT1	NA	108	6719	0.750098
GCNT2	NA	903	7303	5.77012
GCNT3	NA	3	2222	0.0630051
GCNT4	NA	197	3436	2.67554
GCNT7	NA	5	2064	0.113047
GCOM1	NA	594	6788	4.0836
GCSAM	NA	4	3342	0.0558537
GCSAML	NA	0	4427	0
GCSAML-AS1	NA	0	1913	0
GCSH	NA	1704	1538	51.7025
GCSHP3	NA	81	1000	3.77993
GDA	NA	0	5736	0
GDAP1	NA	259	3889	3.10785
GDAP1L1	NA	21	2959	0.331187
GDAP2	NA	341	10174	1.56409
GDE1	NA	2136	2937	33.9388
GDF1	NA	573	2564	10.4288
GDF10	NA	0	2647	0
GDF11	NA	910	4260	9.96852
GDF15	NA	4903	1200	190.669
GDF2	NA	0	1955	0
GDF3	NA	0	1224	0
GDF5	NA	17	2330	0.34048
GDF6	NA	0	3701	0
GDF7	NA	1	1994	0.0234031
GDF9	NA	28	2450	0.533323
GDI1	NA	2481	2481	46.6658
GDI2	NA	7584	2412	146.73
GDNF	NA	19	4181	0.212067
GDNF-AS1	NA	20	4635	0.201363
GDPD1	NA	63	3469	0.847491
GDPD2	NA	10	2439	0.191332
GDPD3	NA	33	1098	1.40252
GDPD4	NA	0	2533	0
GDPD5	NA	942	3174	13.8498
GDPGP1	NA	28	1351	0.967167
GEM	NA	263	2183	5.62213
GEMIN2	NA	253	1359	8.6876
GEMIN4	NA	1085	3741	13.5345
GEMIN5	NA	1005	5404	8.6786
GEMIN6	NA	416	692	28.0534
GEMIN7	NA	860	1659	24.1908
GEMIN8	NA	171	3259	2.44856
GEMIN8P4	NA	40	1702	1.09673
GEN1	NA	735	6425	5.33842
GET4	NA	1497	2088	33.4572
GFAP	NA	2	4034	0.0231362
GFER	NA	811	2409	15.7102
GFI1	NA	51	2910	0.817854
GFI1B	NA	0	2465	0
GFM1	NA	875	3800	10.7454
GFM2	NA	1543	3819	18.8545
GFOD1	NA	8	5153	0.0724484
GFOD2	NA	574	6816	3.9299
GFPT1	NA	1347	8703	7.22266
GFPT2	NA	83	3011	1.28637
GFRA1	NA	5	9595	0.0243178
GFRA2	NA	12	3330	0.168165
GFRA3	NA	6	1931	0.145
GFRA4	NA	0	1517	0
GFRAL	NA	0	1911	0
GFY	NA	629	1557	18.8521
GGA1	NA	1103	3636	14.1563
GGA2	NA	2934	5973	22.9227
GGA3	NA	1087	4200	12.0776
GGACT	NA	381	2903	6.12458
GGCT	NA	1236	1326	43.4984
GGCX	NA	2260	7462	14.1336
GGH	NA	21	1492	0.656824
GGN	NA	26	2154	0.563283
GGNBP1	NA	4	999	0.18685
GGNBP2	NA	1694	2845	27.7862
GGPS1	NA	1171	2969	18.4054
GGT1	NA	1889	2976	29.6209
GGT3P	NA	394	2036	9.03061
GGT5	NA	9	2589	0.162222
GGT6	NA	5	2663	0.0876188
GGT7	NA	1238	2640	21.8834
GGT8P	NA	25	2484	0.469664
GGTA1P	NA	111	1755	2.95151
GGTLC1	NA	89	1145	3.6273
GGTLC2	NA	627	978	29.9176
GH1	NA	1	846	0.0551605
GH2	NA	0	1157	0
GHDC	NA	22	2535	0.404989
GHET1	NA	8	1898	0.196695
GHITM	NA	4569	2449	87.0625
GHR	NA	12	6143	0.091159
GHRH	NA	0	460	0
GHRHR	NA	0	1607	0
GHRL	NA	7	1350	0.241971
GHRLOS	NA	87	2135	1.9016
GHSR	NA	0	3089	0
GID4	NA	408	4232	4.49897
GID8	NA	1669	4427	17.5932
GIF	NA	1	1513	0.0308432
GIGYF1	NA	2133	6329	15.7273
GIGYF2	NA	1501	9139	7.66445
GIMAP1	NA	0	4416	0
GIMAP1-GIMAP5	NA	1	2262	0.0206303
GIMAP2	NA	3	1442	0.0970856
GIMAP4	NA	0	1965	0
GIMAP5	NA	1	1877	0.0248619
GIMAP6	NA	4	3912	0.0477155
GIMAP7	NA	0	1229	0
GIMAP8	NA	4	4187	0.0445816
GIMD1	NA	0	654	0
GIN1	NA	80	3549	1.05192
GINM1	NA	271	1109	11.4035
GINS1	NA	766	3289	10.8683
GINS2	NA	858	1180	33.9316
GINS3	NA	360	2391	7.02622
GINS4	NA	896	3841	10.8859
GIP	NA	7	711	0.459438
GIPC1	NA	5591	1946	134.074
GIPC2	NA	0	3977	0
GIPC3	NA	1	4317	0.0108098
GIPR	NA	228	3289	3.23497
GIT1	NA	2177	3760	27.019
GIT2	NA	737	6412	5.3638
GJA1	NA	9625	3169	141.735
GJA10	NA	0	1632	0
GJA3	NA	107	5205	0.959316
GJA4	NA	0	1622	0
GJA5	NA	151	3267	2.15688
GJA8	NA	2	1366	0.0683247
GJA9	NA	14	2322	0.281361
GJA9-MYCBP	NA	907	5271	8.02995
GJB1	NA	0	1733	0
GJB2	NA	81	2332	1.6209
GJB3	NA	4	2352	0.0793636
GJB4	NA	16	2840	0.262906
GJB5	NA	39	1355	1.34315
GJB6	NA	0	2508	0
GJB7	NA	3	2280	0.0614024
GJC1	NA	2657	7818	15.8597
GJC2	NA	20	2381	0.391985
GJC3	NA	0	1116	0
GJD2	NA	140	1096	5.96096
GJD3	NA	220	4041	2.54058
GJD4	NA	0	1580	0
GK	NA	42	4577	0.42822
GK2	NA	0	1866	0
GK3P	NA	12	2232	0.250891
GK5	NA	244	10920	1.04272
GKAP1	NA	206	1873	5.13249
GKN1	NA	3	820	0.170729
GKN2	NA	71	800	4.14159
GLA	NA	1051	1418	34.588
GLB1	NA	2388	2692	41.396
GLB1L	NA	175	2710	3.01347
GLB1L2	NA	353	3155	5.22124
GLB1L3	NA	0	2944	0
GLCCI1	NA	1585	4793	15.4319
GLCE	NA	291	5043	2.69279
GLDC	NA	1504	3809	18.4262
GLDN	NA	0	5083	0
GLE1	NA	968	3521	12.8294
GLG1	NA	4411	9438	21.81
GLI1	NA	157	3618	2.02502
GLI2	NA	329	6769	2.26814
GLI3	NA	13	8214	0.0738563
GLI4	NA	385	1343	13.3778
GLIDR	NA	467	3143	6.9338
GLIPR1	NA	788	3907	9.41199
GLIPR1L1	NA	0	1032	0
GLIPR1L2	NA	6	3499	0.0800214
GLIPR2	NA	780	2853	12.7583
GLIS1	NA	0	2816	0
GLIS2	NA	657	3705	8.27515
GLIS2-AS1	NA	0	359	0
GLIS3	NA	1172	7767	7.04163
GLIS3-AS1	NA	46	730	2.94058
GLMN	NA	482	2032	11.0693
GLMP	NA	39	1851	0.983234
GLO1	NA	6956	2046	158.655
GLOD4	NA	2564	1837	65.134
GLOD5	NA	0	737	0
GLP1R	NA	0	3123	0
GLP2R	NA	3	4573	0.0306139
GLRA1	NA	0	1821	0
GLRA2	NA	1	3720	0.0125446
GLRA3	NA	0	3674	0
GLRA4	NA	0	2158	0
GLRB	NA	41	3214	0.595301
GLRX	NA	36	1658	1.01325
GLRX2	NA	258	1349	8.92496
GLRX3	NA	2196	1600	64.0488
GLRX5	NA	1622	1171	64.6387
GLS	NA	1223	7406	7.70622
GLS2	NA	134	2721	2.29813
GLT1D1	NA	2	2721	0.0343005
GLT6D1	NA	0	1526	0
GLT8D1	NA	1186	2574	21.5018
GLT8D2	NA	294	1877	7.3094
GLTP	NA	880	2356	17.4303
GLTPD2	NA	20	1222	0.763761
GLTSCR1	NA	639	5739	5.19593
GLTSCR1L	NA	129	6515	0.924004
GLTSCR2	NA	2793	1522	85.6357
GLUD1	NA	2153	3476	28.9043
GLUD1P3	NA	33	4069	0.378464
GLUD1P7	NA	1	486	0.0960202
GLUD2	NA	458	2335	9.15329
GLUL	NA	9816	8561	53.5068
GLYAT	NA	0	2476	0
GLYATL1	NA	0	2442	0
GLYATL2	NA	0	1378	0
GLYATL3	NA	0	2130	0
GLYCAM1	NA	0	781	0
GLYCTK	NA	161	3800	1.97716
GLYCTK-AS1	NA	3	1154	0.121315
GLYR1	NA	3219	3732	40.2511
GM140	NA	0	259	0
GM2A	NA	2144	3688	27.1289
GMCL1	NA	176	2346	3.50093
GMCL1P1	NA	12	2923	0.19158
GMDS	NA	1129	1760	29.935
GMDS-AS1	NA	31	1588	0.910982
GMEB1	NA	222	2694	3.84551
GMEB2	NA	723	4210	8.0141
GMFB	NA	1194	4125	13.5076
GMFG	NA	11	659	0.778944
GMIP	NA	340	3541	4.48076
GML	NA	0	723	0
GMNC	NA	0	3624	0
GMNN	NA	762	1357	26.2044
GMPPA	NA	514	1871	12.82
GMPPB	NA	228	1688	6.3032
GMPR	NA	10	1515	0.308025
GMPR2	NA	1216	2665	21.2929
GMPS	NA	1887	2456	35.8544
GNA11	NA	1738	4145	19.567
GNA12	NA	1331	5394	11.515
GNA13	NA	1229	6493	8.83294
GNA14	NA	0	2491	0
GNA14-AS1	NA	0	703	0
GNA15	NA	65	2294	1.32227
GNAI1	NA	16	3636	0.20535
GNAI2	NA	3386	3293	47.9837
GNAI3	NA	2585	4732	25.4926
GNAL	NA	163	7305	1.04128
GNAO1	NA	0	7923	0
GNAQ	NA	1099	6343	8.0854
GNAS	NA	17778	5639	147.123
GNAS-AS1	NA	0	1157	0
GNAT1	NA	2	3599	0.0259326
GNAT2	NA	7	1365	0.239312
GNAT3	NA	0	1065	0
GNAZ	NA	254	3208	3.69486
GNB1	NA	9132	3194	133.423
GNB1L	NA	133	1519	4.08595
GNB2	NA	4209	1664	118.039
GNB2L1	NA	30676	1109	1290.82
GNB3	NA	106	1730	2.85929
GNB4	NA	1163	6428	8.44311
GNB5	NA	626	3170	9.21539
GNE	NA	641	5476	5.46252
GNG10	NA	1130	1255	42.0178
GNG11	NA	21	954	1.02723
GNG12	NA	985	4409	10.4255
GNG12-AS1	NA	42	2247	0.872258
GNG13	NA	37	984	1.75471
GNG2	NA	0	3886	0
GNG3	NA	15	951	0.736054
GNG4	NA	147	5312	1.29139
GNG5	NA	2910	806	168.483
GNG7	NA	406	4246	4.46216
GNG8	NA	3	213	0.657265
GNGT1	NA	0	628	0
GNGT2	NA	103	1190	4.03914
GNL1	NA	2930	55373	2.46927
GNL2	NA	3196	2402	62.0915
GNL3	NA	1784	2139	38.9209
GNL3L	NA	947	8690	5.08544
GNLY	NA	0	1087	0
GNMT	NA	8	1068	0.349557
GNPAT	NA	830	2680	14.4525
GNPDA1	NA	5733	2297	116.471
GNPDA2	NA	147	2377	2.88594
GNPNAT1	NA	4378	3928	52.0119
GNPTAB	NA	1341	5630	11.1152
GNPTG	NA	567	1245	21.2526
GNRH1	NA	49	2150	1.06355
GNRH2	NA	0	423	0
GNRHR	NA	5	5837	0.0399741
GNRHR2	NA	453	1961	10.78
GNS	NA	5370	5128	48.868
GOLGA1	NA	483	4882	4.61687
GOLGA2	NA	1203	4260	13.1782
GOLGA2P10	NA	3845	6866	26.1331
GOLGA2P2Y	NA	2	1062	0.0878829
GOLGA2P3Y	NA	2	1062	0.0878829
GOLGA2P5	NA	127	4487	1.32083
GOLGA2P6	NA	5	2884	0.0809046
GOLGA2P7	NA	2002	3356	27.8382
GOLGA2P9	NA	0	2033	0
GOLGA3	NA	1646	9586	8.01293
GOLGA4	NA	2756	7952	16.1734
GOLGA5	NA	860	2967	13.5263
GOLGA6A	NA	2	3176	0.0293865
GOLGA6B	NA	2	3178	0.029368
GOLGA6C	NA	5	5379	0.0433778
GOLGA6D	NA	2	3449	0.0270605
GOLGA6L1	NA	2	3822	0.0244196
GOLGA6L10	NA	304	4449	3.18867
GOLGA6L17P	NA	67	1846	1.69372
GOLGA6L2	NA	0	3151	0
GOLGA6L22	NA	2	3764	0.0247959
GOLGA6L4	NA	331	4563	3.38514
GOLGA6L5P	NA	418	5471	3.5654
GOLGA6L6	NA	1	4009	0.0116403
GOLGA6L7P	NA	0	1156	0
GOLGA6L9	NA	839	9092	4.30627
GOLGA7	NA	1111	2088	24.8303
GOLGA7B	NA	10	6448	0.0723725
GOLGA8A	NA	4310	6557	30.674
GOLGA8B	NA	3245	6550	23.1192
GOLGA8CP	NA	5	5282	0.0441744
GOLGA8DP	NA	6	5339	0.0524433
GOLGA8EP	NA	7	5269	0.0619967
GOLGA8F	NA	4	4511	0.0413796
GOLGA8G	NA	4	5282	0.0353395
GOLGA8H	NA	34	5260	0.301642
GOLGA8IP	NA	8	1899	0.196591
GOLGA8J	NA	25	5199	0.224398
GOLGA8K	NA	30	5188	0.269848
GOLGA8M	NA	20	5256	0.177572
GOLGA8N	NA	34	5329	0.297736
GOLGA8O	NA	28	5189	0.25181
GOLGA8R	NA	30	5172	0.270683
GOLGA8S	NA	13	5454	0.111231
GOLGA8T	NA	11	3471	0.147889
GOLGB1	NA	4364	11257	18.0909
GOLIM4	NA	1108	4327	11.9496
GOLM1	NA	2622	3263	37.4985
GOLPH3	NA	1697	2676	29.5934
GOLPH3L	NA	424	3171	6.23977
GOLT1A	NA	0	883	0
GOLT1B	NA	523	3272	7.45911
GON4L	NA	2109	8462	11.6306
GOPC	NA	896	4627	9.03664
GORAB	NA	197	3530	2.6043
GORASP1	NA	1053	3782	12.9929
GORASP2	NA	1863	3265	26.6274
GOSR1	NA	1004	5237	8.94643
GOSR2	NA	1177	4989	11.0093
GOT1	NA	1600	2127	35.1036
GOT1L1	NA	0	1377	0
GOT2	NA	4445	2462	84.2524
GP1BA	NA	22	2523	0.406915
GP1BB	NA	60	958	2.9227
GP2	NA	0	3453	0
GP5	NA	1	3493	0.0133598
GP6	NA	14	2266	0.288315
GP9	NA	0	894	0
GPA33	NA	11	2802	0.183199
GPAA1	NA	1386	2067	31.2911
GPALPP1	NA	267	1392	8.95098
GPAM	NA	572	6387	4.17924
GPANK1	NA	812	24490	1.54727
GPAT2	NA	87	2824	1.43765
GPATCH1	NA	270	3362	3.7477
GPATCH11	NA	216	3906	2.5806
GPATCH2	NA	369	7879	2.18552
GPATCH2L	NA	534	12673	1.96635
GPATCH3	NA	434	2129	9.5129
GPATCH4	NA	2251	2155	48.7446
GPATCH8	NA	1261	7479	7.86811
GPBAR1	NA	6	2003	0.139788
GPBP1	NA	2052	4644	20.6198
GPBP1L1	NA	1979	3738	24.7062
GPC1	NA	2232	3686	28.2577
GPC2	NA	151	2591	2.71962
GPC3	NA	30440	2385	595.6
GPC4	NA	3132	3714	39.3531
GPC5	NA	5	2942	0.0793097
GPC5-AS1	NA	0	591	0
GPC5-AS2	NA	0	415	0
GPC6	NA	319	7102	2.09608
GPC6-AS1	NA	0	698	0
GPC6-AS2	NA	0	651	0
GPCPD1	NA	409	5459	3.4963
GPD1	NA	9	3083	0.136228
GPD1L	NA	1097	4062	12.6028
GPD2	NA	257	6155	1.94852
GPER1	NA	150	3082	2.27121
GPHA2	NA	13	747	0.812122
GPHB5	NA	0	542	0
GPHN	NA	363	4302	3.93763
GPI	NA	2822	4474	29.4347
GPIHBP1	NA	3	2281	0.0613754
GPKOW	NA	766	1746	20.4731
GPLD1	NA	74	5832	0.592124
GPM6A	NA	0	4416	0
GPM6B	NA	1526	4073	17.4839
GPN1	NA	1157	1969	27.4212
GPN2	NA	639	1510	19.748
GPN3	NA	406	1764	10.7405
GPNMB	NA	1173	2766	19.7899
GPR1	NA	13	2648	0.229099
GPR1-AS	NA	0	3708	0
GPR101	NA	0	1527	0
GPR107	NA	2286	8341	12.7896
GPR108	NA	1055	2076	23.715
GPR119	NA	0	1193	0
GPR12	NA	0	4848	0
GPR132	NA	5	3870	0.0602917
GPR135	NA	13	1820	0.333327
GPR137	NA	819	2667	14.3304
GPR137B	NA	208	2042	4.75342
GPR137C	NA	255	3888	3.06064
GPR139	NA	0	1238	0
GPR141	NA	0	918	0
GPR142	NA	0	1389	0
GPR143	NA	10	1696	0.275152
GPR146	NA	44	2218	0.925742
GPR148	NA	0	1267	0
GPR149	NA	13	2323	0.261152
GPR15	NA	0	1252	0
GPR150	NA	1	1305	0.0357592
GPR151	NA	0	1260	0
GPR152	NA	0	1429	0
GPR153	NA	268	4082	3.0638
GPR155	NA	58	7599	0.356181
GPR156	NA	11	4193	0.122424
GPR157	NA	32	1153	1.29515
GPR158	NA	2	6662	0.0140095
GPR158-AS1	NA	0	2433	0
GPR160	NA	46	2013	1.06638
GPR161	NA	499	9095	2.56033
GPR162	NA	307	2516	5.69412
GPR17	NA	8	2599	0.143642
GPR171	NA	0	1795	0
GPR173	NA	6	4251	0.0658656
GPR174	NA	0	1258	0
GPR176	NA	26	4778	0.253937
GPR179	NA	2	7980	0.0116957
GPR18	NA	1	1661	0.028095
GPR180	NA	221	8875	1.16204
GPR182	NA	2	1570	0.0594469
GPR183	NA	2	1785	0.0522866
GPR19	NA	39	1743	1.04416
GPR20	NA	18	1526	0.550448
GPR21	NA	0	1595	0
GPR22	NA	2	2966	0.0314672
GPR25	NA	1	1224	0.0381257
GPR26	NA	0	10304	0
GPR27	NA	0	1128	0
GPR3	NA	310	2114	6.84314
GPR31	NA	0	960	0
GPR32	NA	0	1269	0
GPR33	NA	0	1077	0
GPR34	NA	2	1928	0.0484085
GPR35	NA	42	2596	0.754994
GPR37	NA	8	3815	0.0978575
GPR37L1	NA	10	2459	0.189776
GPR39	NA	2	2821	0.0330846
GPR4	NA	0	3047	0
GPR45	NA	0	1725	0
GPR50	NA	0	2020	0
GPR52	NA	1	1472	0.0317023
GPR55	NA	2	3828	0.0243813
GPR6	NA	0	1947	0
GPR61	NA	18	2823	0.29755
GPR62	NA	82	2191	1.74651
GPR63	NA	1	6088	0.00766521
GPR65	NA	0	4522	0
GPR68	NA	48	3026	0.740237
GPR75	NA	13	2159	0.280989
GPR75-ASB3	NA	527	1966	12.5091
GPR78	NA	0	4498	0
GPR82	NA	0	3349	0
GPR83	NA	1	4282	0.0108981
GPR84	NA	4	1509	0.1237
GPR85	NA	1	5314	0.00878167
GPR87	NA	71	1519	2.18122
GPR88	NA	0	3465	0
GPR89A	NA	929	2032	21.3349
GPR89B	NA	576	2116	12.703
GPRASP1	NA	75	6017	0.581674
GPRASP2	NA	394	3975	4.62549
GPRC5A	NA	1312	2851	21.4751
GPRC5B	NA	266	3359	3.69548
GPRC5C	NA	263	2434	5.04236
GPRC5D	NA	1	1038	0.0449574
GPRC6A	NA	0	2882	0
GPRIN1	NA	272	4208	3.01642
GPRIN2	NA	0	1823	0
GPRIN3	NA	5	6352	0.0367332
GPS1	NA	1797	2359	35.5483
GPS2	NA	1257	1157	50.6991
GPSM1	NA	1066	4793	10.3788
GPSM2	NA	274	3033	4.21577
GPSM3	NA	95	12887	0.34401
GPT	NA	9	1886	0.222689
GPT2	NA	892	4311	9.65574
GPX1	NA	6	1183	0.236682
GPX2	NA	4	1499	0.124525
GPX3	NA	751	1761	19.9012
GPX4	NA	4809	1231	182.304
GPX5	NA	2	2904	0.032139
GPX6	NA	0	1712	0
GPX7	NA	2	1229	0.0759411
GPX8	NA	1255	3788	15.4608
GRAMD1A	NA	986	2640	17.429
GRAMD1B	NA	965	8193	5.49646
GRAMD1C	NA	153	4104	1.73973
GRAMD2	NA	1	3292	0.0141755
GRAMD3	NA	15	3516	0.199086
GRAMD4	NA	612	4316	6.61712
GRAP	NA	30	2033	0.688625
GRAP2	NA	3	4053	0.0345417
GRAPL	NA	3	967	0.144775
GRASP	NA	219	2090	4.88986
GRB10	NA	0	5276	0
GRB14	NA	68	3030	1.04729
GRB2	NA	3087	3304	43.6009
GRB7	NA	33	2701	0.570149
GREB1	NA	564	10329	2.54812
GREB1L	NA	170	6052	1.31084
GREM1	NA	0	4138	0
GREM2	NA	0	4183	0
GRHL1	NA	59	3605	0.76374
GRHL2	NA	0	5229	0
GRHL3	NA	262	3422	3.57289
GRHPR	NA	1912	1235	72.247
GRIA1	NA	0	6077	0
GRIA2	NA	0	5869	0
GRIA3	NA	0	5726	0
GRIA4	NA	0	7629	0
GRID1	NA	25	5849	0.199461
GRID1-AS1	NA	0	2102	0
GRID2	NA	0	5339	0
GRID2IP	NA	9	4632	0.0906719
GRIFIN	NA	0	446	0
GRIK1	NA	2	3684	0.0253343
GRIK1-AS1	NA	0	1093	0
GRIK1-AS2	NA	17	1073	0.739346
GRIK2	NA	2	4811	0.0193996
GRIK3	NA	5	9219	0.0253096
GRIK4	NA	17	6302	0.125884
GRIK5	NA	86	4301	0.933099
GRIN1	NA	5	4445	0.0524925
GRIN2A	NA	0	14788	0
GRIN2B	NA	8	5941	0.062839
GRIN2C	NA	148	4909	1.40691
GRIN2D	NA	601	5093	5.5068
GRIN3A	NA	11	7771	0.0660563
GRIN3B	NA	356	3254	5.10542
GRINA	NA	3940	1968	93.4264
GRIP1	NA	12	5060	0.11067
GRIP2	NA	531	7720	3.20978
GRIPAP1	NA	1548	3035	23.8019
GRK1	NA	3	2098	0.066729
GRK4	NA	78	2314	1.573
GRK5	NA	219	2558	3.99523
GRK6	NA	950	3061	14.483
GRK7	NA	0	1746	0
GRM1	NA	0	6839	0
GRM2	NA	4	3355	0.0556373
GRM3	NA	8	4260	0.0876353
GRM4	NA	93	8394	0.517026
GRM5	NA	0	8053	0
GRM5-AS1	NA	0	4821	0
GRM6	NA	0	6141	0
GRM7	NA	0	4239	0
GRM7-AS1	NA	0	430	0
GRM7-AS2	NA	0	510	0
GRM7-AS3	NA	0	798	0
GRM8	NA	2	3931	0.0237425
GRN	NA	7418	2346	147.556
GRP	NA	0	847	0
GRPEL1	NA	1169	1504	36.2715
GRPEL2	NA	490	4105	5.57034
GRPR	NA	3	2681	0.0522183
GRSF1	NA	3398	6874	23.0681
GRTP1	NA	372	2250	7.71541
GRTP1-AS1	NA	38	1563	1.13455
GRWD1	NA	1614	2456	30.6672
GRXCR1	NA	0	992	0
GRXCR2	NA	0	747	0
GS1-124K5.11	NA	807	3566	10.5607
GS1-24F4.2	NA	17	1106	0.717286
GS1-259H13.2	NA	29	1121	1.20723
GS1-279B7.1	NA	0	666	0
GS1-594A7.3	NA	1	574	0.0812993
GS1-600G8.3	NA	0	2249	0
GSAP	NA	3	3251	0.0430629
GSC	NA	1	1189	0.0392479
GSC2	NA	0	618	0
GSDMA	NA	0	2164	0
GSDMB	NA	129	1809	3.32774
GSDMC	NA	1	2714	0.0171945
GSDMD	NA	1	2370	0.0196902
GSE1	NA	2552	7586	15.6988
GSG1	NA	441	2969	6.9315
GSG1L	NA	4	5020	0.0371839
GSG2	NA	314	2796	5.24072
GSK3A	NA	2755	2179	59.0015
GSK3B	NA	1446	7118	9.48001
GSKIP	NA	250	2776	4.20261
GSN	NA	6155	3483	82.4657
GSN-AS1	NA	140	4763	1.37166
GSPT1	NA	6081	7774	36.5031
GSPT2	NA	722	2846	11.8386
GSR	NA	1076	3160	15.89
GSS	NA	1402	1900	34.4344
GSTA1	NA	0	1259	0
GSTA2	NA	0	1309	0
GSTA3	NA	0	913	0
GSTA4	NA	600	1341	20.8796
GSTA5	NA	0	844	0
GSTA7P	NA	0	5697	0
GSTCD	NA	261	4355	2.79673
GSTK1	NA	0	1226	0
GSTM1	NA	409	1185	16.1066
GSTM2	NA	719	2018	16.6267
GSTM2P1	NA	112	1136	4.60085
GSTM3	NA	8	4127	0.0904595
GSTM4	NA	706	1917	17.1863
GSTM5	NA	425	1570	12.6325
GSTO1	NA	1441	1310	51.3324
GSTO2	NA	244	1591	7.15679
GSTP1	NA	8028	958	391.057
GSTT1	NA	0	1202	0
GSTT2	NA	0	1214	0
GSTT2B	NA	0	1094	0
GSTTP1	NA	0	721	0
GSTTP2	NA	0	2070	0
GSTZ1	NA	451	1722	12.222
GSX1	NA	0	847	0
GSX2	NA	75	1212	2.88774
GTDC1	NA	111	4565	1.1347
GTF2A1	NA	491	6487	3.53213
GTF2A1L	NA	3	1702	0.0822546
GTF2A2	NA	1599	1582	47.1673
GTF2B	NA	960	1645	27.2335
GTF2E1	NA	736	3033	11.3241
GTF2E2	NA	1010	1536	30.6852
GTF2F1	NA	4760	2551	87.0753
GTF2F2	NA	1431	1453	45.9592
GTF2H1	NA	903	3515	11.9884
GTF2H2	NA	1756	1951	42.0016
GTF2H2B	NA	1076	4374	11.4797
GTF2H2C	NA	730	2105	16.1834
GTF2H2C_2	NA	725	1803	18.7647
GTF2H3	NA	508	3417	6.93773
GTF2H4	NA	472	10024	2.19735
GTF2H5	NA	1127	7486	7.02543
GTF2I	NA	5793	4684	57.7146
GTF2IP1	NA	5556	3631	71.406
GTF2IP20	NA	513	2947	8.12336
GTF2IP4	NA	5556	3636	71.3078
GTF2IRD1	NA	747	3529	9.87797
GTF2IRD1P1	NA	300	2426	5.77071
GTF2IRD2	NA	417	3755	5.18233
GTF2IRD2B	NA	344	3585	4.47783
GTF3A	NA	1480	1404	49.1919
GTF3C1	NA	6874	7107	45.1359
GTF3C2	NA	1770	3958	20.8687
GTF3C2-AS1	NA	86	841	4.77201
GTF3C3	NA	1002	4819	9.70308
GTF3C4	NA	651	3865	7.86014
GTF3C5	NA	1475	2441	28.1983
GTF3C6	NA	1722	950	84.5879
GTPBP1	NA	1577	5047	14.5813
GTPBP10	NA	318	7542	1.96761
GTPBP2	NA	1102	3101	16.5836
GTPBP3	NA	633	2839	10.4049
GTPBP4	NA	2111	2517	39.1385
GTPBP6	NA	1286	2378	25.2364
GTPBP8	NA	118	1357	4.0579
GTSCR1	NA	0	598	0
GTSE1	NA	887	3112	13.301
GTSE1-AS1	NA	11	1518	0.338158
GTSF1	NA	0	812	0
GTSF1L	NA	0	842	0
GUCA1A	NA	3	1904	0.073528
GUCA1B	NA	34	2270	0.698959
GUCA1C	NA	0	925	0
GUCA2A	NA	0	575	0
GUCA2B	NA	0	597	0
GUCD1	NA	1503	3943	17.7882
GUCY1A2	NA	169	16219	0.486252
GUCY1A3	NA	264	10342	1.19124
GUCY1B2	NA	1	3022	0.015442
GUCY1B3	NA	166	3794	2.04178
GUCY2C	NA	24	3842	0.291509
GUCY2D	NA	0	3623	0
GUCY2EP	NA	0	2799	0
GUCY2F	NA	0	3698	0
GUCY2GP	NA	8	2974	0.12553
GUF1	NA	917	4216	10.15
GUK1	NA	1726	1280	62.9259
GULP1	NA	535	4221	5.91476
GUSB	NA	1096	2299	22.2469
GUSBP1	NA	104	6074	0.799019
GUSBP10	NA	0	978	0
GUSBP11	NA	1	3416	0.0136609
GUSBP2	NA	52	1200	2.02218
GUSBP3	NA	103	3102	1.54951
GUSBP4	NA	200	2463	3.78935
GUSBP5	NA	1	1989	0.0234619
GUSBP9	NA	75	1220	2.8688
GVINP1	NA	4	8730	0.0213818
GXYLT1	NA	666	7488	4.15056
GXYLT1P3	NA	2	2292	0.0407206
GXYLT2	NA	39	1544	1.17873
GYG1	NA	1553	2022	35.8417
GYG2	NA	244	3395	3.35389
GYG2P1	NA	93	824	5.26689
GYLTL1B	NA	1	2605	0.0179139
GYPA	NA	0	2695	0
GYPB	NA	0	609	0
GYPC	NA	136	2067	3.07042
GYPE	NA	0	1884	0
GYS1	NA	2795	3618	36.0506
GYS2	NA	0	3132	0
GZF1	NA	401	4741	3.94705
GZMA	NA	0	896	0
GZMB	NA	0	926	0
GZMH	NA	0	971	0
GZMK	NA	0	1045	0
GZMM	NA	5	941	0.247959
H19	NA	122	2597	2.19223
H1F0	NA	5086	2330	101.864
H1FNT	NA	2	1300	0.0717935
H1FOO	NA	3	1265	0.11067
H1FX	NA	4214	1507	130.491
H1FX-AS1	NA	159	2193	3.38343
H2AFB1	NA	2	1034	0.0902627
H2AFB2	NA	4	1188	0.157124
H2AFB3	NA	2	1034	0.0902627
H2AFJ	NA	1095	3667	13.9348
H2AFV	NA	3302	4704	32.7573
H2AFX	NA	3876	1593	113.545
H2AFY	NA	7850	2154	170.068
H2AFY2	NA	1531	2179	32.7881
H2AFZ	NA	6026	947	296.946
H2BFM	NA	0	1882	0
H2BFWT	NA	0	894	0
H2BFXP	NA	7	979	0.333668
H3F3A	NA	8874	1062	389.936
H3F3AP4	NA	8874	1042	397.421
H3F3B	NA	12427	2861	202.697
H3F3C	NA	1385	1057	61.1468
H6PD	NA	1545	9290	7.76089
HAAO	NA	0	1284	0
HABP2	NA	0	3149	0
HABP4	NA	2251	2665	39.4164
HACD1	NA	1343	1307	47.9512
HACD2	NA	48	1187	1.88708
HACD3	NA	3494	3208	50.8262
HACD4	NA	2	1416	0.0659121
HACE1	NA	441	4775	4.30987
HACL1	NA	734	2287	14.9771
HADH	NA	838	2033	19.2356
HADHA	NA	7853	3037	120.667
HADHB	NA	2025	2271	41.6109
HAGH	NA	1008	1610	29.2168
HAGHL	NA	308	1577	9.11418
HAGLR	NA	92	4660	0.921299
HAGLROS	NA	1	673	0.06934
HAL	NA	29	3913	0.345849
HAMP	NA	0	426	0
HAND1	NA	7	1738	0.187952
HAND2	NA	19	2368	0.37443
HAND2-AS1	NA	1	766	0.0609214
HAO1	NA	0	1746	0
HAO2	NA	0	1701	0
HAO2-IT1	NA	0	310	0
HAP1	NA	152	3958	1.79212
HAPLN1	NA	0	4678	0
HAPLN2	NA	15	1771	0.39525
HAPLN3	NA	2018	2122	44.3787
HAPLN4	NA	55	3438	0.746544
HAR1A	NA	3	2794	0.0501064
HAR1B	NA	1	896	0.0520824
HARBI1	NA	88	1522	2.69815
HARS	NA	2928	2306	59.253
HARS2	NA	636	2610	11.3714
HAS1	NA	8	2111	0.176848
HAS2	NA	0	3275	0
HAS2-AS1	NA	0	2287	0
HAS3	NA	652	4896	6.21448
HAT1	NA	1893	1670	52.8972
HAUS1	NA	554	1165	22.1913
HAUS2	NA	644	3944	7.61987
HAUS3	NA	363	2435	6.95675
HAUS4	NA	797	1638	22.7061
HAUS5	NA	545	4309	5.90227
HAUS6	NA	473	6365	3.46786
HAUS7	NA	325	2320	6.53723
HAUS8	NA	383	1456	12.2754
HAVCR1	NA	1	1912	0.0244068
HAVCR1P1	NA	5	1255	0.18592
HAVCR2	NA	3	2430	0.0576121
HAX1	NA	735	1179	29.0919
HBA1	NA	4	606	0.308025
HBA2	NA	4	605	0.308534
HBB	NA	0	626	0
HBBP1	NA	0	659	0
HBD	NA	0	774	0
HBE1	NA	1	816	0.0571885
HBEGF	NA	673	2358	13.3189
HBG1	NA	0	584	0
HBG2	NA	0	583	0
HBM	NA	1	510	0.0915016
HBP1	NA	670	2883	10.845
HBQ1	NA	81	653	5.78856
HBS1L	NA	1253	9332	6.26578
HBZ	NA	9	589	0.71306
HCAR1	NA	4	2977	0.0627018
HCAR2	NA	1	2065	0.0225984
HCAR3	NA	1	2137	0.0218371
HCCAT5	NA	0	1078	0
HCCS	NA	547	2356	10.8345
HCFC1	NA	2487	8426	13.7738
HCFC1-AS1	NA	1	786	0.0593712
HCFC1R1	NA	1210	1117	50.5511
HCFC2	NA	105	5735	0.854387
HCG11	NA	545	5679	4.4784
HCG14	NA	2	1962	0.0475696
HCG17	NA	10	5008	0.0931825
HCG18	NA	1070	52133	0.957789
HCG2040054	NA	0	434	0
HCG22	NA	253	17128	0.689307
HCG23	NA	3	4923	0.0284374
HCG25	NA	136	4919	1.29021
HCG26	NA	1500	7080	9.88682
HCG27	NA	14	10012	0.0652538
HCG4	NA	0	10543	0
HCG4B	NA	3	13705	0.0102151
HCG8	NA	35	13196	0.123773
HCG9	NA	1	4500	0.0103702
HCK	NA	6	2283	0.122643
HCLS1	NA	132	2038	3.02251
HCN1	NA	2	9669	0.00965266
HCN2	NA	351	3408	4.80625
HCN3	NA	223	3874	2.68623
HCN4	NA	19	7228	0.122669
HCP5	NA	63	9081	0.323747
HCRT	NA	3	577	0.24263
HCRTR1	NA	30	2001	0.699637
HCRTR2	NA	0	1816	0
HCST	NA	10	507	0.92043
HDAC1	NA	2788	2091	62.2211
HDAC10	NA	626	2706	10.7956
HDAC11	NA	361	3015	5.58751
HDAC11-AS1	NA	1	509	0.0916813
HDAC2	NA	4305	6929	28.9935
HDAC3	NA	2031	1945	48.7292
HDAC4	NA	271	8976	1.40892
HDAC5	NA	2074	5327	18.1687
HDAC6	NA	1075	4099	12.2385
HDAC7	NA	3156	4301	34.2426
HDAC8	NA	479	3635	6.14936
HDAC9	NA	100	7905	0.590333
HDC	NA	28	2642	0.494566
HDDC2	NA	2217	1615	64.0607
HDDC3	NA	276	1120	11.4998
HDGF	NA	12236	2798	204.075
HDGFL1	NA	0	1073	0
HDGFRP2	NA	3404	2381	66.7158
HDGFRP3	NA	996	2434	19.0958
HDHD1	NA	906	2447	17.278
HDHD2	NA	595	2185	12.7076
HDHD3	NA	543	2004	12.6445
HDLBP	NA	13903	6576	98.661
HDX	NA	1	6335	0.00736635
HEATR1	NA	2308	8484	12.695
HEATR3	NA	293	2608	5.24275
HEATR4	NA	2	3551	0.0262832
HEATR5A	NA	377	7843	2.24315
HEATR5B	NA	411	6804	2.81888
HEATR6	NA	632	3935	7.49499
HEATR9	NA	3	1969	0.0711008
HEBP1	NA	2309	1208	89.1981
HEBP2	NA	925	1282	33.6707
HECA	NA	581	5621	4.82349
HECTD1	NA	4007	9177	20.3759
HECTD2	NA	254	6430	1.84341
HECTD2-AS1	NA	1	1023	0.0456166
HECTD3	NA	1026	3628	13.1971
HECTD4	NA	1033	15450	3.12011
HECW1	NA	3	6839	0.0204704
HECW2	NA	5	7241	0.0322233
HEG1	NA	2515	9156	12.8183
HEIH	NA	16	1665	0.44844
HELB	NA	30	3611	0.387697
HELLS	NA	563	3346	7.85202
HELQ	NA	530	5112	4.8382
HELT	NA	1	849	0.0549656
HELZ	NA	1864	13830	6.28959
HELZ2	NA	297	10129	1.36832
HEMGN	NA	1	2453	0.019024
HEMK1	NA	257	5861	2.04626
HENMT1	NA	0	2041	0
HEPACAM	NA	35	3545	0.460734
HEPACAM2	NA	0	2356	0
HEPH	NA	1	4775	0.00977294
HEPHL1	NA	7	5951	0.0548917
HEPN1	NA	26	1428	0.849657
HERC1	NA	1312	15197	4.02879
HERC2	NA	3332	15340	10.1363
HERC2P10	NA	4	638	0.292576
HERC2P2	NA	3918	6075	30.0966
HERC2P3	NA	1047	4278	11.421
HERC2P4	NA	40	2708	0.689303
HERC2P7	NA	222	1764	5.87291
HERC2P9	NA	1733	2947	27.4421
HERC3	NA	61	4974	0.572299
HERC4	NA	1234	6115	9.4171
HERC5	NA	344	3518	4.56311
HERC6	NA	396	3889	4.75178
HERPUD1	NA	634	1922	15.3934
HERPUD2	NA	567	2910	9.09261
HES1	NA	466	1461	14.8845
HES2	NA	54	4260	0.591538
HES3	NA	0	697	0
HES4	NA	808	1040	36.2557
HES5	NA	0	1306	0
HES6	NA	476	1454	15.2771
HES7	NA	153	1682	4.24487
HESX1	NA	23	1173	0.915016
HEXA	NA	2646	2437	50.6679
HEXA-AS1	NA	11	2676	0.191825
HEXB	NA	4535	2437	86.8401
HEXDC	NA	517	2222	10.8579
HEXIM1	NA	2815	4785	27.4533
HEXIM2	NA	289	2701	4.99312
HEY1	NA	13	2578	0.23532
HEY2	NA	0	2672	0
HEYL	NA	18	4114	0.204177
HFE	NA	36	2222	0.756062
HFE2	NA	2	2215	0.0421362
HFM1	NA	50	4931	0.473188
HGC6.3	NA	11	1016	0.50524
HGD	NA	1	2010	0.0232168
HGF	NA	0	4284	0
HGFAC	NA	9	2134	0.19681
HGH1	NA	1468	5062	13.5333
HGS	NA	2059	2972	32.33
HGSNAT	NA	1172	5214	10.4895
HHAT	NA	425	3962	5.0058
HHATL	NA	2	1999	0.0466891
HHEX	NA	40	1759	1.06119
HHIP	NA	3	3555	0.0393804
HHIP-AS1	NA	15	1132	0.618363
HHIPL1	NA	3	3905	0.0358508
HHIPL2	NA	7	2574	0.126908
HHLA1	NA	0	4105	0
HHLA2	NA	0	2912	0
HHLA3	NA	185	951	9.07799
HIAT1	NA	595	2637	10.5294
HIATL1	NA	1275	3298	18.0409
HIATL2	NA	149	786	8.84632
HIBADH	NA	2054	1998	47.9737
HIBCH	NA	769	1939	18.5075
HIC1	NA	387	3194	5.65425
HIC2	NA	968	6796	6.64692
HID1	NA	266	3342	3.71427
HID1-AS1	NA	0	830	0
HIF1A	NA	2117	4395	22.4782
HIF1A-AS1	NA	44	652	3.14923
HIF1A-AS2	NA	630	2051	14.3342
HIF1AN	NA	1690	6912	11.4099
HIF3A	NA	3	6394	0.0218951
HIGD1A	NA	4681	3055	71.5033
HIGD1B	NA	12	709	0.78983
HIGD1C	NA	0	294	0
HIGD2A	NA	2094	611	159.932
HIGD2B	NA	0	1117	0
HILPDA	NA	196	1412	6.47769
HILS1	NA	1	1049	0.044486
HINFP	NA	594	2417	11.4685
HINT1	NA	5935	1068	259.327
HINT2	NA	646	652	46.2364
HINT3	NA	633	3379	8.74207
HIP1	NA	1919	8040	11.1383
HIP1R	NA	606	5504	5.13799
HIPK1	NA	678	8502	3.72141
HIPK1-AS1	NA	7	2281	0.143209
HIPK2	NA	191	15225	0.58543
HIPK3	NA	364	8113	2.09372
HIPK4	NA	3	2486	0.0563143
HIRA	NA	1627	4013	18.9198
HIRIP3	NA	483	3048	7.39488
HIST1H1A	NA	0	781	0
HIST1H1B	NA	7	790	0.413494
HIST1H1C	NA	366	732	23.3329
HIST1H1D	NA	2	777	0.120118
HIST1H1E	NA	6	785	0.356681
HIST1H1T	NA	0	725	0
HIST1H2AA	NA	0	500	0
HIST1H2AB	NA	2	477	0.195664
HIST1H2AC	NA	52	546	4.44436
HIST1H2AD	NA	20	510	1.83003
HIST1H2AE	NA	47	564	3.88882
HIST1H2AG	NA	8	498	0.749651
HIST1H2AH	NA	6	481	0.58211
HIST1H2AI	NA	3	469	0.298502
HIST1H2AJ	NA	2	439	0.2126
HIST1H2AK	NA	3	460	0.304342
HIST1H2AL	NA	0	470	0
HIST1H2AM	NA	4	487	0.383292
HIST1H2APS1	NA	0	429	0
HIST1H2BA	NA	0	437	0
HIST1H2BB	NA	0	431	0
HIST1H2BC	NA	28	438	2.9832
HIST1H2BD	NA	233	861	12.6285
HIST1H2BE	NA	17	435	1.82372
HIST1H2BF	NA	3	430	0.325575
HIST1H2BG	NA	20	445	2.09734
HIST1H2BH	NA	14	425	1.53723
HIST1H2BI	NA	1	437	0.106787
HIST1H2BJ	NA	11	481	1.0672
HIST1H2BK	NA	1595	839	88.7151
HIST1H2BL	NA	7	453	0.721105
HIST1H2BM	NA	0	446	0
HIST1H2BN	NA	29	449	3.01405
HIST1H2BO	NA	22	467	2.19839
HIST1H3A	NA	4	469	0.398003
HIST1H3B	NA	4	472	0.395473
HIST1H3C	NA	4	459	0.406674
HIST1H3D	NA	35	921	1.7734
HIST1H3E	NA	26	462	2.62621
HIST1H3F	NA	0	466	0
HIST1H3G	NA	5	467	0.499634
HIST1H3H	NA	20	473	1.97318
HIST1H3I	NA	0	477	0
HIST1H3J	NA	1	478	0.0976272
HIST1H4A	NA	1	372	0.125446
HIST1H4B	NA	4	357	0.522866
HIST1H4C	NA	7	390	0.837591
HIST1H4D	NA	2	367	0.25431
HIST1H4E	NA	6	377	0.742692
HIST1H4F	NA	0	368	0
HIST1H4G	NA	0	367	0
HIST1H4H	NA	15	374	1.87162
HIST1H4I	NA	5	370	0.630619
HIST1H4J	NA	34	356	4.45685
HIST1H4K	NA	33	354	4.3502
HIST1H4L	NA	0	364	0
HIST2H2AA3	NA	415	534	36.2665
HIST2H2AA4	NA	415	534	36.2665
HIST2H2AB	NA	1	448	0.104165
HIST2H2AC	NA	160	437	17.0859
HIST2H2BA	NA	12	515	1.08736
HIST2H2BC	NA	76	582	6.09382
HIST2H2BE	NA	218	2223	4.57631
HIST2H2BF	NA	23	1067	1.00592
HIST2H3A	NA	13	507	1.19656
HIST2H3C	NA	13	507	1.19656
HIST2H3D	NA	5	457	0.510567
HIST2H4A	NA	67	396	7.89548
HIST2H4B	NA	67	396	7.89548
HIST3H2A	NA	127	496	11.9487
HIST3H2BB	NA	5	452	0.516215
HIST3H3	NA	1	481	0.0970183
HIST4H4	NA	4	412	0.453066
HIVEP1	NA	753	8874	3.95981
HIVEP2	NA	261	9724	1.25255
HIVEP3	NA	81	14115	0.267795
HJURP	NA	1262	3189	18.4673
HK1	NA	2365	4288	25.738
HK2	NA	1130	7093	7.43442
HK3	NA	2	3068	0.030421
HKDC1	NA	122	3689	1.5433
HKR1	NA	597	2929	9.5116
HLA-A	NA	812	11575	3.27366
HLA-B	NA	1431	9432	7.08002
HLA-C	NA	1346	10757	5.83919
HLA-DMA	NA	182	8997	0.944001
HLA-DMB	NA	107	11140	0.448226
HLA-DOA	NA	57	24387	0.109072
HLA-DOB	NA	405	8232	2.29588
HLA-DPA1	NA	27	14229	0.0885499
HLA-DPB1	NA	69	32188	0.100035
HLA-DPB2	NA	1	5194	0.00898456
HLA-DQA1	NA	0	1542	0
HLA-DQA2	NA	32	9214	0.162069
HLA-DQB1	NA	1	4940	0.00944652
HLA-DQB2	NA	160	9677	0.771575
HLA-DRA	NA	42	8968	0.218551
HLA-DRB1	NA	14	6373	0.102514
HLA-DRB3	NA	6	1158	0.241792
HLA-DRB4	NA	2	2378	0.0392479
HLA-DRB5	NA	1	1168	0.0399536
HLA-DRB6	NA	0	1568	0
HLA-E	NA	1855	17576	4.92519
HLA-F	NA	15	8305	0.084285
HLA-F-AS1	NA	40	9078	0.205621
HLA-G	NA	0	7910	0
HLA-H	NA	95	9491	0.467101
HLA-J	NA	18	11964	0.0702093
HLA-L	NA	63	24587	0.119573
HLCS	NA	954	7368	6.04223
HLF	NA	10	5599	0.0833467
HLTF	NA	1157	5351	10.0901
HLTF-AS1	NA	2	415	0.224895
HLX	NA	8	2278	0.163883
HLX-AS1	NA	0	563	0
HM13	NA	2447	3489	32.7289
HM13-AS1	NA	4	489	0.381724
HMBOX1	NA	64	3518	0.848951
HMBS	NA	490	1692	13.5143
HMCES	NA	926	1858	23.2576
HMCN1	NA	824	18212	2.11139
HMCN2	NA	7	13997	0.0233379
HMG20A	NA	1364	4136	15.3898
HMG20B	NA	1793	1584	52.8231
HMGA1	NA	27453	2400	533.798
HMGA1P7	NA	0	2189	0
HMGA2	NA	11824	5124	107.685
HMGB1	NA	10070	3426	137.164
HMGB2	NA	7996	1653	225.735
HMGB3	NA	2191	3915	26.1162
HMGB3P1	NA	0	888	0
HMGB4	NA	0	2343	0
HMGCL	NA	972	1608	28.2084
HMGCLL1	NA	0	4630	0
HMGCR	NA	3435	4582	34.9841
HMGCS1	NA	9423	5450	80.6847
HMGCS2	NA	0	2466	0
HMGN1	NA	7413	1304	265.286
HMGN2	NA	6458	1969	153.056
HMGN2P46	NA	723	1927	17.5088
HMGN3	NA	4589	1470	145.68
HMGN3-AS1	NA	144	2993	2.2452
HMGN4	NA	1649	1968	39.1016
HMGN5	NA	84	2126	1.8438
HMGXB3	NA	1674	5406	14.4503
HMGXB4	NA	449	4251	4.92894
HMHA1	NA	1467	7078	9.67204
HMHB1	NA	0	384	0
HMMR	NA	683	3143	10.1409
HMMR-AS1	NA	109	1269	4.00833
HMOX1	NA	709	1590	20.8088
HMOX2	NA	1292	2817	21.403
HMP19	NA	1	2452	0.0190317
HMSD	NA	0	625	0
HMX1	NA	39	2145	0.848469
HMX2	NA	0	1628	0
HMX3	NA	0	1074	0
HN1	NA	3923	3084	59.3612
HN1L	NA	5389	3683	68.2818
HNCAT21	NA	0	1219	0
HNF1A	NA	56	3437	0.760339
HNF1A-AS1	NA	0	2455	0
HNF1B	NA	3	2809	0.0498389
HNF4A	NA	2	5470	0.0170624
HNF4A-AS1	NA	0	648	0
HNF4G	NA	0	4093	0
HNMT	NA	34	4178	0.37976
HNRNPA0	NA	8586	2967	135.043
HNRNPA1	NA	26622	1925	645.37
HNRNPA1L2	NA	18113	2365	357.403
HNRNPA1P10	NA	22607	1356	778.004
HNRNPA1P33	NA	477	542	41.0693
HNRNPA2B1	NA	34353	3702	433.039
HNRNPA3	NA	10969	5808	88.1331
HNRNPA3P1	NA	637	3006	9.88893
HNRNPAB	NA	4989	1816	128.202
HNRNPC	NA	18933	3251	271.77
HNRNPCL1	NA	861	1170	34.3412
HNRNPCL2	NA	23	1156	0.928472
HNRNPCL3	NA	861	1006	39.9396
HNRNPCL4	NA	860	928	43.2463
HNRNPD	NA	12561	2257	259.712
HNRNPDL	NA	8451	4245	92.9029
HNRNPF	NA	6512	3369	90.2012
HNRNPH1	NA	9415	2290	191.86
HNRNPH2	NA	2609	2392	50.8993
HNRNPH3	NA	3465	2412	67.0386
HNRNPK	NA	20199	3095	304.557
HNRNPKP3	NA	11	1882	0.272754
HNRNPL	NA	7039	2159	152.145
HNRNPLL	NA	1009	3035	15.5143
HNRNPM	NA	6949	2636	123.02
HNRNPR	NA	6156	7840	36.6422
HNRNPU	NA	19208	6846	130.931
HNRNPU-AS1	NA	810	5045	7.49243
HNRNPUL1	NA	5435	3987	63.6139
HNRNPUL2	NA	6822	5147	61.8524
HNRNPUL2-BSCL2	NA	5895	4014	68.5339
HOGA1	NA	155	2482	2.91426
HOMER1	NA	194	4312	2.09953
HOMER2	NA	813	1992	19.0458
HOMER3	NA	1224	2649	21.5625
HOMEZ	NA	957	3741	11.9378
HOOK1	NA	0	5857	0
HOOK2	NA	912	2610	16.3062
HOOK3	NA	543	14440	1.75482
HOPX	NA	2	1896	0.0492255
HORMAD1	NA	0	1898	0
HORMAD2	NA	21	1895	0.517141
HORMAD2-AS1	NA	11	1152	0.445594
HOTAIR	NA	195	2579	3.52843
HOTAIRM1	NA	221	1044	9.87849
HOTS	NA	61	3887	0.732342
HOTTIP	NA	5	4665	0.0500169
HOXA-AS2	NA	35	1048	1.5585
HOXA-AS3	NA	386	4168	4.32174
HOXA1	NA	255	2547	4.67208
HOXA10	NA	308	3187	4.5099
HOXA10-AS	NA	277	1161	11.1339
HOXA10-HOXA9	NA	690	2110	15.2604
HOXA11	NA	73	2653	1.28406
HOXA11-AS	NA	52	1549	1.56657
HOXA13	NA	15	2514	0.278436
HOXA2	NA	12	1778	0.314955
HOXA3	NA	85	3476	1.14114
HOXA4	NA	31	1728	0.837176
HOXA5	NA	57	1657	1.60528
HOXA6	NA	4	802	0.232747
HOXA7	NA	439	2015	10.1669
HOXA9	NA	785	2057	17.8088
HOXB-AS1	NA	43	797	2.51773
HOXB-AS3	NA	6	1412	0.198297
HOXB1	NA	0	1014	0
HOXB13	NA	570	3036	8.76137
HOXB2	NA	256	1602	7.45721
HOXB3	NA	164	3618	2.11531
HOXB4	NA	110	2033	2.52496
HOXB5	NA	28	1821	0.717541
HOXB6	NA	28	1676	0.77962
HOXB7	NA	116	1366	3.96284
HOXB8	NA	11	1823	0.281582
HOXB9	NA	49	2700	0.846898
HOXC-AS1	NA	25	548	2.12891
HOXC-AS2	NA	26	504	2.40736
HOXC-AS3	NA	58	368	7.35494
HOXC10	NA	1462	1959	34.8266
HOXC11	NA	266	2037	6.09382
HOXC12	NA	2	849	0.109931
HOXC13	NA	1441	2396	28.0657
HOXC13-AS	NA	278	1408	9.21384
HOXC4	NA	319	2346	6.34543
HOXC5	NA	111	2175	2.38156
HOXC6	NA	695	2244	14.4531
HOXC8	NA	383	2288	7.81163
HOXC9	NA	579	1541	17.5337
HOXD-AS2	NA	52	692	3.50668
HOXD1	NA	17	1975	0.40168
HOXD10	NA	0	1804	0
HOXD11	NA	1	1463	0.0318973
HOXD12	NA	0	813	0
HOXD13	NA	0	2327	0
HOXD3	NA	49	2299	0.994617
HOXD4	NA	37	1296	1.33228
HOXD8	NA	47	2629	0.834269
HOXD9	NA	149	1885	3.6887
HP	NA	0	1431	0
HP09025	NA	3	4192	0.0333963
HP09053	NA	142	2018	3.28372
HP1BP3	NA	3062	3921	36.4424
HPCA	NA	43	1406	1.42719
HPCAL1	NA	403	2740	6.86362
HPCAL4	NA	12	4983	0.11238
HPD	NA	2159	1942	51.8803
HPDL	NA	6	1802	0.15538
HPGD	NA	0	3027	0
HPGDS	NA	0	1615	0
HPN	NA	22	2365	0.4341
HPN-AS1	NA	0	4617	0
HPR	NA	0	1242	0
HPRT1	NA	553	1415	18.2376
HPS1	NA	1234	4151	13.8727
HPS3	NA	865	4129	9.7762
HPS4	NA	571	5634	4.72953
HPS5	NA	590	4880	5.64197
HPS6	NA	742	2672	12.9588
HPSE	NA	270	4720	2.66944
HPSE2	NA	0	4419	0
HPVC1	NA	0	1198	0
HPX	NA	14	1623	0.402539
HPYR1	NA	0	982	0
HR	NA	18	5516	0.152281
HRAS	NA	1189	1234	44.964
HRASLS	NA	10	1063	0.439001
HRASLS2	NA	11	742	0.691811
HRASLS5	NA	2	3113	0.0299812
HRAT13	NA	0	2409	0
HRAT17	NA	1	707	0.0660054
HRAT5	NA	0	832	0
HRAT56	NA	1	3193	0.014615
HRAT92	NA	19	3506	0.252895
HRC	NA	87	2384	1.70299
HRCT1	NA	0	950	0
HRG	NA	6	2003	0.139788
HRH1	NA	17	4818	0.164657
HRH2	NA	3	4048	0.0345843
HRH3	NA	2	2680	0.0348252
HRH4	NA	1	3668	0.0127224
HRK	NA	59	1839	1.49716
HRNR	NA	1	9632	0.00484487
HRSP12	NA	797	1011	36.788
HS1BP3	NA	579	2403	11.2441
HS1BP3-IT1	NA	8	600	0.622211
HS2ST1	NA	968	7265	6.21782
HS3ST1	NA	0	1965	0
HS3ST2	NA	0	1952	0
HS3ST3A1	NA	18	4199	0.200044
HS3ST3B1	NA	238	5400	2.05675
HS3ST4	NA	19	3203	0.276819
HS3ST5	NA	3	2744	0.0510195
HS3ST6	NA	13	1155	0.525243
HS6ST1	NA	2122	3952	25.0569
HS6ST2	NA	1958	4567	20.0069
HS6ST2-AS1	NA	0	549	0
HS6ST3	NA	1	7804	0.00597973
HSBP1	NA	4728	1989	110.928
HSBP1L1	NA	424	750	26.3817
HSCB	NA	271	1088	11.6236
HSD11B1	NA	1	1566	0.0297994
HSD11B1L	NA	124	2122	2.72694
HSD11B2	NA	0	1882	0
HSD17B1	NA	468	2231	9.78915
HSD17B10	NA	2958	963	143.341
HSD17B11	NA	1469	1887	36.3286
HSD17B12	NA	1299	2545	23.8188
HSD17B13	NA	7	2397	0.136279
HSD17B14	NA	1064	1237	40.1394
HSD17B2	NA	11	1434	0.357966
HSD17B3	NA	288	1134	11.8516
HSD17B4	NA	922	2938	14.6446
HSD17B6	NA	87	1618	2.50922
HSD17B7	NA	305	1749	8.13783
HSD17B7P2	NA	147	1401	4.89641
HSD17B8	NA	36	5970	0.281402
HSD3B1	NA	0	1680	0
HSD3B2	NA	0	1870	0
HSD3B7	NA	345	2378	6.77027
HSD3BP4	NA	3	8697	0.0160972
HSD52	NA	0	1043	0
HSDL1	NA	591	3668	7.51894
HSDL2	NA	1101	3373	15.2324
HSF1	NA	1401	2152	30.3805
HSF2	NA	483	2885	7.81268
HSF2BP	NA	90	1899	2.21165
HSF4	NA	248	2618	4.4206
HSF5	NA	1	4111	0.0113514
HSFX1	NA	12	1955	0.28644
HSFX2	NA	13	1962	0.309203
HSFY1	NA	0	2293	0
HSFY1P1	NA	0	1381	0
HSFY2	NA	0	2309	0
HSH2D	NA	54	3074	0.819764
HSP90AA1	NA	33065	4074	378.744
HSP90AB1	NA	43116	2895	695.006
HSP90AB4P	NA	20	3135	0.297708
HSP90B1	NA	15682	2862	255.7
HSP90B2P	NA	996	2752	16.8892
HSPA12A	NA	61	5722	0.497486
HSPA12B	NA	14	3148	0.207535
HSPA13	NA	343	3986	4.01565
HSPA14	NA	1102	6250	8.22811
HSPA1A	NA	1596	12145	6.13245
HSPA1B	NA	2076	12601	7.68814
HSPA1L	NA	104	12685	0.382597
HSPA2	NA	5	2769	0.0842647
HSPA4	NA	6437	3385	88.7408
HSPA4L	NA	298	3270	4.25272
HSPA5	NA	21464	3970	252.301
HSPA6	NA	12	2358	0.237485
HSPA7	NA	9	2493	0.168469
HSPA8	NA	47534	2460	901.712
HSPA9	NA	10506	3506	139.838
HSPB1	NA	12356	897	642.812
HSPB11	NA	1057	601	82.0728
HSPB2	NA	3846	841	213.409
HSPB2-C11orf52	NA	412	1527	12.5909
HSPB3	NA	0	784	0
HSPB6	NA	4	1460	0.127852
HSPB7	NA	27	2892	0.435677
HSPB8	NA	808	2002	18.8341
HSPB9	NA	3	616	0.227269
HSPBAP1	NA	283	1954	6.75866
HSPBP1	NA	1219	2064	27.5609
HSPD1	NA	19973	2436	382.617
HSPE1	NA	3543	953	173.491
HSPE1-MOB4	NA	2617	4279	28.5404
HSPG2	NA	5630	14343	18.3175
HSPH1	NA	3576	5727	29.1386
HTATIP2	NA	0	2233	0
HTATSF1	NA	2370	3133	35.301
HTATSF1P2	NA	209	4616	2.1129
HTN1	NA	0	570	0
HTN3	NA	0	578	0
HTR1A	NA	0	2245	0
HTR1B	NA	0	1173	0
HTR1D	NA	58	2835	0.954715
HTR1E	NA	0	2048	0
HTR1F	NA	0	3178	0
HTR2A	NA	0	5442	0
HTR2A-AS1	NA	0	441	0
HTR2B	NA	422	2232	8.82301
HTR2C	NA	1	4842	0.00963771
HTR3A	NA	0	2410	0
HTR3B	NA	0	1888	0
HTR3C	NA	1	1699	0.0274666
HTR3D	NA	0	2068	0
HTR3E	NA	0	2523	0
HTR4	NA	0	4207	0
HTR5A	NA	0	4555	0
HTR5A-AS1	NA	0	2701	0
HTR6	NA	327	3388	4.50405
HTR7	NA	1	3351	0.0139259
HTR7P1	NA	724	4389	7.69789
HTRA1	NA	364	2120	8.01243
HTRA2	NA	959	2550	17.55
HTRA3	NA	0	3382	0
HTRA4	NA	0	2110	0
HTT	NA	3335	13646	11.4048
HTT-AS	NA	1	740	0.0630619
HULC	NA	4	485	0.384873
HUNK	NA	3	7385	0.018957
HUS1	NA	398	3075	6.04
HUS1B	NA	3	1026	0.13645
HUWE1	NA	6996	14741	22.1473
HVCN1	NA	23	1814	0.591683
HYAL1	NA	373	2950	5.90046
HYAL2	NA	1553	2413	30.034
HYAL3	NA	185	1987	4.34483
HYAL4	NA	0	2406	0
HYALP1	NA	0	983	0
HYDIN	NA	2	16506	0.0056544
HYDIN2	NA	1	8867	0.00526286
HYI	NA	391	1367	13.3477
HYKK	NA	40	1309	1.426
HYLS1	NA	91	2518	1.68649
HYMAI	NA	8	3815	0.0978575
HYOU1	NA	5340	4643	53.6712
HYPK	NA	615	1333	21.53
HYPM	NA	0	501	0
IAH1	NA	0	906	0
IAPP	NA	0	1976	0
IARS	NA	4083	4711	40.445
IARS2	NA	1918	3549	25.2198
IBA57	NA	360	7904	2.12547
IBA57-AS1	NA	5	641	0.364008
IBSP	NA	0	1591	0
IBTK	NA	1828	6050	14.1
ICA1	NA	645	2683	11.2186
ICA1L	NA	594	8958	3.09438
ICAM1	NA	1340	3246	19.2644
ICAM2	NA	6	1523	0.183844
ICAM3	NA	194	1780	5.08605
ICAM4	NA	23	1489	0.720828
ICAM5	NA	454	3002	7.05739
ICE1	NA	1136	7948	6.6699
ICE2	NA	673	9732	3.22709
ICK	NA	268	6238	2.00488
ICMT	NA	2430	4815	23.551
ICOS	NA	0	2643	0
ICOSLG	NA	114	3387	1.57068
ICT1	NA	607	900	31.4735
ID1	NA	9304	1232	352.418
ID2	NA	1606	1364	54.9452
ID2-AS1	NA	9	1573	0.267001
ID3	NA	14791	1239	557.089
ID4	NA	1458	3876	17.5539
IDE	NA	1696	5986	13.2217
IDH1	NA	5873	2781	98.5502
IDH1-AS1	NA	12	491	1.14051
IDH2	NA	1110	1856	27.909
IDH3A	NA	889	2665	15.5669
IDH3B	NA	2708	1843	68.5681
IDH3G	NA	1661	1723	44.9866
IDI1	NA	1866	2136	40.767
IDI2	NA	235	1359	8.06951
IDI2-AS1	NA	97	1305	3.46865
IDNK	NA	37	1814	0.951838
IDO1	NA	0	1931	0
IDO2	NA	0	2294	0
IDS	NA	2055	6165	15.5553
IDUA	NA	427	2218	8.9839
IER2	NA	3399	2046	77.5254
IER3	NA	7003	6930	47.1574
IER3IP1	NA	884	1504	27.4286
IER5	NA	1928	2342	38.4166
IER5L	NA	1839	2710	31.6673
IFFO1	NA	669	2831	11.0277
IFFO2	NA	1823	5835	14.5796
IFI16	NA	33	2902	0.530659
IFI27	NA	134	819	7.63519
IFI27L1	NA	201	715	13.1186
IFI27L2	NA	929	467	92.832
IFI30	NA	1685	1028	76.4901
IFI35	NA	206	1250	7.69052
IFI44	NA	0	1726	0
IFI44L	NA	0	5895	0
IFI6	NA	720	860	39.069
IFIH1	NA	3	3600	0.0388882
IFIT1	NA	14	4728	0.138181
IFIT1B	NA	0	1972	0
IFIT2	NA	3	3495	0.0400565
IFIT3	NA	38	2839	0.624621
IFIT5	NA	13	4034	0.150386
IFITM1	NA	1511	717	98.3431
IFITM10	NA	87	3709	1.09461
IFITM2	NA	1077	730	68.848
IFITM3	NA	3836	668	267.979
IFITM4P	NA	1	1741	0.026804
IFITM5	NA	1	735	0.0634909
IFNA1	NA	0	863	0
IFNA10	NA	0	963	0
IFNA13	NA	0	705	0
IFNA14	NA	0	778	0
IFNA16	NA	0	939	0
IFNA17	NA	0	980	0
IFNA2	NA	0	1143	0
IFNA21	NA	0	1024	0
IFNA22P	NA	0	876	0
IFNA4	NA	0	981	0
IFNA5	NA	0	700	0
IFNA6	NA	0	570	0
IFNA7	NA	0	737	0
IFNA8	NA	0	1039	0
IFNAR1	NA	697	6094	5.33739
IFNAR2	NA	139	3163	2.05076
IFNB1	NA	0	840	0
IFNE	NA	0	1474	0
IFNG	NA	0	1210	0
IFNG-AS1	NA	0	1909	0
IFNGR1	NA	932	2120	20.5153
IFNGR2	NA	1222	2221	25.6756
IFNK	NA	0	1140	0
IFNL1	NA	0	856	0
IFNL2	NA	0	734	0
IFNL3	NA	0	595	0
IFNL4	NA	0	1637	0
IFNLR1	NA	120	4563	1.22724
IFNW1	NA	0	1514	0
IFRD1	NA	659	4138	7.43179
IFRD2	NA	1242	2109	27.4817
IFT122	NA	352	4570	3.59439
IFT140	NA	502	5268	4.44689
IFT172	NA	218	5467	1.86083
IFT20	NA	986	1233	37.3175
IFT22	NA	973	2543	17.8552
IFT27	NA	414	1415	13.6535
IFT43	NA	282	1856	7.09039
IFT46	NA	478	1875	11.8967
IFT52	NA	747	2001	17.421
IFT57	NA	885	3203	12.8939
IFT74	NA	511	2772	8.60253
IFT74-AS1	NA	4	417	0.447634
IFT80	NA	748	4792	7.28423
IFT81	NA	511	3723	6.40511
IFT88	NA	181	3160	2.67295
IGBP1	NA	996	1660	27.9995
IGBP1P1	NA	153	575	12.4172
IGDCC3	NA	1081	4479	11.2627
IGDCC4	NA	398	6485	2.86399
IGF1	NA	2	7814	0.0119442
IGF1R	NA	3787	12235	14.4441
IGF2	NA	10	6420	0.0726882
IGF2-AS	NA	1	2842	0.0164201
IGF2BP1	NA	5811	8769	30.9243
IGF2BP2	NA	3748	3809	45.9185
IGF2BP2-AS1	NA	3	1531	0.0914418
IGF2BP3	NA	1823	4159	20.4549
IGF2R	NA	3487	9091	17.8994
IGFALS	NA	1	2270	0.0205576
IGFBP1	NA	0	1650	0
IGFBP2	NA	85	1429	2.77578
IGFBP3	NA	36	2631	0.638529
IGFBP4	NA	2198	2236	45.8727
IGFBP5	NA	10	6239	0.0747969
IGFBP6	NA	1052	966	50.8203
IGFBP7	NA	201	1317	7.12212
IGFBP7-AS1	NA	14	1389	0.470354
IGFBPL1	NA	159	3559	2.08482
IGFL1	NA	1	769	0.0606837
IGFL2	NA	19	955	0.92843
IGFL3	NA	83	662	5.85085
IGFL4	NA	6	573	0.488647
IGFLR1	NA	42	1196	1.63877
IGFN1	NA	18597	11810	73.4838
IGHMBP2	NA	475	3954	5.60603
IGIP	NA	43	2871	0.69893
IGLL1	NA	2	900	0.103702
IGLL3P	NA	3	675	0.207404
IGLL5	NA	0	1058	0
IGLON5	NA	23	3100	0.34623
IGSF1	NA	13	5649	0.107392
IGSF10	NA	8	8787	0.0424862
IGSF11	NA	0	3861	0
IGSF11-AS1	NA	0	1601	0
IGSF21	NA	0	1944	0
IGSF22	NA	2	4334	0.0215347
IGSF23	NA	5	989	0.235924
IGSF3	NA	471	7327	2.99981
IGSF5	NA	0	2066	0
IGSF6	NA	2	1044	0.0893981
IGSF8	NA	714	2334	14.2757
IGSF9	NA	15	4044	0.173093
IGSF9B	NA	72	4758	0.706166
IHH	NA	8	2072	0.180177
IK	NA	1868	1935	45.05
IKBIP	NA	1810	4099	20.6063
IKBKAP	NA	911	6114	6.95331
IKBKB	NA	565	4187	6.29715
IKBKE	NA	261	3474	3.50598
IKBKG	NA	393	2711	6.76491
IKZF1	NA	1	8317	0.00561089
IKZF2	NA	5	9657	0.0241616
IKZF3	NA	9	10008	0.0419656
IKZF4	NA	95	5451	0.813291
IKZF5	NA	133	4809	1.29061
IL10	NA	0	1629	0
IL10RA	NA	0	3787	0
IL10RB	NA	388	1961	9.23321
IL10RB-AS1	NA	10	469	0.995006
IL11	NA	394	2378	7.73184
IL11RA	NA	82	1824	2.09791
IL12A	NA	83	1443	2.68417
IL12A-AS1	NA	13	2424	0.25027
IL12B	NA	3	2347	0.0596495
IL12RB1	NA	2	3616	0.0258107
IL12RB2	NA	9	4221	0.0995006
IL13	NA	1	1282	0.0364008
IL13RA1	NA	1821	4006	21.2128
IL13RA2	NA	56	1373	1.90334
IL15	NA	23	2811	0.381826
IL15RA	NA	60	2211	1.26637
IL16	NA	5	8340	0.0279771
IL17A	NA	0	1859	0
IL17B	NA	4	695	0.26858
IL17C	NA	1	1045	0.0446563
IL17D	NA	168	1861	4.21271
IL17F	NA	0	808	0
IL17RA	NA	861	8608	4.66766
IL17RB	NA	66	2040	1.50978
IL17RC	NA	252	2857	4.11613
IL17RD	NA	6302	8720	33.7257
IL17RE	NA	89	2929	1.41798
IL17REL	NA	1	3635	0.0128379
IL18	NA	26	1147	1.05781
IL18BP	NA	158	2904	2.53898
IL18R1	NA	0	3718	0
IL18RAP	NA	0	2671	0
IL19	NA	0	1969	0
IL1A	NA	15	2928	0.239067
IL1B	NA	1	1498	0.0311521
IL1F10	NA	0	1413	0
IL1R1	NA	0	5311	0
IL1R2	NA	0	1699	0
IL1RAP	NA	0	7043	0
IL1RAPL1	NA	0	2679	0
IL1RAPL2	NA	0	2985	0
IL1RL1	NA	1	5001	0.00933129
IL1RL2	NA	0	1964	0
IL1RN	NA	0	2113	0
IL2	NA	0	798	0
IL20	NA	0	1234	0
IL20RA	NA	0	3922	0
IL20RB	NA	69	2046	1.57377
IL21	NA	0	707	0
IL21-AS1	NA	5	3748	0.0622543
IL21R	NA	8	5094	0.0732875
IL21R-AS1	NA	9	2614	0.16067
IL22	NA	0	1147	0
IL22RA1	NA	1	2962	0.0157548
IL22RA2	NA	0	2897	0
IL23A	NA	42	1042	1.88096
IL23R	NA	1	2814	0.0165834
IL24	NA	0	1979	0
IL25	NA	0	1367	0
IL26	NA	0	1047	0
IL27	NA	8	1044	0.357592
IL27RA	NA	1594	2659	27.9749
IL2RA	NA	1	3216	0.0145105
IL2RB	NA	7	4043	0.0807966
IL2RG	NA	2	1534	0.060842
IL3	NA	0	924	0
IL31	NA	0	904	0
IL31RA	NA	0	4400	0
IL32	NA	2105	1483	66.2384
IL33	NA	0	2706	0
IL34	NA	78	1917	1.89876
IL36A	NA	0	477	0
IL36B	NA	0	1869	0
IL36G	NA	1	1212	0.0385031
IL36RN	NA	0	2801	0
IL37	NA	4	838	0.222748
IL3RA	NA	39	3420	0.532154
IL4	NA	1	618	0.075511
IL4I1	NA	423	2496	7.90851
IL4R	NA	1159	3933	13.7518
IL5	NA	0	816	0
IL5RA	NA	0	6306	0
IL6	NA	1	1184	0.0394137
IL6R	NA	839	6565	5.96384
IL6ST	NA	804	9101	4.12255
IL7	NA	0	2076	0
IL7R	NA	2	4600	0.0202895
IL9	NA	0	591	0
IL9R	NA	8	4556	0.0819417
ILDR1	NA	0	2888	0
ILDR2	NA	8	8127	0.0459366
ILF2	NA	8493	1906	207.939
ILF3	NA	9545	7473	59.6046
ILF3-AS1	NA	377	2011	8.74839
ILK	NA	2979	2186	63.5944
ILKAP	NA	905	1443	29.2672
ILVBL	NA	736	2331	14.7345
IMMP1L	NA	282	804	16.3679
IMMP2L	NA	400	1577	11.8366
IMMT	NA	4575	3001	71.1416
IMP3	NA	1273	1239	47.9464
IMP4	NA	399	1049	17.7499
IMPA1	NA	293	3597	3.80125
IMPA2	NA	315	1537	9.56391
IMPACT	NA	684	3758	8.49372
IMPAD1	NA	1070	7230	6.90628
IMPDH1	NA	1364	2735	23.2732
IMPDH2	NA	4649	1691	128.296
IMPG1	NA	1	3559	0.0131121
IMPG2	NA	12	8352	0.0670486
INA	NA	2260	3231	32.6415
INADL	NA	413	8504	2.26634
INAFM1	NA	459	936	22.8842
INAFM2	NA	6354	2660	111.472
INCA1	NA	109	1553	3.27532
INCENP	NA	763	4146	8.58804
INE1	NA	47	1008	2.17589
INE2	NA	37	1874	0.921363
INF2	NA	2245	5569	18.8121
ING1	NA	610	4221	6.74393
ING2	NA	391	2702	6.7529
ING3	NA	135	3025	2.08261
ING4	NA	511	1448	16.4684
ING5	NA	745	5198	6.68835
INGX	NA	0	769	0
INHA	NA	19	1431	0.619602
INHBA	NA	0	2175	0
INHBA-AS1	NA	0	4527	0
INHBB	NA	4	3203	0.0582776
INHBC	NA	6	3301	0.0848212
INHBE	NA	25	2437	0.478722
INIP	NA	122	1519	3.74801
INMT	NA	67	2559	1.22181
INMT-FAM188B	NA	128	3185	1.87542
INO80	NA	858	6330	6.32532
INO80B	NA	345	1261	12.7674
INO80B-WBP1	NA	1682	2112	37.1647
INO80C	NA	551	1232	20.8708
INO80D	NA	402	14136	1.32708
INO80E	NA	761	1477	24.0438
INPP1	NA	666	2163	14.3687
INPP4A	NA	539	6998	3.59429
INPP4B	NA	692	4123	7.83234
INPP5A	NA	936	2938	14.867
INPP5B	NA	429	4573	4.37779
INPP5D	NA	1628	5192	14.6325
INPP5E	NA	640	3380	8.83613
INPP5F	NA	576	5388	4.98877
INPP5J	NA	355	3595	4.60817
INPP5K	NA	406	3372	5.61872
INPPL1	NA	2846	4715	28.1677
INS	NA	0	644	0
INS-IGF2	NA	10	5255	0.0888027
INSC	NA	1	3234	0.0144297
INSIG1	NA	749	3081	11.3446
INSIG2	NA	166	2583	2.99904
INSL3	NA	54	900	2.79995
INSL4	NA	9	615	0.682914
INSL5	NA	0	718	0
INSL6	NA	1	708	0.0659121
INSM1	NA	0	2828	0
INSM2	NA	5	3013	0.0774408
INSR	NA	716	9059	3.68834
INSRR	NA	7	4193	0.0779062
INTS1	NA	3795	6974	25.3938
INTS10	NA	800	2534	14.7327
INTS12	NA	566	1752	15.0758
INTS2	NA	243	6162	1.84028
INTS3	NA	1536	4482	15.9926
INTS4	NA	659	3149	9.76588
INTS4P2	NA	72	1767	1.90149
INTS5	NA	927	3285	13.1687
INTS6	NA	926	9290	4.65151
INTS6-AS1	NA	23	787	1.3638
INTS7	NA	558	4571	5.69668
INTS8	NA	552	3563	7.22973
INTS9	NA	649	2796	10.8319
INTU	NA	164	3275	2.33685
INVS	NA	213	3977	2.49932
IP6K1	NA	2328	4993	21.7581
IP6K2	NA	3608	3655	46.0657
IP6K3	NA	999	2823	16.514
IPCEF1	NA	3	6953	0.0201348
IPMK	NA	51	6133	0.388057
IPO11	NA	616	4633	6.20465
IPO11-LRRC70	NA	499	1818	12.8087
IPO13	NA	581	4027	6.73276
IPO4	NA	1999	3620	25.7693
IPO5	NA	4133	6002	32.1342
IPO5P1	NA	707	5510	5.98779
IPO7	NA	3665	6192	27.6211
IPO8	NA	890	5690	7.29922
IPO9	NA	2953	11416	12.0711
IPO9-AS1	NA	66	842	3.65789
IPP	NA	121	3443	1.64001
IPPK	NA	587	4401	6.22423
IPW	NA	542	4498	5.62314
IQCA1	NA	24	3410	0.32844
IQCA1L	NA	0	2604	0
IQCB1	NA	615	2594	11.0638
IQCC	NA	144	2293	2.9306
IQCD	NA	39	1369	1.32941
IQCE	NA	880	7205	5.69964
IQCF1	NA	1	730	0.0639258
IQCF2	NA	0	587	0
IQCF3	NA	0	1301	0
IQCF4	NA	0	967	0
IQCF5	NA	0	512	0
IQCF5-AS1	NA	0	2000	0
IQCF6	NA	0	446	0
IQCG	NA	222	2345	4.41783
IQCH	NA	82	5593	0.684176
IQCH-AS1	NA	274	6682	1.91356
IQCJ	NA	0	2628	0
IQCJ-SCHIP1	NA	769	2465	14.5582
IQCJ-SCHIP1-AS1	NA	1	597	0.0781672
IQCK	NA	263	3482	3.52473
IQGAP1	NA	8545	7210	55.3064
IQGAP2	NA	1996	6017	15.4803
IQGAP3	NA	1178	6052	9.08333
IQSEC1	NA	975	7700	5.90898
IQSEC2	NA	376	6967	2.51849
IQSEC3	NA	1	7394	0.00631131
IQUB	NA	1	3883	0.012018
IRAIN	NA	79	5356	0.688312
IRAK1	NA	4194	3571	54.8072
IRAK1BP1	NA	172	3448	2.32788
IRAK2	NA	223	3469	2.99985
IRAK3	NA	0	8336	0
IRAK4	NA	165	4341	1.77375
IREB2	NA	1095	6367	8.02561
IRF1	NA	251	3554	3.29576
IRF2	NA	287	2286	5.85874
IRF2BP1	NA	902	2564	16.4168
IRF2BP2	NA	2995	4663	29.973
IRF2BPL	NA	1598	4157	17.9389
IRF3	NA	1650	2010	38.3077
IRF4	NA	0	5461	0
IRF5	NA	0	3128	0
IRF6	NA	17	4505	0.176097
IRF7	NA	120	2138	2.61922
IRF8	NA	0	2661	0
IRF9	NA	220	1678	6.11828
IRG1	NA	0	2090	0
IRGC	NA	0	1606	0
IRGM	NA	0	1659	0
IRGQ	NA	2067	9687	9.95749
IRS1	NA	1583	8736	8.45604
IRS2	NA	21	6998	0.140037
IRS4	NA	0	3881	0
IRX1	NA	1	1858	0.0251161
IRX2	NA	0	3057	0
IRX3	NA	53	2308	1.07161
IRX4	NA	1	2540	0.0183724
IRX5	NA	2	2062	0.0452627
IRX6	NA	0	2329	0
ISCA1	NA	777	2002	18.1116
ISCA2	NA	622	1088	26.6784
ISCU	NA	1780	2411	34.4526
ISG15	NA	2055	666	143.991
ISG20	NA	88	3884	1.05731
ISG20L2	NA	1536	2723	26.3234
ISL1	NA	33	2717	0.566791
ISL2	NA	75	1880	1.86167
ISLR	NA	10	2385	0.195664
ISLR2	NA	2	5013	0.0186179
ISM1	NA	6	2592	0.108023
ISM1-AS1	NA	0	1046	0
ISM2	NA	89	2990	1.38905
ISOC1	NA	181	1940	4.35387
ISOC2	NA	1229	1169	49.061
ISPD	NA	81	5524	0.684274
ISPD-AS1	NA	0	2332	0
IST1	NA	3773	4249	41.438
ISX	NA	0	3095	0
ISY1	NA	874	3844	10.6103
ISY1-RAB43	NA	1386	5068	12.7622
ISYNA1	NA	6733	2728	115.176
ITCH	NA	933	6524	6.6737
ITFG1	NA	1202	3399	16.5026
ITFG1-AS1	NA	62	880	3.28782
ITFG2	NA	328	2826	5.41627
ITFG3	NA	2003	3867	24.1716
ITGA1	NA	7	4796	0.068111
ITGA10	NA	17	5269	0.150563
ITGA11	NA	60	5009	0.558983
ITGA2	NA	1	7910	0.0058996
ITGA2B	NA	12	3334	0.167963
ITGA3	NA	1379	5027	12.8013
ITGA4	NA	6	6076	0.0460821
ITGA5	NA	3531	4250	38.771
ITGA6	NA	1210	5810	9.71869
ITGA7	NA	148	4413	1.56504
ITGA8	NA	3	6965	0.0201001
ITGA9	NA	8	3962	0.0942268
ITGA9-AS1	NA	16	874	0.854294
ITGAD	NA	6	3912	0.0715733
ITGAE	NA	759	3861	9.17362
ITGAL	NA	2	5209	0.0179174
ITGAM	NA	33	4745	0.324546
ITGAV	NA	4384	7210	28.3749
ITGAX	NA	150	4703	1.48838
ITGB1	NA	9906	4087	113.108
ITGB1BP1	NA	2114	1928	51.1678
ITGB1BP2	NA	14	1282	0.509611
ITGB2	NA	10	3220	0.144925
ITGB2-AS1	NA	39	2395	0.759902
ITGB3	NA	111	4894	1.05842
ITGB3BP	NA	403	1176	15.9918
ITGB4	NA	9	6078	0.0691004
ITGB5	NA	2289	4380	24.3877
ITGB6	NA	25	4687	0.248911
ITGB7	NA	9	2867	0.146492
ITGB8	NA	1	8777	0.00531683
ITGBL1	NA	18	5926	0.141746
ITIH1	NA	0	3256	0
ITIH2	NA	3	3189	0.0439001
ITIH3	NA	22	3037	0.338047
ITIH4	NA	46	3283	0.653861
ITIH4-AS1	NA	2	395	0.236283
ITIH5	NA	16	7835	0.0952971
ITIH6	NA	0	4968	0
ITK	NA	0	4366	0
ITLN1	NA	0	1182	0
ITLN2	NA	1	1150	0.040579
ITM2A	NA	0	1834	0
ITM2B	NA	4821	1896	118.658
ITM2C	NA	4060	2277	83.2074
ITPA	NA	1083	1412	35.7925
ITPK1	NA	1312	4985	12.282
ITPK1-AS1	NA	0	4682	0
ITPKA	NA	101	1849	2.54908
ITPKB	NA	915	6162	6.92944
ITPKB-IT1	NA	0	1347	0
ITPKC	NA	362	3385	4.99055
ITPR1	NA	318	10242	1.44891
ITPR1-AS1	NA	28	1432	0.91246
ITPR2	NA	1008	12583	3.73831
ITPR3	NA	3823	9031	19.7546
ITPRIP	NA	369	7185	2.39662
ITPRIPL1	NA	175	2502	3.26399
ITPRIPL2	NA	1247	7699	7.55842
ITSN1	NA	1473	7951	8.64529
ITSN2	NA	438	6738	3.03348
IVD	NA	1791	4665	17.9161
IVL	NA	35	2135	0.765013
IVNS1ABP	NA	7564	4197	84.103
IWS1	NA	3237	3000	50.3524
IYD	NA	0	7575	0
IZUMO1	NA	0	1621	0
IZUMO1R	NA	10	753	0.619732
IZUMO2	NA	0	814	0
IZUMO3	NA	0	743	0
IZUMO4	NA	29	1015	1.33331
JADE1	NA	1252	8817	6.62647
JADE2	NA	776	7014	5.16291
JADE3	NA	270	4997	2.52147
JAG1	NA	18	5987	0.140301
JAG2	NA	1123	5835	8.98127
JAGN1	NA	1059	1658	29.8064
JAK1	NA	2171	5053	20.0498
JAK2	NA	89	5285	0.785857
JAK3	NA	325	5434	2.79102
JAKMIP1	NA	0	3435	0
JAKMIP2	NA	2	9270	0.0100681
JAKMIP2-AS1	NA	0	1920	0
JAKMIP3	NA	11	6488	0.079119
JAM2	NA	27	4670	0.269802
JAM3	NA	1667	3668	21.2083
JARID2	NA	937	6207	7.0446
JARID2-AS1	NA	2	517	0.180525
JAZF1	NA	7	3199	0.102113
JAZF1-AS1	NA	0	1194	0
JCHAIN	NA	0	1409	0
JDP2	NA	520	4274	5.67764
JHDM1D-AS1	NA	104	2380	2.03918
JKAMP	NA	554	2972	8.69881
JMJD1C	NA	947	9347	4.72799
JMJD1C-AS1	NA	67	1334	2.34378
JMJD4	NA	715	2595	12.8578
JMJD6	NA	732	5713	5.97923
JMJD7	NA	114	1422	3.74114
JMJD7-PLA2G4B	NA	235	3367	3.25704
JMJD8	NA	1750	2042	39.9927
JMY	NA	414	9129	2.11629
JOSD1	NA	1647	3435	22.3751
JOSD2	NA	254	1041	11.3863
JPH1	NA	10	4373	0.106713
JPH2	NA	86	5941	0.675519
JPH3	NA	879	4658	8.80619
JPH4	NA	3	4404	0.0317887
JPX	NA	85	1670	2.37521
JRK	NA	736	9127	3.76312
JRKL	NA	133	3570	1.73853
JRKL-AS1	NA	0	648	0
JSRP1	NA	14	1145	0.570586
JTB	NA	1720	1574	50.9944
JUN	NA	1586	3323	22.2726
JUNB	NA	1360	1816	34.948
JUND	NA	11762	1963	279.614
JUP	NA	6470	3508	86.0683
KAAG1	NA	2	1382	0.0675337
KALRN	NA	5	14723	0.0158479
KANK1	NA	34	6696	0.236953
KANK2	NA	2433	5232	21.7007
KANK3	NA	82	2787	1.37302
KANK4	NA	42	5477	0.357853
KANSL1	NA	1074	11207	4.47212
KANSL1-AS1	NA	12	1044	0.536388
KANSL1L	NA	143	4743	1.40696
KANSL2	NA	806	2386	15.7639
KANSL3	NA	1401	5544	11.7927
KANTR	NA	30	2423	0.577785
KARS	NA	5787	2193	123.144
KAT2A	NA	1330	3112	19.9439
KAT2B	NA	163	4824	1.57681
KAT5	NA	856	2332	17.1295
KAT6A	NA	798	9936	3.74792
KAT6B	NA	632	8499	3.47015
KAT7	NA	1068	3646	13.6695
KAT8	NA	431	1823	11.0329
KATNA1	NA	469	1986	11.0203
KATNAL1	NA	381	7669	2.31838
KATNAL2	NA	56	2833	0.922444
KATNB1	NA	566	2646	9.98218
KATNBL1	NA	360	2740	6.13127
KATNBL1P6	NA	110	2156	2.38091
KAZALD1	NA	238	2514	4.41784
KAZN	NA	616	9368	3.06855
KBTBD11	NA	111	6717	0.771163
KBTBD11-OT1	NA	2	781	0.119503
KBTBD12	NA	1	5268	0.00885835
KBTBD13	NA	0	3123	0
KBTBD2	NA	794	3710	9.98724
KBTBD3	NA	59	4231	0.65074
KBTBD4	NA	628	2507	11.6897
KBTBD6	NA	309	5228	2.75817
KBTBD7	NA	45	2992	0.701859
KBTBD8	NA	148	4682	1.47513
KC6	NA	0	1712	0
KCCAT198	NA	0	549	0
KCCAT211	NA	1	2957	0.0157815
KCCAT333	NA	1	1379	0.0338403
KCMF1	NA	1427	7553	8.81664
KCNA1	NA	0	7983	0
KCNA10	NA	0	1959	0
KCNA2	NA	0	2820	0
KCNA3	NA	1	9027	0.00516958
KCNA4	NA	0	4179	0
KCNA5	NA	0	2870	0
KCNA6	NA	1	5978	0.00780626
KCNA7	NA	11	4372	0.117412
KCNAB1	NA	129	5316	1.13241
KCNAB1-AS1	NA	0	456	0
KCNAB1-AS2	NA	3	538	0.260218
KCNAB2	NA	221	5758	1.7911
KCNAB3	NA	60	2458	1.13912
KCNB1	NA	6	3756	0.074546
KCNB2	NA	0	3582	0
KCNC1	NA	36	8366	0.200809
KCNC2	NA	0	6077	0
KCNC3	NA	1038	6272	7.72307
KCNC4	NA	765	4437	8.04583
KCNC4-AS1	NA	6	1131	0.247564
KCND1	NA	306	4720	3.02537
KCND2	NA	0	5333	0
KCND3	NA	1	2693	0.0173286
KCND3-AS1	NA	0	448	0
KCND3-IT1	NA	0	376	0
KCNE1	NA	340	4136	3.83616
KCNE2	NA	21	803	1.2204
KCNE3	NA	6	3070	0.0912035
KCNE4	NA	3	3177	0.0440659
KCNE5	NA	0	1465	0
KCNF1	NA	79	2289	1.61057
KCNG1	NA	9	2220	0.189186
KCNG2	NA	31	1401	1.03258
KCNG3	NA	38	3824	0.463729
KCNG4	NA	1	2763	0.0168895
KCNH1	NA	151	8106	0.869299
KCNH2	NA	445	5464	3.80056
KCNH3	NA	33	3853	0.399681
KCNH4	NA	15	3923	0.178432
KCNH5	NA	0	3954	0
KCNH6	NA	2	4067	0.0229485
KCNH7	NA	0	4331	0
KCNH8	NA	0	5063	0
KCNIP1	NA	0	2763	0
KCNIP2	NA	34	2760	0.574869
KCNIP2-AS1	NA	6	970	0.288654
KCNIP3	NA	13	3017	0.201079
KCNIP4	NA	9	3166	0.132657
KCNIP4-IT1	NA	0	9848	0
KCNJ1	NA	0	2908	0
KCNJ10	NA	0	5306	0
KCNJ11	NA	143	3569	1.86977
KCNJ12	NA	88	5230	0.785199
KCNJ13	NA	75	3609	0.96978
KCNJ14	NA	38	2851	0.621992
KCNJ15	NA	0	3679	0
KCNJ16	NA	213	4505	2.2064
KCNJ18	NA	25	2198	0.530776
KCNJ2	NA	815	5386	7.06139
KCNJ2-AS1	NA	290	2442	5.5418
KCNJ3	NA	1	4885	0.00955288
KCNJ4	NA	898	2122	19.7483
KCNJ5	NA	0	2899	0
KCNJ6	NA	0	2790	0
KCNJ8	NA	0	2389	0
KCNJ9	NA	0	3029	0
KCNK1	NA	29	2161	0.626242
KCNK10	NA	0	8178	0
KCNK12	NA	27	1424	0.884815
KCNK13	NA	7	2522	0.129524
KCNK15	NA	299	2532	5.51069
KCNK16	NA	0	1681	0
KCNK17	NA	0	1717	0
KCNK18	NA	0	1155	0
KCNK2	NA	0	3812	0
KCNK3	NA	14	3978	0.164234
KCNK4	NA	6	1810	0.154693
KCNK5	NA	1	3783	0.0123357
KCNK6	NA	69	2655	1.21278
KCNK7	NA	5	1563	0.149283
KCNK9	NA	8	4427	0.0843294
KCNMA1	NA	317	15599	0.948334
KCNMA1-AS1	NA	1	804	0.058042
KCNMA1-AS2	NA	0	445	0
KCNMA1-AS3	NA	0	1234	0
KCNMB1	NA	0	1562	0
KCNMB2	NA	1	3043	0.0153355
KCNMB2-AS1	NA	3	2197	0.0637221
KCNMB3	NA	126	3495	1.68237
KCNMB4	NA	119	4725	1.17529
KCNN1	NA	54	2657	0.94842
KCNN2	NA	2	3021	0.0308943
KCNN3	NA	111	13233	0.391438
KCNN4	NA	131	2240	2.72912
KCNQ1	NA	31	3507	0.412501
KCNQ1-AS1	NA	2	1085	0.0860199
KCNQ1DN	NA	0	1094	0
KCNQ1OT1	NA	359	91671	0.182752
KCNQ2	NA	699	3381	9.64785
KCNQ3	NA	2	11310	0.00825213
KCNQ4	NA	81	4099	0.922159
KCNQ5	NA	0	6639	0
KCNQ5-AS1	NA	0	1101	0
KCNQ5-IT1	NA	0	563	0
KCNRG	NA	16	1625	0.459479
KCNS1	NA	1	4539	0.0102811
KCNS2	NA	2	3166	0.0294793
KCNS3	NA	4	2551	0.0731726
KCNT1	NA	7	4840	0.0674919
KCNT2	NA	22	5995	0.171251
KCNU1	NA	10	3742	0.124708
KCNV1	NA	0	2929	0
KCNV2	NA	1	2162	0.0215846
KCP	NA	371	5399	3.20671
KCTD1	NA	688	4229	7.59188
KCTD10	NA	2112	3970	24.8257
KCTD11	NA	809	3055	12.3577
KCTD12	NA	9	6237	0.0673388
KCTD13	NA	309	2263	6.37195
KCTD14	NA	577	1897	14.1941
KCTD15	NA	1197	4932	11.3258
KCTD16	NA	1	5183	0.00900363
KCTD17	NA	538	1766	14.2164
KCTD18	NA	250	2937	3.97223
KCTD19	NA	29	2911	0.464895
KCTD2	NA	966	4070	11.076
KCTD20	NA	2960	5619	24.5828
KCTD21	NA	346	3397	4.75313
KCTD21-AS1	NA	44	1083	1.89593
KCTD3	NA	710	3931	8.42857
KCTD4	NA	2	2119	0.0440451
KCTD5	NA	1605	2463	30.4095
KCTD6	NA	627	1907	15.3432
KCTD7	NA	401	5051	3.70481
KCTD8	NA	0	2593	0
KCTD9	NA	606	3401	8.31505
KDELC1	NA	990	2107	21.9265
KDELC2	NA	1630	4311	17.6445
KDELR1	NA	9541	1557	285.959
KDELR2	NA	3042	2860	49.6354
KDELR3	NA	334	1896	8.22066
KDF1	NA	1	1803	0.0258823
KDM1A	NA	3039	3107	45.6445
KDM1B	NA	194	3875	2.3363
KDM2A	NA	2236	7712	13.5302
KDM2B	NA	1061	5746	8.61685
KDM3A	NA	943	4918	8.94792
KDM3B	NA	2425	6813	16.6101
KDM4A	NA	2019	4509	20.8956
KDM4A-AS1	NA	153	1560	4.57684
KDM4B	NA	832	5603	6.92949
KDM4C	NA	422	7389	2.66517
KDM4D	NA	65	2972	1.02062
KDM4E	NA	123	2339	2.45399
KDM5A	NA	1186	10836	5.10757
KDM5B	NA	2935	6383	21.4576
KDM5C	NA	3506	6862	23.8429
KDM5D	NA	1318	5581	11.0205
KDM6A	NA	335	5940	2.63183
KDM6B	NA	661	6704	4.60115
KDM7A	NA	308	9178	1.56603
KDM8	NA	174	2672	3.03887
KDR	NA	0	6055	0
KDSR	NA	834	5198	7.48736
KEAP1	NA	2750	2701	47.5124
KEL	NA	10	2547	0.183219
KERA	NA	0	2530	0
KGFLP1	NA	147	2225	3.08309
KGFLP2	NA	189	4707	1.87377
KHDC1	NA	108	3080	1.63633
KHDC1L	NA	344	634	25.3202
KHDC3L	NA	0	1022	0
KHDRBS1	NA	5727	3731	71.6309
KHDRBS2	NA	0	2300	0
KHDRBS3	NA	0	1968	0
KHK	NA	75	2550	1.37252
KHNYN	NA	2636	6417	19.1696
KHSRP	NA	4881	3250	70.0849
KIAA0020	NA	1839	2219	38.6744
KIAA0040	NA	2	4818	0.0193714
KIAA0087	NA	2	4320	0.0216045
KIAA0100	NA	3937	7435	24.7106
KIAA0101	NA	997	1734	26.8315
KIAA0125	NA	1	9613	0.00485445
KIAA0141	NA	1183	4958	11.1347
KIAA0195	NA	1147	5464	9.79606
KIAA0196	NA	1061	4165	11.8877
KIAA0226	NA	1114	7226	7.19426
KIAA0226L	NA	2	4440	0.0210206
KIAA0232	NA	1166	7857	6.92533
KIAA0319	NA	74	7172	0.481493
KIAA0319L	NA	1122	4812	10.8809
KIAA0355	NA	646	6683	4.51086
KIAA0368	NA	3377	7391	21.3219
KIAA0391	NA	1165	3148	17.2699
KIAA0408	NA	112	8124	0.643349
KIAA0430	NA	510	7763	3.06577
KIAA0513	NA	215	8625	1.16326
KIAA0556	NA	522	6623	3.67802
KIAA0586	NA	249	6587	1.76405
KIAA0753	NA	910	4685	9.06422
KIAA0754	NA	11	6979	0.0735526
KIAA0825	NA	27	8276	0.152245
KIAA0895	NA	315	4934	2.97927
KIAA0895L	NA	532	3400	7.30182
KIAA0907	NA	1129	2992	17.6089
KIAA0922	NA	432	5019	4.01666
KIAA0930	NA	1905	6417	13.8536
KIAA1024	NA	30	6742	0.20765
KIAA1024L	NA	6	573	0.488647
KIAA1033	NA	426	5815	3.41868
KIAA1107	NA	51	4556	0.522378
KIAA1109	NA	674	15575	2.01944
KIAA1143	NA	795	5141	7.21636
KIAA1147	NA	581	7296	3.71612
KIAA1161	NA	270	6445	1.95497
KIAA1191	NA	2653	2830	43.7471
KIAA1210	NA	1	7824	0.00596444
KIAA1211	NA	414	7013	2.75483
KIAA1211L	NA	306	3869	3.69081
KIAA1217	NA	70	9229	0.35395
KIAA1257	NA	1	1712	0.0272581
KIAA1279	NA	991	2545	18.1712
KIAA1324	NA	9	8185	0.0513124
KIAA1324L	NA	2470	7173	16.0692
KIAA1328	NA	97	4854	0.932547
KIAA1407	NA	166	3976	1.94832
KIAA1429	NA	1739	6646	12.2106
KIAA1456	NA	2	10008	0.0093257
KIAA1462	NA	161	9300	0.80787
KIAA1467	NA	790	4711	7.82551
KIAA1468	NA	535	5454	4.57759
KIAA1522	NA	2137	5606	17.7889
KIAA1524	NA	665	4265	7.27614
KIAA1549	NA	833	12426	3.12833
KIAA1549L	NA	1	11620	0.00401599
KIAA1551	NA	1242	6232	9.30021
KIAA1586	NA	329	3109	4.93826
KIAA1614	NA	18	4155	0.202162
KIAA1644	NA	20	6741	0.138454
KIAA1656	NA	177	7605	1.08611
KIAA1671	NA	1641	10494	7.29737
KIAA1683	NA	58	4443	0.609187
KIAA1715	NA	258	8258	1.45795
KIAA1755	NA	1	6412	0.00727789
KIAA1804	NA	3	5809	0.0241001
KIAA1841	NA	250	5518	2.11425
KIAA1875	NA	14	7119	0.0917715
KIAA1919	NA	186	3918	2.21537
KIAA1958	NA	210	7652	1.28069
KIAA2012	NA	8	4029	0.0926598
KIAA2013	NA	1401	2823	23.1593
KIAA2018	NA	170	13707	0.578769
KIAA2022	NA	1	11717	0.00398274
KIAA2026	NA	372	7204	2.40973
KIDINS220	NA	4324	7361	27.4124
KIF11	NA	1257	5078	11.5516
KIF12	NA	33	2003	0.768832
KIF13A	NA	1058	8714	5.66587
KIF13B	NA	266	8766	1.41605
KIF14	NA	426	7277	2.73184
KIF15	NA	221	4837	2.13214
KIF16B	NA	219	6246	1.63622
KIF17	NA	126	4098	1.43482
KIF18A	NA	2055	3463	27.6922
KIF18B	NA	966	4289	10.5104
KIF19	NA	0	3643	0
KIF1A	NA	7670	9223	38.8081
KIF1B	NA	1935	16016	5.63801
KIF1C	NA	4335	7917	25.5521
KIF20A	NA	1033	3471	13.8882
KIF20B	NA	935	6450	6.76473
KIF21A	NA	436	6641	3.06374
KIF21B	NA	192	9940	0.901392
KIF22	NA	1769	2423	34.0701
KIF23	NA	1013	3723	12.6974
KIF24	NA	226	6227	1.69367
KIF25	NA	2	1510	0.061809
KIF25-AS1	NA	20	1405	0.664282
KIF26A	NA	487	6757	3.36336
KIF26B	NA	234	7287	1.49853
KIF27	NA	56	4689	0.557322
KIF2A	NA	1106	4364	11.8268
KIF2B	NA	0	2335	0
KIF2C	NA	1291	3278	18.3788
KIF3A	NA	371	6347	2.72775
KIF3B	NA	1369	6113	10.4508
KIF3C	NA	1030	5431	8.85026
KIF4A	NA	840	4501	8.70901
KIF4B	NA	135	4426	1.42338
KIF5A	NA	0	3897	0
KIF5B	NA	2986	5889	23.6618
KIF5C	NA	851	7296	5.44306
KIF6	NA	2	4236	0.022033
KIF7	NA	1678	4558	17.1797
KIF9	NA	143	3603	1.85213
KIF9-AS1	NA	63	2540	1.15746
KIFAP3	NA	2407	4573	24.5626
KIFC1	NA	1439	8100	8.29038
KIFC2	NA	1503	3266	21.4754
KIFC3	NA	1521	3708	19.142
KIN	NA	588	6394	4.29144
KIR2DL1	NA	0	1598	0
KIR2DL2	NA	0	1587	0
KIR2DL3	NA	0	1596	0
KIR2DL4	NA	46	3159	0.679527
KIR2DL5A	NA	0	1596	0
KIR2DL5B	NA	0	1632	0
KIR2DS1	NA	0	1101	0
KIR2DS2	NA	0	2552	0
KIR2DS3	NA	0	1113	0
KIR2DS4	NA	0	1608	0
KIR2DS5	NA	0	1601	0
KIR3DL1	NA	0	1901	0
KIR3DL2	NA	0	1885	0
KIR3DL3	NA	0	1723	0
KIR3DS1	NA	0	1767	0
KIR3DX1	NA	0	3601	0
KIRREL	NA	3994	7820	23.8342
KIRREL2	NA	73	2993	1.13819
KIRREL3	NA	2	4254	0.0219397
KIRREL3-AS2	NA	0	494	0
KIRREL3-AS3	NA	0	1768	0
KISS1	NA	28	714	1.83003
KISS1R	NA	24	1625	0.689218
KIT	NA	0	5176	0
KITLG	NA	32	5443	0.274353
KIZ	NA	121	2198	2.56895
KIZ-AS1	NA	2	1161	0.080389
KL	NA	1	5006	0.00932197
KLB	NA	23	6079	0.176561
KLC1	NA	2660	3158	39.3068
KLC2	NA	875	3269	12.4908
KLC3	NA	386	1793	10.0463
KLC4	NA	186	3224	2.69226
KLF1	NA	2	1614	0.0578263
KLF10	NA	645	3594	8.37491
KLF11	NA	295	4296	3.20447
KLF12	NA	1	10909	0.00427773
KLF13	NA	847	7121	5.55062
KLF14	NA	2	1479	0.0631045
KLF15	NA	148	2525	2.73526
KLF16	NA	1568	2887	25.3453
KLF17	NA	2	3128	0.0298375
KLF2	NA	143	1649	4.04682
KLF3	NA	537	5615	4.46296
KLF3-AS1	NA	25	2368	0.492671
KLF4	NA	88	2933	1.40013
KLF5	NA	74	3749	0.921117
KLF6	NA	2962	4662	29.6491
KLF7	NA	199	8880	1.04578
KLF8	NA	5	5421	0.0430417
KLF9	NA	338	5208	3.02862
KLHDC1	NA	17	2691	0.294804
KLHDC10	NA	760	6438	5.50885
KLHDC2	NA	482	1806	12.4545
KLHDC3	NA	1310	2019	30.2785
KLHDC4	NA	755	1930	18.2553
KLHDC7A	NA	283	5057	2.61151
KLHDC7B	NA	4	2991	0.0624083
KLHDC8A	NA	3	3674	0.0381049
KLHDC8B	NA	516	1985	12.1308
KLHDC9	NA	56	1368	1.9103
KLHL1	NA	0	4150	0
KLHL10	NA	3	2009	0.0696851
KLHL11	NA	328	7409	2.06592
KLHL12	NA	1193	3537	15.74
KLHL13	NA	13	4768	0.127235
KLHL14	NA	0	4261	0
KLHL15	NA	198	6276	1.47225
KLHL17	NA	610	2564	11.1022
KLHL18	NA	787	4726	7.77105
KLHL2	NA	359	3299	5.07821
KLHL20	NA	250	3464	3.36791
KLHL21	NA	1165	4516	12.0385
KLHL22	NA	862	2616	15.3769
KLHL23	NA	425	4075	4.86699
KLHL24	NA	277	7328	1.76398
KLHL25	NA	579	3681	7.34026
KLHL26	NA	339	3122	5.06717
KLHL28	NA	81	6811	0.554974
KLHL29	NA	29	5084	0.26619
KLHL3	NA	178	7875	1.0548
KLHL30	NA	39	3685	0.493885
KLHL31	NA	14	5743	0.11376
KLHL32	NA	0	4278	0
KLHL33	NA	0	1863	0
KLHL34	NA	0	3039	0
KLHL35	NA	1	1938	0.0240794
KLHL36	NA	762	7559	4.70424
KLHL38	NA	1	1834	0.0254448
KLHL4	NA	0	5855	0
KLHL40	NA	0	2419	0
KLHL41	NA	10	2464	0.18939
KLHL42	NA	556	6469	4.01085
KLHL5	NA	2200	7984	12.8588
KLHL6	NA	1	6320	0.00738383
KLHL6-AS1	NA	0	503	0
KLHL7	NA	467	4093	5.32444
KLHL7-AS1	NA	4	2564	0.0728016
KLHL8	NA	349	5854	2.78209
KLHL9	NA	877	4412	9.27604
KLK1	NA	0	876	0
KLK10	NA	5	3286	0.071007
KLK11	NA	2	1520	0.0614024
KLK12	NA	0	1074	0
KLK13	NA	0	1258	0
KLK14	NA	6	1133	0.247127
KLK15	NA	0	1309	0
KLK2	NA	1	2958	0.0157761
KLK3	NA	0	1906	0
KLK4	NA	17	1359	0.583752
KLK5	NA	14	1563	0.417992
KLK6	NA	1002	1711	27.3285
KLK7	NA	0	2135	0
KLK8	NA	1	1148	0.0406497
KLK9	NA	2	1438	0.0649038
KLKB1	NA	4	2247	0.0830722
KLKP1	NA	0	1125	0
KLLN	NA	42	4277	0.458257
KLRAP1	NA	18	2208	0.380428
KLRB1	NA	2	740	0.126124
KLRC1	NA	1	1819	0.0256546
KLRC2	NA	1	1213	0.0384714
KLRC3	NA	0	1145	0
KLRC4	NA	0	928	0
KLRC4-KLRK1	NA	1	1947	0.0239681
KLRD1	NA	1	3355	0.0139093
KLRF1	NA	0	1241	0
KLRF2	NA	0	731	0
KLRG1	NA	13	1788	0.339293
KLRG2	NA	0	1544	0
KLRK1	NA	1	1589	0.029368
KMO	NA	207	5266	1.83438
KMT2A	NA	1586	16594	4.46016
KMT2B	NA	1121	8471	6.17546
KMT2C	NA	698	16862	1.93172
KMT2D	NA	1615	19419	3.88101
KMT2E	NA	668	6863	4.54215
KMT2E-AS1	NA	111	3600	1.43886
KNCN	NA	1	2392	0.0195091
KNDC1	NA	204	6773	1.40555
KNG1	NA	0	3433	0
KNOP1	NA	665	1950	15.9142
KNSTRN	NA	1257	2033	28.8534
KNTC1	NA	633	6965	4.24113
KPNA1	NA	2785	7012	18.5345
KPNA2	NA	8346	1980	196.703
KPNA3	NA	1188	4474	12.3914
KPNA4	NA	2582	8981	13.4162
KPNA5	NA	80	2158	1.72996
KPNA6	NA	2579	7372	16.3254
KPNA7	NA	0	1685	0
KPNB1	NA	8138	4453	85.2832
KPRP	NA	0	2523	0
KPTN	NA	592	1781	15.5116
KRAS	NA	1263	5889	10.0083
KRBA1	NA	508	4065	5.83179
KRBA2	NA	37	2778	0.621539
KRBOX1	NA	3	691	0.202601
KRBOX1-AS1	NA	0	2142	0
KRBOX4	NA	292	2486	5.48126
KRCC1	NA	613	1827	15.6574
KREMEN1	NA	866	7479	5.40347
KREMEN2	NA	1032	2057	23.4123
KRI1	NA	2519	3005	39.1185
KRIT1	NA	590	5072	5.4284
KRR1	NA	1301	3357	18.0853
KRT1	NA	1	2451	0.0190395
KRT10	NA	594	2140	12.953
KRT12	NA	1	1992	0.0234266
KRT13	NA	5	1715	0.136052
KRT14	NA	1	1636	0.0285243
KRT15	NA	55	1840	1.3949
KRT16	NA	13	1717	0.353323
KRT16P1	NA	0	1815	0
KRT16P2	NA	0	1575	0
KRT16P3	NA	0	1955	0
KRT17	NA	570	1574	16.8993
KRT17P5	NA	1	3153	0.0148004
KRT18	NA	66628	1535	2025.57
KRT18P55	NA	15	1950	0.358968
KRT19	NA	119	1471	3.77514
KRT19P2	NA	0	575	0
KRT2	NA	0	2414	0
KRT20	NA	1	1805	0.0258536
KRT222	NA	0	1735	0
KRT23	NA	3	2428	0.0576596
KRT24	NA	0	1881	0
KRT25	NA	0	1670	0
KRT26	NA	0	1730	0
KRT27	NA	0	1612	0
KRT28	NA	0	1692	0
KRT3	NA	1	2310	0.0202016
KRT31	NA	0	1595	0
KRT32	NA	1	2005	0.0232747
KRT33A	NA	0	1286	0
KRT33B	NA	2	1607	0.0580782
KRT34	NA	0	1713	0
KRT35	NA	5	1671	0.139634
KRT36	NA	0	1644	0
KRT37	NA	0	1718	0
KRT38	NA	0	2837	0
KRT39	NA	0	1696	0
KRT4	NA	2	2147	0.0434707
KRT40	NA	0	1938	0
KRT42P	NA	1	2864	0.0162939
KRT5	NA	3	2303	0.0607891
KRT6A	NA	1	2450	0.0190473
KRT6B	NA	4	2282	0.0817981
KRT6C	NA	2	2289	0.040774
KRT7	NA	237	1702	6.49812
KRT71	NA	0	2265	0
KRT72	NA	3	2015	0.0694776
KRT73	NA	0	2284	0
KRT73-AS1	NA	0	3808	0
KRT74	NA	0	2788	0
KRT75	NA	312	2125	6.85164
KRT76	NA	3	2529	0.0553568
KRT77	NA	4	3304	0.0564961
KRT78	NA	1	3002	0.0155449
KRT79	NA	6	2066	0.135525
KRT8	NA	118536	2265	2442.2
KRT80	NA	1049	3894	12.5712
KRT81	NA	27	1910	0.659674
KRT82	NA	0	2681	0
KRT83	NA	10	1875	0.248884
KRT84	NA	1	2073	0.0225112
KRT85	NA	1	2747	0.0169879
KRT86	NA	21	2091	0.468667
KRT8P41	NA	57	1828	1.45512
KRT9	NA	1	2289	0.020387
KRTAP1-1	NA	0	903	0
KRTAP1-3	NA	0	971	0
KRTAP1-4	NA	0	449	0
KRTAP1-5	NA	0	1176	0
KRTAP10-1	NA	0	1011	0
KRTAP10-10	NA	0	1100	0
KRTAP10-11	NA	0	1236	0
KRTAP10-12	NA	0	873	0
KRTAP10-2	NA	3	1149	0.121843
KRTAP10-3	NA	0	738	0
KRTAP10-4	NA	0	1643	0
KRTAP10-5	NA	0	1150	0
KRTAP10-6	NA	0	1238	0
KRTAP10-7	NA	0	1580	0
KRTAP10-8	NA	0	876	0
KRTAP10-9	NA	0	1256	0
KRTAP11-1	NA	0	911	0
KRTAP12-1	NA	0	588	0
KRTAP12-2	NA	0	739	0
KRTAP12-3	NA	0	410	0
KRTAP12-4	NA	0	447	0
KRTAP13-1	NA	0	747	0
KRTAP13-2	NA	0	849	0
KRTAP13-3	NA	0	520	0
KRTAP13-4	NA	0	483	0
KRTAP15-1	NA	0	453	0
KRTAP16-1	NA	0	1554	0
KRTAP17-1	NA	0	779	0
KRTAP19-1	NA	0	273	0
KRTAP19-2	NA	0	159	0
KRTAP19-3	NA	0	494	0
KRTAP19-4	NA	0	255	0
KRTAP19-5	NA	0	219	0
KRTAP19-6	NA	0	330	0
KRTAP19-7	NA	0	192	0
KRTAP19-8	NA	0	318	0
KRTAP2-1	NA	0	773	0
KRTAP2-2	NA	0	713	0
KRTAP2-3	NA	1	852	0.0547721
KRTAP2-4	NA	0	764	0
KRTAP20-1	NA	0	171	0
KRTAP20-2	NA	0	198	0
KRTAP20-3	NA	0	273	0
KRTAP20-4	NA	0	224	0
KRTAP21-1	NA	0	240	0
KRTAP21-2	NA	0	252	0
KRTAP21-3	NA	0	253	0
KRTAP22-1	NA	0	147	0
KRTAP22-2	NA	0	293	0
KRTAP23-1	NA	0	208	0
KRTAP24-1	NA	0	1650	0
KRTAP25-1	NA	0	370	0
KRTAP26-1	NA	0	1158	0
KRTAP27-1	NA	0	682	0
KRTAP29-1	NA	0	1026	0
KRTAP3-1	NA	0	593	0
KRTAP3-2	NA	0	694	0
KRTAP3-3	NA	0	704	0
KRTAP4-1	NA	0	739	0
KRTAP4-11	NA	0	1173	0
KRTAP4-12	NA	0	1075	0
KRTAP4-2	NA	0	763	0
KRTAP4-3	NA	0	942	0
KRTAP4-4	NA	0	1078	0
KRTAP4-5	NA	0	879	0
KRTAP4-6	NA	0	1055	0
KRTAP4-7	NA	0	938	0
KRTAP4-8	NA	0	1142	0
KRTAP4-9	NA	0	1100	0
KRTAP5-1	NA	11	942	0.54493
KRTAP5-10	NA	0	1058	0
KRTAP5-11	NA	0	1021	0
KRTAP5-2	NA	6	1118	0.250443
KRTAP5-3	NA	0	899	0
KRTAP5-4	NA	1	1181	0.0395138
KRTAP5-5	NA	1	1127	0.0414071
KRTAP5-6	NA	0	561	0
KRTAP5-7	NA	0	898	0
KRTAP5-8	NA	0	1183	0
KRTAP5-9	NA	0	1188	0
KRTAP5-AS1	NA	12	2265	0.247236
KRTAP6-1	NA	0	219	0
KRTAP6-2	NA	0	189	0
KRTAP6-3	NA	0	616	0
KRTAP7-1	NA	0	693	0
KRTAP8-1	NA	0	556	0
KRTAP9-1	NA	0	753	0
KRTAP9-2	NA	0	1005	0
KRTAP9-3	NA	0	992	0
KRTAP9-4	NA	0	967	0
KRTAP9-6	NA	0	483	0
KRTAP9-7	NA	0	510	0
KRTAP9-8	NA	0	987	0
KRTAP9-9	NA	0	981	0
KRTCAP2	NA	1195	547	101.948
KRTCAP3	NA	23	1068	1.00498
KRTDAP	NA	10	493	0.946568
KSR1	NA	174	4491	1.80803
KSR2	NA	9	17008	0.0246938
KTI12	NA	388	1696	10.6759
KTN1	NA	3471	4913	32.9691
KTN1-AS1	NA	120	1512	3.70363
KU-MEL-3	NA	0	1190	0
KXD1	NA	1777	1627	50.9681
KY	NA	0	5704	0
KYNU	NA	0	2014	0
L1CAM	NA	4330	5242	38.5469
L1TD1	NA	0	3990	0
L2HGDH	NA	355	6095	2.71802
L3HYPDH	NA	204	1381	6.89343
L3MBTL1	NA	127	3565	1.66243
L3MBTL2	NA	1206	3192	17.6313
L3MBTL3	NA	339	4215	3.75319
L3MBTL4	NA	0	3587	0
L3MBTL4-AS1	NA	0	2048	0
LACAT8	NA	8	789	0.473164
LACC1	NA	0	4550	0
LACE1	NA	61	2255	1.26236
LACRT	NA	0	508	0
LACTB	NA	956	3797	11.7494
LACTB2	NA	212	1553	6.37035
LACTB2-AS1	NA	48	3715	0.60295
LACTBL1	NA	2	1733	0.0538555
LAD1	NA	19	2839	0.312311
LAG3	NA	25	1992	0.585665
LAGE3	NA	738	949	36.2902
LAIR1	NA	1	3448	0.0135342
LAIR2	NA	0	702	0
LALBA	NA	0	728	0
LAMA1	NA	13	9657	0.0628203
LAMA2	NA	5	9692	0.0240744
LAMA3	NA	357	11222	1.48456
LAMA4	NA	2	7567	0.012334
LAMA5	NA	7127	11431	29.0952
LAMA5-AS1	NA	5	826	0.282481
LAMB1	NA	6470	5846	51.6469
LAMB2	NA	6789	5808	54.5479
LAMB2P1	NA	8	1543	0.241948
LAMB3	NA	265	4495	2.75115
LAMB4	NA	23	5858	0.183222
LAMC1	NA	7457	7889	44.1104
LAMC2	NA	60	6503	0.430562
LAMC3	NA	25	6098	0.191316
LAMP1	NA	7102	2540	130.481
LAMP2	NA	1707	9388	8.48514
LAMP3	NA	0	3341	0
LAMP5	NA	0	2042	0
LAMP5-AS1	NA	0	1928	0
LAMTOR1	NA	2697	1179	106.749
LAMTOR2	NA	1052	681	72.0887
LAMTOR3	NA	1190	4280	12.9748
LAMTOR4	NA	1297	612	98.8979
LAMTOR5	NA	1599	848	87.9936
LAMTOR5-AS1	NA	5	533	0.437765
LANCL1	NA	682	4610	6.9037
LANCL1-AS1	NA	1	2169	0.0215149
LANCL2	NA	606	4353	6.49655
LANCL3	NA	0	3332	0
LAP3	NA	1181	2100	26.244
LAPTM4A	NA	4718	1765	124.742
LAPTM4B	NA	8232	2238	171.65
LAPTM5	NA	37	2240	0.770819
LARGE	NA	31	4201	0.344356
LARGE-AS1	NA	0	2746	0
LARP1	NA	5446	6595	38.5355
LARP1B	NA	545	5804	4.38195
LARP4	NA	866	6709	6.02364
LARP4B	NA	2133	8546	11.6473
LARP6	NA	891	2587	16.0724
LARP7	NA	1092	2648	19.2444
LARS	NA	3009	4849	28.958
LARS2	NA	1176	4203	13.0571
LARS2-AS1	NA	1	1854	0.0251703
LAS1L	NA	2032	2489	38.0976
LASP1	NA	7687	4279	83.8327
LAT	NA	54	1845	1.36583
LAT2	NA	34	2191	0.724161
LATS1	NA	303	7991	1.76946
LATS2	NA	1245	5542	10.4834
LAX1	NA	2	3337	0.0279687
LAYN	NA	2905	2772	48.9048
LBH	NA	649	2938	10.3084
LBHD1	NA	2403	1320	84.953
LBP	NA	1	1894	0.0246388
LBR	NA	907	3973	10.6534
LBX1	NA	48	1285	1.74316
LBX1-AS1	NA	94	1323	3.31563
LBX2	NA	7	1678	0.194673
LBX2-AS1	NA	16	2449	0.304881
LCA10	NA	12	1374	0.407562
LCA5	NA	167	4719	1.65145
LCA5L	NA	34	2364	0.671166
LCAT	NA	626	1354	21.5752
LCE1A	NA	0	625	0
LCE1B	NA	1	1139	0.0409709
LCE1C	NA	0	695	0
LCE1D	NA	0	430	0
LCE1E	NA	7	1179	0.277066
LCE1F	NA	0	598	0
LCE2A	NA	0	592	0
LCE2B	NA	0	611	0
LCE2C	NA	0	593	0
LCE2D	NA	0	594	0
LCE3A	NA	1	270	0.172836
LCE3B	NA	0	288	0
LCE3C	NA	0	425	0
LCE3D	NA	2	610	0.153003
LCE3E	NA	1	547	0.0853122
LCE4A	NA	0	388	0
LCE5A	NA	0	819	0
LCE6A	NA	0	642	0
LCK	NA	6	2235	0.125277
LCLAT1	NA	396	5482	3.37097
LCMT1	NA	666	1370	22.6857
LCMT1-AS1	NA	9	573	0.732971
LCMT1-AS2	NA	1639	2607	29.3384
LCMT2	NA	0	2847	0
LCN1	NA	0	789	0
LCN10	NA	1	2017	0.0231362
LCN12	NA	8	689	0.541838
LCN15	NA	4	762	0.244965
LCN2	NA	3	822	0.170313
LCN6	NA	0	711	0
LCN8	NA	1	918	0.0508342
LCN9	NA	0	524	0
LCNL1	NA	13	1836	0.330422
LCOR	NA	327	10524	1.44999
LCORL	NA	673	7729	4.06341
LCP1	NA	12	3790	0.147755
LCP2	NA	0	2422	0
LCT	NA	1	6274	0.00743797
LCTL	NA	136	2981	2.129
LDAH	NA	509	3981	5.96656
LDB1	NA	1789	2665	31.3265
LDB2	NA	1	3327	0.0140264
LDB3	NA	69	6521	0.49378
LDHA	NA	12501	2553	228.503
LDHAL6A	NA	0	2583	0
LDHAL6B	NA	0	1771	0
LDHB	NA	22314	1600	650.813
LDHC	NA	2	1284	0.0726882
LDHD	NA	67	2072	1.50898
LDLR	NA	1371	5283	12.1103
LDLRAD1	NA	1	2376	0.0196405
LDLRAD2	NA	2897	4012	33.6966
LDLRAD3	NA	1115	4011	12.9724
LDLRAD4	NA	95	11054	0.401054
LDLRAD4-AS1	NA	0	2166	0
LDLRAP1	NA	1325	2935	21.0672
LDOC1	NA	0	1469	0
LDOC1L	NA	883	5324	7.73965
LEAP2	NA	9	707	0.594048
LECT1	NA	0	1446	0
LECT2	NA	0	1077	0
LEF1	NA	1	4128	0.0113047
LEF1-AS1	NA	0	1988	0
LEFTY1	NA	0	1626	0
LEFTY2	NA	11	2187	0.234716
LEKR1	NA	0	4067	0
LELP1	NA	0	541	0
LEMD1	NA	9	961	0.437037
LEMD1-AS1	NA	0	2781	0
LEMD2	NA	1699	3108	25.51
LEMD3	NA	493	4798	4.79496
LENEP	NA	0	649	0
LENG1	NA	233	924	11.7675
LENG8	NA	3145	3725	39.3997
LENG8-AS1	NA	24	892	1.25558
LENG9	NA	361	1917	8.78787
LEO1	NA	1698	2188	36.215
LEP	NA	0	3427	0
LEPR	NA	89	6891	0.602707
LEPROT	NA	1622	5121	14.7807
LEPROTL1	NA	503	3147	7.45882
LETM1	NA	1906	5462	16.2843
LETM2	NA	222	4234	2.44681
LETMD1	NA	609	2173	13.0784
LEUTX	NA	57	672	3.95826
LFNG	NA	119	3155	1.76014
LGALS1	NA	7724	558	645.962
LGALS12	NA	11	2302	0.22299
LGALS13	NA	0	595	0
LGALS14	NA	0	1083	0
LGALS16	NA	0	624	0
LGALS17A	NA	0	1130	0
LGALS2	NA	4	528	0.353529
LGALS3	NA	2859	2040	65.4007
LGALS3BP	NA	1483	2260	30.6218
LGALS4	NA	1	1279	0.0364862
LGALS7	NA	4	494	0.377861
LGALS7B	NA	6	489	0.572586
LGALS8	NA	2107	6670	14.7414
LGALS8-AS1	NA	50	1440	1.62034
LGALS9	NA	20	1764	0.529091
LGALS9B	NA	1	1243	0.0375429
LGALS9C	NA	2	1719	0.0542941
LGALSL	NA	456	3827	5.56039
LGI1	NA	2330	2453	44.3259
LGI2	NA	52	6339	0.382808
LGI3	NA	4	3266	0.0571535
LGI4	NA	5	2888	0.0807926
LGMN	NA	4695	2175	100.734
LGR4	NA	672	5247	5.97664
LGR5	NA	1	4893	0.00953726
LGR6	NA	4	3640	0.0512811
LGSN	NA	0	5634	0
LHB	NA	12	523	1.07073
LHCGR	NA	0	3093	0
LHFP	NA	16	2158	0.345993
LHFPL1	NA	0	1765	0
LHFPL2	NA	933	5045	8.63017
LHFPL3	NA	0	3176	0
LHFPL3-AS1	NA	0	1775	0
LHFPL3-AS2	NA	1	1832	0.0254726
LHFPL4	NA	2	4880	0.0191253
LHFPL5	NA	0	2147	0
LHPP	NA	93	1685	2.57562
LHX1	NA	16	3431	0.21762
LHX2	NA	320	2416	6.1809
LHX3	NA	6	2579	0.108567
LHX4	NA	32	1879	0.794734
LHX4-AS1	NA	244	2657	4.28546
LHX5	NA	1	2084	0.0223924
LHX5-AS1	NA	0	379	0
LHX6	NA	158	4354	1.69343
LHX8	NA	0	2446	0
LHX9	NA	0	2570	0
LIAS	NA	210	1958	5.00501
LIF	NA	1585	3969	18.6357
LIFR	NA	107	10403	0.479981
LIFR-AS1	NA	6	4644	0.0602917
LIG1	NA	1497	4387	15.924
LIG3	NA	577	3900	6.90415
LIG4	NA	263	4356	2.81752
LILRA1	NA	0	3884	0
LILRA2	NA	0	2546	0
LILRA3	NA	1	1608	0.029021
LILRA4	NA	6	1963	0.142636
LILRA5	NA	0	1614	0
LILRA6	NA	5	2315	0.10079
LILRB1	NA	0	3464	0
LILRB2	NA	0	3153	0
LILRB3	NA	5	2825	0.0825943
LILRB4	NA	0	3932	0
LILRB5	NA	0	2508	0
LILRP2	NA	0	2127	0
LIM2	NA	42	984	1.99183
LIMA1	NA	5889	4610	59.6128
LIMCH1	NA	2	6766	0.0137942
LIMD1	NA	779	6284	5.78495
LIMD1-AS1	NA	299	2300	6.06655
LIMD2	NA	1414	3225	20.4606
LIME1	NA	465	1851	11.7232
LIMK1	NA	2674	3526	35.3898
LIMK2	NA	1750	4959	16.4681
LIMS1	NA	624	5513	5.28196
LIMS2	NA	670	3090	10.1185
LIMS3	NA	154	3129	2.29675
LIMS3-LOC440895	NA	47	3217	0.681782
LIMS3L	NA	154	3129	2.29675
LIN28A	NA	11111	4014	129.174
LIN28B	NA	1088	5505	9.22296
LIN37	NA	135	1150	5.47816
LIN52	NA	255	1798	6.61834
LIN54	NA	268	6281	1.99115
LIN7A	NA	0	1230	0
LIN7B	NA	216	755	13.3507
LIN7C	NA	381	4852	3.6644
LIN9	NA	271	3468	3.64661
LINC-PINT	NA	88	6207	0.661606
LINC-ROR	NA	3	2589	0.0540739
LINC00028	NA	0	587	0
LINC00029	NA	0	1749	0
LINC00032	NA	0	2913	0
LINC00051	NA	0	1046	0
LINC00052	NA	196	1786	5.12122
LINC00092	NA	0	1721	0
LINC00094	NA	1393	5734	11.3368
LINC00102	NA	2	1337	0.0698067
LINC00106	NA	23	732	1.46628
LINC00111	NA	0	454	0
LINC00112	NA	0	524	0
LINC00113	NA	107	524	9.52908
LINC00114	NA	0	1103	0
LINC00115	NA	34	1317	1.20474
LINC00116	NA	141	1619	4.06416
LINC00152	NA	629	952	30.8328
LINC00158	NA	0	1476	0
LINC00159	NA	0	129	0
LINC00160	NA	0	694	0
LINC00161	NA	0	870	0
LINC00162	NA	0	734	0
LINC00163	NA	6	2155	0.129928
LINC00167	NA	5	2863	0.0814981
LINC00173	NA	62	2004	1.44375
LINC00174	NA	240	4424	2.5316
LINC00176	NA	37	5387	0.320519
LINC00184	NA	1	2270	0.0205576
LINC00189	NA	0	989	0
LINC00200	NA	0	2434	0
LINC00202-1	NA	16	3620	0.206258
LINC00202-2	NA	1	6104	0.00764512
LINC00207	NA	0	822	0
LINC00208	NA	0	1927	0
LINC00210	NA	0	1584	0
LINC00211	NA	0	2488	0
LINC00221	NA	0	1753	0
LINC00222	NA	1	1753	0.0266205
LINC00226	NA	0	595	0
LINC00229	NA	0	826	0
LINC00235	NA	0	561	0
LINC00238	NA	0	1172	0
LINC00239	NA	2	642	0.145376
LINC00240	NA	22	977	1.05082
LINC00242	NA	14	2418	0.270191
LINC00243	NA	7	10526	0.0310337
LINC00244	NA	3	611	0.229128
LINC00251	NA	0	1054	0
LINC00254	NA	0	662	0
LINC00260	NA	2	1275	0.0732013
LINC00261	NA	0	4911	0
LINC00264	NA	0	1083	0
LINC00265	NA	438	4644	4.4013
LINC00266-1	NA	6	723	0.387268
LINC00266-3	NA	10	884	0.527894
LINC00269	NA	0	2173	0
LINC00271	NA	0	1636	0
LINC00272	NA	0	738	0
LINC00273	NA	0	1452	0
LINC00276	NA	0	3503	0
LINC00278	NA	3	530	0.264146
LINC00280	NA	0	448	0
LINC00282	NA	39	4126	0.441097
LINC00284	NA	0	2564	0
LINC00290	NA	0	592	0
LINC00293	NA	0	2696	0
LINC00294	NA	668	3305	9.432
LINC00297	NA	0	913	0
LINC00298	NA	2	2165	0.0431093
LINC00299	NA	1	2000	0.0233329
LINC00301	NA	0	851	0
LINC00303	NA	1	1514	0.0308229
LINC00304	NA	11	2243	0.228856
LINC00305	NA	0	869	0
LINC00307	NA	0	424	0
LINC00308	NA	0	727	0
LINC00309	NA	0	3306	0
LINC00310	NA	15	1807	0.387375
LINC00311	NA	11	1784	0.287738
LINC00312	NA	67	2887	1.083
LINC00313	NA	9	579	0.725375
LINC00314	NA	0	583	0
LINC00316	NA	0	455	0
LINC00317	NA	0	612	0
LINC00319	NA	12	3002	0.186539
LINC00320	NA	0	2183	0
LINC00322	NA	1	907	0.0514507
LINC00323	NA	0	2019	0
LINC00324	NA	18	2094	0.401139
LINC00326	NA	0	1214	0
LINC00327	NA	1	2087	0.0223602
LINC00330	NA	0	2035	0
LINC00331	NA	0	595	0
LINC00332	NA	0	836	0
LINC00333	NA	0	812	0
LINC00336	NA	2	2107	0.044296
LINC00337	NA	5	1640	0.142274
LINC00339	NA	185	1388	6.21987
LINC00341	NA	34	2824	0.56184
LINC00342	NA	258	3128	3.84903
LINC00343	NA	0	1688	0
LINC00346	NA	12	6322	0.0885779
LINC00347	NA	0	2105	0
LINC00348	NA	0	948	0
LINC00350	NA	0	562	0
LINC00351	NA	0	1001	0
LINC00353	NA	1	655	0.0712455
LINC00354	NA	0	695	0
LINC00358	NA	0	1276	0
LINC00359	NA	0	734	0
LINC00363	NA	0	311	0
LINC00364	NA	0	629	0
LINC00365	NA	0	2625	0
LINC00366	NA	0	531	0
LINC00367	NA	1	751	0.0621382
LINC00368	NA	0	3443	0
LINC00371	NA	32	2268	0.658424
LINC00375	NA	0	631	0
LINC00376	NA	0	692	0
LINC00377	NA	0	927	0
LINC00378	NA	0	513	0
LINC00379	NA	2	567	0.164606
LINC00380	NA	1	397	0.117546
LINC00381	NA	0	727	0
LINC00382	NA	0	982	0
LINC00383	NA	0	1045	0
LINC00392	NA	0	366	0
LINC00395	NA	0	415	0
LINC00396	NA	0	439	0
LINC00397	NA	0	372	0
LINC00398	NA	0	906	0
LINC00399	NA	0	412	0
LINC00400	NA	0	664	0
LINC00403	NA	0	945	0
LINC00408	NA	0	1081	0
LINC00410	NA	0	2018	0
LINC00411	NA	0	410	0
LINC00412	NA	6	866	0.32332
LINC00417	NA	36	542	3.09957
LINC00421	NA	0	1054	0
LINC00423	NA	0	1356	0
LINC00424	NA	0	453	0
LINC00426	NA	13	1608	0.377273
LINC00428	NA	0	1042	0
LINC00431	NA	362	716	23.5936
LINC00433	NA	0	853	0
LINC00434	NA	0	960	0
LINC00437	NA	0	2359	0
LINC00440	NA	0	868	0
LINC00441	NA	1	1143	0.0408275
LINC00442	NA	0	2138	0
LINC00443	NA	0	1223	0
LINC00445	NA	0	755	0
LINC00446	NA	0	608	0
LINC00448	NA	1	972	0.0480101
LINC00452	NA	0	1607	0
LINC00456	NA	0	779	0
LINC00457	NA	2	390	0.239312
LINC00458	NA	0	1456	0
LINC00460	NA	0	916	0
LINC00461	NA	0	4186	0
LINC00462	NA	0	1023	0
LINC00463	NA	0	1073	0
LINC00466	NA	0	1793	0
LINC00467	NA	38	758	2.33945
LINC00469	NA	1	1549	0.0301264
LINC00470	NA	0	2241	0
LINC00471	NA	24	1282	0.873619
LINC00472	NA	1	9566	0.0048783
LINC00473	NA	0	2430	0
LINC00474	NA	1	564	0.0827408
LINC00475	NA	0	2000	0
LINC00476	NA	229	9171	1.16525
LINC00477	NA	0	1710	0
LINC00479	NA	5	2033	0.114771
LINC00482	NA	45	2970	0.707058
LINC00483	NA	0	825	0
LINC00485	NA	0	3719	0
LINC00486	NA	0	2474	0
LINC00487	NA	0	2131	0
LINC00488	NA	0	2524	0
LINC00489	NA	0	543	0
LINC00491	NA	0	1796	0
LINC00492	NA	0	591	0
LINC00493	NA	619	492	58.7116
LINC00494	NA	72	3592	0.935395
LINC00499	NA	0	541	0
LINC00501	NA	0	2063	0
LINC00502	NA	0	540	0
LINC00504	NA	2	4671	0.0199811
LINC00506	NA	0	4640	0
LINC00507	NA	0	2129	0
LINC00508	NA	0	1427	0
LINC00511	NA	1	2265	0.020603
LINC00514	NA	20	3221	0.28976
LINC00515	NA	1	450	0.103702
LINC00518	NA	30	3018	0.463875
LINC00520	NA	5	2069	0.112774
LINC00521	NA	1	3316	0.0140729
LINC00523	NA	1	1627	0.0286821
LINC00524	NA	0	418	0
LINC00525	NA	4	1188	0.157124
LINC00526	NA	53	1306	1.89379
LINC00528	NA	1	2192	0.0212891
LINC00534	NA	0	869	0
LINC00535	NA	11	1914	0.268194
LINC00536	NA	2	2692	0.03467
LINC00538	NA	0	1905	0
LINC00539	NA	2	984	0.0948492
LINC00540	NA	0	2142	0
LINC00544	NA	0	696	0
LINC00545	NA	4	400	0.466658
LINC00547	NA	0	3314	0
LINC00548	NA	0	2551	0
LINC00550	NA	0	3433	0
LINC00551	NA	0	1967	0
LINC00552	NA	0	2579	0
LINC00554	NA	0	3010	0
LINC00557	NA	0	1279	0
LINC00558	NA	0	3163	0
LINC00559	NA	0	3865	0
LINC00562	NA	11	2470	0.207823
LINC00563	NA	0	1400	0
LINC00564	NA	0	1118	0
LINC00565	NA	4	2478	0.0753282
LINC00566	NA	0	569	0
LINC00570	NA	0	1330	0
LINC00571	NA	6	521	0.537418
LINC00572	NA	0	575	0
LINC00574	NA	2	2566	0.0363724
LINC00575	NA	0	910	0
LINC00577	NA	0	575	0
LINC00578	NA	4	1222	0.152752
LINC00581	NA	0	987	0
LINC00582	NA	0	597	0
LINC00583	NA	0	384	0
LINC00587	NA	0	584	0
LINC00588	NA	0	1875	0
LINC00589	NA	0	1398	0
LINC00592	NA	1	1053	0.044317
LINC00593	NA	0	1330	0
LINC00595	NA	11	874	0.587327
LINC00597	NA	1	1497	0.0311729
LINC00598	NA	0	5257	0
LINC00599	NA	0	2922	0
LINC00601	NA	1	1168	0.0399536
LINC00602	NA	0	2065	0
LINC00603	NA	0	562	0
LINC00605	NA	0	1558	0
LINC00606	NA	0	2869	0
LINC00607	NA	2	3690	0.0252931
LINC00608	NA	0	1556	0
LINC00609	NA	1	583	0.0800443
LINC00612	NA	0	2210	0
LINC00613	NA	0	549	0
LINC00615	NA	0	1406	0
LINC00616	NA	89	2016	2.06015
LINC00618	NA	3	361	0.387804
LINC00619	NA	0	1121	0
LINC00620	NA	0	994	0
LINC00622	NA	11	1590	0.322845
LINC00623	NA	635	3694	8.02187
LINC00624	NA	0	3373	0
LINC00626	NA	0	955	0
LINC00628	NA	1	1290	0.036175
LINC00629	NA	8	1333	0.280065
LINC00630	NA	18	2117	0.396781
LINC00632	NA	0	2750	0
LINC00633	NA	0	631	0
LINC00634	NA	13	1506	0.402826
LINC00635	NA	0	1760	0
LINC00636	NA	0	1306	0
LINC00637	NA	0	2056	0
LINC00638	NA	22	2518	0.407723
LINC00639	NA	0	4306	0
LINC00640	NA	0	674	0
LINC00641	NA	510	5715	4.1644
LINC00642	NA	0	709	0
LINC00643	NA	0	6635	0
LINC00644	NA	0	294	0
LINC00645	NA	12	3535	0.158413
LINC00648	NA	0	2886	0
LINC00649	NA	12	4830	0.11594
LINC00652	NA	7	1799	0.181579
LINC00654	NA	0	3591	0
LINC00656	NA	0	1911	0
LINC00657	NA	6904	5343	60.2996
LINC00658	NA	0	1639	0
LINC00659	NA	8	706	0.528791
LINC00661	NA	1	3342	0.0139634
LINC00662	NA	170	2051	3.86796
LINC00663	NA	122	2371	2.40119
LINC00664	NA	0	3760	0
LINC00665	NA	5	2125	0.109802
LINC00667	NA	702	3977	8.23721
LINC00668	NA	0	1751	0
LINC00669	NA	45	2147	0.978091
LINC00670	NA	0	2767	0
LINC00671	NA	3	1844	0.0759205
LINC00672	NA	15	3692	0.189596
LINC00673	NA	9	2257	0.186084
LINC00674	NA	839	11193	3.49795
LINC00675	NA	0	1530	0
LINC00676	NA	0	509	0
LINC00678	NA	0	962	0
LINC00681	NA	0	504	0
LINC00682	NA	0	1424	0
LINC00683	NA	0	2221	0
LINC00684	NA	0	465	0
LINC00685	NA	56	1340	1.95021
LINC00687	NA	0	524	0
LINC00689	NA	0	4013	0
LINC00690	NA	0	1367	0
LINC00691	NA	0	2241	0
LINC00692	NA	0	930	0
LINC00693	NA	0	1654	0
LINC00696	NA	0	3019	0
LINC00698	NA	0	1835	0
LINC00700	NA	0	2097	0
LINC00701	NA	0	5505	0
LINC00702	NA	0	565	0
LINC00703	NA	1	2598	0.0179622
LINC00704	NA	1	1394	0.0334762
LINC00705	NA	0	1011	0
LINC00706	NA	1	703	0.0663809
LINC00707	NA	1	3070	0.0152006
LINC00708	NA	0	915	0
LINC00709	NA	0	713	0
LINC00710	NA	0	1112	0
LINC00824	NA	2	3888	0.024005
LINC00836	NA	3	2881	0.0485933
LINC00837	NA	1	4014	0.0116258
LINC00838	NA	0	2958	0
LINC00839	NA	215	2306	4.35089
LINC00840	NA	0	1974	0
LINC00841	NA	0	981	0
LINC00842	NA	0	2877	0
LINC00844	NA	0	659	0
LINC00845	NA	0	693	0
LINC00847	NA	12	2082	0.268967
LINC00850	NA	0	662	0
LINC00851	NA	0	726	0
LINC00852	NA	32	1328	1.12448
LINC00853	NA	2	661	0.141198
LINC00854	NA	1	966	0.0483083
LINC00856	NA	0	2815	0
LINC00857	NA	164	2161	3.5415
LINC00858	NA	0	2685	0
LINC00861	NA	0	5454	0
LINC00862	NA	2	1417	0.0658656
LINC00864	NA	0	1195	0
LINC00865	NA	0	4289	0
LINC00866	NA	0	418	0
LINC00867	NA	1	580	0.0804583
LINC00869	NA	632	1612	18.2958
LINC00870	NA	0	2700	0
LINC00871	NA	0	1193	0
LINC00877	NA	0	2315	0
LINC00879	NA	0	1038	0
LINC00880	NA	22	2016	0.50925
LINC00881	NA	1	791	0.058996
LINC00882	NA	0	603	0
LINC00883	NA	1	4014	0.0116258
LINC00884	NA	3	1123	0.124664
LINC00885	NA	0	1828	0
LINC00886	NA	15	3337	0.209765
LINC00887	NA	4	3013	0.0619526
LINC00888	NA	199	1671	5.55745
LINC00889	NA	0	2908	0
LINC00890	NA	0	4595	0
LINC00891	NA	0	1064	0
LINC00892	NA	0	689	0
LINC00893	NA	47	2346	0.934907
LINC00894	NA	100	3182	1.46656
LINC00895	NA	0	710	0
LINC00896	NA	31	2206	0.655775
LINC00898	NA	0	4185	0
LINC00899	NA	1	1610	0.028985
LINC00900	NA	0	2243	0
LINC00901	NA	0	1452	0
LINC00904	NA	0	471	0
LINC00905	NA	0	1815	0
LINC00906	NA	0	3444	0
LINC00907	NA	0	7910	0
LINC00908	NA	0	2243	0
LINC00909	NA	237	3474	3.18359
LINC00910	NA	6	4399	0.0636496
LINC00911	NA	0	591	0
LINC00917	NA	0	2618	0
LINC00919	NA	0	1658	0
LINC00920	NA	20	912	1.02337
LINC00921	NA	5	2442	0.0955483
LINC00922	NA	0	1760	0
LINC00923	NA	1	1517	0.0307619
LINC00924	NA	0	2684	0
LINC00925	NA	14	4198	0.155627
LINC00926	NA	45	2516	0.834643
LINC00927	NA	0	2915	0
LINC00928	NA	0	2388	0
LINC00929	NA	14	1485	0.439947
LINC00930	NA	0	1762	0
LINC00933	NA	4	2775	0.067266
LINC00934	NA	0	2291	0
LINC00935	NA	0	658	0
LINC00936	NA	16	2998	0.24905
LINC00937	NA	20	661	1.41198
LINC00938	NA	200	2202	4.23849
LINC00939	NA	0	2078	0
LINC00940	NA	0	2352	0
LINC00941	NA	0	1895	0
LINC00942	NA	4	2244	0.0831832
LINC00943	NA	0	2259	0
LINC00944	NA	0	621	0
LINC00945	NA	0	849	0
LINC00950	NA	19	5245	0.169047
LINC00951	NA	0	3122	0
LINC00954	NA	1	3015	0.0154779
LINC00955	NA	0	2483	0
LINC00957	NA	11	1757	0.292159
LINC00958	NA	1	1559	0.0299332
LINC00959	NA	50	2671	0.873564
LINC00960	NA	7	2886	0.113188
LINC00961	NA	29	1546	0.875361
LINC00963	NA	267	2119	5.88002
LINC00964	NA	1	3579	0.0130388
LINC00965	NA	70	8622	0.378869
LINC00967	NA	1	1503	0.0310484
LINC00968	NA	0	2520	0
LINC00969	NA	158	940	7.84383
LINC00970	NA	1	1129	0.0413337
LINC00971	NA	2	7309	0.0127694
LINC00974	NA	0	2141	0
LINC00977	NA	19	1153	0.768994
LINC00982	NA	287	3848	3.48053
LINC00987	NA	919	2469	17.3697
LINC00989	NA	0	2054	0
LINC00992	NA	0	3091	0
LINC00993	NA	0	653	0
LINC00994	NA	0	2129	0
LINC00996	NA	3	2043	0.0685254
LINC00997	NA	157	4639	1.57933
LINC00998	NA	618	1127	25.5896
LINC00999	NA	473	5253	4.20197
LINC01000	NA	1281	10263	5.8247
LINC01001	NA	1584	4614	16.0205
LINC01002	NA	1938	4874	18.5553
LINC01003	NA	70	1422	2.29719
LINC01004	NA	190	9419	0.941342
LINC01005	NA	0	2891	0
LINC01006	NA	28	758	1.7238
LINC01007	NA	0	2664	0
LINC01010	NA	0	2062	0
LINC01011	NA	34	2809	0.564841
LINC01012	NA	10	3194	0.146105
LINC01013	NA	2	1002	0.0931453
LINC01014	NA	0	548	0
LINC01015	NA	0	12382	0
LINC01016	NA	0	3151	0
LINC01017	NA	0	625	0
LINC01018	NA	1	3366	0.0138639
LINC01019	NA	0	3199	0
LINC01020	NA	0	1749	0
LINC01021	NA	384	1106	16.2022
LINC01023	NA	7	437	0.747507
LINC01024	NA	5	3138	0.074356
LINC01028	NA	1	1173	0.0397833
LINC01029	NA	0	1310	0
LINC01030	NA	0	765	0
LINC01031	NA	0	779	0
LINC01032	NA	0	435	0
LINC01033	NA	0	715	0
LINC01036	NA	1	779	0.0599047
LINC01038	NA	0	457	0
LINC01039	NA	0	3923	0
LINC01040	NA	0	667	0
LINC01044	NA	0	657	0
LINC01046	NA	0	405	0
LINC01047	NA	0	777	0
LINC01048	NA	1	529	0.0882151
LINC01049	NA	0	1002	0
LINC01050	NA	0	760	0
LINC01053	NA	0	1777	0
LINC01054	NA	0	316	0
LINC01055	NA	0	706	0
LINC01056	NA	0	1234	0
LINC01057	NA	257	1331	9.0106
LINC01058	NA	0	535	0
LINC01060	NA	0	483	0
LINC01061	NA	600	4818	5.81143
LINC01063	NA	0	342	0
LINC01065	NA	0	565	0
LINC01068	NA	1	636	0.0733739
LINC01069	NA	0	2615	0
LINC01070	NA	0	1291	0
LINC01072	NA	2	431	0.216547
LINC01075	NA	0	669	0
LINC01080	NA	0	622	0
LINC01081	NA	0	736	0
LINC01082	NA	0	439	0
LINC01085	NA	0	1984	0
LINC01087	NA	0	3516	0
LINC01088	NA	0	1011	0
LINC01089	NA	276	1521	8.46796
LINC01090	NA	0	496	0
LINC01091	NA	86	2675	1.50028
LINC01093	NA	0	1529	0
LINC01094	NA	4	4286	0.0435518
LINC01095	NA	0	1182	0
LINC01096	NA	0	1749	0
LINC01097	NA	0	2122	0
LINC01098	NA	0	1034	0
LINC01099	NA	0	1771	0
LINC01100	NA	0	618	0
LINC01101	NA	0	2015	0
LINC01102	NA	0	1505	0
LINC01103	NA	0	1459	0
LINC01104	NA	0	3115	0
LINC01105	NA	0	11868	0
LINC01106	NA	170	2182	3.63574
LINC01107	NA	0	2420	0
LINC01108	NA	0	3697	0
LINC01111	NA	0	1639	0
LINC01114	NA	0	2437	0
LINC01115	NA	0	1521	0
LINC01116	NA	1	1058	0.0441076
LINC01117	NA	1	656	0.0711369
LINC01118	NA	4	1043	0.178968
LINC01119	NA	16	1210	0.617068
LINC01120	NA	0	3055	0
LINC01121	NA	1	1098	0.0425007
LINC01122	NA	0	4296	0
LINC01123	NA	137	2519	2.538
LINC01124	NA	0	2129	0
LINC01125	NA	41	1369	1.39759
LINC01126	NA	12	1645	0.340419
LINC01127	NA	0	996	0
LINC01128	NA	654	9233	3.30547
LINC01132	NA	5	3793	0.0615157
LINC01133	NA	0	1138	0
LINC01134	NA	2	1952	0.0478133
LINC01135	NA	0	1123	0
LINC01136	NA	0	2741	0
LINC01137	NA	16	1427	0.523233
LINC01138	NA	367	2052	8.34617
LINC01139	NA	111	1531	3.38335
LINC01140	NA	6	4642	0.0603177
LINC01141	NA	0	3783	0
LINC01142	NA	0	1725	0
LINC01143	NA	0	650	0
LINC01144	NA	22	1710	0.600379
LINC01146	NA	0	831	0
LINC01150	NA	0	1203	0
LINC01151	NA	0	571	0
LINC01152	NA	0	3578	0
LINC01158	NA	0	2948	0
LINC01159	NA	0	3971	0
LINC01160	NA	28	1542	0.847369
LINC01162	NA	0	432	0
LINC01163	NA	0	3011	0
LINC01164	NA	0	3384	0
LINC01166	NA	22	2889	0.355364
LINC01167	NA	7	604	0.540829
LINC01168	NA	2	5397	0.0172932
LINC01169	NA	0	837	0
LINC01170	NA	4	737	0.253274
LINC01176	NA	12	715	0.783202
LINC01177	NA	0	536	0
LINC01179	NA	0	2163	0
LINC01180	NA	0	2025	0
LINC01182	NA	0	2228	0
LINC01184	NA	184	2953	2.90772
LINC01185	NA	0	1705	0
LINC01186	NA	2	655	0.142491
LINC01187	NA	0	1334	0
LINC01189	NA	0	1169	0
LINC01191	NA	3	852	0.164316
LINC01192	NA	0	1519	0
LINC01193	NA	0	3402	0
LINC01194	NA	0	624	0
LINC01195	NA	0	448	0
LINC01197	NA	0	1378	0
LINC01198	NA	1	934	0.0499634
LINC01201	NA	0	294	0
LINC01202	NA	0	697	0
LINC01203	NA	0	580	0
LINC01204	NA	2	4720	0.0197736
LINC01205	NA	0	4009	0
LINC01206	NA	0	9557	0
LINC01207	NA	1	3123	0.0149426
LINC01208	NA	2	822	0.113542
LINC01209	NA	4	2399	0.0778088
LINC01210	NA	0	1321	0
LINC01212	NA	3	2026	0.0691004
LINC01213	NA	1	605	0.0771336
LINC01214	NA	1	818	0.0570487
LINC01215	NA	1	2671	0.0174713
LINC01216	NA	0	824	0
LINC01219	NA	0	722	0
LINC01220	NA	6	488	0.57376
LINC01221	NA	0	662	0
LINC01222	NA	0	768	0
LINC01224	NA	0	2563	0
LINC01225	NA	5	1168	0.199768
LINC01226	NA	21	2741	0.357527
LINC01227	NA	0	1436	0
LINC01229	NA	0	1215	0
LINC01230	NA	0	498	0
LINC01231	NA	0	1494	0
LINC01232	NA	27	1817	0.693438
LINC01233	NA	0	613	0
LINC01234	NA	51	2222	1.07109
LINC01237	NA	0	576	0
LINC01239	NA	11	2347	0.218715
LINC01241	NA	0	1237	0
LINC01242	NA	0	1255	0
LINC01246	NA	0	588	0
LINC01247	NA	1	4209	0.0110871
LINC01248	NA	0	702	0
LINC01249	NA	0	2674	0
LINC01250	NA	0	2344	0
LINC01251	NA	1	486	0.0960202
LINC01252	NA	16	3671	0.203392
LINC01254	NA	0	1907	0
LINC01255	NA	0	641	0
LINC01256	NA	0	505	0
LINC01257	NA	0	2473	0
LINC01258	NA	0	2059	0
LINC01260	NA	17	1157	0.685669
LINC01262	NA	0	878	0
LINC01264	NA	0	500	0
LINC01265	NA	9	800	0.52499
LINC01266	NA	24	3851	0.290828
LINC01267	NA	3	2284	0.0612948
LINC01268	NA	0	2750	0
LINC01269	NA	0	602	0
LINC01270	NA	4	2278	0.0819417
LINC01271	NA	2	2250	0.0414807
LINC01272	NA	0	2010	0
LINC01273	NA	2	705	0.132385
LINC01276	NA	0	816	0
LINC01277	NA	13	1902	0.318957
LINC01278	NA	377	2886	6.09598
LINC01279	NA	6	5176	0.0540948
LINC01280	NA	0	1617	0
LINC01281	NA	0	1773	0
LINC01282	NA	0	880	0
LINC01284	NA	0	742	0
LINC01285	NA	0	836	0
LINC01287	NA	0	1008	0
LINC01288	NA	1	660	0.0707058
LINC01289	NA	0	3708	0
LINC01291	NA	2	494	0.18893
LINC01296	NA	725	1401	24.149
LINC01298	NA	0	519	0
LINC01299	NA	0	2520	0
LINC01300	NA	1	796	0.0586254
LINC01301	NA	11	3485	0.147295
LINC01304	NA	0	2416	0
LINC01305	NA	0	3122	0
LINC01307	NA	0	474	0
LINC01309	NA	0	492	0
LINC01310	NA	1	4015	0.0116229
LINC01311	NA	86	1127	3.56101
LINC01312	NA	0	3517	0
LINC01314	NA	5	6943	0.0336064
LINC01315	NA	31	1239	1.16759
LINC01317	NA	0	772	0
LINC01320	NA	0	1131	0
LINC01322	NA	0	753	0
LINC01324	NA	2	844	0.110582
LINC01327	NA	0	535	0
LINC01330	NA	0	2678	0
LINC01331	NA	0	568	0
LINC01333	NA	0	784	0
LINC01335	NA	0	389	0
LINC01336	NA	33	534	2.88384
LINC01337	NA	4	442	0.422315
LINC01338	NA	63	631	4.65918
LINC01339	NA	0	573	0
LINC01340	NA	0	729	0
LINC01341	NA	56	1123	2.32706
LINC01342	NA	1	1618	0.0288417
LINC01343	NA	0	2283	0
LINC01344	NA	0	571	0
LINC01346	NA	0	568	0
LINC01347	NA	221	3834	2.68992
LINC01349	NA	0	823	0
LINC01350	NA	0	603	0
LINC01351	NA	0	1423	0
LINC01352	NA	0	961	0
LINC01353	NA	4	902	0.206944
LINC01354	NA	1	2860	0.0163167
LINC01355	NA	89	3511	1.18293
LINC01356	NA	608	1824	15.5553
LINC01358	NA	0	471	0
LINC01359	NA	0	1079	0
LINC01360	NA	0	4080	0
LINC01361	NA	0	1585	0
LINC01363	NA	2	1854	0.0503407
LINC01364	NA	0	886	0
LINC01365	NA	0	533	0
LINC01366	NA	1	2242	0.0208144
LINC01370	NA	0	838	0
LINC01372	NA	19	490	1.80949
LINC01375	NA	0	1860	0
LINC01377	NA	0	649	0
LINC01378	NA	0	429	0
LINC01384	NA	0	659	0
LINC01386	NA	0	507	0
LINC01387	NA	0	603	0
LINC01389	NA	22	861	1.19239
LINC01391	NA	0	3538	0
LINC01392	NA	0	548	0
LINC01393	NA	0	1187	0
LINC01395	NA	0	977	0
LINC01396	NA	0	527	0
LINC01397	NA	0	579	0
LINC01398	NA	1	1129	0.0413337
LINC01399	NA	1	648	0.0720151
LINC01402	NA	0	279	0
LINC01405	NA	7	359	0.909918
LINC01410	NA	1	2877	0.0162203
LINC01411	NA	257	1079	11.115
LINC01412	NA	0	423	0
LINC01413	NA	0	986	0
LINC01416	NA	0	2310	0
LINC01419	NA	0	1518	0
LINC01420	NA	939	694	63.14
LINC01422	NA	2	564	0.165482
LINC01423	NA	0	621	0
LINC01424	NA	19	1366	0.649085
LINC01425	NA	0	760	0
LINC01426	NA	7	3136	0.104165
LINC01427	NA	0	512	0
LINC01428	NA	0	874	0
LINC01429	NA	3	2327	0.0601622
LINC01430	NA	0	430	0
LINC01431	NA	5	636	0.366869
LINC01432	NA	0	677	0
LINC01433	NA	0	682	0
LINC01435	NA	0	720	0
LINC01436	NA	0	1523	0
LINC01440	NA	0	636	0
LINC01441	NA	0	2290	0
LINC01443	NA	0	1871	0
LINC01444	NA	0	763	0
LINC01445	NA	0	1142	0
LINC01446	NA	0	3484	0
LINC01447	NA	19	2761	0.321134
LINC01448	NA	0	1170	0
LINC01449	NA	2	1214	0.0768794
LINC01450	NA	3	3252	0.0430496
LINC01455	NA	0	561	0
LINC01461	NA	0	560	0
LINC01465	NA	35	1684	0.969895
LINC01467	NA	0	1187	0
LINC01468	NA	5	1174	0.198747
LINC01470	NA	0	2177	0
LINC01471	NA	0	1230	0
LINC01473	NA	4	602	0.310072
LINC01474	NA	1	638	0.0731439
LINC01475	NA	0	766	0
LINC01476	NA	0	546	0
LINC01477	NA	0	1226	0
LINC01478	NA	0	2069	0
LINC01479	NA	0	472	0
LINC01480	NA	79	478	7.71255
LINC01481	NA	37	1340	1.28853
LINC01482	NA	0	2616	0
LINC01483	NA	345	712	22.6119
LINC01484	NA	0	570	0
LINC01485	NA	0	741	0
LINC01486	NA	0	612	0
LINC01487	NA	0	405	0
LINC01488	NA	11	3425	0.149876
LINC01489	NA	0	605	0
LINC01490	NA	0	1476	0
LINC01491	NA	0	439	0
LINC01492	NA	0	3732	0
LINC01493	NA	0	506	0
LINC01494	NA	0	1008	0
LINC01495	NA	4	437	0.427147
LINC01496	NA	0	543	0
LINC01497	NA	95	726	6.10641
LINC01498	NA	0	549	0
LINC01499	NA	0	553	0
LINC01500	NA	0	752	0
LINC01501	NA	0	2020	0
LINC01502	NA	0	2638	0
LINC01503	NA	711	752	44.1215
LINC01504	NA	8	2456	0.152006
LINC01505	NA	0	2056	0
LINC01506	NA	0	351	0
LINC01507	NA	6	1124	0.249106
LINC01508	NA	0	1019	0
LINC01509	NA	0	960	0
LINC01510	NA	0	1358	0
LINC01511	NA	2	1622	0.0575411
LINC01512	NA	0	2282	0
LINC01514	NA	1	1339	0.0348512
LINC01515	NA	12	679	0.824727
LINC01516	NA	1	2977	0.0156754
LINC01517	NA	0	619	0
LINC01518	NA	0	1966	0
LINC01519	NA	1	2244	0.0207958
LINC01520	NA	0	1492	0
LINC01521	NA	306	4397	3.24761
LINC01522	NA	17	925	0.857642
LINC01523	NA	0	628	0
LINC01524	NA	0	4385	0
LINC01525	NA	2	565	0.165189
LINC01526	NA	0	555	0
LINC01529	NA	0	2191	0
LINC01530	NA	13	1701	0.356646
LINC01531	NA	0	3312	0
LINC01532	NA	0	1948	0
LINC01533	NA	0	1269	0
LINC01534	NA	23	880	1.21967
LINC01535	NA	3	2070	0.0676316
LINC01537	NA	0	2447	0
LINC01538	NA	0	2407	0
LINC01539	NA	0	2392	0
LINC01541	NA	0	3103	0
LINC01543	NA	0	770	0
LINC01544	NA	0	3217	0
LINC01545	NA	4	520	0.358968
LINC01546	NA	0	674	0
LINC01547	NA	91	2185	1.94352
LINC01548	NA	0	595	0
LINC01549	NA	0	717	0
LINC01550	NA	0	1458	0
LINC01551	NA	0	3730	0
LINC01552	NA	0	640	0
LINC01553	NA	0	1815	0
LINC01554	NA	5	1916	0.121779
LINC01555	NA	1	2884	0.0161809
LINC01556	NA	9	3183	0.131949
LINC01558	NA	0	1650	0
LINC01559	NA	2	3202	0.0291479
LINC01560	NA	29	2512	0.538737
LINC01561	NA	0	2175	0
LINC01563	NA	0	872	0
LINC01564	NA	0	566	0
LINC01565	NA	0	2697	0
LINC01566	NA	0	3366	0
LINC01567	NA	2	2907	0.0321058
LINC01568	NA	0	1328	0
LINC01569	NA	21	2093	0.468219
LINC01570	NA	0	786	0
LINC01571	NA	0	437	0
LINC01572	NA	22	1728	0.594125
LINC01573	NA	44	546	3.76061
LINC01574	NA	0	610	0
LINC01578	NA	1372	2035	31.4622
LINC01580	NA	0	1136	0
LINC01581	NA	0	3173	0
LINC01582	NA	0	747	0
LINC01583	NA	0	2567	0
LINC01584	NA	0	852	0
LINC01585	NA	0	1282	0
LINC01586	NA	6	2082	0.134484
LINC01587	NA	0	1053	0
LINC01588	NA	5	9713	0.0240223
LINC01589	NA	0	574	0
LINC01590	NA	31	1558	0.928524
LINC01591	NA	0	1240	0
LINC01592	NA	0	2367	0
LINC01594	NA	0	611	0
LINC01599	NA	0	977	0
LINC01600	NA	7	2434	0.134207
LINC01602	NA	285	2109	6.30619
LINC01603	NA	0	1463	0
LINC01604	NA	59	756	3.64191
LINC01605	NA	21	2177	0.450152
LINC01606	NA	0	2813	0
LINC01607	NA	0	621	0
LINC01608	NA	0	752	0
LINC01609	NA	0	456	0
LINC01611	NA	0	571	0
LINCMD1	NA	0	366	0
LINCR-0001	NA	0	545	0
LINCR-0002	NA	0	1182	0
LINCR-0003	NA	0	1309	0
LINGO1	NA	2168	4674	21.6456
LINGO1-AS1	NA	0	1719	0
LINGO1-AS2	NA	0	664	0
LINGO2	NA	0	3412	0
LINGO3	NA	0	2130	0
LINGO4	NA	0	2667	0
LINS	NA	137	2512	2.54507
LIPA	NA	414	2793	6.91716
LIPC	NA	1	1604	0.0290934
LIPE	NA	373	3813	4.565
LIPE-AS1	NA	85	2924	1.35656
LIPF	NA	0	1526	0
LIPG	NA	1462	4168	16.3689
LIPH	NA	5	2474	0.0943124
LIPI	NA	0	1743	0
LIPJ	NA	0	1484	0
LIPK	NA	0	1200	0
LIPM	NA	0	1484	0
LIPN	NA	0	1197	0
LIPT1	NA	80	2019	1.84907
LIPT2	NA	72	960	3.49993
LITAF	NA	4001	2926	63.8106
LIX1	NA	150	3967	1.76452
LIX1L	NA	1029	3997	12.0138
LKAAEAR1	NA	0	868	0
LL22NC01-81G9.3	NA	0	992	0
LL22NC03-63E9.3	NA	0	3108	0
LL22NC03-75H12.2	NA	0	984	0
LLGL1	NA	1264	4224	13.9644
LLGL2	NA	415	3764	5.14514
LLPH	NA	1186	1217	45.4771
LLPH-AS1	NA	9	623	0.674145
LMAN1	NA	1867	4834	18.0234
LMAN1L	NA	1	1736	0.0268812
LMAN2	NA	4416	1832	112.487
LMAN2L	NA	1028	2442	19.6447
LMBR1	NA	986	4890	9.4095
LMBR1L	NA	363	2549	6.64562
LMBRD1	NA	261	2308	5.2772
LMBRD2	NA	36	3237	0.518989
LMCD1	NA	1155	3159	17.062
LMCD1-AS1	NA	4	2147	0.0869414
LMF1	NA	1813	4674	18.1012
LMF1-AS1	NA	2	1477	0.06319
LMF2	NA	1964	2599	35.2642
LMLN	NA	298	7154	1.94386
LMLN-AS1	NA	3	548	0.25547
LMNA	NA	8183	4104	93.0473
LMNB1	NA	2898	3403	39.7407
LMNB2	NA	5251	4644	52.7653
LMNTD1	NA	0	3695	0
LMNTD2	NA	148	2098	3.29196
LMO1	NA	6	1629	0.171881
LMO2	NA	17	2416	0.32836
LMO3	NA	0	5156	0
LMO4	NA	34	5406	0.293496
LMO7	NA	462	8949	2.40916
LMO7-AS1	NA	151	593	11.8829
LMO7DN	NA	0	1168	0
LMO7DN-IT1	NA	0	319	0
LMOD1	NA	597	3967	7.02281
LMOD2	NA	1	2149	0.0217151
LMOD3	NA	2	2315	0.040316
LMTK2	NA	668	8945	3.48494
LMTK3	NA	1103	4972	10.3524
LMX1A	NA	0	3717	0
LMX1B	NA	2806	5830	22.4604
LNP1	NA	45	2217	0.947208
LNPEP	NA	161	4795	1.56688
LNX1	NA	23	3505	0.306224
LNX1-AS1	NA	0	553	0
LNX1-AS2	NA	0	1962	0
LNX2	NA	337	4804	3.2736
LOC100049716	NA	29	2338	0.578832
LOC100101148	NA	79	875	4.21325
LOC100101478	NA	7	979	0.333668
LOC100126784	NA	8	3739	0.0998466
LOC100128006	NA	0	3727	0
LOC100128076	NA	21	2012	0.487068
LOC100128164	NA	16	7012	0.106482
LOC100128176	NA	0	2081	0
LOC100128233	NA	0	1442	0
LOC100128239	NA	4	2299	0.0811932
LOC100128288	NA	44	2129	0.964441
LOC100128317	NA	0	4790	0
LOC100128361	NA	69	2486	1.29523
LOC100128398	NA	50	1897	1.22999
LOC100128494	NA	960	4233	10.5833
LOC100128531	NA	5	973	0.239804
LOC100128554	NA	0	2453	0
LOC100128568	NA	1	639	0.0730294
LOC100128573	NA	1	525	0.0888872
LOC100128593	NA	1	2702	0.0172708
LOC100128714	NA	23	1967	0.54566
LOC100128770	NA	11	3060	0.167753
LOC100128885	NA	0	4369	0
LOC100128993	NA	0	1011	0
LOC100129027	NA	1	3586	0.0130133
LOC100129034	NA	3627	5712	29.6318
LOC100129046	NA	27	1562	0.806643
LOC100129055	NA	1	2775	0.0168165
LOC100129083	NA	9	729	0.576121
LOC100129138	NA	11	1209	0.424585
LOC100129148	NA	301	460	30.5357
LOC100129175	NA	1	1993	0.0234149
LOC100129203	NA	1	1960	0.0238091
LOC100129216	NA	0	213	0
LOC100129316	NA	1	5249	0.00889042
LOC100129345	NA	0	1670	0
LOC100129434	NA	3	2863	0.0488988
LOC100129461	NA	72	4470	0.751664
LOC100129518	NA	51	1717	1.38611
LOC100129520	NA	0	2982	0
LOC100129534	NA	125	2248	2.59485
LOC100129550	NA	204	5904	1.61244
LOC100129603	NA	0	559	0
LOC100129617	NA	6	1921	0.145755
LOC100129620	NA	3	2544	0.0550304
LOC100129636	NA	8	3318	0.112515
LOC100129697	NA	7	1562	0.20913
LOC100129917	NA	33	1700	0.905866
LOC100129924	NA	1	983	0.0474728
LOC100129931	NA	1214	4300	13.1749
LOC100129935	NA	0	1831	0
LOC100129940	NA	82	6146	0.622616
LOC100129973	NA	28	1520	0.859633
LOC100130075	NA	0	1058	0
LOC100130093	NA	432	2377	8.48112
LOC100130238	NA	7	3877	0.084256
LOC100130264	NA	0	1789	0
LOC100130298	NA	0	513	0
LOC100130331	NA	62	3125	0.925849
LOC100130357	NA	7	2305	0.141718
LOC100130370	NA	0	767	0
LOC100130417	NA	791	1506	24.5104
LOC100130451	NA	3	1726	0.0811109
LOC100130452	NA	0	506	0
LOC100130476	NA	0	1964	0
LOC100130587	NA	3	3264	0.0428914
LOC100130673	NA	1	1597	0.0292209
LOC100130691	NA	66	5206	0.591614
LOC100130700	NA	0	600	0
LOC100130705	NA	268	3803	3.28857
LOC100130744	NA	33	2599	0.592525
LOC100130849	NA	0	564	0
LOC100130872	NA	0	4981	0
LOC100130880	NA	1	577	0.0808766
LOC100130899	NA	3	4246	0.0329716
LOC100130950	NA	18	1728	0.486102
LOC100130964	NA	0	520	0
LOC100130987	NA	23	850	1.26272
LOC100130992	NA	0	6477	0
LOC100131047	NA	0	2125	0
LOC100131257	NA	0	21017	0
LOC100131289	NA	9	828	0.507237
LOC100131303	NA	0	1185	0
LOC100131315	NA	0	585	0
LOC100131347	NA	0	2305	0
LOC100131496	NA	1	2253	0.0207127
LOC100131564	NA	216	4033	2.49933
LOC100131626	NA	5	572	0.407918
LOC100131635	NA	0	338	0
LOC100131655	NA	28	1295	1.00899
LOC100132057	NA	9	2970	0.141412
LOC100132062	NA	1602	8740	8.55362
LOC100132077	NA	6	2162	0.129507
LOC100132078	NA	4	2587	0.0721543
LOC100132111	NA	0	761	0
LOC100132146	NA	0	1826	0
LOC100132174	NA	0	2281	0
LOC100132215	NA	114	2162	2.46064
LOC100132287	NA	1602	8740	8.55362
LOC100132304	NA	0	465	0
LOC100132352	NA	403	2577	7.29776
LOC100132356	NA	19	1785	0.496723
LOC100132735	NA	131	1294	4.72428
LOC100132741	NA	0	1064	0
LOC100132781	NA	0	2138	0
LOC100132831	NA	8	1980	0.188549
LOC100133050	NA	0	701	0
LOC100133077	NA	1	3222	0.0144835
LOC100133091	NA	185	2686	3.21414
LOC100133267	NA	0	480	0
LOC100133286	NA	0	1221	0
LOC100133315	NA	16	1245	0.599721
LOC100133331	NA	1593	8546	8.69864
LOC100133461	NA	0	1033	0
LOC100133669	NA	3	702	0.199426
LOC100133920	NA	33	2029	0.75898
LOC100133985	NA	12	661	0.847185
LOC100134317	NA	0	597	0
LOC100134368	NA	9	1571	0.267341
LOC100134391	NA	0	1140	0
LOC100134868	NA	83	1554	2.49245
LOC100144595	NA	1	2362	0.0197569
LOC100147773	NA	12	2147	0.260824
LOC100190940	NA	0	3211	0
LOC100190986	NA	86	2432	1.65019
LOC100192426	NA	0	616	0
LOC100233156	NA	130	1620	3.74479
LOC100240728	NA	0	697	0
LOC100240734	NA	3	491	0.285127
LOC100240735	NA	17	905	0.876595
LOC100268168	NA	56	1997	1.30861
LOC100270746	NA	22	941	1.09102
LOC100270804	NA	39	2017	0.902313
LOC100271832	NA	0	1391	0
LOC100272216	NA	1	2049	0.0227749
LOC100272217	NA	34	2145	0.739691
LOC100286922	NA	1	1030	0.0453066
LOC100287010	NA	0	1084	0
LOC100287015	NA	212	2408	4.10845
LOC100287036	NA	1	1205	0.0387268
LOC100287042	NA	148	2597	2.65943
LOC100287072	NA	40	2143	0.871037
LOC100287225	NA	6	4771	0.0586868
LOC100287592	NA	0	626	0
LOC100287632	NA	1	711	0.065634
LOC100287704	NA	1	655	0.0712455
LOC100287728	NA	2	413	0.225984
LOC100287792	NA	0	2112	0
LOC100287834	NA	1	655	0.0712455
LOC100287846	NA	0	3510	0
LOC100287944	NA	11	569	0.902151
LOC100288069	NA	34	1371	1.15728
LOC100288123	NA	19	1698	0.522173
LOC100288152	NA	417	1781	10.9262
LOC100288162	NA	366	2152	7.93666
LOC100288181	NA	51	5684	0.418711
LOC100288254	NA	2	1802	0.0517933
LOC100288570	NA	11	856	0.599677
LOC100288637	NA	279	5878	2.215
LOC100288748	NA	0	2183	0
LOC100288778	NA	2102	1875	52.3155
LOC100288798	NA	62	906	3.19347
LOC100288842	NA	7	583	0.56031
LOC100288846	NA	21	1359	0.721105
LOC100288866	NA	1	1221	0.0382193
LOC100288911	NA	428	716	27.8952
LOC100288966	NA	0	1826	0
LOC100289230	NA	20	1876	0.497503
LOC100289333	NA	0	374	0
LOC100289361	NA	16	623	1.19848
LOC100289473	NA	0	747	0
LOC100289495	NA	36	3908	0.429879
LOC100289511	NA	540	1431	17.6097
LOC100289561	NA	249	1041	11.1621
LOC100289580	NA	27	3776	0.33368
LOC100289650	NA	24	1873	0.59796
LOC100289656	NA	78	895	4.06696
LOC100289673	NA	0	1266	0
LOC100294145	NA	578	29520	0.913714
LOC100294362	NA	38	3698	0.47953
LOC100303749	NA	0	769	0
LOC100335030	NA	9	3160	0.132909
LOC100379224	NA	163	3361	2.26317
LOC100419583	NA	456	2054	10.3601
LOC100420587	NA	19	3126	0.283637
LOC100421746	NA	0	510	0
LOC100422212	NA	0	2122	0
LOC100422556	NA	26	455	2.66662
LOC100422737	NA	0	1387	0
LOC100499194	NA	1	2316	0.0201493
LOC100499484	NA	23	3218	0.333534
LOC100499484-C9ORF174	NA	136	6963	0.911468
LOC100499489	NA	129	2505	2.40315
LOC100500773	NA	0	1364	0
LOC100505478	NA	1	731	0.0638383
LOC100505515	NA	0	599	0
LOC100505530	NA	7	1201	0.271991
LOC100505549	NA	70	1982	1.64814
LOC100505622	NA	0	685	0
LOC100505625	NA	8	3364	0.110977
LOC100505635	NA	0	665	0
LOC100505658	NA	0	2477	0
LOC100505666	NA	91	1836	2.31296
LOC100505715	NA	1	2191	0.0212989
LOC100505716	NA	5	2110	0.110582
LOC100505736	NA	1	2256	0.0206852
LOC100505782	NA	0	2160	0
LOC100505795	NA	0	1963	0
LOC100505817	NA	0	1176	0
LOC100505841	NA	0	441	0
LOC100505878	NA	0	759	0
LOC100505887	NA	0	485	0
LOC100505912	NA	5	885	0.263649
LOC100505915	NA	21	2598	0.377206
LOC100505918	NA	0	2441	0
LOC100505920	NA	2	970	0.0962181
LOC100505921	NA	7	1170	0.279197
LOC100505938	NA	16	1073	0.695855
LOC100505942	NA	44	1109	1.85148
LOC100505978	NA	6	863	0.324444
LOC100505984	NA	3	504	0.277773
LOC100506022	NA	7	2438	0.133987
LOC100506023	NA	17	5619	0.141185
LOC100506071	NA	1	1991	0.0234384
LOC100506076	NA	430	832	24.1181
LOC100506082	NA	7	448	0.729153
LOC100506083	NA	94	1471	2.98204
LOC100506085	NA	0	4365	0
LOC100506100	NA	10	576	0.81017
LOC100506122	NA	0	1785	0
LOC100506123	NA	414	705	27.4037
LOC100506124	NA	12	1595	0.351091
LOC100506125	NA	8	554	0.673874
LOC100506127	NA	134	13607	0.459559
LOC100506136	NA	11	1577	0.325507
LOC100506142	NA	13	1518	0.399641
LOC100506159	NA	0	979	0
LOC100506175	NA	1	638	0.0731439
LOC100506178	NA	15	2434	0.287587
LOC100506188	NA	0	1460	0
LOC100506207	NA	17	2868	0.27661
LOC100506258	NA	2	4498	0.0207496
LOC100506271	NA	0	1964	0
LOC100506272	NA	0	482	0
LOC100506274	NA	0	923	0
LOC100506281	NA	4	861	0.216798
LOC100506302	NA	159	1385	5.3573
LOC100506314	NA	2	1743	0.0535465
LOC100506321	NA	49	895	2.55489
LOC100506368	NA	10	1209	0.385987
LOC100506371	NA	0	791	0
LOC100506384	NA	0	678	0
LOC100506388	NA	1	1017	0.0458857
LOC100506393	NA	0	526	0
LOC100506403	NA	0	457	0
LOC100506406	NA	0	393	0
LOC100506422	NA	1	2320	0.0201146
LOC100506444	NA	0	1616	0
LOC100506457	NA	13	2777	0.218457
LOC100506470	NA	0	467	0
LOC100506472	NA	35	3566	0.458021
LOC100506474	NA	2	1944	0.0480101
LOC100506476	NA	17	984	0.806218
LOC100506497	NA	0	3709	0
LOC100506526	NA	0	1181	0
LOC100506548	NA	899	3880	10.8125
LOC100506551	NA	9	4198	0.100046
LOC100506585	NA	0	4300	0
LOC100506603	NA	1855	1843	46.9696
LOC100506606	NA	16	2382	0.313456
LOC100506639	NA	84	1548	2.53225
LOC100506675	NA	0	1133	0
LOC100506679	NA	44	2082	0.986213
LOC100506682	NA	0	957	0
LOC100506688	NA	3	3517	0.0398059
LOC100506700	NA	0	637	0
LOC100506725	NA	0	1173	0
LOC100506730	NA	74	2490	1.38686
LOC100506746	NA	19	1945	0.455861
LOC100506747	NA	2	1873	0.04983
LOC100506790	NA	1	388	0.120273
LOC100506801	NA	8	2574	0.145037
LOC100506804	NA	16	1297	0.575677
LOC100506834	NA	0	4388	0
LOC100506844	NA	174	699	11.6164
LOC100506858	NA	0	444	0
LOC100506860	NA	91	947	4.48425
LOC100506869	NA	0	422	0
LOC100506895	NA	29	2916	0.464097
LOC100506985	NA	67	973	3.21337
LOC100506990	NA	667	4157	7.48763
LOC100507002	NA	118	700	7.86652
LOC100507006	NA	0	780	0
LOC100507053	NA	15	4825	0.145075
LOC100507065	NA	50	2509	0.929968
LOC100507073	NA	0	765	0
LOC100507091	NA	1	2191	0.0212989
LOC100507140	NA	0	2050	0
LOC100507144	NA	0	1107	0
LOC100507156	NA	101	4374	1.07756
LOC100507175	NA	0	1771	0
LOC100507194	NA	8	1442	0.258895
LOC100507195	NA	1	574	0.0812993
LOC100507201	NA	0	843	0
LOC100507205	NA	0	479	0
LOC100507250	NA	3	1729	0.0809702
LOC100507283	NA	13	2908	0.208616
LOC100507291	NA	51	915	2.60104
LOC100507334	NA	5	881	0.264846
LOC100507346	NA	34	1957	0.81075
LOC100507351	NA	339	4229	3.74077
LOC100507373	NA	108	2887	1.74572
LOC100507377	NA	0	738	0
LOC100507384	NA	0	640	0
LOC100507387	NA	0	967	0
LOC100507388	NA	0	2546	0
LOC100507389	NA	1	1827	0.0255423
LOC100507391	NA	1	3647	0.0127957
LOC100507406	NA	0	791	0
LOC100507412	NA	216	2945	3.42269
LOC100507424	NA	345	877	18.3577
LOC100507431	NA	2	1453	0.0642337
LOC100507437	NA	29	1582	0.855441
LOC100507443	NA	0	437	0
LOC100507462	NA	15	2712	0.258107
LOC100507468	NA	2	558	0.167261
LOC100507472	NA	2	2054	0.0454389
LOC100507477	NA	81	1364	2.77121
LOC100507487	NA	109	2068	2.45966
LOC100507506	NA	1	2277	0.0204944
LOC100507534	NA	0	1325	0
LOC100507537	NA	0	795	0
LOC100507547	NA	49	9240	0.24747
LOC100507557	NA	209	4155	2.34733
LOC100507564	NA	50	1181	1.97569
LOC100507577	NA	525	2549	9.61143
LOC100507600	NA	0	1862	0
LOC100507634	NA	118	2048	2.68875
LOC100507639	NA	2	1025	0.0910552
LOC100507642	NA	6	2575	0.108736
LOC100507661	NA	0	742	0
LOC100508046	NA	3	2567	0.0545374
LOC100630923	NA	1345	2911	21.5615
LOC100631378	NA	0	1715	0
LOC100652758	NA	37	1175	1.46948
LOC100652768	NA	290	1244	10.8787
LOC100652931	NA	0	207	0
LOC100652999	NA	53	2297	1.07675
LOC100996249	NA	0	674	0
LOC100996251	NA	6	2456	0.114004
LOC100996255	NA	5	1234	0.189083
LOC100996263	NA	0	436	0
LOC100996286	NA	4	1653	0.112924
LOC100996291	NA	9	2934	0.143147
LOC100996324	NA	7	574	0.569095
LOC100996325	NA	1	1042	0.0447848
LOC100996338	NA	2	746	0.125109
LOC100996342	NA	1	1175	0.0397156
LOC100996349	NA	0	486	0
LOC100996351	NA	4	2319	0.080493
LOC100996385	NA	0	1550	0
LOC100996437	NA	15	844	0.829368
LOC100996447	NA	85	1640	2.41865
LOC100996455	NA	25	2356	0.49518
LOC100996579	NA	0	2377	0
LOC100996583	NA	2	698	0.133713
LOC100996634	NA	2	1969	0.0474005
LOC100996635	NA	0	1664	0
LOC100996654	NA	0	628	0
LOC100996671	NA	0	966	0
LOC100996679	NA	0	696	0
LOC100996693	NA	2	815	0.114517
LOC100996694	NA	0	642	0
LOC101054525	NA	0	1223	0
LOC101059948	NA	1	492	0.0948492
LOC101060019	NA	0	629	0
LOC101060091	NA	18	590	1.4237
LOC101060321	NA	2239	6195	16.866
LOC101060385	NA	0	694	0
LOC101060389	NA	648	2065	14.6438
LOC101060498	NA	2	1311	0.0711911
LOC101060524	NA	12	2210	0.253389
LOC101060542	NA	4	2637	0.0707862
LOC101060553	NA	15	4071	0.171945
LOC101241902	NA	0	1527	0
LOC101243545	NA	11733	2845	192.453
LOC101409256	NA	0	1945	0
LOC101448202	NA	0	865	0
LOC101559451	NA	9	472	0.889814
LOC101593348	NA	6	2351	0.119096
LOC101805491	NA	0	741	0
LOC101926889	NA	0	2180	0
LOC101926892	NA	0	2367	0
LOC101926897	NA	0	2753	0
LOC101926898	NA	0	1344	0
LOC101926905	NA	0	1010	0
LOC101926908	NA	0	1722	0
LOC101926911	NA	4	1620	0.115224
LOC101926913	NA	13	588	1.03173
LOC101926915	NA	1	3808	0.0122547
LOC101926933	NA	0	556	0
LOC101926935	NA	9	6282	0.0668564
LOC101926940	NA	0	599	0
LOC101926941	NA	11	591	0.868568
LOC101926942	NA	0	981	0
LOC101926943	NA	148	841	8.21229
LOC101926944	NA	0	528	0
LOC101926955	NA	0	4604	0
LOC101926960	NA	0	2034	0
LOC101926962	NA	0	1730	0
LOC101926963	NA	5	1310	0.178114
LOC101926964	NA	1	2344	0.0199086
LOC101926966	NA	0	1871	0
LOC101926975	NA	6	2232	0.125446
LOC101927018	NA	3	682	0.205275
LOC101927020	NA	0	502	0
LOC101927021	NA	146	3023	2.25379
LOC101927023	NA	13	711	0.853242
LOC101927027	NA	140	3033	2.15404
LOC101927040	NA	0	2118	0
LOC101927043	NA	4	2749	0.0679022
LOC101927045	NA	51	2116	1.12474
LOC101927048	NA	0	1738	0
LOC101927051	NA	139	1945	3.33499
LOC101927053	NA	0	2260	0
LOC101927055	NA	0	1956	0
LOC101927056	NA	43	796	2.52089
LOC101927058	NA	0	1212	0
LOC101927062	NA	0	510	0
LOC101927066	NA	0	2218	0
LOC101927069	NA	0	2222	0
LOC101927070	NA	0	2117	0
LOC101927078	NA	1	2033	0.0229542
LOC101927079	NA	0	1436	0
LOC101927081	NA	7	822	0.397397
LOC101927082	NA	0	275	0
LOC101927087	NA	0	1771	0
LOC101927100	NA	0	830	0
LOC101927120	NA	0	2901	0
LOC101927123	NA	0	927	0
LOC101927124	NA	2	1213	0.0769428
LOC101927131	NA	0	2279	0
LOC101927132	NA	0	2624	0
LOC101927136	NA	0	3531	0
LOC101927139	NA	0	456	0
LOC101927142	NA	0	771	0
LOC101927143	NA	1	789	0.0591455
LOC101927151	NA	263	2011	6.10299
LOC101927153	NA	0	778	0
LOC101927156	NA	0	1765	0
LOC101927157	NA	16	1666	0.448171
LOC101927159	NA	0	1995	0
LOC101927164	NA	222	1323	7.83054
LOC101927166	NA	0	2265	0
LOC101927178	NA	185	912	9.4662
LOC101927179	NA	47	626	3.50366
LOC101927181	NA	51	2067	1.15141
LOC101927188	NA	1	2294	0.0203425
LOC101927189	NA	0	3168	0
LOC101927190	NA	0	3258	0
LOC101927196	NA	1	1468	0.0317887
LOC101927204	NA	39	2246	0.810314
LOC101927207	NA	0	1754	0
LOC101927211	NA	2	690	0.135263
LOC101927229	NA	0	3067	0
LOC101927230	NA	6	455	0.615373
LOC101927237	NA	6	1957	0.143073
LOC101927239	NA	0	1077	0
LOC101927243	NA	0	680	0
LOC101927244	NA	0	2086	0
LOC101927248	NA	0	2381	0
LOC101927257	NA	4	1932	0.0966166
LOC101927267	NA	104	4166	1.16496
LOC101927269	NA	0	507	0
LOC101927272	NA	0	1109	0
LOC101927274	NA	0	1720	0
LOC101927282	NA	0	1963	0
LOC101927284	NA	0	2894	0
LOC101927285	NA	0	2036	0
LOC101927286	NA	0	1726	0
LOC101927292	NA	0	3157	0
LOC101927296	NA	0	902	0
LOC101927305	NA	0	937	0
LOC101927310	NA	0	1397	0
LOC101927311	NA	0	766	0
LOC101927314	NA	1	2102	0.0222007
LOC101927318	NA	0	994	0
LOC101927322	NA	10	1205	0.387268
LOC101927334	NA	0	437	0
LOC101927342	NA	0	369	0
LOC101927348	NA	0	885	0
LOC101927354	NA	1	761	0.0613217
LOC101927356	NA	0	2651	0
LOC101927358	NA	0	648	0
LOC101927359	NA	1	2822	0.0165364
LOC101927365	NA	24	1010	1.10889
LOC101927374	NA	1	2254	0.0207035
LOC101927378	NA	0	4272	0
LOC101927379	NA	0	1652	0
LOC101927391	NA	26	2411	0.50324
LOC101927394	NA	0	2683	0
LOC101927406	NA	0	1083	0
LOC101927410	NA	0	3566	0
LOC101927411	NA	0	2904	0
LOC101927412	NA	0	706	0
LOC101927415	NA	6	2316	0.120896
LOC101927416	NA	0	1293	0
LOC101927418	NA	0	414	0
LOC101927419	NA	2	2222	0.0420034
LOC101927421	NA	3	608	0.230259
LOC101927431	NA	0	2852	0
LOC101927434	NA	0	643	0
LOC101927437	NA	2	543	0.171881
LOC101927438	NA	6	1982	0.141269
LOC101927446	NA	1	2666	0.0175041
LOC101927450	NA	0	2423	0
LOC101927460	NA	4	1336	0.139718
LOC101927464	NA	0	640	0
LOC101927468	NA	2	1409	0.0662396
LOC101927472	NA	0	700	0
LOC101927476	NA	12	3001	0.186601
LOC101927478	NA	1	477	0.0978319
LOC101927481	NA	12	815	0.687104
LOC101927482	NA	0	1503	0
LOC101927488	NA	0	660	0
LOC101927495	NA	0	2345	0
LOC101927497	NA	0	855	0
LOC101927501	NA	45	2228	0.942532
LOC101927502	NA	1	1448	0.0322278
LOC101927523	NA	0	1013	0
LOC101927526	NA	0	630	0
LOC101927539	NA	0	1403	0
LOC101927543	NA	0	1973	0
LOC101927549	NA	0	509	0
LOC101927550	NA	141	3400	1.93526
LOC101927557	NA	0	563	0
LOC101927560	NA	0	1991	0
LOC101927571	NA	2	347	0.268967
LOC101927572	NA	8	677	0.551442
LOC101927575	NA	0	2009	0
LOC101927577	NA	0	860	0
LOC101927580	NA	0	6584	0
LOC101927583	NA	10	2444	0.19094
LOC101927587	NA	0	3165	0
LOC101927588	NA	0	1175	0
LOC101927592	NA	0	1336	0
LOC101927604	NA	16	794	0.940369
LOC101927606	NA	0	1703	0
LOC101927616	NA	0	852	0
LOC101927619	NA	0	2811	0
LOC101927620	NA	2	1076	0.0867394
LOC101927623	NA	0	2442	0
LOC101927630	NA	0	442	0
LOC101927636	NA	0	1301	0
LOC101927637	NA	0	723	0
LOC101927640	NA	0	536	0
LOC101927641	NA	0	2346	0
LOC101927650	NA	0	750	0
LOC101927651	NA	0	937	0
LOC101927653	NA	0	1976	0
LOC101927657	NA	0	1420	0
LOC101927661	NA	0	531	0
LOC101927666	NA	0	6113	0
LOC101927668	NA	0	822	0
LOC101927683	NA	0	2042	0
LOC101927686	NA	0	328	0
LOC101927691	NA	0	2409	0
LOC101927692	NA	0	2378	0
LOC101927694	NA	0	1656	0
LOC101927697	NA	0	3727	0
LOC101927701	NA	0	725	0
LOC101927708	NA	0	578	0
LOC101927709	NA	0	1167	0
LOC101927730	NA	9	650	0.646142
LOC101927735	NA	0	1566	0
LOC101927740	NA	1	2863	0.0162996
LOC101927746	NA	153	735	9.71411
LOC101927755	NA	87	1870	2.17108
LOC101927762	NA	1	407	0.114658
LOC101927765	NA	31	768	1.88365
LOC101927766	NA	2	5604	0.0166545
LOC101927768	NA	2	2007	0.046503
LOC101927769	NA	0	1124	0
LOC101927770	NA	15	1947	0.359521
LOC101927780	NA	5	5189	0.0449661
LOC101927787	NA	0	1373	0
LOC101927795	NA	122	877	6.49171
LOC101927797	NA	0	662	0
LOC101927798	NA	0	1041	0
LOC101927811	NA	0	909	0
LOC101927814	NA	1	1333	0.0350081
LOC101927815	NA	40	2508	0.744271
LOC101927817	NA	0	1968	0
LOC101927822	NA	0	582	0
LOC101927827	NA	0	3223	0
LOC101927829	NA	0	2041	0
LOC101927830	NA	14	1702	0.383855
LOC101927835	NA	0	520	0
LOC101927839	NA	0	712	0
LOC101927843	NA	0	897	0
LOC101927844	NA	0	1152	0
LOC101927845	NA	0	2096	0
LOC101927847	NA	0	531	0
LOC101927849	NA	0	2519	0
LOC101927851	NA	2	888	0.105103
LOC101927854	NA	0	643	0
LOC101927865	NA	1	601	0.0776469
LOC101927869	NA	0	2007	0
LOC101927870	NA	0	2725	0
LOC101927876	NA	0	2470	0
LOC101927881	NA	0	1091	0
LOC101927884	NA	4	1185	0.157522
LOC101927901	NA	6	3135	0.0893125
LOC101927905	NA	23	1009	1.06374
LOC101927907	NA	0	997	0
LOC101927911	NA	2	2547	0.0366437
LOC101927914	NA	0	4049	0
LOC101927915	NA	0	990	0
LOC101927919	NA	9	1647	0.255004
LOC101927924	NA	0	2398	0
LOC101927926	NA	0	634	0
LOC101927932	NA	2	683	0.136649
LOC101927934	NA	3	1108	0.126351
LOC101927948	NA	0	1103	0
LOC101927950	NA	0	804	0
LOC101927954	NA	7	3645	0.0896188
LOC101927964	NA	0	2287	0
LOC101927967	NA	0	676	0
LOC101927969	NA	2	1949	0.0478869
LOC101927972	NA	0	548	0
LOC101927973	NA	4	4486	0.0416102
LOC101927987	NA	0	669	0
LOC101928002	NA	1	2538	0.0183868
LOC101928008	NA	1	585	0.0797706
LOC101928009	NA	0	2254	0
LOC101928012	NA	0	1172	0
LOC101928020	NA	20	1542	0.605263
LOC101928030	NA	0	322	0
LOC101928034	NA	46	1390	1.54434
LOC101928035	NA	0	966	0
LOC101928043	NA	3	698	0.200569
LOC101928048	NA	0	381	0
LOC101928052	NA	0	1088	0
LOC101928053	NA	9	2335	0.179868
LOC101928063	NA	18	2216	0.379054
LOC101928068	NA	19	4834	0.18342
LOC101928069	NA	31	846	1.70998
LOC101928075	NA	0	2941	0
LOC101928093	NA	14	767	0.851788
LOC101928100	NA	0	2830	0
LOC101928103	NA	4	2240	0.0833318
LOC101928105	NA	3	703	0.199143
LOC101928107	NA	0	1353	0
LOC101928118	NA	0	2473	0
LOC101928128	NA	0	726	0
LOC101928131	NA	0	1555	0
LOC101928134	NA	0	560	0
LOC101928135	NA	0	1038	0
LOC101928137	NA	0	1256	0
LOC101928140	NA	0	1815	0
LOC101928150	NA	1	3470	0.0134484
LOC101928161	NA	0	531	0
LOC101928162	NA	0	759	0
LOC101928163	NA	1	1212	0.0385031
LOC101928167	NA	0	1037	0
LOC101928168	NA	0	512	0
LOC101928174	NA	9	2727	0.154013
LOC101928191	NA	0	1031	0
LOC101928201	NA	0	1184	0
LOC101928203	NA	0	2198	0
LOC101928205	NA	0	2063	0
LOC101928211	NA	0	564	0
LOC101928222	NA	11	1150	0.446369
LOC101928223	NA	2	1259	0.0741315
LOC101928226	NA	0	398	0
LOC101928227	NA	1	405	0.115224
LOC101928231	NA	0	1188	0
LOC101928233	NA	0	1688	0
LOC101928241	NA	0	1994	0
LOC101928253	NA	0	385	0
LOC101928254	NA	0	1918	0
LOC101928259	NA	1	599	0.0779062
LOC101928266	NA	0	5672	0
LOC101928269	NA	0	811	0
LOC101928270	NA	1	414	0.112719
LOC101928272	NA	0	2270	0
LOC101928273	NA	0	1301	0
LOC101928279	NA	7	2386	0.136907
LOC101928280	NA	0	676	0
LOC101928283	NA	0	1436	0
LOC101928295	NA	2	3263	0.028603
LOC101928298	NA	0	575	0
LOC101928303	NA	0	1078	0
LOC101928304	NA	0	676	0
LOC101928306	NA	0	669	0
LOC101928307	NA	0	534	0
LOC101928314	NA	0	2602	0
LOC101928322	NA	0	505	0
LOC101928323	NA	3	502	0.278879
LOC101928324	NA	4	783	0.238395
LOC101928327	NA	0	393	0
LOC101928333	NA	0	1912	0
LOC101928335	NA	0	2090	0
LOC101928336	NA	2	2909	0.0320837
LOC101928358	NA	0	1142	0
LOC101928370	NA	0	1213	0
LOC101928371	NA	111	1747	2.96503
LOC101928372	NA	1	2136	0.0218473
LOC101928381	NA	7	2526	0.129319
LOC101928386	NA	0	1051	0
LOC101928398	NA	0	1053	0
LOC101928401	NA	0	2741	0
LOC101928402	NA	17	326	2.43349
LOC101928404	NA	2	2633	0.0354469
LOC101928414	NA	10	672	0.694432
LOC101928416	NA	0	476	0
LOC101928417	NA	0	1493	0
LOC101928418	NA	0	1143	0
LOC101928435	NA	0	1598	0
LOC101928436	NA	2	527	0.1771
LOC101928437	NA	0	3673	0
LOC101928438	NA	9	1544	0.272016
LOC101928441	NA	0	1641	0
LOC101928443	NA	0	1995	0
LOC101928445	NA	7	1966	0.166155
LOC101928446	NA	2	4037	0.023119
LOC101928449	NA	0	1372	0
LOC101928453	NA	13	1064	0.570165
LOC101928460	NA	0	2148	0
LOC101928461	NA	1	762	0.0612412
LOC101928471	NA	0	710	0
LOC101928476	NA	0	1918	0
LOC101928489	NA	0	1973	0
LOC101928491	NA	0	1040	0
LOC101928495	NA	0	639	0
LOC101928505	NA	3	1662	0.0842343
LOC101928509	NA	0	1328	0
LOC101928514	NA	4	3085	0.0605067
LOC101928516	NA	0	669	0
LOC101928517	NA	0	1763	0
LOC101928519	NA	2	2132	0.0437765
LOC101928523	NA	0	449	0
LOC101928525	NA	440	1117	18.3822
LOC101928530	NA	2	543	0.171881
LOC101928535	NA	0	3264	0
LOC101928539	NA	3	4065	0.0344397
LOC101928540	NA	0	846	0
LOC101928551	NA	0	1725	0
LOC101928565	NA	0	619	0
LOC101928567	NA	0	950	0
LOC101928569	NA	0	1175	0
LOC101928580	NA	2	2157	0.0432692
LOC101928590	NA	0	1213	0
LOC101928597	NA	3	2300	0.0608684
LOC101928600	NA	0	1184	0
LOC101928605	NA	0	990	0
LOC101928618	NA	0	1732	0
LOC101928622	NA	0	2404	0
LOC101928626	NA	0	798	0
LOC101928650	NA	5	634	0.368027
LOC101928651	NA	0	1668	0
LOC101928661	NA	0	2190	0
LOC101928663	NA	2	1179	0.0791617
LOC101928673	NA	20	1819	0.513093
LOC101928674	NA	32	1330	1.12279
LOC101928682	NA	0	704	0
LOC101928694	NA	0	2220	0
LOC101928696	NA	0	670	0
LOC101928697	NA	0	574	0
LOC101928700	NA	0	2141	0
LOC101928708	NA	0	1453	0
LOC101928710	NA	0	2411	0
LOC101928718	NA	21	2767	0.354168
LOC101928730	NA	0	1937	0
LOC101928731	NA	0	1949	0
LOC101928737	NA	0	545	0
LOC101928738	NA	1	1534	0.030421
LOC101928739	NA	0	346	0
LOC101928748	NA	0	1524	0
LOC101928751	NA	0	1805	0
LOC101928766	NA	6	5271	0.0531199
LOC101928767	NA	0	738	0
LOC101928769	NA	0	660	0
LOC101928775	NA	0	389	0
LOC101928778	NA	0	1666	0
LOC101928782	NA	0	1229	0
LOC101928786	NA	0	3031	0
LOC101928790	NA	0	764	0
LOC101928791	NA	0	426	0
LOC101928794	NA	0	743	0
LOC101928796	NA	3	1067	0.131207
LOC101928797	NA	0	1298	0
LOC101928804	NA	0	781	0
LOC101928809	NA	1	1684	0.0277113
LOC101928812	NA	0	1011	0
LOC101928823	NA	0	1309	0
LOC101928834	NA	0	1397	0
LOC101928837	NA	10	348	1.34097
LOC101928841	NA	40	9405	0.198472
LOC101928844	NA	1	1188	0.039281
LOC101928847	NA	0	1933	0
LOC101928851	NA	0	1038	0
LOC101928855	NA	0	3204	0
LOC101928858	NA	0	1557	0
LOC101928861	NA	0	1396	0
LOC101928865	NA	4	1641	0.11375
LOC101928880	NA	1	498	0.0937064
LOC101928882	NA	0	2873	0
LOC101928885	NA	0	2427	0
LOC101928886	NA	1	1660	0.0281119
LOC101928891	NA	33	685	2.24813
LOC101928894	NA	0	933	0
LOC101928896	NA	1	717	0.0650848
LOC101928909	NA	7	1242	0.263012
LOC101928911	NA	0	593	0
LOC101928936	NA	0	3974	0
LOC101928937	NA	0	1038	0
LOC101928940	NA	0	3831	0
LOC101928942	NA	0	782	0
LOC101928943	NA	1	536	0.0870631
LOC101928944	NA	0	1547	0
LOC101928961	NA	0	3780	0
LOC101928973	NA	3	540	0.259254
LOC101928977	NA	0	578	0
LOC101928978	NA	0	2838	0
LOC101928979	NA	3	1035	0.135263
LOC101928988	NA	6	1072	0.261189
LOC101928989	NA	0	1400	0
LOC101928992	NA	0	2591	0
LOC101928994	NA	6	1933	0.14485
LOC101928995	NA	0	1396	0
LOC101929019	NA	0	640	0
LOC101929023	NA	5	863	0.27037
LOC101929034	NA	0	493	0
LOC101929057	NA	48	5149	0.435028
LOC101929058	NA	0	926	0
LOC101929064	NA	0	957	0
LOC101929066	NA	6	2518	0.111197
LOC101929073	NA	0	551	0
LOC101929076	NA	1	1988	0.0234737
LOC101929080	NA	0	1701	0
LOC101929084	NA	0	3059	0
LOC101929089	NA	17	1046	0.758431
LOC101929095	NA	0	630	0
LOC101929099	NA	10	1814	0.257254
LOC101929106	NA	1	2674	0.0174517
LOC101929116	NA	0	2096	0
LOC101929122	NA	0	821	0
LOC101929123	NA	0	1702	0
LOC101929124	NA	0	3355	0
LOC101929125	NA	2	706	0.132198
LOC101929128	NA	118	713	7.72309
LOC101929140	NA	13	1921	0.315802
LOC101929144	NA	0	1838	0
LOC101929147	NA	161	5118	1.46799
LOC101929148	NA	0	2939	0
LOC101929153	NA	0	801	0
LOC101929154	NA	0	470	0
LOC101929162	NA	43	1714	1.17073
LOC101929164	NA	0	1024	0
LOC101929172	NA	0	1633	0
LOC101929181	NA	6	1284	0.218064
LOC101929194	NA	0	1225	0
LOC101929199	NA	0	2802	0
LOC101929207	NA	0	358	0
LOC101929210	NA	0	1014	0
LOC101929217	NA	0	351	0
LOC101929224	NA	1	736	0.0634046
LOC101929229	NA	0	445	0
LOC101929231	NA	78	861	4.22756
LOC101929234	NA	1	1372	0.034013
LOC101929237	NA	0	3891	0
LOC101929239	NA	0	1805	0
LOC101929241	NA	0	1572	0
LOC101929259	NA	0	1762	0
LOC101929260	NA	9	2528	0.166136
LOC101929268	NA	0	2372	0
LOC101929279	NA	0	2042	0
LOC101929282	NA	0	936	0
LOC101929284	NA	0	780	0
LOC101929294	NA	0	887	0
LOC101929295	NA	0	1926	0
LOC101929297	NA	0	1545	0
LOC101929312	NA	0	1651	0
LOC101929315	NA	0	942	0
LOC101929319	NA	0	1878	0
LOC101929331	NA	5	616	0.378781
LOC101929337	NA	0	1195	0
LOC101929340	NA	10	1517	0.307619
LOC101929353	NA	0	526	0
LOC101929371	NA	0	791	0
LOC101929372	NA	6	1838	0.152337
LOC101929374	NA	12	917	0.610676
LOC101929378	NA	0	1807	0
LOC101929380	NA	0	1471	0
LOC101929384	NA	0	761	0
LOC101929395	NA	0	499	0
LOC101929406	NA	0	1519	0
LOC101929412	NA	7	2130	0.153362
LOC101929413	NA	0	2006	0
LOC101929415	NA	0	2643	0
LOC101929420	NA	0	2243	0
LOC101929427	NA	0	560	0
LOC101929431	NA	0	4850	0
LOC101929439	NA	3	2354	0.0594721
LOC101929441	NA	9	1126	0.372995
LOC101929448	NA	0	417	0
LOC101929450	NA	0	5540	0
LOC101929452	NA	0	530	0
LOC101929454	NA	0	1070	0
LOC101929464	NA	0	490	0
LOC101929468	NA	0	2968	0
LOC101929470	NA	1	1867	0.0249951
LOC101929473	NA	0	2323	0
LOC101929486	NA	1	3031	0.0153962
LOC101929488	NA	0	1831	0
LOC101929497	NA	0	495	0
LOC101929504	NA	0	544	0
LOC101929505	NA	2	2135	0.043715
LOC101929512	NA	0	574	0
LOC101929516	NA	345	641	25.1165
LOC101929517	NA	0	1381	0
LOC101929524	NA	0	1674	0
LOC101929526	NA	0	1694	0
LOC101929528	NA	0	1690	0
LOC101929529	NA	0	350	0
LOC101929532	NA	0	3603	0
LOC101929541	NA	2	912	0.102337
LOC101929549	NA	1	1249	0.0373625
LOC101929550	NA	0	5391	0
LOC101929551	NA	0	737	0
LOC101929555	NA	2	2243	0.0416102
LOC101929563	NA	0	4817	0
LOC101929565	NA	1	333	0.140138
LOC101929567	NA	0	8839	0
LOC101929570	NA	0	2999	0
LOC101929572	NA	3	2082	0.0672418
LOC101929574	NA	0	598	0
LOC101929577	NA	4	3526	0.0529391
LOC101929579	NA	0	470	0
LOC101929584	NA	0	1007	0
LOC101929586	NA	0	2519	0
LOC101929592	NA	1	456	0.102337
LOC101929595	NA	1	2810	0.016607
LOC101929596	NA	0	1132	0
LOC101929607	NA	0	1487	0
LOC101929608	NA	0	1253	0
LOC101929613	NA	2	440	0.212117
LOC101929622	NA	15	965	0.725375
LOC101929625	NA	0	567	0
LOC101929626	NA	2	358	0.260703
LOC101929631	NA	0	1728	0
LOC101929633	NA	0	629	0
LOC101929645	NA	0	4805	0
LOC101929646	NA	0	660	0
LOC101929653	NA	2	4335	0.0215298
LOC101929657	NA	14	3429	0.190528
LOC101929660	NA	0	2057	0
LOC101929662	NA	0	2667	0
LOC101929679	NA	3	993	0.140984
LOC101929680	NA	0	2304	0
LOC101929681	NA	0	672	0
LOC101929694	NA	0	2020	0
LOC101929696	NA	2	701	0.133141
LOC101929698	NA	4	1771	0.1054
LOC101929705	NA	89	2296	1.80891
LOC101929709	NA	53	1601	1.54484
LOC101929710	NA	0	473	0
LOC101929715	NA	7	882	0.370363
LOC101929717	NA	0	2414	0
LOC101929718	NA	605	1398	20.1951
LOC101929719	NA	1	583	0.0800443
LOC101929721	NA	0	575	0
LOC101929723	NA	46	898	2.39045
LOC101929733	NA	0	463	0
LOC101929741	NA	1	1549	0.0301264
LOC101929753	NA	1	1311	0.0355956
LOC101929754	NA	0	622	0
LOC101929762	NA	0	1913	0
LOC101929767	NA	57	695	3.82727
LOC101929771	NA	0	423	0
LOC101929829	NA	95	1658	2.67385
LOC101929897	NA	4	647	0.288506
LOC101929983	NA	28	1436	0.909918
LOC101930010	NA	15	827	0.846417
LOC101930071	NA	16	292	2.55703
LOC101930452	NA	8	4388	0.0850789
LOC102031319	NA	2	298	0.313193
LOC102467079	NA	0	1009	0
LOC102467080	NA	0	979	0
LOC102467081	NA	0	550	0
LOC102467147	NA	0	656	0
LOC102467212	NA	0	432	0
LOC102467213	NA	0	572	0
LOC102467214	NA	0	832	0
LOC102467216	NA	0	476	0
LOC102467217	NA	0	699	0
LOC102467222	NA	0	966	0
LOC102467223	NA	0	396	0
LOC102467224	NA	0	879	0
LOC102467225	NA	0	543	0
LOC102467226	NA	0	504	0
LOC102467655	NA	0	454	0
LOC102477328	NA	0	639	0
LOC102503427	NA	0	665	0
LOC102546226	NA	0	1626	0
LOC102546228	NA	0	566	0
LOC102546229	NA	2	705	0.132385
LOC102546294	NA	1	2100	0.0222218
LOC102546298	NA	3	407	0.343974
LOC102546299	NA	1	582	0.0801818
LOC102577426	NA	0	467	0
LOC102606465	NA	82	1326	2.88582
LOC102606466	NA	0	829	0
LOC102723344	NA	0	1204	0
LOC102723354	NA	51	903	2.63561
LOC102723362	NA	0	439	0
LOC102723373	NA	0	584	0
LOC102723376	NA	0	826	0
LOC102723377	NA	0	425	0
LOC102723385	NA	4	782	0.2387
LOC102723427	NA	0	510	0
LOC102723439	NA	83	517	7.4918
LOC102723448	NA	0	590	0
LOC102723505	NA	0	363	0
LOC102723517	NA	0	582	0
LOC102723544	NA	0	503	0
LOC102723582	NA	2	621	0.150292
LOC102723604	NA	0	529	0
LOC102723617	NA	0	374	0
LOC102723649	NA	0	520	0
LOC102723661	NA	0	813	0
LOC102723701	NA	2	2086	0.0447419
LOC102723703	NA	5	921	0.253343
LOC102723704	NA	128	1506	3.96628
LOC102723709	NA	0	440	0
LOC102723729	NA	25	409	2.85243
LOC102723766	NA	0	822	0
LOC102723769	NA	100	1380	3.38158
LOC102723778	NA	0	506	0
LOC102723809	NA	0	561	0
LOC102723824	NA	6	1460	0.191777
LOC102723828	NA	0	752	0
LOC102723831	NA	0	885	0
LOC102723833	NA	0	461	0
LOC102723854	NA	47	2156	1.0173
LOC102723859	NA	648	2063	14.658
LOC102723883	NA	0	492	0
LOC102723885	NA	89	574	7.23564
LOC102723895	NA	0	624	0
LOC102723927	NA	32	2170	0.688159
LOC102723968	NA	7	1532	0.213225
LOC102724000	NA	0	773	0
LOC102724009	NA	98	582	7.85781
LOC102724020	NA	0	670	0
LOC102724034	NA	6	1150	0.243474
LOC102724050	NA	5	1206	0.193473
LOC102724053	NA	0	770	0
LOC102724058	NA	0	740	0
LOC102724084	NA	0	565	0
LOC102724094	NA	20	407	2.29316
LOC102724096	NA	0	804	0
LOC102724153	NA	15	2143	0.326639
LOC102724163	NA	0	543	0
LOC102724188	NA	0	503	0
LOC102724190	NA	2	1817	0.0513658
LOC102724201	NA	0	604	0
LOC102724238	NA	200	1428	6.53583
LOC102724279	NA	317	449	32.9467
LOC102724297	NA	175	951	8.58729
LOC102724301	NA	0	523	0
LOC102724312	NA	24	1194	0.938006
LOC102724321	NA	0	429	0
LOC102724323	NA	0	464	0
LOC102724421	NA	0	508	0
LOC102724434	NA	0	2026	0
LOC102724450	NA	0	378	0
LOC102724467	NA	1	767	0.060842
LOC102724484	NA	0	1298	0
LOC102724511	NA	0	530	0
LOC102724539	NA	4	495	0.377097
LOC102724552	NA	1	694	0.0672418
LOC102724555	NA	0	555	0
LOC102724589	NA	0	344	0
LOC102724596	NA	1	1168	0.0399536
LOC102724601	NA	1	448	0.104165
LOC102724604	NA	0	760	0
LOC102724612	NA	0	3222	0
LOC102724623	NA	0	579	0
LOC102724651	NA	0	568	0
LOC102724659	NA	4	1868	0.0999268
LOC102724661	NA	0	677	0
LOC102724663	NA	0	969	0
LOC102724691	NA	5	642	0.363441
LOC102724699	NA	3	1832	0.0764178
LOC102724710	NA	0	587	0
LOC102724719	NA	3	420	0.333327
LOC102724776	NA	45	449	4.67697
LOC102724784	NA	0	974	0
LOC102724804	NA	0	985	0
LOC102724814	NA	553	3245	7.9526
LOC102724849	NA	0	822	0
LOC102724862	NA	648	2065	14.6438
LOC102724874	NA	0	196	0
LOC102724890	NA	0	750	0
LOC102724913	NA	0	574	0
LOC102724919	NA	0	542	0
LOC102724927	NA	2	1378	0.0677298
LOC102724933	NA	1	1269	0.0367737
LOC102724957	NA	0	471	0
LOC102724958	NA	0	1079	0
LOC102725079	NA	0	1123	0
LOC102800447	NA	0	686	0
LOC103021295	NA	388	464	39.0223
LOC103091866	NA	187	1510	5.77914
LOC103171574	NA	10	1311	0.355956
LOC103191607	NA	0	839	0
LOC103312105	NA	0	526	0
LOC103344931	NA	171	4237	1.88337
LOC103352541	NA	1	576	0.081017
LOC103611081	NA	142	3999	1.65705
LOC103908605	NA	78	1044	3.48653
LOC104054148	NA	0	2464	0
LOC104613533	NA	0	479	0
LOC104968399	NA	1939	1370	66.0474
LOC105274304	NA	37	1731	0.997478
LOC105370306	NA	0	561	0
LOC105372441	NA	0	463	0
LOC105372795	NA	2	1026	0.0909665
LOC105373300	NA	2	921	0.101337
LOC105373383	NA	6	554	0.505406
LOC105375734	NA	0	569	0
LOC105376360	NA	0	2238	0
LOC105376671	NA	2	1574	0.0592958
LOC105377348	NA	22	1175	0.873743
LOC105378732	NA	0	567	0
LOC105447645	NA	18	1399	0.600418
LOC105447648	NA	0	518	0
LOC105616981	NA	2	922	0.101227
LOC105667213	NA	0	948	0
LOC105747689	NA	20	1893	0.493035
LOC105748977	NA	0	802	0
LOC105755953	NA	0	366	0
LOC113230	NA	124	1365	4.23924
LOC115110	NA	16	4619	0.161648
LOC143666	NA	38	2078	0.853369
LOC145474	NA	4	1843	0.101282
LOC145783	NA	31	3017	0.479496
LOC145845	NA	0	2987	0
LOC146513	NA	0	2061	0
LOC146880	NA	2440	4968	22.9196
LOC148413	NA	871	1748	23.2528
LOC148696	NA	0	4218	0
LOC148709	NA	30	2321	0.603177
LOC149373	NA	0	1347	0
LOC149684	NA	0	413	0
LOC149950	NA	0	845	0
LOC150776	NA	1505	3788	18.5407
LOC150935	NA	0	1017	0
LOC151121	NA	0	2256	0
LOC151174	NA	0	1959	0
LOC151475	NA	1	2609	0.0178865
LOC151484	NA	4	1893	0.0986071
LOC152225	NA	0	2051	0
LOC152578	NA	1	727	0.0641895
LOC153684	NA	18	2260	0.371675
LOC153910	NA	3	2530	0.0553349
LOC154449	NA	3	1330	0.105261
LOC154761	NA	10	2527	0.184669
LOC155060	NA	256	3154	3.78771
LOC157273	NA	0	3442	0
LOC158434	NA	0	2662	0
LOC158435	NA	0	2422	0
LOC171391	NA	107	979	5.10035
LOC1720	NA	0	967	0
LOC200726	NA	3	1376	0.101742
LOC200772	NA	0	2272	0
LOC202181	NA	94	2857	1.53538
LOC220729	NA	245	1527	7.48731
LOC221122	NA	1	1238	0.0376945
LOC221946	NA	2	1826	0.0511126
LOC253573	NA	4	2295	0.0813347
LOC254028	NA	0	2031	0
LOC254896	NA	80	1241	3.00827
LOC255187	NA	0	792	0
LOC255654	NA	2	964	0.096817
LOC256880	NA	0	498	0
LOC257396	NA	27	2370	0.531636
LOC283038	NA	36	3149	0.533493
LOC283045	NA	0	2621	0
LOC283140	NA	6	2749	0.101853
LOC283177	NA	0	2737	0
LOC283194	NA	0	2603	0
LOC283214	NA	0	1504	0
LOC283299	NA	15	2503	0.279659
LOC283332	NA	0	2340	0
LOC283335	NA	76	2863	1.23877
LOC283352	NA	0	545	0
LOC283440	NA	0	571	0
LOC283575	NA	3	2939	0.0476344
LOC283585	NA	0	1763	0
LOC283683	NA	4	1445	0.129179
LOC283710	NA	3	1032	0.135656
LOC283731	NA	0	2566	0
LOC283788	NA	474	3662	6.0403
LOC283856	NA	0	2678	0
LOC283922	NA	97	2317	1.95364
LOC284009	NA	5	576	0.405085
LOC284023	NA	55	2525	1.01648
LOC284080	NA	6	2533	0.110539
LOC284294	NA	0	1713	0
LOC284344	NA	1011	1721	27.4138
LOC284379	NA	0	1225	0
LOC284395	NA	0	2582	0
LOC284412	NA	13	2344	0.258812
LOC284454	NA	357	1774	9.39103
LOC284578	NA	0	2363	0
LOC284581	NA	20	2594	0.359798
LOC284632	NA	1	1846	0.0252794
LOC284648	NA	1	1490	0.0313193
LOC284661	NA	0	2074	0
LOC284788	NA	0	1684	0
LOC284798	NA	0	3356	0
LOC284825	NA	4	2420	0.0771336
LOC284865	NA	323	2227	6.76832
LOC284930	NA	0	1815	0
LOC284933	NA	3	1408	0.09943
LOC284950	NA	1	3108	0.0150147
LOC285000	NA	0	1416	0
LOC285043	NA	0	692	0
LOC285074	NA	753	2201	15.9652
LOC285484	NA	0	1485	0
LOC285593	NA	2	3022	0.030884
LOC285626	NA	5	1580	0.147677
LOC285627	NA	1	2012	0.0231937
LOC285629	NA	1	2322	0.0200972
LOC285692	NA	0	1845	0
LOC285696	NA	0	3316	0
LOC285740	NA	3	2825	0.0495566
LOC285762	NA	0	3469	0
LOC285766	NA	0	2050	0
LOC285768	NA	0	2340	0
LOC285804	NA	0	1953	0
LOC285819	NA	11	2904	0.176764
LOC285847	NA	7	1732	0.188603
LOC285889	NA	0	2698	0
LOC286059	NA	9	2636	0.159329
LOC286083	NA	0	3006	0
LOC286114	NA	0	1644	0
LOC286177	NA	0	2969	0
LOC286238	NA	0	682	0
LOC286297	NA	135	5184	1.21526
LOC286359	NA	0	2017	0
LOC286370	NA	0	2720	0
LOC286437	NA	3	2318	0.0603958
LOC338694	NA	1	988	0.0472326
LOC338797	NA	0	1794	0
LOC338963	NA	3	1362	0.102788
LOC339059	NA	2	2137	0.0436741
LOC339166	NA	0	1821	0
LOC339260	NA	1	1688	0.0276456
LOC339298	NA	0	2794	0
LOC339529	NA	0	1799	0
LOC339539	NA	11	2365	0.21705
LOC339568	NA	0	1514	0
LOC339593	NA	0	2274	0
LOC339622	NA	0	2716	0
LOC339666	NA	2	1557	0.0599432
LOC339803	NA	0	2557	0
LOC339807	NA	0	1771	0
LOC339862	NA	0	2331	0
LOC339874	NA	4	1978	0.0943697
LOC339975	NA	0	2432	0
LOC340017	NA	0	1392	0
LOC340074	NA	1	2042	0.022853
LOC340107	NA	0	2290	0
LOC340113	NA	0	2008	0
LOC340357	NA	0	772	0
LOC340512	NA	0	2277	0
LOC341056	NA	186	2046	4.24235
LOC343052	NA	0	660	0
LOC344887	NA	0	2166	0
LOC344967	NA	337	1613	9.74977
LOC349160	NA	0	1538	0
LOC374443	NA	40	3401	0.548848
LOC375196	NA	3	1057	0.132448
LOC387810	NA	0	2065	0
LOC388242	NA	22	2956	0.34731
LOC388282	NA	0	1289	0
LOC388406	NA	0	644	0
LOC388436	NA	2	3472	0.0268812
LOC388692	NA	157	2307	3.17578
LOC388780	NA	9	835	0.502985
LOC388813	NA	0	1663	0
LOC388849	NA	18	633	1.32699
LOC388882	NA	6	1582	0.176988
LOC388942	NA	1	1810	0.0257822
LOC389033	NA	0	401	0
LOC389199	NA	6	1296	0.216045
LOC389247	NA	9	781	0.537762
LOC389332	NA	0	1696	0
LOC389602	NA	0	2536	0
LOC389641	NA	1	1970	0.0236882
LOC389705	NA	3	923	0.151676
LOC389765	NA	38	1764	1.00527
LOC389831	NA	1319	2413	25.5086
LOC389834	NA	253	8205	1.43893
LOC389895	NA	0	1245	0
LOC389906	NA	619	1791	16.1285
LOC390705	NA	0	870	0
LOC391003	NA	1	2120	0.0220122
LOC391322	NA	0	563	0
LOC392196	NA	0	1440	0
LOC392232	NA	0	2678	0
LOC392364	NA	0	1014	0
LOC392452	NA	0	670	0
LOC399715	NA	3	2966	0.0472007
LOC399815	NA	43	2112	0.950109
LOC399886	NA	0	2597	0
LOC400043	NA	16	1395	0.535235
LOC400541	NA	9	571	0.735538
LOC400548	NA	8	2005	0.186198
LOC400553	NA	0	414	0
LOC400558	NA	2	1326	0.0703858
LOC400612	NA	0	2926	0
LOC400620	NA	0	2474	0
LOC400655	NA	0	2654	0
LOC400661	NA	0	2337	0
LOC400684	NA	16	951	0.785124
LOC400685	NA	0	2080	0
LOC400706	NA	30	3226	0.433966
LOC400736	NA	197	4328	2.12411
LOC400794	NA	0	1752	0
LOC400867	NA	0	3823	0
LOC400927	NA	40	494	3.77861
LOC400927-CSNK1E	NA	2521	2997	39.2541
LOC400940	NA	0	3463	0
LOC400958	NA	0	3029	0
LOC400997	NA	0	3212	0
LOC401010	NA	237	2734	4.04528
LOC401052	NA	121	1897	2.97657
LOC401127	NA	33	1649	0.933882
LOC401134	NA	2	4079	0.022881
LOC401177	NA	0	2312	0
LOC401242	NA	305	11153	1.27617
LOC401286	NA	0	4520	0
LOC401312	NA	0	2592	0
LOC401320	NA	51	3871	0.614817
LOC401324	NA	0	3629	0
LOC401357	NA	8	3613	0.103329
LOC401463	NA	0	2701	0
LOC401557	NA	0	3729	0
LOC401585	NA	1	375	0.124442
LOC403312	NA	1	3421	0.013641
LOC403323	NA	122	1802	3.15939
LOC407835	NA	1309	1726	35.3914
LOC414300	NA	0	1104	0
LOC439933	NA	0	1780	0
LOC439994	NA	199	1164	7.97809
LOC440028	NA	1089	2311	21.9901
LOC440040	NA	11	2181	0.235362
LOC440117	NA	0	1482	0
LOC440173	NA	0	2016	0
LOC440300	NA	539	7750	3.24553
LOC440311	NA	862	1702	23.6345
LOC440390	NA	5	4083	0.0571465
LOC440434	NA	452	1652	12.7681
LOC440446	NA	2	2645	0.035286
LOC440461	NA	1	1643	0.0284028
LOC440600	NA	17	2609	0.30407
LOC440602	NA	1	2351	0.0198493
LOC440700	NA	0	1210	0
LOC440704	NA	0	2216	0
LOC440895	NA	11	856	0.599677
LOC440896	NA	1	3182	0.0146656
LOC440910	NA	0	1739	0
LOC440982	NA	0	661	0
LOC441025	NA	0	1143	0
LOC441081	NA	2	5287	0.017653
LOC441155	NA	536	3824	6.54102
LOC441178	NA	0	2557	0
LOC441204	NA	23	1631	0.658071
LOC441242	NA	80	3415	1.0932
LOC441454	NA	37	1381	1.25028
LOC441455	NA	9	1647	0.255004
LOC441601	NA	0	1015	0
LOC441666	NA	120	6661	0.840699
LOC442028	NA	0	3330	0
LOC442132	NA	0	2070	0
LOC442497	NA	0	2247	0
LOC494127	NA	10	1340	0.348252
LOC494141	NA	7	2764	0.118184
LOC51145	NA	2	697	0.133905
LOC541472	NA	0	1364	0
LOC541473	NA	82	1013	3.77749
LOC550113	NA	0	2787	0
LOC553103	NA	25	1801	0.647776
LOC55338	NA	0	2898	0
LOC554206	NA	34	1037	1.53003
LOC554223	NA	0	7167	0
LOC554249	NA	200	1424	6.55419
LOC574538	NA	0	2904	0
LOC606724	NA	138	1142	5.63912
LOC613037	NA	1968	3455	26.5813
LOC613038	NA	22	2956	0.34731
LOC613266	NA	0	2407	0
LOC63930	NA	0	3366	0
LOC641367	NA	23	2694	0.398409
LOC641746	NA	2	1142	0.0817264
LOC642236	NA	270	1071	11.7645
LOC642361	NA	217	1701	5.95325
LOC642366	NA	24	6698	0.167211
LOC642423	NA	1238	1224	47.1996
LOC642426	NA	18	1273	0.659846
LOC642776	NA	5	2101	0.111056
LOC642846	NA	501	3499	6.68178
LOC642852	NA	816	7165	5.31463
LOC642929	NA	1	985	0.0473764
LOC642943	NA	0	5053	0
LOC643072	NA	60	2456	1.14004
LOC643201	NA	9	4292	0.0978547
LOC643339	NA	3	578	0.24221
LOC643355	NA	0	3035	0
LOC643387	NA	684	2659	12.0043
LOC643406	NA	0	3799	0
LOC643441	NA	0	2171	0
LOC643542	NA	0	2991	0
LOC643623	NA	0	2963	0
LOC643711	NA	0	4350	0
LOC643733	NA	0	619	0
LOC643770	NA	2	1825	0.0511406
LOC643802	NA	0	1344	0
LOC643923	NA	1	972	0.0480101
LOC644145	NA	0	388	0
LOC644172	NA	94	3512	1.24903
LOC644189	NA	0	1724	0
LOC644285	NA	22	5214	0.196902
LOC644554	NA	0	1058	0
LOC644656	NA	60	1143	2.44965
LOC644669	NA	0	2097	0
LOC644762	NA	163	1614	4.71284
LOC644838	NA	0	2100	0
LOC644919	NA	0	831	0
LOC644936	NA	132	1381	4.46045
LOC645166	NA	870	1528	26.5702
LOC645354	NA	42	2214	0.885259
LOC645382	NA	2	3036	0.0307416
LOC645434	NA	4	1690	0.110452
LOC645513	NA	73	1048	3.25058
LOC645752	NA	0	3117	0
LOC645949	NA	0	2127	0
LOC646029	NA	1	1845	0.0252931
LOC646214	NA	237	8226	1.34449
LOC646268	NA	0	835	0
LOC646471	NA	116	3653	1.48186
LOC646522	NA	0	975	0
LOC646626	NA	52	888	2.73268
LOC646736	NA	0	935	0
LOC646743	NA	0	2229	0
LOC646762	NA	22	5784	0.177498
LOC646813	NA	0	608	0
LOC646903	NA	88	1964	2.09093
LOC646938	NA	0	481	0
LOC647323	NA	0	1615	0
LOC647859	NA	100	578	8.07367
LOC648987	NA	123	3507	1.6367
LOC649133	NA	0	2128	0
LOC649324	NA	42	2214	0.885259
LOC649352	NA	0	523	0
LOC650226	NA	0	1667	0
LOC650293	NA	0	651	0
LOC652276	NA	203	2714	3.49048
LOC653160	NA	60	1887	1.48381
LOC653513	NA	3	870	0.160917
LOC653602	NA	0	2058	0
LOC653653	NA	40	1160	1.60917
LOC653712	NA	20	1104	0.845395
LOC653786	NA	1	2661	0.0175369
LOC654342	NA	1362	605	105.056
LOC654841	NA	18	2502	0.335725
LOC727751	NA	1642	3238	23.6644
LOC727896	NA	152	3409	2.08073
LOC727924	NA	0	1600	0
LOC728024	NA	173	1491	5.41461
LOC728040	NA	0	763	0
LOC728084	NA	6	2509	0.111596
LOC728095	NA	0	869	0
LOC728175	NA	1	1878	0.0248487
LOC728323	NA	15	1528	0.458107
LOC728392	NA	1389	1493	43.4151
LOC728485	NA	36	1885	0.89123
LOC728554	NA	1387	1827	35.4272
LOC728613	NA	387	2576	7.01074
LOC728673	NA	245	2259	5.06114
LOC728730	NA	46	2517	0.852851
LOC728739	NA	16	622	1.20041
LOC728743	NA	368	3369	5.09736
LOC728752	NA	33	1414	1.08909
LOC728989	NA	38	1076	1.64805
LOC729080	NA	70	1070	3.0529
LOC729083	NA	1	896	0.0520824
LOC729159	NA	0	1309	0
LOC729218	NA	547	5853	4.36122
LOC729296	NA	0	1259	0
LOC729348	NA	0	1675	0
LOC729506	NA	0	1591	0
LOC729603	NA	39	3131	0.581273
LOC729609	NA	0	628	0
LOC729658	NA	0	2204	0
LOC729683	NA	25	2348	0.496868
LOC729732	NA	60	3982	0.703151
LOC729737	NA	1517	5474	12.9324
LOC729739	NA	7	490	0.666654
LOC729867	NA	150	1578	4.43591
LOC729930	NA	35	1105	1.4781
LOC729950	NA	60	2321	1.20635
LOC729966	NA	0	687	0
LOC729970	NA	96	952	4.70579
LOC729987	NA	0	2265	0
LOC730101	NA	692	3784	8.53402
LOC730102	NA	0	2974	0
LOC730159	NA	0	631	0
LOC730183	NA	18	582	1.44327
LOC730202	NA	27	679	1.85564
LOC730668	NA	2	4162	0.0224247
LOC731157	NA	1	475	0.0982438
LOC731424	NA	3	3390	0.0412972
LOC79160	NA	3	967	0.144775
LOC79999	NA	2	3472	0.0268812
LOC80078	NA	24	3885	0.288283
LOC81691	NA	116	2888	1.87439
LOC90246	NA	460	2752	7.80024
LOC90768	NA	1	5299	0.00880653
LOC90784	NA	825	3653	10.5391
LOC91450	NA	5	993	0.234974
LOC93622	NA	648	1668	18.1292
LOH12CR1	NA	132	2092	2.9445
LOH12CR2	NA	6	1538	0.182051
LONP1	NA	4715	3398	64.7526
LONP2	NA	943	4958	8.87573
LONRF1	NA	169	3584	2.20048
LONRF2	NA	4	13912	0.0134174
LONRF3	NA	4	4041	0.0461923
LOR	NA	11	1229	0.417676
LOX	NA	10	5399	0.0864342
LOXHD1	NA	1	7869	0.00593033
LOXL1	NA	2254	2361	44.5509
LOXL1-AS1	NA	618	2844	10.1405
LOXL2	NA	5148	3810	63.0539
LOXL3	NA	789	3790	9.71486
LOXL4	NA	13	3657	0.165889
LPA	NA	0	6489	0
LPAL2	NA	2	2502	0.0373028
LPAR1	NA	0	3168	0
LPAR2	NA	295	1794	7.67358
LPAR3	NA	1	1721	0.0271155
LPAR4	NA	0	2832	0
LPAR5	NA	7	2920	0.11187
LPAR6	NA	4	3458	0.0539801
LPCAT1	NA	3485	3946	41.214
LPCAT2	NA	9	5388	0.0779496
LPCAT3	NA	1681	2297	34.1512
LPCAT4	NA	778	1908	19.0283
LPGAT1	NA	1358	7782	8.14343
LPIN1	NA	943	6461	6.811
LPIN2	NA	1398	6229	10.4734
LPIN3	NA	827	4436	8.69987
LPL	NA	1	3747	0.0124542
LPO	NA	0	2979	0
LPP	NA	2602	18484	6.56916
LPP-AS1	NA	0	495	0
LPP-AS2	NA	51	2883	0.825514
LPPR1	NA	2	2676	0.0348773
LPPR2	NA	610	2743	10.3777
LPPR3	NA	611	2387	11.945
LPPR4	NA	484	5022	4.49746
LPPR5	NA	122	4015	1.41799
LPXN	NA	73	2143	1.58964
LRAT	NA	1	4987	0.00935749
LRBA	NA	1720	9965	8.05471
LRCH1	NA	177	8082	1.02201
LRCH2	NA	45	4925	0.426388
LRCH3	NA	181	2306	3.66284
LRCH4	NA	1781	3236	25.6835
LRCOL1	NA	25	874	1.33483
LRFN1	NA	468	3132	6.97305
LRFN2	NA	0	3221	0
LRFN3	NA	574	2515	10.6506
LRFN4	NA	1232	2528	22.7422
LRFN5	NA	0	3732	0
LRG1	NA	64	1780	1.67787
LRGUK	NA	20	2700	0.345673
LRIF1	NA	910	3335	12.7334
LRIG1	NA	261	4762	2.5577
LRIG2	NA	255	4536	2.62341
LRIG3	NA	48	4200	0.533323
LRIT1	NA	0	2301	0
LRIT2	NA	0	3179	0
LRIT3	NA	4	3584	0.0520824
LRMP	NA	0	2869	0
LRP1	NA	2691	14888	8.43482
LRP1-AS	NA	1	879	0.0530896
LRP10	NA	2712	3250	38.9408
LRP11	NA	800	3618	10.3186
LRP12	NA	251	4149	2.82312
LRP1B	NA	0	16531	0
LRP2	NA	0	15735	0
LRP2BP	NA	37	5158	0.334749
LRP3	NA	1213	3698	15.3071
LRP4	NA	689	8227	3.9082
LRP4-AS1	NA	19	1540	0.575747
LRP5	NA	1151	5353	10.0341
LRP5L	NA	132	3998	1.54074
LRP6	NA	1034	10083	4.78552
LRP8	NA	401	7778	2.40589
LRPAP1	NA	4479	10703	19.5287
LRPPRC	NA	6023	6619	42.4638
LRR1	NA	536	2073	12.066
LRRC1	NA	754	3180	11.0648
LRRC10	NA	0	2598	0
LRRC10B	NA	18	2219	0.378542
LRRC14	NA	799	5434	6.86161
LRRC14B	NA	3	1573	0.0890003
LRRC15	NA	102	5940	0.801332
LRRC16A	NA	7	5431	0.0601474
LRRC16B	NA	11	4600	0.111592
LRRC17	NA	16	2270	0.328922
LRRC18	NA	0	1619	0
LRRC19	NA	6	3608	0.0776039
LRRC2	NA	0	5135	0
LRRC2-AS1	NA	0	633	0
LRRC20	NA	2341	3625	30.1365
LRRC23	NA	100	1800	2.59254
LRRC24	NA	412	1772	10.8501
LRRC25	NA	1	2403	0.0194198
LRRC26	NA	6	1195	0.234305
LRRC27	NA	90	9418	0.445946
LRRC28	NA	194	1551	5.83699
LRRC29	NA	68	1493	2.12543
LRRC3	NA	65	2529	1.1994
LRRC3-AS1	NA	0	784	0
LRRC30	NA	0	906	0
LRRC31	NA	4	2546	0.0733163
LRRC32	NA	169	4446	1.77385
LRRC34	NA	3	2413	0.058018
LRRC36	NA	3	2541	0.0550954
LRRC37A	NA	743	10351	3.34969
LRRC37A11P	NA	3	3580	0.0391054
LRRC37A2	NA	498	10349	2.24559
LRRC37A3	NA	438	5858	3.48918
LRRC37A4P	NA	1430	12306	5.42273
LRRC37A5P	NA	0	1095	0
LRRC37A6P	NA	8	6454	0.0578442
LRRC37A8P	NA	8	6804	0.0548687
LRRC37B	NA	229	3027	3.53038
LRRC37BP1	NA	621	4597	6.30399
LRRC38	NA	0	1908	0
LRRC39	NA	55	1946	1.31892
LRRC3B	NA	0	1691	0
LRRC3C	NA	1	878	0.0531501
LRRC4	NA	66	3707	0.830845
LRRC40	NA	489	2945	7.74858
LRRC41	NA	3027	2948	47.9163
LRRC42	NA	1924	1788	50.2153
LRRC43	NA	0	2089	0
LRRC45	NA	183	2701	3.16173
LRRC46	NA	29	1922	0.704115
LRRC47	NA	2351	2648	41.4318
LRRC48	NA	27	2586	0.48723
LRRC49	NA	140	3649	1.79041
LRRC4B	NA	1280	2957	20.2003
LRRC4C	NA	0	3731	0
LRRC52	NA	0	1122	0
LRRC55	NA	0	5407	0
LRRC56	NA	75	2774	1.26169
LRRC57	NA	399	2415	7.71
LRRC58	NA	541	7683	3.28598
LRRC59	NA	4865	2915	77.8831
LRRC6	NA	138	1987	3.24101
LRRC61	NA	178	1963	4.23154
LRRC63	NA	0	2114	0
LRRC66	NA	18	3329	0.252323
LRRC69	NA	3	1323	0.105818
LRRC7	NA	0	6245	0
LRRC70	NA	14	2249	0.290494
LRRC71	NA	23	1971	0.544553
LRRC72	NA	0	937	0
LRRC73	NA	38	1782	0.995118
LRRC74A	NA	0	1734	0
LRRC74B	NA	2	5139	0.0181614
LRRC75A	NA	259	2819	4.28749
LRRC75A-AS1	NA	9029	2507	168.068
LRRC75B	NA	269	1240	10.1235
LRRC8A	NA	1905	4762	18.6683
LRRC8B	NA	250	8061	1.44727
LRRC8C	NA	668	7207	4.32534
LRRC8D	NA	1310	4052	15.0869
LRRC8E	NA	7	3745	0.0872258
LRRC9	NA	0	4915	0
LRRCC1	NA	19	3875	0.228813
LRRD1	NA	6	2661	0.105222
LRRFIP1	NA	1661	7773	9.97194
LRRFIP2	NA	2307	3867	27.8402
LRRIQ1	NA	15	5444	0.12858
LRRIQ3	NA	14	2862	0.228274
LRRIQ4	NA	0	1824	0
LRRK1	NA	4	7671	0.0243336
LRRK2	NA	0	9224	0
LRRN1	NA	5	3823	0.061033
LRRN2	NA	659	3322	9.2573
LRRN3	NA	71	3727	0.888992
LRRN4	NA	34	2955	0.536933
LRRN4CL	NA	16	2585	0.288841
LRRTM1	NA	7	2212	0.147677
LRRTM2	NA	3	5628	0.0248752
LRRTM3	NA	0	6181	0
LRRTM4	NA	0	4816	0
LRSAM1	NA	696	3450	9.41432
LRTM1	NA	0	1467	0
LRTM2	NA	8	3989	0.093589
LRTOMT	NA	1200	5806	9.64502
LRWD1	NA	522	2198	11.0826
LSAMP	NA	1764	9478	8.68522
LSAMP-AS1	NA	5	548	0.425783
LSG1	NA	1434	3572	18.7343
LSM1	NA	1811	1161	72.7922
LSM10	NA	1026	927	51.6495
LSM11	NA	182	6584	1.28997
LSM12	NA	1969	2484	36.9907
LSM14A	NA	2663	3772	32.9457
LSM14B	NA	1371	2594	24.6642
LSM2	NA	6303	5243	56.1004
LSM3	NA	1201	695	80.6412
LSM4	NA	4037	1825	103.227
LSM5	NA	1456	3265	20.8102
LSM6	NA	463	787	27.454
LSM7	NA	2501	520	224.445
LSM8	NA	815	12520	3.03775
LSMEM1	NA	43	1806	1.11109
LSMEM2	NA	308	1494	9.62053
LSP1	NA	28	3512	0.372051
LSP1P3	NA	18	444	1.89186
LSR	NA	2380	2278	48.7553
LSS	NA	2797	4766	27.3865
LST1	NA	6	7152	0.0391492
LTA	NA	14	11235	0.0581505
LTA4H	NA	4318	2446	82.3806
LTB	NA	188	7146	1.2277
LTB4R	NA	319	4620	3.22216
LTB4R2	NA	55	1560	1.64527
LTBP1	NA	4080	6348	29.9931
LTBP2	NA	2318	8554	12.6457
LTBP3	NA	2318	4702	23.0054
LTBP4	NA	2344	5446	20.0853
LTBR	NA	41	2495	0.766853
LTC4S	NA	19	667	1.32931
LTF	NA	0	2826	0
LTK	NA	16	3127	0.238776
LTN1	NA	2178	7756	13.1044
LTV1	NA	940	1814	24.1818
LUC7L	NA	1638	2082	36.714
LUC7L2	NA	2558	3019	39.54
LUC7L3	NA	3288	3517	43.6273
LUCAT1	NA	1	1009	0.0462496
LUM	NA	1	2116	0.0220538
LUNAR1	NA	4	480	0.388882
LURAP1	NA	233	1849	5.88055
LURAP1L	NA	3	2690	0.0520436
LURAP1L-AS1	NA	0	944	0
LUZP1	NA	2082	8487	11.4479
LUZP2	NA	1	5297	0.00880985
LUZP4	NA	1	1739	0.0268348
LUZP6	NA	2770	3884	33.2812
LVCAT1	NA	0	2821	0
LVCAT5	NA	0	4115	0
LVCAT8	NA	139	1383	4.6902
LVRN	NA	3	4621	0.0302959
LXN	NA	6	1116	0.250891
LY6D	NA	3	802	0.17456
LY6E	NA	2360	1176	93.6491
LY6G5B	NA	768	5418	6.61486
LY6G5C	NA	15141	5082	139.033
LY6G6C	NA	253	6167	1.91446
LY6G6D	NA	36	2814	0.597004
LY6G6E	NA	55	5544	0.462954
LY6G6F	NA	148	6286	1.09872
LY6H	NA	5	1157	0.201667
LY6K	NA	77	1957	1.83611
LY75	NA	2	6930	0.0134678
LY75-CD302	NA	25	8919	0.130804
LY86	NA	0	879	0
LY86-AS1	NA	0	2023	0
LY9	NA	1	3478	0.0134174
LY96	NA	8	615	0.607035
LYAR	NA	1339	1604	38.9561
LYG1	NA	22	990	1.03702
LYG2	NA	1	868	0.0537624
LYL1	NA	1	1788	0.0260994
LYN	NA	580	4158	6.50942
LYNX1	NA	0	5492	0
LYPD1	NA	1	3002	0.0155449
LYPD2	NA	1	534	0.0873891
LYPD3	NA	55	1706	1.50447
LYPD4	NA	0	2137	0
LYPD5	NA	0	2813	0
LYPD6	NA	819	4308	8.8717
LYPD6B	NA	1089	1573	32.3071
LYPD8	NA	0	435	0
LYPLA1	NA	360	2790	6.02139
LYPLA2	NA	1739	1624	49.9703
LYPLA2P2	NA	239	1601	6.96635
LYPLAL1	NA	243	2114	5.36414
LYPLAL1-AS1	NA	0	1627	0
LYRM1	NA	469	2292	9.54898
LYRM2	NA	1344	5598	11.2038
LYRM4	NA	1251	2350	24.8421
LYRM5	NA	96	1135	3.94706
LYRM7	NA	146	6247	1.09064
LYRM9	NA	173	1481	5.45117
LYSMD1	NA	163	2508	3.0329
LYSMD2	NA	22	1875	0.547545
LYSMD3	NA	141	4260	1.54457
LYSMD4	NA	328	2972	5.1502
LYST	NA	142	16733	0.396016
LYVE1	NA	7	2500	0.130664
LYZ	NA	4	1516	0.123129
LYZL1	NA	1	812	0.0574702
LYZL2	NA	0	774	0
LYZL4	NA	0	906	0
LYZL6	NA	0	1069	0
LZIC	NA	375	1407	12.4376
LZTFL1	NA	940	4514	9.71773
LZTR1	NA	1769	4315	19.1314
LZTS1	NA	37	5459	0.316291
LZTS1-AS1	NA	0	892	0
LZTS2	NA	4351	2848	71.2931
LZTS3	NA	832	4101	9.46743
M1AP	NA	4	2795	0.0667847
M6PR	NA	4641	2566	84.4022
MAATS1	NA	0	4433	0
MAB21L1	NA	4	2907	0.0642116
MAB21L2	NA	2	2769	0.0337059
MAB21L3	NA	0	3229	0
MACC1	NA	0	9158	0
MACC1-AS1	NA	0	639	0
MACF1	NA	4705	17689	12.4124
MACROD1	NA	361	1257	13.402
MACROD2	NA	0	5106	0
MACROD2-AS1	NA	0	1784	0
MACROD2-IT1	NA	0	665	0
MAD1L1	NA	1624	3340	22.6902
MAD2L1	NA	616	1436	20.0182
MAD2L1BP	NA	1212	1629	34.72
MAD2L2	NA	1645	1328	57.8051
MADCAM1	NA	3	1537	0.0910848
MADD	NA	839	6412	6.10615
MAEA	NA	2947	2709	50.7656
MAEL	NA	0	2011	0
MAF	NA	2	6878	0.0135696
MAF1	NA	1410	1775	37.0697
MAFA	NA	56	2373	1.10126
MAFA-AS1	NA	1	417	0.111908
MAFB	NA	52	3393	0.715185
MAFF	NA	432	2530	7.96823
MAFG	NA	980	5254	8.70432
MAFG-AS1	NA	71	1895	1.74843
MAFIP	NA	171	5339	1.49463
MAFK	NA	450	3350	6.26854
MAFTRR	NA	0	685	0
MAG	NA	1	2532	0.0184304
MAGEA1	NA	0	1709	0
MAGEA10	NA	0	2743	0
MAGEA10-MAGEA5	NA	0	1873	0
MAGEA11	NA	0	2083	0
MAGEA12	NA	0	1943	0
MAGEA2	NA	0	2272	0
MAGEA2B	NA	0	1616	0
MAGEA3	NA	1	1724	0.0270683
MAGEA4	NA	0	1955	0
MAGEA5	NA	0	1664	0
MAGEA6	NA	0	1762	0
MAGEA8	NA	0	2363	0
MAGEA8-AS1	NA	0	596	0
MAGEA9	NA	1	1807	0.025825
MAGEA9B	NA	1	1814	0.0257254
MAGEB1	NA	0	1968	0
MAGEB10	NA	0	1953	0
MAGEB16	NA	0	1818	0
MAGEB17	NA	2	1363	0.0684751
MAGEB18	NA	0	1812	0
MAGEB2	NA	1	1612	0.028949
MAGEB3	NA	0	2306	0
MAGEB4	NA	0	2252	0
MAGEB5	NA	0	1216	0
MAGEB6	NA	0	1949	0
MAGEC1	NA	0	4321	0
MAGEC2	NA	0	1994	0
MAGEC3	NA	0	2691	0
MAGED1	NA	4743	2971	74.4988
MAGED2	NA	4237	2457	80.4733
MAGED4	NA	2040	2683	35.482
MAGED4B	NA	2040	2683	35.482
MAGEE1	NA	130	3701	1.63917
MAGEE2	NA	0	2257	0
MAGEF1	NA	2429	1682	67.3907
MAGEH1	NA	347	1480	10.9412
MAGEL2	NA	0	4298	0
MAGI1	NA	508	9168	2.58576
MAGI1-AS1	NA	1	591	0.0789607
MAGI2	NA	32	6880	0.21705
MAGI2-AS2	NA	0	476	0
MAGI2-AS3	NA	0	9308	0
MAGI3	NA	170	7221	1.09863
MAGIX	NA	22	2809	0.365485
MAGOH	NA	1739	756	107.344
MAGOH2P	NA	187	640	13.6352
MAGOHB	NA	520	3373	7.19425
MAGT1	NA	1156	4021	13.416
MAK	NA	48	3979	0.562945
MAK16	NA	868	3574	11.3335
MAL	NA	10	1137	0.410429
MAL2	NA	1	2819	0.016554
MALAT1	NA	20948	8751	111.708
MALL	NA	2	3061	0.0304906
MALRD1	NA	1	6880	0.00678282
MALSU1	NA	752	755	46.4804
MALT1	NA	315	5030	2.92241
MAMDC2	NA	4	3618	0.0515929
MAMDC2-AS1	NA	9	1560	0.269226
MAMDC4	NA	204	3660	2.60104
MAML1	NA	1632	5723	13.3075
MAML2	NA	51	7111	0.334687
MAML3	NA	3	7088	0.0197513
MAMLD1	NA	0	4860	0
MAMSTR	NA	67	2283	1.36952
MAN1A1	NA	2	5027	0.0185661
MAN1A2	NA	631	5388	5.46513
MAN1B1	NA	1436	2900	23.1076
MAN1B1-AS1	NA	100	1872	2.49283
MAN1C1	NA	334	4641	3.35841
MAN2A1	NA	574	7114	3.76528
MAN2A2	NA	1362	6269	10.1386
MAN2B1	NA	2362	3224	34.1888
MAN2B2	NA	857	4186	9.55389
MAN2C1	NA	1704	3332	23.8651
MANBA	NA	1556	3311	21.9305
MANBAL	NA	1438	1315	51.0307
MANEA	NA	52	4616	0.525698
MANEA-AS1	NA	0	2416	0
MANEAL	NA	706	3107	10.6038
MANF	NA	1492	963	72.3005
MANSC1	NA	303	2297	6.15574
MANSC4	NA	1	1095	0.0426172
MAOA	NA	28	5438	0.24028
MAOB	NA	0	2595	0
MAP10	NA	0	5455	0
MAP1A	NA	2070	10275	9.40128
MAP1B	NA	2137	11979	8.32497
MAP1LC3A	NA	11	1143	0.449102
MAP1LC3B	NA	3363	2288	68.5914
MAP1LC3B2	NA	712	832	39.9352
MAP1LC3C	NA	64	1192	2.50555
MAP1S	NA	1596	3593	20.7288
MAP2	NA	5	9989	0.0233586
MAP2K1	NA	986	2586	17.7929
MAP2K2	NA	5641	1733	151.899
MAP2K3	NA	1241	2374	24.3944
MAP2K4	NA	1098	3873	13.2298
MAP2K4P1	NA	35	2539	0.643286
MAP2K5	NA	293	2571	5.31819
MAP2K6	NA	50	1869	1.24842
MAP2K7	NA	987	3546	12.989
MAP3K1	NA	149	7511	0.925736
MAP3K10	NA	587	3436	7.9723
MAP3K11	NA	1463	3573	19.1078
MAP3K12	NA	1229	3640	15.7561
MAP3K13	NA	30	11626	0.120418
MAP3K14	NA	1459	4485	15.1807
MAP3K14-AS1	NA	54	1633	1.54314
MAP3K15	NA	324	4633	3.26348
MAP3K19	NA	2	4377	0.0213232
MAP3K2	NA	817	10870	3.50745
MAP3K3	NA	673	4826	6.50768
MAP3K4	NA	526	5736	4.27933
MAP3K5	NA	15	5195	0.134742
MAP3K6	NA	404	4348	4.33601
MAP3K7	NA	1489	5167	13.4479
MAP3K7CL	NA	39	3880	0.469063
MAP3K8	NA	151	3013	2.33871
MAP3K9	NA	451	11631	1.8095
MAP4	NA	9146	8714	48.9793
MAP4K1	NA	36	2812	0.597428
MAP4K2	NA	414	3004	6.43131
MAP4K3	NA	504	4362	5.39192
MAP4K4	NA	4294	7998	25.0541
MAP4K5	NA	823	4435	8.65974
MAP6	NA	212	5596	1.7679
MAP6D1	NA	265	2138	5.78411
MAP7	NA	18	5478	0.153338
MAP7D1	NA	3864	3571	50.4947
MAP7D2	NA	37	4259	0.405408
MAP7D3	NA	1127	6536	8.04657
MAP9	NA	1720	7331	10.9487
MAPK1	NA	2954	6080	22.6728
MAPK10	NA	2	4620	0.0202016
MAPK11	NA	833	2431	15.9904
MAPK12	NA	3055	1853	76.9369
MAPK13	NA	23	6348	0.169079
MAPK14	NA	1223	4542	12.5654
MAPK15	NA	17	1888	0.42019
MAPK1IP1L	NA	2379	6469	17.1615
MAPK3	NA	1307	1933	31.5531
MAPK4	NA	5	4736	0.0492671
MAPK6	NA	1577	4225	17.4182
MAPK7	NA	483	3320	6.78903
MAPK8	NA	760	5923	5.98785
MAPK8IP1	NA	663	3205	9.65349
MAPK8IP2	NA	1171	3380	16.1674
MAPK8IP3	NA	1604	5636	13.281
MAPK9	NA	1107	5897	8.76022
MAPKAP1	NA	2455	3691	31.0389
MAPKAPK2	NA	2093	3517	27.7713
MAPKAPK3	NA	2057	3153	30.4445
MAPKAPK5	NA	738	2291	15.0325
MAPKAPK5-AS1	NA	669	2285	13.6628
MAPKBP1	NA	867	7250	5.58059
MAPRE1	NA	4029	2623	71.6799
MAPRE2	NA	857	4880	8.1952
MAPRE3	NA	429	2387	8.38694
MAPT	NA	41	13627	0.140405
MAPT-AS1	NA	1	1680	0.0277773
MAPT-IT1	NA	3	6007	0.0233057
MARC1	NA	4	2243	0.0832203
MARC2	NA	0	1573	0
MARCH1	NA	22	5733	0.179077
MARCH10	NA	8	4258	0.0876765
MARCH11	NA	0	1528	0
MARCH2	NA	655	1651	18.5137
MARCH3	NA	83	4196	0.923084
MARCH4	NA	12	4450	0.12584
MARCH5	NA	905	3926	10.7571
MARCH6	NA	1195	9697	5.75081
MARCH7	NA	1356	3840	16.4789
MARCH8	NA	566	6310	4.18587
MARCH9	NA	596	2985	9.31753
MARCKS	NA	0	4304	0
MARCKSL1	NA	5218	1562	155.891
MARCO	NA	1	1835	0.025431
MARK1	NA	224	7102	1.47186
MARK2	NA	875	5179	7.88426
MARK2P9	NA	3	946	0.147989
MARK3	NA	2552	3530	33.7369
MARK4	NA	1642	5243	14.6148
MARS	NA	2282	2915	36.5322
MARS2	NA	226	3087	3.41641
MARVELD1	NA	2734	3237	39.4144
MARVELD2	NA	5	2160	0.108023
MARVELD3	NA	97	4261	1.06233
MAS1	NA	0	1134	0
MAS1L	NA	1	5058	0.00922614
MASP1	NA	9	9994	0.0420244
MASP2	NA	62	2611	1.10811
MAST1	NA	239	4923	2.26551
MAST2	NA	1912	5738	15.5498
MAST3	NA	431	5893	3.41303
MAST4	NA	13	11847	0.0512075
MASTL	NA	548	3626	7.05264
MAT1A	NA	18	3404	0.246764
MAT2A	NA	5365	3006	83.2874
MAT2B	NA	572	2515	10.6135
MATK	NA	424	2551	7.75629
MATN1	NA	17	3830	0.207133
MATN1-AS1	NA	21	2050	0.47804
MATN2	NA	1748	4108	19.8568
MATN3	NA	0	2583	0
MATN4	NA	2	2342	0.0398512
MATR3	NA	5407	5989	42.1309
MAU2	NA	976	4853	9.38509
MAVS	NA	3039	11771	12.048
MAX	NA	1011	3037	15.5348
MAZ	NA	6373	2861	103.95
MB	NA	5	1389	0.167983
MB21D1	NA	2	1802	0.0517933
MB21D2	NA	17	3367	0.235616
MBD1	NA	1295	4811	12.5613
MBD2	NA	1732	5611	14.4048
MBD3	NA	3287	2499	61.3807
MBD3L1	NA	0	748	0
MBD3L2	NA	640	774	38.5867
MBD3L3	NA	639	773	38.5763
MBD3L4	NA	693	773	41.8362
MBD3L5	NA	550	773	33.2033
MBD4	NA	763	2973	11.9765
MBD5	NA	218	6016	1.69101
MBD6	NA	542	4150	6.09467
MBIP	NA	434	1648	12.2894
MBL1P	NA	2	1424	0.0655419
MBL2	NA	18	3569	0.235356
MBLAC1	NA	53	1499	1.64996
MBLAC2	NA	49	4280	0.534258
MBNL1	NA	577	6523	4.12788
MBNL1-AS1	NA	35	6656	0.245388
MBNL2	NA	226	4735	2.22734
MBNL3	NA	41	11843	0.161555
MBOAT1	NA	108	4319	1.16692
MBOAT2	NA	1015	3804	12.4516
MBOAT4	NA	1	1663	0.0280612
MBOAT7	NA	3115	3089	47.0586
MBP	NA	14	6900	0.0946842
MBTD1	NA	334	5382	2.89602
MBTPS1	NA	1975	4380	21.0422
MBTPS2	NA	278	4525	2.86698
MC1R	NA	366	3099	5.51135
MC2R	NA	0	3730	0
MC3R	NA	0	1084	0
MC4R	NA	0	1438	0
MC5R	NA	0	1319	0
MCAM	NA	3457	3332	48.4165
MCAT	NA	653	2093	14.5594
MCC	NA	41	9266	0.206486
MCCC1	NA	972	3398	13.3488
MCCC2	NA	3693	3673	46.9199
MCCD1	NA	52	5672	0.427825
MCEE	NA	104	870	5.57844
MCEMP1	NA	0	1308	0
MCF2	NA	0	4241	0
MCF2L	NA	80	6687	0.558287
MCF2L-AS1	NA	16	1155	0.646453
MCF2L2	NA	39	5013	0.363049
MCFD2	NA	3364	4696	33.4292
MCHR1	NA	13	2423	0.250374
MCHR2	NA	0	2383	0
MCHR2-AS1	NA	0	548	0
MCIDAS	NA	33	2104	0.731926
MCL1	NA	6481	4085	74.037
MCM10	NA	416	4550	4.26659
MCM2	NA	2532	3506	33.7016
MCM3	NA	5267	3208	76.6174
MCM3AP	NA	2950	6194	22.2254
MCM3AP-AS1	NA	631	4707	6.25581
MCM4	NA	3086	4915	29.3002
MCM5	NA	1163	2546	21.3167
MCM6	NA	3151	3787	38.8286
MCM7	NA	5670	3653	72.4323
MCM8	NA	288	3920	3.42851
MCM8-AS1	NA	20	1131	0.825213
MCM9	NA	158	6147	1.19948
MCMBP	NA	1922	4496	19.9492
MCMDC2	NA	529	5604	4.4051
MCOLN1	NA	198	2098	4.40411
MCOLN2	NA	16	3053	0.244564
MCOLN3	NA	65	2850	1.06431
MCPH1	NA	1086	5026	10.0834
MCPH1-AS1	NA	144	4132	1.6263
MCRS1	NA	2155	1995	50.4084
MCTP1	NA	8	5400	0.0691345
MCTP2	NA	0	8602	0
MCTS1	NA	776	9962	3.63508
MCTS2P	NA	171	835	9.55671
MCU	NA	728	3660	9.28216
MCUR1	NA	684	5471	5.83429
MDC1	NA	1837	55335	1.5492
MDFI	NA	0	2036	0
MDFIC	NA	0	5519	0
MDGA1	NA	1068	8907	5.59549
MDGA2	NA	0	6259	0
MDH1	NA	5087	1883	126.07
MDH1B	NA	122	2831	2.01103
MDH2	NA	3457	2730	59.0929
MDK	NA	5780	1683	160.266
MDM1	NA	241	5005	2.24704
MDM2	NA	6144	7565	37.9002
MDM4	NA	1099	10077	5.08938
MDN1	NA	1864	18208	4.7773
MDP1	NA	200	781	11.9503
MDS2	NA	2	1027	0.0908779
ME1	NA	1	3517	0.0132686
ME2	NA	1474	4622	14.8822
ME3	NA	1605	2579	29.0417
MEA1	NA	2046	866	110.252
MEAF6	NA	847	4965	7.96091
MEAT6	NA	0	1071	0
MECOM	NA	3	6826	0.0205094
MECP2	NA	890	10241	4.05552
MECR	NA	747	2666	13.0755
MED1	NA	1657	8148	9.49009
MED10	NA	718	1028	32.5934
MED11	NA	326	970	15.6836
MED12	NA	571	6969	3.82353
MED12L	NA	36	10440	0.160917
MED13	NA	882	10465	3.93304
MED13L	NA	981	9378	4.88155
MED14	NA	676	6768	4.66106
MED14OS	NA	3	904	0.154864
MED15	NA	1441	3829	17.5621
MED15P9	NA	82	1835	2.08534
MED16	NA	1803	2924	28.7751
MED17	NA	614	3497	8.19354
MED18	NA	404	1869	10.0872
MED19	NA	484	1514	14.9183
MED20	NA	353	2747	5.99673
MED21	NA	502	2955	7.92766
MED22	NA	1553	3915	18.5114
MED23	NA	380	5586	3.17454
MED24	NA	2943	3737	36.7507
MED25	NA	979	2343	19.4989
MED26	NA	377	3184	5.52544
MED27	NA	802	1799	20.8038
MED28	NA	2394	2394	46.6658
MED29	NA	1434	3567	18.7605
MED30	NA	113	985	5.35354
MED31	NA	233	1656	6.5659
MED4	NA	1602	2287	32.6885
MED4-AS1	NA	405	544	34.742
MED6	NA	1360	2407	26.367
MED7	NA	417	1475	13.193
MED8	NA	1209	2050	27.5214
MED9	NA	495	2222	10.3958
MEDAG	NA	0	2390	0
MEF2A	NA	854	5918	6.73413
MEF2B	NA	192	1451	6.17494
MEF2BNB	NA	586	2130	12.8386
MEF2BNB-MEF2B	NA	393	2242	8.18004
MEF2C	NA	9	6864	0.0611877
MEF2C-AS1	NA	0	3186	0
MEF2D	NA	821	6073	6.30868
MEFV	NA	0	3674	0
MEG3	NA	25	10567	0.110405
MEG8	NA	0	498	0
MEG9	NA	1	2640	0.0176764
MEGF10	NA	5	8128	0.0287068
MEGF11	NA	90	5914	0.710166
MEGF6	NA	860	7439	5.39489
MEGF8	NA	2891	11167	12.0812
MEGF9	NA	269	6210	2.02143
MEI1	NA	4	4006	0.0465959
MEI4	NA	0	2587	0
MEIG1	NA	7	625	0.522657
MEIKIN	NA	1	1560	0.029914
MEIOB	NA	772	1884	19.1221
MEIS1	NA	0	3181	0
MEIS1-AS2	NA	0	701	0
MEIS1-AS3	NA	0	4099	0
MEIS2	NA	3128	4422	33.0101
MEIS3	NA	1338	2166	28.8268
MEIS3P1	NA	145	2856	2.36924
MELK	NA	1020	2609	18.2442
MEMO1	NA	1091	1973	25.8046
MEN1	NA	2093	3646	26.7887
MEOX1	NA	295	2338	5.88811
MEOX2	NA	0	2371	0
MEOX2-AS1	NA	0	2098	0
MEP1A	NA	0	2929	0
MEP1B	NA	0	2311	0
MEPCE	NA	1153	3281	16.3992
MEPE	NA	3	2301	0.060842
MERTK	NA	448	3626	5.76566
MESDC1	NA	883	3051	13.5057
MESDC2	NA	1765	6176	13.3363
MESP1	NA	0	1162	0
MESP2	NA	0	1611	0
MEST	NA	789	3008	12.2405
MESTIT1	NA	1	3242	0.0143941
MET	NA	12	6676	0.083881
METAP1	NA	980	2770	16.5099
METAP1D	NA	39	1534	1.18642
METAP2	NA	2858	3504	38.0625
METRN	NA	1995	1092	85.2548
METRNL	NA	870	1612	25.1856
METTL1	NA	394	1307	14.0676
METTL10	NA	515	3660	6.56636
METTL11B	NA	3	938	0.149251
METTL12	NA	94	1382	3.17408
METTL13	NA	1325	3407	18.1486
METTL14	NA	561	3504	7.47132
METTL15	NA	543	4416	5.73812
METTL16	NA	1301	5753	10.5531
METTL17	NA	1240	1786	32.3995
METTL18	NA	149	1475	4.71404
METTL20	NA	22	2381	0.431183
METTL21A	NA	413	5539	3.4795
METTL21B	NA	181	2840	2.97412
METTL21C	NA	0	1102	0
METTL21EP	NA	2	2312	0.0403683
METTL22	NA	326	1570	9.68984
METTL23	NA	399	1317	14.1379
METTL24	NA	16	1101	0.678159
METTL25	NA	72	2094	1.60455
METTL2A	NA	566	2519	10.4854
METTL2B	NA	605	2182	12.939
METTL3	NA	1603	2022	36.9957
METTL4	NA	151	3687	1.91118
METTL5	NA	1685	1027	76.5646
METTL6	NA	509	3010	7.89133
METTL7A	NA	207	3390	2.8495
METTL7B	NA	6	1505	0.186043
METTL8	NA	845	8134	4.84787
METTL9	NA	1722	3336	24.0883
MEX3A	NA	1329	6124	10.1272
MEX3B	NA	3	3530	0.0396593
MEX3C	NA	905	4142	10.1962
MEX3D	NA	1009	2850	16.5213
MFAP1	NA	1860	2063	42.0739
MFAP2	NA	1485	1174	59.0279
MFAP3	NA	786	5346	6.86108
MFAP3L	NA	64	7284	0.410023
MFAP4	NA	37	1961	0.880487
MFAP5	NA	24	3003	0.372953
MFF	NA	1419	2291	28.9039
MFGE8	NA	18517	1989	434.445
MFHAS1	NA	702	5255	6.23395
MFI2	NA	779	4811	7.55615
MFI2-AS1	NA	90	951	4.41632
MFN1	NA	381	3513	5.06111
MFN2	NA	2472	4677	24.6649
MFNG	NA	3	2136	0.0655419
MFRP	NA	192	3925	2.28276
MFSD1	NA	467	2486	8.76626
MFSD10	NA	1697	2050	38.6302
MFSD11	NA	1172	3631	15.0626
MFSD12	NA	1960	2135	42.8407
MFSD2A	NA	190	2213	4.00655
MFSD2B	NA	2	1508	0.061891
MFSD3	NA	954	1601	27.8071
MFSD4	NA	15	4088	0.17123
MFSD5	NA	628	2216	13.2248
MFSD6	NA	94	4797	0.914443
MFSD6L	NA	0	2240	0
MFSD7	NA	27	2131	0.591261
MFSD8	NA	466	4545	4.78466
MFSD9	NA	118	2706	2.03495
MGA	NA	682	12042	2.64292
MGAM	NA	0	6484	0
MGAM2	NA	0	7872	0
MGARP	NA	5	1339	0.174256
MGAT1	NA	3750	3938	44.438
MGAT2	NA	897	2711	15.4405
MGAT3	NA	628	5209	5.62606
MGAT3-AS1	NA	1	498	0.0937064
MGAT4A	NA	139	8515	0.761779
MGAT4B	NA	5121	3369	70.9337
MGAT4C	NA	0	1934	0
MGAT4D	NA	0	1341	0
MGAT4EP	NA	3	2807	0.0498744
MGAT5	NA	71	8145	0.406786
MGAT5B	NA	126	4448	1.32192
MGC12916	NA	37	2006	0.860735
MGC15885	NA	0	2315	0
MGC16025	NA	1	2127	0.0219397
MGC16142	NA	17	1291	0.614499
MGC16275	NA	41	2485	0.769939
MGC27345	NA	297	10079	1.37511
MGC27382	NA	0	1191	0
MGC2889	NA	1	2194	0.0212697
MGC32805	NA	0	1424	0
MGC34796	NA	0	1887	0
MGC39584	NA	0	1206	0
MGC45922	NA	9	936	0.44871
MGC57346	NA	291	5305	2.5598
MGC57346-CRHR1	NA	77	5577	0.644301
MGC70870	NA	11	3110	0.165056
MGC72080	NA	257	698	17.1821
MGEA5	NA	3753	5202	33.6672
MGLL	NA	8	4809	0.0776308
MGME1	NA	1019	2127	22.3566
MGMT	NA	751	1265	27.7044
MGP	NA	0	1473	0
MGRN1	NA	1441	6471	10.3918
MGST1	NA	0	2354	0
MGST2	NA	0	1334	0
MGST3	NA	496	1518	15.2478
MHRT	NA	0	876	0
MIA	NA	5	670	0.348252
MIA-RAB4B	NA	131	1394	4.38538
MIA2	NA	0	2281	0
MIA3	NA	781	8410	4.33365
MIAT	NA	20	10182	0.0916633
MIATNB	NA	20	1682	0.554885
MIB1	NA	1269	9567	6.18991
MIB2	NA	1067	3574	13.9318
MICA	NA	799	11950	3.12017
MICAL1	NA	3944	3949	46.6067
MICAL2	NA	967	7760	5.81518
MICAL3	NA	1443	14775	4.55761
MICALCL	NA	5	3044	0.0766521
MICALL1	NA	2405	4495	24.968
MICALL2	NA	643	3099	9.68251
MICB	NA	592	20626	1.33938
MICU1	NA	1598	2674	27.8878
MICU2	NA	1258	1933	30.3702
MICU3	NA	170	3987	1.98976
MID1	NA	64	8739	0.341757
MID1IP1	NA	0	3783	0
MID1IP1-AS1	NA	0	696	0
MID2	NA	17	7345	0.108008
MIDN	NA	1918	3793	23.5974
MIEF1	NA	1365	6058	10.5148
MIEF2	NA	675	2645	11.909
MIEN1	NA	918	754	56.8159
MIER1	NA	540	7731	3.25954
MIER2	NA	917	2762	15.4933
MIER3	NA	440	5222	3.93201
MIF	NA	1	561	0.0831832
MIF-AS1	NA	1	2192	0.0212891
MIF4GD	NA	409	1440	13.2544
MIIP	NA	543	1801	14.0697
MILR1	NA	1	631	0.0739553
MIMT1	NA	2	1288	0.0724624
MINA	NA	429	5342	3.74759
MINK1	NA	1213	5041	11.229
MINOS1	NA	1093	4231	12.0552
MINOS1-NBL1	NA	1330	2210	28.0839
MINOS1P1	NA	5	2279	0.102382
MINPP1	NA	562	3303	7.94011
MIOS	NA	1528	3323	21.4581
MIOX	NA	0	1437	0
MIP	NA	5	2608	0.0894666
MIPEP	NA	563	2429	10.8163
MIPEPP3	NA	18	2088	0.402291
MIPOL1	NA	114	6386	0.833057
MIR1-1	NA	0	71	0
MIR1-1HG	NA	0	1220	0
MIR1-2	NA	0	85	0
MIR100	NA	0	80	0
MIR100HG	NA	0	3082	0
MIR101-1	NA	0	75	0
MIR101-2	NA	0	79	0
MIR103A1	NA	0	78	0
MIR103A2	NA	0	78	0
MIR103B1	NA	0	62	0
MIR103B2	NA	0	62	0
MIR105-1	NA	0	81	0
MIR105-2	NA	0	81	0
MIR106A	NA	0	81	0
MIR106B	NA	0	82	0
MIR107	NA	0	81	0
MIR10A	NA	0	110	0
MIR10B	NA	0	110	0
MIR1178	NA	0	91	0
MIR1179	NA	0	91	0
MIR1180	NA	1	69	0.676316
MIR1181	NA	6	81	3.45673
MIR1182	NA	0	97	0
MIR1183	NA	0	89	0
MIR1184-1	NA	38	198	8.95606
MIR1184-2	NA	38	198	8.95606
MIR1184-3	NA	38	198	8.95606
MIR1185-1	NA	0	85	0
MIR1185-2	NA	0	85	0
MIR1193	NA	0	78	0
MIR1197	NA	0	88	0
MIR1199	NA	1	119	0.39215
MIR1200	NA	0	76	0
MIR1202	NA	0	83	0
MIR1203	NA	0	85	0
MIR1204	NA	11	67	7.66155
MIR1205	NA	0	63	0
MIR1206	NA	0	59	0
MIR1207	NA	0	87	0
MIR1208	NA	0	73	0
MIR122	NA	0	85	0
MIR1224	NA	0	85	0
MIR1225	NA	0	90	0
MIR1226	NA	93	75	57.8656
MIR1227	NA	4	88	2.12117
MIR1228	NA	5	73	3.19629
MIR1229	NA	31	69	20.9658
MIR1231	NA	5	92	2.53618
MIR1233-1	NA	10	164	2.84548
MIR1233-2	NA	10	164	2.84548
MIR1234	NA	0	120	0
MIR1236	NA	2	612	0.152503
MIR1237	NA	34	102	15.5553
MIR1238	NA	47	83	26.4252
MIR124-1	NA	0	85	0
MIR124-2	NA	0	109	0
MIR124-2HG	NA	0	7214	0
MIR124-3	NA	0	87	0
MIR1243	NA	0	93	0
MIR1244-1	NA	2191	246	415.629
MIR1244-2	NA	2191	246	415.629
MIR1244-3	NA	2191	246	415.629
MIR1244-4	NA	2191	246	415.629
MIR1245A	NA	0	69	0
MIR1245B	NA	0	68	0
MIR1246	NA	0	73	0
MIR1247	NA	0	136	0
MIR1248	NA	155	106	68.2377
MIR1249	NA	0	66	0
MIR1250	NA	0	113	0
MIR1251	NA	0	70	0
MIR1252	NA	0	65	0
MIR1253	NA	0	105	0
MIR1254-1	NA	4	97	1.92436
MIR1254-2	NA	0	63	0
MIR1255A	NA	0	113	0
MIR1255B1	NA	0	63	0
MIR1255B2	NA	0	67	0
MIR1256	NA	0	119	0
MIR1257	NA	0	117	0
MIR1258	NA	0	73	0
MIR125A	NA	0	86	0
MIR125B1	NA	0	88	0
MIR125B2	NA	0	89	0
MIR126	NA	0	85	0
MIR1260A	NA	0	73	0
MIR1260B	NA	0	89	0
MIR1261	NA	0	82	0
MIR1262	NA	0	93	0
MIR1263	NA	0	86	0
MIR1264	NA	0	69	0
MIR1265	NA	0	86	0
MIR1266	NA	0	84	0
MIR1267	NA	0	78	0
MIR1268A	NA	0	208	0
MIR1269A	NA	0	105	0
MIR1269B	NA	0	75	0
MIR127	NA	0	97	0
MIR1270	NA	0	166	0
MIR1271	NA	0	86	0
MIR1272	NA	0	129	0
MIR1273A	NA	0	103	0
MIR1273C	NA	1	77	0.606049
MIR1273E	NA	0	100	0
MIR1273F	NA	0	99	0
MIR1273G	NA	0	100	0
MIR1273H	NA	0	80	0
MIR1275	NA	0	80	0
MIR1276	NA	0	83	0
MIR1277	NA	0	78	0
MIR1278	NA	0	81	0
MIR1279	NA	0	62	0
MIR128-1	NA	0	82	0
MIR128-2	NA	0	84	0
MIR1281	NA	0	54	0
MIR1282	NA	69	101	31.8806
MIR1283-1	NA	0	87	0
MIR1283-2	NA	0	87	0
MIR1284	NA	0	120	0
MIR1286	NA	0	78	0
MIR1287	NA	0	90	0
MIR1288	NA	0	75	0
MIR1289-1	NA	1	144	0.324068
MIR1289-2	NA	0	111	0
MIR129-1	NA	0	72	0
MIR129-2	NA	0	90	0
MIR1290	NA	0	78	0
MIR1291	NA	1	87	0.536388
MIR1292	NA	1	66	0.707058
MIR1293	NA	0	71	0
MIR1294	NA	0	142	0
MIR1295A	NA	0	79	0
MIR1295B	NA	0	60	0
MIR1296	NA	0	92	0
MIR1297	NA	0	77	0
MIR1298	NA	0	112	0
MIR1299	NA	0	83	0
MIR1301	NA	0	82	0
MIR1302-1	NA	0	143	0
MIR1302-10	NA	1	552	0.0845395
MIR1302-11	NA	1	552	0.0845395
MIR1302-2	NA	1	552	0.0845395
MIR1302-3	NA	0	138	0
MIR1302-4	NA	0	150	0
MIR1302-5	NA	0	150	0
MIR1302-6	NA	0	90	0
MIR1302-7	NA	0	72	0
MIR1302-8	NA	0	128	0
MIR1302-9	NA	1	552	0.0845395
MIR1303	NA	0	86	0
MIR1304	NA	2	91	1.02562
MIR1305	NA	0	86	0
MIR1306	NA	13	85	7.13712
MIR1307	NA	28	149	8.76941
MIR130A	NA	0	89	0
MIR130B	NA	0	82	0
MIR132	NA	0	101	0
MIR1321	NA	0	79	0
MIR1322	NA	0	71	0
MIR1323	NA	0	73	0
MIR1324	NA	0	96	0
MIR133A1	NA	0	88	0
MIR133A1HG	NA	2	4234	0.0220434
MIR133A2	NA	0	102	0
MIR133B	NA	0	119	0
MIR134	NA	0	73	0
MIR1343	NA	0	84	0
MIR135A1	NA	0	90	0
MIR135A2	NA	0	100	0
MIR135B	NA	0	97	0
MIR136	NA	0	82	0
MIR137	NA	0	102	0
MIR137HG	NA	0	2469	0
MIR138-1	NA	0	99	0
MIR138-2	NA	0	84	0
MIR139	NA	0	68	0
MIR140	NA	0	100	0
MIR141	NA	0	95	0
MIR142	NA	0	87	0
MIR143	NA	0	106	0
MIR143HG	NA	3	1003	0.139579
MIR144	NA	0	86	0
MIR145	NA	0	88	0
MIR1468	NA	0	86	0
MIR1469	NA	0	47	0
MIR146A	NA	0	99	0
MIR146B	NA	0	73	0
MIR1470	NA	0	61	0
MIR1471	NA	0	57	0
MIR147A	NA	0	72	0
MIR147B	NA	6	80	3.49993
MIR148A	NA	0	68	0
MIR148B	NA	0	99	0
MIR149	NA	1	89	0.524335
MIR150	NA	0	84	0
MIR151B	NA	0	96	0
MIR152	NA	0	87	0
MIR153-1	NA	0	90	0
MIR153-2	NA	0	87	0
MIR1537	NA	0	61	0
MIR1538	NA	0	61	0
MIR1539	NA	0	50	0
MIR154	NA	0	84	0
MIR155	NA	0	65	0
MIR155HG	NA	0	1474	0
MIR15A	NA	0	83	0
MIR15B	NA	0	98	0
MIR16-1	NA	0	89	0
MIR16-2	NA	0	81	0
MIR17	NA	0	84	0
MIR17HG	NA	21	5018	0.195293
MIR181A1	NA	0	110	0
MIR181A1HG	NA	0	604	0
MIR181A2	NA	0	110	0
MIR181A2HG	NA	12	617	0.907601
MIR181B1	NA	0	110	0
MIR181B2	NA	0	89	0
MIR181C	NA	0	110	0
MIR181D	NA	0	137	0
MIR182	NA	0	110	0
MIR1825	NA	22	53	19.3707
MIR1827	NA	0	66	0
MIR183	NA	0	110	0
MIR184	NA	0	84	0
MIR185	NA	0	82	0
MIR186	NA	0	86	0
MIR187	NA	0	109	0
MIR188	NA	0	86	0
MIR18A	NA	0	71	0
MIR18B	NA	0	71	0
MIR1908	NA	0	80	0
MIR1909	NA	21	80	12.2498
MIR190A	NA	0	85	0
MIR190B	NA	0	79	0
MIR191	NA	0	92	0
MIR1910	NA	0	80	0
MIR1911	NA	0	80	0
MIR1912	NA	0	80	0
MIR1913	NA	0	80	0
MIR1914	NA	7	80	4.08326
MIR1915	NA	2	80	1.16664
MIR192	NA	0	110	0
MIR193A	NA	0	88	0
MIR193B	NA	0	83	0
MIR194-1	NA	0	85	0
MIR194-2	NA	0	85	0
MIR195	NA	0	87	0
MIR196A1	NA	0	70	0
MIR196A2	NA	0	110	0
MIR196B	NA	3	84	1.66664
MIR197	NA	0	75	0
MIR1972-1	NA	0	77	0
MIR1972-2	NA	0	77	0
MIR1973	NA	0	44	0
MIR1976	NA	0	52	0
MIR198	NA	28	62	21.0749
MIR199A1	NA	0	71	0
MIR199A2	NA	9	110	3.81811
MIR199B	NA	1	110	0.424235
MIR19A	NA	0	82	0
MIR19B1	NA	0	87	0
MIR19B2	NA	0	96	0
MIR200A	NA	0	90	0
MIR200B	NA	0	95	0
MIR200C	NA	0	68	0
MIR202	NA	0	110	0
MIR202HG	NA	0	815	0
MIR203A	NA	0	110	0
MIR203B	NA	0	86	0
MIR204	NA	0	110	0
MIR205	NA	0	110	0
MIR2052	NA	0	55	0
MIR2052HG	NA	0	2125	0
MIR2053	NA	0	91	0
MIR2054	NA	0	49	0
MIR205HG	NA	0	890	0
MIR206	NA	0	86	0
MIR208A	NA	0	71	0
MIR208B	NA	0	77	0
MIR20A	NA	0	71	0
MIR20B	NA	0	69	0
MIR21	NA	2	72	1.29627
MIR210	NA	1	110	0.424235
MIR210HG	NA	108	2303	2.18841
MIR211	NA	0	110	0
MIR2110	NA	0	75	0
MIR2113	NA	0	89	0
MIR2114	NA	0	80	0
MIR2115	NA	0	100	0
MIR2116	NA	0	80	0
MIR2117	NA	0	80	0
MIR212	NA	2	110	0.848469
MIR214	NA	44	110	18.6663
MIR215	NA	0	110	0
MIR216A	NA	0	110	0
MIR216B	NA	0	82	0
MIR217	NA	0	110	0
MIR217HG	NA	0	685	0
MIR218-1	NA	0	110	0
MIR218-2	NA	0	110	0
MIR219A1	NA	3	660	0.212117
MIR219A2	NA	1	97	0.481091
MIR219B	NA	1	88	0.530293
MIR22	NA	3	85	1.64703
MIR221	NA	1	110	0.424235
MIR222	NA	0	110	0
MIR223	NA	0	110	0
MIR224	NA	0	81	0
MIR2276	NA	0	89	0
MIR2277	NA	2	93	1.00357
MIR2278	NA	0	96	0
MIR22HG	NA	491	2737	8.37154
MIR2355	NA	0	87	0
MIR2392	NA	0	84	0
MIR23A	NA	0	73	0
MIR23B	NA	0	97	0
MIR23C	NA	0	100	0
MIR24-1	NA	1	68	0.686262
MIR24-2	NA	0	73	0
MIR2467	NA	0	81	0
MIR25	NA	14	84	7.77763
MIR2681	NA	0	105	0
MIR2682	NA	0	109	0
MIR26A1	NA	0	77	0
MIR26A2	NA	0	84	0
MIR26B	NA	2	77	1.2121
MIR27A	NA	0	78	0
MIR27B	NA	0	97	0
MIR28	NA	0	86	0
MIR2861	NA	1	90	0.518509
MIR2909	NA	0	69	0
MIR296	NA	0	80	0
MIR298	NA	0	88	0
MIR299	NA	0	63	0
MIR29A	NA	0	64	0
MIR29B1	NA	0	81	0
MIR29B2	NA	1	81	0.576121
MIR29C	NA	0	88	0
MIR300	NA	0	82	0
MIR301A	NA	0	86	0
MIR301B	NA	0	78	0
MIR302A	NA	0	69	0
MIR302B	NA	0	73	0
MIR302C	NA	0	68	0
MIR302D	NA	0	68	0
MIR302E	NA	0	72	0
MIR302F	NA	0	51	0
MIR3064	NA	20	66	14.1412
MIR3065	NA	0	79	0
MIR3074	NA	2	81	1.15224
MIR30A	NA	0	71	0
MIR30B	NA	0	88	0
MIR30C1	NA	0	89	0
MIR30C2	NA	0	72	0
MIR30D	NA	0	70	0
MIR30E	NA	0	92	0
MIR31	NA	0	71	0
MIR3115	NA	0	68	0
MIR3116-1	NA	0	74	0
MIR3116-2	NA	0	68	0
MIR3117	NA	0	78	0
MIR3118-1	NA	0	152	0
MIR3118-2	NA	0	150	0
MIR3118-3	NA	0	150	0
MIR3118-4	NA	0	150	0
MIR3119-1	NA	0	85	0
MIR3119-2	NA	0	85	0
MIR3120	NA	16	81	9.21794
MIR3121	NA	0	77	0
MIR3122	NA	0	73	0
MIR3123	NA	0	75	0
MIR3124	NA	0	67	0
MIR3125	NA	0	78	0
MIR3126	NA	0	74	0
MIR3127	NA	0	76	0
MIR3128	NA	0	66	0
MIR3129	NA	0	76	0
MIR3130-1	NA	0	75	0
MIR3130-2	NA	0	75	0
MIR3131	NA	0	63	0
MIR3132	NA	0	75	0
MIR3133	NA	0	78	0
MIR3134	NA	0	69	0
MIR3135A	NA	0	77	0
MIR3135B	NA	0	544	0
MIR3136	NA	0	78	0
MIR3137	NA	0	75	0
MIR3138	NA	0	82	0
MIR3139	NA	0	76	0
MIR3140	NA	0	90	0
MIR3141	NA	0	61	0
MIR3142	NA	0	82	0
MIR3143	NA	0	63	0
MIR3144	NA	0	79	0
MIR3145	NA	0	82	0
MIR3146	NA	0	79	0
MIR3147	NA	0	66	0
MIR3148	NA	0	77	0
MIR3149	NA	0	83	0
MIR3150A	NA	0	80	0
MIR3150B	NA	0	86	0
MIR3151	NA	0	76	0
MIR3152	NA	0	74	0
MIR3153	NA	2	82	1.13819
MIR3154	NA	0	84	0
MIR3155A	NA	0	82	0
MIR3155B	NA	0	56	0
MIR3156-1	NA	0	75	0
MIR3156-2	NA	0	77	0
MIR3156-3	NA	0	77	0
MIR3157	NA	0	85	0
MIR3158-1	NA	0	81	0
MIR3158-2	NA	0	81	0
MIR3160-1	NA	0	85	0
MIR3160-2	NA	0	81	0
MIR3161	NA	0	77	0
MIR3162	NA	0	82	0
MIR3163	NA	0	146	0
MIR3164	NA	0	83	0
MIR3165	NA	0	75	0
MIR3166	NA	0	92	0
MIR3167	NA	0	85	0
MIR3168	NA	0	82	0
MIR3169	NA	0	83	0
MIR3170	NA	0	77	0
MIR3171	NA	0	74	0
MIR3173	NA	0	68	0
MIR3174	NA	0	87	0
MIR3175	NA	0	77	0
MIR3176	NA	0	90	0
MIR3177	NA	0	82	0
MIR3178	NA	0	84	0
MIR3179-1	NA	16	168	4.44436
MIR3179-2	NA	16	168	4.44436
MIR3179-3	NA	16	168	4.44436
MIR3179-4	NA	16	168	4.44436
MIR3180-1	NA	0	188	0
MIR3180-2	NA	0	176	0
MIR3180-3	NA	0	188	0
MIR3180-4	NA	0	153	0
MIR3180-5	NA	0	153	0
MIR3181	NA	0	73	0
MIR3182	NA	0	63	0
MIR3183	NA	0	84	0
MIR3184	NA	2	75	1.24442
MIR3185	NA	13	68	8.9214
MIR3186	NA	0	85	0
MIR3187	NA	19	70	12.6664
MIR3188	NA	0	85	0
MIR3189	NA	3	73	1.91777
MIR3190	NA	7	80	4.08326
MIR3191	NA	6	76	3.68414
MIR3192	NA	1	77	0.606049
MIR3193	NA	0	55	0
MIR3194	NA	0	73	0
MIR3195	NA	0	84	0
MIR3196	NA	0	64	0
MIR3197	NA	0	73	0
MIR3198-1	NA	0	80	0
MIR3198-2	NA	64	80	37.3326
MIR3199-1	NA	0	88	0
MIR3199-2	NA	0	86	0
MIR31HG	NA	0	2148	0
MIR32	NA	0	70	0
MIR3200	NA	0	85	0
MIR3201	NA	0	52	0
MIR3202-1	NA	0	81	0
MIR3202-2	NA	0	79	0
MIR320A	NA	0	82	0
MIR320B1	NA	0	79	0
MIR320B2	NA	0	138	0
MIR320C1	NA	1	88	0.530293
MIR320C2	NA	0	50	0
MIR320D1	NA	0	48	0
MIR320D2	NA	0	48	0
MIR320E	NA	0	53	0
MIR323A	NA	0	86	0
MIR323B	NA	0	82	0
MIR324	NA	57	83	32.0476
MIR325	NA	0	98	0
MIR325HG	NA	0	1403	0
MIR326	NA	0	95	0
MIR328	NA	4	75	2.48884
MIR329-1	NA	0	80	0
MIR329-2	NA	0	84	0
MIR330	NA	0	94	0
MIR331	NA	0	94	0
MIR335	NA	0	94	0
MIR337	NA	0	93	0
MIR338	NA	0	67	0
MIR339	NA	0	94	0
MIR33A	NA	0	69	0
MIR33B	NA	0	96	0
MIR340	NA	0	95	0
MIR342	NA	0	99	0
MIR345	NA	0	98	0
MIR346	NA	0	95	0
MIR34A	NA	0	110	0
MIR34B	NA	0	84	0
MIR34C	NA	2	77	1.2121
MIR3529	NA	0	78	0
MIR3591	NA	0	73	0
MIR3605	NA	0	100	0
MIR3606	NA	0	63	0
MIR3607	NA	3	79	1.77212
MIR3609	NA	0	80	0
MIR361	NA	0	72	0
MIR3610	NA	0	73	0
MIR3611	NA	0	83	0
MIR3612	NA	0	87	0
MIR3613	NA	0	87	0
MIR3614	NA	7	86	3.79838
MIR3615	NA	0	87	0
MIR3616	NA	0	92	0
MIR3617	NA	0	79	0
MIR3618	NA	1	88	0.530293
MIR3619	NA	0	83	0
MIR362	NA	0	64	0
MIR3620	NA	234	79	138.225
MIR3621	NA	0	85	0
MIR3622A	NA	0	83	0
MIR3622B	NA	0	95	0
MIR363	NA	0	75	0
MIR3646	NA	0	84	0
MIR3648-1	NA	56	180	14.5182
MIR3648-2	NA	56	180	14.5182
MIR3649	NA	0	66	0
MIR3650	NA	0	60	0
MIR3651	NA	2	90	1.03702
MIR3652	NA	60	131	21.3736
MIR3653	NA	0	110	0
MIR3654	NA	3380	112	1408.31
MIR3655	NA	0	83	0
MIR3656	NA	96	69	64.9263
MIR3657	NA	0	117	0
MIR3658	NA	13	56	10.8331
MIR3659	NA	0	99	0
MIR365A	NA	0	87	0
MIR365B	NA	0	111	0
MIR3660	NA	0	100	0
MIR3661	NA	108	96	52.499
MIR3662	NA	1	95	0.491219
MIR3663	NA	0	97	0
MIR3663HG	NA	0	2524	0
MIR3664	NA	0	99	0
MIR3665	NA	0	105	0
MIR3666	NA	0	111	0
MIR3667	NA	0	74	0
MIR3668	NA	0	75	0
MIR367	NA	4	68	2.74505
MIR3670-1	NA	0	130	0
MIR3670-2	NA	0	130	0
MIR3670-3	NA	0	130	0
MIR3670-4	NA	0	130	0
MIR3671	NA	0	88	0
MIR3672	NA	0	82	0
MIR3674	NA	0	68	0
MIR3675	NA	0	148	0
MIR3677	NA	0	60	0
MIR3678	NA	0	94	0
MIR3679	NA	0	68	0
MIR3680-1	NA	2	174	0.536388
MIR3680-2	NA	2	174	0.536388
MIR3681	NA	0	72	0
MIR3682	NA	0	84	0
MIR3683	NA	0	82	0
MIR3684	NA	0	74	0
MIR3685	NA	0	62	0
MIR3686	NA	0	86	0
MIR3687-1	NA	50	61	38.2507
MIR3687-2	NA	50	61	38.2507
MIR3688-1	NA	0	93	0
MIR3688-2	NA	0	87	0
MIR3689A	NA	0	78	0
MIR3689B	NA	0	148	0
MIR3689C	NA	0	72	0
MIR3689D1	NA	0	74	0
MIR3689D2	NA	0	80	0
MIR3689E	NA	0	72	0
MIR3689F	NA	0	66	0
MIR369	NA	0	70	0
MIR3690	NA	0	150	0
MIR3691	NA	0	90	0
MIR3692	NA	0	69	0
MIR370	NA	0	75	0
MIR3713	NA	0	45	0
MIR3714	NA	0	65	0
MIR371A	NA	0	67	0
MIR371B	NA	0	66	0
MIR372	NA	0	67	0
MIR373	NA	0	69	0
MIR374A	NA	0	72	0
MIR374B	NA	0	72	0
MIR374C	NA	0	70	0
MIR375	NA	0	64	0
MIR376A1	NA	0	68	0
MIR376A2	NA	0	80	0
MIR376B	NA	0	100	0
MIR376C	NA	0	66	0
MIR377	NA	0	69	0
MIR378A	NA	0	66	0
MIR378B	NA	0	57	0
MIR378C	NA	0	81	0
MIR378D1	NA	0	54	0
MIR378D2	NA	0	98	0
MIR378E	NA	0	79	0
MIR378F	NA	0	78	0
MIR378G	NA	0	41	0
MIR378H	NA	0	83	0
MIR378I	NA	0	76	0
MIR378J	NA	4	109	1.71251
MIR379	NA	0	67	0
MIR380	NA	0	61	0
MIR381	NA	0	75	0
MIR381HG	NA	0	425	0
MIR382	NA	0	76	0
MIR383	NA	0	73	0
MIR384	NA	0	88	0
MIR3907	NA	0	151	0
MIR3908	NA	0	126	0
MIR3909	NA	0	119	0
MIR3910-1	NA	0	111	0
MIR3910-2	NA	0	79	0
MIR3911	NA	2	109	0.856253
MIR3912	NA	1	105	0.444436
MIR3913-1	NA	0	102	0
MIR3913-2	NA	0	100	0
MIR3914-1	NA	0	99	0
MIR3914-2	NA	0	95	0
MIR3915	NA	0	97	0
MIR3916	NA	2	94	0.992889
MIR3917	NA	0	93	0
MIR3918	NA	1	93	0.501783
MIR3919	NA	0	89	0
MIR3920	NA	0	86	0
MIR3921	NA	0	85	0
MIR3922	NA	0	84	0
MIR3923	NA	0	83	0
MIR3924	NA	0	81	0
MIR3925	NA	0	77	0
MIR3926-1	NA	0	73	0
MIR3926-2	NA	0	63	0
MIR3927	NA	0	71	0
MIR3928	NA	0	58	0
MIR3929	NA	0	55	0
MIR3934	NA	9	107	3.92516
MIR3935	NA	0	104	0
MIR3936	NA	1	110	0.424235
MIR3937	NA	0	106	0
MIR3938	NA	0	103	0
MIR3939	NA	0	106	0
MIR3940	NA	236	102	107.972
MIR3941	NA	0	103	0
MIR3942	NA	0	109	0
MIR3943	NA	0	100	0
MIR3944	NA	0	108	0
MIR3945	NA	0	98	0
MIR3960	NA	1	91	0.512811
MIR3972	NA	0	87	0
MIR3973	NA	0	107	0
MIR3974	NA	0	96	0
MIR3975	NA	0	70	0
MIR3976	NA	0	139	0
MIR3976HG	NA	0	1690	0
MIR3977	NA	0	70	0
MIR3978	NA	0	101	0
MIR409	NA	0	79	0
MIR410	NA	0	80	0
MIR411	NA	0	96	0
MIR412	NA	0	91	0
MIR421	NA	0	85	0
MIR422A	NA	0	90	0
MIR423	NA	2	94	0.992889
MIR424	NA	0	98	0
MIR425	NA	0	87	0
MIR4251	NA	0	61	0
MIR4252	NA	0	63	0
MIR4253	NA	0	68	0
MIR4254	NA	0	76	0
MIR4255	NA	0	72	0
MIR4256	NA	0	64	0
MIR4257	NA	5	86	2.71313
MIR4258	NA	0	91	0
MIR4259	NA	0	101	0
MIR4260	NA	1	67	0.696504
MIR4261	NA	0	58	0
MIR4262	NA	0	54	0
MIR4263	NA	1	83	0.562239
MIR4264	NA	0	66	0
MIR4265	NA	0	99	0
MIR4266	NA	0	55	0
MIR4267	NA	0	82	0
MIR4268	NA	0	64	0
MIR4269	NA	0	84	0
MIR4270	NA	0	70	0
MIR4271	NA	7	67	4.87553
MIR4272	NA	0	64	0
MIR4273	NA	1	168	0.277773
MIR4274	NA	0	91	0
MIR4275	NA	0	87	0
MIR4276	NA	0	70	0
MIR4277	NA	0	84	0
MIR4278	NA	0	69	0
MIR4279	NA	0	58	0
MIR4280	NA	0	76	0
MIR4281	NA	0	62	0
MIR4282	NA	0	67	0
MIR4283-1	NA	0	80	0
MIR4283-2	NA	0	80	0
MIR4284	NA	0	81	0
MIR4285	NA	0	85	0
MIR4286	NA	0	93	0
MIR4287	NA	0	78	0
MIR4288	NA	0	67	0
MIR4289	NA	0	70	0
MIR429	NA	0	83	0
MIR4290	NA	0	95	0
MIR4291	NA	0	65	0
MIR4292	NA	2	67	1.39301
MIR4293	NA	0	78	0
MIR4294	NA	0	76	0
MIR4295	NA	0	85	0
MIR4296	NA	0	88	0
MIR4297	NA	0	76	0
MIR4298	NA	0	73	0
MIR4299	NA	0	72	0
MIR4300	NA	0	96	0
MIR4301	NA	0	66	0
MIR4302	NA	0	60	0
MIR4303	NA	0	66	0
MIR4304	NA	0	62	0
MIR4305	NA	0	102	0
MIR4306	NA	0	91	0
MIR4307	NA	0	84	0
MIR4308	NA	0	81	0
MIR4309	NA	0	83	0
MIR431	NA	0	114	0
MIR4310	NA	0	57	0
MIR4311	NA	0	100	0
MIR4312	NA	1	76	0.614024
MIR4313	NA	0	101	0
MIR4314	NA	0	92	0
MIR4315-1	NA	2	219	0.426172
MIR4315-2	NA	2	219	0.426172
MIR4316	NA	0	71	0
MIR4317	NA	0	65	0
MIR4318	NA	0	81	0
MIR4319	NA	0	85	0
MIR432	NA	0	94	0
MIR4320	NA	0	65	0
MIR4321	NA	13	80	7.58319
MIR4322	NA	0	73	0
MIR4323	NA	0	69	0
MIR4324	NA	0	72	0
MIR4325	NA	0	90	0
MIR4326	NA	0	59	0
MIR4327	NA	0	85	0
MIR4328	NA	0	56	0
MIR4329	NA	0	71	0
MIR433	NA	0	93	0
MIR4330	NA	0	105	0
MIR4417	NA	0	73	0
MIR4418	NA	0	62	0
MIR4419A	NA	1	77	0.606049
MIR4419B	NA	0	68	0
MIR4420	NA	0	77	0
MIR4421	NA	0	69	0
MIR4422	NA	0	83	0
MIR4423	NA	0	80	0
MIR4424	NA	0	86	0
MIR4425	NA	0	84	0
MIR4426	NA	4432	183	1130.18
MIR4427	NA	0	68	0
MIR4428	NA	0	73	0
MIR4429	NA	0	73	0
MIR4430	NA	0	49	0
MIR4431	NA	0	94	0
MIR4432	NA	0	84	0
MIR4433A	NA	0	81	0
MIR4433B	NA	0	102	0
MIR4434	NA	0	53	0
MIR4435-1	NA	0	80	0
MIR4435-2	NA	0	74	0
MIR4435-2HG	NA	929	1105	39.2331
MIR4436A	NA	0	85	0
MIR4436B1	NA	0	91	0
MIR4436B2	NA	0	91	0
MIR4437	NA	0	60	0
MIR4438	NA	0	93	0
MIR4439	NA	0	80	0
MIR4440	NA	0	98	0
MIR4441	NA	0	100	0
MIR4442	NA	0	67	0
MIR4443	NA	0	53	0
MIR4444-1	NA	4	146	1.27852
MIR4444-2	NA	4	146	1.27852
MIR4445	NA	0	70	0
MIR4446	NA	0	67	0
MIR4447	NA	0	91	0
MIR4449	NA	0	66	0
MIR4450	NA	1	65	0.717935
MIR4451	NA	0	66	0
MIR4452	NA	0	71	0
MIR4453	NA	0	89	0
MIR4454	NA	0	263	0
MIR4455	NA	0	58	0
MIR4456	NA	0	43	0
MIR4457	NA	0	68	0
MIR4458	NA	0	75	0
MIR4458HG	NA	272	3244	3.91279
MIR4459	NA	0	129	0
MIR4460	NA	0	86	0
MIR4461	NA	5	74	3.15309
MIR4462	NA	0	58	0
MIR4463	NA	0	67	0
MIR4464	NA	0	92	0
MIR4465	NA	0	70	0
MIR4466	NA	0	54	0
MIR4467	NA	0	63	0
MIR4468	NA	0	64	0
MIR4469	NA	0	79	0
MIR4470	NA	0	72	0
MIR4471	NA	0	83	0
MIR4472-1	NA	0	80	0
MIR4472-2	NA	0	67	0
MIR4473	NA	0	91	0
MIR4474	NA	0	78	0
MIR4475	NA	0	61	0
MIR4476	NA	0	70	0
MIR4477A	NA	0	81	0
MIR4477B	NA	0	81	0
MIR4478	NA	0	86	0
MIR4479	NA	0	71	0
MIR448	NA	0	111	0
MIR4480	NA	0	71	0
MIR4481	NA	0	60	0
MIR4482	NA	3	70	1.99996
MIR4483	NA	0	62	0
MIR4484	NA	0	83	0
MIR4485	NA	11	57	9.00568
MIR4486	NA	0	63	0
MIR4487	NA	0	73	0
MIR4488	NA	0	62	0
MIR4489	NA	1	62	0.752674
MIR4490	NA	0	84	0
MIR4491	NA	1	66	0.707058
MIR4492	NA	0	80	0
MIR4493	NA	0	73	0
MIR4494	NA	0	84	0
MIR4495	NA	0	66	0
MIR4496	NA	0	61	0
MIR4497	NA	0	89	0
MIR4498	NA	0	66	0
MIR4499	NA	0	69	0
MIR449A	NA	0	91	0
MIR449B	NA	0	97	0
MIR449C	NA	0	92	0
MIR4500	NA	0	76	0
MIR4500HG	NA	0	1675	0
MIR4501	NA	0	64	0
MIR4502	NA	0	81	0
MIR4503	NA	0	83	0
MIR4504	NA	0	92	0
MIR4505	NA	0	73	0
MIR4506	NA	0	77	0
MIR4507	NA	0	52	0
MIR4508	NA	0	70	0
MIR4509-1	NA	0	188	0
MIR4509-2	NA	0	188	0
MIR4509-3	NA	0	188	0
MIR450A1	NA	0	91	0
MIR450A2	NA	0	100	0
MIR450B	NA	0	78	0
MIR4510	NA	0	68	0
MIR4511	NA	0	87	0
MIR4512	NA	0	77	0
MIR4513	NA	0	86	0
MIR4514	NA	0	57	0
MIR4515	NA	0	81	0
MIR4516	NA	0	86	0
MIR4517	NA	2	79	1.18141
MIR4518	NA	0	83	0
MIR4519	NA	1	58	0.804583
MIR451A	NA	0	72	0
MIR451B	NA	0	68	0
MIR452	NA	0	85	0
MIR4520-1	NA	0	70	0
MIR4520-2	NA	0	54	0
MIR4521	NA	1	60	0.777763
MIR4522	NA	0	87	0
MIR4523	NA	0	69	0
MIR4524A	NA	0	69	0
MIR4524B	NA	0	115	0
MIR4525	NA	0	75	0
MIR4526	NA	0	87	0
MIR4527	NA	0	70	0
MIR4528	NA	0	90	0
MIR4529	NA	0	78	0
MIR4530	NA	0	56	0
MIR4531	NA	0	47	0
MIR4532	NA	0	51	0
MIR4533	NA	0	71	0
MIR4534	NA	0	60	0
MIR4535	NA	0	59	0
MIR4536-1	NA	0	88	0
MIR4536-2	NA	0	88	0
MIR4537	NA	0	138	0
MIR4538	NA	0	113	0
MIR4539	NA	0	42	0
MIR454	NA	0	115	0
MIR4540	NA	0	55	0
MIR455	NA	0	96	0
MIR4632	NA	0	61	0
MIR4633	NA	0	79	0
MIR4634	NA	1	54	0.864181
MIR4635	NA	0	79	0
MIR4636	NA	0	80	0
MIR4637	NA	0	84	0
MIR4638	NA	0	68	0
MIR4639	NA	0	69	0
MIR4640	NA	1	540	0.0864181
MIR4641	NA	0	66	0
MIR4642	NA	0	82	0
MIR4643	NA	0	78	0
MIR4644	NA	0	84	0
MIR4645	NA	0	77	0
MIR4646	NA	5	441	0.529091
MIR4647	NA	20	80	11.6664
MIR4648	NA	0	72	0
MIR4649	NA	0	64	0
MIR4650-1	NA	0	76	0
MIR4650-2	NA	0	76	0
MIR4651	NA	0	73	0
MIR4652	NA	0	78	0
MIR4653	NA	1	83	0.562239
MIR4654	NA	0	76	0
MIR4655	NA	0	74	0
MIR4656	NA	1	75	0.622211
MIR4657	NA	0	53	0
MIR4658	NA	25	65	17.9484
MIR4659A	NA	0	81	0
MIR4659B	NA	0	73	0
MIR466	NA	0	84	0
MIR4660	NA	0	74	0
MIR4661	NA	0	74	0
MIR4662A	NA	0	67	0
MIR4662B	NA	0	81	0
MIR4663	NA	0	76	0
MIR4664	NA	4	71	2.62906
MIR4665	NA	0	79	0
MIR4666A	NA	1	79	0.590706
MIR4666B	NA	0	81	0
MIR4667	NA	0	66	0
MIR4668	NA	0	70	0
MIR4669	NA	0	62	0
MIR4670	NA	0	75	0
MIR4671	NA	0	73	0
MIR4672	NA	0	81	0
MIR4673	NA	0	59	0
MIR4674	NA	0	87	0
MIR4675	NA	0	77	0
MIR4676	NA	0	72	0
MIR4677	NA	0	80	0
MIR4678	NA	0	74	0
MIR4679-1	NA	0	75	0
MIR4679-2	NA	0	77	0
MIR4680	NA	19	66	13.4341
MIR4681	NA	0	72	0
MIR4682	NA	0	80	0
MIR4683	NA	0	81	0
MIR4684	NA	0	82	0
MIR4685	NA	1	69	0.676316
MIR4686	NA	0	76	0
MIR4687	NA	7	80	4.08326
MIR4688	NA	38	83	21.3651
MIR4689	NA	0	70	0
MIR4690	NA	43	60	33.4438
MIR4691	NA	0	85	0
MIR4692	NA	0	63	0
MIR4693	NA	0	75	0
MIR4694	NA	0	80	0
MIR4695	NA	0	74	0
MIR4696	NA	0	70	0
MIR4697	NA	2	78	1.19656
MIR4697HG	NA	300	5306	2.63847
MIR4698	NA	0	80	0
MIR4699	NA	0	74	0
MIR4700	NA	33	74	20.8104
MIR4701	NA	0	63	0
MIR4703	NA	0	79	0
MIR4704	NA	0	75	0
MIR4705	NA	0	71	0
MIR4706	NA	0	82	0
MIR4707	NA	16	80	9.33316
MIR4708	NA	0	66	0
MIR4709	NA	619	72	401.196
MIR4710	NA	0	56	0
MIR4711	NA	0	70	0
MIR4712	NA	5	82	2.84548
MIR4713	NA	0	75	0
MIR4714	NA	0	77	0
MIR4715	NA	0	79	0
MIR4716	NA	0	84	0
MIR4717	NA	0	72	0
MIR4718	NA	0	51	0
MIR4719	NA	0	84	0
MIR4720	NA	1	76	0.614024
MIR4721	NA	138	89	72.3582
MIR4722	NA	0	60	0
MIR4723	NA	0	81	0
MIR4724	NA	4	89	2.09734
MIR4725	NA	0	90	0
MIR4726	NA	0	58	0
MIR4727	NA	0	55	0
MIR4728	NA	3	67	2.08951
MIR4729	NA	0	72	0
MIR4730	NA	0	76	0
MIR4731	NA	0	70	0
MIR4732	NA	0	76	0
MIR4733	NA	0	76	0
MIR4734	NA	0	70	0
MIR4735	NA	0	69	0
MIR4736	NA	0	47	0
MIR4737	NA	6	81	3.45673
MIR4738	NA	1	87	0.536388
MIR4739	NA	0	74	0
MIR4740	NA	0	63	0
MIR4741	NA	0	90	0
MIR4742	NA	0	85	0
MIR4743	NA	0	69	0
MIR4744	NA	0	82	0
MIR4745	NA	37	62	27.8489
MIR4746	NA	6	71	3.94359
MIR4747	NA	0	54	0
MIR4748	NA	0	82	0
MIR4749	NA	60	61	45.9008
MIR4750	NA	0	56	0
MIR4751	NA	81	74	51.0801
MIR4752	NA	0	72	0
MIR4753	NA	0	83	0
MIR4754	NA	1	89	0.524335
MIR4755	NA	0	72	0
MIR4756	NA	0	78	0
MIR4757	NA	0	77	0
MIR4758	NA	2	71	1.31453
MIR4759	NA	0	83	0
MIR4760	NA	0	80	0
MIR4761	NA	110	82	62.6005
MIR4762	NA	0	75	0
MIR4763	NA	0	92	0
MIR4764	NA	0	88	0
MIR4765	NA	0	77	0
MIR4766	NA	0	76	0
MIR4767	NA	0	78	0
MIR4768	NA	0	74	0
MIR4769	NA	0	77	0
MIR4770	NA	0	58	0
MIR4771-1	NA	0	74	0
MIR4771-2	NA	0	74	0
MIR4772	NA	0	78	0
MIR4773-1	NA	0	78	0
MIR4773-2	NA	0	78	0
MIR4774	NA	0	76	0
MIR4775	NA	21	75	13.0664
MIR4776-1	NA	0	80	0
MIR4776-2	NA	0	80	0
MIR4777	NA	0	86	0
MIR4778	NA	0	80	0
MIR4779	NA	0	83	0
MIR4780	NA	0	81	0
MIR4781	NA	0	76	0
MIR4782	NA	0	79	0
MIR4783	NA	0	82	0
MIR4784	NA	0	77	0
MIR4785	NA	0	73	0
MIR4786	NA	0	80	0
MIR4787	NA	1	84	0.555545
MIR4788	NA	0	80	0
MIR4789	NA	0	82	0
MIR4790	NA	0	79	0
MIR4791	NA	0	84	0
MIR4792	NA	0	74	0
MIR4793	NA	4	87	2.14555
MIR4794	NA	0	75	0
MIR4795	NA	0	89	0
MIR4796	NA	0	81	0
MIR4797	NA	0	71	0
MIR4798	NA	0	75	0
MIR4799	NA	0	74	0
MIR4800	NA	19	80	11.0831
MIR4801	NA	0	82	0
MIR4802	NA	0	80	0
MIR4803	NA	0	74	0
MIR4804	NA	0	73	0
MIR483	NA	0	76	0
MIR484	NA	0	79	0
MIR485	NA	0	73	0
MIR486-1	NA	0	68	0
MIR486-2	NA	0	64	0
MIR487A	NA	0	80	0
MIR487B	NA	0	84	0
MIR488	NA	0	83	0
MIR489	NA	0	84	0
MIR490	NA	0	128	0
MIR491	NA	0	84	0
MIR492	NA	0	116	0
MIR493	NA	0	89	0
MIR494	NA	0	81	0
MIR495	NA	0	82	0
MIR496	NA	0	102	0
MIR497	NA	0	112	0
MIR497HG	NA	280	794	16.4565
MIR498	NA	0	124	0
MIR4999	NA	0	91	0
MIR499A	NA	0	122	0
MIR499B	NA	0	73	0
MIR5000	NA	0	103	0
MIR5001	NA	0	100	0
MIR5002	NA	0	97	0
MIR5003	NA	0	27	0
MIR5004	NA	2	214	0.436129
MIR5006	NA	0	110	0
MIR5007	NA	0	95	0
MIR5008	NA	0	94	0
MIR5009	NA	0	66	0
MIR500A	NA	0	84	0
MIR500B	NA	0	79	0
MIR501	NA	0	84	0
MIR5010	NA	5	120	1.94441
MIR5011	NA	0	103	0
MIR502	NA	0	86	0
MIR503	NA	1	71	0.657265
MIR503HG	NA	49	786	2.90919
MIR504	NA	0	83	0
MIR5047	NA	190	100	88.665
MIR505	NA	0	84	0
MIR506	NA	0	124	0
MIR507	NA	0	94	0
MIR508	NA	0	115	0
MIR5087	NA	0	76	0
MIR5088	NA	104	79	61.4335
MIR5089	NA	0	84	0
MIR509-1	NA	0	185	0
MIR509-2	NA	0	182	0
MIR509-3	NA	0	227	0
MIR5090	NA	0	85	0
MIR5091	NA	0	93	0
MIR5092	NA	0	88	0
MIR5093	NA	0	100	0
MIR5094	NA	0	85	0
MIR5095	NA	0	173	0
MIR5096	NA	0	206	0
MIR510	NA	0	74	0
MIR5100	NA	0	119	0
MIR511	NA	0	174	0
MIR512-1	NA	0	168	0
MIR512-2	NA	0	196	0
MIR513A1	NA	0	129	0
MIR513A2	NA	0	127	0
MIR513B	NA	0	84	0
MIR513C	NA	0	84	0
MIR514A1	NA	0	98	0
MIR514A2	NA	0	176	0
MIR514A3	NA	0	176	0
MIR514B	NA	0	80	0
MIR515-1	NA	0	166	0
MIR515-2	NA	0	166	0
MIR516A1	NA	0	90	0
MIR516A2	NA	0	90	0
MIR516B1	NA	0	90	0
MIR516B2	NA	0	85	0
MIR517A	NA	0	87	0
MIR517B	NA	0	67	0
MIR517C	NA	0	95	0
MIR5186	NA	0	120	0
MIR5187	NA	0	76	0
MIR5188	NA	0	113	0
MIR5189	NA	0	114	0
MIR518A1	NA	0	85	0
MIR518A2	NA	0	87	0
MIR518B	NA	0	83	0
MIR518C	NA	0	101	0
MIR518D	NA	0	87	0
MIR518E	NA	0	88	0
MIR518F	NA	0	87	0
MIR5190	NA	0	80	0
MIR5191	NA	0	120	0
MIR5192	NA	0	92	0
MIR5193	NA	2	109	0.856253
MIR5194	NA	0	120	0
MIR5195	NA	0	115	0
MIR5196	NA	0	115	0
MIR5197	NA	0	112	0
MIR519A1	NA	0	85	0
MIR519A2	NA	0	87	0
MIR519B	NA	0	81	0
MIR519C	NA	0	87	0
MIR519D	NA	0	88	0
MIR519E	NA	0	84	0
MIR520A	NA	0	85	0
MIR520B	NA	0	61	0
MIR520C	NA	0	87	0
MIR520D	NA	0	87	0
MIR520E	NA	0	87	0
MIR520F	NA	0	87	0
MIR520G	NA	0	90	0
MIR520H	NA	0	88	0
MIR521-1	NA	0	87	0
MIR521-2	NA	0	87	0
MIR522	NA	0	87	0
MIR523	NA	0	87	0
MIR524	NA	0	87	0
MIR525	NA	0	85	0
MIR526A1	NA	0	85	0
MIR526A2	NA	0	65	0
MIR526B	NA	0	83	0
MIR527	NA	0	85	0
MIR532	NA	0	91	0
MIR539	NA	0	78	0
MIR541	NA	0	84	0
MIR542	NA	0	97	0
MIR543	NA	0	78	0
MIR544A	NA	0	91	0
MIR544B	NA	0	78	0
MIR545	NA	0	106	0
MIR548A1	NA	0	97	0
MIR548A2	NA	0	84	0
MIR548A3	NA	0	83	0
MIR548AA1	NA	6	44	6.36352
MIR548AA2	NA	0	84	0
MIR548AB	NA	0	84	0
MIR548AC	NA	0	85	0
MIR548AD	NA	0	30	0
MIR548AE1	NA	0	70	0
MIR548AE2	NA	0	67	0
MIR548AG1	NA	0	66	0
MIR548AG2	NA	0	64	0
MIR548AH	NA	0	76	0
MIR548AI	NA	0	84	0
MIR548AJ1	NA	0	72	0
MIR548AJ2	NA	0	51	0
MIR548AK	NA	0	57	0
MIR548AL	NA	0	60	0
MIR548AM	NA	0	74	0
MIR548AN	NA	0	81	0
MIR548AO	NA	0	39	0
MIR548AP	NA	0	67	0
MIR548AQ	NA	0	115	0
MIR548AR	NA	0	57	0
MIR548AS	NA	0	20	0
MIR548AT	NA	0	58	0
MIR548AU	NA	0	107	0
MIR548AV	NA	0	28	0
MIR548AW	NA	0	65	0
MIR548AX	NA	0	45	0
MIR548AY	NA	0	50	0
MIR548AZ	NA	0	85	0
MIR548B	NA	0	97	0
MIR548BA	NA	0	56	0
MIR548BB	NA	0	66	0
MIR548C	NA	0	97	0
MIR548D1	NA	6	44	6.36352
MIR548D2	NA	0	83	0
MIR548F1	NA	0	82	0
MIR548F2	NA	0	98	0
MIR548F3	NA	0	173	0
MIR548F4	NA	0	105	0
MIR548F5	NA	0	73	0
MIR548G	NA	0	83	0
MIR548H1	NA	0	102	0
MIR548H2	NA	0	84	0
MIR548H3	NA	0	162	0
MIR548H4	NA	0	83	0
MIR548H5	NA	0	60	0
MIR548I1	NA	0	149	0
MIR548I2	NA	1	149	0.313193
MIR548I3	NA	1	149	0.313193
MIR548I4	NA	0	61	0
MIR548J	NA	0	112	0
MIR548K	NA	0	116	0
MIR548L	NA	0	86	0
MIR548M	NA	0	35	0
MIR548N	NA	2	79	1.18141
MIR548O	NA	0	114	0
MIR548O2	NA	0	63	0
MIR548P	NA	0	84	0
MIR548Q	NA	0	81	0
MIR548S	NA	0	82	0
MIR548T	NA	0	53	0
MIR548U	NA	0	81	0
MIR548V	NA	0	80	0
MIR548W	NA	0	72	0
MIR548X	NA	0	30	0
MIR548X2	NA	0	100	0
MIR548Y	NA	0	110	0
MIR548Z	NA	0	97	0
MIR549A	NA	0	96	0
MIR550A1	NA	0	97	0
MIR550A2	NA	0	97	0
MIR550A3	NA	0	95	0
MIR550B1	NA	0	97	0
MIR550B2	NA	0	97	0
MIR551A	NA	0	95	0
MIR551B	NA	0	96	0
MIR552	NA	0	96	0
MIR553	NA	0	68	0
MIR554	NA	0	96	0
MIR555	NA	0	96	0
MIR556	NA	0	95	0
MIR557	NA	0	98	0
MIR5571	NA	0	113	0
MIR5572	NA	0	137	0
MIR5579	NA	0	58	0
MIR558	NA	0	94	0
MIR5580	NA	0	58	0
MIR5581	NA	0	60	0
MIR5582	NA	0	68	0
MIR5583-1	NA	0	59	0
MIR5583-2	NA	0	59	0
MIR5584	NA	0	60	0
MIR5585	NA	0	59	0
MIR5586	NA	1	22	2.12117
MIR5587	NA	0	53	0
MIR5588	NA	0	63	0
MIR5589	NA	0	60	0
MIR559	NA	0	96	0
MIR5590	NA	0	54	0
MIR5591	NA	0	65	0
MIR561	NA	2	97	0.962181
MIR563	NA	0	79	0
MIR564	NA	1	94	0.496445
MIR566	NA	0	94	0
MIR567	NA	0	98	0
MIR568	NA	0	95	0
MIR5680	NA	0	84	0
MIR5681A	NA	0	75	0
MIR5681B	NA	0	60	0
MIR5682	NA	0	76	0
MIR5683	NA	0	76	0
MIR5684	NA	1	63	0.740727
MIR5685	NA	0	79	0
MIR5687	NA	0	77	0
MIR5688	NA	0	83	0
MIR5689	NA	0	78	0
MIR569	NA	0	96	0
MIR5690	NA	0	73	0
MIR5691	NA	0	68	0
MIR5692A1	NA	0	138	0
MIR5692A2	NA	0	118	0
MIR5692B	NA	0	33	0
MIR5692C1	NA	0	23	0
MIR5692C2	NA	0	21	0
MIR5693	NA	0	73	0
MIR5694	NA	0	62	0
MIR5695	NA	0	69	0
MIR5696	NA	0	85	0
MIR5697	NA	0	78	0
MIR5698	NA	0	23	0
MIR5699	NA	0	90	0
MIR570	NA	6	97	2.88654
MIR5700	NA	0	71	0
MIR5701-1	NA	0	164	0
MIR5701-2	NA	0	164	0
MIR5701-3	NA	0	164	0
MIR5702	NA	0	84	0
MIR5703	NA	0	56	0
MIR5704	NA	0	77	0
MIR5705	NA	0	89	0
MIR5706	NA	0	80	0
MIR5707	NA	0	81	0
MIR5708	NA	0	85	0
MIR571	NA	0	96	0
MIR572	NA	0	95	0
MIR573	NA	0	99	0
MIR5739	NA	0	80	0
MIR574	NA	0	96	0
MIR575	NA	0	94	0
MIR577	NA	0	96	0
MIR578	NA	0	96	0
MIR5787	NA	0	55	0
MIR579	NA	0	98	0
MIR580	NA	0	97	0
MIR581	NA	0	96	0
MIR583	NA	0	75	0
MIR585	NA	0	94	0
MIR586	NA	0	97	0
MIR587	NA	0	96	0
MIR588	NA	0	83	0
MIR589	NA	1	99	0.471372
MIR590	NA	0	97	0
MIR591	NA	0	95	0
MIR592	NA	0	97	0
MIR593	NA	0	100	0
MIR595	NA	0	96	0
MIR596	NA	0	77	0
MIR597	NA	0	97	0
MIR598	NA	0	97	0
MIR599	NA	0	95	0
MIR600	NA	3	98	1.42854
MIR600HG	NA	225	5984	1.75465
MIR601	NA	0	79	0
MIR602	NA	0	98	0
MIR603	NA	0	97	0
MIR604	NA	0	94	0
MIR605	NA	1	83	0.562239
MIR606	NA	0	96	0
MIR6068	NA	0	60	0
MIR6069	NA	0	79	0
MIR607	NA	0	96	0
MIR6070	NA	0	103	0
MIR6071	NA	2	78	1.19656
MIR6072	NA	0	71	0
MIR6073	NA	0	89	0
MIR6074	NA	0	107	0
MIR6075	NA	0	95	0
MIR6076	NA	0	113	0
MIR6077	NA	0	164	0
MIR6078	NA	0	100	0
MIR6079	NA	0	62	0
MIR608	NA	0	100	0
MIR6080	NA	5	66	3.53529
MIR6081	NA	0	97	0
MIR6082	NA	0	109	0
MIR6083	NA	0	106	0
MIR6084	NA	49	110	20.7875
MIR6085	NA	0	110	0
MIR6086	NA	0	55	0
MIR6087	NA	637	49	606.655
MIR6088	NA	0	51	0
MIR6089	NA	0	128	0
MIR609	NA	0	95	0
MIR6090	NA	0	60	0
MIR610	NA	1	96	0.486102
MIR611	NA	1	67	0.696504
MIR612	NA	28	100	13.0664
MIR6124	NA	0	85	0
MIR6125	NA	1	96	0.486102
MIR6126	NA	0	89	0
MIR6127	NA	0	109	0
MIR6128	NA	0	109	0
MIR6129	NA	0	109	0
MIR613	NA	0	95	0
MIR6130	NA	0	106	0
MIR6131	NA	0	109	0
MIR6132	NA	0	109	0
MIR6133	NA	0	108	0
MIR6134	NA	0	109	0
MIR614	NA	1	90	0.518509
MIR615	NA	0	96	0
MIR616	NA	0	95	0
MIR6165	NA	0	84	0
MIR617	NA	0	97	0
MIR618	NA	0	98	0
MIR619	NA	0	99	0
MIR620	NA	0	95	0
MIR621	NA	24	96	11.6664
MIR622	NA	727	96	353.396
MIR623	NA	0	98	0
MIR624	NA	1	97	0.481091
MIR625	NA	0	85	0
MIR626	NA	0	94	0
MIR627	NA	0	97	0
MIR628	NA	0	95	0
MIR629	NA	0	97	0
MIR630	NA	1	97	0.481091
MIR631	NA	5	75	3.11105
MIR632	NA	1	94	0.496445
MIR633	NA	0	98	0
MIR634	NA	0	97	0
MIR635	NA	0	98	0
MIR636	NA	3	99	1.41412
MIR637	NA	14	99	6.5992
MIR638	NA	15	100	6.99987
MIR639	NA	0	98	0
MIR640	NA	1	96	0.486102
MIR641	NA	2	99	0.942743
MIR642A	NA	0	97	0
MIR642B	NA	0	77	0
MIR643	NA	0	94	0
MIR644A	NA	0	94	0
MIR645	NA	0	94	0
MIR646	NA	0	94	0
MIR646HG	NA	0	2043	0
MIR647	NA	6	96	2.91661
MIR648	NA	1	94	0.496445
MIR649	NA	0	97	0
MIR6499	NA	0	62	0
MIR650	NA	0	96	0
MIR6500	NA	0	86	0
MIR6501	NA	3	67	2.08951
MIR6502	NA	0	76	0
MIR6503	NA	0	29	0
MIR6504	NA	0	61	0
MIR6505	NA	0	71	0
MIR6506	NA	0	66	0
MIR6507	NA	0	70	0
MIR6508	NA	0	60	0
MIR6509	NA	0	84	0
MIR651	NA	0	97	0
MIR6510	NA	0	54	0
MIR6511A1	NA	12	201	2.78602
MIR6511A2	NA	12	201	2.78602
MIR6511A3	NA	12	201	2.78602
MIR6511A4	NA	12	201	2.78602
MIR6511B1	NA	0	170	0
MIR6511B2	NA	0	142	0
MIR6512	NA	2	77	1.2121
MIR6513	NA	0	64	0
MIR6514	NA	1	70	0.666654
MIR6515	NA	278	57	227.598
MIR6516	NA	9	81	5.18509
MIR652	NA	0	98	0
MIR653	NA	0	96	0
MIR654	NA	0	81	0
MIR655	NA	0	97	0
MIR656	NA	0	78	0
MIR657	NA	0	98	0
MIR658	NA	2	100	0.933316
MIR659	NA	0	97	0
MIR660	NA	0	97	0
MIR661	NA	0	89	0
MIR662	NA	0	95	0
MIR663A	NA	9	93	4.51605
MIR663AHG	NA	0	1213	0
MIR663B	NA	0	115	0
MIR664A	NA	0	78	0
MIR664B	NA	0	61	0
MIR665	NA	0	72	0
MIR668	NA	0	66	0
MIR670	NA	0	98	0
MIR670HG	NA	0	902	0
MIR671	NA	62	118	24.5193
MIR6715A	NA	0	79	0
MIR6715B	NA	0	77	0
MIR6716	NA	0	80	0
MIR6717	NA	0	73	0
MIR6718	NA	0	80	0
MIR6719	NA	0	87	0
MIR6720	NA	0	98	0
MIR6721	NA	2	609	0.153254
MIR6722	NA	0	78	0
MIR6723	NA	2064	89	1082.23
MIR6724-1	NA	2	184	0.507237
MIR6724-2	NA	2	184	0.507237
MIR6724-3	NA	2	184	0.507237
MIR6724-4	NA	2	184	0.507237
MIR6726	NA	0	61	0
MIR6727	NA	4	65	2.87174
MIR6728	NA	0	89	0
MIR6729	NA	39	65	27.9995
MIR6730	NA	0	88	0
MIR6731	NA	0	72	0
MIR6732	NA	0	60	0
MIR6733	NA	0	61	0
MIR6734	NA	0	68	0
MIR6735	NA	1	73	0.639258
MIR6736	NA	1	59	0.790946
MIR6737	NA	0	70	0
MIR6738	NA	0	64	0
MIR6739	NA	3	75	1.86663
MIR6740	NA	0	113	0
MIR6741	NA	2	63	1.48145
MIR6742	NA	1	62	0.752674
MIR6743	NA	37	71	24.3188
MIR6744	NA	0	66	0
MIR6745	NA	0	127	0
MIR6746	NA	4	63	2.96291
MIR6747	NA	0	61	0
MIR6748	NA	0	71	0
MIR6749	NA	0	69	0
MIR675	NA	1	73	0.639258
MIR6750	NA	1	75	0.622211
MIR6751	NA	0	63	0
MIR6752	NA	46	71	30.2342
MIR6753	NA	0	164	0
MIR6754	NA	0	66	0
MIR6755	NA	0	66	0
MIR6756	NA	0	63	0
MIR6757	NA	0	69	0
MIR6758	NA	11	63	8.148
MIR6759	NA	1	65	0.717935
MIR676	NA	0	67	0
MIR6760	NA	0	68	0
MIR6761	NA	0	72	0
MIR6762	NA	0	86	0
MIR6763	NA	1	65	0.717935
MIR6764	NA	2	61	1.53003
MIR6765	NA	1	87	0.536388
MIR6766	NA	0	72	0
MIR6767	NA	0	66	0
MIR6768	NA	1	72	0.648136
MIR6769A	NA	1	73	0.639258
MIR6769B	NA	0	62	0
MIR6770-1	NA	0	120	0
MIR6770-2	NA	0	120	0
MIR6770-3	NA	0	120	0
MIR6771	NA	0	60	0
MIR6772	NA	3	64	2.18746
MIR6773	NA	0	74	0
MIR6774	NA	0	70	0
MIR6775	NA	0	69	0
MIR6776	NA	0	59	0
MIR6777	NA	2	66	1.41412
MIR6778	NA	0	73	0
MIR6779	NA	1	64	0.729153
MIR6780A	NA	0	68	0
MIR6780B	NA	0	79	0
MIR6781	NA	0	64	0
MIR6782	NA	0	69	0
MIR6783	NA	1	64	0.729153
MIR6784	NA	2	67	1.39301
MIR6785	NA	47	81	27.0777
MIR6786	NA	39	113	16.1059
MIR6787	NA	1	61	0.765013
MIR6788	NA	0	66	0
MIR6789	NA	15	98	7.14272
MIR6790	NA	7	63	5.18509
MIR6791	NA	0	67	0
MIR6792	NA	19	67	13.2336
MIR6793	NA	2	63	1.48145
MIR6794	NA	1	68	0.686262
MIR6795	NA	0	68	0
MIR6796	NA	0	62	0
MIR6797	NA	2	72	1.29627
MIR6798	NA	232	67	161.589
MIR6799	NA	0	69	0
MIR6800	NA	31	82	17.6419
MIR6801	NA	0	79	0
MIR6802	NA	0	65	0
MIR6803	NA	0	65	0
MIR6804	NA	0	68	0
MIR6805	NA	10	62	7.52674
MIR6806	NA	1	64	0.729153
MIR6807	NA	807	92	409.34
MIR6808	NA	6	59	4.74567
MIR6809	NA	0	116	0
MIR6810	NA	1	70	0.666654
MIR6811	NA	0	58	0
MIR6812	NA	0	64	0
MIR6813	NA	0	56	0
MIR6814	NA	0	70	0
MIR6815	NA	0	61	0
MIR6816	NA	0	66	0
MIR6817	NA	1	66	0.707058
MIR6818	NA	0	65	0
MIR6819	NA	3	61	2.29504
MIR6820	NA	2	62	1.50535
MIR6821	NA	71	74	44.7739
MIR6822	NA	0	61	0
MIR6823	NA	0	61	0
MIR6824	NA	2	63	1.48145
MIR6825	NA	1	66	0.707058
MIR6826	NA	0	98	0
MIR6827	NA	0	59	0
MIR6828	NA	0	60	0
MIR6829	NA	0	67	0
MIR6830	NA	0	70	0
MIR6831	NA	8	81	4.60897
MIR6832	NA	22	504	2.037
MIR6833	NA	49	427	5.35509
MIR6834	NA	315	405	36.2956
MIR6835	NA	7	64	5.10407
MIR6836	NA	1	63	0.740727
MIR6837	NA	0	64	0
MIR6838	NA	1	56	0.833318
MIR6839	NA	0	113	0
MIR6840	NA	3	71	1.97179
MIR6841	NA	0	72	0
MIR6842	NA	0	65	0
MIR6843	NA	0	151	0
MIR6844	NA	0	62	0
MIR6845	NA	6	61	4.59008
MIR6846	NA	0	60	0
MIR6847	NA	5	69	3.38158
MIR6848	NA	0	70	0
MIR6849	NA	0	69	0
MIR6850	NA	1407	61	1076.37
MIR6851	NA	0	67	0
MIR6852	NA	0	66	0
MIR6853	NA	13	74	8.19805
MIR6854	NA	0	69	0
MIR6855	NA	0	67	0
MIR6856	NA	0	67	0
MIR6857	NA	1	93	0.501783
MIR6858	NA	243	67	169.251
MIR6859-1	NA	18	204	4.11757
MIR6859-2	NA	18	204	4.11757
MIR6859-3	NA	18	204	4.11757
MIR6859-4	NA	18	204	4.11757
MIR6860	NA	0	66	0
MIR6861	NA	0	64	0
MIR6862-1	NA	0	70	0
MIR6862-2	NA	0	70	0
MIR6863	NA	0	90	0
MIR6864	NA	4	70	2.66662
MIR6865	NA	2	65	1.43587
MIR6866	NA	9	69	6.08684
MIR6867	NA	0	67	0
MIR6868	NA	0	58	0
MIR6869	NA	5	62	3.76337
MIR6870	NA	0	60	0
MIR6871	NA	1	56	0.833318
MIR6872	NA	2	62	1.50535
MIR6873	NA	0	315	0
MIR6874	NA	0	71	0
MIR6875	NA	47	72	30.4624
MIR6876	NA	0	73	0
MIR6877	NA	0	64	0
MIR6878	NA	0	66	0
MIR6879	NA	121	66	85.554
MIR6880	NA	0	62	0
MIR6881	NA	0	76	0
MIR6882	NA	0	66	0
MIR6883	NA	0	78	0
MIR6884	NA	0	78	0
MIR6885	NA	0	66	0
MIR6886	NA	13	61	9.94517
MIR6887	NA	0	65	0
MIR6888	NA	0	67	0
MIR6889	NA	1	59	0.790946
MIR6890	NA	0	61	0
MIR6891	NA	0	561	0
MIR6892	NA	186	115	75.4769
MIR6893	NA	1	69	0.676316
MIR6894	NA	1	57	0.818698
MIR6895	NA	0	78	0
MIR7-1	NA	2	110	0.848469
MIR7-2	NA	0	110	0
MIR7-3	NA	0	110	0
MIR7-3HG	NA	1	768	0.0607628
MIR708	NA	0	88	0
MIR7106	NA	6	65	4.30761
MIR7107	NA	0	80	0
MIR7108	NA	1	87	0.536388
MIR7109	NA	1	65	0.717935
MIR711	NA	1	76	0.614024
MIR7110	NA	7	86	3.79838
MIR7111	NA	16	72	10.3702
MIR7112	NA	6	130	2.15381
MIR7113	NA	0	59	0
MIR7114	NA	0	61	0
MIR7150	NA	0	94	0
MIR7151	NA	0	60	0
MIR7152	NA	0	54	0
MIR7153	NA	0	57	0
MIR7154	NA	0	73	0
MIR7155	NA	0	56	0
MIR7156	NA	0	60	0
MIR7157	NA	0	60	0
MIR7158	NA	0	71	0
MIR7159	NA	0	66	0
MIR7160	NA	0	52	0
MIR7161	NA	0	84	0
MIR7162	NA	0	69	0
MIR718	NA	0	70	0
MIR744	NA	0	98	0
MIR7515	NA	0	67	0
MIR7515HG	NA	0	689	0
MIR758	NA	0	88	0
MIR759	NA	0	91	0
MIR760	NA	0	80	0
MIR761	NA	11	59	8.7004
MIR762	NA	59	83	33.1721
MIR762HG	NA	281	1575	8.32577
MIR764	NA	0	85	0
MIR7641-1	NA	0	61	0
MIR7641-2	NA	71	1359	2.43802
MIR765	NA	0	114	0
MIR766	NA	0	111	0
MIR767	NA	0	109	0
MIR769	NA	0	118	0
MIR770	NA	0	98	0
MIR7702	NA	0	59	0
MIR7703	NA	0	77	0
MIR7704	NA	0	59	0
MIR7705	NA	101	57	82.6885
MIR7706	NA	0	67	0
MIR7843	NA	0	79	0
MIR7844	NA	6	122	2.29504
MIR7845	NA	0	99	0
MIR7846	NA	0	96	0
MIR7847	NA	0	103	0
MIR7848	NA	0	101	0
MIR7849	NA	0	106	0
MIR7850	NA	0	79	0
MIR7851	NA	0	160	0
MIR7852	NA	0	82	0
MIR7853	NA	0	103	0
MIR7854	NA	0	65	0
MIR7855	NA	0	61	0
MIR7856	NA	0	56	0
MIR7973-1	NA	0	76	0
MIR7973-2	NA	0	76	0
MIR7974	NA	1	79	0.590706
MIR7975	NA	0	68	0
MIR7976	NA	0	66	0
MIR7977	NA	0	49	0
MIR7978	NA	0	59	0
MIR802	NA	0	94	0
MIR8052	NA	0	69	0
MIR8053	NA	0	73	0
MIR8054	NA	0	86	0
MIR8055	NA	1	97	0.481091
MIR8056	NA	0	82	0
MIR8057	NA	0	69	0
MIR8058	NA	0	89	0
MIR8059	NA	0	81	0
MIR8060	NA	0	76	0
MIR8061	NA	0	75	0
MIR8062	NA	0	85	0
MIR8063	NA	0	81	0
MIR8064	NA	0	90	0
MIR8065	NA	0	100	0
MIR8066	NA	0	78	0
MIR8067	NA	0	77	0
MIR8068	NA	0	68	0
MIR8069-1	NA	0	258	0
MIR8069-2	NA	0	258	0
MIR8070	NA	0	88	0
MIR8071-1	NA	0	130	0
MIR8071-2	NA	0	130	0
MIR8072	NA	1	80	0.583322
MIR8073	NA	0	72	0
MIR8074	NA	0	81	0
MIR8075	NA	6	80	3.49993
MIR8076	NA	0	83	0
MIR8077	NA	0	75	0
MIR8078	NA	0	84	0
MIR8079	NA	0	72	0
MIR8080	NA	0	89	0
MIR8081	NA	0	95	0
MIR8082	NA	0	81	0
MIR8083	NA	0	89	0
MIR8084	NA	0	89	0
MIR8085	NA	0	65	0
MIR8086	NA	0	93	0
MIR8087	NA	0	78	0
MIR8088	NA	0	86	0
MIR8089	NA	0	82	0
MIR8485	NA	0	91	0
MIR873	NA	0	77	0
MIR874	NA	0	78	0
MIR875	NA	0	76	0
MIR876	NA	0	81	0
MIR877	NA	60	602	4.65108
MIR885	NA	0	74	0
MIR887	NA	0	79	0
MIR888	NA	0	77	0
MIR889	NA	0	79	0
MIR890	NA	0	77	0
MIR891A	NA	0	79	0
MIR891B	NA	0	79	0
MIR892A	NA	0	75	0
MIR892B	NA	0	77	0
MIR892C	NA	0	77	0
MIR9-1	NA	0	89	0
MIR9-2	NA	0	87	0
MIR9-3	NA	0	90	0
MIR920	NA	0	75	0
MIR921	NA	0	56	0
MIR922	NA	3	81	1.72836
MIR924	NA	0	53	0
MIR92A1	NA	0	78	0
MIR92A2	NA	1	75	0.622211
MIR92B	NA	1	96	0.486102
MIR93	NA	1	80	0.583322
MIR933	NA	0	77	0
MIR934	NA	0	83	0
MIR935	NA	11	91	5.64092
MIR936	NA	0	98	0
MIR937	NA	13	86	7.05413
MIR938	NA	0	83	0
MIR939	NA	3	82	1.70729
MIR940	NA	0	94	0
MIR941-1	NA	0	144	0
MIR941-2	NA	4	216	0.864181
MIR941-3	NA	4	216	0.864181
MIR941-4	NA	4	216	0.864181
MIR941-5	NA	4	216	0.864181
MIR942	NA	0	86	0
MIR943	NA	4	94	1.98578
MIR944	NA	0	88	0
MIR95	NA	0	81	0
MIR9500	NA	0	65	0
MIR96	NA	0	77	0
MIR98	NA	0	119	0
MIR99A	NA	0	81	0
MIR99AHG	NA	31	3802	0.380494
MIR99B	NA	1	70	0.666654
MIRLET7A1	NA	0	80	0
MIRLET7A2	NA	0	72	0
MIRLET7A3	NA	0	74	0
MIRLET7B	NA	0	83	0
MIRLET7BHG	NA	2	4717	0.0197862
MIRLET7C	NA	0	84	0
MIRLET7D	NA	6	87	3.21833
MIRLET7DHG	NA	41	1349	1.41831
MIRLET7E	NA	0	79	0
MIRLET7F1	NA	0	87	0
MIRLET7F2	NA	0	83	0
MIRLET7G	NA	2	84	1.11109
MIRLET7I	NA	1	84	0.555545
MIS12	NA	456	2846	7.47702
MIS18A	NA	639	1571	18.9812
MIS18BP1	NA	300	4777	2.93066
MISP	NA	31	2851	0.507415
MITD1	NA	836	910	42.871
MITF	NA	3306	6095	25.3121
MIXL1	NA	1	2030	0.0229881
MKI67	NA	4444	12495	16.5973
MKKS	NA	1186	3202	17.2847
MKL1	NA	1179	4694	11.7211
MKL2	NA	557	8816	2.94837
MKLN1	NA	1779	11417	7.27148
MKLN1-AS	NA	42	2046	0.957949
MKNK1	NA	731	2911	11.7185
MKNK1-AS1	NA	38	2445	0.725276
MKNK2	NA	3866	3785	47.6645
MKRN1	NA	3237	3782	39.9411
MKRN2	NA	773	2846	12.6749
MKRN2OS	NA	2	1084	0.0860993
MKRN3	NA	0	2713	0
MKRN7P	NA	0	1633	0
MKRN9P	NA	59	1826	1.50782
MKS1	NA	573	2542	10.5191
MKX	NA	0	3639	0
MKX-AS1	NA	0	776	0
MLANA	NA	0	1524	0
MLC1	NA	6	4174	0.0670807
MLEC	NA	4525	6496	32.5066
MLF1	NA	618	2638	10.9323
MLF2	NA	8296	1923	201.321
MLH1	NA	902	2921	14.4103
MLH3	NA	240	7896	1.41841
MLIP	NA	0	6490	0
MLIP-IT1	NA	0	643	0
MLK7-AS1	NA	12	2537	0.220729
MLKL	NA	2	2537	0.0367882
MLLT1	NA	2396	4505	24.8194
MLLT10	NA	847	5900	6.69931
MLLT10P1	NA	2	555	0.168165
MLLT11	NA	926	2158	20.0243
MLLT3	NA	25	6987	0.166974
MLLT4	NA	630	10549	2.78694
MLLT4-AS1	NA	6	2311	0.121157
MLLT6	NA	1941	7500	12.0771
MLN	NA	5	572	0.407918
MLNR	NA	1	1239	0.0376641
MLPH	NA	9	4290	0.0979003
MLST8	NA	1032	2057	23.4123
MLX	NA	976	2562	17.7774
MLXIP	NA	1575	8421	8.72802
MLXIPL	NA	28	3278	0.39861
MLYCD	NA	251	2195	5.33627
MMAA	NA	54	5943	0.42402
MMAB	NA	517	4225	5.71035
MMACHC	NA	525	2850	8.59633
MMADHC	NA	3654	1437	118.662
MMD	NA	149	2723	2.55351
MMD2	NA	5	2859	0.0816121
MME	NA	7374	6032	57.048
MMEL1	NA	193	2902	3.10355
MMGT1	NA	688	3648	8.80101
MMP1	NA	4	2055	0.0908337
MMP10	NA	1	1759	0.0265297
MMP11	NA	0	2261	0
MMP12	NA	0	1876	0
MMP13	NA	0	2719	0
MMP14	NA	21142	3594	274.515
MMP15	NA	403	4437	4.23852
MMP16	NA	125	6335	0.920793
MMP17	NA	13	2408	0.251933
MMP19	NA	657	3392	9.03875
MMP2	NA	49	4124	0.554468
MMP20	NA	3	1956	0.0715733
MMP21	NA	0	1914	0
MMP23A	NA	162	1812	4.17211
MMP23B	NA	88	1240	3.31177
MMP24	NA	1568	4333	16.8871
MMP24-AS1	NA	2253	1749	60.1132
MMP25	NA	619	3551	8.13465
MMP25-AS1	NA	308	2339	6.14496
MMP26	NA	0	991	0
MMP27	NA	0	1647	0
MMP28	NA	13	3152	0.192467
MMP3	NA	0	1828	0
MMP7	NA	31	1119	1.2928
MMP8	NA	0	3147	0
MMP9	NA	132	2336	2.63694
MMRN1	NA	1015	4969	9.53226
MMRN2	NA	94	4179	1.04967
MMS19	NA	2231	3785	27.5063
MMS22L	NA	230	8643	1.24183
MN1	NA	169	7556	1.04374
MNAT1	NA	802	1383	27.0614
MND1	NA	118	1106	4.97881
MNDA	NA	0	1667	0
MNS1	NA	27	2023	0.622826
MNT	NA	450	4842	4.33697
MNX1	NA	50	2614	0.892613
MNX1-AS1	NA	25	987	1.18201
MOAP1	NA	729	2417	14.075
MOB1A	NA	598	1329	20.9979
MOB1B	NA	644	8534	3.52153
MOB2	NA	619	1755	16.4593
MOB3A	NA	1018	3331	14.2617
MOB3B	NA	81	6525	0.5793
MOB3C	NA	177	2985	2.76712
MOB4	NA	781	3947	9.23385
MOBP	NA	1	8785	0.00531199
MOCOS	NA	2	2727	0.034225
MOCS1	NA	136	4420	1.43587
MOCS2	NA	641	4181	7.15446
MOCS3	NA	310	3049	4.74464
MOG	NA	4	11537	0.0161795
MOGAT1	NA	0	1096	0
MOGAT2	NA	1	1005	0.0464336
MOGAT3	NA	22	1408	0.729153
MOGS	NA	2108	2895	33.9798
MOK	NA	293	3789	3.60862
MON1A	NA	230	2230	4.81306
MON1B	NA	445	3332	6.23238
MON2	NA	519	10518	2.30268
MORC1	NA	0	3767	0
MORC2	NA	1172	4765	11.4779
MORC2-AS1	NA	180	2133	3.93804
MORC3	NA	319	4246	3.50598
MORC4	NA	607	3834	7.38814
MORF4L1	NA	4244	2159	91.7321
MORF4L2	NA	7022	2204	148.678
MORF4L2-AS1	NA	15	2870	0.243898
MORN1	NA	175	6378	1.28042
MORN2	NA	235	741	14.7995
MORN3	NA	27	1158	1.08806
MORN4	NA	440	2574	7.97706
MORN5	NA	1	708	0.0659121
MOS	NA	0	1041	0
MOSPD1	NA	4127	2441	78.8979
MOSPD2	NA	166	3376	2.29459
MOSPD3	NA	330	1399	11.0077
MOV10	NA	1418	4498	14.7115
MOV10L1	NA	3	4309	0.0324895
MOXD1	NA	1	3048	0.0153103
MOXD2P	NA	0	1503	0
MPC1	NA	443	1427	14.487
MPC1L	NA	0	574	0
MPC2	NA	1848	2523	34.1809
MPDU1	NA	1465	1618	42.253
MPDZ	NA	472	7696	2.86204
MPEG1	NA	6	4512	0.0620556
MPG	NA	1383	1396	46.2312
MPHOSPH10	NA	1379	2485	25.8962
MPHOSPH6	NA	713	1101	30.2204
MPHOSPH8	NA	1466	4268	16.0291
MPHOSPH9	NA	337	4485	3.50644
MPI	NA	865	3062	13.1829
MPL	NA	1	3645	0.0128027
MPLKIP	NA	756	941	37.4913
MPND	NA	275	1657	7.74478
MPO	NA	0	3215	0
MPP1	NA	206	2197	4.37558
MPP2	NA	1227	5626	10.1776
MPP3	NA	192	2835	3.16044
MPP4	NA	141	2458	2.67692
MPP5	NA	438	5608	3.64473
MPP6	NA	244	8131	1.40038
MPP7	NA	26	5206	0.23306
MPPE1	NA	264	3220	3.82602
MPPED1	NA	2	2508	0.0372136
MPPED2	NA	0	7209	0
MPRIP	NA	1829	11023	7.74306
MPST	NA	1460	1633	41.722
MPV17	NA	702	1007	32.5317
MPV17L	NA	111	2309	2.24335
MPV17L2	NA	552	1358	18.9687
MPZ	NA	24	1955	0.572879
MPZL1	NA	4090	5010	38.0964
MPZL2	NA	0	3186	0
MPZL3	NA	1	3986	0.0117074
MR1	NA	292	7860	1.73364
MRAP	NA	107	1231	4.05625
MRAP2	NA	10	2213	0.210871
MRAS	NA	912	5126	8.30262
MRC1	NA	8	5191	0.071918
MRC2	NA	1566	5992	12.196
MRE11A	NA	587	5245	5.22265
MREG	NA	162	3213	2.3529
MRFAP1	NA	10651	2182	227.79
MRFAP1L1	NA	2	1591	0.0586622
MRGBP	NA	590	1636	16.8294
MRGPRD	NA	0	966	0
MRGPRE	NA	0	1296	0
MRGPRF	NA	1	2283	0.0204406
MRGPRF-AS1	NA	0	1568	0
MRGPRG	NA	0	870	0
MRGPRG-AS1	NA	0	1790	0
MRGPRX1	NA	0	1190	0
MRGPRX2	NA	0	2408	0
MRGPRX3	NA	1	1639	0.0284721
MRGPRX4	NA	0	1444	0
MRI1	NA	32	3266	0.457228
MRLN	NA	1	549	0.0850015
MRM1	NA	129	1833	3.28417
MRO	NA	19	5334	0.166226
MROH1	NA	658	5903	5.20178
MROH2A	NA	8	5324	0.0701214
MROH2B	NA	0	5280	0
MROH5	NA	1	4506	0.0103564
MROH6	NA	137	3250	1.96714
MROH7	NA	12	4406	0.127097
MROH7-TTC4	NA	837	6547	5.96598
MROH8	NA	203	3665	2.58476
MROH9	NA	0	3696	0
MRPL1	NA	451	1359	15.4866
MRPL10	NA	1554	1996	36.332
MRPL11	NA	2595	1699	71.2759
MRPL12	NA	1859	1015	85.4697
MRPL13	NA	1689	1110	71.0077
MRPL14	NA	1427	774	86.0363
MRPL15	NA	1182	1749	31.5374
MRPL16	NA	1231	1182	48.6003
MRPL17	NA	1511	2366	29.8022
MRPL18	NA	1263	977	60.3264
MRPL19	NA	1344	7827	8.01314
MRPL2	NA	698	1327	24.5461
MRPL20	NA	2667	733	169.792
MRPL21	NA	1218	709	80.1678
MRPL22	NA	682	3173	10.0303
MRPL23	NA	751	742	47.2318
MRPL23-AS1	NA	2	1904	0.0490187
MRPL24	NA	627	927	31.5636
MRPL27	NA	1857	703	123.269
MRPL28	NA	3379	1140	138.319
MRPL3	NA	2401	1764	63.5173
MRPL30	NA	1201	4536	12.3557
MRPL32	NA	1164	892	60.8957
MRPL33	NA	1308	518	117.836
MRPL34	NA	1119	968	53.9453
MRPL35	NA	1042	3311	14.6861
MRPL36	NA	737	614	56.0142
MRPL37	NA	2519	1483	79.2658
MRPL38	NA	1911	1575	56.6212
MRPL39	NA	1117	1171	44.5138
MRPL4	NA	1216	2404	23.6047
MRPL40	NA	650	774	39.1896
MRPL41	NA	1104	604	85.2964
MRPL42	NA	791	3247	11.3682
MRPL42P5	NA	21	667	1.46924
MRPL43	NA	1164	2929	18.5452
MRPL44	NA	1394	1748	37.2152
MRPL45	NA	1435	1705	39.2759
MRPL45P2	NA	265	1396	8.85848
MRPL46	NA	894	1000	41.7192
MRPL47	NA	2372	1180	93.8062
MRPL48	NA	458	980	21.8091
MRPL49	NA	1534	2162	33.1107
MRPL50	NA	1354	1021	61.8859
MRPL51	NA	4481	677	308.877
MRPL52	NA	1019	1301	36.5507
MRPL53	NA	889	655	63.3372
MRPL54	NA	537	623	40.224
MRPL55	NA	743	906	38.2701
MRPL57	NA	1177	2655	20.6876
MRPL9	NA	1895	1688	52.3884
MRPS10	NA	1191	2140	25.9715
MRPS11	NA	771	1501	23.9702
MRPS12	NA	1155	1323	40.74
MRPS14	NA	812	2237	16.939
MRPS15	NA	2380	965	115.093
MRPS16	NA	2503	2634	44.3449
MRPS17	NA	586	585	46.7456
MRPS18A	NA	1138	1189	44.6642
MRPS18B	NA	1132	10513	5.0248
MRPS18C	NA	490	1101	20.7686
MRPS2	NA	2203	2200	46.7294
MRPS21	NA	2462	1541	74.5563
MRPS22	NA	633	1122	26.3275
MRPS23	NA	1569	1492	49.0742
MRPS24	NA	1279	696	85.7551
MRPS25	NA	1228	4566	12.5505
MRPS26	NA	902	1039	40.5126
MRPS27	NA	2301	2823	38.0368
MRPS28	NA	761	707	50.2301
MRPS30	NA	750	1672	20.9326
MRPS31	NA	602	1339	20.9804
MRPS31P5	NA	224	3495	2.99088
MRPS33	NA	1219	817	69.6274
MRPS34	NA	2233	1024	101.762
MRPS35	NA	1137	1897	27.97
MRPS36	NA	494	1329	17.3461
MRPS5	NA	1946	1661	54.6729
MRPS6	NA	6723	990	316.903
MRPS7	NA	1623	1415	53.5255
MRPS9	NA	1457	1458	46.6338
MRRF	NA	498	1999	11.6256
MRS2	NA	842	4490	8.75114
MRS2P2	NA	6	2690	0.104087
MRTO4	NA	1731	2273	35.5383
MRVI1	NA	725	6667	5.07465
MRVI1-AS1	NA	23	900	1.19257
MS4A1	NA	0	3594	0
MS4A10	NA	0	2296	0
MS4A12	NA	4	1165	0.160226
MS4A13	NA	0	925	0
MS4A14	NA	0	3572	0
MS4A15	NA	0	2280	0
MS4A2	NA	0	3648	0
MS4A3	NA	0	1655	0
MS4A4A	NA	65	1795	1.68985
MS4A5	NA	0	722	0
MS4A6A	NA	11	2543	0.201858
MS4A6E	NA	17	660	1.202
MS4A7	NA	1	3008	0.0155139
MS4A8	NA	0	1354	0
MSANTD1	NA	11	1670	0.30738
MSANTD2	NA	437	2382	8.56127
MSANTD3	NA	2802	2170	60.2569
MSANTD3-TMEFF1	NA	1227	2434	23.5246
MSANTD4	NA	565	4087	6.45123
MSC	NA	0	2058	0
MSC-AS1	NA	0	4915	0
MSGN1	NA	55	582	4.41
MSH2	NA	1363	3209	19.821
MSH3	NA	367	4447	3.85121
MSH4	NA	2	3277	0.0284808
MSH5	NA	1132	19346	2.73057
MSH5-SAPCD1	NA	1818	24649	3.44186
MSH6	NA	2350	4479	24.4842
MSI1	NA	1000	2975	15.686
MSI2	NA	361	3059	5.50714
MSL1	NA	1671	3820	20.4132
MSL2	NA	671	4770	6.56452
MSL3	NA	448	4962	4.21328
MSL3P1	NA	6	1990	0.140701
MSLN	NA	11	2193	0.234074
MSMB	NA	1	495	0.0942743
MSMO1	NA	1521	2228	31.8576
MSMP	NA	62	677	4.27368
MSN	NA	6818	3970	80.1429
MSR1	NA	0	5490	0
MSRA	NA	170	2102	3.77411
MSRB1	NA	718	1367	24.5106
MSRB2	NA	560	1811	14.4301
MSRB3	NA	2914	4666	29.1436
MSS51	NA	35	2423	0.674083
MST1	NA	56	2331	1.1211
MST1L	NA	38	4668	0.379884
MST1P2	NA	49	2636	0.86746
MST1R	NA	6	4771	0.0586868
MSTN	NA	0	2819	0
MSTO1	NA	989	2801	16.4771
MSTO2P	NA	1815	4464	18.9737
MSX1	NA	8304	1937	200.058
MSX2	NA	4018	2208	84.9199
MSX2P1	NA	63	2161	1.36046
MT1A	NA	0	396	0
MT1B	NA	0	380	0
MT1DP	NA	0	569	0
MT1E	NA	0	506	0
MT1F	NA	0	483	0
MT1G	NA	0	405	0
MT1H	NA	0	397	0
MT1HL1	NA	0	316	0
MT1IP	NA	0	374	0
MT1JP	NA	0	408	0
MT1L	NA	0	426	0
MT1M	NA	0	440	0
MT1X	NA	0	404	0
MT2A	NA	19	419	2.11611
MT3	NA	0	582	0
MT4	NA	0	294	0
MTA1	NA	1760	2840	28.9196
MTA2	NA	6596	3069	100.296
MTA3	NA	1056	6724	7.32883
MTAP	NA	519	4921	4.92167
MTBP	NA	116	3087	1.75356
MTCH1	NA	6952	2409	134.67
MTCH2	NA	3573	2628	63.4463
MTCL1	NA	547	6092	4.19012
MTCP1	NA	154	2320	3.09764
MTDH	NA	1787	7667	10.8767
MTERF1	NA	466	2112	10.2965
MTERF2	NA	407	1790	10.6106
MTERF3	NA	445	1532	13.555
MTERF4	NA	1274	4566	13.0206
MTF1	NA	382	7972	2.23612
MTF2	NA	930	4128	10.5134
MTFMT	NA	427	2746	7.25648
MTFP1	NA	556	1278	20.3022
MTFR1	NA	406	3060	6.19161
MTFR1L	NA	950	2403	18.4488
MTFR2	NA	213	1793	5.54368
MTG1	NA	637	1614	18.4177
MTG2	NA	643	2936	10.2201
MTHFD1	NA	1748	3448	23.6577
MTHFD1L	NA	1082	3673	13.7469
MTHFD2	NA	918	2285	18.748
MTHFD2L	NA	6	2359	0.118692
MTHFD2P1	NA	1	2595	0.017983
MTHFR	NA	540	7150	3.52441
MTHFS	NA	733	2542	13.4563
MTHFSD	NA	238	3289	3.37685
MTIF2	NA	820	3018	12.6792
MTIF3	NA	622	1232	23.5602
MTL5	NA	139	5103	1.27112
MTM1	NA	83	3436	1.12726
MTMR1	NA	508	4800	4.9388
MTMR10	NA	757	4961	7.12074
MTMR11	NA	239	3003	3.71399
MTMR12	NA	550	5185	4.95008
MTMR14	NA	542	2525	10.017
MTMR2	NA	862	4862	8.27353
MTMR3	NA	1032	9019	5.33974
MTMR4	NA	645	5829	5.16374
MTMR6	NA	334	5214	2.98933
MTMR7	NA	105	5287	0.926784
MTMR8	NA	38	2661	0.666404
MTMR9	NA	308	7405	1.94099
MTMR9LP	NA	6	2324	0.12048
MTNR1A	NA	0	1105	0
MTNR1B	NA	0	1662	0
MTO1	NA	533	3119	7.97463
MTOR	NA	2565	8725	13.7189
MTOR-AS1	NA	6	706	0.396593
MTPAP	NA	625	5620	5.1897
MTPN	NA	2770	3884	33.2812
MTR	NA	1038	10558	4.5879
MTRF1	NA	205	2174	4.40041
MTRF1L	NA	901	4058	10.3612
MTRNR2L1	NA	3	1555	0.0900305
MTRNR2L10	NA	2	1121	0.0832574
MTRNR2L2	NA	526	1036	23.6933
MTRNR2L3	NA	5	1383	0.168712
MTRNR2L4	NA	2	1231	0.0758177
MTRNR2L5	NA	1	1738	0.0268503
MTRNR2L6	NA	8	1395	0.267617
MTRNR2L7	NA	0	1494	0
MTRNR2L8	NA	3821	1290	138.225
MTRNR2L9	NA	7694	527	681.303
MTRR	NA	339	3298	4.79676
MTSS1	NA	70	5174	0.63135
MTSS1L	NA	2097	4977	19.6621
MTTP	NA	3	4095	0.0341874
MTURN	NA	613	5814	4.92022
MTUS1	NA	1534	7565	9.4627
MTUS2	NA	4	7196	0.0259399
MTUS2-AS1	NA	0	1114	0
MTVR2	NA	0	812	0
MTX1	NA	1041	1648	29.4776
MTX2	NA	892	1592	26.1469
MTX3	NA	496	7934	2.91735
MUC1	NA	344	1838	8.73397
MUC12	NA	86	16321	0.245895
MUC13	NA	4	2876	0.0649038
MUC15	NA	0	3392	0
MUC16	NA	1	43816	0.00106504
MUC17	NA	1	14350	0.00325197
MUC19	NA	188	24831	0.353315
MUC2	NA	2	8622	0.0108248
MUC20	NA	169	2591	3.04381
MUC21	NA	68	16677	0.190278
MUC22	NA	270	43981	0.286482
MUC3A	NA	159	5837	1.27118
MUC4	NA	66	16804	0.183286
MUC5AC	NA	0	5930	0
MUC5B	NA	5	17916	0.0130235
MUC6	NA	42	8003	0.244904
MUC7	NA	0	2774	0
MUCL1	NA	0	489	0
MUL1	NA	988	2458	18.7574
MUM1	NA	839	4214	9.29108
MUM1L1	NA	0	4309	0
MURC	NA	317	3096	4.77812
MUS81	NA	654	2400	12.7164
MUSK	NA	0	2786	0
MUSTN1	NA	12	729	0.768161
MUT	NA	582	3886	6.98906
MUTYH	NA	358	2280	7.32735
MVB12A	NA	369	1763	9.76726
MVB12B	NA	457	6760	3.15477
MVD	NA	999	1857	25.1045
MVK	NA	312	2077	7.00998
MVP	NA	1419	2925	22.6389
MX1	NA	0	3660	0
MX2	NA	0	2961	0
MXD1	NA	301	5616	2.50114
MXD3	NA	2597	3161	38.3395
MXD4	NA	3552	3773	43.9324
MXI1	NA	393	3835	4.78218
MXRA5	NA	0	9792	0
MXRA7	NA	3908	6322	28.8469
MXRA8	NA	244	3113	3.65771
MYADM	NA	3652	4191	40.6642
MYADML	NA	0	2157	0
MYADML2	NA	4	2452	0.0761269
MYB	NA	5	3678	0.0634391
MYBBP1A	NA	2481	4568	25.3454
MYBL1	NA	431	5192	3.87384
MYBL2	NA	2976	2777	50.0099
MYBPC1	NA	0	4028	0
MYBPC2	NA	7	3598	0.0907895
MYBPC3	NA	2	4217	0.0221322
MYBPH	NA	13	1806	0.335911
MYBPHL	NA	18	1372	0.612234
MYC	NA	1902	2366	37.5141
MYCBP	NA	894	2565	16.2648
MYCBP2	NA	625	15025	1.94117
MYCBP2-AS1	NA	7	517	0.631839
MYCBPAP	NA	18	3190	0.263318
MYCL	NA	215	4951	2.02649
MYCN	NA	0	3038	0
MYCNOS	NA	0	1908	0
MYCNUT	NA	0	1040	0
MYCT1	NA	2	3043	0.0306709
MYD88	NA	15	2873	0.243643
MYDGF	NA	1677	1051	74.461
MYEF2	NA	749	6892	5.07149
MYEOV	NA	198	2494	3.70482
MYEOV2	NA	1584	989	74.7408
MYF5	NA	0	1520	0
MYF6	NA	0	1337	0
MYH1	NA	2	6020	0.0155036
MYH10	NA	7462	7762	44.8622
MYH11	NA	73	6942	0.490724
MYH13	NA	0	5992	0
MYH14	NA	454	6912	3.06514
MYH15	NA	17	7074	0.112146
MYH16	NA	5	2267	0.102924
MYH2	NA	7	6151	0.0531069
MYH3	NA	156	6038	1.20567
MYH4	NA	1	6015	0.00775824
MYH6	NA	23	5941	0.180662
MYH7	NA	5	6055	0.0385349
MYH7B	NA	44	6584	0.311861
MYH8	NA	0	6038	0
MYH9	NA	26638	7554	164.56
MYHAS	NA	0	3940	0
MYL1	NA	0	1151	0
MYL10	NA	45	1009	2.08123
MYL12A	NA	7323	1474	231.841
MYL12B	NA	12725	1178	504.094
MYL2	NA	0	829	0
MYL3	NA	32	929	1.60743
MYL4	NA	352	949	17.3091
MYL5	NA	62	661	4.37712
MYL6	NA	24049	809	1387.23
MYL6B	NA	1571	1064	68.9022
MYL7	NA	178	597	13.9138
MYL9	NA	9831	1197	383.268
MYLIP	NA	37	3071	0.562239
MYLK	NA	124	8183	0.707144
MYLK-AS1	NA	22	801	1.28171
MYLK-AS2	NA	0	500	0
MYLK2	NA	17	2793	0.284038
MYLK3	NA	285	8205	1.62093
MYLK4	NA	25	5760	0.202543
MYLPF	NA	10	655	0.712455
MYNN	NA	335	5367	2.91281
MYO10	NA	0	11430	0
MYO15A	NA	25	11863	0.0983432
MYO15B	NA	24	9918	0.112924
MYO16	NA	0	7524	0
MYO16-AS1	NA	0	547	0
MYO18A	NA	2637	7583	16.2281
MYO18B	NA	0	8565	0
MYO19	NA	925	4756	9.07609
MYO1A	NA	128	3669	1.62802
MYO1B	NA	41	5095	0.375525
MYO1C	NA	3766	5095	34.4933
MYO1D	NA	136	6246	1.0161
MYO1E	NA	1009	5110	9.21444
MYO1F	NA	18	4173	0.20129
MYO1G	NA	3	3279	0.0426951
MYO1H	NA	2	4258	0.0219191
MYO3A	NA	0	5784	0
MYO3B	NA	28	6365	0.205286
MYO5A	NA	762	12225	2.90874
MYO5B	NA	236	9520	1.15684
MYO5C	NA	179	6975	1.19759
MYO6	NA	898	8678	4.82898
MYO7A	NA	288	7746	1.73506
MYO7B	NA	8	6715	0.0555959
MYO9A	NA	209	8698	1.12131
MYO9B	NA	1694	7623	10.3702
MYOC	NA	349	2045	7.96399
MYOCD	NA	0	8564	0
MYOD1	NA	10	1806	0.258393
MYOF	NA	6634	6843	45.2405
MYOG	NA	0	1533	0
MYOM1	NA	19	5847	0.151642
MYOM2	NA	58	5011	0.540135
MYOM3	NA	18	5800	0.144825
MYOT	NA	6	2272	0.123237
MYOZ1	NA	46	1583	1.35605
MYOZ2	NA	3	2597	0.0539074
MYOZ3	NA	0	3837	0
MYPN	NA	57	6449	0.412459
MYPOP	NA	197	1887	4.87184
MYRF	NA	810	5996	6.30409
MYRFL	NA	0	3122	0
MYRIP	NA	0	5329	0
MYSM1	NA	493	7768	2.96167
MYT1	NA	8	5535	0.0674483
MYT1L	NA	0	7182	0
MYT1L-AS1	NA	0	3242	0
MYZAP	NA	17	2398	0.330825
MZB1	NA	1	827	0.0564278
MZF1	NA	486	2921	7.76432
MZF1-AS1	NA	117	2606	2.09513
MZT1	NA	322	2412	6.22985
MZT2A	NA	1913	693	128.819
MZT2B	NA	2482	933	124.142
N4BP1	NA	1261	7106	8.28111
N4BP2	NA	389	9666	1.87803
N4BP2L1	NA	34	3116	0.50919
N4BP2L2	NA	1161	5284	10.2534
N4BP2L2-IT2	NA	35	4890	0.334009
N4BP3	NA	466	5987	3.63225
N6AMT1	NA	214	1543	6.47212
N6AMT2	NA	290	872	15.5196
NAA10	NA	2057	1118	85.8601
NAA11	NA	1	1516	0.0307822
NAA15	NA	1654	5554	13.8972
NAA16	NA	256	4592	2.60158
NAA20	NA	749	1333	26.2211
NAA25	NA	719	5819	5.76606
NAA30	NA	420	4475	4.37981
NAA35	NA	745	2657	13.0847
NAA38	NA	1157	999	54.0464
NAA40	NA	1333	3885	16.0117
NAA50	NA	2974	6160	22.5299
NAA60	NA	1339	2890	21.6213
NAAA	NA	235	2562	4.28043
NAALAD2	NA	10	3196	0.146013
NAALADL1	NA	8	2687	0.138938
NAALADL2	NA	13	4912	0.123505
NAALADL2-AS1	NA	0	371	0
NAALADL2-AS2	NA	0	807	0
NAALADL2-AS3	NA	0	408	0
NAB1	NA	215	4469	2.24505
NAB2	NA	2349	2711	40.4345
NABP1	NA	423	4016	4.91525
NABP2	NA	202	1401	6.7284
NACA	NA	16517	3472	221.999
NACA2	NA	1741	770	105.513
NACAD	NA	7	4761	0.0686118
NACAP1	NA	795	703	52.7728
NACC1	NA	3055	4500	31.6809
NACC2	NA	1229	6899	8.31313
NADK	NA	2596	4226	28.6664
NADK2	NA	506	4167	5.66664
NADSYN1	NA	860	2430	16.5155
NAE1	NA	2436	1920	59.2072
NAF1	NA	290	2313	5.85088
NAGA	NA	910	3726	11.3972
NAGK	NA	394	1801	10.209
NAGLU	NA	1207	2782	20.2464
NAGPA	NA	369	2209	7.79524
NAGPA-AS1	NA	3	1237	0.113175
NAGS	NA	82	2072	1.84681
NAIF1	NA	238	3398	3.26853
NAIP	NA	348	6551	2.47896
NALCN	NA	0	6923	0
NALCN-AS1	NA	0	2846	0
NAMA	NA	0	2233	0
NAMPT	NA	2102	4581	21.4127
NANOG	NA	17	2103	0.377232
NANOGNB	NA	0	907	0
NANOS1	NA	621	4627	6.26312
NANOS2	NA	1	1564	0.0298375
NANOS3	NA	105	833	5.88224
NANP	NA	158	3799	1.94083
NANS	NA	1600	1240	60.2139
NAP1L1	NA	25353	5185	228.181
NAP1L2	NA	10	2574	0.181297
NAP1L3	NA	0	2758	0
NAP1L4	NA	4709	2518	87.2713
NAP1L5	NA	230	1958	5.48168
NAP1L6	NA	1	2044	0.0228306
NAPA	NA	2317	1860	58.1315
NAPA-AS1	NA	19	656	1.3516
NAPB	NA	318	3883	3.82172
NAPEPLD	NA	222	5363	1.93172
NAPG	NA	366	3715	4.59749
NAPRT	NA	88	1703	2.41139
NAPSA	NA	13	1392	0.435816
NAPSB	NA	3	1330	0.105261
NARF	NA	474	2084	10.614
NARFL	NA	366	2228	7.66593
NARR	NA	995	839	55.3426
NARS	NA	4416	2865	71.9289
NARS2	NA	837	2519	15.5059
NASP	NA	5467	3291	77.5211
NAT1	NA	58	3113	0.869456
NAT10	NA	1675	4041	19.343
NAT14	NA	1505	1350	52.0237
NAT16	NA	7	2935	0.111298
NAT2	NA	6	1317	0.2126
NAT6	NA	195	1549	5.87465
NAT8	NA	2	1073	0.0869819
NAT8B	NA	0	832	0
NAT8L	NA	1341	5871	10.659
NAT9	NA	853	2159	18.4372
NATD1	NA	982	4785	9.57697
NAV1	NA	2131	13265	7.49678
NAV2	NA	590	11758	2.34162
NAV2-AS2	NA	14	853	0.76591
NAV2-AS4	NA	1	1369	0.0340875
NAV2-AS5	NA	0	3306	0
NAV3	NA	1	9826	0.00474922
NBAS	NA	1122	7300	7.17247
NBAT1	NA	0	2295	0
NBEA	NA	943	11210	3.92559
NBEAL1	NA	31	9058	0.159709
NBEAL2	NA	902	8828	4.76807
NBEAP1	NA	0	548	0
NBL1	NA	1278	3281	18.177
NBN	NA	932	4724	9.20672
NBPF1	NA	2346	5947	18.4089
NBPF10	NA	365	11423	1.49112
NBPF11	NA	6137	11382	25.1615
NBPF12	NA	3233	7109	21.2225
NBPF13P	NA	0	1149	0
NBPF14	NA	3701	10086	17.1237
NBPF15	NA	4135	4802	40.1839
NBPF18P	NA	0	1004	0
NBPF20	NA	3345	17619	8.85959
NBPF22P	NA	2	2680	0.0348252
NBPF25P	NA	5159	7155	33.6476
NBPF3	NA	209	4418	2.20759
NBPF4	NA	1	2499	0.0186738
NBPF6	NA	0	2222	0
NBPF7	NA	5	1611	0.144835
NBPF8	NA	3782	4622	38.1848
NBPF9	NA	7179	6896	48.5809
NBR1	NA	1513	5300	13.3218
NBR2	NA	78	1366	2.66466
NCALD	NA	6	4487	0.0624013
NCAM1	NA	0	8526	0
NCAM1-AS1	NA	0	713	0
NCAM2	NA	7	5002	0.065306
NCAN	NA	4	6406	0.0291388
NCAPD2	NA	2488	4806	24.1582
NCAPD3	NA	1007	5605	8.38402
NCAPG	NA	1291	4752	12.6779
NCAPG2	NA	957	6181	7.22523
NCAPH	NA	692	6059	5.32971
NCAPH2	NA	1063	3790	13.0886
NCBP1	NA	1447	5380	12.5512
NCBP2	NA	2039	2661	35.7578
NCBP2-AS2	NA	669	1391	22.4439
NCCRP1	NA	102	1973	2.41252
NCDN	NA	877	3705	11.0461
NCEH1	NA	116	4315	1.25452
NCF1	NA	1	1459	0.0319848
NCF1B	NA	1	1516	0.0307822
NCF1C	NA	2	1442	0.0647237
NCF2	NA	30	2494	0.561337
NCF4	NA	1	1643	0.0284028
NCK1	NA	434	4575	4.42688
NCK1-AS1	NA	19	1188	0.746339
NCK2	NA	440	2667	7.69889
NCKAP1	NA	2504	5015	23.3003
NCKAP1L	NA	0	3945	0
NCKAP5	NA	0	7594	0
NCKAP5L	NA	1473	4900	14.0283
NCKIPSD	NA	712	3000	11.0753
NCL	NA	34615	2717	594.529
NCLN	NA	2315	3733	28.9395
NCMAP	NA	0	3990	0
NCOA1	NA	634	6951	4.25638
NCOA2	NA	109	6157	0.826145
NCOA3	NA	1070	8026	6.22133
NCOA4	NA	2492	4082	28.4888
NCOA5	NA	1410	3207	20.5172
NCOA6	NA	1481	7062	9.78647
NCOA7	NA	1031	7071	6.80419
NCOA7-AS1	NA	0	496	0
NCOR1	NA	2546	10135	11.7229
NCOR1P1	NA	0	419	0
NCOR2	NA	4073	8881	21.4018
NCR1	NA	2	1153	0.0809467
NCR2	NA	0	1084	0
NCR3	NA	436	9792	2.07785
NCR3LG1	NA	39	6382	0.285172
NCRNA00250	NA	0	519	0
NCRUPAR	NA	0	486	0
NCS1	NA	2371	5010	22.0848
NCSTN	NA	1717	3074	26.0654
NDC1	NA	1215	4825	11.7511
NDC80	NA	620	2172	13.3208
NDE1	NA	433	4003	5.04779
NDEL1	NA	796	2433	15.2676
NDFIP1	NA	1579	3597	20.4852
NDFIP2	NA	305	4655	3.05759
NDFIP2-AS1	NA	0	431	0
NDN	NA	2	1897	0.0491996
NDNF	NA	0	2871	0
NDNL2	NA	761	1668	21.2906
NDOR1	NA	925	4877	8.85091
NDP	NA	0	2002	0
NDRG1	NA	10	3478	0.134174
NDRG2	NA	308	2743	5.23991
NDRG3	NA	1062	3024	16.3886
NDRG4	NA	671	4311	7.26345
NDST1	NA	3467	8232	19.6538
NDST2	NA	678	3996	7.91777
NDST3	NA	0	5947	0
NDST4	NA	0	3343	0
NDUFA1	NA	1526	486	146.527
NDUFA10	NA	2174	4915	20.6412
NDUFA11	NA	4302	2938	68.3309
NDUFA12	NA	1737	583	139.037
NDUFA13	NA	1671	542	143.872
NDUFA2	NA	1747	893	91.2936
NDUFA3	NA	1013	354	133.538
NDUFA4	NA	4265	2058	96.7102
NDUFA4L2	NA	8	1188	0.314248
NDUFA5	NA	951	6506	6.82127
NDUFA6	NA	2356	1184	92.8586
NDUFA6-AS1	NA	87	1658	2.44869
NDUFA7	NA	1104	585	88.0667
NDUFA8	NA	1496	843	82.8138
NDUFA9	NA	1219	1609	35.3546
NDUFAB1	NA	2633	667	184.214
NDUFAF1	NA	895	1731	24.1282
NDUFAF2	NA	662	719	42.9663
NDUFAF3	NA	837	1691	23.0983
NDUFAF4	NA	390	2411	7.54859
NDUFAF4P1	NA	4	2328	0.0801818
NDUFAF5	NA	138	2410	2.67215
NDUFAF6	NA	213	1804	5.50988
NDUFAF7	NA	461	2211	9.72996
NDUFB1	NA	1300	419	144.786
NDUFB10	NA	1115	697	74.6519
NDUFB11	NA	2594	1124	107.697
NDUFB2	NA	731	495	68.9145
NDUFB2-AS1	NA	123	1648	3.48294
NDUFB3	NA	1049	778	62.9209
NDUFB4	NA	1217	1560	36.4053
NDUFB5	NA	1351	1059	59.533
NDUFB6	NA	953	861	51.6522
NDUFB7	NA	1862	546	159.142
NDUFB8	NA	3238	951	158.889
NDUFB9	NA	1851	719	120.137
NDUFC1	NA	1704	1453	54.7271
NDUFC2	NA	6552	2475	123.537
NDUFC2-KCTD14	NA	5263	2436	100.822
NDUFS1	NA	2153	3572	28.1275
NDUFS2	NA	1048	2275	21.497
NDUFS3	NA	1339	959	65.1569
NDUFS4	NA	650	676	44.871
NDUFS5	NA	6726	571	549.692
NDUFS6	NA	1221	548	103.976
NDUFS7	NA	775	786	46.0127
NDUFS8	NA	1062	804	61.6406
NDUFV1	NA	2607	1631	74.5909
NDUFV2	NA	1249	930	62.6727
NDUFV2-AS1	NA	7	845	0.386581
NDUFV3	NA	1197	2130	26.2249
NEAT1	NA	15538	22741	31.8848
NEB	NA	62	26307	0.109981
NEBL	NA	3645	9926	17.1365
NEBL-AS1	NA	11	632	0.812221
NECAB1	NA	7	5140	0.0635526
NECAB2	NA	186	1606	5.40463
NECAB3	NA	769	2039	17.5998
NECAP1	NA	497	2593	8.94443
NECAP2	NA	1579	2081	35.4086
NEDD1	NA	278	4098	3.16571
NEDD4	NA	396	7720	2.39374
NEDD4L	NA	67	9662	0.323598
NEDD8	NA	4282	625	319.717
NEDD8-MDP1	NA	1312	772	79.3077
NEDD9	NA	4826	5780	38.9635
NEFH	NA	2344	3719	29.4124
NEFL	NA	0	3840	0
NEFM	NA	1	3627	0.0128662
NEGR1	NA	1	5669	0.00823175
NEGR1-IT1	NA	0	534	0
NEIL1	NA	169	2530	3.1172
NEIL2	NA	495	2751	8.39679
NEIL3	NA	125	2402	2.42849
NEK1	NA	326	5757	2.64253
NEK10	NA	26	4630	0.262054
NEK11	NA	109	3324	1.53026
NEK2	NA	780	3274	11.1177
NEK3	NA	821	2734	14.0134
NEK4	NA	406	3726	5.08489
NEK5	NA	6	2924	0.0957575
NEK6	NA	1138	3263	16.2751
NEK7	NA	123	4132	1.38913
NEK8	NA	126	2858	2.05734
NEK9	NA	3577	5543	30.1143
NELFA	NA	1357	2468	25.6586
NELFB	NA	1420	2566	25.8244
NELFCD	NA	1672	2305	33.8504
NELFE	NA	2303	9366	11.4746
NELL1	NA	4	3351	0.0557037
NELL2	NA	2	4234	0.0220434
NEMF	NA	1131	4373	12.0693
NEMP1	NA	1360	5617	11.2988
NEMP2	NA	141	3637	1.80915
NENF	NA	1336	949	65.696
NEO1	NA	550	7088	3.62108
NES	NA	18794	5557	157.826
NET1	NA	1323	4336	14.2387
NETO1	NA	0	8173	0
NETO2	NA	1023	3692	12.9304
NEU1	NA	12703	16568	35.7796
NEU2	NA	0	1143	0
NEU3	NA	69	2748	1.17174
NEU4	NA	0	2747	0
NEURL1	NA	1096	4315	11.853
NEURL1-AS1	NA	3	1065	0.131453
NEURL1B	NA	143	6414	1.04041
NEURL2	NA	99	1454	3.17738
NEURL3	NA	53	2069	1.1954
NEURL4	NA	1083	5187	9.74341
NEUROD1	NA	0	3002	0
NEUROD2	NA	0	3032	0
NEUROD4	NA	0	3956	0
NEUROD6	NA	0	2161	0
NEUROG1	NA	0	1668	0
NEUROG2	NA	3	2287	0.0612144
NEUROG3	NA	0	1255	0
NEXN	NA	826	3389	11.3738
NEXN-AS1	NA	38	2292	0.773691
NF1	NA	1142	13260	4.01903
NF1P2	NA	0	1932	0
NF2	NA	1506	6925	10.1485
NFAM1	NA	105	5604	0.874359
NFASC	NA	17	11057	0.0717481
NFAT5	NA	1625	13672	5.54651
NFATC1	NA	663	5657	5.46923
NFATC2	NA	168	7797	1.0055
NFATC2IP	NA	1395	3858	16.8737
NFATC3	NA	1140	6525	8.15311
NFATC4	NA	1919	6288	14.2417
NFE2	NA	117	2048	2.66597
NFE2L1	NA	5878	4874	56.2785
NFE2L2	NA	2651	3342	37.0171
NFE2L3	NA	5250	3710	66.0365
NFIA	NA	33	10023	0.153644
NFIA-AS1	NA	0	392	0
NFIA-AS2	NA	15	1989	0.351929
NFIB	NA	1	9179	0.00508397
NFIC	NA	869	8168	4.96481
NFIL3	NA	71	2451	1.3518
NFIX	NA	50	5892	0.39601
NFKB1	NA	752	4085	8.59062
NFKB2	NA	1162	3885	13.9577
NFKBIA	NA	2152	1567	64.0873
NFKBIB	NA	951	2347	18.9089
NFKBID	NA	92	1834	2.34092
NFKBIE	NA	1238	2581	22.3837
NFKBIL1	NA	448	11242	1.85966
NFKBIZ	NA	46	4197	0.511467
NFRKB	NA	1435	5226	12.8139
NFS1	NA	752	2507	13.9979
NFU1	NA	974	1194	38.0674
NFX1	NA	1110	6152	8.41987
NFXL1	NA	381	4151	4.28323
NFYA	NA	599	6219	4.49474
NFYB	NA	1529	3482	20.4917
NFYC	NA	813	3428	11.0675
NFYC-AS1	NA	105	3182	1.53988
NGB	NA	0	1876	0
NGDN	NA	666	1588	19.5714
NGEF	NA	11	3443	0.149092
NGF	NA	0	1049	0
NGFR	NA	24	3420	0.327479
NGFRAP1	NA	7678	1354	264.623
NGLY1	NA	827	2860	13.4939
NGRN	NA	3449	1760	91.4491
NHEG1	NA	0	1360	0
NHEJ1	NA	464	2103	10.2962
NHLH1	NA	10	2559	0.18236
NHLH2	NA	0	2679	0
NHLRC1	NA	0	2134	0
NHLRC2	NA	135	6392	0.985589
NHLRC3	NA	280	3554	3.67654
NHLRC4	NA	11	2106	0.243743
NHP2	NA	1892	854	103.386
NHP2L1	NA	2843	1732	76.5998
NHS	NA	1	9131	0.0051107
NHS-AS1	NA	0	383	0
NHSL1	NA	269	7832	1.6028
NHSL2	NA	24	3678	0.304508
NICN1	NA	556	3227	8.04034
NID1	NA	1786	5881	14.1719
NID2	NA	14	5046	0.129473
NIF3L1	NA	449	1740	12.0419
NIFK	NA	1595	1738	42.8262
NIFK-AS1	NA	611	2697	10.572
NIM1K	NA	11	3275	0.15674
NIN	NA	432	10937	1.84325
NINJ1	NA	1718	1281	62.5854
NINJ2	NA	11	1457	0.352316
NINL	NA	880	4972	8.25943
NIP7	NA	1146	2319	23.0612
NIPA1	NA	2344	6589	16.6011
NIPA2	NA	1804	3503	24.0323
NIPAL1	NA	0	2190	0
NIPAL2	NA	20	2255	0.413887
NIPAL3	NA	373	5426	3.20795
NIPAL4	NA	26	3279	0.370025
NIPBL	NA	1693	10389	7.6047
NIPBL-AS1	NA	381	5334	3.33327
NIPSNAP1	NA	3422	2236	71.4179
NIPSNAP3A	NA	162	1633	4.62943
NIPSNAP3B	NA	47	5935	0.369552
NISCH	NA	3086	6854	21.0112
NIT1	NA	563	3196	8.22054
NIT2	NA	618	1271	22.6904
NKAIN1	NA	86	2922	1.37346
NKAIN2	NA	0	3471	0
NKAIN3	NA	0	3178	0
NKAIN4	NA	243	1430	7.92992
NKAP	NA	644	1585	18.9607
NKAPL	NA	0	1662	0
NKAPP1	NA	1	2420	0.0192834
NKD1	NA	8	8716	0.0428323
NKD2	NA	303	2070	6.83079
NKG7	NA	4	826	0.225984
NKILA	NA	34	2598	0.610715
NKIRAS1	NA	364	1995	8.51446
NKIRAS2	NA	1247	2541	22.9013
NKPD1	NA	8	4687	0.0796515
NKRF	NA	474	3992	5.54098
NKTR	NA	1521	7302	9.72044
NKX1-1	NA	0	1347	0
NKX1-2	NA	7	971	0.336417
NKX2-1	NA	0	2509	0
NKX2-1-AS1	NA	0	1775	0
NKX2-2	NA	0	2080	0
NKX2-3	NA	0	2096	0
NKX2-4	NA	1	1619	0.0288238
NKX2-5	NA	1	1961	0.0237969
NKX2-6	NA	0	906	0
NKX2-8	NA	0	1803	0
NKX3-1	NA	132	3281	1.87744
NKX3-2	NA	14	2241	0.291531
NKX6-1	NA	0	1116	0
NKX6-2	NA	1	1019	0.0457957
NKX6-3	NA	1	551	0.0846929
NLE1	NA	545	2742	9.2753
NLGN1	NA	59	4947	0.556556
NLGN1-AS1	NA	0	814	0
NLGN2	NA	3750	4646	37.6661
NLGN3	NA	46	3985	0.538677
NLGN4X	NA	33	6679	0.230569
NLGN4Y	NA	498	6344	3.66324
NLGN4Y-AS1	NA	12	532	1.05261
NLK	NA	334	3538	4.40542
NLN	NA	1520	8661	8.18982
NLRC3	NA	29	6609	0.204767
NLRC4	NA	28	3517	0.371522
NLRC5	NA	47	6724	0.326189
NLRP1	NA	59	6099	0.451432
NLRP10	NA	1	2020	0.0231019
NLRP11	NA	7	4041	0.0808366
NLRP12	NA	3	3866	0.0362125
NLRP13	NA	0	3157	0
NLRP14	NA	3	3823	0.0366198
NLRP2	NA	1	3669	0.0127189
NLRP3	NA	3	4495	0.0311451
NLRP4	NA	9	3674	0.114315
NLRP5	NA	3	3883	0.0360539
NLRP6	NA	1	2763	0.0168895
NLRP7	NA	5	3421	0.0682049
NLRP8	NA	0	3934	0
NLRP9	NA	9	3484	0.120549
NLRX1	NA	4	4258	0.0438382
NMB	NA	64	1030	2.89962
NMBR	NA	0	1354	0
NMD3	NA	745	2728	12.7441
NME1	NA	3342	1031	151.268
NME1-NME2	NA	7191	1295	259.13
NME2	NA	6348	1244	238.131
NME3	NA	654	1014	30.0981
NME4	NA	2977	2067	67.2105
NME5	NA	0	1226	0
NME6	NA	209	3304	2.95192
NME7	NA	761	1702	20.8653
NME8	NA	0	2311	0
NME9	NA	5	2133	0.10939
NMI	NA	1	1479	0.0315523
NMNAT1	NA	440	4395	4.67189
NMNAT2	NA	80	5765	0.647574
NMNAT3	NA	1	2067	0.0225766
NMRAL1	NA	1177	1523	36.0641
NMRK1	NA	83	1450	2.67121
NMRK2	NA	894	1141	36.5637
NMS	NA	0	485	0
NMT1	NA	3906	4897	37.2221
NMT2	NA	731	5061	6.74031
NMU	NA	9	973	0.431647
NMUR1	NA	0	3274	0
NMUR2	NA	0	2064	0
NNAT	NA	10	1302	0.358416
NNMT	NA	4	1578	0.118291
NNT	NA	202	4846	1.94521
NNT-AS1	NA	23	3304	0.324853
NOA1	NA	719	2272	14.7679
NOB1	NA	2096	1775	55.1051
NOBOX	NA	0	2076	0
NOC2L	NA	5652	2800	94.1982
NOC3L	NA	810	3492	10.8245
NOC4L	NA	374	1685	10.3579
NOD1	NA	151	4496	1.56729
NOD2	NA	0	4624	0
NODAL	NA	8	2086	0.178968
NOG	NA	28	1892	0.690614
NOL10	NA	1245	3498	16.6092
NOL11	NA	1185	2624	21.0743
NOL12	NA	351	2840	5.7675
NOL3	NA	366	1896	9.00827
NOL4	NA	3	4623	0.0302828
NOL4L	NA	703	6984	4.69732
NOL6	NA	1455	4853	13.9911
NOL7	NA	953	874	50.8839
NOL8	NA	1052	5229	9.38849
NOL9	NA	1201	6712	8.35006
NOLC1	NA	4851	3970	57.0216
NOM1	NA	944	6077	7.24906
NOMO1	NA	4540	4247	49.8853
NOMO2	NA	7634	4253	83.7636
NOMO3	NA	4644	4316	50.2122
NONO	NA	8868	3218	128.599
NOP10	NA	2925	535	255.135
NOP14	NA	2415	3655	30.8339
NOP14-AS1	NA	536	3866	6.46996
NOP16	NA	1098	1902	26.9396
NOP2	NA	2680	2981	41.9538
NOP56	NA	4592	2193	97.7152
NOP58	NA	3173	1965	75.354
NOP9	NA	1524	6043	11.7688
NOS1	NA	0	12534	0
NOS1AP	NA	91	6885	0.616788
NOS2	NA	74	4206	0.821034
NOS3	NA	367	5123	3.34303
NOSIP	NA	1861	1367	63.5297
NOSTRIN	NA	9	2819	0.148986
NOTCH1	NA	1766	9295	8.86625
NOTCH2	NA	2515	11825	9.92511
NOTCH2NL	NA	270	5318	2.36927
NOTCH3	NA	909	8071	5.25576
NOTCH4	NA	31	43362	0.0333619
NOTO	NA	0	1448	0
NOTUM	NA	56	2217	1.17875
NOV	NA	3	2601	0.0538245
NOVA1	NA	49	4291	0.532888
NOVA2	NA	22	1877	0.546962
NOX1	NA	10	2529	0.184523
NOX3	NA	0	2044	0
NOX4	NA	0	5381	0
NOX5	NA	5	3126	0.0746414
NOXA1	NA	20	1633	0.571535
NOXO1	NA	65	1636	1.85408
NOXRED1	NA	17	1856	0.427435
NPAP1	NA	0	8053	0
NPAS1	NA	1392	2043	31.7958
NPAS2	NA	1	4004	0.0116548
NPAS3	NA	0	5984	0
NPAS4	NA	13	3302	0.183724
NPAT	NA	314	5936	2.46851
NPB	NA	51	617	3.8573
NPBWR1	NA	0	987	0
NPBWR2	NA	0	1002	0
NPC1	NA	1906	4814	18.4763
NPC1L1	NA	26	5251	0.231063
NPC2	NA	5941	897	309.076
NPDC1	NA	2508	1528	76.5954
NPEPL1	NA	336	2373	6.60755
NPEPPS	NA	2423	4339	26.0593
NPFF	NA	71	592	5.59674
NPFFR1	NA	0	1311	0
NPFFR2	NA	2	2449	0.0381101
NPHP1	NA	209	2750	3.5466
NPHP3	NA	578	5398	4.99682
NPHP3-ACAD11	NA	1739	7788	10.4201
NPHP3-AS1	NA	1	2490	0.0187413
NPHP4	NA	304	5556	2.55335
NPHS1	NA	18	5024	0.167194
NPHS2	NA	1	1874	0.0249017
NPIPA1	NA	1509	1102	63.9008
NPIPA2	NA	1705	2176	36.5649
NPIPA3	NA	1720	2196	36.5506
NPIPA5	NA	2518	1088	108
NPIPA7	NA	1516	1159	61.04
NPIPA8	NA	1516	1159	61.04
NPIPB15	NA	89	1388	2.99226
NPIPB3	NA	3842	3620	49.5276
NPIPB5	NA	3912	3816	47.8398
NPIPB6	NA	214	1405	7.10782
NPIPB9	NA	184	1491	5.75889
NPL	NA	15	3166	0.221095
NPLOC4	NA	4199	4665	42.0042
NPM1	NA	17771	1780	465.898
NPM2	NA	2	1721	0.054231
NPM3	NA	1217	877	64.7574
NPNT	NA	0	4733	0
NPPA	NA	43	854	2.34968
NPPA-AS1	NA	159	1662	4.46442
NPPB	NA	245	698	16.3798
NPPC	NA	17	701	1.1317
NPR1	NA	10	4185	0.111507
NPR2	NA	41	3430	0.557813
NPR3	NA	0	7597	0
NPRL2	NA	363	1664	10.1801
NPRL3	NA	1107	3177	16.2603
NPS	NA	0	322	0
NPSR1	NA	0	1970	0
NPSR1-AS1	NA	0	6188	0
NPTN	NA	1082	2454	20.5755
NPTN-IT1	NA	8	2606	0.143256
NPTX1	NA	25	5437	0.214575
NPTX2	NA	5	2713	0.0860041
NPTXR	NA	2122	5815	17.0292
NPVF	NA	2	1188	0.078562
NPW	NA	10	1016	0.459309
NPY	NA	0	560	0
NPY1R	NA	0	2958	0
NPY2R	NA	7	3628	0.0900388
NPY4R	NA	0	1956	0
NPY5R	NA	0	1843	0
NPY6R	NA	4	2987	0.0624919
NQO1	NA	2922	2629	51.8667
NQO2	NA	1709	1787	44.6289
NR0B1	NA	0	1585	0
NR0B2	NA	3	1271	0.110147
NR1D1	NA	49	2775	0.824009
NR1D2	NA	254	5498	2.1559
NR1H2	NA	399	2090	8.90893
NR1H3	NA	167	2315	3.36639
NR1H4	NA	0	2589	0
NR1I2	NA	0	4560	0
NR1I3	NA	123	1408	4.07663
NR2C1	NA	1354	4533	13.939
NR2C2	NA	728	8481	4.00574
NR2C2AP	NA	616	1303	22.0615
NR2E1	NA	14	3352	0.194905
NR2E3	NA	3	2813	0.049768
NR2F1	NA	3933	3726	49.2583
NR2F1-AS1	NA	320	6748	2.21296
NR2F2	NA	1180	6110	9.01238
NR2F2-AS1	NA	11	1836	0.279588
NR2F6	NA	3006	1804	77.7591
NR3C1	NA	1	9455	0.00493557
NR3C2	NA	1	5898	0.00791214
NR4A1	NA	898	3942	10.6306
NR4A2	NA	1	3531	0.013216
NR4A3	NA	35	6311	0.258803
NR5A1	NA	11	3095	0.165856
NR5A2	NA	0	5225	0
NR6A1	NA	763	7064	5.04049
NRADDP	NA	2	1012	0.0922249
NRAP	NA	1	5535	0.00843104
NRARP	NA	77	2621	1.37095
NRAS	NA	1660	4454	17.3923
NRAV	NA	388	1897	9.54472
NRBF2	NA	750	1901	18.411
NRBP1	NA	2384	2199	50.5918
NRBP2	NA	1871	3723	23.452
NRCAM	NA	1	6685	0.00698067
NRD1	NA	5597	4082	63.9854
NRDE2	NA	567	4010	6.59838
NREP	NA	12	3408	0.164316
NREP-AS1	NA	0	610	0
NRF1	NA	382	3693	4.82706
NRG1	NA	43	7788	0.257657
NRG1-IT1	NA	0	630	0
NRG1-IT3	NA	0	505	0
NRG2	NA	50	4004	0.58274
NRG3	NA	0	4198	0
NRG3-AS1	NA	0	490	0
NRG4	NA	102	2181	2.18244
NRGN	NA	399	1218	15.2871
NRIP1	NA	1111	7556	6.86153
NRIP2	NA	28	2777	0.470523
NRIP3	NA	3	3809	0.0367544
NRIR	NA	0	832	0
NRK	NA	0	8062	0
NRL	NA	107	1974	2.5295
NRM	NA	715	12769	2.61305
NRN1	NA	0	2622	0
NRN1L	NA	7	633	0.516051
NRON	NA	0	2730	0
NRP1	NA	655	5914	5.16843
NRP2	NA	15	7719	0.0906836
NRROS	NA	672	2553	12.2834
NRSN1	NA	0	2408	0
NRSN2	NA	1566	2386	30.6281
NRSN2-AS1	NA	101	1394	3.38109
NRTN	NA	66	1104	2.7898
NRXN1	NA	0	10626	0
NRXN2	NA	89	7400	0.561251
NRXN3	NA	1	14380	0.00324519
NSA2	NA	1271	1503	39.4626
NSD1	NA	2376	13059	8.49054
NSDHL	NA	1062	1630	30.4043
NSF	NA	971	5563	8.14533
NSFL1C	NA	2948	3574	38.4921
NSFP1	NA	121	2348	2.40484
NSG1	NA	1554	2806	25.8441
NSL1	NA	580	13220	2.04736
NSMAF	NA	1193	3782	14.7203
NSMCE1	NA	661	1062	29.0453
NSMCE2	NA	466	1212	17.9425
NSMCE4A	NA	1099	1405	36.5023
NSMF	NA	3117	3654	39.8077
NSRP1	NA	1164	2515	21.598
NSUN2	NA	3227	3372	44.6591
NSUN3	NA	58	1435	1.88614
NSUN4	NA	520	5799	4.18455
NSUN5	NA	1992	2447	37.9887
NSUN5P1	NA	1208	2048	27.5255
NSUN5P2	NA	1344	1767	35.4945
NSUN6	NA	321	2570	5.82869
NSUN7	NA	2	3698	0.0252384
NT5C	NA	647	1037	29.1155
NT5C1A	NA	0	1107	0
NT5C1B	NA	20	2927	0.318864
NT5C1B-RDH14	NA	470	2988	7.34034
NT5C2	NA	4116	3534	54.351
NT5C3A	NA	352	2140	7.67587
NT5C3B	NA	1747	1646	49.5293
NT5DC1	NA	586	3129	8.73958
NT5DC2	NA	6212	2360	122.834
NT5DC3	NA	592	7214	3.82952
NT5E	NA	25	4068	0.286786
NT5M	NA	60	1588	1.76319
NTAN1	NA	1113	1219	42.6079
NTF3	NA	0	1397	0
NTF4	NA	210	999	9.80963
NTHL1	NA	205	1067	8.96578
NTM	NA	213	4185	2.37511
NTM-IT	NA	0	764	0
NTMT1	NA	1374	2063	31.0804
NTN1	NA	230	5954	1.80268
NTN3	NA	5	1986	0.117487
NTN4	NA	700	3615	9.03625
NTN5	NA	23	1910	0.561944
NTNG1	NA	736	3477	9.87806
NTNG2	NA	7	3091	0.105681
NTPCR	NA	678	902	35.077
NTRK1	NA	7	2857	0.114337
NTRK2	NA	0	20458	0
NTRK3	NA	3	5238	0.0267273
NTRK3-AS1	NA	0	2663	0
NTS	NA	0	1239	0
NTSR1	NA	2	4132	0.0225875
NTSR2	NA	0	1608	0
NUAK1	NA	1802	6821	12.3284
NUAK2	NA	1270	3437	17.2434
NUB1	NA	812	3173	11.9422
NUBP1	NA	396	1287	14.3587
NUBP2	NA	874	1581	25.7975
NUBPL	NA	202	3403	2.77005
NUCB1	NA	3322	2579	60.11
NUCB1-AS1	NA	243	433	26.1889
NUCB2	NA	475	1612	13.7508
NUCKS1	NA	10075	6464	72.7348
NUDC	NA	4548	1813	117.063
NUDCD1	NA	630	4082	7.20222
NUDCD2	NA	387	948	19.0503
NUDCD3	NA	1348	4917	12.7935
NUDT1	NA	210	838	11.6943
NUDT10	NA	5	2075	0.112448
NUDT11	NA	46	2396	0.895921
NUDT12	NA	145	3500	1.9333
NUDT13	NA	20	2296	0.406497
NUDT14	NA	762	867	41.0142
NUDT15	NA	1086	2484	20.4022
NUDT16	NA	1826	6777	12.5737
NUDT16L1	NA	980	1420	32.206
NUDT16P1	NA	4	2364	0.0789607
NUDT17	NA	112	1091	4.79062
NUDT18	NA	183	1519	5.62202
NUDT19	NA	668	2967	10.5065
NUDT2	NA	349	1075	15.1501
NUDT21	NA	2586	4407	27.3832
NUDT22	NA	323	1126	13.3864
NUDT3	NA	853	2394	16.6274
NUDT4	NA	3551	5056	32.775
NUDT4P1	NA	3385	3796	41.6132
NUDT4P2	NA	3385	3833	41.2115
NUDT5	NA	3174	1204	123.021
NUDT6	NA	385	1373	13.0855
NUDT7	NA	94	1326	3.30813
NUDT8	NA	74	816	4.23195
NUDT9	NA	1751	2816	29.017
NUDT9P1	NA	1	1077	0.0433294
NUF2	NA	387	1989	9.07977
NUFIP1	NA	506	3487	6.77169
NUFIP2	NA	1829	10880	7.84483
NUGGC	NA	1	3887	0.0120056
NUMA1	NA	4928	7585	30.3189
NUMB	NA	1703	3644	21.809
NUMBL	NA	858	3649	10.9727
NUP107	NA	884	3124	13.205
NUP133	NA	1844	4170	20.6359
NUP153	NA	1320	6030	10.2154
NUP155	NA	760	4747	7.47125
NUP160	NA	1052	5383	9.1199
NUP188	NA	2017	5695	16.5276
NUP205	NA	1769	6265	13.1767
NUP210	NA	2460	7208	15.9265
NUP210L	NA	7	5882	0.0555356
NUP210P1	NA	0	876	0
NUP214	NA	1190	7600	7.30688
NUP35	NA	236	2006	5.49009
NUP37	NA	1349	1205	52.2425
NUP43	NA	1391	3873	16.7602
NUP50	NA	2178	5501	18.4763
NUP50-AS1	NA	394	1518	12.1122
NUP54	NA	915	2557	16.6989
NUP62	NA	3048	3619	39.3029
NUP62CL	NA	0	1762	0
NUP85	NA	978	2363	19.3141
NUP88	NA	1779	2495	33.2739
NUP93	NA	2029	3716	25.4803
NUP98	NA	2857	7759	17.1832
NUPL1	NA	620	4335	6.67423
NUPL2	NA	550	1797	14.2828
NUPR1	NA	3815	912	195.208
NUPR1L	NA	0	600	0
NUS1	NA	1363	4807	13.2318
NUSAP1	NA	2035	2454	38.698
NUTF2	NA	3896	886	205.203
NUTM1	NA	1	4196	0.0111215
NUTM2A	NA	176	3288	2.49793
NUTM2A-AS1	NA	215	822	12.2058
NUTM2B	NA	160	3292	2.26808
NUTM2B-AS1	NA	463	5206	4.15026
NUTM2D	NA	118	5543	0.993427
NUTM2F	NA	6	2561	0.10933
NUTM2G	NA	16	5249	0.142247
NVL	NA	1041	3006	16.1607
NWD1	NA	0	8403	0
NWD2	NA	0	7477	0
NXF1	NA	2670	4147	30.0453
NXF2	NA	0	2401	0
NXF2B	NA	0	2401	0
NXF3	NA	28	1895	0.689521
NXF4	NA	2	3615	0.0258179
NXF5	NA	0	2062	0
NXN	NA	4840	3121	72.3686
NXNL1	NA	1	908	0.0513941
NXNL2	NA	34	1630	0.973397
NXPE1	NA	0	1925	0
NXPE2	NA	0	1778	0
NXPE3	NA	707	9053	3.6444
NXPE4	NA	0	2163	0
NXPH1	NA	0	2921	0
NXPH2	NA	0	2560	0
NXPH3	NA	801	5552	6.73258
NXPH4	NA	25	1804	0.646699
NXT1	NA	534	1117	22.3093
NXT2	NA	50	2966	0.786679
NYAP1	NA	637	3583	8.29643
NYAP2	NA	0	4590	0
NYNRIN	NA	3970	7857	23.5794
NYX	NA	6	2629	0.106502
OACYLP	NA	0	591	0
OAF	NA	692	1862	17.343
OARD1	NA	490	1174	19.4772
OAS1	NA	1	1989	0.0234619
OAS2	NA	1	6169	0.00756456
OAS3	NA	139	6639	0.977037
OASL	NA	0	2085	0
OAT	NA	2001	2092	44.6359
OAZ1	NA	8116	1181	320.694
OAZ2	NA	1697	1934	40.9472
OAZ3	NA	212	1172	8.44125
OBFC1	NA	390	6481	2.80816
OBP2A	NA	0	754	0
OBP2B	NA	0	1068	0
OBSCN	NA	742	28628	1.20952
OBSL1	NA	3119	7275	20.007
OC90	NA	0	1782	0
OCA2	NA	110	3140	1.63479
OCEL1	NA	200	1133	8.23756
OCIAD1	NA	2416	2332	48.3467
OCIAD2	NA	10	825	0.565646
OCLM	NA	3	884	0.158368
OCLN	NA	710	6576	5.03843
OCM	NA	0	696	0
OCM2	NA	0	587	0
OCRL	NA	1192	5154	10.7927
OCSTAMP	NA	1	1958	0.0238334
ODAM	NA	0	1288	0
ODC1	NA	8318	2626	147.816
ODF1	NA	0	994	0
ODF2	NA	1163	4861	11.1648
ODF2L	NA	555	6471	4.0024
ODF3	NA	0	1284	0
ODF3B	NA	5	970	0.240545
ODF3L1	NA	18	1193	0.704094
ODF3L2	NA	9	1604	0.261841
ODF4	NA	0	1149	0
OFD1	NA	604	3651	7.72012
OGDH	NA	2640	4840	25.4541
OGDHL	NA	760	3762	9.42743
OGFOD1	NA	1525	3020	23.5647
OGFOD2	NA	352	2789	5.8897
OGFOD3	NA	878	4513	9.07879
OGFR	NA	1626	2420	31.3548
OGFR-AS1	NA	10	668	0.69859
OGFRL1	NA	30	1740	0.804583
OGFRP1	NA	17	1242	0.638743
OGG1	NA	448	2841	7.35877
OGN	NA	0	3067	0
OGT	NA	2717	5482	23.1286
OIP5	NA	346	1236	13.0634
OIP5-AS1	NA	528	1894	13.0093
OIT3	NA	3	2393	0.0585029
OLA1	NA	2886	4356	30.9177
OLAH	NA	44	1834	1.11957
OLFM1	NA	38	3855	0.46
OLFM2	NA	551	2314	11.1119
OLFM3	NA	0	4500	0
OLFM4	NA	0	2919	0
OLFML1	NA	598	2903	9.61287
OLFML2A	NA	740	6752	5.11444
OLFML2B	NA	114	3774	1.40962
OLFML3	NA	108	2113	2.38519
OLIG1	NA	0	2279	0
OLIG2	NA	0	2514	0
OLIG3	NA	0	2196	0
OLMALINC	NA	66	988	3.11735
OLR1	NA	28	2516	0.519333
OMA1	NA	200	1934	4.82583
OMD	NA	1	2542	0.0183579
OMG	NA	5	1895	0.123129
OMP	NA	0	492	0
ONECUT1	NA	0	2407	0
ONECUT2	NA	4	16122	0.0115782
ONECUT3	NA	0	1485	0
OOEP	NA	0	677	0
OOSP1	NA	0	1163	0
OOSP2	NA	0	1632	0
OPA1	NA	1218	6493	8.75388
OPA1-AS1	NA	0	502	0
OPA3	NA	1111	9563	5.42149
OPALIN	NA	1	4009	0.0116403
OPCML	NA	0	6545	0
OPHN1	NA	120	7531	0.743579
OPLAH	NA	4	4031	0.0463069
OPN1LW	NA	0	1261	0
OPN1MW	NA	2	3996	0.0233563
OPN1MW2	NA	0	2566	0
OPN1SW	NA	35	1098	1.48753
OPN3	NA	267	2632	4.73395
OPN4	NA	0	2405	0
OPN5	NA	1	3777	0.0123553
OPRD1	NA	0	1774	0
OPRK1	NA	0	5196	0
OPRL1	NA	74	3604	0.958177
OPRM1	NA	1	19723	0.00236606
OPTC	NA	2	1444	0.0646341
OPTN	NA	1777	3597	23.054
OR10A2	NA	0	912	0
OR10A3	NA	0	945	0
OR10A4	NA	0	995	0
OR10A5	NA	0	954	0
OR10A6	NA	1	945	0.0493818
OR10A7	NA	0	951	0
OR10AD1	NA	0	954	0
OR10AG1	NA	0	906	0
OR10C1	NA	2	4659	0.0200325
OR10G2	NA	0	1105	0
OR10G3	NA	0	942	0
OR10G4	NA	0	936	0
OR10G7	NA	0	936	0
OR10G8	NA	0	936	0
OR10G9	NA	0	936	0
OR10H1	NA	6	1120	0.249995
OR10H2	NA	1	1029	0.0453506
OR10H3	NA	0	951	0
OR10H4	NA	0	951	0
OR10H5	NA	0	948	0
OR10J1	NA	0	1089	0
OR10J3	NA	0	990	0
OR10J5	NA	0	930	0
OR10K1	NA	0	942	0
OR10K2	NA	0	939	0
OR10P1	NA	0	942	0
OR10Q1	NA	0	1037	0
OR10R2	NA	0	1008	0
OR10S1	NA	0	996	0
OR10T2	NA	0	945	0
OR10V1	NA	0	930	0
OR10V2P	NA	0	770	0
OR10W1	NA	0	1469	0
OR10X1	NA	0	981	0
OR10Z1	NA	0	942	0
OR11A1	NA	4	9419	0.0198177
OR11G2	NA	0	1038	0
OR11H1	NA	0	981	0
OR11H12	NA	0	981	0
OR11H2	NA	0	1085	0
OR11H4	NA	1	975	0.0478624
OR11H6	NA	0	993	0
OR11L1	NA	0	969	0
OR12D2	NA	2	4461	0.0209217
OR12D3	NA	0	7799	0
OR13A1	NA	1	2078	0.0224571
OR13C2	NA	0	957	0
OR13C3	NA	0	1044	0
OR13C4	NA	0	957	0
OR13C5	NA	0	957	0
OR13C8	NA	0	963	0
OR13C9	NA	0	957	0
OR13D1	NA	0	1041	0
OR13F1	NA	0	960	0
OR13G1	NA	0	924	0
OR13H1	NA	0	927	0
OR13J1	NA	0	939	0
OR14A16	NA	0	930	0
OR14C36	NA	0	939	0
OR14I1	NA	0	936	0
OR14J1	NA	1	4050	0.0115224
OR1A1	NA	0	930	0
OR1A2	NA	0	932	0
OR1B1	NA	0	957	0
OR1C1	NA	0	945	0
OR1D2	NA	0	939	0
OR1D4	NA	0	590	0
OR1D5	NA	0	939	0
OR1E1	NA	0	945	0
OR1E2	NA	0	972	0
OR1F1	NA	4	939	0.198789
OR1F2P	NA	4	985	0.189506
OR1G1	NA	0	942	0
OR1I1	NA	0	1068	0
OR1J1	NA	0	969	0
OR1J2	NA	0	942	0
OR1J4	NA	0	942	0
OR1K1	NA	0	951	0
OR1L1	NA	0	933	0
OR1L3	NA	0	975	0
OR1L4	NA	0	936	0
OR1L6	NA	0	936	0
OR1L8	NA	0	930	0
OR1M1	NA	0	942	0
OR1N1	NA	0	936	0
OR1N2	NA	0	993	0
OR1Q1	NA	0	945	0
OR1S1	NA	0	978	0
OR1S2	NA	0	978	0
OR2A1	NA	0	933	0
OR2A1-AS1	NA	0	946	0
OR2A12	NA	0	933	0
OR2A14	NA	0	933	0
OR2A2	NA	0	957	0
OR2A20P	NA	0	930	0
OR2A25	NA	0	933	0
OR2A4	NA	0	1758	0
OR2A42	NA	0	933	0
OR2A5	NA	0	936	0
OR2A7	NA	0	933	0
OR2A9P	NA	0	985	0
OR2AE1	NA	0	972	0
OR2AG1	NA	0	998	0
OR2AG2	NA	0	951	0
OR2AK2	NA	0	1008	0
OR2AP1	NA	0	930	0
OR2AT4	NA	1	963	0.0484588
OR2B11	NA	0	954	0
OR2B2	NA	0	1212	0
OR2B3	NA	3	4563	0.030681
OR2B6	NA	8	942	0.396313
OR2C1	NA	0	1036	0
OR2C3	NA	0	2742	0
OR2D2	NA	0	927	0
OR2D3	NA	0	993	0
OR2F1	NA	0	1089	0
OR2F2	NA	0	954	0
OR2G2	NA	0	954	0
OR2G3	NA	0	930	0
OR2G6	NA	0	951	0
OR2H1	NA	0	13076	0
OR2H2	NA	6	3672	0.0762513
OR2J2	NA	0	4303	0
OR2J3	NA	22	4575	0.224404
OR2K2	NA	1	951	0.0490702
OR2L13	NA	0	2046	0
OR2L1P	NA	0	925	0
OR2L2	NA	0	1134	0
OR2L3	NA	0	939	0
OR2L5	NA	0	939	0
OR2L8	NA	0	939	0
OR2M1P	NA	0	645	0
OR2M2	NA	0	1044	0
OR2M3	NA	0	939	0
OR2M4	NA	0	936	0
OR2M5	NA	0	939	0
OR2M7	NA	0	939	0
OR2S2	NA	0	1047	0
OR2T1	NA	0	1110	0
OR2T10	NA	0	939	0
OR2T11	NA	0	951	0
OR2T12	NA	0	963	0
OR2T2	NA	0	975	0
OR2T27	NA	0	954	0
OR2T29	NA	0	948	0
OR2T3	NA	0	957	0
OR2T33	NA	0	963	0
OR2T34	NA	0	957	0
OR2T35	NA	0	972	0
OR2T4	NA	0	1047	0
OR2T5	NA	0	948	0
OR2T6	NA	0	927	0
OR2T8	NA	0	939	0
OR2V1	NA	1	948	0.0492255
OR2V2	NA	0	948	0
OR2W1	NA	0	4005	0
OR2W3	NA	0	945	0
OR2W5	NA	0	1342	0
OR2Y1	NA	0	936	0
OR2Z1	NA	0	1056	0
OR3A1	NA	0	948	0
OR3A2	NA	0	1085	0
OR3A3	NA	0	966	0
OR3A4P	NA	0	1202	0
OR4A15	NA	0	1035	0
OR4A16	NA	0	987	0
OR4A47	NA	0	930	0
OR4A5	NA	0	1071	0
OR4B1	NA	0	930	0
OR4C11	NA	0	1045	0
OR4C12	NA	0	1063	0
OR4C13	NA	0	1029	0
OR4C15	NA	0	1113	0
OR4C16	NA	0	933	0
OR4C3	NA	0	990	0
OR4C45	NA	0	919	0
OR4C46	NA	0	930	0
OR4C6	NA	0	930	0
OR4D1	NA	0	933	0
OR4D10	NA	0	936	0
OR4D11	NA	0	936	0
OR4D2	NA	0	924	0
OR4D5	NA	0	957	0
OR4D6	NA	0	945	0
OR4D9	NA	0	945	0
OR4E2	NA	0	942	0
OR4F13P	NA	0	2054	0
OR4F15	NA	0	939	0
OR4F16	NA	32	1878	0.795157
OR4F17	NA	0	918	0
OR4F21	NA	5	939	0.248487
OR4F29	NA	32	1878	0.795157
OR4F3	NA	32	1878	0.795157
OR4F4	NA	0	918	0
OR4F5	NA	0	918	0
OR4F6	NA	0	939	0
OR4K1	NA	0	1076	0
OR4K13	NA	0	915	0
OR4K14	NA	0	933	0
OR4K15	NA	0	1047	0
OR4K17	NA	0	1032	0
OR4K2	NA	0	945	0
OR4K5	NA	1	972	0.0480101
OR4L1	NA	0	939	0
OR4M1	NA	0	942	0
OR4M2	NA	0	1084	0
OR4N2	NA	1	1008	0.0462954
OR4N3P	NA	0	934	0
OR4N4	NA	0	1434	0
OR4N5	NA	0	927	0
OR4P4	NA	0	939	0
OR4Q3	NA	0	942	0
OR4S1	NA	0	930	0
OR4S2	NA	0	936	0
OR4X1	NA	0	918	0
OR4X2	NA	0	912	0
OR51A2	NA	0	942	0
OR51A4	NA	0	942	0
OR51A7	NA	0	939	0
OR51B2	NA	0	1055	0
OR51B4	NA	0	933	0
OR51B5	NA	0	1934	0
OR51B6	NA	0	939	0
OR51D1	NA	0	1124	0
OR51E1	NA	0	3104	0
OR51E2	NA	0	2785	0
OR51F1	NA	0	939	0
OR51F2	NA	0	1029	0
OR51G1	NA	0	966	0
OR51G2	NA	0	945	0
OR51I1	NA	0	1012	0
OR51I2	NA	0	1070	0
OR51L1	NA	0	948	0
OR51M1	NA	0	1058	0
OR51Q1	NA	0	1096	0
OR51S1	NA	0	972	0
OR51T1	NA	0	1065	0
OR51V1	NA	0	966	0
OR52A1	NA	0	939	0
OR52A5	NA	0	951	0
OR52B2	NA	0	972	0
OR52B4	NA	0	1124	0
OR52B6	NA	0	1008	0
OR52D1	NA	0	1064	0
OR52E2	NA	0	978	0
OR52E4	NA	0	939	0
OR52E6	NA	0	942	0
OR52E8	NA	0	954	0
OR52H1	NA	0	963	0
OR52I1	NA	0	975	0
OR52I2	NA	0	1115	0
OR52J3	NA	0	936	0
OR52K1	NA	0	1030	0
OR52K2	NA	0	1067	0
OR52L1	NA	0	1094	0
OR52M1	NA	0	954	0
OR52N1	NA	0	963	0
OR52N2	NA	0	966	0
OR52N4	NA	0	1037	0
OR52N5	NA	0	1034	0
OR52R1	NA	0	948	0
OR52W1	NA	0	963	0
OR56A1	NA	0	1071	0
OR56A3	NA	0	948	0
OR56A4	NA	0	1098	0
OR56A5	NA	0	942	0
OR56B1	NA	0	1091	0
OR56B4	NA	0	1152	0
OR5A1	NA	0	948	0
OR5A2	NA	0	975	0
OR5AC2	NA	0	930	0
OR5AK2	NA	0	930	0
OR5AK4P	NA	0	927	0
OR5AN1	NA	0	936	0
OR5AP2	NA	0	951	0
OR5AR1	NA	0	933	0
OR5AS1	NA	0	975	0
OR5AU1	NA	0	1089	0
OR5B12	NA	0	1054	0
OR5B17	NA	0	945	0
OR5B2	NA	0	1049	0
OR5B21	NA	0	930	0
OR5B3	NA	0	945	0
OR5C1	NA	0	963	0
OR5D13	NA	0	945	0
OR5D14	NA	0	945	0
OR5D16	NA	0	987	0
OR5D18	NA	0	942	0
OR5E1P	NA	2	521	0.179139
OR5F1	NA	0	945	0
OR5H1	NA	0	942	0
OR5H14	NA	0	933	0
OR5H15	NA	0	942	0
OR5H2	NA	0	945	0
OR5H6	NA	0	978	0
OR5I1	NA	0	945	0
OR5J2	NA	0	939	0
OR5K1	NA	0	1097	0
OR5K2	NA	0	951	0
OR5K3	NA	0	966	0
OR5K4	NA	0	966	0
OR5L1	NA	0	936	0
OR5L2	NA	0	936	0
OR5M1	NA	0	948	0
OR5M10	NA	0	948	0
OR5M11	NA	0	918	0
OR5M3	NA	0	1051	0
OR5M8	NA	0	936	0
OR5M9	NA	0	933	0
OR5P2	NA	2	969	0.0963174
OR5P3	NA	0	936	0
OR5R1	NA	0	975	0
OR5T1	NA	0	981	0
OR5T2	NA	0	1080	0
OR5T3	NA	0	1023	0
OR5V1	NA	1	4379	0.0106567
OR5W2	NA	0	933	0
OR6A2	NA	0	1384	0
OR6B1	NA	0	936	0
OR6B2	NA	0	939	0
OR6B3	NA	0	996	0
OR6C1	NA	0	939	0
OR6C2	NA	0	939	0
OR6C3	NA	0	936	0
OR6C4	NA	0	930	0
OR6C6	NA	0	945	0
OR6C65	NA	0	939	0
OR6C68	NA	0	939	0
OR6C70	NA	0	939	0
OR6C74	NA	0	939	0
OR6C75	NA	0	939	0
OR6C76	NA	0	939	0
OR6F1	NA	0	927	0
OR6K2	NA	0	975	0
OR6K3	NA	0	948	0
OR6K6	NA	0	1032	0
OR6M1	NA	0	942	0
OR6N1	NA	0	939	0
OR6N2	NA	0	954	0
OR6P1	NA	0	954	0
OR6Q1	NA	0	954	0
OR6S1	NA	0	996	0
OR6T1	NA	0	972	0
OR6V1	NA	0	942	0
OR6W1P	NA	0	1502	0
OR6X1	NA	0	939	0
OR6Y1	NA	0	978	0
OR7A10	NA	0	930	0
OR7A17	NA	0	930	0
OR7A5	NA	0	2138	0
OR7C1	NA	0	963	0
OR7C2	NA	0	960	0
OR7D2	NA	3	3224	0.0434235
OR7D4	NA	0	1022	0
OR7E12P	NA	28	1209	1.08076
OR7E14P	NA	34	1159	1.36897
OR7E156P	NA	7	2647	0.123408
OR7E24	NA	0	1020	0
OR7E2P	NA	2	1024	0.0911441
OR7E37P	NA	35	1203	1.35769
OR7E47P	NA	0	2010	0
OR7E5P	NA	0	1833	0
OR7E91P	NA	0	1230	0
OR7G1	NA	0	936	0
OR7G2	NA	0	1038	0
OR7G3	NA	0	939	0
OR8A1	NA	0	981	0
OR8B12	NA	0	933	0
OR8B2	NA	0	942	0
OR8B3	NA	0	942	0
OR8B4	NA	0	930	0
OR8B8	NA	0	936	0
OR8D1	NA	0	927	0
OR8D2	NA	0	936	0
OR8D4	NA	0	945	0
OR8G1	NA	0	933	0
OR8G2	NA	0	1025	0
OR8G5	NA	0	1041	0
OR8H1	NA	0	936	0
OR8H2	NA	0	939	0
OR8H3	NA	0	939	0
OR8I2	NA	0	933	0
OR8J1	NA	0	1074	0
OR8J3	NA	0	948	0
OR8K1	NA	0	960	0
OR8K3	NA	0	939	0
OR8K5	NA	0	924	0
OR8S1	NA	4	1080	0.172836
OR8U1	NA	0	930	0
OR8U8	NA	0	866	0
OR9A2	NA	0	933	0
OR9A4	NA	0	945	0
OR9G1	NA	0	918	0
OR9G4	NA	0	984	0
OR9G9	NA	0	918	0
OR9I1	NA	0	945	0
OR9K2	NA	0	1008	0
OR9Q1	NA	0	2438	0
OR9Q2	NA	0	1085	0
ORAI1	NA	1394	1502	43.3103
ORAI2	NA	2179	10811	9.40568
ORAI3	NA	937	2188	19.9844
ORAOV1	NA	530	2527	9.78744
ORC1	NA	490	3169	7.2156
ORC2	NA	767	3652	9.80084
ORC3	NA	584	2572	10.596
ORC4	NA	1015	7039	6.72905
ORC5	NA	617	2255	12.7684
ORC6	NA	806	1687	22.2956
ORM1	NA	0	839	0
ORM2	NA	2	844	0.110582
ORMDL1	NA	1100	2182	23.5254
ORMDL2	NA	729	1334	25.5018
ORMDL3	NA	1528	2139	33.3358
OS9	NA	3673	2862	59.8894
OSBP	NA	4085	5083	37.5034
OSBP2	NA	270	5227	2.41052
OSBPL10	NA	2524	4213	27.9574
OSBPL10-AS1	NA	0	544	0
OSBPL11	NA	375	4638	3.77311
OSBPL1A	NA	1328	4866	12.7358
OSBPL2	NA	788	4100	8.96894
OSBPL3	NA	935	7185	6.07272
OSBPL5	NA	303	3887	3.6377
OSBPL6	NA	134	7457	0.83857
OSBPL7	NA	569	3656	7.26281
OSBPL8	NA	838	7241	5.40063
OSBPL9	NA	3476	4258	38.0954
OSCAR	NA	6	2063	0.135722
OSCP1	NA	176	1665	4.93284
OSER1	NA	896	2242	18.6497
OSER1-AS1	NA	74	1851	1.86562
OSGEP	NA	675	1625	19.3843
OSGEPL1	NA	59	2316	1.18881
OSGEPL1-AS1	NA	17	915	0.867015
OSGIN1	NA	424	1940	10.1991
OSGIN2	NA	722	4503	7.48228
OSM	NA	0	1853	0
OSMR	NA	1	6147	0.00759164
OSMR-AS1	NA	0	657	0
OSR1	NA	41	1894	1.01019
OSR2	NA	424	2126	9.30682
OST4	NA	4408	485	424.13
OSTC	NA	1752	1152	70.9709
OSTCP1	NA	38	1186	1.49519
OSTF1	NA	113	1313	4.01617
OSTM1	NA	950	4467	9.92445
OSTN	NA	0	402	0
OTC	NA	0	1647	0
OTOA	NA	2	3809	0.0245029
OTOF	NA	34	7449	0.213
OTOG	NA	0	8839	0
OTOGL	NA	0	8083	0
OTOL1	NA	0	1434	0
OTOP1	NA	0	1869	0
OTOP2	NA	1	2147	0.0217354
OTOP3	NA	0	2433	0
OTOR	NA	0	1482	0
OTOS	NA	1	566	0.0824484
OTP	NA	1	2678	0.0174256
OTUB1	NA	2971	2502	55.4133
OTUB2	NA	81	3873	0.975969
OTUD1	NA	67	3113	1.00437
OTUD3	NA	1247	6514	8.93341
OTUD4	NA	713	7434	4.47575
OTUD5	NA	2718	3080	41.1811
OTUD6A	NA	0	1689	0
OTUD6B	NA	129	3438	1.75099
OTUD6B-AS1	NA	368	6008	2.85836
OTUD7A	NA	12	3042	0.184086
OTUD7B	NA	918	6415	6.67797
OTULIN	NA	382	7896	2.25764
OTX1	NA	133	3067	2.02366
OTX2	NA	2949	2447	56.2392
OTX2-AS1	NA	22	2427	0.423011
OVAAL	NA	1	1491	0.0312983
OVCA2	NA	1317	1076	57.1179
OVCH1	NA	0	3420	0
OVCH1-AS1	NA	1	1726	0.027037
OVCH2	NA	47	1729	1.26853
OVGP1	NA	60	2242	1.24886
OVOL1	NA	9	3022	0.138978
OVOL1-AS1	NA	1	544	0.0857827
OVOL2	NA	96	1859	2.40985
OVOL3	NA	6	623	0.44943
OXA1L	NA	4115	1719	111.71
OXCT1	NA	475	3558	6.22998
OXCT1-AS1	NA	3	1726	0.0811109
OXCT2	NA	20	1824	0.511686
OXER1	NA	1	1763	0.0264695
OXGR1	NA	0	2285	0
OXLD1	NA	753	1602	21.9347
OXNAD1	NA	199	3968	2.34035
OXR1	NA	40	5408	0.345161
OXSM	NA	170	1527	5.19528
OXSR1	NA	1942	4523	20.0365
OXT	NA	2	513	0.181933
OXTR	NA	61	4360	0.652893
P2RX1	NA	0	2864	0
P2RX2	NA	24	1969	0.568806
P2RX3	NA	0	1457	0
P2RX4	NA	368	2114	8.12347
P2RX5	NA	17	2308	0.343726
P2RX5-TAX1BP3	NA	5037	6285	37.3995
P2RX6	NA	20	2744	0.34013
P2RX6P	NA	0	124	0
P2RX7	NA	2	4065	0.0229598
P2RY1	NA	0	3108	0
P2RY10	NA	0	1790	0
P2RY11	NA	891	1976	21.0421
P2RY12	NA	0	2398	0
P2RY13	NA	1	2769	0.0168529
P2RY14	NA	0	2834	0
P2RY2	NA	3	8936	0.0156667
P2RY4	NA	0	1639	0
P2RY6	NA	1	3189	0.0146334
P2RY8	NA	453	8468	2.49641
P3H1	NA	2213	3105	33.2597
P3H2	NA	3853	3934	45.705
P3H2-AS1	NA	4	730	0.255703
P3H3	NA	997	2671	17.4189
P3H4	NA	837	2602	15.0113
P4HA1	NA	911	3010	14.1238
P4HA2	NA	1119	2705	19.3046
P4HA2-AS1	NA	130	836	7.25664
P4HA3	NA	60	2299	1.2179
P4HB	NA	12971	2578	234.795
P4HTM	NA	5	2282	0.102248
PA2G4	NA	4439	2626	78.884
PA2G4P4	NA	1707	2751	28.9562
PAAF1	NA	436	1718	11.843
PABPC1	NA	28085	2860	458.255
PABPC1L	NA	312	2129	6.83876
PABPC1L2A	NA	1	2175	0.0214555
PABPC1L2B	NA	2	2200	0.0424235
PABPC1L2B-AS1	NA	1	1167	0.0399878
PABPC1P2	NA	1	3934	0.0118622
PABPC3	NA	2575	2429	49.4707
PABPC4	NA	4334	3204	63.1241
PABPC4L	NA	34	4943	0.320987
PABPC5	NA	0	3447	0
PABPC5-AS1	NA	0	401	0
PABPN1	NA	6063	3102	91.2104
PABPN1L	NA	1	1307	0.0357045
PACERR	NA	0	793	0
PACRG	NA	13	1810	0.335169
PACRG-AS1	NA	0	2135	0
PACRGL	NA	128	2296	2.60158
PACS1	NA	3325	4493	34.5346
PACS2	NA	1168	6863	7.94196
PACSIN1	NA	4	4498	0.0414992
PACSIN2	NA	1965	3515	26.0877
PACSIN3	NA	1261	2138	27.5237
PADI1	NA	10	3847	0.121304
PADI2	NA	174	4363	1.86107
PADI3	NA	32	3188	0.468415
PADI4	NA	0	2265	0
PADI6	NA	0	2396	0
PAEP	NA	4	840	0.222218
PAF1	NA	2671	2357	52.8826
PAFAH1B1	NA	3447	5614	28.6528
PAFAH1B2	NA	2279	6412	16.5863
PAFAH1B3	NA	920	1232	34.8478
PAFAH2	NA	416	3581	5.4211
PAG1	NA	1	10743	0.00434383
PAGE1	NA	0	664	0
PAGE2	NA	0	501	0
PAGE2B	NA	0	508	0
PAGE3	NA	0	825	0
PAGE4	NA	0	560	0
PAGE5	NA	0	751	0
PAGR1	NA	1430	3825	17.4463
PAH	NA	0	2681	0
PAICS	NA	5834	3519	77.3652
PAIP1	NA	1893	2875	30.7264
PAIP2	NA	2498	1664	70.0548
PAIP2B	NA	232	6300	1.71849
PAK1	NA	988	3479	13.2526
PAK1IP1	NA	412	1495	12.8604
PAK2	NA	2516	6139	19.1255
PAK3	NA	0	3279	0
PAK4	NA	1359	3064	20.698
PAK6	NA	168	4884	1.60521
PAK7	NA	0	4777	0
PALB2	NA	527	4058	6.06034
PALD1	NA	754	4569	7.70103
PALLD	NA	100	6983	0.668277
PALM	NA	1555	2874	25.2489
PALM2	NA	7	9558	0.0341767
PALM2-AKAP2	NA	42	7518	0.260703
PALM3	NA	1750	2260	36.135
PALMD	NA	1788	2578	32.3656
PAM	NA	100	5337	0.874383
PAM16	NA	508	584	40.5929
PAMR1	NA	65	3697	0.82047
PAN2	NA	447	5564	3.74903
PAN3	NA	517	5632	4.28377
PAN3-AS1	NA	44	2191	0.93715
PANDAR	NA	279	1506	8.64526
PANK1	NA	535	7171	3.48155
PANK2	NA	835	2463	15.8205
PANK3	NA	544	3387	7.49519
PANK4	NA	562	2679	9.78954
PANO1	NA	38	1675	1.05869
PANX1	NA	235	2768	3.96187
PANX2	NA	136	3103	2.04529
PANX3	NA	0	1599	0
PAOX	NA	181	1945	4.34268
PAPD4	NA	515	3523	6.82171
PAPD5	NA	200	8112	1.15054
PAPD7	NA	736	4087	8.40373
PAPL	NA	0	2961	0
PAPLN	NA	32	5833	0.25601
PAPOLA	NA	3451	8321	19.3539
PAPOLB	NA	4	4257	0.0438485
PAPOLG	NA	315	7386	1.99021
PAPPA	NA	415	10970	1.76539
PAPPA-AS1	NA	197	2449	3.75384
PAPPA2	NA	0	7695	0
PAPSS1	NA	2308	2542	42.37
PAPSS2	NA	233	3858	2.81833
PAQR3	NA	114	3739	1.42281
PAQR4	NA	1290	2793	21.5535
PAQR5	NA	13	5578	0.108759
PAQR6	NA	266	2400	5.17213
PAQR7	NA	1430	3023	22.0748
PAQR8	NA	1297	4738	12.7745
PAQR9	NA	55	2105	1.2193
PAQR9-AS1	NA	9	516	0.813938
PARD3	NA	3617	6133	27.5216
PARD3-AS1	NA	15	337	2.07711
PARD3B	NA	38	8174	0.216944
PARD6A	NA	41	1263	1.51488
PARD6B	NA	105	4615	1.06174
PARD6G	NA	355	3834	4.32091
PARD6G-AS1	NA	8	3737	0.0999
PARG	NA	1042	4301	11.3057
PARGP1	NA	203	1448	6.54224
PARK2	NA	33	4073	0.378093
PARK7	NA	3745	961	181.856
PARL	NA	1725	1412	57.0103
PARM1	NA	0	5054	0
PARN	NA	941	3083	14.2434
PARP1	NA	6059	3985	70.9531
PARP10	NA	189	3518	2.50706
PARP11	NA	250	4679	2.49336
PARP12	NA	23	3796	0.282749
PARP14	NA	1362	7708	8.24582
PARP15	NA	4	5214	0.0358004
PARP16	NA	186	2534	3.42535
PARP2	NA	545	1887	13.4779
PARP3	NA	287	2400	5.58045
PARP4	NA	2557	5469	21.8183
PARP6	NA	1073	2626	19.0679
PARP8	NA	12	7348	0.0762098
PARP9	NA	489	7975	2.86139
PARPBP	NA	177	3081	2.6809
PARS2	NA	258	2386	5.04601
PART1	NA	6	9499	0.0294762
PARTICL	NA	52	1420	1.70889
PARVA	NA	2076	8719	11.1112
PARVB	NA	521	2172	11.1938
PARVG	NA	5	3759	0.0620721
PASD1	NA	0	3250	0
PASK	NA	472	6224	3.53892
PATE1	NA	0	1508	0
PATE2	NA	0	1637	0
PATE3	NA	0	1336	0
PATE4	NA	0	1986	0
PATL1	NA	2032	4127	22.9767
PATL2	NA	17	1951	0.406622
PATZ1	NA	1292	4817	12.5165
PAUPAR	NA	0	2737	0
PAWR	NA	644	1951	15.4038
PAX1	NA	0	5352	0
PAX2	NA	149	4234	1.64223
PAX3	NA	0	4125	0
PAX4	NA	2	2010	0.0464336
PAX5	NA	0	8966	0
PAX6	NA	150	7351	0.952234
PAX7	NA	1	6313	0.00739202
PAX8	NA	7	4055	0.0805575
PAX8-AS1	NA	7	4621	0.0706905
PAX9	NA	2	3106	0.0300488
PAXBP1	NA	824	4296	8.9508
PAXBP1-AS1	NA	24	3943	0.284042
PAXIP1	NA	743	3712	9.3407
PAXIP1-AS1	NA	142	2271	2.9179
PAXIP1-AS2	NA	287	1769	7.57099
PBDC1	NA	1050	1314	37.29
PBK	NA	741	2150	16.0834
PBLD	NA	84	2854	1.37349
PBOV1	NA	0	2501	0
PBRM1	NA	1039	7574	6.40161
PBX1	NA	2	6903	0.0135204
PBX2	NA	3494	21982	7.41745
PBX3	NA	524	3104	7.87786
PBX4	NA	82	1730	2.2119
PBXIP1	NA	1960	3196	28.6186
PC	NA	462	4241	5.08361
PCA3	NA	0	3735	0
PCAT1	NA	35	1992	0.819931
PCAT18	NA	0	2598	0
PCAT19	NA	0	3472	0
PCAT2	NA	1	575	0.0811579
PCAT29	NA	0	864	0
PCAT4	NA	0	2091	0
PCAT5	NA	0	3550	0
PCAT6	NA	63	764	3.8481
PCAT7	NA	87	1310	3.09918
PCBD1	NA	1396	1412	46.137
PCBD2	NA	157	2378	3.08096
PCBP1	NA	6839	1750	182.37
PCBP1-AS1	NA	63	2386	1.23216
PCBP2	NA	5933	3171	87.3126
PCBP2-OT1	NA	714	590	56.4735
PCBP3	NA	149	1989	3.49583
PCBP4	NA	3239	2255	67.0291
PCCA	NA	429	2564	7.80797
PCCA-AS1	NA	1	463	0.10079
PCCB	NA	621	1876	15.4475
PCDH1	NA	68	5615	0.565142
PCDH10	NA	0	9528	0
PCDH11X	NA	0	8413	0
PCDH11Y	NA	5	11012	0.0211886
PCDH12	NA	30	6562	0.213346
PCDH15	NA	0	12463	0
PCDH17	NA	0	8009	0
PCDH18	NA	58	5928	0.456582
PCDH19	NA	1	9756	0.00478329
PCDH20	NA	0	4777	0
PCDH7	NA	0	9938	0
PCDH8	NA	0	4003	0
PCDH9	NA	0	6227	0
PCDH9-AS2	NA	0	538	0
PCDH9-AS3	NA	0	522	0
PCDH9-AS4	NA	0	429	0
PCDHA1	NA	797	5591	6.65223
PCDHA10	NA	797	5567	6.68091
PCDHA11	NA	906	6954	6.07984
PCDHA12	NA	897	5454	7.67496
PCDHA13	NA	806	5293	7.10611
PCDHA2	NA	799	6045	6.16807
PCDHA3	NA	800	5341	6.98982
PCDHA4	NA	832	5460	7.11098
PCDHA5	NA	799	5317	7.0126
PCDHA6	NA	800	5448	6.85254
PCDHA7	NA	802	5236	7.14782
PCDHA8	NA	803	5311	7.05566
PCDHA9	NA	796	9254	4.01405
PCDHAC1	NA	815	5662	6.71717
PCDHAC2	NA	856	6126	6.52072
PCDHB1	NA	0	2587	0
PCDHB10	NA	18	3262	0.257506
PCDHB11	NA	12	3271	0.171198
PCDHB12	NA	13	3408	0.178009
PCDHB13	NA	14	3503	0.186503
PCDHB14	NA	23	3963	0.270834
PCDHB15	NA	15	2885	0.24263
PCDHB16	NA	13	4532	0.13386
PCDHB17P	NA	15	2411	0.290331
PCDHB18P	NA	2	3197	0.0291935
PCDHB19P	NA	2	4624	0.0201842
PCDHB2	NA	236	2774	3.97013
PCDHB3	NA	66	3582	0.859839
PCDHB4	NA	29	3872	0.349511
PCDHB5	NA	15	2922	0.239557
PCDHB6	NA	12	3266	0.17146
PCDHB7	NA	15	3756	0.186365
PCDHB8	NA	18	2711	0.309843
PCDHB9	NA	32	4411	0.338541
PCDHGA1	NA	231	4653	2.31674
PCDHGA10	NA	235	4734	2.31653
PCDHGA11	NA	231	5298	2.03469
PCDHGA12	NA	229	4813	2.22033
PCDHGA2	NA	229	4916	2.17381
PCDHGA3	NA	229	4671	2.28783
PCDHGA4	NA	229	4887	2.18671
PCDHGA5	NA	230	4623	2.32168
PCDHGA6	NA	230	4638	2.31417
PCDHGA7	NA	229	5063	2.1107
PCDHGA8	NA	229	5669	1.88507
PCDHGA9	NA	230	4668	2.2993
PCDHGB1	NA	229	4614	2.3161
PCDHGB2	NA	231	4617	2.33481
PCDHGB3	NA	229	4757	2.24647
PCDHGB4	NA	229	4593	2.32669
PCDHGB5	NA	229	4638	2.30411
PCDHGB6	NA	230	4644	2.31118
PCDHGB7	NA	247	4966	2.32107
PCDHGB8P	NA	0	1973	0
PCDHGC3	NA	229	4973	2.1489
PCDHGC4	NA	229	4797	2.22774
PCDHGC5	NA	264	4818	2.55703
PCED1A	NA	1548	2403	30.0619
PCED1B	NA	236	2331	4.72464
PCED1B-AS1	NA	7	2502	0.13056
PCF11	NA	816	5912	6.44102
PCGEM1	NA	0	1590	0
PCGF1	NA	403	906	20.7575
PCGF2	NA	1470	2604	26.3436
PCGF3	NA	975	5665	8.03162
PCGF5	NA	51	8075	0.294731
PCGF6	NA	305	2230	6.38254
PCID2	NA	1190	2677	20.7442
PCIF1	NA	471	2697	8.14964
PCK1	NA	2	2685	0.0347604
PCK2	NA	1234	3317	17.3607
PCLO	NA	145	22303	0.303392
PCM1	NA	2936	8783	15.5995
PCMT1	NA	1905	1849	48.0791
PCMTD1	NA	286	4394	3.03742
PCMTD2	NA	606	3912	7.2289
PCNA	NA	5158	1442	166.922
PCNA-AS1	NA	722	384	87.7414
PCNAP1	NA	0	1054	0
PCNP	NA	1662	2239	34.6398
PCNT	NA	1127	10560	4.98034
PCNX	NA	1661	12919	5.99984
PCNXL2	NA	115	6817	0.787233
PCNXL3	NA	1674	6566	11.8974
PCNXL4	NA	1068	3932	12.6752
PCOLCE	NA	2032	1620	58.5339
PCOLCE-AS1	NA	268	2538	4.92767
PCOLCE2	NA	280	2030	6.43666
PCP2	NA	7	836	0.390742
PCP4	NA	1	556	0.0839313
PCP4L1	NA	0	1424	0
PCSK1	NA	0	5243	0
PCSK1N	NA	12	1057	0.529791
PCSK2	NA	0	5051	0
PCSK4	NA	210	2703	3.62553
PCSK5	NA	10	12191	0.0382789
PCSK6	NA	53	6333	0.39054
PCSK7	NA	2110	3915	25.1507
PCSK9	NA	0	3892	0
PCTP	NA	318	2290	6.48023
PCYOX1	NA	1423	5377	12.3499
PCYOX1L	NA	478	2567	8.68962
PCYT1A	NA	597	1583	17.5992
PCYT1B	NA	23	5842	0.183724
PCYT1B-AS1	NA	0	275	0
PCYT2	NA	1034	3901	12.3692
PDAP1	NA	4665	2687	81.0182
PDC	NA	0	1325	0
PDCD1	NA	3	2112	0.0662866
PDCD10	NA	1031	1568	30.684
PDCD11	NA	2164	6416	15.7395
PDCD1LG2	NA	5	2418	0.0964967
PDCD2	NA	1528	4443	16.0489
PDCD2L	NA	252	1157	10.164
PDCD4	NA	1177	3698	14.8528
PDCD4-AS1	NA	205	2015	4.74764
PDCD5	NA	848	604	65.5175
PDCD6	NA	1856	2064	41.963
PDCD6IP	NA	2083	6646	14.6261
PDCD6IPP2	NA	89	2100	1.97774
PDCD7	NA	1068	2851	17.4813
PDCL	NA	401	3085	6.0658
PDCL2	NA	0	861	0
PDCL3	NA	596	1075	25.8724
PDCL3P4	NA	205	983	9.73193
PDDC1	NA	1770	4362	18.9359
PDE10A	NA	0	8323	0
PDE11A	NA	234	9790	1.1154
PDE12	NA	400	3993	4.67476
PDE1A	NA	3	6263	0.0223531
PDE1B	NA	16	3783	0.197371
PDE1C	NA	5	6906	0.0337864
PDE2A	NA	49	4696	0.48693
PDE3A	NA	0	7610	0
PDE3B	NA	122	6090	0.934849
PDE4A	NA	535	5869	4.25391
PDE4B	NA	0	5837	0
PDE4C	NA	97	5811	0.778968
PDE4D	NA	30	11192	0.125087
PDE4DIP	NA	1035	13477	3.58382
PDE5A	NA	85	7217	0.549618
PDE6A	NA	19	5642	0.157152
PDE6B	NA	86	3546	1.13177
PDE6C	NA	3	2969	0.047153
PDE6D	NA	795	1971	18.8226
PDE6G	NA	22	1023	1.00357
PDE6H	NA	0	747	0
PDE7A	NA	1058	6844	7.21397
PDE7B	NA	0	5387	0
PDE8A	NA	632	4094	7.2039
PDE8B	NA	63	4404	0.667563
PDE9A	NA	78	2215	1.64331
PDF	NA	835	1158	33.6493
PDGFA	NA	314	2807	5.22019
PDGFB	NA	434	3432	5.90121
PDGFC	NA	513	3069	7.80044
PDGFD	NA	7	3993	0.0818083
PDGFRA	NA	33	6574	0.234252
PDGFRB	NA	2495	5714	20.3765
PDGFRL	NA	432	1905	10.5825
PDHA1	NA	2135	3507	28.4093
PDHA2	NA	0	1387	0
PDHB	NA	4816	1610	139.592
PDHX	NA	452	2988	7.05922
PDIA2	NA	28	1726	0.757035
PDIA3	NA	10287	3054	157.188
PDIA3P1	NA	6955	2099	154.626
PDIA4	NA	6280	2952	99.2755
PDIA5	NA	484	1862	12.1301
PDIA6	NA	7990	3478	107.205
PDIK1L	NA	187	4600	1.89707
PDILT	NA	0	2127	0
PDK1	NA	253	5825	2.02686
PDK2	NA	840	3392	11.5564
PDK3	NA	887	13136	3.15108
PDK4	NA	1	3700	0.0126124
PDLIM1	NA	127	1580	3.75099
PDLIM2	NA	552	5860	4.39582
PDLIM3	NA	2274	3040	34.9072
PDLIM4	NA	9	2295	0.183003
PDLIM5	NA	50	9180	0.254171
PDLIM7	NA	8005	2277	164.058
PDP1	NA	282	4452	2.95592
PDP2	NA	473	7030	3.13982
PDPK1	NA	938	7243	6.04342
PDPN	NA	1	2980	0.0156597
PDPR	NA	790	7999	4.60882
PDRG1	NA	1284	1373	43.6408
PDS5A	NA	2499	7594	15.3566
PDS5B	NA	567	7498	3.52888
PDSS1	NA	226	1618	6.51821
PDSS2	NA	360	3552	4.72964
PDX1	NA	0	2573	0
PDX1-AS1	NA	0	2002	0
PDXDC1	NA	2145	6334	15.8033
PDXDC2P	NA	446	4182	4.97679
PDXK	NA	2314	7381	14.6301
PDXP	NA	842	2005	19.5973
PDYN	NA	0	3011	0
PDZD11	NA	1049	1246	39.2877
PDZD2	NA	116	11642	0.464974
PDZD3	NA	1	2363	0.0197485
PDZD4	NA	616	4191	6.85902
PDZD7	NA	515	4420	5.4373
PDZD8	NA	545	6484	3.9224
PDZD9	NA	5	1331	0.175304
PDZK1	NA	85	2300	1.72461
PDZK1IP1	NA	7	894	0.365392
PDZK1P1	NA	158	4258	1.73161
PDZRN3	NA	9	5361	0.0783421
PDZRN3-AS1	NA	0	2886	0
PDZRN4	NA	0	4094	0
PEA15	NA	4910	2796	81.9489
PEAK1	NA	1477	11817	5.83273
PEAR1	NA	764	4866	7.32689
PEBP1	NA	7163	1491	224.19
PEBP4	NA	1	894	0.0521989
PECAM1	NA	3	4453	0.0314389
PECR	NA	45	1874	1.12058
PEF1	NA	1652	2217	34.7731
PEG10	NA	4186	6628	29.4724
PEG3	NA	324	9030	1.67439
PEG3-AS1	NA	31	1314	1.10094
PELI1	NA	166	3767	2.05642
PELI2	NA	6	5696	0.0491564
PELI3	NA	231	2863	3.76521
PELO	NA	819	2921	13.0843
PELP1	NA	4061	3756	50.4552
PEMT	NA	295	1264	10.8911
PENK	NA	0	1414	0
PEPD	NA	1819	2010	42.2314
PER1	NA	939	4709	9.30541
PER2	NA	124	6342	0.912419
PER3	NA	424	6386	3.09839
PER4	NA	0	1548	0
PERM1	NA	124	3454	1.67532
PERP	NA	623	4302	6.75797
PES1	NA	3762	2871	61.1483
PET100	NA	449	429	48.8414
PET117	NA	587	1158	23.6553
PEX1	NA	541	4417	5.71569
PEX10	NA	1094	2074	24.6154
PEX11A	NA	194	2742	3.30166
PEX11B	NA	683	2404	13.2582
PEX11G	NA	75	1139	3.07281
PEX12	NA	107	2683	1.86107
PEX13	NA	533	4515	5.50894
PEX14	NA	720	1926	17.4452
PEX16	NA	472	1908	11.5442
PEX19	NA	1915	3669	24.3568
PEX2	NA	345	4541	3.54541
PEX26	NA	1244	4331	13.4039
PEX3	NA	240	2772	4.04033
PEX5	NA	761	4313	8.23387
PEX5L	NA	9	9475	0.0443264
PEX6	NA	556	3498	7.41743
PEX7	NA	49	1482	1.54293
PF4	NA	0	856	0
PF4V1	NA	0	741	0
PFAS	NA	1137	5385	9.85311
PFDN1	NA	4112	1324	144.932
PFDN2	NA	1141	642	82.9372
PFDN4	NA	1118	1346	38.761
PFDN5	NA	2763	687	187.682
PFDN6	NA	1033	3665	13.153
PFKFB1	NA	5	1885	0.123782
PFKFB2	NA	649	9143	3.31249
PFKFB3	NA	1628	4864	15.6192
PFKFB4	NA	266	3490	3.55676
PFKL	NA	1568	3412	21.4455
PFKM	NA	1116	3823	13.6226
PFKP	NA	2784	2969	43.758
PFN1	NA	27321	1365	934.034
PFN1P2	NA	16	1905	0.391944
PFN2	NA	5782	2106	128.12
PFN3	NA	0	530	0
PFN4	NA	20	1536	0.607628
PGA3	NA	3	1413	0.0990781
PGA4	NA	3	1413	0.0990781
PGA5	NA	7	1413	0.231182
PGAM1	NA	12135	1720	329.238
PGAM1P5	NA	5	2143	0.10888
PGAM2	NA	34	857	1.85139
PGAM4	NA	3454	1678	96.057
PGAM5	NA	1592	3254	22.831
PGAP1	NA	114	11113	0.47871
PGAP2	NA	784	2905	12.5941
PGAP3	NA	367	2700	6.34309
PGBD1	NA	351	3135	5.22478
PGBD2	NA	160	2709	2.75619
PGBD3	NA	117	2266	2.40949
PGBD4	NA	33	2318	0.664353
PGBD5	NA	72	3354	1.00177
PGC	NA	9	1813	0.231656
PGCP1	NA	0	608	0
PGD	NA	4716	2545	86.4738
PGF	NA	204	1911	4.98159
PGGT1B	NA	302	2727	5.16798
PGK1	NA	6080	2423	117.098
PGK2	NA	3	1690	0.0828387
PGLS	NA	1380	1034	62.2812
PGLYRP1	NA	2	952	0.0980374
PGLYRP2	NA	0	1881	0
PGLYRP3	NA	0	1173	0
PGLYRP4	NA	1	2128	0.0219294
PGM1	NA	1096	3353	15.2537
PGM2	NA	784	3238	11.2989
PGM2L1	NA	472	8513	2.58737
PGM3	NA	1180	6361	8.65676
PGM5	NA	3	3338	0.0419405
PGM5-AS1	NA	0	763	0
PGM5P2	NA	14	1972	0.331299
PGM5P3-AS1	NA	1	810	0.0576121
PGM5P4-AS1	NA	2	1391	0.0670968
PGP	NA	1247	3136	18.5562
PGPEP1	NA	1074	7095	7.064
PGPEP1L	NA	13	1576	0.384934
PGR	NA	0	13037	0
PGRMC1	NA	4195	1919	102.013
PGRMC2	NA	3103	3790	38.2069
PGS1	NA	645	2378	12.6575
PHACTR1	NA	1	2881	0.0161978
PHACTR2	NA	2932	9776	13.9959
PHACTR3	NA	2	3379	0.0276211
PHACTR4	NA	1234	6492	8.87024
PHAX	NA	1270	3641	16.2773
PHB	NA	6736	2048	153.487
PHB2	NA	5211	1443	168.521
PHC1	NA	3580	5176	32.2766
PHC2	NA	2857	4175	31.9339
PHC3	NA	512	12687	1.88326
PHEX	NA	5	6169	0.0378228
PHEX-AS1	NA	4	1907	0.0978832
PHF1	NA	905	4590	9.20099
PHF10	NA	822	1673	22.9284
PHF11	NA	338	1902	8.29287
PHF12	NA	1221	5821	9.78851
PHF13	NA	1707	3670	21.7053
PHF14	NA	915	8696	4.91021
PHF19	NA	1384	4774	13.5286
PHF2	NA	456	5349	3.97824
PHF20	NA	1504	5889	11.918
PHF20L1	NA	386	8329	2.16268
PHF21A	NA	716	7342	4.5509
PHF21B	NA	249	3961	2.93355
PHF23	NA	2673	2182	57.1667
PHF24	NA	33	6058	0.254205
PHF3	NA	1579	9256	7.96081
PHF5A	NA	1310	1065	57.4011
PHF6	NA	729	4936	6.89209
PHF7	NA	54	2226	1.13205
PHF8	NA	734	7232	4.73627
PHGDH	NA	1221	2015	28.2774
PHGR1	NA	0	435	0
PHIP	NA	775	11966	3.0224
PHKA1	NA	754	6161	5.71109
PHKA2	NA	623	5325	5.45968
PHKA2-AS1	NA	112	1296	4.03285
PHKB	NA	915	5694	7.49898
PHKG1	NA	491	2226	10.2933
PHKG2	NA	1082	5510	9.16377
PHLDA1	NA	1573	5913	12.4142
PHLDA2	NA	53	920	2.68836
PHLDA3	NA	7087	2824	117.111
PHLDB1	NA	1200	5811	9.63672
PHLDB2	NA	0	6624	0
PHLDB3	NA	651	2489	12.2055
PHLPP1	NA	421	6411	3.06447
PHLPP2	NA	484	9035	2.49986
PHOSPHO1	NA	223	2173	4.78899
PHOSPHO2	NA	107	1373	3.63674
PHOSPHO2-KLHL23	NA	437	4206	4.84854
PHOX2A	NA	10	1699	0.274666
PHOX2B	NA	0	3030	0
PHPT1	NA	3958	1618	114.155
PHRF1	NA	1487	5563	12.4739
PHTF1	NA	706	3244	10.156
PHTF2	NA	435	6593	3.07897
PHYH	NA	853	1937	20.5503
PHYHD1	NA	396	2137	8.64748
PHYHIP	NA	82	3337	1.14672
PHYHIPL	NA	4	3732	0.0500169
PHYKPL	NA	638	2970	10.0245
PI15	NA	0	6732	0
PI16	NA	2	2332	0.0400221
PI3	NA	17	554	1.43198
PI4K2A	NA	2183	4187	24.3304
PI4K2B	NA	689	3601	8.92884
PI4KA	NA	2507	6752	17.3269
PI4KAP1	NA	1816	2360	35.9089
PI4KAP2	NA	1996	2272	40.9969
PI4KB	NA	1843	4354	19.7531
PIANP	NA	421	3035	6.47325
PIAS1	NA	324	2280	6.63146
PIAS2	NA	601	7164	3.91487
PIAS3	NA	999	2902	16.0645
PIAS4	NA	698	3207	10.1568
PIBF1	NA	234	3113	3.5078
PICALM	NA	3806	4337	40.9523
PICK1	NA	704	2207	14.8857
PID1	NA	0	2822	0
PIDD1	NA	1958	3008	30.3762
PIEZO1	NA	3500	7833	20.8516
PIEZO2	NA	0	9713	0
PIF1	NA	587	2713	10.0969
PIFO	NA	5	2359	0.0989101
PIGA	NA	155	3626	1.99481
PIGB	NA	145	2197	3.0799
PIGBOS1	NA	161	1015	7.40216
PIGC	NA	1165	1500	36.2438
PIGF	NA	707	1133	29.1198
PIGG	NA	779	5170	7.03146
PIGH	NA	362	1438	11.7476
PIGK	NA	463	4625	4.67162
PIGL	NA	109	1152	4.41543
PIGM	NA	238	4322	2.56975
PIGN	NA	323	4875	3.09191
PIGO	NA	622	4209	6.8962
PIGP	NA	332	1236	12.5348
PIGQ	NA	1160	2985	18.1348
PIGR	NA	0	4275	0
PIGS	NA	1754	2873	28.49
PIGT	NA	1209	2277	24.7778
PIGU	NA	613	1832	15.6147
PIGV	NA	120	2955	1.89506
PIGW	NA	304	2255	6.29109
PIGX	NA	393	3093	5.92941
PIGY	NA	1362	1356	46.8723
PIGZ	NA	90	2739	1.53338
PIH1D1	NA	1641	1246	61.4595
PIH1D2	NA	76	1455	2.43753
PIH1D3	NA	0	1927	0
PIK3AP1	NA	154	4811	1.49377
PIK3C2A	NA	899	8288	5.06184
PIK3C2B	NA	348	7606	2.13512
PIK3C2G	NA	0	4967	0
PIK3C3	NA	612	3103	9.20382
PIK3CA	NA	547	3709	6.88223
PIK3CB	NA	946	6252	7.06108
PIK3CD	NA	1320	5411	11.384
PIK3CD-AS1	NA	0	1823	0
PIK3CD-AS2	NA	122	958	5.94283
PIK3CG	NA	37	7359	0.234629
PIK3IP1	NA	223	2473	4.20804
PIK3IP1-AS1	NA	2	422	0.221165
PIK3R1	NA	161	7661	0.980707
PIK3R2	NA	2887	4015	33.5552
PIK3R3	NA	1451	6271	10.7977
PIK3R4	NA	719	5039	6.6586
PIK3R5	NA	1	4612	0.0101183
PIK3R6	NA	2	3563	0.0261947
PIKFYVE	NA	621	10435	2.77714
PILRA	NA	83	1316	2.94321
PILRB	NA	801	1438	25.994
PIM1	NA	1114	2709	19.19
PIM2	NA	462	2187	9.85807
PIM3	NA	1960	2379	38.4468
PIN1	NA	2052	1173	81.6353
PIN1P1	NA	18	996	0.843358
PIN4	NA	639	2582	11.549
PIN4P1	NA	358	2346	7.12121
PINK1	NA	2160	2660	37.894
PINK1-AS	NA	3001	4443	31.5202
PINLYP	NA	8	959	0.389287
PINX1	NA	772	1570	22.9465
PIP	NA	0	576	0
PIP4K2A	NA	1609	3833	19.5892
PIP4K2B	NA	2029	5732	16.5187
PIP4K2C	NA	788	3219	11.4236
PIP5K1A	NA	2159	3807	26.4648
PIP5K1B	NA	3	2941	0.047602
PIP5K1C	NA	1802	6108	13.7675
PIP5K1P1	NA	8	4243	0.0879864
PIP5KL1	NA	93	1708	2.54094
PIPOX	NA	3	2412	0.058042
PIPSL	NA	1497	3776	18.5007
PIR	NA	173	1560	5.17512
PIR-FIGF	NA	95	2582	1.71698
PIRT	NA	3	3466	0.0403916
PISD	NA	1654	2679	28.8112
PISRT1	NA	0	531	0
PITHD1	NA	1027	1622	29.5473
PITPNA	NA	2955	3641	37.8735
PITPNA-AS1	NA	174	554	14.6568
PITPNB	NA	2102	3034	32.3308
PITPNC1	NA	305	6367	2.23544
PITPNM1	NA	1575	4226	17.392
PITPNM2	NA	306	6941	2.0573
PITPNM3	NA	100	7151	0.652577
PITRM1	NA	3091	3490	41.3307
PITRM1-AS1	NA	505	4076	5.7817
PITX1	NA	1055	2383	20.6598
PITX2	NA	0	4321	0
PITX3	NA	23	1388	0.773281
PIWIL1	NA	18	3648	0.230259
PIWIL2	NA	2	4099	0.0227694
PIWIL3	NA	2	3801	0.0245545
PIWIL4	NA	1	3199	0.0145876
PJA1	NA	471	2880	7.6318
PJA2	NA	1356	4869	12.9963
PKD1	NA	2527	14138	8.34096
PKD1L1	NA	43	9075	0.221116
PKD1L2	NA	401	8230	2.27375
PKD1L3	NA	5	5195	0.0449141
PKD1P1	NA	3243	6295	24.0409
PKD1P6	NA	2967	5250	26.3728
PKD2	NA	1401	5079	12.8724
PKD2L1	NA	22	3073	0.334086
PKD2L2	NA	81	2982	1.26758
PKDCC	NA	3596	2501	67.0972
PKDREJ	NA	4	7660	0.0243686
PKHD1	NA	0	17407	0
PKHD1L1	NA	0	14017	0
PKI55	NA	476	3304	6.72304
PKIA	NA	0	4201	0
PKIA-AS1	NA	0	2011	0
PKIB	NA	9	2408	0.174415
PKIG	NA	1364	1758	36.2071
PKLR	NA	60	3164	0.884939
PKM	NA	48639	3181	713.542
PKMYT1	NA	1412	2233	29.5083
PKN1	NA	1595	3136	23.7347
PKN2	NA	745	6104	5.69561
PKN2-AS1	NA	26	3542	0.34255
PKN3	NA	830	3377	11.4695
PKNOX1	NA	573	5352	4.99617
PKNOX2	NA	47	3730	0.588014
PKNOX2-AS1	NA	1	586	0.0796345
PKP1	NA	4	5447	0.034269
PKP2	NA	518	4439	5.44557
PKP3	NA	50	2953	0.790142
PKP4	NA	2743	4771	26.8297
PLA1A	NA	3	1918	0.0729913
PLA2G10	NA	9	997	0.421256
PLA2G12A	NA	557	5235	4.96521
PLA2G12B	NA	0	1092	0
PLA2G15	NA	559	2723	9.57994
PLA2G16	NA	1742	1417	57.369
PLA2G1B	NA	2	565	0.165189
PLA2G2A	NA	1	1032	0.0452188
PLA2G2C	NA	0	453	0
PLA2G2D	NA	0	1970	0
PLA2G2E	NA	0	487	0
PLA2G2F	NA	0	2719	0
PLA2G3	NA	104	2699	1.79816
PLA2G4A	NA	0	2928	0
PLA2G4B	NA	189	2735	3.2248
PLA2G4C	NA	187	2567	3.3995
PLA2G4D	NA	21	3584	0.273432
PLA2G4E	NA	1	4779	0.00976476
PLA2G4E-AS1	NA	2	2499	0.0373476
PLA2G4F	NA	4	3492	0.0534545
PLA2G5	NA	8	1894	0.19711
PLA2G6	NA	315	3269	4.4967
PLA2G7	NA	0	1983	0
PLA2R1	NA	6	6619	0.0423017
PLAA	NA	2141	4954	20.1678
PLAC1	NA	9	1126	0.372995
PLAC4	NA	0	10009	0
PLAC8	NA	5284	2049	120.343
PLAC8L1	NA	9	725	0.5793
PLAC9	NA	19	673	1.31746
PLAG1	NA	28	7338	0.178065
PLAGL1	NA	596	4132	6.73108
PLAGL2	NA	1236	5656	10.1978
PLAT	NA	125	3173	1.83839
PLAU	NA	3444	2690	59.7461
PLAUR	NA	207	2011	4.80349
PLB1	NA	88	5180	0.792778
PLBD1	NA	2	1932	0.0483083
PLBD1-AS1	NA	1	586	0.0796345
PLBD2	NA	406	2832	6.69008
PLCB1	NA	0	7207	0
PLCB2	NA	5363	5620	44.5318
PLCB3	NA	1362	5728	11.0962
PLCB4	NA	183	5658	1.50934
PLCD1	NA	132	3200	1.92496
PLCD3	NA	3022	3468	40.6644
PLCD4	NA	98	3237	1.4128
PLCE1	NA	539	8342	3.01521
PLCE1-AS1	NA	32	1408	1.06059
PLCE1-AS2	NA	2	2382	0.039182
PLCG1	NA	2503	5205	22.4408
PLCG1-AS1	NA	156	1794	4.0579
PLCG2	NA	397	8707	2.12775
PLCH1	NA	397	6536	2.8345
PLCH2	NA	10	6844	0.068185
PLCL1	NA	0	6608	0
PLCL2	NA	5	4352	0.0536142
PLCXD1	NA	516	10750	2.23996
PLCXD2	NA	0	2148	0
PLCXD2-AS1	NA	0	961	0
PLCXD3	NA	0	7739	0
PLCZ1	NA	0	2159	0
PLD1	NA	39	6025	0.302069
PLD2	NA	757	3496	10.1047
PLD3	NA	5384	2499	100.54
PLD4	NA	3	2006	0.0697893
PLD5	NA	2	3441	0.0271234
PLD6	NA	305	2577	5.52312
PLEC	NA	7435	16463	21.0752
PLEK	NA	1	2852	0.0163625
PLEK2	NA	161	1460	5.14602
PLEKHA1	NA	273	4215	3.02248
PLEKHA2	NA	302	5640	2.49877
PLEKHA3	NA	123	2469	2.32478
PLEKHA4	NA	1297	3083	19.632
PLEKHA5	NA	291	9582	1.41721
PLEKHA6	NA	78	7414	0.490954
PLEKHA7	NA	29	4808	0.28147
PLEKHA8	NA	499	8804	2.64496
PLEKHA8P1	NA	135	1869	3.37072
PLEKHB1	NA	615	2892	9.92374
PLEKHB2	NA	1752	4472	18.2823
PLEKHD1	NA	0	1812	0
PLEKHF1	NA	434	1739	11.6463
PLEKHF2	NA	221	2965	3.47829
PLEKHG1	NA	29	7237	0.186999
PLEKHG2	NA	2209	7607	13.5513
PLEKHG3	NA	294	4639	2.95748
PLEKHG4	NA	894	5089	8.19792
PLEKHG4B	NA	681	11515	2.75983
PLEKHG5	NA	700	5996	5.44798
PLEKHG6	NA	12	3580	0.156422
PLEKHG7	NA	7	3267	0.0999879
PLEKHH1	NA	899	6540	6.41476
PLEKHH2	NA	139	6954	0.932779
PLEKHH3	NA	1139	3252	16.3445
PLEKHJ1	NA	2304	1900	56.5884
PLEKHM1	NA	973	10598	4.28438
PLEKHM1P	NA	190	2922	3.03439
PLEKHM2	NA	2577	4122	29.1746
PLEKHM3	NA	483	9807	2.29832
PLEKHN1	NA	200	2436	3.83135
PLEKHO1	NA	1231	2807	20.4651
PLEKHO2	NA	684	3721	8.57818
PLEKHS1	NA	0	4379	0
PLET1	NA	0	1541	0
PLG	NA	1	4218	0.0110635
PLGLA	NA	17	841	0.943304
PLGLB1	NA	58	3010	0.899208
PLGLB2	NA	58	3014	0.898015
PLGRKT	NA	548	997	25.6498
PLIN1	NA	8	2964	0.125954
PLIN2	NA	1726	2098	38.3914
PLIN3	NA	3192	2340	63.6569
PLIN4	NA	102	6353	0.749238
PLIN5	NA	4	2441	0.07647
PLK1	NA	1893	2227	39.667
PLK2	NA	432	2838	7.10346
PLK3	NA	442	2358	8.74736
PLK4	NA	323	3995	3.77298
PLK5	NA	9	1933	0.217275
PLLP	NA	24	1497	0.748149
PLN	NA	0	1714	0
PLOD1	NA	2726	3031	41.97
PLOD2	NA	0	4059	0
PLOD3	NA	2007	2977	31.4606
PLP1	NA	0	3200	0
PLP2	NA	1492	1048	66.4364
PLRG1	NA	1567	3358	21.7764
PLS1	NA	215	4128	2.43051
PLS3	NA	4711	4264	51.5578
PLS3-AS1	NA	16	2068	0.361051
PLSCR1	NA	12	2210	0.253389
PLSCR2	NA	0	1808	0
PLSCR3	NA	910	2069	20.5248
PLSCR4	NA	0	3658	0
PLSCR5	NA	0	1969	0
PLTP	NA	3256	2224	68.3201
PLVAP	NA	11	2304	0.222797
PLXDC1	NA	84	6252	0.626988
PLXDC2	NA	4	12263	0.0152217
PLXNA1	NA	2233	9066	11.494
PLXNA2	NA	189	11443	0.770763
PLXNA3	NA	1299	6752	8.97791
PLXNA4	NA	0	15412	0
PLXNB1	NA	2448	7354	15.5341
PLXNB2	NA	11478	6335	84.5509
PLXNB3	NA	64	6377	0.468341
PLXNC1	NA	37	7589	0.227518
PLXND1	NA	1188	6977	7.94596
PM20D1	NA	0	2183	0
PM20D2	NA	801	4712	7.93279
PMAIP1	NA	1	1936	0.0241042
PMCH	NA	32	757	1.97266
PMCHL1	NA	0	573	0
PMCHL2	NA	0	1842	0
PMEL	NA	4413	2202	93.5223
PMEPA1	NA	132	5517	1.11653
PMF1	NA	959	1234	36.2662
PMF1-BGLAP	NA	515	1001	24.0089
PMFBP1	NA	104	3787	1.28155
PML	NA	1094	7704	6.62674
PMM1	NA	696	1283	25.3152
PMM2	NA	1153	2323	23.1621
PMP2	NA	0	3566	0
PMP22	NA	132	2109	2.92076
PMPCA	NA	2229	2171	47.9125
PMPCB	NA	1805	3919	21.4932
PMS1	NA	473	3647	6.05235
PMS2	NA	668	2836	10.9918
PMS2CL	NA	341	1738	9.15595
PMS2P1	NA	261	1518	8.02357
PMS2P2	NA	58	639	4.23571
PMS2P3	NA	243	1501	7.55482
PMS2P4	NA	82	891	4.29472
PMS2P5	NA	268	3257	3.83986
PMS2P7	NA	60	668	4.19154
PMS2P9	NA	83	2332	1.66092
PMVK	NA	1222	1299	43.8996
PNCK	NA	10	1939	0.240669
PNISR	NA	4362	3221	63.1966
PNKD	NA	1216	3745	15.1524
PNKP	NA	1114	1721	30.2067
PNLDC1	NA	1	1941	0.0240421
PNLIP	NA	0	1498	0
PNLIPRP1	NA	0	1527	0
PNLIPRP2	NA	0	1481	0
PNLIPRP3	NA	0	2308	0
PNMA1	NA	2186	2643	38.5968
PNMA2	NA	199	4846	1.91632
PNMA3	NA	0	3751	0
PNMA5	NA	3	3439	0.0407088
PNMA6A	NA	742	4556	7.60009
PNMAL1	NA	984	3696	12.424
PNMAL2	NA	0	4722	0
PNMT	NA	4	1048	0.178114
PNN	NA	6214	3606	80.4163
PNO1	NA	1000	1981	23.5567
PNOC	NA	0	1340	0
PNP	NA	5339	2421	102.911
PNPLA1	NA	0	2599	0
PNPLA2	NA	1089	2427	20.939
PNPLA3	NA	188	2805	3.12769
PNPLA4	NA	457	2901	7.35135
PNPLA5	NA	1	2540	0.0183724
PNPLA6	NA	1147	5028	10.6455
PNPLA7	NA	64	4842	0.616814
PNPLA8	NA	434	4973	4.07258
PNPO	NA	1541	3465	20.7538
PNPT1	NA	1322	4613	13.3735
PNRC1	NA	1127	2133	24.6565
PNRC2	NA	3626	2414	70.0954
POC1A	NA	809	2267	16.6531
POC1B	NA	567	3622	7.30522
POC1B-GALNT4	NA	197	5495	1.673
POC5	NA	350	2241	7.28828
PODN	NA	0	3417	0
PODNL1	NA	82	3605	1.06147
PODXL	NA	776	5984	6.05158
PODXL2	NA	1096	2209	23.1533
POF1B	NA	1	4034	0.0115681
POFUT1	NA	1444	6135	10.9838
POFUT2	NA	1143	4823	11.0593
POGK	NA	1240	3852	15.0222
POGLUT1	NA	352	3675	4.46976
POGZ	NA	2233	6626	15.7266
POLA1	NA	529	5439	4.53874
POLA2	NA	749	3654	9.56559
POLB	NA	312	1334	10.9143
POLD1	NA	1089	3545	14.3354
POLD2	NA	3837	2311	77.4802
POLD3	NA	553	4143	6.22886
POLD4	NA	786	1760	20.8405
POLDIP2	NA	4909	2734	83.7902
POLDIP3	NA	2232	3492	29.8276
POLE	NA	2357	8005	13.7403
POLE2	NA	285	1945	6.83792
POLE3	NA	1687	2473	31.8339
POLE4	NA	784	696	52.5661
POLG	NA	2160	4448	22.6614
POLG2	NA	264	1594	7.72884
POLH	NA	1164	8412	6.45732
POLI	NA	603	6058	4.64501
POLK	NA	172	4512	1.77893
POLL	NA	1119	2873	18.1758
POLM	NA	340	2869	5.53028
POLN	NA	57	3256	0.816938
POLQ	NA	497	8780	2.64156
POLR1A	NA	1059	6637	7.446
POLR1B	NA	656	5503	5.56292
POLR1C	NA	518	1320	18.3128
POLR1D	NA	2386	3020	36.8691
POLR1E	NA	480	1962	11.4167
POLR2A	NA	4360	6738	30.1963
POLR2B	NA	2899	4223	32.0351
POLR2C	NA	1956	1804	50.5977
POLR2D	NA	993	2325	19.9308
POLR2E	NA	4855	2866	79.0518
POLR2F	NA	919	3273	13.1029
POLR2G	NA	654	837	36.4629
POLR2H	NA	1147	1770	30.2405
POLR2I	NA	922	872	49.3416
POLR2J	NA	2469	976	118.051
POLR2J2	NA	1512	1987	35.5102
POLR2J3	NA	2097	1680	58.2489
POLR2J4	NA	1279	6511	9.16688
POLR2K	NA	891	971	42.821
POLR2L	NA	4882	876	260.071
POLR2M	NA	600	4307	6.50092
POLR3A	NA	1463	6635	10.2897
POLR3B	NA	372	4414	3.93287
POLR3C	NA	1132	4013	13.1636
POLR3D	NA	558	1929	13.499
POLR3E	NA	702	3731	8.78032
POLR3F	NA	622	2324	12.4897
POLR3G	NA	61	3285	0.866549
POLR3GL	NA	532	1165	21.31
POLR3H	NA	3187	4580	32.4725
POLR3K	NA	614	824	34.7728
POLRMT	NA	1459	3800	17.9172
POM121	NA	4527	9209	22.9402
POM121C	NA	3207	5865	25.517
POM121L10P	NA	318	9547	1.55439
POM121L12	NA	0	1270	0
POM121L1P	NA	32	3995	0.373794
POM121L2	NA	0	3170	0
POM121L4P	NA	1	2167	0.0215347
POM121L8P	NA	44	7712	0.266247
POM121L9P	NA	48	5224	0.428782
POMC	NA	0	1295	0
POMGNT1	NA	1733	3529	22.9164
POMGNT2	NA	383	2556	6.99257
POMK	NA	19	1623	0.546303
POMP	NA	1594	1461	50.914
POMT1	NA	670	3386	9.23393
POMT2	NA	1181	4874	11.3074
POMZP3	NA	223	1552	6.7052
PON1	NA	0	1752	0
PON2	NA	875	1654	24.6872
PON3	NA	2	1191	0.0783641
POP1	NA	641	4771	6.26971
POP4	NA	702	2594	12.6289
POP5	NA	407	801	23.7116
POP7	NA	833	932	41.7088
POPDC2	NA	42	1769	1.10795
POPDC3	NA	677	1911	16.532
POR	NA	1270	2499	23.7157
PORCN	NA	135	2122	2.96884
POSTN	NA	46	3380	0.635097
POT1	NA	431	4299	4.67852
POT1-AS1	NA	3	4156	0.0336856
POTEA	NA	0	1976	0
POTEB	NA	0	3374	0
POTEB2	NA	0	3374	0
POTEB3	NA	0	5034	0
POTEC	NA	0	2243	0
POTED	NA	0	1826	0
POTEE	NA	4201	3440	56.9893
POTEF	NA	288	4337	3.09886
POTEG	NA	0	1975	0
POTEH	NA	0	2037	0
POTEH-AS1	NA	3	2984	0.046916
POTEI	NA	4158	3228	60.1104
POTEJ	NA	4192	3277	59.6958
POTEKP	NA	0	621	0
POTEM	NA	51	6666	0.357029
POU1F1	NA	2	1340	0.0696504
POU2AF1	NA	34	3031	0.52347
POU2F1	NA	1033	14269	3.37836
POU2F2	NA	34	7185	0.220826
POU2F3	NA	4	3081	0.0605853
POU3F1	NA	5	2928	0.0796889
POU3F2	NA	0	4087	0
POU3F3	NA	0	4506	0
POU3F4	NA	0	1507	0
POU4F1	NA	6	3814	0.0734124
POU4F2	NA	0	3141	0
POU4F3	NA	1	1182	0.0394804
POU5F1	NA	31	18423	0.0785236
POU5F1B	NA	65	1585	1.91374
POU5F1P3	NA	9	1084	0.387447
POU5F1P4	NA	2	1083	0.0861788
POU5F1P5	NA	0	937	0
POU5F2	NA	1	1295	0.0360354
POU6F1	NA	75	5301	0.660241
POU6F2	NA	0	2324	0
POU6F2-AS1	NA	0	380	0
PP12613	NA	0	2224	0
PP14571	NA	8	2017	0.18509
PP2D1	NA	62	2447	1.18238
PP7080	NA	465	1743	12.4496
PPA1	NA	3040	1302	108.959
PPA2	NA	1974	1673	55.0617
PPAN	NA	713	1728	19.255
PPAN-P2RY11	NA	1390	3269	19.8426
PPAP2A	NA	654	1823	16.7413
PPAP2B	NA	117	3308	1.65051
PPAP2C	NA	4	1532	0.121843
PPAPDC1A	NA	8	1521	0.245448
PPAPDC1B	NA	245	2625	4.35547
PPAPDC2	NA	874	2979	13.6911
PPAPDC3	NA	65	2095	1.44786
PPARA	NA	241	10049	1.11916
PPARD	NA	948	4460	9.9191
PPARG	NA	0	2263	0
PPARGC1A	NA	0	6318	0
PPARGC1B	NA	139	10827	0.599108
PPAT	NA	776	3702	9.78192
PPBP	NA	0	1307	0
PPBPP2	NA	0	1362	0
PPCDC	NA	233	2422	4.48932
PPCS	NA	822	3112	12.3262
PPDPF	NA	2348	777	141.018
PPEF1	NA	0	2872	0
PPEF1-AS1	NA	0	491	0
PPEF2	NA	2	3413	0.0273459
PPFIA1	NA	1559	5662	12.8492
PPFIA2	NA	1	6568	0.00710502
PPFIA3	NA	1076	4742	10.5889
PPFIA4	NA	110	6478	0.792411
PPFIBP1	NA	785	6170	5.93722
PPFIBP2	NA	331	4041	3.82242
PPHLN1	NA	1235	4585	12.5697
PPIA	NA	23875	2445	455.683
PPIAL4A	NA	142	1570	4.22073
PPIAL4C	NA	142	1570	4.22073
PPIAL4D	NA	3	785	0.178341
PPIAL4E	NA	3	785	0.178341
PPIAL4F	NA	3	785	0.178341
PPIAL4G	NA	670	738	42.366
PPIAP30	NA	6	626	0.447276
PPIB	NA	11917	1028	540.969
PPIC	NA	547	1236	20.6523
PPID	NA	510	1834	12.9769
PPIE	NA	820	4737	8.0781
PPIEL	NA	18	2637	0.318538
PPIF	NA	2041	2200	43.2931
PPIG	NA	2786	2706	48.0454
PPIH	NA	294	800	17.1497
PPIL1	NA	2141	1736	57.5527
PPIL2	NA	1443	4102	16.4161
PPIL3	NA	375	1272	13.7576
PPIL4	NA	1551	2534	28.563
PPIL6	NA	62	4326	0.668812
PPIP5K1	NA	853	5927	6.71603
PPIP5K2	NA	327	6244	2.4439
PPL	NA	4578	6238	34.2475
PPM1A	NA	528	11414	2.15871
PPM1B	NA	1208	5389	10.4606
PPM1D	NA	831	4777	8.11791
PPM1E	NA	102	6545	0.727259
PPM1F	NA	908	5185	8.17214
PPM1G	NA	6418	2302	130.105
PPM1H	NA	4755	6200	35.7897
PPM1J	NA	398	1714	10.836
PPM1K	NA	454	6590	3.21491
PPM1L	NA	8	3056	0.122162
PPM1M	NA	38	2342	0.757174
PPM1N	NA	67	1714	1.82416
PPME1	NA	6059	2755	102.631
PPOX	NA	253	1768	6.67785
PPP1CA	NA	4707	1503	146.145
PPP1CB	NA	2898	4998	27.0583
PPP1CC	NA	3507	2511	65.176
PPP1R10	NA	2007	29962	3.1259
PPP1R11	NA	796	12705	2.92373
PPP1R12A	NA	1277	5944	10.0256
PPP1R12B	NA	468	11990	1.82148
PPP1R12C	NA	2801	2965	44.0846
PPP1R13B	NA	333	4959	3.13364
PPP1R13L	NA	647	3178	9.50056
PPP1R14A	NA	728	777	43.7229
PPP1R14B	NA	2224	987	105.152
PPP1R14C	NA	2	2211	0.0422124
PPP1R14D	NA	0	873	0
PPP1R15A	NA	3968	2383	77.7045
PPP1R15B	NA	1337	5276	11.8257
PPP1R16A	NA	695	2274	14.2624
PPP1R16B	NA	5	6251	0.0373267
PPP1R17	NA	0	1966	0
PPP1R18	NA	4115	30377	6.32155
PPP1R1A	NA	1	1834	0.0254448
PPP1R1B	NA	77	2053	1.75025
PPP1R1C	NA	4	3948	0.0472804
PPP1R2	NA	670	3473	9.00262
PPP1R21	NA	293	3215	4.2529
PPP1R26	NA	706	4932	6.68006
PPP1R26-AS1	NA	64	2927	1.02037
PPP1R27	NA	5	799	0.292026
PPP1R2P3	NA	162	1991	3.79702
PPP1R2P9	NA	0	870	0
PPP1R32	NA	14	1539	0.42451
PPP1R35	NA	765	930	38.3864
PPP1R36	NA	2	1406	0.0663809
PPP1R37	NA	853	2952	13.4844
PPP1R3A	NA	1	4296	0.0108626
PPP1R3B	NA	1506	5859	11.995
PPP1R3C	NA	1742	2573	31.5942
PPP1R3D	NA	11	3466	0.148103
PPP1R3E	NA	171	4495	1.77527
PPP1R3F	NA	157	3430	2.13601
PPP1R3G	NA	11	1736	0.295693
PPP1R42	NA	6	1083	0.258536
PPP1R7	NA	1378	2966	21.6809
PPP1R8	NA	1595	2852	26.0982
PPP1R9A	NA	382	10543	1.69082
PPP1R9B	NA	1537	4051	17.7056
PPP2CA	NA	5815	2643	102.672
PPP2CB	NA	1617	1970	38.3039
PPP2R1A	NA	8256	2509	153.556
PPP2R1B	NA	3800	5877	30.1736
PPP2R2A	NA	1455	4007	16.945
PPP2R2B	NA	2	3603	0.0259039
PPP2R2B-IT1	NA	0	447	0
PPP2R2C	NA	6	5127	0.0546118
PPP2R2D	NA	891	5253	7.91533
PPP2R3A	NA	84	7281	0.538378
PPP2R3B	NA	979	4852	9.41587
PPP2R3C	NA	471	2068	10.6284
PPP2R4	NA	5264	3034	80.9653
PPP2R5A	NA	1621	3415	22.1509
PPP2R5B	NA	406	2750	6.88957
PPP2R5C	NA	1297	5035	12.021
PPP2R5D	NA	1959	3064	29.8363
PPP2R5E	NA	1326	4225	14.6459
PPP3CA	NA	60	4676	0.598791
PPP3CB	NA	843	4645	8.46916
PPP3CB-AS1	NA	50	3095	0.75389
PPP3CC	NA	244	2348	4.84943
PPP3R1	NA	1456	3011	22.5657
PPP3R2	NA	0	3387	0
PPP4C	NA	2508	1486	78.7603
PPP4R1	NA	2785	4099	31.7063
PPP4R1-AS1	NA	9	587	0.715489
PPP4R1L	NA	64	2398	1.24546
PPP4R2	NA	428	1462	13.6614
PPP4R4	NA	37	4321	0.399591
PPP5C	NA	1690	2232	35.3339
PPP5D1	NA	10	1241	0.376034
PPP6C	NA	1484	4350	15.92
PPP6R1	NA	3819	3637	49.001
PPP6R2	NA	1532	4109	17.3989
PPP6R3	NA	1871	5228	16.7008
PPRC1	NA	1625	5374	14.1109
PPT1	NA	5896	2504	109.881
PPT2	NA	1036	16913	2.8585
PPT2-EGFL8	NA	802	20145	1.85783
PPTC7	NA	110	3748	1.36959
PPWD1	NA	979	2206	20.7098
PPY	NA	4	457	0.408453
PPY2P	NA	0	657	0
PQBP1	NA	1040	1295	37.4768
PQLC1	NA	2067	2544	37.916
PQLC2	NA	799	3461	10.7732
PQLC2L	NA	0	2755	0
PQLC3	NA	170	1956	4.05582
PRAC1	NA	3	383	0.365528
PRAC2	NA	84	657	5.9664
PRADC1	NA	284	1083	12.2374
PRAF2	NA	1751	1310	62.3754
PRAM1	NA	6	2209	0.126752
PRAME	NA	12	3214	0.174234
PRAMEF1	NA	101	2436	1.93483
PRAMEF10	NA	2	3050	0.0306005
PRAMEF11	NA	30	1689	0.828877
PRAMEF12	NA	106	1778	2.7821
PRAMEF14	NA	197	4328	2.12411
PRAMEF15	NA	86	3724	1.07767
PRAMEF16	NA	1	1586	0.0294236
PRAMEF17	NA	2	3158	0.029554
PRAMEF19	NA	0	4246	0
PRAMEF2	NA	108	1642	3.06937
PRAMEF20	NA	10	3194	0.146105
PRAMEF22	NA	0	1446	0
PRAMEF26	NA	40	1785	1.04573
PRAMEF4	NA	40	1840	1.01447
PRAMEF5	NA	30	1855	0.754703
PRAMEF6	NA	30	1720	0.813938
PRAMEF7	NA	44	1558	1.3179
PRAMEF8	NA	44	1558	1.3179
PRAMEF9	NA	28	1436	0.909918
PRAP1	NA	212	777	12.7325
PRB1	NA	1	1173	0.0397833
PRB2	NA	1	1428	0.0326791
PRB3	NA	0	1101	0
PRB4	NA	0	918	0
PRC1	NA	2172	3190	31.7737
PRC1-AS1	NA	360	1528	10.9946
PRCAT47	NA	4	2333	0.0800099
PRCC	NA	2134	2123	46.9076
PRCD	NA	40	2242	0.832574
PRCP	NA	3100	2206	65.5775
PRDM1	NA	2	5398	0.01729
PRDM10	NA	170	6574	1.20675
PRDM11	NA	170	11334	0.699946
PRDM12	NA	2	2492	0.0374525
PRDM13	NA	20	3204	0.291297
PRDM14	NA	0	2344	0
PRDM15	NA	302	7778	1.81191
PRDM16	NA	729	8723	3.89996
PRDM2	NA	606	9583	2.951
PRDM4	NA	1591	4187	17.7323
PRDM5	NA	131	5349	1.14287
PRDM6	NA	12	3027	0.184998
PRDM7	NA	2	3222	0.028967
PRDM8	NA	7	4219	0.0774261
PRDM9	NA	0	3691	0
PRDX1	NA	21016	1348	727.543
PRDX2	NA	6626	1038	297.888
PRDX3	NA	2328	1629	66.69
PRDX4	NA	1176	921	59.5863
PRDX5	NA	3400	905	175.319
PRDX6	NA	9264	1670	258.869
PREB	NA	1636	2164	35.2797
PRELID1	NA	2893	1273	106.052
PRELID2	NA	205	5083	1.88206
PRELP	NA	0	5819	0
PREP	NA	1544	2943	24.4825
PREPL	NA	1144	7373	7.2407
PREX1	NA	516	6633	3.63027
PREX2	NA	0	5414	0
PRF1	NA	4	2534	0.0736635
PRG1	NA	8	493	0.757254
PRG2	NA	0	1544	0
PRG3	NA	0	869	0
PRG4	NA	408	5050	3.77023
PRH1	NA	168	1174	6.6779
PRH1-PRR4	NA	222	1645	6.29776
PRH2	NA	22	4323	0.237485
PRICKLE1	NA	118	4798	1.14768
PRICKLE2	NA	46	8322	0.257946
PRICKLE2-AS1	NA	2	6505	0.0143477
PRICKLE2-AS2	NA	0	798	0
PRICKLE2-AS3	NA	2	3091	0.0301946
PRICKLE3	NA	1238	2890	19.9904
PRICKLE4	NA	161	1646	4.56452
PRIM1	NA	255	1462	8.13938
PRIM2	NA	621	2723	10.6425
PRIMA1	NA	2	3650	0.0255703
PRIMPOL	NA	143	2296	2.90645
PRKAA1	NA	575	5130	5.23057
PRKAA2	NA	1	9352	0.00498993
PRKAB1	NA	973	2401	18.9112
PRKAB2	NA	557	5462	4.75885
PRKACA	NA	2946	3408	40.3396
PRKACB	NA	496	6629	3.49166
PRKACG	NA	5	1591	0.146656
PRKAG1	NA	927	1964	22.0261
PRKAG2	NA	1606	4446	16.8568
PRKAG2-AS1	NA	4	791	0.235984
PRKAG3	NA	0	2299	0
PRKAR1A	NA	2410	5235	21.4832
PRKAR1B	NA	1351	2977	21.1775
PRKAR2A	NA	139	2381	2.72429
PRKAR2A-AS1	NA	24	3468	0.322947
PRKAR2B	NA	905	3661	11.5358
PRKCA	NA	2723	8770	14.4893
PRKCA-AS1	NA	1	1356	0.0344143
PRKCB	NA	0	8014	0
PRKCD	NA	510	2835	8.39491
PRKCDBP	NA	1286	1037	57.871
PRKCE	NA	106	5520	0.896119
PRKCG	NA	154	3128	2.29748
PRKCH	NA	8	3860	0.0967167
PRKCI	NA	1388	4884	13.2621
PRKCQ	NA	40	3285	0.568229
PRKCQ-AS1	NA	103	2253	2.13341
PRKCSH	NA	4339	2778	72.888
PRKCZ	NA	1343	3079	20.3547
PRKD1	NA	17	3677	0.215752
PRKD2	NA	1008	3920	11.9998
PRKD3	NA	320	5902	2.53017
PRKDC	NA	8903	13508	30.757
PRKG1	NA	1575	7122	10.3199
PRKG1-AS1	NA	435	2253	9.01004
PRKG2	NA	0	5004	0
PRKRA	NA	777	2172	16.694
PRKRIP1	NA	1118	2181	23.9213
PRKRIR	NA	1752	3417	23.927
PRKX	NA	676	6084	5.18509
PRKX-AS1	NA	0	514	0
PRKXP1	NA	162	11532	0.655555
PRKY	NA	360	7217	2.32779
PRL	NA	0	1455	0
PRLH	NA	0	264	0
PRLHR	NA	0	1980	0
PRLR	NA	3	12338	0.0113468
PRM1	NA	0	409	0
PRM2	NA	0	774	0
PRM3	NA	0	397	0
PRMT1	NA	3470	1568	103.272
PRMT2	NA	2243	7953	13.1612
PRMT3	NA	363	2733	6.1982
PRMT5	NA	3570	2616	63.6838
PRMT5-AS1	NA	1269	2104	28.1459
PRMT6	NA	1314	2650	23.1392
PRMT7	NA	687	3097	10.3518
PRMT8	NA	0	2497	0
PRMT9	NA	406	3528	5.37027
PRNCR1	NA	625	12722	2.29257
PRND	NA	2	4038	0.0231133
PRNP	NA	2134	2964	33.5981
PRNT	NA	0	2333	0
PRO1804	NA	0	2038	0
PROB1	NA	51	3251	0.732069
PROC	NA	9	1780	0.235951
PROCA1	NA	125	2151	2.71187
PROCR	NA	4305	1484	135.375
PRODH	NA	153	2408	2.96506
PRODH2	NA	1	1677	0.027827
PROK1	NA	0	1372	0
PROK2	NA	0	1613	0
PROKR1	NA	0	1182	0
PROKR2	NA	0	1155	0
PROL1	NA	0	1099	0
PROM1	NA	1	4307	0.0108349
PROM2	NA	5	4732	0.0493087
PROP1	NA	2	1464	0.0637511
PRORSD1P	NA	12	2153	0.260097
PRORY	NA	0	858	0
PROS1	NA	1368	3580	17.8321
PROSC	NA	880	2569	15.9852
PROSER1	NA	920	5169	8.30577
PROSER2	NA	483	3333	6.76255
PROSER2-AS1	NA	9	3156	0.133077
PROSER3	NA	252	2146	5.47986
PROX1	NA	0	8721	0
PROX1-AS1	NA	0	3399	0
PROX2	NA	7	3878	0.0842343
PROZ	NA	13	1555	0.390132
PRPF18	NA	315	1705	8.62154
PRPF19	NA	5132	2340	102.346
PRPF3	NA	1024	2463	19.4015
PRPF31	NA	1789	2183	38.2433
PRPF38A	NA	1406	2772	23.6696
PRPF38B	NA	1746	3756	21.6929
PRPF39	NA	508	2868	8.26577
PRPF4	NA	1266	2924	20.2048
PRPF40A	NA	3888	7528	24.1016
PRPF40B	NA	231	3887	2.7733
PRPF4B	NA	1685	7482	10.5095
PRPF6	NA	2177	3101	32.7609
PRPF8	NA	8809	7295	56.3508
PRPH	NA	72	1833	1.83303
PRPH2	NA	3	3027	0.0462496
PRPS1	NA	2786	2156	60.3019
PRPS1L1	NA	23	1087	0.987409
PRPS2	NA	383	2540	7.03661
PRPSAP1	NA	961	2359	19.0105
PRPSAP2	NA	965	2151	20.9356
PRR11	NA	1250	6473	9.01162
PRR12	NA	598	6943	4.01932
PRR13	NA	3311	1195	129.297
PRR14	NA	771	2118	16.9874
PRR14L	NA	725	10828	3.12456
PRR15	NA	0	1678	0
PRR15L	NA	0	1517	0
PRR16	NA	2	2272	0.041079
PRR18	NA	2	2704	0.0345161
PRR19	NA	180	1530	5.49009
PRR20A	NA	0	9235	0
PRR20B	NA	0	9235	0
PRR20C	NA	0	9235	0
PRR20D	NA	0	9235	0
PRR20E	NA	0	9235	0
PRR21	NA	0	1170	0
PRR22	NA	117	1392	3.92234
PRR23A	NA	2	2307	0.0404558
PRR23B	NA	0	1896	0
PRR23C	NA	0	2791	0
PRR23D1	NA	0	1588	0
PRR23D2	NA	0	1587	0
PRR25	NA	6	1209	0.231592
PRR26	NA	1	4512	0.0103426
PRR27	NA	1	4797	0.00972812
PRR29	NA	15	3107	0.225294
PRR3	NA	725	21914	1.54389
PRR30	NA	0	2063	0
PRR32	NA	0	1227	0
PRR34	NA	0	1836	0
PRR34-AS1	NA	0	1635	0
PRR35	NA	13	2217	0.273638
PRR36	NA	278	4517	2.87206
PRR4	NA	56	564	4.63348
PRR5	NA	823	3109	12.3532
PRR5-ARHGAP8	NA	517	2161	11.1644
PRR5L	NA	73	4214	0.808401
PRR7	NA	361	1563	10.7782
PRR7-AS1	NA	4	1600	0.116664
PRR9	NA	1	1229	0.0379705
PRRC1	NA	762	4698	7.56904
PRRC2A	NA	7890	46602	7.9008
PRRC2B	NA	5433	11059	22.9257
PRRC2C	NA	4156	10384	18.6771
PRRG1	NA	0	6092	0
PRRG2	NA	47	1393	1.57451
PRRG3	NA	0	1662	0
PRRG4	NA	16	5538	0.134824
PRRT1	NA	93	15168	0.286123
PRRT2	NA	273	3156	4.03668
PRRT3	NA	395	3761	4.90109
PRRT3-AS1	NA	16	614	1.21605
PRRT4	NA	7	3545	0.0921469
PRRX1	NA	28	4071	0.320963
PRRX2	NA	91	1309	3.24415
PRRX2-AS1	NA	1	502	0.0929598
PRSS1	NA	0	817	0
PRSS12	NA	24	4573	0.244911
PRSS16	NA	122	2865	1.98716
PRSS21	NA	0	1168	0
PRSS22	NA	16	1386	0.538711
PRSS23	NA	10019	11431	40.9015
PRSS27	NA	29	1462	0.925655
PRSS3	NA	2	1230	0.0758793
PRSS30P	NA	50	2963	0.787476
PRSS33	NA	928	1694	25.5643
PRSS35	NA	0	2606	0
PRSS36	NA	12	2839	0.197249
PRSS37	NA	0	1197	0
PRSS38	NA	0	1243	0
PRSS3P2	NA	0	862	0
PRSS41	NA	5	957	0.243813
PRSS42	NA	0	882	0
PRSS45	NA	1	946	0.0493296
PRSS46	NA	0	984	0
PRSS48	NA	1	987	0.0472804
PRSS50	NA	0	1347	0
PRSS53	NA	69	2028	1.58774
PRSS54	NA	28	1810	0.721902
PRSS55	NA	0	1353	0
PRSS56	NA	0	2157	0
PRSS57	NA	1	1078	0.0432892
PRSS58	NA	0	918	0
PRSS8	NA	477	1940	11.474
PRTFDC1	NA	442	1984	10.3963
PRTG	NA	841	12112	3.24025
PRTN3	NA	2	1001	0.0932384
PRUNE	NA	403	3083	6.10001
PRUNE2	NA	3	13275	0.0105459
PRX	NA	237	5506	2.00868
PRY	NA	0	1238	0
PRY2	NA	0	1238	0
PSAP	NA	24515	2834	403.674
PSAPL1	NA	9	4680	0.0897419
PSAT1	NA	2315	2256	47.8862
PSCA	NA	1	1284	0.0363441
PSD	NA	66	4708	0.654193
PSD2	NA	26	4510	0.269027
PSD3	NA	3	11828	0.0118361
PSD4	NA	18	5039	0.166697
PSEN1	NA	1571	6090	12.0381
PSEN2	NA	753	2298	15.2913
PSENEN	NA	1247	834	69.7749
PSG1	NA	5565	2979	87.1753
PSG10P	NA	398	1742	10.6619
PSG11	NA	716	1609	20.7661
PSG2	NA	1053	1612	30.4833
PSG3	NA	5963	1908	145.843
PSG4	NA	3090	2168	66.5117
PSG5	NA	4295	1640	122.213
PSG6	NA	631	1843	15.9773
PSG7	NA	831	2038	19.0281
PSG8	NA	4731	2131	103.602
PSG9	NA	8388	1740	224.961
PSIP1	NA	3532	3964	41.5801
PSKH1	NA	1324	3481	17.7494
PSKH2	NA	0	1158	0
PSMA1	NA	4512	2057	102.361
PSMA2	NA	4889	1464	155.84
PSMA3	NA	876	998	40.9612
PSMA3-AS1	NA	774	2608	13.8494
PSMA4	NA	4443	1221	169.808
PSMA5	NA	4214	3864	50.8928
PSMA6	NA	3211	1283	116.792
PSMA7	NA	5866	1032	265.253
PSMA8	NA	0	1899	0
PSMB1	NA	6260	917	318.569
PSMB10	NA	499	1006	23.1473
PSMB11	NA	0	1894	0
PSMB2	NA	5232	4845	50.3933
PSMB3	NA	2149	796	125.986
PSMB4	NA	4531	925	228.587
PSMB5	NA	5633	1454	180.79
PSMB6	NA	2409	872	128.92
PSMB7	NA	5482	1015	252.041
PSMB8	NA	98	14174	0.322651
PSMB8-AS1	NA	515	12688	1.89414
PSMB9	NA	100	8312	0.561427
PSMC1	NA	3713	1586	109.25
PSMC2	NA	2232	3210	32.448
PSMC3	NA	5856	1580	172.959
PSMC3IP	NA	685	1980	16.1445
PSMC4	NA	2986	1914	72.8025
PSMC5	NA	2717	1600	79.2444
PSMC6	NA	1003	1593	29.3822
PSMD1	NA	12279	3325	172.334
PSMD10	NA	945	1574	28.0173
PSMD11	NA	2707	4018	31.4396
PSMD12	NA	2172	1797	56.4041
PSMD13	NA	2574	1842	65.2105
PSMD14	NA	1542	1717	41.9095
PSMD2	NA	5464	3165	80.563
PSMD3	NA	3576	2187	76.304
PSMD4	NA	2692	1331	94.3834
PSMD5	NA	696	3479	9.33584
PSMD5-AS1	NA	154	3798	1.89219
PSMD6	NA	3155	1841	79.9732
PSMD6-AS2	NA	19	2549	0.347842
PSMD7	NA	1747	1670	48.8175
PSMD8	NA	4199	1539	127.323
PSMD9	NA	1584	2352	31.428
PSME1	NA	881	1181	34.8117
PSME2	NA	2237	829	125.924
PSME3	NA	3368	3803	41.328
PSME4	NA	2786	7099	18.314
PSMF1	NA	2342	3842	28.4465
PSMG1	NA	1823	1140	74.6243
PSMG2	NA	709	1159	28.5471
PSMG3	NA	1186	1411	39.2244
PSMG3-AS1	NA	219	6062	1.68588
PSMG4	NA	344	1042	15.406
PSORS1C1	NA	14	5292	0.123454
PSORS1C2	NA	3	6532	0.0214325
PSORS1C3	NA	7	4151	0.0786944
PSPC1	NA	2884	3142	42.8339
PSPH	NA	603	2118	13.2859
PSPN	NA	18	471	1.78341
PSRC1	NA	1013	1774	26.6474
PSTK	NA	100	1706	2.73539
PSTPIP1	NA	3	1855	0.0754703
PSTPIP2	NA	3584	3024	55.3076
PTAFR	NA	91	4533	0.936816
PTAR1	NA	315	10051	1.46251
PTBP1	NA	6919	3281	98.4092
PTBP2	NA	331	3858	4.00373
PTBP3	NA	2200	8234	12.4684
PTCD1	NA	1402	5505	11.8847
PTCD2	NA	147	2109	3.25267
PTCD3	NA	2095	6734	14.5181
PTCH1	NA	774	8999	4.0137
PTCH2	NA	166	4634	1.67167
PTCHD1	NA	1	5291	0.00881984
PTCHD1-AS	NA	0	557	0
PTCHD2	NA	6	5214	0.0537006
PTCHD3	NA	0	2528	0
PTCHD4	NA	474	5177	4.27267
PTCRA	NA	0	1170	0
PTCSC3	NA	0	1152	0
PTDSS1	NA	1401	2562	25.5187
PTDSS2	NA	1100	2445	20.9948
PTEN	NA	1044	8861	5.49815
PTENP1	NA	447	3917	5.32541
PTENP1-AS	NA	1	872	0.0535158
PTER	NA	0	3905	0
PTF1A	NA	0	1333	0
PTGDR	NA	0	3033	0
PTGDR2	NA	269	2910	4.31378
PTGDS	NA	49	812	2.81604
PTGER1	NA	9	1421	0.295561
PTGER2	NA	55	2478	1.03576
PTGER3	NA	0	10280	0
PTGER4	NA	15	3416	0.204914
PTGER4P2-CDK2AP2P2	NA	4	3705	0.0503814
PTGES	NA	1212	1787	31.6502
PTGES2	NA	1572	2424	30.2635
PTGES2-AS1	NA	8	2106	0.177268
PTGES3	NA	7342	3399	100.8
PTGES3L	NA	51	2006	1.18642
PTGES3L-AARSD1	NA	813	2273	16.6913
PTGFR	NA	0	5431	0
PTGFRN	NA	2226	6312	16.4572
PTGIR	NA	24	2086	0.536903
PTGIS	NA	1319	5603	10.9856
PTGR1	NA	1	1578	0.0295727
PTGR2	NA	123	2681	2.14095
PTGS1	NA	4	5697	0.0327652
PTGS2	NA	0	4493	0
PTH	NA	0	814	0
PTH1R	NA	126	2146	2.73993
PTH2	NA	6	459	0.61001
PTH2R	NA	1	3108	0.0150147
PTHLH	NA	0	2639	0
PTK2	NA	2742	4670	27.3999
PTK2B	NA	193	4805	1.8744
PTK6	NA	28	2525	0.517482
PTK7	NA	4792	4446	50.2975
PTMA	NA	13175	1207	509.38
PTMS	NA	5777	1150	234.425
PTN	NA	13	1545	0.392657
PTOV1	NA	2487	1917	60.5414
PTOV1-AS1	NA	519	2148	11.2754
PTOV1-AS2	NA	539	1101	22.8455
PTP4A1	NA	3229	5089	29.6097
PTP4A2	NA	4666	3929	55.4193
PTP4A3	NA	644	2785	10.7909
PTPDC1	NA	207	4863	1.98639
PTPMT1	NA	1830	2740	31.1673
PTPN1	NA	1726	3563	22.606
PTPN11	NA	2874	6577	20.3919
PTPN12	NA	971	3297	13.7436
PTPN13	NA	45	8577	0.244836
PTPN14	NA	1149	13443	3.98862
PTPN18	NA	444	3669	5.64721
PTPN2	NA	1213	4103	13.7962
PTPN20	NA	8	6182	0.0603893
PTPN21	NA	665	6215	4.9932
PTPN22	NA	1	3654	0.0127712
PTPN23	NA	1420	5282	12.5455
PTPN3	NA	34	9799	0.161918
PTPN4	NA	216	11380	0.885748
PTPN5	NA	1	4014	0.0116258
PTPN6	NA	274	2552	5.01036
PTPN7	NA	2	4309	0.0216597
PTPN9	NA	803	3945	9.49877
PTPRA	NA	1429	3975	16.7762
PTPRB	NA	1	11414	0.00408847
PTPRC	NA	0	7415	0
PTPRCAP	NA	21	907	1.08047
PTPRD	NA	23	10170	0.105537
PTPRD-AS1	NA	0	1334	0
PTPRD-AS2	NA	0	2834	0
PTPRE	NA	5	5511	0.0423388
PTPRF	NA	4027	7733	24.3015
PTPRG	NA	29	6648	0.203566
PTPRG-AS1	NA	33	2772	0.555545
PTPRH	NA	110	3928	1.30683
PTPRJ	NA	895	9053	4.61349
PTPRK	NA	40	6569	0.284158
PTPRM	NA	0	5600	0
PTPRN	NA	274	3910	3.27019
PTPRN2	NA	0	5194	0
PTPRO	NA	2	7636	0.0122226
PTPRQ	NA	0	7550	0
PTPRR	NA	3	4483	0.0312285
PTPRS	NA	2841	7347	18.0451
PTPRT	NA	1	12694	0.00367621
PTPRU	NA	632	5640	5.22922
PTPRVP	NA	3	4095	0.0341874
PTPRZ1	NA	0	8159	0
PTRF	NA	27168	3634	348.876
PTRH1	NA	233	815	13.3413
PTRH2	NA	915	2220	19.2339
PTRHD1	NA	834	572	68.0407
PTS	NA	634	934	31.6768
PTTG1	NA	1319	1160	53.0622
PTTG1IP	NA	6007	2826	99.1937
PTTG2	NA	9	576	0.729153
PTTG3P	NA	247	609	18.9269
PTX3	NA	277	1938	6.66998
PTX4	NA	0	1422	0
PUF60	NA	4477	2065	101.173
PUM1	NA	1517	5385	13.1461
PUM2	NA	1642	6493	11.8012
PURA	NA	370	5294	3.26149
PURB	NA	924	9093	4.74202
PURG	NA	26	3771	0.321748
PUS1	NA	1190	2082	26.6726
PUS10	NA	95	3810	1.16358
PUS3	NA	412	1844	10.4264
PUS7	NA	750	3482	10.0515
PUS7L	NA	143	4423	1.50875
PUSL1	NA	468	1240	17.6126
PVALB	NA	0	572	0
PVR	NA	2322	6097	17.7723
PVRIG	NA	147	1569	4.37213
PVRIG2P	NA	305	1264	11.2603
PVRL1	NA	666	6113	5.08415
PVRL2	NA	5004	3575	65.3191
PVRL3	NA	0	6841	0
PVRL3-AS1	NA	0	1128	0
PVRL4	NA	220	3502	2.9316
PVT1	NA	345	1699	9.47599
PWAR1	NA	1	2412	0.0193473
PWAR4	NA	0	342	0
PWAR5	NA	32	3373	0.442723
PWARSN	NA	42	1797	1.09069
PWP1	NA	988	1853	24.8817
PWP2	NA	880	3260	12.5969
PWRN1	NA	0	1438	0
PWRN2	NA	0	5128	0
PWRN3	NA	0	849	0
PWRN4	NA	0	618	0
PWWP2A	NA	552	5771	4.46361
PWWP2B	NA	440	2612	7.86101
PXDC1	NA	438	2194	9.31614
PXDN	NA	1660	6849	11.3104
PXDNL	NA	0	4807	0
PXK	NA	378	3226	5.46797
PXMP2	NA	464	957	22.6258
PXMP4	NA	2	5724	0.0163053
PXN	NA	6493	4216	71.8693
PXN-AS1	NA	240	763	14.6786
PXT1	NA	3	2107	0.0664439
PXYLP1	NA	246	3553	3.23101
PYCARD	NA	305	773	18.4128
PYCARD-AS1	NA	120	1095	5.11406
PYCR1	NA	883	2298	17.9312
PYCR2	NA	1472	1771	38.7872
PYCRL	NA	537	2678	9.35756
PYDC1	NA	0	547	0
PYDC2	NA	0	294	0
PYGB	NA	1938	4131	21.8926
PYGL	NA	296	2846	4.85351
PYGM	NA	71	3616	0.916281
PYGO1	NA	816	8396	4.53541
PYGO2	NA	1065	3180	15.6286
PYHIN1	NA	0	2093	0
PYROXD1	NA	1035	4124	11.7117
PYROXD2	NA	63	2065	1.4237
PYURF	NA	1362	1356	46.8723
PYY	NA	10	1052	0.443591
PYY2	NA	33	1070	1.43923
PZP	NA	6	4610	0.0607364
QARS	NA	3729	2821	61.6862
QDPR	NA	1301	1653	36.7285
QKI	NA	993	16362	2.83212
QPCT	NA	13	1703	0.356227
QPCTL	NA	665	2311	13.4283
QPRT	NA	1834	1554	55.0741
QRFP	NA	1	411	0.113542
QRFPR	NA	0	2347	0
QRICH1	NA	2551	3315	35.9108
QRICH2	NA	286	5457	2.44574
QRSL1	NA	485	4118	5.49609
QSER1	NA	885	9337	4.42318
QSOX1	NA	2136	3316	30.0598
QSOX2	NA	728	4527	7.50446
QTRT1	NA	580	1334	20.2895
QTRTD1	NA	1217	4024	14.1134
R3HCC1	NA	828	1589	24.3167
R3HCC1L	NA	496	3565	6.49263
R3HDM1	NA	992	4893	9.46096
R3HDM2	NA	456	3974	5.35471
R3HDM4	NA	1238	1809	31.936
R3HDML	NA	0	762	0
RAB10	NA	2121	3785	26.1501
RAB11A	NA	3682	4929	34.8597
RAB11B	NA	2224	1628	63.7498
RAB11B-AS1	NA	178	1022	8.1277
RAB11FIP1	NA	1803	7856	10.7101
RAB11FIP2	NA	238	6061	1.83245
RAB11FIP3	NA	961	4448	10.0822
RAB11FIP4	NA	1265	8901	6.63209
RAB11FIP5	NA	778	4342	8.36158
RAB12	NA	339	2138	7.3993
RAB13	NA	4558	1714	124.097
RAB14	NA	1315	4363	14.065
RAB15	NA	1071	3391	14.7387
RAB17	NA	41	1999	0.957127
RAB18	NA	882	5090	8.08629
RAB19	NA	1	952	0.0490187
RAB1A	NA	4526	2643	79.9128
RAB1B	NA	3323	1955	79.3199
RAB20	NA	67	1522	2.05428
RAB21	NA	508	2627	9.02407
RAB22A	NA	1024	8651	5.52373
RAB23	NA	580	4979	5.43606
RAB24	NA	682	1839	17.3062
RAB25	NA	4	1085	0.17204
RAB26	NA	175	1826	4.47235
RAB27A	NA	281	3699	3.54504
RAB27B	NA	0	7003	0
RAB28	NA	421	1884	10.428
RAB29	NA	441	3494	5.88999
RAB2A	NA	1300	3812	15.9144
RAB2B	NA	261	3002	4.05722
RAB30	NA	255	10414	1.14267
RAB30-AS1	NA	177	673	12.2732
RAB31	NA	4138	3994	48.3483
RAB32	NA	1317	1203	51.088
RAB33A	NA	1	1108	0.0421171
RAB33B	NA	74	3868	0.892779
RAB34	NA	4287	1916	104.414
RAB35	NA	1616	2945	25.6068
RAB36	NA	140	3822	1.70937
RAB37	NA	9	3603	0.116567
RAB38	NA	0	1460	0
RAB39A	NA	17	1858	0.426974
RAB39B	NA	139	3512	1.84697
RAB3A	NA	67	1501	2.08302
RAB3B	NA	1170	12844	4.25093
RAB3C	NA	0	1009	0
RAB3D	NA	1084	4273	11.8385
RAB3GAP1	NA	1441	4938	13.6179
RAB3GAP2	NA	1043	7329	6.64107
RAB3IL1	NA	265	2602	4.75267
RAB3IP	NA	174	10222	0.79435
RAB40A	NA	81	1346	2.80827
RAB40AL	NA	35	1029	1.58727
RAB40B	NA	582	1759	15.4403
RAB40C	NA	832	2933	13.2376
RAB41	NA	8	1071	0.348577
RAB42	NA	0	1333	0
RAB43	NA	859	4679	8.5672
RAB44	NA	6	4233	0.0661457
RAB4A	NA	909	3035	13.9767
RAB4B	NA	128	1189	5.02374
RAB4B-EGLN2	NA	1953	2849	31.9896
RAB5A	NA	991	2535	18.2429
RAB5B	NA	3253	5428	27.9668
RAB5C	NA	3384	2031	77.7534
RAB6A	NA	2928	3560	38.3813
RAB6B	NA	689	5560	5.78287
RAB6C	NA	789	3077	11.966
RAB6C-AS1	NA	46	2460	0.872612
RAB7A	NA	5164	2232	107.967
RAB8A	NA	2131	2177	45.6798
RAB8B	NA	224	4875	2.14423
RAB9A	NA	855	1362	29.2946
RAB9B	NA	7	3799	0.0859859
RAB9BP1	NA	0	625	0
RABAC1	NA	2167	807	125.31
RABEP1	NA	2814	6132	21.4151
RABEP2	NA	513	2280	10.4998
RABEPK	NA	475	1664	13.3211
RABGAP1	NA	997	4999	9.30702
RABGAP1L	NA	279	10393	1.25274
RABGEF1	NA	926	5417	7.97721
RABGGTA	NA	556	2293	11.3154
RABGGTB	NA	1350	1709	36.863
RABIF	NA	366	3227	5.29274
RABL2A	NA	809	2218	17.021
RABL2B	NA	1319	2616	23.5291
RABL3	NA	406	3883	4.8793
RABL6	NA	3831	3890	45.958
RAC1	NA	6091	2398	118.533
RAC2	NA	10	1511	0.30884
RAC3	NA	1213	1060	53.4015
RACGAP1	NA	1585	3459	21.3834
RACGAP1P	NA	65	2794	1.08564
RAD1	NA	532	4682	5.30248
RAD17	NA	603	3866	7.27871
RAD18	NA	585	5739	4.75684
RAD21	NA	3066	3750	38.154
RAD21-AS1	NA	8	2010	0.185735
RAD21L1	NA	2	1808	0.0516215
RAD23A	NA	1539	1821	39.4391
RAD23B	NA	5308	4442	55.7636
RAD50	NA	1641	6597	11.6081
RAD51	NA	396	2420	7.63622
RAD51-AS1	NA	10	1135	0.411152
RAD51AP1	NA	237	2269	4.8743
RAD51AP2	NA	0	3589	0
RAD51B	NA	202	3854	2.4459
RAD51C	NA	822	1513	25.3531
RAD51D	NA	201	2583	3.63137
RAD51L3-RFFL	NA	409	3904	4.88891
RAD52	NA	263	3756	3.2676
RAD54B	NA	531	8477	2.92315
RAD54L	NA	584	3146	8.66269
RAD54L2	NA	78	4705	0.773631
RAD9A	NA	741	2313	14.95
RAD9B	NA	21	3037	0.322681
RADIL	NA	165	3670	2.09805
RAE1	NA	1135	2170	24.4081
RAET1E	NA	3	2554	0.054815
RAET1E-AS1	NA	41	1376	1.39048
RAET1G	NA	1	1181	0.0395138
RAET1K	NA	5	1883	0.123913
RAET1L	NA	6	802	0.349121
RAF1	NA	2800	3275	39.8975
RAG1	NA	4	6580	0.0283683
RAG2	NA	8	2820	0.132385
RAI1	NA	2116	7660	12.891
RAI1-AS1	NA	0	718	0
RAI14	NA	3347	5856	26.6719
RAI2	NA	1	2742	0.0170189
RALA	NA	2209	2810	36.685
RALB	NA	1557	2261	32.1356
RALBP1	NA	1885	4354	20.2033
RALGAPA1	NA	334	8087	1.92734
RALGAPA1P	NA	235	7496	1.46298
RALGAPA2	NA	223	9426	1.10402
RALGAPB	NA	1917	8676	10.311
RALGDS	NA	1352	4435	14.226
RALGPS1	NA	189	7634	1.15534
RALGPS2	NA	1491	7591	9.16595
RALY	NA	2997	4773	29.3018
RALY-AS1	NA	29	672	2.01385
RALYL	NA	1	3354	0.0139135
RAMP1	NA	1	974	0.0479115
RAMP2	NA	14	786	0.831197
RAMP2-AS1	NA	9	3257	0.128951
RAMP3	NA	0	1347	0
RAN	NA	10346	2546	189.633
RANBP1	NA	3402	1991	79.7373
RANBP10	NA	698	5305	6.14001
RANBP17	NA	212	4576	2.16196
RANBP2	NA	4211	11711	16.7799
RANBP3	NA	1895	3401	26.0017
RANBP3L	NA	0	2618	0
RANBP6	NA	688	4622	6.94636
RANBP9	NA	929	3113	13.9263
RANGAP1	NA	7609	4589	77.3763
RANGRF	NA	856	1166	34.2589
RAP1A	NA	635	5323	5.56693
RAP1B	NA	2635	2151	57.1661
RAP1GAP	NA	91	3596	1.18092
RAP1GAP2	NA	504	6663	3.52988
RAP1GDS1	NA	1020	3761	12.656
RAP2A	NA	585	4358	6.26422
RAP2B	NA	1188	8413	6.58968
RAP2C	NA	558	4196	6.20579
RAP2C-AS1	NA	22	3422	0.300014
RAPGEF1	NA	2157	6483	15.5265
RAPGEF2	NA	532	6820	3.64021
RAPGEF3	NA	190	6602	1.343
RAPGEF4	NA	5	5142	0.0453771
RAPGEF4-AS1	NA	0	4621	0
RAPGEF5	NA	35	6622	0.246648
RAPGEF6	NA	220	9380	1.09451
RAPGEFL1	NA	252	4004	2.93701
RAPH1	NA	453	10501	2.0131
RAPSN	NA	6	1671	0.167561
RARA	NA	398	4361	4.25888
RARA-AS1	NA	32	1790	0.834249
RARB	NA	17	3549	0.223533
RARG	NA	893	3431	12.1459
RARRES1	NA	0	1666	0
RARRES2	NA	157	741	9.88736
RARRES3	NA	127	765	7.74713
RARS	NA	2513	2138	54.8509
RARS2	NA	1391	1832	35.4324
RASA1	NA	333	4451	3.49129
RASA2	NA	196	5652	1.61828
RASA3	NA	845	4200	9.38871
RASA4	NA	303	5606	2.52225
RASA4B	NA	472	5588	3.94171
RASA4CP	NA	64	1527	1.95587
RASAL1	NA	10	4002	0.116606
RASAL2	NA	793	11040	3.35199
RASAL2-AS1	NA	29	2338	0.578832
RASAL3	NA	0	3290	0
RASD1	NA	3	1746	0.0801818
RASD2	NA	112	2972	1.7586
RASEF	NA	0	5576	0
RASGEF1A	NA	582	3341	8.12915
RASGEF1B	NA	0	2962	0
RASGEF1C	NA	18	2216	0.379054
RASGRF1	NA	42	7338	0.267098
RASGRF2	NA	61	8156	0.349021
RASGRF2-AS1	NA	0	539	0
RASGRP1	NA	8	5028	0.0742495
RASGRP2	NA	22	2582	0.397617
RASGRP3	NA	57	5293	0.502541
RASGRP4	NA	11	3218	0.159516
RASIP1	NA	56	3302	0.791425
RASL10A	NA	42	1490	1.31541
RASL10B	NA	1891	3194	27.6284
RASL11A	NA	172	1543	5.20189
RASL11B	NA	302	1957	7.20136
RASL12	NA	2	2640	0.0353529
RASSF1	NA	574	2344	11.4275
RASSF1-AS1	NA	5	786	0.296856
RASSF10	NA	0	2684	0
RASSF2	NA	514	5449	4.40195
RASSF3	NA	762	3492	10.1831
RASSF4	NA	114	2495	2.13222
RASSF5	NA	23	4166	0.257636
RASSF6	NA	2	6123	0.0152428
RASSF7	NA	1016	1757	26.9849
RASSF8	NA	427	7068	2.81923
RASSF8-AS1	NA	65	1084	2.79823
RASSF9	NA	0	1796	0
RAVER1	NA	2585	3592	33.5833
RAVER2	NA	506	4361	5.41456
RAX	NA	0	3197	0
RAX2	NA	1	2153	0.0216748
RB1	NA	498	4772	4.86998
RB1CC1	NA	1075	6667	7.52448
RBAK	NA	809	6652	5.67538
RBAK-RBAKDN	NA	16	858	0.870225
RBAKDN	NA	6	579	0.483583
RBBP4	NA	4628	8018	26.9356
RBBP5	NA	610	4411	6.45344
RBBP6	NA	3706	7256	23.8345
RBBP7	NA	3983	2381	78.0638
RBBP8	NA	703	3555	9.22815
RBBP8NL	NA	0	2833	0
RBBP9	NA	761	3857	9.20733
RBCK1	NA	1048	2762	17.7066
RBFA	NA	486	5679	3.99359
RBFADN	NA	13	808	0.750811
RBFOX1	NA	0	5703	0
RBFOX2	NA	2834	7329	18.0449
RBFOX3	NA	24	2990	0.374575
RBKS	NA	114	2390	2.2259
RBL1	NA	195	5814	1.56516
RBL2	NA	573	4886	5.47268
RBM10	NA	1541	3433	20.9473
RBM11	NA	9	1967	0.213519
RBM12	NA	3008	6702	20.9446
RBM12B	NA	369	5101	3.37575
RBM12B-AS1	NA	2	709	0.131638
RBM14	NA	2665	5407	23.0006
RBM14-RBM4	NA	3190	1614	92.2329
RBM15	NA	436	3431	5.93013
RBM15B	NA	3258	6638	22.9041
RBM17	NA	1825	3961	21.5009
RBM18	NA	457	3287	6.48807
RBM19	NA	1587	5646	13.117
RBM20	NA	167	7235	1.07715
RBM22	NA	1617	2346	32.1648
RBM23	NA	1371	2604	24.5694
RBM24	NA	358	2724	6.13302
RBM25	NA	2893	4303	31.3744
RBM26	NA	860	5239	7.66035
RBM26-AS1	NA	19	2471	0.358822
RBM27	NA	779	6540	5.55851
RBM28	NA	959	2809	15.9318
RBM3	NA	5077	4432	53.4572
RBM33	NA	935	10325	4.22591
RBM34	NA	1689	2071	38.0582
RBM38	NA	1761	2484	33.0831
RBM39	NA	5383	3019	83.207
RBM4	NA	4715	4230	52.0164
RBM41	NA	322	6391	2.35118
RBM42	NA	2308	1650	65.2756
RBM43	NA	59	3914	0.703445
RBM44	NA	8	4283	0.0871647
RBM45	NA	310	1815	7.97047
RBM46	NA	0	3852	0
RBM47	NA	597	5248	5.30859
RBM48	NA	218	1717	5.92495
RBM4B	NA	1195	1844	30.2417
RBM5	NA	1875	3131	27.9458
RBM5-AS1	NA	59	1386	1.9865
RBM6	NA	2176	3739	27.1583
RBM7	NA	361	3750	4.49236
RBM8A	NA	2636	4959	24.8056
RBMS1	NA	697	4286	7.58891
RBMS2	NA	964	8486	5.30118
RBMS3	NA	2	8365	0.0111574
RBMS3-AS1	NA	0	554	0
RBMS3-AS3	NA	0	880	0
RBMX	NA	7114	3418	97.1271
RBMX2	NA	686	1528	20.9507
RBMXL1	NA	1018	5087	9.33866
RBMXL2	NA	2	2215	0.0421362
RBMXL3	NA	0	3469	0
RBMY1A1	NA	2	3774	0.0247302
RBMY1A3P	NA	0	427	0
RBMY1B	NA	2	3842	0.0242925
RBMY1D	NA	2	3762	0.024809
RBMY1E	NA	1	1881	0.024809
RBMY1F	NA	1	1881	0.024809
RBMY1J	NA	1	1881	0.024809
RBMY2EP	NA	0	534	0
RBMY2FP	NA	0	2042	0
RBMY3AP	NA	0	317	0
RBP1	NA	3	1954	0.0716466
RBP2	NA	117	688	7.9359
RBP3	NA	0	4276	0
RBP4	NA	0	929	0
RBP5	NA	9	940	0.4468
RBP7	NA	2	655	0.142491
RBPJ	NA	3558	6278	26.4474
RBPJL	NA	1	2509	0.0185994
RBPMS	NA	1790	3444	24.2543
RBPMS-AS1	NA	71	909	3.64496
RBPMS2	NA	1404	1994	32.858
RBSN	NA	791	6993	5.27851
RBX1	NA	775	906	39.9183
RC3H1	NA	765	11129	3.20778
RC3H2	NA	368	4198	4.09076
RCAN1	NA	2544	3597	33.0047
RCAN2	NA	9	3994	0.105156
RCAN3	NA	186	3030	2.86463
RCAN3AS	NA	1	429	0.108778
RCBTB1	NA	813	4033	9.40721
RCBTB2	NA	234	3251	3.3589
RCC1	NA	1841	3027	28.3818
RCC2	NA	4146	4163	46.4752
RCCD1	NA	24	2767	0.404763
RCE1	NA	468	1471	14.8468
RCHY1	NA	436	4501	4.52039
RCL1	NA	350	2303	7.09207
RCN1	NA	4592	2516	85.1706
RCN2	NA	1390	2267	28.6129
RCN3	NA	113	1854	2.84425
RCOR1	NA	1310	5756	10.6206
RCOR2	NA	957	2604	17.1502
RCOR3	NA	377	4985	3.52919
RCSD1	NA	3	2991	0.0468062
RCVRN	NA	2	1175	0.0794311
RD3	NA	11	4266	0.120329
RD3L	NA	0	1201	0
RDH10	NA	1653	3963	19.4647
RDH10-AS1	NA	15	3261	0.214654
RDH11	NA	1731	2566	31.4803
RDH12	NA	3	1878	0.074546
RDH13	NA	703	2767	11.8562
RDH14	NA	506	1600	14.7581
RDH16	NA	8	1723	0.216672
RDH5	NA	25	1342	0.869333
RDH8	NA	1	1714	0.0272263
RDM1	NA	10	1308	0.356772
RDX	NA	2123	5548	17.8572
REC114	NA	1	925	0.0504495
REC8	NA	58	2331	1.16114
RECK	NA	126	4412	1.3327
RECQL	NA	1515	3779	18.7083
RECQL4	NA	941	3816	11.5075
RECQL5	NA	842	5185	7.57813
REEP1	NA	92	3913	1.09718
REEP2	NA	1888	2266	38.8813
REEP3	NA	365	5205	3.27243
REEP4	NA	784	1694	21.5974
REEP5	NA	2538	3116	38.0096
REEP6	NA	322	1373	10.9442
REG1A	NA	0	808	0
REG1B	NA	0	806	0
REG1P	NA	0	2925	0
REG3A	NA	0	1097	0
REG3G	NA	0	955	0
REG4	NA	3	2262	0.061891
REL	NA	44	7827	0.262335
RELA	NA	1586	2578	28.7091
RELB	NA	495	2275	10.1537
RELL1	NA	227	4036	2.62466
RELL2	NA	298	2583	5.38382
RELN	NA	38	11571	0.153254
RELT	NA	488	3643	6.25114
REM1	NA	0	1670	0
REM2	NA	7	1859	0.175718
REN	NA	0	1465	0
RENBP	NA	308	1471	9.77095
REP15	NA	38	1139	1.55689
REPIN1	NA	11884	3351	165.496
REPS1	NA	1398	4019	16.2326
REPS2	NA	10	7953	0.058677
RER1	NA	2506	3104	37.6754
RERE	NA	1936	8321	10.8575
REREP3	NA	3	804	0.174126
RERG	NA	0	2325	0
RERG-AS1	NA	0	335	0
RERGL	NA	0	1147	0
RESP18	NA	0	795	0
REST	NA	894	7460	5.59239
RET	NA	12	6397	0.0875394
RETN	NA	0	478	0
RETNLB	NA	0	573	0
RETSAT	NA	1535	3311	21.6346
REV1	NA	1004	4734	9.89701
REV3L	NA	1043	11071	4.39639
REXO1	NA	1150	4581	11.7148
REXO1L2P	NA	0	8625	0
REXO2	NA	1065	1160	42.844
REXO4	NA	1237	2492	23.1644
RFC1	NA	1877	4899	17.8795
RFC2	NA	1282	1846	32.4082
RFC3	NA	602	2865	9.80552
RFC4	NA	1319	1585	38.8342
RFC5	NA	448	2473	8.45381
RFESD	NA	26	2841	0.427072
RFFL	NA	408	4346	4.38096
RFK	NA	481	2707	8.29193
RFNG	NA	882	1828	22.516
RFPL1	NA	25	1496	0.779843
RFPL1S	NA	51	5115	0.465289
RFPL2	NA	32	2722	0.548606
RFPL3	NA	11	1501	0.341988
RFPL3S	NA	13	1362	0.445415
RFPL4A	NA	68	908	3.4948
RFPL4AL1	NA	59	864	3.18667
RFPL4B	NA	205	1900	5.03499
RFT1	NA	515	5098	4.71418
RFTN1	NA	1765	3002	27.4368
RFTN2	NA	2	3113	0.0299812
RFWD2	NA	1389	2789	23.2409
RFWD3	NA	2107	4952	19.8556
RFX1	NA	328	4377	3.497
RFX2	NA	483	4112	5.48142
RFX3	NA	571	10633	2.50599
RFX3-AS1	NA	12	1109	0.50495
RFX4	NA	3	4377	0.0319848
RFX5	NA	1851	3618	23.8746
RFX6	NA	0	3507	0
RFX7	NA	612	7195	3.96935
RFX8	NA	0	1729	0
RFXANK	NA	1095	1632	31.3107
RFXAP	NA	159	2825	2.6265
RGAG1	NA	5	5426	0.043002
RGAG4	NA	396	4338	4.25995
RGCC	NA	51	1108	2.14797
RGL1	NA	1263	5512	10.6928
RGL2	NA	1207	16710	3.37077
RGL3	NA	2	2561	0.0364434
RGL4	NA	0	2885	0
RGMA	NA	203	4015	2.35944
RGMB	NA	109	4580	1.11061
RGMB-AS1	NA	5	2030	0.11494
RGN	NA	0	2257	0
RGP1	NA	95	1717	2.58197
RGPD1	NA	735	6692	5.12543
RGPD2	NA	704	5500	5.97322
RGPD3	NA	1352	5873	10.7427
RGPD4	NA	1560	7172	10.1504
RGPD4-AS1	NA	0	1581	0
RGPD5	NA	2943	7790	17.63
RGPD6	NA	2943	7809	17.5871
RGPD8	NA	3067	7299	19.6087
RGR	NA	1	1475	0.0316378
RGS1	NA	175	1403	5.82075
RGS10	NA	748	974	35.8378
RGS11	NA	9	2434	0.172552
RGS12	NA	451	7024	2.99634
RGS13	NA	0	1562	0
RGS14	NA	810	2406	15.7104
RGS16	NA	4	2432	0.076753
RGS17	NA	1	1466	0.0318321
RGS18	NA	0	2145	0
RGS19	NA	284	1691	7.83743
RGS2	NA	388	1350	13.4121
RGS20	NA	209	2744	3.55436
RGS21	NA	0	1793	0
RGS22	NA	0	4628	0
RGS3	NA	1846	7307	11.7894
RGS4	NA	5	3978	0.0586549
RGS5	NA	418	7424	2.62747
RGS6	NA	0	6427	0
RGS7	NA	0	2576	0
RGS7BP	NA	0	4703	0
RGS8	NA	0	912	0
RGS9	NA	224	2581	4.05003
RGS9BP	NA	58	2894	0.935251
RGSL1	NA	0	3760	0
RHAG	NA	1	1928	0.0242043
RHBDD1	NA	383	5157	3.46577
RHBDD2	NA	1561	1878	38.7888
RHBDD3	NA	931	1738	24.9976
RHBDF1	NA	1506	2992	23.4889
RHBDF2	NA	771	3605	9.9804
RHBDL1	NA	148	1463	4.72081
RHBDL2	NA	24	2003	0.559151
RHBDL3	NA	122	4661	1.22146
RHBG	NA	17	2025	0.391762
RHCE	NA	56	1618	1.61513
RHCG	NA	6	1980	0.141412
RHD	NA	12	3007	0.186229
RHEB	NA	1655	2075	37.2202
RHEBL1	NA	58	1287	2.10304
RHNO1	NA	897	2464	16.9883
RHO	NA	3	2768	0.0505771
RHOA	NA	13742	1921	333.827
RHOB	NA	6686	2373	131.482
RHOBTB1	NA	5089	4792	49.5581
RHOBTB2	NA	1477	5823	11.8367
RHOBTB3	NA	2153	5566	18.0509
RHOC	NA	12400	1621	356.975
RHOD	NA	0	1133	0
RHOF	NA	1873	2435	35.8953
RHOG	NA	860	1319	30.4265
RHOH	NA	299	3279	4.25528
RHOJ	NA	0	3619	0
RHOQ	NA	2955	4542	30.3605
RHOT1	NA	416	3615	5.37012
RHOT2	NA	1481	2542	27.1881
RHOU	NA	282	4758	2.76582
RHOV	NA	96	1705	2.62752
RHOXF1	NA	1	769	0.0606837
RHOXF1-AS1	NA	0	2103	0
RHOXF1P1	NA	0	780	0
RHOXF2	NA	0	1297	0
RHOXF2B	NA	0	1309	0
RHPN1	NA	762	3715	9.57183
RHPN1-AS1	NA	29	2013	0.672284
RHPN2	NA	268	3531	3.5419
RIBC1	NA	55	2827	0.907895
RIBC2	NA	50	1404	1.66189
RIC1	NA	669	6971	4.47847
RIC3	NA	26	5861	0.207014
RIC8A	NA	2861	3783	35.2923
RIC8B	NA	397	4989	3.71343
RICTOR	NA	356	9613	1.72818
RIF1	NA	791	10179	3.62635
RIIAD1	NA	0	455	0
RILP	NA	211	1791	5.49776
RILPL1	NA	879	2624	15.6323
RILPL2	NA	833	1801	21.5839
RIMBP2	NA	1398	6322	10.3193
RIMBP3	NA	167	5793	1.34528
RIMBP3B	NA	146	5416	1.25798
RIMBP3C	NA	146	5793	1.17611
RIMKLA	NA	101	10569	0.44595
RIMKLB	NA	143	6559	1.01741
RIMS1	NA	0	9059	0
RIMS2	NA	1154	7973	6.75434
RIMS3	NA	450	7229	2.90491
RIMS4	NA	572	5210	5.12339
RIN1	NA	571	2684	9.92778
RIN2	NA	54	4507	0.55912
RIN3	NA	571	3847	6.92648
RING1	NA	1010	10428	4.5198
RINL	NA	192	3060	2.92805
RINT1	NA	363	2976	5.6921
RIOK1	NA	840	2578	15.2053
RIOK2	NA	1198	4684	11.9354
RIOK3	NA	1038	4033	12.0107
RIPK1	NA	896	3864	10.8211
RIPK2	NA	718	2585	12.9617
RIPK3	NA	0	1921	0
RIPK4	NA	3	3872	0.0361564
RIPPLY1	NA	2	1186	0.0786944
RIPPLY2	NA	0	816	0
RIPPLY3	NA	1	2234	0.0208889
RIT1	NA	917	3481	12.2932
RIT2	NA	0	1166	0
RITA1	NA	1249	2053	28.3904
RLBP1	NA	100	1752	2.66357
RLF	NA	670	6250	5.00257
RLIM	NA	2168	10629	9.51844
RLN1	NA	1	1004	0.0464799
RLN2	NA	0	922	0
RLN3	NA	0	452	0
RLTPR	NA	295	4479	3.07355
RMDN1	NA	829	3064	12.626
RMDN2	NA	25	3324	0.350976
RMDN2-AS1	NA	0	526	0
RMDN3	NA	1326	2331	26.5461
RMI1	NA	181	3494	2.41743
RMI2	NA	646	1451	20.7761
RMND1	NA	327	2003	7.61843
RMND5A	NA	1603	6183	12.0985
RMND5B	NA	642	2106	14.2258
RMRP	NA	97	268	16.8902
RMST	NA	4	2099	0.0889296
RNA45S5	NA	549345	13357	1919.27
RNA5-8S5	NA	3562	312	532.768
RNASE1	NA	40	970	1.92436
RNASE10	NA	3	651	0.21505
RNASE11	NA	0	1766	0
RNASE12	NA	0	743	0
RNASE13	NA	1	1607	0.0290391
RNASE2	NA	2	735	0.126982
RNASE3	NA	2	716	0.130351
RNASE4	NA	129	1996	3.01598
RNASE6	NA	3	1061	0.131949
RNASE7	NA	2	1498	0.0623041
RNASE8	NA	0	634	0
RNASE9	NA	0	1247	0
RNASEH1	NA	639	2103	14.1795
RNASEH1-AS1	NA	186	1373	6.32181
RNASEH2A	NA	641	1142	26.1933
RNASEH2B	NA	231	2158	4.99527
RNASEH2B-AS1	NA	4	624	0.29914
RNASEH2C	NA	1550	2785	25.972
RNASEK	NA	2498	1028	113.396
RNASEK-C17orf49	NA	2998	1909	73.2866
RNASEL	NA	4	4241	0.044014
RNASET2	NA	1413	1250	52.751
RND1	NA	68	1665	1.90587
RND2	NA	960	4152	10.7898
RND3	NA	3131	2807	52.0522
RNF10	NA	3419	3847	41.474
RNF103	NA	444	5096	4.06586
RNF103-CHMP3	NA	2332	3373	32.2635
RNF11	NA	634	3074	9.62463
RNF111	NA	307	6213	2.30587
RNF112	NA	4	3228	0.0578263
RNF113A	NA	300	1297	10.7939
RNF113B	NA	1	1378	0.0338649
RNF114	NA	1409	2467	26.6527
RNF115	NA	493	1950	11.7981
RNF121	NA	615	2754	10.421
RNF122	NA	88	1872	2.19369
RNF123	NA	481	4295	5.22613
RNF125	NA	98	5888	0.776707
RNF126	NA	1375	1650	38.8882
RNF126P1	NA	14	1318	0.495691
RNF128	NA	0	3411	0
RNF13	NA	581	2964	9.14738
RNF130	NA	1053	2263	21.7141
RNF133	NA	0	1443	0
RNF135	NA	5	2220	0.105103
RNF138	NA	270	3664	3.4388
RNF138P1	NA	65	5701	0.532061
RNF139	NA	685	3312	9.65159
RNF139-AS1	NA	26	5821	0.208437
RNF14	NA	391	4523	4.03412
RNF141	NA	1455	4084	16.6255
RNF144A	NA	135	5739	1.09773
RNF144A-AS1	NA	21	2348	0.417369
RNF144B	NA	8	5036	0.0741315
RNF145	NA	2986	4312	32.3154
RNF146	NA	552	2908	8.85816
RNF148	NA	1	1302	0.0358416
RNF149	NA	1035	2968	16.2733
RNF150	NA	28	4661	0.280335
RNF151	NA	0	796	0
RNF152	NA	6	1805	0.155122
RNF157	NA	743	4891	7.08908
RNF157-AS1	NA	89	2177	1.90779
RNF165	NA	9	7040	0.059658
RNF166	NA	437	2711	7.5223
RNF167	NA	1959	1708	53.5236
RNF168	NA	498	5344	4.34872
RNF169	NA	643	7823	3.83563
RNF17	NA	0	5107	0
RNF170	NA	478	5479	4.07123
RNF175	NA	1	1569	0.0297424
RNF180	NA	1	5060	0.00922249
RNF181	NA	722	716	47.0569
RNF182	NA	43	3797	0.528478
RNF183	NA	1	1210	0.0385668
RNF185	NA	1486	3477	19.944
RNF186	NA	0	1250	0
RNF187	NA	3877	3133	57.7476
RNF19A	NA	816	4824	7.89372
RNF19B	NA	951	2737	16.2145
RNF2	NA	574	3551	7.54327
RNF20	NA	832	3942	9.8493
RNF207	NA	34	3971	0.399556
RNF208	NA	43	1077	1.86317
RNF212	NA	1	3097	0.0150681
RNF212B	NA	105	2436	2.01146
RNF213	NA	1754	23207	3.52703
RNF214	NA	312	2797	5.20548
RNF215	NA	477	1920	11.5935
RNF216	NA	1463	5850	11.6704
RNF216-IT1	NA	0	337	0
RNF216P1	NA	930	2430	17.8598
RNF217	NA	145	5493	1.23185
RNF217-AS1	NA	16	5342	0.13977
RNF219	NA	453	3534	5.98178
RNF219-AS1	NA	181	2418	3.49318
RNF220	NA	1050	3010	16.2788
RNF222	NA	2	3066	0.0304408
RNF223	NA	70	1122	2.91141
RNF224	NA	21	1503	0.652017
RNF225	NA	0	990	0
RNF24	NA	190	3560	2.49059
RNF25	NA	1447	1561	43.2578
RNF26	NA	2189	2815	36.2883
RNF31	NA	534	3556	7.00774
RNF32	NA	45	3813	0.550737
RNF34	NA	959	2091	21.4024
RNF38	NA	390	5560	3.27332
RNF39	NA	101	16050	0.29366
RNF4	NA	1622	3674	20.602
RNF40	NA	3241	6057	24.9701
RNF41	NA	969	5712	7.91652
RNF43	NA	15	5828	0.120108
RNF44	NA	1241	4153	13.9447
RNF5	NA	1628	7959	9.54541
RNF5P1	NA	1628	8531	8.90539
RNF6	NA	920	3938	10.9021
RNF7	NA	2251	2265	46.3774
RNF8	NA	884	5737	7.19062
RNFT1	NA	247	2016	5.71749
RNFT2	NA	208	2898	3.34937
RNGTT	NA	613	4836	5.91525
RNH1	NA	2378	2209	50.236
RNLS	NA	60	3585	0.781018
RNMT	NA	1135	6249	8.47587
RNMTL1	NA	531	1801	13.7588
RNPC3	NA	94	1885	2.3271
RNPEP	NA	2272	2413	43.939
RNPEPL1	NA	323	3018	4.99438
RNPS1	NA	5629	2750	95.5206
RNU1-13P	NA	0	324	0
RNU11	NA	2	135	0.691345
RNU12	NA	0	149	0
RNU4ATAC	NA	2	130	0.717935
RNU5D-1	NA	0	64	0
RNU5E-1	NA	0	65	0
RNU5F-1	NA	0	72	0
RNU6-16P	NA	0	30	0
RNU6-19P	NA	0	87	0
RNU6-2	NA	5	958	0.243558
RNU6-28P	NA	0	171	0
RNU6-31P	NA	0	54	0
RNU6-33P	NA	0	28	0
RNU6-34P	NA	0	28	0
RNU6-35P	NA	0	30	0
RNU6-48P	NA	0	28	0
RNU6-52P	NA	0	96	0
RNU6-53P	NA	0	49	0
RNU6-57P	NA	0	27	0
RNU6-64P	NA	0	31	0
RNU6-66P	NA	0	78	0
RNU6-67P	NA	0	27	0
RNU6-69P	NA	0	28	0
RNU6-71P	NA	0	82	0
RNU6-72P	NA	0	46	0
RNU6-76P	NA	0	50	0
RNU6-78P	NA	0	30	0
RNU6-79P	NA	0	35	0
RNU6-81P	NA	0	48	0
RNU6-83P	NA	0	76	0
RNU6ATAC	NA	2	125	0.746653
RNU86	NA	53	55	44.9689
RNVU1-19	NA	0	168	0
RNVU1-20	NA	9	163	2.57664
RNVU1-8	NA	2	141	0.661926
RNY4	NA	0	34	0
RNY5	NA	0	46	0
ROBO1	NA	74	7901	0.437067
ROBO2	NA	0	9024	0
ROBO3	NA	163	4554	1.6703
ROBO4	NA	7	3837	0.0851344
ROCK1	NA	1442	6648	10.1222
ROCK1P1	NA	352	2460	6.67738
ROCK2	NA	514	6401	3.74726
ROGDI	NA	588	1741	15.7608
ROM1	NA	120	1878	2.98184
ROMO1	NA	1195	461	120.967
ROPN1	NA	0	1103	0
ROPN1B	NA	0	1087	0
ROPN1L	NA	9	1078	0.389603
ROPN1L-AS1	NA	1	803	0.0581143
ROR1	NA	0	6573	0
ROR1-AS1	NA	0	3454	0
ROR2	NA	130	4097	1.48073
RORA	NA	29	11535	0.117322
RORA-AS1	NA	10	2483	0.187941
RORA-AS2	NA	0	1025	0
RORB	NA	0	3604	0
RORB-AS1	NA	0	824	0
RORC	NA	1	3214	0.0145195
ROS1	NA	0	7368	0
RP1	NA	0	7100	0
RP11-87M18.2	NA	0	1861	0
RP1L1	NA	5	7977	0.0292502
RP2	NA	165	3829	2.01093
RP9	NA	793	1120	33.0411
RP9P	NA	543	1297	19.537
RPA1	NA	2066	4345	22.1891
RPA2	NA	2384	1956	56.8769
RPA3	NA	749	1594	21.9277
RPA4	NA	6	1544	0.181344
RPAIN	NA	2271	3133	33.8264
RPAP1	NA	1367	4682	13.625
RPAP2	NA	435	3112	6.52301
RPAP3	NA	1656	3687	20.9597
RPARP-AS1	NA	239	1592	7.00573
RPE	NA	602	3407	8.24562
RPE65	NA	52	2608	0.930453
RPEL1	NA	90	2130	1.97179
RPF1	NA	1063	1975	25.1168
RPF2	NA	1123	3692	14.1944
RPGR	NA	182	5717	1.4856
RPGRIP1	NA	20	3946	0.236522
RPGRIP1L	NA	292	6924	1.968
RPH3A	NA	0	4592	0
RPH3AL	NA	138	2754	2.33837
RPIA	NA	511	1834	13.0023
RPL10	NA	19194	2585	346.5
RPL10A	NA	16014	719	1039.37
RPL10L	NA	1	809	0.0576833
RPL11	NA	15030	634	1106.29
RPL12	NA	15989	660	1130.51
RPL13	NA	20984	4726	207.202
RPL13A	NA	20073	1180	793.833
RPL13AP17	NA	1	1790	0.0260703
RPL13AP20	NA	7856	660	555.464
RPL13AP3	NA	37	1473	1.17219
RPL13AP5	NA	11338	658	804.099
RPL13AP6	NA	215	653	15.3647
RPL13P5	NA	34	624	2.54269
RPL14	NA	13677	968	659.347
RPL15	NA	26268	4716	259.927
RPL17	NA	23503	1163	943.066
RPL17-C18orf32	NA	22472	2049	511.798
RPL18	NA	23543	887	1238.62
RPL18A	NA	15471	671	1075.96
RPL19	NA	23104	732	1472.91
RPL19P12	NA	856	1134	35.2257
RPL21	NA	11393	566	939.335
RPL21P28	NA	11357	562	943.031
RPL21P44	NA	6	1784	0.156948
RPL22	NA	14777	2085	330.734
RPL22L1	NA	3193	1962	75.9449
RPL23	NA	25597	577	2070.2
RPL23A	NA	19222	970	924.753
RPL23AP32	NA	3	620	0.225802
RPL23AP53	NA	821	5788	6.61932
RPL23AP64	NA	27	633	1.99048
RPL23AP7	NA	689	1873	17.1664
RPL23AP82	NA	771	1864	19.3022
RPL23AP87	NA	405	2256	8.3775
RPL23P8	NA	1817	523	162.126
RPL24	NA	15359	562	1275.34
RPL26	NA	30186	582	2420.37
RPL26L1	NA	1149	710	75.5197
RPL27	NA	13522	490	1287.79
RPL27A	NA	14433	4879	138.046
RPL28	NA	11420	5183	102.821
RPL29	NA	19638	695	1318.59
RPL29P2	NA	0	649	0
RPL3	NA	53648	1338	1871.1
RPL30	NA	17394	554	1465.17
RPL31	NA	9590	1481	302.178
RPL31P11	NA	19	1548	0.572771
RPL32	NA	21646	1859	543.372
RPL32P3	NA	52	2079	1.16721
RPL34	NA	4494	1014	206.821
RPL34-AS1	NA	1	3773	0.0123684
RPL35	NA	16474	460	1671.24
RPL35A	NA	7645	483	738.634
RPL36	NA	5912	604	456.769
RPL36A	NA	5351	2911	85.7811
RPL36A-HNRNPH2	NA	7758	2659	136.154
RPL36AL	NA	5913	577	478.223
RPL37	NA	24275	1570	721.536
RPL37A	NA	16275	418	1816.95
RPL38	NA	2494	392	296.899
RPL39	NA	11225	419	1250.18
RPL39L	NA	327	703	21.7066
RPL3L	NA	0	1529	0
RPL4	NA	51216	1441	1658.6
RPL41	NA	39120	584	3125.97
RPL5	NA	17460	1031	790.286
RPL6	NA	28442	1130	1174.57
RPL7	NA	25852	837	1441.34
RPL7A	NA	15939	890	835.737
RPL7L1	NA	834	1275	30.5249
RPL8	NA	41852	975	2003.14
RPL9	NA	13925	896	725.247
RPLP0	NA	54866	1264	2025.61
RPLP0P2	NA	272	3525	3.60088
RPLP1	NA	14447	512	1316.76
RPLP2	NA	6464	493	611.862
RPN1	NA	7618	2341	151.858
RPN2	NA	4583	2555	83.7062
RPP14	NA	830	3598	10.765
RPP21	NA	377	4112	4.27845
RPP25	NA	651	2333	13.0216
RPP25L	NA	584	1102	24.7303
RPP30	NA	405	5794	3.26193
RPP38	NA	825	1659	23.2063
RPP40	NA	245	1185	9.6482
RPPH1	NA	107	341	14.6429
RPRD1A	NA	1104	5305	9.71141
RPRD1B	NA	972	3872	11.7147
RPRD2	NA	953	8221	5.40962
RPRM	NA	694	1471	22.0164
RPRML	NA	14	1093	0.597732
RPS10	NA	17474	880	926.634
RPS10-NUDT3	NA	16251	2527	300.105
RPS10P7	NA	2316	689	156.862
RPS11	NA	20006	646	1445.19
RPS12	NA	6264	503	581.142
RPS13	NA	12666	529	1117.33
RPS14	NA	15567	786	924.232
RPS14P3	NA	901	838	50.1741
RPS15	NA	8332	687	565.967
RPS15A	NA	13263	543	1139.83
RPS15AP10	NA	0	906	0
RPS16	NA	15125	590	1196.31
RPS16P5	NA	1	3158	0.014777
RPS17	NA	76777	1978	1811.35
RPS18	NA	21387	2858	349.21
RPS18P9	NA	3001	969	144.524
RPS19	NA	19031	849	1046.05
RPS19BP1	NA	2305	1018	105.663
RPS2	NA	56146	942	2781.42
RPS20	NA	24481	1321	864.819
RPS21	NA	145	396	17.0872
RPS23	NA	19073	3314	268.575
RPS24	NA	24778	2962	390.373
RPS25	NA	13540	492	1284.26
RPS26	NA	4730	682	323.65
RPS26P11	NA	2482	553	209.448
RPS27	NA	13070	351	1737.67
RPS27A	NA	10101	1373	343.315
RPS27L	NA	6025	1084	259.374
RPS28	NA	4085	382	499.031
RPS29	NA	6168	1518	189.614
RPS2P32	NA	55	1025	2.50402
RPS3	NA	22782	2746	387.16
RPS3A	NA	27626	2031	634.756
RPS4X	NA	24962	956	1218.49
RPS4Y1	NA	7280	897	378.737
RPS4Y2	NA	1	888	0.0525516
RPS5	NA	8624	741	543.112
RPS6	NA	48855	829	2750.13
RPS6KA1	NA	2222	3383	30.6507
RPS6KA2	NA	586	6053	4.51779
RPS6KA2-AS1	NA	0	861	0
RPS6KA2-IT1	NA	1	579	0.0805972
RPS6KA3	NA	429	7710	2.59658
RPS6KA4	NA	1114	3137	16.5718
RPS6KA5	NA	46	4313	0.497711
RPS6KA6	NA	28	8205	0.15925
RPS6KB1	NA	608	5483	5.17469
RPS6KB2	NA	949	1770	25.0203
RPS6KC1	NA	445	4399	4.72068
RPS6KL1	NA	403	5195	3.62008
RPS7	NA	7965	728	510.567
RPS7P5	NA	0	953	0
RPS8	NA	19770	705	1308.63
RPS9	NA	14494	713	948.631
RPSA	NA	22067	1185	869.008
RPSAP52	NA	14	1144	0.571085
RPSAP58	NA	29788	1379	1008.04
RPSAP9	NA	6035	1440	195.575
RPTN	NA	0	3569	0
RPTOR	NA	989	6856	6.73169
RPUSD1	NA	1361	2050	30.9815
RPUSD2	NA	422	2116	9.3067
RPUSD3	NA	841	1227	31.9853
RPUSD4	NA	743	2512	13.8028
RQCD1	NA	1895	3858	22.9216
RRAD	NA	289	1476	9.13714
RRAGA	NA	907	1650	25.652
RRAGB	NA	183	2207	3.86943
RRAGC	NA	914	2733	15.6065
RRAGD	NA	633	4926	5.99664
RRAS	NA	1377	983	65.3701
RRAS2	NA	1187	2752	20.128
RRBP1	NA	4500	3792	55.3787
RREB1	NA	521	8905	2.73025
RRH	NA	2	1556	0.0599817
RRM1	NA	2280	3191	33.3432
RRM2	NA	2056	3434	27.9397
RRM2B	NA	1621	5200	14.5472
RRN3	NA	1008	3780	12.4442
RRN3P1	NA	197	1609	5.71359
RRN3P2	NA	114	2396	2.22033
RRN3P3	NA	161	2492	3.01493
RRNAD1	NA	324	2269	6.6636
RRP1	NA	1119	1807	28.8982
RRP12	NA	1595	4426	16.817
RRP15	NA	759	7771	4.55789
RRP1B	NA	2317	5087	21.2551
RRP36	NA	1301	1159	52.3833
RRP7A	NA	2842	5455	24.3124
RRP7BP	NA	740	2316	14.9105
RRP8	NA	385	1751	10.2606
RRP9	NA	1102	1582	32.5068
RRS1	NA	1668	1706	45.6263
RRS1-AS1	NA	6	4368	0.0641014
RS1	NA	0	3026	0
RSAD1	NA	587	2630	10.4155
RSAD2	NA	0	3512	0
RSBN1	NA	278	6739	1.92508
RSBN1L	NA	293	3220	4.2463
RSC1A1	NA	193	1854	4.85787
RSF1	NA	1229	5134	11.1711
RSG1	NA	66	1560	1.97432
RSL1D1	NA	7399	5135	67.2406
RSL24D1	NA	1933	1473	61.239
RSPH1	NA	70	1429	2.28594
RSPH10B	NA	36	3106	0.540879
RSPH10B2	NA	36	3106	0.540879
RSPH14	NA	1	1252	0.037273
RSPH3	NA	117	2177	2.50799
RSPH4A	NA	32	2840	0.525812
RSPH6A	NA	2	2484	0.0375731
RSPH9	NA	27	1059	1.18978
RSPO1	NA	221	3089	3.33867
RSPO2	NA	1	3422	0.013637
RSPO3	NA	10	4583	0.101824
RSPO4	NA	13	2709	0.223941
RSPRY1	NA	775	4416	8.18976
RSRC1	NA	180	1739	4.83027
RSRC2	NA	2170	2452	41.2989
RSRP1	NA	982	1465	31.2804
RSU1	NA	1301	3753	16.177
RSU1P2	NA	0	1844	0
RTBDN	NA	48	2365	0.947128
RTCA	NA	687	2623	12.2224
RTCA-AS1	NA	8	780	0.478624
RTCB	NA	3812	2066	86.1036
RTEL1	NA	524	5197	4.70519
RTEL1-TNFRSF6B	NA	486	5772	3.92924
RTF1	NA	1781	5021	16.5528
RTFDC1	NA	1389	1745	37.1454
RTKN	NA	1225	2849	20.0651
RTKN2	NA	193	8403	1.07182
RTL1	NA	0	4193	0
RTN1	NA	21	3678	0.266444
RTN2	NA	787	2288	16.0516
RTN3	NA	2571	4976	24.1113
RTN4	NA	7909	5202	70.9496
RTN4IP1	NA	278	2636	4.92151
RTN4R	NA	1318	1919	32.0508
RTN4RL1	NA	1149	3625	14.7914
RTN4RL2	NA	103	2220	2.16512
RTP1	NA	1	2217	0.0210491
RTP2	NA	0	1346	0
RTP3	NA	0	817	0
RTP4	NA	0	1011	0
RTP5	NA	0	1798	0
RTTN	NA	442	7093	2.90798
RUFY1	NA	1005	2976	15.7591
RUFY2	NA	420	6268	3.12694
RUFY3	NA	1488	7856	8.83894
RUFY4	NA	0	3729	0
RUNDC1	NA	586	3828	7.14372
RUNDC3A	NA	57	2433	1.09328
RUNDC3A-AS1	NA	116	5081	1.06539
RUNDC3B	NA	1	4101	0.0113791
RUNX1	NA	57	7981	0.333285
RUNX1-IT1	NA	0	1491	0
RUNX1T1	NA	0	8992	0
RUNX2	NA	0	5769	0
RUNX3	NA	5	4767	0.0489467
RUSC1	NA	850	4530	8.75628
RUSC1-AS1	NA	795	1306	28.4068
RUSC2	NA	563	5857	4.48572
RUVBL1	NA	3444	1768	90.9033
RUVBL1-AS1	NA	0	588	0
RUVBL2	NA	2066	1488	64.7927
RWDD1	NA	865	1690	23.8852
RWDD2A	NA	247	1415	8.1459
RWDD2B	NA	487	1705	13.3292
RWDD3	NA	386	1385	13.0058
RWDD4	NA	590	2635	10.4489
RXFP1	NA	0	5190	0
RXFP2	NA	0	2803	0
RXFP3	NA	0	2533	0
RXFP4	NA	0	1146	0
RXRA	NA	1064	7310	6.7924
RXRB	NA	579	18110	1.49197
RXRG	NA	0	2703	0
RYBP	NA	938	4449	9.83873
RYK	NA	1978	2940	31.3962
RYR1	NA	7	15391	0.0212241
RYR2	NA	5	16365	0.0142578
RYR3	NA	38	15574	0.113863
S100A1	NA	1756	594	137.955
S100A10	NA	207	1055	9.15623
S100A11	NA	57	594	4.47803
S100A12	NA	0	466	0
S100A13	NA	5104	1402	169.887
S100A14	NA	398	1060	17.5217
S100A16	NA	4892	1068	213.754
S100A2	NA	243	962	11.7877
S100A3	NA	348	738	22.005
S100A4	NA	12378	564	1024.17
S100A5	NA	174	710	11.4364
S100A6	NA	25830	683	1764.83
S100A7	NA	0	439	0
S100A7A	NA	0	4279	0
S100A7L2	NA	0	480	0
S100A8	NA	0	523	0
S100A9	NA	3	577	0.24263
S100B	NA	1	1135	0.0411152
S100G	NA	0	453	0
S100P	NA	1	510	0.0915016
S100PBP	NA	688	4435	7.23925
S100Z	NA	43	1147	1.74946
S1PR1	NA	0	3050	0
S1PR2	NA	241	3584	3.13796
S1PR3	NA	35	4388	0.37222
S1PR4	NA	1	1595	0.0292576
S1PR5	NA	201	2510	3.73698
SAA1	NA	113	677	7.78912
SAA2	NA	79	2331	1.58155
SAA2-SAA4	NA	63	850	3.45876
SAA3P	NA	1	642	0.0726882
SAA4	NA	2	665	0.140348
SAAL1	NA	686	1531	20.9097
SAC3D1	NA	911	1567	27.1299
SACM1L	NA	556	3707	6.99924
SACS	NA	839	15860	2.46864
SACS-AS1	NA	2	2234	0.0417778
SAE1	NA	6036	2618	107.592
SAFB	NA	3540	3112	53.0838
SAFB2	NA	2939	3318	41.3354
SAG	NA	14	1749	0.37354
SAGE1	NA	0	3046	0
SALL1	NA	0	5360	0
SALL2	NA	1293	5274	11.4408
SALL3	NA	0	5550	0
SALL4	NA	1532	3484	20.5201
SALRNA1	NA	0	1201	0
SALRNA2	NA	0	2066	0
SALRNA3	NA	0	1021	0
SAMD1	NA	1154	1299	41.4568
SAMD10	NA	14	2181	0.299551
SAMD11	NA	6124	2554	111.896
SAMD12	NA	0	10491	0
SAMD12-AS1	NA	0	701	0
SAMD13	NA	2	1803	0.0517646
SAMD14	NA	142	3300	2.00804
SAMD15	NA	46	2025	1.06006
SAMD3	NA	0	2620	0
SAMD4A	NA	1093	7051	7.23383
SAMD4B	NA	1700	4499	17.6332
SAMD5	NA	14	6324	0.103308
SAMD7	NA	0	2505	0
SAMD8	NA	921	7009	6.132
SAMD9	NA	0	6855	0
SAMD9L	NA	0	7155	0
SAMHD1	NA	555	3189	8.12152
SAMM50	NA	1017	1756	27.0268
SAMSN1	NA	0	2465	0
SAMSN1-AS1	NA	0	840	0
SAP130	NA	1882	4173	21.046
SAP18	NA	2631	2301	53.3584
SAP25	NA	81	835	4.52686
SAP30	NA	540	1109	22.7228
SAP30BP	NA	1314	2827	21.6904
SAP30L	NA	491	6269	3.65495
SAP30L-AS1	NA	22	3450	0.297579
SAPCD1	NA	651	5473	5.55078
SAPCD1-AS1	NA	587	3810	7.18972
SAPCD2	NA	984	3833	11.9799
SAR1A	NA	2725	3071	41.4081
SAR1B	NA	708	6651	4.96758
SARAF	NA	2376	2155	51.4515
SARDH	NA	75	3481	1.00544
SARM1	NA	1696	7293	10.8522
SARNP	NA	2458	1308	87.6946
SARS	NA	2835	4884	27.0879
SARS2	NA	982	2136	21.454
SART1	NA	1236	3601	16.0175
SART3	NA	2142	4370	22.8737
SASH1	NA	207	7709	1.25306
SASH3	NA	0	2693	0
SASS6	NA	168	4038	1.94152
SAT1	NA	6286	1187	247.128
SAT2	NA	1207	963	58.4897
SATB1	NA	5	5861	0.0398104
SATB1-AS1	NA	0	843	0
SATB2	NA	7	6337	0.0515481
SATB2-AS1	NA	0	3316	0
SATL1	NA	50	2152	1.08424
SAV1	NA	978	3141	14.5301
SAXO1	NA	0	2313	0
SAXO2	NA	6	3130	0.0894552
SAYSD1	NA	321	6425	2.33147
SBDS	NA	3113	1605	90.5113
SBDSP1	NA	856	1796	22.2416
SBF1	NA	2849	8053	16.5095
SBF1P1	NA	18	6125	0.13714
SBF2	NA	570	7439	3.57568
SBF2-AS1	NA	1246	2708	21.4718
SBK1	NA	576	4992	5.38452
SBK2	NA	104	1062	4.56991
SBK3	NA	5	1269	0.183868
SBNO1	NA	1396	10981	5.93256
SBNO2	NA	1305	5110	11.9176
SBSN	NA	15	1986	0.352461
SBSPON	NA	142	3798	1.74475
SC5D	NA	1151	7157	7.50487
SCAF1	NA	3662	4313	39.6221
SCAF11	NA	2442	7596	15.0024
SCAF4	NA	1542	4269	16.8561
SCAF8	NA	1403	5251	12.4685
SCAI	NA	257	12210	0.982237
SCAMP1	NA	354	6256	2.64062
SCAMP1-AS1	NA	214	1550	6.44289
SCAMP2	NA	1085	1291	39.2195
SCAMP3	NA	972	1572	28.8544
SCAMP4	NA	1743	2526	32.2005
SCAMP5	NA	575	3540	7.5799
SCAND1	NA	1304	1510	40.2995
SCAND2P	NA	277	4509	2.86681
SCAP	NA	2250	4255	24.6764
SCAPER	NA	193	5035	1.78878
SCARA3	NA	947	3832	11.5325
SCARA5	NA	3	4151	0.0337262
SCARB1	NA	4989	2742	84.9072
SCARB2	NA	2365	4767	23.1518
SCARF1	NA	42	3522	0.556492
SCARF2	NA	1913	3508	25.448
SCARNA1	NA	1	166	0.281119
SCARNA10	NA	1	330	0.141412
SCARNA11	NA	0	137	0
SCARNA12	NA	46	270	7.95047
SCARNA13	NA	8	275	1.35755
SCARNA14	NA	0	137	0
SCARNA15	NA	0	127	0
SCARNA16	NA	10	187	2.4955
SCARNA17	NA	42	421	4.6555
SCARNA18	NA	0	134	0
SCARNA2	NA	6	420	0.666654
SCARNA20	NA	0	130	0
SCARNA21	NA	1	138	0.338158
SCARNA22	NA	0	125	0
SCARNA23	NA	0	130	0
SCARNA27	NA	0	126	0
SCARNA3	NA	1	144	0.324068
SCARNA4	NA	0	129	0
SCARNA5	NA	0	278	0
SCARNA6	NA	2	266	0.350871
SCARNA7	NA	5	330	0.707058
SCARNA8	NA	1	131	0.356227
SCARNA9	NA	28	353	3.70154
SCARNA9L	NA	4	348	0.536388
SCART1	NA	23	4900	0.219044
SCCPDH	NA	1092	2475	20.5895
SCD	NA	20565	5468	175.509
SCD5	NA	1243	4294	13.5085
SCEL	NA	0	3226	0
SCEL-AS1	NA	0	569	0
SCFD1	NA	288	2295	5.8561
SCFD2	NA	324	3174	4.76362
SCG2	NA	678	2572	12.3015
SCG3	NA	0	3310	0
SCG5	NA	13	1244	0.487665
SCGB1A1	NA	7	452	0.7227
SCGB1B2P	NA	16	602	1.24029
SCGB1C1	NA	0	431	0
SCGB1C2	NA	0	358	0
SCGB1D1	NA	1	429	0.108778
SCGB1D2	NA	0	438	0
SCGB1D4	NA	0	434	0
SCGB2A1	NA	0	521	0
SCGB2A2	NA	0	506	0
SCGB2B2	NA	2	427	0.218575
SCGB2B3P	NA	0	180	0
SCGB3A1	NA	0	466	0
SCGB3A2	NA	0	518	0
SCGN	NA	2	1479	0.0631045
SCHIP1	NA	770	2984	12.0418
SCHLAP1	NA	0	1675	0
SCIMP	NA	3	2423	0.0577785
SCIN	NA	1	3297	0.014154
SCLT1	NA	295	5607	2.45522
SCLY	NA	489	2527	9.0303
SCMH1	NA	1214	3801	14.9046
SCML1	NA	15	2937	0.238334
SCML2	NA	163	4198	1.81194
SCML4	NA	0	4962	0
SCN10A	NA	0	5874	0
SCN11A	NA	14	6523	0.100157
SCN1A	NA	0	8342	0
SCN1B	NA	64	1979	1.50915
SCN2A	NA	13	9191	0.0660054
SCN2B	NA	0	4922	0
SCN3A	NA	0	9217	0
SCN3B	NA	8	6066	0.0615441
SCN4A	NA	3	7805	0.0179369
SCN4B	NA	6	4819	0.0581023
SCN5A	NA	81	8597	0.43968
SCN7A	NA	0	7280	0
SCN8A	NA	326	11556	1.31646
SCN9A	NA	0	9760	0
SCNM1	NA	542	2085	12.1309
SCNN1A	NA	916	3822	11.1842
SCNN1B	NA	0	2597	0
SCNN1D	NA	122	3054	1.86419
SCNN1G	NA	7	3499	0.0933583
SCO1	NA	1549	1754	41.2117
SCO2	NA	528	1360	18.1173
SCOC	NA	488	2350	9.6906
SCOC-AS1	NA	15	2017	0.347044
SCP2	NA	1019	3700	12.852
SCP2D1	NA	0	666	0
SCPEP1	NA	322	1945	7.72565
SCRG1	NA	98	903	5.06451
SCRIB	NA	3406	5218	30.4607
SCRN1	NA	4322	5552	36.3274
SCRN2	NA	701	1834	17.8368
SCRN3	NA	150	3053	2.29278
SCRT1	NA	3	3778	0.037056
SCRT2	NA	0	3577	0
SCT	NA	0	514	0
SCTR	NA	3	1823	0.0767951
SCUBE1	NA	508	3868	6.12881
SCUBE2	NA	13	4707	0.128884
SCUBE3	NA	379	7713	2.29306
SCX	NA	275	2006	6.39736
SCYL1	NA	1559	2649	27.4639
SCYL2	NA	487	3804	5.9743
SCYL3	NA	472	3090	7.12824
SDAD1	NA	1452	3104	21.8295
SDC1	NA	2840	3373	39.2917
SDC2	NA	270	3485	3.61543
SDC3	NA	3488	5121	31.7849
SDC4	NA	2697	2612	48.1844
SDC4P	NA	0	467	0
SDCBP	NA	4077	2167	87.7972
SDCBP2	NA	46	1794	1.19656
SDCBP2-AS1	NA	73	2694	1.26451
SDCCAG3	NA	1640	2379	32.1698
SDCCAG8	NA	295	2617	5.26038
SDE2	NA	314	4009	3.65504
SDF2	NA	1059	1582	31.2384
SDF2L1	NA	418	874	22.3184
SDF4	NA	4088	2138	89.2282
SDHA	NA	2372	2790	39.6743
SDHAF1	NA	473	1131	19.5163
SDHAF2	NA	899	1219	34.4155
SDHAF3	NA	211	2057	4.78682
SDHAF4	NA	83	525	7.37764
SDHAP1	NA	747	2491	13.9941
SDHAP2	NA	485	2303	9.82758
SDHAP3	NA	538	1152	21.7936
SDHB	NA	1631	1145	66.4733
SDHC	NA	2861	2879	46.374
SDHD	NA	960	1579	28.3719
SDK1	NA	3	10619	0.0131837
SDK2	NA	173	10722	0.752955
SDPR	NA	3	3250	0.0430761
SDR16C5	NA	7	3037	0.10756
SDR16C6P	NA	0	525	0
SDR39U1	NA	1223	1401	40.7368
SDR42E1	NA	1	2775	0.0168165
SDR9C7	NA	5	1765	0.132198
SDS	NA	2	1604	0.0581868
SDSL	NA	408	1418	13.4271
SEBOX	NA	0	573	0
SEC11A	NA	3755	1643	106.653
SEC11C	NA	430	823	24.3819
SEC13	NA	3314	2174	71.1364
SEC14L1	NA	3645	6245	27.2373
SEC14L1P1	NA	42	2572	0.762039
SEC14L2	NA	497	4855	4.77712
SEC14L3	NA	0	2372	0
SEC14L4	NA	0	2517	0
SEC14L5	NA	27	6456	0.195164
SEC14L6	NA	0	1261	0
SEC16A	NA	3137	9358	15.6434
SEC16B	NA	8	4024	0.0927749
SEC1P	NA	212	2649	3.73467
SEC22A	NA	354	3416	4.83598
SEC22B	NA	924	1883	22.8992
SEC22C	NA	968	6524	6.92405
SEC23A	NA	1845	3841	22.4156
SEC23B	NA	1376	3747	17.1369
SEC23IP	NA	1218	7306	7.77976
SEC24A	NA	317	7059	2.09563
SEC24B	NA	531	4782	5.18184
SEC24B-AS1	NA	12	957	0.585151
SEC24C	NA	1944	4545	19.96
SEC24D	NA	521	4063	5.98397
SEC31A	NA	5163	4273	56.3856
SEC31B	NA	450	4612	4.55325
SEC61A1	NA	9260	3636	118.846
SEC61A2	NA	700	3503	9.32517
SEC61B	NA	2117	562	175.786
SEC61G	NA	1709	466	171.141
SEC62	NA	1846	6541	13.17
SEC63	NA	1898	6500	13.6264
SECISBP2	NA	485	3725	6.07595
SECISBP2L	NA	464	7176	3.01741
SECTM1	NA	33	2282	0.674834
SEH1L	NA	1001	3506	13.3236
SEL1L	NA	754	8576	4.10285
SEL1L2	NA	0	2671	0
SEL1L3	NA	3456	4754	33.9245
SELE	NA	0	3875	0
SELENBP1	NA	7	1962	0.166494
SELK	NA	675	818	38.5078
SELL	NA	3	2495	0.0561112
SELM	NA	1052	691	71.0455
SELO	NA	622	2315	12.5383
SELP	NA	1	3171	0.0147164
SELPLG	NA	25	2784	0.419054
SELT	NA	837	3490	11.1918
SELV	NA	141	1704	3.86143
SEMA3A	NA	0	5659	0
SEMA3B	NA	2467	3366	34.2022
SEMA3B-AS1	NA	13	338	1.79484
SEMA3C	NA	57	5174	0.514099
SEMA3D	NA	2	6258	0.014914
SEMA3E	NA	1	6729	0.00693503
SEMA3F	NA	2270	3516	30.1284
SEMA3G	NA	5	4700	0.0496445
SEMA4A	NA	50	3453	0.675728
SEMA4B	NA	573	3942	6.78323
SEMA4C	NA	854	3552	11.2198
SEMA4D	NA	404	6793	2.77535
SEMA4F	NA	753	6107	5.75395
SEMA4G	NA	349	4401	3.70061
SEMA5A	NA	6	11808	0.0237123
SEMA5B	NA	29	5707	0.237131
SEMA6A	NA	541	6982	3.6159
SEMA6A-AS1	NA	24	967	1.1582
SEMA6B	NA	4465	3942	52.8571
SEMA6C	NA	140	4022	1.62437
SEMA6D	NA	1	6959	0.00670582
SEMA7A	NA	349	3447	4.72479
SEMG1	NA	0	1663	0
SEMG2	NA	0	1982	0
SENCR	NA	0	1298	0
SENP1	NA	596	5419	5.13246
SENP2	NA	964	3194	14.0845
SENP3	NA	1362	2494	25.4847
SENP3-EIF4A1	NA	16491	4304	178.802
SENP5	NA	1136	6307	8.40532
SENP6	NA	1759	7986	10.2786
SENP7	NA	155	5173	1.39826
SENP8	NA	54	2295	1.09802
SEP15	NA	2430	1840	61.6293
SEPHS1	NA	1812	3260	25.9382
SEPHS2	NA	1469	2351	29.1587
SEPN1	NA	3982	4332	42.8955
SEPP1	NA	50	2203	1.05914
SEPSECS	NA	322	5645	2.66189
SEPSECS-AS1	NA	25	1120	1.04165
SEPT1	NA	52	1592	1.52426
SEPT10	NA	380	3256	5.44625
SEPT11	NA	4717	5803	37.9325
SEPT12	NA	4	1524	0.122482
SEPT14	NA	1	3785	0.0123291
SEPT2	NA	11005	4196	122.392
SEPT3	NA	101	4656	1.0123
SEPT4	NA	25	3148	0.370599
SEPT4-AS1	NA	4	653	0.285855
SEPT5	NA	240	2457	4.55832
SEPT5-GP1BB	NA	307	4671	3.06709
SEPT6	NA	1403	5714	11.4582
SEPT7	NA	2893	4348	31.0497
SEPT7-AS1	NA	1	806	0.057898
SEPT7P2	NA	248	2237	5.1735
SEPT7P9	NA	21	671	1.46048
SEPT8	NA	1960	5904	15.492
SEPT9	NA	6195	7303	39.5857
SEPW1	NA	2961	880	157.02
SERAC1	NA	401	4287	4.36505
SERBP1	NA	12970	6764	89.4819
SERF1A	NA	1415	4594	14.3736
SERF1B	NA	1415	4566	14.4617
SERF2	NA	10663	3925	126.776
SERF2-C15ORF63	NA	1564	1776	41.0953
SERGEF	NA	399	1650	11.2846
SERHL	NA	258	1357	8.87235
SERHL2	NA	180	2145	3.91601
SERINC1	NA	2266	3128	33.8059
SERINC2	NA	1181	3549	15.529
SERINC3	NA	599	2725	10.2579
SERINC4	NA	234	2535	4.30761
SERINC5	NA	576	7345	3.65956
SERP1	NA	2097	3172	30.8506
SERP2	NA	0	784	0
SERPINA1	NA	1	3687	0.0126568
SERPINA10	NA	1	2536	0.0184013
SERPINA11	NA	0	1471	0
SERPINA12	NA	1	2276	0.0205034
SERPINA13P	NA	0	1718	0
SERPINA2	NA	0	1060	0
SERPINA3	NA	3	1590	0.0880487
SERPINA4	NA	0	2009	0
SERPINA5	NA	1	2337	0.0199682
SERPINA6	NA	0	1492	0
SERPINA7	NA	0	1596	0
SERPINA9	NA	0	1939	0
SERPINB1	NA	0	2794	0
SERPINB10	NA	0	1194	0
SERPINB11	NA	0	1918	0
SERPINB12	NA	0	3594	0
SERPINB13	NA	0	3207	0
SERPINB2	NA	0	2166	0
SERPINB3	NA	0	1777	0
SERPINB4	NA	0	1770	0
SERPINB5	NA	0	2633	0
SERPINB6	NA	2494	3032	38.3854
SERPINB7	NA	3	2367	0.0591455
SERPINB8	NA	25	3786	0.308147
SERPINB9	NA	1285	4150	14.4495
SERPINB9P1	NA	1	1252	0.037273
SERPINC1	NA	6	1599	0.175106
SERPIND1	NA	0	2221	0
SERPINE1	NA	7430	3190	108.692
SERPINE2	NA	455	3049	6.9639
SERPINE3	NA	8	1441	0.259075
SERPINF1	NA	5317	1533	161.854
SERPINF2	NA	60	2345	1.19401
SERPING1	NA	3328	1983	78.3176
SERPINH1	NA	11926	2320	239.886
SERPINI1	NA	15	1989	0.351929
SERPINI2	NA	0	1769	0
SERTAD1	NA	772	1204	29.9219
SERTAD2	NA	1941	5548	16.3263
SERTAD3	NA	1116	1679	31.0179
SERTAD4	NA	140	2008	3.25359
SERTAD4-AS1	NA	226	800	13.1831
SERTM1	NA	0	3206	0
SESN1	NA	1063	3631	13.6617
SESN2	NA	2623	3528	34.6951
SESN3	NA	141	9828	0.669503
SESTD1	NA	58	10448	0.259056
SET	NA	13365	3452	180.675
SETBP1	NA	0	10972	0
SETD1A	NA	989	6449	7.15653
SETD1B	NA	671	8195	3.82096
SETD2	NA	2291	8433	12.6777
SETD3	NA	1512	3300	21.3814
SETD4	NA	492	3713	6.18356
SETD5	NA	2030	7110	13.3237
SETD6	NA	1006	2979	15.7589
SETD7	NA	977	8632	5.2818
SETD8	NA	821	2751	13.9268
SETD9	NA	110	1922	2.67078
SETDB1	NA	738	4659	7.39201
SETDB2	NA	894	6221	6.70619
SETMAR	NA	382	3038	5.86779
SETSIP	NA	1030	1037	46.3508
SETX	NA	1717	11016	7.27353
SEZ6	NA	0	4297	0
SEZ6L	NA	0	6573	0
SEZ6L2	NA	2586	3557	33.9268
SF1	NA	6584	4227	72.6869
SF3A1	NA	3719	5143	33.7449
SF3A2	NA	1974	1650	55.8293
SF3A3	NA	3926	2836	64.6015
SF3B1	NA	8729	5969	68.2436
SF3B2	NA	6158	2894	99.2979
SF3B3	NA	4824	9720	23.1601
SF3B4	NA	3712	1993	86.9159
SF3B5	NA	2321	737	146.962
SF3B6	NA	4938	771	298.879
SFI1	NA	330	4391	3.50711
SFMBT1	NA	191	4558	1.9555
SFMBT2	NA	32	8064	0.185182
SFN	NA	1877	1315	66.6097
SFPQ	NA	11261	3073	171.007
SFR1	NA	128	1529	3.90662
SFRP1	NA	263	4467	2.74751
SFRP2	NA	0	1990	0
SFRP4	NA	0	2973	0
SFRP5	NA	29	1883	0.718698
SFSWAP	NA	962	3405	13.1843
SFT2D1	NA	647	1117	27.0302
SFT2D2	NA	53	856	2.88935
SFT2D3	NA	566	2811	9.39624
SFTA1P	NA	13	693	0.875405
SFTA2	NA	4	2724	0.0685254
SFTA3	NA	0	1486	0
SFTPA1	NA	0	2278	0
SFTPA2	NA	0	2201	0
SFTPB	NA	2	3667	0.0254518
SFTPC	NA	0	1189	0
SFTPD	NA	10	1283	0.363724
SFXN1	NA	1229	2991	19.1749
SFXN2	NA	408	2562	7.43156
SFXN3	NA	2062	3090	31.1407
SFXN4	NA	344	1509	10.6382
SFXN5	NA	1067	4140	12.0272
SGCA	NA	285	1433	9.28106
SGCB	NA	739	4279	8.05937
SGCD	NA	0	10144	0
SGCE	NA	552	1810	14.2318
SGCG	NA	1	1655	0.0281969
SGCZ	NA	0	2178	0
SGIP1	NA	0	11104	0
SGK1	NA	48	3965	0.564933
SGK2	NA	15	2457	0.284895
SGK223	NA	1062	4714	10.5132
SGK3	NA	330	4608	3.34195
SGK494	NA	82	3779	1.01259
SGMS1	NA	267	3753	3.31995
SGMS1-AS1	NA	16	2585	0.288841
SGMS2	NA	19	6543	0.135511
SGOL1	NA	300	3735	3.74826
SGOL1-AS1	NA	48	819	2.73499
SGOL2	NA	591	4676	5.89809
SGPL1	NA	1131	5769	9.14873
SGPP1	NA	222	3365	3.07869
SGPP2	NA	27	1200	1.04998
SGSH	NA	1106	2768	18.6461
SGSM1	NA	3	6124	0.0228605
SGSM2	NA	1644	4867	15.763
SGSM3	NA	934	3018	14.442
SGTA	NA	3155	2315	63.5985
SGTB	NA	488	5453	4.17622
SH2B1	NA	1275	5571	10.6801
SH2B2	NA	169	1946	4.05268
SH2B3	NA	526	5572	4.40528
SH2D1A	NA	1	2517	0.0185402
SH2D1B	NA	1	2535	0.0184086
SH2D2A	NA	195	1845	4.93216
SH2D3A	NA	385	2356	7.62578
SH2D3C	NA	485	4255	5.31913
SH2D4A	NA	0	3503	0
SH2D4B	NA	0	4101	0
SH2D5	NA	1284	3834	15.6283
SH2D6	NA	12	894	0.626387
SH2D7	NA	3	1892	0.0739944
SH3BGR	NA	55	1286	1.99582
SH3BGRL	NA	655	2062	14.8235
SH3BGRL2	NA	558	4646	5.60472
SH3BGRL3	NA	4877	1115	204.116
SH3BP1	NA	505	2576	9.14838
SH3BP2	NA	257	9790	1.22504
SH3BP4	NA	2371	5183	21.3476
SH3BP5	NA	2481	3559	32.531
SH3BP5-AS1	NA	2215	5575	18.5408
SH3BP5L	NA	1184	3182	17.364
SH3D19	NA	1547	5553	13.0005
SH3D21	NA	77	2579	1.39328
SH3GL1	NA	2851	2540	52.3796
SH3GL1P1	NA	47	2497	0.878371
SH3GL1P2	NA	21	2490	0.393567
SH3GL2	NA	29	2733	0.495173
SH3GL3	NA	30	2514	0.556871
SH3GLB1	NA	905	6488	6.50933
SH3GLB2	NA	1430	2305	28.951
SH3KBP1	NA	1256	5072	11.556
SH3PXD2A	NA	2442	11247	10.1323
SH3PXD2A-AS1	NA	1	2023	0.0230676
SH3PXD2B	NA	888	7975	5.19614
SH3RF1	NA	17	5265	0.150678
SH3RF2	NA	205	3043	3.14377
SH3RF3	NA	4	5614	0.0332496
SH3RF3-AS1	NA	0	2792	0
SH3TC1	NA	37	4260	0.405313
SH3TC2	NA	20	26580	0.0351135
SH3YL1	NA	181	7230	1.16826
SHANK1	NA	39	6643	0.273968
SHANK2	NA	1	10646	0.00438341
SHANK2-AS1	NA	0	2252	0
SHANK2-AS3	NA	0	1683	0
SHANK3	NA	678	7054	4.48531
SHARPIN	NA	1226	1816	31.5046
SHB	NA	1279	6021	9.9129
SHBG	NA	46	1550	1.38492
SHC1	NA	7869	3717	98.7929
SHC2	NA	1460	2494	27.3184
SHC3	NA	1	9768	0.00477742
SHC4	NA	7	4556	0.071699
SHCBP1	NA	600	3232	8.66321
SHCBP1L	NA	0	2365	0
SHD	NA	3	2576	0.0543468
SHE	NA	0	6183	0
SHF	NA	241	3115	3.61042
SHFM1	NA	6479	498	607.124
SHH	NA	0	1576	0
SHISA2	NA	1	2889	0.0161529
SHISA3	NA	0	1971	0
SHISA4	NA	51	1661	1.43285
SHISA5	NA	4781	3486	64.0015
SHISA6	NA	0	7415	0
SHISA7	NA	15	6035	0.115988
SHISA8	NA	16	1405	0.531425
SHISA9	NA	399	9899	1.88096
SHKBP1	NA	1425	2365	28.1179
SHMT1	NA	1398	2553	25.5538
SHMT2	NA	1467	2862	23.9199
SHOC2	NA	508	3947	6.00614
SHOX	NA	1	8768	0.00532229
SHOX2	NA	63	3223	0.912177
SHPK	NA	587	3838	7.13727
SHPRH	NA	346	7360	2.1938
SHQ1	NA	484	2848	7.93056
SHROOM1	NA	327	4113	3.71012
SHROOM2	NA	120	7445	0.752169
SHROOM3	NA	3418	11019	14.4753
SHROOM4	NA	13	9560	0.0634577
SHTN1	NA	695	5936	5.46373
SI	NA	0	6011	0
SIAE	NA	711	3278	10.1218
SIAH1	NA	774	2498	14.4593
SIAH2	NA	724	2620	12.8954
SIAH3	NA	0	3994	0
SIDT1	NA	2	5017	0.0186031
SIDT2	NA	718	3919	8.54964
SIGIRR	NA	278	1847	7.02387
SIGLEC1	NA	2	6720	0.0138886
SIGLEC10	NA	31	3394	0.426234
SIGLEC11	NA	5	3165	0.0737216
SIGLEC12	NA	1	2351	0.0198493
SIGLEC14	NA	12	2113	0.265021
SIGLEC15	NA	0	1505	0
SIGLEC16	NA	8	1609	0.232024
SIGLEC17P	NA	2	1564	0.0596749
SIGLEC5	NA	13	2523	0.24045
SIGLEC6	NA	0	2155	0
SIGLEC7	NA	0	1754	0
SIGLEC8	NA	0	2949	0
SIGLEC9	NA	1	2020	0.0231019
SIGLECL1	NA	0	2183	0
SIGMAR1	NA	2693	1734	72.4746
SIK1	NA	934	4703	9.26767
SIK2	NA	1908	5742	15.5065
SIK3	NA	1128	6475	8.12958
SIKE1	NA	754	5553	6.3364
SIL1	NA	1133	1988	26.5957
SIM1	NA	0	3995	0
SIM2	NA	173	5225	1.54511
SIMC1	NA	458	3920	5.45228
SIN3A	NA	1546	6991	10.3197
SIN3B	NA	1627	5555	13.6679
SIPA1	NA	300	3706	3.77759
SIPA1L1	NA	1651	8492	9.07268
SIPA1L2	NA	5	6488	0.0359632
SIPA1L3	NA	577	7994	3.3683
SIRPA	NA	452	4478	4.71035
SIRPB1	NA	40	4479	0.416752
SIRPB2	NA	2	2833	0.0329444
SIRPD	NA	0	812	0
SIRPG	NA	0	1716	0
SIRPG-AS1	NA	0	2796	0
SIRT1	NA	568	4313	6.14565
SIRT2	NA	1027	2399	19.9774
SIRT3	NA	782	2902	12.575
SIRT4	NA	70	1210	2.69967
SIRT5	NA	326	5897	2.57979
SIRT6	NA	641	1636	18.2841
SIRT7	NA	612	1731	16.4988
SIT1	NA	0	1236	0
SIVA1	NA	979	771	59.2553
SIX1	NA	45	2687	0.781526
SIX2	NA	0	2154	0
SIX3	NA	0	2523	0
SIX3-AS1	NA	0	1169	0
SIX4	NA	602	6275	4.47694
SIX5	NA	814	3331	11.4038
SIX6	NA	0	1475	0
SKA1	NA	369	2918	5.90119
SKA2	NA	1408	3147	20.8788
SKA3	NA	553	2919	8.84076
SKAP1	NA	9	1576	0.266493
SKAP2	NA	115	4271	1.25651
SKI	NA	1821	5707	14.8902
SKIDA1	NA	675	6596	4.77553
SKIL	NA	547	7275	3.50875
SKINTL	NA	0	1511	0
SKIV2L	NA	20348	24407	38.9051
SKIV2L2	NA	1285	4204	14.2639
SKOR1	NA	30	2607	0.537006
SKOR2	NA	0	3090	0
SKP1	NA	5415	2699	93.6255
SKP1P2	NA	406	1882	10.0671
SKP2	NA	805	3504	10.7209
SLA	NA	1	3617	0.0129018
SLA2	NA	27	2554	0.493335
SLAIN1	NA	9	3547	0.118408
SLAIN2	NA	564	6011	4.37856
SLAMF1	NA	0	2303	0
SLAMF6	NA	0	2746	0
SLAMF7	NA	8	2933	0.127285
SLAMF8	NA	0	3300	0
SLAMF9	NA	1	1156	0.0403683
SLBP	NA	1945	2232	40.6653
SLC10A1	NA	0	1631	0
SLC10A2	NA	0	3779	0
SLC10A3	NA	763	2161	16.4766
SLC10A4	NA	9	2118	0.198297
SLC10A5	NA	3	1317	0.1063
SLC10A6	NA	0	1502	0
SLC10A7	NA	85	5013	0.791261
SLC11A1	NA	10	3852	0.121147
SLC11A2	NA	625	6805	4.28598
SLC12A1	NA	0	4805	0
SLC12A2	NA	456	6926	3.07242
SLC12A3	NA	3	5567	0.0251477
SLC12A4	NA	2341	5026	21.7359
SLC12A5	NA	59	6256	0.440103
SLC12A6	NA	758	8295	4.26434
SLC12A7	NA	1017	5304	8.9478
SLC12A8	NA	35	3515	0.464667
SLC12A9	NA	926	3567	12.1145
SLC13A1	NA	0	3797	0
SLC13A2	NA	0	2645	0
SLC13A3	NA	24	4235	0.264458
SLC13A4	NA	208	2894	3.354
SLC13A5	NA	2	3289	0.0283769
SLC14A1	NA	0	4441	0
SLC14A2	NA	1	4455	0.0104749
SLC14A2-AS1	NA	0	3247	0
SLC15A1	NA	1	3127	0.0149235
SLC15A2	NA	11	5523	0.0929429
SLC15A3	NA	81	2116	1.78636
SLC15A4	NA	523	2789	8.75088
SLC15A5	NA	0	2923	0
SLC16A1	NA	5803	4668	58.0123
SLC16A1-AS1	NA	26	1504	0.806723
SLC16A10	NA	47	2891	0.758662
SLC16A11	NA	17	1803	0.439999
SLC16A12	NA	54	4622	0.545208
SLC16A12-AS1	NA	0	562	0
SLC16A13	NA	239	1748	6.38051
SLC16A14	NA	330	4398	3.50153
SLC16A2	NA	1619	4141	18.2449
SLC16A3	NA	2967	2482	55.7846
SLC16A4	NA	28	2649	0.493259
SLC16A5	NA	428	2121	9.41677
SLC16A6	NA	26	3955	0.306779
SLC16A7	NA	0	12407	0
SLC16A8	NA	35	1896	0.861447
SLC16A9	NA	371	3987	4.34237
SLC17A1	NA	0	1843	0
SLC17A2	NA	0	2566	0
SLC17A3	NA	0	1808	0
SLC17A4	NA	0	3700	0
SLC17A5	NA	316	3314	4.44973
SLC17A6	NA	0	3922	0
SLC17A7	NA	291	2976	4.56309
SLC17A8	NA	0	3983	0
SLC17A9	NA	13	2654	0.228582
SLC18A1	NA	1	2957	0.0157815
SLC18A2	NA	163	3872	1.9645
SLC18A3	NA	63	2420	1.21485
SLC18B1	NA	273	2425	5.25351
SLC19A1	NA	834	2963	13.1351
SLC19A2	NA	242	3636	3.10592
SLC19A3	NA	2	3767	0.0247761
SLC1A1	NA	667	3739	8.32471
SLC1A2	NA	1	12437	0.00375217
SLC1A3	NA	7	4863	0.0671726
SLC1A4	NA	584	4778	5.70381
SLC1A5	NA	2786	3206	40.5524
SLC1A6	NA	36	4108	0.408951
SLC1A7	NA	5	3599	0.0648316
SLC20A1	NA	4127	3377	57.0298
SLC20A2	NA	864	4448	9.06458
SLC22A1	NA	12	1906	0.293804
SLC22A10	NA	0	2574	0
SLC22A11	NA	0	3885	0
SLC22A12	NA	0	3211	0
SLC22A13	NA	1	2560	0.0182288
SLC22A14	NA	4	1977	0.0944174
SLC22A15	NA	6	4720	0.0593209
SLC22A16	NA	6	1985	0.141055
SLC22A17	NA	517	2458	9.81539
SLC22A18	NA	193	1625	5.54246
SLC22A18AS	NA	41	2299	0.83223
SLC22A2	NA	0	2512	0
SLC22A20	NA	10	2892	0.161362
SLC22A23	NA	359	7146	2.34439
SLC22A24	NA	0	2490	0
SLC22A25	NA	0	1644	0
SLC22A3	NA	0	3241	0
SLC22A31	NA	40	1860	1.00357
SLC22A4	NA	31	2192	0.659963
SLC22A5	NA	191	3352	2.65906
SLC22A6	NA	4	2222	0.0840068
SLC22A7	NA	0	2559	0
SLC22A8	NA	4	2184	0.0854685
SLC22A9	NA	3	2308	0.0606575
SLC23A1	NA	6	2361	0.118592
SLC23A2	NA	832	7056	5.50254
SLC23A3	NA	8	2418	0.154395
SLC24A1	NA	224	6654	1.57096
SLC24A2	NA	1	10840	0.00430496
SLC24A3	NA	0	3889	0
SLC24A4	NA	6	9873	0.0283596
SLC24A5	NA	99	1617	2.85709
SLC25A1	NA	3230	1946	77.4566
SLC25A10	NA	652	2021	15.055
SLC25A11	NA	1427	1812	36.7506
SLC25A12	NA	400	3998	4.66891
SLC25A13	NA	3423	3193	50.0273
SLC25A14	NA	138	1743	3.69471
SLC25A15	NA	845	4021	9.80666
SLC25A16	NA	225	2246	4.67489
SLC25A17	NA	1328	2644	23.4388
SLC25A18	NA	94	2140	2.04981
SLC25A19	NA	238	1732	6.41251
SLC25A2	NA	1	1435	0.0325197
SLC25A20	NA	242	1892	5.96888
SLC25A21	NA	99	3947	1.17049
SLC25A21-AS1	NA	49	1768	1.29334
SLC25A22	NA	1522	3233	21.9689
SLC25A23	NA	2570	3460	34.6622
SLC25A24	NA	466	3899	5.57739
SLC25A25	NA	530	4395	5.6275
SLC25A25-AS1	NA	116	3842	1.40896
SLC25A26	NA	301	2758	5.09297
SLC25A27	NA	1	2986	0.0156282
SLC25A28	NA	477	1555	14.3148
SLC25A29	NA	2095	2767	35.3324
SLC25A3	NA	8788	2037	201.325
SLC25A30	NA	331	3948	3.91246
SLC25A30-AS1	NA	2	701	0.133141
SLC25A31	NA	0	1812	0
SLC25A32	NA	377	3228	5.45013
SLC25A33	NA	340	1461	10.8599
SLC25A34	NA	69	3073	1.04782
SLC25A35	NA	973	2785	16.3037
SLC25A36	NA	677	4661	6.7781
SLC25A37	NA	345	1865	8.63255
SLC25A38	NA	1052	2124	23.1132
SLC25A39	NA	10029	1610	290.69
SLC25A3P1	NA	0	925	0
SLC25A4	NA	1069	4420	11.2864
SLC25A40	NA	125	3142	1.85653
SLC25A41	NA	9	1551	0.270788
SLC25A42	NA	227	3269	3.24048
SLC25A43	NA	314	2544	5.75985
SLC25A44	NA	749	3824	9.14035
SLC25A45	NA	10	3611	0.129232
SLC25A46	NA	540	4874	5.1702
SLC25A47	NA	3	1733	0.0807833
SLC25A48	NA	9	1199	0.350285
SLC25A5	NA	5398	1351	186.456
SLC25A5-AS1	NA	526	3088	7.9489
SLC25A51	NA	309	4719	3.05568
SLC25A51P1	NA	8	1605	0.232602
SLC25A52	NA	32	1185	1.26017
SLC25A53	NA	7	6224	0.052484
SLC25A6	NA	14365	2968	225.861
SLC26A1	NA	111	4096	1.26462
SLC26A10	NA	78	2409	1.51097
SLC26A11	NA	472	3053	7.21463
SLC26A2	NA	697	8075	4.028
SLC26A3	NA	0	2894	0
SLC26A4	NA	4	4928	0.0378781
SLC26A4-AS1	NA	4	3888	0.0480101
SLC26A5	NA	1	2885	0.0161753
SLC26A6	NA	1398	2938	22.2052
SLC26A7	NA	1	5933	0.00786546
SLC26A8	NA	3	3608	0.0388019
SLC26A9	NA	5	4798	0.0486305
SLC27A1	NA	314	3594	4.07709
SLC27A2	NA	61	2391	1.19055
SLC27A3	NA	108	2413	2.08865
SLC27A4	NA	905	3196	13.2142
SLC27A5	NA	221	2365	4.36074
SLC27A6	NA	0	2841	0
SLC28A1	NA	2	3438	0.0271471
SLC28A2	NA	1	2463	0.0189467
SLC28A3	NA	5	4813	0.0484789
SLC29A1	NA	1399	2985	21.8712
SLC29A2	NA	1068	2890	17.2454
SLC29A3	NA	322	2273	6.61082
SLC29A4	NA	604	2891	9.74962
SLC2A1	NA	2698	3670	34.3064
SLC2A1-AS1	NA	81	1124	3.36293
SLC2A10	NA	118	4235	1.30025
SLC2A11	NA	0	3915	0
SLC2A12	NA	219	5599	1.82529
SLC2A13	NA	8	7003	0.0533095
SLC2A14	NA	595	4543	6.11185
SLC2A2	NA	0	3439	0
SLC2A3	NA	3073	3938	36.4154
SLC2A4	NA	104	3149	1.5412
SLC2A4RG	NA	1296	2279	26.5375
SLC2A5	NA	5	2855	0.0817264
SLC2A6	NA	719	2546	13.1786
SLC2A7	NA	0	1539	0
SLC2A8	NA	559	2169	12.0268
SLC2A9	NA	0	2079	0
SLC30A1	NA	351	2018	8.1168
SLC30A10	NA	0	2892	0
SLC30A2	NA	29	2499	0.54154
SLC30A3	NA	135	2093	3.00998
SLC30A4	NA	26	4283	0.283285
SLC30A5	NA	663	4753	6.50945
SLC30A6	NA	720	4965	6.76725
SLC30A7	NA	239	8216	1.35749
SLC30A8	NA	0	5848	0
SLC30A9	NA	1289	3261	18.4459
SLC31A1	NA	1163	4778	11.3588
SLC31A2	NA	127	1774	3.34079
SLC32A1	NA	0	2574	0
SLC33A1	NA	399	3810	4.88705
SLC34A1	NA	0	3461	0
SLC34A2	NA	461	4252	5.05949
SLC34A3	NA	11	2303	0.222894
SLC35A1	NA	578	1906	14.1515
SLC35A2	NA	797	3028	12.2829
SLC35A3	NA	202	6081	1.55015
SLC35A4	NA	2574	2933	40.9539
SLC35A5	NA	297	3259	4.25276
SLC35B1	NA	913	1611	26.4468
SLC35B2	NA	1343	2362	26.5335
SLC35B3	NA	316	2499	5.90092
SLC35B4	NA	818	6815	5.60127
SLC35C1	NA	677	3934	8.03069
SLC35C2	NA	959	2641	16.9453
SLC35D1	NA	573	6460	4.13924
SLC35D2	NA	762	3089	11.5116
SLC35D3	NA	2	2403	0.0388396
SLC35E1	NA	1211	5093	11.0961
SLC35E2	NA	1643	7297	10.5073
SLC35E2B	NA	2097	6421	15.2403
SLC35E3	NA	164	2347	3.26084
SLC35E4	NA	205	2542	3.76337
SLC35F1	NA	2	4852	0.0192357
SLC35F2	NA	2362	3170	34.7712
SLC35F3	NA	7	3478	0.093922
SLC35F4	NA	2	1720	0.0542626
SLC35F5	NA	579	4927	5.48397
SLC35F6	NA	1137	3912	13.5631
SLC35G1	NA	163	2403	3.16543
SLC35G2	NA	397	2060	8.99336
SLC35G3	NA	0	1874	0
SLC35G4	NA	1	1055	0.044233
SLC35G5	NA	3	1201	0.116567
SLC35G6	NA	2	1195	0.0781018
SLC36A1	NA	637	6212	4.78527
SLC36A2	NA	0	3421	0
SLC36A3	NA	0	2983	0
SLC36A4	NA	525	6288	3.89624
SLC37A1	NA	123	3094	1.85517
SLC37A2	NA	9	4196	0.100093
SLC37A3	NA	713	3350	9.93215
SLC37A4	NA	693	2776	11.6496
SLC38A1	NA	3841	9973	17.9729
SLC38A10	NA	2785	5145	25.2603
SLC38A11	NA	0	1790	0
SLC38A2	NA	3946	4884	37.7034
SLC38A3	NA	230	2471	4.34364
SLC38A4	NA	0	3983	0
SLC38A5	NA	724	1996	16.9269
SLC38A6	NA	238	2260	4.91436
SLC38A7	NA	1199	4594	12.1794
SLC38A8	NA	9	1425	0.294731
SLC38A9	NA	397	3163	5.8572
SLC39A1	NA	4562	3097	68.7405
SLC39A10	NA	277	5525	2.33962
SLC39A11	NA	242	2782	4.05935
SLC39A12	NA	1	2808	0.0166189
SLC39A12-AS1	NA	0	1966	0
SLC39A13	NA	1018	2450	19.3901
SLC39A14	NA	2446	5300	21.5367
SLC39A2	NA	2	1418	0.0658192
SLC39A3	NA	829	3947	9.80135
SLC39A4	NA	676	2640	11.9493
SLC39A5	NA	12	2108	0.26565
SLC39A6	NA	1208	3679	15.3227
SLC39A7	NA	4788	14724	15.1749
SLC39A8	NA	2423	6021	18.7795
SLC39A9	NA	1239	5789	9.98772
SLC3A1	NA	164	2320	3.29879
SLC3A2	NA	5995	2902	96.403
SLC40A1	NA	232	3355	3.22696
SLC41A1	NA	1436	5017	13.357
SLC41A2	NA	149	3544	1.96197
SLC41A3	NA	848	2887	13.7072
SLC43A1	NA	236	2639	4.17322
SLC43A2	NA	689	8801	3.6533
SLC43A3	NA	1	2936	0.0158943
SLC44A1	NA	1348	10521	5.97904
SLC44A2	NA	1020	3551	13.4044
SLC44A3	NA	106	2577	1.91951
SLC44A4	NA	5463	19079	13.3621
SLC44A5	NA	2	4224	0.0220955
SLC45A1	NA	100	2527	1.84669
SLC45A2	NA	46	3161	0.679097
SLC45A3	NA	197	3382	2.71826
SLC45A4	NA	294	7898	1.73712
SLC46A1	NA	1978	6489	14.2248
SLC46A2	NA	2	2502	0.0373028
SLC46A3	NA	0	3344	0
SLC47A1	NA	94	3279	1.33778
SLC47A2	NA	2	2397	0.0389368
SLC48A1	NA	1451	3034	22.3178
SLC4A1	NA	6	4953	0.0565303
SLC4A10	NA	0	5801	0
SLC4A11	NA	150	3538	1.97848
SLC4A1AP	NA	968	2970	15.2096
SLC4A2	NA	3402	5762	27.5524
SLC4A3	NA	553	4326	5.96537
SLC4A4	NA	0	8010	0
SLC4A5	NA	212	6396	1.54677
SLC4A7	NA	265	8209	1.50645
SLC4A8	NA	350	13202	1.23716
SLC4A9	NA	3	3400	0.0411757
SLC50A1	NA	520	1718	14.1247
SLC51A	NA	17	1455	0.545236
SLC51B	NA	4	940	0.198578
SLC52A1	NA	2	2415	0.0386466
SLC52A2	NA	1278	2230	26.7439
SLC52A3	NA	11	2695	0.190473
SLC5A1	NA	3	5231	0.026763
SLC5A10	NA	193	2434	3.70029
SLC5A11	NA	0	2505	0
SLC5A12	NA	0	6253	0
SLC5A2	NA	396	2273	8.13007
SLC5A3	NA	3399	11623	13.6468
SLC5A4	NA	0	2020	0
SLC5A5	NA	65	3576	0.848232
SLC5A6	NA	3073	3604	39.7902
SLC5A7	NA	0	5166	0
SLC5A8	NA	0	3286	0
SLC5A9	NA	107	3274	1.52512
SLC6A1	NA	0	4494	0
SLC6A1-AS1	NA	0	584	0
SLC6A10P	NA	19	3839	0.230959
SLC6A11	NA	0	1991	0
SLC6A12	NA	48	3971	0.564079
SLC6A13	NA	18	3088	0.272016
SLC6A14	NA	0	4564	0
SLC6A15	NA	1	7841	0.00595151
SLC6A16	NA	37	2933	0.588692
SLC6A17	NA	1018	6402	7.42046
SLC6A18	NA	1	2121	0.0220018
SLC6A19	NA	2	5172	0.0180456
SLC6A2	NA	0	5335	0
SLC6A20	NA	88	5432	0.756
SLC6A3	NA	3	3934	0.0355865
SLC6A4	NA	5	6606	0.0353208
SLC6A5	NA	0	2863	0
SLC6A6	NA	2231	6907	15.0733
SLC6A7	NA	3	3739	0.0374425
SLC6A8	NA	607	3654	7.75209
SLC6A9	NA	188	3692	2.37626
SLC7A1	NA	1465	7343	9.31028
SLC7A10	NA	18	1946	0.431647
SLC7A11	NA	294	9648	1.42203
SLC7A11-AS1	NA	394	4654	3.95065
SLC7A13	NA	0	1865	0
SLC7A14	NA	1	10133	0.00460533
SLC7A2	NA	949	7854	5.63864
SLC7A3	NA	0	2267	0
SLC7A4	NA	8	2313	0.161404
SLC7A5	NA	4153	4543	42.6597
SLC7A5P1	NA	9	615	0.682914
SLC7A5P2	NA	50	2536	0.920067
SLC7A6	NA	3027	6356	22.2243
SLC7A6OS	NA	1068	1629	30.5949
SLC7A7	NA	1511	2718	25.9426
SLC7A8	NA	5051	4889	48.2121
SLC7A9	NA	10	1783	0.261726
SLC8A1	NA	2230	6244	16.6664
SLC8A1-AS1	NA	5	1002	0.232863
SLC8A2	NA	36	5111	0.328697
SLC8A3	NA	0	5628	0
SLC8B1	NA	277	2976	4.34356
SLC9A1	NA	796	4742	7.8334
SLC9A2	NA	1	5460	0.00854685
SLC9A3	NA	161	2777	2.70551
SLC9A3R1	NA	1715	2016	39.6983
SLC9A3R2	NA	522	2363	10.3087
SLC9A4	NA	0	4138	0
SLC9A5	NA	172	3735	2.149
SLC9A6	NA	388	4730	3.82798
SLC9A7	NA	653	10034	3.03695
SLC9A7P1	NA	2	3305	0.0282395
SLC9A8	NA	337	6321	2.48796
SLC9A9	NA	4	3627	0.0514649
SLC9A9-AS1	NA	0	518	0
SLC9B1	NA	126	2375	2.47574
SLC9B2	NA	196	3349	2.73111
SLC9C1	NA	0	4123	0
SLC9C2	NA	1	4427	0.0105412
SLCO1A2	NA	3	7871	0.0177865
SLCO1B1	NA	0	2787	0
SLCO1B3	NA	0	3012	0
SLCO1B7	NA	0	1923	0
SLCO1C1	NA	0	3578	0
SLCO2A1	NA	1303	4223	14.3987
SLCO2B1	NA	6	4451	0.062906
SLCO3A1	NA	9	5762	0.07289
SLCO4A1	NA	181	2776	3.04269
SLCO4A1-AS1	NA	34	1423	1.11499
SLCO4C1	NA	0	5332	0
SLCO5A1	NA	0	4011	0
SLCO6A1	NA	0	2689	0
SLED1	NA	0	750	0
SLFN11	NA	6	5276	0.0530695
SLFN12	NA	226	2802	3.76391
SLFN12L	NA	3	1767	0.0792289
SLFN13	NA	0	8469	0
SLFN14	NA	0	2882	0
SLFN5	NA	145	4647	1.45611
SLFNL1	NA	17	2155	0.368129
SLFNL1-AS1	NA	132	4800	1.28331
SLIRP	NA	1188	535	103.624
SLIT1	NA	41	7931	0.241243
SLIT1-AS1	NA	0	689	0
SLIT2	NA	13	6406	0.0947011
SLIT2-IT1	NA	0	601	0
SLIT3	NA	8	9734	0.0383528
SLITRK1	NA	0	5189	0
SLITRK2	NA	0	4417	0
SLITRK3	NA	0	4222	0
SLITRK4	NA	0	9244	0
SLITRK5	NA	410	4446	4.30341
SLITRK6	NA	2	4181	0.0223228
SLK	NA	989	7782	5.93067
SLMAP	NA	961	5625	7.97259
SLMO1	NA	150	1856	3.77148
SLMO2	NA	513	2563	9.34044
SLMO2-ATP5E	NA	7573	1027	344.109
SLN	NA	142	730	9.07746
SLPI	NA	0	596	0
SLTM	NA	3722	4147	41.8833
SLU7	NA	1725	3560	22.6119
SLURP1	NA	0	537	0
SLX1A	NA	2505	2340	49.9563
SLX1A-SULT1A3	NA	2889	4432	30.4191
SLX1B	NA	2505	2340	49.9563
SLX1B-SULT1A4	NA	2889	4432	30.4191
SLX4	NA	317	7291	2.02895
SLX4IP	NA	6	1407	0.199001
SMA4	NA	129	2260	2.66367
SMA5	NA	129	1759	3.42234
SMAD1	NA	121	3117	1.81154
SMAD1-AS1	NA	19	594	1.49268
SMAD1-AS2	NA	0	1123	0
SMAD2	NA	2487	10775	10.771
SMAD3	NA	1498	6623	10.5549
SMAD4	NA	850	8771	4.5224
SMAD5	NA	743	7097	4.88554
SMAD5-AS1	NA	1	1809	0.0257965
SMAD6	NA	1524	3010	23.6275
SMAD7	NA	720	3444	9.75592
SMAD9	NA	613	5592	5.11555
SMAGP	NA	348	1239	13.1071
SMAP1	NA	1000	3611	12.9232
SMAP2	NA	580	3257	8.31015
SMARCA1	NA	3167	4108	35.9763
SMARCA2	NA	0	6886	0
SMARCA4	NA	5116	5875	40.637
SMARCA5	NA	3258	7926	19.1821
SMARCA5-AS1	NA	145	1147	5.89934
SMARCAD1	NA	782	5903	6.18205
SMARCAL1	NA	490	3318	6.89157
SMARCB1	NA	37636	1703	1031.31
SMARCC1	NA	3077	5757	24.9419
SMARCC2	NA	2050	5681	16.8394
SMARCD1	NA	2680	3429	36.4725
SMARCD2	NA	2901	2770	48.8727
SMARCD3	NA	870	1920	21.1454
SMARCE1	NA	3484	2421	67.1556
SMC1A	NA	1949	9930	9.15928
SMC1B	NA	5	4252	0.0548751
SMC2	NA	766	6300	5.67397
SMC2-AS1	NA	0	7020	0
SMC3	NA	2076	4112	23.5599
SMC4	NA	2966	5733	24.1428
SMC5	NA	581	5965	4.54532
SMC5-AS1	NA	6	1039	0.269485
SMC6	NA	2797	5259	24.8192
SMCHD1	NA	739	8672	3.97671
SMCO1	NA	2	1810	0.0515644
SMCO2	NA	4	1272	0.146748
SMCO3	NA	3	2104	0.0665387
SMCO4	NA	85	975	4.0683
SMCP	NA	0	770	0
SMCR2	NA	17	563	1.40909
SMCR5	NA	1	2844	0.0164085
SMCR8	NA	977	8310	5.48646
SMDT1	NA	508	1571	15.0899
SMEK1	NA	2426	4613	24.5418
SMEK2	NA	1262	5608	10.5015
SMEK3P	NA	0	3131	0
SMG1	NA	2087	16065	6.06234
SMG1P1	NA	375	5010	3.49295
SMG1P2	NA	1646	7745	9.91761
SMG1P3	NA	470	5052	4.34143
SMG1P5	NA	873	4301	9.47204
SMG1P7	NA	142	1891	3.50425
SMG5	NA	3317	4563	33.923
SMG6	NA	1920	7938	11.2873
SMG7	NA	1586	6076	12.181
SMG7-AS1	NA	4	2454	0.0760649
SMG8	NA	794	3266	11.345
SMG9	NA	837	2353	16.5998
SMIM1	NA	80	573	6.51529
SMIM10	NA	16	1536	0.486102
SMIM10L1	NA	1204	4840	11.6086
SMIM10L2A	NA	1	3456	0.0135028
SMIM10L2B	NA	71	2808	1.17994
SMIM11	NA	595	900	30.8513
SMIM12	NA	1417	6373	10.3759
SMIM13	NA	682	4691	6.7845
SMIM14	NA	232	1658	6.52983
SMIM15	NA	748	2890	12.0782
SMIM17	NA	7	2542	0.128505
SMIM18	NA	0	793	0
SMIM19	NA	631	1561	18.8636
SMIM2	NA	7	1214	0.269078
SMIM2-AS1	NA	3	1256	0.111463
SMIM2-IT1	NA	0	478	0
SMIM20	NA	546	1014	25.1277
SMIM21	NA	0	4010	0
SMIM22	NA	4	1119	0.166813
SMIM23	NA	0	519	0
SMIM24	NA	2	908	0.102788
SMIM3	NA	518	2334	10.3568
SMIM4	NA	476	449	49.472
SMIM5	NA	6	5119	0.0546972
SMIM6	NA	0	828	0
SMIM7	NA	1336	1979	31.5035
SMIM8	NA	170	2437	3.25531
SMIM9	NA	0	1016	0
SMKR1	NA	50	1035	2.25439
SMLR1	NA	2	2514	0.0371247
SMN1	NA	3942	3248	56.6369
SMN2	NA	3942	3256	56.4977
SMNDC1	NA	766	2029	17.6175
SMO	NA	1542	3737	19.2557
SMOC1	NA	6	3698	0.0757152
SMOC2	NA	211	3150	3.12587
SMOX	NA	558	2323	11.2094
SMPD1	NA	905	2472	17.0844
SMPD2	NA	214	1680	5.94433
SMPD3	NA	88	5269	0.779387
SMPD4	NA	4973	4913	47.2357
SMPDL3A	NA	42	1971	0.994401
SMPDL3B	NA	59	2385	1.15442
SMPX	NA	0	1037	0
SMR3A	NA	0	598	0
SMR3B	NA	0	785	0
SMS	NA	3947	1839	100.158
SMTN	NA	872	3850	10.5695
SMTNL1	NA	7	1649	0.198096
SMTNL2	NA	25	2403	0.485495
SMU1	NA	2226	7091	14.6493
SMUG1	NA	663	3017	10.255
SMURF1	NA	1127	5763	9.12586
SMURF2	NA	833	3866	10.055
SMYD1	NA	3	4429	0.0316093
SMYD2	NA	501	1685	13.8751
SMYD3	NA	734	1752	19.5506
SMYD4	NA	368	4334	3.96239
SMYD5	NA	585	2567	10.6348
SNAI1	NA	336	1706	9.19092
SNAI2	NA	4	2109	0.0885079
SNAI3	NA	40	1713	1.08969
SNAI3-AS1	NA	86	2826	1.42012
SNAP23	NA	984	2641	17.387
SNAP25	NA	0	2172	0
SNAP25-AS1	NA	0	2959	0
SNAP29	NA	1110	4261	12.1565
SNAP47	NA	1138	2367	22.4359
SNAP91	NA	1	5301	0.00880321
SNAPC1	NA	207	2656	3.63698
SNAPC2	NA	986	1688	27.2586
SNAPC3	NA	496	3095	7.47859
SNAPC4	NA	1021	4650	10.2464
SNAPC5	NA	253	785	15.0401
SNAPIN	NA	616	1052	27.3252
SNAR-A1	NA	0	244	0
SNAR-A10	NA	0	121	0
SNAR-A11	NA	0	121	0
SNAR-A12	NA	0	244	0
SNAR-A13	NA	0	244	0
SNAR-A14	NA	0	121	0
SNAR-A2	NA	0	244	0
SNAR-A3	NA	0	121	0
SNAR-A4	NA	0	121	0
SNAR-A5	NA	0	121	0
SNAR-A6	NA	0	121	0
SNAR-A7	NA	0	121	0
SNAR-A8	NA	0	121	0
SNAR-A9	NA	0	121	0
SNAR-B1	NA	0	240	0
SNAR-B2	NA	0	240	0
SNAR-C1	NA	0	360	0
SNAR-C2	NA	0	360	0
SNAR-C3	NA	0	119	0
SNAR-C4	NA	0	120	0
SNAR-C5	NA	0	360	0
SNAR-D	NA	0	119	0
SNAR-E	NA	0	120	0
SNAR-F	NA	0	123	0
SNAR-G1	NA	0	128	0
SNAR-G2	NA	0	119	0
SNAR-H	NA	0	120	0
SNAR-I	NA	0	121	0
SNCA	NA	3367	3479	45.1635
SNCA-AS1	NA	5	821	0.284201
SNCAIP	NA	1	5633	0.00828436
SNCB	NA	22	1450	0.708033
SNCG	NA	337	826	19.0392
SND1	NA	4481	3508	59.6093
SND1-IT1	NA	2	2569	0.0363299
SNED1	NA	34	6834	0.232168
SNF8	NA	2699	1213	103.834
SNHG1	NA	2066	1118	86.2357
SNHG10	NA	136	1961	3.23638
SNHG11	NA	211	1087	9.0584
SNHG12	NA	423	739	26.7113
SNHG15	NA	550	803	31.9629
SNHG16	NA	4480	2538	82.373
SNHG17	NA	1193	1304	42.6935
SNHG18	NA	2	1487	0.062765
SNHG19	NA	275	357	35.947
SNHG20	NA	267	2169	5.74448
SNHG21	NA	98	1053	4.34307
SNHG22	NA	10	1615	0.288952
SNHG24	NA	0	1004	0
SNHG3	NA	2495	2346	49.6297
SNHG4	NA	143	1546	4.31644
SNHG5	NA	2227	507	204.98
SNHG6	NA	1514	472	149.686
SNHG7	NA	1161	2676	20.2463
SNHG8	NA	1040	619	78.4046
SNHG9	NA	45	233	9.01271
SNIP1	NA	390	4605	3.95215
SNN	NA	758	3293	10.7418
SNORA1	NA	3	130	1.0769
SNORA10	NA	47	133	16.4909
SNORA11	NA	0	131	0
SNORA11B	NA	0	127	0
SNORA11C	NA	0	127	0
SNORA11D	NA	3	127	1.10234
SNORA11E	NA	3	127	1.10234
SNORA12	NA	6	147	1.90473
SNORA13	NA	0	133	0
SNORA14A	NA	0	134	0
SNORA14B	NA	1	135	0.345673
SNORA15	NA	0	133	0
SNORA16A	NA	2	134	0.696504
SNORA16B	NA	1	133	0.350871
SNORA17	NA	4	133	1.40348
SNORA18	NA	11	132	3.88882
SNORA19	NA	0	126	0
SNORA20	NA	1	132	0.353529
SNORA21	NA	2	133	0.701741
SNORA22	NA	1	134	0.348252
SNORA23	NA	0	189	0
SNORA24	NA	8	131	2.84982
SNORA25	NA	15	132	5.30293
SNORA26	NA	4	122	1.53003
SNORA27	NA	76	126	28.1476
SNORA28	NA	0	126	0
SNORA29	NA	1	140	0.333327
SNORA2A	NA	0	135	0
SNORA2B	NA	0	137	0
SNORA30	NA	0	129	0
SNORA31	NA	5	130	1.79484
SNORA32	NA	1	121	0.385668
SNORA33	NA	11	133	3.85958
SNORA34	NA	1	137	0.340626
SNORA35	NA	0	128	0
SNORA36A	NA	0	130	0
SNORA36B	NA	0	131	0
SNORA36C	NA	0	127	0
SNORA37	NA	0	129	0
SNORA38	NA	1	924	0.0505041
SNORA38B	NA	0	132	0
SNORA4	NA	114	137	38.8314
SNORA40	NA	4	127	1.46979
SNORA41	NA	4	132	1.41412
SNORA43	NA	10	134	3.48252
SNORA44	NA	11	132	3.88882
SNORA45A	NA	5	130	1.79484
SNORA45B	NA	10	131	3.56227
SNORA46	NA	0	135	0
SNORA47	NA	1	138	0.338158
SNORA48	NA	563	135	194.614
SNORA49	NA	1	137	0.340626
SNORA51	NA	4	132	1.41412
SNORA52	NA	1690	134	588.546
SNORA53	NA	0	250	0
SNORA54	NA	0	123	0
SNORA55	NA	1	137	0.340626
SNORA56	NA	0	129	0
SNORA57	NA	20	149	6.26387
SNORA58	NA	0	236	0
SNORA59A	NA	5	304	0.76753
SNORA59B	NA	5	304	0.76753
SNORA5A	NA	3	134	1.04476
SNORA5B	NA	0	132	0
SNORA5C	NA	2	137	0.681253
SNORA6	NA	7	149	2.19235
SNORA60	NA	0	136	0
SNORA61	NA	20	130	7.17935
SNORA62	NA	43	154	13.0301
SNORA63	NA	162	135	55.999
SNORA64	NA	29	134	10.0993
SNORA65	NA	7	136	2.40192
SNORA66	NA	6	133	2.10522
SNORA67	NA	93	137	31.6782
SNORA68	NA	15	133	5.26306
SNORA69	NA	3	132	1.06059
SNORA70	NA	49	135	16.938
SNORA70B	NA	0	134	0
SNORA70C	NA	0	136	0
SNORA70D	NA	0	135	0
SNORA70E	NA	1	135	0.345673
SNORA70F	NA	0	135	0
SNORA70G	NA	0	142	0
SNORA71A	NA	3	138	1.01447
SNORA71B	NA	1	136	0.343131
SNORA71C	NA	0	138	0
SNORA71D	NA	0	138	0
SNORA71E	NA	3	136	1.02939
SNORA72	NA	5	132	1.76764
SNORA73B	NA	52	158	15.3584
SNORA74A	NA	1	200	0.233329
SNORA74B	NA	3	204	0.686262
SNORA75	NA	5	137	1.70313
SNORA76A	NA	0	136	0
SNORA76C	NA	3	133	1.05261
SNORA77	NA	0	125	0
SNORA78	NA	12	127	4.40937
SNORA79	NA	0	140	0
SNORA7A	NA	11	139	3.69298
SNORA7B	NA	5	139	1.67863
SNORA8	NA	14	139	4.70015
SNORA80A	NA	0	136	0
SNORA80B	NA	2	136	0.686262
SNORA80E	NA	1	134	0.348252
SNORA81	NA	161	178	42.209
SNORA84	NA	2	133	0.701741
SNORA9	NA	3	133	1.05261
SNORD10	NA	16	148	5.04495
SNORD100	NA	12	76	7.36828
SNORD101	NA	5	73	3.19629
SNORD102	NA	9	72	5.83322
SNORD103A	NA	6	176	1.59088
SNORD103B	NA	6	176	1.59088
SNORD104	NA	44	80	25.6662
SNORD105	NA	4	85	2.19604
SNORD105B	NA	13	92	6.59408
SNORD107	NA	0	75	0
SNORD108	NA	0	69	0
SNORD109A	NA	1	134	0.348252
SNORD109B	NA	1	134	0.348252
SNORD11	NA	0	84	0
SNORD110	NA	6	75	3.73326
SNORD111	NA	0	94	0
SNORD111B	NA	0	101	0
SNORD113-1	NA	0	70	0
SNORD113-2	NA	0	71	0
SNORD113-4	NA	0	74	0
SNORD113-5	NA	0	77	0
SNORD113-6	NA	0	74	0
SNORD113-7	NA	0	76	0
SNORD113-9	NA	0	71	0
SNORD114-1	NA	0	71	0
SNORD114-10	NA	0	71	0
SNORD114-11	NA	0	74	0
SNORD114-12	NA	0	74	0
SNORD114-13	NA	0	73	0
SNORD114-14	NA	0	74	0
SNORD114-15	NA	0	71	0
SNORD114-16	NA	0	69	0
SNORD114-17	NA	0	74	0
SNORD114-18	NA	0	71	0
SNORD114-19	NA	0	74	0
SNORD114-2	NA	0	77	0
SNORD114-20	NA	0	71	0
SNORD114-21	NA	0	71	0
SNORD114-22	NA	0	71	0
SNORD114-23	NA	0	71	0
SNORD114-24	NA	0	71	0
SNORD114-25	NA	0	71	0
SNORD114-26	NA	1	71	0.657265
SNORD114-27	NA	0	69	0
SNORD114-28	NA	0	71	0
SNORD114-29	NA	0	69	0
SNORD114-3	NA	0	74	0
SNORD114-30	NA	0	71	0
SNORD114-31	NA	0	74	0
SNORD114-4	NA	0	104	0
SNORD114-5	NA	0	69	0
SNORD114-6	NA	0	71	0
SNORD114-7	NA	0	76	0
SNORD114-8	NA	0	71	0
SNORD114-9	NA	0	71	0
SNORD115-1	NA	0	82	0
SNORD115-10	NA	0	406	0
SNORD115-11	NA	0	328	0
SNORD115-12	NA	0	243	0
SNORD115-13	NA	0	82	0
SNORD115-14	NA	0	81	0
SNORD115-15	NA	0	81	0
SNORD115-16	NA	0	82	0
SNORD115-17	NA	0	246	0
SNORD115-18	NA	0	246	0
SNORD115-19	NA	0	246	0
SNORD115-2	NA	0	82	0
SNORD115-20	NA	0	82	0
SNORD115-21	NA	0	81	0
SNORD115-22	NA	0	82	0
SNORD115-23	NA	0	82	0
SNORD115-24	NA	0	71	0
SNORD115-25	NA	0	82	0
SNORD115-26	NA	0	82	0
SNORD115-27	NA	0	76	0
SNORD115-28	NA	0	74	0
SNORD115-29	NA	0	328	0
SNORD115-3	NA	0	82	0
SNORD115-30	NA	0	82	0
SNORD115-31	NA	0	82	0
SNORD115-32	NA	0	82	0
SNORD115-33	NA	0	82	0
SNORD115-34	NA	0	82	0
SNORD115-35	NA	0	82	0
SNORD115-36	NA	0	328	0
SNORD115-37	NA	0	82	0
SNORD115-38	NA	0	82	0
SNORD115-39	NA	0	82	0
SNORD115-4	NA	0	82	0
SNORD115-40	NA	0	82	0
SNORD115-41	NA	0	82	0
SNORD115-42	NA	0	82	0
SNORD115-43	NA	0	328	0
SNORD115-44	NA	0	82	0
SNORD115-45	NA	0	53	0
SNORD115-46	NA	0	71	0
SNORD115-47	NA	0	33	0
SNORD115-48	NA	0	76	0
SNORD115-5	NA	0	240	0
SNORD115-6	NA	0	82	0
SNORD115-7	NA	0	82	0
SNORD115-8	NA	0	82	0
SNORD115-9	NA	0	243	0
SNORD116-1	NA	0	97	0
SNORD116-10	NA	0	104	0
SNORD116-11	NA	0	94	0
SNORD116-12	NA	0	94	0
SNORD116-13	NA	0	94	0
SNORD116-14	NA	0	94	0
SNORD116-15	NA	0	94	0
SNORD116-16	NA	0	94	0
SNORD116-17	NA	4	188	0.992889
SNORD116-18	NA	0	94	0
SNORD116-19	NA	4	188	0.992889
SNORD116-2	NA	0	195	0
SNORD116-20	NA	0	94	0
SNORD116-21	NA	6	94	2.97867
SNORD116-22	NA	0	94	0
SNORD116-23	NA	0	94	0
SNORD116-24	NA	0	94	0
SNORD116-25	NA	0	94	0
SNORD116-26	NA	0	98	0
SNORD116-27	NA	0	94	0
SNORD116-28	NA	0	93	0
SNORD116-29	NA	0	85	0
SNORD116-3	NA	1	194	0.240545
SNORD116-30	NA	0	85	0
SNORD116-4	NA	0	98	0
SNORD116-5	NA	0	194	0
SNORD116-6	NA	0	98	0
SNORD116-7	NA	0	194	0
SNORD116-8	NA	0	97	0
SNORD116-9	NA	1	194	0.240545
SNORD117	NA	1	608	0.076753
SNORD119	NA	5	96	2.43051
SNORD11B	NA	64	112	26.6662
SNORD12	NA	6	90	3.11105
SNORD121A	NA	0	91	0
SNORD121B	NA	1	79	0.590706
SNORD123	NA	0	88	0
SNORD124	NA	0	103	0
SNORD125	NA	0	96	0
SNORD126	NA	0	99	0
SNORD127	NA	0	99	0
SNORD12B	NA	7	103	3.17146
SNORD12C	NA	1	79	0.590706
SNORD15A	NA	3	148	0.945928
SNORD15B	NA	10	146	3.19629
SNORD16	NA	4	100	1.86663
SNORD17	NA	2	237	0.393804
SNORD18A	NA	1	70	0.666654
SNORD18B	NA	2	70	1.33331
SNORD18C	NA	4	67	2.78602
SNORD19	NA	16	76	9.82438
SNORD19B	NA	53	93	26.5945
SNORD1A	NA	2	74	1.26124
SNORD1B	NA	0	86	0
SNORD1C	NA	0	78	0
SNORD2	NA	1	70	0.666654
SNORD20	NA	5	80	2.91661
SNORD21	NA	14	95	6.87707
SNORD22	NA	54	126	19.9996
SNORD23	NA	164	110	69.5745
SNORD24	NA	1	75	0.622211
SNORD25	NA	5	67	3.48252
SNORD26	NA	12	75	7.46653
SNORD27	NA	4	72	2.59254
SNORD28	NA	7	75	4.35547
SNORD29	NA	31	65	22.256
SNORD30	NA	6	70	3.99993
SNORD31	NA	15	68	10.2939
SNORD32A	NA	1618	82	920.796
SNORD32B	NA	0	488	0
SNORD33	NA	661	83	371.64
SNORD34	NA	181	66	127.977
SNORD35A	NA	10	86	5.42626
SNORD35B	NA	11	87	5.90027
SNORD36A	NA	65	72	42.1288
SNORD36B	NA	537	71	352.951
SNORD36C	NA	7	67	4.87553
SNORD37	NA	1	66	0.707058
SNORD38A	NA	55	71	36.1496
SNORD38B	NA	4	69	2.70526
SNORD41	NA	0	70	0
SNORD42A	NA	7	63	5.18509
SNORD42B	NA	2	67	1.39301
SNORD43	NA	1	62	0.752674
SNORD44	NA	29	61	22.1854
SNORD45A	NA	0	84	0
SNORD45B	NA	1	71	0.657265
SNORD45C	NA	0	78	0
SNORD46	NA	6	98	2.85709
SNORD47	NA	35	77	21.2117
SNORD48	NA	16	316	2.36283
SNORD49A	NA	9	71	5.91538
SNORD49B	NA	6	48	5.83322
SNORD4A	NA	27	72	17.4997
SNORD4B	NA	8	74	5.04495
SNORD5	NA	5	73	3.19629
SNORD50A	NA	4	75	2.48884
SNORD50B	NA	5	71	3.28632
SNORD51	NA	1	70	0.666654
SNORD52	NA	18	320	2.62495
SNORD53	NA	0	76	0
SNORD54	NA	12	63	8.88872
SNORD55	NA	23	74	14.5042
SNORD56	NA	0	71	0
SNORD56B	NA	0	71	0
SNORD57	NA	219	72	141.942
SNORD58A	NA	7	65	5.02555
SNORD58B	NA	255	66	180.3
SNORD58C	NA	25	90	12.9627
SNORD59A	NA	2	75	1.24442
SNORD59B	NA	2	75	1.24442
SNORD6	NA	3	71	1.97179
SNORD60	NA	9	83	5.06015
SNORD61	NA	0	73	0
SNORD62A	NA	5	172	1.35656
SNORD62B	NA	5	172	1.35656
SNORD63	NA	0	68	0
SNORD64	NA	1	67	0.696504
SNORD65	NA	34	73	21.7348
SNORD66	NA	9	76	5.52621
SNORD67	NA	0	111	0
SNORD68	NA	39	72	25.2773
SNORD69	NA	0	77	0
SNORD7	NA	0	97	0
SNORD70	NA	0	88	0
SNORD71	NA	1	86	0.542626
SNORD72	NA	1	80	0.583322
SNORD73A	NA	6	65	4.30761
SNORD74	NA	3	72	1.94441
SNORD75	NA	1	60	0.777763
SNORD76	NA	34	81	19.5881
SNORD77	NA	1	61	0.765013
SNORD78	NA	8	54	6.91345
SNORD79	NA	25	81	14.403
SNORD8	NA	0	109	0
SNORD80	NA	15	71	9.85897
SNORD81	NA	29	43	31.4723
SNORD82	NA	2	75	1.24442
SNORD83A	NA	38	95	18.6663
SNORD83B	NA	54	93	27.0963
SNORD84	NA	28	546	2.39312
SNORD85	NA	0	75	0
SNORD86	NA	34	86	18.4493
SNORD87	NA	5	76	3.07012
SNORD88A	NA	0	97	0
SNORD88B	NA	4	97	1.92436
SNORD88C	NA	1	97	0.481091
SNORD89	NA	6	114	2.45609
SNORD9	NA	0	103	0
SNORD90	NA	0	107	0
SNORD91A	NA	0	92	0
SNORD91B	NA	1	86	0.542626
SNORD92	NA	0	89	0
SNORD93	NA	1	74	0.630619
SNORD94	NA	2	137	0.681253
SNORD95	NA	3	63	2.22218
SNORD96A	NA	6	72	3.88882
SNORD96B	NA	0	72	0
SNORD97	NA	3	142	0.985897
SNORD98	NA	0	67	0
SNORD99	NA	3	80	1.74997
SNPH	NA	143	4994	1.33625
SNRK	NA	436	5215	3.90149
SNRK-AS1	NA	221	3475	2.96781
SNRNP200	NA	7316	7219	47.2928
SNRNP25	NA	729	1086	31.3254
SNRNP27	NA	267	1438	8.66465
SNRNP35	NA	657	2438	12.5756
SNRNP40	NA	2475	1624	71.1194
SNRNP48	NA	558	4173	6.24
SNRNP70	NA	6316	1991	148.037
SNRPA	NA	2486	1629	71.2162
SNRPA1	NA	1689	1059	74.4273
SNRPB	NA	7117	1153	288.049
SNRPB2	NA	1319	1681	36.6164
SNRPC	NA	2305	1217	88.3851
SNRPD1	NA	1656	1628	47.4684
SNRPD2	NA	6901	868	371.015
SNRPD2P2	NA	0	762	0
SNRPD3	NA	5041	3808	61.7758
SNRPE	NA	1132	1618	32.6488
SNRPF	NA	2451	793	144.234
SNRPG	NA	2705	579	218.016
SNRPN	NA	2074	1992	48.5868
SNTA1	NA	755	2340	15.0567
SNTB1	NA	50	4975	0.469003
SNTB2	NA	431	9771	2.05843
SNTG1	NA	0	3667	0
SNTG2	NA	0	1887	0
SNTN	NA	1	1584	0.0294607
SNUPN	NA	963	1943	23.1288
SNURF	NA	2068	1426	67.6752
SNW1	NA	2943	2125	64.6294
SNX1	NA	1645	8315	9.23214
SNX10	NA	257	3015	3.97781
SNX11	NA	365	2402	7.09118
SNX12	NA	1549	2550	28.3472
SNX13	NA	475	6371	3.47924
SNX14	NA	1381	3749	17.19
SNX15	NA	426	1939	10.2525
SNX16	NA	124	3456	1.67435
SNX17	NA	1262	2698	21.8281
SNX18	NA	234	6654	1.64109
SNX19	NA	1435	6078	11.0177
SNX2	NA	1979	7110	12.989
SNX20	NA	0	4404	0
SNX21	NA	598	3184	8.76449
SNX22	NA	8990	3661	114.593
SNX24	NA	326	2137	7.11888
SNX25	NA	339	3213	4.92366
SNX27	NA	1111	7085	7.31767
SNX29	NA	538	8175	3.07109
SNX29P1	NA	3	983	0.142419
SNX29P2	NA	3	1585	0.0883264
SNX3	NA	3217	1760	85.2977
SNX30	NA	453	7606	2.77933
SNX31	NA	1	2455	0.0190085
SNX32	NA	4	1705	0.10948
SNX33	NA	769	3233	11.0999
SNX4	NA	807	2530	14.8851
SNX5	NA	2713	2542	49.805
SNX6	NA	1924	3130	28.6853
SNX7	NA	246	1897	6.05155
SNX8	NA	1526	4738	15.03
SNX9	NA	967	4291	10.5164
SOAT1	NA	915	7026	6.07731
SOAT2	NA	5	2073	0.112556
SOBP	NA	145	6232	1.08577
SOCS1	NA	230	1216	8.82659
SOCS2	NA	46	3921	0.547469
SOCS2-AS1	NA	2	574	0.162599
SOCS3	NA	565	2737	9.63324
SOCS4	NA	441	7012	2.93491
SOCS5	NA	332	4662	3.32326
SOCS6	NA	787	5846	6.28224
SOCS7	NA	438	7978	2.562
SOD1	NA	2285	965	110.499
SOD2	NA	391	1775	10.2796
SOD3	NA	0	1529	0
SOGA1	NA	402	8726	2.14986
SOGA3	NA	159	11818	0.627844
SOHLH1	NA	1	1985	0.0235092
SOHLH2	NA	9	3399	0.123563
SON	NA	5536	10808	23.9028
SORBS1	NA	25	7586	0.153789
SORBS2	NA	341	8979	1.77225
SORBS3	NA	2509	3283	35.6639
SORCS1	NA	0	8152	0
SORCS2	NA	72	6053	0.555086
SORCS3	NA	0	5764	0
SORCS3-AS1	NA	0	1294	0
SORD	NA	981	2898	15.7968
SORL1	NA	44	10973	0.187122
SORT1	NA	1635	7353	10.3765
SOS1	NA	721	8318	4.04497
SOS2	NA	340	5313	2.98633
SOST	NA	276	2300	5.5999
SOSTDC1	NA	1	1869	0.0249683
SOWAHA	NA	54	3474	0.725375
SOWAHB	NA	49	2921	0.782822
SOWAHC	NA	34	4654	0.340919
SOWAHD	NA	12	1590	0.352195
SOX1	NA	0	4108	0
SOX10	NA	0	2862	0
SOX11	NA	0	8719	0
SOX12	NA	2594	4658	25.9878
SOX13	NA	174	4073	1.99358
SOX14	NA	0	2039	0
SOX15	NA	654	1394	21.8934
SOX17	NA	0	2350	0
SOX18	NA	1	1705	0.02737
SOX2	NA	0	2512	0
SOX2-OT	NA	0	4083	0
SOX21	NA	1	2919	0.0159869
SOX21-AS1	NA	2	2986	0.0312564
SOX3	NA	0	2074	0
SOX30	NA	1	3471	0.0134445
SOX4	NA	174	4878	1.66459
SOX5	NA	0	4994	0
SOX6	NA	0	9363	0
SOX7	NA	42	3278	0.597914
SOX8	NA	6276	3049	96.0559
SOX9	NA	0	3934	0
SOX9-AS1	NA	0	4528	0
SP1	NA	1781	7698	10.7965
SP100	NA	23	7650	0.140302
SP110	NA	198	3104	2.97675
SP140	NA	31	3566	0.405676
SP140L	NA	52	2668	0.909528
SP2	NA	475	3112	7.12283
SP2-AS1	NA	22	2182	0.470508
SP3	NA	1159	6695	8.07852
SP4	NA	48	5800	0.3862
SP5	NA	0	1947	0
SP6	NA	338	4026	3.91779
SP7	NA	1	3317	0.0140687
SP8	NA	0	3729	0
SP9	NA	2	1455	0.0641454
SPA17	NA	351	937	17.481
SPACA1	NA	0	1499	0
SPACA3	NA	0	819	0
SPACA4	NA	2	972	0.0960202
SPACA5	NA	0	1464	0
SPACA5B	NA	0	1190	0
SPACA6P	NA	116	1964	2.75623
SPACA6P-AS	NA	7	3962	0.0824484
SPACA7	NA	0	783	0
SPAG1	NA	377	4031	4.36443
SPAG11A	NA	0	756	0
SPAG11B	NA	0	1467	0
SPAG16	NA	473	2991	7.37978
SPAG17	NA	150	7125	0.982438
SPAG4	NA	70	1452	2.24973
SPAG5	NA	2587	3808	31.7028
SPAG5-AS1	NA	527	1365	18.0168
SPAG6	NA	397	3139	5.90198
SPAG7	NA	1872	1025	85.2277
SPAG8	NA	25	2332	0.500277
SPAG9	NA	3208	8793	17.0253
SPAM1	NA	0	3020	0
SPANXA1	NA	1	418	0.111641
SPANXA2	NA	1	418	0.111641
SPANXA2-OT1	NA	0	1699	0
SPANXB1	NA	0	938	0
SPANXC	NA	0	441	0
SPANXD	NA	0	692	0
SPANXN1	NA	0	613	0
SPANXN2	NA	0	543	0
SPANXN3	NA	0	590	0
SPANXN4	NA	0	431	0
SPANXN5	NA	0	561	0
SPARC	NA	28826	3590	374.704
SPARCL1	NA	79	3126	1.17933
SPAST	NA	212	5213	1.89778
SPATA12	NA	12	2413	0.232072
SPATA13	NA	11	10802	0.0475212
SPATA13-AS1	NA	0	433	0
SPATA16	NA	0	2107	0
SPATA17	NA	42	2275	0.861522
SPATA17-AS1	NA	6	420	0.666654
SPATA18	NA	250	4459	2.61638
SPATA19	NA	0	907	0
SPATA2	NA	512	4304	5.55132
SPATA20	NA	1373	2774	23.0974
SPATA21	NA	1	2015	0.0231592
SPATA22	NA	0	1718	0
SPATA24	NA	60	678	4.12972
SPATA25	NA	22	719	1.42788
SPATA2L	NA	731	2339	14.5843
SPATA3	NA	0	870	0
SPATA3-AS1	NA	7	3509	0.0930922
SPATA31A1	NA	6	8518	0.032871
SPATA31A3	NA	6	4223	0.0663023
SPATA31A5	NA	11	8452	0.060734
SPATA31A6	NA	4	4214	0.044296
SPATA31A7	NA	11	8446	0.0607771
SPATA31C1	NA	0	3779	0
SPATA31C2	NA	0	3761	0
SPATA31D1	NA	0	4833	0
SPATA31D3	NA	0	4927	0
SPATA31D4	NA	0	4923	0
SPATA31D5P	NA	0	4864	0
SPATA31E1	NA	0	4447	0
SPATA32	NA	3	1284	0.109032
SPATA33	NA	344	2820	5.69257
SPATA4	NA	3	1233	0.113542
SPATA41	NA	4	3156	0.0591455
SPATA42	NA	0	608	0
SPATA45	NA	2	504	0.185182
SPATA5	NA	280	8140	1.60521
SPATA5L1	NA	303	2609	5.4196
SPATA6	NA	204	5008	1.90092
SPATA6L	NA	61	3746	0.759908
SPATA7	NA	227	2013	5.26236
SPATA8	NA	0	1151	0
SPATA8-AS1	NA	0	656	0
SPATA9	NA	21	2801	0.349869
SPATC1	NA	0	2036	0
SPATC1L	NA	654	2316	13.1776
SPATS1	NA	61	1108	2.56915
SPATS2	NA	1092	3926	12.9799
SPATS2L	NA	66	7133	0.431788
SPC24	NA	68	654	4.8521
SPC25	NA	359	1346	12.4465
SPCS1	NA	1853	1084	79.771
SPCS2	NA	1194	2708	20.5757
SPCS3	NA	1676	4596	17.0174
SPDEF	NA	2	1914	0.0487626
SPDL1	NA	861	2667	15.0653
SPDYA	NA	203	2156	4.39386
SPDYC	NA	5	882	0.264545
SPDYE1	NA	29	2650	0.510682
SPDYE2	NA	123	3966	1.44728
SPDYE2B	NA	123	3966	1.44728
SPDYE3	NA	67	3185	0.981667
SPDYE4	NA	1	923	0.0505588
SPDYE5	NA	32	3147	0.474517
SPDYE6	NA	63	3145	0.9348
SPDYE7P	NA	11	1064	0.482447
SPDYE8P	NA	62	2884	1.00322
SPECC1	NA	235	6864	1.59768
SPECC1L	NA	1785	7174	11.6112
SPECC1L-ADORA2A	NA	414	6289	3.07197
SPEF1	NA	61	1587	1.79371
SPEF2	NA	65	6985	0.434256
SPEG	NA	910	11641	3.64796
SPEM1	NA	3	982	0.142564
SPEN	NA	1059	12227	4.0418
SPERT	NA	0	1749	0
SPESP1	NA	0	1431	0
SPG11	NA	1126	7788	6.74701
SPG20	NA	60	5395	0.518989
SPG20-AS1	NA	1	777	0.0600589
SPG21	NA	1641	1933	39.6164
SPG7	NA	2409	4050	27.7575
SPHAR	NA	90	1122	3.74325
SPHK1	NA	2362	2469	44.6434
SPHK2	NA	639	3235	9.21776
SPHKAP	NA	0	6913	0
SPI1	NA	1	1408	0.0331433
SPIB	NA	6	3530	0.0793186
SPIC	NA	0	971	0
SPICE1	NA	290	5448	2.48405
SPIDR	NA	356	3435	4.8364
SPIN1	NA	1823	4534	18.7631
SPIN2A	NA	159	1319	5.62537
SPIN2B	NA	259	1272	9.50192
SPIN3	NA	318	5580	2.65945
SPIN4	NA	96	4112	1.08947
SPINK1	NA	7	610	0.535509
SPINK13	NA	0	509	0
SPINK14	NA	0	294	0
SPINK2	NA	2	1033	0.09035
SPINK4	NA	0	368	0
SPINK5	NA	0	3832	0
SPINK6	NA	0	733	0
SPINK7	NA	0	549	0
SPINK8	NA	0	440	0
SPINK9	NA	0	453	0
SPINT1	NA	8	2519	0.148204
SPINT2	NA	5672	1802	146.886
SPINT3	NA	0	476	0
SPINT4	NA	0	380	0
SPIRE1	NA	1166	5526	9.8466
SPIRE2	NA	338	3244	4.86222
SPN	NA	25	7037	0.165787
SPNS1	NA	1460	2213	30.7872
SPNS2	NA	2865	4349	30.7421
SPNS3	NA	164	1893	4.04289
SPO11	NA	0	1817	0
SPOCD1	NA	2895	3962	34.0983
SPOCK1	NA	15	4827	0.145015
SPOCK2	NA	102	6255	0.760977
SPOCK3	NA	0	3564	0
SPON1	NA	24	5137	0.218022
SPON2	NA	7	2477	0.131878
SPOP	NA	1553	3141	23.0729
SPOPL	NA	171	5734	1.39167
SPP1	NA	22255	1814	572.518
SPP2	NA	1	1019	0.0457957
SPPL2A	NA	713	2003	16.6114
SPPL2B	NA	937	3814	11.4646
SPPL2C	NA	1	4366	0.0106885
SPPL3	NA	1480	4129	16.7269
SPR	NA	695	1459	22.2294
SPRED1	NA	300	7255	1.92967
SPRED2	NA	1021	4650	10.2464
SPRED3	NA	349	5190	3.13803
SPRN	NA	166	3173	2.44139
SPRNP1	NA	4	2241	0.0832946
SPRR1A	NA	1	655	0.0712455
SPRR1B	NA	0	619	0
SPRR2A	NA	0	677	0
SPRR2B	NA	0	675	0
SPRR2C	NA	0	678	0
SPRR2D	NA	0	682	0
SPRR2E	NA	0	681	0
SPRR2F	NA	0	671	0
SPRR2G	NA	0	650	0
SPRR3	NA	8	986	0.378627
SPRR4	NA	0	745	0
SPRTN	NA	277	4622	2.79672
SPRY1	NA	2192	3041	33.6374
SPRY2	NA	19	2110	0.420213
SPRY3	NA	30	18271	0.0766227
SPRY4	NA	2150	5531	18.1398
SPRY4-IT1	NA	5	689	0.338649
SPRYD3	NA	472	2932	7.51237
SPRYD4	NA	319	2105	7.07192
SPRYD7	NA	384	3218	5.56857
SPSB1	NA	760	3117	11.3783
SPSB2	NA	420	1287	15.2289
SPSB3	NA	885	1544	26.7482
SPSB4	NA	195	2908	3.12924
SPTA1	NA	0	8017	0
SPTAN1	NA	5451	7907	32.1709
SPTB	NA	12	10391	0.0538918
SPTBN1	NA	5325	13024	19.0798
SPTBN2	NA	911	7867	5.40391
SPTBN4	NA	121	9139	0.617853
SPTBN5	NA	222	11723	0.883716
SPTLC1	NA	1268	3363	17.5951
SPTLC2	NA	2045	8164	11.6893
SPTLC3	NA	45	3845	0.546154
SPTSSA	NA	837	2534	15.4141
SPTSSB	NA	0	2306	0
SPTY2D1	NA	547	5734	4.45173
SPTY2D1-AS1	NA	69	1437	2.24074
SPX	NA	3	583	0.240133
SPZ1	NA	0	1871	0
SQLE	NA	998	2989	15.5813
SQRDL	NA	170	2179	3.64075
SQSTM1	NA	8466	3336	118.427
SRA1	NA	1145	2104	25.3956
SRBD1	NA	868	3694	10.9653
SRC	NA	1062	4241	11.6857
SRCAP	NA	1873	10474	8.34495
SRCIN1	NA	221	7050	1.46286
SRD5A1	NA	517	2264	10.6565
SRD5A1P1	NA	42	2155	0.909496
SRD5A2	NA	0	2445	0
SRD5A3	NA	264	4081	3.01881
SRD5A3-AS1	NA	1	926	0.050395
SREBF1	NA	3966	5001	37.0079
SREBF2	NA	4436	5786	35.7777
SREK1	NA	1130	8931	5.90442
SREK1IP1	NA	590	6853	4.01763
SRF	NA	2269	4267	24.8148
SRFBP1	NA	141	2836	2.32013
SRGAP1	NA	239	8475	1.316
SRGAP2	NA	1919	7845	11.4151
SRGAP2-AS1	NA	2	2504	0.037273
SRGAP2B	NA	116	1230	4.401
SRGAP2C	NA	196	2461	3.71658
SRGAP2D	NA	357	4601	3.62088
SRGAP3	NA	110	8992	0.570867
SRGAP3-AS3	NA	0	1223	0
SRGN	NA	2	1254	0.0744271
SRI	NA	1230	2405	23.8665
SRL	NA	4	4214	0.044296
SRM	NA	2496	1273	91.4987
SRMS	NA	3	2402	0.0582837
SRP14	NA	8504	1180	336.31
SRP14-AS1	NA	43	3320	0.604406
SRP19	NA	1108	2988	17.3045
SRP54	NA	1077	2281	22.0338
SRP68	NA	3099	3058	47.2915
SRP72	NA	1323	3876	15.9285
SRP9	NA	4156	1620	119.718
SRPK1	NA	2547	4390	27.0747
SRPK2	NA	830	4115	9.41254
SRPK3	NA	9	2002	0.209786
SRPR	NA	1764	3092	26.623
SRPRB	NA	1596	2827	26.3455
SRPX	NA	31	1903	0.760189
SRPX2	NA	140	2190	2.9832
SRR	NA	1258	2493	23.5482
SRRD	NA	306	1293	11.0439
SRRM1	NA	1952	4150	21.9498
SRRM2	NA	16713	9353	83.3877
SRRM2-AS1	NA	45	1645	1.27657
SRRM3	NA	194	3703	2.44482
SRRM4	NA	0	8477	0
SRRM5	NA	566	2398	11.0145
SRRT	NA	3032	3013	46.9601
SRSF1	NA	6598	5643	54.5633
SRSF10	NA	2269	16433	6.44342
SRSF11	NA	2074	2792	34.6651
SRSF12	NA	386	3599	5.005
SRSF2	NA	5866	2963	92.3866
SRSF3	NA	6251	3600	81.03
SRSF4	NA	3512	2530	64.7788
SRSF5	NA	6593	1651	186.352
SRSF6	NA	4714	4014	54.8038
SRSF7	NA	4061	2489	76.1389
SRSF8	NA	2954	4347	31.7117
SRSF9	NA	5728	1163	229.838
SRXN1	NA	1527	2689	26.5001
SRY	NA	1	887	0.0526108
SS18	NA	2519	3558	33.0385
SS18L1	NA	529	4973	4.96405
SS18L2	NA	564	815	32.2939
SSB	NA	4184	2195	88.952
SSBP1	NA	1855	1339	64.649
SSBP2	NA	541	4465	5.65424
SSBP3	NA	3901	3254	55.9445
SSBP3-AS1	NA	17	2621	0.302678
SSBP4	NA	1256	1787	32.7992
SSC4D	NA	665	2806	11.0594
SSC5D	NA	119	5119	1.08483
SSFA2	NA	50	7936	0.294013
SSH1	NA	1894	9191	9.61648
SSH2	NA	611	10014	2.84729
SSH3	NA	12	2878	0.194576
SSMEM1	NA	0	1156	0
SSNA1	NA	1271	941	63.0311
SSPN	NA	213	4727	2.10277
SSPO	NA	70	15579	0.20968
SSR1	NA	3780	9776	18.0439
SSR2	NA	3955	1124	164.202
SSR3	NA	4871	4600	49.415
SSR4	NA	916	1194	35.8006
SSR4P1	NA	83	2257	1.71611
SSRP1	NA	7282	2819	120.546
SSSCA1	NA	323	880	17.1285
SSSCA1-AS1	NA	9	1194	0.351752
SST	NA	0	632	0
SSTR1	NA	0	4291	0
SSTR2	NA	25	2964	0.393605
SSTR3	NA	15	4299	0.162826
SSTR4	NA	0	1258	0
SSTR5	NA	5	2718	0.0858458
SSTR5-AS1	NA	3	2933	0.0477318
SSU72	NA	2588	1303	92.6869
SSUH2	NA	3	2119	0.0660677
SSX1	NA	0	1384	0
SSX2	NA	0	1476	0
SSX2B	NA	0	1475	0
SSX2IP	NA	596	6114	4.54904
SSX3	NA	0	1319	0
SSX4	NA	0	1217	0
SSX4B	NA	0	1228	0
SSX5	NA	0	1384	0
SSX6	NA	0	1286	0
SSX7	NA	0	1340	0
SSX8	NA	0	1447	0
SSX9	NA	0	580	0
ST13	NA	5141	3581	66.9949
ST13P4	NA	1199	1598	35.014
ST14	NA	1	3300	0.0141412
ST18	NA	0	6330	0
ST20	NA	292	1516	8.9884
ST20-AS1	NA	174	2084	3.89628
ST20-MTHFS	NA	689	2282	14.0897
ST3GAL1	NA	3	6971	0.0200828
ST3GAL2	NA	838	4450	8.78785
ST3GAL3	NA	197	2875	3.19762
ST3GAL4	NA	447	2625	7.94652
ST3GAL4-AS1	NA	45	752	2.7925
ST3GAL5	NA	720	2448	13.7252
ST3GAL5-AS1	NA	3	1116	0.125446
ST3GAL6	NA	5	3938	0.0592506
ST3GAL6-AS1	NA	0	769	0
ST5	NA	1220	4705	12.1004
ST6GAL1	NA	189	4732	1.86387
ST6GAL2	NA	1	7068	0.00660241
ST6GALNAC1	NA	6	2714	0.103167
ST6GALNAC2	NA	318	2105	7.04975
ST6GALNAC3	NA	18	3621	0.231976
ST6GALNAC4	NA	680	1691	18.7657
ST6GALNAC5	NA	1	2032	0.0229655
ST6GALNAC6	NA	2216	2768	37.3596
ST7	NA	289	3159	4.2692
ST7-AS1	NA	166	1888	4.10303
ST7-AS2	NA	18	2405	0.349266
ST7-OT3	NA	23	1024	1.04816
ST7-OT4	NA	24	1572	0.712455
ST7L	NA	311	4812	3.01601
ST8SIA1	NA	1	9714	0.00480397
ST8SIA2	NA	9	5626	0.074652
ST8SIA3	NA	0	10153	0
ST8SIA4	NA	0	7354	0
ST8SIA5	NA	25	2824	0.413118
ST8SIA6	NA	5	1398	0.166902
ST8SIA6-AS1	NA	0	557	0
STAB1	NA	579	7926	3.40897
STAB2	NA	20	8230	0.113404
STAC	NA	1	3083	0.0151365
STAC2	NA	0	3277	0
STAC3	NA	29	1654	0.818203
STAG1	NA	565	5166	5.10379
STAG2	NA	852	6609	6.01593
STAG3	NA	103	4399	1.09265
STAG3L1	NA	467	2136	10.2027
STAG3L2	NA	529	1884	13.1031
STAG3L3	NA	470	2167	10.1213
STAG3L4	NA	291	2202	6.16701
STAG3L5P	NA	33	729	2.11244
STAG3L5P-PVRIG2P-PILRB	NA	1408	3844	17.093
STAM	NA	1102	3880	13.254
STAM-AS1	NA	15	2635	0.26565
STAM2	NA	354	5701	2.89768
STAMBP	NA	948	6791	6.51438
STAMBPL1	NA	0	2094	0
STAP1	NA	0	1511	0
STAP2	NA	315	1537	9.56391
STAR	NA	1	2695	0.0173157
STARD10	NA	888	1988	20.8447
STARD13	NA	22	7519	0.13654
STARD13-AS	NA	0	645	0
STARD3	NA	622	2847	10.1953
STARD3NL	NA	504	1744	13.486
STARD4	NA	912	5576	7.63257
STARD4-AS1	NA	20	5525	0.168926
STARD5	NA	12	1316	0.425524
STARD6	NA	0	663	0
STARD7	NA	3586	3379	49.5246
STARD7-AS1	NA	153	2483	2.8755
STARD8	NA	46	5133	0.418201
STARD9	NA	286	15584	0.856418
STAT1	NA	1196	4583	12.1781
STAT2	NA	962	4550	9.86648
STAT3	NA	3661	4973	34.3542
STAT4	NA	1	3089	0.0151071
STAT5A	NA	29	4489	0.301472
STAT5B	NA	812	5094	7.43868
STAT6	NA	2576	4267	28.1723
STATH	NA	0	600	0
STAU1	NA	2716	3825	33.1358
STAU2	NA	893	5903	7.05956
STAU2-AS1	NA	1	2068	0.0225657
STBD1	NA	372	2951	5.88264
STC1	NA	11	3877	0.132402
STC2	NA	210	5343	1.83414
STEAP1	NA	13	1313	0.462038
STEAP1B	NA	87	1692	2.39948
STEAP2	NA	4	7135	0.0261616
STEAP2-AS1	NA	0	627	0
STEAP3	NA	1158	4352	12.417
STEAP3-AS1	NA	70	3218	1.0151
STEAP4	NA	0	4572	0
STH	NA	0	890	0
STIL	NA	524	5228	4.67729
STIM1	NA	670	4393	7.11725
STIM2	NA	724	5246	6.44034
STIP1	NA	4305	2904	69.1792
STK10	NA	875	6019	6.78395
STK11	NA	1779	3276	25.3414
STK11IP	NA	562	3624	7.2368
STK16	NA	710	3127	10.5957
STK17A	NA	1986	3933	23.5643
STK17B	NA	29	5307	0.255004
STK19	NA	16218	12445	60.8137
STK24	NA	2388	4986	22.3502
STK25	NA	5334	3164	78.6711
STK26	NA	174	3336	2.43401
STK3	NA	393	3338	5.49421
STK31	NA	3	3759	0.0372433
STK32A	NA	1	5309	0.00878994
STK32B	NA	173	3620	2.23016
STK32C	NA	178	2119	3.92002
STK33	NA	568	3014	8.79435
STK35	NA	1079	6411	7.85406
STK36	NA	859	4935	8.12278
STK38	NA	2220	3631	28.5316
STK38L	NA	315	5096	2.88456
STK39	NA	364	3274	5.18826
STK4	NA	848	6330	6.2516
STK4-AS1	NA	3	2116	0.0661613
STK40	NA	1480	3909	17.6683
STKLD1	NA	48	3959	0.565789
STMN1	NA	14547	3602	188.464
STMN2	NA	0	2305	0
STMN3	NA	2787	2732	47.6053
STMN4	NA	31	2395	0.604025
STMND1	NA	1	1322	0.0352994
STOM	NA	3546	3328	49.7226
STOML1	NA	128	2244	2.66186
STOML2	NA	5007	1431	163.281
STOML3	NA	1	1998	0.0233563
STON1	NA	158	5633	1.30893
STON1-GTF2A1L	NA	30	4132	0.338813
STON2	NA	26	13046	0.0930025
STOX1	NA	51	3593	0.662387
STOX2	NA	0	4654	0
STPG1	NA	197	3047	3.01712
STPG2	NA	0	1654	0
STPG2-AS1	NA	0	537	0
STRA13	NA	644	796	37.7547
STRA6	NA	1305	5340	11.4043
STRA8	NA	0	993	0
STRADA	NA	677	2883	10.9583
STRADB	NA	1245	2322	25.0211
STRAP	NA	3447	1905	84.4394
STRBP	NA	1105	6607	7.80471
STRC	NA	63	5515	0.533082
STRIP1	NA	820	3458	11.0659
STRIP2	NA	620	5702	5.07415
STRN	NA	589	14110	1.94799
STRN3	NA	591	4222	6.53233
STRN4	NA	2806	3210	40.7926
STS	NA	208	6377	1.52211
STT3A	NA	1971	4314	21.3209
STT3B	NA	2052	4537	21.1061
STUB1	NA	1909	1695	52.5575
STX10	NA	1039	1393	34.8067
STX11	NA	2	5504	0.016957
STX12	NA	294	3079	4.45591
STX16	NA	2243	4967	21.0734
STX16-NPEPL1	NA	676	4048	7.793
STX17	NA	655	6908	4.42474
STX17-AS1	NA	26	552	2.19803
STX18	NA	1870	2157	40.4567
STX18-AS1	NA	103	2478	1.9397
STX18-IT1	NA	0	542	0
STX19	NA	0	1156	0
STX1A	NA	230	2125	5.05089
STX1B	NA	369	4674	3.68414
STX2	NA	797	3465	10.7338
STX3	NA	4461	6475	32.1508
STX4	NA	689	1951	16.4801
STX5	NA	1303	1872	32.4816
STX6	NA	1097	5072	10.0931
STX7	NA	410	4270	4.48079
STX8	NA	810	968	39.0489
STXBP1	NA	810	3967	9.52843
STXBP2	NA	10	1984	0.235211
STXBP3	NA	327	2503	6.09657
STXBP4	NA	78	6046	0.60204
STXBP5	NA	408	9352	2.03589
STXBP5-AS1	NA	24	3072	0.364577
STXBP5L	NA	4	9365	0.019932
STXBP6	NA	25	4967	0.234879
STYK1	NA	42	2995	0.654412
STYX	NA	423	4863	4.05915
STYXL1	NA	1005	1416	33.1209
SUB1	NA	2681	3507	35.6747
SUCLA2	NA	1141	2164	24.6052
SUCLG1	NA	5316	1457	170.265
SUCLG2	NA	969	2663	16.9805
SUCLG2-AS1	NA	28	2626	0.497579
SUCNR1	NA	0	1650	0
SUCO	NA	1052	6109	8.03608
SUDS3	NA	1185	4728	11.6961
SUFU	NA	719	5346	6.27623
SUGCT	NA	505	1728	13.6379
SUGP1	NA	1527	2089	34.1114
SUGP2	NA	2595	5030	24.0751
SUGT1	NA	707	1786	18.473
SUGT1P1	NA	9	769	0.546154
SUGT1P3	NA	3	1049	0.133458
SULF1	NA	4	6043	0.0308892
SULF2	NA	8694	4451	91.1509
SULT1A1	NA	973	2236	20.3067
SULT1A2	NA	391	1398	13.0517
SULT1A3	NA	1761	2798	29.3704
SULT1A4	NA	1761	2798	29.3704
SULT1B1	NA	0	1309	0
SULT1C2	NA	37	2890	0.597451
SULT1C2P1	NA	0	1874	0
SULT1C3	NA	0	915	0
SULT1C4	NA	0	1664	0
SULT1E1	NA	0	1780	0
SULT2A1	NA	2	1987	0.0469711
SULT2B1	NA	14	1405	0.464997
SULT4A1	NA	477	2465	9.03026
SULT6B1	NA	0	934	0
SUMF1	NA	777	2161	16.779
SUMF2	NA	1798	2054	40.8496
SUMO1	NA	4516	1527	138.011
SUMO1P1	NA	3	1209	0.115796
SUMO1P3	NA	1938	1206	74.9903
SUMO2	NA	3904	1066	170.904
SUMO3	NA	1135	1921	27.5719
SUMO4	NA	2	688	0.135656
SUN1	NA	996	4645	10.0063
SUN2	NA	1064	4320	11.4936
SUN3	NA	6	1534	0.182526
SUN5	NA	0	1252	0
SUOX	NA	711	2462	13.4766
SUPT16H	NA	7103	4684	70.7658
SUPT20H	NA	1194	3550	15.6955
SUPT20HL1	NA	0	2664	0
SUPT20HL2	NA	0	2454	0
SUPT3H	NA	482	4509	4.98845
SUPT4H1	NA	2014	1530	61.4281
SUPT5H	NA	3247	3868	39.1737
SUPT6H	NA	4049	5877	32.1507
SUPT7L	NA	2069	4740	20.3695
SUPV3L1	NA	978	2647	17.2418
SURF1	NA	451	1043	20.1786
SURF2	NA	353	845	19.4947
SURF4	NA	5907	3399	81.0988
SURF6	NA	1946	2330	38.975
SUSD1	NA	65	3082	0.984191
SUSD2	NA	0	3183	0
SUSD3	NA	0	1326	0
SUSD4	NA	0	3218	0
SUSD5	NA	1062	5005	9.90191
SUSD6	NA	524	5393	4.53419
SUV39H1	NA	390	3054	5.95929
SUV39H2	NA	500	3340	6.9859
SUV420H1	NA	1072	7394	6.76572
SUV420H2	NA	594	2309	12.005
SUZ12	NA	594	4477	6.19153
SUZ12P1	NA	137	728	8.78189
SV2A	NA	1266	4549	12.9872
SV2B	NA	3	11700	0.0119656
SV2C	NA	98	11603	0.394144
SVEP1	NA	1	12343	0.00378075
SVIL	NA	3469	8547	18.9404
SVIL-AS1	NA	1167	8048	6.76677
SVILP1	NA	48	1683	1.33093
SVIP	NA	43	1389	1.44466
SVOP	NA	1	6266	0.00744746
SVOPL	NA	4	1819	0.102619
SWAP70	NA	1790	4882	17.1102
SWI5	NA	503	981	23.9275
SWSAP1	NA	145	1662	4.07132
SWT1	NA	186	3945	2.20021
SYAP1	NA	1046	3525	13.8475
SYBU	NA	1264	4539	12.9953
SYCE1	NA	0	1839	0
SYCE1L	NA	16	877	0.851371
SYCE2	NA	25	933	1.25042
SYCE3	NA	4	442	0.422315
SYCN	NA	0	482	0
SYCP1	NA	0	3627	0
SYCP2	NA	181	5480	1.54133
SYCP2L	NA	66	3129	0.984322
SYCP3	NA	6	1129	0.248002
SYDE1	NA	1172	3303	16.5584
SYDE2	NA	207	4711	2.05048
SYF2	NA	1627	1777	42.7266
SYK	NA	0	5362	0
SYMPK	NA	3621	4188	40.3479
SYN1	NA	30	3210	0.436129
SYN2	NA	0	5705	0
SYN3	NA	1	3144	0.0148428
SYNC	NA	2710	3493	36.2051
SYNCRIP	NA	5310	8334	29.7331
SYNDIG1	NA	0	2523	0
SYNDIG1L	NA	3	2607	0.0537006
SYNE1	NA	164	27888	0.274426
SYNE1-AS1	NA	0	717	0
SYNE2	NA	1305	22269	2.73469
SYNE3	NA	32	3275	0.455971
SYNE4	NA	90	1564	2.68537
SYNGAP1	NA	1318	12020	5.11693
SYNGR1	NA	891	5357	7.76166
SYNGR2	NA	1828	1694	50.3572
SYNGR3	NA	950	2051	21.6151
SYNGR4	NA	2	1015	0.0919523
SYNJ1	NA	129	7211	0.83482
SYNJ2	NA	1494	7564	9.21717
SYNJ2-IT1	NA	0	599	0
SYNJ2BP	NA	1109	7060	7.33036
SYNJ2BP-COX16	NA	1138	2027	26.1992
SYNM	NA	4636	7354	29.4184
SYNPO	NA	1295	8251	7.32423
SYNPO2	NA	3	14041	0.00997061
SYNPO2L	NA	4	5086	0.0367014
SYNPR	NA	1	2987	0.015623
SYNPR-AS1	NA	0	558	0
SYNRG	NA	1006	8240	5.69731
SYP	NA	41	2433	0.786394
SYP-AS1	NA	2	669	0.139509
SYPL1	NA	1491	2469	28.1809
SYPL2	NA	26	3779	0.321067
SYS1	NA	613	5399	5.29841
SYS1-DBNDD2	NA	143	1344	4.96519
SYT1	NA	16	5327	0.140164
SYT10	NA	0	3286	0
SYT11	NA	992	5280	8.76751
SYT12	NA	41	3718	0.514604
SYT13	NA	3	5375	0.026046
SYT14	NA	457	5388	3.95811
SYT14P1	NA	0	2628	0
SYT15	NA	34	5693	0.2787
SYT16	NA	0	3137	0
SYT17	NA	27	3375	0.373326
SYT2	NA	15	7779	0.0899842
SYT3	NA	58	3099	0.873384
SYT4	NA	0	4096	0
SYT5	NA	61	2187	1.30161
SYT6	NA	0	4593	0
SYT7	NA	1001	6532	7.15133
SYT8	NA	4	1574	0.118592
SYT9	NA	15	3958	0.176854
SYTL1	NA	732	1966	17.3751
SYTL2	NA	642	5044	5.93962
SYTL3	NA	14	2896	0.225594
SYTL4	NA	27	4053	0.310875
SYTL5	NA	19	4883	0.181579
SYVN1	NA	747	3051	11.4255
SZRD1	NA	4491	3766	55.6495
SZT2	NA	800	13979	2.67062
T	NA	0	2484	0
TAAR1	NA	0	1020	0
TAAR2	NA	0	1056	0
TAAR3	NA	0	1078	0
TAAR5	NA	0	1147	0
TAAR6	NA	0	1038	0
TAAR8	NA	0	1029	0
TAAR9	NA	0	1049	0
TAB1	NA	959	3862	11.5879
TAB2	NA	2467	5029	22.8921
TAB3	NA	537	6787	3.69228
TAC1	NA	0	1188	0
TAC3	NA	47	955	2.29664
TAC4	NA	3	675	0.207404
TACC1	NA	1067	8288	6.00777
TACC2	NA	511	10737	2.22094
TACC3	NA	3124	2837	51.3867
TACO1	NA	720	1469	22.8723
TACR1	NA	2	4993	0.0186925
TACR2	NA	3	2416	0.0579459
TACR3	NA	0	1753	0
TACSTD2	NA	0	2072	0
TADA1	NA	381	2247	7.91263
TADA2A	NA	140	2016	3.24068
TADA2B	NA	657	4310	7.11356
TADA3	NA	2268	3419	30.9558
TAF1	NA	762	9871	3.6024
TAF10	NA	2017	817	115.208
TAF11	NA	1355	1562	40.4815
TAF12	NA	968	1450	31.1534
TAF13	NA	276	577	22.3219
TAF15	NA	5677	2191	120.914
TAF1A	NA	135	2281	2.7619
TAF1A-AS1	NA	20	956	0.976272
TAF1B	NA	194	2299	3.93787
TAF1C	NA	1595	4202	17.7135
TAF1D	NA	738	1311	26.2695
TAF1L	NA	63	6216	0.472964
TAF2	NA	748	5020	6.95339
TAF3	NA	383	3298	5.41935
TAF4	NA	459	4628	4.62826
TAF4B	NA	270	4448	2.83268
TAF5	NA	416	3268	5.94032
TAF5L	NA	731	6115	5.57853
TAF6	NA	2384	2952	37.6867
TAF6L	NA	307	2115	6.77371
TAF7	NA	4421	2295	89.8952
TAF7L	NA	19	2469	0.359113
TAF8	NA	373	4323	4.02645
TAF9	NA	2324	1582	68.5533
TAF9B	NA	389	2689	6.75084
TAGAP	NA	3	4197	0.0333565
TAGLN	NA	14618	1557	438.125
TAGLN2	NA	2590	1754	68.9079
TAGLN3	NA	0	1576	0
TAL1	NA	8	5103	0.0731582
TAL2	NA	0	648	0
TALDO1	NA	1959	1243	73.5465
TAMM41	NA	516	2600	9.26137
TANC1	NA	565	7512	3.50987
TANC2	NA	595	11747	2.36368
TANGO2	NA	358	2864	5.83322
TANGO6	NA	587	4818	5.68552
TANK	NA	367	2335	7.33462
TAOK1	NA	1332	12081	5.14517
TAOK2	NA	1563	6561	11.117
TAOK3	NA	247	4384	2.62921
TAP1	NA	1833	24523	3.48809
TAP2	NA	1709	47726	1.67104
TAPBP	NA	2216	20421	5.06397
TAPBPL	NA	51	1818	1.30911
TAPT1	NA	248	4588	2.52248
TAPT1-AS1	NA	287	2547	5.25838
TARBP1	NA	795	5130	7.23183
TARBP2	NA	956	1988	22.4409
TARDBP	NA	5547	4217	61.3837
TARID	NA	0	2984	0
TARM1	NA	0	897	0
TARP	NA	0	1027	0
TARS	NA	3409	3166	50.2475
TARS2	NA	851	2789	14.239
TARSL2	NA	528	3294	7.48013
TAS1R1	NA	6	2795	0.100177
TAS1R2	NA	2	2521	0.0370217
TAS1R3	NA	7	2559	0.127652
TAS2R1	NA	0	1355	0
TAS2R10	NA	1	924	0.0505041
TAS2R13	NA	1	1637	0.0285069
TAS2R14	NA	23	954	1.12507
TAS2R16	NA	0	996	0
TAS2R19	NA	3	1002	0.139718
TAS2R20	NA	31	1914	0.75582
TAS2R3	NA	0	1101	0
TAS2R30	NA	3	960	0.145831
TAS2R31	NA	2	1021	0.0914119
TAS2R38	NA	0	1143	0
TAS2R39	NA	0	1017	0
TAS2R4	NA	3	900	0.155553
TAS2R40	NA	0	972	0
TAS2R41	NA	0	924	0
TAS2R42	NA	0	945	0
TAS2R43	NA	2	1027	0.0908779
TAS2R46	NA	2	930	0.100357
TAS2R5	NA	9	1150	0.365211
TAS2R50	NA	0	1000	0
TAS2R60	NA	0	957	0
TAS2R7	NA	0	1096	0
TAS2R8	NA	0	930	0
TAS2R9	NA	0	1075	0
TASP1	NA	127	2351	2.52087
TAT	NA	1	2757	0.0169263
TAT-AS1	NA	2	810	0.115224
TATDN1	NA	349	1148	14.1867
TATDN2	NA	1182	4907	11.2409
TATDN3	NA	117	2609	2.09272
TAX1BP1	NA	1965	3668	24.9995
TAX1BP3	NA	3760	1383	126.872
TAZ	NA	523	2086	11.7
TBATA	NA	1	1583	0.0294793
TBC1D1	NA	1481	6896	10.022
TBC1D10A	NA	567	2018	13.1117
TBC1D10B	NA	1408	3288	19.9834
TBC1D10C	NA	23	1995	0.538002
TBC1D12	NA	241	5749	1.95625
TBC1D13	NA	738	3903	8.82382
TBC1D14	NA	1394	5316	12.237
TBC1D15	NA	608	5888	4.81875
TBC1D16	NA	1077	11303	4.44652
TBC1D17	NA	621	2372	12.2173
TBC1D19	NA	49	3117	0.733598
TBC1D2	NA	516	3683	6.53803
TBC1D20	NA	1107	4469	11.5594
TBC1D21	NA	0	1249	0
TBC1D22A	NA	577	5031	5.35205
TBC1D22A-AS1	NA	4	1951	0.0956757
TBC1D22B	NA	710	3591	9.2266
TBC1D23	NA	517	3886	6.2085
TBC1D24	NA	372	6595	2.63225
TBC1D25	NA	301	3812	3.68479
TBC1D26	NA	8	1869	0.199747
TBC1D28	NA	4	1978	0.0943697
TBC1D29	NA	0	668	0
TBC1D2B	NA	835	6067	6.4226
TBC1D3	NA	648	2260	13.3803
TBC1D30	NA	144	7824	0.85888
TBC1D31	NA	224	3504	2.9832
TBC1D32	NA	127	6088	0.973482
TBC1D3B	NA	571	2110	12.6285
TBC1D3C	NA	648	2105	14.3655
TBC1D3F	NA	2254	6237	16.8646
TBC1D3H	NA	2239	6405	16.313
TBC1D3K	NA	648	2065	14.6438
TBC1D3L	NA	648	2079	14.5452
TBC1D3P1-DHX40P1	NA	190	1129	7.85341
TBC1D3P2	NA	153	2062	3.46259
TBC1D3P5	NA	0	3083	0
TBC1D4	NA	43	6372	0.314914
TBC1D5	NA	630	8084	3.63675
TBC1D7	NA	346	1327	12.1676
TBC1D8	NA	226	4147	2.54316
TBC1D8B	NA	0	6299	0
TBC1D9	NA	515	5486	4.38077
TBC1D9B	NA	2354	5165	21.2684
TBCA	NA	4002	2447	76.3206
TBCB	NA	2049	1577	60.633
TBCC	NA	646	1651	18.2593
TBCCD1	NA	187	3152	2.76856
TBCD	NA	1427	4432	15.0253
TBCE	NA	579	2223	12.1545
TBCEL	NA	318	4039	3.67411
TBCK	NA	412	5558	3.45921
TBK1	NA	490	3087	7.40727
TBKBP1	NA	1196	4134	13.5008
TBL1X	NA	1196	6018	9.27423
TBL1XR1	NA	1354	6550	9.64664
TBL1Y	NA	1	2407	0.0193875
TBL2	NA	1166	3038	17.9106
TBL3	NA	643	2594	11.5675
TBP	NA	271	1904	6.64203
TBPL1	NA	613	1889	15.1435
TBPL2	NA	2	1295	0.0720707
TBR1	NA	0	3186	0
TBRG1	NA	595	5162	5.37895
TBRG4	NA	2327	2276	47.7115
TBX1	NA	1199	2804	19.9545
TBX10	NA	0	1548	0
TBX15	NA	375	3495	5.00706
TBX18	NA	0	6066	0
TBX19	NA	39	2822	0.644921
TBX2	NA	421	3380	5.81252
TBX2-AS1	NA	60	979	2.86001
TBX20	NA	0	1828	0
TBX21	NA	0	2572	0
TBX22	NA	0	2443	0
TBX3	NA	1	4783	0.0097566
TBX4	NA	1	2470	0.018893
TBX5	NA	0	4362	0
TBX5-AS1	NA	0	3638	0
TBX6	NA	0	1802	0
TBXA2R	NA	156	2601	2.79887
TBXAS1	NA	0	2695	0
TC2N	NA	7	5496	0.0594361
TCAF1	NA	2594	5960	20.3106
TCAF2	NA	7	6032	0.0541546
TCAF2P1	NA	4	2268	0.082303
TCAIM	NA	774	5471	6.60196
TCAM1P	NA	2	3317	0.0281374
TCAP	NA	17	963	0.823799
TCEA1	NA	2022	3163	29.8319
TCEA2	NA	411	2363	8.11665
TCEA3	NA	24	1750	0.639988
TCEAL1	NA	109	1280	3.97388
TCEAL2	NA	1	1101	0.0423849
TCEAL3	NA	243	1125	10.0798
TCEAL4	NA	2633	2118	58.0128
TCEAL5	NA	9	1166	0.360199
TCEAL6	NA	41	1532	1.24889
TCEAL7	NA	11	1184	0.43355
TCEAL8	NA	1605	1212	61.7975
TCEANC	NA	15	3407	0.205456
TCEANC2	NA	296	7499	1.84199
TCEB1	NA	1792	2330	35.8906
TCEB2	NA	9770	990	460.53
TCEB3	NA	2384	4943	22.5068
TCEB3-AS1	NA	324	1084	13.9481
TCEB3B	NA	0	3046	0
TCEB3C	NA	4	3754	0.0497238
TCEB3CL	NA	6	4923	0.0568748
TCEB3CL2	NA	4	3754	0.0497238
TCERG1	NA	1863	4201	20.6947
TCERG1L	NA	0	2617	0
TCERG1L-AS1	NA	1	472	0.0988682
TCF12	NA	1414	4963	13.2955
TCF15	NA	10	1227	0.380324
TCF19	NA	398	22121	0.839609
TCF20	NA	1074	7309	6.85717
TCF21	NA	0	3653	0
TCF23	NA	0	786	0
TCF24	NA	12	2450	0.228567
TCF25	NA	2141	2259	44.2282
TCF3	NA	3253	4678	32.4506
TCF4	NA	2	10834	0.00861469
TCF7	NA	470	4188	5.23709
TCF7L1	NA	1183	2918	18.919
TCF7L2	NA	598	4326	6.4508
TCFL5	NA	498	3952	5.88046
TCHH	NA	6	6995	0.0400278
TCHHL1	NA	0	3603	0
TCHP	NA	336	3310	4.73707
TCIRG1	NA	86	3041	1.31972
TCL1A	NA	0	1620	0
TCL1B	NA	0	1166	0
TCL6	NA	0	3307	0
TCN1	NA	4	1567	0.119121
TCN2	NA	302	2072	6.80168
TCOF1	NA	4079	5994	31.7567
TCONS_00029157	NA	1	2890	0.0161473
TCP1	NA	6340	2453	120.612
TCP10	NA	0	1273	0
TCP10L	NA	9	2697	0.155726
TCP10L2	NA	0	2185	0
TCP11	NA	5	2135	0.109288
TCP11L1	NA	420	3009	6.51367
TCP11L2	NA	18	2769	0.303353
TCP11X2	NA	0	1747	0
TCTA	NA	721	2147	15.6712
TCTE1	NA	8	1683	0.221822
TCTE3	NA	1	747	0.0624709
TCTEX1D1	NA	0	2264	0
TCTEX1D2	NA	431	679	29.6214
TCTEX1D4	NA	36	1268	1.3249
TCTN1	NA	308	2229	6.44821
TCTN2	NA	255	2912	4.08646
TCTN3	NA	1710	2739	29.1342
TDG	NA	844	3244	12.1412
TDGF1	NA	2	2192	0.0425783
TDGF1P3	NA	1	2710	0.0172199
TDH	NA	3	1357	0.103167
TDO2	NA	477	1703	13.0708
TDP1	NA	491	3747	6.115
TDP2	NA	1411	1925	34.2054
TDRD1	NA	0	4510	0
TDRD10	NA	33	2529	0.608925
TDRD12	NA	0	1617	0
TDRD15	NA	0	7160	0
TDRD3	NA	219	3137	3.25783
TDRD5	NA	0	4290	0
TDRD6	NA	0	8977	0
TDRD7	NA	259	3762	3.21277
TDRD9	NA	1	4764	0.00979551
TDRG1	NA	0	1085	0
TDRKH	NA	334	3263	4.7767
TDRP	NA	821	3423	11.1927
TEAD1	NA	2030	9416	10.0607
TEAD2	NA	856	2328	17.1589
TEAD3	NA	2019	2991	31.5006
TEAD4	NA	605	2161	13.0647
TEC	NA	6	3620	0.0773466
TECPR1	NA	305	5745	2.47747
TECPR2	NA	679	9068	3.49427
TECR	NA	1179	1231	44.6945
TECRL	NA	0	2814	0
TECTA	NA	16	6468	0.115438
TECTB	NA	3	2791	0.0501603
TEDDM1	NA	0	2500	0
TEF	NA	214	4663	2.14164
TEFM	NA	353	1339	12.3025
TEK	NA	1	4771	0.00978114
TEKT1	NA	0	1413	0
TEKT2	NA	3	1509	0.0927749
TEKT3	NA	6	1784	0.156948
TEKT4	NA	9	2218	0.189356
TEKT4P2	NA	167	2911	2.67715
TEKT5	NA	4	1609	0.116012
TELO2	NA	1095	3328	15.3543
TEN1	NA	170	997	7.95706
TEN1-CDK3	NA	243	3330	3.40534
TENM1	NA	0	12893	0
TENM2	NA	140	9645	0.677368
TENM3	NA	4	10810	0.0172676
TENM4	NA	1010	13548	3.47892
TEP1	NA	632	10694	2.75788
TEPP	NA	2	1621	0.0575766
TERC	NA	2	451	0.206944
TERF1	NA	1932	2960	30.4589
TERF2	NA	772	2983	12.0771
TERF2IP	NA	2240	2178	47.9942
TERT	NA	13	4013	0.151173
TES	NA	0	2858	0
TESC	NA	187	1024	8.52198
TESC-AS1	NA	0	465	0
TESK1	NA	644	2516	11.9447
TESK2	NA	258	3076	3.9141
TESPA1	NA	0	4140	0
TET1	NA	113	9584	0.550212
TET2	NA	214	15321	0.651817
TET2-AS1	NA	0	754	0
TET3	NA	446	11387	1.82778
TEX10	NA	5291	3274	75.415
TEX101	NA	0	1739	0
TEX11	NA	0	3140	0
TEX12	NA	1	1144	0.0407918
TEX13A	NA	0	1396	0
TEX13B	NA	1	1248	0.0373925
TEX14	NA	34	4946	0.320792
TEX15	NA	31	10112	0.143062
TEX19	NA	17	1936	0.409772
TEX2	NA	798	5270	7.06628
TEX21P	NA	7	1045	0.312594
TEX22	NA	82	2571	1.48837
TEX26	NA	0	998	0
TEX26-AS1	NA	4	2190	0.0852343
TEX261	NA	1916	3367	26.5553
TEX264	NA	546	1877	13.5746
TEX28	NA	1	1621	0.0287883
TEX29	NA	6	951	0.294421
TEX30	NA	454	1397	15.1655
TEX33	NA	0	1049	0
TEX35	NA	0	1391	0
TEX36	NA	2	922	0.101227
TEX36-AS1	NA	0	749	0
TEX37	NA	7	796	0.410378
TEX38	NA	1	851	0.0548364
TEX40	NA	1	744	0.0627228
TEX41	NA	0	4786	0
TEX43	NA	0	459	0
TEX9	NA	89	1782	2.33067
TF	NA	4	2791	0.0668804
TFAM	NA	749	5369	6.51009
TFAMP1	NA	3	2223	0.0629768
TFAP2A	NA	593	4252	6.50819
TFAP2A-AS1	NA	27	1304	0.96624
TFAP2B	NA	0	5770	0
TFAP2C	NA	6	2865	0.0977294
TFAP2D	NA	0	2040	0
TFAP2E	NA	17	2187	0.362743
TFAP4	NA	217	2140	4.732
TFB1M	NA	373	2802	6.21211
TFB2M	NA	437	1786	11.4182
TFCP2	NA	1120	3715	14.0688
TFCP2L1	NA	28	9286	0.140711
TFDP1	NA	1550	2694	26.8493
TFDP2	NA	1725	10141	7.93793
TFDP3	NA	4	1680	0.111109
TFE3	NA	2306	3450	31.1917
TFEB	NA	307	2735	5.23817
TFEC	NA	1	6829	0.00683347
TFF1	NA	1	492	0.0948492
TFF2	NA	0	707	0
TFF3	NA	0	1054	0
TFG	NA	2815	2114	62.1401
TFIP11	NA	1198	2926	19.1065
TFPI	NA	2677	4141	30.1677
TFPI2	NA	25	2444	0.477351
TFPT	NA	1002	1205	38.8043
TFR2	NA	35	2982	0.547721
TFRC	NA	2403	5295	21.1781
TG	NA	5	8453	0.0276031
TGDS	NA	399	1996	9.32848
TGFA	NA	6	4765	0.0587607
TGFA-IT1	NA	0	492	0
TGFB1	NA	2382	2583	43.0344
TGFB1I1	NA	0	1866	0
TGFB2	NA	9	5954	0.0705395
TGFB2-AS1	NA	0	557	0
TGFB2-OT1	NA	6	1370	0.204376
TGFB3	NA	39	3458	0.526306
TGFBI	NA	23	2805	0.382643
TGFBR1	NA	854	6527	6.10581
TGFBR2	NA	2	4703	0.0198451
TGFBR3	NA	715	6802	4.90533
TGFBR3L	NA	18	1256	0.668777
TGFBRAP1	NA	875	5683	7.18504
TGIF1	NA	4128	4131	46.6319
TGIF2	NA	603	3624	7.76476
TGIF2-C20orf24	NA	1628	1090	69.699
TGIF2LX	NA	0	847	0
TGIF2LY	NA	0	861	0
TGM1	NA	338	2777	5.67988
TGM2	NA	4793	4085	54.7538
TGM3	NA	40	2677	0.697285
TGM4	NA	2	2999	0.0311209
TGM5	NA	5	2767	0.0843256
TGM6	NA	1	2292	0.0203603
TGM7	NA	0	2312	0
TGOLN2	NA	2236	6424	16.243
TGS1	NA	1069	3692	13.5118
TH	NA	14	1910	0.342053
TH2LCRR	NA	129	929	6.47997
THADA	NA	1499	6786	10.3083
THAP1	NA	111	2167	2.39036
THAP10	NA	68	2047	1.55021
THAP11	NA	551	1886	13.6335
THAP2	NA	56	4840	0.539935
THAP3	NA	2014	2972	31.6235
THAP4	NA	1773	2318	35.6939
THAP5	NA	168	3789	2.06911
THAP6	NA	189	3578	2.46502
THAP7	NA	527	1242	19.801
THAP7-AS1	NA	122	2971	1.91627
THAP8	NA	111	1825	2.8383
THAP9	NA	99	4038	1.14411
THAP9-AS1	NA	1109	2308	22.423
THBD	NA	0	4032	0
THBS1	NA	128	7243	0.824689
THBS2	NA	9	5881	0.0714151
THBS3	NA	5116	3316	71.9971
THBS4	NA	29	3636	0.372197
THCAT155	NA	0	5979	0
THCAT158	NA	3	776	0.180409
THEG	NA	0	1326	0
THEG5	NA	0	1696	0
THEGL	NA	0	1466	0
THEM4	NA	1	5171	0.00902452
THEM5	NA	1	1146	0.0407206
THEM6	NA	160	2264	3.29794
THEMIS	NA	1	4187	0.0111454
THEMIS2	NA	12	2724	0.205576
THG1L	NA	451	1305	16.1274
THNSL1	NA	219	3770	2.71082
THNSL2	NA	0	2317	0
THOC1	NA	1242	2120	27.3391
THOC2	NA	1664	5610	13.8417
THOC3	NA	1903	1601	55.4685
THOC5	NA	1356	2754	22.9771
THOC6	NA	512	1420	16.826
THOC7	NA	1568	1278	57.2551
THOC7-AS1	NA	0	673	0
THOP1	NA	1569	2550	28.7132
THPO	NA	20	2186	0.426951
THRA	NA	170	3496	2.26922
THRA1/BTR	NA	0	728	0
THRAP3	NA	3549	4431	37.3769
THRB	NA	5	7684	0.0303656
THRB-AS1	NA	0	885	0
THRIL	NA	90	1981	2.1201
THRSP	NA	25	1180	0.988682
THSD1	NA	290	3347	4.04335
THSD4	NA	516	9425	2.55486
THSD4-AS1	NA	0	835	0
THSD4-AS2	NA	0	2139	0
THSD7A	NA	0	10585	0
THSD7B	NA	0	5845	0
THTPA	NA	169	2675	2.94823
THUMPD1	NA	1094	4503	11.3374
THUMPD2	NA	436	2345	8.67646
THUMPD3	NA	485	3980	5.68666
THUMPD3-AS1	NA	165	1860	4.13971
THY1	NA	1621	2397	31.5583
THYN1	NA	1497	1321	52.8832
TIA1	NA	1094	4653	10.9719
TIAF1	NA	1022	2089	22.8303
TIAL1	NA	2281	3942	27.0027
TIAM1	NA	9	7198	0.0583485
TIAM2	NA	148	6044	1.14271
TICAM1	NA	1	2722	0.0171439
TICAM2	NA	181	3203	2.63706
TICRR	NA	410	6669	2.86894
TIE1	NA	47	3982	0.550802
TIFA	NA	58	3073	0.880773
TIFAB	NA	6	1273	0.219949
TIGAR	NA	1365	8225	7.74454
TIGD1	NA	207	2621	3.68555
TIGD2	NA	873	2085	19.5392
TIGD3	NA	18	1966	0.427256
TIGD4	NA	23	2472	0.434188
TIGD5	NA	397	2412	7.6809
TIGD6	NA	133	4547	1.36498
TIGD7	NA	255	3430	3.46932
TIGIT	NA	0	2968	0
TIMD4	NA	2	1369	0.068175
TIMELESS	NA	1600	5138	14.532
TIMM10	NA	541	674	37.4573
TIMM10B	NA	993	2842	16.3051
TIMM13	NA	2263	1995	52.9347
TIMM17A	NA	1816	1659	51.082
TIMM17B	NA	1310	1100	55.5747
TIMM21	NA	762	1534	23.1808
TIMM22	NA	989	1673	27.5867
TIMM23	NA	3010	1349	104.125
TIMM23B	NA	686	2639	12.1306
TIMM44	NA	1562	2000	36.446
TIMM50	NA	1129	2572	20.4843
TIMM8A	NA	237	1806	6.12392
TIMM8B	NA	1690	1140	69.18
TIMM9	NA	823	1336	28.747
TIMMDC1	NA	1238	1593	36.2663
TIMP1	NA	1887	916	96.1336
TIMP2	NA	4876	3655	62.2551
TIMP3	NA	5	5486	0.0425317
TIMP4	NA	0	1633	0
TINAG	NA	0	1804	0
TINAGL1	NA	1899	2281	38.8507
TINCR	NA	5	3733	0.0625044
TINF2	NA	849	2177	18.199
TIPARP	NA	1583	4530	16.3073
TIPARP-AS1	NA	17	2543	0.311962
TIPIN	NA	433	1280	15.7862
TIPRL	NA	756	3307	10.6681
TIRAP	NA	140	2485	2.62906
TISP43	NA	0	2215	0
TJAP1	NA	738	3119	11.0418
TJP1	NA	2001	8557	10.9125
TJP2	NA	411	6663	2.87853
TJP3	NA	113	3335	1.58118
TK1	NA	1384	1595	40.4925
TK2	NA	366	6137	2.78307
TKFC	NA	297	4241	3.26804
TKT	NA	11898	3090	179.686
TKTL1	NA	1	2899	0.0160972
TKTL2	NA	0	2801	0
TLCD1	NA	249	1197	9.70742
TLCD2	NA	231	5901	1.82678
TLDC1	NA	1267	5031	11.7522
TLDC2	NA	103	2089	2.3009
TLE1	NA	882	4153	9.91072
TLE2	NA	520	2954	8.2147
TLE3	NA	1566	5910	12.3653
TLE4	NA	434	5401	3.74985
TLE6	NA	53	2017	1.22622
TLK1	NA	913	6032	7.06331
TLK2	NA	1325	5513	11.2157
TLL1	NA	2	7777	0.012001
TLL2	NA	146	6771	1.00623
TLN1	NA	5689	8434	31.4776
TLN2	NA	1386	11649	5.5523
TLR1	NA	0	2851	0
TLR10	NA	0	3990	0
TLR2	NA	0	3402	0
TLR3	NA	7	3041	0.107419
TLR4	NA	21	5781	0.169518
TLR5	NA	1	4267	0.0109364
TLR6	NA	3	5887	0.0237808
TLR7	NA	3	4992	0.0280444
TLR8	NA	0	4353	0
TLR8-AS1	NA	19	1589	0.557993
TLR9	NA	0	3870	0
TLX1	NA	9	2130	0.197179
TLX1NB	NA	3	3031	0.0461885
TLX2	NA	0	2152	0
TLX3	NA	1	1493	0.0312564
TM2D1	NA	264	1250	9.85582
TM2D2	NA	1648	3641	21.122
TM2D3	NA	405	2159	8.75389
TM4SF1	NA	12844	1691	354.45
TM4SF1-AS1	NA	13	931	0.651617
TM4SF18	NA	1354	3925	16.0982
TM4SF19	NA	21	1059	0.925384
TM4SF19-AS1	NA	14	2061	0.316992
TM4SF19-TCTEX1D2	NA	106	1008	4.90732
TM4SF20	NA	2	2294	0.0406851
TM4SF4	NA	7	1607	0.203274
TM4SF5	NA	1	708	0.0659121
TM6SF1	NA	31	1909	0.7578
TM6SF2	NA	50	1483	1.57336
TM7SF2	NA	614	1601	17.8968
TM7SF3	NA	3336	4343	35.8455
TM9SF1	NA	871	2843	14.2968
TM9SF2	NA	1642	3515	21.7995
TM9SF3	NA	4237	6140	32.2024
TM9SF4	NA	1836	3978	21.5381
TMA16	NA	424	1918	10.3161
TMA7	NA	2580	463	260.038
TMBIM1	NA	2772	2349	55.0692
TMBIM4	NA	349	2003	8.13099
TMBIM6	NA	10255	3356	142.598
TMC1	NA	0	3201	0
TMC2	NA	1	3169	0.0147257
TMC3	NA	1	3303	0.0141283
TMC3-AS1	NA	0	1077	0
TMC4	NA	30	2481	0.564278
TMC5	NA	8	6076	0.0614428
TMC6	NA	1366	2958	21.5502
TMC7	NA	134	5196	1.20347
TMC8	NA	31	4419	0.327368
TMCC1	NA	667	6724	4.6291
TMCC1-AS1	NA	105	3497	1.40117
TMCC2	NA	297	4614	3.00385
TMCC3	NA	668	6106	5.10527
TMCO1	NA	3341	4670	33.3855
TMCO2	NA	0	741	0
TMCO3	NA	1706	3086	25.7977
TMCO4	NA	414	2974	6.49618
TMCO5A	NA	0	1245	0
TMCO5B	NA	1	857	0.0544525
TMCO6	NA	216	1911	5.27463
TMED1	NA	805	1866	20.1318
TMED10	NA	5845	4144	65.8208
TMED10P1	NA	112	4033	1.29595
TMED11P	NA	0	533	0
TMED2	NA	2856	2126	62.6893
TMED3	NA	1273	3342	17.7755
TMED4	NA	1728	3782	21.3217
TMED5	NA	674	6185	5.08533
TMED6	NA	20	940	0.992889
TMED7	NA	533	4063	6.1218
TMED7-TICAM2	NA	300	3773	3.71051
TMED8	NA	8	978	0.381724
TMED9	NA	6481	1393	217.115
TMEFF1	NA	617	2486	11.582
TMEFF2	NA	0	5781	0
TMEM100	NA	3	2388	0.0586254
TMEM101	NA	477	2040	10.9116
TMEM102	NA	159	1973	3.7607
TMEM104	NA	718	4749	7.05539
TMEM105	NA	16	3319	0.224963
TMEM106A	NA	2	3333	0.0280023
TMEM106B	NA	202	6514	1.44711
TMEM106C	NA	3044	1588	89.4526
TMEM107	NA	227	1775	5.96796
TMEM108	NA	3	4159	0.0336613
TMEM108-AS1	NA	0	2338	0
TMEM109	NA	672	2388	13.1321
TMEM11	NA	1014	1688	28.0327
TMEM110	NA	354	4736	3.48811
TMEM110-MUSTN1	NA	76	1459	2.43084
TMEM114	NA	0	1125	0
TMEM115	NA	1382	2095	30.7838
TMEM116	NA	103	1820	2.64098
TMEM117	NA	71	2999	1.10479
TMEM119	NA	38	2701	0.656535
TMEM120A	NA	521	1471	16.5281
TMEM120B	NA	3438	7510	21.3631
TMEM121	NA	214	1519	6.57438
TMEM123	NA	2940	3590	38.2166
TMEM125	NA	3	1786	0.078386
TMEM126A	NA	192	818	10.9533
TMEM126B	NA	596	1341	20.7404
TMEM127	NA	1336	4593	13.574
TMEM128	NA	415	1767	10.96
TMEM129	NA	1468	2837	24.1471
TMEM130	NA	691	3065	10.5207
TMEM131	NA	1621	6642	11.3889
TMEM132A	NA	1665	3520	22.0735
TMEM132B	NA	640	11089	2.69331
TMEM132C	NA	0	4947	0
TMEM132D	NA	0	5777	0
TMEM132E	NA	16	4639	0.160951
TMEM133	NA	1	1856	0.0251432
TMEM134	NA	539	1117	22.5182
TMEM135	NA	594	9080	3.05281
TMEM136	NA	579	4462	6.05547
TMEM138	NA	615	1842	15.5806
TMEM139	NA	40	2522	0.74014
TMEM140	NA	356	2055	8.0842
TMEM141	NA	627	858	34.1019
TMEM143	NA	155	2560	2.82547
TMEM144	NA	401	3318	5.63984
TMEM145	NA	18	1779	0.472167
TMEM147	NA	1502	966	72.559
TMEM147-AS1	NA	617	1627	17.6969
TMEM14A	NA	153	1014	7.04129
TMEM14B	NA	1202	1810	30.9902
TMEM14C	NA	2286	1187	89.872
TMEM14E	NA	0	1293	0
TMEM150A	NA	448	1554	13.4532
TMEM150B	NA	6	982	0.285127
TMEM150C	NA	66	1888	1.63133
TMEM151A	NA	56	2530	1.03292
TMEM151B	NA	168	4619	1.69731
TMEM154	NA	1	3216	0.0145105
TMEM155	NA	1	2316	0.0201493
TMEM156	NA	51	1934	1.23059
TMEM158	NA	57	1859	1.43085
TMEM159	NA	73	2329	1.46269
TMEM160	NA	1434	655	102.166
TMEM161A	NA	714	1827	18.2372
TMEM161B	NA	212	3486	2.83797
TMEM161B-AS1	NA	66	1391	2.21419
TMEM163	NA	0	1893	0
TMEM164	NA	1024	5708	8.37172
TMEM165	NA	614	2078	13.7886
TMEM167A	NA	3493	4587	35.536
TMEM167B	NA	412	2750	6.99139
TMEM168	NA	305	7392	1.92547
TMEM169	NA	3	3461	0.04045
TMEM17	NA	42	1925	1.01816
TMEM170A	NA	567	5071	5.21781
TMEM170B	NA	286	8413	1.5864
TMEM171	NA	5	1266	0.184304
TMEM173	NA	400	2207	8.45778
TMEM174	NA	0	1758	0
TMEM175	NA	313	2356	6.19966
TMEM176A	NA	1	1038	0.0449574
TMEM176B	NA	38	1673	1.05995
TMEM177	NA	648	1738	17.399
TMEM178A	NA	1305	1830	33.2781
TMEM178B	NA	25	10557	0.110509
TMEM179	NA	2	3651	0.0255633
TMEM179B	NA	772	1043	34.5407
TMEM18	NA	456	2124	10.0186
TMEM180	NA	136	2834	2.23943
TMEM181	NA	962	5397	8.31805
TMEM182	NA	48	3588	0.624292
TMEM183A	NA	1829	2220	38.4467
TMEM183B	NA	1756	1689	48.517
TMEM184A	NA	294	6276	2.18607
TMEM184B	NA	2304	3878	27.7251
TMEM184C	NA	470	2973	7.37737
TMEM185A	NA	392	3091	5.91815
TMEM185B	NA	1192	5938	9.36774
TMEM186	NA	321	1448	10.3451
TMEM187	NA	59	1667	1.65164
TMEM189	NA	1489	2399	28.9643
TMEM189-UBE2V1	NA	6886	2918	110.124
TMEM19	NA	272	4658	2.72501
TMEM190	NA	120	593	9.44333
TMEM191A	NA	25	1958	0.595835
TMEM191B	NA	44	1334	1.5392
TMEM191C	NA	43	1307	1.53529
TMEM192	NA	406	4495	4.21498
TMEM196	NA	0	3364	0
TMEM198	NA	263	2578	4.76071
TMEM198B	NA	737	3502	9.82087
TMEM199	NA	849	3148	12.5855
TMEM2	NA	334	6523	2.38945
TMEM200A	NA	2	5592	0.0166902
TMEM200B	NA	778	2616	13.8784
TMEM200C	NA	0	1920	0
TMEM201	NA	1057	6542	7.53986
TMEM202	NA	0	1296	0
TMEM203	NA	1009	1556	30.2608
TMEM204	NA	2	1910	0.0488647
TMEM205	NA	2374	1295	85.548
TMEM206	NA	497	2145	10.8125
TMEM207	NA	0	1448	0
TMEM208	NA	657	794	38.6139
TMEM209	NA	167	3547	2.19712
TMEM210	NA	0	510	0
TMEM211	NA	0	507	0
TMEM212	NA	1	1881	0.024809
TMEM212-AS1	NA	0	427	0
TMEM213	NA	0	3390	0
TMEM214	NA	1385	3040	21.2606
TMEM215	NA	0	5383	0
TMEM216	NA	18	1320	0.636352
TMEM217	NA	131	2897	2.11019
TMEM218	NA	234	4254	2.56695
TMEM219	NA	1007	999	47.0395
TMEM220	NA	194	3092	2.92793
TMEM220-AS1	NA	47	1360	1.61272
TMEM221	NA	112	1930	2.70807
TMEM222	NA	760	1855	19.1191
TMEM223	NA	345	937	17.1822
TMEM225	NA	0	1107	0
TMEM229A	NA	0	2554	0
TMEM229B	NA	298	4068	3.41849
TMEM230	NA	2352	1795	61.1465
TMEM231	NA	354	3125	5.2863
TMEM232	NA	17	3192	0.248533
TMEM233	NA	0	1573	0
TMEM234	NA	303	1082	13.0681
TMEM235	NA	0	2491	0
TMEM236	NA	10	10909	0.0427773
TMEM237	NA	1644	5763	13.3123
TMEM238	NA	1	662	0.0704921
TMEM239	NA	1	701	0.0665703
TMEM240	NA	7	1117	0.292445
TMEM241	NA	216	2992	3.36892
TMEM242	NA	620	5065	5.7123
TMEM243	NA	508	1043	22.7289
TMEM244	NA	0	545	0
TMEM245	NA	796	7997	4.64499
TMEM246	NA	580	4543	5.95777
TMEM246-AS1	NA	8	864	0.432091
TMEM247	NA	0	680	0
TMEM248	NA	2385	4238	26.2619
TMEM249	NA	103	1674	2.87131
TMEM25	NA	315	3010	4.88363
TMEM251	NA	365	1362	12.5059
TMEM252	NA	0	1243	0
TMEM253	NA	22	1526	0.67277
TMEM254	NA	391	2865	6.3687
TMEM254-AS1	NA	41	4046	0.472886
TMEM255A	NA	2	3497	0.026689
TMEM255B	NA	17	1031	0.769465
TMEM256	NA	1333	481	129.325
TMEM256-PLSCR3	NA	954	2049	21.7273
TMEM257	NA	0	2443	0
TMEM258	NA	1339	411	152.033
TMEM259	NA	5319	2708	91.66
TMEM26	NA	58	5155	0.525047
TMEM26-AS1	NA	5	1703	0.137011
TMEM260	NA	494	4263	5.40767
TMEM261	NA	1287	2486	24.1588
TMEM262	NA	19	512	1.73174
TMEM263	NA	686	3369	9.50215
TMEM265	NA	241	2100	5.35546
TMEM27	NA	31	1580	0.915595
TMEM30A	NA	1766	4544	18.1364
TMEM30B	NA	0	4442	0
TMEM30C	NA	0	518	0
TMEM31	NA	1	732	0.0637511
TMEM33	NA	1036	7717	6.26484
TMEM35	NA	54	2070	1.21737
TMEM37	NA	388	1687	10.7329
TMEM38A	NA	7	1625	0.201022
TMEM38B	NA	131	3543	1.72544
TMEM39A	NA	671	5018	6.24009
TMEM39B	NA	396	1818	10.1648
TMEM40	NA	22	2280	0.450284
TMEM41A	NA	571	2827	9.4256
TMEM41B	NA	862	4140	9.71641
TMEM42	NA	243	983	11.5359
TMEM43	NA	2097	3342	29.2813
TMEM44	NA	252	2520	4.66658
TMEM44-AS1	NA	69	1434	2.24543
TMEM45A	NA	127	1564	3.78936
TMEM45B	NA	18	2207	0.3806
TMEM47	NA	0	4054	0
TMEM5	NA	341	2289	6.95196
TMEM5-AS1	NA	42	563	3.48129
TMEM50A	NA	1585	2302	32.1309
TMEM50B	NA	901	3127	13.4461
TMEM51	NA	687	2238	14.325
TMEM51-AS1	NA	44	6979	0.294211
TMEM52	NA	85	958	4.14049
TMEM52B	NA	95	3086	1.43657
TMEM53	NA	261	2363	5.15437
TMEM54	NA	620	993	29.1368
TMEM55A	NA	137	2403	2.66051
TMEM55B	NA	618	1848	15.6058
TMEM56	NA	133	7185	0.863821
TMEM56-RWDD3	NA	186	1489	5.82931
TMEM57	NA	800	3977	9.38714
TMEM59	NA	2486	7035	16.4906
TMEM59L	NA	1868	1619	53.8429
TMEM60	NA	547	873	29.2396
TMEM61	NA	0	1225	0
TMEM62	NA	234	2768	3.94501
TMEM63A	NA	458	4453	4.79967
TMEM63B	NA	800	3199	11.6701
TMEM63C	NA	210	5402	1.81411
TMEM64	NA	81	4819	0.784381
TMEM65	NA	7	4307	0.0758441
TMEM67	NA	157	5103	1.43573
TMEM68	NA	506	4478	5.27309
TMEM69	NA	1177	1471	37.339
TMEM70	NA	859	2192	18.2874
TMEM71	NA	1	2138	0.0218268
TMEM72	NA	3	2901	0.0482583
TMEM72-AS1	NA	0	3300	0
TMEM74	NA	1	2087	0.0223602
TMEM74B	NA	120	2228	2.51342
TMEM75	NA	5	2165	0.107773
TMEM79	NA	84	2354	1.66522
TMEM80	NA	177	2237	3.69238
TMEM81	NA	99	1332	3.4684
TMEM82	NA	0	1265	0
TMEM86A	NA	74	3651	0.945842
TMEM86B	NA	115	1751	3.06486
TMEM87A	NA	857	5204	7.68497
TMEM87B	NA	545	5212	4.87967
TMEM88	NA	56	874	2.99003
TMEM88B	NA	13	492	1.23304
TMEM89	NA	3	480	0.291661
TMEM8A	NA	2106	3656	26.8813
TMEM8B	NA	331	4139	3.73191
TMEM8C	NA	0	818	0
TMEM9	NA	4986	2471	94.1626
TMEM91	NA	150	1423	4.91909
TMEM92	NA	100	2816	1.65717
TMEM92-AS1	NA	1	746	0.0625547
TMEM95	NA	1	1169	0.0399194
TMEM97	NA	1756	2568	31.9101
TMEM98	NA	82	1867	2.0496
TMEM99	NA	321	2166	6.91585
TMEM9B	NA	821	2298	16.6722
TMEM9B-AS1	NA	21	1053	0.930657
TMF1	NA	858	6879	5.82051
TMIE	NA	1	1861	0.0250757
TMIGD1	NA	0	1201	0
TMIGD2	NA	7	1266	0.258026
TMIGD3	NA	1	2308	0.0202192
TMLHE	NA	246	4126	2.7823
TMLHE-AS1	NA	14	1702	0.383855
TMOD1	NA	373	3426	5.08066
TMOD2	NA	25	9184	0.12703
TMOD3	NA	774	4666	7.74096
TMOD4	NA	6	1322	0.211796
TMPO	NA	1707	6993	11.3912
TMPO-AS1	NA	212	3161	3.12975
TMPPE	NA	23	3971	0.270288
TMPRSS11A	NA	1	2428	0.0192199
TMPRSS11B	NA	0	2645	0
TMPRSS11BNL	NA	0	1383	0
TMPRSS11D	NA	0	2783	0
TMPRSS11E	NA	4	4272	0.0436946
TMPRSS11F	NA	0	2077	0
TMPRSS11GP	NA	0	341	0
TMPRSS12	NA	1	1461	0.031941
TMPRSS13	NA	0	4675	0
TMPRSS15	NA	0	3944	0
TMPRSS2	NA	0	3320	0
TMPRSS3	NA	0	3489	0
TMPRSS4	NA	1	3543	0.0131713
TMPRSS4-AS1	NA	0	382	0
TMPRSS5	NA	23	2341	0.458485
TMPRSS6	NA	8	3392	0.110061
TMPRSS7	NA	0	2622	0
TMPRSS9	NA	23	3180	0.33752
TMSB10	NA	45282	482	4384.07
TMSB15A	NA	54	666	3.78371
TMSB15B	NA	4	666	0.280275
TMSB4X	NA	36587	629	2714.41
TMSB4Y	NA	27	1667	0.755835
TMTC1	NA	7	9193	0.0355336
TMTC2	NA	4	4842	0.0385508
TMTC3	NA	340	7203	2.20274
TMTC4	NA	212	3840	2.57634
TMUB1	NA	2080	1898	51.1406
TMUB2	NA	850	2547	15.5736
TMX1	NA	542	4103	6.16448
TMX2	NA	1914	1792	49.8428
TMX2-CTNND1	NA	4360	6251	32.5489
TMX3	NA	591	4745	5.81233
TMX4	NA	374	6164	2.83144
TNC	NA	2	8600	0.0108525
TNF	NA	677	13041	2.42257
TNFAIP1	NA	3152	3809	38.6166
TNFAIP2	NA	334	4175	3.73326
TNFAIP3	NA	57	4738	0.561408
TNFAIP6	NA	1	1424	0.0327709
TNFAIP8	NA	601	3506	7.99947
TNFAIP8L1	NA	381	3960	4.48982
TNFAIP8L2	NA	0	1178	0
TNFAIP8L2-SCNM1	NA	476	1948	11.4029
TNFAIP8L3	NA	38	2258	0.785341
TNFRSF10A	NA	1	1750	0.0266662
TNFRSF10B	NA	6112	4152	68.6949
TNFRSF10C	NA	35	1494	1.09324
TNFRSF10D	NA	3337	3538	44.0146
TNFRSF11A	NA	37	4593	0.375927
TNFRSF11B	NA	0	2346	0
TNFRSF12A	NA	3389	1032	153.247
TNFRSF13B	NA	0	1358	0
TNFRSF13C	NA	7	934	0.349744
TNFRSF14	NA	89	3501	1.18631
TNFRSF17	NA	0	994	0
TNFRSF18	NA	0	1200	0
TNFRSF19	NA	10	4838	0.0964568
TNFRSF1A	NA	1874	2226	39.2865
TNFRSF1B	NA	0	3675	0
TNFRSF21	NA	88	3642	1.12756
TNFRSF25	NA	272	1913	6.63518
TNFRSF4	NA	4	1104	0.169079
TNFRSF6B	NA	80	1155	3.23226
TNFRSF8	NA	3	3686	0.0379808
TNFRSF9	NA	93	5993	0.724165
TNFSF10	NA	2	3064	0.0304607
TNFSF11	NA	0	2727	0
TNFSF12	NA	1	1625	0.0287174
TNFSF12-TNFSF13	NA	35	1864	0.876235
TNFSF13	NA	59	2276	1.2097
TNFSF13B	NA	6	2671	0.104828
TNFSF14	NA	2	2894	0.03225
TNFSF15	NA	5	6765	0.0344906
TNFSF18	NA	1	748	0.0623874
TNFSF4	NA	27	3722	0.338521
TNFSF8	NA	0	4605	0
TNFSF9	NA	4189	1665	117.407
TNIK	NA	3	6091	0.0229843
TNIP1	NA	2324	3115	34.8158
TNIP2	NA	727	2039	16.6386
TNIP3	NA	0	2746	0
TNK1	NA	26	2922	0.415233
TNK2	NA	1805	5212	16.1611
TNKS	NA	1350	9599	6.56306
TNKS1BP1	NA	3752	5820	30.0842
TNKS2	NA	910	6274	6.76855
TNKS2-AS1	NA	12	761	0.73586
TNMD	NA	0	1348	0
TNN	NA	1	5008	0.00931825
TNNC1	NA	2592	696	173.79
TNNC2	NA	99	681	6.78401
TNNI1	NA	1091	6143	8.28787
TNNI2	NA	3	807	0.173479
TNNI3	NA	43	841	2.386
TNNI3K	NA	1	3023	0.0154369
TNNT1	NA	3627	1354	125.005
TNNT2	NA	579	1338	20.1939
TNNT3	NA	3	1535	0.0912035
TNP1	NA	0	401	0
TNP2	NA	0	597	0
TNPO1	NA	2080	8708	11.1466
TNPO2	NA	2224	5452	19.0361
TNPO3	NA	2818	4573	28.7567
TNR	NA	0	5190	0
TNRC18	NA	3015	10570	13.311
TNRC18P1	NA	6	1890	0.148145
TNRC6A	NA	1353	8422	7.49689
TNRC6B	NA	1056	18695	2.63595
TNRC6C	NA	391	9780	1.86568
TNRC6C-AS1	NA	253	3188	3.7034
TNS1	NA	45	10276	0.204356
TNS2	NA	276	5199	2.47735
TNS3	NA	4236	7618	25.9486
TNS4	NA	5	4072	0.0573008
TNXA	NA	366	16698	1.02286
TNXB	NA	648	88865	0.340285
TOB1	NA	1654	2518	30.6534
TOB1-AS1	NA	33	1415	1.08832
TOB2	NA	2079	4565	21.2526
TOB2P1	NA	16	3592	0.207865
TOE1	NA	421	2392	8.21334
TOLLIP	NA	1437	3660	18.3221
TOLLIP-AS1	NA	10	1000	0.466658
TOM1	NA	1117	2525	20.6438
TOM1L1	NA	202	2340	4.02842
TOM1L2	NA	2606	5895	20.6295
TOMM20	NA	4486	3385	61.8442
TOMM20L	NA	16	610	1.22402
TOMM22	NA	1953	1379	66.0901
TOMM34	NA	2760	2049	62.8588
TOMM40	NA	2821	1802	73.0545
TOMM40L	NA	723	2911	11.5903
TOMM5	NA	2971	905	153.198
TOMM6	NA	2414	854	131.91
TOMM7	NA	2381	779	142.633
TOMM70A	NA	1606	4381	17.1069
TONSL	NA	1105	4515	11.421
TONSL-AS1	NA	68	1196	2.65324
TOP1	NA	1882	3733	23.5267
TOP1MT	NA	801	2194	17.0371
TOP1P1	NA	242	2429	4.64929
TOP1P2	NA	124	1519	3.80945
TOP2A	NA	5150	5753	41.7745
TOP2B	NA	3768	5343	32.9097
TOP3A	NA	758	4116	8.59394
TOP3B	NA	984	3206	14.3229
TOPAZ1	NA	0	5334	0
TOPBP1	NA	1627	5346	14.2023
TOPORS	NA	741	4173	8.28645
TOPORS-AS1	NA	101	1806	2.60977
TOR1A	NA	1319	2106	29.2271
TOR1AIP1	NA	649	4054	7.47067
TOR1AIP2	NA	1580	14737	5.00319
TOR1B	NA	529	2769	8.91521
TOR2A	NA	589	2533	10.8512
TOR3A	NA	1305	2122	28.6988
TOR4A	NA	624	4069	7.15642
TOX	NA	1	4131	0.0112965
TOX2	NA	173	2824	2.85878
TOX3	NA	0	3384	0
TOX4	NA	2410	4526	24.8486
TP53	NA	1691	3098	25.4719
TP53AIP1	NA	0	3439	0
TP53BP1	NA	2647	6356	19.4343
TP53BP2	NA	2450	4789	23.8737
TP53I11	NA	9067	4480	94.4462
TP53I13	NA	750	1453	24.0876
TP53I3	NA	1531	2034	35.1255
TP53INP1	NA	1904	5652	15.7204
TP53INP2	NA	1302	4124	14.733
TP53RK	NA	581	3373	8.03819
TP53TG1	NA	290	709	19.0876
TP53TG3	NA	23	1887	0.568794
TP53TG3B	NA	23	1887	0.568794
TP53TG3C	NA	18	1158	0.725375
TP53TG3D	NA	29	1720	0.786807
TP53TG5	NA	10	981	0.475696
TP63	NA	1	6524	0.00715294
TP73	NA	207	5522	1.74933
TP73-AS1	NA	914	6455	6.60767
TPBG	NA	105	3477	1.40923
TPBGL	NA	19	2800	0.316661
TPCN1	NA	1048	5467	8.94563
TPCN2	NA	268	5026	2.48835
TPD52	NA	195	4925	1.84768
TPD52L1	NA	1082	1633	30.92
TPD52L2	NA	3788	2428	72.8048
TPD52L3	NA	0	3495	0
TPGS1	NA	568	1114	23.7937
TPGS2	NA	3493	5311	30.6917
TPH1	NA	6	1815	0.154267
TPH2	NA	0	2360	0
TPI1	NA	10298	1856	258.925
TPI1P2	NA	67	2017	1.55013
TPI1P3	NA	828	1214	31.8281
TPK1	NA	36	2439	0.688794
TPM1	NA	28461	3349	396.583
TPM2	NA	14268	1574	423.016
TPM3	NA	10786	11580	43.4661
TPM3P9	NA	112	2932	1.7826
TPM4	NA	16600	3003	257.959
TPMT	NA	584	3269	8.33675
TPO	NA	0	3146	0
TPP1	NA	2661	3533	35.1479
TPP2	NA	1159	4710	11.4832
TPPP	NA	453	6022	3.5104
TPPP2	NA	0	797	0
TPPP3	NA	301	1151	12.2037
TPR	NA	5398	9706	25.9532
TPRA1	NA	1008	1946	24.1722
TPRG1	NA	0	3657	0
TPRG1-AS1	NA	0	697	0
TPRG1-AS2	NA	0	479	0
TPRG1L	NA	1005	2427	19.3239
TPRKB	NA	467	752	28.98
TPRN	NA	396	2631	7.02381
TPRX1	NA	12	1839	0.304508
TPRXL	NA	0	2260	0
TPSAB1	NA	0	1194	0
TPSB2	NA	2	1165	0.080113
TPSD1	NA	0	855	0
TPSG1	NA	32	1105	1.35141
TPST1	NA	514	2051	11.6949
TPST2	NA	612	2075	13.7636
TPT1	NA	49930	4814	484.01
TPT1-AS1	NA	597	1526	18.2565
TPTE	NA	2	2765	0.0337546
TPTE2	NA	1	2884	0.0161809
TPTE2P1	NA	53	6477	0.381857
TPTE2P3	NA	5	2613	0.0892954
TPTE2P5	NA	54	4362	0.577706
TPTE2P6	NA	19	2714	0.326695
TPTEP1	NA	1	1430	0.0326334
TPX2	NA	3847	3662	49.0233
TRA2A	NA	2378	2234	49.6738
TRA2B	NA	4554	4288	49.5606
TRABD	NA	1161	2315	23.4035
TRABD2A	NA	1101	4297	11.957
TRABD2B	NA	16	7029	0.106225
TRADD	NA	112	1482	3.5267
TRAF1	NA	254	4575	2.59084
TRAF2	NA	632	2277	12.9525
TRAF3	NA	1340	7776	8.04169
TRAF3IP1	NA	644	4176	7.19655
TRAF3IP2	NA	732	6488	5.26501
TRAF3IP2-AS1	NA	143	7111	0.938435
TRAF3IP3	NA	26	2724	0.445415
TRAF4	NA	1931	2902	31.0516
TRAF5	NA	0	4119	0
TRAF6	NA	335	8021	1.94901
TRAF7	NA	1787	3667	22.7411
TRAFD1	NA	983	3179	14.4298
TRAIP	NA	355	2024	8.18496
TRAK1	NA	1135	9979	5.30771
TRAK2	NA	1175	6527	8.40084
TRAM1	NA	1166	3099	17.558
TRAM1L1	NA	32	2027	0.736707
TRAM2	NA	1972	7057	13.0402
TRAM2-AS1	NA	191	2558	3.48443
TRANK1	NA	159	10484	0.707732
TRAP1	NA	4079	2296	82.905
TRAPPC1	NA	3984	869	213.943
TRAPPC10	NA	790	6969	5.29
TRAPPC11	NA	420	4554	4.30383
TRAPPC12	NA	852	2524	15.7525
TRAPPC13	NA	418	4341	4.4935
TRAPPC2	NA	263	2860	4.2913
TRAPPC2B	NA	161	732	10.2639
TRAPPC2L	NA	688	629	51.043
TRAPPC3	NA	2004	1753	53.3476
TRAPPC3L	NA	0	1108	0
TRAPPC4	NA	899	1201	34.9314
TRAPPC5	NA	1348	850	74.0065
TRAPPC6A	NA	655	811	37.6894
TRAPPC6B	NA	1217	3351	16.9479
TRAPPC8	NA	1186	6254	8.84964
TRAPPC9	NA	506	4598	5.13547
TRAT1	NA	0	1695	0
TRDMT1	NA	105	7670	0.638841
TRDN	NA	0	10994	0
TREH	NA	2	1853	0.0503678
TREM1	NA	0	3055	0
TREM2	NA	28	1055	1.23852
TREML1	NA	5	1340	0.174126
TREML2	NA	0	3823	0
TREML3P	NA	0	1137	0
TREML4	NA	0	2070	0
TREML5P	NA	0	213	0
TRERF1	NA	732	7644	4.46878
TRERNA1	NA	0	596	0
TREX1	NA	163	2126	3.57786
TREX2	NA	7	1255	0.260287
TRG-AS1	NA	8	3516	0.106179
TRH	NA	0	1890	0
TRHDE	NA	1	5552	0.00840522
TRHDE-AS1	NA	0	6030	0
TRHR	NA	0	1414	0
TRIAP1	NA	2041	1182	80.5794
TRIB1	NA	806	3751	10.0274
TRIB2	NA	428	4406	4.53313
TRIB3	NA	528	2887	8.53465
TRIL	NA	0	5055	0
TRIM10	NA	2	26526	0.00351849
TRIM11	NA	1059	2691	18.3646
TRIM13	NA	507	7404	3.19551
TRIM14	NA	543	4611	5.49545
TRIM15	NA	3	17568	0.00796889
TRIM16	NA	685	2901	11.019
TRIM16L	NA	260	1982	6.12165
TRIM17	NA	2	2635	0.03542
TRIM2	NA	109	7336	0.693371
TRIM21	NA	543	1929	13.1361
TRIM22	NA	291	3091	4.39332
TRIM23	NA	145	3900	1.73501
TRIM24	NA	1202	4004	14.0091
TRIM25	NA	812	5744	6.59691
TRIM26	NA	876	27278	1.49862
TRIM27	NA	3107	12490	11.6085
TRIM28	NA	9380	2959	147.93
TRIM29	NA	14	3019	0.216403
TRIM3	NA	288	3404	3.94822
TRIM31	NA	2	14609	0.00638864
TRIM31-AS1	NA	0	4121	0
TRIM32	NA	864	3719	10.8414
TRIM33	NA	696	8339	3.89488
TRIM34	NA	10	2501	0.186589
TRIM35	NA	421	4230	4.64452
TRIM36	NA	7	5248	0.0622448
TRIM37	NA	1197	4799	11.6397
TRIM38	NA	80	5629	0.66322
TRIM39	NA	620	25143	1.15073
TRIM39-RPP21	NA	478	10969	2.03357
TRIM4	NA	243	3458	3.27929
TRIM40	NA	3	16104	0.00869333
TRIM41	NA	925	3663	11.7843
TRIM42	NA	0	2554	0
TRIM43	NA	745	1625	21.3945
TRIM43B	NA	869	1668	24.3121
TRIM44	NA	2276	6063	17.518
TRIM45	NA	336	3581	4.37858
TRIM46	NA	2	3813	0.0244772
TRIM47	NA	81	2263	1.67032
TRIM48	NA	48	1445	1.55014
TRIM49	NA	811	2163	17.497
TRIM49B	NA	159	1359	5.4598
TRIM49C	NA	689	2163	14.8649
TRIM49D1	NA	450	1474	14.2467
TRIM49D2	NA	457	1649	12.9329
TRIM5	NA	334	3659	4.25974
TRIM50	NA	39	2161	0.842187
TRIM51	NA	6	1627	0.172093
TRIM51HP	NA	2	1007	0.0926828
TRIM52	NA	250	2228	5.23629
TRIM52-AS1	NA	184	1621	5.29704
TRIM53AP	NA	181	1728	4.88803
TRIM54	NA	106	2060	2.40125
TRIM55	NA	3035	2851	49.6776
TRIM56	NA	324	4723	3.2013
TRIM58	NA	0	5156	0
TRIM59	NA	14	3876	0.168556
TRIM6	NA	5	3511	0.0664566
TRIM6-TRIM34	NA	11	3478	0.147592
TRIM60	NA	1	2016	0.0231477
TRIM61	NA	0	1580	0
TRIM62	NA	493	3841	5.98965
TRIM63	NA	54	1770	1.4237
TRIM64	NA	255	1533	7.76241
TRIM64B	NA	377	1533	11.4762
TRIM64C	NA	28	1353	0.965737
TRIM65	NA	1594	3439	21.6299
TRIM66	NA	205	9753	0.980877
TRIM67	NA	5	8522	0.0273796
TRIM68	NA	226	3352	3.14632
TRIM69	NA	15	1911	0.366294
TRIM7	NA	33	4829	0.318901
TRIM71	NA	90	3138	1.33841
TRIM72	NA	1	2152	0.0216849
TRIM73	NA	88	1358	3.024
TRIM74	NA	88	1350	3.04192
TRIM77	NA	0	1353	0
TRIM8	NA	1807	2744	30.7307
TRIM9	NA	1	6909	0.00675435
TRIML1	NA	0	1645	0
TRIML2	NA	4	1709	0.109224
TRIO	NA	1318	10227	6.01403
TRIOBP	NA	1537	10872	6.59725
TRIP10	NA	1549	2230	32.4149
TRIP11	NA	1130	8088	6.51983
TRIP12	NA	4600	10100	21.2537
TRIP13	NA	734	2861	11.9723
TRIP4	NA	475	2045	10.8392
TRIP6	NA	4120	1752	109.739
TRIQK	NA	182	4113	2.06496
TRIT1	NA	918	2128	20.1312
TRMT1	NA	2771	2362	54.7464
TRMT10A	NA	177	3870	2.13433
TRMT10B	NA	114	2407	2.21018
TRMT10C	NA	1113	1845	28.1512
TRMT11	NA	331	1951	7.91716
TRMT112	NA	3012	1394	100.83
TRMT12	NA	588	2219	12.3657
TRMT13	NA	219	3143	3.25161
TRMT1L	NA	623	4521	6.43061
TRMT2A	NA	609	2986	9.51757
TRMT2B	NA	299	3590	3.88665
TRMT44	NA	217	2846	3.55814
TRMT5	NA	1060	5296	9.34021
TRMT6	NA	629	2349	12.4959
TRMT61A	NA	477	3241	6.86812
TRMT61B	NA	514	1843	13.0148
TRMU	NA	420	1964	9.97945
TRNAU1AP	NA	316	2015	7.31831
TRNP1	NA	605	1949	14.4858
TRNT1	NA	386	2275	7.9178
TRO	NA	322	4984	3.01493
TROAP	NA	1033	2852	16.9024
TROVE2	NA	268	3722	3.36014
TRPA1	NA	0	5190	0
TRPC1	NA	377	4170	4.21895
TRPC2	NA	2	1213	0.0769428
TRPC3	NA	0	3619	0
TRPC4	NA	0	3451	0
TRPC4AP	NA	2182	3170	32.1214
TRPC5	NA	0	5840	0
TRPC5OS	NA	2	3014	0.030966
TRPC6	NA	11	4612	0.111302
TRPC7	NA	0	2935	0
TRPM1	NA	13	6801	0.0892009
TRPM2	NA	4	5879	0.0317508
TRPM2-AS	NA	0	873	0
TRPM3	NA	2	6698	0.0139342
TRPM4	NA	424	4096	4.83064
TRPM5	NA	1	3928	0.0118803
TRPM6	NA	14	8632	0.075686
TRPM7	NA	2223	10399	9.97577
TRPM8	NA	7	5621	0.0581143
TRPS1	NA	908	10156	4.17217
TRPT1	NA	267	1063	11.7213
TRPV1	NA	300	4951	2.82766
TRPV2	NA	913	2808	15.173
TRPV3	NA	40	6113	0.305354
TRPV4	NA	2	3239	0.0288149
TRPV5	NA	0	2867	0
TRPV6	NA	0	2911	0
TRRAP	NA	2621	12677	9.64827
TRUB1	NA	269	3412	3.6791
TRUB2	NA	1328	1439	43.0661
TRY2P	NA	0	2055	0
TSACC	NA	23	1199	0.895174
TSC1	NA	1475	8616	7.98886
TSC2	NA	1369	5632	11.3433
TSC22D1	NA	3155	6780	21.7154
TSC22D1-AS1	NA	42	2842	0.689642
TSC22D2	NA	818	4998	7.63758
TSC22D3	NA	13	2807	0.216122
TSC22D4	NA	2297	2383	44.9817
TSEN15	NA	725	2193	15.4276
TSEN2	NA	217	3604	2.80979
TSEN34	NA	1966	2751	33.3497
TSEN54	NA	550	1941	13.2232
TSFM	NA	924	2404	17.9364
TSG1	NA	0	4798	0
TSG101	NA	1723	1548	51.9413
TSGA10	NA	128	3832	1.55877
TSGA10IP	NA	2	1726	0.0540739
TSGA13	NA	1	2255	0.0206944
TSHB	NA	0	564	0
TSHR	NA	0	4802	0
TSHZ1	NA	5	5380	0.0433697
TSHZ2	NA	2	12581	0.00741846
TSHZ3	NA	0	4913	0
TSIX	NA	3	37027	0.00378095
TSKS	NA	6	1812	0.154523
TSKU	NA	1104	2831	18.1982
TSL	NA	0	1312	0
TSLP	NA	0	4264	0
TSN	NA	2324	3515	30.8539
TSNARE1	NA	221	4205	2.45259
TSNAX	NA	415	2649	7.3108
TSNAX-DISC1	NA	235	9770	1.12246
TSNAXIP1	NA	51	2755	0.863868
TSPAN1	NA	44	1629	1.26046
TSPAN10	NA	1764	2147	38.3412
TSPAN11	NA	0	5562	0
TSPAN12	NA	2	2564	0.0364008
TSPAN13	NA	13	1902	0.318957
TSPAN14	NA	957	5579	8.00487
TSPAN15	NA	1081	1699	29.6914
TSPAN16	NA	0	1261	0
TSPAN17	NA	1524	2588	27.4802
TSPAN18	NA	1924	4234	21.2057
TSPAN19	NA	0	1020	0
TSPAN2	NA	3	3212	0.0435857
TSPAN3	NA	5654	3853	68.4787
TSPAN31	NA	564	1740	15.1262
TSPAN32	NA	0	1376	0
TSPAN33	NA	770	2781	12.9208
TSPAN4	NA	1422	1770	37.4908
TSPAN5	NA	16	3397	0.219798
TSPAN6	NA	1781	4483	18.5393
TSPAN7	NA	1	1806	0.0258393
TSPAN8	NA	0	1130	0
TSPAN9	NA	962	4351	10.3177
TSPEAR	NA	37	4029	0.428552
TSPEAR-AS1	NA	37	2553	0.676316
TSPEAR-AS2	NA	30	1045	1.33969
TSPO	NA	3	1169	0.119758
TSPO2	NA	0	1044	0
TSPY1	NA	0	1172	0
TSPY10	NA	0	1958	0
TSPY2	NA	0	1160	0
TSPY26P	NA	5	1215	0.19204
TSPY3	NA	0	2322	0
TSPY4	NA	0	3362	0
TSPY8	NA	0	1115	0
TSPYL1	NA	3075	5259	27.286
TSPYL2	NA	2324	2828	38.3491
TSPYL4	NA	862	4131	9.73757
TSPYL5	NA	0	4463	0
TSPYL6	NA	0	3095	0
TSR1	NA	2701	4880	25.8288
TSR2	NA	1169	1326	41.1405
TSR3	NA	1190	1204	46.1232
TSSC1	NA	855	1721	23.1838
TSSC2	NA	27	1477	0.853065
TSSC4	NA	787	2513	14.6144
TSSK1B	NA	3	2478	0.0564961
TSSK2	NA	33	1816	0.848002
TSSK3	NA	178	1315	6.31674
TSSK4	NA	13	1392	0.435816
TSSK6	NA	27	1442	0.87377
TST	NA	647	1159	26.0507
TSTA3	NA	1360	1358	46.7345
TSTD1	NA	0	672	0
TSTD2	NA	453	4428	4.77408
TSTD3	NA	92	1926	2.2291
TTBK1	NA	7	7128	0.0458278
TTBK2	NA	46	5625	0.381623
TTC1	NA	2071	1482	65.2125
TTC12	NA	312	2315	6.2893
TTC13	NA	392	3289	5.56187
TTC14	NA	735	5755	5.95992
TTC16	NA	23	2884	0.372161
TTC17	NA	981	5308	8.62456
TTC19	NA	1585	3636	20.3425
TTC21A	NA	52	4258	0.569897
TTC21B	NA	236	5477	2.0108
TTC21B-AS1	NA	0	746	0
TTC22	NA	0	3073	0
TTC23	NA	459	4228	5.06613
TTC23L	NA	1	1356	0.0344143
TTC24	NA	2	2005	0.0465494
TTC25	NA	12	2095	0.267298
TTC26	NA	221	4333	2.38014
TTC27	NA	260	2918	4.15802
TTC28	NA	1551	11795	6.13638
TTC28-AS1	NA	253	5887	2.00551
TTC29	NA	0	1887	0
TTC3	NA	3899	9101	19.9923
TTC30A	NA	58	4669	0.579699
TTC30B	NA	85	2644	1.50022
TTC31	NA	511	2929	8.14142
TTC32	NA	94	819	5.35603
TTC33	NA	237	5506	2.00868
TTC34	NA	0	1775	0
TTC36	NA	12	679	0.824727
TTC37	NA	1399	5704	11.4456
TTC38	NA	577	2610	10.3165
TTC39A	NA	795	3978	9.32612
TTC39A-AS1	NA	4	650	0.287174
TTC39B	NA	76	3565	0.994839
TTC39C	NA	273	6258	2.03576
TTC39C-AS1	NA	5	936	0.249283
TTC3P1	NA	561	2542	10.2988
TTC4	NA	844	2393	16.4588
TTC41P	NA	11	4516	0.113668
TTC5	NA	203	1865	5.07944
TTC7A	NA	1351	5773	10.9208
TTC7B	NA	799	3434	10.8579
TTC8	NA	252	2511	4.68331
TTC9	NA	79	5217	0.706651
TTC9B	NA	7	843	0.387498
TTC9C	NA	408	1139	16.7161
TTF1	NA	429	3152	6.3514
TTF2	NA	515	4854	4.95115
TTI1	NA	836	3965	9.83925
TTI2	NA	656	2763	11.0795
TTK	NA	466	3022	7.19598
TTL	NA	2563	5163	23.1657
TTLL1	NA	243	1876	6.04466
TTLL10	NA	0	3129	0
TTLL11	NA	91	3537	1.20062
TTLL12	NA	2430	3383	33.5199
TTLL13P	NA	1	1801	0.025911
TTLL2	NA	0	2877	0
TTLL3	NA	1529	4470	15.9624
TTLL4	NA	1449	4996	13.5346
TTLL5	NA	336	4757	3.29613
TTLL6	NA	231	3575	3.01533
TTLL7	NA	24	3648	0.307012
TTLL9	NA	4	1607	0.116156
TTN	NA	231	116854	0.0922502
TTN-AS1	NA	69	6390	0.503903
TTPA	NA	0	2632	0
TTPAL	NA	814	6236	6.0914
TTR	NA	2	928	0.100573
TTTY1	NA	0	940	0
TTTY10	NA	3	1628	0.0859935
TTTY11	NA	0	829	0
TTTY12	NA	0	978	0
TTTY13	NA	0	659	0
TTTY14	NA	34	1490	1.06486
TTTY15	NA	308	5242	2.7419
TTTY16	NA	0	192	0
TTTY17A	NA	0	332	0
TTTY17B	NA	0	332	0
TTTY17C	NA	0	332	0
TTTY18	NA	0	221	0
TTTY19	NA	0	269	0
TTTY1B	NA	0	940	0
TTTY2	NA	0	1633	0
TTTY20	NA	0	259	0
TTTY21	NA	0	307	0
TTTY21B	NA	0	307	0
TTTY22	NA	0	427	0
TTTY23	NA	0	512	0
TTTY23B	NA	0	512	0
TTTY2B	NA	0	1633	0
TTTY3	NA	0	344	0
TTTY3B	NA	0	344	0
TTTY4	NA	0	2692	0
TTTY4B	NA	0	2692	0
TTTY4C	NA	0	2692	0
TTTY5	NA	0	1562	0
TTTY6	NA	0	492	0
TTTY6B	NA	0	473	0
TTTY7	NA	0	1367	0
TTTY7B	NA	0	1111	0
TTTY8	NA	0	531	0
TTTY8B	NA	0	531	0
TTTY9A	NA	0	1637	0
TTTY9B	NA	0	1637	0
TTYH1	NA	25	1907	0.61177
TTYH2	NA	13	4090	0.148326
TTYH3	NA	4081	4822	39.4946
TUB	NA	806	6602	5.69716
TUB-AS1	NA	0	2021	0
TUBA1A	NA	28287	2476	533.132
TUBA1B	NA	53531	1751	1426.65
TUBA1C	NA	39405	2118	868.209
TUBA3C	NA	0	1551	0
TUBA3D	NA	6	1632	0.171565
TUBA3E	NA	4	1540	0.12121
TUBA3FP	NA	59	1960	1.40474
TUBA4A	NA	60	2590	1.08106
TUBA4B	NA	1	1380	0.0338158
TUBA8	NA	35	2124	0.768975
TUBAL3	NA	0	1798	0
TUBB	NA	53901	23323	107.848
TUBB1	NA	32	3496	0.427147
TUBB2A	NA	34741	1619	1001.37
TUBB2B	NA	33823	2019	781.762
TUBB3	NA	8925	2006	207.623
TUBB4A	NA	1421	2722	24.3615
TUBB4B	NA	19774	1591	579.993
TUBB6	NA	19088	3309	269.192
TUBB8	NA	164	1504	5.08856
TUBBP5	NA	589	2660	10.3331
TUBD1	NA	343	2601	6.15393
TUBE1	NA	143	2297	2.90518
TUBG1	NA	1684	1951	40.2794
TUBG2	NA	653	1818	16.7617
TUBGCP2	NA	2465	5020	22.9146
TUBGCP3	NA	611	5185	5.49909
TUBGCP4	NA	398	4184	4.43905
TUBGCP5	NA	521	4132	5.88405
TUBGCP6	NA	838	6019	6.49708
TUFM	NA	4030	2071	90.8079
TUFT1	NA	544	3250	7.81114
TUG1	NA	5418	7666	32.9814
TULP1	NA	30	2126	0.658501
TULP2	NA	3	1760	0.079544
TULP3	NA	782	3106	11.7491
TULP4	NA	885	11119	3.71429
TUNAR	NA	0	3197	0
TUSC1	NA	27	2470	0.510112
TUSC2	NA	1281	1684	35.4982
TUSC3	NA	1509	3884	18.1305
TUSC5	NA	0	3596	0
TUSC7	NA	0	2102	0
TUSC8	NA	0	1077	0
TUT1	NA	848	2826	14.003
TVP23A	NA	60	3339	0.838559
TVP23B	NA	558	1789	14.5553
TVP23C	NA	713	5196	6.40352
TVP23C-CDRT4	NA	1015	2909	16.2825
TWF1	NA	1255	3456	16.9461
TWF2	NA	1815	1625	52.1221
TWIST1	NA	0	1666	0
TWIST2	NA	176	1443	5.69174
TWISTNB	NA	509	3892	6.103
TWSG1	NA	762	3756	9.46734
TXK	NA	1	2914	0.0160143
TXLNA	NA	2745	4796	26.7093
TXLNB	NA	16	4684	0.159405
TXLNG	NA	680	4396	7.21855
TXLNGY	NA	551	4989	5.15391
TXN	NA	5907	868	317.575
TXN2	NA	2078	1336	72.5835
TXNDC11	NA	818	3221	11.8512
TXNDC12	NA	2373	4350	25.457
TXNDC12-AS1	NA	1	391	0.11935
TXNDC15	NA	736	3689	9.31039
TXNDC16	NA	547	4641	5.50015
TXNDC17	NA	1180	2075	26.5377
TXNDC2	NA	1	2129	0.0219191
TXNDC5	NA	4800	3496	64.072
TXNDC8	NA	0	2072	0
TXNDC9	NA	867	1530	26.444
TXNIP	NA	195	2951	3.08364
TXNL1	NA	1997	1429	65.2146
TXNL4A	NA	2695	1808	69.5599
TXNL4B	NA	382	2889	6.17042
TXNRD1	NA	18934	4610	191.664
TXNRD2	NA	1727	3062	26.32
TXNRD3	NA	487	2919	7.78563
TXNRD3NB	NA	149	1134	6.13157
TYK2	NA	2036	4248	22.3662
TYMP	NA	80	1858	2.00929
TYMS	NA	5565	1583	164.053
TYMSOS	NA	704	844	38.925
TYR	NA	0	2065	0
TYRO3	NA	1145	3971	13.4556
TYRO3P	NA	10	864	0.540113
TYROBP	NA	7	591	0.552725
TYRP1	NA	0	2876	0
TYSND1	NA	626	4042	7.22731
TYW1	NA	628	3364	8.71169
TYW1B	NA	339	3157	5.01099
TYW3	NA	983	3549	12.9255
TYW5	NA	406	5370	3.52818
U2AF1	NA	3538	1020	161.866
U2AF1L4	NA	224	1270	8.23082
U2AF2	NA	4930	3131	73.4789
U2SURP	NA	2040	7464	12.7543
UACA	NA	3705	7262	23.8084
UAP1	NA	775	2327	15.5419
UAP1L1	NA	1326	3365	18.389
UBA1	NA	8951	3750	111.388
UBA2	NA	2317	2665	40.5721
UBA3	NA	977	2119	21.516
UBA5	NA	709	3256	10.1616
UBA52	NA	9554	2811	158.607
UBA6	NA	1069	6447	7.73782
UBA6-AS1	NA	303	2290	6.17456
UBA7	NA	143	3313	2.01425
UBAC1	NA	1186	1867	29.6442
UBAC2	NA	1519	3311	21.409
UBAC2-AS1	NA	48	1821	1.23007
UBALD1	NA	810	1413	26.7511
UBALD2	NA	512	1589	15.0364
UBAP1	NA	1576	3137	23.4445
UBAP1L	NA	16	1383	0.539879
UBAP2	NA	1893	4648	19.0057
UBAP2L	NA	3189	5128	29.0205
UBASH3A	NA	0	2556	0
UBASH3B	NA	611	6903	4.13049
UBB	NA	9863	1626	283.066
UBC	NA	127302	2585	2298.12
UBD	NA	623	3990	7.28641
UBE2A	NA	1317	1878	32.7257
UBE2B	NA	745	2634	13.1989
UBE2C	NA	1830	1259	67.8304
UBE2D1	NA	143	2655	2.51345
UBE2D2	NA	2483	2866	40.4296
UBE2D3	NA	5665	5336	49.5431
UBE2D4	NA	280	3982	3.28137
UBE2DNL	NA	0	740	0
UBE2E1	NA	1589	1931	38.4008
UBE2E1-AS1	NA	8	778	0.479854
UBE2E2	NA	23	1760	0.609837
UBE2E3	NA	756	2097	16.8237
UBE2E4P	NA	329	1159	13.2468
UBE2F	NA	645	2422	12.4275
UBE2F-SCLY	NA	559	2972	8.77732
UBE2G1	NA	2074	4208	23.0002
UBE2G2	NA	2742	3498	36.5802
UBE2H	NA	4240	5161	38.3381
UBE2I	NA	2749	3384	37.9091
UBE2J1	NA	5444	4342	58.5096
UBE2J2	NA	1741	2437	33.3382
UBE2K	NA	1879	5243	16.7242
UBE2L3	NA	5814	3947	68.7395
UBE2L6	NA	1282	1743	34.3233
UBE2M	NA	2664	1524	81.5733
UBE2MP1	NA	438	961	21.2691
UBE2N	NA	2932	2552	53.6145
UBE2NL	NA	135	1185	5.31636
UBE2O	NA	1107	5355	9.64688
UBE2Q1	NA	2680	3223	38.8037
UBE2Q1-AS1	NA	68	443	7.16315
UBE2Q2	NA	445	3540	5.86618
UBE2Q2L	NA	3	498	0.281119
UBE2Q2P1	NA	36	2150	0.781381
UBE2Q2P2	NA	61	3054	0.932094
UBE2QL1	NA	37	6129	0.281716
UBE2R2	NA	2374	4457	24.8563
UBE2S	NA	4631	1191	181.452
UBE2T	NA	797	908	40.9611
UBE2U	NA	0	1136	0
UBE2V1	NA	6630	4304	71.8853
UBE2V2	NA	1182	1524	36.1936
UBE2W	NA	444	9088	2.27989
UBE2Z	NA	3021	3126	45.0983
UBE3A	NA	1651	5280	14.5919
UBE3B	NA	1000	5977	7.80756
UBE3C	NA	1268	5181	11.421
UBE3D	NA	152	1917	3.70016
UBE4A	NA	842	6128	6.41198
UBE4B	NA	2550	5879	20.2412
UBFD1	NA	2642	4931	25.0033
UBIAD1	NA	527	3654	6.7304
UBL3	NA	246	4346	2.64146
UBL4A	NA	1030	2382	20.1787
UBL4B	NA	1	1508	0.0309455
UBL5	NA	1575	531	138.416
UBL7	NA	1829	1891	45.1358
UBL7-AS1	NA	47	1684	1.30243
UBLCP1	NA	888	2392	17.3241
UBN1	NA	1655	6307	12.2454
UBN2	NA	516	14444	1.6671
UBOX5	NA	367	4345	3.94162
UBOX5-AS1	NA	29	1794	0.754352
UBP1	NA	2818	4174	31.5056
UBQLN1	NA	3632	4168	40.6646
UBQLN2	NA	1513	3418	20.6569
UBQLN3	NA	0	2345	0
UBQLN4	NA	2279	3614	29.4276
UBQLNL	NA	3	2334	0.0599817
UBR1	NA	723	7745	4.35628
UBR2	NA	486	8881	2.55372
UBR3	NA	251	7953	1.47279
UBR4	NA	5807	15882	17.0626
UBR5	NA	2421	10883	10.3811
UBR5-AS1	NA	5	743	0.314036
UBR7	NA	957	3694	12.0897
UBTD1	NA	516	1693	14.223
UBTD2	NA	1001	3015	15.4934
UBTF	NA	3364	5369	29.2389
UBTFL1	NA	3	1182	0.118441
UBXN1	NA	2453	1353	84.6055
UBXN10	NA	110	5578	0.920265
UBXN10-AS1	NA	6	509	0.550088
UBXN11	NA	1772	2072	39.9092
UBXN2A	NA	364	1893	8.97324
UBXN2B	NA	687	5068	6.32585
UBXN4	NA	2418	4014	28.1111
UBXN6	NA	1943	1993	45.4951
UBXN7	NA	257	4732	2.53447
UBXN8	NA	262	1447	8.44951
UCA1	NA	28635	2314	577.474
UCHL1	NA	6180	1124	256.579
UCHL1-AS1	NA	0	592	0
UCHL3	NA	430	1163	17.2539
UCHL5	NA	644	6569	4.57494
UCK1	NA	811	2221	17.0401
UCK2	NA	1379	4920	13.0797
UCKL1	NA	957	2285	19.5445
UCKL1-AS1	NA	128	3571	1.6727
UCMA	NA	0	824	0
UCN	NA	29	615	2.2005
UCN2	NA	26	1485	0.817044
UCN3	NA	0	710	0
UCP1	NA	0	1000	0
UCP2	NA	7844	1646	222.385
UCP3	NA	81	3485	1.08463
UEVLD	NA	137	2868	2.22915
UFC1	NA	886	1122	36.8502
UFD1L	NA	1477	1783	38.657
UFL1	NA	183	4205	2.03088
UFM1	NA	1289	3539	16.997
UFSP1	NA	24	996	1.12448
UFSP2	NA	817	2379	16.026
UG0898H09	NA	0	7041	0
UGCG	NA	2953	4012	34.348
UGDH	NA	1281	3196	18.7043
UGDH-AS1	NA	18	2967	0.283109
UGGT1	NA	1312	10960	5.58627
UGGT2	NA	638	4929	6.04033
UGP2	NA	1637	2437	31.3467
UGT1A1	NA	4	2357	0.0791952
UGT1A10	NA	4	2385	0.0782655
UGT1A3	NA	4	2345	0.0796005
UGT1A4	NA	4	2374	0.0786281
UGT1A5	NA	4	2345	0.0796005
UGT1A6	NA	4	2630	0.0709746
UGT1A7	NA	4	2333	0.0800099
UGT1A8	NA	4	2396	0.0779062
UGT1A9	NA	4	2376	0.078562
UGT2A1	NA	0	3417	0
UGT2A2	NA	0	2568	0
UGT2A3	NA	7	6132	0.0532715
UGT2B10	NA	3	5504	0.0254356
UGT2B11	NA	0	1706	0
UGT2B15	NA	37	4518	0.382168
UGT2B17	NA	36	4148	0.405007
UGT2B28	NA	0	1833	0
UGT2B4	NA	0	2431	0
UGT2B7	NA	0	1887	0
UGT3A1	NA	2	5226	0.0178591
UGT3A2	NA	16	2385	0.313062
UGT8	NA	0	3418	0
UHMK1	NA	412	8658	2.22064
UHRF1	NA	1787	5197	16.0461
UHRF1BP1	NA	811	9633	3.92878
UHRF1BP1L	NA	774	5437	6.64325
UHRF2	NA	618	3720	7.75254
UIMC1	NA	1166	2974	18.296
ULBP1	NA	2	3142	0.0297045
ULBP2	NA	24	1408	0.79544
ULBP3	NA	3	735	0.190473
ULK1	NA	790	5222	7.05974
ULK2	NA	432	9139	2.20589
ULK3	NA	768	2818	12.718
ULK4	NA	125	4359	1.3382
ULK4P1	NA	12	876	0.639258
ULK4P2	NA	12	876	0.639258
ULK4P3	NA	9	1146	0.366485
UMAD1	NA	217	2452	4.12989
UMOD	NA	0	2577	0
UMODL1	NA	1	5518	0.00845701
UMODL1-AS1	NA	0	2141	0
UMPS	NA	985	6836	6.72408
UNC119	NA	949	1651	26.8236
UNC119B	NA	2163	4404	22.9196
UNC13A	NA	654	9838	3.1022
UNC13B	NA	1537	6370	11.2599
UNC13C	NA	0	8140	0
UNC13D	NA	531	4391	5.64326
UNC45A	NA	1335	4047	15.3938
UNC45B	NA	2	5679	0.0164345
UNC50	NA	432	1142	17.6529
UNC5A	NA	77	3733	0.962568
UNC5B	NA	3500	6890	23.7054
UNC5B-AS1	NA	339	647	24.4509
UNC5C	NA	1	9878	0.00472422
UNC5CL	NA	11	3128	0.164106
UNC5D	NA	0	7290	0
UNC79	NA	20	8471	0.110178
UNC80	NA	7	13562	0.0240865
UNC93A	NA	0	2111	0
UNC93B1	NA	312	2321	6.27304
UNCX	NA	0	1596	0
UNG	NA	1230	2366	24.2599
UNK	NA	589	5045	5.4482
UNKL	NA	653	6250	4.87564
UNQ6494	NA	0	2194	0
UOX	NA	0	1551	0
UPB1	NA	30	2067	0.677298
UPF1	NA	2796	5380	24.2523
UPF2	NA	1392	5457	11.9038
UPF3A	NA	1178	2386	23.0395
UPF3B	NA	1406	2404	27.2929
UPK1A	NA	12	1368	0.409349
UPK1A-AS1	NA	7	795	0.410894
UPK1B	NA	0	2058	0
UPK2	NA	4	934	0.199854
UPK3A	NA	0	1046	0
UPK3B	NA	76	1694	2.09362
UPK3BL	NA	805	1342	27.9925
UPP1	NA	1478	2107	32.7347
UPP2	NA	3	2579	0.0542836
UPRT	NA	154	2620	2.74295
UQCC1	NA	1056	2448	20.1303
UQCC2	NA	1357	1338	47.3285
UQCC3	NA	567	1950	13.569
UQCR10	NA	3338	975	159.765
UQCR11	NA	3348	1335	117.032
UQCRB	NA	4505	5223	40.2507
UQCRBP1	NA	594	797	34.7798
UQCRC1	NA	5474	1617	157.977
UQCRC2	NA	3091	1674	86.1673
UQCRFS1	NA	3666	1224	139.769
UQCRH	NA	1835	771	111.066
UQCRHL	NA	3950	538	342.621
UQCRQ	NA	1603	1585	47.1958
URAD	NA	0	522	0
URAHP	NA	262	2136	5.72399
URB1	NA	1081	10808	4.66744
URB1-AS1	NA	79	825	4.4686
URB2	NA	423	5613	3.51677
URGCP	NA	1126	4465	11.7684
URGCP-MRPS24	NA	1306	838	72.7274
URI1	NA	983	3571	12.8458
URM1	NA	1709	4410	18.0843
UROC1	NA	0	3445	0
UROD	NA	1613	1458	51.6268
UROS	NA	1313	1354	45.2527
USB1	NA	1904	4840	18.3578
USE1	NA	174	856	9.4858
USF1	NA	1255	1835	31.9158
USF2	NA	1269	1709	34.6512
USH1C	NA	4	3320	0.0562239
USH1G	NA	26	3568	0.340053
USH2A	NA	2	20185	0.00462381
USHBP1	NA	0	2490	0
USMG5	NA	3080	892	161.133
USO1	NA	1515	4063	17.4006
USP1	NA	956	4198	10.6271
USP10	NA	1664	3499	22.1926
USP11	NA	2242	3290	31.8008
USP12	NA	833	4503	8.6326
USP12-AS1	NA	1	307	0.152006
USP12-AS2	NA	1	784	0.0595227
USP13	NA	925	7933	5.4413
USP14	NA	1734	4156	19.4703
USP15	NA	858	9895	4.04641
USP16	NA	752	3036	11.5589
USP17L1	NA	0	1593	0
USP17L10	NA	0	1593	0
USP17L11	NA	5	4779	0.0488238
USP17L12	NA	0	3186	0
USP17L13	NA	1	1593	0.0292943
USP17L15	NA	2	1680	0.0555545
USP17L17	NA	1	1593	0.0292943
USP17L18	NA	4	3186	0.0585886
USP17L19	NA	0	1593	0
USP17L2	NA	0	1593	0
USP17L20	NA	3	4779	0.0292943
USP17L21	NA	0	3186	0
USP17L22	NA	1	3186	0.0146471
USP17L24	NA	0	12744	0
USP17L25	NA	0	12744	0
USP17L26	NA	0	12744	0
USP17L27	NA	0	12744	0
USP17L28	NA	0	12744	0
USP17L29	NA	0	12744	0
USP17L3	NA	0	1593	0
USP17L30	NA	0	12744	0
USP17L4	NA	0	1593	0
USP17L5	NA	0	12744	0
USP17L6P	NA	0	1197	0
USP17L7	NA	0	1593	0
USP17L8	NA	0	1593	0
USP17L9P	NA	1	1593	0.0292943
USP18	NA	20	2035	0.458632
USP19	NA	1430	5353	12.4663
USP2	NA	280	4067	3.21279
USP2-AS1	NA	17	1156	0.686262
USP20	NA	548	4619	5.53645
USP21	NA	392	2354	7.77103
USP22	NA	7268	5220	64.9745
USP24	NA	1757	10802	7.59043
USP25	NA	738	5343	6.4457
USP26	NA	3	2794	0.0501064
USP27X	NA	285	2699	4.92766
USP27X-AS1	NA	17	2290	0.346427
USP28	NA	544	4668	5.43835
USP29	NA	1	3606	0.0129412
USP3	NA	368	5875	2.92307
USP3-AS1	NA	51	1722	1.38209
USP30	NA	242	4324	2.61173
USP30-AS1	NA	6	978	0.286293
USP31	NA	526	10698	2.29447
USP32	NA	1235	7026	8.20271
USP32P1	NA	72	3901	0.861302
USP32P2	NA	18	4775	0.175913
USP33	NA	958	4625	9.66613
USP34	NA	3954	11310	16.3145
USP35	NA	329	4311	3.56137
USP36	NA	898	5234	8.00647
USP37	NA	399	8032	2.31818
USP38	NA	350	7817	2.08942
USP39	NA	1296	2795	21.6382
USP4	NA	755	4949	7.11915
USP40	NA	1022	5617	8.49073
USP42	NA	307	5120	2.79813
USP43	NA	87	4164	0.975006
USP44	NA	28	4386	0.297912
USP45	NA	215	6386	1.57112
USP46	NA	695	8429	3.84776
USP46-AS1	NA	19	878	1.00985
USP47	NA	1465	7981	8.56602
USP48	NA	2332	5188	20.9762
USP49	NA	517	10005	2.41142
USP5	NA	2093	3190	30.618
USP50	NA	53	1392	1.77679
USP51	NA	236	4403	2.50128
USP53	NA	211	6595	1.49302
USP54	NA	350	6163	2.65018
USP6	NA	136	9866	0.643275
USP6NL	NA	473	6466	3.41369
USP7	NA	3339	5734	27.1742
USP8	NA	875	5695	7.1699
USP9X	NA	3011	12401	11.3306
USP9Y	NA	630	10040	2.92823
USPL1	NA	615	3904	7.3513
UST	NA	10	4391	0.106276
UTAT33	NA	496	573	40.3948
UTF1	NA	20	1157	0.806669
UTP11L	NA	883	2050	20.1004
UTP14A	NA	947	2560	17.2627
UTP14C	NA	838	5529	7.07288
UTP15	NA	391	5095	3.58122
UTP18	NA	808	1884	20.0138
UTP20	NA	792	9010	4.10203
UTP23	NA	253	3691	3.19871
UTP3	NA	2440	2073	54.9274
UTP6	NA	2124	2065	47.9991
UTRN	NA	21	12431	0.0788337
UTS2	NA	5	755	0.309045
UTS2B	NA	3	2408	0.0581385
UTS2R	NA	1	1310	0.0356227
UTY	NA	353	8610	1.91324
UVRAG	NA	564	5166	5.09476
UVSSA	NA	130	4665	1.30044
UXS1	NA	1338	2806	22.2519
UXT	NA	1011	842	56.0322
UXT-AS1	NA	72	565	5.94679
VAC14	NA	1172	3096	17.6655
VAC14-AS1	NA	7	2227	0.146682
VAMP1	NA	439	3360	6.09711
VAMP2	NA	813	2155	17.6052
VAMP3	NA	2635	2205	55.7662
VAMP4	NA	104	5155	0.941463
VAMP5	NA	36	665	2.52627
VAMP7	NA	634	5318	5.56339
VAMP8	NA	1658	776	99.706
VANGL1	NA	327	8769	1.74019
VANGL2	NA	846	5352	7.37654
VAPA	NA	3545	6994	23.6532
VAPB	NA	2156	7938	12.6747
VARS	NA	4362	26135	7.78864
VARS2	NA	525	21474	1.14089
VASH1	NA	4547	6030	35.189
VASH2	NA	39	4494	0.404977
VASN	NA	1083	2806	18.0111
VASP	NA	2801	2290	57.079
VAT1	NA	10094	2758	170.792
VAT1L	NA	13	3791	0.160025
VAV1	NA	0	2937	0
VAV2	NA	1976	4851	19.0088
VAV3	NA	26	4867	0.249293
VAV3-AS1	NA	0	619	0
VAX1	NA	0	5788	0
VAX2	NA	105	1146	4.27566
VBP1	NA	1402	2044	32.0085
VCAM1	NA	0	3203	0
VCAN	NA	5935	12416	22.3068
VCL	NA	14571	5486	123.946
VCP	NA	21898	3859	264.806
VCPIP1	NA	384	8176	2.19174
VCPKMT	NA	169	1891	4.17056
VCX	NA	1	967	0.0482583
VCX2	NA	1	815	0.0572586
VCX3A	NA	2	995	0.0938006
VCX3B	NA	2	1175	0.0794311
VCY	NA	1	549	0.0850015
VCY1B	NA	1	545	0.0856253
VDAC1	NA	6310	2241	131.397
VDAC2	NA	3066	2108	67.8735
VDAC3	NA	2292	1540	69.4533
VDR	NA	151	5166	1.36402
VEGFA	NA	1602	3778	19.7879
VEGFB	NA	729	1805	18.8473
VEGFC	NA	0	2089	0
VENTX	NA	3	2412	0.058042
VENTXP1	NA	0	2716	0
VENTXP7	NA	0	960	0
VEPH1	NA	166	5099	1.51922
VEZF1	NA	733	4633	7.38313
VEZT	NA	1639	4647	16.4591
VGF	NA	4036	2553	73.7733
VGLL1	NA	0	1215	0
VGLL2	NA	0	2231	0
VGLL3	NA	0	10396	0
VGLL4	NA	2811	5108	25.6808
VHL	NA	2662	4560	27.2422
VHLL	NA	1	1014	0.0460215
VIL1	NA	0	2738	0
VILL	NA	52	2787	0.870693
VIM	NA	48581	2136	1061.36
VIM-AS1	NA	13541	1992	317.22
VIMP	NA	971	1999	22.6676
VIP	NA	1	1587	0.029405
VIPAS39	NA	545	2969	8.56614
VIPR1	NA	8	3369	0.110812
VIPR1-AS1	NA	0	181	0
VIPR2	NA	3	4648	0.0301199
VIT	NA	1	3446	0.013542
VKORC1	NA	1511	998	70.6533
VKORC1L1	NA	1164	5896	9.21285
VLDLR	NA	282	3636	3.61929
VLDLR-AS1	NA	22	884	1.16137
VMA21	NA	1309	4736	12.8981
VMAC	NA	52	1670	1.45307
VMO1	NA	16	804	0.928673
VMP1	NA	2650	2174	56.8833
VN1R1	NA	10	1566	0.297994
VN1R10P	NA	0	1202	0
VN1R2	NA	0	1311	0
VN1R4	NA	0	906	0
VN1R5	NA	0	1074	0
VNN1	NA	0	3844	0
VNN2	NA	0	2269	0
VNN3	NA	0	1763	0
VOPP1	NA	2088	3341	29.1644
VPRBP	NA	876	5842	6.99747
VPREB1	NA	0	650	0
VPREB3	NA	0	585	0
VPS11	NA	878	3467	11.8179
VPS13A	NA	626	12595	2.3194
VPS13A-AS1	NA	2	442	0.211157
VPS13B	NA	616	14792	1.94336
VPS13C	NA	677	17061	1.85175
VPS13D	NA	719	16345	2.05278
VPS16	NA	601	2756	10.1764
VPS18	NA	1751	3895	20.9786
VPS25	NA	2172	1102	91.9765
VPS26A	NA	1461	2701	25.242
VPS26B	NA	1166	3731	14.5838
VPS28	NA	899	1097	38.243
VPS29	NA	1584	1393	53.0643
VPS33A	NA	1037	2603	18.591
VPS33B	NA	470	2785	7.87538
VPS35	NA	3213	3285	45.643
VPS36	NA	895	4787	8.72486
VPS37A	NA	416	4585	4.23402
VPS37B	NA	1642	2749	27.8739
VPS37C	NA	468	2692	8.11278
VPS37D	NA	212	1605	6.16396
VPS39	NA	1848	4887	17.6465
VPS41	NA	808	4894	7.70453
VPS45	NA	685	3154	10.1351
VPS4A	NA	1943	2176	41.669
VPS4B	NA	653	3378	9.02095
VPS51	NA	1412	2760	23.874
VPS52	NA	1373	21322	3.00498
VPS53	NA	1873	13655	6.40096
VPS54	NA	647	3994	7.55953
VPS72	NA	1385	1564	41.3249
VPS8	NA	605	5047	5.59398
VPS9D1	NA	766	2749	13.0033
VPS9D1-AS1	NA	121	1753	3.22108
VRK1	NA	566	1703	15.5096
VRK2	NA	600	2912	9.61521
VRK3	NA	714	2584	12.8945
VRTN	NA	6	3416	0.0819657
VSIG1	NA	0	3236	0
VSIG10	NA	389	5003	3.62842
VSIG10L	NA	242	3674	3.0738
VSIG2	NA	38	1121	1.58189
VSIG4	NA	0	2192	0
VSIG8	NA	0	1818	0
VSNL1	NA	0	2005	0
VSTM1	NA	208	1187	8.17733
VSTM2A	NA	0	3112	0
VSTM2A-OT1	NA	0	3031	0
VSTM2B	NA	1	1243	0.0375429
VSTM2L	NA	583	1961	13.8736
VSTM4	NA	8	8104	0.0460669
VSTM5	NA	0	603	0
VSX1	NA	0	3734	0
VSX2	NA	1	2995	0.0155812
VTA1	NA	941	3355	13.0887
VTCN1	NA	12	2947	0.19002
VTI1A	NA	718	4392	7.62888
VTI1B	NA	1842	1330	64.6304
VTN	NA	751	1677	20.898
VTRNA1-1	NA	0	98	0
VTRNA1-2	NA	0	88	0
VTRNA1-3	NA	0	88	0
VTRNA2-1	NA	0	100	0
VWA1	NA	303	4659	3.03493
VWA2	NA	0	5857	0
VWA3A	NA	3	4604	0.0304078
VWA3B	NA	0	4747	0
VWA5A	NA	13	4056	0.14957
VWA5B1	NA	0	4475	0
VWA5B2	NA	37	4020	0.429511
VWA7	NA	1228	17484	3.2776
VWA8	NA	584	7414	3.67586
VWA8-AS1	NA	4	2079	0.0897851
VWA9	NA	1201	2873	19.5077
VWC2	NA	0	1891	0
VWC2L	NA	0	908	0
VWC2L-IT1	NA	0	480	0
VWCE	NA	1061	3536	14.0024
VWDE	NA	2	5583	0.0167171
VWF	NA	98	8833	0.517746
WAC	NA	2475	5958	19.3853
WAC-AS1	NA	2194	5376	19.0448
WAPAL	NA	1443	6302	10.6853
WARS	NA	4169	2968	65.5491
WARS2	NA	356	2835	5.85997
WARS2-IT1	NA	0	562	0
WAS	NA	15	1830	0.382507
WASF1	NA	1155	3220	16.7388
WASF2	NA	2794	5695	22.8945
WASF3	NA	209	5001	1.95024
WASH1	NA	1718	1837	43.6428
WASH2P	NA	1877	1958	44.7353
WASH3P	NA	2216	2554	40.49
WASH5P	NA	389	1137	15.9657
WASH7P	NA	2907	1769	76.686
WASIR2	NA	9	1037	0.405007
WASL	NA	779	4447	8.17465
WBP1	NA	1503	1223	57.3497
WBP11	NA	2640	2674	46.0724
WBP11P1	NA	122	2972	1.91562
WBP1L	NA	1000	4396	10.6155
WBP2	NA	3463	1944	83.1295
WBP2NL	NA	0	2316	0
WBP4	NA	677	2333	13.5417
WBP5	NA	2449	1089	104.944
WBSCR16	NA	2687	3579	35.0352
WBSCR17	NA	1	3518	0.0132649
WBSCR22	NA	887	1486	27.855
WBSCR27	NA	33	930	1.65588
WBSCR28	NA	0	854	0
WDFY1	NA	1612	4664	16.1289
WDFY2	NA	464	3809	5.68468
WDFY3	NA	888	14317	2.89441
WDFY3-AS2	NA	16	1569	0.475878
WDFY4	NA	0	10013	0
WDHD1	NA	761	6032	5.88738
WDPCP	NA	110	3455	1.48574
WDR1	NA	14214	3143	211.043
WDR11	NA	917	4734	9.0394
WDR11-AS1	NA	2	2500	0.0373326
WDR12	NA	1231	2282	25.1734
WDR13	NA	966	2804	16.0767
WDR17	NA	19	7521	0.11789
WDR18	NA	1096	1551	32.976
WDR19	NA	514	4520	5.30669
WDR20	NA	606	5942	4.75925
WDR24	NA	209	3269	2.98353
WDR25	NA	298	2199	6.32397
WDR26	NA	2337	6872	15.8699
WDR27	NA	251	3592	3.26089
WDR3	NA	644	3877	7.75155
WDR31	NA	53	2507	0.986553
WDR33	NA	2313	11218	9.62186
WDR34	NA	2337	1818	59.9879
WDR35	NA	713	6944	4.79158
WDR36	NA	433	6592	3.06527
WDR37	NA	466	4611	4.71617
WDR38	NA	625	1388	21.0131
WDR4	NA	386	2642	6.81794
WDR41	NA	1125	2558	20.5235
WDR43	NA	1550	3531	20.4848
WDR44	NA	139	4146	1.56453
WDR45	NA	1013	2050	23.0597
WDR45B	NA	2475	2587	44.6455
WDR46	NA	2142	11815	8.46027
WDR47	NA	247	4374	2.63522
WDR48	NA	883	4001	10.2989
WDR49	NA	0	2593	0
WDR5	NA	1825	3183	26.7562
WDR53	NA	304	1571	9.03017
WDR54	NA	568	1119	23.6874
WDR55	NA	449	2580	8.1213
WDR59	NA	1615	3663	20.5747
WDR5B	NA	157	4183	1.7515
WDR6	NA	6939	4259	76.0305
WDR60	NA	305	3772	3.77335
WDR61	NA	2083	1424	68.2618
WDR62	NA	835	4745	8.212
WDR63	NA	8	3019	0.123659
WDR64	NA	1	4370	0.0106787
WDR66	NA	107	4295	1.16257
WDR7	NA	280	7282	1.79435
WDR70	NA	475	2122	10.4459
WDR72	NA	0	7942	0
WDR73	NA	1309	3828	15.9576
WDR74	NA	1563	1373	53.1236
WDR75	NA	1521	2732	25.9805
WDR76	NA	294	4027	3.40694
WDR77	NA	3295	2408	63.8554
WDR78	NA	169	3955	1.99406
WDR81	NA	947	7227	6.11492
WDR82	NA	3838	4292	41.7296
WDR83	NA	851	1505	26.3871
WDR83OS	NA	1695	861	91.8682
WDR86	NA	270	2218	5.68069
WDR86-AS1	NA	25	945	1.23454
WDR87	NA	0	9102	0
WDR88	NA	15	1722	0.406497
WDR89	NA	328	3666	4.17523
WDR90	NA	352	5541	2.96451
WDR91	NA	509	4619	5.14243
WDR92	NA	457	2898	7.35896
WDR93	NA	10	3744	0.124642
WDSUB1	NA	315	2135	6.88512
WDTC1	NA	837	4819	8.10527
WDYHV1	NA	285	1669	7.9687
WEE1	NA	901	4047	10.3894
WEE2	NA	4	3061	0.0609811
WEE2-AS1	NA	34	2262	0.701431
WFDC1	NA	6	1474	0.189956
WFDC10A	NA	0	482	0
WFDC10B	NA	1	632	0.0738383
WFDC11	NA	0	615	0
WFDC12	NA	0	774	0
WFDC13	NA	0	1372	0
WFDC2	NA	1	566	0.0824484
WFDC21P	NA	1179	621	88.5974
WFDC3	NA	14	1000	0.653321
WFDC5	NA	0	1018	0
WFDC6	NA	0	619	0
WFDC8	NA	0	1530	0
WFDC9	NA	0	659	0
WFIKKN1	NA	1720	1948	41.2039
WFIKKN2	NA	2	3754	0.0248619
WFS1	NA	1196	3640	15.333
WHAMM	NA	558	3854	6.75649
WHAMMP1	NA	55	1567	1.63792
WHAMMP2	NA	81	5246	0.720536
WHAMMP3	NA	104	3588	1.35263
WHSC1	NA	3009	17077	8.2226
WHSC1L1	NA	981	7052	6.49165
WI2-2373I1.2	NA	0	702	0
WIBG	NA	1930	1276	70.5838
WIF1	NA	69	2240	1.43747
WIPF1	NA	2	4711	0.0198114
WIPF2	NA	742	5525	6.26715
WIPF3	NA	0	4184	0
WIPI1	NA	613	1924	14.8681
WIPI2	NA	1927	4929	18.2441
WISP1	NA	0	5189	0
WISP2	NA	2	1404	0.0664755
WISP3	NA	1	1470	0.0317454
WIZ	NA	1829	4168	20.4779
WLS	NA	3055	3091	46.1223
WNK1	NA	3344	11946	13.063
WNK2	NA	731	8446	4.03892
WNK3	NA	174	11343	0.715847
WNK4	NA	30	4178	0.335082
WNT1	NA	2	2284	0.0408632
WNT10A	NA	14	2375	0.275083
WNT10B	NA	106	2369	2.08804
WNT11	NA	279	1927	6.75649
WNT16	NA	2	3228	0.0289131
WNT2	NA	0	2906	0
WNT2B	NA	57	3592	0.740521
WNT3	NA	26	3355	0.361643
WNT3A	NA	11	2972	0.17272
WNT4	NA	25	3905	0.298757
WNT5A	NA	21	6245	0.156923
WNT5B	NA	177	2311	3.57414
WNT6	NA	106	1700	2.90975
WNT7A	NA	0	1714	0
WNT7B	NA	27	3912	0.32208
WNT8A	NA	0	2089	0
WNT8B	NA	8	1996	0.187037
WNT9A	NA	18	1240	0.677407
WNT9B	NA	1	1464	0.0318755
WRAP53	NA	453	2281	9.26769
WRAP73	NA	762	1699	20.9296
WRB	NA	536	1663	15.0408
WRN	NA	382	5746	3.10239
WRNIP1	NA	2068	2652	36.3895
WSB1	NA	1449	2832	23.8767
WSB2	NA	1445	2958	22.7965
WSCD1	NA	15	5821	0.120252
WSCD2	NA	0	5185	0
WSPAR	NA	0	683	0
WT1	NA	0	3314	0
WT1-AS	NA	1	4294	0.0108677
WTAP	NA	2559	3500	34.1194
WTAPP1	NA	0	2642	0
WTH3DI	NA	1000	3667	12.7259
WTIP	NA	839	2204	17.7643
WWC1	NA	822	6739	5.69213
WWC2	NA	619	8808	3.27953
WWC2-AS1	NA	0	404	0
WWC2-AS2	NA	9	2179	0.192745
WWC3	NA	985	6454	7.12207
WWOX	NA	219	2913	3.50835
WWP1	NA	335	4105	3.80829
WWP2	NA	771	6745	5.33422
WWTR1	NA	993	5367	8.63409
WWTR1-AS1	NA	8	1698	0.219862
XAB2	NA	2233	2655	39.2485
XACT	NA	2	497	0.18779
XAF1	NA	3	3624	0.0386306
XAGE1B	NA	0	1914	0
XAGE1E	NA	0	1914	0
XAGE2	NA	0	641	0
XAGE3	NA	0	568	0
XAGE5	NA	0	477	0
XBP1	NA	1503	1820	38.5377
XCL1	NA	0	1367	0
XCL2	NA	0	565	0
XCR1	NA	0	1373	0
XDH	NA	0	5717	0
XG	NA	3	2934	0.0477155
XGY2	NA	1	726	0.064278
XIAP	NA	1095	8545	5.97999
XIRP1	NA	53	6462	0.382743
XIRP2	NA	0	13021	0
XIRP2-AS1	NA	0	1871	0
XIST	NA	1	19280	0.00242043
XK	NA	1	5085	0.00917715
XKR3	NA	2	1681	0.0555215
XKR4	NA	0	3909	0
XKR5	NA	30	5028	0.278436
XKR6	NA	0	3758	0
XKR7	NA	29	2910	0.465054
XKR8	NA	4	2692	0.06934
XKR9	NA	6	3402	0.082303
XKRX	NA	3	2851	0.0491047
XKRY	NA	0	1581	0
XKRY2	NA	0	1581	0
XLOC_007697	NA	0	250	0
XLOC_008559	NA	0	504	0
XLOC_009911	NA	1	498	0.0937064
XPA	NA	408	1700	11.1998
XPC	NA	4463	3720	55.9864
XPNPEP1	NA	1924	2539	35.3623
XPNPEP2	NA	0	3333	0
XPNPEP3	NA	533	9289	2.67767
XPO1	NA	5218	4830	50.4145
XPO4	NA	707	9885	3.33765
XPO5	NA	2489	5364	21.6538
XPO6	NA	4221	4625	42.5895
XPO7	NA	1263	4863	12.1199
XPOT	NA	1228	3947	14.5188
XPR1	NA	1683	8496	9.24418
XRCC1	NA	1620	2102	35.9651
XRCC2	NA	122	3069	1.85508
XRCC3	NA	669	2639	11.83
XRCC4	NA	895	1704	24.5105
XRCC5	NA	6171	3430	83.9576
XRCC6	NA	11950	2326	239.749
XRCC6BP1	NA	74	1160	2.97696
XRCC6P5	NA	95	2175	2.03828
XRN1	NA	289	10808	1.24782
XRN2	NA	979	3435	13.3001
XRRA1	NA	597	5025	5.54418
XXYLT1	NA	1503	2875	24.3961
XXYLT1-AS1	NA	0	431	0
XXYLT1-AS2	NA	2	850	0.109802
XYLB	NA	166	3683	2.10332
XYLT1	NA	5	9336	0.0249924
XYLT2	NA	760	3601	9.84893
YAE1D1	NA	423	3372	5.85398
YAF2	NA	152	9145	0.775637
YAP1	NA	2143	5704	17.5324
YARS	NA	2971	3117	44.48
YARS2	NA	788	2173	16.9225
YBEY	NA	320	1785	8.36586
YBX1	NA	14376	1546	433.938
YBX2	NA	485	1583	14.2975
YBX3	NA	7138	1974	168.744
YBX3P1	NA	411	1758	10.9099
YDJC	NA	736	1338	25.6697
YEATS2	NA	1599	6506	11.4692
YEATS4	NA	226	1501	7.0263
YES1	NA	1097	4685	10.9269
YIF1A	NA	1111	1121	46.2495
YIF1B	NA	1163	2952	18.3849
YIPF1	NA	787	1903	19.299
YIPF2	NA	985	1835	25.0495
YIPF3	NA	2087	1576	61.7967
YIPF4	NA	250	1965	5.93712
YIPF5	NA	661	3453	8.93313
YIPF6	NA	727	6282	5.40052
YIPF7	NA	0	937	0
YJEFN3	NA	83	1032	3.75316
YKT6	NA	3350	2766	56.5186
YLPM1	NA	1898	8137	10.8851
YME1L1	NA	4289	4398	45.5092
YOD1	NA	406	6521	2.90543
YPEL1	NA	420	4720	4.15247
YPEL2	NA	254	5232	2.2655
YPEL3	NA	2	1604	0.0581868
YPEL4	NA	31	1722	0.840093
YPEL5	NA	3024	2617	53.9233
YRDC	NA	634	1836	16.1144
YTHDC1	NA	2310	12498	8.62522
YTHDC2	NA	448	6308	3.31425
YTHDF1	NA	2345	3252	33.6505
YTHDF2	NA	2811	3063	42.8265
YTHDF3	NA	959	5450	8.21147
YTHDF3-AS1	NA	12	718	0.77993
YWHAB	NA	7004	3223	101.411
YWHAE	NA	16740	1860	419.992
YWHAEP1	NA	494	1825	12.6317
YWHAEP7	NA	1	2455	0.0190085
YWHAG	NA	5285	3747	65.8203
YWHAH	NA	6495	1793	169.043
YWHAQ	NA	13089	2254	270.989
YWHAZ	NA	22265	3651	284.583
YY1	NA	1264	3159	18.6722
YY1AP1	NA	1950	3870	23.5138
YY1P2	NA	0	1851	0
YY2	NA	31	2741	0.527778
ZACN	NA	1236	1473	39.1575
ZADH2	NA	196	8051	1.13607
ZAK	NA	191	9858	0.904156
ZAN	NA	3	8733	0.0160308
ZAP70	NA	2	2543	0.0367014
ZAR1	NA	0	1460	0
ZAR1L	NA	3	1103	0.126924
ZASP	NA	240	699	16.0226
ZBBX	NA	15	3478	0.201261
ZBED1	NA	1466	9478	7.21798
ZBED2	NA	0	2203	0
ZBED3	NA	50	1419	1.64432
ZBED3-AS1	NA	15	1142	0.612948
ZBED4	NA	795	6886	5.38764
ZBED5	NA	870	2741	14.8118
ZBED5-AS1	NA	167	1113	7.00197
ZBED6	NA	32	2940	0.507927
ZBED6CL	NA	780	2874	12.665
ZBED8	NA	70	2925	1.11679
ZBED9	NA	77	9754	0.368389
ZBP1	NA	0	2576	0
ZBTB1	NA	818	5668	6.73476
ZBTB10	NA	339	10212	1.54913
ZBTB11	NA	270	5119	2.46137
ZBTB11-AS1	NA	120	2784	2.01146
ZBTB12	NA	22423	9327	112.189
ZBTB14	NA	207	3776	2.55822
ZBTB16	NA	0	2425	0
ZBTB17	NA	783	2794	13.0778
ZBTB18	NA	232	4515	2.39789
ZBTB2	NA	867	3244	12.472
ZBTB20	NA	40	28312	0.0659308
ZBTB20-AS1	NA	0	1719	0
ZBTB20-AS3	NA	0	545	0
ZBTB20-AS4	NA	0	675	0
ZBTB21	NA	500	7479	3.11979
ZBTB22	NA	375	13645	1.2825
ZBTB24	NA	510	5723	4.15858
ZBTB25	NA	264	4042	3.04794
ZBTB26	NA	61	2233	1.27479
ZBTB3	NA	142	2974	2.22816
ZBTB32	NA	5	1960	0.119045
ZBTB33	NA	268	5311	2.35482
ZBTB34	NA	340	6563	2.41755
ZBTB37	NA	11	2374	0.216227
ZBTB38	NA	223	8384	1.24123
ZBTB39	NA	509	6238	3.80777
ZBTB4	NA	1168	6112	8.91781
ZBTB40	NA	1037	8992	5.38172
ZBTB41	NA	70	8474	0.385486
ZBTB42	NA	195	3531	2.57713
ZBTB43	NA	379	5972	2.96154
ZBTB44	NA	452	9557	2.20707
ZBTB45	NA	331	2352	6.56734
ZBTB46	NA	949	5233	8.4628
ZBTB46-AS1	NA	5	1088	0.214457
ZBTB47	NA	395	5507	3.34719
ZBTB48	NA	330	2350	6.55307
ZBTB49	NA	143	2943	2.26749
ZBTB5	NA	633	4649	6.35394
ZBTB6	NA	104	4104	1.18256
ZBTB7A	NA	584	4441	6.13664
ZBTB7B	NA	749	4099	8.52712
ZBTB7C	NA	0	4171	0
ZBTB8A	NA	454	7368	2.87544
ZBTB8B	NA	55	4018	0.63878
ZBTB8OS	NA	780	1280	28.437
ZBTB9	NA	940	5422	8.09035
ZC2HC1A	NA	61	3349	0.849989
ZC2HC1B	NA	0	992	0
ZC2HC1C	NA	26	3986	0.304393
ZC3H10	NA	134	2497	2.50429
ZC3H11A	NA	3365	4778	32.8653
ZC3H12A	NA	279	2716	4.79373
ZC3H12B	NA	21	7256	0.135058
ZC3H12C	NA	32	8807	0.169559
ZC3H12D	NA	8	4907	0.0760804
ZC3H13	NA	1487	6411	10.8239
ZC3H14	NA	1425	5029	13.2231
ZC3H15	NA	2180	2133	47.6941
ZC3H18	NA	1372	3799	16.8532
ZC3H3	NA	960	3277	13.6708
ZC3H4	NA	1109	6116	8.4618
ZC3H6	NA	115	11539	0.465081
ZC3H7A	NA	2147	3816	26.2556
ZC3H7B	NA	4074	5928	32.0709
ZC3H8	NA	389	1604	11.3173
ZC3HAV1	NA	756	7869	4.48333
ZC3HAV1L	NA	88	1753	2.34261
ZC3HC1	NA	1227	2018	28.3741
ZC4H2	NA	0	3183	0
ZCCHC10	NA	539	2423	10.3809
ZCCHC11	NA	972	5850	7.7537
ZCCHC12	NA	100	2197	2.12407
ZCCHC13	NA	0	845	0
ZCCHC14	NA	1718	6911	11.6006
ZCCHC16	NA	0	2958	0
ZCCHC17	NA	1683	1921	40.8842
ZCCHC18	NA	10	2942	0.158619
ZCCHC2	NA	345	7841	2.05327
ZCCHC24	NA	383	4931	3.62462
ZCCHC3	NA	2323	2760	39.277
ZCCHC4	NA	168	2797	2.80295
ZCCHC5	NA	0	2648	0
ZCCHC6	NA	354	5680	2.9084
ZCCHC7	NA	536	2956	8.46173
ZCCHC8	NA	664	4255	7.28228
ZCCHC9	NA	837	1790	21.8208
ZCRB1	NA	1252	1844	31.6842
ZCWPW1	NA	118	2469	2.23028
ZCWPW2	NA	13	1712	0.354355
ZDBF2	NA	187	10505	0.8307
ZDHHC1	NA	319	2009	7.40985
ZDHHC11	NA	343	2606	6.14212
ZDHHC12	NA	725	1151	29.3942
ZDHHC13	NA	404	2434	7.74568
ZDHHC14	NA	258	2787	4.31998
ZDHHC15	NA	3	6525	0.0214555
ZDHHC16	NA	1407	2079	31.5819
ZDHHC17	NA	589	4771	5.76109
ZDHHC18	NA	921	3139	13.692
ZDHHC19	NA	0	1337	0
ZDHHC2	NA	342	4012	3.97799
ZDHHC20	NA	672	5585	5.61494
ZDHHC21	NA	191	9171	0.971886
ZDHHC22	NA	113	3408	1.54731
ZDHHC23	NA	549	3776	6.78483
ZDHHC24	NA	348	1317	12.3308
ZDHHC3	NA	2248	12686	8.26933
ZDHHC4	NA	773	1618	22.2946
ZDHHC5	NA	2091	4560	21.3987
ZDHHC6	NA	1002	2225	21.0153
ZDHHC7	NA	1778	3273	25.3504
ZDHHC8	NA	1431	5012	13.3238
ZDHHC8P1	NA	1005	2548	18.4063
ZDHHC9	NA	800	4878	7.65327
ZEB1	NA	350	6389	2.55643
ZEB1-AS1	NA	109	2213	2.2985
ZEB2	NA	2	11656	0.00800717
ZEB2-AS1	NA	0	429	0
ZER1	NA	1607	4298	17.4481
ZFAND1	NA	607	2291	12.3641
ZFAND2A	NA	603	901	31.2314
ZFAND2B	NA	230	1323	8.11272
ZFAND3	NA	2035	3333	28.4923
ZFAND4	NA	54	4193	0.60099
ZFAND5	NA	2289	5999	17.806
ZFAND6	NA	704	2146	15.3088
ZFAS1	NA	1308	1028	59.3763
ZFAT	NA	174	5065	1.60313
ZFAT-AS1	NA	3	939	0.149092
ZFC3H1	NA	1370	7158	8.93157
ZFHX2	NA	271	9182	1.37731
ZFHX3	NA	929	16168	2.68138
ZFHX4	NA	3	13958	0.0100299
ZFHX4-AS1	NA	0	1710	0
ZFP1	NA	198	3288	2.81017
ZFP14	NA	125	7496	0.778178
ZFP2	NA	72	2405	1.39706
ZFP28	NA	228	6617	1.60795
ZFP3	NA	0	4995	0
ZFP30	NA	336	4611	3.4005
ZFP36	NA	442	1752	11.773
ZFP36L1	NA	4551	4040	52.5683
ZFP36L2	NA	8186	3693	103.441
ZFP37	NA	113	2951	1.78693
ZFP41	NA	544	6215	4.08467
ZFP42	NA	0	2650	0
ZFP57	NA	1	8801	0.00530233
ZFP62	NA	671	4024	7.7815
ZFP64	NA	946	4984	8.85751
ZFP69	NA	4	2159	0.0864582
ZFP69B	NA	29	2031	0.666326
ZFP82	NA	209	2616	3.72827
ZFP90	NA	1137	5094	10.416
ZFP91	NA	1347	5725	10.9797
ZFP91-CNTF	NA	123	3543	1.62007
ZFP92	NA	0	1251	0
ZFPL1	NA	423	1386	14.2422
ZFPM1	NA	376	3241	5.41387
ZFPM2	NA	0	4480	0
ZFPM2-AS1	NA	0	1078	0
ZFR	NA	1840	4715	18.211
ZFR2	NA	604	5724	4.9242
ZFX	NA	509	7883	3.01318
ZFX-AS1	NA	0	417	0
ZFY	NA	96	5616	0.797706
ZFYVE1	NA	730	4557	7.47554
ZFYVE16	NA	604	7818	3.60529
ZFYVE19	NA	345	2397	6.7166
ZFYVE21	NA	623	1507	19.2918
ZFYVE26	NA	2415	9675	11.6484
ZFYVE27	NA	795	3064	12.1081
ZFYVE28	NA	194	5864	1.54385
ZFYVE9	NA	516	5195	4.63514
ZG16	NA	4	1807	0.1033
ZG16B	NA	30	828	1.69079
ZGLP1	NA	117	1980	2.75752
ZGPAT	NA	998	2126	21.9061
ZGRF1	NA	198	6740	1.37089
ZHX1	NA	444	5403	3.83484
ZHX1-C8orf76	NA	526	1527	16.0748
ZHX2	NA	51	4359	0.545987
ZHX3	NA	814	9991	3.80202
ZIC1	NA	0	5231	0
ZIC2	NA	745	2975	11.6861
ZIC3	NA	0	3939	0
ZIC4	NA	0	5208	0
ZIC5	NA	235	4597	2.38557
ZIK1	NA	0	2676	0
ZIM2	NA	6	2260	0.123892
ZIM2-AS1	NA	0	2151	0
ZIM3	NA	1	2627	0.0177639
ZKSCAN1	NA	1421	9546	6.94658
ZKSCAN2	NA	543	7126	3.55593
ZKSCAN3	NA	218	4842	2.10102
ZKSCAN4	NA	245	5439	2.10206
ZKSCAN5	NA	800	4428	8.43104
ZKSCAN7	NA	119	4003	1.38727
ZKSCAN8	NA	811	7565	5.00277
ZMAT1	NA	176	4166	1.97148
ZMAT2	NA	1948	1512	60.1223
ZMAT3	NA	2060	9116	10.5454
ZMAT4	NA	0	2467	0
ZMAT5	NA	361	1033	16.3082
ZMIZ1	NA	925	7555	5.71355
ZMIZ1-AS1	NA	3	2433	0.0575411
ZMIZ2	NA	1923	5209	17.2276
ZMPSTE24	NA	802	3165	11.825
ZMYM1	NA	87	4670	0.869363
ZMYM2	NA	1435	10380	6.45139
ZMYM3	NA	2678	6570	19.0215
ZMYM4	NA	2060	6994	13.7449
ZMYM5	NA	274	3471	3.68379
ZMYM6	NA	274	5144	2.4857
ZMYM6NB	NA	372	925	18.7672
ZMYND10	NA	20	1880	0.496445
ZMYND11	NA	1031	5200	9.25239
ZMYND12	NA	7	1774	0.184138
ZMYND15	NA	11	2448	0.209691
ZMYND19	NA	752	1370	25.6151
ZMYND8	NA	2066	6404	15.0549
ZNF10	NA	254	4403	2.69205
ZNF100	NA	82	4470	0.856062
ZNF101	NA	245	4748	2.40799
ZNF106	NA	5768	11247	23.9325
ZNF107	NA	287	9610	1.39366
ZNF112	NA	70	3735	0.874593
ZNF114	NA	1148	2652	20.2007
ZNF117	NA	376	6404	2.7399
ZNF12	NA	642	5063	5.91733
ZNF121	NA	69	1675	1.92235
ZNF124	NA	370	5283	3.26828
ZNF131	NA	808	3376	11.1688
ZNF132	NA	46	3031	0.708224
ZNF133	NA	840	3294	11.9002
ZNF134	NA	332	2248	6.89192
ZNF135	NA	0	4158	0
ZNF136	NA	145	3018	2.24206
ZNF137P	NA	30	2484	0.563597
ZNF138	NA	225	4956	2.1186
ZNF14	NA	212	2963	3.3389
ZNF140	NA	607	3380	8.38051
ZNF141	NA	19	1642	0.539982
ZNF142	NA	560	6233	4.19266
ZNF143	NA	271	2947	4.29129
ZNF146	NA	2314	3856	28.0043
ZNF148	NA	448	9543	2.19074
ZNF154	NA	11	6914	0.0742441
ZNF155	NA	34	2821	0.562438
ZNF157	NA	13	1695	0.357909
ZNF16	NA	260	2616	4.63804
ZNF160	NA	737	4336	7.93189
ZNF165	NA	106	2377	2.08102
ZNF169	NA	31	2773	0.521688
ZNF17	NA	119	2678	2.07365
ZNF174	NA	363	2619	6.468
ZNF175	NA	170	3785	2.09595
ZNF177	NA	56	2742	0.953058
ZNF18	NA	323	2853	5.28323
ZNF180	NA	332	4586	3.37834
ZNF181	NA	310	2951	4.9022
ZNF182	NA	349	3604	4.51897
ZNF184	NA	210	3102	3.15919
ZNF185	NA	27	4785	0.263318
ZNF189	NA	611	3452	8.25979
ZNF19	NA	81	2743	1.37803
ZNF192P1	NA	17	1649	0.481091
ZNF195	NA	981	3703	12.3627
ZNF197	NA	681	6326	5.02362
ZNF197-AS1	NA	2	623	0.14981
ZNF2	NA	136	4013	1.5815
ZNF20	NA	158	3058	2.41112
ZNF200	NA	328	3658	4.18436
ZNF202	NA	411	4469	4.29171
ZNF204P	NA	106	4190	1.18057
ZNF205	NA	519	2328	10.4036
ZNF205-AS1	NA	49	1219	1.87582
ZNF207	NA	3706	2323	74.4483
ZNF208	NA	7	9088	0.0359442
ZNF211	NA	560	2861	9.13417
ZNF212	NA	410	2810	6.80889
ZNF213	NA	274	3406	3.75409
ZNF213-AS1	NA	111	1125	4.60436
ZNF214	NA	77	2668	1.3468
ZNF215	NA	131	3658	1.67119
ZNF217	NA	2327	5635	19.2709
ZNF219	NA	1618	3478	21.7094
ZNF22	NA	30	2204	0.635197
ZNF221	NA	13	2458	0.246809
ZNF222	NA	0	1711	0
ZNF223	NA	0	2419	0
ZNF224	NA	162	2483	3.04465
ZNF225	NA	97	2731	1.65748
ZNF226	NA	462	3299	6.53519
ZNF227	NA	279	3135	4.15303
ZNF229	NA	7	5480	0.0596096
ZNF23	NA	384	3402	5.26739
ZNF230	NA	62	4132	0.700213
ZNF232	NA	233	2078	5.2325
ZNF233	NA	16	2827	0.264115
ZNF234	NA	4	4600	0.040579
ZNF235	NA	79	3190	1.15567
ZNF236	NA	197	8179	1.124
ZNF239	NA	185	2508	3.44225
ZNF24	NA	1532	6513	10.9768
ZNF248	NA	279	6046	2.15345
ZNF25	NA	45	3736	0.562088
ZNF250	NA	209	6364	1.53255
ZNF251	NA	623	3007	9.66837
ZNF252P	NA	445	5430	3.82436
ZNF252P-AS1	NA	10	3236	0.144208
ZNF253	NA	9	2329	0.180332
ZNF254	NA	195	4752	1.91495
ZNF256	NA	232	2210	4.89885
ZNF257	NA	0	3520	0
ZNF26	NA	329	6562	2.33969
ZNF260	NA	645	5582	5.39223
ZNF263	NA	1299	3285	18.4532
ZNF264	NA	467	12163	1.79174
ZNF266	NA	804	3862	9.71499
ZNF267	NA	308	3463	4.15047
ZNF268	NA	668	5868	5.31233
ZNF271P	NA	983	5134	8.93504
ZNF273	NA	86	4414	0.909211
ZNF274	NA	595	2894	9.59439
ZNF275	NA	366	6320	2.70248
ZNF276	NA	667	5214	5.96971
ZNF277	NA	292	2687	5.07124
ZNF28	NA	165	4712	1.6341
ZNF280A	NA	42	2158	0.908231
ZNF280B	NA	204	5729	1.66169
ZNF280C	NA	122	4695	1.21262
ZNF280D	NA	364	8154	2.08319
ZNF281	NA	836	4890	7.97804
ZNF282	NA	972	3744	12.1152
ZNF283	NA	133	2759	2.24957
ZNF284	NA	0	2208	0
ZNF285	NA	1	2932	0.015916
ZNF286A	NA	1201	5604	10.001
ZNF286B	NA	871	5328	7.62874
ZNF287	NA	91	4278	0.992657
ZNF292	NA	513	10100	2.37025
ZNF295-AS1	NA	5	1376	0.16957
ZNF296	NA	423	1586	12.4462
ZNF3	NA	1230	4154	13.8177
ZNF30	NA	101	2733	1.72457
ZNF30-AS1	NA	1	428	0.109032
ZNF300	NA	1	3323	0.0140433
ZNF300P1	NA	2	2420	0.0385668
ZNF302	NA	878	3288	12.4612
ZNF304	NA	274	4641	2.7551
ZNF311	NA	74	11101	0.311077
ZNF316	NA	1100	7239	7.09109
ZNF317	NA	1309	4221	14.4718
ZNF318	NA	663	8006	3.86453
ZNF319	NA	343	4221	3.79208
ZNF32	NA	146	1279	5.32698
ZNF32-AS1	NA	25	434	2.68812
ZNF32-AS2	NA	11	905	0.567209
ZNF32-AS3	NA	0	1928	0
ZNF320	NA	11	6145	0.0835352
ZNF321P	NA	14	2334	0.279915
ZNF322	NA	846	4892	8.07017
ZNF324	NA	431	3231	6.225
ZNF324B	NA	139	2995	2.16579
ZNF326	NA	1116	3919	13.2889
ZNF329	NA	559	3413	7.64318
ZNF330	NA	935	1898	22.9887
ZNF331	NA	458	6075	3.51818
ZNF333	NA	43	6357	0.315657
ZNF334	NA	0	4071	0
ZNF335	NA	903	4452	9.46523
ZNF337	NA	1068	4761	10.4682
ZNF337-AS1	NA	164	2472	3.09595
ZNF33A	NA	788	6472	5.68181
ZNF33B	NA	968	8465	5.33638
ZNF33BP1	NA	2	1238	0.075389
ZNF34	NA	145	2836	2.38595
ZNF341	NA	109	3579	1.42123
ZNF341-AS1	NA	3	646	0.216714
ZNF343	NA	474	4173	5.30064
ZNF345	NA	5	3933	0.059326
ZNF346	NA	517	6258	3.85526
ZNF347	NA	156	4563	1.59541
ZNF35	NA	288	2649	5.07352
ZNF350	NA	231	2341	4.60478
ZNF350-AS1	NA	4	726	0.257112
ZNF354A	NA	444	2555	8.10944
ZNF354B	NA	200	2197	4.24814
ZNF354C	NA	4	2373	0.0786613
ZNF358	NA	1072	1953	25.6148
ZNF362	NA	507	3106	7.61737
ZNF365	NA	26	7522	0.161302
ZNF366	NA	0	6278	0
ZNF367	NA	129	3702	1.62612
ZNF37A	NA	862	7029	5.72285
ZNF37BP	NA	600	8710	3.21464
ZNF382	NA	81	2827	1.33708
ZNF383	NA	98	1694	2.69967
ZNF384	NA	945	3511	12.5603
ZNF385A	NA	3240	2776	54.4658
ZNF385B	NA	51	4334	0.549136
ZNF385C	NA	90	2596	1.61784
ZNF385D	NA	7	1812	0.180276
ZNF385D-AS1	NA	0	732	0
ZNF385D-AS2	NA	0	421	0
ZNF391	NA	41	1596	1.19881
ZNF394	NA	459	2145	9.98583
ZNF395	NA	811	4802	7.88129
ZNF396	NA	0	2788	0
ZNF397	NA	180	3321	2.52931
ZNF398	NA	547	5791	4.40791
ZNF404	NA	16	1842	0.405349
ZNF407	NA	279	9037	1.44072
ZNF408	NA	543	2539	9.98012
ZNF41	NA	129	4375	1.37597
ZNF410	NA	889	2925	14.1832
ZNF414	NA	453	1558	13.5684
ZNF415	NA	122	2975	1.91369
ZNF416	NA	274	2509	5.09623
ZNF417	NA	215	4709	2.13063
ZNF418	NA	6	3694	0.0757972
ZNF419	NA	336	2382	6.58258
ZNF420	NA	118	2973	1.85219
ZNF423	NA	13	4758	0.127502
ZNF425	NA	272	3218	3.94441
ZNF426	NA	19	2551	0.34757
ZNF428	NA	2459	1395	82.2589
ZNF429	NA	54	2361	1.06732
ZNF43	NA	86	5944	0.675178
ZNF430	NA	137	3919	1.63134
ZNF431	NA	176	3846	2.13551
ZNF432	NA	92	2573	1.66858
ZNF433	NA	44	2458	0.835352
ZNF436	NA	487	4814	4.72086
ZNF436-AS1	NA	117	2867	1.90439
ZNF438	NA	68	3834	0.827667
ZNF439	NA	19	2550	0.347706
ZNF44	NA	279	2794	4.6599
ZNF440	NA	319	4181	3.56049
ZNF441	NA	0	4448	0
ZNF442	NA	57	2825	0.941575
ZNF443	NA	195	2664	3.41585
ZNF444	NA	1348	2064	30.4775
ZNF445	NA	1233	10249	5.6141
ZNF446	NA	293	2486	5.50003
ZNF449	NA	110	4059	1.26466
ZNF45	NA	421	3903	5.03364
ZNF451	NA	605	14373	1.96429
ZNF454	NA	2	2172	0.0429703
ZNF460	NA	26	3849	0.315228
ZNF461	NA	88	3208	1.28011
ZNF462	NA	43	8295	0.241908
ZNF467	NA	524	2279	10.7297
ZNF468	NA	129	4286	1.40455
ZNF469	NA	474	13203	1.67535
ZNF470	NA	157	7141	1.02598
ZNF471	NA	122	4966	1.14644
ZNF473	NA	435	4839	4.195
ZNF474	NA	4	1964	0.0950424
ZNF479	NA	0	2067	0
ZNF48	NA	1049	3640	13.4485
ZNF480	NA	493	4751	4.8424
ZNF483	NA	15	5209	0.13438
ZNF484	NA	98	4031	1.13452
ZNF485	NA	45	2055	1.02188
ZNF486	NA	2	3897	0.0239496
ZNF487	NA	42	1491	1.31453
ZNF488	NA	114	3496	1.52171
ZNF490	NA	134	6098	1.02545
ZNF491	NA	2	2823	0.0330611
ZNF492	NA	13	4245	0.142911
ZNF493	NA	3	6284	0.0222784
ZNF496	NA	354	2428	6.80383
ZNF497	NA	287	3562	3.75999
ZNF500	NA	296	3305	4.17945
ZNF501	NA	1	3382	0.0137983
ZNF502	NA	1	3396	0.0137414
ZNF503	NA	180	3695	2.2733
ZNF503-AS1	NA	17	1990	0.398653
ZNF503-AS2	NA	32	3339	0.447231
ZNF506	NA	19	3324	0.266742
ZNF507	NA	539	7718	3.25899
ZNF510	NA	225	5154	2.03721
ZNF511	NA	633	1110	26.6121
ZNF512	NA	0	3703	0
ZNF512B	NA	1151	5922	9.06997
ZNF513	NA	729	2354	14.4517
ZNF514	NA	535	3204	7.7922
ZNF516	NA	60	8626	0.324594
ZNF517	NA	177	2335	3.53741
ZNF518A	NA	607	8431	3.35976
ZNF518B	NA	365	6936	2.45574
ZNF519	NA	49	8875	0.257648
ZNF521	NA	1386	4971	13.0112
ZNF524	NA	137	1133	5.64273
ZNF525	NA	239	6094	1.83018
ZNF526	NA	425	3954	5.01592
ZNF527	NA	99	5126	0.901271
ZNF528	NA	3	3978	0.0351929
ZNF528-AS1	NA	0	1321	0
ZNF529	NA	353	7835	2.10249
ZNF529-AS1	NA	83	1846	2.09819
ZNF530	NA	93	2964	1.46421
ZNF532	NA	747	6464	5.39285
ZNF534	NA	3	2839	0.0493122
ZNF536	NA	0	4935	0
ZNF540	NA	21	3531	0.277537
ZNF541	NA	2	4580	0.0203781
ZNF542P	NA	27	3813	0.330442
ZNF543	NA	87	3671	1.10595
ZNF544	NA	1066	3510	14.1726
ZNF546	NA	93	8027	0.540665
ZNF547	NA	104	2862	1.69575
ZNF548	NA	102	4550	1.04613
ZNF549	NA	200	4121	2.26478
ZNF550	NA	171	4309	1.8519
ZNF551	NA	82	3721	1.02838
ZNF552	NA	181	2352	3.5912
ZNF554	NA	196	3698	2.47336
ZNF555	NA	317	8547	1.73079
ZNF556	NA	0	1634	0
ZNF557	NA	126	6001	0.979818
ZNF558	NA	502	4163	5.62725
ZNF559	NA	115	3568	1.50408
ZNF559-ZNF177	NA	57	3252	0.817943
ZNF560	NA	0	2802	0
ZNF561	NA	843	4540	8.66504
ZNF561-AS1	NA	174	1834	4.4274
ZNF562	NA	372	5784	3.00133
ZNF563	NA	13	2773	0.218772
ZNF564	NA	184	2948	2.91266
ZNF565	NA	63	2220	1.3243
ZNF566	NA	114	5629	0.945088
ZNF567	NA	157	2851	2.56981
ZNF568	NA	1	5991	0.00778932
ZNF569	NA	145	4058	1.66746
ZNF57	NA	262	2003	6.10406
ZNF570	NA	10	2442	0.191097
ZNF571	NA	70	2396	1.36336
ZNF571-AS1	NA	1	3332	0.0140053
ZNF572	NA	0	3275	0
ZNF573	NA	14	2707	0.241345
ZNF574	NA	993	3131	14.8001
ZNF575	NA	18	1711	0.490932
ZNF576	NA	184	2057	4.17429
ZNF577	NA	57	3387	0.785341
ZNF578	NA	27	6741	0.186912
ZNF579	NA	1397	2168	30.0702
ZNF580	NA	1145	1577	33.8823
ZNF581	NA	931	1226	35.4371
ZNF582	NA	28	2297	0.568847
ZNF582-AS1	NA	20	2061	0.452846
ZNF583	NA	97	2666	1.69789
ZNF584	NA	346	2259	7.14757
ZNF585A	NA	273	7090	1.79686
ZNF585B	NA	196	6210	1.47287
ZNF586	NA	228	2270	4.68714
ZNF587	NA	667	6937	4.48697
ZNF587B	NA	187	3340	2.61273
ZNF589	NA	442	3364	6.13148
ZNF592	NA	999	8179	5.69986
ZNF593	NA	511	649	36.743
ZNF594	NA	296	4877	2.83229
ZNF595	NA	292	3007	4.53156
ZNF596	NA	234	3134	3.4843
ZNF597	NA	100	5508	0.847237
ZNF598	NA	1772	3369	24.5449
ZNF599	NA	70	3115	1.04867
ZNF600	NA	79	2547	1.44743
ZNF605	NA	550	6308	4.06883
ZNF606	NA	340	4225	3.75535
ZNF607	NA	280	4538	2.87934
ZNF608	NA	1531	5645	12.6564
ZNF609	NA	1550	8617	8.3941
ZNF610	NA	10	2382	0.19591
ZNF611	NA	95	4713	0.940643
ZNF613	NA	204	2439	3.90317
ZNF614	NA	222	4676	2.21553
ZNF615	NA	3	4092	0.0342125
ZNF616	NA	185	3047	2.83334
ZNF618	NA	467	9113	2.39141
ZNF619	NA	143	4184	1.59494
ZNF620	NA	227	2838	3.73261
ZNF621	NA	732	8483	4.0268
ZNF622	NA	1333	1692	36.7645
ZNF623	NA	492	4334	5.29755
ZNF624	NA	50	4244	0.549786
ZNF625	NA	60	1695	1.65189
ZNF625-ZNF20	NA	179	3415	2.44603
ZNF626	NA	99	6834	0.676019
ZNF627	NA	363	3019	5.61103
ZNF628	NA	273	3847	3.31161
ZNF629	NA	2363	6087	18.1159
ZNF630	NA	0	2908	0
ZNF630-AS1	NA	0	395	0
ZNF638	NA	3121	6840	21.293
ZNF639	NA	667	3361	9.26096
ZNF641	NA	505	4684	5.03122
ZNF644	NA	789	6001	6.13553
ZNF645	NA	0	1547	0
ZNF646	NA	620	6208	4.66057
ZNF648	NA	3	3649	0.038366
ZNF649	NA	53	3227	0.766435
ZNF649-AS1	NA	10	580	0.804583
ZNF652	NA	804	11553	3.24758
ZNF653	NA	252	2240	5.2499
ZNF654	NA	197	4957	1.85458
ZNF655	NA	1114	6092	8.53344
ZNF658	NA	348	4025	4.03471
ZNF658B	NA	549	8056	3.18018
ZNF660	NA	5	2205	0.105818
ZNF662	NA	7	5885	0.0555073
ZNF663P	NA	0	1151	0
ZNF664	NA	3160	4324	34.1036
ZNF664-FAM101A	NA	66	2413	1.2764
ZNF665	NA	3	3291	0.0425395
ZNF667	NA	442	4462	4.62265
ZNF667-AS1	NA	769	1782	20.138
ZNF668	NA	412	3935	4.88597
ZNF669	NA	153	1980	3.60599
ZNF670	NA	136	4198	1.5118
ZNF670-ZNF695	NA	68	1119	2.83581
ZNF671	NA	1	2434	0.0191725
ZNF672	NA	1181	3091	17.8299
ZNF674	NA	126	4091	1.43727
ZNF674-AS1	NA	113	2148	2.45495
ZNF675	NA	181	2209	3.82368
ZNF676	NA	6	2934	0.0954311
ZNF677	NA	0	3493	0
ZNF678	NA	132	8940	0.689025
ZNF679	NA	0	1567	0
ZNF680	NA	145	4912	1.37755
ZNF681	NA	113	6497	0.811642
ZNF682	NA	12	3290	0.17021
ZNF683	NA	1	1732	0.0269433
ZNF684	NA	31	2097	0.689862
ZNF687	NA	714	5534	6.02085
ZNF688	NA	135	1827	3.44821
ZNF689	NA	480	3876	5.77905
ZNF69	NA	109	1659	3.06605
ZNF691	NA	347	1912	8.46916
ZNF692	NA	576	2383	11.2797
ZNF695	NA	103	3756	1.27971
ZNF696	NA	300	4684	2.98884
ZNF697	NA	321	5080	2.94876
ZNF699	NA	21	2094	0.467995
ZNF7	NA	699	3815	8.5503
ZNF70	NA	0	4018	0
ZNF700	NA	492	2901	7.91437
ZNF701	NA	35	5596	0.29187
ZNF702P	NA	0	2997	0
ZNF703	NA	3073	3349	42.8199
ZNF704	NA	84	14386	0.272482
ZNF705A	NA	27	3438	0.366485
ZNF705B	NA	3	1207	0.115988
ZNF705D	NA	8	3683	0.101365
ZNF705E	NA	17	3441	0.230549
ZNF705G	NA	0	925	0
ZNF706	NA	2111	3115	31.6249
ZNF707	NA	463	3320	6.50791
ZNF708	NA	143	4215	1.58321
ZNF709	NA	83	4899	0.790623
ZNF71	NA	396	3127	5.90971
ZNF710	NA	439	4518	4.53437
ZNF711	NA	2	4167	0.0223978
ZNF713	NA	59	4537	0.606851
ZNF714	NA	253	8813	1.33966
ZNF716	NA	0	5210	0
ZNF717	NA	130	3988	1.5212
ZNF718	NA	127	5418	1.09386
ZNF720	NA	329	2774	5.53462
ZNF721	NA	591	4692	5.87798
ZNF724P	NA	8	568	0.657265
ZNF726	NA	7	1964	0.166324
ZNF727	NA	0	1679	0
ZNF728	NA	5	2632	0.0886508
ZNF729	NA	3	3835	0.0365052
ZNF730	NA	20	2367	0.394303
ZNF732	NA	42	2179	0.899478
ZNF733P	NA	0	1766	0
ZNF735	NA	1	1239	0.0376641
ZNF736	NA	0	9429	0
ZNF737	NA	9	8391	0.0500527
ZNF738	NA	199	11721	0.792295
ZNF74	NA	487	4040	5.62531
ZNF740	NA	857	4256	9.39676
ZNF746	NA	793	3800	9.73842
ZNF747	NA	0	3559	0
ZNF749	NA	125	2929	1.99154
ZNF750	NA	0	3191	0
ZNF75A	NA	702	2675	12.2465
ZNF75D	NA	398	6775	2.7414
ZNF76	NA	372	2676	6.48717
ZNF761	NA	479	4689	4.7671
ZNF763	NA	44	2623	0.782804
ZNF764	NA	280	2796	4.67326
ZNF765	NA	175	4577	1.78425
ZNF766	NA	334	2975	5.23912
ZNF767P	NA	495	3791	6.09327
ZNF768	NA	2426	2315	48.9033
ZNF77	NA	159	2040	3.63719
ZNF770	NA	1815	5448	15.5467
ZNF771	NA	365	1455	11.7065
ZNF772	NA	46	5419	0.39613
ZNF773	NA	205	2906	3.29198
ZNF774	NA	40	1838	1.01558
ZNF775	NA	967	2275	19.8355
ZNF776	NA	330	5292	2.91
ZNF777	NA	986	3072	14.978
ZNF778	NA	170	3608	2.19878
ZNF780A	NA	321	7507	1.99543
ZNF780B	NA	380	8664	2.04675
ZNF781	NA	16	3142	0.237636
ZNF782	NA	97	3313	1.36631
ZNF783	NA	923	4455	9.66836
ZNF784	NA	256	1996	5.98519
ZNF785	NA	4	3265	0.057171
ZNF786	NA	262	3268	3.74126
ZNF787	NA	1388	2024	32.002
ZNF788	NA	0	3769	0
ZNF789	NA	215	1766	5.68128
ZNF79	NA	214	2302	4.33818
ZNF790	NA	20	2853	0.327135
ZNF790-AS1	NA	0	1054	0
ZNF791	NA	177	2495	3.31056
ZNF792	NA	76	3888	0.912192
ZNF793	NA	1	7121	0.00655326
ZNF793-AS1	NA	0	876	0
ZNF799	NA	193	2588	3.4801
ZNF8	NA	159	2210	3.3574
ZNF80	NA	0	2946	0
ZNF800	NA	130	4489	1.35143
ZNF804A	NA	0	4685	0
ZNF804B	NA	0	4684	0
ZNF805	NA	337	10126	1.55307
ZNF806	NA	0	1867	0
ZNF808	NA	39	3311	0.549673
ZNF81	NA	64	7859	0.380024
ZNF812	NA	16	2011	0.371284
ZNF813	NA	37	4188	0.412281
ZNF814	NA	344	6283	2.555
ZNF815P	NA	28	2821	0.463184
ZNF816	NA	84	2757	1.42181
ZNF816-ZNF321P	NA	17	2680	0.296014
ZNF818P	NA	0	3155	0
ZNF821	NA	173	2268	3.5596
ZNF823	NA	365	2459	6.92681
ZNF826P	NA	0	636	0
ZNF827	NA	101	7797	0.604495
ZNF829	NA	0	5247	0
ZNF83	NA	1241	3413	16.9681
ZNF830	NA	744	1657	20.9531
ZNF831	NA	0	9403	0
ZNF833P	NA	39	2000	0.909983
ZNF835	NA	1	2774	0.0168226
ZNF836	NA	32	3333	0.448036
ZNF837	NA	163	2033	3.74153
ZNF839	NA	465	4305	5.04056
ZNF84	NA	1092	14872	3.42651
ZNF841	NA	2	3876	0.0240794
ZNF843	NA	3	2013	0.0695466
ZNF844	NA	16	2834	0.263463
ZNF845	NA	214	4311	2.31651
ZNF846	NA	90	2133	1.96902
ZNF847P	NA	0	258	0
ZNF85	NA	105	3611	1.35694
ZNF850	NA	110	7721	0.664841
ZNF852	NA	210	1970	4.97453
ZNF853	NA	412	3578	5.37348
ZNF860	NA	88	3206	1.28091
ZNF862	NA	247	6897	1.67123
ZNF865	NA	842	4949	7.9395
ZNF876P	NA	66	2607	1.18141
ZNF878	NA	37	1762	0.979929
ZNF879	NA	54	2604	0.967724
ZNF880	NA	4	2262	0.0825213
ZNF883	NA	5	2379	0.0980786
ZNF890P	NA	7	1614	0.202392
ZNF891	NA	99	2303	2.00604
ZNF90	NA	1	3753	0.0124343
ZNF91	NA	270	5489	2.29546
ZNF92	NA	176	3342	2.45756
ZNF93	NA	8	2794	0.133617
ZNF98	NA	6	2260	0.123892
ZNF99	NA	4	7881	0.0236852
ZNFX1	NA	823	7369	5.21183
ZNHIT1	NA	1385	1189	54.3584
ZNHIT2	NA	370	1336	12.9239
ZNHIT3	NA	754	2663	13.2129
ZNHIT6	NA	690	6197	5.19597
ZNRD1	NA	562	6865	3.82027
ZNRD1-AS1	NA	57	17895	0.148642
ZNRF1	NA	732	4633	7.37306
ZNRF2	NA	42	3460	0.566463
ZNRF2P1	NA	27	2034	0.619458
ZNRF2P2	NA	4	1050	0.177774
ZNRF3	NA	342	6770	2.35742
ZNRF3-AS1	NA	9	2170	0.193545
ZNRF4	NA	1	1442	0.0323619
ZP1	NA	3	1972	0.0709926
ZP2	NA	0	2749	0
ZP3	NA	110	1574	3.26127
ZP4	NA	6	2474	0.113175
ZPBP	NA	0	1226	0
ZPBP2	NA	0	2257	0
ZPLD1	NA	0	3619	0
ZPR1	NA	1149	1778	30.1569
ZRANB1	NA	976	4942	9.21607
ZRANB2	NA	1313	3145	19.4824
ZRANB2-AS1	NA	156	1676	4.34359
ZRANB2-AS2	NA	6	783	0.357592
ZRANB3	NA	294	7058	1.94386
ZRSR2	NA	316	1511	9.75936
ZSCAN1	NA	0	2054	0
ZSCAN10	NA	39	2739	0.664464
ZSCAN12	NA	197	5989	1.53501
ZSCAN12P1	NA	51	4055	0.586919
ZSCAN16	NA	0	1275	0
ZSCAN16-AS1	NA	134	2186	2.86058
ZSCAN18	NA	1516	4707	15.0298
ZSCAN2	NA	191	4406	2.02296
ZSCAN20	NA	123	4218	1.36081
ZSCAN21	NA	421	1989	9.87748
ZSCAN22	NA	225	4643	2.26143
ZSCAN23	NA	5	3161	0.0738149
ZSCAN25	NA	391	4349	4.19552
ZSCAN26	NA	512	2931	8.15179
ZSCAN29	NA	652	5607	5.42645
ZSCAN30	NA	519	4346	5.57284
ZSCAN31	NA	55	3399	0.75511
ZSCAN32	NA	393	3266	5.61533
ZSCAN4	NA	276	2246	5.73453
ZSCAN5A	NA	231	1922	5.60864
ZSCAN5B	NA	29	1626	0.832293
ZSCAN9	NA	188	1835	4.78102
ZSWIM1	NA	263	2787	4.4037
ZSWIM2	NA	0	2446	0
ZSWIM3	NA	120	2972	1.88422
ZSWIM4	NA	445	4339	4.78596
ZSWIM5	NA	175	5836	1.39933
ZSWIM6	NA	116	5503	0.983688
ZSWIM7	NA	396	2007	9.2076
ZSWIM8	NA	1113	6063	8.56656
ZSWIM8-AS1	NA	286	1460	9.14138
ZUFSP	NA	403	2211	8.5058
ZW10	NA	858	2948	13.5818
ZWILCH	NA	628	3287	8.91577
ZWINT	NA	2035	1851	51.3046
ZXDA	NA	52	5204	0.466299
ZXDB	NA	185	5642	1.53016
ZXDC	NA	726	5954	5.69019
ZYG11A	NA	198	4271	2.16339
ZYG11B	NA	521	8142	2.98611
ZYX	NA	8190	2308	165.595
ZZEF1	NA	900	11395	3.68576
ZZZ3	NA	761	6578	5.3987
